epc,ean,item_cd,category,fixture,store_id
30395DFA82F88EC000004A9F,3583787788110,2422755,accessories,GB-R3-U1,dec-fr-marseille
30395DFA82F88EC00017A5D0,3583787788110,2422755,accessories,GB-R3-U1,dec-fr-marseille
30395DFA82F88EC000428ACB,3583787788110,2422755,accessories,GB-R3-U1,dec-fr-marseille
30395DFA82F88EC000920D5F,3583787788110,2422755,accessories,GB-R3-U1,dec-fr-marseille
30395DFA82F88EC00080BE0A,3583787788110,2422755,accessories,GB-R3-U1,dec-fr-marseille
30395DFA82F88EC000941898,3583787788110,2422755,accessories,GB-R3-U1,dec-fr-marseille
30395DFA82F88EC0003C5EED,3583787788110,2422755,accessories,BR-01,dec-fr-marseille
30396062C38AF9400051A3B9,3608439287411,4336789,accessories,GB-R3-U2,dec-fr-marseille
30396062C38AF940003CE9AF,3608439287411,4336789,accessories,GB-R3-U2,dec-fr-marseille
30396062C38AF9400048E132,3608439287411,4336789,accessories,BR-02,dec-fr-marseille
30396062C38AF9C00019A9C5,3608439287435,4336788,accessories,GB-R3-U2,dec-fr-marseille
30396062C38AF9C0004E7BF9,3608439287435,4336788,accessories,GB-R3-U2,dec-fr-marseille
30396062C38AFF80006026D1,3608439287664,4336790,accessories,GB-R3-U2,dec-fr-marseille
30396062C38AFF800018B8DD,3608439287664,4336790,accessories,GB-R3-U2,dec-fr-marseille
30396062C38AFF80004B297D,3608439287664,4336790,accessories,BR-03,dec-fr-marseille
30396061C153A040005E7C2F,3608393477774,5668943,footwear,PE-02,dec-fr-marseille
30396061C153A0800048F395,3608393477781,5668944,footwear,PE-02,dec-fr-marseille
30396061C153A0C0003A67BA,3608393477798,5668945,footwear,PE-02,dec-fr-marseille
30396061C153A100000818D5,3608393477804,5668946,footwear,PE-02,dec-fr-marseille
30396061C153A140007FFAAA,3608393477811,5668947,footwear,PE-02,dec-fr-marseille
30396061C153A180004E1EAE,3608393477828,5668948,footwear,PE-02,dec-fr-marseille
30396061C1B87D8000460CFC,3608394510623,5857317,footwear,PE-02,dec-fr-marseille
30396061C1B87DC00070146D,3608394510630,5857318,footwear,PE-02,dec-fr-marseille
30396061C1B87DC000378FF6,3608394510630,5857318,footwear,PE-02,dec-fr-marseille
30396061C1B87E000022CCB4,3608394510647,5857319,footwear,PE-02,dec-fr-marseille
30396061C1B87E0000743D34,3608394510647,5857319,footwear,PE-02,dec-fr-marseille
30396061C1BE920000359A0C,3608394572881,5835605,footwear,PE-02,dec-fr-marseille
30396061C1BE92400094ADEC,3608394572898,5835606,footwear,PE-02,dec-fr-marseille
30396061C1BEA18000980B93,3608394573505,5835607,footwear,PE-02,dec-fr-marseille
30396061C1BEA18000336222,3608394573505,5835607,footwear,PE-02,dec-fr-marseille
30396061C1BEA1C000337759,3608394573512,5835608,footwear,PE-02,dec-fr-marseille
30396061C1BEA20000470793,3608394573529,5835609,footwear,PE-02,dec-fr-marseille
30396061C1BEA2400016A103,3608394573536,5844813,footwear,PE-02,dec-fr-marseille
30396061C1BEA28000709AC8,3608394573543,5844814,footwear,PE-02,dec-fr-marseille
30396061C1BEA2C0008D3603,3608394573550,5844815,footwear,PE-02,dec-fr-marseille
30396061C1BEA3000047A75D,3608394573567,5844816,footwear,PE-02,dec-fr-marseille
30396061C1BEA3400084E29E,3608394573574,5844817,footwear,PE-02,dec-fr-marseille
30396062C388AF400084A99A,3608439263972,4513667,outdoor,GB-R3-U1,dec-fr-marseille
30395DFA82E764C00024A31C,3583787612354,4170008,apparel,GB-R1-U1,dec-fr-marseille
30395DFA82E764C00074909D,3583787612354,4170008,apparel,GB-R1-U1,dec-fr-marseille
30395DFA82E765C00057A153,3583787612392,4170014,apparel,GB-R1-U1,dec-fr-marseille
30395DFA82E765C00072E5D8,3583787612392,4170014,apparel,GB-R1-U1,dec-fr-marseille
30395DFA82E765C0008C43E7,3583787612392,4170014,apparel,GB-R1-U1,dec-fr-marseille
30395DFA82E765C0007AFF78,3583787612392,4170014,apparel,GB-R1-U1,dec-fr-marseille
30395DFA82E765C00026941A,3583787612392,4170014,apparel,GB-R1-U1,dec-fr-marseille
30395DFA82E765C0004A4D10,3583787612392,4170014,apparel,GB-R1-U1,dec-fr-marseille
30395DFA82E765C00058497E,3583787612392,4170014,apparel,BR-04,dec-fr-marseille
30395DFA82E76640003CC9B4,3583787612415,4170016,apparel,GB-R1-U1,dec-fr-marseille
30395DFA82E766400078ADCD,3583787612415,4170016,apparel,GB-R1-U1,dec-fr-marseille
30395DFA82E76640005B350B,3583787612415,4170016,apparel,GB-R1-U1,dec-fr-marseille
30395DFA82E7664000144FEC,3583787612415,4170016,apparel,GB-R1-U1,dec-fr-marseille
30395DFA82E76640007FC3F6,3583787612415,4170016,apparel,BR-01,dec-fr-marseille
30395DFA82E7668000385F29,3583787612422,4170010,apparel,GB-R1-U1,dec-fr-marseille
30395DFA82E76680007166E2,3583787612422,4170010,apparel,GB-R1-U1,dec-fr-marseille
30395DFA82E76680004E9207,3583787612422,4170010,apparel,GB-R1-U1,dec-fr-marseille
30395DFA82E76680003EFE97,3583787612422,4170010,apparel,BR-02,dec-fr-marseille
30395DFA82E766C0003AA1F1,3583787612439,4170012,apparel,GB-R1-U1,dec-fr-marseille
30395DFA82E766C0008651FD,3583787612439,4170012,apparel,GB-R1-U1,dec-fr-marseille
30395DFA82E766C0003FA81F,3583787612439,4170012,apparel,GB-R1-U1,dec-fr-marseille
30395DFA82E766C000138A78,3583787612439,4170012,apparel,GB-R1-U1,dec-fr-marseille
30395DFA82E766C0006A4DEA,3583787612439,4170012,apparel,BR-03,dec-fr-marseille
30395DFA82E767C000104D32,3583787612477,4170018,apparel,GB-R1-U1,dec-fr-marseille
30395DFA82E767C0002E861A,3583787612477,4170018,apparel,GB-R1-U1,dec-fr-marseille
30395DFA82E767C0001004A8,3583787612477,4170018,apparel,GB-R1-U1,dec-fr-marseille
30395DFA82E767C0008DF95A,3583787612477,4170018,apparel,BR-04,dec-fr-marseille
30395DFA82E76840007A38E4,3583787612491,4170020,apparel,GB-R1-U1,dec-fr-marseille
30395DFA82E76840002DE8B6,3583787612491,4170020,apparel,GB-R1-U1,dec-fr-marseille
30395DFA8186A6400021D78B,3583784000253,4006892,footwear,PE-01,dec-fr-marseille
30395DFA8186A6400037DC1B,3583784000253,4006892,footwear,PE-01,dec-fr-marseille
30396062C3901EC00010404C,3608439340116,4006890,footwear,PE-01,dec-fr-marseille
30396062C3901EC000380663,3608439340116,4006890,footwear,PE-01,dec-fr-marseille
30396062C3901EC00025DA44,3608439340116,4006890,footwear,PE-01,dec-fr-marseille
30396062C3901EC000457056,3608439340116,4006890,footwear,BR-01,dec-fr-marseille
30396062C3901F00002CCD5A,3608439340123,4006891,footwear,PE-01,dec-fr-marseille
30396062C3901F00000D6933,3608439340123,4006891,footwear,PE-01,dec-fr-marseille
30396062C3901F0000264109,3608439340123,4006891,footwear,BR-02,dec-fr-marseille
30396062C3901F4000521220,3608439340130,4006888,footwear,PE-01,dec-fr-marseille
30396062C3901F4000905D1A,3608439340130,4006888,footwear,PE-01,dec-fr-marseille
30396062C3901F40008AEB7A,3608439340130,4006888,footwear,PE-01,dec-fr-marseille
30396062C3901F400091E2E7,3608439340130,4006888,footwear,PE-01,dec-fr-marseille
30396062C3901F400019E01A,3608439340130,4006888,footwear,BR-03,dec-fr-marseille
30396062C3901F80002A1ADD,3608439340147,4006889,footwear,PE-01,dec-fr-marseille
30396062C3901F80003510E6,3608439340147,4006889,footwear,PE-01,dec-fr-marseille
30396062C3901F80002E281C,3608439340147,4006889,footwear,PE-01,dec-fr-marseille
30396062C3901F800092591C,3608439340147,4006889,footwear,PE-01,dec-fr-marseille
30396062C3901F80005E88D2,3608439340147,4006889,footwear,BR-04,dec-fr-marseille
30396062C3901FC00062898A,3608439340154,4006886,footwear,PE-01,dec-fr-marseille
30396062C3901FC0007F3B7D,3608439340154,4006886,footwear,PE-01,dec-fr-marseille
30396062C39020000059E44C,3608439340161,4006887,footwear,PE-01,dec-fr-marseille
30396062C390200000413916,3608439340161,4006887,footwear,PE-01,dec-fr-marseille
30396062C39020000024A24A,3608439340161,4006887,footwear,BR-01,dec-fr-marseille
30396061C048F9C0000C4E69,3608390747276,5065655,apparel,GB-R1-U2,dec-fr-marseille
30396061C048F9C000496F04,3608390747276,5065655,apparel,GB-R1-U2,dec-fr-marseille
30396061C048FA000049C754,3608390747283,5065656,apparel,GB-R1-U2,dec-fr-marseille
30396061C048FA00004D982E,3608390747283,5065656,apparel,GB-R1-U2,dec-fr-marseille
30396061C048FA00001719FE,3608390747283,5065656,apparel,BR-02,dec-fr-marseille
30396061C048FA400058A3CD,3608390747290,5065657,apparel,GB-R1-U2,dec-fr-marseille
30396061C048FA400015348C,3608390747290,5065657,apparel,GB-R1-U2,dec-fr-marseille
30396061C048FA400062D6EA,3608390747290,5065657,apparel,GB-R1-U2,dec-fr-marseille
30396061C048FA4000260F90,3608390747290,5065657,apparel,GB-R1-U2,dec-fr-marseille
30396061C048FA4000564B83,3608390747290,5065657,apparel,GB-R1-U2,dec-fr-marseille
30396061C048FA40007C95E3,3608390747290,5065657,apparel,BR-03,dec-fr-marseille
30396061C0490E80008A02FE,3608390748105,5065658,apparel,GB-R1-U2,dec-fr-marseille
30396061C0490E800053F6A8,3608390748105,5065658,apparel,GB-R1-U2,dec-fr-marseille
30396061C0490E800000412D,3608390748105,5065658,apparel,GB-R1-U2,dec-fr-marseille
30396061C0490E800044851C,3608390748105,5065658,apparel,GB-R1-U2,dec-fr-marseille
30396061C0490E8000276B80,3608390748105,5065658,apparel,BR-04,dec-fr-marseille
30396061C0490EC000869DE7,3608390748112,5065659,apparel,GB-R1-U2,dec-fr-marseille
30396061C0490EC0003F5899,3608390748112,5065659,apparel,GB-R1-U2,dec-fr-marseille
30396061C0490EC00007C47D,3608390748112,5065659,apparel,GB-R1-U2,dec-fr-marseille
30396061C0490EC00032229F,3608390748112,5065659,apparel,BR-01,dec-fr-marseille
30396061C0490F0000330B93,3608390748129,5065660,apparel,GB-R1-U2,dec-fr-marseille
30396061C0490F000066DD96,3608390748129,5065660,apparel,GB-R1-U2,dec-fr-marseille
30395DFA830040C0007C2B53,3583787866917,2959113,apparel,GB-R3-U1,dec-fr-marseille
30395DFA830040C0002E931E,3583787866917,2959113,apparel,GB-R3-U1,dec-fr-marseille
30395DFA830040C00090A152,3583787866917,2959113,apparel,BR-02,dec-fr-marseille
30395DFA83004100005A4150,3583787866924,2959112,apparel,GB-R3-U1,dec-fr-marseille
30395DFA83004100007C5A48,3583787866924,2959112,apparel,GB-R3-U1,dec-fr-marseille
30395DFA830041000056A7D6,3583787866924,2959112,apparel,BR-03,dec-fr-marseille
30395DFA8300414000200241,3583787866931,2959115,apparel,GB-R3-U1,dec-fr-marseille
30395DFA83004180007EAC3D,3583787866948,2959114,apparel,GB-R3-U1,dec-fr-marseille
30395DFA8300418000704887,3583787866948,2959114,apparel,GB-R3-U1,dec-fr-marseille
30395DFA83004200001E6BBE,3583787866962,2959116,apparel,GB-R3-U1,dec-fr-marseille
30395DFA8300424000213706,3583787866979,2959118,apparel,GB-R3-U1,dec-fr-marseille
30395DFA83004280003EEFE0,3583787866986,2959110,apparel,GB-R3-U1,dec-fr-marseille
30395DFA8300428000875270,3583787866986,2959110,apparel,GB-R3-U1,dec-fr-marseille
30395DFA830042C0007D8019,3583787866993,2959111,apparel,GB-R3-U1,dec-fr-marseille
30395DFA830042C00078C0F0,3583787866993,2959111,apparel,GB-R3-U1,dec-fr-marseille
30395DFA830042C000540F01,3583787866993,2959111,apparel,BR-04,dec-fr-marseille
30396062C392A8000061891D,3608439366086,2938498,footwear,PW-01,dec-fr-marseille
30396062C392A800002883EB,3608439366086,2938498,footwear,PW-01,dec-fr-marseille
30396062C392A84000494BA2,3608439366093,2938497,footwear,PW-01,dec-fr-marseille
30396062C392A880003ED0BA,3608439366109,2938499,footwear,PW-01,dec-fr-marseille
30396062C392A880006E63B7,3608439366109,2938499,footwear,PW-01,dec-fr-marseille
30396062C392A8C00070D572,3608439366116,2938500,footwear,PW-01,dec-fr-marseille
30396062C392A8C0007E0EA6,3608439366116,2938500,footwear,PW-01,dec-fr-marseille
30396062C392A8C000723889,3608439366116,2938500,footwear,BR-01,dec-fr-marseille
30396062C392A900003D3483,3608439366123,2938501,footwear,PW-01,dec-fr-marseille
30396062C392A90000569BD3,3608439366123,2938501,footwear,PW-01,dec-fr-marseille
30396062C392A9000069A98D,3608439366123,2938501,footwear,BR-02,dec-fr-marseille
30396062C392A94000977921,3608439366130,2938502,footwear,PW-01,dec-fr-marseille
30396062C392A94000841683,3608439366130,2938502,footwear,PW-01,dec-fr-marseille
30396062C392A9400095FE1F,3608439366130,2938502,footwear,BR-03,dec-fr-marseille
30396062C392A980004BDA56,3608439366147,2938503,footwear,PW-01,dec-fr-marseille
30396062C392A98000651680,3608439366147,2938503,footwear,PW-01,dec-fr-marseille
30396062C392A9C000108F64,3608439366154,2938504,footwear,PW-01,dec-fr-marseille
30395DFA82DA8380005CE154,3583787480465,4452334,bag_pack,GF-R1-U1,dec-fr-marseille
30395DFA82DA83800053CEBB,3583787480465,4452334,bag_pack,GF-R1-U1,dec-fr-marseille
30395DFA82DA838000755E39,3583787480465,4452334,bag_pack,GF-R1-U1,dec-fr-marseille
30395DFA82DA83800066B45E,3583787480465,4452334,bag_pack,GF-R1-U1,dec-fr-marseille
30395DFA82DA83800050223A,3583787480465,4452334,bag_pack,GF-R1-U1,dec-fr-marseille
30395DFA82DA8380003533FE,3583787480465,4452334,bag_pack,GF-R1-U1,dec-fr-marseille
30395DFA82DA838000112696,3583787480465,4452334,bag_pack,BR-04,dec-fr-marseille
30395DFA82B65440005E650B,3583787109939,4193718,apparel,GB-R3-U2,dec-fr-marseille
30395DFA82B65440005F610B,3583787109939,4193718,apparel,GB-R3-U2,dec-fr-marseille
30395DFA82B654C000406B27,3583787109953,4193719,apparel,GB-R3-U2,dec-fr-marseille
30395DFA82B654C0008FB291,3583787109953,4193719,apparel,GB-R3-U2,dec-fr-marseille
30395DFA82B65540000F4CF0,3583787109977,4193720,apparel,GB-R3-U2,dec-fr-marseille
30395DFA82B655400026B098,3583787109977,4193720,apparel,GB-R3-U2,dec-fr-marseille
30395DFA82B655400018F93A,3583787109977,4193720,apparel,GB-R3-U2,dec-fr-marseille
30395DFA82B65540008426AF,3583787109977,4193720,apparel,BR-01,dec-fr-marseille
30395DFA82B6558000121168,3583787109984,4193721,apparel,GB-R3-U2,dec-fr-marseille
30395DFA82B65580001E0A92,3583787109984,4193721,apparel,GB-R3-U2,dec-fr-marseille
30395DFA82B6558000468C5A,3583787109984,4193721,apparel,GB-R3-U2,dec-fr-marseille
30395DFA82B65580008C1BAF,3583787109984,4193721,apparel,BR-02,dec-fr-marseille
30395DFA82B655C0006C75E7,3583787109991,4193722,apparel,GB-R3-U2,dec-fr-marseille
30395DFA82B655C000550A7E,3583787109991,4193722,apparel,GB-R3-U2,dec-fr-marseille
30395DFA82B6560000821548,3583787110003,4193723,apparel,GB-R3-U2,dec-fr-marseille
30395DFA82B6564000682DFD,3583787110010,4193724,apparel,GB-R3-U2,dec-fr-marseille
30395DFA82B65700001F225F,3583787110041,4193726,apparel,GB-R3-U2,dec-fr-marseille
30396062C3851FC0007E3C00,3608439227516,2758216,footwear,PE-01,dec-fr-marseille
30396062C3851FC0004CE941,3608439227516,2758216,footwear,PE-01,dec-fr-marseille
30396062C3851FC0005F311F,3608439227516,2758216,footwear,PE-01,dec-fr-marseille
30396062C3851FC0001BF6FA,3608439227516,2758216,footwear,PE-01,dec-fr-marseille
30396062C3851FC000550B50,3608439227516,2758216,footwear,BR-03,dec-fr-marseille
30396062C3852000008EDC66,3608439227523,2758217,footwear,PE-01,dec-fr-marseille
30396062C385200000652B18,3608439227523,2758217,footwear,PE-01,dec-fr-marseille
30396062C385200000529449,3608439227523,2758217,footwear,PE-01,dec-fr-marseille
30396062C38520000032B174,3608439227523,2758217,footwear,PE-01,dec-fr-marseille
30396062C3852000003B2211,3608439227523,2758217,footwear,BR-04,dec-fr-marseille
30396062C3852040003F764C,3608439227530,2758214,footwear,PE-01,dec-fr-marseille
30396062C3852040007212FA,3608439227530,2758214,footwear,PE-01,dec-fr-marseille
30396062C38520800089AB71,3608439227547,2758215,footwear,PE-01,dec-fr-marseille
30396062C3852080008FAD24,3608439227547,2758215,footwear,PE-01,dec-fr-marseille
30396062C3852080001765F7,3608439227547,2758215,footwear,PE-01,dec-fr-marseille
30396062C3852080007EB3DF,3608439227547,2758215,footwear,BR-01,dec-fr-marseille
30396062C38520C0005AAFE0,3608439227554,2758220,footwear,PE-01,dec-fr-marseille
30396062C38520C000549D9F,3608439227554,2758220,footwear,PE-01,dec-fr-marseille
30396062C385210000733D81,3608439227561,2758218,footwear,PE-01,dec-fr-marseille
30396062C385210000952BE5,3608439227561,2758218,footwear,PE-01,dec-fr-marseille
30396062C3852100003AC9B8,3608439227561,2758218,footwear,PE-01,dec-fr-marseille
30396062C385210000032CD4,3608439227561,2758218,footwear,BR-02,dec-fr-marseille
30396062C3852140008B3D19,3608439227578,2758219,footwear,PE-01,dec-fr-marseille
30396062C385214000857315,3608439227578,2758219,footwear,PE-01,dec-fr-marseille
30396062C385214000794478,3608439227578,2758219,footwear,PE-01,dec-fr-marseille
30396062C38521400055F870,3608439227578,2758219,footwear,BR-03,dec-fr-marseille
30396062C39671C0008A96D2,3608439404870,2470579,footwear,PW-01,dec-fr-marseille
30396062C39671C00014B692,3608439404870,2470579,footwear,PW-01,dec-fr-marseille
30396062C3967200007F54AA,3608439404887,2470589,footwear,PW-01,dec-fr-marseille
30396062C396720000740417,3608439404887,2470589,footwear,PW-01,dec-fr-marseille
30396062C3967200006D9FC2,3608439404887,2470589,footwear,BR-04,dec-fr-marseille
30396062C39672400047F12B,3608439404894,2470591,footwear,PW-01,dec-fr-marseille
30396062C3967240002F1493,3608439404894,2470591,footwear,PW-01,dec-fr-marseille
30396062C396728000217977,3608439404900,2470585,footwear,PW-01,dec-fr-marseille
30396062C39672800068C8D0,3608439404900,2470585,footwear,PW-01,dec-fr-marseille
30396062C396728000164BA6,3608439404900,2470585,footwear,PW-01,dec-fr-marseille
30396062C3967280000BF562,3608439404900,2470585,footwear,PW-01,dec-fr-marseille
30396062C3967280003D5A3B,3608439404900,2470585,footwear,BR-01,dec-fr-marseille
30396062C39672C0004C09B6,3608439404917,2470587,footwear,PW-01,dec-fr-marseille
30396062C39672C000246902,3608439404917,2470587,footwear,PW-01,dec-fr-marseille
30396062C39672C000110B73,3608439404917,2470587,footwear,PW-01,dec-fr-marseille
30396062C39672C0002F92B9,3608439404917,2470587,footwear,BR-02,dec-fr-marseille
30396062C3967300008F2649,3608439404924,2470581,footwear,PW-01,dec-fr-marseille
30396062C39673000029C07C,3608439404924,2470581,footwear,PW-01,dec-fr-marseille
30396062C3967300002DC6C5,3608439404924,2470581,footwear,PW-01,dec-fr-marseille
30396062C3967300006763E3,3608439404924,2470581,footwear,BR-03,dec-fr-marseille
30396062C39673400087902E,3608439404931,2470583,footwear,PW-01,dec-fr-marseille
30396062C396734000621230,3608439404931,2470583,footwear,PW-01,dec-fr-marseille
30396062C39673400011478F,3608439404931,2470583,footwear,PW-01,dec-fr-marseille
30396062C39673400039980F,3608439404931,2470583,footwear,PW-01,dec-fr-marseille
30396062C39673400078D509,3608439404931,2470583,footwear,BR-04,dec-fr-marseille
30395DFA82F8E40000862BAB,3583787791523,4017765,accessories,ACC-01,dec-fr-marseille
30395DFA82F8E4000070B2FA,3583787791523,4017765,accessories,ACC-01,dec-fr-marseille
30395DFA82F8E40000197D2C,3583787791523,4017765,accessories,ACC-01,dec-fr-marseille
30395DFA82F8E4000075675B,3583787791523,4017765,accessories,ACC-01,dec-fr-marseille
30395DFA82F8E400004DFFD5,3583787791523,4017765,accessories,ACC-01,dec-fr-marseille
30395DFA82F8E4000037EA27,3583787791523,4017765,accessories,ACC-01,dec-fr-marseille
30395DFA82F8E40000642178,3583787791523,4017765,accessories,ACC-01,dec-fr-marseille
30395DFA82F8E400007D9B20,3583787791523,4017765,accessories,ACC-01,dec-fr-marseille
30395DFA82F8E400001C8A9A,3583787791523,4017765,accessories,ACC-01,dec-fr-marseille
30395DFA82F8E400003477BD,3583787791523,4017765,accessories,BR-01,dec-fr-marseille
30395DFA82F8E400006BC3AA,3583787791523,4017765,accessories,BR-02,dec-fr-marseille
30396061C01B7000004E6C72,3608390280964,4899397,accessories,GB-R2-U1,dec-fr-marseille
30396061C01B7000008AF710,3608390280964,4899397,accessories,GB-R2-U1,dec-fr-marseille
30396061C01B704000669C27,3608390280971,4899398,accessories,GB-R2-U1,dec-fr-marseille
30396061C01B7080008F244E,3608390280988,4899399,accessories,GB-R2-U1,dec-fr-marseille
30396061C01B7080008466A7,3608390280988,4899399,accessories,GB-R2-U1,dec-fr-marseille
30395DFA80CC2E80007B8148,3583782090829,1033680,apparel,GF-R3-U1,dec-fr-marseille
30395DFA80CC2E8000940454,3583782090829,1033680,apparel,GF-R3-U1,dec-fr-marseille
30395DFA80CC2EC00065B29A,3583782090836,1033681,apparel,GF-R3-U1,dec-fr-marseille
30395DFA80CC2EC0002FF06E,3583782090836,1033681,apparel,GF-R3-U1,dec-fr-marseille
30395DFA80CC2EC0002999E9,3583782090836,1033681,apparel,BR-03,dec-fr-marseille
30395DFA80CC2F0000791020,3583782090843,1033682,apparel,GF-R3-U1,dec-fr-marseille
30395DFA80CC2F000079136A,3583782090843,1033682,apparel,GF-R3-U1,dec-fr-marseille
30395DFA80CC2F000083469E,3583782090843,1033682,apparel,GF-R3-U1,dec-fr-marseille
30395DFA80CC2F00008F9225,3583782090843,1033682,apparel,GF-R3-U1,dec-fr-marseille
30395DFA80CC2F0000000AD4,3583782090843,1033682,apparel,BR-04,dec-fr-marseille
30395DFA80CC2F40005F8FAE,3583782090850,1033683,apparel,GF-R3-U1,dec-fr-marseille
30395DFA80CC2F40006802C6,3583782090850,1033683,apparel,GF-R3-U1,dec-fr-marseille
30395DFA80CC2F4000081336,3583782090850,1033683,apparel,GF-R3-U1,dec-fr-marseille
30395DFA80CC2F40000F261A,3583782090850,1033683,apparel,GF-R3-U1,dec-fr-marseille
30395DFA80CC2F40002BDEC4,3583782090850,1033683,apparel,BR-01,dec-fr-marseille
30395DFA80CC2F80007D55D7,3583782090867,1033684,apparel,GF-R3-U1,dec-fr-marseille
30395DFA80CC2F80001BA438,3583782090867,1033684,apparel,GF-R3-U1,dec-fr-marseille
30395DFA80CC2F8000925DF6,3583782090867,1033684,apparel,BR-02,dec-fr-marseille
30395DFA80CC2FC00070982C,3583782090874,1033685,apparel,GF-R3-U1,dec-fr-marseille
30396062C394E78000340E0D,3608439389108,2611395,outdoor,GB-R3-U2,dec-fr-marseille
30396062C394E780003E2B4A,3608439389108,2611395,outdoor,GB-R3-U2,dec-fr-marseille
30395DFA83119D4000036AD1,3583788044697,2648470,accessories,GB-R3-U1,dec-fr-marseille
30395DFA83119D40000802F3,3583788044697,2648470,accessories,GB-R3-U1,dec-fr-marseille
30395DFA83119D400021D7D1,3583788044697,2648470,accessories,BR-03,dec-fr-marseille
30395DFA83119DC0003C7F9C,3583788044710,2648471,accessories,GB-R3-U1,dec-fr-marseille
30395DFA83119DC00077C874,3583788044710,2648471,accessories,GB-R3-U1,dec-fr-marseille
30395DFA83119DC0006D2DE3,3583788044710,2648471,accessories,BR-04,dec-fr-marseille
30396062C38B04800045FA78,3608439287862,4335209,bag_pack,GF-R3-U1,dec-fr-marseille
30396062C38B04800089343C,3608439287862,4335209,bag_pack,GF-R3-U1,dec-fr-marseille
30396062C38B048000803D02,3608439287862,4335209,bag_pack,GF-R3-U1,dec-fr-marseille
30396062C38B048000092C18,3608439287862,4335209,bag_pack,BR-01,dec-fr-marseille
30395DFA8037C800003BB834,3583780571207,522209,outdoor,GF-R3-U1,dec-fr-marseille
30395DFA8037C80000134128,3583780571207,522209,outdoor,GF-R3-U1,dec-fr-marseille
30395DFA82EF33C000144C34,3583787692318,4032265,apparel,GF-R1-U1,dec-fr-marseille
30395DFA82EF3400007DB614,3583787692325,4032266,apparel,GF-R1-U1,dec-fr-marseille
30395DFA82EF340000320BC1,3583787692325,4032266,apparel,GF-R1-U1,dec-fr-marseille
30395DFA82EF3440005458DA,3583787692332,4032267,apparel,GF-R1-U1,dec-fr-marseille
30395DFA82EF3480007678E8,3583787692349,4032268,apparel,GF-R1-U1,dec-fr-marseille
30396061C05BF740003733D2,3608390941735,5133912,apparel,GF-R1-U1,dec-fr-marseille
30396061C05BF7800081BC0D,3608390941742,5133913,apparel,GF-R1-U1,dec-fr-marseille
30396061C05BF7C00044CF5B,3608390941759,5133914,apparel,GF-R1-U1,dec-fr-marseille
30396061C05BF8000068E2DE,3608390941766,5133915,apparel,GF-R1-U1,dec-fr-marseille
30396061C05C04000008AD83,3608390942244,5133887,apparel,GF-R1-U1,dec-fr-marseille
30396061C05C0440005147D5,3608390942251,5133888,apparel,GF-R1-U1,dec-fr-marseille
30396061C05C048000963D9C,3608390942268,5133889,apparel,GF-R1-U1,dec-fr-marseille
30396061C05C04C00080BB72,3608390942275,5133890,apparel,GF-R1-U1,dec-fr-marseille
30396061C05C04C000010CF0,3608390942275,5133890,apparel,GF-R1-U1,dec-fr-marseille
30396061C05C050000287634,3608390942282,5133891,apparel,GF-R1-U1,dec-fr-marseille
30396061C05C0540003D08E9,3608390942299,5133892,apparel,GF-R1-U1,dec-fr-marseille
30396061C05C0B00002984A4,3608390942527,5133897,apparel,GF-R1-U1,dec-fr-marseille
30396061C05C0B40007D8986,3608390942534,5133898,apparel,GF-R1-U1,dec-fr-marseille
30396061C05C0B80006E1B67,3608390942541,5133899,apparel,GF-R1-U1,dec-fr-marseille
30396061C05C0BC0000E611F,3608390942558,5133900,apparel,GF-R1-U1,dec-fr-marseille
30396061C04A8700007FE004,3608390763160,5075158,apparel,GF-R1-U2,dec-fr-marseille
30396061C04A8700002E61E3,3608390763160,5075158,apparel,GF-R1-U2,dec-fr-marseille
30396061C04A87000029F2AF,3608390763160,5075158,apparel,GF-R1-U2,dec-fr-marseille
30396061C04A87000001E4DD,3608390763160,5075158,apparel,GF-R1-U2,dec-fr-marseille
30396061C04A8700004F104E,3608390763160,5075158,apparel,BR-02,dec-fr-marseille
30396061C04A87400046F256,3608390763177,5075159,apparel,GF-R1-U2,dec-fr-marseille
30396061C04A874000592665,3608390763177,5075159,apparel,GF-R1-U2,dec-fr-marseille
30396061C04A874000737F58,3608390763177,5075159,apparel,GF-R1-U2,dec-fr-marseille
30396061C04A874000254EA2,3608390763177,5075159,apparel,GF-R1-U2,dec-fr-marseille
30396061C04A874000935A2B,3608390763177,5075159,apparel,GF-R1-U2,dec-fr-marseille
30396061C04A87400020EE26,3608390763177,5075159,apparel,GF-R1-U2,dec-fr-marseille
30396061C04A8740000A85D7,3608390763177,5075159,apparel,GF-R1-U2,dec-fr-marseille
30396061C04A8740003DED3F,3608390763177,5075159,apparel,BR-03,dec-fr-marseille
30396061C04A878000470FA4,3608390763184,5075160,apparel,GF-R1-U2,dec-fr-marseille
30396061C04A878000169F8B,3608390763184,5075160,apparel,GF-R1-U2,dec-fr-marseille
30396061C04A87800041EBD5,3608390763184,5075160,apparel,GF-R1-U2,dec-fr-marseille
30396061C04A878000472A63,3608390763184,5075160,apparel,GF-R1-U2,dec-fr-marseille
30396061C04A878000924632,3608390763184,5075160,apparel,GF-R1-U2,dec-fr-marseille
30396061C04A878000224201,3608390763184,5075160,apparel,GF-R1-U2,dec-fr-marseille
30396061C04A87800015275D,3608390763184,5075160,apparel,BR-04,dec-fr-marseille
30396061C04A87C000957D71,3608390763191,5075161,apparel,GF-R1-U2,dec-fr-marseille
30396061C04A87C00058BED0,3608390763191,5075161,apparel,GF-R1-U2,dec-fr-marseille
30396061C04A87C00001BF43,3608390763191,5075161,apparel,GF-R1-U2,dec-fr-marseille
30396061C04A87C000584A7E,3608390763191,5075161,apparel,GF-R1-U2,dec-fr-marseille
30396061C04A87C0004ED885,3608390763191,5075161,apparel,BR-01,dec-fr-marseille
30396061C04A8D000074BCC3,3608390763405,5075162,apparel,GF-R1-U2,dec-fr-marseille
30396061C04A8D00005D8555,3608390763405,5075162,apparel,GF-R1-U2,dec-fr-marseille
30396061C04A8D00003D9E9D,3608390763405,5075162,apparel,BR-02,dec-fr-marseille
30396061C130DD0000221A9E,3608393121806,5590879,apparel,GF-R3-U2,dec-fr-marseille
30396061C130DD00001BC7A1,3608393121806,5590879,apparel,GF-R3-U2,dec-fr-marseille
30396061C130DD000046A04E,3608393121806,5590879,apparel,BR-03,dec-fr-marseille
30396061C130DD400039F595,3608393121813,5590880,apparel,GF-R3-U2,dec-fr-marseille
30396061C130DD40007DD773,3608393121813,5590880,apparel,GF-R3-U2,dec-fr-marseille
30396061C130DD4000902C91,3608393121813,5590880,apparel,GF-R3-U2,dec-fr-marseille
30396061C130DD40000A7B87,3608393121813,5590880,apparel,GF-R3-U2,dec-fr-marseille
30396061C130DD40004B3908,3608393121813,5590880,apparel,GF-R3-U2,dec-fr-marseille
30396061C130DD4000440ECC,3608393121813,5590880,apparel,BR-04,dec-fr-marseille
30396061C130DD80008B0B4F,3608393121820,5590881,apparel,GF-R3-U2,dec-fr-marseille
30396061C130DD8000079F71,3608393121820,5590881,apparel,GF-R3-U2,dec-fr-marseille
30396061C130DD80005F398E,3608393121820,5590881,apparel,GF-R3-U2,dec-fr-marseille
30396061C130DD8000632347,3608393121820,5590881,apparel,GF-R3-U2,dec-fr-marseille
30396061C130DD8000376467,3608393121820,5590881,apparel,BR-01,dec-fr-marseille
30396061C130DDC000777A9F,3608393121837,5590883,apparel,GF-R3-U2,dec-fr-marseille
30396061C130DDC00034A993,3608393121837,5590883,apparel,GF-R3-U2,dec-fr-marseille
30396061C130DDC0002664E9,3608393121837,5590883,apparel,GF-R3-U2,dec-fr-marseille
30396061C130DDC0003A3ADE,3608393121837,5590883,apparel,BR-02,dec-fr-marseille
30396061C130DE000053C52B,3608393121844,5590884,apparel,GF-R3-U2,dec-fr-marseille
30396061C130DE0000164774,3608393121844,5590884,apparel,GF-R3-U2,dec-fr-marseille
30396061C130DE40000C37B6,3608393121851,5590885,apparel,GF-R3-U2,dec-fr-marseille
30395DFA82BD3C40008A6E9E,3583787180655,4316401,bag_pack,GF-R1-U2,dec-fr-marseille
30395DFA82BD3C40006037EF,3583787180655,4316401,bag_pack,GF-R1-U2,dec-fr-marseille
30395DFA82BD3C40008F378B,3583787180655,4316401,bag_pack,GF-R1-U2,dec-fr-marseille
30395DFA82BD3C40008CAF48,3583787180655,4316401,bag_pack,GF-R1-U2,dec-fr-marseille
30395DFA82BD3C400097DA9F,3583787180655,4316401,bag_pack,BR-03,dec-fr-marseille
30395DFA82DA8240002BE194,3583787480410,4006201,bag_pack,PE-03,dec-fr-marseille
30395DFA82DA8240005DB126,3583787480410,4006201,bag_pack,PE-03,dec-fr-marseille
30395DFA82DA8240001ACE19,3583787480410,4006201,bag_pack,PE-03,dec-fr-marseille
30395DFA82DA8240005320B0,3583787480410,4006201,bag_pack,PE-03,dec-fr-marseille
30395DFA82DA824000600314,3583787480410,4006201,bag_pack,PE-03,dec-fr-marseille
30395DFA82DA82400036ED89,3583787480410,4006201,bag_pack,BR-04,dec-fr-marseille
30395DFA82BA1440007C91A2,3583787148334,4330661,footwear,FB-01,dec-fr-marseille
30395DFA82BA148000322823,3583787148341,4330660,footwear,FB-01,dec-fr-marseille
30395DFA82BA14800004CD1B,3583787148341,4330660,footwear,FB-01,dec-fr-marseille
30395DFA82BA14800038A03F,3583787148341,4330660,footwear,BR-01,dec-fr-marseille
30395DFA82BA1540001CF2BB,3583787148372,4330657,footwear,FB-01,dec-fr-marseille
30395DFA82BA1540008E53EA,3583787148372,4330657,footwear,FB-01,dec-fr-marseille
30395DFA82BA154000114BF2,3583787148372,4330657,footwear,FB-01,dec-fr-marseille
30395DFA82BA15400013EAF4,3583787148372,4330657,footwear,BR-02,dec-fr-marseille
30395DFA82BA15800094670E,3583787148389,4330656,footwear,FB-01,dec-fr-marseille
30395DFA82BA1580008E687B,3583787148389,4330656,footwear,FB-01,dec-fr-marseille
30395DFA82BA15C00004737D,3583787148396,4330659,footwear,FB-01,dec-fr-marseille
30395DFA82BA15C0007112D7,3583787148396,4330659,footwear,FB-01,dec-fr-marseille
30395DFA82BA15C0008BC7EB,3583787148396,4330659,footwear,FB-01,dec-fr-marseille
30395DFA82BA15C0009840E3,3583787148396,4330659,footwear,BR-03,dec-fr-marseille
30395DFA82BA160000616683,3583787148402,4330658,footwear,FB-01,dec-fr-marseille
30395DFA82BA1600001A9666,3583787148402,4330658,footwear,FB-01,dec-fr-marseille
30395DFA82BA1600006677C4,3583787148402,4330658,footwear,FB-01,dec-fr-marseille
30395DFA82BA1600003FB85B,3583787148402,4330658,footwear,FB-01,dec-fr-marseille
30395DFA82BA1600008D007A,3583787148402,4330658,footwear,BR-04,dec-fr-marseille
30395DFA82BA17000068865D,3583787148440,4330655,footwear,FB-01,dec-fr-marseille
30396062C3959A400092AA8B,3608439396250,2705916,outdoor,GF-R3-U2,dec-fr-marseille
30396062C3959A40005EB904,3608439396250,2705916,outdoor,GF-R3-U2,dec-fr-marseille
30396062C39385000033AD8B,3608439374920,2728609,footwear,PE-01,dec-fr-marseille
30396062C393850000330406,3608439374920,2728609,footwear,PE-01,dec-fr-marseille
30396062C3938500004F8E94,3608439374920,2728609,footwear,PE-01,dec-fr-marseille
30396062C393850000878FF8,3608439374920,2728609,footwear,BR-01,dec-fr-marseille
30396062C3938540000C7C9D,3608439374937,2728610,footwear,PE-01,dec-fr-marseille
30396062C39385400088A944,3608439374937,2728610,footwear,PE-01,dec-fr-marseille
30396062C39385400056369B,3608439374937,2728610,footwear,PE-01,dec-fr-marseille
30396062C39385400067F71F,3608439374937,2728610,footwear,BR-02,dec-fr-marseille
30396062C39385800092D073,3608439374944,2728611,footwear,PE-01,dec-fr-marseille
30396062C39385800010F619,3608439374944,2728611,footwear,PE-01,dec-fr-marseille
30396062C39385C0007622A9,3608439374951,2728613,footwear,PE-01,dec-fr-marseille
30396062C39385C0002F3DE2,3608439374951,2728613,footwear,PE-01,dec-fr-marseille
30396062C3938600007A9339,3608439374968,2728614,footwear,PE-01,dec-fr-marseille
30396062C3938680003FF7FD,3608439374982,2728608,footwear,PE-01,dec-fr-marseille
30396062C39386800080D2A2,3608439374982,2728608,footwear,PE-01,dec-fr-marseille
30396062C393868000128381,3608439374982,2728608,footwear,PE-01,dec-fr-marseille
30396062C3938680000495E3,3608439374982,2728608,footwear,BR-03,dec-fr-marseille
30396062C39386C00063DFC4,3608439374999,2728607,footwear,PE-01,dec-fr-marseille
30396062C39386C00031404E,3608439374999,2728607,footwear,PE-01,dec-fr-marseille
30396062C39386C0008ECD72,3608439374999,2728607,footwear,BR-04,dec-fr-marseille
30396062C3938700002CCBF6,3608439375002,2728606,footwear,PE-01,dec-fr-marseille
30396062C39387000025B32C,3608439375002,2728606,footwear,PE-01,dec-fr-marseille
30396062C393874000439395,3608439375019,2728605,footwear,PE-01,dec-fr-marseille
30396061C0110B80002E5196,3608390174546,4513671,outdoor,GB-R3-U1,dec-fr-marseille
30396061C0110B800016F160,3608390174546,4513671,outdoor,GB-R3-U1,dec-fr-marseille
30395DFA8186404000563A71,3583783996175,2422429,apparel,GB-R3-U1,dec-fr-marseille
30396062C393E880007D0664,3608439378904,2422432,apparel,GB-R3-U1,dec-fr-marseille
30396062C393E88000732B1F,3608439378904,2422432,apparel,GB-R3-U1,dec-fr-marseille
30396062C393E8C000660BD3,3608439378911,2422431,apparel,GB-R3-U1,dec-fr-marseille
30396062C393E8C00057D1DC,3608439378911,2422431,apparel,GB-R3-U1,dec-fr-marseille
30396062C393E90000270FED,3608439378928,2422434,apparel,GB-R3-U1,dec-fr-marseille
30396062C393E900000B7524,3608439378928,2422434,apparel,GB-R3-U1,dec-fr-marseille
30396062C393E94000851B09,3608439378935,2422433,apparel,GB-R3-U1,dec-fr-marseille
30396062C3948180008359D1,3608439385025,2778462,apparel,GB-R3-U1,dec-fr-marseille
30396062C3948180003F87CA,3608439385025,2778462,apparel,GB-R3-U1,dec-fr-marseille
30396062C39481C00004281E,3608439385032,2778464,apparel,GB-R3-U1,dec-fr-marseille
30396062C394820000571A37,3608439385049,2778463,apparel,GB-R3-U1,dec-fr-marseille
30396062C39482000020D6FD,3608439385049,2778463,apparel,GB-R3-U1,dec-fr-marseille
30396062C39482400035D8C4,3608439385056,2778467,apparel,GB-R3-U1,dec-fr-marseille
30396062C39482800020891E,3608439385063,2778465,apparel,GB-R3-U1,dec-fr-marseille
30396062C3948440008D9E65,3608439385131,2778457,apparel,GB-R3-U1,dec-fr-marseille
30396062C3909900008D7830,3608439345005,2713551,footwear,PW-01,dec-fr-marseille
30396062C39099000053AB84,3608439345005,2713551,footwear,PW-01,dec-fr-marseille
30396062C3909900007867F4,3608439345005,2713551,footwear,PW-01,dec-fr-marseille
30396062C39099000006B62A,3608439345005,2713551,footwear,PW-01,dec-fr-marseille
30396062C390990000544830,3608439345005,2713551,footwear,BR-01,dec-fr-marseille
30396062C39099400012C4FD,3608439345012,2713552,footwear,PW-01,dec-fr-marseille
30396062C39099400071E128,3608439345012,2713552,footwear,PW-01,dec-fr-marseille
30396062C3909940008276FA,3608439345012,2713552,footwear,PW-01,dec-fr-marseille
30396062C390994000066878,3608439345012,2713552,footwear,BR-02,dec-fr-marseille
30396062C390998000595310,3608439345029,2713548,footwear,PW-01,dec-fr-marseille
30396062C39099800050DA37,3608439345029,2713548,footwear,PW-01,dec-fr-marseille
30396062C39099800076913B,3608439345029,2713548,footwear,BR-03,dec-fr-marseille
30396062C39099C000419E2E,3608439345036,2713549,footwear,PW-01,dec-fr-marseille
30396062C39099C00085AC19,3608439345036,2713549,footwear,PW-01,dec-fr-marseille
30396062C39099C0000088C9,3608439345036,2713549,footwear,PW-01,dec-fr-marseille
30396062C39099C0008F16F5,3608439345036,2713549,footwear,BR-04,dec-fr-marseille
30396062C3909A0000116EA8,3608439345043,2713546,footwear,PW-01,dec-fr-marseille
30396062C3909A800026BA76,3608439345067,2713547,footwear,PW-01,dec-fr-marseille
30396062C3909A80006ED040,3608439345067,2713547,footwear,PW-01,dec-fr-marseille
30396062C3909B80009810CE,3608439345104,2713555,footwear,PW-01,dec-fr-marseille
30396062C3909C0000392B8A,3608439345128,2713553,footwear,PW-01,dec-fr-marseille
30396062C3909C0000095138,3608439345128,2713553,footwear,PW-01,dec-fr-marseille
30396062C3909C40004E54F5,3608439345135,2713554,footwear,PW-01,dec-fr-marseille
30396062C3909C400082BED9,3608439345135,2713554,footwear,PW-01,dec-fr-marseille
30396062C3CA2C800067DDA2,3608439934582,1406398,apparel,GB-R3-U2,dec-fr-marseille
30396062C3CA2C8000720D93,3608439934582,1406398,apparel,GB-R3-U2,dec-fr-marseille
30396062C3CA2C8000786476,3608439934582,1406398,apparel,BR-01,dec-fr-marseille
30396062C3CA364000450DCE,3608439934971,1406394,apparel,GB-R3-U2,dec-fr-marseille
30396062C3CA36400051B61D,3608439934971,1406394,apparel,GB-R3-U2,dec-fr-marseille
30396062C3CA3640007716DE,3608439934971,1406394,apparel,GB-R3-U2,dec-fr-marseille
30396062C3CA36400022F591,3608439934971,1406394,apparel,GB-R3-U2,dec-fr-marseille
30396062C3CA36400053049D,3608439934971,1406394,apparel,GB-R3-U2,dec-fr-marseille
30396062C3CA3640004CE89F,3608439934971,1406394,apparel,GB-R3-U2,dec-fr-marseille
30396062C3CA3640005EB0DD,3608439934971,1406394,apparel,GB-R3-U2,dec-fr-marseille
30396062C3CA3640001F5EEA,3608439934971,1406394,apparel,BR-02,dec-fr-marseille
30396062C3CA38400055F59B,3608439935053,1406395,apparel,GB-R3-U2,dec-fr-marseille
30396062C3CA38400096C545,3608439935053,1406395,apparel,GB-R3-U2,dec-fr-marseille
30396062C3CA3840000A241A,3608439935053,1406395,apparel,GB-R3-U2,dec-fr-marseille
30396062C3CA3840006A84AF,3608439935053,1406395,apparel,GB-R3-U2,dec-fr-marseille
30396062C3CA3840004ECFBA,3608439935053,1406395,apparel,GB-R3-U2,dec-fr-marseille
30396062C3CA3840007B3859,3608439935053,1406395,apparel,GB-R3-U2,dec-fr-marseille
30396062C3CA38400061C1E1,3608439935053,1406395,apparel,GB-R3-U2,dec-fr-marseille
30396062C3CA3840004E758C,3608439935053,1406395,apparel,BR-03,dec-fr-marseille
30396062C3CA39000078D5D8,3608439935084,1406397,apparel,GB-R3-U2,dec-fr-marseille
30396062C3CA390000285504,3608439935084,1406397,apparel,GB-R3-U2,dec-fr-marseille
30396062C3CA390000358714,3608439935084,1406397,apparel,GB-R3-U2,dec-fr-marseille
30396062C3CA39000093E264,3608439935084,1406397,apparel,GB-R3-U2,dec-fr-marseille
30396062C3CA3900007C4063,3608439935084,1406397,apparel,GB-R3-U2,dec-fr-marseille
30396062C3CA3900000E1EEA,3608439935084,1406397,apparel,BR-04,dec-fr-marseille
30396062C3CA3A0000083746,3608439935121,1406393,apparel,GB-R3-U2,dec-fr-marseille
30396062C3CA3A0000163376,3608439935121,1406393,apparel,GB-R3-U2,dec-fr-marseille
30396062C3CA3A00006CAAA7,3608439935121,1406393,apparel,GB-R3-U2,dec-fr-marseille
30396062C3CA3A00007B85B6,3608439935121,1406393,apparel,GB-R3-U2,dec-fr-marseille
30396062C3CA3A000084879E,3608439935121,1406393,apparel,BR-01,dec-fr-marseille
30396061C0729C000032E727,3608391173609,5189936,apparel,GF-R3-U1,dec-fr-marseille
30396061C072A3800002BEEA,3608391173906,5189938,apparel,GF-R3-U1,dec-fr-marseille
30396061C072A3C00043D55D,3608391173913,5189939,apparel,GF-R3-U1,dec-fr-marseille
30396061C072A4000021045F,3608391173920,5189941,apparel,GF-R3-U1,dec-fr-marseille
30396061C072A4400040E2A0,3608391173937,5189942,apparel,GF-R3-U1,dec-fr-marseille
30396061C072A440001AE879,3608391173937,5189942,apparel,GF-R3-U1,dec-fr-marseille
30396061C072A480006050B3,3608391173944,5189943,apparel,GF-R3-U1,dec-fr-marseille
30396061C072A4800050C645,3608391173944,5189943,apparel,GF-R3-U1,dec-fr-marseille
30396061C072A4C0007E5A13,3608391173951,5189944,apparel,GF-R3-U1,dec-fr-marseille
30396061C072A4C00090F872,3608391173951,5189944,apparel,GF-R3-U1,dec-fr-marseille
30396061C072A50000951048,3608391173968,5189945,apparel,GF-R3-U1,dec-fr-marseille
30396061C072A500004CE5BD,3608391173968,5189945,apparel,GF-R3-U1,dec-fr-marseille
30396061C072A540007AC188,3608391173975,5189946,apparel,GF-R3-U1,dec-fr-marseille
30396061C072A54000629806,3608391173975,5189946,apparel,GF-R3-U1,dec-fr-marseille
30396061C072A5C0001DF3CD,3608391173999,5189948,apparel,GF-R3-U1,dec-fr-marseille
30396061C072A5C00055D897,3608391173999,5189948,apparel,GF-R3-U1,dec-fr-marseille
30396061C072A5C000936B40,3608391173999,5189948,apparel,BR-02,dec-fr-marseille
30396061C072A6000010BE99,3608391174002,5189949,apparel,GF-R3-U1,dec-fr-marseille
30396061C072A640003761A1,3608391174019,5189950,apparel,GF-R3-U1,dec-fr-marseille
30396061C072A6C00032597E,3608391174033,5189952,apparel,GF-R3-U1,dec-fr-marseille
30396062C39EA100007CE75D,3608439488689,2349292,accessories,GB-R3-U2,dec-fr-marseille
30396062C39EA140007D11FB,3608439488696,2349291,accessories,GB-R3-U2,dec-fr-marseille
30396062C39EA180008D532D,3608439488702,2349290,accessories,GB-R3-U2,dec-fr-marseille
30396062C39EA1C00012415E,3608439488719,2349289,accessories,GB-R3-U2,dec-fr-marseille
30396062C39EA200000BC5A5,3608439488726,2349288,accessories,GB-R3-U2,dec-fr-marseille
30396062C39EA24000514DDD,3608439488733,2349287,accessories,GB-R3-U2,dec-fr-marseille
30395DFA819EB3C0000D9F17,3583784246552,4333260,apparel,GF-R3-U2,dec-fr-marseille
30395DFA819EB3C0007413FB,3583784246552,4333260,apparel,GF-R3-U2,dec-fr-marseille
30395DFA819EB3C00008C057,3583784246552,4333260,apparel,BR-03,dec-fr-marseille
30395DFA819EB400008473F9,3583784246569,4333264,apparel,GF-R3-U2,dec-fr-marseille
30395DFA819EB4000093CE75,3583784246569,4333264,apparel,GF-R3-U2,dec-fr-marseille
30395DFA819EB400000F4A3D,3583784246569,4333264,apparel,GF-R3-U2,dec-fr-marseille
30395DFA819EB400001126A5,3583784246569,4333264,apparel,GF-R3-U2,dec-fr-marseille
30395DFA819EB40000229D2F,3583784246569,4333264,apparel,GF-R3-U2,dec-fr-marseille
30395DFA819EB400005E9A2B,3583784246569,4333264,apparel,GF-R3-U2,dec-fr-marseille
30395DFA819EB400007FD57C,3583784246569,4333264,apparel,GF-R3-U2,dec-fr-marseille
30395DFA819EB400008C6B89,3583784246569,4333264,apparel,BR-04,dec-fr-marseille
30395DFA819EB4400066B745,3583784246576,4333265,apparel,GF-R3-U2,dec-fr-marseille
30395DFA819EB44000942811,3583784246576,4333265,apparel,GF-R3-U2,dec-fr-marseille
30395DFA819EB4400022CE0B,3583784246576,4333265,apparel,GF-R3-U2,dec-fr-marseille
30395DFA819EB4400048A975,3583784246576,4333265,apparel,GF-R3-U2,dec-fr-marseille
30395DFA819EB4400065A704,3583784246576,4333265,apparel,GF-R3-U2,dec-fr-marseille
30395DFA819EB44000165D3F,3583784246576,4333265,apparel,GF-R3-U2,dec-fr-marseille
30395DFA819EB4400079BD09,3583784246576,4333265,apparel,GF-R3-U2,dec-fr-marseille
30395DFA819EB44000345FB7,3583784246576,4333265,apparel,BR-01,dec-fr-marseille
30395DFA819EB440008AA98F,3583784246576,4333265,apparel,BR-02,dec-fr-marseille
30395DFA819EB480002F5CB4,3583784246583,4333266,apparel,GF-R3-U2,dec-fr-marseille
30395DFA819EB480002A00BA,3583784246583,4333266,apparel,GF-R3-U2,dec-fr-marseille
30395DFA819EB4800051E6B9,3583784246583,4333266,apparel,GF-R3-U2,dec-fr-marseille
30395DFA819EB480008D7A58,3583784246583,4333266,apparel,GF-R3-U2,dec-fr-marseille
30395DFA819EB480001EB5D3,3583784246583,4333266,apparel,BR-03,dec-fr-marseille
30395DFA819EB4C00080B528,3583784246590,4333267,apparel,GF-R3-U2,dec-fr-marseille
30395DFA819EB4C00051C648,3583784246590,4333267,apparel,GF-R3-U2,dec-fr-marseille
30395DFA819EB4C000664E0C,3583784246590,4333267,apparel,GF-R3-U2,dec-fr-marseille
30395DFA819EB4C00038A6AB,3583784246590,4333267,apparel,GF-R3-U2,dec-fr-marseille
30395DFA819EB4C0004568A4,3583784246590,4333267,apparel,GF-R3-U2,dec-fr-marseille
30395DFA819EB4C00005DF19,3583784246590,4333267,apparel,BR-04,dec-fr-marseille
30396061C1514980009745F7,3608393453822,5585513,footwear,PW-02,dec-fr-marseille
30396061C151498000947F90,3608393453822,5585513,footwear,PW-02,dec-fr-marseille
30396061C151498000103C21,3608393453822,5585513,footwear,PW-02,dec-fr-marseille
30396061C151498000705BF9,3608393453822,5585513,footwear,BR-01,dec-fr-marseille
30396061C15149C0007B00A5,3608393453839,5585514,footwear,PW-02,dec-fr-marseille
30396061C15149C000517E0E,3608393453839,5585514,footwear,PW-02,dec-fr-marseille
30396061C15149C0009440FF,3608393453839,5585514,footwear,BR-02,dec-fr-marseille
30396061C1514A00003B2A66,3608393453846,5585515,footwear,PW-02,dec-fr-marseille
30396061C1514A00000B50B7,3608393453846,5585515,footwear,PW-02,dec-fr-marseille
30396061C1514A00000948BC,3608393453846,5585515,footwear,BR-03,dec-fr-marseille
30396061C1514A40004C6F95,3608393453853,5585516,footwear,PW-02,dec-fr-marseille
30396061C1514A40005E68F7,3608393453853,5585516,footwear,PW-02,dec-fr-marseille
30396061C1514B400075DB88,3608393453891,5585520,footwear,PW-02,dec-fr-marseille
30396061C1514B400058499A,3608393453891,5585520,footwear,PW-02,dec-fr-marseille
30396061C1514B40004A3EDE,3608393453891,5585520,footwear,BR-04,dec-fr-marseille
30396061C155724000306B90,3608393496416,5683219,footwear,PW-02,dec-fr-marseille
30396061C1885A000058651F,3608394017689,5763546,footwear,PW-02,dec-fr-marseille
30396062C390E8400059907C,3608439348174,4102165,footwear,PE-01,dec-fr-marseille
30396062C390E88000804EEA,3608439348181,4102167,footwear,PE-01,dec-fr-marseille
30396062C390E880002AAB4E,3608439348181,4102167,footwear,PE-01,dec-fr-marseille
30396062C390E8800058FD4B,3608439348181,4102167,footwear,PE-01,dec-fr-marseille
30396062C390E8800009C685,3608439348181,4102167,footwear,PE-01,dec-fr-marseille
30396062C390E880003B6DB5,3608439348181,4102167,footwear,PE-01,dec-fr-marseille
30396062C390E8800086C753,3608439348181,4102167,footwear,PE-01,dec-fr-marseille
30396062C390E88000540896,3608439348181,4102167,footwear,PE-01,dec-fr-marseille
30396062C390E880008F36B3,3608439348181,4102167,footwear,PE-01,dec-fr-marseille
30396062C390E88000196AD3,3608439348181,4102167,footwear,PE-01,dec-fr-marseille
30396062C390E8800075B672,3608439348181,4102167,footwear,PE-01,dec-fr-marseille
30396062C390E8800085D58B,3608439348181,4102167,footwear,BR-01,dec-fr-marseille
30396062C390E88000109112,3608439348181,4102167,footwear,BR-02,dec-fr-marseille
30396062C390E8C0000BB5AE,3608439348198,4102166,footwear,PE-01,dec-fr-marseille
30396062C390E8C00095217E,3608439348198,4102166,footwear,PE-01,dec-fr-marseille
30396062C390E8C0006F49BC,3608439348198,4102166,footwear,PE-01,dec-fr-marseille
30396062C390E8C00070FE90,3608439348198,4102166,footwear,BR-03,dec-fr-marseille
30396061C0D84CC0000BEECE,3608392214912,5183782,accessories,GB-R3-U1,dec-fr-marseille
30396061C0D84CC0006243B4,3608392214912,5183782,accessories,GB-R3-U1,dec-fr-marseille
30396061C0D84CC0007336B7,3608392214912,5183782,accessories,GB-R3-U1,dec-fr-marseille
30396061C0D84CC000378CD2,3608392214912,5183782,accessories,BR-04,dec-fr-marseille
30396061C0D877C0003EC57E,3608392216633,5404211,accessories,GB-R3-U1,dec-fr-marseille
30396061C0D877C0004D617B,3608392216633,5404211,accessories,GB-R3-U1,dec-fr-marseille
30396061C0D877C000234CB7,3608392216633,5404211,accessories,BR-01,dec-fr-marseille
30396061C0A02F400057FCD0,3608391640293,5225785,outdoor,GB-R3-U2,dec-fr-marseille
30396061C0A02F4000465B9F,3608391640293,5225785,outdoor,GB-R3-U2,dec-fr-marseille
30395DFA819034C0000D54A9,3583784098113,4289568,apparel,GB-R1-U1,dec-fr-marseille
30395DFA819034C000449C47,3583784098113,4289568,apparel,GB-R1-U1,dec-fr-marseille
30395DFA819034C0005AA2BF,3583784098113,4289568,apparel,BR-02,dec-fr-marseille
30395DFA82E55E400014466F,3583787591611,4289569,apparel,GB-R1-U1,dec-fr-marseille
30395DFA82E55E40000DAB7D,3583787591611,4289569,apparel,GB-R1-U1,dec-fr-marseille
30395DFA82E55E40004C7360,3583787591611,4289569,apparel,GB-R1-U1,dec-fr-marseille
30395DFA82E55E400075ABB8,3583787591611,4289569,apparel,GB-R1-U1,dec-fr-marseille
30395DFA82E55E40003EBAE7,3583787591611,4289569,apparel,GB-R1-U1,dec-fr-marseille
30395DFA82E55E4000275D8A,3583787591611,4289569,apparel,GB-R1-U1,dec-fr-marseille
30395DFA82E55E40000E9CEC,3583787591611,4289569,apparel,BR-03,dec-fr-marseille
30395DFA82E55E8000894D5C,3583787591628,4289570,apparel,GB-R1-U1,dec-fr-marseille
30395DFA82E55E800048049D,3583787591628,4289570,apparel,GB-R1-U1,dec-fr-marseille
30395DFA82E55E800056C7A5,3583787591628,4289570,apparel,GB-R1-U1,dec-fr-marseille
30395DFA82E55E800033B4FE,3583787591628,4289570,apparel,GB-R1-U1,dec-fr-marseille
30395DFA82E55E80003FB8BC,3583787591628,4289570,apparel,GB-R1-U1,dec-fr-marseille
30395DFA82E55E8000201F9D,3583787591628,4289570,apparel,GB-R1-U1,dec-fr-marseille
30395DFA82E55E80002F8179,3583787591628,4289570,apparel,BR-04,dec-fr-marseille
30395DFA82E55EC0007A9845,3583787591635,4289571,apparel,GB-R1-U1,dec-fr-marseille
30395DFA82E55EC00041FD2C,3583787591635,4289571,apparel,GB-R1-U1,dec-fr-marseille
30395DFA82E55EC0001FB9A9,3583787591635,4289571,apparel,GB-R1-U1,dec-fr-marseille
30395DFA82E55EC00077D7AE,3583787591635,4289571,apparel,GB-R1-U1,dec-fr-marseille
30395DFA82E55EC00075551F,3583787591635,4289571,apparel,BR-01,dec-fr-marseille
30395DFA82E55F0000567A50,3583787591642,4289572,apparel,GB-R1-U1,dec-fr-marseille
30395DFA82E55F00002BCD30,3583787591642,4289572,apparel,GB-R1-U1,dec-fr-marseille
30395DFA82E55F000091A5B8,3583787591642,4289572,apparel,GB-R1-U1,dec-fr-marseille
30395DFA82E55F00008D7318,3583787591642,4289572,apparel,GB-R1-U1,dec-fr-marseille
30395DFA82E55F000043247F,3583787591642,4289572,apparel,BR-02,dec-fr-marseille
30395DFA81DFE880002EAB9E,3583784914260,5285954,outdoor,GB-R1-U1,dec-fr-marseille
30395DFA81DFE900005BC4A7,3583784914284,5285957,outdoor,GB-R1-U1,dec-fr-marseille
30396061C1057BC000016208,3608392677595,5491591,outdoor,GB-R1-U2,dec-fr-marseille
30396061C1058E00000801C9,3608392678325,5501881,outdoor,GB-R1-U2,dec-fr-marseille
30396061C0D96BC000184DA1,3608392226397,5404893,bag_pack,GF-R3-U2,dec-fr-marseille
30396061C0D96BC000233626,3608392226397,5404893,bag_pack,GF-R3-U2,dec-fr-marseille
30396061C0D96BC0003B6EC4,3608392226397,5404893,bag_pack,GF-R3-U2,dec-fr-marseille
30396061C0D96BC000061FFE,3608392226397,5404893,bag_pack,GF-R3-U2,dec-fr-marseille
30396061C0D96BC00007B439,3608392226397,5404893,bag_pack,GF-R3-U2,dec-fr-marseille
30396061C0D96BC0001E1BAE,3608392226397,5404893,bag_pack,GF-R3-U2,dec-fr-marseille
30396061C0D96BC0006B88A9,3608392226397,5404893,bag_pack,GF-R3-U2,dec-fr-marseille
30396061C0D96BC00095C43F,3608392226397,5404893,bag_pack,BR-03,dec-fr-marseille
30396061C0D96BC000104572,3608392226397,5404893,bag_pack,BR-04,dec-fr-marseille
30395DFA82EA588000743E71,3583787642580,2750074,accessories,GB-R3-U2,dec-fr-marseille
30395DFA82EA5880005CEE48,3583787642580,2750074,accessories,GB-R3-U2,dec-fr-marseille
30395DFA82EA5880001C7B5B,3583787642580,2750074,accessories,GB-R3-U2,dec-fr-marseille
30395DFA82EA5880002AC271,3583787642580,2750074,accessories,GB-R3-U2,dec-fr-marseille
30395DFA82EA58800037F391,3583787642580,2750074,accessories,GB-R3-U2,dec-fr-marseille
30395DFA82EA58800039FE0D,3583787642580,2750074,accessories,GB-R3-U2,dec-fr-marseille
30395DFA82EA5880000B549D,3583787642580,2750074,accessories,BR-01,dec-fr-marseille
30396061C0520D400004A334,3608390840212,5098881,accessories,ACC-02,dec-fr-marseille
30396061C0520D400068246A,3608390840212,5098881,accessories,ACC-02,dec-fr-marseille
30396061C0520D40000744DC,3608390840212,5098881,accessories,ACC-02,dec-fr-marseille
30396061C0520D40006AAA49,3608390840212,5098881,accessories,ACC-02,dec-fr-marseille
30396061C0520D40006E4101,3608390840212,5098881,accessories,ACC-02,dec-fr-marseille
30396061C0520D400060D776,3608390840212,5098881,accessories,ACC-02,dec-fr-marseille
30396061C0520D400086E5C4,3608390840212,5098881,accessories,ACC-02,dec-fr-marseille
30396061C0520D4000195C55,3608390840212,5098881,accessories,BR-02,dec-fr-marseille
30395DFA82B5F7C00056DCA3,3583787106235,4974157,apparel,GB-R1-U2,dec-fr-marseille
30395DFA82B5F7C0002C9816,3583787106235,4974157,apparel,GB-R1-U2,dec-fr-marseille
30395DFA82B5F7C0006403CA,3583787106235,4974157,apparel,GB-R1-U2,dec-fr-marseille
30395DFA82B5F7C000365675,3583787106235,4974157,apparel,GB-R1-U2,dec-fr-marseille
30395DFA82B5F7C0006BB3DA,3583787106235,4974157,apparel,BR-03,dec-fr-marseille
30395DFA82B5F800002AAF2C,3583787106242,4974156,apparel,GB-R1-U2,dec-fr-marseille
30395DFA82B5F80000638831,3583787106242,4974156,apparel,GB-R1-U2,dec-fr-marseille
30395DFA82B5F8000005A116,3583787106242,4974156,apparel,GB-R1-U2,dec-fr-marseille
30395DFA82B5F8000092E407,3583787106242,4974156,apparel,BR-04,dec-fr-marseille
30395DFA82B5F8400048BFBB,3583787106259,4974155,apparel,GB-R1-U2,dec-fr-marseille
30395DFA82B5F840003AC5F5,3583787106259,4974155,apparel,GB-R1-U2,dec-fr-marseille
30395DFA82B5F84000925908,3583787106259,4974155,apparel,GB-R1-U2,dec-fr-marseille
30395DFA82B5F8400001233D,3583787106259,4974155,apparel,GB-R1-U2,dec-fr-marseille
30395DFA82B5F840002691FA,3583787106259,4974155,apparel,GB-R1-U2,dec-fr-marseille
30395DFA82B5F840007D94F7,3583787106259,4974155,apparel,BR-01,dec-fr-marseille
30395DFA82B5F880008501D9,3583787106266,4974154,apparel,GB-R1-U2,dec-fr-marseille
30395DFA82B5F8800047FE44,3583787106266,4974154,apparel,GB-R1-U2,dec-fr-marseille
30395DFA82B5F880004AE12B,3583787106266,4974154,apparel,GB-R1-U2,dec-fr-marseille
30395DFA82B5F88000288AA5,3583787106266,4974154,apparel,BR-02,dec-fr-marseille
30395DFA82F893400094D687,3583787788295,2899311,bag_pack,GF-R1-U1,dec-fr-marseille
30395DFA82F8934000510500,3583787788295,2899311,bag_pack,GF-R1-U1,dec-fr-marseille
30395DFA82F89340004183E4,3583787788295,2899311,bag_pack,GF-R1-U1,dec-fr-marseille
30395DFA82F89340003D9928,3583787788295,2899311,bag_pack,GF-R1-U1,dec-fr-marseille
30395DFA82F8934000324E83,3583787788295,2899311,bag_pack,GF-R1-U1,dec-fr-marseille
30395DFA82F8934000391845,3583787788295,2899311,bag_pack,BR-03,dec-fr-marseille
30395DFA81D1AAC000275A9C,3583784768436,4977483,outdoor,GF-R1-U1,dec-fr-marseille
30395DFA81D1AB8000571BC5,3583784768467,4977486,outdoor,GF-R1-U1,dec-fr-marseille
30396062C390EFC0004D1C2A,3608439348471,4006571,outdoor,GF-R3-U1,dec-fr-marseille
30395DFA83001780006B691C,3583787865262,2751070,apparel,GF-R1-U1,dec-fr-marseille
30395DFA83001780008FB1C3,3583787865262,2751070,apparel,GF-R1-U1,dec-fr-marseille
30395DFA83001900005CA833,3583787865323,2751076,apparel,GF-R1-U1,dec-fr-marseille
30395DFA83001900004BA125,3583787865323,2751076,apparel,GF-R1-U1,dec-fr-marseille
30395DFA830019000058AE3D,3583787865323,2751076,apparel,GF-R1-U1,dec-fr-marseille
30395DFA830019000029C6DC,3583787865323,2751076,apparel,BR-04,dec-fr-marseille
30395DFA83001940002594D7,3583787865330,2751077,apparel,GF-R1-U1,dec-fr-marseille
30395DFA83001940006387CC,3583787865330,2751077,apparel,GF-R1-U1,dec-fr-marseille
30395DFA8300194000220BD5,3583787865330,2751077,apparel,GF-R1-U1,dec-fr-marseille
30395DFA830019400027E869,3583787865330,2751077,apparel,GF-R1-U1,dec-fr-marseille
30395DFA83001940000D9155,3583787865330,2751077,apparel,BR-01,dec-fr-marseille
30395DFA8300198000781792,3583787865347,2751074,apparel,GF-R1-U1,dec-fr-marseille
30395DFA8300198000126F1C,3583787865347,2751074,apparel,GF-R1-U1,dec-fr-marseille
30395DFA83001980007593EE,3583787865347,2751074,apparel,GF-R1-U1,dec-fr-marseille
30395DFA830019800083AA50,3583787865347,2751074,apparel,GF-R1-U1,dec-fr-marseille
30395DFA83001980007DC884,3583787865347,2751074,apparel,GF-R1-U1,dec-fr-marseille
30395DFA83001980006F5BF3,3583787865347,2751074,apparel,BR-02,dec-fr-marseille
30395DFA830019C000271580,3583787865354,2751075,apparel,GF-R1-U1,dec-fr-marseille
30395DFA830019C0007A7063,3583787865354,2751075,apparel,GF-R1-U1,dec-fr-marseille
30395DFA830019C000474B01,3583787865354,2751075,apparel,GF-R1-U1,dec-fr-marseille
30395DFA830019C0003BF4F6,3583787865354,2751075,apparel,GF-R1-U1,dec-fr-marseille
30395DFA830019C00034BA9E,3583787865354,2751075,apparel,GF-R1-U1,dec-fr-marseille
30395DFA830019C0000A173D,3583787865354,2751075,apparel,GF-R1-U1,dec-fr-marseille
30395DFA830019C00026C76E,3583787865354,2751075,apparel,BR-03,dec-fr-marseille
30395DFA82F2D8000082E1B8,3583787729601,2989125,accessories,ACC-03,dec-fr-marseille
30395DFA82F2D8000094777E,3583787729601,2989125,accessories,ACC-03,dec-fr-marseille
30395DFA82F2D8000033FE57,3583787729601,2989125,accessories,ACC-03,dec-fr-marseille
30395DFA82F2D800004FF2B9,3583787729601,2989125,accessories,ACC-03,dec-fr-marseille
30395DFA82F2D8000065D7E9,3583787729601,2989125,accessories,ACC-03,dec-fr-marseille
30395DFA82F2D800007EDA1B,3583787729601,2989125,accessories,ACC-03,dec-fr-marseille
30395DFA82F2D8000037C5C0,3583787729601,2989125,accessories,ACC-03,dec-fr-marseille
30395DFA82F2D8000033095F,3583787729601,2989125,accessories,ACC-03,dec-fr-marseille
30395DFA82F2D800006AB9B9,3583787729601,2989125,accessories,ACC-03,dec-fr-marseille
30395DFA82F2D800002442DD,3583787729601,2989125,accessories,BR-04,dec-fr-marseille
30395DFA82F2D800007503EE,3583787729601,2989125,accessories,BR-01,dec-fr-marseille
30396061C0F1EA000032665A,3608392477201,5449873,apparel,GF-R1-U2,dec-fr-marseille
30396061C0F1EA000038BE5D,3608392477201,5449873,apparel,GF-R1-U2,dec-fr-marseille
30396061C0F1EA000041F396,3608392477201,5449873,apparel,BR-02,dec-fr-marseille
30396061C0F1EA4000177871,3608392477218,5449874,apparel,GF-R1-U2,dec-fr-marseille
30396061C0F1EA400073E7CE,3608392477218,5449874,apparel,GF-R1-U2,dec-fr-marseille
30396061C0F1EA400033558B,3608392477218,5449874,apparel,GF-R1-U2,dec-fr-marseille
30396061C0F1EA400076353A,3608392477218,5449874,apparel,BR-03,dec-fr-marseille
30396061C0F1EA80008F2DF4,3608392477225,5449875,apparel,GF-R1-U2,dec-fr-marseille
30396061C0F1EA8000333AF1,3608392477225,5449875,apparel,GF-R1-U2,dec-fr-marseille
30396061C0F1EA80005E58D5,3608392477225,5449875,apparel,GF-R1-U2,dec-fr-marseille
30396061C0F1EA80008C0127,3608392477225,5449875,apparel,BR-04,dec-fr-marseille
30396061C0F1EAC00073EE18,3608392477232,5449876,apparel,GF-R1-U2,dec-fr-marseille
30396061C0F1EAC0008A9ACD,3608392477232,5449876,apparel,GF-R1-U2,dec-fr-marseille
30396061C0F1EAC0004A0C26,3608392477232,5449876,apparel,BR-01,dec-fr-marseille
30396061C0F1EB0000254E54,3608392477249,5449877,apparel,GF-R1-U2,dec-fr-marseille
30396061C0743600005DDF54,3608391190002,5034572,apparel,GB-R2-U1,dec-fr-marseille
30396061C074360000470E81,3608391190002,5034572,apparel,GB-R2-U1,dec-fr-marseille
30396061C0743600006A5142,3608391190002,5034572,apparel,BR-02,dec-fr-marseille
30396061C0743640001D90DF,3608391190019,5034573,apparel,GB-R2-U1,dec-fr-marseille
30396061C0743640004848B4,3608391190019,5034573,apparel,GB-R2-U1,dec-fr-marseille
30396061C0743640005311E3,3608391190019,5034573,apparel,GB-R2-U1,dec-fr-marseille
30396061C0743640008218C5,3608391190019,5034573,apparel,BR-03,dec-fr-marseille
30396061C0743680005EFDDA,3608391190026,5034574,apparel,GB-R2-U1,dec-fr-marseille
30396061C074368000187A17,3608391190026,5034574,apparel,GB-R2-U1,dec-fr-marseille
30396061C0743680007DA457,3608391190026,5034574,apparel,GB-R2-U1,dec-fr-marseille
30396061C074368000655B43,3608391190026,5034574,apparel,BR-04,dec-fr-marseille
30396061C07436C00097C89D,3608391190033,5034575,apparel,GB-R2-U1,dec-fr-marseille
30396061C07436C0006ECD49,3608391190033,5034575,apparel,GB-R2-U1,dec-fr-marseille
30396061C07436C0005C14BC,3608391190033,5034575,apparel,BR-01,dec-fr-marseille
30396061C074370000869E7B,3608391190040,5034576,apparel,GB-R2-U1,dec-fr-marseille
30396061C0743700003B2793,3608391190040,5034576,apparel,GB-R2-U1,dec-fr-marseille
30396062C38AFA80002A457F,3608439287466,4336854,accessories,GB-R3-U1,dec-fr-marseille
30396062C38AFA80007078CD,3608439287466,4336854,accessories,GB-R3-U1,dec-fr-marseille
30396062C38AFAC00041588E,3608439287473,4336855,accessories,GB-R3-U1,dec-fr-marseille
30396062C38AFAC0006052D4,3608439287473,4336855,accessories,GB-R3-U1,dec-fr-marseille
30396062C38AFC00000F5115,3608439287527,4336856,accessories,GB-R3-U1,dec-fr-marseille
30396062C38AFC00003496DB,3608439287527,4336856,accessories,GB-R3-U1,dec-fr-marseille
30395DFA82B658800019BA9F,3583787110102,4231306,bag_pack,PE-01,dec-fr-marseille
30395DFA82B6588000756A46,3583787110102,4231306,bag_pack,PE-01,dec-fr-marseille
30395DFA82B6588000934863,3583787110102,4231306,bag_pack,PE-01,dec-fr-marseille
30395DFA82B658800073AF1D,3583787110102,4231306,bag_pack,PE-01,dec-fr-marseille
30395DFA82B6588000192635,3583787110102,4231306,bag_pack,BR-02,dec-fr-marseille
30396062C3AA0B00003BEAA3,3608439605567,894035,footwear,PW-01,dec-fr-marseille
30396062C3AA0B00005C8A29,3608439605567,894035,footwear,PW-01,dec-fr-marseille
30396062C3AA0B000060718D,3608439605567,894035,footwear,BR-03,dec-fr-marseille
30396062C3AA0B400043EB1E,3608439605574,894031,footwear,PW-01,dec-fr-marseille
30396062C3AA0B40007F2506,3608439605574,894031,footwear,PW-01,dec-fr-marseille
30396062C3AA0B400005B83C,3608439605574,894031,footwear,PW-01,dec-fr-marseille
30396062C3AA0B40001A274D,3608439605574,894031,footwear,BR-04,dec-fr-marseille
30396062C3AA0B80003D6036,3608439605581,894037,footwear,PW-01,dec-fr-marseille
30396062C3AA0BC0003C5370,3608439605598,894030,footwear,PW-01,dec-fr-marseille
30396062C3AA0BC0004BD398,3608439605598,894030,footwear,PW-01,dec-fr-marseille
30396062C3AA0BC0004E3D65,3608439605598,894030,footwear,BR-01,dec-fr-marseille
30396062C3AA0C00008B0EB1,3608439605604,894029,footwear,PW-01,dec-fr-marseille
30396061C01B80800070E782,3608390281626,4899427,accessories,GB-R2-U2,dec-fr-marseille
30396061C01B808000704608,3608390281626,4899427,accessories,GB-R2-U2,dec-fr-marseille
30396061C01B80C000761D6F,3608390281633,4899428,accessories,GB-R2-U2,dec-fr-marseille
30396061C01B81000066355A,3608390281640,4899429,accessories,GB-R2-U2,dec-fr-marseille
30396061C01B81000075C4A7,3608390281640,4899429,accessories,GB-R2-U2,dec-fr-marseille
30396061C05794000046683F,3608390896806,4894439,apparel,GB-R1-U1,dec-fr-marseille
30396061C0579400003E73F0,3608390896806,4894439,apparel,GB-R1-U1,dec-fr-marseille
30396061C0579440003DB0EE,3608390896813,4894440,apparel,GB-R1-U1,dec-fr-marseille
30396061C057944000917658,3608390896813,4894440,apparel,GB-R1-U1,dec-fr-marseille
30396061C057944000745A72,3608390896813,4894440,apparel,BR-02,dec-fr-marseille
30396061C0579480007D2912,3608390896820,4894441,apparel,GB-R1-U1,dec-fr-marseille
30396061C05794800033C094,3608390896820,4894441,apparel,GB-R1-U1,dec-fr-marseille
30396061C057948000460022,3608390896820,4894441,apparel,GB-R1-U1,dec-fr-marseille
30396061C05794800017CD70,3608390896820,4894441,apparel,BR-03,dec-fr-marseille
30396061C05794C0007CB2D9,3608390896837,4894442,apparel,GB-R1-U1,dec-fr-marseille
30396061C05794C000391013,3608390896837,4894442,apparel,GB-R1-U1,dec-fr-marseille
30396061C05794C000119486,3608390896837,4894442,apparel,GB-R1-U1,dec-fr-marseille
30396061C05794C0006235AB,3608390896837,4894442,apparel,BR-04,dec-fr-marseille
30396061C05795000057901E,3608390896844,4894443,apparel,GB-R1-U1,dec-fr-marseille
30396061C0579500007F0812,3608390896844,4894443,apparel,GB-R1-U1,dec-fr-marseille
30396061C0579500001EE32F,3608390896844,4894443,apparel,BR-01,dec-fr-marseille
30396061C057954000120694,3608390896851,4894444,apparel,GB-R1-U1,dec-fr-marseille
30396061C0579540002AF067,3608390896851,4894444,apparel,GB-R1-U1,dec-fr-marseille
3039606203C6E3C000828B66,3608409900951,2177858,apparel,GB-R1-U2,dec-fr-marseille
3039606203C6E3C00055E206,3608409900951,2177858,apparel,GB-R1-U2,dec-fr-marseille
3039606203C6E3C0007AEB55,3608409900951,2177858,apparel,GB-R1-U2,dec-fr-marseille
3039606203C6E3C0007A5BF8,3608409900951,2177858,apparel,GB-R1-U2,dec-fr-marseille
3039606203C6E3C0000FA1FF,3608409900951,2177858,apparel,BR-02,dec-fr-marseille
3039606203C6E400001FECF3,3608409900968,2177859,apparel,GB-R1-U2,dec-fr-marseille
3039606203C6E40000879632,3608409900968,2177859,apparel,GB-R1-U2,dec-fr-marseille
3039606203C6E4000071AC3B,3608409900968,2177859,apparel,GB-R1-U2,dec-fr-marseille
3039606203C6E400003001EA,3608409900968,2177859,apparel,GB-R1-U2,dec-fr-marseille
3039606203C6E400001DBDFC,3608409900968,2177859,apparel,GB-R1-U2,dec-fr-marseille
3039606203C6E400006A4E35,3608409900968,2177859,apparel,GB-R1-U2,dec-fr-marseille
3039606203C6E400004E121D,3608409900968,2177859,apparel,GB-R1-U2,dec-fr-marseille
3039606203C6E40000641004,3608409900968,2177859,apparel,BR-03,dec-fr-marseille
3039606203C6E44000568CA1,3608409900975,2177857,apparel,GB-R1-U2,dec-fr-marseille
3039606203C6E440007B838E,3608409900975,2177857,apparel,GB-R1-U2,dec-fr-marseille
3039606203C6E4800031D9BD,3608409900982,2177860,apparel,GB-R1-U2,dec-fr-marseille
3039606203C6E480002D61D2,3608409900982,2177860,apparel,GB-R1-U2,dec-fr-marseille
3039606203C6E480004D0F71,3608409900982,2177860,apparel,GB-R1-U2,dec-fr-marseille
3039606203C6E4800077CDCE,3608409900982,2177860,apparel,GB-R1-U2,dec-fr-marseille
3039606203C6E4800063D4EE,3608409900982,2177860,apparel,GB-R1-U2,dec-fr-marseille
3039606203C6E4800050A782,3608409900982,2177860,apparel,GB-R1-U2,dec-fr-marseille
3039606203C6E48000624D74,3608409900982,2177860,apparel,BR-04,dec-fr-marseille
3039606203C6E4C000559B8C,3608409900999,2177861,apparel,GB-R1-U2,dec-fr-marseille
3039606203C6E4C0008DE95E,3608409900999,2177861,apparel,GB-R1-U2,dec-fr-marseille
3039606203C6E4C0002107D1,3608409900999,2177861,apparel,GB-R1-U2,dec-fr-marseille
3039606203C6E4C0007BB904,3608409900999,2177861,apparel,GB-R1-U2,dec-fr-marseille
3039606203C6E4C00003C820,3608409900999,2177861,apparel,GB-R1-U2,dec-fr-marseille
3039606203C6E4C0000B95DF,3608409900999,2177861,apparel,GB-R1-U2,dec-fr-marseille
3039606203C6E4C000484F3F,3608409900999,2177861,apparel,BR-01,dec-fr-marseille
30395DFA81DCE4C000701110,3583784883399,5242314,bag_pack,GF-R3-U1,dec-fr-marseille
30395DFA81DCE4C000006282,3583784883399,5242314,bag_pack,GF-R3-U1,dec-fr-marseille
30395DFA81DCE4C0000DFA18,3583784883399,5242314,bag_pack,GF-R3-U1,dec-fr-marseille
30395DFA81DCE4C00043D9D1,3583784883399,5242314,bag_pack,GF-R3-U1,dec-fr-marseille
30395DFA81DCE4C0007C8D87,3583784883399,5242314,bag_pack,GF-R3-U1,dec-fr-marseille
30395DFA81DCE4C00005286A,3583784883399,5242314,bag_pack,GF-R3-U1,dec-fr-marseille
30395DFA81DCE4C000223AC5,3583784883399,5242314,bag_pack,GF-R3-U1,dec-fr-marseille
30395DFA81DCE4C00039C2CC,3583784883399,5242314,bag_pack,BR-02,dec-fr-marseille
30396062C390894000460A7D,3608439344374,2951927,footwear,PE-01,dec-fr-marseille
30396062C3908940005D6552,3608439344374,2951927,footwear,PE-01,dec-fr-marseille
30396062C3908C0000600CDB,3608439344480,2951929,footwear,PE-01,dec-fr-marseille
30396062C3908C000014A197,3608439344480,2951929,footwear,PE-01,dec-fr-marseille
30396062C3908C00003B8027,3608439344480,2951929,footwear,BR-03,dec-fr-marseille
30396062C3908C40005B16CF,3608439344497,2951928,footwear,PE-01,dec-fr-marseille
30396062C3908C40006627F9,3608439344497,2951928,footwear,PE-01,dec-fr-marseille
30396062C3908C8000013DFF,3608439344503,2951931,footwear,PE-01,dec-fr-marseille
30396062C3908C80004BF8D7,3608439344503,2951931,footwear,PE-01,dec-fr-marseille
30396062C3908C800004ADF4,3608439344503,2951931,footwear,BR-04,dec-fr-marseille
30396062C3908CC000812A2B,3608439344510,2951930,footwear,PE-01,dec-fr-marseille
30396062C3908CC00065278B,3608439344510,2951930,footwear,PE-01,dec-fr-marseille
30396062C3908CC0006D74EF,3608439344510,2951930,footwear,PE-01,dec-fr-marseille
30396062C3908CC00035C7AD,3608439344510,2951930,footwear,BR-01,dec-fr-marseille
30396062C3908D0000857DA9,3608439344527,2951933,footwear,PE-01,dec-fr-marseille
30396062C3908D4000461537,3608439344534,2951932,footwear,PE-01,dec-fr-marseille
30396062C3908D40008E5AAE,3608439344534,2951932,footwear,PE-01,dec-fr-marseille
30396062C3908DC000051385,3608439344558,2951934,footwear,PE-01,dec-fr-marseille
30396062C3908E000002F086,3608439344565,2951926,footwear,PE-01,dec-fr-marseille
30396061C118B500003AC61B,3608392874444,5526050,apparel,GF-R1-U1,dec-fr-marseille
30396061C118B50000261B1E,3608392874444,5526050,apparel,GF-R1-U1,dec-fr-marseille
30396061C118B50000619618,3608392874444,5526050,apparel,GF-R1-U1,dec-fr-marseille
30396061C118B5000066E8C4,3608392874444,5526050,apparel,BR-02,dec-fr-marseille
30396061C118B540008C2851,3608392874451,5526051,apparel,GF-R1-U1,dec-fr-marseille
30396061C118B540004952DF,3608392874451,5526051,apparel,GF-R1-U1,dec-fr-marseille
30396061C118B54000222D73,3608392874451,5526051,apparel,GF-R1-U1,dec-fr-marseille
30396061C118B5400012F4B7,3608392874451,5526051,apparel,GF-R1-U1,dec-fr-marseille
30396061C118B540002CFD7A,3608392874451,5526051,apparel,GF-R1-U1,dec-fr-marseille
30396061C118B540001C2970,3608392874451,5526051,apparel,GF-R1-U1,dec-fr-marseille
30396061C118B5400052178C,3608392874451,5526051,apparel,GF-R1-U1,dec-fr-marseille
30396061C118B5400023E792,3608392874451,5526051,apparel,GF-R1-U1,dec-fr-marseille
30396061C118B540005F8F04,3608392874451,5526051,apparel,BR-03,dec-fr-marseille
30396061C118B54000214397,3608392874451,5526051,apparel,BR-04,dec-fr-marseille
30396061C118B580008DD890,3608392874468,5526052,apparel,GF-R1-U1,dec-fr-marseille
30396061C118B58000402857,3608392874468,5526052,apparel,GF-R1-U1,dec-fr-marseille
30396061C118B580002153EB,3608392874468,5526052,apparel,GF-R1-U1,dec-fr-marseille
30396061C118B580004BA0A0,3608392874468,5526052,apparel,GF-R1-U1,dec-fr-marseille
30396061C118B580001C2966,3608392874468,5526052,apparel,GF-R1-U1,dec-fr-marseille
30396061C118B58000608D82,3608392874468,5526052,apparel,GF-R1-U1,dec-fr-marseille
30396061C118B580001DCCE9,3608392874468,5526052,apparel,GF-R1-U1,dec-fr-marseille
30396061C118B5800022CB03,3608392874468,5526052,apparel,GF-R1-U1,dec-fr-marseille
30396061C118B58000215AD9,3608392874468,5526052,apparel,GF-R1-U1,dec-fr-marseille
30396061C118B58000766BA1,3608392874468,5526052,apparel,GF-R1-U1,dec-fr-marseille
30396061C118B580006FEC5E,3608392874468,5526052,apparel,GF-R1-U1,dec-fr-marseille
30396061C118B580003A2D0E,3608392874468,5526052,apparel,GF-R1-U1,dec-fr-marseille
30396061C118B58000302C0A,3608392874468,5526052,apparel,GF-R1-U1,dec-fr-marseille
30396061C118B5800004F85F,3608392874468,5526052,apparel,GF-R1-U1,dec-fr-marseille
30396061C118B580004ECB79,3608392874468,5526052,apparel,GF-R1-U1,dec-fr-marseille
30396061C118B5800094FBB7,3608392874468,5526052,apparel,BR-01,dec-fr-marseille
30396061C118B580007D8C55,3608392874468,5526052,apparel,BR-02,dec-fr-marseille
30396061C118B5800036FF44,3608392874468,5526052,apparel,BR-03,dec-fr-marseille
30396062C3882200005563DE,3608439258329,4743552,footwear,PW-01,dec-fr-marseille
30396062C3882200003C70A6,3608439258329,4743552,footwear,PW-01,dec-fr-marseille
30396062C38822000092C705,3608439258329,4743552,footwear,BR-04,dec-fr-marseille
30396062C3882240000D4167,3608439258336,4743551,footwear,PW-01,dec-fr-marseille
30396062C38822400042D5F9,3608439258336,4743551,footwear,PW-01,dec-fr-marseille
30396062C3882280008F1272,3608439258343,4743554,footwear,PW-01,dec-fr-marseille
30396062C3882280004B29A7,3608439258343,4743554,footwear,PW-01,dec-fr-marseille
30396062C3882280002D0EDD,3608439258343,4743554,footwear,BR-01,dec-fr-marseille
30396062C38822C0008DE38A,3608439258350,4743553,footwear,PW-01,dec-fr-marseille
30396062C38822C0006A9817,3608439258350,4743553,footwear,PW-01,dec-fr-marseille
30396062C38822C000651111,3608439258350,4743553,footwear,BR-02,dec-fr-marseille
30396062C3882300007E5332,3608439258367,4743550,footwear,PW-01,dec-fr-marseille
30396062C3882300002B236D,3608439258367,4743550,footwear,PW-01,dec-fr-marseille
30396062C388234000666746,3608439258374,4743548,footwear,PW-01,dec-fr-marseille
30396062C388238000507FD3,3608439258381,4743556,footwear,PW-01,dec-fr-marseille
30396062C38823C0000C1ECB,3608439258398,4743555,footwear,PW-01,dec-fr-marseille
30396062C38823C00070285F,3608439258398,4743555,footwear,PW-01,dec-fr-marseille
30396061C04BDE800083A48C,3608390776900,5076875,apparel,GF-R1-U2,dec-fr-marseille
30396061C04BDE8000073BDA,3608390776900,5076875,apparel,GF-R1-U2,dec-fr-marseille
30396061C04BDF0000745F61,3608390776924,5076877,apparel,GF-R1-U2,dec-fr-marseille
30396061C04BDF00003CA7ED,3608390776924,5076877,apparel,GF-R1-U2,dec-fr-marseille
30396061C04BDF00008A4145,3608390776924,5076877,apparel,BR-03,dec-fr-marseille
30396061C04BDF80008A5C03,3608390776948,5076880,apparel,GF-R1-U2,dec-fr-marseille
30396061C04BDF80008C1A53,3608390776948,5076880,apparel,GF-R1-U2,dec-fr-marseille
30396061C04BDF800031C092,3608390776948,5076880,apparel,GF-R1-U2,dec-fr-marseille
30396061C04BDF800053FEBB,3608390776948,5076880,apparel,GF-R1-U2,dec-fr-marseille
30396061C04BDF800025B2AA,3608390776948,5076880,apparel,BR-04,dec-fr-marseille
30396061C04BE000005D6CE5,3608390776962,5076882,apparel,GF-R1-U2,dec-fr-marseille
30396061C04BE0000066888C,3608390776962,5076882,apparel,GF-R1-U2,dec-fr-marseille
30396061C04BE000000CF2C5,3608390776962,5076882,apparel,GF-R1-U2,dec-fr-marseille
30396061C04BE000006268FE,3608390776962,5076882,apparel,BR-01,dec-fr-marseille
30396061C04BE0800065455D,3608390776986,5076884,apparel,GF-R1-U2,dec-fr-marseille
30396061C04BE0800003C0BE,3608390776986,5076884,apparel,GF-R1-U2,dec-fr-marseille
30396061C04BE0800086FA7B,3608390776986,5076884,apparel,GF-R1-U2,dec-fr-marseille
30396061C04BE080004206B9,3608390776986,5076884,apparel,BR-02,dec-fr-marseille
30396061C04BE100007185E8,3608390777006,5076886,apparel,GF-R1-U2,dec-fr-marseille
30396061C0EE79C0002265CF,3608392441998,5275236,accessories,CO-IR,dec-fr-marseille
30396061C0EE79C000796528,3608392441998,5275236,accessories,CO-IR,dec-fr-marseille
30396061C0EE8900003D516E,3608392442605,5275237,accessories,CO-IR,dec-fr-marseille
30396061C0EE8900003D8820,3608392442605,5275237,accessories,CO-IR,dec-fr-marseille
30396061C0EE894000534A6C,3608392442612,5275238,accessories,CO-IR,dec-fr-marseille
30396061C0EE894000231DC5,3608392442612,5275238,accessories,CO-IR,dec-fr-marseille
30396061C0EE898000871E1B,3608392442629,5275239,accessories,CO-IR,dec-fr-marseille
30396061C0EE8980003C3030,3608392442629,5275239,accessories,CO-IR,dec-fr-marseille
30396061C0EE89C0004AB83C,3608392442636,5275240,accessories,CO-IR,dec-fr-marseille
30396061C0EE89C00006FA4A,3608392442636,5275240,accessories,CO-IR,dec-fr-marseille
30395DFA82C526C0001414E6,3583787261712,4516772,bag_pack,GF-R1-U2,dec-fr-marseille
30395DFA82C526C0001DBC96,3583787261712,4516772,bag_pack,GF-R1-U2,dec-fr-marseille
30395DFA82C526C00086A133,3583787261712,4516772,bag_pack,GF-R1-U2,dec-fr-marseille
30395DFA82C526C0002855FD,3583787261712,4516772,bag_pack,GF-R1-U2,dec-fr-marseille
30395DFA82C526C000141173,3583787261712,4516772,bag_pack,BR-03,dec-fr-marseille
30395DFA81A3C8C000710DBB,3583784298599,4294662,footwear,PE-01,dec-fr-marseille
30395DFA81A3C8C00001E27C,3583784298599,4294662,footwear,PE-01,dec-fr-marseille
30395DFA81A43700001C80F9,3583784303002,4294663,footwear,PE-01,dec-fr-marseille
30395DFA81A4370000653211,3583784303002,4294663,footwear,PE-01,dec-fr-marseille
30395DFA81A43700001ECA8D,3583784303002,4294663,footwear,PE-01,dec-fr-marseille
30395DFA81A43700001E9433,3583784303002,4294663,footwear,BR-04,dec-fr-marseille
30395DFA81A43740006288A1,3583784303019,4294664,footwear,PE-01,dec-fr-marseille
30395DFA81A437400048CA26,3583784303019,4294664,footwear,PE-01,dec-fr-marseille
30395DFA81A43740000E976E,3583784303019,4294664,footwear,PE-01,dec-fr-marseille
30395DFA81A437400049D2D9,3583784303019,4294664,footwear,PE-01,dec-fr-marseille
30395DFA81A43740005ABE27,3583784303019,4294664,footwear,BR-01,dec-fr-marseille
30395DFA81A43780001B575A,3583784303026,4294665,footwear,PE-01,dec-fr-marseille
30395DFA81A4378000656AE3,3583784303026,4294665,footwear,PE-01,dec-fr-marseille
30395DFA81A4378000544E9B,3583784303026,4294665,footwear,PE-01,dec-fr-marseille
30395DFA81A43780009555C7,3583784303026,4294665,footwear,PE-01,dec-fr-marseille
30395DFA81A43780003D7916,3583784303026,4294665,footwear,BR-02,dec-fr-marseille
30395DFA81A437C00015E4E0,3583784303033,4294666,footwear,PE-01,dec-fr-marseille
30395DFA81A437C000811E94,3583784303033,4294666,footwear,PE-01,dec-fr-marseille
30395DFA81A437C000882954,3583784303033,4294666,footwear,PE-01,dec-fr-marseille
30395DFA81A437C000183AF8,3583784303033,4294666,footwear,BR-03,dec-fr-marseille
30395DFA81A43800007950CB,3583784303040,4294667,footwear,PE-01,dec-fr-marseille
30395DFA81A43800004D6F6C,3583784303040,4294667,footwear,PE-01,dec-fr-marseille
30395DFA81A43800007F9EEF,3583784303040,4294667,footwear,PE-01,dec-fr-marseille
30395DFA81A438000065E687,3583784303040,4294667,footwear,BR-04,dec-fr-marseille
30395DFA81A43840007D478A,3583784303057,4294668,footwear,PE-01,dec-fr-marseille
30395DFA81A438400052EE3F,3583784303057,4294668,footwear,PE-01,dec-fr-marseille
30395DFA82C44B80000F32AF,3583787252949,4521014,apparel,GB-R3-U1,dec-fr-marseille
30395DFA82C44B800073F7FE,3583787252949,4521014,apparel,GB-R3-U1,dec-fr-marseille
30395DFA82C44B800042234A,3583787252949,4521014,apparel,GB-R3-U1,dec-fr-marseille
30395DFA82C44B800086049E,3583787252949,4521014,apparel,GB-R3-U1,dec-fr-marseille
30395DFA82C44B80000BDAC0,3583787252949,4521014,apparel,GB-R3-U1,dec-fr-marseille
30395DFA82C44B80007EA24E,3583787252949,4521014,apparel,GB-R3-U1,dec-fr-marseille
30395DFA82C44B800095511D,3583787252949,4521014,apparel,BR-01,dec-fr-marseille
30395DFA82C44BC0004E1E86,3583787252956,4521015,apparel,GB-R3-U1,dec-fr-marseille
30395DFA82C44BC00096652B,3583787252956,4521015,apparel,GB-R3-U1,dec-fr-marseille
30395DFA82C44BC000561165,3583787252956,4521015,apparel,GB-R3-U1,dec-fr-marseille
30395DFA82C44BC0007C7C6F,3583787252956,4521015,apparel,GB-R3-U1,dec-fr-marseille
30395DFA82C44BC00017B3E6,3583787252956,4521015,apparel,GB-R3-U1,dec-fr-marseille
30395DFA82C44BC00050B7A0,3583787252956,4521015,apparel,GB-R3-U1,dec-fr-marseille
30395DFA82C44BC0005F46CC,3583787252956,4521015,apparel,GB-R3-U1,dec-fr-marseille
30395DFA82C44BC00043288D,3583787252956,4521015,apparel,GB-R3-U1,dec-fr-marseille
30395DFA82C44BC0006D89E5,3583787252956,4521015,apparel,GB-R3-U1,dec-fr-marseille
30395DFA82C44BC00011D643,3583787252956,4521015,apparel,GB-R3-U1,dec-fr-marseille
30395DFA82C44BC0005FEC13,3583787252956,4521015,apparel,BR-02,dec-fr-marseille
30395DFA82C44BC0004A5205,3583787252956,4521015,apparel,BR-03,dec-fr-marseille
30396061C0A0EAC000652C59,3608391647797,5230913,apparel,GB-R3-U2,dec-fr-marseille
30396061C0A0EAC0007C929A,3608391647797,5230913,apparel,GB-R3-U2,dec-fr-marseille
30396061C0A0EAC000654AC0,3608391647797,5230913,apparel,BR-04,dec-fr-marseille
30396061C0A104000066D360,3608391648800,5230914,apparel,GB-R3-U2,dec-fr-marseille
30396061C0A10400004BB882,3608391648800,5230914,apparel,GB-R3-U2,dec-fr-marseille
30396061C0A10400004803F2,3608391648800,5230914,apparel,GB-R3-U2,dec-fr-marseille
30396061C0A1040000627BC6,3608391648800,5230914,apparel,BR-01,dec-fr-marseille
30396061C0A10440006D3666,3608391648817,5230915,apparel,GB-R3-U2,dec-fr-marseille
30396061C0A10440002B3BFF,3608391648817,5230915,apparel,GB-R3-U2,dec-fr-marseille
30396061C0A104400057CBB1,3608391648817,5230915,apparel,GB-R3-U2,dec-fr-marseille
30396061C0A104400005299D,3608391648817,5230915,apparel,BR-02,dec-fr-marseille
30396061C0A10480002A4D64,3608391648824,5230916,apparel,GB-R3-U2,dec-fr-marseille
30396061C0A10480002CBBA9,3608391648824,5230916,apparel,GB-R3-U2,dec-fr-marseille
30396061C0A1048000152E1B,3608391648824,5230916,apparel,BR-03,dec-fr-marseille
30396061C0A104C00049F0FD,3608391648831,5230917,apparel,GB-R3-U2,dec-fr-marseille
30396061C0A104C000921B08,3608391648831,5230917,apparel,GB-R3-U2,dec-fr-marseille
30396061C0A10500009666A0,3608391648848,5230918,apparel,GB-R3-U2,dec-fr-marseille
30396061C053E0C00013F616,3608390858910,5098835,accessories,GB-R2-U1,dec-fr-marseille
30396061C053E0C00045C65E,3608390858910,5098835,accessories,GB-R2-U1,dec-fr-marseille
30396061C053E0C00015988F,3608390858910,5098835,accessories,GB-R2-U1,dec-fr-marseille
30396061C053E0C00061F00C,3608390858910,5098835,accessories,GB-R2-U1,dec-fr-marseille
30396061C053E0C0007C8344,3608390858910,5098835,accessories,GB-R2-U1,dec-fr-marseille
30396061C053E0C000137CCF,3608390858910,5098835,accessories,GB-R2-U1,dec-fr-marseille
30396061C053E0C00019F391,3608390858910,5098835,accessories,GB-R2-U1,dec-fr-marseille
30396061C053E0C0008A463A,3608390858910,5098835,accessories,GB-R2-U1,dec-fr-marseille
30396061C053E0C0001BB3B6,3608390858910,5098835,accessories,GB-R2-U1,dec-fr-marseille
30396061C053E0C0003C2550,3608390858910,5098835,accessories,BR-04,dec-fr-marseille
30396061C053E0C000455461,3608390858910,5098835,accessories,BR-01,dec-fr-marseille
30396062C386B580002B8C3F,3608439243745,4744908,apparel,GF-R3-U1,dec-fr-marseille
30396062C386B5800032F390,3608439243745,4744908,apparel,GF-R3-U1,dec-fr-marseille
30396062C386B580000654AA,3608439243745,4744908,apparel,BR-02,dec-fr-marseille
30396062C386B5C00026D399,3608439243752,4744909,apparel,GF-R3-U1,dec-fr-marseille
30396062C386B5C000913FE4,3608439243752,4744909,apparel,GF-R3-U1,dec-fr-marseille
30396062C386B5C0000B406B,3608439243752,4744909,apparel,GF-R3-U1,dec-fr-marseille
30396062C386B5C000185C11,3608439243752,4744909,apparel,GF-R3-U1,dec-fr-marseille
30396062C386B5C000278C7E,3608439243752,4744909,apparel,BR-03,dec-fr-marseille
30396062C386B60000305C23,3608439243769,4744910,apparel,GF-R3-U1,dec-fr-marseille
30396062C386B60000280F73,3608439243769,4744910,apparel,GF-R3-U1,dec-fr-marseille
30396062C386B600009047D0,3608439243769,4744910,apparel,GF-R3-U1,dec-fr-marseille
30396062C386B60000410E91,3608439243769,4744910,apparel,GF-R3-U1,dec-fr-marseille
30396062C386B600004B581E,3608439243769,4744910,apparel,GF-R3-U1,dec-fr-marseille
30396062C386B60000080B19,3608439243769,4744910,apparel,GF-R3-U1,dec-fr-marseille
30396062C386B6000008CD07,3608439243769,4744910,apparel,BR-04,dec-fr-marseille
30396062C386B64000793A28,3608439243776,4744911,apparel,GF-R3-U1,dec-fr-marseille
30396062C386B640002D6D23,3608439243776,4744911,apparel,GF-R3-U1,dec-fr-marseille
30396062C386B6400079BD68,3608439243776,4744911,apparel,GF-R3-U1,dec-fr-marseille
30396062C386B640004ED415,3608439243776,4744911,apparel,GF-R3-U1,dec-fr-marseille
30396062C386B64000482B36,3608439243776,4744911,apparel,GF-R3-U1,dec-fr-marseille
30396062C386B6400055FB1C,3608439243776,4744911,apparel,BR-01,dec-fr-marseille
30396062C386B68000015E6D,3608439243783,4744912,apparel,GF-R3-U1,dec-fr-marseille
30396062C386B680007F8A89,3608439243783,4744912,apparel,GF-R3-U1,dec-fr-marseille
30395DFA83032400002BB3B0,3583787896488,2891447,apparel,GB-R1-U1,dec-fr-marseille
30395DFA83032400007D9A6B,3583787896488,2891447,apparel,GB-R1-U1,dec-fr-marseille
30395DFA83032440005A9531,3583787896495,2891446,apparel,GB-R1-U1,dec-fr-marseille
30395DFA83032440007E11F6,3583787896495,2891446,apparel,GB-R1-U1,dec-fr-marseille
30395DFA8303248000610524,3583787896501,2891448,apparel,GB-R1-U1,dec-fr-marseille
30395DFA83032480008A4482,3583787896501,2891448,apparel,GB-R1-U1,dec-fr-marseille
30395DFA830324C0004FCB01,3583787896518,2891443,apparel,GB-R1-U1,dec-fr-marseille
30395DFA830325000059E696,3583787896525,2891445,apparel,GB-R1-U1,dec-fr-marseille
30395DFA8303250000403D6C,3583787896525,2891445,apparel,GB-R1-U1,dec-fr-marseille
30395DFA83032540002FA158,3583787896532,2891444,apparel,GB-R1-U1,dec-fr-marseille
30395DFA8304AB80006C3D18,3583787912140,2896831,apparel,GB-R1-U1,dec-fr-marseille
30395DFA8304AB80000DEDA8,3583787912140,2896831,apparel,GB-R1-U1,dec-fr-marseille
30395DFA8304ABC00071A910,3583787912157,2896832,apparel,GB-R1-U1,dec-fr-marseille
30395DFA8304AC0000813B93,3583787912164,2896833,apparel,GB-R1-U1,dec-fr-marseille
30395DFA8304AC80005D3F22,3583787912188,2896830,apparel,GB-R1-U1,dec-fr-marseille
30395DFA8304AC8000047CEF,3583787912188,2896830,apparel,GB-R1-U1,dec-fr-marseille
30396061C05C090000677459,3608390942442,5134054,apparel,GB-R1-U1,dec-fr-marseille
30396061C05C09400043D197,3608390942459,5134055,apparel,GB-R1-U1,dec-fr-marseille
30396061C05C0940004CE1B5,3608390942459,5134055,apparel,GB-R1-U1,dec-fr-marseille
30396061C05C0940003EC82D,3608390942459,5134055,apparel,BR-02,dec-fr-marseille
30396061C05C09800066BC04,3608390942466,5134056,apparel,GB-R1-U1,dec-fr-marseille
30396061C05C09800079F6C8,3608390942466,5134056,apparel,GB-R1-U1,dec-fr-marseille
30396061C05C09C00013AA93,3608390942473,5134057,apparel,GB-R1-U1,dec-fr-marseille
30396061C05C09C0004A6ACF,3608390942473,5134057,apparel,GB-R1-U1,dec-fr-marseille
30396061C05C0A000014A9F8,3608390942480,5134058,apparel,GB-R1-U1,dec-fr-marseille
30396061C05C11C0002D385B,3608390942794,5134046,apparel,GB-R1-U1,dec-fr-marseille
30396061C05C30000011184A,3608390944002,5134047,apparel,GB-R1-U1,dec-fr-marseille
30396061C05C3000005A2256,3608390944002,5134047,apparel,GB-R1-U1,dec-fr-marseille
30396061C05C3040006F3E75,3608390944019,5134048,apparel,GB-R1-U1,dec-fr-marseille
30396061C05C3040006DA23A,3608390944019,5134048,apparel,GB-R1-U1,dec-fr-marseille
30396061C05C30800038B05F,3608390944026,5134049,apparel,GB-R1-U1,dec-fr-marseille
30396061C05C30C0008A835E,3608390944033,5134050,apparel,GB-R1-U1,dec-fr-marseille
30396061C05C3100003720C5,3608390944040,5134051,apparel,GB-R1-U1,dec-fr-marseille
30396061C0DD5F40000642BE,3608392266850,5414623,apparel,GB-R1-U2,dec-fr-marseille
30396061C0DD5F800008E18E,3608392266867,5414624,apparel,GB-R1-U2,dec-fr-marseille
30396061C0DD5FC00069F4E0,3608392266874,5414625,apparel,GB-R1-U2,dec-fr-marseille
30396061C0DD5FC0005F85BE,3608392266874,5414625,apparel,GB-R1-U2,dec-fr-marseille
30396061C0DD5FC00050EB2C,3608392266874,5414625,apparel,BR-03,dec-fr-marseille
30396061C0DD6000000AEAB6,3608392266881,5414626,apparel,GB-R1-U2,dec-fr-marseille
30396061C0DD6000008A52CC,3608392266881,5414626,apparel,GB-R1-U2,dec-fr-marseille
30396061C0DD60400022A3F9,3608392266898,5414627,apparel,GB-R1-U2,dec-fr-marseille
30396061C0DD604000906C41,3608392266898,5414627,apparel,GB-R1-U2,dec-fr-marseille
30396062C3B1E30000582DE5,3608439685880,343284,apparel,GB-R1-U2,dec-fr-marseille
30396062C3B1E30000006531,3608439685880,343284,apparel,GB-R1-U2,dec-fr-marseille
30396062C3B1E340001AF63A,3608439685897,343292,apparel,GB-R1-U2,dec-fr-marseille
30396062C3B1E34000702C8C,3608439685897,343292,apparel,GB-R1-U2,dec-fr-marseille
30396062C3B1E380004CC211,3608439685903,343301,apparel,GB-R1-U2,dec-fr-marseille
30396062C3B1E3800089E68E,3608439685903,343301,apparel,GB-R1-U2,dec-fr-marseille
30396062C3B1E3800091581B,3608439685903,343301,apparel,BR-04,dec-fr-marseille
30396062C3B1E40000095DA5,3608439685927,343307,apparel,GB-R1-U2,dec-fr-marseille
30396062C3B1E400001F6D4B,3608439685927,343307,apparel,GB-R1-U2,dec-fr-marseille
30396062C3B1EA400009167D,3608439686177,343277,apparel,GB-R1-U2,dec-fr-marseille
30395DFA819E21800044FD1E,3583784240703,4598045,apparel,GF-R3-U2,dec-fr-marseille
30395DFA819E21800064E519,3583784240703,4598045,apparel,GF-R3-U2,dec-fr-marseille
30395DFA819E21C0009741B0,3583784240710,4598047,apparel,GF-R3-U2,dec-fr-marseille
30395DFA819E21C0008ABCBF,3583784240710,4598047,apparel,GF-R3-U2,dec-fr-marseille
30395DFA819E21C0005E5D8D,3583784240710,4598047,apparel,BR-01,dec-fr-marseille
30395DFA819E22000053E138,3583784240727,4598049,apparel,GF-R3-U2,dec-fr-marseille
30395DFA819E220000731115,3583784240727,4598049,apparel,GF-R3-U2,dec-fr-marseille
30395DFA819E2200007ADEF2,3583784240727,4598049,apparel,GF-R3-U2,dec-fr-marseille
30395DFA819E2200007BF9BA,3583784240727,4598049,apparel,BR-02,dec-fr-marseille
30395DFA819E2240002438C8,3583784240734,4598051,apparel,GF-R3-U2,dec-fr-marseille
30395DFA819E2240003BDE3C,3583784240734,4598051,apparel,GF-R3-U2,dec-fr-marseille
30395DFA819E22400097E4F4,3583784240734,4598051,apparel,GF-R3-U2,dec-fr-marseille
30395DFA819E2240004F6356,3583784240734,4598051,apparel,GF-R3-U2,dec-fr-marseille
30395DFA819E22400015EFA5,3583784240734,4598051,apparel,BR-03,dec-fr-marseille
30395DFA819E228000386F68,3583784240741,4598053,apparel,GF-R3-U2,dec-fr-marseille
30395DFA819E2280001AFDDD,3583784240741,4598053,apparel,GF-R3-U2,dec-fr-marseille
30395DFA819E228000120F5E,3583784240741,4598053,apparel,GF-R3-U2,dec-fr-marseille
30395DFA819E2280000D8B2C,3583784240741,4598053,apparel,GF-R3-U2,dec-fr-marseille
30395DFA819E228000099F33,3583784240741,4598053,apparel,BR-04,dec-fr-marseille
30395DFA819E22C0001A7D88,3583784240758,4598055,apparel,GF-R3-U2,dec-fr-marseille
30395DFA819E22C0003AF080,3583784240758,4598055,apparel,GF-R3-U2,dec-fr-marseille
30395DFA819E22C0007FCD91,3583784240758,4598055,apparel,GF-R3-U2,dec-fr-marseille
30395DFA819E22C0005B7592,3583784240758,4598055,apparel,BR-01,dec-fr-marseille
30395DFA819E230000546A8B,3583784240765,4598057,apparel,GF-R3-U2,dec-fr-marseille
30395DFA819E23000069E826,3583784240765,4598057,apparel,GF-R3-U2,dec-fr-marseille
30395DFA819E23000089CD38,3583784240765,4598057,apparel,BR-02,dec-fr-marseille
30395DFA81AF1A80001D2319,3583784414500,4598059,apparel,GF-R3-U2,dec-fr-marseille
30396061C01D5D400060AD6E,3608390300693,4977160,bag_pack,GF-R3-U2,dec-fr-marseille
30396061C01D5D40001C7F1E,3608390300693,4977160,bag_pack,GF-R3-U2,dec-fr-marseille
30396061C01D5D40002CBBAE,3608390300693,4977160,bag_pack,GF-R3-U2,dec-fr-marseille
30396061C01D5D400000FD31,3608390300693,4977160,bag_pack,BR-03,dec-fr-marseille
30396061C01D7F00005F4C52,3608390302048,4977159,bag_pack,GF-R3-U2,dec-fr-marseille
30396061C01D7F000040C65A,3608390302048,4977159,bag_pack,GF-R3-U2,dec-fr-marseille
30396061C01D7F0000037AC9,3608390302048,4977159,bag_pack,BR-04,dec-fr-marseille
30395DFA8182FA0000466807,3583783962644,4018101,footwear,PW-01,dec-fr-marseille
30396062C3A4ED8000125F17,3608439553189,2094206,footwear,PW-01,dec-fr-marseille
30396062C3A4EDC0008BD0FB,3608439553196,2094207,footwear,PW-01,dec-fr-marseille
30396062C3A4EDC00053A89B,3608439553196,2094207,footwear,PW-01,dec-fr-marseille
30396062C3A4EE00004826F8,3608439553202,2094208,footwear,PW-01,dec-fr-marseille
30396062C3A4EE00007B4BE0,3608439553202,2094208,footwear,PW-01,dec-fr-marseille
30396062C3A4EE0000085AC5,3608439553202,2094208,footwear,BR-01,dec-fr-marseille
30396062C3A4EE4000704F9C,3608439553219,2094209,footwear,PW-01,dec-fr-marseille
30396062C3A4EE40003B8DDD,3608439553219,2094209,footwear,PW-01,dec-fr-marseille
30396062C3A4EE40003309C5,3608439553219,2094209,footwear,BR-02,dec-fr-marseille
30396062C3A4EE80005C5FB9,3608439553226,2094210,footwear,PW-01,dec-fr-marseille
30396062C3A4EE80002F4808,3608439553226,2094210,footwear,PW-01,dec-fr-marseille
30396062C3A4EE800031BD88,3608439553226,2094210,footwear,BR-03,dec-fr-marseille
30396062C3A4EEC0000D3FA1,3608439553233,2094211,footwear,PW-01,dec-fr-marseille
30396062C3A4EEC000214887,3608439553233,2094211,footwear,PW-01,dec-fr-marseille
30396062C3A4EF00005D2FB5,3608439553240,2094212,footwear,PW-01,dec-fr-marseille
30396061C1B490800019EE95,3608394470422,5849972,outdoor,GF-R3-U2,dec-fr-marseille
30396061C1B4908000906DDC,3608394470422,5849972,outdoor,GF-R3-U2,dec-fr-marseille
30396061C18068000079C2CB,3608393936325,5638068,footwear,PE-02,dec-fr-marseille
30396061C180684000682C7D,3608393936332,5638069,footwear,PE-02,dec-fr-marseille
30396061C18068800095ECE3,3608393936349,5638070,footwear,PE-02,dec-fr-marseille
30396061C18068800091C7CE,3608393936349,5638070,footwear,PE-02,dec-fr-marseille
30396061C18068C00031CDB6,3608393936356,5638071,footwear,PE-02,dec-fr-marseille
30396061C180690000401A0E,3608393936363,5638072,footwear,PE-02,dec-fr-marseille
30396061C180690000051DBF,3608393936363,5638072,footwear,PE-02,dec-fr-marseille
30396061C18069400057426D,3608393936370,5638073,footwear,PE-02,dec-fr-marseille
30396061C1806980003A1AC6,3608393936387,5638074,footwear,PE-02,dec-fr-marseille
30396061C1806FC000101D3B,3608393936639,5638063,footwear,PE-02,dec-fr-marseille
30396061C1807000003F9A08,3608393936646,5638064,footwear,PE-02,dec-fr-marseille
30396061C18070400040BC6A,3608393936653,5638065,footwear,PE-02,dec-fr-marseille
30396061C180704000686958,3608393936653,5638065,footwear,PE-02,dec-fr-marseille
30396061C18070800010016F,3608393936660,5638066,footwear,PE-02,dec-fr-marseille
30396061C18070C0002ED7D9,3608393936677,5638067,footwear,PE-02,dec-fr-marseille
30396061C180710000124E98,3608393936684,5645279,footwear,PE-02,dec-fr-marseille
30396061C193D8400037BDD7,3608394135376,5793837,footwear,PE-02,dec-fr-marseille
30396061C193D880000FB499,3608394135383,5779681,footwear,PE-02,dec-fr-marseille
30396061C193D8C0001A98D7,3608394135390,5779682,footwear,PE-02,dec-fr-marseille
30396061C193F100001FADAC,3608394136366,5791034,footwear,PE-02,dec-fr-marseille
30396061C193F14000709244,3608394136373,5779680,footwear,PE-02,dec-fr-marseille
30396061C193F1400076F55A,3608394136373,5779680,footwear,PE-02,dec-fr-marseille
30396061C193F1800097CFA1,3608394136380,5792991,footwear,PE-02,dec-fr-marseille
30396061C193F1800069C301,3608394136380,5792991,footwear,PE-02,dec-fr-marseille
3039606203C18FC000564F76,3608409846396,2665039,apparel,GF-R1-U1,dec-fr-marseille
3039606203C18FC00095F1A8,3608409846396,2665039,apparel,GF-R1-U1,dec-fr-marseille
3039606203C18FC000254E93,3608409846396,2665039,apparel,GF-R1-U1,dec-fr-marseille
3039606203C18FC0000BADE6,3608409846396,2665039,apparel,GF-R1-U1,dec-fr-marseille
3039606203C18FC0001FDEE9,3608409846396,2665039,apparel,GF-R1-U1,dec-fr-marseille
3039606203C18FC000948405,3608409846396,2665039,apparel,BR-04,dec-fr-marseille
3039606203C19000008FDEDB,3608409846402,2665038,apparel,GF-R1-U1,dec-fr-marseille
3039606203C190000000CE55,3608409846402,2665038,apparel,GF-R1-U1,dec-fr-marseille
3039606203C190000021F667,3608409846402,2665038,apparel,GF-R1-U1,dec-fr-marseille
3039606203C190000086F11D,3608409846402,2665038,apparel,GF-R1-U1,dec-fr-marseille
3039606203C19000001C045B,3608409846402,2665038,apparel,GF-R1-U1,dec-fr-marseille
3039606203C1900000649D57,3608409846402,2665038,apparel,GF-R1-U1,dec-fr-marseille
3039606203C19000007E243B,3608409846402,2665038,apparel,GF-R1-U1,dec-fr-marseille
3039606203C1900000923CAE,3608409846402,2665038,apparel,BR-01,dec-fr-marseille
3039606203C19000001BBB3A,3608409846402,2665038,apparel,BR-02,dec-fr-marseille
3039606203C19040003B62FD,3608409846419,2665040,apparel,GF-R1-U1,dec-fr-marseille
3039606203C190400037DD21,3608409846419,2665040,apparel,GF-R1-U1,dec-fr-marseille
3039606203C1904000667714,3608409846419,2665040,apparel,GF-R1-U1,dec-fr-marseille
3039606203C1904000302122,3608409846419,2665040,apparel,GF-R1-U1,dec-fr-marseille
3039606203C1904000689434,3608409846419,2665040,apparel,GF-R1-U1,dec-fr-marseille
3039606203C190400085983E,3608409846419,2665040,apparel,BR-03,dec-fr-marseille
3039606203C1908000263B5E,3608409846426,2665037,apparel,GF-R1-U1,dec-fr-marseille
3039606203C19080000788C2,3608409846426,2665037,apparel,GF-R1-U1,dec-fr-marseille
3039606203C1908000655ABC,3608409846426,2665037,apparel,GF-R1-U1,dec-fr-marseille
3039606203C19080006F949C,3608409846426,2665037,apparel,GF-R1-U1,dec-fr-marseille
3039606203C19080005BA5FE,3608409846426,2665037,apparel,GF-R1-U1,dec-fr-marseille
3039606203C1908000747663,3608409846426,2665037,apparel,GF-R1-U1,dec-fr-marseille
3039606203C190800027A246,3608409846426,2665037,apparel,GF-R1-U1,dec-fr-marseille
3039606203C19080005EF7CF,3608409846426,2665037,apparel,BR-04,dec-fr-marseille
3039606203C19080000B15DC,3608409846426,2665037,apparel,BR-01,dec-fr-marseille
3039606203C190C000867088,3608409846433,2665036,apparel,GF-R1-U1,dec-fr-marseille
3039606203C190C000551202,3608409846433,2665036,apparel,GF-R1-U1,dec-fr-marseille
3039606203C190C00092FAF3,3608409846433,2665036,apparel,BR-02,dec-fr-marseille
30396062C392BA0000412338,3608439366802,4043983,apparel,GB-R3-U1,dec-fr-marseille
30396062C392BAC00024B4D0,3608439366833,4043977,apparel,GB-R3-U1,dec-fr-marseille
30396062C392BAC0005BB618,3608439366833,4043977,apparel,GB-R3-U1,dec-fr-marseille
30396062C392BAC00091F1CD,3608439366833,4043977,apparel,GB-R3-U1,dec-fr-marseille
30396062C392BAC00071C757,3608439366833,4043977,apparel,BR-03,dec-fr-marseille
30396062C392BB40008C2EA6,3608439366857,4043975,apparel,GB-R3-U1,dec-fr-marseille
30396062C392BB40008C3F68,3608439366857,4043975,apparel,GB-R3-U1,dec-fr-marseille
30396062C392BB400059C153,3608439366857,4043975,apparel,BR-04,dec-fr-marseille
30396062C392BC000089ECA5,3608439366888,4043981,apparel,GB-R3-U1,dec-fr-marseille
30396062C392BC0000874DD4,3608439366888,4043981,apparel,GB-R3-U1,dec-fr-marseille
30396062C392BCC0007D3150,3608439366918,4043979,apparel,GB-R3-U1,dec-fr-marseille
30396062C392BCC00015DCDD,3608439366918,4043979,apparel,GB-R3-U1,dec-fr-marseille
30396062C392BCC0003F03FB,3608439366918,4043979,apparel,BR-01,dec-fr-marseille
30396062C392BD4000406E8C,3608439366932,4043973,apparel,GB-R3-U1,dec-fr-marseille
30396062C392BD4000406E1B,3608439366932,4043973,apparel,GB-R3-U1,dec-fr-marseille
30396062C392BD8000073D76,3608439366949,4043971,apparel,GB-R3-U1,dec-fr-marseille
30395DFA82B56F000042E371,3583787100769,4718097,apparel,GF-R1-U2,dec-fr-marseille
30395DFA82B56F400075262A,3583787100776,4718098,apparel,GF-R1-U2,dec-fr-marseille
30395DFA82B56F80008CFF62,3583787100783,4718095,apparel,GF-R1-U2,dec-fr-marseille
30395DFA82B56FC0000F0BB6,3583787100790,4718096,apparel,GF-R1-U2,dec-fr-marseille
30395DFA82B56FC000742E4A,3583787100790,4718096,apparel,GF-R1-U2,dec-fr-marseille
30395DFA82B61A4000664F3F,3583787107614,4472692,apparel,GF-R1-U2,dec-fr-marseille
30395DFA82B61AC000482B59,3583787107638,4472695,apparel,GF-R1-U2,dec-fr-marseille
30395DFA82B61B4000324963,3583787107652,4472697,apparel,GF-R1-U2,dec-fr-marseille
30395DFA82B61BC0002BA2CE,3583787107676,4472696,apparel,GF-R1-U2,dec-fr-marseille
30396061C0747800006E0D42,3608391192648,5203801,apparel,GF-R1-U2,dec-fr-marseille
30396061C0747840001630A1,3608391192655,5203802,apparel,GF-R1-U2,dec-fr-marseille
30396061C07478C0007AB67A,3608391192679,5203804,apparel,GF-R1-U2,dec-fr-marseille
30396061C07478C0008DBA49,3608391192679,5203804,apparel,GF-R1-U2,dec-fr-marseille
30396061C0747900006C772B,3608391192686,5203805,apparel,GF-R1-U2,dec-fr-marseille
30395DFA82E2FF400068389D,3583787567333,4335164,accessories,GB-R1-U1,dec-fr-marseille
30395DFA82E2FF40000C124D,3583787567333,4335164,accessories,GB-R1-U1,dec-fr-marseille
30395DFA82E2FF40005DC07D,3583787567333,4335164,accessories,GB-R1-U1,dec-fr-marseille
30395DFA82E2FF4000725FEB,3583787567333,4335164,accessories,GB-R1-U1,dec-fr-marseille
30395DFA82E2FF4000542CE7,3583787567333,4335164,accessories,GB-R1-U1,dec-fr-marseille
30395DFA82E2FF40001F12CC,3583787567333,4335164,accessories,GB-R1-U1,dec-fr-marseille
30395DFA82E2FF40004C2D3F,3583787567333,4335164,accessories,GB-R1-U1,dec-fr-marseille
30395DFA82E2FF400093A911,3583787567333,4335164,accessories,GB-R1-U1,dec-fr-marseille
30395DFA82E2FF400017DDD3,3583787567333,4335164,accessories,BR-02,dec-fr-marseille
30395DFA82E2FF4000168284,3583787567333,4335164,accessories,BR-03,dec-fr-marseille
30395DFA8191CC80004F5905,3583784114424,4434725,outdoor,GF-R1-U2,dec-fr-marseille
30396061C0577940003EA042,3608390895731,4894512,apparel,GB-R1-U1,dec-fr-marseille
30396061C0577940002DBCC8,3608390895731,4894512,apparel,GB-R1-U1,dec-fr-marseille
30396061C0577940005E49D5,3608390895731,4894512,apparel,BR-04,dec-fr-marseille
30396061C05779800068A6F5,3608390895748,4894513,apparel,GB-R1-U1,dec-fr-marseille
30396061C057798000011C72,3608390895748,4894513,apparel,GB-R1-U1,dec-fr-marseille
30396061C057798000288A39,3608390895748,4894513,apparel,GB-R1-U1,dec-fr-marseille
30396061C0577980004BE0F8,3608390895748,4894513,apparel,GB-R1-U1,dec-fr-marseille
30396061C0577980006599B5,3608390895748,4894513,apparel,BR-01,dec-fr-marseille
30396061C05779C000763FD0,3608390895755,4894514,apparel,GB-R1-U1,dec-fr-marseille
30396061C05779C0000B220D,3608390895755,4894514,apparel,GB-R1-U1,dec-fr-marseille
30396061C05779C0001E9AF3,3608390895755,4894514,apparel,GB-R1-U1,dec-fr-marseille
30396061C05779C000037031,3608390895755,4894514,apparel,GB-R1-U1,dec-fr-marseille
30396061C05779C0005EEB1F,3608390895755,4894514,apparel,GB-R1-U1,dec-fr-marseille
30396061C05779C000123740,3608390895755,4894514,apparel,GB-R1-U1,dec-fr-marseille
30396061C05779C000346333,3608390895755,4894514,apparel,GB-R1-U1,dec-fr-marseille
30396061C05779C000086783,3608390895755,4894514,apparel,BR-02,dec-fr-marseille
30396061C0577A000090CEEA,3608390895762,4894515,apparel,GB-R1-U1,dec-fr-marseille
30396061C0577A0000525DEE,3608390895762,4894515,apparel,GB-R1-U1,dec-fr-marseille
30396061C0577A0000548EC8,3608390895762,4894515,apparel,GB-R1-U1,dec-fr-marseille
30396061C0577A00006ED2B3,3608390895762,4894515,apparel,GB-R1-U1,dec-fr-marseille
30396061C0577A00003A16F8,3608390895762,4894515,apparel,GB-R1-U1,dec-fr-marseille
30396061C0577A00005218D5,3608390895762,4894515,apparel,GB-R1-U1,dec-fr-marseille
30396061C0577A00007B33AB,3608390895762,4894515,apparel,GB-R1-U1,dec-fr-marseille
30396061C0577A00004A6443,3608390895762,4894515,apparel,BR-03,dec-fr-marseille
30396061C0577A400063FA93,3608390895779,4894516,apparel,GB-R1-U1,dec-fr-marseille
30396061C0577A40001C403D,3608390895779,4894516,apparel,GB-R1-U1,dec-fr-marseille
30396061C0577A40006657E7,3608390895779,4894516,apparel,GB-R1-U1,dec-fr-marseille
30396061C0577A40000B4873,3608390895779,4894516,apparel,GB-R1-U1,dec-fr-marseille
30396061C0577A4000226DB2,3608390895779,4894516,apparel,BR-04,dec-fr-marseille
30396061C0577A8000971EED,3608390895786,4894517,apparel,GB-R1-U1,dec-fr-marseille
30396061C0577A80008A99D2,3608390895786,4894517,apparel,GB-R1-U1,dec-fr-marseille
30395DFA82E2FF000027DB2A,3583787567326,4335166,accessories,GB-R1-U2,dec-fr-marseille
30395DFA82E2FF000016C906,3583787567326,4335166,accessories,GB-R1-U2,dec-fr-marseille
30395DFA82E2FF000065EA3F,3583787567326,4335166,accessories,GB-R1-U2,dec-fr-marseille
30395DFA82E2FF0000098E7D,3583787567326,4335166,accessories,GB-R1-U2,dec-fr-marseille
30395DFA82E2FF000094CC62,3583787567326,4335166,accessories,GB-R1-U2,dec-fr-marseille
30395DFA82E2FF00008963A5,3583787567326,4335166,accessories,GB-R1-U2,dec-fr-marseille
30395DFA82E2FF00007548B0,3583787567326,4335166,accessories,GB-R1-U2,dec-fr-marseille
30395DFA82E2FF00006CB58A,3583787567326,4335166,accessories,BR-01,dec-fr-marseille
30395DFA82E2FF0000868020,3583787567326,4335166,accessories,BR-02,dec-fr-marseille
30395DFA82BFFD80007C9A3C,3583787208861,4697726,apparel,GB-R3-U2,dec-fr-marseille
30395DFA82BFFD80009249B2,3583787208861,4697726,apparel,GB-R3-U2,dec-fr-marseille
30395DFA82BFFD800092DB11,3583787208861,4697726,apparel,GB-R3-U2,dec-fr-marseille
30395DFA82BFFD80001F3997,3583787208861,4697726,apparel,GB-R3-U2,dec-fr-marseille
30395DFA82BFFD800011415F,3583787208861,4697726,apparel,GB-R3-U2,dec-fr-marseille
30395DFA82BFFD80007293D9,3583787208861,4697726,apparel,GB-R3-U2,dec-fr-marseille
30395DFA82BFFD80007EA8B6,3583787208861,4697726,apparel,GB-R3-U2,dec-fr-marseille
30395DFA82BFFD8000150B9E,3583787208861,4697726,apparel,GB-R3-U2,dec-fr-marseille
30395DFA82BFFD80004197CF,3583787208861,4697726,apparel,GB-R3-U2,dec-fr-marseille
30395DFA82BFFD800090CC29,3583787208861,4697726,apparel,GB-R3-U2,dec-fr-marseille
30395DFA82BFFD80006965B6,3583787208861,4697726,apparel,GB-R3-U2,dec-fr-marseille
30395DFA82BFFD8000244FD9,3583787208861,4697726,apparel,GB-R3-U2,dec-fr-marseille
30395DFA82BFFD8000402544,3583787208861,4697726,apparel,GB-R3-U2,dec-fr-marseille
30395DFA82BFFD80005F0A59,3583787208861,4697726,apparel,GB-R3-U2,dec-fr-marseille
30395DFA82BFFD8000485CDC,3583787208861,4697726,apparel,GB-R3-U2,dec-fr-marseille
30395DFA82BFFD8000872C2D,3583787208861,4697726,apparel,GB-R3-U2,dec-fr-marseille
30395DFA82BFFD800082248A,3583787208861,4697726,apparel,GB-R3-U2,dec-fr-marseille
30395DFA82BFFD80006E1C34,3583787208861,4697726,apparel,GB-R3-U2,dec-fr-marseille
30395DFA82BFFD8000392CBB,3583787208861,4697726,apparel,GB-R3-U2,dec-fr-marseille
30395DFA82BFFD80002D1169,3583787208861,4697726,apparel,GB-R3-U2,dec-fr-marseille
30395DFA82BFFD80004D317C,3583787208861,4697726,apparel,GB-R3-U2,dec-fr-marseille
30395DFA82BFFD80007B422F,3583787208861,4697726,apparel,GB-R3-U2,dec-fr-marseille
30395DFA82BFFD8000243DB3,3583787208861,4697726,apparel,GB-R3-U2,dec-fr-marseille
30395DFA82BFFD8000847575,3583787208861,4697726,apparel,GB-R3-U2,dec-fr-marseille
30395DFA82BFFD800012CF3A,3583787208861,4697726,apparel,GB-R3-U2,dec-fr-marseille
30395DFA82BFFD8000677EB9,3583787208861,4697726,apparel,GB-R3-U2,dec-fr-marseille
30395DFA82BFFD80002EBE50,3583787208861,4697726,apparel,GB-R3-U2,dec-fr-marseille
30395DFA82BFFD800036EC33,3583787208861,4697726,apparel,BR-03,dec-fr-marseille
30395DFA82BFFD800025F9F2,3583787208861,4697726,apparel,BR-04,dec-fr-marseille
30395DFA82BFFD8000762B1F,3583787208861,4697726,apparel,BR-01,dec-fr-marseille
30395DFA82BFFD80002EE838,3583787208861,4697726,apparel,BR-02,dec-fr-marseille
30395DFA82BFFD80003C60A5,3583787208861,4697726,apparel,BR-03,dec-fr-marseille
30395DFA82BFFD8000023AD0,3583787208861,4697726,apparel,BR-04,dec-fr-marseille
30396062C38FC480006027B2,3608439336508,4006585,outdoor,GB-R3-U1,dec-fr-marseille
30396062C38FC48000670586,3608439336508,4006585,outdoor,GB-R3-U1,dec-fr-marseille
3039606303C1A480002BB531,3608449847223,2456163,apparel,GB-R1-U2,dec-fr-marseille
3039606303C1A4800089F444,3608449847223,2456163,apparel,GB-R1-U2,dec-fr-marseille
3039606303C1A4800041F35D,3608449847223,2456163,apparel,BR-01,dec-fr-marseille
3039606303C1A4C00024C90C,3608449847230,2456164,apparel,GB-R1-U2,dec-fr-marseille
3039606303C1A50000189738,3608449847247,2456165,apparel,GB-R1-U2,dec-fr-marseille
3039606303C1A50000961D85,3608449847247,2456165,apparel,GB-R1-U2,dec-fr-marseille
3039606303C1A5000090782A,3608449847247,2456165,apparel,GB-R1-U2,dec-fr-marseille
3039606303C1A500005A0640,3608449847247,2456165,apparel,GB-R1-U2,dec-fr-marseille
3039606303C1A50000972C5E,3608449847247,2456165,apparel,GB-R1-U2,dec-fr-marseille
3039606303C1A5000066DA2D,3608449847247,2456165,apparel,GB-R1-U2,dec-fr-marseille
3039606303C1A5000072891D,3608449847247,2456165,apparel,GB-R1-U2,dec-fr-marseille
3039606303C1A50000558523,3608449847247,2456165,apparel,BR-02,dec-fr-marseille
3039606303C1A5400040F58C,3608449847254,2456166,apparel,GB-R1-U2,dec-fr-marseille
3039606303C1A54000729B32,3608449847254,2456166,apparel,GB-R1-U2,dec-fr-marseille
3039606303C1A5400024DAC1,3608449847254,2456166,apparel,GB-R1-U2,dec-fr-marseille
3039606303C1A540008BB550,3608449847254,2456166,apparel,GB-R1-U2,dec-fr-marseille
3039606303C1A54000911BFC,3608449847254,2456166,apparel,GB-R1-U2,dec-fr-marseille
3039606303C1A5400023AC25,3608449847254,2456166,apparel,GB-R1-U2,dec-fr-marseille
3039606303C1A54000086D9A,3608449847254,2456166,apparel,GB-R1-U2,dec-fr-marseille
3039606303C1A54000025920,3608449847254,2456166,apparel,BR-03,dec-fr-marseille
3039606303C1A580001AB749,3608449847261,2456167,apparel,GB-R1-U2,dec-fr-marseille
3039606303C1A5800026C124,3608449847261,2456167,apparel,GB-R1-U2,dec-fr-marseille
3039606303C1A580008CAEDF,3608449847261,2456167,apparel,GB-R1-U2,dec-fr-marseille
3039606303C1A5800043529B,3608449847261,2456167,apparel,GB-R1-U2,dec-fr-marseille
3039606303C1A580001C151B,3608449847261,2456167,apparel,BR-04,dec-fr-marseille
3039606303C1A5C0007E7DE2,3608449847278,2456168,apparel,GB-R1-U2,dec-fr-marseille
3039606303C1A5C000987235,3608449847278,2456168,apparel,GB-R1-U2,dec-fr-marseille
3039606303C1A5C0007BB284,3608449847278,2456168,apparel,GB-R1-U2,dec-fr-marseille
3039606303C1A5C000161F31,3608449847278,2456168,apparel,GB-R1-U2,dec-fr-marseille
3039606303C1A5C00085BBE5,3608449847278,2456168,apparel,BR-01,dec-fr-marseille
3039606303C1A600001D362F,3608449847285,2456169,apparel,GB-R1-U2,dec-fr-marseille
3039606303C1A6000013409B,3608449847285,2456169,apparel,GB-R1-U2,dec-fr-marseille
3039606303BEDE800043CA27,3608449818827,2912221,apparel,GF-R1-U1,dec-fr-marseille
3039606303BEDE80004821A5,3608449818827,2912221,apparel,GF-R1-U1,dec-fr-marseille
3039606303BEDEC00031F905,3608449818834,2912220,apparel,GF-R1-U1,dec-fr-marseille
3039606303BEDEC0007EFCFB,3608449818834,2912220,apparel,GF-R1-U1,dec-fr-marseille
3039606303BEDEC00045AED0,3608449818834,2912220,apparel,GF-R1-U1,dec-fr-marseille
3039606303BEDEC0003BDD21,3608449818834,2912220,apparel,GF-R1-U1,dec-fr-marseille
3039606303BEDEC0004BAA0F,3608449818834,2912220,apparel,BR-02,dec-fr-marseille
3039606303BEDF00002A7CBB,3608449818841,2912219,apparel,GF-R1-U1,dec-fr-marseille
3039606303BEDF000006C3CB,3608449818841,2912219,apparel,GF-R1-U1,dec-fr-marseille
3039606303BEDF000060111B,3608449818841,2912219,apparel,GF-R1-U1,dec-fr-marseille
3039606303BEDF000022C31D,3608449818841,2912219,apparel,GF-R1-U1,dec-fr-marseille
3039606303BEDF000012AE8A,3608449818841,2912219,apparel,GF-R1-U1,dec-fr-marseille
3039606303BEDF00006C1EC5,3608449818841,2912219,apparel,BR-03,dec-fr-marseille
3039606303BEDF400029867A,3608449818858,2912223,apparel,GF-R1-U1,dec-fr-marseille
3039606303BEDF40000391D3,3608449818858,2912223,apparel,GF-R1-U1,dec-fr-marseille
3039606303BEDF400009B3BF,3608449818858,2912223,apparel,GF-R1-U1,dec-fr-marseille
3039606303BEDF40004FA292,3608449818858,2912223,apparel,GF-R1-U1,dec-fr-marseille
3039606303BEDF400095645E,3608449818858,2912223,apparel,BR-04,dec-fr-marseille
3039606303BEDF8000646BDF,3608449818865,2912222,apparel,GF-R1-U1,dec-fr-marseille
3039606303BEDF8000800EC3,3608449818865,2912222,apparel,GF-R1-U1,dec-fr-marseille
30396061C0B101000075EDCD,3608391812522,5187600,accessories,GB-R3-U2,dec-fr-marseille
30396061C0B101000064503B,3608391812522,5187600,accessories,GB-R3-U2,dec-fr-marseille
30396061C0B10100008075B2,3608391812522,5187600,accessories,BR-01,dec-fr-marseille
30396061C0B10140005002C7,3608391812539,5187601,accessories,GB-R3-U2,dec-fr-marseille
30396061C0B10140004DEE37,3608391812539,5187601,accessories,GB-R3-U2,dec-fr-marseille
30396061C0B101400035972A,3608391812539,5187601,accessories,BR-02,dec-fr-marseille
30396061C0B10180002A4092,3608391812546,5187602,accessories,GB-R3-U2,dec-fr-marseille
30396061C0B101800044ADB5,3608391812546,5187602,accessories,GB-R3-U2,dec-fr-marseille
30396061C0B10180009036ED,3608391812546,5187602,accessories,BR-03,dec-fr-marseille
30396061C0486240003B8AD8,3608390741212,5066079,accessories,GB-R2-U2,dec-fr-marseille
30396061C0486F000053F1B1,3608390741724,5066080,accessories,GB-R2-U2,dec-fr-marseille
30396061C0486F0000008973,3608390741724,5066080,accessories,GB-R2-U2,dec-fr-marseille
30396061C0C526C0003EBD45,3608392018831,5365302,accessories,GB-R2-U2,dec-fr-marseille
30396061C15FCD400020C978,3608393602459,5538474,accessories,GB-R2-U2,dec-fr-marseille
30396061C1601F00002832B9,3608393605726,5537069,accessories,GB-R2-U2,dec-fr-marseille
30396061C04AFF8000008FE5,3608390767984,5075668,apparel,GB-R2-U2,dec-fr-marseille
30396061C04AFFC00048E581,3608390767991,5075669,apparel,GB-R2-U2,dec-fr-marseille
30396061C04AFFC0002D3CE5,3608390767991,5075669,apparel,GB-R2-U2,dec-fr-marseille
30396061C04B00000036ED51,3608390768004,5075670,apparel,GB-R2-U2,dec-fr-marseille
30396061C04B0000003A82C8,3608390768004,5075670,apparel,GB-R2-U2,dec-fr-marseille
30396061C04B0040005F8E1C,3608390768011,5075671,apparel,GB-R2-U2,dec-fr-marseille
30396061C05402C000249ED7,3608390860272,5075733,apparel,GB-R2-U2,dec-fr-marseille
30396061C054030000910BAE,3608390860289,5075734,apparel,GB-R2-U2,dec-fr-marseille
30396061C054034000066CDB,3608390860296,5075735,apparel,GB-R2-U2,dec-fr-marseille
30396061C0540340003A15D6,3608390860296,5075735,apparel,GB-R2-U2,dec-fr-marseille
30396061C0541F000027B391,3608390861408,5075736,apparel,GB-R2-U2,dec-fr-marseille
30396061C0541F00000DACDE,3608390861408,5075736,apparel,GB-R2-U2,dec-fr-marseille
30396061C0541F4000042CED,3608390861415,5075737,apparel,GB-R2-U2,dec-fr-marseille
30396061C0541F4000142B6B,3608390861415,5075737,apparel,GB-R2-U2,dec-fr-marseille
30396061C0541F8000884237,3608390861422,5075738,apparel,GB-R2-U2,dec-fr-marseille
30396061C0886F00003BFFC3,3608391397081,4850842,apparel,GF-R3-U1,dec-fr-marseille
30396061C0886F0000399C28,3608391397081,4850842,apparel,GF-R3-U1,dec-fr-marseille
30396061C0886F00006C32F4,3608391397081,4850842,apparel,GF-R3-U1,dec-fr-marseille
30396061C0886F00002D460D,3608391397081,4850842,apparel,GF-R3-U1,dec-fr-marseille
30396061C0886F00000F14DE,3608391397081,4850842,apparel,BR-04,dec-fr-marseille
30396061C089380000138459,3608391405120,4850843,apparel,GF-R3-U1,dec-fr-marseille
30396061C08938000067C1A4,3608391405120,4850843,apparel,GF-R3-U1,dec-fr-marseille
30396061C089380000054784,3608391405120,4850843,apparel,BR-01,dec-fr-marseille
30396061C089388000372CE5,3608391405144,4850839,apparel,GF-R3-U1,dec-fr-marseille
30396061C0893880006D97E5,3608391405144,4850839,apparel,GF-R3-U1,dec-fr-marseille
30396061C08938800004EA9B,3608391405144,4850839,apparel,GF-R3-U1,dec-fr-marseille
30396061C0893880002A9366,3608391405144,4850839,apparel,BR-02,dec-fr-marseille
30396061C0898A4000110688,3608391408411,4850844,apparel,GF-R3-U1,dec-fr-marseille
30396061C089C100000C2635,3608391410605,4850840,apparel,GF-R3-U1,dec-fr-marseille
30396061C089C1000041041B,3608391410605,4850840,apparel,GF-R3-U1,dec-fr-marseille
30396061C089C100007E3A55,3608391410605,4850840,apparel,GF-R3-U1,dec-fr-marseille
30396061C089C10000954058,3608391410605,4850840,apparel,GF-R3-U1,dec-fr-marseille
30396061C089C1000011FC88,3608391410605,4850840,apparel,GF-R3-U1,dec-fr-marseille
30396061C089C1000037E87C,3608391410605,4850840,apparel,GF-R3-U1,dec-fr-marseille
30396061C089C10000359963,3608391410605,4850840,apparel,BR-03,dec-fr-marseille
30396061C08C9FC000850BDB,3608391439996,4850841,apparel,GF-R3-U1,dec-fr-marseille
30396061C08C9FC0004F6F68,3608391439996,4850841,apparel,GF-R3-U1,dec-fr-marseille
30396061C08C9FC00033C6A1,3608391439996,4850841,apparel,GF-R3-U1,dec-fr-marseille
30396061C08C9FC0002EBC40,3608391439996,4850841,apparel,GF-R3-U1,dec-fr-marseille
30396061C08C9FC0000EED74,3608391439996,4850841,apparel,GF-R3-U1,dec-fr-marseille
30396061C08C9FC000576960,3608391439996,4850841,apparel,GF-R3-U1,dec-fr-marseille
30396061C08C9FC000298A0E,3608391439996,4850841,apparel,BR-04,dec-fr-marseille
30395DFA82B6F08000493ED1,3583787116180,4696561,outdoor,GB-R1-U1,dec-fr-marseille
30395DFA82B6F1000086D014,3583787116203,4696563,outdoor,GB-R1-U1,dec-fr-marseille
30396062C392518000807DBE,3608439362620,2779823,bag_pack,PE-01,dec-fr-marseille
30396062C392518000555440,3608439362620,2779823,bag_pack,PE-01,dec-fr-marseille
30396062C3925180008F1652,3608439362620,2779823,bag_pack,BR-01,dec-fr-marseille
30396062C39738400008DF23,3608439412813,2487053,bag_pack,PE-01,dec-fr-marseille
30396062C397384000027254,3608439412813,2487053,bag_pack,PE-01,dec-fr-marseille
30396062C397384000392ACF,3608439412813,2487053,bag_pack,BR-02,dec-fr-marseille
30396061C15C7CC0005A971E,3608393568519,5678356,bag_pack,GF-R3-U1,dec-fr-marseille
30396061C15C7CC000216666,3608393568519,5678356,bag_pack,GF-R3-U1,dec-fr-marseille
30396061C15C7CC00036A67A,3608393568519,5678356,bag_pack,GF-R3-U1,dec-fr-marseille
30396061C15C7CC0004DB415,3608393568519,5678356,bag_pack,GF-R3-U1,dec-fr-marseille
30396061C15C7CC000535177,3608393568519,5678356,bag_pack,BR-03,dec-fr-marseille
30396061C0AE6D80001A369F,3608391786144,5276078,apparel,GF-R3-U2,dec-fr-marseille
30396061C0AE6DC00071835F,3608391786151,5276079,apparel,GF-R3-U2,dec-fr-marseille
30396061C0AE6DC0000FF0EE,3608391786151,5276079,apparel,GF-R3-U2,dec-fr-marseille
30396061C0AE6E00002DDD28,3608391786168,5276080,apparel,GF-R3-U2,dec-fr-marseille
30396061C0AE6E8000751345,3608391786182,5276082,apparel,GF-R3-U2,dec-fr-marseille
30396061C0AE6E80006E6C63,3608391786182,5276082,apparel,GF-R3-U2,dec-fr-marseille
30396061C0AE6EC00006D0BC,3608391786199,5276083,apparel,GF-R3-U2,dec-fr-marseille
30396061C0AE6EC00062CD01,3608391786199,5276083,apparel,GF-R3-U2,dec-fr-marseille
30396061C0AE6EC0003857B5,3608391786199,5276083,apparel,BR-04,dec-fr-marseille
30396061C121AD00004A1286,3608392966286,5554270,apparel,GF-R3-U2,dec-fr-marseille
30396061C121AD0000949C86,3608392966286,5554270,apparel,GF-R3-U2,dec-fr-marseille
30396061C121AD40001FB775,3608392966293,5554271,apparel,GF-R3-U2,dec-fr-marseille
30396061C121AD400061FCCC,3608392966293,5554271,apparel,GF-R3-U2,dec-fr-marseille
30396061C121BA00000057A5,3608392966804,5554272,apparel,GF-R3-U2,dec-fr-marseille
30396061C121BA80004FC913,3608392966828,5554275,apparel,GF-R3-U2,dec-fr-marseille
30396061C121BAC0008063A2,3608392966835,5554276,apparel,GF-R3-U2,dec-fr-marseille
30396061C121BAC0000EF8C2,3608392966835,5554276,apparel,GF-R3-U2,dec-fr-marseille
30396061C121BAC00006EECA,3608392966835,5554276,apparel,BR-01,dec-fr-marseille
30396061C121BB00005DD341,3608392966842,5554277,apparel,GF-R3-U2,dec-fr-marseille
30396061C121BB00006CA3D2,3608392966842,5554277,apparel,GF-R3-U2,dec-fr-marseille
30395DFA82DA82C000603AFC,3583787480434,4006205,bag_pack,PE-03,dec-fr-marseille
30395DFA82DA82C0007CF27B,3583787480434,4006205,bag_pack,PE-03,dec-fr-marseille
30395DFA82DA82C000962B21,3583787480434,4006205,bag_pack,PE-03,dec-fr-marseille
30395DFA82DA82C000174895,3583787480434,4006205,bag_pack,BR-02,dec-fr-marseille
30396061C1A935C0000F7D47,3608394354159,5819256,bag_pack,PE-03,dec-fr-marseille
30396061C1A935C000485440,3608394354159,5819256,bag_pack,PE-03,dec-fr-marseille
30396061C1A935C00051AC50,3608394354159,5819256,bag_pack,PE-03,dec-fr-marseille
30396061C1A935C0002F4497,3608394354159,5819256,bag_pack,PE-03,dec-fr-marseille
30396061C1A935C00067D41D,3608394354159,5819256,bag_pack,BR-03,dec-fr-marseille
30395DFA82E2FF8000319621,3583787567340,4335169,accessories,PI-01,dec-fr-marseille
30395DFA82E2FF800081C4AE,3583787567340,4335169,accessories,PI-01,dec-fr-marseille
30395DFA82E2FF800052F138,3583787567340,4335169,accessories,PI-01,dec-fr-marseille
30395DFA82E2FF800011AE94,3583787567340,4335169,accessories,PI-01,dec-fr-marseille
30395DFA82E2FF800024D892,3583787567340,4335169,accessories,PI-01,dec-fr-marseille
30395DFA82E2FF8000040D4B,3583787567340,4335169,accessories,PI-01,dec-fr-marseille
30395DFA82E2FF80000EB77A,3583787567340,4335169,accessories,PI-01,dec-fr-marseille
30395DFA82E2FF80006F4494,3583787567340,4335169,accessories,BR-04,dec-fr-marseille
30395DFA82E2FF800067ACAC,3583787567340,4335169,accessories,BR-01,dec-fr-marseille
30396061C1A95B40000AF0E6,3608394355651,5816928,footwear,PW-02,dec-fr-marseille
30396061C1A95B80008F5739,3608394355668,5816929,footwear,PW-02,dec-fr-marseille
30396061C1A95BC0000415D8,3608394355675,5816930,footwear,PW-02,dec-fr-marseille
30396061C1A95C000019012A,3608394355682,5816931,footwear,PW-02,dec-fr-marseille
30396061C1A95C4000238C6F,3608394355699,5816932,footwear,PW-02,dec-fr-marseille
30396061C1A95F000072A67D,3608394355804,5816933,footwear,PW-02,dec-fr-marseille
30396061C1A95F00001A6BBC,3608394355804,5816933,footwear,PW-02,dec-fr-marseille
30396061C1A95F400084FF3E,3608394355811,5816934,footwear,PW-02,dec-fr-marseille
30396061C1A95F400072C37A,3608394355811,5816934,footwear,PW-02,dec-fr-marseille
30396061C1A95F80002F5FA5,3608394355828,5816935,footwear,PW-02,dec-fr-marseille
30396061C1A96000003C4FF8,3608394355842,5816937,footwear,PW-02,dec-fr-marseille
30396061C1A96040002F5937,3608394355859,5816938,footwear,PW-02,dec-fr-marseille
30396061C0219F80004DE6F8,3608390344307,4521313,accessories,GB-R2-U1,dec-fr-marseille
30396061C0219F80001B423F,3608390344307,4521313,accessories,GB-R2-U1,dec-fr-marseille
30396061C0219FC00002F011,3608390344314,4521314,accessories,GB-R2-U1,dec-fr-marseille
30396061C0219FC0007054FF,3608390344314,4521314,accessories,GB-R2-U1,dec-fr-marseille
30396061C021A000006F01AF,3608390344321,4521315,accessories,GB-R2-U1,dec-fr-marseille
30396061C021A0000031E0DF,3608390344321,4521315,accessories,GB-R2-U1,dec-fr-marseille
30395DFA82D40100004DD387,3583787413807,4402421,apparel,GB-R3-U1,dec-fr-marseille
30395DFA82D40140000B9C01,3583787413814,4393050,apparel,GB-R3-U1,dec-fr-marseille
30395DFA82D40180006DF997,3583787413821,4402424,apparel,GB-R3-U1,dec-fr-marseille
30395DFA82D401C00032E99A,3583787413838,4393054,apparel,GB-R3-U1,dec-fr-marseille
30395DFA82D401C00047A7EE,3583787413838,4393054,apparel,GB-R3-U1,dec-fr-marseille
30395DFA82D40200004D5D2F,3583787413845,4393055,apparel,GB-R3-U1,dec-fr-marseille
30395DFA82D4020000966D5C,3583787413845,4393055,apparel,GB-R3-U1,dec-fr-marseille
30395DFA82D40200005E75BC,3583787413845,4393055,apparel,BR-02,dec-fr-marseille
30395DFA82D40240003510A4,3583787413852,4393052,apparel,GB-R3-U1,dec-fr-marseille
30395DFA82D4024000553CA2,3583787413852,4393052,apparel,GB-R3-U1,dec-fr-marseille
30395DFA82D402800064BF3B,3583787413869,4402417,apparel,GB-R3-U1,dec-fr-marseille
30395DFA82D40280000E5FF2,3583787413869,4402417,apparel,GB-R3-U1,dec-fr-marseille
30395DFA82D402C000271268,3583787413876,4393056,apparel,GB-R3-U1,dec-fr-marseille
30395DFA82D402C000453528,3583787413876,4393056,apparel,GB-R3-U1,dec-fr-marseille
30396061C17D8AC00057D136,3608393906991,5075896,apparel,GF-R1-U2,dec-fr-marseille
30396061C17D8AC00079626F,3608393906991,5075896,apparel,GF-R1-U2,dec-fr-marseille
30396061C17D9F0000060F28,3608393907806,5075897,apparel,GF-R1-U2,dec-fr-marseille
30396061C17D9F00007CFFF8,3608393907806,5075897,apparel,GF-R1-U2,dec-fr-marseille
30396061C17D9F00000B707E,3608393907806,5075897,apparel,GF-R1-U2,dec-fr-marseille
30396061C17D9F0000616EC7,3608393907806,5075897,apparel,BR-03,dec-fr-marseille
30396061C17D9F40003BFD37,3608393907813,5075898,apparel,GF-R1-U2,dec-fr-marseille
30396061C17D9F4000228E5F,3608393907813,5075898,apparel,GF-R1-U2,dec-fr-marseille
30396061C17D9F40004B546C,3608393907813,5075898,apparel,GF-R1-U2,dec-fr-marseille
30396061C17D9F400022F9A1,3608393907813,5075898,apparel,GF-R1-U2,dec-fr-marseille
30396061C17D9F40001F6785,3608393907813,5075898,apparel,GF-R1-U2,dec-fr-marseille
30396061C17D9F400085933E,3608393907813,5075898,apparel,BR-04,dec-fr-marseille
30396061C17D9F8000183AB8,3608393907820,5075900,apparel,GF-R1-U2,dec-fr-marseille
30396061C17D9F8000168E0C,3608393907820,5075900,apparel,GF-R1-U2,dec-fr-marseille
30396061C17D9F80005D3C94,3608393907820,5075900,apparel,GF-R1-U2,dec-fr-marseille
30396061C17D9F800057FBAC,3608393907820,5075900,apparel,GF-R1-U2,dec-fr-marseille
30396061C17D9F80004D93EC,3608393907820,5075900,apparel,GF-R1-U2,dec-fr-marseille
30396061C17D9F8000500D54,3608393907820,5075900,apparel,BR-01,dec-fr-marseille
30396061C17D9FC000812A10,3608393907837,5075901,apparel,GF-R1-U2,dec-fr-marseille
30396061C17D9FC0003E27F1,3608393907837,5075901,apparel,GF-R1-U2,dec-fr-marseille
30396061C17D9FC00088CDA1,3608393907837,5075901,apparel,GF-R1-U2,dec-fr-marseille
30396061C17D9FC000802E3A,3608393907837,5075901,apparel,BR-02,dec-fr-marseille
30396061C17DA000004668DF,3608393907844,5075903,apparel,GF-R1-U2,dec-fr-marseille
30396061C17DA000004959B9,3608393907844,5075903,apparel,GF-R1-U2,dec-fr-marseille
30396062C38B19C00043E236,3608439288715,4527559,bag_pack,GF-R3-U2,dec-fr-marseille
30396062C38B19C00074B28C,3608439288715,4527559,bag_pack,GF-R3-U2,dec-fr-marseille
30396062C38B19C0001BF558,3608439288715,4527559,bag_pack,BR-03,dec-fr-marseille
30396062C38B1E0000629529,3608439288883,4527555,bag_pack,GF-R3-U2,dec-fr-marseille
30396062C38B1E00000E7D6D,3608439288883,4527555,bag_pack,GF-R3-U2,dec-fr-marseille
30396062C38B1E00005AC125,3608439288883,4527555,bag_pack,BR-04,dec-fr-marseille
30396061C0A046000046345C,3608391641207,5225525,outdoor,GB-R1-U2,dec-fr-marseille
30396061C0A046400091A519,3608391641214,5225526,outdoor,GB-R1-U2,dec-fr-marseille
30395DFA81875A400080FBB0,3583784007450,2686362,apparel,GB-R1-U1,dec-fr-marseille
30396061C1074780002A9536,3608392695988,2686357,apparel,GB-R1-U1,dec-fr-marseille
3039606303C141C000485867,3608449843270,2686355,apparel,GB-R1-U1,dec-fr-marseille
3039606303C141C00032A37A,3608449843270,2686355,apparel,GB-R1-U1,dec-fr-marseille
3039606303C14340005FA96A,3608449843331,2686359,apparel,GB-R1-U1,dec-fr-marseille
3039606303C14340007782BC,3608449843331,2686359,apparel,GB-R1-U1,dec-fr-marseille
3039606303C14340005D3F24,3608449843331,2686359,apparel,GB-R1-U1,dec-fr-marseille
3039606303C143400054D801,3608449843331,2686359,apparel,BR-01,dec-fr-marseille
3039606303C143C0005C5DEC,3608449843355,2686360,apparel,GB-R1-U1,dec-fr-marseille
3039606303C143C0001C466F,3608449843355,2686360,apparel,GB-R1-U1,dec-fr-marseille
3039606303C143C0008B3F81,3608449843355,2686360,apparel,BR-02,dec-fr-marseille
3039606303C1440000006E93,3608449843362,2686361,apparel,GB-R1-U1,dec-fr-marseille
3039606303C144000060BF26,3608449843362,2686361,apparel,GB-R1-U1,dec-fr-marseille
3039606303C14400008DC3B1,3608449843362,2686361,apparel,BR-03,dec-fr-marseille
3039606303C147000031E636,3608449843485,2686358,apparel,GB-R1-U1,dec-fr-marseille
3039606303C147000035F889,3608449843485,2686358,apparel,GB-R1-U1,dec-fr-marseille
3039606303C14700003C38E4,3608449843485,2686358,apparel,GB-R1-U1,dec-fr-marseille
3039606303C147000018F6C9,3608449843485,2686358,apparel,BR-04,dec-fr-marseille
30396062C38C76C00067DF36,3608439302671,4267359,footwear,PE-01,dec-fr-marseille
30396062C38C7700003D791F,3608439302688,4267358,footwear,PE-01,dec-fr-marseille
30396062C38C77000086196D,3608439302688,4267358,footwear,PE-01,dec-fr-marseille
30396062C38C7740002E882E,3608439302695,4267357,footwear,PE-01,dec-fr-marseille
30396062C38C77400050A17F,3608439302695,4267357,footwear,PE-01,dec-fr-marseille
30396062C38C77800038610F,3608439302701,4267356,footwear,PE-01,dec-fr-marseille
30396062C38C7780000698EF,3608439302701,4267356,footwear,PE-01,dec-fr-marseille
30396062C38C778000123DBB,3608439302701,4267356,footwear,PE-01,dec-fr-marseille
30396062C38C7780002CE72F,3608439302701,4267356,footwear,BR-01,dec-fr-marseille
30396062C38C77C000644017,3608439302718,4267355,footwear,PE-01,dec-fr-marseille
30396062C38C77C000768234,3608439302718,4267355,footwear,PE-01,dec-fr-marseille
30396062C38C77C00051995E,3608439302718,4267355,footwear,PE-01,dec-fr-marseille
30396062C38C77C0000FB07D,3608439302718,4267355,footwear,PE-01,dec-fr-marseille
30396062C38C77C000205F18,3608439302718,4267355,footwear,BR-02,dec-fr-marseille
30396062C38C780000040F98,3608439302725,4267354,footwear,PE-01,dec-fr-marseille
30396062C38C7800000D8267,3608439302725,4267354,footwear,PE-01,dec-fr-marseille
30396062C38C7800008FE82C,3608439302725,4267354,footwear,PE-01,dec-fr-marseille
30396062C38C780000486A39,3608439302725,4267354,footwear,BR-03,dec-fr-marseille
30396062C38C78400085FB99,3608439302732,4267353,footwear,PE-01,dec-fr-marseille
30396062C38C7840005F1006,3608439302732,4267353,footwear,PE-01,dec-fr-marseille
30396062C38C7840008E7165,3608439302732,4267353,footwear,BR-04,dec-fr-marseille
30396062C38C7880005146AC,3608439302749,4267352,footwear,PE-01,dec-fr-marseille
30396062C38C7880005C0E6F,3608439302749,4267352,footwear,PE-01,dec-fr-marseille
30396062C38C78C00068AD94,3608439302756,4267351,footwear,PE-01,dec-fr-marseille
30396062C39BE1000017323B,3608439460524,2558419,outdoor,GB-R3-U2,dec-fr-marseille
30396062C39BE1000017E1A3,3608439460524,2558419,outdoor,GB-R3-U2,dec-fr-marseille
30395DFA82EF3200001F2555,3583787692240,4032203,apparel,GB-R3-U2,dec-fr-marseille
30395DFA82EF3500007C64EC,3583787692363,4032208,apparel,GB-R3-U2,dec-fr-marseille
30395DFA82EF3500006BC9CE,3583787692363,4032208,apparel,GB-R3-U2,dec-fr-marseille
30395DFA82EF35400064F11D,3583787692370,4032209,apparel,GB-R3-U2,dec-fr-marseille
30395DFA82EF35400010AE5E,3583787692370,4032209,apparel,GB-R3-U2,dec-fr-marseille
30395DFA82EF35C00082AE9B,3583787692394,4032212,apparel,GB-R3-U2,dec-fr-marseille
30395DFA82EF3600006F65A4,3583787692400,4032210,apparel,GB-R3-U2,dec-fr-marseille
30395DFA82EF36400035B49C,3583787692417,4032211,apparel,GB-R3-U2,dec-fr-marseille
30395DFA82EF36400098387D,3583787692417,4032211,apparel,GB-R3-U2,dec-fr-marseille
30395DFA830302C0001DD87A,3583787895153,2920393,apparel,GB-R3-U2,dec-fr-marseille
30395DFA830303800007DAF6,3583787895184,2920396,apparel,GB-R3-U2,dec-fr-marseille
30395DFA830303C00037A604,3583787895191,2920395,apparel,GB-R3-U2,dec-fr-marseille
30395DFA83030400009184DC,3583787895207,2920394,apparel,GB-R3-U2,dec-fr-marseille
30395DFA83030400002B6C26,3583787895207,2920394,apparel,GB-R3-U2,dec-fr-marseille
30395DFA82C678800074C72D,3583787275221,4724864,apparel,GB-R1-U2,dec-fr-marseille
30395DFA82C679C0003D6340,3583787275276,4724867,apparel,GB-R1-U2,dec-fr-marseille
30395DFA82C67A8000512247,3583787275306,4724866,apparel,GB-R1-U2,dec-fr-marseille
30395DFA82C67A800059B7CE,3583787275306,4724866,apparel,GB-R1-U2,dec-fr-marseille
30395DFA82C67B40004CEEC3,3583787275337,4724865,apparel,GB-R1-U2,dec-fr-marseille
30395DFA82C67B400034104C,3583787275337,4724865,apparel,GB-R1-U2,dec-fr-marseille
30396061C044E480003220DC,3608390705467,5059319,apparel,GB-R1-U2,dec-fr-marseille
30396061C044E4C000153B8C,3608390705474,5059320,apparel,GB-R1-U2,dec-fr-marseille
30396061C044E50000314C51,3608390705481,5059321,apparel,GB-R1-U2,dec-fr-marseille
30396061C044E50000909CED,3608390705481,5059321,apparel,GB-R1-U2,dec-fr-marseille
30396061C044E5400051F399,3608390705498,5059322,apparel,GB-R1-U2,dec-fr-marseille
30396061C044E540001E0BFB,3608390705498,5059322,apparel,GB-R1-U2,dec-fr-marseille
30396061C045A880005DEF19,3608390713301,5059323,apparel,GB-R1-U2,dec-fr-marseille
30396061C045A88000305577,3608390713301,5059323,apparel,GB-R1-U2,dec-fr-marseille
30395DFA819262C000695133,3583784120432,4272073,apparel,GF-R1-U1,dec-fr-marseille
30395DFA819262C0003E0BEA,3583784120432,4272073,apparel,GF-R1-U1,dec-fr-marseille
30395DFA819262C000507B80,3583784120432,4272073,apparel,BR-01,dec-fr-marseille
30395DFA81926340003FF435,3583784120456,4272075,apparel,GF-R1-U1,dec-fr-marseille
30395DFA81926340005552C6,3583784120456,4272075,apparel,GF-R1-U1,dec-fr-marseille
3039606303BED940008F88DC,3608449818612,4272079,apparel,GF-R1-U1,dec-fr-marseille
3039606303BED94000861B18,3608449818612,4272079,apparel,GF-R1-U1,dec-fr-marseille
3039606303BED940005176F4,3608449818612,4272079,apparel,GF-R1-U1,dec-fr-marseille
3039606303BED940000873FB,3608449818612,4272079,apparel,GF-R1-U1,dec-fr-marseille
3039606303BED94000315935,3608449818612,4272079,apparel,GF-R1-U1,dec-fr-marseille
3039606303BED940005CAE62,3608449818612,4272079,apparel,GF-R1-U1,dec-fr-marseille
3039606303BED9400074552B,3608449818612,4272079,apparel,GF-R1-U1,dec-fr-marseille
3039606303BED9400064F799,3608449818612,4272079,apparel,BR-02,dec-fr-marseille
3039606303BED9800028E196,3608449818629,4272080,apparel,GF-R1-U1,dec-fr-marseille
3039606303BED980004ED8EA,3608449818629,4272080,apparel,GF-R1-U1,dec-fr-marseille
3039606303BED9800000C2CF,3608449818629,4272080,apparel,GF-R1-U1,dec-fr-marseille
3039606303BED980008F1B18,3608449818629,4272080,apparel,GF-R1-U1,dec-fr-marseille
3039606303BED98000265DED,3608449818629,4272080,apparel,GF-R1-U1,dec-fr-marseille
3039606303BED980004C53F4,3608449818629,4272080,apparel,GF-R1-U1,dec-fr-marseille
3039606303BED98000903780,3608449818629,4272080,apparel,GF-R1-U1,dec-fr-marseille
3039606303BED98000698982,3608449818629,4272080,apparel,BR-03,dec-fr-marseille
3039606303BED9C0005A8FFD,3608449818636,4272081,apparel,GF-R1-U1,dec-fr-marseille
3039606303BED9C0004F4F57,3608449818636,4272081,apparel,GF-R1-U1,dec-fr-marseille
3039606303BED9C00041E927,3608449818636,4272081,apparel,GF-R1-U1,dec-fr-marseille
3039606303BED9C0003FD091,3608449818636,4272081,apparel,GF-R1-U1,dec-fr-marseille
3039606303BED9C000042C86,3608449818636,4272081,apparel,BR-04,dec-fr-marseille
3039606303BEDA0000784FEE,3608449818643,4272082,apparel,GF-R1-U1,dec-fr-marseille
3039606303BEDA00002D976E,3608449818643,4272082,apparel,GF-R1-U1,dec-fr-marseille
3039606303BEDA0000701CF6,3608449818643,4272082,apparel,GF-R1-U1,dec-fr-marseille
3039606303BEDA0000847920,3608449818643,4272082,apparel,GF-R1-U1,dec-fr-marseille
3039606303BEDA000013D7E7,3608449818643,4272082,apparel,GF-R1-U1,dec-fr-marseille
3039606303BEDA00001B29B5,3608449818643,4272082,apparel,BR-01,dec-fr-marseille
3039606283BD7DC000654B7A,3608429804710,2501397,apparel,GF-R2-U1,dec-fr-marseille
3039606283BD7E00001CA8B9,3608429804727,2501396,apparel,GF-R2-U1,dec-fr-marseille
3039606283BD7E000044C69A,3608429804727,2501396,apparel,GF-R2-U1,dec-fr-marseille
3039606283BD7E80005CB2F2,3608429804741,2501395,apparel,GF-R2-U1,dec-fr-marseille
3039606283BD7E800051D961,3608429804741,2501395,apparel,GF-R2-U1,dec-fr-marseille
3039606283BD7E80006F9AA5,3608429804741,2501395,apparel,GF-R2-U1,dec-fr-marseille
3039606283BD7E800021B9B8,3608429804741,2501395,apparel,BR-02,dec-fr-marseille
3039606283BD7F00006F0B9C,3608429804765,2501394,apparel,GF-R2-U1,dec-fr-marseille
3039606283BD7F00003FBA01,3608429804765,2501394,apparel,GF-R2-U1,dec-fr-marseille
3039606283BD7F0000707DAC,3608429804765,2501394,apparel,GF-R2-U1,dec-fr-marseille
3039606283BD7F0000069293,3608429804765,2501394,apparel,GF-R2-U1,dec-fr-marseille
3039606283BD7F0000118E0E,3608429804765,2501394,apparel,GF-R2-U1,dec-fr-marseille
3039606283BD7F0000923553,3608429804765,2501394,apparel,BR-03,dec-fr-marseille
3039606283BD7F80008485DC,3608429804789,2501393,apparel,GF-R2-U1,dec-fr-marseille
3039606283BD7F80005576E4,3608429804789,2501393,apparel,GF-R2-U1,dec-fr-marseille
3039606283BD7F800044029E,3608429804789,2501393,apparel,GF-R2-U1,dec-fr-marseille
3039606283BD7F8000650DE2,3608429804789,2501393,apparel,GF-R2-U1,dec-fr-marseille
3039606283BD7F800038F16F,3608429804789,2501393,apparel,GF-R2-U1,dec-fr-marseille
3039606283BD7F80006B0875,3608429804789,2501393,apparel,BR-04,dec-fr-marseille
3039606283BD7FC0000BAE87,3608429804796,2501392,apparel,GF-R2-U1,dec-fr-marseille
3039606283BD7FC0000D068B,3608429804796,2501392,apparel,GF-R2-U1,dec-fr-marseille
3039606283BD7FC0002D6826,3608429804796,2501392,apparel,GF-R2-U1,dec-fr-marseille
3039606283BD7FC00023D315,3608429804796,2501392,apparel,BR-01,dec-fr-marseille
30395DFA82D760C0004CA65C,3583787448359,4468395,apparel,GF-R1-U2,dec-fr-marseille
30395DFA82D760C000275CD6,3583787448359,4468395,apparel,GF-R1-U2,dec-fr-marseille
30395DFA82D760C00048E6B0,3583787448359,4468395,apparel,GF-R1-U2,dec-fr-marseille
30395DFA82D760C00053CD86,3583787448359,4468395,apparel,GF-R1-U2,dec-fr-marseille
30395DFA82D760C0004F1540,3583787448359,4468395,apparel,GF-R1-U2,dec-fr-marseille
30395DFA82D760C00033BA5C,3583787448359,4468395,apparel,GF-R1-U2,dec-fr-marseille
30395DFA82D760C0008B5C94,3583787448359,4468395,apparel,BR-02,dec-fr-marseille
30395DFA82D76100006D6AF0,3583787448366,4468396,apparel,GF-R1-U2,dec-fr-marseille
30395DFA82D7610000583E59,3583787448366,4468396,apparel,GF-R1-U2,dec-fr-marseille
30395DFA82D761000034BEA0,3583787448366,4468396,apparel,GF-R1-U2,dec-fr-marseille
30395DFA82D761000029EC62,3583787448366,4468396,apparel,GF-R1-U2,dec-fr-marseille
30395DFA82D76100009054D1,3583787448366,4468396,apparel,BR-03,dec-fr-marseille
30395DFA82D761800043F1C4,3583787448380,4468392,apparel,GF-R1-U2,dec-fr-marseille
30395DFA82D76180007B4F26,3583787448380,4468392,apparel,GF-R1-U2,dec-fr-marseille
30395DFA82D76180002BDC16,3583787448380,4468392,apparel,GF-R1-U2,dec-fr-marseille
30395DFA82D76180005D69A6,3583787448380,4468392,apparel,GF-R1-U2,dec-fr-marseille
30395DFA82D76180001B6691,3583787448380,4468392,apparel,BR-04,dec-fr-marseille
30395DFA82D76200007020E2,3583787448403,4468393,apparel,GF-R1-U2,dec-fr-marseille
30395DFA82D76200004559E5,3583787448403,4468393,apparel,GF-R1-U2,dec-fr-marseille
30395DFA82D7620000418752,3583787448403,4468393,apparel,GF-R1-U2,dec-fr-marseille
30395DFA82D76200006D4229,3583787448403,4468393,apparel,GF-R1-U2,dec-fr-marseille
30395DFA82D762000016D0F3,3583787448403,4468393,apparel,GF-R1-U2,dec-fr-marseille
30395DFA82D7620000619096,3583787448403,4468393,apparel,GF-R1-U2,dec-fr-marseille
30395DFA82D7620000280906,3583787448403,4468393,apparel,GF-R1-U2,dec-fr-marseille
30395DFA82D76200004487C4,3583787448403,4468393,apparel,BR-01,dec-fr-marseille
3039606283ADDC00000B5660,3608429644644,4925304,apparel,GF-R2-U2,dec-fr-marseille
3039606283ADDC0000277EB4,3608429644644,4925304,apparel,GF-R2-U2,dec-fr-marseille
3039606283ADDC800096A875,3608429644668,4925305,apparel,GF-R2-U2,dec-fr-marseille
3039606283ADDC80004DE69A,3608429644668,4925305,apparel,GF-R2-U2,dec-fr-marseille
3039606283ADDC8000671D70,3608429644668,4925305,apparel,GF-R2-U2,dec-fr-marseille
3039606283ADDC800055994C,3608429644668,4925305,apparel,GF-R2-U2,dec-fr-marseille
3039606283ADDC80006CEB62,3608429644668,4925305,apparel,BR-02,dec-fr-marseille
3039606283ADDD00000A4406,3608429644682,4925306,apparel,GF-R2-U2,dec-fr-marseille
3039606283ADDD00007CD3FA,3608429644682,4925306,apparel,GF-R2-U2,dec-fr-marseille
3039606283ADDD00007C6A93,3608429644682,4925306,apparel,GF-R2-U2,dec-fr-marseille
3039606283ADDD000068A07D,3608429644682,4925306,apparel,GF-R2-U2,dec-fr-marseille
3039606283ADDD00000BFA14,3608429644682,4925306,apparel,GF-R2-U2,dec-fr-marseille
3039606283ADDD0000699CBE,3608429644682,4925306,apparel,GF-R2-U2,dec-fr-marseille
3039606283ADDD000048598C,3608429644682,4925306,apparel,GF-R2-U2,dec-fr-marseille
3039606283ADDD00005BF2D2,3608429644682,4925306,apparel,BR-03,dec-fr-marseille
3039606283ADDD800089A2DF,3608429644705,4925307,apparel,GF-R2-U2,dec-fr-marseille
3039606283ADDD80007D6699,3608429644705,4925307,apparel,GF-R2-U2,dec-fr-marseille
3039606283ADDD8000138AE6,3608429644705,4925307,apparel,GF-R2-U2,dec-fr-marseille
3039606283ADDD80000D9AE3,3608429644705,4925307,apparel,GF-R2-U2,dec-fr-marseille
3039606283ADDD800096AC04,3608429644705,4925307,apparel,GF-R2-U2,dec-fr-marseille
3039606283ADDD80001CFE33,3608429644705,4925307,apparel,GF-R2-U2,dec-fr-marseille
3039606283ADDD80000EE4B4,3608429644705,4925307,apparel,GF-R2-U2,dec-fr-marseille
3039606283ADDD8000848DBB,3608429644705,4925307,apparel,BR-04,dec-fr-marseille
3039606283ADDE000097CEA0,3608429644729,4925308,apparel,GF-R2-U2,dec-fr-marseille
3039606283ADDE00004A9ECF,3608429644729,4925308,apparel,GF-R2-U2,dec-fr-marseille
3039606283ADDE000044F8A3,3608429644729,4925308,apparel,GF-R2-U2,dec-fr-marseille
3039606283ADDE0000581848,3608429644729,4925308,apparel,GF-R2-U2,dec-fr-marseille
3039606283ADDE0000147BAA,3608429644729,4925308,apparel,BR-01,dec-fr-marseille
3039606283ADDE80006D662C,3608429644743,4925309,apparel,GF-R2-U2,dec-fr-marseille
3039606283ADDE80000B530D,3608429644743,4925309,apparel,GF-R2-U2,dec-fr-marseille
3039606283ADDE8000251180,3608429644743,4925309,apparel,BR-02,dec-fr-marseille
3039606283ADDF0000154DE7,3608429644767,4925310,apparel,GF-R2-U2,dec-fr-marseille
3039606283ADDF8000328372,3608429644781,4925311,apparel,GF-R2-U2,dec-fr-marseille
30396061C1128180000C0DF1,3608392810947,4538037,footwear,PW-01,dec-fr-marseille
30396061C11281800094C937,3608392810947,4538037,footwear,PW-01,dec-fr-marseille
30396061C1128180004CAADA,3608392810947,4538037,footwear,PW-01,dec-fr-marseille
30396061C1128180008E5AF5,3608392810947,4538037,footwear,BR-03,dec-fr-marseille
30396061C11281C000380A19,3608392810954,4538038,footwear,PW-01,dec-fr-marseille
30396061C11281C00089C9ED,3608392810954,4538038,footwear,PW-01,dec-fr-marseille
30396061C11281C0007A10E5,3608392810954,4538038,footwear,BR-04,dec-fr-marseille
30396061C11282000051AC45,3608392810961,4538039,footwear,PW-01,dec-fr-marseille
30396061C1128200008221DB,3608392810961,4538039,footwear,PW-01,dec-fr-marseille
30396061C1128200004E780D,3608392810961,4538039,footwear,BR-01,dec-fr-marseille
30396061C112824000918D6F,3608392810978,4538040,footwear,PW-01,dec-fr-marseille
30396061C11282800015B0FA,3608392810985,4538041,footwear,PW-01,dec-fr-marseille
30396061C11290C000450206,3608392811555,4538048,footwear,PW-01,dec-fr-marseille
30396061C1129100001CFA62,3608392811562,4538049,footwear,PW-01,dec-fr-marseille
30396061C112914000341BCC,3608392811579,4538050,footwear,PW-01,dec-fr-marseille
30396061C1129140004AD619,3608392811579,4538050,footwear,PW-01,dec-fr-marseille
30396061C1129140006CCB22,3608392811579,4538050,footwear,BR-02,dec-fr-marseille
30396061C1129180007F54D4,3608392811586,4538051,footwear,PW-01,dec-fr-marseille
30396061C11291800061E509,3608392811586,4538051,footwear,PW-01,dec-fr-marseille
30396061C11291800028417C,3608392811586,4538051,footwear,PW-01,dec-fr-marseille
30396061C11291800096FCD8,3608392811586,4538051,footwear,BR-03,dec-fr-marseille
30396061C13BA6800035DAEF,3608393232267,5625174,outdoor,GF-R3-U1,dec-fr-marseille
30396061C13BA68000349CA4,3608393232267,5625174,outdoor,GF-R3-U1,dec-fr-marseille
30395DFA82EFC9800045FFD4,3583787698303,2718961,apparel,GF-R3-U1,dec-fr-marseille
30395DFA82EFC980003B3905,3583787698303,2718961,apparel,GF-R3-U1,dec-fr-marseille
30395DFA82EFC98000104A04,3583787698303,2718961,apparel,GF-R3-U1,dec-fr-marseille
30395DFA82EFC980004859E1,3583787698303,2718961,apparel,GF-R3-U1,dec-fr-marseille
30395DFA82EFC980006FA393,3583787698303,2718961,apparel,GF-R3-U1,dec-fr-marseille
30395DFA82EFC9800054F095,3583787698303,2718961,apparel,BR-04,dec-fr-marseille
30395DFA82EFC9C000055FD5,3583787698310,2718960,apparel,GF-R3-U1,dec-fr-marseille
30395DFA82EFC9C00042B4B0,3583787698310,2718960,apparel,GF-R3-U1,dec-fr-marseille
30395DFA82EFC9C0003C9B71,3583787698310,2718960,apparel,GF-R3-U1,dec-fr-marseille
30395DFA82EFC9C0001279A5,3583787698310,2718960,apparel,GF-R3-U1,dec-fr-marseille
30395DFA82EFC9C000225432,3583787698310,2718960,apparel,GF-R3-U1,dec-fr-marseille
30395DFA82EFC9C0008E2DEE,3583787698310,2718960,apparel,GF-R3-U1,dec-fr-marseille
30395DFA82EFC9C0002B012F,3583787698310,2718960,apparel,GF-R3-U1,dec-fr-marseille
30395DFA82EFC9C00035FBDA,3583787698310,2718960,apparel,GF-R3-U1,dec-fr-marseille
30395DFA82EFC9C0008D75F9,3583787698310,2718960,apparel,BR-01,dec-fr-marseille
30395DFA82EFC9C00053A6E2,3583787698310,2718960,apparel,BR-02,dec-fr-marseille
30395DFA82CF7B800034BCB9,3583787367506,4273417,apparel,GB-R1-U1,dec-fr-marseille
30395DFA82CF7B80001CB3AB,3583787367506,4273417,apparel,GB-R1-U1,dec-fr-marseille
30395DFA82CF7C40001DB0E4,3583787367537,4273423,apparel,GB-R1-U1,dec-fr-marseille
30395DFA82CF7C400054F4F1,3583787367537,4273423,apparel,GB-R1-U1,dec-fr-marseille
30395DFA82CF7C400079067A,3583787367537,4273423,apparel,GB-R1-U1,dec-fr-marseille
30395DFA82CF7C400079A302,3583787367537,4273423,apparel,GB-R1-U1,dec-fr-marseille
30395DFA82CF7C40006A61E6,3583787367537,4273423,apparel,GB-R1-U1,dec-fr-marseille
30395DFA82CF7C40005E04A0,3583787367537,4273423,apparel,BR-03,dec-fr-marseille
30395DFA82CF7C80002349CE,3583787367544,4273424,apparel,GB-R1-U1,dec-fr-marseille
30395DFA82CF7C800088343F,3583787367544,4273424,apparel,GB-R1-U1,dec-fr-marseille
30395DFA82CF7C8000354BD0,3583787367544,4273424,apparel,GB-R1-U1,dec-fr-marseille
30395DFA82CF7C800024A3EE,3583787367544,4273424,apparel,GB-R1-U1,dec-fr-marseille
30395DFA82CF7C800077AE35,3583787367544,4273424,apparel,GB-R1-U1,dec-fr-marseille
30395DFA82CF7C800014F61B,3583787367544,4273424,apparel,BR-04,dec-fr-marseille
30395DFA82CF7CC0002CD31D,3583787367551,4273427,apparel,GB-R1-U1,dec-fr-marseille
30395DFA82CF7CC0008A7713,3583787367551,4273427,apparel,GB-R1-U1,dec-fr-marseille
30395DFA82CF7D000031C667,3583787367568,4273425,apparel,GB-R1-U1,dec-fr-marseille
30395DFA82CF7D00006031D4,3583787367568,4273425,apparel,GB-R1-U1,dec-fr-marseille
30395DFA82CF7D00002C5132,3583787367568,4273425,apparel,GB-R1-U1,dec-fr-marseille
30395DFA82CF7D00005A4882,3583787367568,4273425,apparel,BR-01,dec-fr-marseille
30395DFA82CF7D40006A43AD,3583787367575,4273426,apparel,GB-R1-U1,dec-fr-marseille
30395DFA82CF7D400050A557,3583787367575,4273426,apparel,GB-R1-U1,dec-fr-marseille
30395DFA82CF7D4000349BA4,3583787367575,4273426,apparel,GB-R1-U1,dec-fr-marseille
30395DFA82CF7D400089555F,3583787367575,4273426,apparel,BR-02,dec-fr-marseille
30396061C0E271C0005CF535,3608392318795,5419819,bag_pack,PE-01,dec-fr-marseille
30396061C0E271C0002C71F8,3608392318795,5419819,bag_pack,PE-01,dec-fr-marseille
30396061C0E271C0005E94B3,3608392318795,5419819,bag_pack,BR-03,dec-fr-marseille
30396061C0E29040005D634A,3608392320019,5419817,bag_pack,PE-01,dec-fr-marseille
30396061C0E29040004B9C6F,3608392320019,5419817,bag_pack,PE-01,dec-fr-marseille
30396061C0E2904000683883,3608392320019,5419817,bag_pack,BR-04,dec-fr-marseille
30396061C03CB7C00073ACDB,3608390621750,5045537,bag_pack,GF-R3-U1,dec-fr-marseille
30396061C16233C000542580,3608393627032,5687608,bag_pack,GF-R3-U1,dec-fr-marseille
30396062C386C1800073EFF5,3608439244223,4773405,bag_pack,GF-R3-U1,dec-fr-marseille
30396062C387D9C00028E9A0,3608439255434,4728754,bag_pack,GF-R3-U1,dec-fr-marseille
30395DFA82E654000059E070,3583787601440,4006564,bag_pack,GF-R1-U1,dec-fr-marseille
30395DFA82E65400000AD60D,3583787601440,4006564,bag_pack,GF-R1-U1,dec-fr-marseille
30395DFA82E654000041DC13,3583787601440,4006564,bag_pack,GF-R1-U1,dec-fr-marseille
30395DFA82E654000012569B,3583787601440,4006564,bag_pack,GF-R1-U1,dec-fr-marseille
30395DFA82E65400002AEE77,3583787601440,4006564,bag_pack,GF-R1-U1,dec-fr-marseille
30395DFA82E6540000389F06,3583787601440,4006564,bag_pack,GF-R1-U1,dec-fr-marseille
30395DFA82E65400001D0DC5,3583787601440,4006564,bag_pack,BR-01,dec-fr-marseille
30396061C04E54400030924B,3608390802098,5086574,apparel,GB-R1-U2,dec-fr-marseille
30396061C04E7F400067E922,3608390803811,5086576,apparel,GB-R1-U2,dec-fr-marseille
30396061C04E7F400076768D,3608390803811,5086576,apparel,GB-R1-U2,dec-fr-marseille
30396061C04E7FC0005D6AC3,3608390803835,5086578,apparel,GB-R1-U2,dec-fr-marseille
30396061C04E7FC0008C729B,3608390803835,5086578,apparel,GB-R1-U2,dec-fr-marseille
30396061C04E804000706616,3608390803859,5086580,apparel,GB-R1-U2,dec-fr-marseille
30396061C04E804000984F97,3608390803859,5086580,apparel,GB-R1-U2,dec-fr-marseille
30396061C04E80C000649064,3608390803873,5086582,apparel,GB-R1-U2,dec-fr-marseille
30396061C04E814000564296,3608390803897,5086584,apparel,GB-R1-U2,dec-fr-marseille
30396061C04E8D4000724E69,3608390804375,5086594,apparel,GB-R1-U2,dec-fr-marseille
30396061C04E8DC000067201,3608390804399,5086596,apparel,GB-R1-U2,dec-fr-marseille
30396061C04E90C00033644F,3608390804511,5086598,apparel,GB-R1-U2,dec-fr-marseille
30396061C04E914000103E8C,3608390804535,5086600,apparel,GB-R1-U2,dec-fr-marseille
30396061C04E91400029C22F,3608390804535,5086600,apparel,GB-R1-U2,dec-fr-marseille
30396061C04E91C00044D55C,3608390804559,5086602,apparel,GB-R1-U2,dec-fr-marseille
30396061C04E91C0004B4133,3608390804559,5086602,apparel,GB-R1-U2,dec-fr-marseille
30396061C04E9240008F21ED,3608390804573,5086604,apparel,GB-R1-U2,dec-fr-marseille
30396061C04E9240002768FF,3608390804573,5086604,apparel,GB-R1-U2,dec-fr-marseille
30396061C04E92C0005F2422,3608390804597,5086606,apparel,GB-R1-U2,dec-fr-marseille
30396061C04E934000975C2A,3608390804610,5086608,apparel,GB-R1-U2,dec-fr-marseille
30396061C04CFD800041C4D1,3608390788385,5084556,apparel,GF-R3-U2,dec-fr-marseille
30396061C04CFD8000694016,3608390788385,5084556,apparel,GF-R3-U2,dec-fr-marseille
30396061C04CFDC000423867,3608390788392,5084557,apparel,GF-R3-U2,dec-fr-marseille
30396061C04CFDC000466822,3608390788392,5084557,apparel,GF-R3-U2,dec-fr-marseille
30396061C04D0D00007E9B9B,3608390789009,5084558,apparel,GF-R3-U2,dec-fr-marseille
30396061C04D0D000046A93A,3608390789009,5084558,apparel,GF-R3-U2,dec-fr-marseille
30396061C04D0D400078AED5,3608390789016,5084559,apparel,GF-R3-U2,dec-fr-marseille
30396061C04D0D4000352D3C,3608390789016,5084559,apparel,GF-R3-U2,dec-fr-marseille
30396061C04D0D80005C68EC,3608390789023,5084560,apparel,GF-R3-U2,dec-fr-marseille
30396061C04D0DC0000D034B,3608390789030,5084561,apparel,GF-R3-U2,dec-fr-marseille
30396061C04D0DC0000999C7,3608390789030,5084561,apparel,GF-R3-U2,dec-fr-marseille
30396061C04D0E000017E7D3,3608390789047,5084562,apparel,GF-R3-U2,dec-fr-marseille
30396061C04D0E40006FBE89,3608390789054,5084563,apparel,GF-R3-U2,dec-fr-marseille
30396061C0D9AB800071B47D,3608392228940,5405077,apparel,GF-R3-U2,dec-fr-marseille
30396061C0D9ABC000452732,3608392228957,5405078,apparel,GF-R3-U2,dec-fr-marseille
30396061C0D9AC0000674AAD,3608392228964,5405079,apparel,GF-R3-U2,dec-fr-marseille
30396061C0D9AC00000E6F37,3608392228964,5405079,apparel,GF-R3-U2,dec-fr-marseille
30396061C0D9AC4000142031,3608392228971,5405080,apparel,GF-R3-U2,dec-fr-marseille
30396061C0D9AC400038C682,3608392228971,5405080,apparel,GF-R3-U2,dec-fr-marseille
30396061C0D9AC800039D44F,3608392228988,5405081,apparel,GF-R3-U2,dec-fr-marseille
30396061C0D9AC80008B971C,3608392228988,5405081,apparel,GF-R3-U2,dec-fr-marseille
30396061C0D9AC80008C0BEF,3608392228988,5405081,apparel,GF-R3-U2,dec-fr-marseille
30396061C0D9AC80005951DD,3608392228988,5405081,apparel,BR-02,dec-fr-marseille
30396061C0D9B980004A298A,3608392229503,5405083,apparel,GF-R3-U2,dec-fr-marseille
30396062C3925E000035B94B,3608439363122,2945020,apparel,GB-R3-U1,dec-fr-marseille
30396062C3925E00002E2480,3608439363122,2945020,apparel,GB-R3-U1,dec-fr-marseille
30396062C3925E00003B3D9D,3608439363122,2945020,apparel,GB-R3-U1,dec-fr-marseille
30396062C3925E00000C4B7E,3608439363122,2945020,apparel,GB-R3-U1,dec-fr-marseille
30396062C3925E000060BB16,3608439363122,2945020,apparel,GB-R3-U1,dec-fr-marseille
30396062C3925E000092A309,3608439363122,2945020,apparel,GB-R3-U1,dec-fr-marseille
30396062C3925E0000093145,3608439363122,2945020,apparel,GB-R3-U1,dec-fr-marseille
30396062C3925E0000102DA8,3608439363122,2945020,apparel,BR-03,dec-fr-marseille
30396062C3925E4000952961,3608439363139,2945021,apparel,GB-R3-U1,dec-fr-marseille
30396062C3925E40004A033E,3608439363139,2945021,apparel,GB-R3-U1,dec-fr-marseille
30396062C3925E4000832D59,3608439363139,2945021,apparel,BR-04,dec-fr-marseille
30396062C3925F000041E768,3608439363160,2945022,apparel,GB-R3-U1,dec-fr-marseille
30396062C3925F00006367F6,3608439363160,2945022,apparel,GB-R3-U1,dec-fr-marseille
30396062C3925F00007644C7,3608439363160,2945022,apparel,BR-01,dec-fr-marseille
30396062C3925F40000E33F8,3608439363177,2945023,apparel,GB-R3-U1,dec-fr-marseille
30396062C3925F400003701B,3608439363177,2945023,apparel,GB-R3-U1,dec-fr-marseille
30396062C3925F40005456DC,3608439363177,2945023,apparel,GB-R3-U1,dec-fr-marseille
30396062C3925F4000056DDA,3608439363177,2945023,apparel,GB-R3-U1,dec-fr-marseille
30396062C3925F400080BFF6,3608439363177,2945023,apparel,GB-R3-U1,dec-fr-marseille
30396062C3925F40005CA489,3608439363177,2945023,apparel,GB-R3-U1,dec-fr-marseille
30396062C3925F400036A618,3608439363177,2945023,apparel,GB-R3-U1,dec-fr-marseille
30396062C3925F400003E711,3608439363177,2945023,apparel,BR-02,dec-fr-marseille
30396061C10D5D80004AAFEF,3608392758300,5509425,apparel,GF-R1-U1,dec-fr-marseille
30396061C10D5D800031DA37,3608392758300,5509425,apparel,GF-R1-U1,dec-fr-marseille
30396061C10D5D80004BF3F9,3608392758300,5509425,apparel,GF-R1-U1,dec-fr-marseille
30396061C10D5D800037F34E,3608392758300,5509425,apparel,BR-03,dec-fr-marseille
30396061C10D5DC000418F0E,3608392758317,5509426,apparel,GF-R1-U1,dec-fr-marseille
30396061C10D5DC00048C941,3608392758317,5509426,apparel,GF-R1-U1,dec-fr-marseille
30396061C10D5DC0002B6BEF,3608392758317,5509426,apparel,GF-R1-U1,dec-fr-marseille
30396061C10D5DC000454A11,3608392758317,5509426,apparel,GF-R1-U1,dec-fr-marseille
30396061C10D5DC0001D6F54,3608392758317,5509426,apparel,GF-R1-U1,dec-fr-marseille
30396061C10D5DC0001CC273,3608392758317,5509426,apparel,GF-R1-U1,dec-fr-marseille
30396061C10D5DC00024075A,3608392758317,5509426,apparel,GF-R1-U1,dec-fr-marseille
30396061C10D5DC00000F4DB,3608392758317,5509426,apparel,BR-04,dec-fr-marseille
30396061C10D5E00007C288F,3608392758324,5509431,apparel,GF-R1-U1,dec-fr-marseille
30396061C10D5E00005A4D6E,3608392758324,5509431,apparel,GF-R1-U1,dec-fr-marseille
30396061C10D5E0000026602,3608392758324,5509431,apparel,GF-R1-U1,dec-fr-marseille
30396061C10D5E000050E209,3608392758324,5509431,apparel,GF-R1-U1,dec-fr-marseille
30396061C10D5E000042180D,3608392758324,5509431,apparel,GF-R1-U1,dec-fr-marseille
30396061C10D5E0000574CA9,3608392758324,5509431,apparel,GF-R1-U1,dec-fr-marseille
30396061C10D5E00005D3A2F,3608392758324,5509431,apparel,GF-R1-U1,dec-fr-marseille
30396061C10D5E00007F31E7,3608392758324,5509431,apparel,GF-R1-U1,dec-fr-marseille
30396061C10D5E0000521FFA,3608392758324,5509431,apparel,BR-01,dec-fr-marseille
30396061C10D5E00007943C4,3608392758324,5509431,apparel,BR-02,dec-fr-marseille
30396061C10D5E4000882764,3608392758331,5509432,apparel,GF-R1-U1,dec-fr-marseille
30396061C10D5E400088AFD6,3608392758331,5509432,apparel,GF-R1-U1,dec-fr-marseille
30396061C10D5E40002113A5,3608392758331,5509432,apparel,GF-R1-U1,dec-fr-marseille
30396061C10D5E40005FF91D,3608392758331,5509432,apparel,GF-R1-U1,dec-fr-marseille
30396061C10D5E4000128F42,3608392758331,5509432,apparel,GF-R1-U1,dec-fr-marseille
30396061C10D5E4000822018,3608392758331,5509432,apparel,GF-R1-U1,dec-fr-marseille
30396061C10D5E400047213A,3608392758331,5509432,apparel,GF-R1-U1,dec-fr-marseille
30396061C10D5E400019F38C,3608392758331,5509432,apparel,BR-03,dec-fr-marseille
30396061C10D5E80002CF665,3608392758348,5509433,apparel,GF-R1-U1,dec-fr-marseille
30396061C10D5E800055EAA3,3608392758348,5509433,apparel,GF-R1-U1,dec-fr-marseille
30396061C10D5E800094DF24,3608392758348,5509433,apparel,BR-04,dec-fr-marseille
30396062C0036A4000358B03,3608430034977,5881481,outdoor,GF-R3-U2,dec-fr-marseille
30396062C0036A4000645A33,3608430034977,5881481,outdoor,GF-R3-U2,dec-fr-marseille
30396061C000CE0000698D76,3608390008247,2909020,accessories,ACC-01,dec-fr-marseille
30396061C000CE8000476FE2,3608390008261,2909022,accessories,ACC-01,dec-fr-marseille
30396061C000CEC000144693,3608390008278,2909023,accessories,ACC-01,dec-fr-marseille
30396061C000CF00000CAC2A,3608390008285,2909024,accessories,ACC-01,dec-fr-marseille
30396061C000CF80006C9B1B,3608390008308,2909026,accessories,ACC-01,dec-fr-marseille
30396061C0019D000078EA4C,3608390016525,4062636,accessories,ACC-01,dec-fr-marseille
30395DFA83119E40002F3DBE,3583788044734,2648443,accessories,GB-R3-U1,dec-fr-marseille
30395DFA83119E400055815E,3583788044734,2648443,accessories,GB-R3-U1,dec-fr-marseille
30395DFA83119E4000296B52,3583788044734,2648443,accessories,GB-R3-U1,dec-fr-marseille
30395DFA83119E400041D0B3,3583788044734,2648443,accessories,BR-01,dec-fr-marseille
30395DFA83119EC000467F1C,3583788044758,2648444,accessories,GB-R3-U1,dec-fr-marseille
30395DFA83119EC00059D6E5,3583788044758,2648444,accessories,GB-R3-U1,dec-fr-marseille
30395DFA83119EC00010EDA4,3583788044758,2648444,accessories,GB-R3-U1,dec-fr-marseille
30395DFA83119EC000778292,3583788044758,2648444,accessories,GB-R3-U1,dec-fr-marseille
30395DFA83119EC0002E7B3B,3583788044758,2648444,accessories,BR-02,dec-fr-marseille
30396061C1A92280001A43BB,3608394353381,5815547,footwear,PE-02,dec-fr-marseille
30396061C1A922800006401C,3608394353381,5815547,footwear,PE-02,dec-fr-marseille
30396061C1A922C0004DE295,3608394353398,5815548,footwear,PE-02,dec-fr-marseille
30396061C1A923000089249A,3608394353404,5815549,footwear,PE-02,dec-fr-marseille
30396061C1A92300000D05F6,3608394353404,5815549,footwear,PE-02,dec-fr-marseille
30396061C1A923800051C8A8,3608394353428,5815551,footwear,PE-02,dec-fr-marseille
30396061C1A923800000685E,3608394353428,5815551,footwear,PE-02,dec-fr-marseille
30396061C1A92400005546C8,3608394353442,5815553,footwear,PE-02,dec-fr-marseille
30396061C1A924000059A2D5,3608394353442,5815553,footwear,PE-02,dec-fr-marseille
30396061C1A9244000607A7A,3608394353459,5815554,footwear,PE-02,dec-fr-marseille
30396061C1A9248000477567,3608394353466,5815555,footwear,PE-02,dec-fr-marseille
30396061C1A924C00044D58E,3608394353473,5815556,footwear,PE-02,dec-fr-marseille
30396061C1A95780001047A0,3608394355507,5815513,footwear,PE-02,dec-fr-marseille
30396061C1A957C0001B9897,3608394355514,5815514,footwear,PE-02,dec-fr-marseille
30396061C1A958000057CCFF,3608394355521,5815515,footwear,PE-02,dec-fr-marseille
30396061C1A95800003133FE,3608394355521,5815515,footwear,PE-02,dec-fr-marseille
30396061C1A95840007808BC,3608394355538,5815516,footwear,PE-02,dec-fr-marseille
30396061C1A95840004BB7DA,3608394355538,5815516,footwear,PE-02,dec-fr-marseille
30396061C1A958C0004730CA,3608394355552,5815518,footwear,PE-02,dec-fr-marseille
30396061C1A958C00058FBE8,3608394355552,5815518,footwear,PE-02,dec-fr-marseille
30396061C1A959400007C852,3608394355576,5815520,footwear,PE-02,dec-fr-marseille
30396061C1A9594000783062,3608394355576,5815520,footwear,PE-02,dec-fr-marseille
30396061C1A95980006CAF41,3608394355583,5815521,footwear,PE-02,dec-fr-marseille
30396061C1A95980004A2026,3608394355583,5815521,footwear,PE-02,dec-fr-marseille
30396061C1A959C00042AADA,3608394355590,5815522,footwear,PE-02,dec-fr-marseille
30396061C1A959C00012D45B,3608394355590,5815522,footwear,PE-02,dec-fr-marseille
30396061C1A95A000017ADF1,3608394355606,5815523,footwear,PE-02,dec-fr-marseille
30396061C1A95A400017426C,3608394355613,5815524,footwear,PE-02,dec-fr-marseille
30395DFA819E01C00076D0CB,3583784239431,4010359,apparel,GB-R3-U2,dec-fr-marseille
30395DFA819E02000011B76E,3583784239448,4010361,apparel,GB-R3-U2,dec-fr-marseille
30395DFA819E0240006CF0E6,3583784239455,4010363,apparel,GB-R3-U2,dec-fr-marseille
30395DFA819E024000978700,3583784239455,4010363,apparel,GB-R3-U2,dec-fr-marseille
30395DFA819E0280003EF8A3,3583784239462,4010365,apparel,GB-R3-U2,dec-fr-marseille
30395DFA819E02800077528B,3583784239462,4010365,apparel,GB-R3-U2,dec-fr-marseille
30395DFA819E0280007BEC79,3583784239462,4010365,apparel,BR-03,dec-fr-marseille
30395DFA819E02C0007DC5C9,3583784239479,4010367,apparel,GB-R3-U2,dec-fr-marseille
30395DFA819E02C0000D8E74,3583784239479,4010367,apparel,GB-R3-U2,dec-fr-marseille
30395DFA819E030000413A3C,3583784239486,4010369,apparel,GB-R3-U2,dec-fr-marseille
30395DFA819E0300008725CA,3583784239486,4010369,apparel,GB-R3-U2,dec-fr-marseille
30395DFA819E03000058B6D8,3583784239486,4010369,apparel,GB-R3-U2,dec-fr-marseille
30395DFA819E03000024646A,3583784239486,4010369,apparel,BR-04,dec-fr-marseille
30395DFA819E0340003D1CC7,3583784239493,4010371,apparel,GB-R3-U2,dec-fr-marseille
30396061C12FDFC00003B9FB,3608393111678,4010362,apparel,GB-R3-U2,dec-fr-marseille
30396061C12FDFC000424BF8,3608393111678,4010362,apparel,GB-R3-U2,dec-fr-marseille
30396061C12FE000006C9865,3608393111685,4010364,apparel,GB-R3-U2,dec-fr-marseille
30396061C12FE0000022A2C5,3608393111685,4010364,apparel,GB-R3-U2,dec-fr-marseille
30396061C12FE0400017FF50,3608393111692,4010360,apparel,GB-R3-U2,dec-fr-marseille
30396061C12FE0400011F2FA,3608393111692,4010360,apparel,GB-R3-U2,dec-fr-marseille
30396061C12FFC800090B078,3608393112828,4010373,apparel,GB-R3-U2,dec-fr-marseille
30396061C12FFCC0005DA81F,3608393112835,4010366,apparel,GB-R3-U2,dec-fr-marseille
30396061C12FFCC0000D814A,3608393112835,4010366,apparel,GB-R3-U2,dec-fr-marseille
30396061C12FFCC0004DA471,3608393112835,4010366,apparel,BR-01,dec-fr-marseille
30396061C12FFD00000A917F,3608393112842,4010370,apparel,GB-R3-U2,dec-fr-marseille
30396061C12FFD00003D51EB,3608393112842,4010370,apparel,GB-R3-U2,dec-fr-marseille
30396061C12FFD400037E852,3608393112859,4010358,apparel,GB-R3-U2,dec-fr-marseille
30396061C0306B4000182722,3608390495818,5014256,apparel,GB-R2-U1,dec-fr-marseille
30396061C0306B40002DF0A6,3608390495818,5014256,apparel,GB-R2-U1,dec-fr-marseille
30396061C0306B8000064E1A,3608390495825,5014257,apparel,GB-R2-U1,dec-fr-marseille
30396061C0306B80006961BD,3608390495825,5014257,apparel,GB-R2-U1,dec-fr-marseille
30396061C0306B80005290C5,3608390495825,5014257,apparel,GB-R2-U1,dec-fr-marseille
30396061C0306B800088BDF6,3608390495825,5014257,apparel,BR-02,dec-fr-marseille
30396061C0306BC00085775A,3608390495832,5014258,apparel,GB-R2-U1,dec-fr-marseille
30396061C0306BC0006D257D,3608390495832,5014258,apparel,GB-R2-U1,dec-fr-marseille
30396061C0306BC00097C4C7,3608390495832,5014258,apparel,BR-03,dec-fr-marseille
30396061C0306C00005F2C81,3608390495849,5014259,apparel,GB-R2-U1,dec-fr-marseille
30396061C0306C00004E2550,3608390495849,5014259,apparel,GB-R2-U1,dec-fr-marseille
30396061C0306C000077FEDB,3608390495849,5014259,apparel,BR-04,dec-fr-marseille
30396061C0306C40002BE0E2,3608390495856,5014260,apparel,GB-R2-U1,dec-fr-marseille
3039606283B01000008555B8,3608429667209,4579640,apparel,GB-R2-U1,dec-fr-marseille
3039606283B01000002EBE66,3608429667209,4579640,apparel,GB-R2-U1,dec-fr-marseille
3039606283B0104000511E22,3608429667216,4579641,apparel,GB-R2-U1,dec-fr-marseille
3039606283B01080008F0A68,3608429667223,4579638,apparel,GB-R2-U1,dec-fr-marseille
3039606283B0108000129910,3608429667223,4579638,apparel,GB-R2-U1,dec-fr-marseille
3039606283B010800021FEBC,3608429667223,4579638,apparel,BR-01,dec-fr-marseille
3039606283B010C0002CCEE7,3608429667230,4579639,apparel,GB-R2-U1,dec-fr-marseille
3039606283B010C00037AD53,3608429667230,4579639,apparel,GB-R2-U1,dec-fr-marseille
3039606283B010C0002B3471,3608429667230,4579639,apparel,BR-02,dec-fr-marseille
3039606283B0118000356A9E,3608429667261,4579637,apparel,GB-R2-U1,dec-fr-marseille
3039606283B011800003E2C6,3608429667261,4579637,apparel,GB-R2-U1,dec-fr-marseille
30395DFA81E39A80001767B3,3583784952101,2500491,apparel,GB-R2-U2,dec-fr-marseille
30395DFA81E39A800033F968,3583784952101,2500491,apparel,GB-R2-U2,dec-fr-marseille
3039606283BE3B4000698FE1,3608429812296,2354258,apparel,GB-R2-U2,dec-fr-marseille
3039606283BEB100009621C0,3608429817000,2342114,apparel,GB-R2-U2,dec-fr-marseille
3039606283BEB100000B81AE,3608429817000,2342114,apparel,GB-R2-U2,dec-fr-marseille
3039606283BEB100000F0E2C,3608429817000,2342114,apparel,BR-03,dec-fr-marseille
3039606283BEB140002A7E26,3608429817017,2342113,apparel,GB-R2-U2,dec-fr-marseille
3039606283BEB1800073598F,3608429817024,2342116,apparel,GB-R2-U2,dec-fr-marseille
3039606283BEB18000573C61,3608429817024,2342116,apparel,GB-R2-U2,dec-fr-marseille
3039606283BEB18000682EA5,3608429817024,2342116,apparel,GB-R2-U2,dec-fr-marseille
3039606283BEB180005C3098,3608429817024,2342116,apparel,GB-R2-U2,dec-fr-marseille
3039606283BEB1800024AB00,3608429817024,2342116,apparel,GB-R2-U2,dec-fr-marseille
3039606283BEB1800023E2EE,3608429817024,2342116,apparel,BR-04,dec-fr-marseille
3039606283BEB1C000608199,3608429817031,2342115,apparel,GB-R2-U2,dec-fr-marseille
3039606283BEB1C000478948,3608429817031,2342115,apparel,GB-R2-U2,dec-fr-marseille
3039606283BEB1C0004FC73A,3608429817031,2342115,apparel,GB-R2-U2,dec-fr-marseille
3039606283BEB1C00055A840,3608429817031,2342115,apparel,GB-R2-U2,dec-fr-marseille
3039606283BEB1C00017FD6E,3608429817031,2342115,apparel,GB-R2-U2,dec-fr-marseille
3039606283BEB1C000099AA4,3608429817031,2342115,apparel,BR-01,dec-fr-marseille
3039606283BEB20000979B35,3608429817048,2342118,apparel,GB-R2-U2,dec-fr-marseille
3039606283BEB20000087DE0,3608429817048,2342118,apparel,GB-R2-U2,dec-fr-marseille
3039606283BEB200000DC48F,3608429817048,2342118,apparel,GB-R2-U2,dec-fr-marseille
3039606283BEB2000064F795,3608429817048,2342118,apparel,GB-R2-U2,dec-fr-marseille
3039606283BEB2000065933F,3608429817048,2342118,apparel,GB-R2-U2,dec-fr-marseille
3039606283BEB2000055CAE2,3608429817048,2342118,apparel,BR-02,dec-fr-marseille
3039606283BEB24000826FC9,3608429817055,2342117,apparel,GB-R2-U2,dec-fr-marseille
3039606283BEB2400024C1F8,3608429817055,2342117,apparel,GB-R2-U2,dec-fr-marseille
3039606283BEB2400058E360,3608429817055,2342117,apparel,GB-R2-U2,dec-fr-marseille
3039606283BEB2400013F3D6,3608429817055,2342117,apparel,GB-R2-U2,dec-fr-marseille
3039606283BEB240003A3019,3608429817055,2342117,apparel,GB-R2-U2,dec-fr-marseille
3039606283BEB24000551DCD,3608429817055,2342117,apparel,BR-03,dec-fr-marseille
3039606283BEB2800071CDE2,3608429817062,2342119,apparel,GB-R2-U2,dec-fr-marseille
3039606283BEB280002B4A86,3608429817062,2342119,apparel,GB-R2-U2,dec-fr-marseille
3039606283B32380002DBEB4,3608429698708,4239486,accessories,GB-R2-U2,dec-fr-marseille
3039606283B323800002864E,3608429698708,4239486,accessories,GB-R2-U2,dec-fr-marseille
3039606283B32380002F816F,3608429698708,4239486,accessories,GB-R2-U2,dec-fr-marseille
3039606283B3238000206A98,3608429698708,4239486,accessories,GB-R2-U2,dec-fr-marseille
3039606283B32380006B09F3,3608429698708,4239486,accessories,GB-R2-U2,dec-fr-marseille
3039606283B3238000177126,3608429698708,4239486,accessories,GB-R2-U2,dec-fr-marseille
3039606283B323800003FA1A,3608429698708,4239486,accessories,GB-R2-U2,dec-fr-marseille
3039606283B323800065DBE7,3608429698708,4239486,accessories,GB-R2-U2,dec-fr-marseille
3039606283B3238000580EEF,3608429698708,4239486,accessories,GB-R2-U2,dec-fr-marseille
3039606283B32380007CC407,3608429698708,4239486,accessories,BR-04,dec-fr-marseille
3039606283B3238000522784,3608429698708,4239486,accessories,BR-01,dec-fr-marseille
30395DFA82D4EF80007A2C55,3583787423349,4023635,apparel,GF-R1-U2,dec-fr-marseille
30395DFA82D4EF80008C12A6,3583787423349,4023635,apparel,GF-R1-U2,dec-fr-marseille
30395DFA82D4EF80003AE1C9,3583787423349,4023635,apparel,GF-R1-U2,dec-fr-marseille
30395DFA82D4EF800046CEEF,3583787423349,4023635,apparel,GF-R1-U2,dec-fr-marseille
30395DFA82D4EF80005C4519,3583787423349,4023635,apparel,GF-R1-U2,dec-fr-marseille
30395DFA82D4EF80007D9DB0,3583787423349,4023635,apparel,GF-R1-U2,dec-fr-marseille
30395DFA82D4EF8000649D74,3583787423349,4023635,apparel,GF-R1-U2,dec-fr-marseille
30395DFA82D4EF80008C54FD,3583787423349,4023635,apparel,GF-R1-U2,dec-fr-marseille
30395DFA82D4EF80000B3FB6,3583787423349,4023635,apparel,GF-R1-U2,dec-fr-marseille
30395DFA82D4EF8000265709,3583787423349,4023635,apparel,BR-02,dec-fr-marseille
30395DFA82D4EF80006D4E30,3583787423349,4023635,apparel,BR-03,dec-fr-marseille
30395DFA82D4EFC0003B6351,3583787423356,4023636,apparel,GF-R1-U2,dec-fr-marseille
30395DFA82D4EFC00075CDFA,3583787423356,4023636,apparel,GF-R1-U2,dec-fr-marseille
30395DFA82D4EFC000465289,3583787423356,4023636,apparel,GF-R1-U2,dec-fr-marseille
30395DFA82D4EFC000259AFE,3583787423356,4023636,apparel,GF-R1-U2,dec-fr-marseille
30395DFA82D4EFC00029ABC0,3583787423356,4023636,apparel,GF-R1-U2,dec-fr-marseille
30395DFA82D4EFC00013636F,3583787423356,4023636,apparel,GF-R1-U2,dec-fr-marseille
30395DFA82D4EFC000563B5F,3583787423356,4023636,apparel,BR-04,dec-fr-marseille
30396061C112A5C00020B93E,3608392812392,5533078,accessories,ACC-02,dec-fr-marseille
30396061C112A5C00040AD14,3608392812392,5533078,accessories,ACC-02,dec-fr-marseille
30396061C112A5C0008385C4,3608392812392,5533078,accessories,BR-01,dec-fr-marseille
30396061C112AEC00049CEBC,3608392812750,5530700,accessories,ACC-02,dec-fr-marseille
30396061C112AEC00007D5BE,3608392812750,5530700,accessories,ACC-02,dec-fr-marseille
30396061C112AEC000806AD9,3608392812750,5530700,accessories,BR-02,dec-fr-marseille
30396061C112BA00006A514A,3608392813207,5532242,accessories,ACC-02,dec-fr-marseille
30396061C112BA0000690937,3608392813207,5532242,accessories,ACC-02,dec-fr-marseille
30396061C112BA00002AF3D3,3608392813207,5532242,accessories,BR-03,dec-fr-marseille
30396062C38760C0002A94BC,3608439250590,4773410,bag_pack,GF-R3-U2,dec-fr-marseille
30396062C38B1CC0004AA179,3608439288838,4455299,bag_pack,GF-R3-U2,dec-fr-marseille
30396062C38B1CC000610D7F,3608439288838,4455299,bag_pack,GF-R3-U2,dec-fr-marseille
30396062C38DA1C000651369,3608439314636,4013297,bag_pack,GF-R3-U2,dec-fr-marseille
30396062C3973880007E6D11,3608439412820,2663481,bag_pack,GF-R3-U2,dec-fr-marseille
30396061C0691A4000388C1D,3608391076252,5166855,apparel,GB-R1-U1,dec-fr-marseille
30396061C0691A40004F11B0,3608391076252,5166855,apparel,GB-R1-U1,dec-fr-marseille
30396061C0691A4000891D04,3608391076252,5166855,apparel,GB-R1-U1,dec-fr-marseille
30396061C0691A4000246F9D,3608391076252,5166855,apparel,GB-R1-U1,dec-fr-marseille
30396061C0691A40001EAE33,3608391076252,5166855,apparel,BR-04,dec-fr-marseille
30396061C0691A80007B0D2C,3608391076269,5166856,apparel,GB-R1-U1,dec-fr-marseille
30396061C0691A80007184C0,3608391076269,5166856,apparel,GB-R1-U1,dec-fr-marseille
30396061C0691A80003C434D,3608391076269,5166856,apparel,GB-R1-U1,dec-fr-marseille
30396061C0691A8000337FA7,3608391076269,5166856,apparel,GB-R1-U1,dec-fr-marseille
30396061C0691A80008BDF12,3608391076269,5166856,apparel,GB-R1-U1,dec-fr-marseille
30396061C0691A8000837E2A,3608391076269,5166856,apparel,GB-R1-U1,dec-fr-marseille
30396061C0691A80008AF5DB,3608391076269,5166856,apparel,BR-01,dec-fr-marseille
30396061C0691AC000955A44,3608391076276,5166857,apparel,GB-R1-U1,dec-fr-marseille
30396061C0691AC0005406F6,3608391076276,5166857,apparel,GB-R1-U1,dec-fr-marseille
30396061C0691AC00008AEE4,3608391076276,5166857,apparel,GB-R1-U1,dec-fr-marseille
30396061C0691AC000635942,3608391076276,5166857,apparel,GB-R1-U1,dec-fr-marseille
30396061C0691AC0001957EB,3608391076276,5166857,apparel,GB-R1-U1,dec-fr-marseille
30396061C0691AC00010DEAE,3608391076276,5166857,apparel,GB-R1-U1,dec-fr-marseille
30396061C0691AC00001138F,3608391076276,5166857,apparel,BR-02,dec-fr-marseille
30396061C0691B000058036B,3608391076283,5166858,apparel,GB-R1-U1,dec-fr-marseille
30396061C0691B0000257B82,3608391076283,5166858,apparel,GB-R1-U1,dec-fr-marseille
30396061C0691B000051A7AE,3608391076283,5166858,apparel,GB-R1-U1,dec-fr-marseille
30396061C0691B0000007242,3608391076283,5166858,apparel,GB-R1-U1,dec-fr-marseille
30396061C0691B000044E8D1,3608391076283,5166858,apparel,BR-03,dec-fr-marseille
30395DFA819C7A000063536D,3583784223768,4557085,apparel,GF-R3-U1,dec-fr-marseille
30395DFA819C7A00000274B0,3583784223768,4557085,apparel,GF-R3-U1,dec-fr-marseille
30395DFA819C7A000022CC3C,3583784223768,4557085,apparel,GF-R3-U1,dec-fr-marseille
30395DFA819C7A000093B776,3583784223768,4557085,apparel,BR-04,dec-fr-marseille
30395DFA819C7A40008D3330,3583784223775,4557086,apparel,GF-R3-U1,dec-fr-marseille
30395DFA819C7A400044A3F2,3583784223775,4557086,apparel,GF-R3-U1,dec-fr-marseille
30395DFA819C7A4000795307,3583784223775,4557086,apparel,GF-R3-U1,dec-fr-marseille
30395DFA819C7A400016B6B6,3583784223775,4557086,apparel,GF-R3-U1,dec-fr-marseille
30395DFA819C7A40002983CC,3583784223775,4557086,apparel,GF-R3-U1,dec-fr-marseille
30395DFA819C7A400063A54A,3583784223775,4557086,apparel,GF-R3-U1,dec-fr-marseille
30395DFA819C7A40000C3D21,3583784223775,4557086,apparel,BR-01,dec-fr-marseille
30395DFA819C7A80003A1EC5,3583784223782,4557087,apparel,GF-R3-U1,dec-fr-marseille
30395DFA819C7A800078D66C,3583784223782,4557087,apparel,GF-R3-U1,dec-fr-marseille
30395DFA819C7A800014FD95,3583784223782,4557087,apparel,GF-R3-U1,dec-fr-marseille
30395DFA819C7A800058A835,3583784223782,4557087,apparel,GF-R3-U1,dec-fr-marseille
30395DFA819C7A80000CC98D,3583784223782,4557087,apparel,GF-R3-U1,dec-fr-marseille
30395DFA819C7A8000333E4A,3583784223782,4557087,apparel,GF-R3-U1,dec-fr-marseille
30395DFA819C7A800065D1A9,3583784223782,4557087,apparel,BR-02,dec-fr-marseille
30395DFA819C7AC0002FB043,3583784223799,4557088,apparel,GF-R3-U1,dec-fr-marseille
30395DFA819C7AC000756D52,3583784223799,4557088,apparel,GF-R3-U1,dec-fr-marseille
30395DFA819C7AC0006A318F,3583784223799,4557088,apparel,GF-R3-U1,dec-fr-marseille
30395DFA819C7AC0005B6C55,3583784223799,4557088,apparel,GF-R3-U1,dec-fr-marseille
30395DFA819C7AC000430D1B,3583784223799,4557088,apparel,BR-03,dec-fr-marseille
30395DFA819CBE800007F0A4,3583784226509,4557089,apparel,GF-R3-U1,dec-fr-marseille
30395DFA819CBE800010B189,3583784226509,4557089,apparel,GF-R3-U1,dec-fr-marseille
30395DFA819CBE80000234EF,3583784226509,4557089,apparel,BR-04,dec-fr-marseille
30395DFA819CBEC000540BDF,3583784226516,4557090,apparel,GF-R3-U1,dec-fr-marseille
30396061C0CC9AC0000D524E,3608392095153,5378047,apparel,GF-R2-U1,dec-fr-marseille
30396061C0CC9AC000941BDB,3608392095153,5378047,apparel,GF-R2-U1,dec-fr-marseille
30396061C0CC9B000058BC65,3608392095160,5378048,apparel,GF-R2-U1,dec-fr-marseille
30396061C0CC9B000058F4B3,3608392095160,5378048,apparel,GF-R2-U1,dec-fr-marseille
30396061C0CC9B00002A837A,3608392095160,5378048,apparel,GF-R2-U1,dec-fr-marseille
30396061C0CC9B0000975A2E,3608392095160,5378048,apparel,GF-R2-U1,dec-fr-marseille
30396061C0CC9B0000669BF7,3608392095160,5378048,apparel,BR-01,dec-fr-marseille
30396061C0CC9B40001ADDC1,3608392095177,5378049,apparel,GF-R2-U1,dec-fr-marseille
30396061C0CC9B40000F3E2C,3608392095177,5378049,apparel,GF-R2-U1,dec-fr-marseille
30396061C0CC9B400091A28E,3608392095177,5378049,apparel,GF-R2-U1,dec-fr-marseille
30396061C0CC9B400023B2B0,3608392095177,5378049,apparel,GF-R2-U1,dec-fr-marseille
30396061C0CC9B400068457B,3608392095177,5378049,apparel,GF-R2-U1,dec-fr-marseille
30396061C0CC9B4000975D33,3608392095177,5378049,apparel,GF-R2-U1,dec-fr-marseille
30396061C0CC9B4000168855,3608392095177,5378049,apparel,BR-02,dec-fr-marseille
30396061C0CC9B8000011F4B,3608392095184,5378050,apparel,GF-R2-U1,dec-fr-marseille
30396061C0CC9B80000C5BF8,3608392095184,5378050,apparel,GF-R2-U1,dec-fr-marseille
30396061C0CC9B8000825BAA,3608392095184,5378050,apparel,GF-R2-U1,dec-fr-marseille
30396061C0CC9B80003DC852,3608392095184,5378050,apparel,GF-R2-U1,dec-fr-marseille
30396061C0CC9B800015D09C,3608392095184,5378050,apparel,GF-R2-U1,dec-fr-marseille
30396061C0CC9B80008DFBA6,3608392095184,5378050,apparel,GF-R2-U1,dec-fr-marseille
30396061C0CC9B8000581A6C,3608392095184,5378050,apparel,BR-03,dec-fr-marseille
30396061C0CC9BC000529E7D,3608392095191,5378051,apparel,GF-R2-U1,dec-fr-marseille
30396061C0CC9BC0003EDB48,3608392095191,5378051,apparel,GF-R2-U1,dec-fr-marseille
30396061C0CC9BC0006CDD2E,3608392095191,5378051,apparel,GF-R2-U1,dec-fr-marseille
30396061C0CC9BC000639442,3608392095191,5378051,apparel,GF-R2-U1,dec-fr-marseille
30396061C0CC9BC000895252,3608392095191,5378051,apparel,BR-04,dec-fr-marseille
30395DFA82FFBFC0000FD7E2,3583787861752,2712379,apparel,GF-R3-U2,dec-fr-marseille
30395DFA82FFBFC00046B116,3583787861752,2712379,apparel,GF-R3-U2,dec-fr-marseille
30395DFA82FFBFC00079AA79,3583787861752,2712379,apparel,GF-R3-U2,dec-fr-marseille
30395DFA82FFBFC000012428,3583787861752,2712379,apparel,GF-R3-U2,dec-fr-marseille
30395DFA82FFBFC0001D3B2C,3583787861752,2712379,apparel,BR-01,dec-fr-marseille
30395DFA82FFC0000071127B,3583787861769,2712377,apparel,GF-R3-U2,dec-fr-marseille
30395DFA82FFC000008EC937,3583787861769,2712377,apparel,GF-R3-U2,dec-fr-marseille
30395DFA82FFC000001E00C9,3583787861769,2712377,apparel,GF-R3-U2,dec-fr-marseille
30395DFA82FFC000002F3987,3583787861769,2712377,apparel,GF-R3-U2,dec-fr-marseille
30395DFA82FFC000008626C5,3583787861769,2712377,apparel,BR-02,dec-fr-marseille
30395DFA82FFC040004B99B9,3583787861776,2712374,apparel,GF-R3-U2,dec-fr-marseille
30395DFA82FFC040002825A8,3583787861776,2712374,apparel,GF-R3-U2,dec-fr-marseille
30395DFA82FFC0400021216C,3583787861776,2712374,apparel,BR-03,dec-fr-marseille
30395DFA82FFC080004475D1,3583787861783,2712372,apparel,GF-R3-U2,dec-fr-marseille
30395DFA82FFC1000013E4C9,3583787861806,2712383,apparel,GF-R3-U2,dec-fr-marseille
30395DFA82FFC100004EC557,3583787861806,2712383,apparel,GF-R3-U2,dec-fr-marseille
30395DFA82FFC140000B3811,3583787861813,2712381,apparel,GF-R3-U2,dec-fr-marseille
30395DFA82FFC140001C9AFE,3583787861813,2712381,apparel,GF-R3-U2,dec-fr-marseille
30395DFA82FFC1400081C05D,3583787861813,2712381,apparel,BR-04,dec-fr-marseille
30395DFA82E3004000936CF1,3583787567371,4335158,accessories,ACC-03,dec-fr-marseille
30395DFA82E30040005BC632,3583787567371,4335158,accessories,ACC-03,dec-fr-marseille
30395DFA82E3004000085C40,3583787567371,4335158,accessories,ACC-03,dec-fr-marseille
30395DFA82E300400031021F,3583787567371,4335158,accessories,ACC-03,dec-fr-marseille
30395DFA82E300400057BDFA,3583787567371,4335158,accessories,ACC-03,dec-fr-marseille
30395DFA82E3004000699C96,3583787567371,4335158,accessories,ACC-03,dec-fr-marseille
30395DFA82E30040001059FF,3583787567371,4335158,accessories,ACC-03,dec-fr-marseille
30395DFA82E300400085314A,3583787567371,4335158,accessories,ACC-03,dec-fr-marseille
30395DFA82E30040002E56C2,3583787567371,4335158,accessories,ACC-03,dec-fr-marseille
30395DFA82E30040008A4D1B,3583787567371,4335158,accessories,BR-01,dec-fr-marseille
30395DFA82E300400062F019,3583787567371,4335158,accessories,BR-02,dec-fr-marseille
30396061C11119800080DB2C,3608392796548,5057675,footwear,PE-01,dec-fr-marseille
30396061C11119C0008B537E,3608392796555,5057676,footwear,PE-01,dec-fr-marseille
30396061C11119C0000E17DD,3608392796555,5057676,footwear,PE-01,dec-fr-marseille
30396061C1111A000035D05C,3608392796562,5057677,footwear,PE-01,dec-fr-marseille
30396061C1111A0000945D37,3608392796562,5057677,footwear,PE-01,dec-fr-marseille
30396061C1111A40003DC9F5,3608392796579,5057678,footwear,PE-01,dec-fr-marseille
30396061C1111A4000933165,3608392796579,5057678,footwear,PE-01,dec-fr-marseille
30396061C1111A40005EE9F6,3608392796579,5057678,footwear,BR-03,dec-fr-marseille
30396061C1111A8000742FEF,3608392796586,5057679,footwear,PE-01,dec-fr-marseille
30396061C1111A80002B2E74,3608392796586,5057679,footwear,PE-01,dec-fr-marseille
30396061C1111A800014CFF0,3608392796586,5057679,footwear,PE-01,dec-fr-marseille
30396061C1111A800088F354,3608392796586,5057679,footwear,BR-04,dec-fr-marseille
30396061C1111AC00009EB71,3608392796593,5057680,footwear,PE-01,dec-fr-marseille
30396061C1111AC0003C51BF,3608392796593,5057680,footwear,PE-01,dec-fr-marseille
30396061C1111AC000936717,3608392796593,5057680,footwear,BR-01,dec-fr-marseille
30396061C1112280007E8F9C,3608392796906,5057681,footwear,PE-01,dec-fr-marseille
30396061C1112280005CECEA,3608392796906,5057681,footwear,PE-01,dec-fr-marseille
30396061C11122C000232EEC,3608392796913,5057682,footwear,PE-01,dec-fr-marseille
30396061C1112300006FDCC4,3608392796920,5057683,footwear,PE-01,dec-fr-marseille
3039606303C19FC000426D46,3608449847032,2456185,apparel,GB-R1-U2,dec-fr-marseille
3039606303C19FC0008D8E56,3608449847032,2456185,apparel,GB-R1-U2,dec-fr-marseille
3039606303C1A00000944C8B,3608449847049,2456191,apparel,GB-R1-U2,dec-fr-marseille
3039606303C1A080004AC131,3608449847063,2456190,apparel,GB-R1-U2,dec-fr-marseille
3039606303C1A0800070DD95,3608449847063,2456190,apparel,GB-R1-U2,dec-fr-marseille
3039606303C1A080008C65A9,3608449847063,2456190,apparel,GB-R1-U2,dec-fr-marseille
3039606303C1A080007C6716,3608449847063,2456190,apparel,BR-02,dec-fr-marseille
3039606303C1A10000741E30,3608449847087,2456189,apparel,GB-R1-U2,dec-fr-marseille
3039606303C1A10000634FA0,3608449847087,2456189,apparel,GB-R1-U2,dec-fr-marseille
3039606303C1A100004DCDEF,3608449847087,2456189,apparel,BR-03,dec-fr-marseille
3039606303C1A14000376841,3608449847094,2456187,apparel,GB-R1-U2,dec-fr-marseille
3039606303C1A1400085672D,3608449847094,2456187,apparel,GB-R1-U2,dec-fr-marseille
3039606303C1A14000255168,3608449847094,2456187,apparel,GB-R1-U2,dec-fr-marseille
3039606303C1A1400096208D,3608449847094,2456187,apparel,GB-R1-U2,dec-fr-marseille
3039606303C1A140004BB1E3,3608449847094,2456187,apparel,BR-04,dec-fr-marseille
3039606303C1A28000666602,3608449847148,2456188,apparel,GB-R1-U2,dec-fr-marseille
3039606303C1A2800068CC4F,3608449847148,2456188,apparel,GB-R1-U2,dec-fr-marseille
3039606303C1A280001BC999,3608449847148,2456188,apparel,GB-R1-U2,dec-fr-marseille
3039606303C1A280005FCC0D,3608449847148,2456188,apparel,GB-R1-U2,dec-fr-marseille
3039606303C1A280008CD3AB,3608449847148,2456188,apparel,BR-01,dec-fr-marseille
30396061C09F14C00040A5C5,3608391628994,5154029,accessories,GB-R2-U1,dec-fr-marseille
30396061C09F14C00076D2BD,3608391628994,5154029,accessories,GB-R2-U1,dec-fr-marseille
30396061C09F2180002A7E41,3608391629502,5154030,accessories,GB-R2-U1,dec-fr-marseille
30396061C09F2180006A64BC,3608391629502,5154030,accessories,GB-R2-U1,dec-fr-marseille
30396061C09F2180003DC81E,3608391629502,5154030,accessories,BR-02,dec-fr-marseille
30395DFA81DD3D0000886769,3583784886925,5242418,bag_pack,PE-01,dec-fr-marseille
30395DFA81DD3D00007D4653,3583784886925,5242418,bag_pack,PE-01,dec-fr-marseille
30395DFA81DD3D000010A0CE,3583784886925,5242418,bag_pack,PE-01,dec-fr-marseille
30395DFA81DD3D0000717AD7,3583784886925,5242418,bag_pack,PE-01,dec-fr-marseille
30395DFA81DD3D00005199DD,3583784886925,5242418,bag_pack,PE-01,dec-fr-marseille
30395DFA81DD3D000048966B,3583784886925,5242418,bag_pack,PE-01,dec-fr-marseille
30395DFA81DD3D0000851F46,3583784886925,5242418,bag_pack,BR-03,dec-fr-marseille
30395DFA82DA8140007FC33A,3583787480373,4275492,bag_pack,GF-R3-U1,dec-fr-marseille
30395DFA82DA8140002E5258,3583787480373,4275492,bag_pack,GF-R3-U1,dec-fr-marseille
30395DFA82DA81400095CACF,3583787480373,4275492,bag_pack,GF-R3-U1,dec-fr-marseille
30395DFA82DA814000678CDA,3583787480373,4275492,bag_pack,GF-R3-U1,dec-fr-marseille
30395DFA82DA814000652C88,3583787480373,4275492,bag_pack,BR-04,dec-fr-marseille
30396061C017D7800046E42C,3608390244140,4695251,outdoor,GB-R3-U1,dec-fr-marseille
30396061C017D780001825D6,3608390244140,4695251,outdoor,GB-R3-U1,dec-fr-marseille
30396061C125A50000625604,3608393006929,5395813,apparel,GB-R3-U1,dec-fr-marseille
30396061C125A5000026F9D7,3608393006929,5395813,apparel,GB-R3-U1,dec-fr-marseille
30396061C125A50000419950,3608393006929,5395813,apparel,BR-01,dec-fr-marseille
30396061C125A540008DF77A,3608393006936,5395814,apparel,GB-R3-U1,dec-fr-marseille
30396061C125A5400040A358,3608393006936,5395814,apparel,GB-R3-U1,dec-fr-marseille
30396061C125A540002D2A30,3608393006936,5395814,apparel,GB-R3-U1,dec-fr-marseille
30396061C125A540001A519A,3608393006936,5395814,apparel,GB-R3-U1,dec-fr-marseille
30396061C125A54000379ADB,3608393006936,5395814,apparel,BR-02,dec-fr-marseille
30396061C125A5800025C9E7,3608393006943,5395815,apparel,GB-R3-U1,dec-fr-marseille
30396061C125A58000352146,3608393006943,5395815,apparel,GB-R3-U1,dec-fr-marseille
30396061C125A5800019AF42,3608393006943,5395815,apparel,GB-R3-U1,dec-fr-marseille
30396061C125A580006E8419,3608393006943,5395815,apparel,GB-R3-U1,dec-fr-marseille
30396061C125A580008021A5,3608393006943,5395815,apparel,BR-03,dec-fr-marseille
30396061C125A5C00079D829,3608393006950,5395816,apparel,GB-R3-U1,dec-fr-marseille
30396061C125A5C0006A15C0,3608393006950,5395816,apparel,GB-R3-U1,dec-fr-marseille
30396061C125A5C00079A124,3608393006950,5395816,apparel,GB-R3-U1,dec-fr-marseille
30396061C125A5C0008BF369,3608393006950,5395816,apparel,BR-04,dec-fr-marseille
30396061C125A6000094F08F,3608393006967,5395817,apparel,GB-R3-U1,dec-fr-marseille
30396061C125A6000075B2E7,3608393006967,5395817,apparel,GB-R3-U1,dec-fr-marseille
30395DFA82B5FDC000405261,3583787106471,4775157,apparel,GF-R1-U1,dec-fr-marseille
30395DFA82B5FDC000282E1E,3583787106471,4775157,apparel,GF-R1-U1,dec-fr-marseille
30395DFA82B5FDC00093FB71,3583787106471,4775157,apparel,BR-01,dec-fr-marseille
30395DFA82B5FE000002E0F1,3583787106488,4775156,apparel,GF-R1-U1,dec-fr-marseille
30395DFA82B5FE0000426F93,3583787106488,4775156,apparel,GF-R1-U1,dec-fr-marseille
30395DFA82B5FE40002C915A,3583787106495,4775160,apparel,GF-R1-U1,dec-fr-marseille
30395DFA82B5FE800096B164,3583787106501,4775159,apparel,GF-R1-U1,dec-fr-marseille
30395DFA82B5FE8000759840,3583787106501,4775159,apparel,GF-R1-U1,dec-fr-marseille
30395DFA82B5FEC00077F778,3583787106518,4775158,apparel,GF-R1-U1,dec-fr-marseille
30395DFA82B5FEC0004A272A,3583787106518,4775158,apparel,GF-R1-U1,dec-fr-marseille
30395DFA82FF6DC0008F5AB3,3583787858479,2562324,apparel,GF-R1-U1,dec-fr-marseille
30395DFA82FF6DC00047324C,3583787858479,2562324,apparel,GF-R1-U1,dec-fr-marseille
30395DFA82FF6DC00057E72D,3583787858479,2562324,apparel,BR-02,dec-fr-marseille
30395DFA82FF6E000090E19E,3583787858486,2562322,apparel,GF-R1-U1,dec-fr-marseille
30395DFA82FF6E000025F98A,3583787858486,2562322,apparel,GF-R1-U1,dec-fr-marseille
30395DFA82FF6E0000588D1E,3583787858486,2562322,apparel,BR-03,dec-fr-marseille
30395DFA82FF6E40003A5E15,3583787858493,2562326,apparel,GF-R1-U1,dec-fr-marseille
30395DFA82FF6E8000776927,3583787858509,2562325,apparel,GF-R1-U1,dec-fr-marseille
30395DFA82FF6E80005BAD69,3583787858509,2562325,apparel,GF-R1-U1,dec-fr-marseille
30395DFA82FF6EC0002552E6,3583787858516,2562321,apparel,GF-R1-U1,dec-fr-marseille
30395DFA82FF6EC00078BB88,3583787858516,2562321,apparel,GF-R1-U1,dec-fr-marseille
30395DFA83003B0000099DEB,3583787866689,2920615,apparel,GF-R1-U1,dec-fr-marseille
30395DFA83003B000007C127,3583787866689,2920615,apparel,GF-R1-U1,dec-fr-marseille
30395DFA83003B00008B1BF6,3583787866689,2920615,apparel,BR-04,dec-fr-marseille
30395DFA83003BC0008F5A37,3583787866719,2920617,apparel,GF-R1-U1,dec-fr-marseille
30395DFA83003C4000699DB2,3583787866733,2920616,apparel,GF-R1-U1,dec-fr-marseille
30395DFA83003C400003FFBA,3583787866733,2920616,apparel,GF-R1-U1,dec-fr-marseille
30395DFA83003C40002BEF6D,3583787866733,2920616,apparel,BR-01,dec-fr-marseille
30395DFA83003D0000306370,3583787866764,2920618,apparel,GF-R1-U1,dec-fr-marseille
30395DFA83003D00002931B0,3583787866764,2920618,apparel,GF-R1-U1,dec-fr-marseille
30395DFA83003E00002D80A1,3583787866801,2920611,apparel,GF-R1-U1,dec-fr-marseille
30395DFA819B83800064B9CF,3583784213905,4564026,accessories,GB-R2-U2,dec-fr-marseille
30395DFA819B838000633C8C,3583784213905,4564026,accessories,GB-R2-U2,dec-fr-marseille
30395DFA819B83C0006E6F0F,3583784213912,4564029,accessories,GB-R2-U2,dec-fr-marseille
30395DFA819B83C0004C8AD6,3583784213912,4564029,accessories,GB-R2-U2,dec-fr-marseille
3039606283AF848000448394,3608429661627,4564027,accessories,GB-R2-U2,dec-fr-marseille
3039606283AF848000932ABE,3608429661627,4564027,accessories,GB-R2-U2,dec-fr-marseille
3039606283AF84C0008B8468,3608429661634,4564028,accessories,GB-R2-U2,dec-fr-marseille
3039606283AF86C00031EB54,3608429661719,4564031,accessories,GB-R2-U2,dec-fr-marseille
3039606283AF8740006D6A6B,3608429661733,4564030,accessories,GB-R2-U2,dec-fr-marseille
30395DFA819D8F40005AECEE,3583784234856,4557025,apparel,GB-R3-U2,dec-fr-marseille
30395DFA819D8F80004532D3,3583784234863,4557026,apparel,GB-R3-U2,dec-fr-marseille
30395DFA819D8F8000091232,3583784234863,4557026,apparel,GB-R3-U2,dec-fr-marseille
30395DFA819D8F80003CEE55,3583784234863,4557026,apparel,BR-02,dec-fr-marseille
30395DFA819D8FC0000D9704,3583784234870,4557027,apparel,GB-R3-U2,dec-fr-marseille
30395DFA819D8FC000877A00,3583784234870,4557027,apparel,GB-R3-U2,dec-fr-marseille
30395DFA819D8FC000129B83,3583784234870,4557027,apparel,GB-R3-U2,dec-fr-marseille
30395DFA819D8FC000722954,3583784234870,4557027,apparel,BR-03,dec-fr-marseille
30395DFA819D9000008D892B,3583784234887,4557028,apparel,GB-R3-U2,dec-fr-marseille
30395DFA819D90000090FD41,3583784234887,4557028,apparel,GB-R3-U2,dec-fr-marseille
30395DFA819D90000092D9FA,3583784234887,4557028,apparel,GB-R3-U2,dec-fr-marseille
30395DFA819D900000609289,3583784234887,4557028,apparel,BR-04,dec-fr-marseille
30395DFA819D90400068F03D,3583784234894,4557029,apparel,GB-R3-U2,dec-fr-marseille
30395DFA819D90400048EA6B,3583784234894,4557029,apparel,GB-R3-U2,dec-fr-marseille
30395DFA819D9040000B126F,3583784234894,4557029,apparel,BR-01,dec-fr-marseille
30395DFA819DB6000082317B,3583784236409,4557030,apparel,GB-R3-U2,dec-fr-marseille
30395DFA81A5FD4000542CB7,3583784321174,4557031,apparel,GB-R3-U2,dec-fr-marseille
30395DFA819E7880003BD26C,3583784244183,4272771,footwear,PW-01,dec-fr-marseille
30395DFA819E78C0008DF25D,3583784244190,4272772,footwear,PW-01,dec-fr-marseille
30395DFA819E9C000024C2E2,3583784245609,4272773,footwear,PW-01,dec-fr-marseille
30395DFA819E9C0000741796,3583784245609,4272773,footwear,PW-01,dec-fr-marseille
30395DFA819E9C40008DAF22,3583784245616,4272774,footwear,PW-01,dec-fr-marseille
30395DFA819E9C40009253CA,3583784245616,4272774,footwear,PW-01,dec-fr-marseille
30395DFA819E9C80007CFD69,3583784245623,4272775,footwear,PW-01,dec-fr-marseille
30395DFA819E9C80009215E9,3583784245623,4272775,footwear,PW-01,dec-fr-marseille
30395DFA819E9C800041647F,3583784245623,4272775,footwear,BR-02,dec-fr-marseille
30395DFA819E9CC00060F858,3583784245630,4272776,footwear,PW-01,dec-fr-marseille
30395DFA819E9CC000487A5D,3583784245630,4272776,footwear,PW-01,dec-fr-marseille
30395DFA819E9D0000161172,3583784245647,4272777,footwear,PW-01,dec-fr-marseille
30395DFA819E9D4000186E4F,3583784245654,4272778,footwear,PW-01,dec-fr-marseille
30396062C390B60000447EAE,3608439346163,4163887,apparel,GF-R3-U1,dec-fr-marseille
30396062C390B6000080895B,3608439346163,4163887,apparel,GF-R3-U1,dec-fr-marseille
30396062C390B6000064BE0F,3608439346163,4163887,apparel,BR-03,dec-fr-marseille
30396062C390B680000E3C05,3608439346187,4163888,apparel,GF-R3-U1,dec-fr-marseille
30396062C390B680001A9825,3608439346187,4163888,apparel,GF-R3-U1,dec-fr-marseille
30396062C390B680002B1AE8,3608439346187,4163888,apparel,BR-04,dec-fr-marseille
30396062C390B780008FB3DB,3608439346224,4163883,apparel,GF-R3-U1,dec-fr-marseille
30396062C390B8800023870C,3608439346262,4163885,apparel,GF-R3-U1,dec-fr-marseille
30396062C390B880008303D1,3608439346262,4163885,apparel,GF-R3-U1,dec-fr-marseille
30396062C390B880005C2B50,3608439346262,4163885,apparel,GF-R3-U1,dec-fr-marseille
30396062C390B8800038806D,3608439346262,4163885,apparel,BR-01,dec-fr-marseille
30396062C390B9000048DDE0,3608439346286,4163886,apparel,GF-R3-U1,dec-fr-marseille
30396062C390B9000092FAC2,3608439346286,4163886,apparel,GF-R3-U1,dec-fr-marseille
30396062C390B90000315157,3608439346286,4163886,apparel,GF-R3-U1,dec-fr-marseille
30396062C390B9000025FB3F,3608439346286,4163886,apparel,GF-R3-U1,dec-fr-marseille
30396062C390B900006F35AC,3608439346286,4163886,apparel,BR-02,dec-fr-marseille
30396062C390B9800064274A,3608439346309,4163882,apparel,GF-R3-U1,dec-fr-marseille
30396062C390B9800027DBAD,3608439346309,4163882,apparel,GF-R3-U1,dec-fr-marseille
30396062C39B8780006CA87F,3608439456947,2556253,apparel,GF-R3-U2,dec-fr-marseille
30396062C39B87C000317BC7,3608439456954,2556252,apparel,GF-R3-U2,dec-fr-marseille
30396062C39B87C0004479C2,3608439456954,2556252,apparel,GF-R3-U2,dec-fr-marseille
30396062C39B880000687734,3608439456961,2556248,apparel,GF-R3-U2,dec-fr-marseille
30396062C39B8880004BC3B8,3608439456985,2556251,apparel,GF-R3-U2,dec-fr-marseille
30396062C39B8880000E170C,3608439456985,2556251,apparel,GF-R3-U2,dec-fr-marseille
30396062C39B88C000104381,3608439456992,2556249,apparel,GF-R3-U2,dec-fr-marseille
30396062C39B88C000681B4E,3608439456992,2556249,apparel,GF-R3-U2,dec-fr-marseille
30396062C39B8940005288A0,3608439457012,2563483,apparel,GF-R3-U2,dec-fr-marseille
30396062C39B89800023228E,3608439457029,2563482,apparel,GF-R3-U2,dec-fr-marseille
30396062C39B89C000716B44,3608439457036,2563485,apparel,GF-R3-U2,dec-fr-marseille
30396062C39B89C000022787,3608439457036,2563485,apparel,GF-R3-U2,dec-fr-marseille
30396062C39B8A0000168D8A,3608439457043,2563484,apparel,GF-R3-U2,dec-fr-marseille
30396062C39B8A4000950194,3608439457050,2563487,apparel,GF-R3-U2,dec-fr-marseille
30396062C39B8A8000906E3F,3608439457067,2563486,apparel,GF-R3-U2,dec-fr-marseille
30396062C39B8A80004770EB,3608439457067,2563486,apparel,GF-R3-U2,dec-fr-marseille
30396061C02EFA40004F61D8,3608390481057,4995764,apparel,GF-R2-U2,dec-fr-marseille
30396061C02EFA800020E2F8,3608390481064,4995765,apparel,GF-R2-U2,dec-fr-marseille
30396061C02EFA80008BA4A2,3608390481064,4995765,apparel,GF-R2-U2,dec-fr-marseille
30396061C02EFA800079B34A,3608390481064,4995765,apparel,BR-03,dec-fr-marseille
30396061C02EFAC0006E40DE,3608390481071,4995766,apparel,GF-R2-U2,dec-fr-marseille
30396061C02EFAC0008C075C,3608390481071,4995766,apparel,GF-R2-U2,dec-fr-marseille
30396061C02EFAC0002E098F,3608390481071,4995766,apparel,GF-R2-U2,dec-fr-marseille
30396061C02EFAC000233807,3608390481071,4995766,apparel,BR-04,dec-fr-marseille
30396061C02EFB00006C5136,3608390481088,4995767,apparel,GF-R2-U2,dec-fr-marseille
30396061C02EFB00001DBCD5,3608390481088,4995767,apparel,GF-R2-U2,dec-fr-marseille
30396061C02EFB000052EEAA,3608390481088,4995767,apparel,GF-R2-U2,dec-fr-marseille
30396061C02EFB000038803B,3608390481088,4995767,apparel,BR-01,dec-fr-marseille
30396061C02EFB40002BCA92,3608390481095,4995768,apparel,GF-R2-U2,dec-fr-marseille
30396061C02EFB40001A461B,3608390481095,4995768,apparel,GF-R2-U2,dec-fr-marseille
30396061C02EFB40006714C8,3608390481095,4995768,apparel,BR-02,dec-fr-marseille
30396061C02F4680007BB01D,3608390484102,4995769,apparel,GF-R2-U2,dec-fr-marseille
30396061C02F4680007E4E5A,3608390484102,4995769,apparel,GF-R2-U2,dec-fr-marseille
30396061C02F46C00026EE57,3608390484119,4995770,apparel,GF-R2-U2,dec-fr-marseille
30396061C0521880003A508E,3608390840663,5099350,accessories,GB-R2-U1,dec-fr-marseille
30396061C052188000556ADC,3608390840663,5099350,accessories,GB-R2-U1,dec-fr-marseille
30396061C0521880003328D4,3608390840663,5099350,accessories,BR-03,dec-fr-marseille
30396061C05218C0006AC00E,3608390840670,5099351,accessories,GB-R2-U1,dec-fr-marseille
30396061C05218C00007E85C,3608390840670,5099351,accessories,GB-R2-U1,dec-fr-marseille
30396061C05230000051E187,3608390841608,5099352,accessories,GB-R2-U1,dec-fr-marseille
30396061C052300000011958,3608390841608,5099352,accessories,GB-R2-U1,dec-fr-marseille
30396061C09EC680007B70C6,3608391625863,5224122,apparel,GF-R1-U2,dec-fr-marseille
30396061C09EC6800086A777,3608391625863,5224122,apparel,GF-R1-U2,dec-fr-marseille
30396061C09EC680009045FB,3608391625863,5224122,apparel,BR-04,dec-fr-marseille
30396061C09EC6C0000FDD5B,3608391625870,5224123,apparel,GF-R1-U2,dec-fr-marseille
30396061C09EC6C0005DEF78,3608391625870,5224123,apparel,GF-R1-U2,dec-fr-marseille
30396061C09EC6C0003F8BDB,3608391625870,5224123,apparel,GF-R1-U2,dec-fr-marseille
30396061C09EC6C000075D78,3608391625870,5224123,apparel,GF-R1-U2,dec-fr-marseille
30396061C09EC6C00094DF70,3608391625870,5224123,apparel,BR-01,dec-fr-marseille
30396061C09EC7000081FCB4,3608391625887,5224124,apparel,GF-R1-U2,dec-fr-marseille
30396061C09EC7000080B51A,3608391625887,5224124,apparel,GF-R1-U2,dec-fr-marseille
30396061C09EC700001123D0,3608391625887,5224124,apparel,GF-R1-U2,dec-fr-marseille
30396061C09EC700003CD970,3608391625887,5224124,apparel,BR-02,dec-fr-marseille
30396061C09EC7400062EFC6,3608391625894,5224125,apparel,GF-R1-U2,dec-fr-marseille
30396061C09EC740008CDFF0,3608391625894,5224125,apparel,GF-R1-U2,dec-fr-marseille
30396061C09EC74000522543,3608391625894,5224125,apparel,GF-R1-U2,dec-fr-marseille
30396061C09EC7400017289D,3608391625894,5224125,apparel,GF-R1-U2,dec-fr-marseille
30396061C09EC740007290DC,3608391625894,5224125,apparel,BR-03,dec-fr-marseille
30395DFA82D3F140004854A5,3583787413173,4001600,bag_pack,GF-R3-U2,dec-fr-marseille
30395DFA82D3F1400019AD31,3583787413173,4001600,bag_pack,GF-R3-U2,dec-fr-marseille
30395DFA82D3F1400035093F,3583787413173,4001600,bag_pack,GF-R3-U2,dec-fr-marseille
30395DFA82D3F14000559ABA,3583787413173,4001600,bag_pack,GF-R3-U2,dec-fr-marseille
30395DFA82D3F140003D614E,3583787413173,4001600,bag_pack,GF-R3-U2,dec-fr-marseille
30395DFA82D3F1400047BE71,3583787413173,4001600,bag_pack,BR-04,dec-fr-marseille
30396061C062CC8000827158,3608391011703,5148874,apparel,GB-R1-U1,dec-fr-marseille
30396061C062CC80006290BA,3608391011703,5148874,apparel,GB-R1-U1,dec-fr-marseille
30396061C062CCC0003DD47A,3608391011710,5148875,apparel,GB-R1-U1,dec-fr-marseille
30396061C062CCC000352FC4,3608391011710,5148875,apparel,GB-R1-U1,dec-fr-marseille
30396061C062CCC000211B7A,3608391011710,5148875,apparel,BR-01,dec-fr-marseille
30396061C062CD00000C1107,3608391011727,5148876,apparel,GB-R1-U1,dec-fr-marseille
30396061C062CD00001F225E,3608391011727,5148876,apparel,GB-R1-U1,dec-fr-marseille
30396061C062CD40004E32EF,3608391011734,5148877,apparel,GB-R1-U1,dec-fr-marseille
30396061C062CD40005D1AF0,3608391011734,5148877,apparel,GB-R1-U1,dec-fr-marseille
30396061C062CD80004E4949,3608391011741,5148878,apparel,GB-R1-U1,dec-fr-marseille
3039606303BD72C00048B354,3608449804271,4883302,apparel,GB-R1-U1,dec-fr-marseille
3039606303BD72C00008A860,3608449804271,4883302,apparel,GB-R1-U1,dec-fr-marseille
3039606303BD734000077B5A,3608449804295,4883300,apparel,GB-R1-U1,dec-fr-marseille
3039606303BD7380006F59AE,3608449804301,4883299,apparel,GB-R1-U1,dec-fr-marseille
3039606303BD73800017BF33,3608449804301,4883299,apparel,GB-R1-U1,dec-fr-marseille
3039606303BD73C00035D004,3608449804318,4883298,apparel,GB-R1-U1,dec-fr-marseille
3039606303BD73C00089EBC3,3608449804318,4883298,apparel,GB-R1-U1,dec-fr-marseille
3039606303BD73C0003B021A,3608449804318,4883298,apparel,BR-02,dec-fr-marseille
3039606303BD7400007E9B74,3608449804325,4883297,apparel,GB-R1-U1,dec-fr-marseille
3039606303BD740000766156,3608449804325,4883297,apparel,GB-R1-U1,dec-fr-marseille
3039606303BD74000024C302,3608449804325,4883297,apparel,BR-03,dec-fr-marseille
30396062C39A688000542C21,3608439445460,2432099,footwear,PE-01,dec-fr-marseille
30396062C39A6880005300B7,3608439445460,2432099,footwear,PE-01,dec-fr-marseille
30396062C39A68C00052F126,3608439445477,2432100,footwear,PE-01,dec-fr-marseille
30396062C39A68C00061CD4F,3608439445477,2432100,footwear,PE-01,dec-fr-marseille
30396062C39A68C00042429C,3608439445477,2432100,footwear,BR-04,dec-fr-marseille
30396062C39A69400014EE4A,3608439445491,2432098,footwear,PE-01,dec-fr-marseille
30396062C39A6980007D5E01,3608439445507,2432104,footwear,PE-01,dec-fr-marseille
30396062C39A6980001C9CB9,3608439445507,2432104,footwear,PE-01,dec-fr-marseille
30396062C39A698000356500,3608439445507,2432104,footwear,PE-01,dec-fr-marseille
30396062C39A698000799E40,3608439445507,2432104,footwear,BR-01,dec-fr-marseille
30396062C39A69C00086D0F4,3608439445514,2432103,footwear,PE-01,dec-fr-marseille
30396062C39A69C000588B43,3608439445514,2432103,footwear,PE-01,dec-fr-marseille
30396062C39A69C0009567EE,3608439445514,2432103,footwear,PE-01,dec-fr-marseille
30396062C39A69C0004B54CE,3608439445514,2432103,footwear,BR-02,dec-fr-marseille
30396062C39A6A00001658A5,3608439445521,2432102,footwear,PE-01,dec-fr-marseille
30396062C39A6A000039D0E1,3608439445521,2432102,footwear,PE-01,dec-fr-marseille
30396062C39A6A00008A95F2,3608439445521,2432102,footwear,PE-01,dec-fr-marseille
30396062C39A6A00005A7960,3608439445521,2432102,footwear,PE-01,dec-fr-marseille
30396062C39A6A000006B814,3608439445521,2432102,footwear,BR-03,dec-fr-marseille
30396062C39A6A400035DD0E,3608439445538,2432101,footwear,PE-01,dec-fr-marseille
30396062C39A6A4000794BE8,3608439445538,2432101,footwear,PE-01,dec-fr-marseille
30396062C39A6A400001CB5B,3608439445538,2432101,footwear,PE-01,dec-fr-marseille
30396062C39A6A40004B6811,3608439445538,2432101,footwear,BR-04,dec-fr-marseille
30396062C39A6AC00062F5F3,3608439445552,2432106,footwear,PE-01,dec-fr-marseille
30396062C39A6B00000D11E7,3608439445569,2432105,footwear,PE-01,dec-fr-marseille
30396062C39A6B00007DA77A,3608439445569,2432105,footwear,PE-01,dec-fr-marseille
30396061C0B0FA80006D92F9,3608391812263,5187528,accessories,GB-R3-U2,dec-fr-marseille
30396061C0B0FA80008E781A,3608391812263,5187528,accessories,GB-R3-U2,dec-fr-marseille
30396061C0B0FB00007201E3,3608391812287,5187531,accessories,GB-R3-U2,dec-fr-marseille
30396061C0B0FB00008147D4,3608391812287,5187531,accessories,GB-R3-U2,dec-fr-marseille
30396061C0F0A4C000208105,3608392464195,5448745,accessories,GB-R3-U2,dec-fr-marseille
30396061C0F0A4C0008CDF33,3608392464195,5448745,accessories,GB-R3-U2,dec-fr-marseille
30396061C0633F800088AABC,3608391016302,5149470,accessories,CO-IR,dec-fr-marseille
30396061C0633FC0008F13BE,3608391016319,5149471,accessories,CO-IR,dec-fr-marseille
30396061C0633FC0004D1491,3608391016319,5149471,accessories,CO-IR,dec-fr-marseille
30396061C0634000008F6D84,3608391016326,5149472,accessories,CO-IR,dec-fr-marseille
30396061C0634040008A3D91,3608391016333,5149473,accessories,CO-IR,dec-fr-marseille
30396061C0634040003A1243,3608391016333,5149473,accessories,CO-IR,dec-fr-marseille
30396061C063408000942CAC,3608391016340,5149474,accessories,CO-IR,dec-fr-marseille
30396061C0634080001976C4,3608391016340,5149474,accessories,CO-IR,dec-fr-marseille
30396061C06340C0004D5C83,3608391016357,5149475,accessories,CO-IR,dec-fr-marseille
30396061C06340C00064681A,3608391016357,5149475,accessories,CO-IR,dec-fr-marseille
30396061C15084800034FBB5,3608393445940,5395829,bag_pack,GF-R1-U2,dec-fr-marseille
30396061C15084800075DABE,3608393445940,5395829,bag_pack,GF-R1-U2,dec-fr-marseille
30396061C1508480000C93AB,3608393445940,5395829,bag_pack,GF-R1-U2,dec-fr-marseille
30396061C15084800000245B,3608393445940,5395829,bag_pack,GF-R1-U2,dec-fr-marseille
30396061C1508480005F3228,3608393445940,5395829,bag_pack,GF-R1-U2,dec-fr-marseille
30396061C15084800004106E,3608393445940,5395829,bag_pack,BR-01,dec-fr-marseille
30395DFA819D0000006C5BC1,3583784229128,4361603,accessories,GB-R3-U1,dec-fr-marseille
30395DFA819D0040004DB77F,3583784229135,4361604,accessories,GB-R3-U1,dec-fr-marseille
30395DFA819D008000626F21,3583784229142,4361605,accessories,GB-R3-U1,dec-fr-marseille
30395DFA819D00C00017F864,3583784229159,4361606,accessories,GB-R3-U1,dec-fr-marseille
30395DFA819D0100005CD91E,3583784229166,4361607,accessories,GB-R3-U1,dec-fr-marseille
30395DFA819D0140008A5237,3583784229173,4361608,accessories,GB-R3-U1,dec-fr-marseille
30395DFA82F89600007EA1CE,3583787788400,2899478,bag_pack,PE-01,dec-fr-marseille
30395DFA82F8960000139365,3583787788400,2899478,bag_pack,PE-01,dec-fr-marseille
30395DFA82F89600002A8CEC,3583787788400,2899478,bag_pack,PE-01,dec-fr-marseille
30395DFA82F89600008CE686,3583787788400,2899478,bag_pack,PE-01,dec-fr-marseille
30395DFA82F89600000EB9B1,3583787788400,2899478,bag_pack,PE-01,dec-fr-marseille
30395DFA82F89600005FA501,3583787788400,2899478,bag_pack,PE-01,dec-fr-marseille
30395DFA82F89600004B66E7,3583787788400,2899478,bag_pack,PE-01,dec-fr-marseille
30395DFA82F896000028FE27,3583787788400,2899478,bag_pack,BR-02,dec-fr-marseille
30395DFA82F89600004B4781,3583787788400,2899478,bag_pack,BR-03,dec-fr-marseille
3039606303C854400051B1B0,3608449915694,885269,apparel,GB-R1-U2,dec-fr-marseille
3039606303C85440000DC382,3608449915694,885269,apparel,GB-R1-U2,dec-fr-marseille
3039606303C85440002C25E6,3608449915694,885269,apparel,BR-04,dec-fr-marseille
3039606303C8548000872F1A,3608449915700,885266,apparel,GB-R1-U2,dec-fr-marseille
3039606303C854800017AF80,3608449915700,885266,apparel,GB-R1-U2,dec-fr-marseille
3039606303C855800078487D,3608449915748,885276,apparel,GB-R1-U2,dec-fr-marseille
3039606303C85580002CED03,3608449915748,885276,apparel,GB-R1-U2,dec-fr-marseille
3039606303C8558000158F80,3608449915748,885276,apparel,BR-01,dec-fr-marseille
3039606303C8560000676828,3608449915762,885277,apparel,GB-R1-U2,dec-fr-marseille
3039606303C856000063F47B,3608449915762,885277,apparel,GB-R1-U2,dec-fr-marseille
3039606303C856800088C1FF,3608449915786,885273,apparel,GB-R1-U2,dec-fr-marseille
3039606303C856800059F32D,3608449915786,885273,apparel,GB-R1-U2,dec-fr-marseille
3039606303C85680007DD276,3608449915786,885273,apparel,GB-R1-U2,dec-fr-marseille
3039606303C856800078F7B2,3608449915786,885273,apparel,GB-R1-U2,dec-fr-marseille
3039606303C856800023FD4C,3608449915786,885273,apparel,BR-02,dec-fr-marseille
3039606303C856C00006F6E9,3608449915793,885274,apparel,GB-R1-U2,dec-fr-marseille
3039606303C856C00006DC4F,3608449915793,885274,apparel,GB-R1-U2,dec-fr-marseille
3039606303C856C0008A8AF5,3608449915793,885274,apparel,GB-R1-U2,dec-fr-marseille
3039606303C856C00002DE7B,3608449915793,885274,apparel,GB-R1-U2,dec-fr-marseille
3039606303C856C00030AE8F,3608449915793,885274,apparel,BR-03,dec-fr-marseille
30396061C13299000037B2FA,3608393139566,5624254,bag_pack,GF-R3-U1,dec-fr-marseille
30396061C13299000003BD68,3608393139566,5624254,bag_pack,GF-R3-U1,dec-fr-marseille
30396061C13496000047BD01,3608393159922,5624261,bag_pack,GF-R3-U1,dec-fr-marseille
30396061C1349600007B32F3,3608393159922,5624261,bag_pack,GF-R3-U1,dec-fr-marseille
30396061C134A840006C170D,3608393160652,5624252,bag_pack,GF-R3-U1,dec-fr-marseille
30396061C134A84000619166,3608393160652,5624252,bag_pack,GF-R3-U1,dec-fr-marseille
30396061C173B980001BDCC0,3608393806468,5723430,bag_pack,GF-R3-U1,dec-fr-marseille
30396061C173B98000394B0C,3608393806468,5723430,bag_pack,GF-R3-U1,dec-fr-marseille
30396061C0FF7880000E139C,3608392616020,5485697,bag_pack,PE-03,dec-fr-marseille
30396061C0FF788000554614,3608392616020,5485697,bag_pack,PE-03,dec-fr-marseille
30396061C0FF78800073E274,3608392616020,5485697,bag_pack,PE-03,dec-fr-marseille
30396061C0FF788000506FFE,3608392616020,5485697,bag_pack,PE-03,dec-fr-marseille
30396061C0FF78800026F6F3,3608392616020,5485697,bag_pack,PE-03,dec-fr-marseille
30396061C0FF78800008FB92,3608392616020,5485697,bag_pack,PE-03,dec-fr-marseille
30396061C0FF788000367FFC,3608392616020,5485697,bag_pack,BR-04,dec-fr-marseille
30396061C065E4C00006C383,3608391043391,5158776,apparel,GF-R1-U1,dec-fr-marseille
30396061C0660D00005F7749,3608391045005,5158777,apparel,GF-R1-U1,dec-fr-marseille
30396061C0660D000006AD05,3608391045005,5158777,apparel,GF-R1-U1,dec-fr-marseille
30396061C0660D0000351EBB,3608391045005,5158777,apparel,GF-R1-U1,dec-fr-marseille
30396061C0660D000051F2A8,3608391045005,5158777,apparel,GF-R1-U1,dec-fr-marseille
30396061C0660D0000536552,3608391045005,5158777,apparel,BR-01,dec-fr-marseille
30396061C0660D4000405955,3608391045012,5158779,apparel,GF-R1-U1,dec-fr-marseille
30396061C0660D400052B93C,3608391045012,5158779,apparel,GF-R1-U1,dec-fr-marseille
30396061C0660D40008AEEDF,3608391045012,5158779,apparel,GF-R1-U1,dec-fr-marseille
30396061C0660D400092F46D,3608391045012,5158779,apparel,GF-R1-U1,dec-fr-marseille
30396061C0660D4000031B01,3608391045012,5158779,apparel,GF-R1-U1,dec-fr-marseille
30396061C0660D4000649021,3608391045012,5158779,apparel,GF-R1-U1,dec-fr-marseille
30396061C0660D40004FA3AC,3608391045012,5158779,apparel,GF-R1-U1,dec-fr-marseille
30396061C0660D400035169A,3608391045012,5158779,apparel,BR-02,dec-fr-marseille
30396061C06CCA4000943605,3608391114015,5177939,footwear,PW-01,dec-fr-marseille
30396061C06CD68000436C33,3608391114503,5177940,footwear,PW-01,dec-fr-marseille
30396061C06CD6800068BD11,3608391114503,5177940,footwear,PW-01,dec-fr-marseille
30396061C06CD6C000193004,3608391114510,5177941,footwear,PW-01,dec-fr-marseille
30396061C06CD6C0002C77C8,3608391114510,5177941,footwear,PW-01,dec-fr-marseille
30396061C06CD6C000099E1A,3608391114510,5177941,footwear,BR-03,dec-fr-marseille
30396061C06CD700008626A3,3608391114527,5177943,footwear,PW-01,dec-fr-marseille
30396061C06CD700004D92CC,3608391114527,5177943,footwear,PW-01,dec-fr-marseille
30396061C06CD700006DBA81,3608391114527,5177943,footwear,BR-04,dec-fr-marseille
30396061C06CD740002EBD33,3608391114534,5177944,footwear,PW-01,dec-fr-marseille
30396061C06CD740001CE6D3,3608391114534,5177944,footwear,PW-01,dec-fr-marseille
30396061C06CD740005F8C0F,3608391114534,5177944,footwear,BR-01,dec-fr-marseille
30396061C06CD780006099A5,3608391114541,5177945,footwear,PW-01,dec-fr-marseille
30396061C06CD7800042C6B4,3608391114541,5177945,footwear,PW-01,dec-fr-marseille
30396061C06CD7800030FC42,3608391114541,5177945,footwear,BR-02,dec-fr-marseille
30396061C06CD7C0006120AB,3608391114558,5177946,footwear,PW-01,dec-fr-marseille
30395DFA819CB240002EA9F6,3583784226011,4272515,apparel,GB-R3-U1,dec-fr-marseille
30395DFA819CB2800004CFEF,3583784226028,4272516,apparel,GB-R3-U1,dec-fr-marseille
30395DFA819CB2C0001210A9,3583784226035,4272519,apparel,GB-R3-U1,dec-fr-marseille
30395DFA819CB2C000382DE0,3583784226035,4272519,apparel,GB-R3-U1,dec-fr-marseille
30395DFA819CB2C0000FF15B,3583784226035,4272519,apparel,GB-R3-U1,dec-fr-marseille
30395DFA819CB2C0001AED00,3583784226035,4272519,apparel,BR-03,dec-fr-marseille
30395DFA819CB3000095B167,3583784226042,4272520,apparel,GB-R3-U1,dec-fr-marseille
30395DFA819CB30000196964,3583784226042,4272520,apparel,GB-R3-U1,dec-fr-marseille
30395DFA819CB3000081B504,3583784226042,4272520,apparel,GB-R3-U1,dec-fr-marseille
30395DFA819CB30000400F54,3583784226042,4272520,apparel,BR-04,dec-fr-marseille
30395DFA819CB34000515C7E,3583784226059,4272521,apparel,GB-R3-U1,dec-fr-marseille
30395DFA819CB3400024BD72,3583784226059,4272521,apparel,GB-R3-U1,dec-fr-marseille
30395DFA819CB3800012AB5B,3583784226066,4272522,apparel,GB-R3-U1,dec-fr-marseille
30395DFA819CB380002FEC03,3583784226066,4272522,apparel,GB-R3-U1,dec-fr-marseille
30395DFA819CB380000E06D3,3583784226066,4272522,apparel,BR-01,dec-fr-marseille
30395DFA82EA244000840285,3583787640494,4273312,bag_pack,GF-R1-U1,dec-fr-marseille
30395DFA82EA2440004087B4,3583787640494,4273312,bag_pack,GF-R1-U1,dec-fr-marseille
30395DFA82EA2440001306D3,3583787640494,4273312,bag_pack,GF-R1-U1,dec-fr-marseille
30395DFA82EA2440006B2F3A,3583787640494,4273312,bag_pack,GF-R1-U1,dec-fr-marseille
30395DFA82EA2440003A9F55,3583787640494,4273312,bag_pack,GF-R1-U1,dec-fr-marseille
30395DFA82EA2440006E90DB,3583787640494,4273312,bag_pack,BR-02,dec-fr-marseille
30396061C0DC1E00008D2DF8,3608392254000,5405877,apparel,GF-R1-U2,dec-fr-marseille
30396061C0DC1E00006CF76D,3608392254000,5405877,apparel,GF-R1-U2,dec-fr-marseille
30396061C0DC1E4000696D21,3608392254017,5405878,apparel,GF-R1-U2,dec-fr-marseille
30396061C0DC1E400064BFFB,3608392254017,5405878,apparel,GF-R1-U2,dec-fr-marseille
30396061C0DC1E400034D981,3608392254017,5405878,apparel,GF-R1-U2,dec-fr-marseille
30396061C0DC1E40003078AD,3608392254017,5405878,apparel,BR-03,dec-fr-marseille
30396061C0DC1E80004EC793,3608392254024,5405879,apparel,GF-R1-U2,dec-fr-marseille
30396061C0DC1E8000096983,3608392254024,5405879,apparel,GF-R1-U2,dec-fr-marseille
30396061C0DC1E800012D386,3608392254024,5405879,apparel,GF-R1-U2,dec-fr-marseille
30396061C0DC1E800017490C,3608392254024,5405879,apparel,GF-R1-U2,dec-fr-marseille
30396061C0DC1E8000171BD6,3608392254024,5405879,apparel,GF-R1-U2,dec-fr-marseille
30396061C0DC1E80002130EC,3608392254024,5405879,apparel,GF-R1-U2,dec-fr-marseille
30396061C0DC1E80004BAC7C,3608392254024,5405879,apparel,BR-04,dec-fr-marseille
30396061C0DC1EC0006BBF8A,3608392254031,5405880,apparel,GF-R1-U2,dec-fr-marseille
30396061C0DC1EC00046B21A,3608392254031,5405880,apparel,GF-R1-U2,dec-fr-marseille
30396061C0DC1EC0001316A6,3608392254031,5405880,apparel,GF-R1-U2,dec-fr-marseille
30396061C0DC1EC0001B61BE,3608392254031,5405880,apparel,GF-R1-U2,dec-fr-marseille
30396061C0DC1EC0001B112A,3608392254031,5405880,apparel,GF-R1-U2,dec-fr-marseille
30396061C0DC1EC0003CEC02,3608392254031,5405880,apparel,GF-R1-U2,dec-fr-marseille
30396061C0DC1EC0001A670C,3608392254031,5405880,apparel,BR-01,dec-fr-marseille
30396061C0DC1F000026F031,3608392254048,5405881,apparel,GF-R1-U2,dec-fr-marseille
30396061C0DC1F000035EFBF,3608392254048,5405881,apparel,GF-R1-U2,dec-fr-marseille
30396061C0DC1F00007DE304,3608392254048,5405881,apparel,GF-R1-U2,dec-fr-marseille
30396061C0DC1F00006A8B66,3608392254048,5405881,apparel,GF-R1-U2,dec-fr-marseille
30396061C0DC1F0000842C03,3608392254048,5405881,apparel,GF-R1-U2,dec-fr-marseille
30396061C0DC1F000057852D,3608392254048,5405881,apparel,BR-02,dec-fr-marseille
30396061C0DC1F400008CF60,3608392254055,5405882,apparel,GF-R1-U2,dec-fr-marseille
30396061C0DC1F40006BBF95,3608392254055,5405882,apparel,GF-R1-U2,dec-fr-marseille
30396061C0DC1F40004F3476,3608392254055,5405882,apparel,GF-R1-U2,dec-fr-marseille
30396061C0DC1F40006B9FF5,3608392254055,5405882,apparel,BR-03,dec-fr-marseille
30396061C14B0A000085D856,3608393389848,5664473,apparel,GB-R3-U2,dec-fr-marseille
30396061C14B0A40000A0A40,3608393389855,5664474,apparel,GB-R3-U2,dec-fr-marseille
30396061C14B0A4000663FF7,3608393389855,5664474,apparel,GB-R3-U2,dec-fr-marseille
30396061C14B0A800015F93A,3608393389862,5664475,apparel,GB-R3-U2,dec-fr-marseille
30396061C14B0A80001D5827,3608393389862,5664475,apparel,GB-R3-U2,dec-fr-marseille
30396061C14B0A8000655B7D,3608393389862,5664475,apparel,BR-04,dec-fr-marseille
30396061C14B0AC0000EEDFD,3608393389879,5664476,apparel,GB-R3-U2,dec-fr-marseille
30396061C14B0AC000273A17,3608393389879,5664476,apparel,GB-R3-U2,dec-fr-marseille
30396061C14B0B00009212FC,3608393389886,5664477,apparel,GB-R3-U2,dec-fr-marseille
30396061C14B6780001673E8,3608393393586,5664478,apparel,GB-R3-U2,dec-fr-marseille
30396061C14B67C000987A5A,3608393393593,5664479,apparel,GB-R3-U2,dec-fr-marseille
30396061C14B67C0007201EE,3608393393593,5664479,apparel,GB-R3-U2,dec-fr-marseille
30396061C14B8D80006C1D30,3608393395108,5664480,apparel,GB-R3-U2,dec-fr-marseille
30396061C14B8D800055D3F4,3608393395108,5664480,apparel,GB-R3-U2,dec-fr-marseille
30396061C14B8D800072EF1B,3608393395108,5664480,apparel,BR-01,dec-fr-marseille
30396061C14B8DC0005C262A,3608393395115,5664481,apparel,GB-R3-U2,dec-fr-marseille
30396061C14B8DC00062DAE4,3608393395115,5664481,apparel,GB-R3-U2,dec-fr-marseille
30396061C14B8E0000570823,3608393395122,5664482,apparel,GB-R3-U2,dec-fr-marseille
30396061C110E140002CA05F,3608392794292,5475667,footwear,PE-01,dec-fr-marseille
30396061C110E14000842249,3608392794292,5475667,footwear,PE-01,dec-fr-marseille
30396061C1110E800082A737,3608392796104,5475668,footwear,PE-01,dec-fr-marseille
30396061C1110E80003FF683,3608392796104,5475668,footwear,PE-01,dec-fr-marseille
30396061C1110E8000857DBD,3608392796104,5475668,footwear,BR-02,dec-fr-marseille
30396061C1110EC0008D9558,3608392796111,5475669,footwear,PE-01,dec-fr-marseille
30396061C1110EC0007F1075,3608392796111,5475669,footwear,PE-01,dec-fr-marseille
30396061C1110EC0002CCFD7,3608392796111,5475669,footwear,PE-01,dec-fr-marseille
30396061C1110EC0009385DB,3608392796111,5475669,footwear,BR-03,dec-fr-marseille
30396061C1110F00004E70A0,3608392796128,5475670,footwear,PE-01,dec-fr-marseille
30396061C1110F0000933536,3608392796128,5475670,footwear,PE-01,dec-fr-marseille
30396061C1110F000093842D,3608392796128,5475670,footwear,PE-01,dec-fr-marseille
30396061C1110F00008D1874,3608392796128,5475670,footwear,BR-04,dec-fr-marseille
30396061C1110F40004FA126,3608392796135,5475671,footwear,PE-01,dec-fr-marseille
30396061C1110F4000403ED0,3608392796135,5475671,footwear,PE-01,dec-fr-marseille
30396061C1110F800082D1B9,3608392796142,5475672,footwear,PE-01,dec-fr-marseille
30396061C1110FC0007764D0,3608392796159,5475673,footwear,PE-01,dec-fr-marseille
30396061C1110FC0008C21C4,3608392796159,5475673,footwear,PE-01,dec-fr-marseille
30396061C1110FC00004C051,3608392796159,5475673,footwear,BR-01,dec-fr-marseille
30396061C1111000008F6897,3608392796166,5475674,footwear,PE-01,dec-fr-marseille
30396061C11110000027A487,3608392796166,5475674,footwear,PE-01,dec-fr-marseille
30396061C1111040004FB5CE,3608392796173,5475675,footwear,PE-01,dec-fr-marseille
30396061C18F3B40001BCC24,3608394088139,5772456,apparel,GB-R1-U1,dec-fr-marseille
30396061C18F3B400094E155,3608394088139,5772456,apparel,GB-R1-U1,dec-fr-marseille
30396061C18F3B4000594EC5,3608394088139,5772456,apparel,GB-R1-U1,dec-fr-marseille
30396061C18F3B40005005D8,3608394088139,5772456,apparel,GB-R1-U1,dec-fr-marseille
30396061C18F3B4000856014,3608394088139,5772456,apparel,BR-02,dec-fr-marseille
30396061C18F3B80000FF67C,3608394088146,5772458,apparel,GB-R1-U1,dec-fr-marseille
30396061C18F3B80000F049F,3608394088146,5772458,apparel,GB-R1-U1,dec-fr-marseille
30396061C18F3B800028FAAF,3608394088146,5772458,apparel,GB-R1-U1,dec-fr-marseille
30396061C18F3B8000554DE8,3608394088146,5772458,apparel,GB-R1-U1,dec-fr-marseille
30396061C18F3B80008BCA5C,3608394088146,5772458,apparel,GB-R1-U1,dec-fr-marseille
30396061C18F3B8000330D37,3608394088146,5772458,apparel,GB-R1-U1,dec-fr-marseille
30396061C18F3B80004644FA,3608394088146,5772458,apparel,BR-03,dec-fr-marseille
30396061C18F3BC0005A9380,3608394088153,5772459,apparel,GB-R1-U1,dec-fr-marseille
30396061C18F3BC0005BC44D,3608394088153,5772459,apparel,GB-R1-U1,dec-fr-marseille
30396061C18F3BC0002FFECD,3608394088153,5772459,apparel,GB-R1-U1,dec-fr-marseille
30396061C18F3BC0006E6160,3608394088153,5772459,apparel,GB-R1-U1,dec-fr-marseille
30396061C18F3BC000090896,3608394088153,5772459,apparel,GB-R1-U1,dec-fr-marseille
30396061C18F3BC000447259,3608394088153,5772459,apparel,GB-R1-U1,dec-fr-marseille
30396061C18F3BC000267180,3608394088153,5772459,apparel,BR-04,dec-fr-marseille
30396061C18F3C00003CB4F7,3608394088160,5772460,apparel,GB-R1-U1,dec-fr-marseille
30396061C18F3C000064B1CE,3608394088160,5772460,apparel,GB-R1-U1,dec-fr-marseille
30396061C18F3C0000061E5F,3608394088160,5772460,apparel,GB-R1-U1,dec-fr-marseille
30396061C18F3C00008B52AB,3608394088160,5772460,apparel,GB-R1-U1,dec-fr-marseille
30396061C18F3C0000764BA4,3608394088160,5772460,apparel,BR-01,dec-fr-marseille
30396061C18F3C40003F81B4,3608394088177,5772461,apparel,GB-R1-U1,dec-fr-marseille
30396061C18F3C400040932D,3608394088177,5772461,apparel,GB-R1-U1,dec-fr-marseille
30396061C18F3C40006605AF,3608394088177,5772461,apparel,BR-02,dec-fr-marseille
30396062C38D740000076071,3608439312809,4182089,footwear,PW-01,dec-fr-marseille
30396062C38D744000429BA6,3608439312816,4179676,footwear,PW-01,dec-fr-marseille
30396062C38D74800055C1BD,3608439312823,4179675,footwear,PW-01,dec-fr-marseille
30396062C38D74800023ACCB,3608439312823,4179675,footwear,PW-01,dec-fr-marseille
30396062C38D74C0006B5808,3608439312830,4179674,footwear,PW-01,dec-fr-marseille
30396062C38D74C0007EF523,3608439312830,4179674,footwear,PW-01,dec-fr-marseille
30396062C38D75800081BACB,3608439312861,4182092,footwear,PW-01,dec-fr-marseille
30396062C38D758000065821,3608439312861,4182092,footwear,PW-01,dec-fr-marseille
30396062C38D75C00051D945,3608439312878,4182091,footwear,PW-01,dec-fr-marseille
30396062C38D75C0003523BD,3608439312878,4182091,footwear,PW-01,dec-fr-marseille
30396062C38D7600007C9DAC,3608439312885,4182090,footwear,PW-01,dec-fr-marseille
30396062C38D760000396EFF,3608439312885,4182090,footwear,PW-01,dec-fr-marseille
30396062C3874FC00025EE0A,3608439249914,4841023,outdoor,GB-R3-U2,dec-fr-marseille
30396061C03EF6800007F77E,3608390644742,5054366,apparel,GF-R3-U1,dec-fr-marseille
30396061C03EF680007599E1,3608390644742,5054366,apparel,GF-R3-U1,dec-fr-marseille
30396061C03EF6800010756F,3608390644742,5054366,apparel,BR-03,dec-fr-marseille
30396061C03EF7000017373F,3608390644766,5054368,apparel,GF-R3-U1,dec-fr-marseille
30396061C03EF70000278777,3608390644766,5054368,apparel,GF-R3-U1,dec-fr-marseille
30396061C03EF700008402CB,3608390644766,5054368,apparel,GF-R3-U1,dec-fr-marseille
30396061C03EF7000065ECC9,3608390644766,5054368,apparel,GF-R3-U1,dec-fr-marseille
30396061C03EF700001BD101,3608390644766,5054368,apparel,BR-04,dec-fr-marseille
30396061C03EF740008A0B63,3608390644773,5054369,apparel,GF-R3-U1,dec-fr-marseille
30396061C03EF740001122F9,3608390644773,5054369,apparel,GF-R3-U1,dec-fr-marseille
30396061C03EF740003BD93A,3608390644773,5054369,apparel,GF-R3-U1,dec-fr-marseille
30396061C03EF74000481126,3608390644773,5054369,apparel,GF-R3-U1,dec-fr-marseille
30396061C03EF7400086F1FE,3608390644773,5054369,apparel,BR-01,dec-fr-marseille
30396061C03EF780005F3BD4,3608390644780,5054370,apparel,GF-R3-U1,dec-fr-marseille
30396061C03EF7800003DF85,3608390644780,5054370,apparel,GF-R3-U1,dec-fr-marseille
30396061C03EF780007AA03E,3608390644780,5054370,apparel,BR-02,dec-fr-marseille
30396062C3858980001B376C,3608439231742,4927573,apparel,GF-R3-U2,dec-fr-marseille
30396062C3858A0000621B5F,3608439231766,4927572,apparel,GF-R3-U2,dec-fr-marseille
30396062C3858C00006BD012,3608439231841,4927569,apparel,GF-R3-U2,dec-fr-marseille
30396062C3858C00000EA647,3608439231841,4927569,apparel,GF-R3-U2,dec-fr-marseille
30396062C3858C0000211871,3608439231841,4927569,apparel,GF-R3-U2,dec-fr-marseille
30396062C3858C00006875F9,3608439231841,4927569,apparel,BR-03,dec-fr-marseille
30396062C3858C800082C6CB,3608439231865,4927568,apparel,GF-R3-U2,dec-fr-marseille
30396062C3858C8000051BE3,3608439231865,4927568,apparel,GF-R3-U2,dec-fr-marseille
30396062C3858D0000824DBC,3608439231889,4927571,apparel,GF-R3-U2,dec-fr-marseille
30396062C3858D00002F8105,3608439231889,4927571,apparel,GF-R3-U2,dec-fr-marseille
30396062C3858D00007E2871,3608439231889,4927571,apparel,BR-04,dec-fr-marseille
30396062C3858DC00085B62C,3608439231919,4927570,apparel,GF-R3-U2,dec-fr-marseille
30396062C3858DC0000DF589,3608439231919,4927570,apparel,GF-R3-U2,dec-fr-marseille
30396062C3858DC00052BAC2,3608439231919,4927570,apparel,GF-R3-U2,dec-fr-marseille
30396062C3858DC000442D05,3608439231919,4927570,apparel,BR-01,dec-fr-marseille
30396062C389B2C0009808D6,3608439274350,4270203,footwear,PE-01,dec-fr-marseille
30396062C389B2C0003BB48B,3608439274350,4270203,footwear,PE-01,dec-fr-marseille
30396062C389B2C000839567,3608439274350,4270203,footwear,BR-02,dec-fr-marseille
30396062C389B30000506AAB,3608439274367,4270205,footwear,PE-01,dec-fr-marseille
30396062C389B300002493B8,3608439274367,4270205,footwear,PE-01,dec-fr-marseille
30396062C389B300004FC645,3608439274367,4270205,footwear,BR-03,dec-fr-marseille
30396062C389B340003981B6,3608439274374,4270206,footwear,PE-01,dec-fr-marseille
30396062C389B4400035CEEC,3608439274411,4270197,footwear,PE-01,dec-fr-marseille
30396062C389B5000092DD2A,3608439274442,4270199,footwear,PE-01,dec-fr-marseille
30396062C389B5000067F231,3608439274442,4270199,footwear,PE-01,dec-fr-marseille
30396062C389B5000078E416,3608439274442,4270199,footwear,BR-04,dec-fr-marseille
30396062C389B5800088C826,3608439274466,4270198,footwear,PE-01,dec-fr-marseille
30396062C389B580002D175D,3608439274466,4270198,footwear,PE-01,dec-fr-marseille
30396062C389B580006900B2,3608439274466,4270198,footwear,BR-01,dec-fr-marseille
30396062C389B60000200AC0,3608439274480,4270201,footwear,PE-01,dec-fr-marseille
30396062C389B6000027091C,3608439274480,4270201,footwear,PE-01,dec-fr-marseille
30396062C389B60000646408,3608439274480,4270201,footwear,BR-02,dec-fr-marseille
30396061C0BBB2400076D1DD,3608391922016,5335216,accessories,GB-R2-U2,dec-fr-marseille
30396061C0BBB24000596CE8,3608391922016,5335216,accessories,GB-R2-U2,dec-fr-marseille
30396061C0BBB2400004AEFE,3608391922016,5335216,accessories,BR-03,dec-fr-marseille
30396061C0BBB280005CD056,3608391922023,5335217,accessories,GB-R2-U2,dec-fr-marseille
30396061C0BBB2800095BFCD,3608391922023,5335217,accessories,GB-R2-U2,dec-fr-marseille
30396061C0BBB280005A3FA1,3608391922023,5335217,accessories,BR-04,dec-fr-marseille
30396061C0BBB2C00095FE49,3608391922030,5335218,accessories,GB-R2-U2,dec-fr-marseille
30396061C0BBB2C000298742,3608391922030,5335218,accessories,GB-R2-U2,dec-fr-marseille
30396061C0BBB2C00060FDFE,3608391922030,5335218,accessories,BR-01,dec-fr-marseille
3039606303BD9C00007BE5ED,3608449805926,4560115,apparel,GB-R1-U2,dec-fr-marseille
3039606303BD9C00007B35F6,3608449805926,4560115,apparel,GB-R1-U2,dec-fr-marseille
3039606303BD9C000015822B,3608449805926,4560115,apparel,BR-02,dec-fr-marseille
3039606303BD9C40003FBE09,3608449805933,4560116,apparel,GB-R1-U2,dec-fr-marseille
3039606303BD9C80003B99C0,3608449805940,4560113,apparel,GB-R1-U2,dec-fr-marseille
3039606303BD9C80008D393A,3608449805940,4560113,apparel,GB-R1-U2,dec-fr-marseille
3039606303BD9C8000277D6F,3608449805940,4560113,apparel,GB-R1-U2,dec-fr-marseille
3039606303BD9C80005EDC93,3608449805940,4560113,apparel,BR-03,dec-fr-marseille
3039606303BD9CC000247B1A,3608449805957,4560114,apparel,GB-R1-U2,dec-fr-marseille
3039606303BD9CC00019E0D4,3608449805957,4560114,apparel,GB-R1-U2,dec-fr-marseille
3039606303BD9CC000432D0B,3608449805957,4560114,apparel,BR-04,dec-fr-marseille
3039606303BD9D00005BCF7D,3608449805964,4560111,apparel,GB-R1-U2,dec-fr-marseille
3039606303BD9DC000319B13,3608449805995,4560112,apparel,GB-R1-U2,dec-fr-marseille
3039606303BD9DC0001B0C8D,3608449805995,4560112,apparel,GB-R1-U2,dec-fr-marseille
30396061C156758000908A59,3608393506788,5671938,accessories,GB-R2-U1,dec-fr-marseille
30396061C15675800097069A,3608393506788,5671938,accessories,GB-R2-U1,dec-fr-marseille
30396061C1567580005C9622,3608393506788,5671938,accessories,GB-R2-U1,dec-fr-marseille
30396061C1567580005ED433,3608393506788,5671938,accessories,GB-R2-U1,dec-fr-marseille
30396061C156758000861503,3608393506788,5671938,accessories,GB-R2-U1,dec-fr-marseille
30396061C1567580008617F7,3608393506788,5671938,accessories,GB-R2-U1,dec-fr-marseille
30396061C1567580005CD689,3608393506788,5671938,accessories,BR-01,dec-fr-marseille
30396061C05C0580006C5C3B,3608390942305,5133871,apparel,GB-R3-U1,dec-fr-marseille
30396061C05C05800024CA0E,3608390942305,5133871,apparel,GB-R3-U1,dec-fr-marseille
30396061C05C05C00040C20F,3608390942312,5133872,apparel,GB-R3-U1,dec-fr-marseille
30396061C05C05C00014726F,3608390942312,5133872,apparel,GB-R3-U1,dec-fr-marseille
30396061C05C05C00082AB67,3608390942312,5133872,apparel,GB-R3-U1,dec-fr-marseille
30396061C05C05C00020C077,3608390942312,5133872,apparel,GB-R3-U1,dec-fr-marseille
30396061C05C05C00097CF53,3608390942312,5133872,apparel,BR-02,dec-fr-marseille
30396061C05C060000865608,3608390942329,5133873,apparel,GB-R3-U1,dec-fr-marseille
30396061C05C060000560F8A,3608390942329,5133873,apparel,GB-R3-U1,dec-fr-marseille
30396061C05C0600003A0988,3608390942329,5133873,apparel,GB-R3-U1,dec-fr-marseille
30396061C05C060000942C99,3608390942329,5133873,apparel,GB-R3-U1,dec-fr-marseille
30396061C05C0600005CB206,3608390942329,5133873,apparel,GB-R3-U1,dec-fr-marseille
30396061C05C060000381A6D,3608390942329,5133873,apparel,GB-R3-U1,dec-fr-marseille
30396061C05C060000486D4C,3608390942329,5133873,apparel,GB-R3-U1,dec-fr-marseille
30396061C05C0600007E6C66,3608390942329,5133873,apparel,BR-03,dec-fr-marseille
30396061C05C060000980A3F,3608390942329,5133873,apparel,BR-04,dec-fr-marseille
30396061C05C064000356CF1,3608390942336,5133874,apparel,GB-R3-U1,dec-fr-marseille
30396061C05C0640007A0DEA,3608390942336,5133874,apparel,GB-R3-U1,dec-fr-marseille
30396061C05C06400011E93B,3608390942336,5133874,apparel,GB-R3-U1,dec-fr-marseille
30396061C05C064000508BB8,3608390942336,5133874,apparel,GB-R3-U1,dec-fr-marseille
30396061C05C06400088ACB4,3608390942336,5133874,apparel,GB-R3-U1,dec-fr-marseille
30396061C05C0640007CBBA1,3608390942336,5133874,apparel,GB-R3-U1,dec-fr-marseille
30396061C05C0640004AE588,3608390942336,5133874,apparel,GB-R3-U1,dec-fr-marseille
30396061C05C064000234D90,3608390942336,5133874,apparel,BR-01,dec-fr-marseille
30396061C05C06800071CB20,3608390942343,5133875,apparel,GB-R3-U1,dec-fr-marseille
30396061C05C06800046E351,3608390942343,5133875,apparel,GB-R3-U1,dec-fr-marseille
30396061C05C068000355858,3608390942343,5133875,apparel,GB-R3-U1,dec-fr-marseille
30396061C05C0680000590CF,3608390942343,5133875,apparel,GB-R3-U1,dec-fr-marseille
30396061C05C0680003D5759,3608390942343,5133875,apparel,GB-R3-U1,dec-fr-marseille
30396061C05C0680008A9E52,3608390942343,5133875,apparel,BR-02,dec-fr-marseille
30396061C05C06C000475658,3608390942350,5133876,apparel,GB-R3-U1,dec-fr-marseille
30396061C05C06C000831A3B,3608390942350,5133876,apparel,GB-R3-U1,dec-fr-marseille
30396061C05C06C0001BDB3F,3608390942350,5133876,apparel,BR-03,dec-fr-marseille
30396062C38B87C000422854,3608439293115,4484575,apparel,GB-R3-U2,dec-fr-marseille
30396062C38B87C00070DF6F,3608439293115,4484575,apparel,GB-R3-U2,dec-fr-marseille
30396062C38B87C00097A1AA,3608439293115,4484575,apparel,GB-R3-U2,dec-fr-marseille
30396062C38B87C000524319,3608439293115,4484575,apparel,BR-04,dec-fr-marseille
30396062C38B880000183A86,3608439293122,4484573,apparel,GB-R3-U2,dec-fr-marseille
30396062C38B8800000CAD4E,3608439293122,4484573,apparel,GB-R3-U2,dec-fr-marseille
30396062C38B8800006B03BF,3608439293122,4484573,apparel,GB-R3-U2,dec-fr-marseille
30396062C38B88000032B49F,3608439293122,4484573,apparel,BR-01,dec-fr-marseille
30396062C38B884000267788,3608439293139,4484571,apparel,GB-R3-U2,dec-fr-marseille
30396062C38B884000286237,3608439293139,4484571,apparel,GB-R3-U2,dec-fr-marseille
30396062C38B88400046DDCA,3608439293139,4484571,apparel,GB-R3-U2,dec-fr-marseille
30396062C38B884000855CBA,3608439293139,4484571,apparel,BR-02,dec-fr-marseille
30396062C38B88C0004FD3BA,3608439293153,4484568,apparel,GB-R3-U2,dec-fr-marseille
30396062C38B88C0007EE0B0,3608439293153,4484568,apparel,GB-R3-U2,dec-fr-marseille
30396062C38B88C00006D971,3608439293153,4484568,apparel,GB-R3-U2,dec-fr-marseille
30396062C38B88C000356701,3608439293153,4484568,apparel,BR-03,dec-fr-marseille
30396062C38B8A4000444C76,3608439293214,4484579,apparel,GB-R3-U2,dec-fr-marseille
30396062C38B8A400048A6B6,3608439293214,4484579,apparel,GB-R3-U2,dec-fr-marseille
30396062C38B8A40004A3FFF,3608439293214,4484579,apparel,GB-R3-U2,dec-fr-marseille
30396062C38B8A4000723E55,3608439293214,4484579,apparel,BR-04,dec-fr-marseille
30396062C38B8B000012146E,3608439293245,4484577,apparel,GB-R3-U2,dec-fr-marseille
30396062C38B8B000057ADC7,3608439293245,4484577,apparel,GB-R3-U2,dec-fr-marseille
30396062C38B8B00003A0DF0,3608439293245,4484577,apparel,GB-R3-U2,dec-fr-marseille
30396062C38B8B00001294A9,3608439293245,4484577,apparel,BR-01,dec-fr-marseille
30396062C390458000554BD3,3608439341663,4012160,apparel,GF-R3-U1,dec-fr-marseille
30396062C39045800005D4C4,3608439341663,4012160,apparel,GF-R3-U1,dec-fr-marseille
30396062C39045C0002EA867,3608439341670,4012159,apparel,GF-R3-U1,dec-fr-marseille
30396062C39045C0004C74AE,3608439341670,4012159,apparel,GF-R3-U1,dec-fr-marseille
30396062C39045C0004F50EC,3608439341670,4012159,apparel,GF-R3-U1,dec-fr-marseille
30396062C39045C0003D6814,3608439341670,4012159,apparel,GF-R3-U1,dec-fr-marseille
30396062C39045C0008E1DE2,3608439341670,4012159,apparel,BR-02,dec-fr-marseille
30396062C3904600004C62E4,3608439341687,4012158,apparel,GF-R3-U1,dec-fr-marseille
30396062C39046000026C5B2,3608439341687,4012158,apparel,GF-R3-U1,dec-fr-marseille
30396062C390460000532077,3608439341687,4012158,apparel,GF-R3-U1,dec-fr-marseille
30396062C39046000071886E,3608439341687,4012158,apparel,BR-03,dec-fr-marseille
30396062C3904640003065A5,3608439341694,4012157,apparel,GF-R3-U1,dec-fr-marseille
30396062C3904640001E8911,3608439341694,4012157,apparel,GF-R3-U1,dec-fr-marseille
30396062C390464000706799,3608439341694,4012157,apparel,GF-R3-U1,dec-fr-marseille
30396062C39046400056D2BD,3608439341694,4012157,apparel,GF-R3-U1,dec-fr-marseille
30396062C390464000090CD1,3608439341694,4012157,apparel,GF-R3-U1,dec-fr-marseille
30396062C39046400049CD8B,3608439341694,4012157,apparel,GF-R3-U1,dec-fr-marseille
30396062C39046400070958B,3608439341694,4012157,apparel,BR-04,dec-fr-marseille
30396062C3904680003BAE0C,3608439341700,4012156,apparel,GF-R3-U1,dec-fr-marseille
30396062C3904680005F5922,3608439341700,4012156,apparel,GF-R3-U1,dec-fr-marseille
30396062C3904680002F74B4,3608439341700,4012156,apparel,GF-R3-U1,dec-fr-marseille
30396062C39046800010B281,3608439341700,4012156,apparel,GF-R3-U1,dec-fr-marseille
30396062C39046800025CD5B,3608439341700,4012156,apparel,GF-R3-U1,dec-fr-marseille
30396062C39046800007FF71,3608439341700,4012156,apparel,GF-R3-U1,dec-fr-marseille
30396062C390468000574FD7,3608439341700,4012156,apparel,BR-01,dec-fr-marseille
30396062C39046C00006BDDC,3608439341717,4012154,apparel,GF-R3-U1,dec-fr-marseille
30396062C39046C00003E349,3608439341717,4012154,apparel,GF-R3-U1,dec-fr-marseille
30396062C39046C000442AE4,3608439341717,4012154,apparel,BR-02,dec-fr-marseille
30395DFA818B9F0000923A9A,3583784051163,2754928,apparel,GF-R3-U2,dec-fr-marseille
30396062C392D68000612227,3608439367946,2754924,apparel,GF-R3-U2,dec-fr-marseille
30396062C392D680002CF2C7,3608439367946,2754924,apparel,GF-R3-U2,dec-fr-marseille
30396062C392D6800091FFB3,3608439367946,2754924,apparel,GF-R3-U2,dec-fr-marseille
30396062C392D680002E2FA9,3608439367946,2754924,apparel,GF-R3-U2,dec-fr-marseille
30396062C392D68000177739,3608439367946,2754924,apparel,GF-R3-U2,dec-fr-marseille
30396062C392D680001ED06B,3608439367946,2754924,apparel,BR-03,dec-fr-marseille
30396062C392D7000057E12F,3608439367960,2754925,apparel,GF-R3-U2,dec-fr-marseille
30396062C392D700003D1AAC,3608439367960,2754925,apparel,GF-R3-U2,dec-fr-marseille
30396062C392D700004E4048,3608439367960,2754925,apparel,GF-R3-U2,dec-fr-marseille
30396062C392D700003B5DC9,3608439367960,2754925,apparel,GF-R3-U2,dec-fr-marseille
30396062C392D700004F2175,3608439367960,2754925,apparel,GF-R3-U2,dec-fr-marseille
30396062C392D7000002FB5E,3608439367960,2754925,apparel,BR-04,dec-fr-marseille
30396062C392D74000691E0B,3608439367977,2754926,apparel,GF-R3-U2,dec-fr-marseille
30396062C392D74000900C1C,3608439367977,2754926,apparel,GF-R3-U2,dec-fr-marseille
30396062C392D7400081E517,3608439367977,2754926,apparel,GF-R3-U2,dec-fr-marseille
30396062C392D740003C3CEE,3608439367977,2754926,apparel,BR-01,dec-fr-marseille
30396062C392D7C0005741D0,3608439367991,2754927,apparel,GF-R3-U2,dec-fr-marseille
30396062C392D7C000030A32,3608439367991,2754927,apparel,GF-R3-U2,dec-fr-marseille
30396062C392D9000007A0A1,3608439368042,2754920,apparel,GF-R3-U2,dec-fr-marseille
30396062C392D9000015E0A5,3608439368042,2754920,apparel,GF-R3-U2,dec-fr-marseille
30396062C392D98000727F96,3608439368066,2754921,apparel,GF-R3-U2,dec-fr-marseille
30396062C392D980004BA47A,3608439368066,2754921,apparel,GF-R3-U2,dec-fr-marseille
30396062C392D980001D81BA,3608439368066,2754921,apparel,GF-R3-U2,dec-fr-marseille
30396062C392D980002C62EE,3608439368066,2754921,apparel,BR-02,dec-fr-marseille
30396062C392DA00001D53D5,3608439368080,2754922,apparel,GF-R3-U2,dec-fr-marseille
30396062C392DA00000AB035,3608439368080,2754922,apparel,GF-R3-U2,dec-fr-marseille
30396062C392DA00005414BE,3608439368080,2754922,apparel,GF-R3-U2,dec-fr-marseille
30396062C392DA000043A7B9,3608439368080,2754922,apparel,GF-R3-U2,dec-fr-marseille
30396062C392DA00005F84E0,3608439368080,2754922,apparel,GF-R3-U2,dec-fr-marseille
30396062C392DA0000091562,3608439368080,2754922,apparel,BR-03,dec-fr-marseille
30396062C386D600001187C3,3608439245046,4340145,outdoor,GF-R3-U1,dec-fr-marseille
30396062C386D6000021685C,3608439245046,4340145,outdoor,GF-R3-U1,dec-fr-marseille
3039606283C14E000051CDF6,3608429843764,2111280,accessories,GB-R2-U2,dec-fr-marseille
3039606283C14E0000785028,3608429843764,2111280,accessories,GB-R2-U2,dec-fr-marseille
3039606283C14E0000239656,3608429843764,2111280,accessories,GB-R2-U2,dec-fr-marseille
3039606283C14E0000377172,3608429843764,2111280,accessories,GB-R2-U2,dec-fr-marseille
3039606283C14E00000F03CF,3608429843764,2111280,accessories,GB-R2-U2,dec-fr-marseille
3039606283C14E0000015B4E,3608429843764,2111280,accessories,GB-R2-U2,dec-fr-marseille
3039606283C14E000051CEBA,3608429843764,2111280,accessories,GB-R2-U2,dec-fr-marseille
3039606283C14E000096003A,3608429843764,2111280,accessories,BR-04,dec-fr-marseille
3039606283C14E000065EF40,3608429843764,2111280,accessories,BR-01,dec-fr-marseille
30396062C38BA3400025E8E9,3608439294211,4273723,apparel,GB-R3-U1,dec-fr-marseille
30396062C38BA340001414E1,3608439294211,4273723,apparel,GB-R3-U1,dec-fr-marseille
30396062C38BA380002B896A,3608439294228,4273721,apparel,GB-R3-U1,dec-fr-marseille
30396062C38BA3800011F658,3608439294228,4273721,apparel,GB-R3-U1,dec-fr-marseille
30396062C38BA3800074500C,3608439294228,4273721,apparel,GB-R3-U1,dec-fr-marseille
30396062C38BA3800041922D,3608439294228,4273721,apparel,GB-R3-U1,dec-fr-marseille
30396062C38BA3800097EDAF,3608439294228,4273721,apparel,GB-R3-U1,dec-fr-marseille
30396062C38BA380007E0E44,3608439294228,4273721,apparel,GB-R3-U1,dec-fr-marseille
30396062C38BA38000814C2C,3608439294228,4273721,apparel,GB-R3-U1,dec-fr-marseille
30396062C38BA38000172FF0,3608439294228,4273721,apparel,BR-02,dec-fr-marseille
30396062C38BA3C0008FB265,3608439294235,4273722,apparel,GB-R3-U1,dec-fr-marseille
30396062C38BA3C000179883,3608439294235,4273722,apparel,GB-R3-U1,dec-fr-marseille
30396062C38BA3C00045FE63,3608439294235,4273722,apparel,GB-R3-U1,dec-fr-marseille
30396062C38BA3C000010254,3608439294235,4273722,apparel,GB-R3-U1,dec-fr-marseille
30396062C38BA3C000557B0F,3608439294235,4273722,apparel,GB-R3-U1,dec-fr-marseille
30396062C38BA3C0003F7DD4,3608439294235,4273722,apparel,BR-03,dec-fr-marseille
30396062C38BA400004F3480,3608439294242,4273719,apparel,GB-R3-U1,dec-fr-marseille
30396062C38BA400003E7B63,3608439294242,4273719,apparel,GB-R3-U1,dec-fr-marseille
30396062C38BA400001E95D1,3608439294242,4273719,apparel,BR-04,dec-fr-marseille
30396062C38BA4400088383E,3608439294259,4273720,apparel,GB-R3-U1,dec-fr-marseille
30396062C38BA4400046F782,3608439294259,4273720,apparel,GB-R3-U1,dec-fr-marseille
30396062C38BA440003880EA,3608439294259,4273720,apparel,GB-R3-U1,dec-fr-marseille
30396062C38BA440007A1AB7,3608439294259,4273720,apparel,GB-R3-U1,dec-fr-marseille
30396062C38BA440007CCEB4,3608439294259,4273720,apparel,BR-01,dec-fr-marseille
30395DFA82DA8180004F8DC3,3583787480380,4275497,bag_pack,GF-R3-U2,dec-fr-marseille
30395DFA82DA818000370896,3583787480380,4275497,bag_pack,GF-R3-U2,dec-fr-marseille
30395DFA82DA818000266191,3583787480380,4275497,bag_pack,GF-R3-U2,dec-fr-marseille
30395DFA82DA81800089A5D8,3583787480380,4275497,bag_pack,GF-R3-U2,dec-fr-marseille
30395DFA82DA81800031CF49,3583787480380,4275497,bag_pack,GF-R3-U2,dec-fr-marseille
30395DFA82DA8180006A853A,3583787480380,4275497,bag_pack,GF-R3-U2,dec-fr-marseille
30395DFA82DA818000278CB1,3583787480380,4275497,bag_pack,BR-02,dec-fr-marseille
30395DFA81868740003D2A33,3583783999015,2956238,apparel,GB-R3-U2,dec-fr-marseille
30396062C3944C80000855C5,3608439382901,2956244,apparel,GB-R3-U2,dec-fr-marseille
30396062C3944C800059F13C,3608439382901,2956244,apparel,GB-R3-U2,dec-fr-marseille
30396062C3944C80004C6A0A,3608439382901,2956244,apparel,BR-03,dec-fr-marseille
30396062C3944CC000222C4A,3608439382918,2956245,apparel,GB-R3-U2,dec-fr-marseille
30396062C3944CC0004617D4,3608439382918,2956245,apparel,GB-R3-U2,dec-fr-marseille
30396062C3944CC000125C5F,3608439382918,2956245,apparel,BR-04,dec-fr-marseille
30396062C3944D000042D9FC,3608439382925,2956242,apparel,GB-R3-U2,dec-fr-marseille
30396062C3944D00004D0178,3608439382925,2956242,apparel,GB-R3-U2,dec-fr-marseille
30396062C3944D00004688AF,3608439382925,2956242,apparel,GB-R3-U2,dec-fr-marseille
30396062C3944D0000392A26,3608439382925,2956242,apparel,BR-01,dec-fr-marseille
30396062C3944D4000264DDB,3608439382932,2956243,apparel,GB-R3-U2,dec-fr-marseille
30396062C3944D400078C467,3608439382932,2956243,apparel,GB-R3-U2,dec-fr-marseille
30396062C3944D40000A301C,3608439382932,2956243,apparel,GB-R3-U2,dec-fr-marseille
30396062C3944D40001A5BAC,3608439382932,2956243,apparel,GB-R3-U2,dec-fr-marseille
30396062C3944D4000700422,3608439382932,2956243,apparel,BR-02,dec-fr-marseille
30396062C3944D8000506CCA,3608439382949,2956246,apparel,GB-R3-U2,dec-fr-marseille
30396062C3944DC000120333,3608439382956,2956236,apparel,GB-R3-U2,dec-fr-marseille
30396062C3944DC000882D60,3608439382956,2956236,apparel,GB-R3-U2,dec-fr-marseille
30396062C387FD400086E36C,3608439256851,4744756,apparel,GF-R3-U1,dec-fr-marseille
30396062C387FD40002215FC,3608439256851,4744756,apparel,GF-R3-U1,dec-fr-marseille
30396062C387FD4000099F64,3608439256851,4744756,apparel,GF-R3-U1,dec-fr-marseille
30396062C387FD40007255C5,3608439256851,4744756,apparel,GF-R3-U1,dec-fr-marseille
30396062C387FD400073D199,3608439256851,4744756,apparel,GF-R3-U1,dec-fr-marseille
30396062C387FD4000714CE9,3608439256851,4744756,apparel,GF-R3-U1,dec-fr-marseille
30396062C387FD40003A59B1,3608439256851,4744756,apparel,GF-R3-U1,dec-fr-marseille
30396062C387FD40003E0A8C,3608439256851,4744756,apparel,BR-03,dec-fr-marseille
30396062C387FD40008745E7,3608439256851,4744756,apparel,BR-04,dec-fr-marseille
30396062C387FD800032EF02,3608439256868,4744757,apparel,GF-R3-U1,dec-fr-marseille
30396062C387FD80001E42D2,3608439256868,4744757,apparel,GF-R3-U1,dec-fr-marseille
30396062C387FD800061A527,3608439256868,4744757,apparel,GF-R3-U1,dec-fr-marseille
30396062C387FD80000112C8,3608439256868,4744757,apparel,GF-R3-U1,dec-fr-marseille
30396062C387FD80008AA710,3608439256868,4744757,apparel,GF-R3-U1,dec-fr-marseille
30396062C387FD8000472C6A,3608439256868,4744757,apparel,BR-01,dec-fr-marseille
30396062C387FDC00014D38C,3608439256875,4744759,apparel,GF-R3-U1,dec-fr-marseille
30396062C387FDC00043554A,3608439256875,4744759,apparel,GF-R3-U1,dec-fr-marseille
30396062C38807C0002C9631,3608439257278,4744754,apparel,GF-R3-U1,dec-fr-marseille
30396062C38807C0000D61DE,3608439257278,4744754,apparel,GF-R3-U1,dec-fr-marseille
30396062C38807C0001E09D9,3608439257278,4744754,apparel,BR-02,dec-fr-marseille
30396062C38808400062815B,3608439257292,4744755,apparel,GF-R3-U1,dec-fr-marseille
30396062C388084000909A62,3608439257292,4744755,apparel,GF-R3-U1,dec-fr-marseille
30396062C38808400064DC5D,3608439257292,4744755,apparel,GF-R3-U1,dec-fr-marseille
30396062C38808400041E69D,3608439257292,4744755,apparel,GF-R3-U1,dec-fr-marseille
30396062C38808400013B0BA,3608439257292,4744755,apparel,GF-R3-U1,dec-fr-marseille
30396062C38808400089A8E1,3608439257292,4744755,apparel,BR-03,dec-fr-marseille
30395DFA82DE7580007FE767,3583787520864,4188552,apparel,GF-R1-U1,dec-fr-marseille
30395DFA82DE75C00018F1AE,3583787520871,4188551,apparel,GF-R1-U1,dec-fr-marseille
30395DFA82DE760000423CFF,3583787520888,4188554,apparel,GF-R1-U1,dec-fr-marseille
30395DFA82DE7600004489FA,3583787520888,4188554,apparel,GF-R1-U1,dec-fr-marseille
30395DFA82DE7600000E2B4B,3583787520888,4188554,apparel,BR-04,dec-fr-marseille
30395DFA82DE764000437E29,3583787520895,4188553,apparel,GF-R1-U1,dec-fr-marseille
30395DFA82DE7640004E97B0,3583787520895,4188553,apparel,GF-R1-U1,dec-fr-marseille
30395DFA82DE76800028A693,3583787520901,4188556,apparel,GF-R1-U1,dec-fr-marseille
30395DFA82DE7680006AFE10,3583787520901,4188556,apparel,GF-R1-U1,dec-fr-marseille
30395DFA82DE76C00084BB5D,3583787520918,4188555,apparel,GF-R1-U1,dec-fr-marseille
30396062C3B01BC0004D4AD7,3608439667671,375674,apparel,GF-R1-U1,dec-fr-marseille
30396062C3B01BC0008C806A,3608439667671,375674,apparel,GF-R1-U1,dec-fr-marseille
30396062C3B01C0000960607,3608439667688,375668,apparel,GF-R1-U1,dec-fr-marseille
30396062C3B01C000029D4C3,3608439667688,375668,apparel,GF-R1-U1,dec-fr-marseille
30396062C3B01CC00083316C,3608439667718,375680,apparel,GF-R1-U1,dec-fr-marseille
30396062C3B01D000089BFA4,3608439667725,375678,apparel,GF-R1-U1,dec-fr-marseille
30396062C3B01D40006DF7E4,3608439667732,375675,apparel,GF-R1-U1,dec-fr-marseille
30396062C3B01D400009A6EF,3608439667732,375675,apparel,GF-R1-U1,dec-fr-marseille
30396061C04763C0004319BE,3608390731039,5056926,apparel,GF-R3-U2,dec-fr-marseille
30396061C04763C00063959D,3608390731039,5056926,apparel,GF-R3-U2,dec-fr-marseille
30396061C04763C000882EAD,3608390731039,5056926,apparel,GF-R3-U2,dec-fr-marseille
30396061C04763C00021B96A,3608390731039,5056926,apparel,BR-01,dec-fr-marseille
30396061C047640000593BC2,3608390731046,5056927,apparel,GF-R3-U2,dec-fr-marseille
30396061C0476400008B79AB,3608390731046,5056927,apparel,GF-R3-U2,dec-fr-marseille
30396061C0476400001987A0,3608390731046,5056927,apparel,GF-R3-U2,dec-fr-marseille
30396061C04764000049D73B,3608390731046,5056927,apparel,GF-R3-U2,dec-fr-marseille
30396061C0476400008D138B,3608390731046,5056927,apparel,GF-R3-U2,dec-fr-marseille
30396061C0476400000C153D,3608390731046,5056927,apparel,GF-R3-U2,dec-fr-marseille
30396061C0476400002CBC59,3608390731046,5056927,apparel,BR-02,dec-fr-marseille
30396061C047644000292218,3608390731053,5056928,apparel,GF-R3-U2,dec-fr-marseille
30396061C0476440002E3130,3608390731053,5056928,apparel,GF-R3-U2,dec-fr-marseille
30396061C047644000169E39,3608390731053,5056928,apparel,GF-R3-U2,dec-fr-marseille
30396061C047644000447659,3608390731053,5056928,apparel,GF-R3-U2,dec-fr-marseille
30396061C0476440001C1845,3608390731053,5056928,apparel,GF-R3-U2,dec-fr-marseille
30396061C0476440003456EC,3608390731053,5056928,apparel,GF-R3-U2,dec-fr-marseille
30396061C047644000551531,3608390731053,5056928,apparel,GF-R3-U2,dec-fr-marseille
30396061C047644000163999,3608390731053,5056928,apparel,GF-R3-U2,dec-fr-marseille
30396061C047644000978893,3608390731053,5056928,apparel,BR-03,dec-fr-marseille
30396061C0476440003DED80,3608390731053,5056928,apparel,BR-04,dec-fr-marseille
30396061C0476480007410C9,3608390731060,5056929,apparel,GF-R3-U2,dec-fr-marseille
30396061C04764800093C18E,3608390731060,5056929,apparel,GF-R3-U2,dec-fr-marseille
30396061C0476480007B3E01,3608390731060,5056929,apparel,GF-R3-U2,dec-fr-marseille
30396061C047648000695D9A,3608390731060,5056929,apparel,GF-R3-U2,dec-fr-marseille
30396061C04764800053E021,3608390731060,5056929,apparel,GF-R3-U2,dec-fr-marseille
30396061C0476480006DEB73,3608390731060,5056929,apparel,GF-R3-U2,dec-fr-marseille
30396061C04764800046D45D,3608390731060,5056929,apparel,GF-R3-U2,dec-fr-marseille
30396061C0476480001453A8,3608390731060,5056929,apparel,BR-01,dec-fr-marseille
30396061C04764C00066E2DE,3608390731077,5056930,apparel,GF-R3-U2,dec-fr-marseille
30396061C04764C00072752D,3608390731077,5056930,apparel,GF-R3-U2,dec-fr-marseille
30396061C04764C00021F044,3608390731077,5056930,apparel,BR-02,dec-fr-marseille
30395DFA82C67C400078AAFD,3583787275375,4104175,accessories,GB-R3-U2,dec-fr-marseille
30395DFA82C67C40007D76BF,3583787275375,4104175,accessories,GB-R3-U2,dec-fr-marseille
30395DFA82C67C40006D81F9,3583787275375,4104175,accessories,GB-R3-U2,dec-fr-marseille
30395DFA82C67C40005CB6FF,3583787275375,4104175,accessories,GB-R3-U2,dec-fr-marseille
30395DFA82C67C400075E994,3583787275375,4104175,accessories,GB-R3-U2,dec-fr-marseille
30395DFA82C67C40006153CE,3583787275375,4104175,accessories,GB-R3-U2,dec-fr-marseille
30395DFA82C67C40008935A4,3583787275375,4104175,accessories,GB-R3-U2,dec-fr-marseille
30395DFA82C67C40002B5E7B,3583787275375,4104175,accessories,GB-R3-U2,dec-fr-marseille
30395DFA82C67C40006ED5BD,3583787275375,4104175,accessories,GB-R3-U2,dec-fr-marseille
30395DFA82C67C4000538708,3583787275375,4104175,accessories,BR-03,dec-fr-marseille
30395DFA82C67C40008275FB,3583787275375,4104175,accessories,BR-04,dec-fr-marseille
30396061C0ABCA4000146A2F,3608391759131,5264481,apparel,GF-R1-U2,dec-fr-marseille
30396061C0ABCA400017B57B,3608391759131,5264481,apparel,GF-R1-U2,dec-fr-marseille
30396061C0ABCA400064C965,3608391759131,5264481,apparel,GF-R1-U2,dec-fr-marseille
30396061C0ABCA40004ACBC6,3608391759131,5264481,apparel,BR-01,dec-fr-marseille
30396061C0ABCA80005A4FA9,3608391759148,5264482,apparel,GF-R1-U2,dec-fr-marseille
30396061C0ABCA8000642097,3608391759148,5264482,apparel,GF-R1-U2,dec-fr-marseille
30396061C0ABCA8000057B75,3608391759148,5264482,apparel,GF-R1-U2,dec-fr-marseille
30396061C0ABCA8000642534,3608391759148,5264482,apparel,GF-R1-U2,dec-fr-marseille
30396061C0ABCA8000301FB1,3608391759148,5264482,apparel,GF-R1-U2,dec-fr-marseille
30396061C0ABCA80001F6C04,3608391759148,5264482,apparel,BR-02,dec-fr-marseille
30396061C0ABCAC000823ACA,3608391759155,5264483,apparel,GF-R1-U2,dec-fr-marseille
30396061C0ABCAC0008F821A,3608391759155,5264483,apparel,GF-R1-U2,dec-fr-marseille
30396061C0ABCAC00044E097,3608391759155,5264483,apparel,GF-R1-U2,dec-fr-marseille
30396061C0ABCAC0006A6366,3608391759155,5264483,apparel,GF-R1-U2,dec-fr-marseille
30396061C0ABCAC000657853,3608391759155,5264483,apparel,GF-R1-U2,dec-fr-marseille
30396061C0ABCAC000517F0A,3608391759155,5264483,apparel,BR-03,dec-fr-marseille
30396061C0ABCB00006A2382,3608391759162,5264484,apparel,GF-R1-U2,dec-fr-marseille
30396061C0ABCB000042A205,3608391759162,5264484,apparel,GF-R1-U2,dec-fr-marseille
30396061C0ABCB00003174FC,3608391759162,5264484,apparel,GF-R1-U2,dec-fr-marseille
30396061C0ABCB0000285ECB,3608391759162,5264484,apparel,BR-04,dec-fr-marseille
30396061C0ABCB400091F73E,3608391759179,5264485,apparel,GF-R1-U2,dec-fr-marseille
30396061C0ABCB400004260C,3608391759179,5264485,apparel,GF-R1-U2,dec-fr-marseille
30396062C3A0B3400061F16A,3608439509896,2191613,apparel,GB-R3-U1,dec-fr-marseille
30396062C3A0B3400035E721,3608439509896,2191613,apparel,GB-R3-U1,dec-fr-marseille
30396062C3A0B3C0001006B5,3608439509919,2191616,apparel,GB-R3-U1,dec-fr-marseille
30396062C3A0B3C000172EE4,3608439509919,2191616,apparel,GB-R3-U1,dec-fr-marseille
30396062C3A0B3C0005BFA28,3608439509919,2191616,apparel,GB-R3-U1,dec-fr-marseille
30396062C3A0B3C0000A5FA8,3608439509919,2191616,apparel,GB-R3-U1,dec-fr-marseille
30396062C3A0B3C0002CC2E1,3608439509919,2191616,apparel,GB-R3-U1,dec-fr-marseille
30396062C3A0B3C0008B4A9E,3608439509919,2191616,apparel,GB-R3-U1,dec-fr-marseille
30396062C3A0B3C0002B06BE,3608439509919,2191616,apparel,GB-R3-U1,dec-fr-marseille
30396062C3A0B3C0007F2097,3608439509919,2191616,apparel,BR-01,dec-fr-marseille
30396062C3A0B400007A119E,3608439509926,2191617,apparel,GB-R3-U1,dec-fr-marseille
30396062C3A0B4000043DFE5,3608439509926,2191617,apparel,GB-R3-U1,dec-fr-marseille
30396062C3A0B4000086CDB8,3608439509926,2191617,apparel,GB-R3-U1,dec-fr-marseille
30396062C3A0B400003C8379,3608439509926,2191617,apparel,GB-R3-U1,dec-fr-marseille
30396062C3A0B400008D584B,3608439509926,2191617,apparel,GB-R3-U1,dec-fr-marseille
30396062C3A0B40000354D3F,3608439509926,2191617,apparel,BR-02,dec-fr-marseille
30396062C3A0B44000654EF7,3608439509933,2191614,apparel,GB-R3-U1,dec-fr-marseille
30396062C3A0B44000823594,3608439509933,2191614,apparel,GB-R3-U1,dec-fr-marseille
30396062C3A0B440006F33B4,3608439509933,2191614,apparel,GB-R3-U1,dec-fr-marseille
30396062C3A0B440000A9B99,3608439509933,2191614,apparel,GB-R3-U1,dec-fr-marseille
30396062C3A0B4400074E01C,3608439509933,2191614,apparel,BR-03,dec-fr-marseille
30396062C3A0B4800088342B,3608439509940,2191615,apparel,GB-R3-U1,dec-fr-marseille
30396062C3A0B4800054BE7D,3608439509940,2191615,apparel,GB-R3-U1,dec-fr-marseille
30396062C3A0B48000881E25,3608439509940,2191615,apparel,GB-R3-U1,dec-fr-marseille
30396062C3A0B4800089E383,3608439509940,2191615,apparel,GB-R3-U1,dec-fr-marseille
30396062C3A0B480008ADA5B,3608439509940,2191615,apparel,GB-R3-U1,dec-fr-marseille
30396062C3A0B48000724878,3608439509940,2191615,apparel,GB-R3-U1,dec-fr-marseille
30396062C3A0B480007E0A4A,3608439509940,2191615,apparel,GB-R3-U1,dec-fr-marseille
30396062C3A0B4800078BCBA,3608439509940,2191615,apparel,BR-04,dec-fr-marseille
30396062C3A0B4800037D921,3608439509940,2191615,apparel,BR-01,dec-fr-marseille
30396061C03D3940004EA93C,3608390626939,5042465,apparel,GB-R3-U2,dec-fr-marseille
30396061C03D398000818003,3608390626946,5042466,apparel,GB-R3-U2,dec-fr-marseille
30396061C03D39800060249F,3608390626946,5042466,apparel,GB-R3-U2,dec-fr-marseille
30396061C03D39C00051FC54,3608390626953,5042467,apparel,GB-R3-U2,dec-fr-marseille
30396061C03D3A4000554DF4,3608390626977,5042469,apparel,GB-R3-U2,dec-fr-marseille
30396061C03D3A800071BAE0,3608390626984,5042470,apparel,GB-R3-U2,dec-fr-marseille
30396061C03D3A8000052331,3608390626984,5042470,apparel,GB-R3-U2,dec-fr-marseille
30396062C386C2C00068E61F,3608439244278,4756881,apparel,GB-R3-U2,dec-fr-marseille
30396062C386C2C0000376C9,3608439244278,4756881,apparel,GB-R3-U2,dec-fr-marseille
30396062C386C300004CF2D7,3608439244285,4756880,apparel,GB-R3-U2,dec-fr-marseille
30396062C386C300005AAD30,3608439244285,4756880,apparel,GB-R3-U2,dec-fr-marseille
30396062C386C340005C6A84,3608439244292,4756883,apparel,GB-R3-U2,dec-fr-marseille
30396062C386C340006B9370,3608439244292,4756883,apparel,GB-R3-U2,dec-fr-marseille
30396062C386C380001A5060,3608439244308,4756882,apparel,GB-R3-U2,dec-fr-marseille
30396062C386C38000827CF6,3608439244308,4756882,apparel,GB-R3-U2,dec-fr-marseille
30396062C38A94C00085E1FD,3608439283390,4455436,apparel,GB-R3-U2,dec-fr-marseille
30396062C38A94C0003BC974,3608439283390,4455436,apparel,GB-R3-U2,dec-fr-marseille
30396062C38A9500007C72B5,3608439283406,4455437,apparel,GB-R3-U2,dec-fr-marseille
30396062C38A958000700ABF,3608439283420,4455435,apparel,GB-R3-U2,dec-fr-marseille
30396062C38A95C000355C91,3608439283437,4455432,apparel,GB-R3-U2,dec-fr-marseille
30396062C38A96C0003484BC,3608439283475,4455431,apparel,GB-R3-U2,dec-fr-marseille
30396062C38A96C00020E0CE,3608439283475,4455431,apparel,GB-R3-U2,dec-fr-marseille
3039606283AE0FC00076FC10,3608429646716,4924327,apparel,GB-R2-U1,dec-fr-marseille
3039606283AE0FC0006C9D8B,3608429646716,4924327,apparel,GB-R2-U1,dec-fr-marseille
3039606283AE0FC0005A6CD0,3608429646716,4924327,apparel,GB-R2-U1,dec-fr-marseille
3039606283AE0FC00058AA07,3608429646716,4924327,apparel,GB-R2-U1,dec-fr-marseille
3039606283AE0FC0000B4B47,3608429646716,4924327,apparel,GB-R2-U1,dec-fr-marseille
3039606283AE0FC000792792,3608429646716,4924327,apparel,BR-02,dec-fr-marseille
3039606283AE1000005BCC5F,3608429646723,4924328,apparel,GB-R2-U1,dec-fr-marseille
3039606283AE100000849667,3608429646723,4924328,apparel,GB-R2-U1,dec-fr-marseille
3039606283AE10000050D092,3608429646723,4924328,apparel,GB-R2-U1,dec-fr-marseille
3039606283AE10000005F217,3608429646723,4924328,apparel,BR-03,dec-fr-marseille
3039606283AE104000030606,3608429646730,4924325,apparel,GB-R2-U1,dec-fr-marseille
3039606283AE10400091D5B7,3608429646730,4924325,apparel,GB-R2-U1,dec-fr-marseille
3039606283AE1040001B3902,3608429646730,4924325,apparel,GB-R2-U1,dec-fr-marseille
3039606283AE104000540E6A,3608429646730,4924325,apparel,BR-04,dec-fr-marseille
3039606283AE10800024AAD8,3608429646747,4924326,apparel,GB-R2-U1,dec-fr-marseille
3039606283AE10800060AF4A,3608429646747,4924326,apparel,GB-R2-U1,dec-fr-marseille
3039606283AE1080001EC010,3608429646747,4924326,apparel,GB-R2-U1,dec-fr-marseille
3039606283AE10800056ADDC,3608429646747,4924326,apparel,GB-R2-U1,dec-fr-marseille
3039606283AE10800027B734,3608429646747,4924326,apparel,GB-R2-U1,dec-fr-marseille
3039606283AE108000722C01,3608429646747,4924326,apparel,BR-01,dec-fr-marseille
3039606283AE10C000532396,3608429646754,4924329,apparel,GB-R2-U1,dec-fr-marseille
3039606283AE10C00093461E,3608429646754,4924329,apparel,GB-R2-U1,dec-fr-marseille
3039606283AE11000061970E,3608429646761,4924330,apparel,GB-R2-U1,dec-fr-marseille
30396061C0DB320000961BF8,3608392244568,5406884,accessories,GB-R1-U1,dec-fr-marseille
30396061C0DB320000479A2D,3608392244568,5406884,accessories,GB-R1-U1,dec-fr-marseille
30396061C0DB3200006C6736,3608392244568,5406884,accessories,GB-R1-U1,dec-fr-marseille
30396061C0DB32000070FF35,3608392244568,5406884,accessories,BR-02,dec-fr-marseille
30396061C0DB36800016F85D,3608392244742,5406885,accessories,GB-R1-U1,dec-fr-marseille
30396061C0DB36800034F1D0,3608392244742,5406885,accessories,GB-R1-U1,dec-fr-marseille
30396061C0DB3680004DDC46,3608392244742,5406885,accessories,GB-R1-U1,dec-fr-marseille
30396061C0DB3680001318D5,3608392244742,5406885,accessories,BR-03,dec-fr-marseille
30396061C0DB3BC00048D2CF,3608392244957,5406883,accessories,GB-R1-U1,dec-fr-marseille
30396061C0DB3BC0005D886F,3608392244957,5406883,accessories,GB-R1-U1,dec-fr-marseille
30396061C0DB3BC0008AD8C7,3608392244957,5406883,accessories,BR-04,dec-fr-marseille
30396061C178AB80004A59C5,3608393857101,5730110,bag_pack,GF-R1-U2,dec-fr-marseille
30396061C178AB80001C6F83,3608393857101,5730110,bag_pack,GF-R1-U2,dec-fr-marseille
30396062C3A0E4C0008D337D,3608439511875,2189141,bag_pack,GF-R1-U2,dec-fr-marseille
30396062C3A0E4C00012A5E4,3608439511875,2189141,bag_pack,GF-R1-U2,dec-fr-marseille
30396062C3A0E4C000752E45,3608439511875,2189141,bag_pack,BR-01,dec-fr-marseille
30396062C3A0E540004943DF,3608439511899,2189140,bag_pack,GF-R1-U2,dec-fr-marseille
30396062C3A0E540002BA3D7,3608439511899,2189140,bag_pack,GF-R1-U2,dec-fr-marseille
30396061C02414C000975064,3608390369478,4995044,apparel,GB-R2-U2,dec-fr-marseille
30396061C02414C000636621,3608390369478,4995044,apparel,GB-R2-U2,dec-fr-marseille
30396061C02414C0001CD560,3608390369478,4995044,apparel,GB-R2-U2,dec-fr-marseille
30396061C02414C00054FD32,3608390369478,4995044,apparel,GB-R2-U2,dec-fr-marseille
30396061C02414C000376F01,3608390369478,4995044,apparel,GB-R2-U2,dec-fr-marseille
30396061C02414C000173D3A,3608390369478,4995044,apparel,BR-02,dec-fr-marseille
30396061C0241500000EDFA0,3608390369485,4995045,apparel,GB-R2-U2,dec-fr-marseille
30396061C02415000026D8A2,3608390369485,4995045,apparel,GB-R2-U2,dec-fr-marseille
30396061C024150000315F90,3608390369485,4995045,apparel,GB-R2-U2,dec-fr-marseille
30396061C024150000690282,3608390369485,4995045,apparel,GB-R2-U2,dec-fr-marseille
30396061C0241500001A7DA3,3608390369485,4995045,apparel,GB-R2-U2,dec-fr-marseille
30396061C024150000380325,3608390369485,4995045,apparel,GB-R2-U2,dec-fr-marseille
30396061C0241500006B193F,3608390369485,4995045,apparel,GB-R2-U2,dec-fr-marseille
30396061C024150000881E2D,3608390369485,4995045,apparel,GB-R2-U2,dec-fr-marseille
30396061C0241500000E6CCC,3608390369485,4995045,apparel,BR-03,dec-fr-marseille
30396061C02415000029EFA9,3608390369485,4995045,apparel,BR-04,dec-fr-marseille
30396061C02415400004FACF,3608390369492,4995046,apparel,GB-R2-U2,dec-fr-marseille
30396061C02415400037037B,3608390369492,4995046,apparel,GB-R2-U2,dec-fr-marseille
30396061C0241540008649F6,3608390369492,4995046,apparel,GB-R2-U2,dec-fr-marseille
30396061C024154000957BC2,3608390369492,4995046,apparel,GB-R2-U2,dec-fr-marseille
30396061C024154000284763,3608390369492,4995046,apparel,GB-R2-U2,dec-fr-marseille
30396061C0241540001EC2B5,3608390369492,4995046,apparel,GB-R2-U2,dec-fr-marseille
30396061C024154000659F1D,3608390369492,4995046,apparel,GB-R2-U2,dec-fr-marseille
30396061C0241540004B2B80,3608390369492,4995046,apparel,GB-R2-U2,dec-fr-marseille
30396061C0241540005B7141,3608390369492,4995046,apparel,BR-01,dec-fr-marseille
30396061C024154000874435,3608390369492,4995046,apparel,BR-02,dec-fr-marseille
30396061C0241F80006EB576,3608390369904,4995047,apparel,GB-R2-U2,dec-fr-marseille
30396061C0241F8000860857,3608390369904,4995047,apparel,GB-R2-U2,dec-fr-marseille
30396061C0241F8000353234,3608390369904,4995047,apparel,GB-R2-U2,dec-fr-marseille
30396061C0241F80000ACEB1,3608390369904,4995047,apparel,GB-R2-U2,dec-fr-marseille
30396061C0241F8000621A83,3608390369904,4995047,apparel,GB-R2-U2,dec-fr-marseille
30396061C0241F8000200DEE,3608390369904,4995047,apparel,GB-R2-U2,dec-fr-marseille
30396061C0241F800069FBF6,3608390369904,4995047,apparel,BR-03,dec-fr-marseille
30395DFA82B9EC80001463F3,3583787146743,4531543,accessories,GB-R3-U1,dec-fr-marseille
30395DFA82B9EC800074D3C0,3583787146743,4531543,accessories,GB-R3-U1,dec-fr-marseille
30395DFA82B9ECC000802008,3583787146750,4531542,accessories,GB-R3-U1,dec-fr-marseille
30395DFA82B9ECC00053E4FF,3583787146750,4531542,accessories,GB-R3-U1,dec-fr-marseille
30395DFA82B9ECC00043B83E,3583787146750,4531542,accessories,BR-04,dec-fr-marseille
30395DFA82B9ED00001D0714,3583787146767,4531544,accessories,GB-R3-U1,dec-fr-marseille
30395DFA82B9ED000005199B,3583787146767,4531544,accessories,GB-R3-U1,dec-fr-marseille
30395DFA82B9ED00004259D9,3583787146767,4531544,accessories,BR-01,dec-fr-marseille
30395DFA82B9EE80005EEA95,3583787146828,4531541,accessories,GB-R3-U1,dec-fr-marseille
30395DFA82B9EE8000006027,3583787146828,4531541,accessories,GB-R3-U1,dec-fr-marseille
30396062C3910700003142AC,3608439349409,4006566,outdoor,GF-R3-U2,dec-fr-marseille
30396062C3910700000BC92C,3608439349409,4006566,outdoor,GF-R3-U2,dec-fr-marseille
30395DFA82FAC1C0007EC309,3583787810637,4045308,accessories,GB-R3-U2,dec-fr-marseille
30395DFA82FAC1C00061E32A,3583787810637,4045308,accessories,GB-R3-U2,dec-fr-marseille
30395DFA82FAC1C0006935D6,3583787810637,4045308,accessories,GB-R3-U2,dec-fr-marseille
30395DFA82FAC1C0005F63EC,3583787810637,4045308,accessories,GB-R3-U2,dec-fr-marseille
30395DFA82FAC1C00068123B,3583787810637,4045308,accessories,GB-R3-U2,dec-fr-marseille
30395DFA82FAC1C00011BFBF,3583787810637,4045308,accessories,GB-R3-U2,dec-fr-marseille
30395DFA82FAC1C0004B0EBC,3583787810637,4045308,accessories,GB-R3-U2,dec-fr-marseille
30395DFA82FAC1C000591A5E,3583787810637,4045308,accessories,GB-R3-U2,dec-fr-marseille
30395DFA82FAC1C0003F7C00,3583787810637,4045308,accessories,BR-02,dec-fr-marseille
30395DFA82FAC1C000679FD0,3583787810637,4045308,accessories,BR-03,dec-fr-marseille
30396061C17933C000046ED1,3608393862556,5727456,apparel,GB-R1-U1,dec-fr-marseille
30396061C17933C0008E90A0,3608393862556,5727456,apparel,GB-R1-U1,dec-fr-marseille
30396061C179340000347146,3608393862563,5727457,apparel,GB-R1-U1,dec-fr-marseille
30396061C1793400001DE1F7,3608393862563,5727457,apparel,GB-R1-U1,dec-fr-marseille
30396061C1793400008D4703,3608393862563,5727457,apparel,GB-R1-U1,dec-fr-marseille
30396061C1793400003DD711,3608393862563,5727457,apparel,GB-R1-U1,dec-fr-marseille
30396061C1793400003FF1CE,3608393862563,5727457,apparel,BR-04,dec-fr-marseille
30396061C1793440001F3719,3608393862570,5727458,apparel,GB-R1-U1,dec-fr-marseille
30396061C1793440005CC364,3608393862570,5727458,apparel,GB-R1-U1,dec-fr-marseille
30396061C17934400067AE47,3608393862570,5727458,apparel,GB-R1-U1,dec-fr-marseille
30396061C179344000650931,3608393862570,5727458,apparel,GB-R1-U1,dec-fr-marseille
30396061C1793440000A8D4A,3608393862570,5727458,apparel,GB-R1-U1,dec-fr-marseille
30396061C179344000778DF5,3608393862570,5727458,apparel,GB-R1-U1,dec-fr-marseille
30396061C1793440000C442E,3608393862570,5727458,apparel,GB-R1-U1,dec-fr-marseille
30396061C1793440005BDA17,3608393862570,5727458,apparel,BR-01,dec-fr-marseille
30396061C17934400046C392,3608393862570,5727458,apparel,BR-02,dec-fr-marseille
30396061C1793480001884D5,3608393862587,5727459,apparel,GB-R1-U1,dec-fr-marseille
30396061C17934800094B988,3608393862587,5727459,apparel,GB-R1-U1,dec-fr-marseille
30396061C1793480001CDD18,3608393862587,5727459,apparel,GB-R1-U1,dec-fr-marseille
30396061C1793480002CABC1,3608393862587,5727459,apparel,GB-R1-U1,dec-fr-marseille
30396061C17934800013E7C4,3608393862587,5727459,apparel,GB-R1-U1,dec-fr-marseille
30396061C17934800098512A,3608393862587,5727459,apparel,GB-R1-U1,dec-fr-marseille
30396061C179348000891EDF,3608393862587,5727459,apparel,GB-R1-U1,dec-fr-marseille
30396061C179348000394C91,3608393862587,5727459,apparel,BR-03,dec-fr-marseille
30396061C17934C000317A9A,3608393862594,5727460,apparel,GB-R1-U1,dec-fr-marseille
30396061C17934C0004AF0E0,3608393862594,5727460,apparel,GB-R1-U1,dec-fr-marseille
30396061C17934C0003A8FCC,3608393862594,5727460,apparel,GB-R1-U1,dec-fr-marseille
30396061C17934C0000219D6,3608393862594,5727460,apparel,GB-R1-U1,dec-fr-marseille
30396061C17934C000389008,3608393862594,5727460,apparel,GB-R1-U1,dec-fr-marseille
30396061C17934C00014D75A,3608393862594,5727460,apparel,BR-04,dec-fr-marseille
30396061C1794B80008945AF,3608393863508,5727461,apparel,GB-R1-U1,dec-fr-marseille
30396061C1794B80008AAB9F,3608393863508,5727461,apparel,GB-R1-U1,dec-fr-marseille
30396061C1794B8000208B26,3608393863508,5727461,apparel,BR-01,dec-fr-marseille
30396062C395FF0000663756,3608439400285,2668620,apparel,GF-R3-U1,dec-fr-marseille
30396062C395FF0000182039,3608439400285,2668620,apparel,GF-R3-U1,dec-fr-marseille
30396062C395FF00000DEFA4,3608439400285,2668620,apparel,GF-R3-U1,dec-fr-marseille
30396062C395FF00008DE7C8,3608439400285,2668620,apparel,GF-R3-U1,dec-fr-marseille
30396062C395FF00003EA35E,3608439400285,2668620,apparel,BR-02,dec-fr-marseille
30396062C395FF40001AF9CF,3608439400292,2668621,apparel,GF-R3-U1,dec-fr-marseille
30396062C395FF40005143C7,3608439400292,2668621,apparel,GF-R3-U1,dec-fr-marseille
30396062C395FF400068C5C2,3608439400292,2668621,apparel,GF-R3-U1,dec-fr-marseille
30396062C395FF40005622DC,3608439400292,2668621,apparel,GF-R3-U1,dec-fr-marseille
30396062C395FF40000B018B,3608439400292,2668621,apparel,GF-R3-U1,dec-fr-marseille
30396062C395FF40003C65AE,3608439400292,2668621,apparel,GF-R3-U1,dec-fr-marseille
30396062C395FF40000641BB,3608439400292,2668621,apparel,GF-R3-U1,dec-fr-marseille
30396062C395FF40008418FD,3608439400292,2668621,apparel,BR-03,dec-fr-marseille
30396062C395FF800012D465,3608439400308,2668619,apparel,GF-R3-U1,dec-fr-marseille
30396062C395FF80000EC70B,3608439400308,2668619,apparel,GF-R3-U1,dec-fr-marseille
30396062C395FF800016F68F,3608439400308,2668619,apparel,BR-04,dec-fr-marseille
30396062C395FFC0004E2901,3608439400315,2668623,apparel,GF-R3-U1,dec-fr-marseille
30396062C395FFC0003AD95B,3608439400315,2668623,apparel,GF-R3-U1,dec-fr-marseille
30396062C396000000195BAE,3608439400322,2668622,apparel,GF-R3-U1,dec-fr-marseille
30396062C3960000003D03E4,3608439400322,2668622,apparel,GF-R3-U1,dec-fr-marseille
30396062C3960000007E7776,3608439400322,2668622,apparel,GF-R3-U1,dec-fr-marseille
30396062C396000000252C37,3608439400322,2668622,apparel,GF-R3-U1,dec-fr-marseille
30396062C39600000018339D,3608439400322,2668622,apparel,GF-R3-U1,dec-fr-marseille
30396062C3960000000B7F67,3608439400322,2668622,apparel,BR-01,dec-fr-marseille
30396062C388AF00000FE306,3608439263965,4513670,outdoor,GB-R3-U1,dec-fr-marseille
30396062C388AF00005D3B60,3608439263965,4513670,outdoor,GB-R3-U1,dec-fr-marseille
3039606303C1A0400081C324,3608449847056,2456175,apparel,GB-R1-U2,dec-fr-marseille
3039606303C1A040006BE8CE,3608449847056,2456175,apparel,GB-R1-U2,dec-fr-marseille
3039606303C1A0400069BCE1,3608449847056,2456175,apparel,GB-R1-U2,dec-fr-marseille
3039606303C1A040006AC75F,3608449847056,2456175,apparel,BR-02,dec-fr-marseille
3039606303C1A0C000058CEB,3608449847070,2456176,apparel,GB-R1-U2,dec-fr-marseille
3039606303C1A0C00005CC0F,3608449847070,2456176,apparel,GB-R1-U2,dec-fr-marseille
3039606303C1A18000528FC3,3608449847100,2456170,apparel,GB-R1-U2,dec-fr-marseille
3039606303C1A1800064006B,3608449847100,2456170,apparel,GB-R1-U2,dec-fr-marseille
3039606303C1A1C00097DBA4,3608449847117,2456173,apparel,GB-R1-U2,dec-fr-marseille
3039606303C1A1C0005DE0A0,3608449847117,2456173,apparel,GB-R1-U2,dec-fr-marseille
3039606303C1A1C0000D8A90,3608449847117,2456173,apparel,GB-R1-U2,dec-fr-marseille
3039606303C1A1C0007D8039,3608449847117,2456173,apparel,GB-R1-U2,dec-fr-marseille
3039606303C1A1C0007FB763,3608449847117,2456173,apparel,GB-R1-U2,dec-fr-marseille
3039606303C1A1C0004738EA,3608449847117,2456173,apparel,BR-03,dec-fr-marseille
3039606303C1A2000014B0C4,3608449847124,2456174,apparel,GB-R1-U2,dec-fr-marseille
3039606303C1A2000096A064,3608449847124,2456174,apparel,GB-R1-U2,dec-fr-marseille
3039606303C1A200008986A5,3608449847124,2456174,apparel,GB-R1-U2,dec-fr-marseille
3039606303C1A20000803370,3608449847124,2456174,apparel,BR-04,dec-fr-marseille
3039606303C1A240001F99D9,3608449847131,2456172,apparel,GB-R1-U2,dec-fr-marseille
3039606303C1A240003B5182,3608449847131,2456172,apparel,GB-R1-U2,dec-fr-marseille
3039606303C1A240006AA23F,3608449847131,2456172,apparel,GB-R1-U2,dec-fr-marseille
3039606303C1A240002F76CE,3608449847131,2456172,apparel,GB-R1-U2,dec-fr-marseille
3039606303C1A24000669F23,3608449847131,2456172,apparel,GB-R1-U2,dec-fr-marseille
3039606303C1A240002B79BC,3608449847131,2456172,apparel,BR-01,dec-fr-marseille
30395DFA81956B80008A40E7,3583784151504,4194317,apparel,GF-R3-U2,dec-fr-marseille
30396062C3874140004AFDBB,3608439249334,4757792,apparel,GF-R3-U2,dec-fr-marseille
30396062C387418000128EB9,3608439249341,4757791,apparel,GF-R3-U2,dec-fr-marseille
30396062C38741800037F3AC,3608439249341,4757791,apparel,GF-R3-U2,dec-fr-marseille
30396062C38741C000144E09,3608439249358,4757790,apparel,GF-R3-U2,dec-fr-marseille
30396062C38741C0000F63FE,3608439249358,4757790,apparel,GF-R3-U2,dec-fr-marseille
30396062C38741C0004E4092,3608439249358,4757790,apparel,BR-02,dec-fr-marseille
30396062C3874200000AB0FC,3608439249365,4757789,apparel,GF-R3-U2,dec-fr-marseille
30396062C38742000086E044,3608439249365,4757789,apparel,GF-R3-U2,dec-fr-marseille
30396062C3874200000CAA91,3608439249365,4757789,apparel,BR-03,dec-fr-marseille
30396062C3874240003C17BF,3608439249372,4757788,apparel,GF-R3-U2,dec-fr-marseille
30396062C38EB200007FF317,3608439325526,4194319,apparel,GF-R3-U2,dec-fr-marseille
30396062C38EB200006EC3FB,3608439325526,4194319,apparel,GF-R3-U2,dec-fr-marseille
30396062C38EB2400021DA7D,3608439325533,4194316,apparel,GF-R3-U2,dec-fr-marseille
30396062C38EB2C000968983,3608439325557,4194322,apparel,GF-R3-U2,dec-fr-marseille
30396062C38EB2C00088203F,3608439325557,4194322,apparel,GF-R3-U2,dec-fr-marseille
30396062C38EB3400032DC88,3608439325571,4194321,apparel,GF-R3-U2,dec-fr-marseille
30396062C38EB34000579395,3608439325571,4194321,apparel,GF-R3-U2,dec-fr-marseille
30396062C38EB3C000513A0A,3608439325595,4194320,apparel,GF-R3-U2,dec-fr-marseille
30396062C38EB3C00092AAD8,3608439325595,4194320,apparel,GF-R3-U2,dec-fr-marseille
30395DFA82DF0C400058D76D,3583787526897,4409599,apparel,GF-R1-U1,dec-fr-marseille
30395DFA82DF0C40000525F3,3583787526897,4409599,apparel,GF-R1-U1,dec-fr-marseille
30395DFA82DF0C400012C7D7,3583787526897,4409599,apparel,GF-R1-U1,dec-fr-marseille
30395DFA82DF0C400027276A,3583787526897,4409599,apparel,BR-04,dec-fr-marseille
30395DFA82DF0C80001AB432,3583787526903,4409600,apparel,GF-R1-U1,dec-fr-marseille
30395DFA82DF0C80000B71D8,3583787526903,4409600,apparel,GF-R1-U1,dec-fr-marseille
30395DFA82DF0C800032455E,3583787526903,4409600,apparel,BR-01,dec-fr-marseille
30395DFA82DF0CC0006750B1,3583787526910,4409596,apparel,GF-R1-U1,dec-fr-marseille
30395DFA82DF0D00005C7EFE,3583787526927,4409598,apparel,GF-R1-U1,dec-fr-marseille
30395DFA82DF0D000058646F,3583787526927,4409598,apparel,GF-R1-U1,dec-fr-marseille
30395DFA82DF0D000030C30B,3583787526927,4409598,apparel,GF-R1-U1,dec-fr-marseille
30395DFA82DF0D0000861031,3583787526927,4409598,apparel,GF-R1-U1,dec-fr-marseille
30395DFA82DF0D00005A228B,3583787526927,4409598,apparel,BR-02,dec-fr-marseille
30395DFA82DF0D400078B031,3583787526934,4409597,apparel,GF-R1-U1,dec-fr-marseille
30395DFA82DF0D400074656A,3583787526934,4409597,apparel,GF-R1-U1,dec-fr-marseille
30395DFA82DF0D400035B3A8,3583787526934,4409597,apparel,BR-03,dec-fr-marseille
30396061C12685C00041D692,3608393015914,5551323,apparel,GB-R3-U1,dec-fr-marseille
30396061C12685C00088728B,3608393015914,5551323,apparel,GB-R3-U1,dec-fr-marseille
30396061C12685C0002F7963,3608393015914,5551323,apparel,GB-R3-U1,dec-fr-marseille
30396061C12685C0008B7825,3608393015914,5551323,apparel,GB-R3-U1,dec-fr-marseille
30396061C12685C00006A596,3608393015914,5551323,apparel,BR-04,dec-fr-marseille
30396061C1268600004C67E4,3608393015921,5551324,apparel,GB-R3-U1,dec-fr-marseille
30396061C12686000036C488,3608393015921,5551324,apparel,GB-R3-U1,dec-fr-marseille
30396061C126860000070895,3608393015921,5551324,apparel,GB-R3-U1,dec-fr-marseille
30396061C12686000028CF11,3608393015921,5551324,apparel,GB-R3-U1,dec-fr-marseille
30396061C12686000062FD98,3608393015921,5551324,apparel,GB-R3-U1,dec-fr-marseille
30396061C1268600002916E6,3608393015921,5551324,apparel,GB-R3-U1,dec-fr-marseille
30396061C12686000018012B,3608393015921,5551324,apparel,GB-R3-U1,dec-fr-marseille
30396061C1268600005372F0,3608393015921,5551324,apparel,BR-01,dec-fr-marseille
30396061C1268600003725E2,3608393015921,5551324,apparel,BR-02,dec-fr-marseille
30396061C1268640005A7758,3608393015938,5551325,apparel,GB-R3-U1,dec-fr-marseille
30396061C126864000937A0D,3608393015938,5551325,apparel,GB-R3-U1,dec-fr-marseille
30396061C12686400003A3A4,3608393015938,5551325,apparel,GB-R3-U1,dec-fr-marseille
30396061C12686400088A996,3608393015938,5551325,apparel,GB-R3-U1,dec-fr-marseille
30396061C1268640006D47B2,3608393015938,5551325,apparel,GB-R3-U1,dec-fr-marseille
30396061C126864000915166,3608393015938,5551325,apparel,BR-03,dec-fr-marseille
30396061C1268680000166BC,3608393015945,5551326,apparel,GB-R3-U1,dec-fr-marseille
30396061C12686800086E7AA,3608393015945,5551326,apparel,GB-R3-U1,dec-fr-marseille
30396061C1268680008E692B,3608393015945,5551326,apparel,GB-R3-U1,dec-fr-marseille
30396061C126868000550441,3608393015945,5551326,apparel,GB-R3-U1,dec-fr-marseille
30396061C12686800082DFE0,3608393015945,5551326,apparel,GB-R3-U1,dec-fr-marseille
30396061C1268680008B9CF6,3608393015945,5551326,apparel,GB-R3-U1,dec-fr-marseille
30396061C126868000416A1C,3608393015945,5551326,apparel,GB-R3-U1,dec-fr-marseille
30396061C126868000355D62,3608393015945,5551326,apparel,BR-04,dec-fr-marseille
30396061C12686C00079302C,3608393015952,5551327,apparel,GB-R3-U1,dec-fr-marseille
30396061C12686C000788B06,3608393015952,5551327,apparel,GB-R3-U1,dec-fr-marseille
30396061C12686C0005242A7,3608393015952,5551327,apparel,BR-01,dec-fr-marseille
30396061C1268700003517CB,3608393015969,5551328,apparel,GB-R3-U1,dec-fr-marseille
30396061C1268700004AB26A,3608393015969,5551328,apparel,GB-R3-U1,dec-fr-marseille
3039606303BD87C00068470F,3608449805117,4560145,apparel,GF-R1-U2,dec-fr-marseille
3039606303BD87C0000A1A42,3608449805117,4560145,apparel,GF-R1-U2,dec-fr-marseille
3039606303BD87C0008B5830,3608449805117,4560145,apparel,GF-R1-U2,dec-fr-marseille
3039606303BD87C00092CF22,3608449805117,4560145,apparel,BR-02,dec-fr-marseille
3039606303BD8800000CA4DF,3608449805124,4560146,apparel,GF-R1-U2,dec-fr-marseille
3039606303BD8800008307B4,3608449805124,4560146,apparel,GF-R1-U2,dec-fr-marseille
3039606303BD884000486F9D,3608449805131,4560143,apparel,GF-R1-U2,dec-fr-marseille
3039606303BD884000304A26,3608449805131,4560143,apparel,GF-R1-U2,dec-fr-marseille
3039606303BD884000811A79,3608449805131,4560143,apparel,GF-R1-U2,dec-fr-marseille
3039606303BD8840008C5C47,3608449805131,4560143,apparel,GF-R1-U2,dec-fr-marseille
3039606303BD88400025FC54,3608449805131,4560143,apparel,GF-R1-U2,dec-fr-marseille
3039606303BD88400069FC55,3608449805131,4560143,apparel,BR-03,dec-fr-marseille
3039606303BD888000145D55,3608449805148,4560144,apparel,GF-R1-U2,dec-fr-marseille
3039606303BD88800061856D,3608449805148,4560144,apparel,GF-R1-U2,dec-fr-marseille
3039606303BD888000895457,3608449805148,4560144,apparel,GF-R1-U2,dec-fr-marseille
3039606303BD888000465E0A,3608449805148,4560144,apparel,GF-R1-U2,dec-fr-marseille
3039606303BD888000560E0D,3608449805148,4560144,apparel,GF-R1-U2,dec-fr-marseille
3039606303BD8880002F52AA,3608449805148,4560144,apparel,BR-04,dec-fr-marseille
3039606303BD88C0000EEBF8,3608449805155,4560141,apparel,GF-R1-U2,dec-fr-marseille
3039606303BD89000036A865,3608449805162,4560142,apparel,GF-R1-U2,dec-fr-marseille
3039606303BD89000026DF97,3608449805162,4560142,apparel,GF-R1-U2,dec-fr-marseille
3039606303BD8900008E8B05,3608449805162,4560142,apparel,GF-R1-U2,dec-fr-marseille
3039606303BD8900005327C9,3608449805162,4560142,apparel,BR-01,dec-fr-marseille
30396061C03F3800000A1E0A,3608390647361,4955224,apparel,GB-R3-U2,dec-fr-marseille
30396061C03F380000054D85,3608390647361,4955224,apparel,GB-R3-U2,dec-fr-marseille
30396061C03F380000803783,3608390647361,4955224,apparel,BR-02,dec-fr-marseille
30396061C03F384000345EE8,3608390647378,4955225,apparel,GB-R3-U2,dec-fr-marseille
30396061C03F38400037836F,3608390647378,4955225,apparel,GB-R3-U2,dec-fr-marseille
30396061C03F384000714830,3608390647378,4955225,apparel,GB-R3-U2,dec-fr-marseille
30396061C03F3840007CBCEB,3608390647378,4955225,apparel,GB-R3-U2,dec-fr-marseille
30396061C03F384000236773,3608390647378,4955225,apparel,BR-03,dec-fr-marseille
30396061C03F388000105572,3608390647385,4955226,apparel,GB-R3-U2,dec-fr-marseille
30396061C03F3880001C1E37,3608390647385,4955226,apparel,GB-R3-U2,dec-fr-marseille
30396061C03F38800054E2EC,3608390647385,4955226,apparel,GB-R3-U2,dec-fr-marseille
30396061C03F3880009008FE,3608390647385,4955226,apparel,GB-R3-U2,dec-fr-marseille
30396061C03F38800033DBE9,3608390647385,4955226,apparel,BR-04,dec-fr-marseille
30396061C03F38C000862DD0,3608390647392,4955227,apparel,GB-R3-U2,dec-fr-marseille
30396061C03F38C00002C05B,3608390647392,4955227,apparel,GB-R3-U2,dec-fr-marseille
30396061C03F38C00083BA5A,3608390647392,4955227,apparel,GB-R3-U2,dec-fr-marseille
30396061C03F38C000185717,3608390647392,4955227,apparel,BR-01,dec-fr-marseille
30396061C03FA70000803089,3608390651801,4955228,apparel,GB-R3-U2,dec-fr-marseille
30396061C03FA70000219CDB,3608390651801,4955228,apparel,GB-R3-U2,dec-fr-marseille
30396061C03FA7400054BD4D,3608390651818,4955229,apparel,GB-R3-U2,dec-fr-marseille
3039606283B37C400043F9F4,3608429702252,2730763,accessories,GB-R2-U1,dec-fr-marseille
3039606283B37C4000694EAA,3608429702252,2730763,accessories,GB-R2-U1,dec-fr-marseille
3039606283B37C400045C91A,3608429702252,2730763,accessories,GB-R2-U1,dec-fr-marseille
3039606283B37C4000971FC0,3608429702252,2730763,accessories,GB-R2-U1,dec-fr-marseille
3039606283B37C400011C6CB,3608429702252,2730763,accessories,GB-R2-U1,dec-fr-marseille
3039606283B37C40003A31F3,3608429702252,2730763,accessories,BR-02,dec-fr-marseille
30395DFA81DFEA40003D0965,3583784914338,5285962,outdoor,GF-R1-U1,dec-fr-marseille
30396062C394E4C0007BD04A,3608439388996,2839745,apparel,GF-R3-U1,dec-fr-marseille
30396062C394E50000612D34,3608439389009,2839754,apparel,GF-R3-U1,dec-fr-marseille
30396062C394E540005250DE,3608439389016,2839753,apparel,GF-R3-U1,dec-fr-marseille
30396062C394E5800041FEF1,3608439389023,2839752,apparel,GF-R3-U1,dec-fr-marseille
30396062C394E5800056A162,3608439389023,2839752,apparel,GF-R3-U1,dec-fr-marseille
30396062C394E5C000217CCA,3608439389030,2839751,apparel,GF-R3-U1,dec-fr-marseille
30396062C394E5C000141BE3,3608439389030,2839751,apparel,GF-R3-U1,dec-fr-marseille
30396062C394E600004DFD19,3608439389047,2839747,apparel,GF-R3-U1,dec-fr-marseille
30396062C399A4C0000FD18C,3608439437632,2560931,apparel,GF-R3-U1,dec-fr-marseille
30396062C399A4C000769CE1,3608439437632,2560931,apparel,GF-R3-U1,dec-fr-marseille
30396062C399A5400092A0B4,3608439437656,2560933,apparel,GF-R3-U1,dec-fr-marseille
30396062C399A5400017A1E7,3608439437656,2560933,apparel,GF-R3-U1,dec-fr-marseille
30396062C399A5C00067A6FC,3608439437670,2560934,apparel,GF-R3-U1,dec-fr-marseille
30396062C399A5C0002902BC,3608439437670,2560934,apparel,GF-R3-U1,dec-fr-marseille
30396062C399A6400087E585,3608439437694,2560935,apparel,GF-R3-U1,dec-fr-marseille
30396062C399A6400084D839,3608439437694,2560935,apparel,GF-R3-U1,dec-fr-marseille
30396062C399A780008217A7,3608439437748,2560936,apparel,GF-R3-U1,dec-fr-marseille
30395DFA81865B000051D94E,3583783997240,4097226,apparel,GF-R3-U2,dec-fr-marseille
30395DFA81865B00003067A8,3583783997240,4097226,apparel,GF-R3-U2,dec-fr-marseille
30395DFA81865B400036E876,3583783997257,4097229,apparel,GF-R3-U2,dec-fr-marseille
30395DFA81865B40006452FF,3583783997257,4097229,apparel,GF-R3-U2,dec-fr-marseille
30395DFA81865B40000CDDFA,3583783997257,4097229,apparel,GF-R3-U2,dec-fr-marseille
30395DFA81865B400037891E,3583783997257,4097229,apparel,BR-03,dec-fr-marseille
30395DFA81865B80000FCAC8,3583783997264,4097230,apparel,GF-R3-U2,dec-fr-marseille
30395DFA81865B80002A1FF8,3583783997264,4097230,apparel,GF-R3-U2,dec-fr-marseille
30395DFA81865B8000562FC5,3583783997264,4097230,apparel,GF-R3-U2,dec-fr-marseille
30395DFA81865B800043FEAD,3583783997264,4097230,apparel,BR-04,dec-fr-marseille
30395DFA81865BC000520DAF,3583783997271,4097231,apparel,GF-R3-U2,dec-fr-marseille
30395DFA81865BC0005707FB,3583783997271,4097231,apparel,GF-R3-U2,dec-fr-marseille
30395DFA81865BC0007F9CE1,3583783997271,4097231,apparel,BR-01,dec-fr-marseille
30395DFA81865C00004B2DF1,3583783997288,4097232,apparel,GF-R3-U2,dec-fr-marseille
30395DFA81865C000094C487,3583783997288,4097232,apparel,GF-R3-U2,dec-fr-marseille
30395DFA81865C00002EE667,3583783997288,4097232,apparel,BR-02,dec-fr-marseille
30395DFA81865C4000950D84,3583783997295,4097233,apparel,GF-R3-U2,dec-fr-marseille
30395DFA8190FD800091CBCF,3583784106146,4097228,apparel,GF-R3-U2,dec-fr-marseille
3039606283B12580006DD5CB,3608429678304,4168811,accessories,GB-R2-U2,dec-fr-marseille
3039606283B12580003F030F,3608429678304,4168811,accessories,GB-R2-U2,dec-fr-marseille
3039606283B12580004DCEEF,3608429678304,4168811,accessories,GB-R2-U2,dec-fr-marseille
3039606283B1258000354B01,3608429678304,4168811,accessories,GB-R2-U2,dec-fr-marseille
3039606283B12580000828EE,3608429678304,4168811,accessories,GB-R2-U2,dec-fr-marseille
3039606283B12580007A9B88,3608429678304,4168811,accessories,GB-R2-U2,dec-fr-marseille
3039606283B125800081CA56,3608429678304,4168811,accessories,GB-R2-U2,dec-fr-marseille
3039606283B12580002A52B1,3608429678304,4168811,accessories,BR-03,dec-fr-marseille
3039606283B12580000A1746,3608429678304,4168811,accessories,BR-04,dec-fr-marseille
30396061C0659840006ED635,3608391040338,5158340,apparel,GB-R1-U1,dec-fr-marseille
30396061C0659840000CD0D8,3608391040338,5158340,apparel,GB-R1-U1,dec-fr-marseille
30396061C0659840003E2673,3608391040338,5158340,apparel,GB-R1-U1,dec-fr-marseille
30396061C0659840004214FF,3608391040338,5158340,apparel,BR-01,dec-fr-marseille
30396061C0659880000FAD84,3608391040345,5158341,apparel,GB-R1-U1,dec-fr-marseille
30396061C0659880002EB7C7,3608391040345,5158341,apparel,GB-R1-U1,dec-fr-marseille
30396061C06598800086E4AE,3608391040345,5158341,apparel,GB-R1-U1,dec-fr-marseille
30396061C0659880003B6EDD,3608391040345,5158341,apparel,GB-R1-U1,dec-fr-marseille
30396061C06598800053FB9C,3608391040345,5158341,apparel,GB-R1-U1,dec-fr-marseille
30396061C065988000172015,3608391040345,5158341,apparel,GB-R1-U1,dec-fr-marseille
30396061C0659880002C9193,3608391040345,5158341,apparel,GB-R1-U1,dec-fr-marseille
30396061C0659880007A9D3F,3608391040345,5158341,apparel,GB-R1-U1,dec-fr-marseille
30396061C065988000614F06,3608391040345,5158341,apparel,GB-R1-U1,dec-fr-marseille
30396061C0659880007E87F4,3608391040345,5158341,apparel,GB-R1-U1,dec-fr-marseille
30396061C06598800061F8CB,3608391040345,5158341,apparel,GB-R1-U1,dec-fr-marseille
30396061C06598800067919F,3608391040345,5158341,apparel,GB-R1-U1,dec-fr-marseille
30396061C065988000775CCC,3608391040345,5158341,apparel,BR-02,dec-fr-marseille
30396061C0659880001BE42E,3608391040345,5158341,apparel,BR-03,dec-fr-marseille
30396061C0659880003BA2D5,3608391040345,5158341,apparel,BR-04,dec-fr-marseille
30396061C06598C000642E3D,3608391040352,5158342,apparel,GB-R1-U1,dec-fr-marseille
30396061C06598C0000C4D78,3608391040352,5158342,apparel,GB-R1-U1,dec-fr-marseille
30396061C06598C00080491C,3608391040352,5158342,apparel,GB-R1-U1,dec-fr-marseille
30396061C06598C0001F0000,3608391040352,5158342,apparel,GB-R1-U1,dec-fr-marseille
30396061C06598C000414FA5,3608391040352,5158342,apparel,GB-R1-U1,dec-fr-marseille
30396061C06598C0002DB29A,3608391040352,5158342,apparel,GB-R1-U1,dec-fr-marseille
30396061C06598C0008928FF,3608391040352,5158342,apparel,GB-R1-U1,dec-fr-marseille
30396061C06598C00066B9DB,3608391040352,5158342,apparel,GB-R1-U1,dec-fr-marseille
30396061C06598C0000462FA,3608391040352,5158342,apparel,BR-01,dec-fr-marseille
30396061C06598C0001542E7,3608391040352,5158342,apparel,BR-02,dec-fr-marseille
30396061C0B1AE4000153EB7,3608391819453,5284390,apparel,GB-R1-U2,dec-fr-marseille
30396061C0B1AE400051877B,3608391819453,5284390,apparel,GB-R1-U2,dec-fr-marseille
30396061C0B1AEC000258EDB,3608391819477,5284392,apparel,GB-R1-U2,dec-fr-marseille
30396061C0B1AEC00075EDC6,3608391819477,5284392,apparel,GB-R1-U2,dec-fr-marseille
30396061C0B1AF40005BA5C2,3608391819491,5284394,apparel,GB-R1-U2,dec-fr-marseille
30396061C0B1AF400068BDE3,3608391819491,5284394,apparel,GB-R1-U2,dec-fr-marseille
30396061C0B1AFC0001E8817,3608391819514,5284396,apparel,GB-R1-U2,dec-fr-marseille
30396061C0B1B0400073163B,3608391819538,5284398,apparel,GB-R1-U2,dec-fr-marseille
30396061C0B1B300002E5F99,3608391819644,5284370,apparel,GB-R1-U2,dec-fr-marseille
30396061C0B1B380002EA9F5,3608391819668,5284372,apparel,GB-R1-U2,dec-fr-marseille
30396061C0B1B380005042EF,3608391819668,5284372,apparel,GB-R1-U2,dec-fr-marseille
30396061C0B1B4000082EABF,3608391819682,5284374,apparel,GB-R1-U2,dec-fr-marseille
30396061C0B1B40000154778,3608391819682,5284374,apparel,GB-R1-U2,dec-fr-marseille
30396061C0B1B48000484B71,3608391819705,5284376,apparel,GB-R1-U2,dec-fr-marseille
30396061C0B1B480001D61F7,3608391819705,5284376,apparel,GB-R1-U2,dec-fr-marseille
30396061C0B1B50000691600,3608391819729,5284378,apparel,GB-R1-U2,dec-fr-marseille
3039606283AF20400038E846,3608429657613,4683436,accessories,GB-R2-U1,dec-fr-marseille
3039606283AF2040004E005C,3608429657613,4683436,accessories,GB-R2-U1,dec-fr-marseille
3039606283AF204000116689,3608429657613,4683436,accessories,GB-R2-U1,dec-fr-marseille
3039606283AF2040005BAFB0,3608429657613,4683436,accessories,GB-R2-U1,dec-fr-marseille
3039606283AF2040008AE336,3608429657613,4683436,accessories,BR-03,dec-fr-marseille
30396061C0681AC0002857E3,3608391066031,5165742,apparel,GF-R1-U1,dec-fr-marseille
30396061C0681AC0002C2E4D,3608391066031,5165742,apparel,GF-R1-U1,dec-fr-marseille
30396061C0681B00003FF0E7,3608391066048,5165743,apparel,GF-R1-U1,dec-fr-marseille
30396061C0681B0000250933,3608391066048,5165743,apparel,GF-R1-U1,dec-fr-marseille
30396061C0681B000037F7F3,3608391066048,5165743,apparel,GF-R1-U1,dec-fr-marseille
30396061C0681B0000266893,3608391066048,5165743,apparel,GF-R1-U1,dec-fr-marseille
30396061C0681B000063A3F0,3608391066048,5165743,apparel,BR-04,dec-fr-marseille
30396061C0681B40005A69EA,3608391066055,5165744,apparel,GF-R1-U1,dec-fr-marseille
30396061C0681B400006D161,3608391066055,5165744,apparel,GF-R1-U1,dec-fr-marseille
30396061C0681B40001C8B4B,3608391066055,5165744,apparel,GF-R1-U1,dec-fr-marseille
30396061C0681B4000828CF5,3608391066055,5165744,apparel,GF-R1-U1,dec-fr-marseille
30396061C0681B4000373E41,3608391066055,5165744,apparel,GF-R1-U1,dec-fr-marseille
30396061C0681B40007CB68E,3608391066055,5165744,apparel,GF-R1-U1,dec-fr-marseille
30396061C0681B4000406B75,3608391066055,5165744,apparel,BR-01,dec-fr-marseille
30396061C0698F00003BA46C,3608391080921,5174058,apparel,GF-R1-U1,dec-fr-marseille
30396061C0698F00008CCDCA,3608391080921,5174058,apparel,GF-R1-U1,dec-fr-marseille
30396061C0698F00004CFA05,3608391080921,5174058,apparel,GF-R1-U1,dec-fr-marseille
30396061C0698F0000901703,3608391080921,5174058,apparel,GF-R1-U1,dec-fr-marseille
30396061C0698F00000F2EC8,3608391080921,5174058,apparel,BR-02,dec-fr-marseille
30396061C0698F40002FA1C4,3608391080938,5174059,apparel,GF-R1-U1,dec-fr-marseille
30396061C0698F40006564D1,3608391080938,5174059,apparel,GF-R1-U1,dec-fr-marseille
30396061C0698F400086FDFA,3608391080938,5174059,apparel,BR-03,dec-fr-marseille
30396061C023CDC00000FB99,3608390366637,4994776,apparel,GF-R2-U1,dec-fr-marseille
30396061C023CDC0001CD21D,3608390366637,4994776,apparel,GF-R2-U1,dec-fr-marseille
30396061C023CDC0006D6718,3608390366637,4994776,apparel,GF-R2-U1,dec-fr-marseille
30396061C023CDC0008A554E,3608390366637,4994776,apparel,GF-R2-U1,dec-fr-marseille
30396061C023CDC000407DE9,3608390366637,4994776,apparel,BR-04,dec-fr-marseille
30396061C023CE00004C1741,3608390366644,4994777,apparel,GF-R2-U1,dec-fr-marseille
30396061C023CE000003DD34,3608390366644,4994777,apparel,GF-R2-U1,dec-fr-marseille
30396061C023CE00005EE62C,3608390366644,4994777,apparel,GF-R2-U1,dec-fr-marseille
30396061C023CE000081DE94,3608390366644,4994777,apparel,GF-R2-U1,dec-fr-marseille
30396061C023CE000016CD49,3608390366644,4994777,apparel,GF-R2-U1,dec-fr-marseille
30396061C023CE000065971E,3608390366644,4994777,apparel,GF-R2-U1,dec-fr-marseille
30396061C023CE00002FC4B1,3608390366644,4994777,apparel,GF-R2-U1,dec-fr-marseille
30396061C023CE0000666220,3608390366644,4994777,apparel,BR-01,dec-fr-marseille
30396061C023CE00006ECA9A,3608390366644,4994777,apparel,BR-02,dec-fr-marseille
30396061C023CE4000530EC3,3608390366651,4994778,apparel,GF-R2-U1,dec-fr-marseille
30396061C023CE40006C5554,3608390366651,4994778,apparel,GF-R2-U1,dec-fr-marseille
30396061C023CE40009036F4,3608390366651,4994778,apparel,GF-R2-U1,dec-fr-marseille
30396061C023CE4000136767,3608390366651,4994778,apparel,GF-R2-U1,dec-fr-marseille
30396061C023CE40006DBF21,3608390366651,4994778,apparel,GF-R2-U1,dec-fr-marseille
30396061C023CE400088A71D,3608390366651,4994778,apparel,GF-R2-U1,dec-fr-marseille
30396061C023CE40004F9576,3608390366651,4994778,apparel,GF-R2-U1,dec-fr-marseille
30396061C023CE40002CC608,3608390366651,4994778,apparel,BR-03,dec-fr-marseille
30396061C023CE8000730E0A,3608390366668,4994779,apparel,GF-R2-U1,dec-fr-marseille
30396061C023CE8000045FC6,3608390366668,4994779,apparel,GF-R2-U1,dec-fr-marseille
30396061C023CE800015F4D8,3608390366668,4994779,apparel,GF-R2-U1,dec-fr-marseille
30396061C023CE80004C3E47,3608390366668,4994779,apparel,GF-R2-U1,dec-fr-marseille
30396061C023CE80004EA49E,3608390366668,4994779,apparel,GF-R2-U1,dec-fr-marseille
30396061C023CE80008FDE2A,3608390366668,4994779,apparel,BR-04,dec-fr-marseille
30396061C023CEC000312A3E,3608390366675,4994780,apparel,GF-R2-U1,dec-fr-marseille
30396061C023CEC0004B1834,3608390366675,4994780,apparel,GF-R2-U1,dec-fr-marseille
30396061C023CEC0003FB9C7,3608390366675,4994780,apparel,BR-01,dec-fr-marseille
30396061C1ADE20000054783,3608394402003,5681813,footwear,PW-02,dec-fr-marseille
30396061C1ADE200003D65F9,3608394402003,5681813,footwear,PW-02,dec-fr-marseille
30396061C1ADE24000548934,3608394402010,5681989,footwear,PW-02,dec-fr-marseille
30396061C1ADE2400059A265,3608394402010,5681989,footwear,PW-02,dec-fr-marseille
30396061C1ADE28000218221,3608394402027,5682781,footwear,PW-02,dec-fr-marseille
30396061C1ADE280001387BA,3608394402027,5682781,footwear,PW-02,dec-fr-marseille
30396061C1ADE2C000122C16,3608394402034,5682802,footwear,PW-02,dec-fr-marseille
30396061C1ADE3000046C918,3608394402041,5683043,footwear,PW-02,dec-fr-marseille
30396061C1ADE30000847719,3608394402041,5683043,footwear,PW-02,dec-fr-marseille
30396061C1ADE3000062A267,3608394402041,5683043,footwear,BR-02,dec-fr-marseille
30396061C1ADE3400014010B,3608394402058,5683257,footwear,PW-02,dec-fr-marseille
30396061C1ADE380006001DB,3608394402065,5683923,footwear,PW-02,dec-fr-marseille
30396061C1B87C40007526A4,3608394510579,5857343,footwear,PW-02,dec-fr-marseille
30396061C1B87C400037D3CD,3608394510579,5857343,footwear,PW-02,dec-fr-marseille
30396061C1B87C80004D6DFC,3608394510586,5857344,footwear,PW-02,dec-fr-marseille
30396061C1B87C8000941DF0,3608394510586,5857344,footwear,PW-02,dec-fr-marseille
30396061C1B87CC0002B8FBC,3608394510593,5857345,footwear,PW-02,dec-fr-marseille
30396061C1B87CC000816E8F,3608394510593,5857345,footwear,PW-02,dec-fr-marseille
30396061C1B87CC0005139DA,3608394510593,5857345,footwear,BR-03,dec-fr-marseille
30395DFA819C66400026B50F,3583784222976,4311924,apparel,GB-R3-U1,dec-fr-marseille
30395DFA819C66800011D0E5,3583784222983,4311926,apparel,GB-R3-U1,dec-fr-marseille
30395DFA819C66800096D525,3583784222983,4311926,apparel,GB-R3-U1,dec-fr-marseille
30395DFA819C66800061BFC5,3583784222983,4311926,apparel,GB-R3-U1,dec-fr-marseille
30395DFA819C668000860F14,3583784222983,4311926,apparel,BR-04,dec-fr-marseille
30395DFA819C66C00022A8AD,3583784222990,4311928,apparel,GB-R3-U1,dec-fr-marseille
30395DFA819C66C000297EAF,3583784222990,4311928,apparel,GB-R3-U1,dec-fr-marseille
30395DFA819C66C0006E14DA,3583784222990,4311928,apparel,GB-R3-U1,dec-fr-marseille
30395DFA819C66C00096AA23,3583784222990,4311928,apparel,BR-01,dec-fr-marseille
30395DFA819C940000852744,3583784224802,4311930,apparel,GB-R3-U1,dec-fr-marseille
30395DFA819C94000033E4F3,3583784224802,4311930,apparel,GB-R3-U1,dec-fr-marseille
30395DFA819C9440005CD569,3583784224819,4311933,apparel,GB-R3-U1,dec-fr-marseille
30395DFA819C9440003EEF4F,3583784224819,4311933,apparel,GB-R3-U1,dec-fr-marseille
30395DFA819C94400094672E,3583784224819,4311933,apparel,BR-02,dec-fr-marseille
30395DFA819C948000739AA8,3583784224826,4311935,apparel,GB-R3-U1,dec-fr-marseille
30396061C0B19C00005C48EE,3608391818722,5304438,accessories,GB-R3-U1,dec-fr-marseille
30396061C0B19C4000470BB1,3608391818739,5304439,accessories,GB-R3-U1,dec-fr-marseille
30396061C0B19C80000A57DC,3608391818746,5304440,accessories,GB-R3-U1,dec-fr-marseille
30396061C0B19CC0001A0639,3608391818753,5304441,accessories,GB-R3-U1,dec-fr-marseille
30396061C0B1D100000D5918,3608391820848,5304434,accessories,GB-R3-U1,dec-fr-marseille
30396061C0B1D1400080AE4C,3608391820855,5304435,accessories,GB-R3-U1,dec-fr-marseille
30396061C0B1D1800066E7B2,3608391820862,5304436,accessories,GB-R3-U1,dec-fr-marseille
30396061C0B1D180005F6A78,3608391820862,5304436,accessories,GB-R3-U1,dec-fr-marseille
30396061C0B1D1C00082718E,3608391820879,5304437,accessories,GB-R3-U1,dec-fr-marseille
30396062C3855880006F3F12,3608439229787,4386815,footwear,PW-01,dec-fr-marseille
30396062C38558800007C8CA,3608439229787,4386815,footwear,PW-01,dec-fr-marseille
30396062C385588000466E6F,3608439229787,4386815,footwear,BR-03,dec-fr-marseille
30396062C38558C0008CD5E5,3608439229794,4386816,footwear,PW-01,dec-fr-marseille
30396062C38558C000023503,3608439229794,4386816,footwear,PW-01,dec-fr-marseille
30396062C38558C0001FD28F,3608439229794,4386816,footwear,PW-01,dec-fr-marseille
30396062C38558C00006C959,3608439229794,4386816,footwear,PW-01,dec-fr-marseille
30396062C38558C00092299E,3608439229794,4386816,footwear,BR-04,dec-fr-marseille
30396062C3855900005E110F,3608439229800,4386817,footwear,PW-01,dec-fr-marseille
30396062C385590000917631,3608439229800,4386817,footwear,PW-01,dec-fr-marseille
30396062C3855900004233A4,3608439229800,4386817,footwear,PW-01,dec-fr-marseille
30396062C385590000010ACE,3608439229800,4386817,footwear,PW-01,dec-fr-marseille
30396062C385590000221B1B,3608439229800,4386817,footwear,BR-01,dec-fr-marseille
30396062C3855940001B4F37,3608439229817,4386818,footwear,PW-01,dec-fr-marseille
30396062C3855940007D3413,3608439229817,4386818,footwear,PW-01,dec-fr-marseille
30396062C3855940001E6C69,3608439229817,4386818,footwear,PW-01,dec-fr-marseille
30396062C3855940003C528C,3608439229817,4386818,footwear,BR-02,dec-fr-marseille
30396062C385598000842390,3608439229824,4386813,footwear,PW-01,dec-fr-marseille
30396062C38559C0007C96E1,3608439229831,4386814,footwear,PW-01,dec-fr-marseille
30396062C38559C000876B99,3608439229831,4386814,footwear,PW-01,dec-fr-marseille
30396062C3855A00003F3670,3608439229848,4386819,footwear,PW-01,dec-fr-marseille
30396062C3855A00001E13B3,3608439229848,4386819,footwear,PW-01,dec-fr-marseille
30396062C3855A00006ED939,3608439229848,4386819,footwear,BR-03,dec-fr-marseille
30396062C3855A400010ABD9,3608439229855,4386820,footwear,PW-01,dec-fr-marseille
30396062C3855A40000721B0,3608439229855,4386820,footwear,PW-01,dec-fr-marseille
30396062C3855A8000711071,3608439229862,4386821,footwear,PW-01,dec-fr-marseille
30396061C021CCC0006DA734,3608390346110,4993833,apparel,GF-R1-U2,dec-fr-marseille
30396061C021CD000079729A,3608390346127,4993834,apparel,GF-R1-U2,dec-fr-marseille
30396061C021CD0000279088,3608390346127,4993834,apparel,GF-R1-U2,dec-fr-marseille
30396061C021CD40003D43FB,3608390346134,4993835,apparel,GF-R1-U2,dec-fr-marseille
30396061C021CD400038A97D,3608390346134,4993835,apparel,GF-R1-U2,dec-fr-marseille
30396061C021CD8000987831,3608390346141,4993836,apparel,GF-R1-U2,dec-fr-marseille
30396061C021CD800094D73C,3608390346141,4993836,apparel,GF-R1-U2,dec-fr-marseille
30396061C021CDC00008EF9A,3608390346158,4993837,apparel,GF-R1-U2,dec-fr-marseille
3039606303BD648000318C84,3608449803700,4883244,apparel,GF-R1-U2,dec-fr-marseille
3039606303BD6480001AE428,3608449803700,4883244,apparel,GF-R1-U2,dec-fr-marseille
3039606303BD6480005EC371,3608449803700,4883244,apparel,BR-04,dec-fr-marseille
3039606303BD64C000295656,3608449803717,4883243,apparel,GF-R1-U2,dec-fr-marseille
3039606303BD64C0003CB7D2,3608449803717,4883243,apparel,GF-R1-U2,dec-fr-marseille
3039606303BD65400049E441,3608449803731,4883248,apparel,GF-R1-U2,dec-fr-marseille
3039606303BD658000952F20,3608449803748,4883247,apparel,GF-R1-U2,dec-fr-marseille
3039606303BD65C0002FDE74,3608449803755,4883246,apparel,GF-R1-U2,dec-fr-marseille
3039606303BD65C00086CE40,3608449803755,4883246,apparel,GF-R1-U2,dec-fr-marseille
3039606303BD6600003D27D4,3608449803762,4883245,apparel,GF-R1-U2,dec-fr-marseille
3039606303BD6600002704E3,3608449803762,4883245,apparel,GF-R1-U2,dec-fr-marseille
3039606303BD660000312133,3608449803762,4883245,apparel,BR-01,dec-fr-marseille
30395DFA81A078C000837BF0,3583784264679,4545499,apparel,GB-R3-U2,dec-fr-marseille
30395DFA81A078C0004E4A8E,3583784264679,4545499,apparel,GB-R3-U2,dec-fr-marseille
30395DFA81A078C0006453A2,3583784264679,4545499,apparel,GB-R3-U2,dec-fr-marseille
30395DFA81A078C0006BABC6,3583784264679,4545499,apparel,GB-R3-U2,dec-fr-marseille
30395DFA81A078C0000D6C83,3583784264679,4545499,apparel,BR-02,dec-fr-marseille
30395DFA81A0790000348D48,3583784264686,4545500,apparel,GB-R3-U2,dec-fr-marseille
30395DFA81A07900006C3D0F,3583784264686,4545500,apparel,GB-R3-U2,dec-fr-marseille
30395DFA81A0790000903AB8,3583784264686,4545500,apparel,GB-R3-U2,dec-fr-marseille
30395DFA81A07900001C1593,3583784264686,4545500,apparel,GB-R3-U2,dec-fr-marseille
30395DFA81A079000095DCF4,3583784264686,4545500,apparel,GB-R3-U2,dec-fr-marseille
30395DFA81A079000038503F,3583784264686,4545500,apparel,GB-R3-U2,dec-fr-marseille
30395DFA81A079000058781D,3583784264686,4545500,apparel,GB-R3-U2,dec-fr-marseille
30395DFA81A07900006B2511,3583784264686,4545500,apparel,BR-03,dec-fr-marseille
30395DFA81A07900001A946F,3583784264686,4545500,apparel,BR-04,dec-fr-marseille
30395DFA81A0794000788A59,3583784264693,4545501,apparel,GB-R3-U2,dec-fr-marseille
30395DFA81A079400050759D,3583784264693,4545501,apparel,GB-R3-U2,dec-fr-marseille
30395DFA81A07940005F0253,3583784264693,4545501,apparel,GB-R3-U2,dec-fr-marseille
30395DFA81A07940006F3009,3583784264693,4545501,apparel,GB-R3-U2,dec-fr-marseille
30395DFA81A0794000043234,3583784264693,4545501,apparel,GB-R3-U2,dec-fr-marseille
30395DFA81A07940002D3ECF,3583784264693,4545501,apparel,GB-R3-U2,dec-fr-marseille
30395DFA81A07940002378CD,3583784264693,4545501,apparel,GB-R3-U2,dec-fr-marseille
30395DFA81A079400093D517,3583784264693,4545501,apparel,BR-01,dec-fr-marseille
30395DFA81A079400061242F,3583784264693,4545501,apparel,BR-02,dec-fr-marseille
30395DFA81A0A4000051563B,3583784266406,4545502,apparel,GB-R3-U2,dec-fr-marseille
30395DFA81A0A400005556A0,3583784266406,4545502,apparel,GB-R3-U2,dec-fr-marseille
30395DFA81A0A400001CD883,3583784266406,4545502,apparel,GB-R3-U2,dec-fr-marseille
30395DFA81A0A40000048917,3583784266406,4545502,apparel,GB-R3-U2,dec-fr-marseille
30395DFA81A0A40000894AC1,3583784266406,4545502,apparel,GB-R3-U2,dec-fr-marseille
30395DFA81A0A400001563A1,3583784266406,4545502,apparel,BR-03,dec-fr-marseille
30395DFA81A0A44000916418,3583784266413,4545503,apparel,GB-R3-U2,dec-fr-marseille
30395DFA81A0A44000184FDE,3583784266413,4545503,apparel,GB-R3-U2,dec-fr-marseille
30395DFA81A0A440003B093D,3583784266413,4545503,apparel,BR-04,dec-fr-marseille
30395DFA82B8CEC0006DF36A,3583787135310,4905815,outdoor,GF-R1-U2,dec-fr-marseille
30395DFA82B8CF8000936930,3583787135341,4905819,outdoor,GF-R1-U2,dec-fr-marseille
30396061C15390000050953A,3608393477125,5668886,footwear,PE-02,dec-fr-marseille
30396061C153904000989228,3608393477132,5668887,footwear,PE-02,dec-fr-marseille
30396061C153908000721FBA,3608393477149,5668888,footwear,PE-02,dec-fr-marseille
30396061C15390C0005695A0,3608393477156,5668889,footwear,PE-02,dec-fr-marseille
30396061C153910000724BE4,3608393477163,5668890,footwear,PE-02,dec-fr-marseille
30396061C1539240005E393D,3608393477217,5668895,footwear,PE-02,dec-fr-marseille
30396061C15392C0009070EA,3608393477231,5668897,footwear,PE-02,dec-fr-marseille
30396061C1539340005BF1CB,3608393477255,5668899,footwear,PE-02,dec-fr-marseille
30396061C1539380007B60D4,3608393477262,5681441,footwear,PE-02,dec-fr-marseille
30396061C1B8670000254589,3608394509726,5857260,footwear,PE-02,dec-fr-marseille
30396061C1B87740007157B0,3608394510371,5857257,footwear,PE-02,dec-fr-marseille
30396061C1BE7B800054D544,3608394571983,5868533,footwear,PE-02,dec-fr-marseille
30396061C1BEA98000081B2F,3608394573826,5868541,footwear,PE-02,dec-fr-marseille
30396061C1BEAA400036E287,3608394573857,5868547,footwear,PE-02,dec-fr-marseille
30396061C1BEAA800015B9F5,3608394573864,5868548,footwear,PE-02,dec-fr-marseille
30396061C1BEAAC00000D3A0,3608394573871,5868549,footwear,PE-02,dec-fr-marseille
30396061C1BEAB000082349E,3608394573888,5868550,footwear,PE-02,dec-fr-marseille
30396061C1BEC8C000668772,3608394575073,5868891,footwear,PE-02,dec-fr-marseille
30396061C1BED080002DD8CE,3608394575387,5869234,footwear,PE-02,dec-fr-marseille
30395DFA819E3C800027F997,3583784241786,4681655,apparel,GF-R3-U1,dec-fr-marseille
30395DFA819E3C800064731D,3583784241786,4681655,apparel,GF-R3-U1,dec-fr-marseille
30395DFA819E3C800029A4ED,3583784241786,4681655,apparel,GF-R3-U1,dec-fr-marseille
30395DFA819E3C800057655A,3583784241786,4681655,apparel,BR-01,dec-fr-marseille
30395DFA819E3CC0008DE0C8,3583784241793,4681656,apparel,GF-R3-U1,dec-fr-marseille
30395DFA819E3CC0004C4704,3583784241793,4681656,apparel,GF-R3-U1,dec-fr-marseille
30395DFA819E3CC00079F3D3,3583784241793,4681656,apparel,GF-R3-U1,dec-fr-marseille
30395DFA819E3CC00008F5B9,3583784241793,4681656,apparel,BR-02,dec-fr-marseille
30395DFA819E4200006125DB,3583784242004,4681657,apparel,GF-R3-U1,dec-fr-marseille
30395DFA819E4200002F7708,3583784242004,4681657,apparel,GF-R3-U1,dec-fr-marseille
30395DFA819E42000004D1EC,3583784242004,4681657,apparel,BR-03,dec-fr-marseille
30395DFA819E42400065A9DB,3583784242011,4681658,apparel,GF-R3-U1,dec-fr-marseille
30395DFA819E4240007F785F,3583784242011,4681658,apparel,GF-R3-U1,dec-fr-marseille
30396062C39E1F000020B026,3608439483486,2354661,apparel,GF-R3-U1,dec-fr-marseille
30396062C39E1F00003897A6,3608439483486,2354661,apparel,GF-R3-U1,dec-fr-marseille
30396062C39E1F00002C6358,3608439483486,2354661,apparel,BR-04,dec-fr-marseille
30396062C39E1F400009A571,3608439483493,2354662,apparel,GF-R3-U1,dec-fr-marseille
30396062C39E1F800072EF47,3608439483509,2354659,apparel,GF-R3-U1,dec-fr-marseille
30396062C39E1F800021C308,3608439483509,2354659,apparel,GF-R3-U1,dec-fr-marseille
30396062C39E1F80005FAD82,3608439483509,2354659,apparel,GF-R3-U1,dec-fr-marseille
30396062C39E1F80002873E9,3608439483509,2354659,apparel,BR-01,dec-fr-marseille
30396062C39E1FC000486329,3608439483516,2354660,apparel,GF-R3-U1,dec-fr-marseille
30396062C39E1FC00067EF4D,3608439483516,2354660,apparel,GF-R3-U1,dec-fr-marseille
30396062C39E1FC0003C8BF5,3608439483516,2354660,apparel,GF-R3-U1,dec-fr-marseille
30396062C39E1FC000746258,3608439483516,2354660,apparel,BR-02,dec-fr-marseille
30396062C39E2000007E5D64,3608439483523,2354656,apparel,GF-R3-U1,dec-fr-marseille
30396062C39E20000059D632,3608439483523,2354656,apparel,GF-R3-U1,dec-fr-marseille
30396062C39E204000264CD0,3608439483530,2354657,apparel,GF-R3-U1,dec-fr-marseille
30396062C39E2040002A3E92,3608439483530,2354657,apparel,GF-R3-U1,dec-fr-marseille
30396062C39E2040007754CC,3608439483530,2354657,apparel,GF-R3-U1,dec-fr-marseille
30396062C39E2040002D7DD5,3608439483530,2354657,apparel,GF-R3-U1,dec-fr-marseille
30396062C39E204000785F3E,3608439483530,2354657,apparel,BR-03,dec-fr-marseille
30396062C39E6F00002C50F6,3608439486685,2353542,footwear,PE-01,dec-fr-marseille
30396062C39E6F0000241781,3608439486685,2353542,footwear,PE-01,dec-fr-marseille
30396062C39E6F4000457719,3608439486692,2353543,footwear,PE-01,dec-fr-marseille
30396062C39E6F400002FB52,3608439486692,2353543,footwear,PE-01,dec-fr-marseille
30396062C39E6F4000700848,3608439486692,2353543,footwear,BR-04,dec-fr-marseille
30396062C39E6F8000383C19,3608439486708,2353544,footwear,PE-01,dec-fr-marseille
30396062C39E6F8000762972,3608439486708,2353544,footwear,PE-01,dec-fr-marseille
30396062C39E6FC000216E46,3608439486715,2353545,footwear,PE-01,dec-fr-marseille
30396062C39E6FC000785C6B,3608439486715,2353545,footwear,PE-01,dec-fr-marseille
30396062C39E7000008F29EF,3608439486722,2353540,footwear,PE-01,dec-fr-marseille
30396062C39E7040007BC4A4,3608439486739,2353541,footwear,PE-01,dec-fr-marseille
30396062C39E7040000500B5,3608439486739,2353541,footwear,PE-01,dec-fr-marseille
30396061C132AFC0003D598C,3608393140470,4002642,apparel,GF-R3-U2,dec-fr-marseille
30396061C132AFC0008E4376,3608393140470,4002642,apparel,GF-R3-U2,dec-fr-marseille
30396061C132B0000064C312,3608393140487,4002643,apparel,GF-R3-U2,dec-fr-marseille
30396061C132B040003B8140,3608393140494,4002645,apparel,GF-R3-U2,dec-fr-marseille
30396061C132B040005CCD03,3608393140494,4002645,apparel,GF-R3-U2,dec-fr-marseille
30396061C132B040007D90A5,3608393140494,4002645,apparel,GF-R3-U2,dec-fr-marseille
30396061C132B040001BDE1E,3608393140494,4002645,apparel,GF-R3-U2,dec-fr-marseille
30396061C132B0400026CAA2,3608393140494,4002645,apparel,BR-01,dec-fr-marseille
30396061C132B30000333825,3608393140609,4002646,apparel,GF-R3-U2,dec-fr-marseille
30396061C132B3000064E60D,3608393140609,4002646,apparel,GF-R3-U2,dec-fr-marseille
30396061C132B30000407F54,3608393140609,4002646,apparel,GF-R3-U2,dec-fr-marseille
30396061C132B300007EFF2D,3608393140609,4002646,apparel,GF-R3-U2,dec-fr-marseille
30396061C132B300005194C2,3608393140609,4002646,apparel,GF-R3-U2,dec-fr-marseille
30396061C132B3000064D006,3608393140609,4002646,apparel,BR-02,dec-fr-marseille
30396061C132B34000059DEA,3608393140616,4002647,apparel,GF-R3-U2,dec-fr-marseille
30396061C132B3400019120C,3608393140616,4002647,apparel,GF-R3-U2,dec-fr-marseille
30396061C132B340003E535B,3608393140616,4002647,apparel,GF-R3-U2,dec-fr-marseille
30396061C132B34000472BA3,3608393140616,4002647,apparel,BR-03,dec-fr-marseille
30396061C132B380008A5AC9,3608393140623,4002648,apparel,GF-R3-U2,dec-fr-marseille
30396061C132B380003BA53A,3608393140623,4002648,apparel,GF-R3-U2,dec-fr-marseille
30396061C132B380008BC2DE,3608393140623,4002648,apparel,GF-R3-U2,dec-fr-marseille
30396061C132B38000578EE7,3608393140623,4002648,apparel,BR-04,dec-fr-marseille
30396061C0624B000058E96B,3608391006525,5148115,accessories,GB-R1-U2,dec-fr-marseille
30396061C0624B4000584D6A,3608391006532,5148116,accessories,GB-R1-U2,dec-fr-marseille
30396061C06272C000086BC8,3608391008116,5148118,accessories,GB-R1-U2,dec-fr-marseille
30396061C063C24000486890,3608391021535,5156178,accessories,GB-R1-U2,dec-fr-marseille
30396061C063C280007A733D,3608391021542,5156179,accessories,GB-R1-U2,dec-fr-marseille
30396061C06090C0007F7D86,3608390988839,5145645,bag_pack,PE-01,dec-fr-marseille
30396061C06090C000160082,3608390988839,5145645,bag_pack,PE-01,dec-fr-marseille
30396061C06090C0006E73C4,3608390988839,5145645,bag_pack,BR-01,dec-fr-marseille
30396061C0609100001C6F59,3608390988846,5145647,bag_pack,PE-01,dec-fr-marseille
30396061C060910000368C7B,3608390988846,5145647,bag_pack,PE-01,dec-fr-marseille
30395DFA83000100004CCBDA,3583787864364,2712105,apparel,GB-R1-U1,dec-fr-marseille
30395DFA8300010000811D98,3583787864364,2712105,apparel,GB-R1-U1,dec-fr-marseille
30395DFA83000100004A4DCA,3583787864364,2712105,apparel,GB-R1-U1,dec-fr-marseille
30395DFA8300010000252BCF,3583787864364,2712105,apparel,GB-R1-U1,dec-fr-marseille
30395DFA830001000002B9D7,3583787864364,2712105,apparel,GB-R1-U1,dec-fr-marseille
30395DFA83000100007B8928,3583787864364,2712105,apparel,GB-R1-U1,dec-fr-marseille
30395DFA8300010000739D21,3583787864364,2712105,apparel,GB-R1-U1,dec-fr-marseille
30395DFA830001000062AE98,3583787864364,2712105,apparel,BR-02,dec-fr-marseille
30395DFA830001800020F761,3583787864388,2712109,apparel,GB-R1-U1,dec-fr-marseille
30395DFA83000180006F7099,3583787864388,2712109,apparel,GB-R1-U1,dec-fr-marseille
30395DFA830001C000687A5E,3583787864395,2712108,apparel,GB-R1-U1,dec-fr-marseille
30395DFA830001C000664C9E,3583787864395,2712108,apparel,GB-R1-U1,dec-fr-marseille
30395DFA830001C0006C013A,3583787864395,2712108,apparel,GB-R1-U1,dec-fr-marseille
30395DFA830001C000297737,3583787864395,2712108,apparel,GB-R1-U1,dec-fr-marseille
30395DFA830001C0008D11CA,3583787864395,2712108,apparel,GB-R1-U1,dec-fr-marseille
30395DFA830001C00050D040,3583787864395,2712108,apparel,BR-03,dec-fr-marseille
30395DFA830002000055659B,3583787864401,2712107,apparel,GB-R1-U1,dec-fr-marseille
30395DFA830002000058B126,3583787864401,2712107,apparel,GB-R1-U1,dec-fr-marseille
30395DFA83000200009483A7,3583787864401,2712107,apparel,GB-R1-U1,dec-fr-marseille
30395DFA83000200008D3A15,3583787864401,2712107,apparel,GB-R1-U1,dec-fr-marseille
30395DFA8300020000056BF1,3583787864401,2712107,apparel,BR-04,dec-fr-marseille
30395DFA830002400085C206,3583787864418,2712106,apparel,GB-R1-U1,dec-fr-marseille
30395DFA8300024000474353,3583787864418,2712106,apparel,GB-R1-U1,dec-fr-marseille
30395DFA83000240004695B7,3583787864418,2712106,apparel,GB-R1-U1,dec-fr-marseille
30395DFA830002400072E06A,3583787864418,2712106,apparel,GB-R1-U1,dec-fr-marseille
30395DFA83000240002BEF58,3583787864418,2712106,apparel,GB-R1-U1,dec-fr-marseille
30395DFA83000240000D2D50,3583787864418,2712106,apparel,GB-R1-U1,dec-fr-marseille
30395DFA830002400056CB28,3583787864418,2712106,apparel,GB-R1-U1,dec-fr-marseille
30395DFA83000240000A09A4,3583787864418,2712106,apparel,BR-01,dec-fr-marseille
30395DFA830002400020D51A,3583787864418,2712106,apparel,BR-02,dec-fr-marseille
30395DFA82C946800027D1A3,3583787303948,4361592,accessories,GB-R3-U2,dec-fr-marseille
30395DFA82C946C00018B3DF,3583787303955,4361593,accessories,GB-R3-U2,dec-fr-marseille
30395DFA82C946C00082A737,3583787303955,4361593,accessories,GB-R3-U2,dec-fr-marseille
30395DFA82C9470000183A17,3583787303962,4361594,accessories,GB-R3-U2,dec-fr-marseille
30395DFA82C947000095D4C9,3583787303962,4361594,accessories,GB-R3-U2,dec-fr-marseille
30395DFA82C9474000040FB8,3583787303979,4361595,accessories,GB-R3-U2,dec-fr-marseille
30395DFA82C94740006D4195,3583787303979,4361595,accessories,GB-R3-U2,dec-fr-marseille
30395DFA82C947C00025B468,3583787303993,4361589,accessories,GB-R3-U2,dec-fr-marseille
30395DFA82C94800000D8B9B,3583787304006,4361590,accessories,GB-R3-U2,dec-fr-marseille
30395DFA82C948000051A547,3583787304006,4361590,accessories,GB-R3-U2,dec-fr-marseille
30395DFA82C948400022D992,3583787304013,4361591,accessories,GB-R3-U2,dec-fr-marseille
30396061C1ADBF40004ED4A2,3608394400610,5830896,outdoor,GB-R3-U2,dec-fr-marseille
30396061C1ADBF4000522F2B,3608394400610,5830896,outdoor,GB-R3-U2,dec-fr-marseille
30395DFA81A2DD00007CD7DB,3583784289160,4602906,apparel,GB-R1-U2,dec-fr-marseille
30395DFA81A2DD40000C7709,3583784289177,4602907,apparel,GB-R1-U2,dec-fr-marseille
30395DFA81A2DD4000085431,3583784289177,4602907,apparel,GB-R1-U2,dec-fr-marseille
30395DFA81A2DD80004A3066,3583784289184,4602908,apparel,GB-R1-U2,dec-fr-marseille
30395DFA81A2DD80000E7AF3,3583784289184,4602908,apparel,GB-R1-U2,dec-fr-marseille
30395DFA81A2DD8000359986,3583784289184,4602908,apparel,BR-03,dec-fr-marseille
30395DFA81A2DDC00072E2FF,3583784289191,4602909,apparel,GB-R1-U2,dec-fr-marseille
30395DFA81A2DDC00093610D,3583784289191,4602909,apparel,GB-R1-U2,dec-fr-marseille
30395DFA81A2DDC00040023C,3583784289191,4602909,apparel,BR-04,dec-fr-marseille
30395DFA81A2ED00001EE4F5,3583784289801,4602911,apparel,GB-R1-U2,dec-fr-marseille
30395DFA81A2ED000000D1AC,3583784289801,4602911,apparel,GB-R1-U2,dec-fr-marseille
30395DFA81A2ED40001F90A4,3583784289818,4602912,apparel,GB-R1-U2,dec-fr-marseille
30395DFA81A2ED4000042F5B,3583784289818,4602912,apparel,GB-R1-U2,dec-fr-marseille
30395DFA81A2ED8000639F52,3583784289825,4602913,apparel,GB-R1-U2,dec-fr-marseille
30396061C04C2A40004E22D2,3608390779932,5083887,footwear,PW-01,dec-fr-marseille
30396061C04C2A80005C5FA4,3608390779949,5083888,footwear,PW-01,dec-fr-marseille
30396061C04C2A8000034A37,3608390779949,5083888,footwear,PW-01,dec-fr-marseille
30396061C04C2A800037E2D0,3608390779949,5083888,footwear,BR-01,dec-fr-marseille
30396061C04C2AC0008165AB,3608390779956,5083889,footwear,PW-01,dec-fr-marseille
30396061C04C2AC0006FE11D,3608390779956,5083889,footwear,PW-01,dec-fr-marseille
30396061C04C2AC0003E4F02,3608390779956,5083889,footwear,PW-01,dec-fr-marseille
30396061C04C2AC0006B131B,3608390779956,5083889,footwear,PW-01,dec-fr-marseille
30396061C04C2AC000269BA1,3608390779956,5083889,footwear,PW-01,dec-fr-marseille
30396061C04C2AC000812A0C,3608390779956,5083889,footwear,PW-01,dec-fr-marseille
30396061C04C2AC0008B4224,3608390779956,5083889,footwear,PW-01,dec-fr-marseille
30396061C04C2AC0000A87DA,3608390779956,5083889,footwear,BR-02,dec-fr-marseille
30396061C04C2AC0003BCE40,3608390779956,5083889,footwear,BR-03,dec-fr-marseille
30396061C183014000071FD0,3608393962935,5649354,footwear,PW-02,dec-fr-marseille
30396061C18301800074CAD7,3608393962942,5649355,footwear,PW-02,dec-fr-marseille
30396061C18301C0000BEF2A,3608393962959,5649356,footwear,PW-02,dec-fr-marseille
30396061C18301C00090C1B2,3608393962959,5649356,footwear,PW-02,dec-fr-marseille
30396061C183020000687255,3608393962966,5649357,footwear,PW-02,dec-fr-marseille
30396061C183020000608634,3608393962966,5649357,footwear,PW-02,dec-fr-marseille
30396061C183024000882108,3608393962973,5649358,footwear,PW-02,dec-fr-marseille
30396061C1830240006ADA82,3608393962973,5649358,footwear,PW-02,dec-fr-marseille
30396061C1830280003E9AF9,3608393962980,5649359,footwear,PW-02,dec-fr-marseille
30396061C18302C00097CE59,3608393962997,5649360,footwear,PW-02,dec-fr-marseille
30396061C1940BC0007724B1,3608394137431,5792311,footwear,PW-02,dec-fr-marseille
30396061C1940BC0001D3DD2,3608394137431,5792311,footwear,PW-02,dec-fr-marseille
30396061C1940C00002F85C9,3608394137448,5779758,footwear,PW-02,dec-fr-marseille
30396061C1940C00005FB71F,3608394137448,5779758,footwear,PW-02,dec-fr-marseille
30396061C1940C4000678FD0,3608394137455,5779759,footwear,PW-02,dec-fr-marseille
30396061C1940C40002C2592,3608394137455,5779759,footwear,PW-02,dec-fr-marseille
30396061C174FA400088D7F3,3608393819291,5722028,apparel,GF-R1-U1,dec-fr-marseille
30396061C174FA400009D568,3608393819291,5722028,apparel,GF-R1-U1,dec-fr-marseille
30396061C174FA400005D2FC,3608393819291,5722028,apparel,GF-R1-U1,dec-fr-marseille
30396061C174FA400000B7FA,3608393819291,5722028,apparel,BR-04,dec-fr-marseille
30396061C1751880000F468C,3608393820501,5722029,apparel,GF-R1-U1,dec-fr-marseille
30396061C17518800059322B,3608393820501,5722029,apparel,GF-R1-U1,dec-fr-marseille
30396061C1751880003760A9,3608393820501,5722029,apparel,GF-R1-U1,dec-fr-marseille
30396061C1751880007BA51B,3608393820501,5722029,apparel,GF-R1-U1,dec-fr-marseille
30396061C1751880007C575F,3608393820501,5722029,apparel,GF-R1-U1,dec-fr-marseille
30396061C17518800016963A,3608393820501,5722029,apparel,GF-R1-U1,dec-fr-marseille
30396061C1751880002F431D,3608393820501,5722029,apparel,BR-01,dec-fr-marseille
30396061C17518C000703C77,3608393820518,5722030,apparel,GF-R1-U1,dec-fr-marseille
30396061C17518C000418E0B,3608393820518,5722030,apparel,GF-R1-U1,dec-fr-marseille
30396061C17518C00001FA0A,3608393820518,5722030,apparel,GF-R1-U1,dec-fr-marseille
30396061C17518C00067249B,3608393820518,5722030,apparel,GF-R1-U1,dec-fr-marseille
30396061C17518C000868C44,3608393820518,5722030,apparel,GF-R1-U1,dec-fr-marseille
30396061C17518C0002AAB4F,3608393820518,5722030,apparel,GF-R1-U1,dec-fr-marseille
30396061C17518C0004BBCFB,3608393820518,5722030,apparel,BR-02,dec-fr-marseille
30396061C1751900007FB522,3608393820525,5722031,apparel,GF-R1-U1,dec-fr-marseille
30396061C1751900003D02AC,3608393820525,5722031,apparel,GF-R1-U1,dec-fr-marseille
30396061C175190000877007,3608393820525,5722031,apparel,GF-R1-U1,dec-fr-marseille
30396061C1751900009257DF,3608393820525,5722031,apparel,GF-R1-U1,dec-fr-marseille
30396061C1751900002345E1,3608393820525,5722031,apparel,BR-03,dec-fr-marseille
30396061C175194000077AB7,3608393820532,5722032,apparel,GF-R1-U1,dec-fr-marseille
30396061C1751940008A571D,3608393820532,5722032,apparel,GF-R1-U1,dec-fr-marseille
30395DFA82D33AC000321955,3583787405871,4156014,apparel,GF-R1-U2,dec-fr-marseille
30395DFA82D33AC000949907,3583787405871,4156014,apparel,GF-R1-U2,dec-fr-marseille
30395DFA82D33B00006EA1F7,3583787405888,4156015,apparel,GF-R1-U2,dec-fr-marseille
30395DFA82D33B00000BF346,3583787405888,4156015,apparel,GF-R1-U2,dec-fr-marseille
30395DFA82D33B000059E16E,3583787405888,4156015,apparel,BR-04,dec-fr-marseille
30395DFA82D33B40009187AF,3583787405895,4156016,apparel,GF-R1-U2,dec-fr-marseille
30395DFA82D33B4000659BB3,3583787405895,4156016,apparel,GF-R1-U2,dec-fr-marseille
30395DFA82D33B400059F469,3583787405895,4156016,apparel,GF-R1-U2,dec-fr-marseille
30395DFA82D33B40005DCD4F,3583787405895,4156016,apparel,GF-R1-U2,dec-fr-marseille
30395DFA82D33B40001D2CD3,3583787405895,4156016,apparel,GF-R1-U2,dec-fr-marseille
30395DFA82D33B4000709B25,3583787405895,4156016,apparel,BR-01,dec-fr-marseille
30395DFA82D33B80004CD731,3583787405901,4156017,apparel,GF-R1-U2,dec-fr-marseille
30395DFA82D33B80003D4A5E,3583787405901,4156017,apparel,GF-R1-U2,dec-fr-marseille
30395DFA82D33B80007DCDE4,3583787405901,4156017,apparel,GF-R1-U2,dec-fr-marseille
30395DFA82D33B800083B039,3583787405901,4156017,apparel,GF-R1-U2,dec-fr-marseille
30395DFA82D33B8000912895,3583787405901,4156017,apparel,BR-02,dec-fr-marseille
30395DFA82D33BC0005956CB,3583787405918,4156018,apparel,GF-R1-U2,dec-fr-marseille
30395DFA82D33BC0001F460E,3583787405918,4156018,apparel,GF-R1-U2,dec-fr-marseille
30395DFA82D33BC000653C68,3583787405918,4156018,apparel,GF-R1-U2,dec-fr-marseille
30395DFA82D33BC0000E6764,3583787405918,4156018,apparel,GF-R1-U2,dec-fr-marseille
30395DFA82D33BC000802434,3583787405918,4156018,apparel,BR-03,dec-fr-marseille
30395DFA82D33C0000943906,3583787405925,4156019,apparel,GF-R1-U2,dec-fr-marseille
30395DFA82D33C0000077594,3583787405925,4156019,apparel,GF-R1-U2,dec-fr-marseille
30395DFA82D33C0000821DF6,3583787405925,4156019,apparel,GF-R1-U2,dec-fr-marseille
30395DFA82D33C000001B11C,3583787405925,4156019,apparel,BR-04,dec-fr-marseille
30395DFA82D33C40001462F3,3583787405932,4156020,apparel,GF-R1-U2,dec-fr-marseille
30395DFA82D33C400061FDA1,3583787405932,4156020,apparel,GF-R1-U2,dec-fr-marseille
30396061C15396C0002E669F,3608393477392,5668967,footwear,PE-02,dec-fr-marseille
30396061C153B000002BEA02,3608393478405,5668968,footwear,PE-02,dec-fr-marseille
30396061C153B040007B9A20,3608393478412,5668969,footwear,PE-02,dec-fr-marseille
30396061C153B04000964BE4,3608393478412,5668969,footwear,PE-02,dec-fr-marseille
30396061C153B080008A0A9E,3608393478429,5668970,footwear,PE-02,dec-fr-marseille
30396061C153B0C0007FA6D6,3608393478436,5668971,footwear,PE-02,dec-fr-marseille
30396061C153B140008C6A84,3608393478450,5680737,footwear,PE-02,dec-fr-marseille
30396061C185A7400021CFF3,3608393990051,5752297,footwear,PE-02,dec-fr-marseille
30396061C1AECF000011A35F,3608394411487,5835621,footwear,PE-02,dec-fr-marseille
30396061C1AECF400071113F,3608394411494,5835622,footwear,PE-02,dec-fr-marseille
30396061C1AECF400076F9CA,3608394411494,5835622,footwear,PE-02,dec-fr-marseille
30396061C1AF0180005E6A91,3608394413504,5835623,footwear,PE-02,dec-fr-marseille
30396061C1AF0240001A1703,3608394413535,5844829,footwear,PE-02,dec-fr-marseille
30396061C1AF0280005E896C,3608394413542,5844830,footwear,PE-02,dec-fr-marseille
30396061C1AF0280007BA715,3608394413542,5844830,footwear,PE-02,dec-fr-marseille
30396061C1AF02C0006BACCC,3608394413559,5844831,footwear,PE-02,dec-fr-marseille
30396061C1B87B8000493AF1,3608394510548,5857293,footwear,PE-02,dec-fr-marseille
30396061C1B87B80001E7C55,3608394510548,5857293,footwear,PE-02,dec-fr-marseille
30396061C1B87BC0005457E0,3608394510555,5857294,footwear,PE-02,dec-fr-marseille
30396061C1BEAB4000335D19,3608394573895,5868889,footwear,PE-02,dec-fr-marseille
30396061C1BEAB40004782B7,3608394573895,5868889,footwear,PE-02,dec-fr-marseille
30396061C1BEC0C0004FCCFB,3608394574755,5868887,footwear,PE-02,dec-fr-marseille
30396061C1BECCC00028F1DB,3608394575233,5868888,footwear,PE-02,dec-fr-marseille
30396062C39C1980005A3011,3608439462788,2558434,outdoor,GF-R3-U1,dec-fr-marseille
30396062C39C1980004833D9,3608439462788,2558434,outdoor,GF-R3-U1,dec-fr-marseille
30396061C134C0800003B28B,3608393161628,5624304,outdoor,GB-R1-U1,dec-fr-marseille
30395DFA81A13A400045BD62,3583784272414,4299408,apparel,GB-R1-U1,dec-fr-marseille
30395DFA81A13A4000585B53,3583784272414,4299408,apparel,GB-R1-U1,dec-fr-marseille
30395DFA81A13A4000170F68,3583784272414,4299408,apparel,GB-R1-U1,dec-fr-marseille
30395DFA81A13A40001C5245,3583784272414,4299408,apparel,GB-R1-U1,dec-fr-marseille
30395DFA81A13A40001444E5,3583784272414,4299408,apparel,GB-R1-U1,dec-fr-marseille
30395DFA81A13A400004F6BE,3583784272414,4299408,apparel,GB-R1-U1,dec-fr-marseille
30395DFA81A13A400090DD3E,3583784272414,4299408,apparel,BR-01,dec-fr-marseille
30395DFA81A13A8000985FAF,3583784272421,4299409,apparel,GB-R1-U1,dec-fr-marseille
30395DFA81A13A8000682401,3583784272421,4299409,apparel,GB-R1-U1,dec-fr-marseille
30395DFA81A13A8000643E28,3583784272421,4299409,apparel,GB-R1-U1,dec-fr-marseille
30395DFA81A13A80001DAB5D,3583784272421,4299409,apparel,GB-R1-U1,dec-fr-marseille
30395DFA81A13A8000825A57,3583784272421,4299409,apparel,BR-02,dec-fr-marseille
30395DFA81A13AC000964843,3583784272438,4299410,apparel,GB-R1-U1,dec-fr-marseille
30395DFA81A13AC00054E040,3583784272438,4299410,apparel,GB-R1-U1,dec-fr-marseille
30395DFA81A13AC000527CCA,3583784272438,4299410,apparel,BR-03,dec-fr-marseille
30395DFA81A13B00007F80C4,3583784272445,4299411,apparel,GB-R1-U1,dec-fr-marseille
30395DFA81A13B000083075F,3583784272445,4299411,apparel,GB-R1-U1,dec-fr-marseille
30395DFA81A13B00002F95FF,3583784272445,4299411,apparel,GB-R1-U1,dec-fr-marseille
30395DFA81A13B000057E930,3583784272445,4299411,apparel,GB-R1-U1,dec-fr-marseille
30395DFA81A13B000073BB27,3583784272445,4299411,apparel,BR-04,dec-fr-marseille
30395DFA81A13B4000462F07,3583784272452,4666757,apparel,GB-R1-U1,dec-fr-marseille
30395DFA81A13B4000338263,3583784272452,4666757,apparel,GB-R1-U1,dec-fr-marseille
30395DFA82E0374000000FE4,3583787538852,4176794,apparel,GB-R3-U1,dec-fr-marseille
30395DFA82E037400085DA9F,3583787538852,4176794,apparel,GB-R3-U1,dec-fr-marseille
30395DFA82E037400065D04C,3583787538852,4176794,apparel,BR-01,dec-fr-marseille
30395DFA82E037800082BE65,3583787538869,4176795,apparel,GB-R3-U1,dec-fr-marseille
30395DFA82E03780003202C8,3583787538869,4176795,apparel,GB-R3-U1,dec-fr-marseille
30395DFA82E03780008EC704,3583787538869,4176795,apparel,GB-R3-U1,dec-fr-marseille
30395DFA82E03780005BF406,3583787538869,4176795,apparel,BR-02,dec-fr-marseille
30395DFA82E037C0008270A9,3583787538876,4176792,apparel,GB-R3-U1,dec-fr-marseille
30395DFA82E037C0004EDD00,3583787538876,4176792,apparel,GB-R3-U1,dec-fr-marseille
30395DFA82E037C00002C132,3583787538876,4176792,apparel,GB-R3-U1,dec-fr-marseille
30395DFA82E037C0003E47B1,3583787538876,4176792,apparel,GB-R3-U1,dec-fr-marseille
30395DFA82E037C0000B699F,3583787538876,4176792,apparel,BR-03,dec-fr-marseille
30395DFA82E038000035E1A3,3583787538883,4176793,apparel,GB-R3-U1,dec-fr-marseille
30395DFA82E0380000922D62,3583787538883,4176793,apparel,GB-R3-U1,dec-fr-marseille
30395DFA82E03800006AC0C0,3583787538883,4176793,apparel,GB-R3-U1,dec-fr-marseille
30395DFA82E038000083A511,3583787538883,4176793,apparel,GB-R3-U1,dec-fr-marseille
30395DFA82E03800002C3FE1,3583787538883,4176793,apparel,BR-04,dec-fr-marseille
30395DFA82E03840004B995A,3583787538890,4176790,apparel,GB-R3-U1,dec-fr-marseille
30395DFA82E038400080347C,3583787538890,4176790,apparel,GB-R3-U1,dec-fr-marseille
3039606303BD89400036A43E,3608449805179,4560181,apparel,GB-R1-U2,dec-fr-marseille
3039606303BD89800051450A,3608449805186,4560179,apparel,GB-R1-U2,dec-fr-marseille
3039606303BD898000753A9E,3608449805186,4560179,apparel,GB-R1-U2,dec-fr-marseille
3039606303BD8980001CF3BD,3608449805186,4560179,apparel,BR-01,dec-fr-marseille
3039606303BD89C00073B2B4,3608449805193,4560180,apparel,GB-R1-U2,dec-fr-marseille
3039606303BD89C00060932B,3608449805193,4560180,apparel,GB-R1-U2,dec-fr-marseille
3039606303BD89C0007FE22B,3608449805193,4560180,apparel,BR-02,dec-fr-marseille
3039606303BD8A00005F2743,3608449805209,4560177,apparel,GB-R1-U2,dec-fr-marseille
3039606303BD8A00001DC044,3608449805209,4560177,apparel,GB-R1-U2,dec-fr-marseille
3039606303BD8A40001C53DE,3608449805216,4560178,apparel,GB-R1-U2,dec-fr-marseille
3039606303BD8A40008D6D02,3608449805216,4560178,apparel,GB-R1-U2,dec-fr-marseille
3039606303BD8A40004E7A04,3608449805216,4560178,apparel,GB-R1-U2,dec-fr-marseille
3039606303BD8A40001AC07B,3608449805216,4560178,apparel,BR-03,dec-fr-marseille
3039606303BD8A80005EF7F2,3608449805223,4560176,apparel,GB-R1-U2,dec-fr-marseille
30395DFA81DFE5C0005D0DB5,3583784914154,5285945,outdoor,GB-R1-U2,dec-fr-marseille
30396061C09407C00090BFCD,3608391515836,4944657,apparel,GF-R1-U1,dec-fr-marseille
30396061C09407C0007D676D,3608391515836,4944657,apparel,GF-R1-U1,dec-fr-marseille
30396061C09407C000436104,3608391515836,4944657,apparel,GF-R1-U1,dec-fr-marseille
30396061C09407C0007C6540,3608391515836,4944657,apparel,GF-R1-U1,dec-fr-marseille
30396061C09407C00053F8C7,3608391515836,4944657,apparel,GF-R1-U1,dec-fr-marseille
30396061C09407C000284A29,3608391515836,4944657,apparel,GF-R1-U1,dec-fr-marseille
30396061C09407C000967448,3608391515836,4944657,apparel,BR-04,dec-fr-marseille
30396061C0951E000000436D,3608391526962,4944656,apparel,GF-R1-U1,dec-fr-marseille
30396061C0951E000075E603,3608391526962,4944656,apparel,GF-R1-U1,dec-fr-marseille
30396061C0951E0000530E4C,3608391526962,4944656,apparel,GF-R1-U1,dec-fr-marseille
30396061C0951E00000EC3EC,3608391526962,4944656,apparel,BR-01,dec-fr-marseille
30396061C095BB40008063C9,3608391533250,4944658,apparel,GF-R1-U1,dec-fr-marseille
30396061C095BB400094653E,3608391533250,4944658,apparel,GF-R1-U1,dec-fr-marseille
30396061C095BB400092250C,3608391533250,4944658,apparel,GF-R1-U1,dec-fr-marseille
30396061C095BB4000407A27,3608391533250,4944658,apparel,GF-R1-U1,dec-fr-marseille
30396061C095BB40002C1352,3608391533250,4944658,apparel,GF-R1-U1,dec-fr-marseille
30396061C095BB4000174AD2,3608391533250,4944658,apparel,GF-R1-U1,dec-fr-marseille
30396061C095BB40003F1019,3608391533250,4944658,apparel,BR-02,dec-fr-marseille
30396061C095DE8000531767,3608391534660,4944659,apparel,GF-R1-U1,dec-fr-marseille
30396061C095DE80007620C6,3608391534660,4944659,apparel,GF-R1-U1,dec-fr-marseille
30396061C095DE80002DC902,3608391534660,4944659,apparel,GF-R1-U1,dec-fr-marseille
30396061C095DE80000200AB,3608391534660,4944659,apparel,GF-R1-U1,dec-fr-marseille
30396061C095DE800090CE3F,3608391534660,4944659,apparel,BR-03,dec-fr-marseille
30396061C0549D000000BAF4,3608390866441,5101373,apparel,GF-R2-U2,dec-fr-marseille
30396061C0549D000021B29A,3608390866441,5101373,apparel,GF-R2-U2,dec-fr-marseille
30396061C0549D40003AAB1A,3608390866458,5101374,apparel,GF-R2-U2,dec-fr-marseille
30396061C0549D40001683CD,3608390866458,5101374,apparel,GF-R2-U2,dec-fr-marseille
30396061C0549D40005872BD,3608390866458,5101374,apparel,BR-04,dec-fr-marseille
30396061C0549D80000C71D1,3608390866465,5101375,apparel,GF-R2-U2,dec-fr-marseille
30396061C0549D800036F64B,3608390866465,5101375,apparel,GF-R2-U2,dec-fr-marseille
30396061C0549D80001681AE,3608390866465,5101375,apparel,BR-01,dec-fr-marseille
30396061C0549DC00086BED5,3608390866472,5101376,apparel,GF-R2-U2,dec-fr-marseille
30396061C0549DC00008430B,3608390866472,5101376,apparel,GF-R2-U2,dec-fr-marseille
30396061C0549E0000768DED,3608390866489,5101377,apparel,GF-R2-U2,dec-fr-marseille
30396061C054A940005B15E4,3608390866939,5103763,apparel,GF-R2-U2,dec-fr-marseille
30396061C054A94000775C5A,3608390866939,5103763,apparel,GF-R2-U2,dec-fr-marseille
30396061C054A980006CED55,3608390866946,5103764,apparel,GF-R2-U2,dec-fr-marseille
30396061C054A980008F317D,3608390866946,5103764,apparel,GF-R2-U2,dec-fr-marseille
30396061C054A9800050805E,3608390866946,5103764,apparel,BR-02,dec-fr-marseille
30396061C054A9C00062C0A8,3608390866953,5103765,apparel,GF-R2-U2,dec-fr-marseille
30396061C054A9C000450349,3608390866953,5103765,apparel,GF-R2-U2,dec-fr-marseille
30396061C054AA0000001170,3608390866960,5103766,apparel,GF-R2-U2,dec-fr-marseille
30396061C054AA00006AD2D0,3608390866960,5103766,apparel,GF-R2-U2,dec-fr-marseille
30396061C054AA40000BAE52,3608390866977,5103767,apparel,GF-R2-U2,dec-fr-marseille
30396061C062ABC0006F1738,3608391010393,5102873,apparel,GF-R1-U2,dec-fr-marseille
30396061C062BD80000946A6,3608391011109,5102874,apparel,GF-R1-U2,dec-fr-marseille
30396061C062BD8000143727,3608391011109,5102874,apparel,GF-R1-U2,dec-fr-marseille
30396061C062BDC00084B436,3608391011116,5102875,apparel,GF-R1-U2,dec-fr-marseille
30396061C062BDC0006382BA,3608391011116,5102875,apparel,GF-R1-U2,dec-fr-marseille
30396061C062BDC0005BCD42,3608391011116,5102875,apparel,GF-R1-U2,dec-fr-marseille
30396061C062BDC000373CBD,3608391011116,5102875,apparel,BR-03,dec-fr-marseille
30396061C062BE00007BCF91,3608391011123,5102876,apparel,GF-R1-U2,dec-fr-marseille
30396061C062BE0000528F7B,3608391011123,5102876,apparel,GF-R1-U2,dec-fr-marseille
30396061C062BE00006C3C09,3608391011123,5102876,apparel,BR-04,dec-fr-marseille
30396061C062BE400074659F,3608391011130,5102877,apparel,GF-R1-U2,dec-fr-marseille
30396061C062BE4000973859,3608391011130,5102877,apparel,GF-R1-U2,dec-fr-marseille
30396061C062BE40008C7137,3608391011130,5102877,apparel,BR-01,dec-fr-marseille
30396061C062BE800052D96A,3608391011147,5102878,apparel,GF-R1-U2,dec-fr-marseille
30396061C062BE80006036A8,3608391011147,5102878,apparel,GF-R1-U2,dec-fr-marseille
30396061C062BE800020108A,3608391011147,5102878,apparel,BR-02,dec-fr-marseille
30396061C062BEC000425A8F,3608391011154,5102879,apparel,GF-R1-U2,dec-fr-marseille
30396061C05E64C000643693,3608390966592,5143875,apparel,GB-R1-U1,dec-fr-marseille
30396061C05E9C00003F0D54,3608390968800,5143876,apparel,GB-R1-U1,dec-fr-marseille
30396061C05E9C00003C921A,3608390968800,5143876,apparel,GB-R1-U1,dec-fr-marseille
30396061C05E9C4000757330,3608390968817,5143877,apparel,GB-R1-U1,dec-fr-marseille
30396061C05E9C400048DDC0,3608390968817,5143877,apparel,GB-R1-U1,dec-fr-marseille
30396061C05E9C4000873988,3608390968817,5143877,apparel,GB-R1-U1,dec-fr-marseille
30396061C05E9C400011CEB3,3608390968817,5143877,apparel,BR-03,dec-fr-marseille
30396061C05E9C80005A7FB0,3608390968824,5143878,apparel,GB-R1-U1,dec-fr-marseille
30396061C05E9C800048EEB8,3608390968824,5143878,apparel,GB-R1-U1,dec-fr-marseille
30396061C05E9C8000538D5B,3608390968824,5143878,apparel,GB-R1-U1,dec-fr-marseille
30396061C05E9C80001D477E,3608390968824,5143878,apparel,BR-04,dec-fr-marseille
30396061C05E9D4000002BC2,3608390968855,5143882,apparel,GB-R1-U1,dec-fr-marseille
30396061C05E9D4000953FEB,3608390968855,5143882,apparel,GB-R1-U1,dec-fr-marseille
30396061C05E9D400034CB59,3608390968855,5143882,apparel,BR-01,dec-fr-marseille
30395DFA82B6A5400077FEF9,3583787113172,4605703,bag_pack,PE-03,dec-fr-marseille
30395DFA82B6A540008D12D4,3583787113172,4605703,bag_pack,PE-03,dec-fr-marseille
30395DFA82B6A54000749E14,3583787113172,4605703,bag_pack,PE-03,dec-fr-marseille
30395DFA82B6A540007E2525,3583787113172,4605703,bag_pack,PE-03,dec-fr-marseille
30395DFA82B6A54000212AB0,3583787113172,4605703,bag_pack,PE-03,dec-fr-marseille
30395DFA82B6A540007214AA,3583787113172,4605703,bag_pack,PE-03,dec-fr-marseille
30395DFA82B6A540000878A2,3583787113172,4605703,bag_pack,PE-03,dec-fr-marseille
30395DFA82B6A5400072A602,3583787113172,4605703,bag_pack,BR-02,dec-fr-marseille
30396061C01B630000314E86,3608390280445,4898515,accessories,GB-R2-U2,dec-fr-marseille
30396061C01B630000956E17,3608390280445,4898515,accessories,GB-R2-U2,dec-fr-marseille
30396061C01B634000851FE8,3608390280452,4898516,accessories,GB-R2-U2,dec-fr-marseille
30396061C01B6340004085B1,3608390280452,4898516,accessories,GB-R2-U2,dec-fr-marseille
30396061C01B63800051E0DE,3608390280469,4898517,accessories,GB-R2-U2,dec-fr-marseille
30396061C01B63800011AB2A,3608390280469,4898517,accessories,GB-R2-U2,dec-fr-marseille
3039606303C85140007A43EE,3608449915571,885265,apparel,GB-R1-U2,dec-fr-marseille
3039606303C851400053F602,3608449915571,885265,apparel,GB-R1-U2,dec-fr-marseille
3039606303C8518000087190,3608449915588,885264,apparel,GB-R1-U2,dec-fr-marseille
3039606303C851800010403D,3608449915588,885264,apparel,GB-R1-U2,dec-fr-marseille
3039606303C8518000976F21,3608449915588,885264,apparel,GB-R1-U2,dec-fr-marseille
3039606303C851800078385B,3608449915588,885264,apparel,BR-03,dec-fr-marseille
3039606303C851C000548B3B,3608449915595,885261,apparel,GB-R1-U2,dec-fr-marseille
3039606303C851C000408D6E,3608449915595,885261,apparel,GB-R1-U2,dec-fr-marseille
3039606303C851C0007FA999,3608449915595,885261,apparel,GB-R1-U2,dec-fr-marseille
3039606303C851C00082BACB,3608449915595,885261,apparel,GB-R1-U2,dec-fr-marseille
3039606303C851C000907844,3608449915595,885261,apparel,GB-R1-U2,dec-fr-marseille
3039606303C851C0002656D9,3608449915595,885261,apparel,BR-04,dec-fr-marseille
3039606303C85200006714ED,3608449915601,885260,apparel,GB-R1-U2,dec-fr-marseille
3039606303C852000081AFD5,3608449915601,885260,apparel,GB-R1-U2,dec-fr-marseille
3039606303C8520000145B5A,3608449915601,885260,apparel,GB-R1-U2,dec-fr-marseille
3039606303C85200008A6B03,3608449915601,885260,apparel,GB-R1-U2,dec-fr-marseille
3039606303C85200002CA7E9,3608449915601,885260,apparel,BR-01,dec-fr-marseille
3039606303C852400058B2F0,3608449915618,885258,apparel,GB-R1-U2,dec-fr-marseille
3039606303C85240004CA936,3608449915618,885258,apparel,GB-R1-U2,dec-fr-marseille
3039606303C852400041F6EA,3608449915618,885258,apparel,GB-R1-U2,dec-fr-marseille
3039606303C8524000886CB3,3608449915618,885258,apparel,BR-02,dec-fr-marseille
3039606303C85280006A8F2B,3608449915625,885256,apparel,GB-R1-U2,dec-fr-marseille
3039606303C852800004B501,3608449915625,885256,apparel,GB-R1-U2,dec-fr-marseille
3039606303C1A2C0004FE584,3608449847155,2456158,apparel,GF-R1-U1,dec-fr-marseille
3039606303C1A2C000217AA6,3608449847155,2456158,apparel,GF-R1-U1,dec-fr-marseille
3039606303C1A2C00009DAF3,3608449847155,2456158,apparel,GF-R1-U1,dec-fr-marseille
3039606303C1A2C000607D43,3608449847155,2456158,apparel,GF-R1-U1,dec-fr-marseille
3039606303C1A2C00082AA0B,3608449847155,2456158,apparel,GF-R1-U1,dec-fr-marseille
3039606303C1A2C0007381E2,3608449847155,2456158,apparel,GF-R1-U1,dec-fr-marseille
3039606303C1A2C00072E039,3608449847155,2456158,apparel,BR-03,dec-fr-marseille
3039606303C1A300002C583E,3608449847162,2456159,apparel,GF-R1-U1,dec-fr-marseille
3039606303C1A300000CA204,3608449847162,2456159,apparel,GF-R1-U1,dec-fr-marseille
3039606303C1A300008D4693,3608449847162,2456159,apparel,GF-R1-U1,dec-fr-marseille
3039606303C1A30000580D4E,3608449847162,2456159,apparel,GF-R1-U1,dec-fr-marseille
3039606303C1A30000290556,3608449847162,2456159,apparel,GF-R1-U1,dec-fr-marseille
3039606303C1A3000039E7D4,3608449847162,2456159,apparel,GF-R1-U1,dec-fr-marseille
3039606303C1A3000036A753,3608449847162,2456159,apparel,GF-R1-U1,dec-fr-marseille
3039606303C1A30000601C93,3608449847162,2456159,apparel,BR-04,dec-fr-marseille
3039606303C1A340000360DC,3608449847179,2456156,apparel,GF-R1-U1,dec-fr-marseille
3039606303C1A3400070CBDD,3608449847179,2456156,apparel,GF-R1-U1,dec-fr-marseille
3039606303C1A34000870C92,3608449847179,2456156,apparel,BR-01,dec-fr-marseille
3039606303C1A3800053FFA4,3608449847186,2456157,apparel,GF-R1-U1,dec-fr-marseille
3039606303C1A3C0002DE949,3608449847193,2456162,apparel,GF-R1-U1,dec-fr-marseille
3039606303C1A3C0007A3E9B,3608449847193,2456162,apparel,GF-R1-U1,dec-fr-marseille
3039606303C1A40000814825,3608449847209,2456161,apparel,GF-R1-U1,dec-fr-marseille
3039606303C1A40000024C06,3608449847209,2456161,apparel,GF-R1-U1,dec-fr-marseille
3039606303C1A400001B4029,3608449847209,2456161,apparel,GF-R1-U1,dec-fr-marseille
3039606303C1A4000032624E,3608449847209,2456161,apparel,GF-R1-U1,dec-fr-marseille
3039606303C1A4000097339C,3608449847209,2456161,apparel,BR-02,dec-fr-marseille
3039606303C1A4400067AF9C,3608449847216,2456160,apparel,GF-R1-U1,dec-fr-marseille
3039606303C1A4400057F0EB,3608449847216,2456160,apparel,GF-R1-U1,dec-fr-marseille
3039606303C1A44000276611,3608449847216,2456160,apparel,GF-R1-U1,dec-fr-marseille
3039606303C1A44000045076,3608449847216,2456160,apparel,GF-R1-U1,dec-fr-marseille
3039606303C1A440003F9AC9,3608449847216,2456160,apparel,BR-03,dec-fr-marseille
30396062C3A4BD80005E8831,3608439551260,2095208,footwear,PE-01,dec-fr-marseille
30396062C3A4BDC00019D22B,3608439551277,2095209,footwear,PE-01,dec-fr-marseille
30396062C3A4BE00006B8E7E,3608439551284,2095210,footwear,PE-01,dec-fr-marseille
30396062C3A4BE00008EE60C,3608439551284,2095210,footwear,PE-01,dec-fr-marseille
30396062C3A4BE400036B0AD,3608439551291,2095211,footwear,PE-01,dec-fr-marseille
30396062C3A4BE40001F6E2D,3608439551291,2095211,footwear,PE-01,dec-fr-marseille
30396062C3A4BF8000509C9A,3608439551345,2095213,footwear,PE-01,dec-fr-marseille
30396062C3A4BF80002E0493,3608439551345,2095213,footwear,PE-01,dec-fr-marseille
30396062C3A4BFC0002F7B4E,3608439551352,2095212,footwear,PE-01,dec-fr-marseille
30396062C3A4BFC00051C937,3608439551352,2095212,footwear,PE-01,dec-fr-marseille
30396062C3A4BFC0008BD43C,3608439551352,2095212,footwear,BR-04,dec-fr-marseille
30396062C3A4C000003CEE29,3608439551369,2095215,footwear,PE-01,dec-fr-marseille
30396062C3A4C0400077FE2D,3608439551376,2095214,footwear,PE-01,dec-fr-marseille
30395DFA8304468000400AEA,3583787908105,2485001,apparel,GB-R3-U2,dec-fr-marseille
30395DFA8304468000720051,3583787908105,2485001,apparel,GB-R3-U2,dec-fr-marseille
30395DFA83044840004520D1,3583787908174,2485009,apparel,GB-R3-U2,dec-fr-marseille
30395DFA830448400057E016,3583787908174,2485009,apparel,GB-R3-U2,dec-fr-marseille
30395DFA830448400003BA14,3583787908174,2485009,apparel,BR-01,dec-fr-marseille
30395DFA8304488000359A8A,3583787908181,2485008,apparel,GB-R3-U2,dec-fr-marseille
30395DFA83044880002B52EB,3583787908181,2485008,apparel,GB-R3-U2,dec-fr-marseille
30395DFA83044880003EAD72,3583787908181,2485008,apparel,GB-R3-U2,dec-fr-marseille
30395DFA83044880006D318A,3583787908181,2485008,apparel,GB-R3-U2,dec-fr-marseille
30395DFA83044880008AAFA3,3583787908181,2485008,apparel,BR-02,dec-fr-marseille
30395DFA830448C0004B3AE7,3583787908198,2485007,apparel,GB-R3-U2,dec-fr-marseille
30395DFA830448C0007EE2AB,3583787908198,2485007,apparel,GB-R3-U2,dec-fr-marseille
30395DFA830448C0008441B7,3583787908198,2485007,apparel,GB-R3-U2,dec-fr-marseille
30395DFA830448C0008A0660,3583787908198,2485007,apparel,GB-R3-U2,dec-fr-marseille
30395DFA830448C0007A6B46,3583787908198,2485007,apparel,BR-03,dec-fr-marseille
30395DFA83044980003EE956,3583787908228,2485003,apparel,GB-R3-U2,dec-fr-marseille
30395DFA83044B80001A797C,3583787908303,2485010,apparel,GB-R3-U2,dec-fr-marseille
30395DFA83044B80006F8009,3583787908303,2485010,apparel,GB-R3-U2,dec-fr-marseille
30395DFA83044B80000B6FDB,3583787908303,2485010,apparel,BR-04,dec-fr-marseille
30396061C0BB98800024C7D9,3608391920982,5335091,apparel,GF-R3-U1,dec-fr-marseille
30396061C0BB9880002499D9,3608391920982,5335091,apparel,GF-R3-U1,dec-fr-marseille
30396061C0BB9880001E359D,3608391920982,5335091,apparel,GF-R3-U1,dec-fr-marseille
30396061C0BB9880005B51EB,3608391920982,5335091,apparel,BR-01,dec-fr-marseille
30396061C0BB98C000392CCC,3608391920999,5335092,apparel,GF-R3-U1,dec-fr-marseille
30396061C0BB98C0008681F0,3608391920999,5335092,apparel,GF-R3-U1,dec-fr-marseille
30396061C0BB98C0007BC481,3608391920999,5335092,apparel,GF-R3-U1,dec-fr-marseille
30396061C0BB98C0001A2155,3608391920999,5335092,apparel,GF-R3-U1,dec-fr-marseille
30396061C0BB98C000709FE6,3608391920999,5335092,apparel,GF-R3-U1,dec-fr-marseille
30396061C0BB98C00087BC21,3608391920999,5335092,apparel,GF-R3-U1,dec-fr-marseille
30396061C0BB98C0004B569A,3608391920999,5335092,apparel,BR-02,dec-fr-marseille
30396061C0BBA0800017778D,3608391921309,5335093,apparel,GF-R3-U1,dec-fr-marseille
30396061C0BBA0800092967D,3608391921309,5335093,apparel,GF-R3-U1,dec-fr-marseille
30396061C0BBA0800098797C,3608391921309,5335093,apparel,GF-R3-U1,dec-fr-marseille
30396061C0BBA080000ECA64,3608391921309,5335093,apparel,GF-R3-U1,dec-fr-marseille
30396061C0BBA0800089F0D8,3608391921309,5335093,apparel,GF-R3-U1,dec-fr-marseille
30396061C0BBA080000F261D,3608391921309,5335093,apparel,GF-R3-U1,dec-fr-marseille
30396061C0BBA080004E3F38,3608391921309,5335093,apparel,BR-03,dec-fr-marseille
30396061C0BBA0C000611D9E,3608391921316,5335094,apparel,GF-R3-U1,dec-fr-marseille
30396061C0BBA0C00046CBD8,3608391921316,5335094,apparel,GF-R3-U1,dec-fr-marseille
30396061C0BBA0C000831041,3608391921316,5335094,apparel,GF-R3-U1,dec-fr-marseille
30396061C0BBA0C000928CFE,3608391921316,5335094,apparel,GF-R3-U1,dec-fr-marseille
30396061C0BBA0C00027CC27,3608391921316,5335094,apparel,BR-04,dec-fr-marseille
30396061C0BBA100008FC097,3608391921323,5335095,apparel,GF-R3-U1,dec-fr-marseille
30396061C0BBA100003959B2,3608391921323,5335095,apparel,GF-R3-U1,dec-fr-marseille
30396061C0BBA140008F24FA,3608391921330,5335096,apparel,GF-R3-U1,dec-fr-marseille
30396061C1621940003AA1A3,3608393625977,5686968,accessories,GB-R3-U1,dec-fr-marseille
30396061C162194000307BC2,3608393625977,5686968,accessories,GB-R3-U1,dec-fr-marseille
30396061C162194000395DB2,3608393625977,5686968,accessories,GB-R3-U1,dec-fr-marseille
30396061C162194000477AEA,3608393625977,5686968,accessories,GB-R3-U1,dec-fr-marseille
30396061C16219400018CFFD,3608393625977,5686968,accessories,BR-01,dec-fr-marseille
30396062C39128C0005F97CC,3608439350757,2755815,accessories,GB-R3-U1,dec-fr-marseille
30396062C39128C00070A2FF,3608439350757,2755815,accessories,GB-R3-U1,dec-fr-marseille
30396062C39128C00064046E,3608439350757,2755815,accessories,GB-R3-U1,dec-fr-marseille
30396062C39128C0005F9DD1,3608439350757,2755815,accessories,GB-R3-U1,dec-fr-marseille
30396062C39128C000371380,3608439350757,2755815,accessories,BR-02,dec-fr-marseille
30395DFA819CE10000700152,3583784227889,4361619,accessories,GB-R3-U2,dec-fr-marseille
30395DFA819CE1400018C4B3,3583784227896,4361620,accessories,GB-R3-U2,dec-fr-marseille
30395DFA819D2440001080F0,3583784230575,4361629,accessories,GB-R3-U2,dec-fr-marseille
30395DFA819D24800000C3C9,3583784230582,4361630,accessories,GB-R3-U2,dec-fr-marseille
30395DFA819D24C000443D73,3583784230599,4361631,accessories,GB-R3-U2,dec-fr-marseille
30395DFA819D2500005CC789,3583784230605,4361621,accessories,GB-R3-U2,dec-fr-marseille
30395DFA819D2540002A1D5D,3583784230612,4361622,accessories,GB-R3-U2,dec-fr-marseille
30395DFA819D2580007F5A5C,3583784230629,4361623,accessories,GB-R3-U2,dec-fr-marseille
30395DFA819D25C00002A239,3583784230636,4361624,accessories,GB-R3-U2,dec-fr-marseille
30395DFA819D2780002114BB,3583784230704,4361632,accessories,GB-R3-U2,dec-fr-marseille
30396061C13127000061907E,3608393124760,5395712,bag_pack,GF-R1-U1,dec-fr-marseille
30396061C13127000052CCE0,3608393124760,5395712,bag_pack,GF-R1-U1,dec-fr-marseille
30396061C1312700000CBD96,3608393124760,5395712,bag_pack,GF-R1-U1,dec-fr-marseille
30396061C13127000051E247,3608393124760,5395712,bag_pack,GF-R1-U1,dec-fr-marseille
30396061C13127000015B12F,3608393124760,5395712,bag_pack,GF-R1-U1,dec-fr-marseille
30396061C13127000048E0E6,3608393124760,5395712,bag_pack,GF-R1-U1,dec-fr-marseille
30396061C1312700002D73A5,3608393124760,5395712,bag_pack,BR-03,dec-fr-marseille
30395DFA819C5C80006A77C8,3583784222587,4402527,apparel,GF-R3-U2,dec-fr-marseille
30395DFA819C5C80006BF87F,3583784222587,4402527,apparel,GF-R3-U2,dec-fr-marseille
30395DFA819C5C80001C60C3,3583784222587,4402527,apparel,GF-R3-U2,dec-fr-marseille
30395DFA819C5C80000EAB46,3583784222587,4402527,apparel,GF-R3-U2,dec-fr-marseille
30395DFA819C5C80004A87EF,3583784222587,4402527,apparel,BR-04,dec-fr-marseille
30395DFA819C5CC0004B7488,3583784222594,4402528,apparel,GF-R3-U2,dec-fr-marseille
30395DFA819C5CC00046AC33,3583784222594,4402528,apparel,GF-R3-U2,dec-fr-marseille
30395DFA819C5CC000217D82,3583784222594,4402528,apparel,GF-R3-U2,dec-fr-marseille
30395DFA819C5CC000271D54,3583784222594,4402528,apparel,GF-R3-U2,dec-fr-marseille
30395DFA819C5CC00055473E,3583784222594,4402528,apparel,GF-R3-U2,dec-fr-marseille
30395DFA819C5CC0003D2E86,3583784222594,4402528,apparel,GF-R3-U2,dec-fr-marseille
30395DFA819C5CC00092374D,3583784222594,4402528,apparel,GF-R3-U2,dec-fr-marseille
30395DFA819C5CC000856271,3583784222594,4402528,apparel,BR-01,dec-fr-marseille
30395DFA819C9180007579E6,3583784224703,4402529,apparel,GF-R3-U2,dec-fr-marseille
30395DFA819C91800017A33D,3583784224703,4402529,apparel,GF-R3-U2,dec-fr-marseille
30395DFA819C91800022541F,3583784224703,4402529,apparel,GF-R3-U2,dec-fr-marseille
30395DFA819C9180007D6831,3583784224703,4402529,apparel,GF-R3-U2,dec-fr-marseille
30395DFA819C91800018B85B,3583784224703,4402529,apparel,GF-R3-U2,dec-fr-marseille
30395DFA819C91800049E3E8,3583784224703,4402529,apparel,GF-R3-U2,dec-fr-marseille
30395DFA819C9180008D7339,3583784224703,4402529,apparel,GF-R3-U2,dec-fr-marseille
30395DFA819C9180005142E7,3583784224703,4402529,apparel,BR-02,dec-fr-marseille
30395DFA819C91C0002360FB,3583784224710,4402530,apparel,GF-R3-U2,dec-fr-marseille
30395DFA819C91C0001E9D04,3583784224710,4402530,apparel,GF-R3-U2,dec-fr-marseille
30395DFA819C91C000048C63,3583784224710,4402530,apparel,BR-03,dec-fr-marseille
30395DFA819C92000004471B,3583784224727,4402531,apparel,GF-R3-U2,dec-fr-marseille
30395DFA819C920000129A17,3583784224727,4402531,apparel,GF-R3-U2,dec-fr-marseille
30395DFA819C9200002F53DF,3583784224727,4402531,apparel,GF-R3-U2,dec-fr-marseille
30395DFA819C92000043B1CF,3583784224727,4402531,apparel,GF-R3-U2,dec-fr-marseille
30395DFA819C9200005A37CA,3583784224727,4402531,apparel,BR-04,dec-fr-marseille
30395DFA819C924000103EE1,3583784224734,4402532,apparel,GF-R3-U2,dec-fr-marseille
30395DFA819EF0000000070D,3583784248969,4391991,apparel,GF-R1-U2,dec-fr-marseille
30395DFA819EF04000550267,3583784248976,4391992,apparel,GF-R1-U2,dec-fr-marseille
30395DFA819EF0400094C14F,3583784248976,4391992,apparel,GF-R1-U2,dec-fr-marseille
30395DFA819EF0800088893B,3583784248983,4391993,apparel,GF-R1-U2,dec-fr-marseille
30395DFA819EF0C0001E994F,3583784248990,4391994,apparel,GF-R1-U2,dec-fr-marseille
30395DFA819EF8C00075016E,3583784249317,4246407,apparel,GF-R1-U2,dec-fr-marseille
30395DFA819EF9000005832A,3583784249324,4246408,apparel,GF-R1-U2,dec-fr-marseille
30395DFA819EFB000016DAD6,3583784249409,4391996,apparel,GF-R1-U2,dec-fr-marseille
30395DFA819EFB40006A0F63,3583784249416,4391997,apparel,GF-R1-U2,dec-fr-marseille
30395DFA81A594000088E2A4,3583784316965,4392017,apparel,GF-R1-U2,dec-fr-marseille
30395DFA81A59440002EF5C6,3583784316972,4392018,apparel,GF-R1-U2,dec-fr-marseille
30395DFA81A5948000164781,3583784316989,4392019,apparel,GF-R1-U2,dec-fr-marseille
30395DFA81A594C0002A9342,3583784316996,4392020,apparel,GF-R1-U2,dec-fr-marseille
30395DFA81A5A400000341A8,3583784317603,4392021,apparel,GF-R1-U2,dec-fr-marseille
30396061C05C3CC00058B8BF,3608390944514,5134094,apparel,GF-R1-U2,dec-fr-marseille
30396061C05C3D0000474E01,3608390944521,5134095,apparel,GF-R1-U2,dec-fr-marseille
30396061C05C3D400081ABF8,3608390944538,5134096,apparel,GF-R1-U2,dec-fr-marseille
30396061C05C3D800033B819,3608390944545,5134097,apparel,GF-R1-U2,dec-fr-marseille
30396061C054338000648F6F,3608390862221,5102104,outdoor,GF-R1-U1,dec-fr-marseille
30396061C0543380007033A8,3608390862221,5102104,outdoor,GF-R1-U1,dec-fr-marseille
30396061C00B9280001DA850,3608390118502,4047155,accessories,GB-R2-U1,dec-fr-marseille
30396061C00B92800089D9C8,3608390118502,4047155,accessories,GB-R2-U1,dec-fr-marseille
30396061C00B92800052B56B,3608390118502,4047155,accessories,GB-R2-U1,dec-fr-marseille
30396061C00B9280001198F8,3608390118502,4047155,accessories,GB-R2-U1,dec-fr-marseille
30396061C00B928000174638,3608390118502,4047155,accessories,GB-R2-U1,dec-fr-marseille
30396061C00B92800046395D,3608390118502,4047155,accessories,GB-R2-U1,dec-fr-marseille
30396061C00B928000924F66,3608390118502,4047155,accessories,GB-R2-U1,dec-fr-marseille
30396061C00B9280006216E1,3608390118502,4047155,accessories,GB-R2-U1,dec-fr-marseille
30396061C00B9280001EA4CA,3608390118502,4047155,accessories,BR-01,dec-fr-marseille
30396061C00B928000962D26,3608390118502,4047155,accessories,BR-02,dec-fr-marseille
30395DFA81A1E6C0002CDDF7,3583784279314,2911289,apparel,GB-R1-U1,dec-fr-marseille
30395DFA81A1E7400064CDEC,3583784279338,2911291,apparel,GB-R1-U1,dec-fr-marseille
30395DFA81A1E74000069C83,3583784279338,2911291,apparel,GB-R1-U1,dec-fr-marseille
30395DFA81A1E74000985181,3583784279338,2911291,apparel,BR-03,dec-fr-marseille
30395DFA81A1E780000B6E1D,3583784279345,2911292,apparel,GB-R1-U1,dec-fr-marseille
30395DFA81A1E78000778F56,3583784279345,2911292,apparel,GB-R1-U1,dec-fr-marseille
30395DFA81A1E7800060692D,3583784279345,2911292,apparel,BR-04,dec-fr-marseille
30395DFA81A1E7C00086D337,3583784279352,2911293,apparel,GB-R1-U1,dec-fr-marseille
30395DFA81A1E7C0006A650F,3583784279352,2911293,apparel,GB-R1-U1,dec-fr-marseille
30395DFA81A1E80000006AEE,3583784279369,2911294,apparel,GB-R1-U1,dec-fr-marseille
30395DFA81A1E80000970C10,3583784279369,2911294,apparel,GB-R1-U1,dec-fr-marseille
30395DFA81A1E800007C9030,3583784279369,2911294,apparel,BR-01,dec-fr-marseille
30395DFA81A1EDC0003E0E76,3583784279598,2911275,apparel,GB-R1-U1,dec-fr-marseille
30395DFA81A1EDC000604E7D,3583784279598,2911275,apparel,GB-R1-U1,dec-fr-marseille
30395DFA81A20EC00093D119,3583784280914,2911277,apparel,GB-R1-U1,dec-fr-marseille
30395DFA81A20EC0006B31D5,3583784280914,2911277,apparel,GB-R1-U1,dec-fr-marseille
30395DFA81A20EC000718583,3583784280914,2911277,apparel,GB-R1-U1,dec-fr-marseille
30395DFA81A20EC000535838,3583784280914,2911277,apparel,BR-02,dec-fr-marseille
30395DFA81A20F00000CFF53,3583784280921,2911278,apparel,GB-R1-U1,dec-fr-marseille
30395DFA81A20F00003D00F7,3583784280921,2911278,apparel,GB-R1-U1,dec-fr-marseille
30395DFA81A20F0000108454,3583784280921,2911278,apparel,GB-R1-U1,dec-fr-marseille
30395DFA81A20F00005A1F3A,3583784280921,2911278,apparel,BR-03,dec-fr-marseille
30395DFA81A20F40003898CE,3583784280938,2911279,apparel,GB-R1-U1,dec-fr-marseille
30395DFA81A20F40002F0297,3583784280938,2911279,apparel,GB-R1-U1,dec-fr-marseille
30395DFA81A20F800091AA8F,3583784280945,2911280,apparel,GB-R1-U1,dec-fr-marseille
30395DFA81A20F80005EFBA0,3583784280945,2911280,apparel,GB-R1-U1,dec-fr-marseille
30396061C04CBC400070A87B,3608390785773,5083867,footwear,PW-01,dec-fr-marseille
30396061C04CBC400060CB1D,3608390785773,5083867,footwear,PW-01,dec-fr-marseille
30396061C04CBC400057F8F3,3608390785773,5083867,footwear,PW-01,dec-fr-marseille
30396061C04CBC40005475D4,3608390785773,5083867,footwear,PW-01,dec-fr-marseille
30396061C04CBC40003884A3,3608390785773,5083867,footwear,PW-01,dec-fr-marseille
30396061C04CBC400014179D,3608390785773,5083867,footwear,BR-04,dec-fr-marseille
30396061C04CBC80000C1357,3608390785780,5083868,footwear,PW-01,dec-fr-marseille
30396061C04CBC800035B2E1,3608390785780,5083868,footwear,PW-01,dec-fr-marseille
30396061C04CBC8000567B33,3608390785780,5083868,footwear,PW-01,dec-fr-marseille
30396061C04CBC800011C8A3,3608390785780,5083868,footwear,BR-01,dec-fr-marseille
30396061C04CBCC0001F09C6,3608390785797,5083869,footwear,PW-01,dec-fr-marseille
30396061C04CD38000625A98,3608390786701,5083870,footwear,PW-01,dec-fr-marseille
30396061C04CD380008AF594,3608390786701,5083870,footwear,PW-01,dec-fr-marseille
30396061C04CD3C0008800FD,3608390786718,5083871,footwear,PW-01,dec-fr-marseille
30396061C04CD3C000182E4E,3608390786718,5083871,footwear,PW-01,dec-fr-marseille
30396061C04CD3C00008ACED,3608390786718,5083871,footwear,BR-02,dec-fr-marseille
30396061C0A04D0000404566,3608391641481,5225796,outdoor,GF-R3-U2,dec-fr-marseille
30396061C0A04D00007CB950,3608391641481,5225796,outdoor,GF-R3-U2,dec-fr-marseille
3039606203C0F4400049560F,3608409840172,4184205,outdoor,GF-R1-U2,dec-fr-marseille
3039606203C0F440002ADAB9,3608409840172,4184205,outdoor,GF-R1-U2,dec-fr-marseille
30396062C38E020000032C08,3608439318481,4195021,accessories,GB-R3-U1,dec-fr-marseille
30396062C38E0200002A7FE8,3608439318481,4195021,accessories,GB-R3-U1,dec-fr-marseille
30396062C38E0200001BD3B2,3608439318481,4195021,accessories,GB-R3-U1,dec-fr-marseille
30396062C38E020000201809,3608439318481,4195021,accessories,GB-R3-U1,dec-fr-marseille
30396062C38E0200000AE8D0,3608439318481,4195021,accessories,GB-R3-U1,dec-fr-marseille
30396062C38E0200008FA923,3608439318481,4195021,accessories,GB-R3-U1,dec-fr-marseille
30396062C38E020000856938,3608439318481,4195021,accessories,GB-R3-U1,dec-fr-marseille
30396062C38E02000073B008,3608439318481,4195021,accessories,BR-03,dec-fr-marseille
30396062C38E02000066AFED,3608439318481,4195021,accessories,BR-04,dec-fr-marseille
30395DFA819E7D000087D41E,3583784244367,4010249,apparel,GB-R3-U1,dec-fr-marseille
30395DFA819E7D400075C1F8,3583784244374,4010251,apparel,GB-R3-U1,dec-fr-marseille
30395DFA819E7D80002E2905,3583784244381,4010253,apparel,GB-R3-U1,dec-fr-marseille
30395DFA819E7DC000652DD5,3583784244398,4010255,apparel,GB-R3-U1,dec-fr-marseille
30395DFA819EB2800053C38D,3583784246507,4010257,apparel,GB-R3-U1,dec-fr-marseille
30395DFA819EB2C00032945E,3583784246514,4010259,apparel,GB-R3-U1,dec-fr-marseille
30395DFA819EB3000081562D,3583784246521,4010261,apparel,GB-R3-U1,dec-fr-marseille
30396061C0D27080002BC673,3608392154904,4010184,apparel,GB-R3-U1,dec-fr-marseille
30396061C0D2710000283F26,3608392154928,4010187,apparel,GB-R3-U1,dec-fr-marseille
30396061C0D271800019F344,3608392154942,4010189,apparel,GB-R3-U1,dec-fr-marseille
30396061C0D272000074E7CE,3608392154966,4010191,apparel,GB-R3-U1,dec-fr-marseille
30396061C0D27200001001BF,3608392154966,4010191,apparel,GB-R3-U1,dec-fr-marseille
30396061C0D27280004B1EC0,3608392154980,4010193,apparel,GB-R3-U1,dec-fr-marseille
30396061C0D27300007BE0F0,3608392155000,4010195,apparel,GB-R3-U1,dec-fr-marseille
30396061C0D273C0008CFAD7,3608392155031,4010198,apparel,GB-R3-U1,dec-fr-marseille
30396061C18DFE4000020371,3608394075450,4010248,apparel,GB-R3-U1,dec-fr-marseille
30396061C18DFEC00070BEC7,3608394075474,4010250,apparel,GB-R3-U1,dec-fr-marseille
30396061C18DFF000067690D,3608394075481,4010252,apparel,GB-R3-U1,dec-fr-marseille
30396061C18DFF40004FE616,3608394075498,4010254,apparel,GB-R3-U1,dec-fr-marseille
30396061C18DFF800090A5C1,3608394075504,4010256,apparel,GB-R3-U1,dec-fr-marseille
30396061C18DFFC000114A44,3608394075511,4010258,apparel,GB-R3-U1,dec-fr-marseille
30396061C18E0000002C3411,3608394075528,4010260,apparel,GB-R3-U1,dec-fr-marseille
30395DFA8306B1000091A07C,3583787932841,2607383,outdoor,GB-R1-U1,dec-fr-marseille
30395DFA8306B100003EBFEF,3583787932841,2607383,outdoor,GB-R1-U1,dec-fr-marseille
30395DFA82BECA80003639D9,3583787196588,4777408,bag_pack,GF-R3-U1,dec-fr-marseille
30395DFA82BECA80005BDA02,3583787196588,4777408,bag_pack,GF-R3-U1,dec-fr-marseille
30395DFA82BECA80002B02E6,3583787196588,4777408,bag_pack,BR-01,dec-fr-marseille
30395DFA82C4B3800063640C,3583787257104,4777409,bag_pack,GF-R3-U1,dec-fr-marseille
30395DFA82C4B380006EE74E,3583787257104,4777409,bag_pack,GF-R3-U1,dec-fr-marseille
30395DFA82C67640005380E5,3583787275139,4504051,bag_pack,GF-R3-U1,dec-fr-marseille
30395DFA82C67640007BBEC4,3583787275139,4504051,bag_pack,GF-R3-U1,dec-fr-marseille
30396061C132E7000093B406,3608393142689,4512979,apparel,GB-R1-U2,dec-fr-marseille
30396061C132E7400047C489,3608393142696,4512980,apparel,GB-R1-U2,dec-fr-marseille
30396061C132E74000840442,3608393142696,4512980,apparel,GB-R1-U2,dec-fr-marseille
30396061C132E780002A5C38,3608393142702,4512981,apparel,GB-R1-U2,dec-fr-marseille
30396061C132E7800091D43A,3608393142702,4512981,apparel,GB-R1-U2,dec-fr-marseille
30396061C132E7800082DF4F,3608393142702,4512981,apparel,GB-R1-U2,dec-fr-marseille
30396061C132E7800039CFCB,3608393142702,4512981,apparel,BR-02,dec-fr-marseille
30396061C132E7C0009105D6,3608393142719,4512982,apparel,GB-R1-U2,dec-fr-marseille
30396061C132E7C00092DD41,3608393142719,4512982,apparel,GB-R1-U2,dec-fr-marseille
30396061C132E7C000208AF3,3608393142719,4512982,apparel,GB-R1-U2,dec-fr-marseille
30396061C132E7C0000E979B,3608393142719,4512982,apparel,BR-03,dec-fr-marseille
30396061C132E8000081E644,3608393142726,4512983,apparel,GB-R1-U2,dec-fr-marseille
30396061C132E8000073D059,3608393142726,4512983,apparel,GB-R1-U2,dec-fr-marseille
30396061C132E80000000DE7,3608393142726,4512983,apparel,BR-04,dec-fr-marseille
30396061C132E8400072BB81,3608393142733,4512984,apparel,GB-R1-U2,dec-fr-marseille
30396061C132E880003E96EB,3608393142740,4512991,apparel,GB-R1-U2,dec-fr-marseille
30396061C132E8C0000C4B74,3608393142757,4512992,apparel,GB-R1-U2,dec-fr-marseille
30396061C132E8C0007FCCD9,3608393142757,4512992,apparel,GB-R1-U2,dec-fr-marseille
30396061C132E8C0007DE3D4,3608393142757,4512992,apparel,BR-01,dec-fr-marseille
30396061C132E90000213059,3608393142764,4512993,apparel,GB-R1-U2,dec-fr-marseille
30396061C132E900007EBEC9,3608393142764,4512993,apparel,GB-R1-U2,dec-fr-marseille
30396061C132E90000016FCF,3608393142764,4512993,apparel,GB-R1-U2,dec-fr-marseille
30396061C132E9000092C502,3608393142764,4512993,apparel,GB-R1-U2,dec-fr-marseille
30396061C132E900000732E8,3608393142764,4512993,apparel,BR-02,dec-fr-marseille
30396061C132E94000415222,3608393142771,4512994,apparel,GB-R1-U2,dec-fr-marseille
30396061C132E940003444AA,3608393142771,4512994,apparel,GB-R1-U2,dec-fr-marseille
30396061C132E940000CF6E7,3608393142771,4512994,apparel,GB-R1-U2,dec-fr-marseille
30396061C132E94000243E5E,3608393142771,4512994,apparel,BR-03,dec-fr-marseille
30396061C132E98000659F00,3608393142788,4512995,apparel,GB-R1-U2,dec-fr-marseille
30396061C132E9800085F8DD,3608393142788,4512995,apparel,GB-R1-U2,dec-fr-marseille
30396061C132E980001EF74A,3608393142788,4512995,apparel,BR-04,dec-fr-marseille
30396061C132E9C00022C8B7,3608393142795,4512996,apparel,GB-R1-U2,dec-fr-marseille
30396061C132E9C0005313C5,3608393142795,4512996,apparel,GB-R1-U2,dec-fr-marseille
30395DFA81D1B20000955C60,3583784768726,4990498,outdoor,GB-R1-U2,dec-fr-marseille
30395DFA81D1B30000549291,3583784768764,4990505,outdoor,GB-R1-U2,dec-fr-marseille
30396061C125568000583874,3608393003782,5395754,apparel,GB-R3-U2,dec-fr-marseille
30396061C12556800008BDA7,3608393003782,5395754,apparel,GB-R3-U2,dec-fr-marseille
30396061C12556C0005171DE,3608393003799,5395755,apparel,GB-R3-U2,dec-fr-marseille
30396061C12556C00010C2BB,3608393003799,5395755,apparel,GB-R3-U2,dec-fr-marseille
30396061C12556C00085D00F,3608393003799,5395755,apparel,BR-01,dec-fr-marseille
30396061C1255700005AF530,3608393003805,5395756,apparel,GB-R3-U2,dec-fr-marseille
30396061C12557000008F749,3608393003805,5395756,apparel,GB-R3-U2,dec-fr-marseille
30396061C1255700006F926A,3608393003805,5395756,apparel,BR-02,dec-fr-marseille
30396061C1255740006BC031,3608393003812,5395757,apparel,GB-R3-U2,dec-fr-marseille
30396061C1255740008363CE,3608393003812,5395757,apparel,GB-R3-U2,dec-fr-marseille
30396061C12557800032D5DC,3608393003829,5395758,apparel,GB-R3-U2,dec-fr-marseille
30396061C1255A000031F539,3608393003928,5395763,apparel,GB-R3-U2,dec-fr-marseille
30396061C1255A000097D2CA,3608393003928,5395763,apparel,GB-R3-U2,dec-fr-marseille
30396061C1255A400021D6D8,3608393003935,5395764,apparel,GB-R3-U2,dec-fr-marseille
30396061C1255A4000080B31,3608393003935,5395764,apparel,GB-R3-U2,dec-fr-marseille
30396061C1255A40000654E7,3608393003935,5395764,apparel,BR-03,dec-fr-marseille
30396061C1255A800064424D,3608393003942,5395765,apparel,GB-R3-U2,dec-fr-marseille
30396061C1255A800005660D,3608393003942,5395765,apparel,GB-R3-U2,dec-fr-marseille
30396061C1255AC0003329F5,3608393003959,5395766,apparel,GB-R3-U2,dec-fr-marseille
30396061C1255AC0004AFFD9,3608393003959,5395766,apparel,GB-R3-U2,dec-fr-marseille
30396061C1255B0000967732,3608393003966,5395767,apparel,GB-R3-U2,dec-fr-marseille
30396061C1255B40009279E2,3608393003973,5395768,apparel,GB-R3-U2,dec-fr-marseille
3039606283AEE6C000860FD5,3608429655312,4564124,accessories,GB-R2-U2,dec-fr-marseille
3039606283AEE6C000554569,3608429655312,4564124,accessories,GB-R2-U2,dec-fr-marseille
3039606283AEE70000109EF5,3608429655329,4564125,accessories,GB-R2-U2,dec-fr-marseille
3039606283AEE740002552FB,3608429655336,4564122,accessories,GB-R2-U2,dec-fr-marseille
3039606283AEE74000560E34,3608429655336,4564122,accessories,GB-R2-U2,dec-fr-marseille
3039606283AEE780000D12D3,3608429655343,4564123,accessories,GB-R2-U2,dec-fr-marseille
3039606283AEE78000292B8B,3608429655343,4564123,accessories,GB-R2-U2,dec-fr-marseille
3039606283AEE7C0003A945C,3608429655350,4564121,accessories,GB-R2-U2,dec-fr-marseille
3039606283AEE7C00001C978,3608429655350,4564121,accessories,GB-R2-U2,dec-fr-marseille
30395DFA8178CA40000A9697,3583783858336,2478028,apparel,GF-R1-U1,dec-fr-marseille
30396061C0DC844000214F82,3608392258091,5414052,apparel,GF-R1-U1,dec-fr-marseille
30396061C0DC8440005DFE6A,3608392258091,5414052,apparel,GF-R1-U1,dec-fr-marseille
30396061C0DC84400067DB46,3608392258091,5414052,apparel,BR-04,dec-fr-marseille
30396061C0DC89800010D9A5,3608392258305,5414053,apparel,GF-R1-U1,dec-fr-marseille
30396061C0DC898000774B05,3608392258305,5414053,apparel,GF-R1-U1,dec-fr-marseille
30396061C0DC8980005A5854,3608392258305,5414053,apparel,GF-R1-U1,dec-fr-marseille
30396061C0DC8980009233D8,3608392258305,5414053,apparel,BR-01,dec-fr-marseille
30396061C0DC89C0006AB134,3608392258312,5414054,apparel,GF-R1-U1,dec-fr-marseille
30396061C0DC89C0002C4B02,3608392258312,5414054,apparel,GF-R1-U1,dec-fr-marseille
30396061C0DC89C0001FF00C,3608392258312,5414054,apparel,BR-02,dec-fr-marseille
30396062C399B0C0000F0BB3,3608439438110,2478026,apparel,GF-R1-U1,dec-fr-marseille
30396062C399B0C00096DFCB,3608439438110,2478026,apparel,GF-R1-U1,dec-fr-marseille
30396062C399B0C00079FEB8,3608439438110,2478026,apparel,BR-03,dec-fr-marseille
30396062C399B1000028361B,3608439438127,2478033,apparel,GF-R1-U1,dec-fr-marseille
30396062C399B100004A47A3,3608439438127,2478033,apparel,GF-R1-U1,dec-fr-marseille
30396062C399B10000524DEE,3608439438127,2478033,apparel,GF-R1-U1,dec-fr-marseille
30396062C399B100000BB4AD,3608439438127,2478033,apparel,BR-04,dec-fr-marseille
30396062C399B140003C4207,3608439438134,2478032,apparel,GF-R1-U1,dec-fr-marseille
30396062C399B140000C720C,3608439438134,2478032,apparel,GF-R1-U1,dec-fr-marseille
30396062C399B1400005B26C,3608439438134,2478032,apparel,BR-01,dec-fr-marseille
30396062C399B180005C2228,3608439438141,2478035,apparel,GF-R1-U1,dec-fr-marseille
30396062C399B180005E77B2,3608439438141,2478035,apparel,GF-R1-U1,dec-fr-marseille
30396062C399B1C0008698DE,3608439438158,2478034,apparel,GF-R1-U1,dec-fr-marseille
30396062C399B1C00095693E,3608439438158,2478034,apparel,GF-R1-U1,dec-fr-marseille
30396062C399B1C000416377,3608439438158,2478034,apparel,GF-R1-U1,dec-fr-marseille
30396062C399B1C000191472,3608439438158,2478034,apparel,GF-R1-U1,dec-fr-marseille
30396062C399B1C0002C5550,3608439438158,2478034,apparel,BR-02,dec-fr-marseille
30396061C0A1BBC0006626D9,3608391656157,5234350,apparel,GF-R3-U1,dec-fr-marseille
30396061C0A1BBC0001EEAA9,3608391656157,5234350,apparel,GF-R3-U1,dec-fr-marseille
30396061C0A1BC40005FA2E4,3608391656171,5234352,apparel,GF-R3-U1,dec-fr-marseille
30396061C0A1BC40005C36B9,3608391656171,5234352,apparel,GF-R3-U1,dec-fr-marseille
30396061C0A1BC400031F248,3608391656171,5234352,apparel,GF-R3-U1,dec-fr-marseille
30396061C0A1BC400038F070,3608391656171,5234352,apparel,BR-03,dec-fr-marseille
30396061C0A1BCC0003A5DB9,3608391656195,5234354,apparel,GF-R3-U1,dec-fr-marseille
30396061C0A1BCC0000ABBA6,3608391656195,5234354,apparel,GF-R3-U1,dec-fr-marseille
30396061C0A1BCC0007965E2,3608391656195,5234354,apparel,GF-R3-U1,dec-fr-marseille
30396061C0A1BCC00016F021,3608391656195,5234354,apparel,BR-04,dec-fr-marseille
30396061C0A1FBC00044EBB7,3608391658717,5234356,apparel,GF-R3-U1,dec-fr-marseille
30396061C0A1FBC00014BC3A,3608391658717,5234356,apparel,GF-R3-U1,dec-fr-marseille
30396061C0A1FBC000749735,3608391658717,5234356,apparel,GF-R3-U1,dec-fr-marseille
30396061C0A1FBC000215815,3608391658717,5234356,apparel,GF-R3-U1,dec-fr-marseille
30396061C0A1FBC00014846E,3608391658717,5234356,apparel,BR-01,dec-fr-marseille
30396061C0A1FC4000281CAA,3608391658731,5234358,apparel,GF-R3-U1,dec-fr-marseille
30396061C0A1FC40000CAA99,3608391658731,5234358,apparel,GF-R3-U1,dec-fr-marseille
30396061C0A1FC40008C8A6F,3608391658731,5234358,apparel,GF-R3-U1,dec-fr-marseille
30396061C0A1FC400007657B,3608391658731,5234358,apparel,GF-R3-U1,dec-fr-marseille
30396061C0A1FC40006F43EB,3608391658731,5234358,apparel,BR-02,dec-fr-marseille
30396061C0A1FCC00052931B,3608391658755,5234360,apparel,GF-R3-U1,dec-fr-marseille
30396061C0A1FCC0002E9B1E,3608391658755,5234360,apparel,GF-R3-U1,dec-fr-marseille
30396061C0A1FCC000019853,3608391658755,5234360,apparel,GF-R3-U1,dec-fr-marseille
30396061C0A1FCC000738ED8,3608391658755,5234360,apparel,GF-R3-U1,dec-fr-marseille
30396061C0A1FCC0007EEBA4,3608391658755,5234360,apparel,BR-03,dec-fr-marseille
30396061C0A1FD00002CB12C,3608391658762,5234361,apparel,GF-R3-U1,dec-fr-marseille
30396061C0A1FD00002D1257,3608391658762,5234361,apparel,GF-R3-U1,dec-fr-marseille
30396061C0A1FD400006C649,3608391658779,5234362,apparel,GF-R3-U1,dec-fr-marseille
30396061C0A1FD400001B8ED,3608391658779,5234362,apparel,GF-R3-U1,dec-fr-marseille
30396061C0A1FDC0008C0FB3,3608391658793,5234364,apparel,GF-R3-U1,dec-fr-marseille
30396061C000A280005E8EFF,3608390006502,2771866,accessories,PI-01,dec-fr-marseille
30396061C000A2C0000C7C92,3608390006519,2771867,accessories,PI-01,dec-fr-marseille
30396061C000A30000050453,3608390006526,2771868,accessories,PI-01,dec-fr-marseille
30396061C000A380007932A4,3608390006540,2771870,accessories,PI-01,dec-fr-marseille
30396061C000A380001B5879,3608390006540,2771870,accessories,PI-01,dec-fr-marseille
30396061C000A3C0002857E7,3608390006557,2771871,accessories,PI-01,dec-fr-marseille
30396061C1E33A4000211895,3608394948259,5395831,bag_pack,GF-R1-U2,dec-fr-marseille
30396061C1E33A40000F517C,3608394948259,5395831,bag_pack,GF-R1-U2,dec-fr-marseille
30396061C1E33A40006B30B5,3608394948259,5395831,bag_pack,GF-R1-U2,dec-fr-marseille
30396061C1E33A400097663D,3608394948259,5395831,bag_pack,GF-R1-U2,dec-fr-marseille
30396061C1E33A4000273DB9,3608394948259,5395831,bag_pack,GF-R1-U2,dec-fr-marseille
30396061C1E33A400011C9CA,3608394948259,5395831,bag_pack,GF-R1-U2,dec-fr-marseille
30396061C1E33A400042B715,3608394948259,5395831,bag_pack,BR-04,dec-fr-marseille
30395DFA831C5D00001863F1,3583788154761,2575584,bag_pack,PE-03,dec-fr-marseille
30395DFA831C5D000049AA73,3583788154761,2575584,bag_pack,PE-03,dec-fr-marseille
30395DFA831C5D00005EC250,3583788154761,2575584,bag_pack,PE-03,dec-fr-marseille
30395DFA831C5D000039DF9B,3583788154761,2575584,bag_pack,PE-03,dec-fr-marseille
30395DFA831C5D000049AA49,3583788154761,2575584,bag_pack,BR-01,dec-fr-marseille
30396062C3A941800081858D,3608439597503,1832644,footwear,PE-01,dec-fr-marseille
30396062C3A94180004C5EB1,3608439597503,1832644,footwear,PE-01,dec-fr-marseille
30396062C3A941C0003BA022,3608439597510,1832643,footwear,PE-01,dec-fr-marseille
30396062C3A941C0001D1547,3608439597510,1832643,footwear,PE-01,dec-fr-marseille
30396062C3A941C000779CAC,3608439597510,1832643,footwear,PE-01,dec-fr-marseille
30396062C3A941C000329C83,3608439597510,1832643,footwear,BR-02,dec-fr-marseille
30396062C3A94200008FA31D,3608439597527,1832642,footwear,PE-01,dec-fr-marseille
30396062C3A94200007EE495,3608439597527,1832642,footwear,PE-01,dec-fr-marseille
30396062C3A942000085F560,3608439597527,1832642,footwear,PE-01,dec-fr-marseille
30396062C3A942000027808C,3608439597527,1832642,footwear,PE-01,dec-fr-marseille
30396062C3A94200007A5C46,3608439597527,1832642,footwear,PE-01,dec-fr-marseille
30396062C3A94200000B54FB,3608439597527,1832642,footwear,BR-03,dec-fr-marseille
30396062C3A9424000261F79,3608439597534,1832641,footwear,PE-01,dec-fr-marseille
30396062C3A9424000423858,3608439597534,1832641,footwear,PE-01,dec-fr-marseille
30396062C3A942400077887D,3608439597534,1832641,footwear,BR-04,dec-fr-marseille
30396061C0626000007AE224,3608391007362,5102866,apparel,GF-R1-U2,dec-fr-marseille
30396061C0626000002A729E,3608391007362,5102866,apparel,GF-R1-U2,dec-fr-marseille
30396061C0626000005F9B43,3608391007362,5102866,apparel,BR-01,dec-fr-marseille
30396061C06260400029B6F0,3608391007379,5102867,apparel,GF-R1-U2,dec-fr-marseille
30396061C062604000293B81,3608391007379,5102867,apparel,GF-R1-U2,dec-fr-marseille
30396061C0626040006894F1,3608391007379,5102867,apparel,GF-R1-U2,dec-fr-marseille
30396061C062604000233A33,3608391007379,5102867,apparel,GF-R1-U2,dec-fr-marseille
30396061C0626040003236E0,3608391007379,5102867,apparel,BR-02,dec-fr-marseille
30396061C0626080003DEA0F,3608391007386,5102868,apparel,GF-R1-U2,dec-fr-marseille
30396061C0626080000B8D77,3608391007386,5102868,apparel,GF-R1-U2,dec-fr-marseille
30396061C06260800045A2B1,3608391007386,5102868,apparel,GF-R1-U2,dec-fr-marseille
30396061C0626080003AD4D6,3608391007386,5102868,apparel,BR-03,dec-fr-marseille
30396061C06260C0000C2C20,3608391007393,5102869,apparel,GF-R1-U2,dec-fr-marseille
30396061C06260C000693587,3608391007393,5102869,apparel,GF-R1-U2,dec-fr-marseille
30396061C06260C0007EFDC2,3608391007393,5102869,apparel,BR-04,dec-fr-marseille
30396061C0627C8000758030,3608391008505,5102870,apparel,GF-R1-U2,dec-fr-marseille
30396061C0627C80000D5358,3608391008505,5102870,apparel,GF-R1-U2,dec-fr-marseille
30396061C0627CC0003CEB0C,3608391008512,5102871,apparel,GF-R1-U2,dec-fr-marseille
30396061C055F0C00018B649,3608390880034,4838669,footwear,PW-01,dec-fr-marseille
30396061C055F1000011F7C7,3608390880041,4838670,footwear,PW-01,dec-fr-marseille
30396061C055F100003F6572,3608390880041,4838670,footwear,PW-01,dec-fr-marseille
30396061C055F100007B12E1,3608390880041,4838670,footwear,BR-01,dec-fr-marseille
30396061C055F1400039A286,3608390880058,4838671,footwear,PW-01,dec-fr-marseille
30396061C055F14000673152,3608390880058,4838671,footwear,PW-01,dec-fr-marseille
30396061C055F140002B32E1,3608390880058,4838671,footwear,PW-01,dec-fr-marseille
30396061C055F1400086EFB4,3608390880058,4838671,footwear,BR-02,dec-fr-marseille
30396061C055F180008B5E10,3608390880065,4838672,footwear,PW-01,dec-fr-marseille
30396061C055F1800073FECC,3608390880065,4838672,footwear,PW-01,dec-fr-marseille
30396061C055F180007189EE,3608390880065,4838672,footwear,PW-01,dec-fr-marseille
30396061C055F18000327130,3608390880065,4838672,footwear,BR-03,dec-fr-marseille
30396061C055F1C0002ADA0C,3608390880072,4838673,footwear,PW-01,dec-fr-marseille
30396061C055F1C000299713,3608390880072,4838673,footwear,PW-01,dec-fr-marseille
30396061C055F1C00075CFC7,3608390880072,4838673,footwear,BR-04,dec-fr-marseille
30396061C055F2000044F8DE,3608390880089,4838674,footwear,PW-01,dec-fr-marseille
30396061C055F200003AF6C1,3608390880089,4838674,footwear,PW-01,dec-fr-marseille
30396061C055F20000614EFF,3608390880089,4838674,footwear,BR-01,dec-fr-marseille
30396061C055F2400088445D,3608390880096,4838675,footwear,PW-01,dec-fr-marseille
30396061C055F780007DB44C,3608390880300,4838676,footwear,PW-01,dec-fr-marseille
30396061C09D150000530CBC,3608391608521,4954142,accessories,ACC-01,dec-fr-marseille
30396061C09D15400070E4A6,3608391608538,4954143,accessories,ACC-01,dec-fr-marseille
30396061C09D15400050D438,3608391608538,4954143,accessories,ACC-01,dec-fr-marseille
30396061C09D158000392C2F,3608391608545,4954144,accessories,ACC-01,dec-fr-marseille
30396061C09D15C0009124E4,3608391608552,4954145,accessories,ACC-01,dec-fr-marseille
30396061C09D1600002C9D64,3608391608569,4954146,accessories,ACC-01,dec-fr-marseille
30396061C09D1600001BC815,3608391608569,4954146,accessories,ACC-01,dec-fr-marseille
30395DFA8185E7800032AE7E,3583783992627,2458962,apparel,GF-R3-U2,dec-fr-marseille
30395DFA8185E7C000977798,3583783992634,2458963,apparel,GF-R3-U2,dec-fr-marseille
30395DFA83045840003BEF10,3583787908815,2458972,apparel,GF-R3-U2,dec-fr-marseille
30395DFA830458800080B41F,3583787908822,2458970,apparel,GF-R3-U2,dec-fr-marseille
30395DFA83045880003456DA,3583787908822,2458970,apparel,GF-R3-U2,dec-fr-marseille
30395DFA830458C000877B0A,3583787908839,2458971,apparel,GF-R3-U2,dec-fr-marseille
30395DFA830458C0008FCC1F,3583787908839,2458971,apparel,GF-R3-U2,dec-fr-marseille
30395DFA83045900007BFB6F,3583787908846,2458968,apparel,GF-R3-U2,dec-fr-marseille
30395DFA83045900002092E9,3583787908846,2458968,apparel,GF-R3-U2,dec-fr-marseille
30395DFA83045900000712C2,3583787908846,2458968,apparel,BR-02,dec-fr-marseille
30395DFA83045940005C1184,3583787908853,2458969,apparel,GF-R3-U2,dec-fr-marseille
30395DFA83045940000B9D9F,3583787908853,2458969,apparel,GF-R3-U2,dec-fr-marseille
30395DFA83045940001DD778,3583787908853,2458969,apparel,GF-R3-U2,dec-fr-marseille
30395DFA83045940001E46D4,3583787908853,2458969,apparel,BR-03,dec-fr-marseille
30395DFA82E2FD00007487E7,3583787567241,4335163,accessories,ACC-02,dec-fr-marseille
30395DFA82E2FD00004D5EB7,3583787567241,4335163,accessories,ACC-02,dec-fr-marseille
30395DFA82E2FD000055E086,3583787567241,4335163,accessories,ACC-02,dec-fr-marseille
30395DFA82E2FD00005C60CF,3583787567241,4335163,accessories,ACC-02,dec-fr-marseille
30395DFA82E2FD00003613C0,3583787567241,4335163,accessories,ACC-02,dec-fr-marseille
30395DFA82E2FD00003F946A,3583787567241,4335163,accessories,BR-04,dec-fr-marseille
30395DFA818E2200007EF477,3583784076883,4303769,accessories,GB-R2-U1,dec-fr-marseille
30395DFA818E2240005EC134,3583784076890,4303770,accessories,GB-R2-U1,dec-fr-marseille
30395DFA818E8E0000413D6A,3583784081207,4303771,accessories,GB-R2-U1,dec-fr-marseille
30395DFA818E8E400045A029,3583784081214,4303772,accessories,GB-R2-U1,dec-fr-marseille
30395DFA818E8E40007A323C,3583784081214,4303772,accessories,GB-R2-U1,dec-fr-marseille
30395DFA818E8E8000130D61,3583784081221,4303773,accessories,GB-R2-U1,dec-fr-marseille
30395DFA818E8E80003D6EC2,3583784081221,4303773,accessories,GB-R2-U1,dec-fr-marseille
30395DFA82BF34400087F6B1,3583787200810,4504066,bag_pack,GF-R1-U1,dec-fr-marseille
30395DFA82BF34400056103A,3583787200810,4504066,bag_pack,GF-R1-U1,dec-fr-marseille
30395DFA82BF3480000F0180,3583787200827,4775700,bag_pack,GF-R1-U1,dec-fr-marseille
30395DFA82BF34800041EB2F,3583787200827,4775700,bag_pack,GF-R1-U1,dec-fr-marseille
30396061C1788340006A547E,3608393855497,5730081,bag_pack,GF-R1-U1,dec-fr-marseille
30396061C17A64000080A680,3608393874726,5734961,bag_pack,GF-R1-U1,dec-fr-marseille
30396061C17A6400004034C7,3608393874726,5734961,bag_pack,GF-R1-U1,dec-fr-marseille
30396062C3921380002A9F88,3608439360145,2923834,outdoor,GB-R3-U1,dec-fr-marseille
30396062C39213800038ECA2,3608439360145,2923834,outdoor,GB-R3-U1,dec-fr-marseille
30395DFA81D15BC0002A3483,3583784765275,4972801,outdoor,GF-R1-U1,dec-fr-marseille
30395DFA81D15C40000CB6ED,3583784765299,4972839,outdoor,GF-R1-U1,dec-fr-marseille
30396061C1203B00006E5F91,3608392951480,5539276,apparel,GB-R3-U1,dec-fr-marseille
30396061C1203B0000789CBF,3608392951480,5539276,apparel,GB-R3-U1,dec-fr-marseille
30396061C1203B00007DA469,3608392951480,5539276,apparel,GB-R3-U1,dec-fr-marseille
30396061C1203B000020AEBE,3608392951480,5539276,apparel,GB-R3-U1,dec-fr-marseille
30396061C1203B00004B36B0,3608392951480,5539276,apparel,GB-R3-U1,dec-fr-marseille
30396061C1203B0000266BA7,3608392951480,5539276,apparel,BR-01,dec-fr-marseille
30396061C1203B400092C5D1,3608392951497,5539277,apparel,GB-R3-U1,dec-fr-marseille
30396061C1203B4000419CC3,3608392951497,5539277,apparel,GB-R3-U1,dec-fr-marseille
30396061C1203B4000249CF5,3608392951497,5539277,apparel,GB-R3-U1,dec-fr-marseille
30396061C1203B400063EAFD,3608392951497,5539277,apparel,GB-R3-U1,dec-fr-marseille
30396061C1203B400066B2DA,3608392951497,5539277,apparel,GB-R3-U1,dec-fr-marseille
30396061C1203B40002F498E,3608392951497,5539277,apparel,GB-R3-U1,dec-fr-marseille
30396061C1203B40003D285E,3608392951497,5539277,apparel,BR-02,dec-fr-marseille
30396061C12048000009CC0C,3608392952005,5539278,apparel,GB-R3-U1,dec-fr-marseille
30396061C1204800001E787E,3608392952005,5539278,apparel,GB-R3-U1,dec-fr-marseille
30396061C120480000113067,3608392952005,5539278,apparel,BR-03,dec-fr-marseille
30396061C120484000571AF7,3608392952012,5539279,apparel,GB-R3-U1,dec-fr-marseille
30396061C12048400049F65C,3608392952012,5539279,apparel,GB-R3-U1,dec-fr-marseille
30396061C1204840003E7705,3608392952012,5539279,apparel,GB-R3-U1,dec-fr-marseille
30396061C120484000095BC3,3608392952012,5539279,apparel,GB-R3-U1,dec-fr-marseille
30396061C1204840000A428B,3608392952012,5539279,apparel,BR-04,dec-fr-marseille
30396061C12048800091F1EC,3608392952029,5545114,apparel,GB-R3-U1,dec-fr-marseille
30396061C1204880001DFDC1,3608392952029,5545114,apparel,GB-R3-U1,dec-fr-marseille
30396061C09E84C000835F7A,3608391623234,5223932,accessories,ACC-03,dec-fr-marseille
30396061C09E84C0005ED4D7,3608391623234,5223932,accessories,ACC-03,dec-fr-marseille
30396061C09E84C0008ED0CF,3608391623234,5223932,accessories,ACC-03,dec-fr-marseille
30396061C09E84C000850870,3608391623234,5223932,accessories,ACC-03,dec-fr-marseille
30396061C09E84C0005E12B2,3608391623234,5223932,accessories,ACC-03,dec-fr-marseille
30396061C09E84C000698F7D,3608391623234,5223932,accessories,ACC-03,dec-fr-marseille
30396061C09E84C000862037,3608391623234,5223932,accessories,ACC-03,dec-fr-marseille
30396061C09E84C0008AB4F6,3608391623234,5223932,accessories,BR-01,dec-fr-marseille
30396061C09E84C00065CE28,3608391623234,5223932,accessories,BR-02,dec-fr-marseille
30395DFA8178C6C00053D414,3583783858190,2562988,outdoor,GB-R3-U2,dec-fr-marseille
30395DFA8178C6C00035B98A,3583783858190,2562988,outdoor,GB-R3-U2,dec-fr-marseille
30395DFA82B615400024E416,3583787107416,4934002,apparel,GB-R1-U1,dec-fr-marseille
30395DFA82B61540004B0C1A,3583787107416,4934002,apparel,GB-R1-U1,dec-fr-marseille
30395DFA82B615400073BAFE,3583787107416,4934002,apparel,GB-R1-U1,dec-fr-marseille
30395DFA82B61540001B2B72,3583787107416,4934002,apparel,BR-03,dec-fr-marseille
30395DFA82B61580005917BD,3583787107423,4934001,apparel,GB-R1-U1,dec-fr-marseille
30395DFA82B6158000209E1F,3583787107423,4934001,apparel,GB-R1-U1,dec-fr-marseille
30395DFA82B61580007AFEA5,3583787107423,4934001,apparel,BR-04,dec-fr-marseille
30395DFA82B615C00041E01A,3583787107430,4934000,apparel,GB-R1-U1,dec-fr-marseille
30395DFA82B615C00019CD11,3583787107430,4934000,apparel,GB-R1-U1,dec-fr-marseille
30395DFA82B615C0002A187E,3583787107430,4934000,apparel,GB-R1-U1,dec-fr-marseille
30395DFA82B615C000941070,3583787107430,4934000,apparel,GB-R1-U1,dec-fr-marseille
30395DFA82B615C000099C89,3583787107430,4934000,apparel,GB-R1-U1,dec-fr-marseille
30395DFA82B615C0004BB50C,3583787107430,4934000,apparel,BR-01,dec-fr-marseille
30395DFA82B616000019FD41,3583787107447,4933999,apparel,GB-R1-U1,dec-fr-marseille
30395DFA82B6160000536F25,3583787107447,4933999,apparel,GB-R1-U1,dec-fr-marseille
30395DFA82B616000006B07F,3583787107447,4933999,apparel,GB-R1-U1,dec-fr-marseille
30395DFA82B61600000C4226,3583787107447,4933999,apparel,GB-R1-U1,dec-fr-marseille
30395DFA82B61600005F7436,3583787107447,4933999,apparel,BR-02,dec-fr-marseille
30395DFA82B6164000839DD4,3583787107454,4934003,apparel,GB-R1-U1,dec-fr-marseille
30395DFA82B61640002216D5,3583787107454,4934003,apparel,GB-R1-U1,dec-fr-marseille
30395DFA82B61680007EFDA5,3583787107461,4933998,apparel,GB-R1-U1,dec-fr-marseille
30395DFA82B616800049DE23,3583787107461,4933998,apparel,GB-R1-U1,dec-fr-marseille
30395DFA8187144000585D75,3583784004657,4010710,accessories,CO-IR,dec-fr-marseille
30395DFA81871440000DFE8F,3583784004657,4010710,accessories,CO-IR,dec-fr-marseille
30395DFA8187144000317D8C,3583784004657,4010710,accessories,BR-03,dec-fr-marseille
30396061C004D1C0002AEA66,3608390049356,4271417,accessories,CO-IR,dec-fr-marseille
30396061C004D1C0000BF8B5,3608390049356,4271417,accessories,CO-IR,dec-fr-marseille
30396061C004D1C00073E299,3608390049356,4271417,accessories,BR-04,dec-fr-marseille
30396061C019944000050099,3608390261932,4848843,accessories,CO-IR,dec-fr-marseille
30396061C0199440003A8719,3608390261932,4848843,accessories,CO-IR,dec-fr-marseille
30396061C0199440008AE258,3608390261932,4848843,accessories,BR-01,dec-fr-marseille
30396061C0BAE4C00067E3FF,3608391913793,5334356,accessories,GB-R2-U2,dec-fr-marseille
30396061C0BAE4C00029A03D,3608391913793,5334356,accessories,GB-R2-U2,dec-fr-marseille
30396061C0BAF980008F9CB9,3608391914622,5334358,accessories,GB-R2-U2,dec-fr-marseille
30396061C0BAF9800083547F,3608391914622,5334358,accessories,GB-R2-U2,dec-fr-marseille
30396061C0BAF9C00019F366,3608391914639,5334359,accessories,GB-R2-U2,dec-fr-marseille
30396061C0BAFA0000335F24,3608391914646,5334376,accessories,GB-R2-U2,dec-fr-marseille
30396061C0BB0F80000BD38C,3608391915506,5334357,accessories,GB-R2-U2,dec-fr-marseille
30396061C0BB0F80002B4A87,3608391915506,5334357,accessories,GB-R2-U2,dec-fr-marseille
30396061C0BB0FC0007AF26F,3608391915513,5334377,accessories,GB-R2-U2,dec-fr-marseille
30396061C0BB0FC000585928,3608391915513,5334377,accessories,GB-R2-U2,dec-fr-marseille
30396061C1AAAB000012ADC2,3608394369085,5834238,bag_pack,GF-R3-U2,dec-fr-marseille
30396061C1AAAB000081ED95,3608394369085,5834238,bag_pack,GF-R3-U2,dec-fr-marseille
30396061C1AAAB00004229CC,3608394369085,5834238,bag_pack,BR-02,dec-fr-marseille
30396061C1AADC00004565FB,3608394371040,5834237,bag_pack,GF-R3-U2,dec-fr-marseille
30396061C1AADC000078826D,3608394371040,5834237,bag_pack,GF-R3-U2,dec-fr-marseille
30396061C1AADC00006BF226,3608394371040,5834237,bag_pack,BR-03,dec-fr-marseille
30396062C38F698000113870,3608439332869,4108976,outdoor,GF-R3-U1,dec-fr-marseille
30396062C38F69800022594E,3608439332869,4108976,outdoor,GF-R3-U1,dec-fr-marseille
30396061C15C8D000032C71E,3608393569165,5678779,apparel,GB-R1-U2,dec-fr-marseille
30396061C15C8D000030E9BC,3608393569165,5678779,apparel,GB-R1-U2,dec-fr-marseille
30396061C15C8D0000068C22,3608393569165,5678779,apparel,BR-04,dec-fr-marseille
30396061C15C8D4000969E8D,3608393569172,5678780,apparel,GB-R1-U2,dec-fr-marseille
30396061C15C8D4000843CA2,3608393569172,5678780,apparel,GB-R1-U2,dec-fr-marseille
30396061C15C8D400069CFBB,3608393569172,5678780,apparel,GB-R1-U2,dec-fr-marseille
30396061C15C8D40008F2762,3608393569172,5678780,apparel,BR-01,dec-fr-marseille
30396061C15C8D80005AEAFA,3608393569189,5678781,apparel,GB-R1-U2,dec-fr-marseille
30396061C15C8D800093C795,3608393569189,5678781,apparel,GB-R1-U2,dec-fr-marseille
30396061C15C8D80001D4176,3608393569189,5678781,apparel,GB-R1-U2,dec-fr-marseille
30396061C15C8D80006C6085,3608393569189,5678781,apparel,GB-R1-U2,dec-fr-marseille
30396061C15C8D80001EAE88,3608393569189,5678781,apparel,GB-R1-U2,dec-fr-marseille
30396061C15C8D80007582A9,3608393569189,5678781,apparel,BR-02,dec-fr-marseille
30396061C15C8DC0001058DF,3608393569196,5679207,apparel,GB-R1-U2,dec-fr-marseille
30396061C15C8DC00023557C,3608393569196,5679207,apparel,GB-R1-U2,dec-fr-marseille
30396061C15C8DC00006D61D,3608393569196,5679207,apparel,GB-R1-U2,dec-fr-marseille
30396061C15C8DC00043A2E1,3608393569196,5679207,apparel,GB-R1-U2,dec-fr-marseille
30396061C15C8DC00063F72C,3608393569196,5679207,apparel,BR-03,dec-fr-marseille
30396061C15CDB80008E1C8F,3608393572301,5680477,apparel,GB-R1-U2,dec-fr-marseille
30396061C15CDB80000F4729,3608393572301,5680477,apparel,GB-R1-U2,dec-fr-marseille
30396061C15CDBC000485403,3608393572318,5691374,apparel,GB-R1-U2,dec-fr-marseille
30396061C15CDBC000633EFA,3608393572318,5691374,apparel,GB-R1-U2,dec-fr-marseille
30395DFA82DD01800021E0A4,3583787505984,4336950,apparel,GF-R1-U1,dec-fr-marseille
30395DFA82DD0180001E314C,3583787505984,4336950,apparel,GF-R1-U1,dec-fr-marseille
30395DFA82DD01800058356E,3583787505984,4336950,apparel,BR-04,dec-fr-marseille
30395DFA82DD02C00095A085,3583787506035,4336949,apparel,GF-R1-U1,dec-fr-marseille
30395DFA82DD02C000697DEA,3583787506035,4336949,apparel,GF-R1-U1,dec-fr-marseille
30395DFA82DD02C0002F4C9F,3583787506035,4336949,apparel,BR-01,dec-fr-marseille
30395DFA82DD0300007821F9,3583787506042,4336947,apparel,GF-R1-U1,dec-fr-marseille
30395DFA82DD0300007BE7A9,3583787506042,4336947,apparel,GF-R1-U1,dec-fr-marseille
30395DFA82DD030000839CD8,3583787506042,4336947,apparel,GF-R1-U1,dec-fr-marseille
30395DFA82DD0300003C1623,3583787506042,4336947,apparel,BR-02,dec-fr-marseille
30395DFA82DD0340000B78C3,3583787506059,4336948,apparel,GF-R1-U1,dec-fr-marseille
30395DFA82DD034000904F9A,3583787506059,4336948,apparel,GF-R1-U1,dec-fr-marseille
30395DFA82DD03400080DDCE,3583787506059,4336948,apparel,GF-R1-U1,dec-fr-marseille
30395DFA82DD0340004BC009,3583787506059,4336948,apparel,BR-03,dec-fr-marseille
30395DFA82DD04C00044B62C,3583787506110,4345743,apparel,GF-R1-U1,dec-fr-marseille
30395DFA82E032400066744F,3583787538654,4108820,apparel,GF-R1-U2,dec-fr-marseille
30395DFA82E03240007AC3E8,3583787538654,4108820,apparel,GF-R1-U2,dec-fr-marseille
30395DFA82E03240007F71E9,3583787538654,4108820,apparel,GF-R1-U2,dec-fr-marseille
30395DFA82E0324000485788,3583787538654,4108820,apparel,GF-R1-U2,dec-fr-marseille
30395DFA82E03240003E8426,3583787538654,4108820,apparel,GF-R1-U2,dec-fr-marseille
30395DFA82E032400075ED6B,3583787538654,4108820,apparel,GF-R1-U2,dec-fr-marseille
30395DFA82E03240000AAE89,3583787538654,4108820,apparel,GF-R1-U2,dec-fr-marseille
30395DFA82E03240005674D9,3583787538654,4108820,apparel,BR-04,dec-fr-marseille
30395DFA82E0328000599901,3583787538661,4108821,apparel,GF-R1-U2,dec-fr-marseille
30395DFA82E03280006D3CBF,3583787538661,4108821,apparel,GF-R1-U2,dec-fr-marseille
30395DFA82E0328000255853,3583787538661,4108821,apparel,GF-R1-U2,dec-fr-marseille
30395DFA82E032800046DFA4,3583787538661,4108821,apparel,GF-R1-U2,dec-fr-marseille
30395DFA82E03280002F2AE5,3583787538661,4108821,apparel,BR-01,dec-fr-marseille
30395DFA82E032C00089021B,3583787538678,4108822,apparel,GF-R1-U2,dec-fr-marseille
30395DFA82E032C000638BED,3583787538678,4108822,apparel,GF-R1-U2,dec-fr-marseille
30395DFA82E032C00043F79D,3583787538678,4108822,apparel,GF-R1-U2,dec-fr-marseille
30395DFA82E032C000752340,3583787538678,4108822,apparel,GF-R1-U2,dec-fr-marseille
30395DFA82E032C0001DE8C3,3583787538678,4108822,apparel,GF-R1-U2,dec-fr-marseille
30395DFA82E032C0004C2F05,3583787538678,4108822,apparel,BR-02,dec-fr-marseille
30395DFA82E0330000717B91,3583787538685,4108823,apparel,GF-R1-U2,dec-fr-marseille
30395DFA82E0330000064541,3583787538685,4108823,apparel,GF-R1-U2,dec-fr-marseille
30395DFA82E0334000193B76,3583787538692,4108819,apparel,GF-R1-U2,dec-fr-marseille
30395DFA82E03340002BDE9F,3583787538692,4108819,apparel,GF-R1-U2,dec-fr-marseille
30395DFA82E03340008A24E5,3583787538692,4108819,apparel,GF-R1-U2,dec-fr-marseille
30395DFA82E0334000050D29,3583787538692,4108819,apparel,GF-R1-U2,dec-fr-marseille
30395DFA82E03340009856F2,3583787538692,4108819,apparel,GF-R1-U2,dec-fr-marseille
30395DFA82E0334000952CBF,3583787538692,4108819,apparel,GF-R1-U2,dec-fr-marseille
30395DFA82E03340006DCFBE,3583787538692,4108819,apparel,GF-R1-U2,dec-fr-marseille
30395DFA82E03340000297EF,3583787538692,4108819,apparel,BR-03,dec-fr-marseille
30396062C399B4C00006714E,3608439438271,2421807,outdoor,GF-R3-U2,dec-fr-marseille
30396062C399B4C0005F5D97,3608439438271,2421807,outdoor,GF-R3-U2,dec-fr-marseille
30396062C3884D80006A211A,3608439260063,4646131,outdoor,GB-R3-U1,dec-fr-marseille
30396062C3884800004DBFC5,3608439259845,4513648,outdoor,GB-R3-U2,dec-fr-marseille
30395DFA82E76AC00074F5DC,3583787612590,4228776,accessories,GB-R1-U1,dec-fr-marseille
30395DFA82E76AC0009003A2,3583787612590,4228776,accessories,GB-R1-U1,dec-fr-marseille
30395DFA82E76B0000970042,3583787612606,4228775,accessories,GB-R1-U1,dec-fr-marseille
30395DFA82E76B0000227B0A,3583787612606,4228775,accessories,GB-R1-U1,dec-fr-marseille
30395DFA82E76B40002FD501,3583787612613,4228774,accessories,GB-R1-U1,dec-fr-marseille
30395DFA82E76D400026477A,3583787612699,4228785,accessories,GB-R1-U1,dec-fr-marseille
30395DFA82E76D400015F685,3583787612699,4228785,accessories,GB-R1-U1,dec-fr-marseille
30395DFA82E76DC0005EA941,3583787612712,4228784,accessories,GB-R1-U1,dec-fr-marseille
30395DFA82E76DC0003BF437,3583787612712,4228784,accessories,GB-R1-U1,dec-fr-marseille
30395DFA82E76E400039BA84,3583787612736,4228783,accessories,GB-R1-U1,dec-fr-marseille
30395DFA82E76E400057699C,3583787612736,4228783,accessories,GB-R1-U1,dec-fr-marseille
30395DFA819EC400008A3F8E,3583784247207,4530952,footwear,PE-01,dec-fr-marseille
30395DFA819EC40000551E48,3583784247207,4530952,footwear,PE-01,dec-fr-marseille
30395DFA819EC440007E3D0E,3583784247214,4530953,footwear,PE-01,dec-fr-marseille
30395DFA819EC4400026C0B9,3583784247214,4530953,footwear,PE-01,dec-fr-marseille
30395DFA819EC440002F6BFD,3583784247214,4530953,footwear,BR-04,dec-fr-marseille
30395DFA819EC480005CDBB3,3583784247221,4530954,footwear,PE-01,dec-fr-marseille
30395DFA819EC480006F39ED,3583784247221,4530954,footwear,PE-01,dec-fr-marseille
30395DFA819EC48000130B50,3583784247221,4530954,footwear,PE-01,dec-fr-marseille
30395DFA819EC4800044B680,3583784247221,4530954,footwear,BR-01,dec-fr-marseille
30395DFA819EC4C00089D750,3583784247238,4530955,footwear,PE-01,dec-fr-marseille
30395DFA819EC4C000022EB9,3583784247238,4530955,footwear,PE-01,dec-fr-marseille
30395DFA819EC4C000250F8B,3583784247238,4530955,footwear,PE-01,dec-fr-marseille
30395DFA819EC4C0005022F5,3583784247238,4530955,footwear,BR-02,dec-fr-marseille
30395DFA819EC50000131820,3583784247245,4530956,footwear,PE-01,dec-fr-marseille
30395DFA819EC50000668249,3583784247245,4530956,footwear,PE-01,dec-fr-marseille
30395DFA819EC50000019266,3583784247245,4530956,footwear,PE-01,dec-fr-marseille
30395DFA819EC500001D433D,3583784247245,4530956,footwear,BR-03,dec-fr-marseille
30395DFA819EC5400067DA1C,3583784247252,4530957,footwear,PE-01,dec-fr-marseille
30395DFA819EC54000288CE3,3583784247252,4530957,footwear,PE-01,dec-fr-marseille
30395DFA819EC5400023A052,3583784247252,4530957,footwear,BR-04,dec-fr-marseille
30395DFA819EC5800023C603,3583784247269,4530958,footwear,PE-01,dec-fr-marseille
30395DFA819EC5800069C65F,3583784247269,4530958,footwear,PE-01,dec-fr-marseille
30395DFA82B9ED80005085D0,3583787146781,4531445,accessories,GB-R3-U2,dec-fr-marseille
30395DFA82B9ED80002C46F8,3583787146781,4531445,accessories,GB-R3-U2,dec-fr-marseille
30395DFA82B9EE000017CD60,3583787146804,4531444,accessories,GB-R3-U2,dec-fr-marseille
30395DFA82B9EE40000F5DC1,3583787146811,4531447,accessories,GB-R3-U2,dec-fr-marseille
30395DFA82B9EEC000406216,3583787146835,4531446,accessories,GB-R3-U2,dec-fr-marseille
30395DFA82B9EFC0001C01E8,3583787146873,4531443,accessories,GB-R3-U2,dec-fr-marseille
30395DFA82B9EFC000639424,3583787146873,4531443,accessories,GB-R3-U2,dec-fr-marseille
30395DFA82B9F040002A0FF2,3583787146897,4531442,accessories,GB-R3-U2,dec-fr-marseille
30396061C11EFEC000429A75,3608392938832,5474736,apparel,GB-R2-U1,dec-fr-marseille
30396061C11EFEC0002B158B,3608392938832,5474736,apparel,GB-R2-U1,dec-fr-marseille
30396061C11EFEC0005E873F,3608392938832,5474736,apparel,GB-R2-U1,dec-fr-marseille
30396061C11EFEC000564906,3608392938832,5474736,apparel,GB-R2-U1,dec-fr-marseille
30396061C11EFEC0005DF5A4,3608392938832,5474736,apparel,BR-01,dec-fr-marseille
30396061C11EFF00002582E8,3608392938849,5474737,apparel,GB-R2-U1,dec-fr-marseille
30396061C11EFF000072655E,3608392938849,5474737,apparel,GB-R2-U1,dec-fr-marseille
30396061C11EFF00006CCF90,3608392938849,5474737,apparel,GB-R2-U1,dec-fr-marseille
30396061C11EFF000077B671,3608392938849,5474737,apparel,GB-R2-U1,dec-fr-marseille
30396061C11EFF000031BAE0,3608392938849,5474737,apparel,GB-R2-U1,dec-fr-marseille
30396061C11EFF0000616B44,3608392938849,5474737,apparel,GB-R2-U1,dec-fr-marseille
30396061C11EFF000051A3BD,3608392938849,5474737,apparel,GB-R2-U1,dec-fr-marseille
30396061C11EFF00007EA8C2,3608392938849,5474737,apparel,BR-02,dec-fr-marseille
30396061C11EFF4000212850,3608392938856,5474738,apparel,GB-R2-U1,dec-fr-marseille
30396061C11EFF40008F1C6F,3608392938856,5474738,apparel,GB-R2-U1,dec-fr-marseille
30396061C11EFF400068795C,3608392938856,5474738,apparel,GB-R2-U1,dec-fr-marseille
30396061C11EFF400056EF1A,3608392938856,5474738,apparel,GB-R2-U1,dec-fr-marseille
30396061C11EFF4000033C28,3608392938856,5474738,apparel,GB-R2-U1,dec-fr-marseille
30396061C11EFF400016A296,3608392938856,5474738,apparel,GB-R2-U1,dec-fr-marseille
30396061C11EFF40009475CE,3608392938856,5474738,apparel,BR-03,dec-fr-marseille
30396061C11EFF800052B263,3608392938863,5474739,apparel,GB-R2-U1,dec-fr-marseille
30396061C11EFF80004A55F0,3608392938863,5474739,apparel,GB-R2-U1,dec-fr-marseille
30396061C11EFF80002A8F9A,3608392938863,5474739,apparel,GB-R2-U1,dec-fr-marseille
30396061C11EFF80008E7E09,3608392938863,5474739,apparel,GB-R2-U1,dec-fr-marseille
30396061C11EFF8000729156,3608392938863,5474739,apparel,BR-04,dec-fr-marseille
30396061C11EFFC00010281B,3608392938870,5474740,apparel,GB-R2-U1,dec-fr-marseille
30396061C11EFFC0006B64FD,3608392938870,5474740,apparel,GB-R2-U1,dec-fr-marseille
30396061C11EFFC0003EA10C,3608392938870,5474740,apparel,BR-01,dec-fr-marseille
30396061C0EE6F00003E7909,3608392441561,5275184,accessories,GB-R1-U2,dec-fr-marseille
30396061C0EE6F0000147B1A,3608392441561,5275184,accessories,GB-R1-U2,dec-fr-marseille
30396061C0EE6F000006FD97,3608392441561,5275184,accessories,BR-02,dec-fr-marseille
30396061C0EE6F8000524677,3608392441585,5275186,accessories,GB-R1-U2,dec-fr-marseille
30396061C0EE6F8000423CEC,3608392441585,5275186,accessories,GB-R1-U2,dec-fr-marseille
30396061C0EE6F800039E439,3608392441585,5275186,accessories,BR-03,dec-fr-marseille
30396061C0EE6FC00026B44E,3608392441592,5275187,accessories,GB-R1-U2,dec-fr-marseille
30396061C0EE6FC00058D491,3608392441592,5275187,accessories,GB-R1-U2,dec-fr-marseille
30396061C0EE6FC000684DEC,3608392441592,5275187,accessories,BR-04,dec-fr-marseille
30396061C0EE840000549F72,3608392442407,5275188,accessories,GB-R1-U2,dec-fr-marseille
30396061C0EE84000016C9B0,3608392442407,5275188,accessories,GB-R1-U2,dec-fr-marseille
30396062C3882B80005228FB,3608439258701,4264187,apparel,GB-R3-U2,dec-fr-marseille
30396062C38D77C0000F81BB,3608439312953,4264185,apparel,GB-R3-U2,dec-fr-marseille
30396062C38D77C00045A295,3608439312953,4264185,apparel,GB-R3-U2,dec-fr-marseille
30396062C38D7900006BACED,3608439313004,4264194,apparel,GB-R3-U2,dec-fr-marseille
30396062C38D794000074352,3608439313011,4264193,apparel,GB-R3-U2,dec-fr-marseille
30396062C38D7940000EC4DE,3608439313011,4264193,apparel,GB-R3-U2,dec-fr-marseille
30396062C38D7940007A29DA,3608439313011,4264193,apparel,BR-01,dec-fr-marseille
30396062C38D79C000769A47,3608439313035,4264190,apparel,GB-R3-U2,dec-fr-marseille
30396062C38D79C0002C6906,3608439313035,4264190,apparel,GB-R3-U2,dec-fr-marseille
30396062C38D79C000208D08,3608439313035,4264190,apparel,GB-R3-U2,dec-fr-marseille
30396062C38D79C000736448,3608439313035,4264190,apparel,GB-R3-U2,dec-fr-marseille
30396062C38D79C0005522D5,3608439313035,4264190,apparel,BR-02,dec-fr-marseille
30396062C38D7A0000218BF9,3608439313042,4264192,apparel,GB-R3-U2,dec-fr-marseille
30396062C38D7A00003253E2,3608439313042,4264192,apparel,GB-R3-U2,dec-fr-marseille
30396062C38D7A0000620910,3608439313042,4264192,apparel,BR-03,dec-fr-marseille
30396062C38D7A800020C7A2,3608439313066,4264191,apparel,GB-R3-U2,dec-fr-marseille
30396062C38D7A80003FFF36,3608439313066,4264191,apparel,GB-R3-U2,dec-fr-marseille
30396062C38D7A8000544D80,3608439313066,4264191,apparel,GB-R3-U2,dec-fr-marseille
30396062C38D7A800016F0D3,3608439313066,4264191,apparel,GB-R3-U2,dec-fr-marseille
30396062C38D7A80004BAAB0,3608439313066,4264191,apparel,BR-04,dec-fr-marseille
