ean,name_en,name_fr,name_ko
2142367790007,Quechua Men's MH500 Waterproof Hiking Shoes,Quechua MH500 Chaussures Imperméable de Randonnée Homme,Quechua MH500 남성용 방수 등산 신발
3583780104122,Forclaz Hiking Backpack Chest Strap,Forclaz Backpack Ceinture thoracique de Randonnée,Forclaz Backpack 등산 흉부 스트랩
3583780571207,Forclaz MT100 Foam Sleeping Pad,Forclaz MT100 Matelas de sol Mousse,Forclaz MT100 폼 슬리핑 패드
3583782090829,Quechua Women's MH120 Hiking Fleece Vest,Quechua MH120 Gilet polaire de Randonnée Femme,Quechua MH120 여성용 등산 플리스 조끼
3583782090836,Quechua Women's MH120 Hiking Fleece Vest,Quechua MH120 Gilet polaire de Randonnée Femme,Quechua MH120 여성용 등산 플리스 조끼
3583782090843,Quechua Women's MH120 Hiking Fleece Vest,Quechua MH120 Gilet polaire de Randonnée Femme,Quechua MH120 여성용 등산 플리스 조끼
3583782090850,Quechua Women's MH120 Hiking Fleece Vest,Quechua MH120 Gilet polaire de Randonnée Femme,Quechua MH120 여성용 등산 플리스 조끼
3583782090867,Quechua Women's MH120 Hiking Fleece Vest,Quechua MH120 Gilet polaire de Randonnée Femme,Quechua MH120 여성용 등산 플리스 조끼
3583782090874,Quechua Women's MH120 Hiking Fleece Vest,Quechua MH120 Gilet polaire de Randonnée Femme,Quechua MH120 여성용 등산 플리스 조끼
3583783858190,Forclaz Trek Pad Outdoor Foam Seat,Forclaz Trek Pad Selle Outdoor Mousse,Forclaz Trek Pad 아웃도어 폼 안장
3583783858336,Simond Men's Travel 500 Merino Wool Long-sleeve Shirt,Simond 500 Haut Manches longues Mérinos Voyage Laine Homme,Simond 500 남성용 긴팔 메리노 트래블 울 셔츠
3583783955769,Quechua Men's NH500 Warm Hiking Fleece Jacket,Quechua NH500 Veste polaire de Randonnée Chaud Homme,Quechua NH500 남성용 등산 보온 플리스 재킷
3583783962644,Quechua Women's SH100 MID Warm and Waterproof Hiking Boots,Quechua SH100 and Bottes Imperméable de Randonnée Chaud Mi-saison Femme,Quechua SH100 and 여성용 방수 등산 보온 미드 부츠
3583783992627,Forclaz Women's merino wool legging underwear - MT500,Forclaz legging underwear MT500 Mérinos Laine Femme,Forclaz legging underwear MT500 여성용 메리노 울
3583783992634,Forclaz Women's merino wool legging underwear - MT500,Forclaz legging underwear MT500 Mérinos Laine Femme,Forclaz legging underwear MT500 여성용 메리노 울
3583783994232,Quechua Kids’ NH100 Velcro Hiking Shoes,Quechua NH100 Velcro Chaussures de Randonnée Enfant,Quechua NH100 Velcro 아동용 등산 신발
3583783994249,Quechua Kids’ NH100 Velcro Hiking Shoes,Quechua NH100 Velcro Chaussures de Randonnée Enfant,Quechua NH100 Velcro 아동용 등산 신발
3583783996175,Quechua Women's MH120 Fleece Jacket,Quechua MH120 Veste polaire Femme,Quechua MH120 여성용 플리스 재킷
3583783997240,Quechua Women's MH100 Hiking Fleece,Quechua MH100 Polaire de Randonnée Femme,Quechua MH100 여성용 등산 플리스
3583783997257,Quechua Women's MH100 Hiking Fleece,Quechua MH100 Polaire de Randonnée Femme,Quechua MH100 여성용 등산 플리스
3583783997264,Quechua Women's MH100 Hiking Fleece,Quechua MH100 Polaire de Randonnée Femme,Quechua MH100 여성용 등산 플리스
3583783997271,Quechua Women's MH100 Hiking Fleece,Quechua MH100 Polaire de Randonnée Femme,Quechua MH100 여성용 등산 플리스
3583783997288,Quechua Women's MH100 Hiking Fleece,Quechua MH100 Polaire de Randonnée Femme,Quechua MH100 여성용 등산 플리스
3583783997295,Quechua Women's MH100 Hiking Fleece,Quechua MH100 Polaire de Randonnée Femme,Quechua MH100 여성용 등산 플리스
3583783999015,Quechua Women's MH120 Fleece Jacket,Quechua MH120 Veste polaire Femme,Quechua MH120 여성용 플리스 재킷
3583784000253,Quechua Women's SH100 X-Warm Waterproof Mid Snow Boots,Quechua SH100 X- Après-ski Imperméable Chaud Mi-saison Femme,Quechua SH100 X- 여성용 방수 보온 미드 스노우 부츠
3583784001717,Quechua Women's SH100 X-Warm Waterproof Mid Hiking Boots,Quechua SH100 X- Bottes Imperméable de Randonnée Chaud Mi-saison Femme,Quechua SH100 X- 여성용 방수 등산 보온 미드 부츠
3583784001724,Quechua Women's SH100 X-Warm Waterproof Mid Hiking Boots,Quechua SH100 X- Bottes Imperméable de Randonnée Chaud Mi-saison Femme,Quechua SH100 X- 여성용 방수 등산 보온 미드 부츠
3583784001731,Quechua Women's SH100 X-Warm Waterproof Mid Hiking Boots,Quechua SH100 X- Bottes Imperméable de Randonnée Chaud Mi-saison Femme,Quechua SH100 X- 여성용 방수 등산 보온 미드 부츠
3583784001748,Quechua Women's SH100 X-Warm Waterproof Mid Hiking Boots,Quechua SH100 X- Bottes Imperméable de Randonnée Chaud Mi-saison Femme,Quechua SH100 X- 여성용 방수 등산 보온 미드 부츠
3583784001755,Quechua Women's SH100 X-Warm Waterproof Mid Hiking Boots,Quechua SH100 X- Bottes Imperméable de Randonnée Chaud Mi-saison Femme,Quechua SH100 X- 여성용 방수 등산 보온 미드 부츠
3583784001762,Quechua Women's SH100 X-Warm Waterproof Mid Hiking Boots,Quechua SH100 X- Bottes Imperméable de Randonnée Chaud Mi-saison Femme,Quechua SH100 X- 여성용 방수 등산 보온 미드 부츠
3583784004657,Wedze Adult Ski Beanie,Wedze Bonnet de Ski Adulte,Wedze 성인용 스키 비니
3583784007450,Wedze Men's 500 Warm Waterproof Snow Pants,Wedze 500 Pantalon Imperméable Neige Chaud Homme,Wedze 500 남성용 방수 스노우 보온 바지
3583784051163,Quechua Women's NH500 Hiking Skort,Quechua NH500 Jupe-short de Randonnée Femme,Quechua NH500 여성용 등산 스코트
3583784076883,Kiprun Hydration Flask-Carrying Running Belt,Kiprun Hydration -Carrying Belt Gourde isotherme de Running,Kiprun Hydration -Carrying Belt 러닝 보온병
3583784076890,Kiprun Hydration Flask-Carrying Running Belt,Kiprun Hydration -Carrying Belt Gourde isotherme de Running,Kiprun Hydration -Carrying Belt 러닝 보온병
3583784081207,Kiprun Hydration Flask-Carrying Running Belt,Kiprun Hydration -Carrying Belt Gourde isotherme de Running,Kiprun Hydration -Carrying Belt 러닝 보온병
3583784081214,Kiprun Hydration Flask-Carrying Running Belt,Kiprun Hydration -Carrying Belt Gourde isotherme de Running,Kiprun Hydration -Carrying Belt 러닝 보온병
3583784081221,Kiprun Hydration Flask-Carrying Running Belt,Kiprun Hydration -Carrying Belt Gourde isotherme de Running,Kiprun Hydration -Carrying Belt 러닝 보온병
3583784087940,Quechua Hike 500 Mid Hiking Socks - 2 Pairs,Quechua Hike 500 2 Pairs Chaussettes de Randonnée Mi-saison,Quechua Hike 500 2 Pairs 등산 미드 양말
3583784098113,Simond Men's Alpinism Seamless Wool Long-Sleeve Shirt,Simond Alpinism Haut Manches longues Sans couture Laine Homme,Simond Alpinism 남성용 긴팔 심리스 울 셔츠
3583784106146,Quechua Women's MH100 Hiking Fleece,Quechua MH100 Polaire de Randonnée Femme,Quechua MH100 여성용 등산 플리스
3583784114417,Rockrider XC50 Mountain Bike 29'',Rockrider XC50 29'' VTT,Rockrider XC50 29'' 산악자전거
3583784114424,Rockrider XC50 Mountain Bike 29'',Rockrider XC50 29'' VTT,Rockrider XC50 29'' 산악자전거
3583784114431,Rockrider XC50 Mountain Bike 29'',Rockrider XC50 29'' VTT,Rockrider XC50 29'' 산악자전거
3583784120432,Wedze Women's 100 Waterproof Ski Jacket,Wedze 100 Veste Imperméable de Ski Femme,Wedze 100 여성용 방수 스키 재킷
3583784120456,Wedze Women's 100 Waterproof Ski Jacket,Wedze 100 Veste Imperméable de Ski Femme,Wedze 100 여성용 방수 스키 재킷
3583784151122,Quechua Women's MH100 Hiking Shorts,Quechua MH100 Short de Randonnée Femme,Quechua MH100 여성용 등산 반바지
3583784151139,Quechua Women's MH100 Hiking Shorts,Quechua MH100 Short de Randonnée Femme,Quechua MH100 여성용 등산 반바지
3583784151146,Quechua Women's MH100 Hiking Shorts,Quechua MH100 Short de Randonnée Femme,Quechua MH100 여성용 등산 반바지
3583784151153,Quechua Women's MH100 Hiking Shorts,Quechua MH100 Short de Randonnée Femme,Quechua MH100 여성용 등산 반바지
3583784151160,Quechua Women's MH100 Hiking Shorts,Quechua MH100 Short de Randonnée Femme,Quechua MH100 여성용 등산 반바지
3583784151177,Quechua Women's MH100 Hiking Shorts,Quechua MH100 Short de Randonnée Femme,Quechua MH100 여성용 등산 반바지
3583784151504,Quechua Men's MH500 Hiking Lightweight Waterproof Jacket,Quechua MH500 Veste Léger Imperméable de Randonnée Homme,Quechua MH500 남성용 경량 방수 등산 재킷
3583784155137,Quechua Women's MH100 Hiking Shoes,Quechua MH100 Chaussures de Randonnée Femme,Quechua MH100 여성용 등산 신발
3583784213905,Kiprun Adult Evolutiv V2 Convertable Running Gloves with Mittens,Kiprun Evolutiv V2 Convertable Gloves with Moufles de Running Adulte,Kiprun Evolutiv V2 Convertable Gloves with 성인용 러닝 벙어리장갑
3583784213912,Kiprun Adult Evolutiv V2 Convertable Running Gloves with Mittens,Kiprun Evolutiv V2 Convertable Gloves with Moufles de Running Adulte,Kiprun Evolutiv V2 Convertable Gloves with 성인용 러닝 벙어리장갑
3583784222587,Quechua Men's MH100 Fleece Hiking Tights,Quechua MH100 Tights Polaire de Randonnée Homme,Quechua MH100 Tights 남성용 등산 플리스
3583784222594,Quechua Men's MH100 Fleece Hiking Tights,Quechua MH100 Tights Polaire de Randonnée Homme,Quechua MH100 Tights 남성용 등산 플리스
3583784222976,Quechua Women's MH100 Hiking Fleece Tights,Quechua MH100 Tights Polaire de Randonnée Femme,Quechua MH100 Tights 여성용 등산 플리스
3583784222983,Quechua Women's MH100 Hiking Fleece Tights,Quechua MH100 Tights Polaire de Randonnée Femme,Quechua MH100 Tights 여성용 등산 플리스
3583784222990,Quechua Women's MH100 Hiking Fleece Tights,Quechua MH100 Tights Polaire de Randonnée Femme,Quechua MH100 Tights 여성용 등산 플리스
3583784223768,Quechua Men's NH900 Winter Waterproof Hiking Parka,Quechua NH900 Parka Imperméable de Randonnée Hiver Homme,Quechua NH900 남성용 방수 등산 겨울 파카
3583784223775,Quechua Men's NH900 Winter Waterproof Hiking Parka,Quechua NH900 Parka Imperméable de Randonnée Hiver Homme,Quechua NH900 남성용 방수 등산 겨울 파카
3583784223782,Quechua Men's NH900 Winter Waterproof Hiking Parka,Quechua NH900 Parka Imperméable de Randonnée Hiver Homme,Quechua NH900 남성용 방수 등산 겨울 파카
3583784223799,Quechua Men's NH900 Winter Waterproof Hiking Parka,Quechua NH900 Parka Imperméable de Randonnée Hiver Homme,Quechua NH900 남성용 방수 등산 겨울 파카
3583784224703,Quechua Men's MH100 Fleece Hiking Tights,Quechua MH100 Tights Polaire de Randonnée Homme,Quechua MH100 Tights 남성용 등산 플리스
3583784224710,Quechua Men's MH100 Fleece Hiking Tights,Quechua MH100 Tights Polaire de Randonnée Homme,Quechua MH100 Tights 남성용 등산 플리스
3583784224727,Quechua Men's MH100 Fleece Hiking Tights,Quechua MH100 Tights Polaire de Randonnée Homme,Quechua MH100 Tights 남성용 등산 플리스
3583784224734,Quechua Men's MH100 Fleece Hiking Tights,Quechua MH100 Tights Polaire de Randonnée Homme,Quechua MH100 Tights 남성용 등산 플리스
3583784224802,Quechua Women's MH100 Hiking Fleece Tights,Quechua MH100 Tights Polaire de Randonnée Femme,Quechua MH100 Tights 여성용 등산 플리스
3583784224819,Quechua Women's MH100 Hiking Fleece Tights,Quechua MH100 Tights Polaire de Randonnée Femme,Quechua MH100 Tights 여성용 등산 플리스
3583784224826,Quechua Women's MH100 Hiking Fleece Tights,Quechua MH100 Tights Polaire de Randonnée Femme,Quechua MH100 Tights 여성용 등산 플리스
3583784226011,Quechua Men's NH500 Waterproof Winter Jacket,Quechua NH500 Veste Imperméable Hiver Homme,Quechua NH500 남성용 방수 겨울 재킷
3583784226028,Quechua Men's NH500 Waterproof Winter Jacket,Quechua NH500 Veste Imperméable Hiver Homme,Quechua NH500 남성용 방수 겨울 재킷
3583784226035,Quechua Men's NH500 Waterproof Winter Jacket,Quechua NH500 Veste Imperméable Hiver Homme,Quechua NH500 남성용 방수 겨울 재킷
3583784226042,Quechua Men's NH500 Waterproof Winter Jacket,Quechua NH500 Veste Imperméable Hiver Homme,Quechua NH500 남성용 방수 겨울 재킷
3583784226059,Quechua Men's NH500 Waterproof Winter Jacket,Quechua NH500 Veste Imperméable Hiver Homme,Quechua NH500 남성용 방수 겨울 재킷
3583784226066,Quechua Men's NH500 Waterproof Winter Jacket,Quechua NH500 Veste Imperméable Hiver Homme,Quechua NH500 남성용 방수 겨울 재킷
3583784226509,Quechua Men's NH900 Winter Waterproof Hiking Parka,Quechua NH900 Parka Imperméable de Randonnée Hiver Homme,Quechua NH900 남성용 방수 등산 겨울 파카
3583784226516,Quechua Men's NH900 Winter Waterproof Hiking Parka,Quechua NH900 Parka Imperméable de Randonnée Hiver Homme,Quechua NH900 남성용 방수 등산 겨울 파카
3583784227889,Forclaz Adult MT500 Touchscreen Stretch Backpacking Gloves,Forclaz MT500 Touchscreen Stretch Gants Trekking Adulte,Forclaz MT500 Touchscreen Stretch 성인용 백패킹 장갑
3583784227896,Forclaz Adult MT500 Touchscreen Stretch Backpacking Gloves,Forclaz MT500 Touchscreen Stretch Gants Trekking Adulte,Forclaz MT500 Touchscreen Stretch 성인용 백패킹 장갑
3583784229111,Forclaz MT500 Backpacking Gloves,Forclaz MT500 Gants Trekking,Forclaz MT500 백패킹 장갑
3583784229128,Forclaz MT500 Backpacking Gloves,Forclaz MT500 Gants Trekking,Forclaz MT500 백패킹 장갑
3583784229135,Forclaz MT500 Backpacking Gloves,Forclaz MT500 Gants Trekking,Forclaz MT500 백패킹 장갑
3583784229142,Forclaz MT500 Backpacking Gloves,Forclaz MT500 Gants Trekking,Forclaz MT500 백패킹 장갑
3583784229159,Forclaz MT500 Backpacking Gloves,Forclaz MT500 Gants Trekking,Forclaz MT500 백패킹 장갑
3583784229166,Forclaz MT500 Backpacking Gloves,Forclaz MT500 Gants Trekking,Forclaz MT500 백패킹 장갑
3583784229173,Forclaz MT500 Backpacking Gloves,Forclaz MT500 Gants Trekking,Forclaz MT500 백패킹 장갑
3583784230551,Forclaz Adult MT500 Touchscreen Stretch Backpacking Gloves,Forclaz MT500 Touchscreen Stretch Gants Trekking Adulte,Forclaz MT500 Touchscreen Stretch 성인용 백패킹 장갑
3583784230568,Forclaz Adult MT500 Touchscreen Stretch Backpacking Gloves,Forclaz MT500 Touchscreen Stretch Gants Trekking Adulte,Forclaz MT500 Touchscreen Stretch 성인용 백패킹 장갑
3583784230575,Forclaz Adult MT500 Touchscreen Stretch Backpacking Gloves,Forclaz MT500 Touchscreen Stretch Gants Trekking Adulte,Forclaz MT500 Touchscreen Stretch 성인용 백패킹 장갑
3583784230582,Forclaz Adult MT500 Touchscreen Stretch Backpacking Gloves,Forclaz MT500 Touchscreen Stretch Gants Trekking Adulte,Forclaz MT500 Touchscreen Stretch 성인용 백패킹 장갑
3583784230599,Forclaz Adult MT500 Touchscreen Stretch Backpacking Gloves,Forclaz MT500 Touchscreen Stretch Gants Trekking Adulte,Forclaz MT500 Touchscreen Stretch 성인용 백패킹 장갑
3583784230605,Forclaz Adult MT500 Touchscreen Stretch Backpacking Gloves,Forclaz MT500 Touchscreen Stretch Gants Trekking Adulte,Forclaz MT500 Touchscreen Stretch 성인용 백패킹 장갑
3583784230612,Forclaz Adult MT500 Touchscreen Stretch Backpacking Gloves,Forclaz MT500 Touchscreen Stretch Gants Trekking Adulte,Forclaz MT500 Touchscreen Stretch 성인용 백패킹 장갑
3583784230629,Forclaz Adult MT500 Touchscreen Stretch Backpacking Gloves,Forclaz MT500 Touchscreen Stretch Gants Trekking Adulte,Forclaz MT500 Touchscreen Stretch 성인용 백패킹 장갑
3583784230636,Forclaz Adult MT500 Touchscreen Stretch Backpacking Gloves,Forclaz MT500 Touchscreen Stretch Gants Trekking Adulte,Forclaz MT500 Touchscreen Stretch 성인용 백패킹 장갑
3583784230704,Forclaz Adult MT500 Touchscreen Stretch Backpacking Gloves,Forclaz MT500 Touchscreen Stretch Gants Trekking Adulte,Forclaz MT500 Touchscreen Stretch 성인용 백패킹 장갑
3583784234856,Quechua Women's NH900 Waterproof Parka,Quechua NH900 Parka Imperméable Femme,Quechua NH900 여성용 방수 파카
3583784234863,Quechua Women's NH900 Waterproof Parka,Quechua NH900 Parka Imperméable Femme,Quechua NH900 여성용 방수 파카
3583784234870,Quechua Women's NH900 Waterproof Parka,Quechua NH900 Parka Imperméable Femme,Quechua NH900 여성용 방수 파카
3583784234887,Quechua Women's NH900 Waterproof Parka,Quechua NH900 Parka Imperméable Femme,Quechua NH900 여성용 방수 파카
3583784234894,Quechua Women's NH900 Waterproof Parka,Quechua NH900 Parka Imperméable Femme,Quechua NH900 여성용 방수 파카
3583784236409,Quechua Women's NH900 Waterproof Parka,Quechua NH900 Parka Imperméable Femme,Quechua NH900 여성용 방수 파카
3583784239431,Quechua Men’s NH500 Water-Repellent Snow Hiking Pants,Quechua ’s NH500 Pantalon Déperlant de Randonnée Neige Homme,Quechua ’s NH500 남성용 발수 등산 스노우 바지
3583784239448,Quechua Men’s NH500 Water-Repellent Snow Hiking Pants,Quechua ’s NH500 Pantalon Déperlant de Randonnée Neige Homme,Quechua ’s NH500 남성용 발수 등산 스노우 바지
3583784239455,Quechua Men’s NH500 Water-Repellent Snow Hiking Pants,Quechua ’s NH500 Pantalon Déperlant de Randonnée Neige Homme,Quechua ’s NH500 남성용 발수 등산 스노우 바지
3583784239462,Quechua Men’s NH500 Water-Repellent Snow Hiking Pants,Quechua ’s NH500 Pantalon Déperlant de Randonnée Neige Homme,Quechua ’s NH500 남성용 발수 등산 스노우 바지
3583784239479,Quechua Men’s NH500 Water-Repellent Snow Hiking Pants,Quechua ’s NH500 Pantalon Déperlant de Randonnée Neige Homme,Quechua ’s NH500 남성용 발수 등산 스노우 바지
3583784239486,Quechua Men’s NH500 Water-Repellent Snow Hiking Pants,Quechua ’s NH500 Pantalon Déperlant de Randonnée Neige Homme,Quechua ’s NH500 남성용 발수 등산 스노우 바지
3583784239493,Quechua Men’s NH500 Water-Repellent Snow Hiking Pants,Quechua ’s NH500 Pantalon Déperlant de Randonnée Neige Homme,Quechua ’s NH500 남성용 발수 등산 스노우 바지
3583784240703,Quechua Men's NH500 Water Repellent Ventilated Hiking Pants,Quechua NH500 Water Repellent Ventilated Pantalon de Randonnée Homme,Quechua NH500 Water Repellent Ventilated 남성용 등산 바지
3583784240710,Quechua Men's NH500 Water Repellent Ventilated Hiking Pants,Quechua NH500 Water Repellent Ventilated Pantalon de Randonnée Homme,Quechua NH500 Water Repellent Ventilated 남성용 등산 바지
3583784240727,Quechua Men's NH500 Water Repellent Ventilated Hiking Pants,Quechua NH500 Water Repellent Ventilated Pantalon de Randonnée Homme,Quechua NH500 Water Repellent Ventilated 남성용 등산 바지
3583784240734,Quechua Men's NH500 Water Repellent Ventilated Hiking Pants,Quechua NH500 Water Repellent Ventilated Pantalon de Randonnée Homme,Quechua NH500 Water Repellent Ventilated 남성용 등산 바지
3583784240741,Quechua Men's NH500 Water Repellent Ventilated Hiking Pants,Quechua NH500 Water Repellent Ventilated Pantalon de Randonnée Homme,Quechua NH500 Water Repellent Ventilated 남성용 등산 바지
3583784240758,Quechua Men's NH500 Water Repellent Ventilated Hiking Pants,Quechua NH500 Water Repellent Ventilated Pantalon de Randonnée Homme,Quechua NH500 Water Repellent Ventilated 남성용 등산 바지
3583784240765,Quechua Men's NH500 Water Repellent Ventilated Hiking Pants,Quechua NH500 Water Repellent Ventilated Pantalon de Randonnée Homme,Quechua NH500 Water Repellent Ventilated 남성용 등산 바지
3583784241786,Forclaz Women's MT100 Down Puffer Vest,Forclaz MT100 Gilet Doudoune Duvet Femme,Forclaz MT100 여성용 패딩 다운 조끼
3583784241793,Forclaz Women's MT100 Down Puffer Vest,Forclaz MT100 Gilet Doudoune Duvet Femme,Forclaz MT100 여성용 패딩 다운 조끼
3583784242004,Forclaz Women's MT100 Down Puffer Vest,Forclaz MT100 Gilet Doudoune Duvet Femme,Forclaz MT100 여성용 패딩 다운 조끼
3583784242011,Forclaz Women's MT100 Down Puffer Vest,Forclaz MT100 Gilet Doudoune Duvet Femme,Forclaz MT100 여성용 패딩 다운 조끼
3583784244091,Simond Women's MT500 Hooded Down Puffer Jacket,Simond MT500 Doudoune à Capuche Duvet Femme,Simond MT500 여성용 후드 다운 패딩 재킷
3583784244183,Quechua Men's NH500 Warm Waterproof High Leather Hiking Boots,Quechua NH500 High Leather Bottes Imperméable de Randonnée Chaud Homme,Quechua NH500 High Leather 남성용 방수 등산 보온 부츠
3583784244190,Quechua Men's NH500 Warm Waterproof High Leather Hiking Boots,Quechua NH500 High Leather Bottes Imperméable de Randonnée Chaud Homme,Quechua NH500 High Leather 남성용 방수 등산 보온 부츠
3583784244367,Quechua Women's NH500 Water-Repellent Snow Hiking Pants,Quechua NH500 Pantalon Déperlant de Randonnée Neige Femme,Quechua NH500 여성용 발수 등산 스노우 바지
3583784244374,Quechua Women's NH500 Water-Repellent Snow Hiking Pants,Quechua NH500 Pantalon Déperlant de Randonnée Neige Femme,Quechua NH500 여성용 발수 등산 스노우 바지
3583784244381,Quechua Women's NH500 Water-Repellent Snow Hiking Pants,Quechua NH500 Pantalon Déperlant de Randonnée Neige Femme,Quechua NH500 여성용 발수 등산 스노우 바지
3583784244398,Quechua Women's NH500 Water-Repellent Snow Hiking Pants,Quechua NH500 Pantalon Déperlant de Randonnée Neige Femme,Quechua NH500 여성용 발수 등산 스노우 바지
3583784245609,Quechua Men's NH500 Warm Waterproof High Leather Hiking Boots,Quechua NH500 High Leather Bottes Imperméable de Randonnée Chaud Homme,Quechua NH500 High Leather 남성용 방수 등산 보온 부츠
3583784245616,Quechua Men's NH500 Warm Waterproof High Leather Hiking Boots,Quechua NH500 High Leather Bottes Imperméable de Randonnée Chaud Homme,Quechua NH500 High Leather 남성용 방수 등산 보온 부츠
3583784245623,Quechua Men's NH500 Warm Waterproof High Leather Hiking Boots,Quechua NH500 High Leather Bottes Imperméable de Randonnée Chaud Homme,Quechua NH500 High Leather 남성용 방수 등산 보온 부츠
3583784245630,Quechua Men's NH500 Warm Waterproof High Leather Hiking Boots,Quechua NH500 High Leather Bottes Imperméable de Randonnée Chaud Homme,Quechua NH500 High Leather 남성용 방수 등산 보온 부츠
3583784245647,Quechua Men's NH500 Warm Waterproof High Leather Hiking Boots,Quechua NH500 High Leather Bottes Imperméable de Randonnée Chaud Homme,Quechua NH500 High Leather 남성용 방수 등산 보온 부츠
3583784245654,Quechua Men's NH500 Warm Waterproof High Leather Hiking Boots,Quechua NH500 High Leather Bottes Imperméable de Randonnée Chaud Homme,Quechua NH500 High Leather 남성용 방수 등산 보온 부츠
3583784245661,Quechua Men's NH500 Warm Waterproof High Leather Hiking Boots,Quechua NH500 High Leather Bottes Imperméable de Randonnée Chaud Homme,Quechua NH500 High Leather 남성용 방수 등산 보온 부츠
3583784246507,Quechua Women's NH500 Water-Repellent Snow Hiking Pants,Quechua NH500 Pantalon Déperlant de Randonnée Neige Femme,Quechua NH500 여성용 발수 등산 스노우 바지
3583784246514,Quechua Women's NH500 Water-Repellent Snow Hiking Pants,Quechua NH500 Pantalon Déperlant de Randonnée Neige Femme,Quechua NH500 여성용 발수 등산 스노우 바지
3583784246521,Quechua Women's NH500 Water-Repellent Snow Hiking Pants,Quechua NH500 Pantalon Déperlant de Randonnée Neige Femme,Quechua NH500 여성용 발수 등산 스노우 바지
3583784246552,Quechua Women's Hiking Fleece Jacket - MH520 Hood,Quechua MH520 Hood Veste polaire de Randonnée Femme,Quechua MH520 Hood 여성용 등산 플리스 재킷
3583784246569,Quechua Women's Hiking Fleece Jacket - MH520 Hood,Quechua MH520 Hood Veste polaire de Randonnée Femme,Quechua MH520 Hood 여성용 등산 플리스 재킷
3583784246576,Quechua Women's Hiking Fleece Jacket - MH520 Hood,Quechua MH520 Hood Veste polaire de Randonnée Femme,Quechua MH520 Hood 여성용 등산 플리스 재킷
3583784246583,Quechua Women's Hiking Fleece Jacket - MH520 Hood,Quechua MH520 Hood Veste polaire de Randonnée Femme,Quechua MH520 Hood 여성용 등산 플리스 재킷
3583784246590,Quechua Women's Hiking Fleece Jacket - MH520 Hood,Quechua MH520 Hood Veste polaire de Randonnée Femme,Quechua MH520 Hood 여성용 등산 플리스 재킷
3583784246606,Simond Women's MT500 Hooded Down Puffer Jacket,Simond MT500 Doudoune à Capuche Duvet Femme,Simond MT500 여성용 후드 다운 패딩 재킷
3583784246613,Simond Women's MT500 Hooded Down Puffer Jacket,Simond MT500 Doudoune à Capuche Duvet Femme,Simond MT500 여성용 후드 다운 패딩 재킷
3583784246620,Simond Women's MT500 Hooded Down Puffer Jacket,Simond MT500 Doudoune à Capuche Duvet Femme,Simond MT500 여성용 후드 다운 패딩 재킷
3583784246637,Simond Women's MT500 Hooded Down Puffer Jacket,Simond MT500 Doudoune à Capuche Duvet Femme,Simond MT500 여성용 후드 다운 패딩 재킷
3583784246644,Simond Women's MT500 Hooded Down Puffer Jacket,Simond MT500 Doudoune à Capuche Duvet Femme,Simond MT500 여성용 후드 다운 패딩 재킷
3583784246804,Simond Women's MT500 Hooded Down Puffer Jacket,Simond MT500 Doudoune à Capuche Duvet Femme,Simond MT500 여성용 후드 다운 패딩 재킷
3583784246811,Simond Women's MT500 Hooded Down Puffer Jacket,Simond MT500 Doudoune à Capuche Duvet Femme,Simond MT500 여성용 후드 다운 패딩 재킷
3583784246828,Simond Women's MT500 Hooded Down Puffer Jacket,Simond MT500 Doudoune à Capuche Duvet Femme,Simond MT500 여성용 후드 다운 패딩 재킷
3583784246835,Simond Women's MT500 Hooded Down Puffer Jacket,Simond MT500 Doudoune à Capuche Duvet Femme,Simond MT500 여성용 후드 다운 패딩 재킷
3583784247207,Quechua Women's SH500 Mid Hiking Boots,Quechua SH500 Bottes de Randonnée Mi-saison Femme,Quechua SH500 여성용 등산 미드 부츠
3583784247214,Quechua Women's SH500 Mid Hiking Boots,Quechua SH500 Bottes de Randonnée Mi-saison Femme,Quechua SH500 여성용 등산 미드 부츠
3583784247221,Quechua Women's SH500 Mid Hiking Boots,Quechua SH500 Bottes de Randonnée Mi-saison Femme,Quechua SH500 여성용 등산 미드 부츠
3583784247238,Quechua Women's SH500 Mid Hiking Boots,Quechua SH500 Bottes de Randonnée Mi-saison Femme,Quechua SH500 여성용 등산 미드 부츠
3583784247245,Quechua Women's SH500 Mid Hiking Boots,Quechua SH500 Bottes de Randonnée Mi-saison Femme,Quechua SH500 여성용 등산 미드 부츠
3583784247252,Quechua Women's SH500 Mid Hiking Boots,Quechua SH500 Bottes de Randonnée Mi-saison Femme,Quechua SH500 여성용 등산 미드 부츠
3583784247269,Quechua Women's SH500 Mid Hiking Boots,Quechua SH500 Bottes de Randonnée Mi-saison Femme,Quechua SH500 여성용 등산 미드 부츠
3583784247887,Simond Women's MT500 Hooded Down Puffer Jacket,Simond MT500 Doudoune à Capuche Duvet Femme,Simond MT500 여성용 후드 다운 패딩 재킷
3583784247894,Simond Women's MT500 Hooded Down Puffer Jacket,Simond MT500 Doudoune à Capuche Duvet Femme,Simond MT500 여성용 후드 다운 패딩 재킷
3583784248303,Simond Women's MT500 Hooded Down Puffer Jacket,Simond MT500 Doudoune à Capuche Duvet Femme,Simond MT500 여성용 후드 다운 패딩 재킷
3583784248310,Simond Women's MT500 Hooded Down Puffer Jacket,Simond MT500 Doudoune à Capuche Duvet Femme,Simond MT500 여성용 후드 다운 패딩 재킷
3583784248327,Simond Women's MT500 Hooded Down Puffer Jacket,Simond MT500 Doudoune à Capuche Duvet Femme,Simond MT500 여성용 후드 다운 패딩 재킷
3583784248693,Simond Men's MT500 Hooded Down Puffer Jacket,Simond MT500 Doudoune à Capuche Duvet Homme,Simond MT500 남성용 후드 다운 패딩 재킷
3583784248969,Simond Men's MT500 Hooded Down Puffer Jacket,Simond MT500 Doudoune à Capuche Duvet Homme,Simond MT500 남성용 후드 다운 패딩 재킷
3583784248976,Simond Men's MT500 Hooded Down Puffer Jacket,Simond MT500 Doudoune à Capuche Duvet Homme,Simond MT500 남성용 후드 다운 패딩 재킷
3583784248983,Simond Men's MT500 Hooded Down Puffer Jacket,Simond MT500 Doudoune à Capuche Duvet Homme,Simond MT500 남성용 후드 다운 패딩 재킷
3583784248990,Simond Men's MT500 Hooded Down Puffer Jacket,Simond MT500 Doudoune à Capuche Duvet Homme,Simond MT500 남성용 후드 다운 패딩 재킷
3583784249300,Simond Men's MT500 Hooded Down Puffer Jacket,Simond MT500 Doudoune à Capuche Duvet Homme,Simond MT500 남성용 후드 다운 패딩 재킷
3583784249317,Simond Men's MT500 Hooded Down Puffer Jacket,Simond MT500 Doudoune à Capuche Duvet Homme,Simond MT500 남성용 후드 다운 패딩 재킷
3583784249324,Simond Men's MT500 Hooded Down Puffer Jacket,Simond MT500 Doudoune à Capuche Duvet Homme,Simond MT500 남성용 후드 다운 패딩 재킷
3583784249331,Simond Men's MT500 Hooded Down Puffer Jacket,Simond MT500 Doudoune à Capuche Duvet Homme,Simond MT500 남성용 후드 다운 패딩 재킷
3583784249348,Simond Men's MT500 Hooded Down Puffer Jacket,Simond MT500 Doudoune à Capuche Duvet Homme,Simond MT500 남성용 후드 다운 패딩 재킷
3583784249409,Simond Men's MT500 Hooded Down Puffer Jacket,Simond MT500 Doudoune à Capuche Duvet Homme,Simond MT500 남성용 후드 다운 패딩 재킷
3583784249416,Simond Men's MT500 Hooded Down Puffer Jacket,Simond MT500 Doudoune à Capuche Duvet Homme,Simond MT500 남성용 후드 다운 패딩 재킷
3583784258081,Quechua Men's SH100 Fleece Winter Jacket,Quechua SH100 Fleece Veste Hiver Homme,Quechua SH100 Fleece 남성용 겨울 재킷
3583784258098,Quechua Men's SH100 Fleece Winter Jacket,Quechua SH100 Fleece Veste Hiver Homme,Quechua SH100 Fleece 남성용 겨울 재킷
3583784261104,Quechua Men's SH100 Fleece Winter Jacket,Quechua SH100 Fleece Veste Hiver Homme,Quechua SH100 Fleece 남성용 겨울 재킷
3583784261111,Quechua Men's SH100 Fleece Winter Jacket,Quechua SH100 Fleece Veste Hiver Homme,Quechua SH100 Fleece 남성용 겨울 재킷
3583784261128,Quechua Men's SH100 Fleece Winter Jacket,Quechua SH100 Fleece Veste Hiver Homme,Quechua SH100 Fleece 남성용 겨울 재킷
3583784261135,Quechua Men's SH100 Fleece Winter Jacket,Quechua SH100 Fleece Veste Hiver Homme,Quechua SH100 Fleece 남성용 겨울 재킷
3583784264679,Quechua Women's Warm Hybrid Fleece Hiking Jacket,Quechua Hybrid Fleece Veste de Randonnée Chaud Femme,Quechua Hybrid Fleece 여성용 등산 보온 재킷
3583784264686,Quechua Women's Warm Hybrid Fleece Hiking Jacket,Quechua Hybrid Fleece Veste de Randonnée Chaud Femme,Quechua Hybrid Fleece 여성용 등산 보온 재킷
3583784264693,Quechua Women's Warm Hybrid Fleece Hiking Jacket,Quechua Hybrid Fleece Veste de Randonnée Chaud Femme,Quechua Hybrid Fleece 여성용 등산 보온 재킷
3583784266406,Quechua Women's Warm Hybrid Fleece Hiking Jacket,Quechua Hybrid Fleece Veste de Randonnée Chaud Femme,Quechua Hybrid Fleece 여성용 등산 보온 재킷
3583784266413,Quechua Women's Warm Hybrid Fleece Hiking Jacket,Quechua Hybrid Fleece Veste de Randonnée Chaud Femme,Quechua Hybrid Fleece 여성용 등산 보온 재킷
3583784270458,Wedze Kids' 550 Warm Waterproof Ski Jacket,Wedze 550 Veste Imperméable Chaud de Ski Enfant,Wedze 550 아동용 방수 보온 스키 재킷
3583784270465,Wedze Kids' 550 Warm Waterproof Ski Jacket,Wedze 550 Veste Imperméable Chaud de Ski Enfant,Wedze 550 아동용 방수 보온 스키 재킷
3583784270472,Wedze Kids' 550 Warm Waterproof Ski Jacket,Wedze 550 Veste Imperméable Chaud de Ski Enfant,Wedze 550 아동용 방수 보온 스키 재킷
3583784270489,Wedze Kids' 550 Warm Waterproof Ski Jacket,Wedze 550 Veste Imperméable Chaud de Ski Enfant,Wedze 550 아동용 방수 보온 스키 재킷
3583784270496,Wedze Kids' 550 Warm Waterproof Ski Jacket,Wedze 550 Veste Imperméable Chaud de Ski Enfant,Wedze 550 아동용 방수 보온 스키 재킷
3583784272414,Wedze Kids' 500 PNF Warm Waterproof Snow Pants,Wedze 500 PNF Pantalon Imperméable Neige Chaud Enfant,Wedze 500 PNF 아동용 방수 스노우 보온 바지
3583784272421,Wedze Kids' 500 PNF Warm Waterproof Snow Pants,Wedze 500 PNF Pantalon Imperméable Neige Chaud Enfant,Wedze 500 PNF 아동용 방수 스노우 보온 바지
3583784272438,Wedze Kids' 500 PNF Warm Waterproof Snow Pants,Wedze 500 PNF Pantalon Imperméable Neige Chaud Enfant,Wedze 500 PNF 아동용 방수 스노우 보온 바지
3583784272445,Wedze Kids' 500 PNF Warm Waterproof Snow Pants,Wedze 500 PNF Pantalon Imperméable Neige Chaud Enfant,Wedze 500 PNF 아동용 방수 스노우 보온 바지
3583784272452,Wedze Kids' 500 PNF Warm Waterproof Snow Pants,Wedze 500 PNF Pantalon Imperméable Neige Chaud Enfant,Wedze 500 PNF 아동용 방수 스노우 보온 바지
3583784279314,Wedze Women's 100 Mid-Length Warm Ski Jacket,Wedze 100 Veste Mi-long Chaud de Ski Femme,Wedze 100 여성용 미들렝스 보온 스키 재킷
3583784279338,Wedze Women's 100 Mid-Length Warm Ski Jacket,Wedze 100 Veste Mi-long Chaud de Ski Femme,Wedze 100 여성용 미들렝스 보온 스키 재킷
3583784279345,Wedze Women's 100 Mid-Length Warm Ski Jacket,Wedze 100 Veste Mi-long Chaud de Ski Femme,Wedze 100 여성용 미들렝스 보온 스키 재킷
3583784279352,Wedze Women's 100 Mid-Length Warm Ski Jacket,Wedze 100 Veste Mi-long Chaud de Ski Femme,Wedze 100 여성용 미들렝스 보온 스키 재킷
3583784279369,Wedze Women's 100 Mid-Length Warm Ski Jacket,Wedze 100 Veste Mi-long Chaud de Ski Femme,Wedze 100 여성용 미들렝스 보온 스키 재킷
3583784279598,Wedze Women's 100 Mid-Length Warm Ski Jacket,Wedze 100 Veste Mi-long Chaud de Ski Femme,Wedze 100 여성용 미들렝스 보온 스키 재킷
3583784280327,Wedze Men's 100 Mid-Length Warm Ski Jacket,Wedze 100 Veste Mi-long Chaud de Ski Homme,Wedze 100 남성용 미들렝스 보온 스키 재킷
3583784280334,Wedze Men's 100 Mid-Length Warm Ski Jacket,Wedze 100 Veste Mi-long Chaud de Ski Homme,Wedze 100 남성용 미들렝스 보온 스키 재킷
3583784280341,Wedze Men's 100 Mid-Length Warm Ski Jacket,Wedze 100 Veste Mi-long Chaud de Ski Homme,Wedze 100 남성용 미들렝스 보온 스키 재킷
3583784280358,Wedze Men's 100 Mid-Length Warm Ski Jacket,Wedze 100 Veste Mi-long Chaud de Ski Homme,Wedze 100 남성용 미들렝스 보온 스키 재킷
3583784280365,Wedze Men's 100 Mid-Length Warm Ski Jacket,Wedze 100 Veste Mi-long Chaud de Ski Homme,Wedze 100 남성용 미들렝스 보온 스키 재킷
3583784280372,Wedze Men's 100 Mid-Length Warm Ski Jacket,Wedze 100 Veste Mi-long Chaud de Ski Homme,Wedze 100 남성용 미들렝스 보온 스키 재킷
3583784280914,Wedze Women's 100 Mid-Length Warm Ski Jacket,Wedze 100 Veste Mi-long Chaud de Ski Femme,Wedze 100 여성용 미들렝스 보온 스키 재킷
3583784280921,Wedze Women's 100 Mid-Length Warm Ski Jacket,Wedze 100 Veste Mi-long Chaud de Ski Femme,Wedze 100 여성용 미들렝스 보온 스키 재킷
3583784280938,Wedze Women's 100 Mid-Length Warm Ski Jacket,Wedze 100 Veste Mi-long Chaud de Ski Femme,Wedze 100 여성용 미들렝스 보온 스키 재킷
3583784280945,Wedze Women's 100 Mid-Length Warm Ski Jacket,Wedze 100 Veste Mi-long Chaud de Ski Femme,Wedze 100 여성용 미들렝스 보온 스키 재킷
3583784285490,Quechua Men's MH120 Fleece Hiking Jacket,Quechua MH120 Fleece Veste de Randonnée Homme,Quechua MH120 Fleece 남성용 등산 재킷
3583784286404,Quechua Men's MH120 Fleece Hiking Jacket,Quechua MH120 Fleece Veste de Randonnée Homme,Quechua MH120 Fleece 남성용 등산 재킷
3583784286411,Quechua Men's MH120 Fleece Hiking Jacket,Quechua MH120 Fleece Veste de Randonnée Homme,Quechua MH120 Fleece 남성용 등산 재킷
3583784286428,Quechua Men's MH120 Fleece Hiking Jacket,Quechua MH120 Fleece Veste de Randonnée Homme,Quechua MH120 Fleece 남성용 등산 재킷
3583784286435,Quechua Men's MH120 Fleece Hiking Jacket,Quechua MH120 Fleece Veste de Randonnée Homme,Quechua MH120 Fleece 남성용 등산 재킷
3583784286442,Quechua Men's MH120 Fleece Hiking Jacket,Quechua MH120 Fleece Veste de Randonnée Homme,Quechua MH120 Fleece 남성용 등산 재킷
3583784289160,Wedze Women's 500 Slim Waterproof Snow Pants,Wedze 500 Slim Pantalon Imperméable Neige Femme,Wedze 500 Slim 여성용 방수 스노우 바지
3583784289177,Wedze Women's 500 Slim Waterproof Snow Pants,Wedze 500 Slim Pantalon Imperméable Neige Femme,Wedze 500 Slim 여성용 방수 스노우 바지
3583784289184,Wedze Women's 500 Slim Waterproof Snow Pants,Wedze 500 Slim Pantalon Imperméable Neige Femme,Wedze 500 Slim 여성용 방수 스노우 바지
3583784289191,Wedze Women's 500 Slim Waterproof Snow Pants,Wedze 500 Slim Pantalon Imperméable Neige Femme,Wedze 500 Slim 여성용 방수 스노우 바지
3583784289801,Wedze Women's 500 Slim Waterproof Snow Pants,Wedze 500 Slim Pantalon Imperméable Neige Femme,Wedze 500 Slim 여성용 방수 스노우 바지
3583784289818,Wedze Women's 500 Slim Waterproof Snow Pants,Wedze 500 Slim Pantalon Imperméable Neige Femme,Wedze 500 Slim 여성용 방수 스노우 바지
3583784289825,Wedze Women's 500 Slim Waterproof Snow Pants,Wedze 500 Slim Pantalon Imperméable Neige Femme,Wedze 500 Slim 여성용 방수 스노우 바지
3583784289832,Wedze Women's 500 Slim Waterproof Snow Pants,Wedze 500 Slim Pantalon Imperméable Neige Femme,Wedze 500 Slim 여성용 방수 스노우 바지
3583784298599,Quechua Women's SH500 Warm Waterproof Snow Hiking Boots,Quechua SH500 Bottes Imperméable de Randonnée Neige Chaud Femme,Quechua SH500 여성용 방수 등산 스노우 보온 부츠
3583784303002,Quechua Women's SH500 Warm Waterproof Snow Hiking Boots,Quechua SH500 Bottes Imperméable de Randonnée Neige Chaud Femme,Quechua SH500 여성용 방수 등산 스노우 보온 부츠
3583784303019,Quechua Women's SH500 Warm Waterproof Snow Hiking Boots,Quechua SH500 Bottes Imperméable de Randonnée Neige Chaud Femme,Quechua SH500 여성용 방수 등산 스노우 보온 부츠
3583784303026,Quechua Women's SH500 Warm Waterproof Snow Hiking Boots,Quechua SH500 Bottes Imperméable de Randonnée Neige Chaud Femme,Quechua SH500 여성용 방수 등산 스노우 보온 부츠
3583784303033,Quechua Women's SH500 Warm Waterproof Snow Hiking Boots,Quechua SH500 Bottes Imperméable de Randonnée Neige Chaud Femme,Quechua SH500 여성용 방수 등산 스노우 보온 부츠
3583784303040,Quechua Women's SH500 Warm Waterproof Snow Hiking Boots,Quechua SH500 Bottes Imperméable de Randonnée Neige Chaud Femme,Quechua SH500 여성용 방수 등산 스노우 보온 부츠
3583784303057,Quechua Women's SH500 Warm Waterproof Snow Hiking Boots,Quechua SH500 Bottes Imperméable de Randonnée Neige Chaud Femme,Quechua SH500 여성용 방수 등산 스노우 보온 부츠
3583784316965,Simond Men's MT500 Hooded Down Puffer Jacket,Simond MT500 Doudoune à Capuche Duvet Homme,Simond MT500 남성용 후드 다운 패딩 재킷
3583784316972,Simond Men's MT500 Hooded Down Puffer Jacket,Simond MT500 Doudoune à Capuche Duvet Homme,Simond MT500 남성용 후드 다운 패딩 재킷
3583784316989,Simond Men's MT500 Hooded Down Puffer Jacket,Simond MT500 Doudoune à Capuche Duvet Homme,Simond MT500 남성용 후드 다운 패딩 재킷
3583784316996,Simond Men's MT500 Hooded Down Puffer Jacket,Simond MT500 Doudoune à Capuche Duvet Homme,Simond MT500 남성용 후드 다운 패딩 재킷
3583784317603,Simond Men's MT500 Hooded Down Puffer Jacket,Simond MT500 Doudoune à Capuche Duvet Homme,Simond MT500 남성용 후드 다운 패딩 재킷
3583784321174,Quechua Women's NH900 Waterproof Parka,Quechua NH900 Parka Imperméable Femme,Quechua NH900 여성용 방수 파카
3583784326797,Quechua Women's NH100 U-Warm Hooded Fleece,Quechua NH100 U- Polaire à Capuche Chaud Femme,Quechua NH100 U- 여성용 후드 보온 플리스
3583784330473,Quechua SH500 Mid 2-Pair Winter Hiking Warm Socks,Quechua SH500 2-Pair Chaussettes de Randonnée Hiver Chaud Mi-saison,Quechua SH500 2-Pair 등산 겨울 보온 미드 양말
3583784360562,Quechua Women's NH500 Waterproof Winter Hiking Jacket,Quechua NH500 Veste Imperméable de Randonnée Hiver Femme,Quechua NH500 여성용 방수 등산 겨울 재킷
3583784414432,Quechua Men's NH500 Waterproof Winter Jacket,Quechua NH500 Veste Imperméable Hiver Homme,Quechua NH500 남성용 방수 겨울 재킷
3583784414500,Quechua Men's NH500 Water Repellent Ventilated Hiking Pants,Quechua NH500 Water Repellent Ventilated Pantalon de Randonnée Homme,Quechua NH500 Water Repellent Ventilated 남성용 등산 바지
3583784693820,Forclaz MT900 Ultralight Backpacking Stove,Forclaz MT900 Ultralight Stove Trekking,Forclaz MT900 Ultralight Stove 백패킹
3583784765275,Riverside GCR Rival AXS Carbon Gravel Bike,Riverside GCR Rival AXS Carbon Vélo gravel,Riverside GCR Rival AXS Carbon 그래블 자전거
3583784765282,Riverside GCR Rival AXS Carbon Gravel Bike,Riverside GCR Rival AXS Carbon Vélo gravel,Riverside GCR Rival AXS Carbon 그래블 자전거
3583784765299,Riverside GCR Rival AXS Carbon Gravel Bike,Riverside GCR Rival AXS Carbon Vélo gravel,Riverside GCR Rival AXS Carbon 그래블 자전거
3583784768115,Triban GRVL 900 Ti Gravel Bike,Triban GRVL 900 Ti Vélo gravel,Triban GRVL 900 Ti 그래블 자전거
3583784768122,Triban GRVL 900 Ti Gravel Bike,Triban GRVL 900 Ti Vélo gravel,Triban GRVL 900 Ti 그래블 자전거
3583784768139,Triban GRVL 900 Ti Gravel Bike,Triban GRVL 900 Ti Vélo gravel,Triban GRVL 900 Ti 그래블 자전거
3583784768146,Triban GRVL 900 Ti Gravel Bike,Triban GRVL 900 Ti Vélo gravel,Triban GRVL 900 Ti 그래블 자전거
3583784768153,Triban GRVL 900 Ti Gravel Bike,Triban GRVL 900 Ti Vélo gravel,Triban GRVL 900 Ti 그래블 자전거
3583784768207,Riverside GCR Rival AXS Carbon Gravel Bike,Riverside GCR Rival AXS Carbon Vélo gravel,Riverside GCR Rival AXS Carbon 그래블 자전거
3583784768436,Riverside GCR SRAM Force Carbon Gravel Bike - AXS Reynolds,Riverside GCR SRAM Force Carbon AXS Reynolds Vélo gravel,Riverside GCR SRAM Force Carbon AXS Reynolds 그래블 자전거
3583784768443,Riverside GCR SRAM Force Carbon Gravel Bike - AXS Reynolds,Riverside GCR SRAM Force Carbon AXS Reynolds Vélo gravel,Riverside GCR SRAM Force Carbon AXS Reynolds 그래블 자전거
3583784768450,Riverside GCR SRAM Force Carbon Gravel Bike - AXS Reynolds,Riverside GCR SRAM Force Carbon AXS Reynolds Vélo gravel,Riverside GCR SRAM Force Carbon AXS Reynolds 그래블 자전거
3583784768467,Riverside GCR SRAM Force Carbon Gravel Bike - AXS Reynolds,Riverside GCR SRAM Force Carbon AXS Reynolds Vélo gravel,Riverside GCR SRAM Force Carbon AXS Reynolds 그래블 자전거
3583784768726,Van Rysel RCR Force AXS,Van Rysel RCR Force AXS,Van Rysel RCR Force AXS
3583784768733,Van Rysel RCR Force AXS,Van Rysel RCR Force AXS,Van Rysel RCR Force AXS
3583784768740,Van Rysel RCR Force AXS,Van Rysel RCR Force AXS,Van Rysel RCR Force AXS
3583784768757,Van Rysel RCR Force AXS,Van Rysel RCR Force AXS,Van Rysel RCR Force AXS
3583784768764,Van Rysel RCR Force AXS,Van Rysel RCR Force AXS,Van Rysel RCR Force AXS
3583784782418,Kiprun Men's 100 Warm Running Pants,Kiprun 100 Pantalon de Running Chaud Homme,Kiprun 100 남성용 러닝 보온 바지
3583784782425,Kiprun Men's 100 Warm Running Pants,Kiprun 100 Pantalon de Running Chaud Homme,Kiprun 100 남성용 러닝 보온 바지
3583784782432,Kiprun Men's 100 Warm Running Pants,Kiprun 100 Pantalon de Running Chaud Homme,Kiprun 100 남성용 러닝 보온 바지
3583784782449,Kiprun Men's 100 Warm Running Pants,Kiprun 100 Pantalon de Running Chaud Homme,Kiprun 100 남성용 러닝 보온 바지
3583784782456,Kiprun Men's 100 Warm Running Pants,Kiprun 100 Pantalon de Running Chaud Homme,Kiprun 100 남성용 러닝 보온 바지
3583784881531,Van Rysel RCR Rival AXS V1,Van Rysel RCR Rival AXS V1,Van Rysel RCR Rival AXS V1
3583784881548,Van Rysel RCR Rival AXS V1,Van Rysel RCR Rival AXS V1,Van Rysel RCR Rival AXS V1
3583784881555,Van Rysel RCR Rival AXS V1,Van Rysel RCR Rival AXS V1,Van Rysel RCR Rival AXS V1
3583784881562,Van Rysel RCR Rival AXS V1,Van Rysel RCR Rival AXS V1,Van Rysel RCR Rival AXS V1
3583784881579,Van Rysel RCR Rival AXS V1,Van Rysel RCR Rival AXS V1,Van Rysel RCR Rival AXS V1
3583784883399,Quechua MH100 20L Hiking Backpack,Quechua MH100 20L Sac à dos de Randonnée,Quechua MH100 20L 등산 백팩
3583784886833,Van Rysel RCR Pro Replica Dura Ace Road Bike - Di2 AG2R Team,Van Rysel RCR Pro Replica Dura Ace Di2 AG2R Team Vélo de route,Van Rysel RCR Pro Replica Dura Ace Di2 AG2R Team 로드 자전거
3583784886840,Van Rysel RCR Pro Replica Dura Ace Road Bike - Di2 AG2R Team,Van Rysel RCR Pro Replica Dura Ace Di2 AG2R Team Vélo de route,Van Rysel RCR Pro Replica Dura Ace Di2 AG2R Team 로드 자전거
3583784886857,Van Rysel RCR Pro Replica Dura Ace Road Bike - Di2 AG2R Team,Van Rysel RCR Pro Replica Dura Ace Di2 AG2R Team Vélo de route,Van Rysel RCR Pro Replica Dura Ace Di2 AG2R Team 로드 자전거
3583784886864,Van Rysel RCR Pro Replica Dura Ace Road Bike - Di2 AG2R Team,Van Rysel RCR Pro Replica Dura Ace Di2 AG2R Team Vélo de route,Van Rysel RCR Pro Replica Dura Ace Di2 AG2R Team 로드 자전거
3583784886925,Quechua MH100 35L Hiking Backpack,Quechua MH100 35L Sac à dos de Randonnée,Quechua MH100 35L 등산 백팩
3583784914123,Van Rysel RCR Pro Ultegra Di2,Van Rysel RCR Pro Ultegra Di2,Van Rysel RCR Pro Ultegra Di2
3583784914130,Van Rysel RCR Pro Ultegra Di2,Van Rysel RCR Pro Ultegra Di2,Van Rysel RCR Pro Ultegra Di2
3583784914147,Van Rysel RCR Pro Ultegra Di2,Van Rysel RCR Pro Ultegra Di2,Van Rysel RCR Pro Ultegra Di2
3583784914154,Van Rysel RCR Pro Ultegra Di2,Van Rysel RCR Pro Ultegra Di2,Van Rysel RCR Pro Ultegra Di2
3583784914161,Van Rysel RCR Pro Ultegra Di2,Van Rysel RCR Pro Ultegra Di2,Van Rysel RCR Pro Ultegra Di2
3583784914178,Van Rysel RCR Pro Ultegra Di2,Van Rysel RCR Pro Ultegra Di2,Van Rysel RCR Pro Ultegra Di2
3583784914185,Van Rysel RCR Pro Ultegra Di2,Van Rysel RCR Pro Ultegra Di2,Van Rysel RCR Pro Ultegra Di2
3583784914192,Van Rysel RCR Pro Ultegra Di2,Van Rysel RCR Pro Ultegra Di2,Van Rysel RCR Pro Ultegra Di2
3583784914208,Van Rysel RCR Pro Ultegra Di2,Van Rysel RCR Pro Ultegra Di2,Van Rysel RCR Pro Ultegra Di2
3583784914215,Van Rysel RCR Pro Ultegra Di2,Van Rysel RCR Pro Ultegra Di2,Van Rysel RCR Pro Ultegra Di2
3583784914246,Van Rysel RCR Pro RED AXS,Van Rysel RCR Pro RED AXS,Van Rysel RCR Pro RED AXS
3583784914253,Van Rysel RCR Pro RED AXS,Van Rysel RCR Pro RED AXS,Van Rysel RCR Pro RED AXS
3583784914260,Van Rysel RCR Pro RED AXS,Van Rysel RCR Pro RED AXS,Van Rysel RCR Pro RED AXS
3583784914277,Van Rysel RCR Pro RED AXS,Van Rysel RCR Pro RED AXS,Van Rysel RCR Pro RED AXS
3583784914284,Van Rysel RCR Pro RED AXS,Van Rysel RCR Pro RED AXS,Van Rysel RCR Pro RED AXS
3583784914291,Van Rysel RCR PRO TEAM FRAME KIT,Van Rysel RCR PRO TEAM KIT Cadre,Van Rysel RCR PRO TEAM KIT 프레임
3583784914307,Van Rysel RCR PRO TEAM FRAME KIT,Van Rysel RCR PRO TEAM KIT Cadre,Van Rysel RCR PRO TEAM KIT 프레임
3583784914314,Van Rysel RCR PRO TEAM FRAME KIT,Van Rysel RCR PRO TEAM KIT Cadre,Van Rysel RCR PRO TEAM KIT 프레임
3583784914321,Van Rysel RCR PRO TEAM FRAME KIT,Van Rysel RCR PRO TEAM KIT Cadre,Van Rysel RCR PRO TEAM KIT 프레임
3583784914338,Van Rysel RCR PRO TEAM FRAME KIT,Van Rysel RCR PRO TEAM KIT Cadre,Van Rysel RCR PRO TEAM KIT 프레임
3583784952101,Women's 100 Long-Sleeved Half-Zip Running T-shirt,100 Long-Sleeved Half-Zip T-shirt de Running Femme,100 Long-Sleeved Half-Zip 여성용 러닝 티셔츠
3583784987974,Van Rysel RCR 105 DI2,Van Rysel RCR 105 DI2,Van Rysel RCR 105 DI2
3583784987998,Van Rysel RCR 105 DI2,Van Rysel RCR 105 DI2,Van Rysel RCR 105 DI2
3583784988001,Van Rysel RCR 105 DI2,Van Rysel RCR 105 DI2,Van Rysel RCR 105 DI2
3583784988018,Van Rysel RCR 105 DI2,Van Rysel RCR 105 DI2,Van Rysel RCR 105 DI2
3583785363555,Quechua Men's MH500 Waterproof Hiking Shoes,Quechua MH500 Chaussures Imperméable de Randonnée Homme,Quechua MH500 남성용 방수 등산 신발
3583787100769,Van Rysel Unisex RCR 2 Short-Sleeved Cycling Jersey,Van Rysel RCR 2 Short-Sleeved Maillot de Vélo Mixte,Van Rysel RCR 2 Short-Sleeved 남녀공용 사이클 저지
3583787100776,Van Rysel Unisex RCR 2 Short-Sleeved Cycling Jersey,Van Rysel RCR 2 Short-Sleeved Maillot de Vélo Mixte,Van Rysel RCR 2 Short-Sleeved 남녀공용 사이클 저지
3583787100783,Van Rysel Unisex RCR 2 Short-Sleeved Cycling Jersey,Van Rysel RCR 2 Short-Sleeved Maillot de Vélo Mixte,Van Rysel RCR 2 Short-Sleeved 남녀공용 사이클 저지
3583787100790,Van Rysel Unisex RCR 2 Short-Sleeved Cycling Jersey,Van Rysel RCR 2 Short-Sleeved Maillot de Vélo Mixte,Van Rysel RCR 2 Short-Sleeved 남녀공용 사이클 저지
3583787100806,Van Rysel Unisex RCR 2 Short-Sleeved Cycling Jersey,Van Rysel RCR 2 Short-Sleeved Maillot de Vélo Mixte,Van Rysel RCR 2 Short-Sleeved 남녀공용 사이클 저지
3583787106235,Simond Women's Alpinism Seamless Wool Long-Sleeve Shirt,Simond Alpinism Haut Manches longues Sans couture Laine Femme,Simond Alpinism 여성용 긴팔 심리스 울 셔츠
3583787106242,Simond Women's Alpinism Seamless Wool Long-Sleeve Shirt,Simond Alpinism Haut Manches longues Sans couture Laine Femme,Simond Alpinism 여성용 긴팔 심리스 울 셔츠
3583787106259,Simond Women's Alpinism Seamless Wool Long-Sleeve Shirt,Simond Alpinism Haut Manches longues Sans couture Laine Femme,Simond Alpinism 여성용 긴팔 심리스 울 셔츠
3583787106266,Simond Women's Alpinism Seamless Wool Long-Sleeve Shirt,Simond Alpinism Haut Manches longues Sans couture Laine Femme,Simond Alpinism 여성용 긴팔 심리스 울 셔츠
3583787106471,Simond Men's Travel 500 Merino Wool T-Shirt,Simond 500 T-shirt Mérinos Voyage Laine Homme,Simond 500 남성용 메리노 트래블 울 티셔츠
3583787106488,Simond Men's Travel 500 Merino Wool T-Shirt,Simond 500 T-shirt Mérinos Voyage Laine Homme,Simond 500 남성용 메리노 트래블 울 티셔츠
3583787106495,Simond Men's Travel 500 Merino Wool T-Shirt,Simond 500 T-shirt Mérinos Voyage Laine Homme,Simond 500 남성용 메리노 트래블 울 티셔츠
3583787106501,Simond Men's Travel 500 Merino Wool T-Shirt,Simond 500 T-shirt Mérinos Voyage Laine Homme,Simond 500 남성용 메리노 트래블 울 티셔츠
3583787106518,Simond Men's Travel 500 Merino Wool T-Shirt,Simond 500 T-shirt Mérinos Voyage Laine Homme,Simond 500 남성용 메리노 트래블 울 티셔츠
3583787107416,Van Rysel Women's Endurance Road Cycling Bib Shorts,Van Rysel Endurance Road Cuissard à bretelles Femme,Van Rysel Endurance Road 여성용 사이클 빕숏
3583787107423,Van Rysel Women's Endurance Road Cycling Bib Shorts,Van Rysel Endurance Road Cuissard à bretelles Femme,Van Rysel Endurance Road 여성용 사이클 빕숏
3583787107430,Van Rysel Women's Endurance Road Cycling Bib Shorts,Van Rysel Endurance Road Cuissard à bretelles Femme,Van Rysel Endurance Road 여성용 사이클 빕숏
3583787107447,Van Rysel Women's Endurance Road Cycling Bib Shorts,Van Rysel Endurance Road Cuissard à bretelles Femme,Van Rysel Endurance Road 여성용 사이클 빕숏
3583787107454,Van Rysel Women's Endurance Road Cycling Bib Shorts,Van Rysel Endurance Road Cuissard à bretelles Femme,Van Rysel Endurance Road 여성용 사이클 빕숏
3583787107461,Van Rysel Women's Endurance Road Cycling Bib Shorts,Van Rysel Endurance Road Cuissard à bretelles Femme,Van Rysel Endurance Road 여성용 사이클 빕숏
3583787107614,Van Rysel Unisex RCR 2 Short-Sleeved Cycling Jersey,Van Rysel RCR 2 Short-Sleeved Maillot de Vélo Mixte,Van Rysel RCR 2 Short-Sleeved 남녀공용 사이클 저지
3583787107638,Van Rysel Unisex RCR 2 Short-Sleeved Cycling Jersey,Van Rysel RCR 2 Short-Sleeved Maillot de Vélo Mixte,Van Rysel RCR 2 Short-Sleeved 남녀공용 사이클 저지
3583787107645,Van Rysel Unisex RCR 2 Short-Sleeved Cycling Jersey,Van Rysel RCR 2 Short-Sleeved Maillot de Vélo Mixte,Van Rysel RCR 2 Short-Sleeved 남녀공용 사이클 저지
3583787107652,Van Rysel Unisex RCR 2 Short-Sleeved Cycling Jersey,Van Rysel RCR 2 Short-Sleeved Maillot de Vélo Mixte,Van Rysel RCR 2 Short-Sleeved 남녀공용 사이클 저지
3583787107676,Van Rysel Unisex RCR 2 Short-Sleeved Cycling Jersey,Van Rysel RCR 2 Short-Sleeved Maillot de Vélo Mixte,Van Rysel RCR 2 Short-Sleeved 남녀공용 사이클 저지
3583787109939,Forclaz Men’s Travel 900 Hiking Shorts,Forclaz ’s 900 Short de Randonnée Voyage Homme,Forclaz ’s 900 남성용 등산 트래블 반바지
3583787109953,Forclaz Men’s Travel 900 Hiking Shorts,Forclaz ’s 900 Short de Randonnée Voyage Homme,Forclaz ’s 900 남성용 등산 트래블 반바지
3583787109977,Forclaz Men’s Travel 900 Hiking Shorts,Forclaz ’s 900 Short de Randonnée Voyage Homme,Forclaz ’s 900 남성용 등산 트래블 반바지
3583787109984,Forclaz Men’s Travel 900 Hiking Shorts,Forclaz ’s 900 Short de Randonnée Voyage Homme,Forclaz ’s 900 남성용 등산 트래블 반바지
3583787109991,Forclaz Men’s Travel 900 Hiking Shorts,Forclaz ’s 900 Short de Randonnée Voyage Homme,Forclaz ’s 900 남성용 등산 트래블 반바지
3583787110003,Forclaz Men’s Travel 900 Hiking Shorts,Forclaz ’s 900 Short de Randonnée Voyage Homme,Forclaz ’s 900 남성용 등산 트래블 반바지
3583787110010,Forclaz Men’s Travel 900 Hiking Shorts,Forclaz ’s 900 Short de Randonnée Voyage Homme,Forclaz ’s 900 남성용 등산 트래블 반바지
3583787110027,Forclaz Men’s Travel 900 Hiking Shorts,Forclaz ’s 900 Short de Randonnée Voyage Homme,Forclaz ’s 900 남성용 등산 트래블 반바지
3583787110041,Forclaz Men’s Travel 900 Hiking Shorts,Forclaz ’s 900 Short de Randonnée Voyage Homme,Forclaz ’s 900 남성용 등산 트래블 반바지
3583787110072,Forclaz Ultra-Compact 10 L Backpack,Forclaz 10 Sac à dos Compact Ultra,Forclaz 10 컴팩트 울트라 백팩
3583787110102,Forclaz Women's Travel 900 50 L Backpacking Pack,Forclaz 900 50 Pack Trekking Voyage Femme,Forclaz 900 50 Pack 여성용 백패킹 트래블
3583787113172,Simond Women's MT900 Symbium2 50+10 L Backpacking Pack,Simond MT900 Symbium2 50+10 Pack Trekking Femme,Simond MT900 Symbium2 50+10 Pack 여성용 백패킹
3583787116180,Van Rysel RCR PRO Frame Kit,Van Rysel RCR PRO Kit Cadre,Van Rysel RCR PRO Kit 프레임
3583787116197,Van Rysel RCR PRO Frame Kit,Van Rysel RCR PRO Kit Cadre,Van Rysel RCR PRO Kit 프레임
3583787116203,Van Rysel RCR PRO Frame Kit,Van Rysel RCR PRO Kit Cadre,Van Rysel RCR PRO Kit 프레임
3583787116258,Van Rysel RCR PRO Frame Kit,Van Rysel RCR PRO Kit Cadre,Van Rysel RCR PRO Kit 프레임
3583787116265,Van Rysel RCR PRO Frame Kit,Van Rysel RCR PRO Kit Cadre,Van Rysel RCR PRO Kit 프레임
3583787135310,Van Rysel XCR TRIATHLON ULTEGRA DI2,Van Rysel XCR TRIATHLON ULTEGRA DI2,Van Rysel XCR TRIATHLON ULTEGRA DI2
3583787135327,Van Rysel XCR TRIATHLON ULTEGRA DI2,Van Rysel XCR TRIATHLON ULTEGRA DI2,Van Rysel XCR TRIATHLON ULTEGRA DI2
3583787135334,Van Rysel XCR TRIATHLON ULTEGRA DI2,Van Rysel XCR TRIATHLON ULTEGRA DI2,Van Rysel XCR TRIATHLON ULTEGRA DI2
3583787135341,Van Rysel XCR TRIATHLON ULTEGRA DI2,Van Rysel XCR TRIATHLON ULTEGRA DI2,Van Rysel XCR TRIATHLON ULTEGRA DI2
3583787135358,Van Rysel XCR TRIATHLON ULTEGRA DI2,Van Rysel XCR TRIATHLON ULTEGRA DI2,Van Rysel XCR TRIATHLON ULTEGRA DI2
3583787146743,Forclaz Adult MT500 Seamless Liner Gloves,Forclaz MT500 Liner Gants Sans couture Adulte,Forclaz MT500 Liner 성인용 심리스 장갑
3583787146750,Forclaz Adult MT500 Seamless Liner Gloves,Forclaz MT500 Liner Gants Sans couture Adulte,Forclaz MT500 Liner 성인용 심리스 장갑
3583787146767,Forclaz Adult MT500 Seamless Liner Gloves,Forclaz MT500 Liner Gants Sans couture Adulte,Forclaz MT500 Liner 성인용 심리스 장갑
3583787146774,Simond MT900 Windproof Convertable Backpacking Mittens,Simond MT900 Windproof Convertable Moufles Trekking,Simond MT900 Windproof Convertable 백패킹 벙어리장갑
3583787146781,Forclaz Adult MT500 Fleece Backpacking Gloves,Forclaz MT500 Gloves Polaire Trekking Adulte,Forclaz MT500 Gloves 성인용 백패킹 플리스
3583787146798,Simond MT900 Windproof Convertable Backpacking Mittens,Simond MT900 Windproof Convertable Moufles Trekking,Simond MT900 Windproof Convertable 백패킹 벙어리장갑
3583787146804,Forclaz Adult MT500 Fleece Backpacking Gloves,Forclaz MT500 Gloves Polaire Trekking Adulte,Forclaz MT500 Gloves 성인용 백패킹 플리스
3583787146811,Forclaz Adult MT500 Fleece Backpacking Gloves,Forclaz MT500 Gloves Polaire Trekking Adulte,Forclaz MT500 Gloves 성인용 백패킹 플리스
3583787146828,Forclaz Adult MT500 Seamless Liner Gloves,Forclaz MT500 Liner Gants Sans couture Adulte,Forclaz MT500 Liner 성인용 심리스 장갑
3583787146835,Forclaz Adult MT500 Fleece Backpacking Gloves,Forclaz MT500 Gloves Polaire Trekking Adulte,Forclaz MT500 Gloves 성인용 백패킹 플리스
3583787146842,Simond MT900 Windproof Convertable Backpacking Mittens,Simond MT900 Windproof Convertable Moufles Trekking,Simond MT900 Windproof Convertable 백패킹 벙어리장갑
3583787146859,Simond MT900 Windproof Convertable Backpacking Mittens,Simond MT900 Windproof Convertable Moufles Trekking,Simond MT900 Windproof Convertable 백패킹 벙어리장갑
3583787146866,Simond MT900 Windproof Convertable Backpacking Mittens,Simond MT900 Windproof Convertable Moufles Trekking,Simond MT900 Windproof Convertable 백패킹 벙어리장갑
3583787146873,Forclaz Adult MT500 Fleece Backpacking Gloves,Forclaz MT500 Gloves Polaire Trekking Adulte,Forclaz MT500 Gloves 성인용 백패킹 플리스
3583787146880,Simond MT900 Windproof Convertable Backpacking Mittens,Simond MT900 Windproof Convertable Moufles Trekking,Simond MT900 Windproof Convertable 백패킹 벙어리장갑
3583787146897,Forclaz Adult MT500 Fleece Backpacking Gloves,Forclaz MT500 Gloves Polaire Trekking Adulte,Forclaz MT500 Gloves 성인용 백패킹 플리스
3583787148334,Van Rysel Adult RCR Road Cycling Shoes,Van Rysel RCR Road Chaussures de vélo Adulte,Van Rysel RCR Road 성인용 사이클 슈즈
3583787148341,Van Rysel Adult RCR Road Cycling Shoes,Van Rysel RCR Road Chaussures de vélo Adulte,Van Rysel RCR Road 성인용 사이클 슈즈
3583787148358,Van Rysel Adult RCR Road Cycling Shoes,Van Rysel RCR Road Chaussures de vélo Adulte,Van Rysel RCR Road 성인용 사이클 슈즈
3583787148365,Van Rysel Adult RCR Road Cycling Shoes,Van Rysel RCR Road Chaussures de vélo Adulte,Van Rysel RCR Road 성인용 사이클 슈즈
3583787148372,Van Rysel Adult RCR Road Cycling Shoes,Van Rysel RCR Road Chaussures de vélo Adulte,Van Rysel RCR Road 성인용 사이클 슈즈
3583787148389,Van Rysel Adult RCR Road Cycling Shoes,Van Rysel RCR Road Chaussures de vélo Adulte,Van Rysel RCR Road 성인용 사이클 슈즈
3583787148396,Van Rysel Adult RCR Road Cycling Shoes,Van Rysel RCR Road Chaussures de vélo Adulte,Van Rysel RCR Road 성인용 사이클 슈즈
3583787148402,Van Rysel Adult RCR Road Cycling Shoes,Van Rysel RCR Road Chaussures de vélo Adulte,Van Rysel RCR Road 성인용 사이클 슈즈
3583787148440,Van Rysel Adult RCR Road Cycling Shoes,Van Rysel RCR Road Chaussures de vélo Adulte,Van Rysel RCR Road 성인용 사이클 슈즈
3583787148518,Van Rysel Adult RCR Road Cycling Shoes,Van Rysel RCR Road Chaussures de vélo Adulte,Van Rysel RCR Road 성인용 사이클 슈즈
3583787148532,Van Rysel Adult RCR Road Cycling Shoes,Van Rysel RCR Road Chaussures de vélo Adulte,Van Rysel RCR Road 성인용 사이클 슈즈
3583787148563,Van Rysel Adult RCR Road Cycling Shoes,Van Rysel RCR Road Chaussures de vélo Adulte,Van Rysel RCR Road 성인용 사이클 슈즈
3583787180655,Simond Ice 30L Waterproof Mountaineering Backpack,Simond Ice 30L Mountaineering Sac à dos Imperméable,Simond Ice 30L Mountaineering 방수 백팩
3583787196588,Forclaz Travel 500 Organizer 40 L Backpack,Forclaz 500 Organizer 40 Sac à dos Voyage,Forclaz 500 Organizer 40 트래블 백팩
3583787200810,Simond 500 Extend 30-40 L Duffel Bag,Simond 500 Extend 30-40 Duffel Bag,Simond 500 Extend 30-40 Duffel Bag
3583787200827,Simond 500 Extend 30-40 L Duffel Bag,Simond 500 Extend 30-40 Duffel Bag,Simond 500 Extend 30-40 Duffel Bag
3583787208861,Quechua Kids’ MH100 Hiking Rain Poncho – Ages 7–15,Quechua MH100 Ages 7–15 Poncho de pluie de Randonnée Enfant,Quechua MH100 Ages 7–15 아동용 등산 우비
3583787230190,Van Rysel Women's Cycling Mesh Warm Weather Base Layer,Van Rysel Mesh Weather Sous-vêtement technique de Vélo Chaud Femme,Van Rysel Mesh Weather 여성용 사이클 보온 베이스레이어
3583787230329,Van Rysel Women's Cycling Mesh Warm Weather Base Layer,Van Rysel Mesh Weather Sous-vêtement technique de Vélo Chaud Femme,Van Rysel Mesh Weather 여성용 사이클 보온 베이스레이어
3583787230336,Van Rysel Women's Cycling Mesh Warm Weather Base Layer,Van Rysel Mesh Weather Sous-vêtement technique de Vélo Chaud Femme,Van Rysel Mesh Weather 여성용 사이클 보온 베이스레이어
3583787230343,Van Rysel Women's Cycling Mesh Warm Weather Base Layer,Van Rysel Mesh Weather Sous-vêtement technique de Vélo Chaud Femme,Van Rysel Mesh Weather 여성용 사이클 보온 베이스레이어
3583787247679,Simond Women's MT500 2-in-1 Modular Hiking Pants,Simond MT500 2-in-1 Modular Pantalon de Randonnée Femme,Simond MT500 2-in-1 Modular 여성용 등산 바지
3583787247686,Simond Women's MT500 2-in-1 Modular Hiking Pants,Simond MT500 2-in-1 Modular Pantalon de Randonnée Femme,Simond MT500 2-in-1 Modular 여성용 등산 바지
3583787247693,Simond Women's MT500 2-in-1 Modular Hiking Pants,Simond MT500 2-in-1 Modular Pantalon de Randonnée Femme,Simond MT500 2-in-1 Modular 여성용 등산 바지
3583787247709,Simond Women's MT500 2-in-1 Modular Hiking Pants,Simond MT500 2-in-1 Modular Pantalon de Randonnée Femme,Simond MT500 2-in-1 Modular 여성용 등산 바지
3583787247723,Simond Women's MT500 2-in-1 Modular Hiking Pants,Simond MT500 2-in-1 Modular Pantalon de Randonnée Femme,Simond MT500 2-in-1 Modular 여성용 등산 바지
3583787247730,Simond Women's MT500 2-in-1 Modular Hiking Pants,Simond MT500 2-in-1 Modular Pantalon de Randonnée Femme,Simond MT500 2-in-1 Modular 여성용 등산 바지
3583787252949,Forclaz MT50 Rain Poncho - 10L,Forclaz MT50 10L Poncho de pluie,Forclaz MT50 10L 우비
3583787252956,Forclaz MT50 Rain Poncho - 10L,Forclaz MT50 10L Poncho de pluie,Forclaz MT50 10L 우비
3583787257104,Forclaz Travel 500 Organizer 40 L Backpack,Forclaz 500 Organizer 40 Sac à dos Voyage,Forclaz 500 Organizer 40 트래블 백팩
3583787261712,Simond Alpinism Evo 40L Mountaineering Backpack,Simond Alpinism Evo 40L Mountaineering Sac à dos,Simond Alpinism Evo 40L Mountaineering 백팩
3583787275139,Forclaz Travel 500 Organizer 40 L Backpack,Forclaz 500 Organizer 40 Sac à dos Voyage,Forclaz 500 Organizer 40 트래블 백팩
3583787275221,Simond Women's Travel 500 Merino Wool T-Shirt,Simond 500 T-shirt Mérinos Voyage Laine Femme,Simond 500 여성용 메리노 트래블 울 티셔츠
3583787275238,Simond Women's Travel 500 Merino Wool T-Shirt,Simond 500 T-shirt Mérinos Voyage Laine Femme,Simond 500 여성용 메리노 트래블 울 티셔츠
3583787275276,Simond Women's Travel 500 Merino Wool T-Shirt,Simond 500 T-shirt Mérinos Voyage Laine Femme,Simond 500 여성용 메리노 트래블 울 티셔츠
3583787275306,Simond Women's Travel 500 Merino Wool T-Shirt,Simond 500 T-shirt Mérinos Voyage Laine Femme,Simond 500 여성용 메리노 트래블 울 티셔츠
3583787275337,Simond Women's Travel 500 Merino Wool T-Shirt,Simond 500 T-shirt Mérinos Voyage Laine Femme,Simond 500 여성용 메리노 트래블 울 티셔츠
3583787275375,Forclaz HL900 USB V3 600 Lumen Rechargeable Head Torch,Forclaz HL900 USB V3 600 Lumen Rechargeable Head Torch,Forclaz HL900 USB V3 600 Lumen Rechargeable Head Torch
3583787303948,Forclaz Adult MT900 Backpacking Gloves,Forclaz MT900 Gants Trekking Adulte,Forclaz MT900 성인용 백패킹 장갑
3583787303955,Forclaz Adult MT900 Backpacking Gloves,Forclaz MT900 Gants Trekking Adulte,Forclaz MT900 성인용 백패킹 장갑
3583787303962,Forclaz Adult MT900 Backpacking Gloves,Forclaz MT900 Gants Trekking Adulte,Forclaz MT900 성인용 백패킹 장갑
3583787303979,Forclaz Adult MT900 Backpacking Gloves,Forclaz MT900 Gants Trekking Adulte,Forclaz MT900 성인용 백패킹 장갑
3583787303993,Forclaz Adult MT900 Backpacking Gloves,Forclaz MT900 Gants Trekking Adulte,Forclaz MT900 성인용 백패킹 장갑
3583787304006,Forclaz Adult MT900 Backpacking Gloves,Forclaz MT900 Gants Trekking Adulte,Forclaz MT900 성인용 백패킹 장갑
3583787304013,Forclaz Adult MT900 Backpacking Gloves,Forclaz MT900 Gants Trekking Adulte,Forclaz MT900 성인용 백패킹 장갑
3583787367506,Simond Women's Travel 500 Leggings,Simond 500 Legging Voyage Femme,Simond 500 여성용 트래블 레깅스
3583787367537,Simond Women's Travel 500 Leggings,Simond 500 Legging Voyage Femme,Simond 500 여성용 트래블 레깅스
3583787367544,Simond Women's Travel 500 Leggings,Simond 500 Legging Voyage Femme,Simond 500 여성용 트래블 레깅스
3583787367551,Simond Women's Travel 500 Leggings,Simond 500 Legging Voyage Femme,Simond 500 여성용 트래블 레깅스
3583787367568,Simond Women's Travel 500 Leggings,Simond 500 Legging Voyage Femme,Simond 500 여성용 트래블 레깅스
3583787367575,Simond Women's Travel 500 Leggings,Simond 500 Legging Voyage Femme,Simond 500 여성용 트래블 레깅스
3583787405871,Simond Women's MT500 Hiking Shorts,Simond MT500 Short de Randonnée Femme,Simond MT500 여성용 등산 반바지
3583787405888,Simond Women's MT500 Hiking Shorts,Simond MT500 Short de Randonnée Femme,Simond MT500 여성용 등산 반바지
3583787405895,Simond Women's MT500 Hiking Shorts,Simond MT500 Short de Randonnée Femme,Simond MT500 여성용 등산 반바지
3583787405901,Simond Women's MT500 Hiking Shorts,Simond MT500 Short de Randonnée Femme,Simond MT500 여성용 등산 반바지
3583787405918,Simond Women's MT500 Hiking Shorts,Simond MT500 Short de Randonnée Femme,Simond MT500 여성용 등산 반바지
3583787405925,Simond Women's MT500 Hiking Shorts,Simond MT500 Short de Randonnée Femme,Simond MT500 여성용 등산 반바지
3583787405932,Simond Women's MT500 Hiking Shorts,Simond MT500 Short de Randonnée Femme,Simond MT500 여성용 등산 반바지
3583787412657,Forclaz MT100 Fleece Gloves,Forclaz MT100 Gloves Polaire,Forclaz MT100 Gloves 플리스
3583787412664,Forclaz MT100 Fleece Gloves,Forclaz MT100 Gloves Polaire,Forclaz MT100 Gloves 플리스
3583787412671,Forclaz MT100 Fleece Gloves,Forclaz MT100 Gloves Polaire,Forclaz MT100 Gloves 플리스
3583787412688,Forclaz MT100 Fleece Gloves,Forclaz MT100 Gloves Polaire,Forclaz MT100 Gloves 플리스
3583787413159,Forclaz Men's Travel 900 70+6L Backpacking Pack,Forclaz 900 70+6L Pack Trekking Voyage Homme,Forclaz 900 70+6L Pack 남성용 백패킹 트래블
3583787413166,Forclaz Women's Travel 900 60 + 6 L Backpacking Pack,Forclaz 900 60 6 Pack Trekking Voyage Femme,Forclaz 900 60 6 Pack 여성용 백패킹 트래블
3583787413173,Forclaz Men's Travel 900 50+6 L Backpacking Pack,Forclaz 900 50+6 Pack Trekking Voyage Homme,Forclaz 900 50+6 Pack 남성용 백패킹 트래블
3583787413807,Forclaz Men's MT100 2-in-1 Zip-Off Hiking Pants,Forclaz MT100 2-in-1 Zip-Off Pantalon de Randonnée Homme,Forclaz MT100 2-in-1 Zip-Off 남성용 등산 바지
3583787413814,Forclaz Men's MT100 2-in-1 Zip-Off Hiking Pants,Forclaz MT100 2-in-1 Zip-Off Pantalon de Randonnée Homme,Forclaz MT100 2-in-1 Zip-Off 남성용 등산 바지
3583787413821,Forclaz Men's MT100 2-in-1 Zip-Off Hiking Pants,Forclaz MT100 2-in-1 Zip-Off Pantalon de Randonnée Homme,Forclaz MT100 2-in-1 Zip-Off 남성용 등산 바지
3583787413838,Forclaz Men's MT100 2-in-1 Zip-Off Hiking Pants,Forclaz MT100 2-in-1 Zip-Off Pantalon de Randonnée Homme,Forclaz MT100 2-in-1 Zip-Off 남성용 등산 바지
3583787413845,Forclaz Men's MT100 2-in-1 Zip-Off Hiking Pants,Forclaz MT100 2-in-1 Zip-Off Pantalon de Randonnée Homme,Forclaz MT100 2-in-1 Zip-Off 남성용 등산 바지
3583787413852,Forclaz Men's MT100 2-in-1 Zip-Off Hiking Pants,Forclaz MT100 2-in-1 Zip-Off Pantalon de Randonnée Homme,Forclaz MT100 2-in-1 Zip-Off 남성용 등산 바지
3583787413869,Forclaz Men's MT100 2-in-1 Zip-Off Hiking Pants,Forclaz MT100 2-in-1 Zip-Off Pantalon de Randonnée Homme,Forclaz MT100 2-in-1 Zip-Off 남성용 등산 바지
3583787413876,Forclaz Men's MT100 2-in-1 Zip-Off Hiking Pants,Forclaz MT100 2-in-1 Zip-Off Pantalon de Randonnée Homme,Forclaz MT100 2-in-1 Zip-Off 남성용 등산 바지
3583787421963,Simond Rock 20L Climbing Backpack,Simond Rock 20L Climbing Sac à dos,Simond Rock 20L Climbing 백팩
3583787423349,Simond MT500 60L Hiking Rain Poncho,Simond MT500 60L Poncho de pluie de Randonnée,Simond MT500 60L 등산 우비
3583787423356,Simond MT500 60L Hiking Rain Poncho,Simond MT500 60L Poncho de pluie de Randonnée,Simond MT500 60L 등산 우비
3583787448359,Simond Women's Merino Wool Mountaineering Stretch Hoodie,Simond Mountaineering Stretch Hoodie Mérinos Laine Femme,Simond Mountaineering Stretch Hoodie 여성용 메리노 울
3583787448366,Simond Women's Merino Wool Mountaineering Stretch Hoodie,Simond Mountaineering Stretch Hoodie Mérinos Laine Femme,Simond Mountaineering Stretch Hoodie 여성용 메리노 울
3583787448380,Simond Women's Merino Wool Mountaineering Stretch Hoodie,Simond Mountaineering Stretch Hoodie Mérinos Laine Femme,Simond Mountaineering Stretch Hoodie 여성용 메리노 울
3583787448403,Simond Women's Merino Wool Mountaineering Stretch Hoodie,Simond Mountaineering Stretch Hoodie Mérinos Laine Femme,Simond Mountaineering Stretch Hoodie 여성용 메리노 울
3583787460900,Simond Travel 100 50L Backpack Pack,Simond 100 50L Pack Sac à dos Voyage,Simond 100 50L Pack 트래블 백팩
3583787480373,Forclaz Men's MT900 50+10 L Ultralight Backpacking Pack,Forclaz MT900 50+10 Ultralight Pack Trekking Homme,Forclaz MT900 50+10 Ultralight Pack 남성용 백패킹
3583787480380,Forclaz Women's Ultralight Backpacking Backpack 45+10 L - MT900 UL,Forclaz Ultralight 45+10 MT900 UL Sac à dos Trekking Femme,Forclaz Ultralight 45+10 MT900 UL 여성용 백패킹 백팩
3583787480397,Simond Men's MT500 Air 50+10 L Backpacking Backpack,Simond MT500 Air 50+10 Sac à dos Trekking Homme,Simond MT500 Air 50+10 남성용 백패킹 백팩
3583787480410,Simond Women's MT500 Air 45+10 L Backpacking Pack,Simond MT500 Air 45+10 Pack Trekking Femme,Simond MT500 Air 45+10 Pack 여성용 백패킹
3583787480434,Simond Women's MT500 AIR 55+10L Backpacking Pack,Simond MT500 AIR 55+10L Pack Trekking Femme,Simond MT500 AIR 55+10L Pack 여성용 백패킹
3583787480465,Simond  Women's MT100 Easyfit 50L Backpacking Pack,Simond MT100 Easyfit 50L Pack Trekking Femme,Simond MT100 Easyfit 50L Pack 여성용 백패킹
3583787480489,Simond  Transport 900 Extend 80-120 L Duffel Bag,Simond Transport 900 Extend 80-120 Duffel Bag,Simond Transport 900 Extend 80-120 Duffel Bag
3583787505984,Van Rysel Unisex Long-Sleeve Cycling Base Layer,Van Rysel Sous-vêtement technique Manches longues de Vélo Mixte,Van Rysel 남녀공용 긴팔 사이클 베이스레이어
3583787506035,Van Rysel Unisex Long-Sleeve Cycling Base Layer,Van Rysel Sous-vêtement technique Manches longues de Vélo Mixte,Van Rysel 남녀공용 긴팔 사이클 베이스레이어
3583787506042,Van Rysel Unisex Long-Sleeve Cycling Base Layer,Van Rysel Sous-vêtement technique Manches longues de Vélo Mixte,Van Rysel 남녀공용 긴팔 사이클 베이스레이어
3583787506059,Van Rysel Unisex Long-Sleeve Cycling Base Layer,Van Rysel Sous-vêtement technique Manches longues de Vélo Mixte,Van Rysel 남녀공용 긴팔 사이클 베이스레이어
3583787506110,Van Rysel Unisex Long-Sleeve Cycling Base Layer,Van Rysel Sous-vêtement technique Manches longues de Vélo Mixte,Van Rysel 남녀공용 긴팔 사이클 베이스레이어
3583787520864,Simond Men's MT500 Down Puffer Jacket,Simond MT500 Doudoune Duvet Homme,Simond MT500 남성용 다운 패딩 재킷
3583787520871,Simond Men's MT500 Down Puffer Jacket,Simond MT500 Doudoune Duvet Homme,Simond MT500 남성용 다운 패딩 재킷
3583787520888,Simond Men's MT500 Down Puffer Jacket,Simond MT500 Doudoune Duvet Homme,Simond MT500 남성용 다운 패딩 재킷
3583787520895,Simond Men's MT500 Down Puffer Jacket,Simond MT500 Doudoune Duvet Homme,Simond MT500 남성용 다운 패딩 재킷
3583787520901,Simond Men's MT500 Down Puffer Jacket,Simond MT500 Doudoune Duvet Homme,Simond MT500 남성용 다운 패딩 재킷
3583787520918,Simond Men's MT500 Down Puffer Jacket,Simond MT500 Doudoune Duvet Homme,Simond MT500 남성용 다운 패딩 재킷
3583787526774,Simond Men's MT500 Long-sleeve 100% Merino Wool T-shirt,Simond MT500 100% T-shirt Manches longues Mérinos Laine Homme,Simond MT500 100% 남성용 긴팔 메리노 울 티셔츠
3583787526781,Simond Men's MT500 Long-sleeve 100% Merino Wool T-shirt,Simond MT500 100% T-shirt Manches longues Mérinos Laine Homme,Simond MT500 100% 남성용 긴팔 메리노 울 티셔츠
3583787526798,Simond Men's MT500 Long-sleeve 100% Merino Wool T-shirt,Simond MT500 100% T-shirt Manches longues Mérinos Laine Homme,Simond MT500 100% 남성용 긴팔 메리노 울 티셔츠
3583787526804,Simond Men's MT500 Long-sleeve 100% Merino Wool T-shirt,Simond MT500 100% T-shirt Manches longues Mérinos Laine Homme,Simond MT500 100% 남성용 긴팔 메리노 울 티셔츠
3583787526811,Simond Men's MT500 Long-sleeve 100% Merino Wool T-shirt,Simond MT500 100% T-shirt Manches longues Mérinos Laine Homme,Simond MT500 100% 남성용 긴팔 메리노 울 티셔츠
3583787526897,Simond Women's MT500 Long-sleeve 100% Merino Wool Shirt,Simond MT500 100% Haut Manches longues Mérinos Laine Femme,Simond MT500 100% 여성용 긴팔 메리노 울 셔츠
3583787526903,Simond Women's MT500 Long-sleeve 100% Merino Wool Shirt,Simond MT500 100% Haut Manches longues Mérinos Laine Femme,Simond MT500 100% 여성용 긴팔 메리노 울 셔츠
3583787526910,Simond Women's MT500 Long-sleeve 100% Merino Wool Shirt,Simond MT500 100% Haut Manches longues Mérinos Laine Femme,Simond MT500 100% 여성용 긴팔 메리노 울 셔츠
3583787526927,Simond Women's MT500 Long-sleeve 100% Merino Wool Shirt,Simond MT500 100% Haut Manches longues Mérinos Laine Femme,Simond MT500 100% 여성용 긴팔 메리노 울 셔츠
3583787526934,Simond Women's MT500 Long-sleeve 100% Merino Wool Shirt,Simond MT500 100% Haut Manches longues Mérinos Laine Femme,Simond MT500 100% 여성용 긴팔 메리노 울 셔츠
3583787530580,Quechua Women's NH100 3-in-1 Waterproof Jacket,Quechua NH100 3-in-1 Veste Imperméable Femme,Quechua NH100 3-in-1 여성용 방수 재킷
3583787530719,Quechua Women's NH100 3-in-1 Waterproof Jacket,Quechua NH100 3-in-1 Veste Imperméable Femme,Quechua NH100 3-in-1 여성용 방수 재킷
3583787530733,Quechua Women's NH100 3-in-1 Waterproof Jacket,Quechua NH100 3-in-1 Veste Imperméable Femme,Quechua NH100 3-in-1 여성용 방수 재킷
3583787530757,Quechua Women's NH100 3-in-1 Waterproof Jacket,Quechua NH100 3-in-1 Veste Imperméable Femme,Quechua NH100 3-in-1 여성용 방수 재킷
3583787530771,Quechua Women's NH100 3-in-1 Waterproof Jacket,Quechua NH100 3-in-1 Veste Imperméable Femme,Quechua NH100 3-in-1 여성용 방수 재킷
3583787530801,Quechua Women's NH100 3-in-1 Waterproof Jacket,Quechua NH100 3-in-1 Veste Imperméable Femme,Quechua NH100 3-in-1 여성용 방수 재킷
3583787538654,Simond Trek 500 Merino Wool Bra,Simond Trek 500 Bra Mérinos Laine,Simond Trek 500 Bra 메리노 울
3583787538661,Simond Trek 500 Merino Wool Bra,Simond Trek 500 Bra Mérinos Laine,Simond Trek 500 Bra 메리노 울
3583787538678,Simond Trek 500 Merino Wool Bra,Simond Trek 500 Bra Mérinos Laine,Simond Trek 500 Bra 메리노 울
3583787538685,Simond Trek 500 Merino Wool Bra,Simond Trek 500 Bra Mérinos Laine,Simond Trek 500 Bra 메리노 울
3583787538692,Simond Trek 500 Merino Wool Bra,Simond Trek 500 Bra Mérinos Laine,Simond Trek 500 Bra 메리노 울
3583787538807,Forclaz Men's MT900 Merino Wool Long Sleeve Shirt,Forclaz MT900 Long Sleeve Haut Mérinos Laine Homme,Forclaz MT900 Long Sleeve 남성용 메리노 울 셔츠
3583787538814,Forclaz Men's MT900 Merino Wool Long Sleeve Shirt,Forclaz MT900 Long Sleeve Haut Mérinos Laine Homme,Forclaz MT900 Long Sleeve 남성용 메리노 울 셔츠
3583787538821,Forclaz Men's MT900 Merino Wool Long Sleeve Shirt,Forclaz MT900 Long Sleeve Haut Mérinos Laine Homme,Forclaz MT900 Long Sleeve 남성용 메리노 울 셔츠
3583787538838,Forclaz Men's MT900 Merino Wool Long Sleeve Shirt,Forclaz MT900 Long Sleeve Haut Mérinos Laine Homme,Forclaz MT900 Long Sleeve 남성용 메리노 울 셔츠
3583787538845,Forclaz Men's MT900 Merino Wool Long Sleeve Shirt,Forclaz MT900 Long Sleeve Haut Mérinos Laine Homme,Forclaz MT900 Long Sleeve 남성용 메리노 울 셔츠
3583787538852,Forclaz Men's Mountain Backpacking Merino Wool Base Layer Tights Leggings - MT900,Forclaz Tights Leggings MT900 Sous-vêtement technique Trekking Montagne Mérinos Laine Homme,Forclaz Tights Leggings MT900 남성용 백패킹 마운틴 메리노 울 베이스레이어
3583787538869,Forclaz Men's Mountain Backpacking Merino Wool Base Layer Tights Leggings - MT900,Forclaz Tights Leggings MT900 Sous-vêtement technique Trekking Montagne Mérinos Laine Homme,Forclaz Tights Leggings MT900 남성용 백패킹 마운틴 메리노 울 베이스레이어
3583787538876,Forclaz Men's Mountain Backpacking Merino Wool Base Layer Tights Leggings - MT900,Forclaz Tights Leggings MT900 Sous-vêtement technique Trekking Montagne Mérinos Laine Homme,Forclaz Tights Leggings MT900 남성용 백패킹 마운틴 메리노 울 베이스레이어
3583787538883,Forclaz Men's Mountain Backpacking Merino Wool Base Layer Tights Leggings - MT900,Forclaz Tights Leggings MT900 Sous-vêtement technique Trekking Montagne Mérinos Laine Homme,Forclaz Tights Leggings MT900 남성용 백패킹 마운틴 메리노 울 베이스레이어
3583787538890,Forclaz Men's Mountain Backpacking Merino Wool Base Layer Tights Leggings - MT900,Forclaz Tights Leggings MT900 Sous-vêtement technique Trekking Montagne Mérinos Laine Homme,Forclaz Tights Leggings MT900 남성용 백패킹 마운틴 메리노 울 베이스레이어
3583787552025,Itiwit Inflatable Stitch kayak 2 Person Floor Outer Fabric Cover,Itiwit Inflatable Stitch kayak 2 Person Floor Outer Fabric Cover,Itiwit Inflatable Stitch kayak 2 Person Floor Outer Fabric Cover
3583787567241,RIGHT-HAND BLADDER FOR ITIWIT 100 2-SEATER TEXTILE KAYAKS,RIGHT-HAND FOR ITIWIT 100 2-SEATER TEXTILE KAYAKS Poche à eau,RIGHT-HAND FOR ITIWIT 100 2-SEATER TEXTILE KAYAKS 물주머니
3583787567326,"3.5"" Seat Bladder for Itiwit 1 New Itiwit 2 New Itiwit 3 New Canoe Kayak Hybrid","3.5"" Seat for Itiwit 1 New Itiwit 2 New Itiwit 3 New Canoe Kayak Hybrid Poche à eau","3.5"" Seat for Itiwit 1 New Itiwit 2 New Itiwit 3 New Canoe Kayak Hybrid 물주머니"
3583787567333,LEFT-HAND BLADDER FOR ITIWIT 100 2-SEATER TEXTILE KAYAKS,LEFT-HAND FOR ITIWIT 100 2-SEATER TEXTILE KAYAKS Poche à eau,LEFT-HAND FOR ITIWIT 100 2-SEATER TEXTILE KAYAKS 물주머니
3583787567340,FLOOR BLADDER FOR ITIWIT 100 2-SEATER TEXTILE KAYAKS,FLOOR FOR ITIWIT 100 2-SEATER TEXTILE KAYAKS Poche à eau,FLOOR FOR ITIWIT 100 2-SEATER TEXTILE KAYAKS 물주머니
3583787567371,LEFT BLADDER FOR ITIWIT 1 KAYAK,LEFT FOR ITIWIT 1 KAYAK Poche à eau,LEFT FOR ITIWIT 1 KAYAK 물주머니
3583787591611,Simond Men's Alpinism Seamless Wool Long-Sleeve Shirt,Simond Alpinism Haut Manches longues Sans couture Laine Homme,Simond Alpinism 남성용 긴팔 심리스 울 셔츠
3583787591628,Simond Men's Alpinism Seamless Wool Long-Sleeve Shirt,Simond Alpinism Haut Manches longues Sans couture Laine Homme,Simond Alpinism 남성용 긴팔 심리스 울 셔츠
3583787591635,Simond Men's Alpinism Seamless Wool Long-Sleeve Shirt,Simond Alpinism Haut Manches longues Sans couture Laine Homme,Simond Alpinism 남성용 긴팔 심리스 울 셔츠
3583787591642,Simond Men's Alpinism Seamless Wool Long-Sleeve Shirt,Simond Alpinism Haut Manches longues Sans couture Laine Homme,Simond Alpinism 남성용 긴팔 심리스 울 셔츠
3583787601440,Simond  100 L Duffel Bag,Simond 100 Duffel Bag,Simond 100 Duffel Bag
3583787612354,Simond  Women's MT500 Hiking Pants,Simond MT500 Pantalon de Randonnée Femme,Simond MT500 여성용 등산 바지
3583787612392,Simond  Women's MT500 Hiking Pants,Simond MT500 Pantalon de Randonnée Femme,Simond MT500 여성용 등산 바지
3583787612415,Simond  Women's MT500 Hiking Pants,Simond MT500 Pantalon de Randonnée Femme,Simond MT500 여성용 등산 바지
3583787612422,Simond  Women's MT500 Hiking Pants,Simond MT500 Pantalon de Randonnée Femme,Simond MT500 여성용 등산 바지
3583787612439,Simond  Women's MT500 Hiking Pants,Simond MT500 Pantalon de Randonnée Femme,Simond MT500 여성용 등산 바지
3583787612477,Simond  Women's MT500 Hiking Pants,Simond MT500 Pantalon de Randonnée Femme,Simond MT500 여성용 등산 바지
3583787612491,Simond  Women's MT500 Hiking Pants,Simond MT500 Pantalon de Randonnée Femme,Simond MT500 여성용 등산 바지
3583787612590,Van Rysel 900 Mid-Cut Cycling Socks,Van Rysel 900 -Cut Chaussettes de Vélo Mi-saison,Van Rysel 900 -Cut 사이클 미드 양말
3583787612606,Van Rysel 900 Mid-Cut Cycling Socks,Van Rysel 900 -Cut Chaussettes de Vélo Mi-saison,Van Rysel 900 -Cut 사이클 미드 양말
3583787612613,Van Rysel 900 Mid-Cut Cycling Socks,Van Rysel 900 -Cut Chaussettes de Vélo Mi-saison,Van Rysel 900 -Cut 사이클 미드 양말
3583787612699,Van Rysel 900 Mid-Cut Cycling Socks,Van Rysel 900 -Cut Chaussettes de Vélo Mi-saison,Van Rysel 900 -Cut 사이클 미드 양말
3583787612712,Van Rysel 900 Mid-Cut Cycling Socks,Van Rysel 900 -Cut Chaussettes de Vélo Mi-saison,Van Rysel 900 -Cut 사이클 미드 양말
3583787612736,Van Rysel 900 Mid-Cut Cycling Socks,Van Rysel 900 -Cut Chaussettes de Vélo Mi-saison,Van Rysel 900 -Cut 사이클 미드 양말
3583787640494,Simond Sprint 33L Lightweight Mountaineering Backpack,Simond Sprint 33L Mountaineering Sac à dos Léger,Simond Sprint 33L Mountaineering 경량 백팩
3583787642580,Forclaz MT500 2L Water Bladder,Forclaz MT500 2L Water Poche à eau,Forclaz MT500 2L Water 물주머니
3583787692240,Forclaz Women's MT100 Hooded Synthetic Jacket,Forclaz MT100 Synthetic Veste à Capuche Femme,Forclaz MT100 Synthetic 여성용 후드 재킷
3583787692264,Simond Women's MT100 Hooded Down Puffer Jacket,Simond MT100 Doudoune à Capuche Duvet Femme,Simond MT100 여성용 후드 다운 패딩 재킷
3583787692318,Simond Women's MT100 Hooded Down Puffer Jacket,Simond MT100 Doudoune à Capuche Duvet Femme,Simond MT100 여성용 후드 다운 패딩 재킷
3583787692325,Simond Women's MT100 Hooded Down Puffer Jacket,Simond MT100 Doudoune à Capuche Duvet Femme,Simond MT100 여성용 후드 다운 패딩 재킷
3583787692332,Simond Women's MT100 Hooded Down Puffer Jacket,Simond MT100 Doudoune à Capuche Duvet Femme,Simond MT100 여성용 후드 다운 패딩 재킷
3583787692349,Simond Women's MT100 Hooded Down Puffer Jacket,Simond MT100 Doudoune à Capuche Duvet Femme,Simond MT100 여성용 후드 다운 패딩 재킷
3583787692356,Simond Women's MT100 Hooded Down Puffer Jacket,Simond MT100 Doudoune à Capuche Duvet Femme,Simond MT100 여성용 후드 다운 패딩 재킷
3583787692363,Forclaz Women's MT100 Hooded Synthetic Jacket,Forclaz MT100 Synthetic Veste à Capuche Femme,Forclaz MT100 Synthetic 여성용 후드 재킷
3583787692370,Forclaz Women's MT100 Hooded Synthetic Jacket,Forclaz MT100 Synthetic Veste à Capuche Femme,Forclaz MT100 Synthetic 여성용 후드 재킷
3583787692394,Forclaz Women's MT100 Hooded Synthetic Jacket,Forclaz MT100 Synthetic Veste à Capuche Femme,Forclaz MT100 Synthetic 여성용 후드 재킷
3583787692400,Forclaz Women's MT100 Hooded Synthetic Jacket,Forclaz MT100 Synthetic Veste à Capuche Femme,Forclaz MT100 Synthetic 여성용 후드 재킷
3583787692417,Forclaz Women's MT100 Hooded Synthetic Jacket,Forclaz MT100 Synthetic Veste à Capuche Femme,Forclaz MT100 Synthetic 여성용 후드 재킷
3583787698303,Forclaz MT100 Rain Poncho - 30 L,Forclaz MT100 30 Poncho de pluie,Forclaz MT100 30 우비
3583787698310,Forclaz MT100 Rain Poncho - 30 L,Forclaz MT100 30 Poncho de pluie,Forclaz MT100 30 우비
3583787729601,Van Rysel Ultra-Light Carbon Fiber Bottle Cage,Van Rysel Carbon Fiber Porte-bidon Léger Ultra,Van Rysel Carbon Fiber 경량 울트라 보틀 케이지
3583787736906,Forclaz MT500 UPF 50+ Hiking Hat,Forclaz MT500 UPF 50+ Chapeau de Randonnée,Forclaz MT500 UPF 50+ 등산 모자
3583787736913,Forclaz MT500 UPF 50+ Hiking Hat,Forclaz MT500 UPF 50+ Chapeau de Randonnée,Forclaz MT500 UPF 50+ 등산 모자
3583787764930,Simond Men's Hooded Merino Wool Pullover,Simond Pull à Capuche Mérinos Laine Homme,Simond 남성용 후드 메리노 울 풀오버
3583787764947,Simond Men's Hooded Merino Wool Pullover,Simond Pull à Capuche Mérinos Laine Homme,Simond 남성용 후드 메리노 울 풀오버
3583787764954,Simond Men's Hooded Merino Wool Pullover,Simond Pull à Capuche Mérinos Laine Homme,Simond 남성용 후드 메리노 울 풀오버
3583787764978,Simond Men's Hooded Merino Wool Pullover,Simond Pull à Capuche Mérinos Laine Homme,Simond 남성용 후드 메리노 울 풀오버
3583787764985,Simond Men's Hooded Merino Wool Pullover,Simond Pull à Capuche Mérinos Laine Homme,Simond 남성용 후드 메리노 울 풀오버
3583787788110,Forclaz Trek 100 Rechargeable 200 Lumens USB Hiking Head Lamp,Forclaz Trek 100 Rechargeable 200 Lumens USB Head Lamp de Randonnée,Forclaz Trek 100 Rechargeable 200 Lumens USB Head Lamp 등산
3583787788295,Simond  Men's MT100 Easyfit 70L Backpacking Pack,Simond MT100 Easyfit 70L Pack Trekking Homme,Simond MT100 Easyfit 70L Pack 남성용 백패킹
3583787788325,Simond Men's MT100 Easyfit 50 L Backpacking Pack,Simond MT100 Easyfit 50 Pack Trekking Homme,Simond MT100 Easyfit 50 Pack 남성용 백패킹
3583787788400,Forclaz 70 100 L Basic Hiking Backpack Rain Cover,Forclaz 70 100 Basic Rain Cover Sac à dos de Randonnée,Forclaz 70 100 Basic Rain Cover 등산 백팩
3583787790281,Forclaz Ultra-Compact 10 L Backpack,Forclaz 10 Sac à dos Compact Ultra,Forclaz 10 컴팩트 울트라 백팩
3583787791455,Ultra Compact Swimming Microfiber towel - XL 110 x 175 cm,Swimming Microfiber XL 110 175 cm Serviette Compact Ultra,Swimming Microfiber XL 110 175 cm 컴팩트 울트라 수건
3583787791523,Ultra Compact Swimming Microfiber towel - XL 110 x 175 cm,Swimming Microfiber XL 110 175 cm Serviette Compact Ultra,Swimming Microfiber XL 110 175 cm 컴팩트 울트라 수건
3583787810323,Forclaz MT500 UPF 50+ Hiking Hat,Forclaz MT500 UPF 50+ Chapeau de Randonnée,Forclaz MT500 UPF 50+ 등산 모자
3583787810361,Forclaz MT500 UPF 50+ Hiking Hat,Forclaz MT500 UPF 50+ Chapeau de Randonnée,Forclaz MT500 UPF 50+ 등산 모자
3583787810637,Forclaz Travel 100 Hiking Cap,Forclaz 100 Casquette de Randonnée Voyage,Forclaz 100 등산 트래블 모자
3583787837504,Forclaz Travel 100 Compact Waterproof 20 L Hiking Backpack,Forclaz 100 20 Sac à dos Imperméable Compact de Randonnée Voyage,Forclaz 100 20 방수 컴팩트 등산 트래블 백팩
3583787858479,Simond Men's Travel 500 Merino Wool T-Shirt,Simond 500 T-shirt Mérinos Voyage Laine Homme,Simond 500 남성용 메리노 트래블 울 티셔츠
3583787858486,Simond Men's Travel 500 Merino Wool T-Shirt,Simond 500 T-shirt Mérinos Voyage Laine Homme,Simond 500 남성용 메리노 트래블 울 티셔츠
3583787858493,Simond Men's Travel 500 Merino Wool T-Shirt,Simond 500 T-shirt Mérinos Voyage Laine Homme,Simond 500 남성용 메리노 트래블 울 티셔츠
3583787858509,Simond Men's Travel 500 Merino Wool T-Shirt,Simond 500 T-shirt Mérinos Voyage Laine Homme,Simond 500 남성용 메리노 트래블 울 티셔츠
3583787858516,Simond Men's Travel 500 Merino Wool T-Shirt,Simond 500 T-shirt Mérinos Voyage Laine Homme,Simond 500 남성용 메리노 트래블 울 티셔츠
3583787861752,Forclaz Women's MT100 2-in-1 Zip-Off Hiking Pants,Forclaz MT100 2-in-1 Zip-Off Pantalon de Randonnée Femme,Forclaz MT100 2-in-1 Zip-Off 여성용 등산 바지
3583787861769,Forclaz Women's MT100 2-in-1 Zip-Off Hiking Pants,Forclaz MT100 2-in-1 Zip-Off Pantalon de Randonnée Femme,Forclaz MT100 2-in-1 Zip-Off 여성용 등산 바지
3583787861776,Forclaz Women's MT100 2-in-1 Zip-Off Hiking Pants,Forclaz MT100 2-in-1 Zip-Off Pantalon de Randonnée Femme,Forclaz MT100 2-in-1 Zip-Off 여성용 등산 바지
3583787861783,Forclaz Women's MT100 2-in-1 Zip-Off Hiking Pants,Forclaz MT100 2-in-1 Zip-Off Pantalon de Randonnée Femme,Forclaz MT100 2-in-1 Zip-Off 여성용 등산 바지
3583787861806,Forclaz Women's MT100 2-in-1 Zip-Off Hiking Pants,Forclaz MT100 2-in-1 Zip-Off Pantalon de Randonnée Femme,Forclaz MT100 2-in-1 Zip-Off 여성용 등산 바지
3583787861813,Forclaz Women's MT100 2-in-1 Zip-Off Hiking Pants,Forclaz MT100 2-in-1 Zip-Off Pantalon de Randonnée Femme,Forclaz MT100 2-in-1 Zip-Off 여성용 등산 바지
3583787864364,Simond Trek 500 Merino Wool Backpacking Underwear Women's,Simond Trek 500 Underwear Trekking Mérinos Laine Femme,Simond Trek 500 Underwear 여성용 백패킹 메리노 울
3583787864388,Simond Trek 500 Merino Wool Backpacking Underwear Women's,Simond Trek 500 Underwear Trekking Mérinos Laine Femme,Simond Trek 500 Underwear 여성용 백패킹 메리노 울
3583787864395,Simond Trek 500 Merino Wool Backpacking Underwear Women's,Simond Trek 500 Underwear Trekking Mérinos Laine Femme,Simond Trek 500 Underwear 여성용 백패킹 메리노 울
3583787864401,Simond Trek 500 Merino Wool Backpacking Underwear Women's,Simond Trek 500 Underwear Trekking Mérinos Laine Femme,Simond Trek 500 Underwear 여성용 백패킹 메리노 울
3583787864418,Simond Trek 500 Merino Wool Backpacking Underwear Women's,Simond Trek 500 Underwear Trekking Mérinos Laine Femme,Simond Trek 500 Underwear 여성용 백패킹 메리노 울
3583787865262,Simond Men's MT500 Merino Wool Boxer Briefs,Simond MT500 Boxer Briefs Mérinos Laine Homme,Simond MT500 Boxer Briefs 남성용 메리노 울
3583787865323,Simond Men's MT500 Merino Wool Boxer Briefs,Simond MT500 Boxer Briefs Mérinos Laine Homme,Simond MT500 Boxer Briefs 남성용 메리노 울
3583787865330,Simond Men's MT500 Merino Wool Boxer Briefs,Simond MT500 Boxer Briefs Mérinos Laine Homme,Simond MT500 Boxer Briefs 남성용 메리노 울
3583787865347,Simond Men's MT500 Merino Wool Boxer Briefs,Simond MT500 Boxer Briefs Mérinos Laine Homme,Simond MT500 Boxer Briefs 남성용 메리노 울
3583787865354,Simond Men's MT500 Merino Wool Boxer Briefs,Simond MT500 Boxer Briefs Mérinos Laine Homme,Simond MT500 Boxer Briefs 남성용 메리노 울
3583787866689,Simond Men's Travel 500 Merino Wool T-Shirt,Simond 500 T-shirt Mérinos Voyage Laine Homme,Simond 500 남성용 메리노 트래블 울 티셔츠
3583787866719,Simond Men's Travel 500 Merino Wool T-Shirt,Simond 500 T-shirt Mérinos Voyage Laine Homme,Simond 500 남성용 메리노 트래블 울 티셔츠
3583787866733,Simond Men's Travel 500 Merino Wool T-Shirt,Simond 500 T-shirt Mérinos Voyage Laine Homme,Simond 500 남성용 메리노 트래블 울 티셔츠
3583787866764,Simond Men's Travel 500 Merino Wool T-Shirt,Simond 500 T-shirt Mérinos Voyage Laine Homme,Simond 500 남성용 메리노 트래블 울 티셔츠
3583787866801,Simond Men's Travel 500 Merino Wool T-Shirt,Simond 500 T-shirt Mérinos Voyage Laine Homme,Simond 500 남성용 메리노 트래블 울 티셔츠
3583787866917,Forclaz Men's Travel 100 Cargo Shorts,Forclaz 100 Cargo Short Voyage Homme,Forclaz 100 Cargo 남성용 트래블 반바지
3583787866924,Forclaz Men's Travel 100 Cargo Shorts,Forclaz 100 Cargo Short Voyage Homme,Forclaz 100 Cargo 남성용 트래블 반바지
3583787866931,Forclaz Men's Travel 100 Cargo Shorts,Forclaz 100 Cargo Short Voyage Homme,Forclaz 100 Cargo 남성용 트래블 반바지
3583787866948,Forclaz Men's Travel 100 Cargo Shorts,Forclaz 100 Cargo Short Voyage Homme,Forclaz 100 Cargo 남성용 트래블 반바지
3583787866955,Forclaz Men's Travel 100 Cargo Shorts,Forclaz 100 Cargo Short Voyage Homme,Forclaz 100 Cargo 남성용 트래블 반바지
3583787866962,Forclaz Men's Travel 100 Cargo Shorts,Forclaz 100 Cargo Short Voyage Homme,Forclaz 100 Cargo 남성용 트래블 반바지
3583787866979,Forclaz Men's Travel 100 Cargo Shorts,Forclaz 100 Cargo Short Voyage Homme,Forclaz 100 Cargo 남성용 트래블 반바지
3583787866986,Forclaz Men's Travel 100 Cargo Shorts,Forclaz 100 Cargo Short Voyage Homme,Forclaz 100 Cargo 남성용 트래블 반바지
3583787866993,Forclaz Men's Travel 100 Cargo Shorts,Forclaz 100 Cargo Short Voyage Homme,Forclaz 100 Cargo 남성용 트래블 반바지
3583787894811,Forclaz Men's MT100 Hooded Synthetic Jacket,Forclaz MT100 Synthetic Veste à Capuche Homme,Forclaz MT100 Synthetic 남성용 후드 재킷
3583787894828,Forclaz Men's MT100 Hooded Synthetic Jacket,Forclaz MT100 Synthetic Veste à Capuche Homme,Forclaz MT100 Synthetic 남성용 후드 재킷
3583787894835,Forclaz Men's MT100 Hooded Synthetic Jacket,Forclaz MT100 Synthetic Veste à Capuche Homme,Forclaz MT100 Synthetic 남성용 후드 재킷
3583787894859,Forclaz Men's MT100 Hooded Synthetic Jacket,Forclaz MT100 Synthetic Veste à Capuche Homme,Forclaz MT100 Synthetic 남성용 후드 재킷
3583787894873,Forclaz Men's MT100 Hooded Synthetic Jacket,Forclaz MT100 Synthetic Veste à Capuche Homme,Forclaz MT100 Synthetic 남성용 후드 재킷
3583787894880,Forclaz Men's MT100 Hooded Synthetic Jacket,Forclaz MT100 Synthetic Veste à Capuche Homme,Forclaz MT100 Synthetic 남성용 후드 재킷
3583787895153,Forclaz Women's MT100 Hooded Synthetic Jacket,Forclaz MT100 Synthetic Veste à Capuche Femme,Forclaz MT100 Synthetic 여성용 후드 재킷
3583787895160,Forclaz Women's MT100 Hooded Synthetic Jacket,Forclaz MT100 Synthetic Veste à Capuche Femme,Forclaz MT100 Synthetic 여성용 후드 재킷
3583787895177,Forclaz Women's MT100 Hooded Synthetic Jacket,Forclaz MT100 Synthetic Veste à Capuche Femme,Forclaz MT100 Synthetic 여성용 후드 재킷
3583787895184,Forclaz Women's MT100 Hooded Synthetic Jacket,Forclaz MT100 Synthetic Veste à Capuche Femme,Forclaz MT100 Synthetic 여성용 후드 재킷
3583787895191,Forclaz Women's MT100 Hooded Synthetic Jacket,Forclaz MT100 Synthetic Veste à Capuche Femme,Forclaz MT100 Synthetic 여성용 후드 재킷
3583787895207,Forclaz Women's MT100 Hooded Synthetic Jacket,Forclaz MT100 Synthetic Veste à Capuche Femme,Forclaz MT100 Synthetic 여성용 후드 재킷
3583787896488,Simond Men's MT100 Hooded Down Puffer Jacket,Simond MT100 Doudoune à Capuche Duvet Homme,Simond MT100 남성용 후드 다운 패딩 재킷
3583787896495,Simond Men's MT100 Hooded Down Puffer Jacket,Simond MT100 Doudoune à Capuche Duvet Homme,Simond MT100 남성용 후드 다운 패딩 재킷
3583787896501,Simond Men's MT100 Hooded Down Puffer Jacket,Simond MT100 Doudoune à Capuche Duvet Homme,Simond MT100 남성용 후드 다운 패딩 재킷
3583787896518,Simond Men's MT100 Hooded Down Puffer Jacket,Simond MT100 Doudoune à Capuche Duvet Homme,Simond MT100 남성용 후드 다운 패딩 재킷
3583787896525,Simond Men's MT100 Hooded Down Puffer Jacket,Simond MT100 Doudoune à Capuche Duvet Homme,Simond MT100 남성용 후드 다운 패딩 재킷
3583787896532,Simond Men's MT100 Hooded Down Puffer Jacket,Simond MT100 Doudoune à Capuche Duvet Homme,Simond MT100 남성용 후드 다운 패딩 재킷
3583787907405,Forclaz Men's Travel 100 Cargo Pants,Forclaz 100 Cargo Pantalon Voyage Homme,Forclaz 100 Cargo 남성용 트래블 바지
3583787907412,Forclaz Men's Travel 100 Cargo Pants,Forclaz 100 Cargo Pantalon Voyage Homme,Forclaz 100 Cargo 남성용 트래블 바지
3583787907429,Forclaz Men's Travel 100 Cargo Pants,Forclaz 100 Cargo Pantalon Voyage Homme,Forclaz 100 Cargo 남성용 트래블 바지
3583787907436,Forclaz Men's Travel 100 Cargo Pants,Forclaz 100 Cargo Pantalon Voyage Homme,Forclaz 100 Cargo 남성용 트래블 바지
3583787907443,Forclaz Men's Travel 100 Cargo Pants,Forclaz 100 Cargo Pantalon Voyage Homme,Forclaz 100 Cargo 남성용 트래블 바지
3583787907450,Forclaz Men's Travel 100 Cargo Pants,Forclaz 100 Cargo Pantalon Voyage Homme,Forclaz 100 Cargo 남성용 트래블 바지
3583787907467,Forclaz Men's Travel 100 Cargo Pants,Forclaz 100 Cargo Pantalon Voyage Homme,Forclaz 100 Cargo 남성용 트래블 바지
3583787907474,Forclaz Men's Travel 100 Cargo Pants,Forclaz 100 Cargo Pantalon Voyage Homme,Forclaz 100 Cargo 남성용 트래블 바지
3583787907481,Forclaz Men's Travel 100 Cargo Pants,Forclaz 100 Cargo Pantalon Voyage Homme,Forclaz 100 Cargo 남성용 트래블 바지
3583787908105,Forclaz Men's MT500 Merino Wool Base Layer Tights,Forclaz MT500 Tights Sous-vêtement technique Mérinos Laine Homme,Forclaz MT500 Tights 남성용 메리노 울 베이스레이어
3583787908174,Forclaz Men's MT500 Merino Wool Base Layer Tights,Forclaz MT500 Tights Sous-vêtement technique Mérinos Laine Homme,Forclaz MT500 Tights 남성용 메리노 울 베이스레이어
3583787908181,Forclaz Men's MT500 Merino Wool Base Layer Tights,Forclaz MT500 Tights Sous-vêtement technique Mérinos Laine Homme,Forclaz MT500 Tights 남성용 메리노 울 베이스레이어
3583787908198,Forclaz Men's MT500 Merino Wool Base Layer Tights,Forclaz MT500 Tights Sous-vêtement technique Mérinos Laine Homme,Forclaz MT500 Tights 남성용 메리노 울 베이스레이어
3583787908228,Forclaz Men's MT500 Merino Wool Base Layer Tights,Forclaz MT500 Tights Sous-vêtement technique Mérinos Laine Homme,Forclaz MT500 Tights 남성용 메리노 울 베이스레이어
3583787908303,Forclaz Men's MT500 Merino Wool Base Layer Tights,Forclaz MT500 Tights Sous-vêtement technique Mérinos Laine Homme,Forclaz MT500 Tights 남성용 메리노 울 베이스레이어
3583787908815,Forclaz Women's merino wool legging underwear - MT500,Forclaz legging underwear MT500 Mérinos Laine Femme,Forclaz legging underwear MT500 여성용 메리노 울
3583787908822,Forclaz Women's merino wool legging underwear - MT500,Forclaz legging underwear MT500 Mérinos Laine Femme,Forclaz legging underwear MT500 여성용 메리노 울
3583787908839,Forclaz Women's merino wool legging underwear - MT500,Forclaz legging underwear MT500 Mérinos Laine Femme,Forclaz legging underwear MT500 여성용 메리노 울
3583787908846,Forclaz Women's merino wool legging underwear - MT500,Forclaz legging underwear MT500 Mérinos Laine Femme,Forclaz legging underwear MT500 여성용 메리노 울
3583787908853,Forclaz Women's merino wool legging underwear - MT500,Forclaz legging underwear MT500 Mérinos Laine Femme,Forclaz legging underwear MT500 여성용 메리노 울
3583787912140,Simond Men's MT100 Hooded Down Puffer Jacket,Simond MT100 Doudoune à Capuche Duvet Homme,Simond MT100 남성용 후드 다운 패딩 재킷
3583787912157,Simond Men's MT100 Hooded Down Puffer Jacket,Simond MT100 Doudoune à Capuche Duvet Homme,Simond MT100 남성용 후드 다운 패딩 재킷
3583787912164,Simond Men's MT100 Hooded Down Puffer Jacket,Simond MT100 Doudoune à Capuche Duvet Homme,Simond MT100 남성용 후드 다운 패딩 재킷
3583787912171,Simond Men's MT100 Hooded Down Puffer Jacket,Simond MT100 Doudoune à Capuche Duvet Homme,Simond MT100 남성용 후드 다운 패딩 재킷
3583787912188,Simond Men's MT100 Hooded Down Puffer Jacket,Simond MT100 Doudoune à Capuche Duvet Homme,Simond MT100 남성용 후드 다운 패딩 재킷
3583787912195,Simond Men's MT100 Hooded Down Puffer Jacket,Simond MT100 Doudoune à Capuche Duvet Homme,Simond MT100 남성용 후드 다운 패딩 재킷
3583787932841,Kayak seat x500 Itiwit 1P or 2P,Kayak x500 Itiwit 1P or 2P Selle,Kayak x500 Itiwit 1P or 2P 안장
3583788044697,Forclaz Trek 900 Waterproof Backpacking Hat,Forclaz Trek 900 Chapeau Trekking Imperméable,Forclaz Trek 900 백패킹 방수 모자
3583788044710,Forclaz Trek 900 Waterproof Backpacking Hat,Forclaz Trek 900 Chapeau Trekking Imperméable,Forclaz Trek 900 백패킹 방수 모자
3583788044734,Forclaz Women's MT500 UPF 50+ Hiking Hat,Forclaz MT500 UPF 50+ Chapeau de Randonnée Femme,Forclaz MT500 UPF 50+ 여성용 등산 모자
3583788044758,Forclaz Women's MT500 UPF 50+ Hiking Hat,Forclaz MT500 UPF 50+ Chapeau de Randonnée Femme,Forclaz MT500 UPF 50+ 여성용 등산 모자
3583788154761,Simond Alpinism 22 L Mountaineering Backpack,Simond Alpinism 22 Mountaineering Sac à dos,Simond Alpinism 22 Mountaineering 백팩
3583788283607,Forclaz ONNIGHT 100 Battery-Powered 80 Lumens Hiking Head Lamp,Forclaz ONNIGHT 100 Battery-Powered 80 Lumens Head Lamp de Randonnée,Forclaz ONNIGHT 100 Battery-Powered 80 Lumens Head Lamp 등산
3583789463688,Wedze Men's BL500 Ski Base Layer Bottoms,Wedze BL500 Bottoms Sous-vêtement technique de Ski Homme,Wedze BL500 Bottoms 남성용 스키 베이스레이어
3608390000326,Wedze Kids' 100 Warm and Waterproof Ski Mittens,Wedze 100 and Moufles Imperméable Chaud de Ski Enfant,Wedze 100 and 아동용 방수 보온 스키 벙어리장갑
3608390000333,Wedze Kids' 100 Warm and Waterproof Ski Mittens,Wedze 100 and Moufles Imperméable Chaud de Ski Enfant,Wedze 100 and 아동용 방수 보온 스키 벙어리장갑
3608390000340,Wedze Kids' 100 Warm and Waterproof Ski Mittens,Wedze 100 and Moufles Imperméable Chaud de Ski Enfant,Wedze 100 and 아동용 방수 보온 스키 벙어리장갑
3608390000357,Wedze Kids' 100 Warm and Waterproof Ski Mittens,Wedze 100 and Moufles Imperméable Chaud de Ski Enfant,Wedze 100 and 아동용 방수 보온 스키 벙어리장갑
3608390000364,Wedze Kids' 100 Warm and Waterproof Ski Mittens,Wedze 100 and Moufles Imperméable Chaud de Ski Enfant,Wedze 100 and 아동용 방수 보온 스키 벙어리장갑
3608390006502,Wedze Kids' 100 Warm Waterproof Ski Gloves,Wedze 100 Gants Imperméable Chaud de Ski Enfant,Wedze 100 아동용 방수 보온 스키 장갑
3608390006519,Wedze Kids' 100 Warm Waterproof Ski Gloves,Wedze 100 Gants Imperméable Chaud de Ski Enfant,Wedze 100 아동용 방수 보온 스키 장갑
3608390006526,Wedze Kids' 100 Warm Waterproof Ski Gloves,Wedze 100 Gants Imperméable Chaud de Ski Enfant,Wedze 100 아동용 방수 보온 스키 장갑
3608390006540,Wedze Kids' 100 Warm Waterproof Ski Gloves,Wedze 100 Gants Imperméable Chaud de Ski Enfant,Wedze 100 아동용 방수 보온 스키 장갑
3608390006557,Wedze Kids' 100 Warm Waterproof Ski Gloves,Wedze 100 Gants Imperméable Chaud de Ski Enfant,Wedze 100 아동용 방수 보온 스키 장갑
3608390008247,Wedze Adult 100 Waterproof Ski Gloves,Wedze 100 Gants Imperméable de Ski Adulte,Wedze 100 성인용 방수 스키 장갑
3608390008254,Wedze Adult 100 Waterproof Ski Gloves,Wedze 100 Gants Imperméable de Ski Adulte,Wedze 100 성인용 방수 스키 장갑
3608390008261,Wedze Adult 100 Waterproof Ski Gloves,Wedze 100 Gants Imperméable de Ski Adulte,Wedze 100 성인용 방수 스키 장갑
3608390008278,Wedze Adult 100 Waterproof Ski Gloves,Wedze 100 Gants Imperméable de Ski Adulte,Wedze 100 성인용 방수 스키 장갑
3608390008285,Wedze Adult 100 Waterproof Ski Gloves,Wedze 100 Gants Imperméable de Ski Adulte,Wedze 100 성인용 방수 스키 장갑
3608390008292,Wedze Adult 100 Waterproof Ski Gloves,Wedze 100 Gants Imperméable de Ski Adulte,Wedze 100 성인용 방수 스키 장갑
3608390008308,Wedze Adult 100 Waterproof Ski Gloves,Wedze 100 Gants Imperméable de Ski Adulte,Wedze 100 성인용 방수 스키 장갑
3608390009060,Wedze Adult 100 Waterproof Ski Mitten,Wedze 100 Mitten Imperméable de Ski Adulte,Wedze 100 Mitten 성인용 방수 스키
3608390009077,Wedze Adult 100 Waterproof Ski Mitten,Wedze 100 Mitten Imperméable de Ski Adulte,Wedze 100 Mitten 성인용 방수 스키
3608390009084,Wedze Adult 100 Waterproof Ski Mitten,Wedze 100 Mitten Imperméable de Ski Adulte,Wedze 100 Mitten 성인용 방수 스키
3608390009091,Wedze Adult 100 Waterproof Ski Mitten,Wedze 100 Mitten Imperméable de Ski Adulte,Wedze 100 Mitten 성인용 방수 스키
3608390009107,Wedze Adult 100 Waterproof Ski Mitten,Wedze 100 Mitten Imperméable de Ski Adulte,Wedze 100 Mitten 성인용 방수 스키
3608390009817,Wedze Kids' 100 Warm and Waterproof Ski Mittens,Wedze 100 and Moufles Imperméable Chaud de Ski Enfant,Wedze 100 and 아동용 방수 보온 스키 벙어리장갑
3608390011506,Forclaz Silk Sleeping Bag Liner,Forclaz Silk Drap de sac de couchage,Forclaz Silk 침낭 라이너
3608390016525,Wedze Adult 100 Waterproof Ski Gloves,Wedze 100 Gants Imperméable de Ski Adulte,Wedze 100 성인용 방수 스키 장갑
3608390049356,Wedze Adult Ski Beanie,Wedze Bonnet de Ski Adulte,Wedze 성인용 스키 비니
3608390118502,Kiprun Trail Running Soft Flask 250ml/8.5oz,Kiprun Soft 250ml/8.5oz Gourde isotherme de Running Trail,Kiprun Soft 250ml/8.5oz 러닝 트레일 보온병
3608390174546,Forclaz Trek 500L Self-Inflating Backpacking Mattress,Forclaz Trek 500L Self-Inflating Matelas Trekking,Forclaz Trek 500L Self-Inflating 백패킹 매트리스
3608390244140,Forclaz MT500 Inflatable Pillow,Forclaz MT500 Inflatable Oreiller,Forclaz MT500 Inflatable 베개
3608390261932,Wedze Adult Ski Beanie,Wedze Bonnet de Ski Adulte,Wedze 성인용 스키 비니
3608390269587,Forclaz MT100 Hiking Pole (Single Pole),Forclaz MT100 (Single Pole) Bâton de randonnée,Forclaz MT100 (Single Pole) 등산 스틱
3608390280445,Kiprun Run 500 Thick Mid-Calf Socks 2-Pack,Kiprun Run 500 Thick -Calf 2-Pack Chaussettes Mi-saison,Kiprun Run 500 Thick -Calf 2-Pack 미드 양말
3608390280452,Kiprun Run 500 Thick Mid-Calf Socks 2-Pack,Kiprun Run 500 Thick -Calf 2-Pack Chaussettes Mi-saison,Kiprun Run 500 Thick -Calf 2-Pack 미드 양말
3608390280469,Kiprun Run 500 Thick Mid-Calf Socks 2-Pack,Kiprun Run 500 Thick -Calf 2-Pack Chaussettes Mi-saison,Kiprun Run 500 Thick -Calf 2-Pack 미드 양말
3608390280964,Kiprun Run 500 Thin No-Show Socks 2-Pack,Kiprun Run 500 Thin No-Show 2-Pack Chaussettes,Kiprun Run 500 Thin No-Show 2-Pack 양말
3608390280971,Kiprun Run 500 Thin No-Show Socks 2-Pack,Kiprun Run 500 Thin No-Show 2-Pack Chaussettes,Kiprun Run 500 Thin No-Show 2-Pack 양말
3608390280988,Kiprun Run 500 Thin No-Show Socks 2-Pack,Kiprun Run 500 Thin No-Show 2-Pack Chaussettes,Kiprun Run 500 Thin No-Show 2-Pack 양말
3608390281626,Kiprun Run 500 Thin Breathable Mid Socks 2-Pack,Kiprun Run 500 Thin 2-Pack Chaussettes Respirant Mi-saison,Kiprun Run 500 Thin 2-Pack 통기성 미드 양말
3608390281633,Kiprun Run 500 Thin Breathable Mid Socks 2-Pack,Kiprun Run 500 Thin 2-Pack Chaussettes Respirant Mi-saison,Kiprun Run 500 Thin 2-Pack 통기성 미드 양말
3608390281640,Kiprun Run 500 Thin Breathable Mid Socks 2-Pack,Kiprun Run 500 Thin 2-Pack Chaussettes Respirant Mi-saison,Kiprun Run 500 Thin 2-Pack 통기성 미드 양말
3608390300693,Quechua MH500 22L Lightweight Hiking Backpack,Quechua MH500 22L Sac à dos Léger de Randonnée,Quechua MH500 22L 경량 등산 백팩
3608390302048,Quechua MH500 22L Lightweight Hiking Backpack,Quechua MH500 22L Sac à dos Léger de Randonnée,Quechua MH500 22L 경량 등산 백팩
3608390344307,Kiprun 15L Ultra Trail Running Hydration Vest - 2L Water Bladder Included,Kiprun 15L Hydration Vest 2L Water Included Poche à eau de Running Trail Ultra,Kiprun 15L Hydration Vest 2L Water Included 러닝 트레일 울트라 물주머니
3608390344314,Kiprun 15L Ultra Trail Running Hydration Vest - 2L Water Bladder Included,Kiprun 15L Hydration Vest 2L Water Included Poche à eau de Running Trail Ultra,Kiprun 15L Hydration Vest 2L Water Included 러닝 트레일 울트라 물주머니
3608390344321,Kiprun 15L Ultra Trail Running Hydration Vest - 2L Water Bladder Included,Kiprun 15L Hydration Vest 2L Water Included Poche à eau de Running Trail Ultra,Kiprun 15L Hydration Vest 2L Water Included 러닝 트레일 울트라 물주머니
3608390346110,Wedze Men's Warm Ski Jacket 500,Wedze 500 Veste Chaud de Ski Homme,Wedze 500 남성용 보온 스키 재킷
3608390346127,Wedze Men's Warm Ski Jacket 500,Wedze 500 Veste Chaud de Ski Homme,Wedze 500 남성용 보온 스키 재킷
3608390346134,Wedze Men's Warm Ski Jacket 500,Wedze 500 Veste Chaud de Ski Homme,Wedze 500 남성용 보온 스키 재킷
3608390346141,Wedze Men's Warm Ski Jacket 500,Wedze 500 Veste Chaud de Ski Homme,Wedze 500 남성용 보온 스키 재킷
3608390346158,Wedze Men's Warm Ski Jacket 500,Wedze 500 Veste Chaud de Ski Homme,Wedze 500 남성용 보온 스키 재킷
3608390366637,Kiprun Men's Run 500 2-in-1 Compression Running Shorts,Kiprun Run 500 2-in-1 Compression Short de Running Homme,Kiprun Run 500 2-in-1 Compression 남성용 러닝 반바지
3608390366644,Kiprun Men's Run 500 2-in-1 Compression Running Shorts,Kiprun Run 500 2-in-1 Compression Short de Running Homme,Kiprun Run 500 2-in-1 Compression 남성용 러닝 반바지
3608390366651,Kiprun Men's Run 500 2-in-1 Compression Running Shorts,Kiprun Run 500 2-in-1 Compression Short de Running Homme,Kiprun Run 500 2-in-1 Compression 남성용 러닝 반바지
3608390366668,Kiprun Men's Run 500 2-in-1 Compression Running Shorts,Kiprun Run 500 2-in-1 Compression Short de Running Homme,Kiprun Run 500 2-in-1 Compression 남성용 러닝 반바지
3608390366675,Kiprun Men's Run 500 2-in-1 Compression Running Shorts,Kiprun Run 500 2-in-1 Compression Short de Running Homme,Kiprun Run 500 2-in-1 Compression 남성용 러닝 반바지
3608390369478,Kiprun Women's Run 500 Seamless Comfort Running Tank Top,Kiprun Run 500 Comfort Top Débardeur Sans couture de Running Femme,Kiprun Run 500 Comfort Top 여성용 심리스 러닝 탱크탑
3608390369485,Kiprun Women's Run 500 Seamless Comfort Running Tank Top,Kiprun Run 500 Comfort Top Débardeur Sans couture de Running Femme,Kiprun Run 500 Comfort Top 여성용 심리스 러닝 탱크탑
3608390369492,Kiprun Women's Run 500 Seamless Comfort Running Tank Top,Kiprun Run 500 Comfort Top Débardeur Sans couture de Running Femme,Kiprun Run 500 Comfort Top 여성용 심리스 러닝 탱크탑
3608390369904,Kiprun Women's Run 500 Seamless Comfort Running Tank Top,Kiprun Run 500 Comfort Top Débardeur Sans couture de Running Femme,Kiprun Run 500 Comfort Top 여성용 심리스 러닝 탱크탑
3608390380640,Van Rysel Men's EDR Cycling Shorts,Van Rysel EDR Cuissard Homme,Van Rysel EDR 남성용 사이클 반바지
3608390380657,Van Rysel Men's EDR Cycling Shorts,Van Rysel EDR Cuissard Homme,Van Rysel EDR 남성용 사이클 반바지
3608390380664,Van Rysel Men's EDR Cycling Shorts,Van Rysel EDR Cuissard Homme,Van Rysel EDR 남성용 사이클 반바지
3608390380671,Van Rysel Men's EDR Cycling Shorts,Van Rysel EDR Cuissard Homme,Van Rysel EDR 남성용 사이클 반바지
3608390380688,Van Rysel Men's EDR Cycling Shorts,Van Rysel EDR Cuissard Homme,Van Rysel EDR 남성용 사이클 반바지
3608390380695,Van Rysel Men's EDR Cycling Shorts,Van Rysel EDR Cuissard Homme,Van Rysel EDR 남성용 사이클 반바지
3608390396498,Kiprun Men's Run 100 Dry Running Shorts,Kiprun Run 100 Dry Short de Running Homme,Kiprun Run 100 Dry 남성용 러닝 반바지
3608390397303,Kiprun Men's Run 100 Dry Running Shorts,Kiprun Run 100 Dry Short de Running Homme,Kiprun Run 100 Dry 남성용 러닝 반바지
3608390397310,Kiprun Men's Run 100 Dry Running Shorts,Kiprun Run 100 Dry Short de Running Homme,Kiprun Run 100 Dry 남성용 러닝 반바지
3608390397327,Kiprun Men's Run 100 Dry Running Shorts,Kiprun Run 100 Dry Short de Running Homme,Kiprun Run 100 Dry 남성용 러닝 반바지
3608390397334,Kiprun Men's Run 100 Dry Running Shorts,Kiprun Run 100 Dry Short de Running Homme,Kiprun Run 100 Dry 남성용 러닝 반바지
3608390397341,Kiprun Men's Run 100 Dry Running Shorts,Kiprun Run 100 Dry Short de Running Homme,Kiprun Run 100 Dry 남성용 러닝 반바지
3608390422340,Quechua Men's NH500 Warm Hiking Fleece Jacket,Quechua NH500 Veste polaire de Randonnée Chaud Homme,Quechua NH500 남성용 등산 보온 플리스 재킷
3608390422357,Quechua Men's NH500 Warm Hiking Fleece Jacket,Quechua NH500 Veste polaire de Randonnée Chaud Homme,Quechua NH500 남성용 등산 보온 플리스 재킷
3608390422364,Quechua Men's NH500 Warm Hiking Fleece Jacket,Quechua NH500 Veste polaire de Randonnée Chaud Homme,Quechua NH500 남성용 등산 보온 플리스 재킷
3608390422371,Quechua Men's NH500 Warm Hiking Fleece Jacket,Quechua NH500 Veste polaire de Randonnée Chaud Homme,Quechua NH500 남성용 등산 보온 플리스 재킷
3608390422388,Quechua Men's NH500 Warm Hiking Fleece Jacket,Quechua NH500 Veste polaire de Randonnée Chaud Homme,Quechua NH500 남성용 등산 보온 플리스 재킷
3608390422395,Quechua Men's NH500 Warm Hiking Fleece Jacket,Quechua NH500 Veste polaire de Randonnée Chaud Homme,Quechua NH500 남성용 등산 보온 플리스 재킷
3608390481057,Kiprun Run 500 Dry Women's Breathable Running T-shirt,Kiprun Run 500 Dry T-shirt Respirant de Running Femme,Kiprun Run 500 Dry 여성용 통기성 러닝 티셔츠
3608390481064,Kiprun Run 500 Dry Women's Breathable Running T-shirt,Kiprun Run 500 Dry T-shirt Respirant de Running Femme,Kiprun Run 500 Dry 여성용 통기성 러닝 티셔츠
3608390481071,Kiprun Run 500 Dry Women's Breathable Running T-shirt,Kiprun Run 500 Dry T-shirt Respirant de Running Femme,Kiprun Run 500 Dry 여성용 통기성 러닝 티셔츠
3608390481088,Kiprun Run 500 Dry Women's Breathable Running T-shirt,Kiprun Run 500 Dry T-shirt Respirant de Running Femme,Kiprun Run 500 Dry 여성용 통기성 러닝 티셔츠
3608390481095,Kiprun Run 500 Dry Women's Breathable Running T-shirt,Kiprun Run 500 Dry T-shirt Respirant de Running Femme,Kiprun Run 500 Dry 여성용 통기성 러닝 티셔츠
3608390484102,Kiprun Run 500 Dry Women's Breathable Running T-shirt,Kiprun Run 500 Dry T-shirt Respirant de Running Femme,Kiprun Run 500 Dry 여성용 통기성 러닝 티셔츠
3608390484119,Kiprun Run 500 Dry Women's Breathable Running T-shirt,Kiprun Run 500 Dry T-shirt Respirant de Running Femme,Kiprun Run 500 Dry 여성용 통기성 러닝 티셔츠
3608390486243,Quechua Children's Hiking 28 L Backpack MH500,Quechua Children's 28 MH500 Sac à dos de Randonnée,Quechua Children's 28 MH500 등산 백팩
3608390495818,Kiprun Men's Run 500 Breathable Dry+ Running Shorts,Kiprun Run 500 Dry+ Short Respirant de Running Homme,Kiprun Run 500 Dry+ 남성용 통기성 러닝 반바지
3608390495825,Kiprun Men's Run 500 Breathable Dry+ Running Shorts,Kiprun Run 500 Dry+ Short Respirant de Running Homme,Kiprun Run 500 Dry+ 남성용 통기성 러닝 반바지
3608390495832,Kiprun Men's Run 500 Breathable Dry+ Running Shorts,Kiprun Run 500 Dry+ Short Respirant de Running Homme,Kiprun Run 500 Dry+ 남성용 통기성 러닝 반바지
3608390495849,Kiprun Men's Run 500 Breathable Dry+ Running Shorts,Kiprun Run 500 Dry+ Short Respirant de Running Homme,Kiprun Run 500 Dry+ 남성용 통기성 러닝 반바지
3608390495856,Kiprun Men's Run 500 Breathable Dry+ Running Shorts,Kiprun Run 500 Dry+ Short Respirant de Running Homme,Kiprun Run 500 Dry+ 남성용 통기성 러닝 반바지
3608390507795,Van Rysel Men's Winter Road Cycling Tights Racer - Black,Van Rysel Road Tights Racer Black de Vélo Hiver Homme,Van Rysel Road Tights Racer Black 남성용 사이클 겨울
3608390508501,Van Rysel Men's Winter Road Cycling Tights Racer - Black,Van Rysel Road Tights Racer Black de Vélo Hiver Homme,Van Rysel Road Tights Racer Black 남성용 사이클 겨울
3608390508518,Van Rysel Men's Winter Road Cycling Tights Racer - Black,Van Rysel Road Tights Racer Black de Vélo Hiver Homme,Van Rysel Road Tights Racer Black 남성용 사이클 겨울
3608390508532,Van Rysel Men's Winter Road Cycling Tights Racer - Black,Van Rysel Road Tights Racer Black de Vélo Hiver Homme,Van Rysel Road Tights Racer Black 남성용 사이클 겨울
3608390508549,Van Rysel Men's Winter Road Cycling Tights Racer - Black,Van Rysel Road Tights Racer Black de Vélo Hiver Homme,Van Rysel Road Tights Racer Black 남성용 사이클 겨울
3608390618583,Quechua NH500 Escape 16 L Hiking Backpack,Quechua NH500 Escape 16 Sac à dos de Randonnée,Quechua NH500 Escape 16 등산 백팩
3608390621750,Quechua NH100 Arpenaz 10 L Hiking Backpack,Quechua NH100 Arpenaz 10 Sac à dos de Randonnée,Quechua NH100 Arpenaz 10 등산 백팩
3608390626939,Quechua Men's NH500 Imper Waterproof Rain Jacket,Quechua NH500 Imper Veste de pluie Imperméable Homme,Quechua NH500 Imper 남성용 방수 레인 재킷
3608390626946,Quechua Men's NH500 Imper Waterproof Rain Jacket,Quechua NH500 Imper Veste de pluie Imperméable Homme,Quechua NH500 Imper 남성용 방수 레인 재킷
3608390626953,Quechua Men's NH500 Imper Waterproof Rain Jacket,Quechua NH500 Imper Veste de pluie Imperméable Homme,Quechua NH500 Imper 남성용 방수 레인 재킷
3608390626977,Quechua Men's NH500 Imper Waterproof Rain Jacket,Quechua NH500 Imper Veste de pluie Imperméable Homme,Quechua NH500 Imper 남성용 방수 레인 재킷
3608390626984,Quechua Men's NH500 Imper Waterproof Rain Jacket,Quechua NH500 Imper Veste de pluie Imperméable Homme,Quechua NH500 Imper 남성용 방수 레인 재킷
3608390644742,Quechua Women's Hiking Skort,Quechua Jupe-short de Randonnée Femme,Quechua 여성용 등산 스코트
3608390644766,Quechua Women's Hiking Skort,Quechua Jupe-short de Randonnée Femme,Quechua 여성용 등산 스코트
3608390644773,Quechua Women's Hiking Skort,Quechua Jupe-short de Randonnée Femme,Quechua 여성용 등산 스코트
3608390644780,Quechua Women's Hiking Skort,Quechua Jupe-short de Randonnée Femme,Quechua 여성용 등산 스코트
3608390647361,Quechua Men’s MH500 Warm Water-Repellent Hiking Fleece Jacket,Quechua ’s MH500 Veste polaire Déperlant de Randonnée Chaud Homme,Quechua ’s MH500 남성용 발수 등산 보온 플리스 재킷
3608390647378,Quechua Men’s MH500 Warm Water-Repellent Hiking Fleece Jacket,Quechua ’s MH500 Veste polaire Déperlant de Randonnée Chaud Homme,Quechua ’s MH500 남성용 발수 등산 보온 플리스 재킷
3608390647385,Quechua Men’s MH500 Warm Water-Repellent Hiking Fleece Jacket,Quechua ’s MH500 Veste polaire Déperlant de Randonnée Chaud Homme,Quechua ’s MH500 남성용 발수 등산 보온 플리스 재킷
3608390647392,Quechua Men’s MH500 Warm Water-Repellent Hiking Fleece Jacket,Quechua ’s MH500 Veste polaire Déperlant de Randonnée Chaud Homme,Quechua ’s MH500 남성용 발수 등산 보온 플리스 재킷
3608390651801,Quechua Men’s MH500 Warm Water-Repellent Hiking Fleece Jacket,Quechua ’s MH500 Veste polaire Déperlant de Randonnée Chaud Homme,Quechua ’s MH500 남성용 발수 등산 보온 플리스 재킷
3608390651818,Quechua Men’s MH500 Warm Water-Repellent Hiking Fleece Jacket,Quechua ’s MH500 Veste polaire Déperlant de Randonnée Chaud Homme,Quechua ’s MH500 남성용 발수 등산 보온 플리스 재킷
3608390705467,Simond Women's Travel 500 Merino Wool T-Shirt,Simond 500 T-shirt Mérinos Voyage Laine Femme,Simond 500 여성용 메리노 트래블 울 티셔츠
3608390705474,Simond Women's Travel 500 Merino Wool T-Shirt,Simond 500 T-shirt Mérinos Voyage Laine Femme,Simond 500 여성용 메리노 트래블 울 티셔츠
3608390705481,Simond Women's Travel 500 Merino Wool T-Shirt,Simond 500 T-shirt Mérinos Voyage Laine Femme,Simond 500 여성용 메리노 트래블 울 티셔츠
3608390705498,Simond Women's Travel 500 Merino Wool T-Shirt,Simond 500 T-shirt Mérinos Voyage Laine Femme,Simond 500 여성용 메리노 트래블 울 티셔츠
3608390713301,Simond Women's Travel 500 Merino Wool T-Shirt,Simond 500 T-shirt Mérinos Voyage Laine Femme,Simond 500 여성용 메리노 트래블 울 티셔츠
3608390731039,Quechua Kids’ MH150 Waterproof Hiking Jacket – Ages 7–15,Quechua MH150 Ages 7–15 Veste Imperméable de Randonnée Enfant,Quechua MH150 Ages 7–15 아동용 방수 등산 재킷
3608390731046,Quechua Kids’ MH150 Waterproof Hiking Jacket – Ages 7–15,Quechua MH150 Ages 7–15 Veste Imperméable de Randonnée Enfant,Quechua MH150 Ages 7–15 아동용 방수 등산 재킷
3608390731053,Quechua Kids’ MH150 Waterproof Hiking Jacket – Ages 7–15,Quechua MH150 Ages 7–15 Veste Imperméable de Randonnée Enfant,Quechua MH150 Ages 7–15 아동용 방수 등산 재킷
3608390731060,Quechua Kids’ MH150 Waterproof Hiking Jacket – Ages 7–15,Quechua MH150 Ages 7–15 Veste Imperméable de Randonnée Enfant,Quechua MH150 Ages 7–15 아동용 방수 등산 재킷
3608390731077,Quechua Kids’ MH150 Waterproof Hiking Jacket – Ages 7–15,Quechua MH150 Ages 7–15 Veste Imperméable de Randonnée Enfant,Quechua MH150 Ages 7–15 아동용 방수 등산 재킷
3608390741212,Kiprun Ultra-Light 5-Panel Running Cap,Kiprun 5-Panel Casquette de Running Léger Ultra,Kiprun 5-Panel 러닝 경량 울트라 모자
3608390741724,Kiprun Ultra-Light 5-Panel Running Cap,Kiprun 5-Panel Casquette de Running Léger Ultra,Kiprun 5-Panel 러닝 경량 울트라 모자
3608390747276,Simond Women's Merino and Lyocell Hooded Jacket Merino Fresh,Simond and Lyocell Fresh Veste à Capuche Mérinos Femme,Simond and Lyocell Fresh 여성용 후드 메리노 재킷
3608390747283,Simond Women's Merino and Lyocell Hooded Jacket Merino Fresh,Simond and Lyocell Fresh Veste à Capuche Mérinos Femme,Simond and Lyocell Fresh 여성용 후드 메리노 재킷
3608390747290,Simond Women's Merino and Lyocell Hooded Jacket Merino Fresh,Simond and Lyocell Fresh Veste à Capuche Mérinos Femme,Simond and Lyocell Fresh 여성용 후드 메리노 재킷
3608390748105,Simond Women's Merino and Lyocell Hooded Jacket Merino Fresh,Simond and Lyocell Fresh Veste à Capuche Mérinos Femme,Simond and Lyocell Fresh 여성용 후드 메리노 재킷
3608390748112,Simond Women's Merino and Lyocell Hooded Jacket Merino Fresh,Simond and Lyocell Fresh Veste à Capuche Mérinos Femme,Simond and Lyocell Fresh 여성용 후드 메리노 재킷
3608390748129,Simond Women's Merino and Lyocell Hooded Jacket Merino Fresh,Simond and Lyocell Fresh Veste à Capuche Mérinos Femme,Simond and Lyocell Fresh 여성용 후드 메리노 재킷
3608390758524,Quechua BL200 USB-C Rechargeable Camping Lantern – 200 Lumens,Quechua BL200 USB-C Rechargeable Camping 200 Lumens Lanterne,Quechua BL200 USB-C Rechargeable Camping 200 Lumens 랜턴
3608390763160,Simond Women’s MT900 Merino Wool Hiking Jacket,Simond ’s MT900 Veste Mérinos de Randonnée Laine Femme,Simond ’s MT900 여성용 메리노 등산 울 재킷
3608390763177,Simond Women’s MT900 Merino Wool Hiking Jacket,Simond ’s MT900 Veste Mérinos de Randonnée Laine Femme,Simond ’s MT900 여성용 메리노 등산 울 재킷
3608390763184,Simond Women’s MT900 Merino Wool Hiking Jacket,Simond ’s MT900 Veste Mérinos de Randonnée Laine Femme,Simond ’s MT900 여성용 메리노 등산 울 재킷
3608390763191,Simond Women’s MT900 Merino Wool Hiking Jacket,Simond ’s MT900 Veste Mérinos de Randonnée Laine Femme,Simond ’s MT900 여성용 메리노 등산 울 재킷
3608390763405,Simond Women’s MT900 Merino Wool Hiking Jacket,Simond ’s MT900 Veste Mérinos de Randonnée Laine Femme,Simond ’s MT900 여성용 메리노 등산 울 재킷
3608390764662,Simond Men's MT900 Hiking Pants,Simond MT900 Pantalon de Randonnée Homme,Simond MT900 남성용 등산 바지
3608390764686,Simond Men's MT900 Hiking Pants,Simond MT900 Pantalon de Randonnée Homme,Simond MT900 남성용 등산 바지
3608390766208,Simond Men's MT900 Hiking Pants,Simond MT900 Pantalon de Randonnée Homme,Simond MT900 남성용 등산 바지
3608390766222,Simond Men's MT900 Hiking Pants,Simond MT900 Pantalon de Randonnée Homme,Simond MT900 남성용 등산 바지
3608390766246,Simond Men's MT900 Hiking Pants,Simond MT900 Pantalon de Randonnée Homme,Simond MT900 남성용 등산 바지
3608390766260,Simond Men's MT900 Hiking Pants,Simond MT900 Pantalon de Randonnée Homme,Simond MT900 남성용 등산 바지
3608390766284,Simond Men's MT900 Hiking Pants,Simond MT900 Pantalon de Randonnée Homme,Simond MT900 남성용 등산 바지
3608390766307,Simond Men's MT900 Hiking Pants,Simond MT900 Pantalon de Randonnée Homme,Simond MT900 남성용 등산 바지
3608390767977,Women's Running & Trail Running Breathable Shorts KIPRUN Run 500 Dry-black,KIPRUN Run 500 Dry-black Short Respirant de Running Trail Femme,KIPRUN Run 500 Dry-black 여성용 통기성 러닝 트레일 반바지
3608390767984,Women's Running & Trail Running Breathable Shorts KIPRUN Run 500 Dry-black,KIPRUN Run 500 Dry-black Short Respirant de Running Trail Femme,KIPRUN Run 500 Dry-black 여성용 통기성 러닝 트레일 반바지
3608390767991,Women's Running & Trail Running Breathable Shorts KIPRUN Run 500 Dry-black,KIPRUN Run 500 Dry-black Short Respirant de Running Trail Femme,KIPRUN Run 500 Dry-black 여성용 통기성 러닝 트레일 반바지
3608390768004,Women's Running & Trail Running Breathable Shorts KIPRUN Run 500 Dry-black,KIPRUN Run 500 Dry-black Short Respirant de Running Trail Femme,KIPRUN Run 500 Dry-black 여성용 통기성 러닝 트레일 반바지
3608390768011,Women's Running & Trail Running Breathable Shorts KIPRUN Run 500 Dry-black,KIPRUN Run 500 Dry-black Short Respirant de Running Trail Femme,KIPRUN Run 500 Dry-black 여성용 통기성 러닝 트레일 반바지
3608390768028,Women's Running & Trail Running Breathable Shorts KIPRUN Run 500 Dry-black,KIPRUN Run 500 Dry-black Short Respirant de Running Trail Femme,KIPRUN Run 500 Dry-black 여성용 통기성 러닝 트레일 반바지
3608390776177,Simond Women’s MT500 Merino Wool T-Shirt,Simond ’s MT500 T-shirt Mérinos Laine Femme,Simond ’s MT500 여성용 메리노 울 티셔츠
3608390776184,Simond Women’s MT500 Merino Wool T-Shirt,Simond ’s MT500 T-shirt Mérinos Laine Femme,Simond ’s MT500 여성용 메리노 울 티셔츠
3608390776191,Simond Women’s MT500 Merino Wool T-Shirt,Simond ’s MT500 T-shirt Mérinos Laine Femme,Simond ’s MT500 여성용 메리노 울 티셔츠
3608390776788,Simond MT900 UL 50 L Ultralight Backpacking Pack,Simond MT900 UL 50 Ultralight Pack Trekking,Simond MT900 UL 50 Ultralight Pack 백패킹
3608390776900,Simond Women's MT900 Hiking Pants,Simond MT900 Pantalon de Randonnée Femme,Simond MT900 여성용 등산 바지
3608390776924,Simond Women's MT900 Hiking Pants,Simond MT900 Pantalon de Randonnée Femme,Simond MT900 여성용 등산 바지
3608390776948,Simond Women's MT900 Hiking Pants,Simond MT900 Pantalon de Randonnée Femme,Simond MT900 여성용 등산 바지
3608390776962,Simond Women's MT900 Hiking Pants,Simond MT900 Pantalon de Randonnée Femme,Simond MT900 여성용 등산 바지
3608390776986,Simond Women's MT900 Hiking Pants,Simond MT900 Pantalon de Randonnée Femme,Simond MT900 여성용 등산 바지
3608390777006,Simond Women's MT900 Hiking Pants,Simond MT900 Pantalon de Randonnée Femme,Simond MT900 여성용 등산 바지
3608390777402,Simond Women’s MT500 Merino Wool T-Shirt,Simond ’s MT500 T-shirt Mérinos Laine Femme,Simond ’s MT500 여성용 메리노 울 티셔츠
3608390777419,Simond Women’s MT500 Merino Wool T-Shirt,Simond ’s MT500 T-shirt Mérinos Laine Femme,Simond ’s MT500 여성용 메리노 울 티셔츠
3608390779925,Quechua Kids’ NH100 Lace-Up Hiking Shoes,Quechua NH100 Lace-Up Chaussures de Randonnée Enfant,Quechua NH100 Lace-Up 아동용 등산 신발
3608390779932,Quechua Kids’ NH100 Lace-Up Hiking Shoes,Quechua NH100 Lace-Up Chaussures de Randonnée Enfant,Quechua NH100 Lace-Up 아동용 등산 신발
3608390779949,Quechua Kids’ NH100 Lace-Up Hiking Shoes,Quechua NH100 Lace-Up Chaussures de Randonnée Enfant,Quechua NH100 Lace-Up 아동용 등산 신발
3608390779956,Quechua Kids’ NH100 Lace-Up Hiking Shoes,Quechua NH100 Lace-Up Chaussures de Randonnée Enfant,Quechua NH100 Lace-Up 아동용 등산 신발
3608390785773,Quechua Kids’ NH100 Velcro Hiking Shoes,Quechua NH100 Velcro Chaussures de Randonnée Enfant,Quechua NH100 Velcro 아동용 등산 신발
3608390785780,Quechua Kids’ NH100 Velcro Hiking Shoes,Quechua NH100 Velcro Chaussures de Randonnée Enfant,Quechua NH100 Velcro 아동용 등산 신발
3608390785797,Quechua Kids’ NH100 Velcro Hiking Shoes,Quechua NH100 Velcro Chaussures de Randonnée Enfant,Quechua NH100 Velcro 아동용 등산 신발
3608390786701,Quechua Kids’ NH100 Velcro Hiking Shoes,Quechua NH100 Velcro Chaussures de Randonnée Enfant,Quechua NH100 Velcro 아동용 등산 신발
3608390786718,Quechua Kids’ NH100 Velcro Hiking Shoes,Quechua NH100 Velcro Chaussures de Randonnée Enfant,Quechua NH100 Velcro 아동용 등산 신발
3608390786725,Quechua Kids’ NH100 Velcro Hiking Shoes,Quechua NH100 Velcro Chaussures de Randonnée Enfant,Quechua NH100 Velcro 아동용 등산 신발
3608390786732,Quechua Kids’ NH100 Velcro Hiking Shoes,Quechua NH100 Velcro Chaussures de Randonnée Enfant,Quechua NH100 Velcro 아동용 등산 신발
3608390786749,Quechua Kids’ NH100 Velcro Hiking Shoes,Quechua NH100 Velcro Chaussures de Randonnée Enfant,Quechua NH100 Velcro 아동용 등산 신발
3608390786756,Quechua Kids’ NH100 Velcro Hiking Shoes,Quechua NH100 Velcro Chaussures de Randonnée Enfant,Quechua NH100 Velcro 아동용 등산 신발
3608390786763,Quechua Kids’ NH100 Velcro Hiking Shoes,Quechua NH100 Velcro Chaussures de Randonnée Enfant,Quechua NH100 Velcro 아동용 등산 신발
3608390786770,Quechua Kids’ NH100 Velcro Hiking Shoes,Quechua NH100 Velcro Chaussures de Randonnée Enfant,Quechua NH100 Velcro 아동용 등산 신발
3608390788385,Forclaz Men's MT500 Hiking Shorts,Forclaz MT500 Short de Randonnée Homme,Forclaz MT500 남성용 등산 반바지
3608390788392,Forclaz Men's MT500 Hiking Shorts,Forclaz MT500 Short de Randonnée Homme,Forclaz MT500 남성용 등산 반바지
3608390789009,Forclaz Men's MT500 Hiking Shorts,Forclaz MT500 Short de Randonnée Homme,Forclaz MT500 남성용 등산 반바지
3608390789016,Forclaz Men's MT500 Hiking Shorts,Forclaz MT500 Short de Randonnée Homme,Forclaz MT500 남성용 등산 반바지
3608390789023,Forclaz Men's MT500 Hiking Shorts,Forclaz MT500 Short de Randonnée Homme,Forclaz MT500 남성용 등산 반바지
3608390789030,Forclaz Men's MT500 Hiking Shorts,Forclaz MT500 Short de Randonnée Homme,Forclaz MT500 남성용 등산 반바지
3608390789047,Forclaz Men's MT500 Hiking Shorts,Forclaz MT500 Short de Randonnée Homme,Forclaz MT500 남성용 등산 반바지
3608390789054,Forclaz Men's MT500 Hiking Shorts,Forclaz MT500 Short de Randonnée Homme,Forclaz MT500 남성용 등산 반바지
3608390802074,Simond Men's MT500 2-in-1 Zip-Off Hiking Pants,Simond MT500 2-in-1 Zip-Off Pantalon de Randonnée Homme,Simond MT500 2-in-1 Zip-Off 남성용 등산 바지
3608390802098,Simond Men's MT500 2-in-1 Zip-Off Hiking Pants,Simond MT500 2-in-1 Zip-Off Pantalon de Randonnée Homme,Simond MT500 2-in-1 Zip-Off 남성용 등산 바지
3608390802531,Simond Men's MT500 Durable Hiking Pants,Simond MT500 Durable Pantalon de Randonnée Homme,Simond MT500 Durable 남성용 등산 바지
3608390802555,Simond Men's MT500 Durable Hiking Pants,Simond MT500 Durable Pantalon de Randonnée Homme,Simond MT500 Durable 남성용 등산 바지
3608390802579,Simond Men's MT500 Durable Hiking Pants,Simond MT500 Durable Pantalon de Randonnée Homme,Simond MT500 Durable 남성용 등산 바지
3608390802593,Simond Men's MT500 Durable Hiking Pants,Simond MT500 Durable Pantalon de Randonnée Homme,Simond MT500 Durable 남성용 등산 바지
3608390802616,Simond Men's MT500 Durable Hiking Pants,Simond MT500 Durable Pantalon de Randonnée Homme,Simond MT500 Durable 남성용 등산 바지
3608390802630,Simond Men's MT500 Durable Hiking Pants,Simond MT500 Durable Pantalon de Randonnée Homme,Simond MT500 Durable 남성용 등산 바지
3608390802654,Simond Men's MT500 Durable Hiking Pants,Simond MT500 Durable Pantalon de Randonnée Homme,Simond MT500 Durable 남성용 등산 바지
3608390802678,Simond Men's MT500 Durable Hiking Pants,Simond MT500 Durable Pantalon de Randonnée Homme,Simond MT500 Durable 남성용 등산 바지
3608390803811,Simond Men's MT500 2-in-1 Zip-Off Hiking Pants,Simond MT500 2-in-1 Zip-Off Pantalon de Randonnée Homme,Simond MT500 2-in-1 Zip-Off 남성용 등산 바지
3608390803835,Simond Men's MT500 2-in-1 Zip-Off Hiking Pants,Simond MT500 2-in-1 Zip-Off Pantalon de Randonnée Homme,Simond MT500 2-in-1 Zip-Off 남성용 등산 바지
3608390803859,Simond Men's MT500 2-in-1 Zip-Off Hiking Pants,Simond MT500 2-in-1 Zip-Off Pantalon de Randonnée Homme,Simond MT500 2-in-1 Zip-Off 남성용 등산 바지
3608390803873,Simond Men's MT500 2-in-1 Zip-Off Hiking Pants,Simond MT500 2-in-1 Zip-Off Pantalon de Randonnée Homme,Simond MT500 2-in-1 Zip-Off 남성용 등산 바지
3608390803897,Simond Men's MT500 2-in-1 Zip-Off Hiking Pants,Simond MT500 2-in-1 Zip-Off Pantalon de Randonnée Homme,Simond MT500 2-in-1 Zip-Off 남성용 등산 바지
3608390803910,Simond Men's MT500 2-in-1 Zip-Off Hiking Pants,Simond MT500 2-in-1 Zip-Off Pantalon de Randonnée Homme,Simond MT500 2-in-1 Zip-Off 남성용 등산 바지
3608390804375,Simond Men's MT500 2-in-1 Zip-Off Hiking Pants,Simond MT500 2-in-1 Zip-Off Pantalon de Randonnée Homme,Simond MT500 2-in-1 Zip-Off 남성용 등산 바지
3608390804399,Simond Men's MT500 2-in-1 Zip-Off Hiking Pants,Simond MT500 2-in-1 Zip-Off Pantalon de Randonnée Homme,Simond MT500 2-in-1 Zip-Off 남성용 등산 바지
3608390804511,Simond Men's MT500 2-in-1 Zip-Off Hiking Pants,Simond MT500 2-in-1 Zip-Off Pantalon de Randonnée Homme,Simond MT500 2-in-1 Zip-Off 남성용 등산 바지
3608390804535,Simond Men's MT500 2-in-1 Zip-Off Hiking Pants,Simond MT500 2-in-1 Zip-Off Pantalon de Randonnée Homme,Simond MT500 2-in-1 Zip-Off 남성용 등산 바지
3608390804559,Simond Men's MT500 2-in-1 Zip-Off Hiking Pants,Simond MT500 2-in-1 Zip-Off Pantalon de Randonnée Homme,Simond MT500 2-in-1 Zip-Off 남성용 등산 바지
3608390804573,Simond Men's MT500 2-in-1 Zip-Off Hiking Pants,Simond MT500 2-in-1 Zip-Off Pantalon de Randonnée Homme,Simond MT500 2-in-1 Zip-Off 남성용 등산 바지
3608390804597,Simond Men's MT500 2-in-1 Zip-Off Hiking Pants,Simond MT500 2-in-1 Zip-Off Pantalon de Randonnée Homme,Simond MT500 2-in-1 Zip-Off 남성용 등산 바지
3608390804610,Simond Men's MT500 2-in-1 Zip-Off Hiking Pants,Simond MT500 2-in-1 Zip-Off Pantalon de Randonnée Homme,Simond MT500 2-in-1 Zip-Off 남성용 등산 바지
3608390840212,Microfiber Swimming Towel Size XL 110 x 175 cm,Microfiber Swimming Size XL 110 175 cm Serviette,Microfiber Swimming Size XL 110 175 cm 수건
3608390840663,Kiprun 900 Trail Running Hydration Belt,Kiprun 900 Hydration Ceinture de Running Trail,Kiprun 900 Hydration 러닝 트레일 벨트
3608390840670,Kiprun 900 Trail Running Hydration Belt,Kiprun 900 Hydration Ceinture de Running Trail,Kiprun 900 Hydration 러닝 트레일 벨트
3608390841608,Kiprun 900 Trail Running Hydration Belt,Kiprun 900 Hydration Ceinture de Running Trail,Kiprun 900 Hydration 러닝 트레일 벨트
3608390858910,Kiprun 900 Unisex 20+5L Trail Running Bag + 2L Water Bladder Included,Kiprun 900 20+5L Bag 2L Water Included Poche à eau de Running Trail Mixte,Kiprun 900 20+5L Bag 2L Water Included 남녀공용 러닝 트레일 물주머니
3608390860272,Women's Running & Trail Running Breathable Shorts KIPRUN Run 500 Dry-black,KIPRUN Run 500 Dry-black Short Respirant de Running Trail Femme,KIPRUN Run 500 Dry-black 여성용 통기성 러닝 트레일 반바지
3608390860289,Women's Running & Trail Running Breathable Shorts KIPRUN Run 500 Dry-black,KIPRUN Run 500 Dry-black Short Respirant de Running Trail Femme,KIPRUN Run 500 Dry-black 여성용 통기성 러닝 트레일 반바지
3608390860296,Women's Running & Trail Running Breathable Shorts KIPRUN Run 500 Dry-black,KIPRUN Run 500 Dry-black Short Respirant de Running Trail Femme,KIPRUN Run 500 Dry-black 여성용 통기성 러닝 트레일 반바지
3608390861408,Women's Running & Trail Running Breathable Shorts KIPRUN Run 500 Dry-black,KIPRUN Run 500 Dry-black Short Respirant de Running Trail Femme,KIPRUN Run 500 Dry-black 여성용 통기성 러닝 트레일 반바지
3608390861415,Women's Running & Trail Running Breathable Shorts KIPRUN Run 500 Dry-black,KIPRUN Run 500 Dry-black Short Respirant de Running Trail Femme,KIPRUN Run 500 Dry-black 여성용 통기성 러닝 트레일 반바지
3608390861422,Women's Running & Trail Running Breathable Shorts KIPRUN Run 500 Dry-black,KIPRUN Run 500 Dry-black Short Respirant de Running Trail Femme,KIPRUN Run 500 Dry-black 여성용 통기성 러닝 트레일 반바지
3608390862221,Van Rysel RCR Smart Trainer with Zwift Cog and Click,Van Rysel RCR Smart Trainer with Zwift Cog and Click,Van Rysel RCR Smart Trainer with Zwift Cog and Click
3608390866366,Kiprun Men's Run 500 Comfort Seamless Running T-shirt,Kiprun Run 500 Comfort T-shirt Sans couture de Running Homme,Kiprun Run 500 Comfort 남성용 심리스 러닝 티셔츠
3608390866373,Kiprun Men's Run 500 Comfort Seamless Running T-shirt,Kiprun Run 500 Comfort T-shirt Sans couture de Running Homme,Kiprun Run 500 Comfort 남성용 심리스 러닝 티셔츠
3608390866380,Kiprun Men's Run 500 Comfort Seamless Running T-shirt,Kiprun Run 500 Comfort T-shirt Sans couture de Running Homme,Kiprun Run 500 Comfort 남성용 심리스 러닝 티셔츠
3608390866397,Kiprun Men's Run 500 Comfort Seamless Running T-shirt,Kiprun Run 500 Comfort T-shirt Sans couture de Running Homme,Kiprun Run 500 Comfort 남성용 심리스 러닝 티셔츠
3608390866441,Kiprun Men's Run 500 Dry Running T-shirt,Kiprun Run 500 Dry T-shirt de Running Homme,Kiprun Run 500 Dry 남성용 러닝 티셔츠
3608390866458,Kiprun Men's Run 500 Dry Running T-shirt,Kiprun Run 500 Dry T-shirt de Running Homme,Kiprun Run 500 Dry 남성용 러닝 티셔츠
3608390866465,Kiprun Men's Run 500 Dry Running T-shirt,Kiprun Run 500 Dry T-shirt de Running Homme,Kiprun Run 500 Dry 남성용 러닝 티셔츠
3608390866472,Kiprun Men's Run 500 Dry Running T-shirt,Kiprun Run 500 Dry T-shirt de Running Homme,Kiprun Run 500 Dry 남성용 러닝 티셔츠
3608390866489,Kiprun Men's Run 500 Dry Running T-shirt,Kiprun Run 500 Dry T-shirt de Running Homme,Kiprun Run 500 Dry 남성용 러닝 티셔츠
3608390866939,Kiprun Men's Run 500 Dry Running T-shirt,Kiprun Run 500 Dry T-shirt de Running Homme,Kiprun Run 500 Dry 남성용 러닝 티셔츠
3608390866946,Kiprun Men's Run 500 Dry Running T-shirt,Kiprun Run 500 Dry T-shirt de Running Homme,Kiprun Run 500 Dry 남성용 러닝 티셔츠
3608390866953,Kiprun Men's Run 500 Dry Running T-shirt,Kiprun Run 500 Dry T-shirt de Running Homme,Kiprun Run 500 Dry 남성용 러닝 티셔츠
3608390866960,Kiprun Men's Run 500 Dry Running T-shirt,Kiprun Run 500 Dry T-shirt de Running Homme,Kiprun Run 500 Dry 남성용 러닝 티셔츠
3608390866977,Kiprun Men's Run 500 Dry Running T-shirt,Kiprun Run 500 Dry T-shirt de Running Homme,Kiprun Run 500 Dry 남성용 러닝 티셔츠
3608390867004,Kiprun Men's Run 500 Comfort Seamless Running T-shirt,Kiprun Run 500 Comfort T-shirt Sans couture de Running Homme,Kiprun Run 500 Comfort 남성용 심리스 러닝 티셔츠
3608390878130,Quechua Women's NH900 Warm Waterproof Leather Snow Hiking Boots,Quechua NH900 Leather Bottes Imperméable de Randonnée Neige Chaud Femme,Quechua NH900 Leather 여성용 방수 등산 스노우 보온 부츠
3608390878147,Quechua Women's NH900 Warm Waterproof Leather Snow Hiking Boots,Quechua NH900 Leather Bottes Imperméable de Randonnée Neige Chaud Femme,Quechua NH900 Leather 여성용 방수 등산 스노우 보온 부츠
3608390878154,Quechua Women's NH900 Warm Waterproof Leather Snow Hiking Boots,Quechua NH900 Leather Bottes Imperméable de Randonnée Neige Chaud Femme,Quechua NH900 Leather 여성용 방수 등산 스노우 보온 부츠
3608390878161,Quechua Women's NH900 Warm Waterproof Leather Snow Hiking Boots,Quechua NH900 Leather Bottes Imperméable de Randonnée Neige Chaud Femme,Quechua NH900 Leather 여성용 방수 등산 스노우 보온 부츠
3608390878178,Quechua Women's NH900 Warm Waterproof Leather Snow Hiking Boots,Quechua NH900 Leather Bottes Imperméable de Randonnée Neige Chaud Femme,Quechua NH900 Leather 여성용 방수 등산 스노우 보온 부츠
3608390878185,Quechua Women's NH900 Warm Waterproof Leather Snow Hiking Boots,Quechua NH900 Leather Bottes Imperméable de Randonnée Neige Chaud Femme,Quechua NH900 Leather 여성용 방수 등산 스노우 보온 부츠
3608390878192,Quechua Women's NH900 Warm Waterproof Leather Snow Hiking Boots,Quechua NH900 Leather Bottes Imperméable de Randonnée Neige Chaud Femme,Quechua NH900 Leather 여성용 방수 등산 스노우 보온 부츠
3608390880034,Quechua Women's Warm Waterproof Snow Hiking Boots - NH100 Mid,Quechua NH100 Bottes Imperméable de Randonnée Neige Chaud Mi-saison Femme,Quechua NH100 여성용 방수 등산 스노우 보온 미드 부츠
3608390880041,Quechua Women's Warm Waterproof Snow Hiking Boots - NH100 Mid,Quechua NH100 Bottes Imperméable de Randonnée Neige Chaud Mi-saison Femme,Quechua NH100 여성용 방수 등산 스노우 보온 미드 부츠
3608390880058,Quechua Women's Warm Waterproof Snow Hiking Boots - NH100 Mid,Quechua NH100 Bottes Imperméable de Randonnée Neige Chaud Mi-saison Femme,Quechua NH100 여성용 방수 등산 스노우 보온 미드 부츠
3608390880065,Quechua Women's Warm Waterproof Snow Hiking Boots - NH100 Mid,Quechua NH100 Bottes Imperméable de Randonnée Neige Chaud Mi-saison Femme,Quechua NH100 여성용 방수 등산 스노우 보온 미드 부츠
3608390880072,Quechua Women's Warm Waterproof Snow Hiking Boots - NH100 Mid,Quechua NH100 Bottes Imperméable de Randonnée Neige Chaud Mi-saison Femme,Quechua NH100 여성용 방수 등산 스노우 보온 미드 부츠
3608390880089,Quechua Women's Warm Waterproof Snow Hiking Boots - NH100 Mid,Quechua NH100 Bottes Imperméable de Randonnée Neige Chaud Mi-saison Femme,Quechua NH100 여성용 방수 등산 스노우 보온 미드 부츠
3608390880096,Quechua Women's Warm Waterproof Snow Hiking Boots - NH100 Mid,Quechua NH100 Bottes Imperméable de Randonnée Neige Chaud Mi-saison Femme,Quechua NH100 여성용 방수 등산 스노우 보온 미드 부츠
3608390880300,Quechua Women's Warm Waterproof Snow Hiking Boots - NH100 Mid,Quechua NH100 Bottes Imperméable de Randonnée Neige Chaud Mi-saison Femme,Quechua NH100 여성용 방수 등산 스노우 보온 미드 부츠
3608390895731,Wedze Kids' BL500 Thermal Ski Base Layer Bottom,Wedze BL500 Bottom Sous-vêtement technique Thermique de Ski Enfant,Wedze BL500 Bottom 아동용 발열 스키 베이스레이어
3608390895748,Wedze Kids' BL500 Thermal Ski Base Layer Bottom,Wedze BL500 Bottom Sous-vêtement technique Thermique de Ski Enfant,Wedze BL500 Bottom 아동용 발열 스키 베이스레이어
3608390895755,Wedze Kids' BL500 Thermal Ski Base Layer Bottom,Wedze BL500 Bottom Sous-vêtement technique Thermique de Ski Enfant,Wedze BL500 Bottom 아동용 발열 스키 베이스레이어
3608390895762,Wedze Kids' BL500 Thermal Ski Base Layer Bottom,Wedze BL500 Bottom Sous-vêtement technique Thermique de Ski Enfant,Wedze BL500 Bottom 아동용 발열 스키 베이스레이어
3608390895779,Wedze Kids' BL500 Thermal Ski Base Layer Bottom,Wedze BL500 Bottom Sous-vêtement technique Thermique de Ski Enfant,Wedze BL500 Bottom 아동용 발열 스키 베이스레이어
3608390895786,Wedze Kids' BL500 Thermal Ski Base Layer Bottom,Wedze BL500 Bottom Sous-vêtement technique Thermique de Ski Enfant,Wedze BL500 Bottom 아동용 발열 스키 베이스레이어
3608390896806,Wedze Kids' BL500 Thermal Ski Base Layer Top,Wedze BL500 Top Sous-vêtement technique Thermique de Ski Enfant,Wedze BL500 Top 아동용 발열 스키 베이스레이어
3608390896813,Wedze Kids' BL500 Thermal Ski Base Layer Top,Wedze BL500 Top Sous-vêtement technique Thermique de Ski Enfant,Wedze BL500 Top 아동용 발열 스키 베이스레이어
3608390896820,Wedze Kids' BL500 Thermal Ski Base Layer Top,Wedze BL500 Top Sous-vêtement technique Thermique de Ski Enfant,Wedze BL500 Top 아동용 발열 스키 베이스레이어
3608390896837,Wedze Kids' BL500 Thermal Ski Base Layer Top,Wedze BL500 Top Sous-vêtement technique Thermique de Ski Enfant,Wedze BL500 Top 아동용 발열 스키 베이스레이어
3608390896844,Wedze Kids' BL500 Thermal Ski Base Layer Top,Wedze BL500 Top Sous-vêtement technique Thermique de Ski Enfant,Wedze BL500 Top 아동용 발열 스키 베이스레이어
3608390896851,Wedze Kids' BL500 Thermal Ski Base Layer Top,Wedze BL500 Top Sous-vêtement technique Thermique de Ski Enfant,Wedze BL500 Top 아동용 발열 스키 베이스레이어
3608390940226,Quechua Women’s NH500 Warm Water-Repellent Hiking Leggings,Quechua ’s NH500 Legging Déperlant de Randonnée Chaud Femme,Quechua ’s NH500 여성용 발수 등산 보온 레깅스
3608390940233,Quechua Women’s NH500 Warm Water-Repellent Hiking Leggings,Quechua ’s NH500 Legging Déperlant de Randonnée Chaud Femme,Quechua ’s NH500 여성용 발수 등산 보온 레깅스
3608390940240,Quechua Women’s NH500 Warm Water-Repellent Hiking Leggings,Quechua ’s NH500 Legging Déperlant de Randonnée Chaud Femme,Quechua ’s NH500 여성용 발수 등산 보온 레깅스
3608390940257,Quechua Women’s NH500 Warm Water-Repellent Hiking Leggings,Quechua ’s NH500 Legging Déperlant de Randonnée Chaud Femme,Quechua ’s NH500 여성용 발수 등산 보온 레깅스
3608390940264,Quechua Women’s NH500 Warm Water-Repellent Hiking Leggings,Quechua ’s NH500 Legging Déperlant de Randonnée Chaud Femme,Quechua ’s NH500 여성용 발수 등산 보온 레깅스
3608390940271,Quechua Women’s NH500 Warm Water-Repellent Hiking Leggings,Quechua ’s NH500 Legging Déperlant de Randonnée Chaud Femme,Quechua ’s NH500 여성용 발수 등산 보온 레깅스
3608390940295,Quechua Women’s NH500 Warm Water-Repellent Hiking Leggings,Quechua ’s NH500 Legging Déperlant de Randonnée Chaud Femme,Quechua ’s NH500 여성용 발수 등산 보온 레깅스
3608390940301,Quechua Women’s NH500 Warm Water-Repellent Hiking Leggings,Quechua ’s NH500 Legging Déperlant de Randonnée Chaud Femme,Quechua ’s NH500 여성용 발수 등산 보온 레깅스
3608390940318,Quechua Women’s NH500 Warm Water-Repellent Hiking Leggings,Quechua ’s NH500 Legging Déperlant de Randonnée Chaud Femme,Quechua ’s NH500 여성용 발수 등산 보온 레깅스
3608390940325,Quechua Women’s NH500 Warm Water-Repellent Hiking Leggings,Quechua ’s NH500 Legging Déperlant de Randonnée Chaud Femme,Quechua ’s NH500 여성용 발수 등산 보온 레깅스
3608390941636,Simond Men's MT500 Down Puffer Vest,Simond MT500 Gilet Doudoune Duvet Homme,Simond MT500 남성용 패딩 다운 조끼
3608390941643,Simond Men's MT500 Down Puffer Vest,Simond MT500 Gilet Doudoune Duvet Homme,Simond MT500 남성용 패딩 다운 조끼
3608390941650,Simond Men's MT500 Down Puffer Vest,Simond MT500 Gilet Doudoune Duvet Homme,Simond MT500 남성용 패딩 다운 조끼
3608390941667,Simond Men's MT500 Down Puffer Vest,Simond MT500 Gilet Doudoune Duvet Homme,Simond MT500 남성용 패딩 다운 조끼
3608390941674,Simond Men's MT500 Down Puffer Vest,Simond MT500 Gilet Doudoune Duvet Homme,Simond MT500 남성용 패딩 다운 조끼
3608390941681,Simond Men's MT500 Down Puffer Vest,Simond MT500 Gilet Doudoune Duvet Homme,Simond MT500 남성용 패딩 다운 조끼
3608390941728,Simond Women's MT100 Hooded Down Puffer Jacket,Simond MT100 Doudoune à Capuche Duvet Femme,Simond MT100 여성용 후드 다운 패딩 재킷
3608390941735,Simond Women's MT100 Hooded Down Puffer Jacket,Simond MT100 Doudoune à Capuche Duvet Femme,Simond MT100 여성용 후드 다운 패딩 재킷
3608390941742,Simond Women's MT100 Hooded Down Puffer Jacket,Simond MT100 Doudoune à Capuche Duvet Femme,Simond MT100 여성용 후드 다운 패딩 재킷
3608390941759,Simond Women's MT100 Hooded Down Puffer Jacket,Simond MT100 Doudoune à Capuche Duvet Femme,Simond MT100 여성용 후드 다운 패딩 재킷
3608390941766,Simond Women's MT100 Hooded Down Puffer Jacket,Simond MT100 Doudoune à Capuche Duvet Femme,Simond MT100 여성용 후드 다운 패딩 재킷
3608390941773,Simond Women's MT100 Hooded Down Puffer Jacket,Simond MT100 Doudoune à Capuche Duvet Femme,Simond MT100 여성용 후드 다운 패딩 재킷
3608390942244,Simond Women's MT100 Hooded Down Puffer Jacket,Simond MT100 Doudoune à Capuche Duvet Femme,Simond MT100 여성용 후드 다운 패딩 재킷
3608390942251,Simond Women's MT100 Hooded Down Puffer Jacket,Simond MT100 Doudoune à Capuche Duvet Femme,Simond MT100 여성용 후드 다운 패딩 재킷
3608390942268,Simond Women's MT100 Hooded Down Puffer Jacket,Simond MT100 Doudoune à Capuche Duvet Femme,Simond MT100 여성용 후드 다운 패딩 재킷
3608390942275,Simond Women's MT100 Hooded Down Puffer Jacket,Simond MT100 Doudoune à Capuche Duvet Femme,Simond MT100 여성용 후드 다운 패딩 재킷
3608390942282,Simond Women's MT100 Hooded Down Puffer Jacket,Simond MT100 Doudoune à Capuche Duvet Femme,Simond MT100 여성용 후드 다운 패딩 재킷
3608390942299,Simond Women's MT100 Hooded Down Puffer Jacket,Simond MT100 Doudoune à Capuche Duvet Femme,Simond MT100 여성용 후드 다운 패딩 재킷
3608390942305,Forclaz Women’s MT100 Down Puffer Jacket,Forclaz ’s MT100 Doudoune Duvet Femme,Forclaz ’s MT100 여성용 다운 패딩 재킷
3608390942312,Forclaz Women’s MT100 Down Puffer Jacket,Forclaz ’s MT100 Doudoune Duvet Femme,Forclaz ’s MT100 여성용 다운 패딩 재킷
3608390942329,Forclaz Women’s MT100 Down Puffer Jacket,Forclaz ’s MT100 Doudoune Duvet Femme,Forclaz ’s MT100 여성용 다운 패딩 재킷
3608390942336,Forclaz Women’s MT100 Down Puffer Jacket,Forclaz ’s MT100 Doudoune Duvet Femme,Forclaz ’s MT100 여성용 다운 패딩 재킷
3608390942343,Forclaz Women’s MT100 Down Puffer Jacket,Forclaz ’s MT100 Doudoune Duvet Femme,Forclaz ’s MT100 여성용 다운 패딩 재킷
3608390942350,Forclaz Women’s MT100 Down Puffer Jacket,Forclaz ’s MT100 Doudoune Duvet Femme,Forclaz ’s MT100 여성용 다운 패딩 재킷
3608390942442,Simond Men's MT100 Hooded Down Puffer Jacket,Simond MT100 Doudoune à Capuche Duvet Homme,Simond MT100 남성용 후드 다운 패딩 재킷
3608390942459,Simond Men's MT100 Hooded Down Puffer Jacket,Simond MT100 Doudoune à Capuche Duvet Homme,Simond MT100 남성용 후드 다운 패딩 재킷
3608390942466,Simond Men's MT100 Hooded Down Puffer Jacket,Simond MT100 Doudoune à Capuche Duvet Homme,Simond MT100 남성용 후드 다운 패딩 재킷
3608390942473,Simond Men's MT100 Hooded Down Puffer Jacket,Simond MT100 Doudoune à Capuche Duvet Homme,Simond MT100 남성용 후드 다운 패딩 재킷
3608390942480,Simond Men's MT100 Hooded Down Puffer Jacket,Simond MT100 Doudoune à Capuche Duvet Homme,Simond MT100 남성용 후드 다운 패딩 재킷
3608390942497,Simond Men's MT100 Hooded Down Puffer Jacket,Simond MT100 Doudoune à Capuche Duvet Homme,Simond MT100 남성용 후드 다운 패딩 재킷
3608390942503,Simond Women's MT100 Hooded Down Puffer Jacket,Simond MT100 Doudoune à Capuche Duvet Femme,Simond MT100 여성용 후드 다운 패딩 재킷
3608390942510,Simond Women's MT100 Hooded Down Puffer Jacket,Simond MT100 Doudoune à Capuche Duvet Femme,Simond MT100 여성용 후드 다운 패딩 재킷
3608390942527,Simond Women's MT100 Hooded Down Puffer Jacket,Simond MT100 Doudoune à Capuche Duvet Femme,Simond MT100 여성용 후드 다운 패딩 재킷
3608390942534,Simond Women's MT100 Hooded Down Puffer Jacket,Simond MT100 Doudoune à Capuche Duvet Femme,Simond MT100 여성용 후드 다운 패딩 재킷
3608390942541,Simond Women's MT100 Hooded Down Puffer Jacket,Simond MT100 Doudoune à Capuche Duvet Femme,Simond MT100 여성용 후드 다운 패딩 재킷
3608390942558,Simond Women's MT100 Hooded Down Puffer Jacket,Simond MT100 Doudoune à Capuche Duvet Femme,Simond MT100 여성용 후드 다운 패딩 재킷
3608390942794,Simond Men's MT100 Hooded Down Puffer Jacket,Simond MT100 Doudoune à Capuche Duvet Homme,Simond MT100 남성용 후드 다운 패딩 재킷
3608390944002,Simond Men's MT100 Hooded Down Puffer Jacket,Simond MT100 Doudoune à Capuche Duvet Homme,Simond MT100 남성용 후드 다운 패딩 재킷
3608390944019,Simond Men's MT100 Hooded Down Puffer Jacket,Simond MT100 Doudoune à Capuche Duvet Homme,Simond MT100 남성용 후드 다운 패딩 재킷
3608390944026,Simond Men's MT100 Hooded Down Puffer Jacket,Simond MT100 Doudoune à Capuche Duvet Homme,Simond MT100 남성용 후드 다운 패딩 재킷
3608390944033,Simond Men's MT100 Hooded Down Puffer Jacket,Simond MT100 Doudoune à Capuche Duvet Homme,Simond MT100 남성용 후드 다운 패딩 재킷
3608390944040,Simond Men's MT100 Hooded Down Puffer Jacket,Simond MT100 Doudoune à Capuche Duvet Homme,Simond MT100 남성용 후드 다운 패딩 재킷
3608390944514,Simond Men's MT500 Hooded Down Puffer Jacket,Simond MT500 Doudoune à Capuche Duvet Homme,Simond MT500 남성용 후드 다운 패딩 재킷
3608390944521,Simond Men's MT500 Hooded Down Puffer Jacket,Simond MT500 Doudoune à Capuche Duvet Homme,Simond MT500 남성용 후드 다운 패딩 재킷
3608390944538,Simond Men's MT500 Hooded Down Puffer Jacket,Simond MT500 Doudoune à Capuche Duvet Homme,Simond MT500 남성용 후드 다운 패딩 재킷
3608390944545,Simond Men's MT500 Hooded Down Puffer Jacket,Simond MT500 Doudoune à Capuche Duvet Homme,Simond MT500 남성용 후드 다운 패딩 재킷
3608390944552,Simond Men's MT500 Hooded Down Puffer Jacket,Simond MT500 Doudoune à Capuche Duvet Homme,Simond MT500 남성용 후드 다운 패딩 재킷
3608390944569,Simond Men's MT500 Hooded Down Puffer Jacket,Simond MT500 Doudoune à Capuche Duvet Homme,Simond MT500 남성용 후드 다운 패딩 재킷
3608390966592,Van Rysel Women's RCR 3 Cycling Bib Shorts,Van Rysel RCR 3 Cuissard à bretelles Femme,Van Rysel RCR 3 여성용 사이클 빕숏
3608390968800,Van Rysel Women's RCR 3 Cycling Bib Shorts,Van Rysel RCR 3 Cuissard à bretelles Femme,Van Rysel RCR 3 여성용 사이클 빕숏
3608390968817,Van Rysel Women's RCR 3 Cycling Bib Shorts,Van Rysel RCR 3 Cuissard à bretelles Femme,Van Rysel RCR 3 여성용 사이클 빕숏
3608390968824,Van Rysel Women's RCR 3 Cycling Bib Shorts,Van Rysel RCR 3 Cuissard à bretelles Femme,Van Rysel RCR 3 여성용 사이클 빕숏
3608390968855,Van Rysel Women's RCR 3 Cycling Bib Shorts,Van Rysel RCR 3 Cuissard à bretelles Femme,Van Rysel RCR 3 여성용 사이클 빕숏
3608390988839,Quechua NH100 Arpenaz 30 L Hiking Backpack,Quechua NH100 Arpenaz 30 Sac à dos de Randonnée,Quechua NH100 Arpenaz 30 등산 백팩
3608390988846,Quechua NH100 Arpenaz 30 L Hiking Backpack,Quechua NH100 Arpenaz 30 Sac à dos de Randonnée,Quechua NH100 Arpenaz 30 등산 백팩
3608391006525,Wedze Adult 500 Merino Wool Ski Socks,Wedze 500 Chaussettes Mérinos Laine de Ski Adulte,Wedze 500 성인용 메리노 울 스키 양말
3608391006532,Wedze Adult 500 Merino Wool Ski Socks,Wedze 500 Chaussettes Mérinos Laine de Ski Adulte,Wedze 500 성인용 메리노 울 스키 양말
3608391007362,Wedze Men’s 100 Warm Waterproof Snow Pants,Wedze ’s 100 Pantalon Imperméable Neige Chaud Homme,Wedze ’s 100 남성용 방수 스노우 보온 바지
3608391007379,Wedze Men’s 100 Warm Waterproof Snow Pants,Wedze ’s 100 Pantalon Imperméable Neige Chaud Homme,Wedze ’s 100 남성용 방수 스노우 보온 바지
3608391007386,Wedze Men’s 100 Warm Waterproof Snow Pants,Wedze ’s 100 Pantalon Imperméable Neige Chaud Homme,Wedze ’s 100 남성용 방수 스노우 보온 바지
3608391007393,Wedze Men’s 100 Warm Waterproof Snow Pants,Wedze ’s 100 Pantalon Imperméable Neige Chaud Homme,Wedze ’s 100 남성용 방수 스노우 보온 바지
3608391008109,Wedze Adult 500 Merino Wool Ski Socks,Wedze 500 Chaussettes Mérinos Laine de Ski Adulte,Wedze 500 성인용 메리노 울 스키 양말
3608391008116,Wedze Adult 500 Merino Wool Ski Socks,Wedze 500 Chaussettes Mérinos Laine de Ski Adulte,Wedze 500 성인용 메리노 울 스키 양말
3608391008505,Wedze Men’s 100 Warm Waterproof Snow Pants,Wedze ’s 100 Pantalon Imperméable Neige Chaud Homme,Wedze ’s 100 남성용 방수 스노우 보온 바지
3608391008512,Wedze Men’s 100 Warm Waterproof Snow Pants,Wedze ’s 100 Pantalon Imperméable Neige Chaud Homme,Wedze ’s 100 남성용 방수 스노우 보온 바지
3608391010393,Wedze Women’s 100 Warm Waterproof Snow Pants,Wedze ’s 100 Pantalon Imperméable Neige Chaud Femme,Wedze ’s 100 여성용 방수 스노우 보온 바지
3608391011109,Wedze Women’s 100 Warm Waterproof Snow Pants,Wedze ’s 100 Pantalon Imperméable Neige Chaud Femme,Wedze ’s 100 여성용 방수 스노우 보온 바지
3608391011116,Wedze Women’s 100 Warm Waterproof Snow Pants,Wedze ’s 100 Pantalon Imperméable Neige Chaud Femme,Wedze ’s 100 여성용 방수 스노우 보온 바지
3608391011123,Wedze Women’s 100 Warm Waterproof Snow Pants,Wedze ’s 100 Pantalon Imperméable Neige Chaud Femme,Wedze ’s 100 여성용 방수 스노우 보온 바지
3608391011130,Wedze Women’s 100 Warm Waterproof Snow Pants,Wedze ’s 100 Pantalon Imperméable Neige Chaud Femme,Wedze ’s 100 여성용 방수 스노우 보온 바지
3608391011147,Wedze Women’s 100 Warm Waterproof Snow Pants,Wedze ’s 100 Pantalon Imperméable Neige Chaud Femme,Wedze ’s 100 여성용 방수 스노우 보온 바지
3608391011154,Wedze Women’s 100 Warm Waterproof Snow Pants,Wedze ’s 100 Pantalon Imperméable Neige Chaud Femme,Wedze ’s 100 여성용 방수 스노우 보온 바지
3608391011703,Wedze Women's 500 Waterproof Ski Jacket,Wedze 500 Veste Imperméable de Ski Femme,Wedze 500 여성용 방수 스키 재킷
3608391011710,Wedze Women's 500 Waterproof Ski Jacket,Wedze 500 Veste Imperméable de Ski Femme,Wedze 500 여성용 방수 스키 재킷
3608391011727,Wedze Women's 500 Waterproof Ski Jacket,Wedze 500 Veste Imperméable de Ski Femme,Wedze 500 여성용 방수 스키 재킷
3608391011734,Wedze Women's 500 Waterproof Ski Jacket,Wedze 500 Veste Imperméable de Ski Femme,Wedze 500 여성용 방수 스키 재킷
3608391011741,Wedze Women's 500 Waterproof Ski Jacket,Wedze 500 Veste Imperméable de Ski Femme,Wedze 500 여성용 방수 스키 재킷
3608391016302,Wedze Adult 500 Waterproof Ski Gloves,Wedze 500 Gants Imperméable de Ski Adulte,Wedze 500 성인용 방수 스키 장갑
3608391016319,Wedze Adult 500 Waterproof Ski Gloves,Wedze 500 Gants Imperméable de Ski Adulte,Wedze 500 성인용 방수 스키 장갑
3608391016326,Wedze Adult 500 Waterproof Ski Gloves,Wedze 500 Gants Imperméable de Ski Adulte,Wedze 500 성인용 방수 스키 장갑
3608391016333,Wedze Adult 500 Waterproof Ski Gloves,Wedze 500 Gants Imperméable de Ski Adulte,Wedze 500 성인용 방수 스키 장갑
3608391016340,Wedze Adult 500 Waterproof Ski Gloves,Wedze 500 Gants Imperméable de Ski Adulte,Wedze 500 성인용 방수 스키 장갑
3608391016357,Wedze Adult 500 Waterproof Ski Gloves,Wedze 500 Gants Imperméable de Ski Adulte,Wedze 500 성인용 방수 스키 장갑
3608391021528,Wedze Adult 500 Merino Wool Ski Socks,Wedze 500 Chaussettes Mérinos Laine de Ski Adulte,Wedze 500 성인용 메리노 울 스키 양말
3608391021535,Wedze Adult 500 Merino Wool Ski Socks,Wedze 500 Chaussettes Mérinos Laine de Ski Adulte,Wedze 500 성인용 메리노 울 스키 양말
3608391021542,Wedze Adult 500 Merino Wool Ski Socks,Wedze 500 Chaussettes Mérinos Laine de Ski Adulte,Wedze 500 성인용 메리노 울 스키 양말
3608391021559,Wedze Adult 500 Merino Wool Ski Socks,Wedze 500 Chaussettes Mérinos Laine de Ski Adulte,Wedze 500 성인용 메리노 울 스키 양말
3608391040338,Wedze Men’s BL900 Wool Thermal Ski Base Layer Top,Wedze ’s BL900 Top Sous-vêtement technique Thermique Laine de Ski Homme,Wedze ’s BL900 Top 남성용 발열 울 스키 베이스레이어
3608391040345,Wedze Men’s BL900 Wool Thermal Ski Base Layer Top,Wedze ’s BL900 Top Sous-vêtement technique Thermique Laine de Ski Homme,Wedze ’s BL900 Top 남성용 발열 울 스키 베이스레이어
3608391040352,Wedze Men’s BL900 Wool Thermal Ski Base Layer Top,Wedze ’s BL900 Top Sous-vêtement technique Thermique Laine de Ski Homme,Wedze ’s BL900 Top 남성용 발열 울 스키 베이스레이어
3608391043391,Wedze Women’s BL900 Merino Wool Ski Base Layer Top,Wedze ’s BL900 Top Sous-vêtement technique Mérinos Laine de Ski Femme,Wedze ’s BL900 Top 여성용 메리노 울 스키 베이스레이어
3608391045005,Wedze Women’s BL900 Merino Wool Ski Base Layer Top,Wedze ’s BL900 Top Sous-vêtement technique Mérinos Laine de Ski Femme,Wedze ’s BL900 Top 여성용 메리노 울 스키 베이스레이어
3608391045012,Wedze Women’s BL900 Merino Wool Ski Base Layer Top,Wedze ’s BL900 Top Sous-vêtement technique Mérinos Laine de Ski Femme,Wedze ’s BL900 Top 여성용 메리노 울 스키 베이스레이어
3608391066031,Wedze Kids' 100 Waterproof Puffer Ski Jacket,Wedze 100 Veste Imperméable Doudoune de Ski Enfant,Wedze 100 아동용 방수 패딩 스키 재킷
3608391066048,Wedze Kids' 100 Waterproof Puffer Ski Jacket,Wedze 100 Veste Imperméable Doudoune de Ski Enfant,Wedze 100 아동용 방수 패딩 스키 재킷
3608391066055,Wedze Kids' 100 Waterproof Puffer Ski Jacket,Wedze 100 Veste Imperméable Doudoune de Ski Enfant,Wedze 100 아동용 방수 패딩 스키 재킷
3608391076252,Wedze Women’s BL500 Seamless Ski Base Layer Top,Wedze ’s BL500 Top Sous-vêtement technique Sans couture de Ski Femme,Wedze ’s BL500 Top 여성용 심리스 스키 베이스레이어
3608391076269,Wedze Women’s BL500 Seamless Ski Base Layer Top,Wedze ’s BL500 Top Sous-vêtement technique Sans couture de Ski Femme,Wedze ’s BL500 Top 여성용 심리스 스키 베이스레이어
3608391076276,Wedze Women’s BL500 Seamless Ski Base Layer Top,Wedze ’s BL500 Top Sous-vêtement technique Sans couture de Ski Femme,Wedze ’s BL500 Top 여성용 심리스 스키 베이스레이어
3608391076283,Wedze Women’s BL500 Seamless Ski Base Layer Top,Wedze ’s BL500 Top Sous-vêtement technique Sans couture de Ski Femme,Wedze ’s BL500 Top 여성용 심리스 스키 베이스레이어
3608391080921,Wedze Kids' 100 Waterproof Puffer Ski Jacket,Wedze 100 Veste Imperméable Doudoune de Ski Enfant,Wedze 100 아동용 방수 패딩 스키 재킷
3608391080938,Wedze Kids' 100 Waterproof Puffer Ski Jacket,Wedze 100 Veste Imperméable Doudoune de Ski Enfant,Wedze 100 아동용 방수 패딩 스키 재킷
3608391114015,Quechua Women's NH100 Warm Waterproof Mid Snow Hiking Boots,Quechua NH100 Bottes Imperméable de Randonnée Neige Chaud Mi-saison Femme,Quechua NH100 여성용 방수 등산 스노우 보온 미드 부츠
3608391114503,Quechua Women's NH100 Warm Waterproof Mid Snow Hiking Boots,Quechua NH100 Bottes Imperméable de Randonnée Neige Chaud Mi-saison Femme,Quechua NH100 여성용 방수 등산 스노우 보온 미드 부츠
3608391114510,Quechua Women's NH100 Warm Waterproof Mid Snow Hiking Boots,Quechua NH100 Bottes Imperméable de Randonnée Neige Chaud Mi-saison Femme,Quechua NH100 여성용 방수 등산 스노우 보온 미드 부츠
3608391114527,Quechua Women's NH100 Warm Waterproof Mid Snow Hiking Boots,Quechua NH100 Bottes Imperméable de Randonnée Neige Chaud Mi-saison Femme,Quechua NH100 여성용 방수 등산 스노우 보온 미드 부츠
3608391114534,Quechua Women's NH100 Warm Waterproof Mid Snow Hiking Boots,Quechua NH100 Bottes Imperméable de Randonnée Neige Chaud Mi-saison Femme,Quechua NH100 여성용 방수 등산 스노우 보온 미드 부츠
3608391114541,Quechua Women's NH100 Warm Waterproof Mid Snow Hiking Boots,Quechua NH100 Bottes Imperméable de Randonnée Neige Chaud Mi-saison Femme,Quechua NH100 여성용 방수 등산 스노우 보온 미드 부츠
3608391114558,Quechua Women's NH100 Warm Waterproof Mid Snow Hiking Boots,Quechua NH100 Bottes Imperméable de Randonnée Neige Chaud Mi-saison Femme,Quechua NH100 여성용 방수 등산 스노우 보온 미드 부츠
3608391128661,Quechua SH500 Merino Wool Winter Mid Socks - 2 Pairs,Quechua SH500 2 Pairs Chaussettes Mérinos Hiver Laine Mi-saison,Quechua SH500 2 Pairs 메리노 겨울 울 미드 양말
3608391128678,Quechua SH500 Merino Wool Winter Mid Socks - 2 Pairs,Quechua SH500 2 Pairs Chaussettes Mérinos Hiver Laine Mi-saison,Quechua SH500 2 Pairs 메리노 겨울 울 미드 양말
3608391128685,Quechua SH500 Merino Wool Winter Mid Socks - 2 Pairs,Quechua SH500 2 Pairs Chaussettes Mérinos Hiver Laine Mi-saison,Quechua SH500 2 Pairs 메리노 겨울 울 미드 양말
3608391128692,Quechua SH500 Merino Wool Winter Mid Socks - 2 Pairs,Quechua SH500 2 Pairs Chaussettes Mérinos Hiver Laine Mi-saison,Quechua SH500 2 Pairs 메리노 겨울 울 미드 양말
3608391173609,Quechua Men’s NH500 Water-Repellent Snow Hiking Pants,Quechua ’s NH500 Pantalon Déperlant de Randonnée Neige Homme,Quechua ’s NH500 남성용 발수 등산 스노우 바지
3608391173616,Quechua Men’s NH500 Water-Repellent Snow Hiking Pants,Quechua ’s NH500 Pantalon Déperlant de Randonnée Neige Homme,Quechua ’s NH500 남성용 발수 등산 스노우 바지
3608391173906,Quechua Men’s NH500 Water-Repellent Snow Hiking Pants,Quechua ’s NH500 Pantalon Déperlant de Randonnée Neige Homme,Quechua ’s NH500 남성용 발수 등산 스노우 바지
3608391173913,Quechua Men’s NH500 Water-Repellent Snow Hiking Pants,Quechua ’s NH500 Pantalon Déperlant de Randonnée Neige Homme,Quechua ’s NH500 남성용 발수 등산 스노우 바지
3608391173920,Quechua Men’s NH500 Water-Repellent Snow Hiking Pants,Quechua ’s NH500 Pantalon Déperlant de Randonnée Neige Homme,Quechua ’s NH500 남성용 발수 등산 스노우 바지
3608391173937,Quechua Men’s NH500 Water-Repellent Snow Hiking Pants,Quechua ’s NH500 Pantalon Déperlant de Randonnée Neige Homme,Quechua ’s NH500 남성용 발수 등산 스노우 바지
3608391173944,Quechua Men’s NH500 Water-Repellent Snow Hiking Pants,Quechua ’s NH500 Pantalon Déperlant de Randonnée Neige Homme,Quechua ’s NH500 남성용 발수 등산 스노우 바지
3608391173951,Quechua Men’s NH500 Water-Repellent Snow Hiking Pants,Quechua ’s NH500 Pantalon Déperlant de Randonnée Neige Homme,Quechua ’s NH500 남성용 발수 등산 스노우 바지
3608391173968,Quechua Men’s NH500 Water-Repellent Snow Hiking Pants,Quechua ’s NH500 Pantalon Déperlant de Randonnée Neige Homme,Quechua ’s NH500 남성용 발수 등산 스노우 바지
3608391173975,Quechua Men’s NH500 Water-Repellent Snow Hiking Pants,Quechua ’s NH500 Pantalon Déperlant de Randonnée Neige Homme,Quechua ’s NH500 남성용 발수 등산 스노우 바지
3608391173999,Quechua Men’s NH500 Water-Repellent Snow Hiking Pants,Quechua ’s NH500 Pantalon Déperlant de Randonnée Neige Homme,Quechua ’s NH500 남성용 발수 등산 스노우 바지
3608391174002,Quechua Men’s NH500 Water-Repellent Snow Hiking Pants,Quechua ’s NH500 Pantalon Déperlant de Randonnée Neige Homme,Quechua ’s NH500 남성용 발수 등산 스노우 바지
3608391174019,Quechua Men’s NH500 Water-Repellent Snow Hiking Pants,Quechua ’s NH500 Pantalon Déperlant de Randonnée Neige Homme,Quechua ’s NH500 남성용 발수 등산 스노우 바지
3608391174026,Quechua Men’s NH500 Water-Repellent Snow Hiking Pants,Quechua ’s NH500 Pantalon Déperlant de Randonnée Neige Homme,Quechua ’s NH500 남성용 발수 등산 스노우 바지
3608391174033,Quechua Men’s NH500 Water-Repellent Snow Hiking Pants,Quechua ’s NH500 Pantalon Déperlant de Randonnée Neige Homme,Quechua ’s NH500 남성용 발수 등산 스노우 바지
3608391190002,Kiprun Men's Run 100 Windproof Running & Trail Jacket,Kiprun Run 100 Windproof Veste de Running Trail Homme,Kiprun Run 100 Windproof 남성용 러닝 트레일 재킷
3608391190019,Kiprun Men's Run 100 Windproof Running & Trail Jacket,Kiprun Run 100 Windproof Veste de Running Trail Homme,Kiprun Run 100 Windproof 남성용 러닝 트레일 재킷
3608391190026,Kiprun Men's Run 100 Windproof Running & Trail Jacket,Kiprun Run 100 Windproof Veste de Running Trail Homme,Kiprun Run 100 Windproof 남성용 러닝 트레일 재킷
3608391190033,Kiprun Men's Run 100 Windproof Running & Trail Jacket,Kiprun Run 100 Windproof Veste de Running Trail Homme,Kiprun Run 100 Windproof 남성용 러닝 트레일 재킷
3608391190040,Kiprun Men's Run 100 Windproof Running & Trail Jacket,Kiprun Run 100 Windproof Veste de Running Trail Homme,Kiprun Run 100 Windproof 남성용 러닝 트레일 재킷
3608391192648,Van Rysel Unisex RCR 2 Short-Sleeved Cycling Jersey,Van Rysel RCR 2 Short-Sleeved Maillot de Vélo Mixte,Van Rysel RCR 2 Short-Sleeved 남녀공용 사이클 저지
3608391192655,Van Rysel Unisex RCR 2 Short-Sleeved Cycling Jersey,Van Rysel RCR 2 Short-Sleeved Maillot de Vélo Mixte,Van Rysel RCR 2 Short-Sleeved 남녀공용 사이클 저지
3608391192679,Van Rysel Unisex RCR 2 Short-Sleeved Cycling Jersey,Van Rysel RCR 2 Short-Sleeved Maillot de Vélo Mixte,Van Rysel RCR 2 Short-Sleeved 남녀공용 사이클 저지
3608391192686,Van Rysel Unisex RCR 2 Short-Sleeved Cycling Jersey,Van Rysel RCR 2 Short-Sleeved Maillot de Vélo Mixte,Van Rysel RCR 2 Short-Sleeved 남녀공용 사이클 저지
3608391397081,Quechua Men's NH500 Hybrid Hiking Sweatshirt,Quechua NH500 Hybrid Sweat de Randonnée Homme,Quechua NH500 Hybrid 남성용 등산 스웨트셔츠
3608391405120,Quechua Men's NH500 Hybrid Hiking Sweatshirt,Quechua NH500 Hybrid Sweat de Randonnée Homme,Quechua NH500 Hybrid 남성용 등산 스웨트셔츠
3608391405144,Quechua Men's NH500 Hybrid Hiking Sweatshirt,Quechua NH500 Hybrid Sweat de Randonnée Homme,Quechua NH500 Hybrid 남성용 등산 스웨트셔츠
3608391408411,Quechua Men's NH500 Hybrid Hiking Sweatshirt,Quechua NH500 Hybrid Sweat de Randonnée Homme,Quechua NH500 Hybrid 남성용 등산 스웨트셔츠
3608391410605,Quechua Men's NH500 Hybrid Hiking Sweatshirt,Quechua NH500 Hybrid Sweat de Randonnée Homme,Quechua NH500 Hybrid 남성용 등산 스웨트셔츠
3608391439996,Quechua Men's NH500 Hybrid Hiking Sweatshirt,Quechua NH500 Hybrid Sweat de Randonnée Homme,Quechua NH500 Hybrid 남성용 등산 스웨트셔츠
3608391451318,Simond Men's MT900 Hooded Down Puffer Jacket,Simond MT900 Doudoune à Capuche Duvet Homme,Simond MT900 남성용 후드 다운 패딩 재킷
3608391451431,Quechua Women’s NH500 Warm Water Repellent Hiking Pants,Quechua ’s NH500 Water Repellent Pantalon de Randonnée Chaud Femme,Quechua ’s NH500 Water Repellent 여성용 등산 보온 바지
3608391455750,Quechua Women’s NH500 Warm Water Repellent Hiking Pants,Quechua ’s NH500 Water Repellent Pantalon de Randonnée Chaud Femme,Quechua ’s NH500 Water Repellent 여성용 등산 보온 바지
3608391459772,Quechua Women’s NH500 Warm Water Repellent Hiking Pants,Quechua ’s NH500 Water Repellent Pantalon de Randonnée Chaud Femme,Quechua ’s NH500 Water Repellent 여성용 등산 보온 바지
3608391460631,Quechua Women’s NH500 Warm Water Repellent Hiking Pants,Quechua ’s NH500 Water Repellent Pantalon de Randonnée Chaud Femme,Quechua ’s NH500 Water Repellent 여성용 등산 보온 바지
3608391463816,Quechua Women’s NH500 Warm Water Repellent Hiking Pants,Quechua ’s NH500 Water Repellent Pantalon de Randonnée Chaud Femme,Quechua ’s NH500 Water Repellent 여성용 등산 보온 바지
3608391466046,Quechua Women’s NH500 Warm Water Repellent Hiking Pants,Quechua ’s NH500 Water Repellent Pantalon de Randonnée Chaud Femme,Quechua ’s NH500 Water Repellent 여성용 등산 보온 바지
3608391466640,Quechua Women’s NH500 Warm Water Repellent Hiking Pants,Quechua ’s NH500 Water Repellent Pantalon de Randonnée Chaud Femme,Quechua ’s NH500 Water Repellent 여성용 등산 보온 바지
3608391469955,Quechua Women’s NH500 Warm Water Repellent Hiking Pants,Quechua ’s NH500 Water Repellent Pantalon de Randonnée Chaud Femme,Quechua ’s NH500 Water Repellent 여성용 등산 보온 바지
3608391472542,Simond Men's MT900 Hooded Down Puffer Jacket,Simond MT900 Doudoune à Capuche Duvet Homme,Simond MT900 남성용 후드 다운 패딩 재킷
3608391474959,Simond Men's MT900 Hooded Down Puffer Jacket,Simond MT900 Doudoune à Capuche Duvet Homme,Simond MT900 남성용 후드 다운 패딩 재킷
3608391476816,Quechua Women’s NH500 Warm Water Repellent Hiking Pants,Quechua ’s NH500 Water Repellent Pantalon de Randonnée Chaud Femme,Quechua ’s NH500 Water Repellent 여성용 등산 보온 바지
3608391477356,Simond Men's MT900 Hooded Down Puffer Jacket,Simond MT900 Doudoune à Capuche Duvet Homme,Simond MT900 남성용 후드 다운 패딩 재킷
3608391485252,Simond Men's MT900 Hooded Down Puffer Jacket,Simond MT900 Doudoune à Capuche Duvet Homme,Simond MT900 남성용 후드 다운 패딩 재킷
3608391488765,Kiprun Men's 100 Warm Running Pants,Kiprun 100 Pantalon de Running Chaud Homme,Kiprun 100 남성용 러닝 보온 바지
3608391493707,Quechua Women’s NH500 Warm Water Repellent Hiking Pants,Quechua ’s NH500 Water Repellent Pantalon de Randonnée Chaud Femme,Quechua ’s NH500 Water Repellent 여성용 등산 보온 바지
3608391503970,Quechua Women’s NH500 Warm Water Repellent Hiking Pants,Quechua ’s NH500 Water Repellent Pantalon de Randonnée Chaud Femme,Quechua ’s NH500 Water Repellent 여성용 등산 보온 바지
3608391504588,Quechua Women’s NH500 Warm Water Repellent Hiking Pants,Quechua ’s NH500 Water Repellent Pantalon de Randonnée Chaud Femme,Quechua ’s NH500 Water Repellent 여성용 등산 보온 바지
3608391504861,Quechua Women’s NH500 Warm Water Repellent Hiking Pants,Quechua ’s NH500 Water Repellent Pantalon de Randonnée Chaud Femme,Quechua ’s NH500 Water Repellent 여성용 등산 보온 바지
3608391506582,Simond Men's MT900 Hooded Down Puffer Jacket,Simond MT900 Doudoune à Capuche Duvet Homme,Simond MT900 남성용 후드 다운 패딩 재킷
3608391507206,Quechua Women’s NH500 Warm Water Repellent Hiking Pants,Quechua ’s NH500 Water Repellent Pantalon de Randonnée Chaud Femme,Quechua ’s NH500 Water Repellent 여성용 등산 보온 바지
3608391515836,Van Rysel Unisex RCR 2 Long-Sleeved Fleece-Lined Cycling Jersey,Van Rysel RCR 2 Long-Sleeved -Lined Jersey Polaire de Vélo Mixte,Van Rysel RCR 2 Long-Sleeved -Lined Jersey 남녀공용 사이클 플리스
3608391526962,Van Rysel Unisex RCR 2 Long-Sleeved Fleece-Lined Cycling Jersey,Van Rysel RCR 2 Long-Sleeved -Lined Jersey Polaire de Vélo Mixte,Van Rysel RCR 2 Long-Sleeved -Lined Jersey 남녀공용 사이클 플리스
3608391533250,Van Rysel Unisex RCR 2 Long-Sleeved Fleece-Lined Cycling Jersey,Van Rysel RCR 2 Long-Sleeved -Lined Jersey Polaire de Vélo Mixte,Van Rysel RCR 2 Long-Sleeved -Lined Jersey 남녀공용 사이클 플리스
3608391534660,Van Rysel Unisex RCR 2 Long-Sleeved Fleece-Lined Cycling Jersey,Van Rysel RCR 2 Long-Sleeved -Lined Jersey Polaire de Vélo Mixte,Van Rysel RCR 2 Long-Sleeved -Lined Jersey 남녀공용 사이클 플리스
3608391608521,Simond Adult MT500 Warm Touchscreen Gloves,Simond MT500 Touchscreen Gants Chaud Adulte,Simond MT500 Touchscreen 성인용 보온 장갑
3608391608538,Simond Adult MT500 Warm Touchscreen Gloves,Simond MT500 Touchscreen Gants Chaud Adulte,Simond MT500 Touchscreen 성인용 보온 장갑
3608391608545,Simond Adult MT500 Warm Touchscreen Gloves,Simond MT500 Touchscreen Gants Chaud Adulte,Simond MT500 Touchscreen 성인용 보온 장갑
3608391608552,Simond Adult MT500 Warm Touchscreen Gloves,Simond MT500 Touchscreen Gants Chaud Adulte,Simond MT500 Touchscreen 성인용 보온 장갑
3608391608569,Simond Adult MT500 Warm Touchscreen Gloves,Simond MT500 Touchscreen Gants Chaud Adulte,Simond MT500 Touchscreen 성인용 보온 장갑
3608391623234,Simond HL500 USB 300 Lumen Headlamp,Simond HL500 USB 300 Lumen Lampe frontale,Simond HL500 USB 300 Lumen 헤드램프
3608391625863,Van Rysel Men's RCR 2 Cycling Winter Jacket,Van Rysel RCR 2 Veste de Vélo Hiver Homme,Van Rysel RCR 2 남성용 사이클 겨울 재킷
3608391625870,Van Rysel Men's RCR 2 Cycling Winter Jacket,Van Rysel RCR 2 Veste de Vélo Hiver Homme,Van Rysel RCR 2 남성용 사이클 겨울 재킷
3608391625887,Van Rysel Men's RCR 2 Cycling Winter Jacket,Van Rysel RCR 2 Veste de Vélo Hiver Homme,Van Rysel RCR 2 남성용 사이클 겨울 재킷
3608391625894,Van Rysel Men's RCR 2 Cycling Winter Jacket,Van Rysel RCR 2 Veste de Vélo Hiver Homme,Van Rysel RCR 2 남성용 사이클 겨울 재킷
3608391628598,Van Rysel D100 Home Trainer with Zwift Cog and Click,Van Rysel D100 with Zwift Cog and Click Home-trainer,Van Rysel D100 with Zwift Cog and Click 실내 트레이너
3608391628994,Kiprun V2 Breathable Running Cap,Kiprun V2 Casquette Respirant de Running,Kiprun V2 통기성 러닝 모자
3608391629502,Kiprun V2 Breathable Running Cap,Kiprun V2 Casquette Respirant de Running,Kiprun V2 통기성 러닝 모자
3608391638061,Simond MT500 23°F Polyester Sleeping Bag,Simond MT500 23°F Polyester Sac de couchage,Simond MT500 23°F Polyester 침낭
3608391638078,Simond MT500 23°F Polyester Sleeping Bag,Simond MT500 23°F Polyester Sac de couchage,Simond MT500 23°F Polyester 침낭
3608391638085,Simond MT500 23°F Polyester Sleeping Bag,Simond MT500 23°F Polyester Sac de couchage,Simond MT500 23°F Polyester 침낭
3608391639921,Simond MT500 32°F Polyester Sleeping Bag,Simond MT500 32°F Polyester Sac de couchage,Simond MT500 32°F Polyester 침낭
3608391639938,Simond MT500 32°F Polyester Sleeping Bag,Simond MT500 32°F Polyester Sac de couchage,Simond MT500 32°F Polyester 침낭
3608391639945,Simond MT500 32°F Polyester Sleeping Bag,Simond MT500 32°F Polyester Sac de couchage,Simond MT500 32°F Polyester 침낭
3608391640293,Forclaz MT500 Air Sleeping Pad - L,Forclaz MT500 Air Matelas de sol,Forclaz MT500 Air 슬리핑 패드
3608391641023,Simond MT500 41°F Polyester Sleeping Bag,Simond MT500 41°F Polyester Sac de couchage,Simond MT500 41°F Polyester 침낭
3608391641207,Simond MT500 41°F Polyester Sleeping Bag,Simond MT500 41°F Polyester Sac de couchage,Simond MT500 41°F Polyester 침낭
3608391641214,Simond MT500 41°F Polyester Sleeping Bag,Simond MT500 41°F Polyester Sac de couchage,Simond MT500 41°F Polyester 침낭
3608391641481,Forclaz MT500 Air Sleeping Pad - XL,Forclaz MT500 Air XL Matelas de sol,Forclaz MT500 Air XL 슬리핑 패드
3608391647797,Quechua Men’s NH500 Waterproof Winter Parka,Quechua ’s NH500 Parka Imperméable Hiver Homme,Quechua ’s NH500 남성용 방수 겨울 파카
3608391648800,Quechua Men’s NH500 Waterproof Winter Parka,Quechua ’s NH500 Parka Imperméable Hiver Homme,Quechua ’s NH500 남성용 방수 겨울 파카
3608391648817,Quechua Men’s NH500 Waterproof Winter Parka,Quechua ’s NH500 Parka Imperméable Hiver Homme,Quechua ’s NH500 남성용 방수 겨울 파카
3608391648824,Quechua Men’s NH500 Waterproof Winter Parka,Quechua ’s NH500 Parka Imperméable Hiver Homme,Quechua ’s NH500 남성용 방수 겨울 파카
3608391648831,Quechua Men’s NH500 Waterproof Winter Parka,Quechua ’s NH500 Parka Imperméable Hiver Homme,Quechua ’s NH500 남성용 방수 겨울 파카
3608391648848,Quechua Men’s NH500 Waterproof Winter Parka,Quechua ’s NH500 Parka Imperméable Hiver Homme,Quechua ’s NH500 남성용 방수 겨울 파카
3608391655297,Quechua Women’s NH500 Waterproof Hiking Rain Jacket,Quechua ’s NH500 Veste de pluie Imperméable de Randonnée Femme,Quechua ’s NH500 여성용 방수 등산 레인 재킷
3608391655631,Quechua Women’s NH500 Waterproof Hiking Rain Jacket,Quechua ’s NH500 Veste de pluie Imperméable de Randonnée Femme,Quechua ’s NH500 여성용 방수 등산 레인 재킷
3608391655648,Quechua Women’s NH500 Waterproof Hiking Rain Jacket,Quechua ’s NH500 Veste de pluie Imperméable de Randonnée Femme,Quechua ’s NH500 여성용 방수 등산 레인 재킷
3608391655655,Quechua Women’s NH500 Waterproof Hiking Rain Jacket,Quechua ’s NH500 Veste de pluie Imperméable de Randonnée Femme,Quechua ’s NH500 여성용 방수 등산 레인 재킷
3608391655662,Quechua Women’s NH500 Waterproof Hiking Rain Jacket,Quechua ’s NH500 Veste de pluie Imperméable de Randonnée Femme,Quechua ’s NH500 여성용 방수 등산 레인 재킷
3608391655679,Quechua Women’s NH500 Waterproof Hiking Rain Jacket,Quechua ’s NH500 Veste de pluie Imperméable de Randonnée Femme,Quechua ’s NH500 여성용 방수 등산 레인 재킷
3608391655686,Quechua Women’s NH500 Waterproof Hiking Rain Jacket,Quechua ’s NH500 Veste de pluie Imperméable de Randonnée Femme,Quechua ’s NH500 여성용 방수 등산 레인 재킷
3608391655808,Quechua Women’s NH500 Waterproof Hiking Rain Jacket,Quechua ’s NH500 Veste de pluie Imperméable de Randonnée Femme,Quechua ’s NH500 여성용 방수 등산 레인 재킷
3608391655815,Quechua Women’s NH500 Waterproof Hiking Rain Jacket,Quechua ’s NH500 Veste de pluie Imperméable de Randonnée Femme,Quechua ’s NH500 여성용 방수 등산 레인 재킷
3608391655822,Quechua Women’s NH500 Waterproof Hiking Rain Jacket,Quechua ’s NH500 Veste de pluie Imperméable de Randonnée Femme,Quechua ’s NH500 여성용 방수 등산 레인 재킷
3608391655839,Quechua Women’s NH500 Waterproof Hiking Rain Jacket,Quechua ’s NH500 Veste de pluie Imperméable de Randonnée Femme,Quechua ’s NH500 여성용 방수 등산 레인 재킷
3608391655846,Quechua Women’s NH500 Waterproof Hiking Rain Jacket,Quechua ’s NH500 Veste de pluie Imperméable de Randonnée Femme,Quechua ’s NH500 여성용 방수 등산 레인 재킷
3608391656157,Quechua Women’s NH100 Water-Repellent Fleece-Lined Winter Hiking Pants,Quechua ’s NH100 -Lined Pants Polaire Déperlant de Randonnée Hiver Femme,Quechua ’s NH100 -Lined Pants 여성용 발수 등산 겨울 플리스
3608391656171,Quechua Women’s NH100 Water-Repellent Fleece-Lined Winter Hiking Pants,Quechua ’s NH100 -Lined Pants Polaire Déperlant de Randonnée Hiver Femme,Quechua ’s NH100 -Lined Pants 여성용 발수 등산 겨울 플리스
3608391656195,Quechua Women’s NH100 Water-Repellent Fleece-Lined Winter Hiking Pants,Quechua ’s NH100 -Lined Pants Polaire Déperlant de Randonnée Hiver Femme,Quechua ’s NH100 -Lined Pants 여성용 발수 등산 겨울 플리스
3608391658717,Quechua Women’s NH100 Water-Repellent Fleece-Lined Winter Hiking Pants,Quechua ’s NH100 -Lined Pants Polaire Déperlant de Randonnée Hiver Femme,Quechua ’s NH100 -Lined Pants 여성용 발수 등산 겨울 플리스
3608391658731,Quechua Women’s NH100 Water-Repellent Fleece-Lined Winter Hiking Pants,Quechua ’s NH100 -Lined Pants Polaire Déperlant de Randonnée Hiver Femme,Quechua ’s NH100 -Lined Pants 여성용 발수 등산 겨울 플리스
3608391658755,Quechua Women’s NH100 Water-Repellent Fleece-Lined Winter Hiking Pants,Quechua ’s NH100 -Lined Pants Polaire Déperlant de Randonnée Hiver Femme,Quechua ’s NH100 -Lined Pants 여성용 발수 등산 겨울 플리스
3608391658762,Quechua Women’s NH100 Water-Repellent Fleece-Lined Winter Hiking Pants,Quechua ’s NH100 -Lined Pants Polaire Déperlant de Randonnée Hiver Femme,Quechua ’s NH100 -Lined Pants 여성용 발수 등산 겨울 플리스
3608391658779,Quechua Women’s NH100 Water-Repellent Fleece-Lined Winter Hiking Pants,Quechua ’s NH100 -Lined Pants Polaire Déperlant de Randonnée Hiver Femme,Quechua ’s NH100 -Lined Pants 여성용 발수 등산 겨울 플리스
3608391658793,Quechua Women’s NH100 Water-Repellent Fleece-Lined Winter Hiking Pants,Quechua ’s NH100 -Lined Pants Polaire Déperlant de Randonnée Hiver Femme,Quechua ’s NH100 -Lined Pants 여성용 발수 등산 겨울 플리스
3608391759131,Simond Men’s MT900 Windproof Softshell Jacket,Simond ’s MT900 Windproof Jacket Softshell Homme,Simond ’s MT900 Windproof Jacket 남성용 소프트쉘
3608391759148,Simond Men’s MT900 Windproof Softshell Jacket,Simond ’s MT900 Windproof Jacket Softshell Homme,Simond ’s MT900 Windproof Jacket 남성용 소프트쉘
3608391759155,Simond Men’s MT900 Windproof Softshell Jacket,Simond ’s MT900 Windproof Jacket Softshell Homme,Simond ’s MT900 Windproof Jacket 남성용 소프트쉘
3608391759162,Simond Men’s MT900 Windproof Softshell Jacket,Simond ’s MT900 Windproof Jacket Softshell Homme,Simond ’s MT900 Windproof Jacket 남성용 소프트쉘
3608391759179,Simond Men’s MT900 Windproof Softshell Jacket,Simond ’s MT900 Windproof Jacket Softshell Homme,Simond ’s MT900 Windproof Jacket 남성용 소프트쉘
3608391786144,Quechua Men's NH500 Half-Zip Hiking Pullover,Quechua NH500 Half-Zip Pull de Randonnée Homme,Quechua NH500 Half-Zip 남성용 등산 풀오버
3608391786151,Quechua Men's NH500 Half-Zip Hiking Pullover,Quechua NH500 Half-Zip Pull de Randonnée Homme,Quechua NH500 Half-Zip 남성용 등산 풀오버
3608391786168,Quechua Men's NH500 Half-Zip Hiking Pullover,Quechua NH500 Half-Zip Pull de Randonnée Homme,Quechua NH500 Half-Zip 남성용 등산 풀오버
3608391786175,Quechua Men's NH500 Half-Zip Hiking Pullover,Quechua NH500 Half-Zip Pull de Randonnée Homme,Quechua NH500 Half-Zip 남성용 등산 풀오버
3608391786182,Quechua Men's NH500 Half-Zip Hiking Pullover,Quechua NH500 Half-Zip Pull de Randonnée Homme,Quechua NH500 Half-Zip 남성용 등산 풀오버
3608391786199,Quechua Men's NH500 Half-Zip Hiking Pullover,Quechua NH500 Half-Zip Pull de Randonnée Homme,Quechua NH500 Half-Zip 남성용 등산 풀오버
3608391795962,Simond Men's MT100 Down Puffer Jacket,Simond MT100 Doudoune Duvet Homme,Simond MT100 남성용 다운 패딩 재킷
3608391795979,Simond Men's MT100 Down Puffer Jacket,Simond MT100 Doudoune Duvet Homme,Simond MT100 남성용 다운 패딩 재킷
3608391795986,Simond Men's MT100 Down Puffer Jacket,Simond MT100 Doudoune Duvet Homme,Simond MT100 남성용 다운 패딩 재킷
3608391795993,Simond Men's MT100 Down Puffer Jacket,Simond MT100 Doudoune Duvet Homme,Simond MT100 남성용 다운 패딩 재킷
3608391796105,Simond Men's MT100 Down Puffer Jacket,Simond MT100 Doudoune Duvet Homme,Simond MT100 남성용 다운 패딩 재킷
3608391796112,Simond Men's MT100 Down Puffer Jacket,Simond MT100 Doudoune Duvet Homme,Simond MT100 남성용 다운 패딩 재킷
3608391808808,Van Rysel RCR-F PRO DURA ACE DI2,Van Rysel RCR-F PRO DURA ACE DI2,Van Rysel RCR-F PRO DURA ACE DI2
3608391808815,Van Rysel RCR-F PRO DURA ACE DI2,Van Rysel RCR-F PRO DURA ACE DI2,Van Rysel RCR-F PRO DURA ACE DI2
3608391808822,Van Rysel RCR-F PRO DURA ACE DI2,Van Rysel RCR-F PRO DURA ACE DI2,Van Rysel RCR-F PRO DURA ACE DI2
3608391808839,Van Rysel RCR-F PRO DURA ACE DI2,Van Rysel RCR-F PRO DURA ACE DI2,Van Rysel RCR-F PRO DURA ACE DI2
3608391808846,Van Rysel RCR-F PRO DURA ACE DI2,Van Rysel RCR-F PRO DURA ACE DI2,Van Rysel RCR-F PRO DURA ACE DI2
3608391812263,Quechua Kids' Hike 100 Hiking Socks 2-Pack,Quechua Hike 100 2-Pack Chaussettes de Randonnée Enfant,Quechua Hike 100 2-Pack 아동용 등산 양말
3608391812287,Quechua Kids' Hike 100 Hiking Socks 2-Pack,Quechua Hike 100 2-Pack Chaussettes de Randonnée Enfant,Quechua Hike 100 2-Pack 아동용 등산 양말
3608391812522,Quechua Kids’ Hike 500 Crew Hiking Socks 2-Pack,Quechua Hike 500 Crew 2-Pack Chaussettes de Randonnée Enfant,Quechua Hike 500 Crew 2-Pack 아동용 등산 양말
3608391812539,Quechua Kids’ Hike 500 Crew Hiking Socks 2-Pack,Quechua Hike 500 Crew 2-Pack Chaussettes de Randonnée Enfant,Quechua Hike 500 Crew 2-Pack 아동용 등산 양말
3608391812546,Quechua Kids’ Hike 500 Crew Hiking Socks 2-Pack,Quechua Hike 500 Crew 2-Pack Chaussettes de Randonnée Enfant,Quechua Hike 500 Crew 2-Pack 아동용 등산 양말
3608391817626,Simond Men’s Merino Resist Short Sleeve T-Shirt,Simond ’s Resist Short Sleeve T-shirt Mérinos Homme,Simond ’s Resist Short Sleeve 남성용 메리노 티셔츠
3608391817633,Simond Men’s Merino Resist Short Sleeve T-Shirt,Simond ’s Resist Short Sleeve T-shirt Mérinos Homme,Simond ’s Resist Short Sleeve 남성용 메리노 티셔츠
3608391817640,Simond Men’s Merino Resist Short Sleeve T-Shirt,Simond ’s Resist Short Sleeve T-shirt Mérinos Homme,Simond ’s Resist Short Sleeve 남성용 메리노 티셔츠
3608391817657,Simond Men’s Merino Resist Short Sleeve T-Shirt,Simond ’s Resist Short Sleeve T-shirt Mérinos Homme,Simond ’s Resist Short Sleeve 남성용 메리노 티셔츠
3608391817664,Simond Men’s Merino Resist Short Sleeve T-Shirt,Simond ’s Resist Short Sleeve T-shirt Mérinos Homme,Simond ’s Resist Short Sleeve 남성용 메리노 티셔츠
3608391818722,Quechua NH100 Mid Winter Hiking Socks,Quechua NH100 Chaussettes de Randonnée Hiver Mi-saison,Quechua NH100 등산 겨울 미드 양말
3608391818739,Quechua NH100 Mid Winter Hiking Socks,Quechua NH100 Chaussettes de Randonnée Hiver Mi-saison,Quechua NH100 등산 겨울 미드 양말
3608391818746,Quechua NH100 Mid Winter Hiking Socks,Quechua NH100 Chaussettes de Randonnée Hiver Mi-saison,Quechua NH100 등산 겨울 미드 양말
3608391818753,Quechua NH100 Mid Winter Hiking Socks,Quechua NH100 Chaussettes de Randonnée Hiver Mi-saison,Quechua NH100 등산 겨울 미드 양말
3608391819453,Simond Men's Merino Resist Long-Sleeve T-Shirt,Simond Resist T-shirt manches longues Mérinos Homme,Simond Resist 남성용 메리노 긴팔 티셔츠
3608391819477,Simond Men's Merino Resist Long-Sleeve T-Shirt,Simond Resist T-shirt manches longues Mérinos Homme,Simond Resist 남성용 메리노 긴팔 티셔츠
3608391819491,Simond Men's Merino Resist Long-Sleeve T-Shirt,Simond Resist T-shirt manches longues Mérinos Homme,Simond Resist 남성용 메리노 긴팔 티셔츠
3608391819514,Simond Men's Merino Resist Long-Sleeve T-Shirt,Simond Resist T-shirt manches longues Mérinos Homme,Simond Resist 남성용 메리노 긴팔 티셔츠
3608391819538,Simond Men's Merino Resist Long-Sleeve T-Shirt,Simond Resist T-shirt manches longues Mérinos Homme,Simond Resist 남성용 메리노 긴팔 티셔츠
3608391819644,Simond Men's Merino Resist Long-Sleeve T-Shirt,Simond Resist T-shirt manches longues Mérinos Homme,Simond Resist 남성용 메리노 긴팔 티셔츠
3608391819668,Simond Men's Merino Resist Long-Sleeve T-Shirt,Simond Resist T-shirt manches longues Mérinos Homme,Simond Resist 남성용 메리노 긴팔 티셔츠
3608391819682,Simond Men's Merino Resist Long-Sleeve T-Shirt,Simond Resist T-shirt manches longues Mérinos Homme,Simond Resist 남성용 메리노 긴팔 티셔츠
3608391819705,Simond Men's Merino Resist Long-Sleeve T-Shirt,Simond Resist T-shirt manches longues Mérinos Homme,Simond Resist 남성용 메리노 긴팔 티셔츠
3608391819729,Simond Men's Merino Resist Long-Sleeve T-Shirt,Simond Resist T-shirt manches longues Mérinos Homme,Simond Resist 남성용 메리노 긴팔 티셔츠
3608391819873,Simond Men’s Merino Resist Short Sleeve T-Shirt,Simond ’s Resist Short Sleeve T-shirt Mérinos Homme,Simond ’s Resist Short Sleeve 남성용 메리노 티셔츠
3608391819880,Simond Men’s Merino Resist Short Sleeve T-Shirt,Simond ’s Resist Short Sleeve T-shirt Mérinos Homme,Simond ’s Resist Short Sleeve 남성용 메리노 티셔츠
3608391819897,Simond Men’s Merino Resist Short Sleeve T-Shirt,Simond ’s Resist Short Sleeve T-shirt Mérinos Homme,Simond ’s Resist Short Sleeve 남성용 메리노 티셔츠
3608391820305,Simond Men’s Merino Resist Short Sleeve T-Shirt,Simond ’s Resist Short Sleeve T-shirt Mérinos Homme,Simond ’s Resist Short Sleeve 남성용 메리노 티셔츠
3608391820312,Simond Men’s Merino Resist Short Sleeve T-Shirt,Simond ’s Resist Short Sleeve T-shirt Mérinos Homme,Simond ’s Resist Short Sleeve 남성용 메리노 티셔츠
3608391820848,Quechua NH100 Mid Winter Hiking Socks,Quechua NH100 Chaussettes de Randonnée Hiver Mi-saison,Quechua NH100 등산 겨울 미드 양말
3608391820855,Quechua NH100 Mid Winter Hiking Socks,Quechua NH100 Chaussettes de Randonnée Hiver Mi-saison,Quechua NH100 등산 겨울 미드 양말
3608391820862,Quechua NH100 Mid Winter Hiking Socks,Quechua NH100 Chaussettes de Randonnée Hiver Mi-saison,Quechua NH100 등산 겨울 미드 양말
3608391820879,Quechua NH100 Mid Winter Hiking Socks,Quechua NH100 Chaussettes de Randonnée Hiver Mi-saison,Quechua NH100 등산 겨울 미드 양말
3608391901912,Kiprun Run 500 Women's Cropped Running Tank Top,Kiprun Run 500 Cropped Top Débardeur de Running Femme,Kiprun Run 500 Cropped Top 여성용 러닝 탱크탑
3608391901929,Kiprun Run 500 Women's Cropped Running Tank Top,Kiprun Run 500 Cropped Top Débardeur de Running Femme,Kiprun Run 500 Cropped Top 여성용 러닝 탱크탑
3608391901936,Kiprun Run 500 Women's Cropped Running Tank Top,Kiprun Run 500 Cropped Top Débardeur de Running Femme,Kiprun Run 500 Cropped Top 여성용 러닝 탱크탑
3608391901943,Kiprun Run 500 Women's Cropped Running Tank Top,Kiprun Run 500 Cropped Top Débardeur de Running Femme,Kiprun Run 500 Cropped Top 여성용 러닝 탱크탑
3608391901950,Kiprun Run 500 Women's Cropped Running Tank Top,Kiprun Run 500 Cropped Top Débardeur de Running Femme,Kiprun Run 500 Cropped Top 여성용 러닝 탱크탑
3608391903657,Van Rysel RCR-F Pro Dura-Ace Di2 Team Edition,Van Rysel RCR-F Pro Dura-Ace Di2 Team Edition,Van Rysel RCR-F Pro Dura-Ace Di2 Team Edition
3608391903664,Van Rysel RCR-F Pro Dura-Ace Di2 Team Edition,Van Rysel RCR-F Pro Dura-Ace Di2 Team Edition,Van Rysel RCR-F Pro Dura-Ace Di2 Team Edition
3608391903671,Van Rysel RCR-F Pro Dura-Ace Di2 Team Edition,Van Rysel RCR-F Pro Dura-Ace Di2 Team Edition,Van Rysel RCR-F Pro Dura-Ace Di2 Team Edition
3608391903688,Van Rysel RCR-F Pro Dura-Ace Di2 Team Edition,Van Rysel RCR-F Pro Dura-Ace Di2 Team Edition,Van Rysel RCR-F Pro Dura-Ace Di2 Team Edition
3608391903695,Van Rysel RCR-F Pro Dura-Ace Di2 Team Edition,Van Rysel RCR-F Pro Dura-Ace Di2 Team Edition,Van Rysel RCR-F Pro Dura-Ace Di2 Team Edition
3608391904548,Van Rysel RCR-F Pro Ultegra Di2,Van Rysel RCR-F Pro Ultegra Di2,Van Rysel RCR-F Pro Ultegra Di2
3608391904555,Van Rysel RCR-F Pro Ultegra Di2,Van Rysel RCR-F Pro Ultegra Di2,Van Rysel RCR-F Pro Ultegra Di2
3608391904562,Van Rysel RCR-F Pro Ultegra Di2,Van Rysel RCR-F Pro Ultegra Di2,Van Rysel RCR-F Pro Ultegra Di2
3608391904579,Van Rysel RCR-F Pro Ultegra Di2,Van Rysel RCR-F Pro Ultegra Di2,Van Rysel RCR-F Pro Ultegra Di2
3608391904586,Van Rysel RCR-F Pro Ultegra Di2,Van Rysel RCR-F Pro Ultegra Di2,Van Rysel RCR-F Pro Ultegra Di2
3608391913076,Quechua Women's MH500 Lightweight Waterproof Hiking Jacket,Quechua MH500 Veste Léger Imperméable de Randonnée Femme,Quechua MH500 여성용 경량 방수 등산 재킷
3608391913793,Kiprun 10L Running Hydration Vest -  1L Water Bladder Included,Kiprun 10L Hydration Vest 1L Water Included Poche à eau de Running,Kiprun 10L Hydration Vest 1L Water Included 러닝 물주머니
3608391914301,Quechua Women's MH500 Lightweight Waterproof Hiking Jacket,Quechua MH500 Veste Léger Imperméable de Randonnée Femme,Quechua MH500 여성용 경량 방수 등산 재킷
3608391914318,Quechua Women's MH500 Lightweight Waterproof Hiking Jacket,Quechua MH500 Veste Léger Imperméable de Randonnée Femme,Quechua MH500 여성용 경량 방수 등산 재킷
3608391914325,Quechua Women's MH500 Lightweight Waterproof Hiking Jacket,Quechua MH500 Veste Léger Imperméable de Randonnée Femme,Quechua MH500 여성용 경량 방수 등산 재킷
3608391914332,Quechua Women's MH500 Lightweight Waterproof Hiking Jacket,Quechua MH500 Veste Léger Imperméable de Randonnée Femme,Quechua MH500 여성용 경량 방수 등산 재킷
3608391914622,Kiprun 10L Running Hydration Vest -  1L Water Bladder Included,Kiprun 10L Hydration Vest 1L Water Included Poche à eau de Running,Kiprun 10L Hydration Vest 1L Water Included 러닝 물주머니
3608391914639,Kiprun 10L Running Hydration Vest -  1L Water Bladder Included,Kiprun 10L Hydration Vest 1L Water Included Poche à eau de Running,Kiprun 10L Hydration Vest 1L Water Included 러닝 물주머니
3608391914646,Kiprun 10L Running Hydration Vest -  1L Water Bladder Included,Kiprun 10L Hydration Vest 1L Water Included Poche à eau de Running,Kiprun 10L Hydration Vest 1L Water Included 러닝 물주머니
3608391915506,Kiprun 10L Running Hydration Vest -  1L Water Bladder Included,Kiprun 10L Hydration Vest 1L Water Included Poche à eau de Running,Kiprun 10L Hydration Vest 1L Water Included 러닝 물주머니
3608391915513,Kiprun 10L Running Hydration Vest -  1L Water Bladder Included,Kiprun 10L Hydration Vest 1L Water Included Poche à eau de Running,Kiprun 10L Hydration Vest 1L Water Included 러닝 물주머니
3608391920982,Quechua Women's MH100 Lightweight Waterproof Hiking Jacket,Quechua MH100 Veste Léger Imperméable de Randonnée Femme,Quechua MH100 여성용 경량 방수 등산 재킷
3608391920999,Quechua Women's MH100 Lightweight Waterproof Hiking Jacket,Quechua MH100 Veste Léger Imperméable de Randonnée Femme,Quechua MH100 여성용 경량 방수 등산 재킷
3608391921309,Quechua Women's MH100 Lightweight Waterproof Hiking Jacket,Quechua MH100 Veste Léger Imperméable de Randonnée Femme,Quechua MH100 여성용 경량 방수 등산 재킷
3608391921316,Quechua Women's MH100 Lightweight Waterproof Hiking Jacket,Quechua MH100 Veste Léger Imperméable de Randonnée Femme,Quechua MH100 여성용 경량 방수 등산 재킷
3608391921323,Quechua Women's MH100 Lightweight Waterproof Hiking Jacket,Quechua MH100 Veste Léger Imperméable de Randonnée Femme,Quechua MH100 여성용 경량 방수 등산 재킷
3608391921330,Quechua Women's MH100 Lightweight Waterproof Hiking Jacket,Quechua MH100 Veste Léger Imperméable de Randonnée Femme,Quechua MH100 여성용 경량 방수 등산 재킷
3608391922016,KIPRUN 8L Women's trail running bag - Beige purple,KIPRUN 8L bag Beige purple de Running Trail Femme,KIPRUN 8L bag Beige purple 여성용 러닝 트레일
3608391922023,KIPRUN 8L Women's trail running bag - Beige purple,KIPRUN 8L bag Beige purple de Running Trail Femme,KIPRUN 8L bag Beige purple 여성용 러닝 트레일
3608391922030,KIPRUN 8L Women's trail running bag - Beige purple,KIPRUN 8L bag Beige purple de Running Trail Femme,KIPRUN 8L bag Beige purple 여성용 러닝 트레일
3608392017346,Kiprun Running Belt V2,Kiprun V2 Ceinture de Running,Kiprun V2 러닝 벨트
3608392018831,Kiprun Ultra-Light 5-Panel Running Cap,Kiprun 5-Panel Casquette de Running Léger Ultra,Kiprun 5-Panel 러닝 경량 울트라 모자
3608392095153,Kiprun Women's Run 500 2-in-1 Compression Running Shorts,Kiprun Run 500 2-in-1 Compression Short de Running Femme,Kiprun Run 500 2-in-1 Compression 여성용 러닝 반바지
3608392095160,Kiprun Women's Run 500 2-in-1 Compression Running Shorts,Kiprun Run 500 2-in-1 Compression Short de Running Femme,Kiprun Run 500 2-in-1 Compression 여성용 러닝 반바지
3608392095177,Kiprun Women's Run 500 2-in-1 Compression Running Shorts,Kiprun Run 500 2-in-1 Compression Short de Running Femme,Kiprun Run 500 2-in-1 Compression 여성용 러닝 반바지
3608392095184,Kiprun Women's Run 500 2-in-1 Compression Running Shorts,Kiprun Run 500 2-in-1 Compression Short de Running Femme,Kiprun Run 500 2-in-1 Compression 여성용 러닝 반바지
3608392095191,Kiprun Women's Run 500 2-in-1 Compression Running Shorts,Kiprun Run 500 2-in-1 Compression Short de Running Femme,Kiprun Run 500 2-in-1 Compression 여성용 러닝 반바지
3608392149757,Van Rysel Men's Ultralight Cycling Wind Vest,Van Rysel Ultralight Wind Gilet de Vélo Homme,Van Rysel Ultralight Wind 남성용 사이클 조끼
3608392149764,Van Rysel Men's Ultralight Cycling Wind Vest,Van Rysel Ultralight Wind Gilet de Vélo Homme,Van Rysel Ultralight Wind 남성용 사이클 조끼
3608392149771,Van Rysel Men's Ultralight Cycling Wind Vest,Van Rysel Ultralight Wind Gilet de Vélo Homme,Van Rysel Ultralight Wind 남성용 사이클 조끼
3608392149788,Van Rysel Men's Ultralight Cycling Wind Vest,Van Rysel Ultralight Wind Gilet de Vélo Homme,Van Rysel Ultralight Wind 남성용 사이클 조끼
3608392149795,Van Rysel Men's Ultralight Cycling Wind Vest,Van Rysel Ultralight Wind Gilet de Vélo Homme,Van Rysel Ultralight Wind 남성용 사이클 조끼
3608392154188,Quechua Women's NH500 Water-Repellent Snow Hiking Pants,Quechua NH500 Pantalon Déperlant de Randonnée Neige Femme,Quechua NH500 여성용 발수 등산 스노우 바지
3608392154904,Quechua Women's NH500 Water-Repellent Snow Hiking Pants,Quechua NH500 Pantalon Déperlant de Randonnée Neige Femme,Quechua NH500 여성용 발수 등산 스노우 바지
3608392154928,Quechua Women's NH500 Water-Repellent Snow Hiking Pants,Quechua NH500 Pantalon Déperlant de Randonnée Neige Femme,Quechua NH500 여성용 발수 등산 스노우 바지
3608392154942,Quechua Women's NH500 Water-Repellent Snow Hiking Pants,Quechua NH500 Pantalon Déperlant de Randonnée Neige Femme,Quechua NH500 여성용 발수 등산 스노우 바지
3608392154966,Quechua Women's NH500 Water-Repellent Snow Hiking Pants,Quechua NH500 Pantalon Déperlant de Randonnée Neige Femme,Quechua NH500 여성용 발수 등산 스노우 바지
3608392154980,Quechua Women's NH500 Water-Repellent Snow Hiking Pants,Quechua NH500 Pantalon Déperlant de Randonnée Neige Femme,Quechua NH500 여성용 발수 등산 스노우 바지
3608392155000,Quechua Women's NH500 Water-Repellent Snow Hiking Pants,Quechua NH500 Pantalon Déperlant de Randonnée Neige Femme,Quechua NH500 여성용 발수 등산 스노우 바지
3608392155031,Quechua Women's NH500 Water-Repellent Snow Hiking Pants,Quechua NH500 Pantalon Déperlant de Randonnée Neige Femme,Quechua NH500 여성용 발수 등산 스노우 바지
3608392174452,Quechua Men’s MH500 Light Hiking Shoes,Quechua ’s MH500 Chaussures de Randonnée Léger Homme,Quechua ’s MH500 남성용 등산 경량 신발
3608392174469,Quechua Men’s MH500 Light Hiking Shoes,Quechua ’s MH500 Chaussures de Randonnée Léger Homme,Quechua ’s MH500 남성용 등산 경량 신발
3608392174476,Quechua Men’s MH500 Light Hiking Shoes,Quechua ’s MH500 Chaussures de Randonnée Léger Homme,Quechua ’s MH500 남성용 등산 경량 신발
3608392174483,Quechua Men’s MH500 Light Hiking Shoes,Quechua ’s MH500 Chaussures de Randonnée Léger Homme,Quechua ’s MH500 남성용 등산 경량 신발
3608392174490,Quechua Men’s MH500 Light Hiking Shoes,Quechua ’s MH500 Chaussures de Randonnée Léger Homme,Quechua ’s MH500 남성용 등산 경량 신발
3608392174940,Quechua Women's MH500 Light Hiking Shoes,Quechua MH500 Chaussures de Randonnée Léger Femme,Quechua MH500 여성용 등산 경량 신발
3608392174957,Quechua Women's MH500 Light Hiking Shoes,Quechua MH500 Chaussures de Randonnée Léger Femme,Quechua MH500 여성용 등산 경량 신발
3608392174964,Quechua Women's MH500 Light Hiking Shoes,Quechua MH500 Chaussures de Randonnée Léger Femme,Quechua MH500 여성용 등산 경량 신발
3608392174971,Quechua Women's MH500 Light Hiking Shoes,Quechua MH500 Chaussures de Randonnée Léger Femme,Quechua MH500 여성용 등산 경량 신발
3608392174988,Quechua Women's MH500 Light Hiking Shoes,Quechua MH500 Chaussures de Randonnée Léger Femme,Quechua MH500 여성용 등산 경량 신발
3608392174995,Quechua Women's MH500 Light Hiking Shoes,Quechua MH500 Chaussures de Randonnée Léger Femme,Quechua MH500 여성용 등산 경량 신발
3608392175008,Quechua Men’s MH500 Light Hiking Shoes,Quechua ’s MH500 Chaussures de Randonnée Léger Homme,Quechua ’s MH500 남성용 등산 경량 신발
3608392214912,Quechua MT500 Ventilated Hiking Cap,Quechua MT500 Ventilated Casquette de Randonnée,Quechua MT500 Ventilated 등산 모자
3608392216633,Quechua MT500 Ventilated Hiking Cap,Quechua MT500 Ventilated Casquette de Randonnée,Quechua MT500 Ventilated 등산 모자
3608392217821,Wedze Men's Warm Ski Jacket 500,Wedze 500 Veste Chaud de Ski Homme,Wedze 500 남성용 보온 스키 재킷
3608392226397,Quechua Kids' MH500 18L Hiking Backpack,Quechua MH500 18L Sac à dos de Randonnée Enfant,Quechua MH500 18L 아동용 등산 백팩
3608392228940,Forclaz Men's MT500 Hiking Shorts,Forclaz MT500 Short de Randonnée Homme,Forclaz MT500 남성용 등산 반바지
3608392228957,Forclaz Men's MT500 Hiking Shorts,Forclaz MT500 Short de Randonnée Homme,Forclaz MT500 남성용 등산 반바지
3608392228964,Forclaz Men's MT500 Hiking Shorts,Forclaz MT500 Short de Randonnée Homme,Forclaz MT500 남성용 등산 반바지
3608392228971,Forclaz Men's MT500 Hiking Shorts,Forclaz MT500 Short de Randonnée Homme,Forclaz MT500 남성용 등산 반바지
3608392228988,Forclaz Men's MT500 Hiking Shorts,Forclaz MT500 Short de Randonnée Homme,Forclaz MT500 남성용 등산 반바지
3608392229503,Forclaz Men's MT500 Hiking Shorts,Forclaz MT500 Short de Randonnée Homme,Forclaz MT500 남성용 등산 반바지
3608392244568,Simond Trek 500 Merino Wool Multi-Position Hiking Neck Gaiter,Simond Trek 500 Multi-Position Neck Gaiter Mérinos de Randonnée Laine,Simond Trek 500 Multi-Position Neck Gaiter 메리노 등산 울
3608392244735,Simond Adult MT500 Merino Wool Beanie,Simond MT500 Bonnet Mérinos Laine Adulte,Simond MT500 성인용 메리노 울 비니
3608392244742,Simond Trek 500 Merino Wool Multi-Position Hiking Neck Gaiter,Simond Trek 500 Multi-Position Neck Gaiter Mérinos de Randonnée Laine,Simond Trek 500 Multi-Position Neck Gaiter 메리노 등산 울
3608392244957,Simond Trek 500 Merino Wool Multi-Position Hiking Neck Gaiter,Simond Trek 500 Multi-Position Neck Gaiter Mérinos de Randonnée Laine,Simond Trek 500 Multi-Position Neck Gaiter 메리노 등산 울
3608392248696,Simond Women’s MT500 Merino Wool T-Shirt,Simond ’s MT500 T-shirt Mérinos Laine Femme,Simond ’s MT500 여성용 메리노 울 티셔츠
3608392248801,Simond Women’s MT500 Merino Wool T-Shirt,Simond ’s MT500 T-shirt Mérinos Laine Femme,Simond ’s MT500 여성용 메리노 울 티셔츠
3608392248818,Simond Women’s MT500 Merino Wool T-Shirt,Simond ’s MT500 T-shirt Mérinos Laine Femme,Simond ’s MT500 여성용 메리노 울 티셔츠
3608392248825,Simond Women’s MT500 Merino Wool T-Shirt,Simond ’s MT500 T-shirt Mérinos Laine Femme,Simond ’s MT500 여성용 메리노 울 티셔츠
3608392248832,Simond Women’s MT500 Merino Wool T-Shirt,Simond ’s MT500 T-shirt Mérinos Laine Femme,Simond ’s MT500 여성용 메리노 울 티셔츠
3608392248849,Simond Women’s MT500 Merino Wool T-Shirt,Simond ’s MT500 T-shirt Mérinos Laine Femme,Simond ’s MT500 여성용 메리노 울 티셔츠
3608392249372,Simond Men's MT500 Long-sleeve 100% Merino Wool T-shirt,Simond MT500 100% T-shirt Manches longues Mérinos Laine Homme,Simond MT500 100% 남성용 긴팔 메리노 울 티셔츠
3608392249389,Simond Men's MT500 Long-sleeve 100% Merino Wool T-shirt,Simond MT500 100% T-shirt Manches longues Mérinos Laine Homme,Simond MT500 100% 남성용 긴팔 메리노 울 티셔츠
3608392249396,Simond Men's MT500 Long-sleeve 100% Merino Wool T-shirt,Simond MT500 100% T-shirt Manches longues Mérinos Laine Homme,Simond MT500 100% 남성용 긴팔 메리노 울 티셔츠
3608392250705,Simond Men's MT500 Long-sleeve 100% Merino Wool T-shirt,Simond MT500 100% T-shirt Manches longues Mérinos Laine Homme,Simond MT500 100% 남성용 긴팔 메리노 울 티셔츠
3608392250712,Simond Men's MT500 Long-sleeve 100% Merino Wool T-shirt,Simond MT500 100% T-shirt Manches longues Mérinos Laine Homme,Simond MT500 100% 남성용 긴팔 메리노 울 티셔츠
3608392254000,Simond Women’s Travel 900 Hiking Shorts,Simond ’s 900 Short de Randonnée Voyage Femme,Simond ’s 900 여성용 등산 트래블 반바지
3608392254017,Simond Women’s Travel 900 Hiking Shorts,Simond ’s 900 Short de Randonnée Voyage Femme,Simond ’s 900 여성용 등산 트래블 반바지
3608392254024,Simond Women’s Travel 900 Hiking Shorts,Simond ’s 900 Short de Randonnée Voyage Femme,Simond ’s 900 여성용 등산 트래블 반바지
3608392254031,Simond Women’s Travel 900 Hiking Shorts,Simond ’s 900 Short de Randonnée Voyage Femme,Simond ’s 900 여성용 등산 트래블 반바지
3608392254048,Simond Women’s Travel 900 Hiking Shorts,Simond ’s 900 Short de Randonnée Voyage Femme,Simond ’s 900 여성용 등산 트래블 반바지
3608392254055,Simond Women’s Travel 900 Hiking Shorts,Simond ’s 900 Short de Randonnée Voyage Femme,Simond ’s 900 여성용 등산 트래블 반바지
3608392258091,Simond Men's Travel 500 Merino Wool Long-sleeve Shirt,Simond 500 Haut Manches longues Mérinos Voyage Laine Homme,Simond 500 남성용 긴팔 메리노 트래블 울 셔츠
3608392258305,Simond Men's Travel 500 Merino Wool Long-sleeve Shirt,Simond 500 Haut Manches longues Mérinos Voyage Laine Homme,Simond 500 남성용 긴팔 메리노 트래블 울 셔츠
3608392258312,Simond Men's Travel 500 Merino Wool Long-sleeve Shirt,Simond 500 Haut Manches longues Mérinos Voyage Laine Homme,Simond 500 남성용 긴팔 메리노 트래블 울 셔츠
3608392266850,Simond Women's Travel 100 Merino Wool Long-sleeve Shirt,Simond 100 Haut Manches longues Mérinos Voyage Laine Femme,Simond 100 여성용 긴팔 메리노 트래블 울 셔츠
3608392266867,Simond Women's Travel 100 Merino Wool Long-sleeve Shirt,Simond 100 Haut Manches longues Mérinos Voyage Laine Femme,Simond 100 여성용 긴팔 메리노 트래블 울 셔츠
3608392266874,Simond Women's Travel 100 Merino Wool Long-sleeve Shirt,Simond 100 Haut Manches longues Mérinos Voyage Laine Femme,Simond 100 여성용 긴팔 메리노 트래블 울 셔츠
3608392266881,Simond Women's Travel 100 Merino Wool Long-sleeve Shirt,Simond 100 Haut Manches longues Mérinos Voyage Laine Femme,Simond 100 여성용 긴팔 메리노 트래블 울 셔츠
3608392266898,Simond Women's Travel 100 Merino Wool Long-sleeve Shirt,Simond 100 Haut Manches longues Mérinos Voyage Laine Femme,Simond 100 여성용 긴팔 메리노 트래블 울 셔츠
3608392318795,Quechua NH500 Escape 16L+4 Rolltop Hiking Backpack,Quechua NH500 Escape 16L+4 Rolltop Sac à dos de Randonnée,Quechua NH500 Escape 16L+4 Rolltop 등산 백팩
3608392320019,Quechua NH500 Escape 16L+4 Rolltop Hiking Backpack,Quechua NH500 Escape 16L+4 Rolltop Sac à dos de Randonnée,Quechua NH500 Escape 16L+4 Rolltop 등산 백팩
3608392336034,Quechua MH500 Compact Camp Chair,Quechua MH500 Camp Chair Compact,Quechua MH500 Camp Chair 컴팩트
3608392356209,Wedze Adult 500 Warm Wool Ski Socks,Wedze 500 Chaussettes Chaud Laine de Ski Adulte,Wedze 500 성인용 보온 울 스키 양말
3608392356216,Wedze Adult 500 Warm Wool Ski Socks,Wedze 500 Chaussettes Chaud Laine de Ski Adulte,Wedze 500 성인용 보온 울 스키 양말
3608392356223,Wedze Adult 500 Warm Wool Ski Socks,Wedze 500 Chaussettes Chaud Laine de Ski Adulte,Wedze 500 성인용 보온 울 스키 양말
3608392356230,Wedze Adult 500 Warm Wool Ski Socks,Wedze 500 Chaussettes Chaud Laine de Ski Adulte,Wedze 500 성인용 보온 울 스키 양말
3608392378423,Simond Adult MT500 Merino Wool Beanie,Simond MT500 Bonnet Mérinos Laine Adulte,Simond MT500 성인용 메리노 울 비니
3608392398513,Simond Merino Wool Backpacking Headband - MT500,Simond MT500 Bandeau Trekking Mérinos Laine,Simond MT500 백패킹 메리노 울 헤어밴드
3608392435362,Ultra Compact Swimming Microfiber towel - XL 110 x 175 cm,Swimming Microfiber XL 110 175 cm Serviette Compact Ultra,Swimming Microfiber XL 110 175 cm 컴팩트 울트라 수건
3608392435478,Simond Women's Merino Resist Long-Sleeve T-Shirt,Simond Resist T-shirt manches longues Mérinos Femme,Simond Resist 여성용 메리노 긴팔 티셔츠
3608392436413,Simond Women's Merino Resist Long-Sleeve T-Shirt,Simond Resist T-shirt manches longues Mérinos Femme,Simond Resist 여성용 메리노 긴팔 티셔츠
3608392436437,Simond Women's Merino Resist Long-Sleeve T-Shirt,Simond Resist T-shirt manches longues Mérinos Femme,Simond Resist 여성용 메리노 긴팔 티셔츠
3608392436451,Simond Women's Merino Resist Long-Sleeve T-Shirt,Simond Resist T-shirt manches longues Mérinos Femme,Simond Resist 여성용 메리노 긴팔 티셔츠
3608392436635,Simond Women's Merino Resist Long-Sleeve T-Shirt,Simond Resist T-shirt manches longues Mérinos Femme,Simond Resist 여성용 메리노 긴팔 티셔츠
3608392436659,Simond Women's Merino Resist Long-Sleeve T-Shirt,Simond Resist T-shirt manches longues Mérinos Femme,Simond Resist 여성용 메리노 긴팔 티셔츠
3608392436673,Simond Women's Merino Resist Long-Sleeve T-Shirt,Simond Resist T-shirt manches longues Mérinos Femme,Simond Resist 여성용 메리노 긴팔 티셔츠
3608392436697,Simond Women's Merino Resist Long-Sleeve T-Shirt,Simond Resist T-shirt manches longues Mérinos Femme,Simond Resist 여성용 메리노 긴팔 티셔츠
3608392436710,Simond Women's Merino Resist Long-Sleeve T-Shirt,Simond Resist T-shirt manches longues Mérinos Femme,Simond Resist 여성용 메리노 긴팔 티셔츠
3608392441561,Van Rysel 900 Cycling Gloves,Van Rysel 900 Gants de Vélo,Van Rysel 900 사이클 장갑
3608392441585,Van Rysel 900 Cycling Gloves,Van Rysel 900 Gants de Vélo,Van Rysel 900 사이클 장갑
3608392441592,Van Rysel 900 Cycling Gloves,Van Rysel 900 Gants de Vélo,Van Rysel 900 사이클 장갑
3608392441998,Van Rysel RCR Road Cycling Gloves,Van Rysel RCR Road Gants de Vélo,Van Rysel RCR Road 사이클 장갑
3608392442407,Van Rysel 900 Cycling Gloves,Van Rysel 900 Gants de Vélo,Van Rysel 900 사이클 장갑
3608392442605,Van Rysel RCR Road Cycling Gloves,Van Rysel RCR Road Gants de Vélo,Van Rysel RCR Road 사이클 장갑
3608392442612,Van Rysel RCR Road Cycling Gloves,Van Rysel RCR Road Gants de Vélo,Van Rysel RCR Road 사이클 장갑
3608392442629,Van Rysel RCR Road Cycling Gloves,Van Rysel RCR Road Gants de Vélo,Van Rysel RCR Road 사이클 장갑
3608392442636,Van Rysel RCR Road Cycling Gloves,Van Rysel RCR Road Gants de Vélo,Van Rysel RCR Road 사이클 장갑
3608392464195,Quechua Kids' Hike 100 Hiking Socks 2-Pack,Quechua Hike 100 2-Pack Chaussettes de Randonnée Enfant,Quechua Hike 100 2-Pack 아동용 등산 양말
3608392477201,Van Rysel Men's RCR 4 Cycling Bib Shorts,Van Rysel RCR 4 Cuissard à bretelles Homme,Van Rysel RCR 4 남성용 사이클 빕숏
3608392477218,Van Rysel Men's RCR 4 Cycling Bib Shorts,Van Rysel RCR 4 Cuissard à bretelles Homme,Van Rysel RCR 4 남성용 사이클 빕숏
3608392477225,Van Rysel Men's RCR 4 Cycling Bib Shorts,Van Rysel RCR 4 Cuissard à bretelles Homme,Van Rysel RCR 4 남성용 사이클 빕숏
3608392477232,Van Rysel Men's RCR 4 Cycling Bib Shorts,Van Rysel RCR 4 Cuissard à bretelles Homme,Van Rysel RCR 4 남성용 사이클 빕숏
3608392477249,Van Rysel Men's RCR 4 Cycling Bib Shorts,Van Rysel RCR 4 Cuissard à bretelles Homme,Van Rysel RCR 4 남성용 사이클 빕숏
3608392549618,Quechua Men’s NH900 Sherpa Hiking Fleece,Quechua ’s NH900 Sherpa Polaire de Randonnée Homme,Quechua ’s NH900 Sherpa 남성용 등산 플리스
3608392549625,Quechua Men’s NH900 Sherpa Hiking Fleece,Quechua ’s NH900 Sherpa Polaire de Randonnée Homme,Quechua ’s NH900 Sherpa 남성용 등산 플리스
3608392549632,Quechua Men’s NH900 Sherpa Hiking Fleece,Quechua ’s NH900 Sherpa Polaire de Randonnée Homme,Quechua ’s NH900 Sherpa 남성용 등산 플리스
3608392549649,Quechua Men’s NH900 Sherpa Hiking Fleece,Quechua ’s NH900 Sherpa Polaire de Randonnée Homme,Quechua ’s NH900 Sherpa 남성용 등산 플리스
3608392549656,Quechua Men’s NH900 Sherpa Hiking Fleece,Quechua ’s NH900 Sherpa Polaire de Randonnée Homme,Quechua ’s NH900 Sherpa 남성용 등산 플리스
3608392549663,Quechua Men’s NH900 Sherpa Hiking Fleece,Quechua ’s NH900 Sherpa Polaire de Randonnée Homme,Quechua ’s NH900 Sherpa 남성용 등산 플리스
3608392569647,Quechua Women's NH900 Sherpa Hiking Fleece,Quechua NH900 Sherpa Polaire de Randonnée Femme,Quechua NH900 Sherpa 여성용 등산 플리스
3608392569654,Quechua Women's NH900 Sherpa Hiking Fleece,Quechua NH900 Sherpa Polaire de Randonnée Femme,Quechua NH900 Sherpa 여성용 등산 플리스
3608392569661,Quechua Women's NH900 Sherpa Hiking Fleece,Quechua NH900 Sherpa Polaire de Randonnée Femme,Quechua NH900 Sherpa 여성용 등산 플리스
3608392569678,Quechua Women's NH900 Sherpa Hiking Fleece,Quechua NH900 Sherpa Polaire de Randonnée Femme,Quechua NH900 Sherpa 여성용 등산 플리스
3608392569685,Quechua Women's NH900 Sherpa Hiking Fleece,Quechua NH900 Sherpa Polaire de Randonnée Femme,Quechua NH900 Sherpa 여성용 등산 플리스
3608392569692,Quechua Women's NH900 Sherpa Hiking Fleece,Quechua NH900 Sherpa Polaire de Randonnée Femme,Quechua NH900 Sherpa 여성용 등산 플리스
3608392603617,Van Rysel Road Cycling Replica Jersey - AG2R La Mondiale Team,Van Rysel Road Replica AG2R La Mondiale Team Maillot de Vélo,Van Rysel Road Replica AG2R La Mondiale Team 사이클 저지
3608392603624,Van Rysel Road Cycling Replica Jersey - AG2R La Mondiale Team,Van Rysel Road Replica AG2R La Mondiale Team Maillot de Vélo,Van Rysel Road Replica AG2R La Mondiale Team 사이클 저지
3608392603631,Van Rysel Road Cycling Replica Jersey - AG2R La Mondiale Team,Van Rysel Road Replica AG2R La Mondiale Team Maillot de Vélo,Van Rysel Road Replica AG2R La Mondiale Team 사이클 저지
3608392603648,Van Rysel Road Cycling Replica Jersey - AG2R La Mondiale Team,Van Rysel Road Replica AG2R La Mondiale Team Maillot de Vélo,Van Rysel Road Replica AG2R La Mondiale Team 사이클 저지
3608392603655,Van Rysel Road Cycling Replica Jersey - AG2R La Mondiale Team,Van Rysel Road Replica AG2R La Mondiale Team Maillot de Vélo,Van Rysel Road Replica AG2R La Mondiale Team 사이클 저지
3608392616020,2 pocket Waterproof BumBag,2 pocket BumBag Imperméable,2 pocket BumBag 방수
3608392677595,Van Rysel RCR Pro Force AXS,Van Rysel RCR Pro Force AXS,Van Rysel RCR Pro Force AXS
3608392678301,Van Rysel RCR Pro Force AXS,Van Rysel RCR Pro Force AXS,Van Rysel RCR Pro Force AXS
3608392678318,Van Rysel RCR Pro Force AXS,Van Rysel RCR Pro Force AXS,Van Rysel RCR Pro Force AXS
3608392678325,Van Rysel RCR Pro Force AXS,Van Rysel RCR Pro Force AXS,Van Rysel RCR Pro Force AXS
3608392678332,Van Rysel RCR Pro Force AXS,Van Rysel RCR Pro Force AXS,Van Rysel RCR Pro Force AXS
3608392695988,Wedze Men's 500 Warm Waterproof Snow Pants,Wedze 500 Pantalon Imperméable Neige Chaud Homme,Wedze 500 남성용 방수 스노우 보온 바지
3608392744020,Van Rysel RCR Pro Replica Dura Ace Road Bike - Di2 AG2R Team,Van Rysel RCR Pro Replica Dura Ace Di2 AG2R Team Vélo de route,Van Rysel RCR Pro Replica Dura Ace Di2 AG2R Team 로드 자전거
3608392744037,Van Rysel RCR Pro Replica Dura Ace Road Bike - Di2 AG2R Team,Van Rysel RCR Pro Replica Dura Ace Di2 AG2R Team Vélo de route,Van Rysel RCR Pro Replica Dura Ace Di2 AG2R Team 로드 자전거
3608392744044,Van Rysel RCR Pro Replica Dura Ace Road Bike - Di2 AG2R Team,Van Rysel RCR Pro Replica Dura Ace Di2 AG2R Team Vélo de route,Van Rysel RCR Pro Replica Dura Ace Di2 AG2R Team 로드 자전거
3608392744051,Van Rysel RCR Pro Replica Dura Ace Road Bike - Di2 AG2R Team,Van Rysel RCR Pro Replica Dura Ace Di2 AG2R Team Vélo de route,Van Rysel RCR Pro Replica Dura Ace Di2 AG2R Team 로드 자전거
3608392744068,Van Rysel RCR Pro Replica Dura Ace Road Bike - Di2 AG2R Team,Van Rysel RCR Pro Replica Dura Ace Di2 AG2R Team Vélo de route,Van Rysel RCR Pro Replica Dura Ace Di2 AG2R Team 로드 자전거
3608392757631,Wedze Kids' 100 Warm Waterproof Snowsuit,Wedze 100 Snowsuit Imperméable Chaud Enfant,Wedze 100 Snowsuit 아동용 방수 보온
3608392757648,Wedze Kids' 100 Warm Waterproof Snowsuit,Wedze 100 Snowsuit Imperméable Chaud Enfant,Wedze 100 Snowsuit 아동용 방수 보온
3608392758300,Wedze Kids' 100 Warm Waterproof Ski Jacket,Wedze 100 Veste Imperméable Chaud de Ski Enfant,Wedze 100 아동용 방수 보온 스키 재킷
3608392758317,Wedze Kids' 100 Warm Waterproof Ski Jacket,Wedze 100 Veste Imperméable Chaud de Ski Enfant,Wedze 100 아동용 방수 보온 스키 재킷
3608392758324,Wedze Kids' 100 Warm Waterproof Ski Jacket,Wedze 100 Veste Imperméable Chaud de Ski Enfant,Wedze 100 아동용 방수 보온 스키 재킷
3608392758331,Wedze Kids' 100 Warm Waterproof Ski Jacket,Wedze 100 Veste Imperméable Chaud de Ski Enfant,Wedze 100 아동용 방수 보온 스키 재킷
3608392758348,Wedze Kids' 100 Warm Waterproof Ski Jacket,Wedze 100 Veste Imperméable Chaud de Ski Enfant,Wedze 100 아동용 방수 보온 스키 재킷
3608392794292,Quechua Men's NH500 Warm Waterproof Mid Leather Hiking Boots,Quechua NH500 Leather Bottes Imperméable de Randonnée Chaud Mi-saison Homme,Quechua NH500 Leather 남성용 방수 등산 보온 미드 부츠
3608392796104,Quechua Men's NH500 Warm Waterproof Mid Leather Hiking Boots,Quechua NH500 Leather Bottes Imperméable de Randonnée Chaud Mi-saison Homme,Quechua NH500 Leather 남성용 방수 등산 보온 미드 부츠
3608392796111,Quechua Men's NH500 Warm Waterproof Mid Leather Hiking Boots,Quechua NH500 Leather Bottes Imperméable de Randonnée Chaud Mi-saison Homme,Quechua NH500 Leather 남성용 방수 등산 보온 미드 부츠
3608392796128,Quechua Men's NH500 Warm Waterproof Mid Leather Hiking Boots,Quechua NH500 Leather Bottes Imperméable de Randonnée Chaud Mi-saison Homme,Quechua NH500 Leather 남성용 방수 등산 보온 미드 부츠
3608392796135,Quechua Men's NH500 Warm Waterproof Mid Leather Hiking Boots,Quechua NH500 Leather Bottes Imperméable de Randonnée Chaud Mi-saison Homme,Quechua NH500 Leather 남성용 방수 등산 보온 미드 부츠
3608392796142,Quechua Men's NH500 Warm Waterproof Mid Leather Hiking Boots,Quechua NH500 Leather Bottes Imperméable de Randonnée Chaud Mi-saison Homme,Quechua NH500 Leather 남성용 방수 등산 보온 미드 부츠
3608392796159,Quechua Men's NH500 Warm Waterproof Mid Leather Hiking Boots,Quechua NH500 Leather Bottes Imperméable de Randonnée Chaud Mi-saison Homme,Quechua NH500 Leather 남성용 방수 등산 보온 미드 부츠
3608392796166,Quechua Men's NH500 Warm Waterproof Mid Leather Hiking Boots,Quechua NH500 Leather Bottes Imperméable de Randonnée Chaud Mi-saison Homme,Quechua NH500 Leather 남성용 방수 등산 보온 미드 부츠
3608392796173,Quechua Men's NH500 Warm Waterproof Mid Leather Hiking Boots,Quechua NH500 Leather Bottes Imperméable de Randonnée Chaud Mi-saison Homme,Quechua NH500 Leather 남성용 방수 등산 보온 미드 부츠
3608392796548,Quechua Men’s NH100 Warm Waterproof Easy-On Snow Hiking Boots,Quechua ’s NH100 Easy-On Bottes Imperméable de Randonnée Neige Chaud Homme,Quechua ’s NH100 Easy-On 남성용 방수 등산 스노우 보온 부츠
3608392796555,Quechua Men’s NH100 Warm Waterproof Easy-On Snow Hiking Boots,Quechua ’s NH100 Easy-On Bottes Imperméable de Randonnée Neige Chaud Homme,Quechua ’s NH100 Easy-On 남성용 방수 등산 스노우 보온 부츠
3608392796562,Quechua Men’s NH100 Warm Waterproof Easy-On Snow Hiking Boots,Quechua ’s NH100 Easy-On Bottes Imperméable de Randonnée Neige Chaud Homme,Quechua ’s NH100 Easy-On 남성용 방수 등산 스노우 보온 부츠
3608392796579,Quechua Men’s NH100 Warm Waterproof Easy-On Snow Hiking Boots,Quechua ’s NH100 Easy-On Bottes Imperméable de Randonnée Neige Chaud Homme,Quechua ’s NH100 Easy-On 남성용 방수 등산 스노우 보온 부츠
3608392796586,Quechua Men’s NH100 Warm Waterproof Easy-On Snow Hiking Boots,Quechua ’s NH100 Easy-On Bottes Imperméable de Randonnée Neige Chaud Homme,Quechua ’s NH100 Easy-On 남성용 방수 등산 스노우 보온 부츠
3608392796593,Quechua Men’s NH100 Warm Waterproof Easy-On Snow Hiking Boots,Quechua ’s NH100 Easy-On Bottes Imperméable de Randonnée Neige Chaud Homme,Quechua ’s NH100 Easy-On 남성용 방수 등산 스노우 보온 부츠
3608392796906,Quechua Men’s NH100 Warm Waterproof Easy-On Snow Hiking Boots,Quechua ’s NH100 Easy-On Bottes Imperméable de Randonnée Neige Chaud Homme,Quechua ’s NH100 Easy-On 남성용 방수 등산 스노우 보온 부츠
3608392796913,Quechua Men’s NH100 Warm Waterproof Easy-On Snow Hiking Boots,Quechua ’s NH100 Easy-On Bottes Imperméable de Randonnée Neige Chaud Homme,Quechua ’s NH100 Easy-On 남성용 방수 등산 스노우 보온 부츠
3608392796920,Quechua Men’s NH100 Warm Waterproof Easy-On Snow Hiking Boots,Quechua ’s NH100 Easy-On Bottes Imperméable de Randonnée Neige Chaud Homme,Quechua ’s NH100 Easy-On 남성용 방수 등산 스노우 보온 부츠
3608392804090,Van Rysel Unisex RCR 2 Long-Sleeved Fleece-Lined Cycling Jersey,Van Rysel RCR 2 Long-Sleeved -Lined Jersey Polaire de Vélo Mixte,Van Rysel RCR 2 Long-Sleeved -Lined Jersey 남녀공용 사이클 플리스
3608392804700,Van Rysel Unisex RCR 2 Long-Sleeved Fleece-Lined Cycling Jersey,Van Rysel RCR 2 Long-Sleeved -Lined Jersey Polaire de Vélo Mixte,Van Rysel RCR 2 Long-Sleeved -Lined Jersey 남녀공용 사이클 플리스
3608392804717,Van Rysel Unisex RCR 2 Long-Sleeved Fleece-Lined Cycling Jersey,Van Rysel RCR 2 Long-Sleeved -Lined Jersey Polaire de Vélo Mixte,Van Rysel RCR 2 Long-Sleeved -Lined Jersey 남녀공용 사이클 플리스
3608392804724,Van Rysel Unisex RCR 2 Long-Sleeved Fleece-Lined Cycling Jersey,Van Rysel RCR 2 Long-Sleeved -Lined Jersey Polaire de Vélo Mixte,Van Rysel RCR 2 Long-Sleeved -Lined Jersey 남녀공용 사이클 플리스
3608392804731,Van Rysel Unisex RCR 2 Long-Sleeved Fleece-Lined Cycling Jersey,Van Rysel RCR 2 Long-Sleeved -Lined Jersey Polaire de Vélo Mixte,Van Rysel RCR 2 Long-Sleeved -Lined Jersey 남녀공용 사이클 플리스
3608392810947,Quechua Kids' NH100 Warm Waterproof Snow Boots,Quechua NH100 Après-ski Imperméable Chaud Enfant,Quechua NH100 아동용 방수 보온 스노우 부츠
3608392810954,Quechua Kids' NH100 Warm Waterproof Snow Boots,Quechua NH100 Après-ski Imperméable Chaud Enfant,Quechua NH100 아동용 방수 보온 스노우 부츠
3608392810961,Quechua Kids' NH100 Warm Waterproof Snow Boots,Quechua NH100 Après-ski Imperméable Chaud Enfant,Quechua NH100 아동용 방수 보온 스노우 부츠
3608392810978,Quechua Kids' NH100 Warm Waterproof Snow Boots,Quechua NH100 Après-ski Imperméable Chaud Enfant,Quechua NH100 아동용 방수 보온 스노우 부츠
3608392810985,Quechua Kids' NH100 Warm Waterproof Snow Boots,Quechua NH100 Après-ski Imperméable Chaud Enfant,Quechua NH100 아동용 방수 보온 스노우 부츠
3608392810992,Quechua Kids' NH100 Warm Waterproof Snow Boots,Quechua NH100 Après-ski Imperméable Chaud Enfant,Quechua NH100 아동용 방수 보온 스노우 부츠
3608392811500,Quechua Kids' NH100 Warm Waterproof Snow Boots,Quechua NH100 Après-ski Imperméable Chaud Enfant,Quechua NH100 아동용 방수 보온 스노우 부츠
3608392811517,Quechua Kids' NH100 Warm Waterproof Snow Boots,Quechua NH100 Après-ski Imperméable Chaud Enfant,Quechua NH100 아동용 방수 보온 스노우 부츠
3608392811524,Quechua Kids' NH100 Warm Waterproof Snow Boots,Quechua NH100 Après-ski Imperméable Chaud Enfant,Quechua NH100 아동용 방수 보온 스노우 부츠
3608392811531,Quechua Kids' NH100 Warm Waterproof Snow Boots,Quechua NH100 Après-ski Imperméable Chaud Enfant,Quechua NH100 아동용 방수 보온 스노우 부츠
3608392811548,Quechua Kids' NH100 Warm Waterproof Snow Boots,Quechua NH100 Après-ski Imperméable Chaud Enfant,Quechua NH100 아동용 방수 보온 스노우 부츠
3608392811555,Quechua Kids' NH100 Warm Waterproof Snow Boots,Quechua NH100 Après-ski Imperméable Chaud Enfant,Quechua NH100 아동용 방수 보온 스노우 부츠
3608392811562,Quechua Kids' NH100 Warm Waterproof Snow Boots,Quechua NH100 Après-ski Imperméable Chaud Enfant,Quechua NH100 아동용 방수 보온 스노우 부츠
3608392811579,Quechua Kids' NH100 Warm Waterproof Snow Boots,Quechua NH100 Après-ski Imperméable Chaud Enfant,Quechua NH100 아동용 방수 보온 스노우 부츠
3608392811586,Quechua Kids' NH100 Warm Waterproof Snow Boots,Quechua NH100 Après-ski Imperméable Chaud Enfant,Quechua NH100 아동용 방수 보온 스노우 부츠
3608392812019,Wedze Kids' Fisherman Knit Beanie,Wedze Fisherman Knit Bonnet Enfant,Wedze Fisherman Knit 아동용 비니
3608392812392,Wedze Rider 500 Reversible Knit Beanie,Wedze Rider 500 Reversible Knit Bonnet,Wedze Rider 500 Reversible Knit 비니
3608392812750,Wedze Rider 500 Reversible Knit Beanie,Wedze Rider 500 Reversible Knit Bonnet,Wedze Rider 500 Reversible Knit 비니
3608392813207,Wedze Rider 500 Reversible Knit Beanie,Wedze Rider 500 Reversible Knit Bonnet,Wedze Rider 500 Reversible Knit 비니
3608392874444,Wedze Kids' 500 Adjustable Waterproof Snowsuit,Wedze 500 Adjustable Snowsuit Imperméable Enfant,Wedze 500 Adjustable Snowsuit 아동용 방수
3608392874451,Wedze Kids' 500 Adjustable Waterproof Snowsuit,Wedze 500 Adjustable Snowsuit Imperméable Enfant,Wedze 500 Adjustable Snowsuit 아동용 방수
3608392874468,Wedze Kids' 500 Adjustable Waterproof Snowsuit,Wedze 500 Adjustable Snowsuit Imperméable Enfant,Wedze 500 Adjustable Snowsuit 아동용 방수
3608392926297,Kiprun Men's 500 Waterproof Trail Running Jacket,Kiprun 500 Veste Imperméable de Running Trail Homme,Kiprun 500 남성용 방수 러닝 트레일 재킷
3608392926303,Kiprun Men's 500 Waterproof Trail Running Jacket,Kiprun 500 Veste Imperméable de Running Trail Homme,Kiprun 500 남성용 방수 러닝 트레일 재킷
3608392926310,Kiprun Men's 500 Waterproof Trail Running Jacket,Kiprun 500 Veste Imperméable de Running Trail Homme,Kiprun 500 남성용 방수 러닝 트레일 재킷
3608392926327,Kiprun Men's 500 Waterproof Trail Running Jacket,Kiprun 500 Veste Imperméable de Running Trail Homme,Kiprun 500 남성용 방수 러닝 트레일 재킷
3608392926334,Kiprun Men's 500 Waterproof Trail Running Jacket,Kiprun 500 Veste Imperméable de Running Trail Homme,Kiprun 500 남성용 방수 러닝 트레일 재킷
3608392938832,Kiprun Men's 100 Long-Sleeved Half-Zip Running T-shirt,Kiprun 100 Long-Sleeved Half-Zip T-shirt de Running Homme,Kiprun 100 Long-Sleeved Half-Zip 남성용 러닝 티셔츠
3608392938849,Kiprun Men's 100 Long-Sleeved Half-Zip Running T-shirt,Kiprun 100 Long-Sleeved Half-Zip T-shirt de Running Homme,Kiprun 100 Long-Sleeved Half-Zip 남성용 러닝 티셔츠
3608392938856,Kiprun Men's 100 Long-Sleeved Half-Zip Running T-shirt,Kiprun 100 Long-Sleeved Half-Zip T-shirt de Running Homme,Kiprun 100 Long-Sleeved Half-Zip 남성용 러닝 티셔츠
3608392938863,Kiprun Men's 100 Long-Sleeved Half-Zip Running T-shirt,Kiprun 100 Long-Sleeved Half-Zip T-shirt de Running Homme,Kiprun 100 Long-Sleeved Half-Zip 남성용 러닝 티셔츠
3608392938870,Kiprun Men's 100 Long-Sleeved Half-Zip Running T-shirt,Kiprun 100 Long-Sleeved Half-Zip T-shirt de Running Homme,Kiprun 100 Long-Sleeved Half-Zip 남성용 러닝 티셔츠
3608392951480,Quechua Kids’ MH500 Hybrid Hiking Puffer Jacket,Quechua MH500 Hybrid Doudoune de Randonnée Enfant,Quechua MH500 Hybrid 아동용 등산 패딩 재킷
3608392951497,Quechua Kids’ MH500 Hybrid Hiking Puffer Jacket,Quechua MH500 Hybrid Doudoune de Randonnée Enfant,Quechua MH500 Hybrid 아동용 등산 패딩 재킷
3608392952005,Quechua Kids’ MH500 Hybrid Hiking Puffer Jacket,Quechua MH500 Hybrid Doudoune de Randonnée Enfant,Quechua MH500 Hybrid 아동용 등산 패딩 재킷
3608392952012,Quechua Kids’ MH500 Hybrid Hiking Puffer Jacket,Quechua MH500 Hybrid Doudoune de Randonnée Enfant,Quechua MH500 Hybrid 아동용 등산 패딩 재킷
3608392952029,Quechua Kids’ MH500 Hybrid Hiking Puffer Jacket,Quechua MH500 Hybrid Doudoune de Randonnée Enfant,Quechua MH500 Hybrid 아동용 등산 패딩 재킷
3608392966286,Quechua Men's NH500 Half-Zip Hiking Pullover,Quechua NH500 Half-Zip Pull de Randonnée Homme,Quechua NH500 Half-Zip 남성용 등산 풀오버
3608392966293,Quechua Men's NH500 Half-Zip Hiking Pullover,Quechua NH500 Half-Zip Pull de Randonnée Homme,Quechua NH500 Half-Zip 남성용 등산 풀오버
3608392966804,Quechua Men's NH500 Half-Zip Hiking Pullover,Quechua NH500 Half-Zip Pull de Randonnée Homme,Quechua NH500 Half-Zip 남성용 등산 풀오버
3608392966828,Quechua Men's NH500 Half-Zip Hiking Pullover,Quechua NH500 Half-Zip Pull de Randonnée Homme,Quechua NH500 Half-Zip 남성용 등산 풀오버
3608392966835,Quechua Men's NH500 Half-Zip Hiking Pullover,Quechua NH500 Half-Zip Pull de Randonnée Homme,Quechua NH500 Half-Zip 남성용 등산 풀오버
3608392966842,Quechua Men's NH500 Half-Zip Hiking Pullover,Quechua NH500 Half-Zip Pull de Randonnée Homme,Quechua NH500 Half-Zip 남성용 등산 풀오버
3608393003782,Quechua Men's MH500 Full-Zip Hiking Fleece,Quechua MH500 Full-Zip Polaire de Randonnée Homme,Quechua MH500 Full-Zip 남성용 등산 플리스
3608393003799,Quechua Men's MH500 Full-Zip Hiking Fleece,Quechua MH500 Full-Zip Polaire de Randonnée Homme,Quechua MH500 Full-Zip 남성용 등산 플리스
3608393003805,Quechua Men's MH500 Full-Zip Hiking Fleece,Quechua MH500 Full-Zip Polaire de Randonnée Homme,Quechua MH500 Full-Zip 남성용 등산 플리스
3608393003812,Quechua Men's MH500 Full-Zip Hiking Fleece,Quechua MH500 Full-Zip Polaire de Randonnée Homme,Quechua MH500 Full-Zip 남성용 등산 플리스
3608393003829,Quechua Men's MH500 Full-Zip Hiking Fleece,Quechua MH500 Full-Zip Polaire de Randonnée Homme,Quechua MH500 Full-Zip 남성용 등산 플리스
3608393003836,Quechua Men's MH500 Full-Zip Hiking Fleece,Quechua MH500 Full-Zip Polaire de Randonnée Homme,Quechua MH500 Full-Zip 남성용 등산 플리스
3608393003928,Quechua Men's MH500 Full-Zip Hiking Fleece,Quechua MH500 Full-Zip Polaire de Randonnée Homme,Quechua MH500 Full-Zip 남성용 등산 플리스
3608393003935,Quechua Men's MH500 Full-Zip Hiking Fleece,Quechua MH500 Full-Zip Polaire de Randonnée Homme,Quechua MH500 Full-Zip 남성용 등산 플리스
3608393003942,Quechua Men's MH500 Full-Zip Hiking Fleece,Quechua MH500 Full-Zip Polaire de Randonnée Homme,Quechua MH500 Full-Zip 남성용 등산 플리스
3608393003959,Quechua Men's MH500 Full-Zip Hiking Fleece,Quechua MH500 Full-Zip Polaire de Randonnée Homme,Quechua MH500 Full-Zip 남성용 등산 플리스
3608393003966,Quechua Men's MH500 Full-Zip Hiking Fleece,Quechua MH500 Full-Zip Polaire de Randonnée Homme,Quechua MH500 Full-Zip 남성용 등산 플리스
3608393003973,Quechua Men's MH500 Full-Zip Hiking Fleece,Quechua MH500 Full-Zip Polaire de Randonnée Homme,Quechua MH500 Full-Zip 남성용 등산 플리스
3608393006929,Quechua Women’s MH500 Full-Zip Hiking Fleece,Quechua ’s MH500 Full-Zip Polaire de Randonnée Femme,Quechua ’s MH500 Full-Zip 여성용 등산 플리스
3608393006936,Quechua Women’s MH500 Full-Zip Hiking Fleece,Quechua ’s MH500 Full-Zip Polaire de Randonnée Femme,Quechua ’s MH500 Full-Zip 여성용 등산 플리스
3608393006943,Quechua Women’s MH500 Full-Zip Hiking Fleece,Quechua ’s MH500 Full-Zip Polaire de Randonnée Femme,Quechua ’s MH500 Full-Zip 여성용 등산 플리스
3608393006950,Quechua Women’s MH500 Full-Zip Hiking Fleece,Quechua ’s MH500 Full-Zip Polaire de Randonnée Femme,Quechua ’s MH500 Full-Zip 여성용 등산 플리스
3608393006967,Quechua Women’s MH500 Full-Zip Hiking Fleece,Quechua ’s MH500 Full-Zip Polaire de Randonnée Femme,Quechua ’s MH500 Full-Zip 여성용 등산 플리스
3608393015914,Quechua Men’s MH500 Half-Zip Hiking Fleece,Quechua ’s MH500 Half-Zip Polaire de Randonnée Homme,Quechua ’s MH500 Half-Zip 남성용 등산 플리스
3608393015921,Quechua Men’s MH500 Half-Zip Hiking Fleece,Quechua ’s MH500 Half-Zip Polaire de Randonnée Homme,Quechua ’s MH500 Half-Zip 남성용 등산 플리스
3608393015938,Quechua Men’s MH500 Half-Zip Hiking Fleece,Quechua ’s MH500 Half-Zip Polaire de Randonnée Homme,Quechua ’s MH500 Half-Zip 남성용 등산 플리스
3608393015945,Quechua Men’s MH500 Half-Zip Hiking Fleece,Quechua ’s MH500 Half-Zip Polaire de Randonnée Homme,Quechua ’s MH500 Half-Zip 남성용 등산 플리스
3608393015952,Quechua Men’s MH500 Half-Zip Hiking Fleece,Quechua ’s MH500 Half-Zip Polaire de Randonnée Homme,Quechua ’s MH500 Half-Zip 남성용 등산 플리스
3608393015969,Quechua Men’s MH500 Half-Zip Hiking Fleece,Quechua ’s MH500 Half-Zip Polaire de Randonnée Homme,Quechua ’s MH500 Half-Zip 남성용 등산 플리스
3608393111678,Quechua Men’s NH500 Water-Repellent Snow Hiking Pants,Quechua ’s NH500 Pantalon Déperlant de Randonnée Neige Homme,Quechua ’s NH500 남성용 발수 등산 스노우 바지
3608393111685,Quechua Men’s NH500 Water-Repellent Snow Hiking Pants,Quechua ’s NH500 Pantalon Déperlant de Randonnée Neige Homme,Quechua ’s NH500 남성용 발수 등산 스노우 바지
3608393111692,Quechua Men’s NH500 Water-Repellent Snow Hiking Pants,Quechua ’s NH500 Pantalon Déperlant de Randonnée Neige Homme,Quechua ’s NH500 남성용 발수 등산 스노우 바지
3608393111951,Quechua Arpenaz Fresh & Black Family Camping Tent 4 Person 1 Bedroom,Quechua Arpenaz Fresh Black Family Camping 4 Person 1 Bedroom Tente,Quechua Arpenaz Fresh Black Family Camping 4 Person 1 Bedroom 텐트
3608393112828,Quechua Men’s NH500 Water-Repellent Snow Hiking Pants,Quechua ’s NH500 Pantalon Déperlant de Randonnée Neige Homme,Quechua ’s NH500 남성용 발수 등산 스노우 바지
3608393112835,Quechua Men’s NH500 Water-Repellent Snow Hiking Pants,Quechua ’s NH500 Pantalon Déperlant de Randonnée Neige Homme,Quechua ’s NH500 남성용 발수 등산 스노우 바지
3608393112842,Quechua Men’s NH500 Water-Repellent Snow Hiking Pants,Quechua ’s NH500 Pantalon Déperlant de Randonnée Neige Homme,Quechua ’s NH500 남성용 발수 등산 스노우 바지
3608393112859,Quechua Men’s NH500 Water-Repellent Snow Hiking Pants,Quechua ’s NH500 Pantalon Déperlant de Randonnée Neige Homme,Quechua ’s NH500 남성용 발수 등산 스노우 바지
3608393121806,Quechua Women's MH100 Sherpa Fleece Pullover,Quechua MH100 Sherpa Fleece Pull Femme,Quechua MH100 Sherpa Fleece 여성용 풀오버
3608393121813,Quechua Women's MH100 Sherpa Fleece Pullover,Quechua MH100 Sherpa Fleece Pull Femme,Quechua MH100 Sherpa Fleece 여성용 풀오버
3608393121820,Quechua Women's MH100 Sherpa Fleece Pullover,Quechua MH100 Sherpa Fleece Pull Femme,Quechua MH100 Sherpa Fleece 여성용 풀오버
3608393121837,Quechua Women's MH100 Sherpa Fleece Pullover,Quechua MH100 Sherpa Fleece Pull Femme,Quechua MH100 Sherpa Fleece 여성용 풀오버
3608393121844,Quechua Women's MH100 Sherpa Fleece Pullover,Quechua MH100 Sherpa Fleece Pull Femme,Quechua MH100 Sherpa Fleece 여성용 풀오버
3608393121851,Quechua Women's MH100 Sherpa Fleece Pullover,Quechua MH100 Sherpa Fleece Pull Femme,Quechua MH100 Sherpa Fleece 여성용 풀오버
3608393124760,10L Laptop Backpack,10L Laptop Sac à dos,10L Laptop 백팩
3608393124777,10L Laptop Backpack,10L Laptop Sac à dos,10L Laptop 백팩
3608393139566,Quechua 100 Arpenaz 20L Hiking Backpack,Quechua 100 Arpenaz 20L Sac à dos de Randonnée,Quechua 100 Arpenaz 20L 등산 백팩
3608393140470,Forclaz Men's 500 Windbreaker Softshell Jacket,Forclaz 500 Softshell Jacket Coupe-vent Homme,Forclaz 500 Softshell Jacket 남성용 바람막이
3608393140487,Forclaz Men's 500 Windbreaker Softshell Jacket,Forclaz 500 Softshell Jacket Coupe-vent Homme,Forclaz 500 Softshell Jacket 남성용 바람막이
3608393140494,Forclaz Men's 500 Windbreaker Softshell Jacket,Forclaz 500 Softshell Jacket Coupe-vent Homme,Forclaz 500 Softshell Jacket 남성용 바람막이
3608393140609,Forclaz Men's 500 Windbreaker Softshell Jacket,Forclaz 500 Softshell Jacket Coupe-vent Homme,Forclaz 500 Softshell Jacket 남성용 바람막이
3608393140616,Forclaz Men's 500 Windbreaker Softshell Jacket,Forclaz 500 Softshell Jacket Coupe-vent Homme,Forclaz 500 Softshell Jacket 남성용 바람막이
3608393140623,Forclaz Men's 500 Windbreaker Softshell Jacket,Forclaz 500 Softshell Jacket Coupe-vent Homme,Forclaz 500 Softshell Jacket 남성용 바람막이
3608393141835,Simond Men's MT500 Hooded Down Puffer Jacket,Simond MT500 Doudoune à Capuche Duvet Homme,Simond MT500 남성용 후드 다운 패딩 재킷
3608393142689,Simond Women’s MT900 Hooded Down Puffer Jacket,Simond ’s MT900 Doudoune à Capuche Duvet Femme,Simond ’s MT900 여성용 후드 다운 패딩 재킷
3608393142696,Simond Women’s MT900 Hooded Down Puffer Jacket,Simond ’s MT900 Doudoune à Capuche Duvet Femme,Simond ’s MT900 여성용 후드 다운 패딩 재킷
3608393142702,Simond Women’s MT900 Hooded Down Puffer Jacket,Simond ’s MT900 Doudoune à Capuche Duvet Femme,Simond ’s MT900 여성용 후드 다운 패딩 재킷
3608393142719,Simond Women’s MT900 Hooded Down Puffer Jacket,Simond ’s MT900 Doudoune à Capuche Duvet Femme,Simond ’s MT900 여성용 후드 다운 패딩 재킷
3608393142726,Simond Women’s MT900 Hooded Down Puffer Jacket,Simond ’s MT900 Doudoune à Capuche Duvet Femme,Simond ’s MT900 여성용 후드 다운 패딩 재킷
3608393142733,Simond Women’s MT900 Hooded Down Puffer Jacket,Simond ’s MT900 Doudoune à Capuche Duvet Femme,Simond ’s MT900 여성용 후드 다운 패딩 재킷
3608393142740,Simond Women’s MT900 Hooded Down Puffer Jacket,Simond ’s MT900 Doudoune à Capuche Duvet Femme,Simond ’s MT900 여성용 후드 다운 패딩 재킷
3608393142757,Simond Women’s MT900 Hooded Down Puffer Jacket,Simond ’s MT900 Doudoune à Capuche Duvet Femme,Simond ’s MT900 여성용 후드 다운 패딩 재킷
3608393142764,Simond Women’s MT900 Hooded Down Puffer Jacket,Simond ’s MT900 Doudoune à Capuche Duvet Femme,Simond ’s MT900 여성용 후드 다운 패딩 재킷
3608393142771,Simond Women’s MT900 Hooded Down Puffer Jacket,Simond ’s MT900 Doudoune à Capuche Duvet Femme,Simond ’s MT900 여성용 후드 다운 패딩 재킷
3608393142788,Simond Women’s MT900 Hooded Down Puffer Jacket,Simond ’s MT900 Doudoune à Capuche Duvet Femme,Simond ’s MT900 여성용 후드 다운 패딩 재킷
3608393142795,Simond Women’s MT900 Hooded Down Puffer Jacket,Simond ’s MT900 Doudoune à Capuche Duvet Femme,Simond ’s MT900 여성용 후드 다운 패딩 재킷
3608393143938,Van Rysel Unisex EDR ULTRA Cycling Jersey,Van Rysel EDR Maillot de Vélo Ultra Mixte,Van Rysel EDR 남녀공용 사이클 울트라 저지
3608393143945,Van Rysel Unisex EDR ULTRA Cycling Jersey,Van Rysel EDR Maillot de Vélo Ultra Mixte,Van Rysel EDR 남녀공용 사이클 울트라 저지
3608393143952,Van Rysel Unisex EDR ULTRA Cycling Jersey,Van Rysel EDR Maillot de Vélo Ultra Mixte,Van Rysel EDR 남녀공용 사이클 울트라 저지
3608393143969,Van Rysel Unisex EDR ULTRA Cycling Jersey,Van Rysel EDR Maillot de Vélo Ultra Mixte,Van Rysel EDR 남녀공용 사이클 울트라 저지
3608393143976,Van Rysel Unisex EDR ULTRA Cycling Jersey,Van Rysel EDR Maillot de Vélo Ultra Mixte,Van Rysel EDR 남녀공용 사이클 울트라 저지
3608393144409,Quechua Men's Hiking Pants NH100,Quechua NH100 Pantalon de Randonnée Homme,Quechua NH100 남성용 등산 바지
3608393144423,Quechua Men's Hiking Pants NH100,Quechua NH100 Pantalon de Randonnée Homme,Quechua NH100 남성용 등산 바지
3608393144447,Quechua Men's Hiking Pants NH100,Quechua NH100 Pantalon de Randonnée Homme,Quechua NH100 남성용 등산 바지
3608393144461,Quechua Men's Hiking Pants NH100,Quechua NH100 Pantalon de Randonnée Homme,Quechua NH100 남성용 등산 바지
3608393144485,Quechua Men's Hiking Pants NH100,Quechua NH100 Pantalon de Randonnée Homme,Quechua NH100 남성용 등산 바지
3608393144508,Quechua Men's Hiking Pants NH100,Quechua NH100 Pantalon de Randonnée Homme,Quechua NH100 남성용 등산 바지
3608393144522,Quechua Men's Hiking Pants NH100,Quechua NH100 Pantalon de Randonnée Homme,Quechua NH100 남성용 등산 바지
3608393159922,Quechua 100 Arpenaz 20L Hiking Backpack,Quechua 100 Arpenaz 20L Sac à dos de Randonnée,Quechua 100 Arpenaz 20L 등산 백팩
3608393160652,Quechua 100 Arpenaz 20L Hiking Backpack,Quechua 100 Arpenaz 20L Sac à dos de Randonnée,Quechua 100 Arpenaz 20L 등산 백팩
3608393160690,Van Rysel EDR AF CLARIS,Van Rysel EDR AF CLARIS,Van Rysel EDR AF CLARIS
3608393161604,Van Rysel EDR AF CLARIS,Van Rysel EDR AF CLARIS,Van Rysel EDR AF CLARIS
3608393161611,Van Rysel EDR AF CLARIS,Van Rysel EDR AF CLARIS,Van Rysel EDR AF CLARIS
3608393161628,Van Rysel EDR AF CLARIS,Van Rysel EDR AF CLARIS,Van Rysel EDR AF CLARIS
3608393161635,Van Rysel EDR AF CLARIS,Van Rysel EDR AF CLARIS,Van Rysel EDR AF CLARIS
3608393163943,Quechua NH100 Easy Velcro Snowshoes,Quechua NH100 Easy Velcro Snowshoes,Quechua NH100 Easy Velcro Snowshoes
3608393163950,Quechua NH100 Easy Velcro Snowshoes,Quechua NH100 Easy Velcro Snowshoes,Quechua NH100 Easy Velcro Snowshoes
3608393232267,Quechua 2 Second Easy Fresh & Black Waterproof Pop Up Camping Tent 3 Person,Quechua 2 Second Easy Fresh Black Pop Up Camping 3 Person Tente Imperméable,Quechua 2 Second Easy Fresh Black Pop Up Camping 3 Person 방수 텐트
3608393232502,Quechua 2 Second Easy Fresh & Black Waterproof Pop Up Camping Tent 2 Person,Quechua 2 Second Easy Fresh Black Pop Up Camping 2 Person Tente Imperméable,Quechua 2 Second Easy Fresh Black Pop Up Camping 2 Person 방수 텐트
3608393246684,Van Rysel RCR 105 DI2,Van Rysel RCR 105 DI2,Van Rysel RCR 105 DI2
3608393310316,Van Rysel RCR PRO TEAM FRAME KIT,Van Rysel RCR PRO TEAM KIT Cadre,Van Rysel RCR PRO TEAM KIT 프레임
3608393310323,Van Rysel RCR PRO TEAM FRAME KIT,Van Rysel RCR PRO TEAM KIT Cadre,Van Rysel RCR PRO TEAM KIT 프레임
3608393310330,Van Rysel RCR PRO TEAM FRAME KIT,Van Rysel RCR PRO TEAM KIT Cadre,Van Rysel RCR PRO TEAM KIT 프레임
3608393312709,Van Rysel RCR PRO TEAM FRAME KIT,Van Rysel RCR PRO TEAM KIT Cadre,Van Rysel RCR PRO TEAM KIT 프레임
3608393312716,Van Rysel RCR PRO TEAM FRAME KIT,Van Rysel RCR PRO TEAM KIT Cadre,Van Rysel RCR PRO TEAM KIT 프레임
3608393389848,Quechua Kids’ MH100 Insulated Puffer Jacket,Quechua MH100 Doudoune Isolant Enfant,Quechua MH100 아동용 보온 패딩 재킷
3608393389855,Quechua Kids’ MH100 Insulated Puffer Jacket,Quechua MH100 Doudoune Isolant Enfant,Quechua MH100 아동용 보온 패딩 재킷
3608393389862,Quechua Kids’ MH100 Insulated Puffer Jacket,Quechua MH100 Doudoune Isolant Enfant,Quechua MH100 아동용 보온 패딩 재킷
3608393389879,Quechua Kids’ MH100 Insulated Puffer Jacket,Quechua MH100 Doudoune Isolant Enfant,Quechua MH100 아동용 보온 패딩 재킷
3608393389886,Quechua Kids’ MH100 Insulated Puffer Jacket,Quechua MH100 Doudoune Isolant Enfant,Quechua MH100 아동용 보온 패딩 재킷
3608393393586,Quechua Kids’ MH100 Insulated Puffer Jacket,Quechua MH100 Doudoune Isolant Enfant,Quechua MH100 아동용 보온 패딩 재킷
3608393393593,Quechua Kids’ MH100 Insulated Puffer Jacket,Quechua MH100 Doudoune Isolant Enfant,Quechua MH100 아동용 보온 패딩 재킷
3608393395108,Quechua Kids’ MH100 Insulated Puffer Jacket,Quechua MH100 Doudoune Isolant Enfant,Quechua MH100 아동용 보온 패딩 재킷
3608393395115,Quechua Kids’ MH100 Insulated Puffer Jacket,Quechua MH100 Doudoune Isolant Enfant,Quechua MH100 아동용 보온 패딩 재킷
3608393395122,Quechua Kids’ MH100 Insulated Puffer Jacket,Quechua MH100 Doudoune Isolant Enfant,Quechua MH100 아동용 보온 패딩 재킷
3608393421289,28L Sports Bag with Waterproof Pocket,28L Sports Bag with Pocket Imperméable,28L Sports Bag with Pocket 방수
3608393445940,29L Rolltop Backpack,29L Rolltop Sac à dos,29L Rolltop 백팩
3608393453822,Kiprun Kipstorm Lab Unisex Carbon Plate Running Shoes,Kiprun Kipstorm Lab Chaussures Plaque carbone de Running Mixte,Kiprun Kipstorm Lab 남녀공용 카본 플레이트 러닝 신발
3608393453839,Kiprun Kipstorm Lab Unisex Carbon Plate Running Shoes,Kiprun Kipstorm Lab Chaussures Plaque carbone de Running Mixte,Kiprun Kipstorm Lab 남녀공용 카본 플레이트 러닝 신발
3608393453846,Kiprun Kipstorm Lab Unisex Carbon Plate Running Shoes,Kiprun Kipstorm Lab Chaussures Plaque carbone de Running Mixte,Kiprun Kipstorm Lab 남녀공용 카본 플레이트 러닝 신발
3608393453853,Kiprun Kipstorm Lab Unisex Carbon Plate Running Shoes,Kiprun Kipstorm Lab Chaussures Plaque carbone de Running Mixte,Kiprun Kipstorm Lab 남녀공용 카본 플레이트 러닝 신발
3608393453891,Kiprun Kipstorm Lab Unisex Carbon Plate Running Shoes,Kiprun Kipstorm Lab Chaussures Plaque carbone de Running Mixte,Kiprun Kipstorm Lab 남녀공용 카본 플레이트 러닝 신발
3608393477118,Kiprun Kipsummit Men's Trail Running Shoes,Kiprun Kipsummit Chaussures de Running Trail Homme,Kiprun Kipsummit 남성용 러닝 트레일 신발
3608393477125,Kiprun Kipsummit Men's Trail Running Shoes,Kiprun Kipsummit Chaussures de Running Trail Homme,Kiprun Kipsummit 남성용 러닝 트레일 신발
3608393477132,Kiprun Kipsummit Men's Trail Running Shoes,Kiprun Kipsummit Chaussures de Running Trail Homme,Kiprun Kipsummit 남성용 러닝 트레일 신발
3608393477149,Kiprun Kipsummit Men's Trail Running Shoes,Kiprun Kipsummit Chaussures de Running Trail Homme,Kiprun Kipsummit 남성용 러닝 트레일 신발
3608393477156,Kiprun Kipsummit Men's Trail Running Shoes,Kiprun Kipsummit Chaussures de Running Trail Homme,Kiprun Kipsummit 남성용 러닝 트레일 신발
3608393477163,Kiprun Kipsummit Men's Trail Running Shoes,Kiprun Kipsummit Chaussures de Running Trail Homme,Kiprun Kipsummit 남성용 러닝 트레일 신발
3608393477170,Kiprun Kipsummit Men's Trail Running Shoes,Kiprun Kipsummit Chaussures de Running Trail Homme,Kiprun Kipsummit 남성용 러닝 트레일 신발
3608393477187,Kiprun Kipsummit Men's Trail Running Shoes,Kiprun Kipsummit Chaussures de Running Trail Homme,Kiprun Kipsummit 남성용 러닝 트레일 신발
3608393477200,Kiprun Kipsummit Men's Trail Running Shoes,Kiprun Kipsummit Chaussures de Running Trail Homme,Kiprun Kipsummit 남성용 러닝 트레일 신발
3608393477217,Kiprun Kipsummit Men's Trail Running Shoes,Kiprun Kipsummit Chaussures de Running Trail Homme,Kiprun Kipsummit 남성용 러닝 트레일 신발
3608393477224,Kiprun Kipsummit Men's Trail Running Shoes,Kiprun Kipsummit Chaussures de Running Trail Homme,Kiprun Kipsummit 남성용 러닝 트레일 신발
3608393477231,Kiprun Kipsummit Men's Trail Running Shoes,Kiprun Kipsummit Chaussures de Running Trail Homme,Kiprun Kipsummit 남성용 러닝 트레일 신발
3608393477248,Kiprun Kipsummit Men's Trail Running Shoes,Kiprun Kipsummit Chaussures de Running Trail Homme,Kiprun Kipsummit 남성용 러닝 트레일 신발
3608393477255,Kiprun Kipsummit Men's Trail Running Shoes,Kiprun Kipsummit Chaussures de Running Trail Homme,Kiprun Kipsummit 남성용 러닝 트레일 신발
3608393477262,Kiprun Kipsummit Men's Trail Running Shoes,Kiprun Kipsummit Chaussures de Running Trail Homme,Kiprun Kipsummit 남성용 러닝 트레일 신발
3608393477279,Kiprun Kipsummit Men's Trail Running Shoes,Kiprun Kipsummit Chaussures de Running Trail Homme,Kiprun Kipsummit 남성용 러닝 트레일 신발
3608393477385,Kiprun Kipsummit Max Men's Trail Running Shoes,Kiprun Kipsummit Chaussures de Running Trail Max Homme,Kiprun Kipsummit 남성용 러닝 트레일 맥스 신발
3608393477392,Kiprun Kipsummit Max Men's Trail Running Shoes,Kiprun Kipsummit Chaussures de Running Trail Max Homme,Kiprun Kipsummit 남성용 러닝 트레일 맥스 신발
3608393477767,Kiprun Kipsummit Women's Trail Running Shoes,Kiprun Kipsummit Chaussures de Running Trail Femme,Kiprun Kipsummit 여성용 러닝 트레일 신발
3608393477774,Kiprun Kipsummit Women's Trail Running Shoes,Kiprun Kipsummit Chaussures de Running Trail Femme,Kiprun Kipsummit 여성용 러닝 트레일 신발
3608393477781,Kiprun Kipsummit Women's Trail Running Shoes,Kiprun Kipsummit Chaussures de Running Trail Femme,Kiprun Kipsummit 여성용 러닝 트레일 신발
3608393477798,Kiprun Kipsummit Women's Trail Running Shoes,Kiprun Kipsummit Chaussures de Running Trail Femme,Kiprun Kipsummit 여성용 러닝 트레일 신발
3608393477804,Kiprun Kipsummit Women's Trail Running Shoes,Kiprun Kipsummit Chaussures de Running Trail Femme,Kiprun Kipsummit 여성용 러닝 트레일 신발
3608393477811,Kiprun Kipsummit Women's Trail Running Shoes,Kiprun Kipsummit Chaussures de Running Trail Femme,Kiprun Kipsummit 여성용 러닝 트레일 신발
3608393477828,Kiprun Kipsummit Women's Trail Running Shoes,Kiprun Kipsummit Chaussures de Running Trail Femme,Kiprun Kipsummit 여성용 러닝 트레일 신발
3608393478405,Kiprun Kipsummit Max Men's Trail Running Shoes,Kiprun Kipsummit Chaussures de Running Trail Max Homme,Kiprun Kipsummit 남성용 러닝 트레일 맥스 신발
3608393478412,Kiprun Kipsummit Max Men's Trail Running Shoes,Kiprun Kipsummit Chaussures de Running Trail Max Homme,Kiprun Kipsummit 남성용 러닝 트레일 맥스 신발
3608393478429,Kiprun Kipsummit Max Men's Trail Running Shoes,Kiprun Kipsummit Chaussures de Running Trail Max Homme,Kiprun Kipsummit 남성용 러닝 트레일 맥스 신발
3608393478436,Kiprun Kipsummit Max Men's Trail Running Shoes,Kiprun Kipsummit Chaussures de Running Trail Max Homme,Kiprun Kipsummit 남성용 러닝 트레일 맥스 신발
3608393478443,Kiprun Kipsummit Max Men's Trail Running Shoes,Kiprun Kipsummit Chaussures de Running Trail Max Homme,Kiprun Kipsummit 남성용 러닝 트레일 맥스 신발
3608393478450,Kiprun Kipsummit Max Men's Trail Running Shoes,Kiprun Kipsummit Chaussures de Running Trail Max Homme,Kiprun Kipsummit 남성용 러닝 트레일 맥스 신발
3608393496416,Kiprun Kipstorm Lab Unisex Carbon Plate Running Shoes,Kiprun Kipstorm Lab Chaussures Plaque carbone de Running Mixte,Kiprun Kipstorm Lab 남녀공용 카본 플레이트 러닝 신발
3608393506788,Kiprun 500 8L Trail Running Bag + 1L Water Bladder,Kiprun 500 8L Bag 1L Water Poche à eau de Running Trail,Kiprun 500 8L Bag 1L Water 러닝 트레일 물주머니
3608393568519,Quechua MH100 Kids’ 5L Hiking Backpack,Quechua MH100 5L Sac à dos de Randonnée Enfant,Quechua MH100 5L 아동용 등산 백팩
3608393569165,Van Rysel Unisex RCR-R 2 Short-Sleeved Cycling Jersey,Van Rysel RCR-R 2 Short-Sleeved Maillot de Vélo Mixte,Van Rysel RCR-R 2 Short-Sleeved 남녀공용 사이클 저지
3608393569172,Van Rysel Unisex RCR-R 2 Short-Sleeved Cycling Jersey,Van Rysel RCR-R 2 Short-Sleeved Maillot de Vélo Mixte,Van Rysel RCR-R 2 Short-Sleeved 남녀공용 사이클 저지
3608393569189,Van Rysel Unisex RCR-R 2 Short-Sleeved Cycling Jersey,Van Rysel RCR-R 2 Short-Sleeved Maillot de Vélo Mixte,Van Rysel RCR-R 2 Short-Sleeved 남녀공용 사이클 저지
3608393569196,Van Rysel Unisex RCR-R 2 Short-Sleeved Cycling Jersey,Van Rysel RCR-R 2 Short-Sleeved Maillot de Vélo Mixte,Van Rysel RCR-R 2 Short-Sleeved 남녀공용 사이클 저지
3608393571298,Van Rysel Unisex RCR-R 2 Short-Sleeved Cycling Jersey,Van Rysel RCR-R 2 Short-Sleeved Maillot de Vélo Mixte,Van Rysel RCR-R 2 Short-Sleeved 남녀공용 사이클 저지
3608393571588,Van Rysel Men's RCR-R 5 Road Cycling Shorts,Van Rysel RCR-R 5 Road Cuissard Homme,Van Rysel RCR-R 5 Road 남성용 사이클 반바지
3608393571595,Van Rysel Men's RCR-R 5 Road Cycling Shorts,Van Rysel RCR-R 5 Road Cuissard Homme,Van Rysel RCR-R 5 Road 남성용 사이클 반바지
3608393572004,Van Rysel Unisex RCR-R 2 Short-Sleeved Cycling Jersey,Van Rysel RCR-R 2 Short-Sleeved Maillot de Vélo Mixte,Van Rysel RCR-R 2 Short-Sleeved 남녀공용 사이클 저지
3608393572011,Van Rysel Unisex RCR-R 2 Short-Sleeved Cycling Jersey,Van Rysel RCR-R 2 Short-Sleeved Maillot de Vélo Mixte,Van Rysel RCR-R 2 Short-Sleeved 남녀공용 사이클 저지
3608393572028,Van Rysel Unisex RCR-R 2 Short-Sleeved Cycling Jersey,Van Rysel RCR-R 2 Short-Sleeved Maillot de Vélo Mixte,Van Rysel RCR-R 2 Short-Sleeved 남녀공용 사이클 저지
3608393572035,Van Rysel Unisex RCR-R 2 Short-Sleeved Cycling Jersey,Van Rysel RCR-R 2 Short-Sleeved Maillot de Vélo Mixte,Van Rysel RCR-R 2 Short-Sleeved 남녀공용 사이클 저지
3608393572059,Van Rysel Unisex RCR-R 2 Short-Sleeved Cycling Jersey,Van Rysel RCR-R 2 Short-Sleeved Maillot de Vélo Mixte,Van Rysel RCR-R 2 Short-Sleeved 남녀공용 사이클 저지
3608393572301,Van Rysel Unisex RCR-R 2 Short-Sleeved Cycling Jersey,Van Rysel RCR-R 2 Short-Sleeved Maillot de Vélo Mixte,Van Rysel RCR-R 2 Short-Sleeved 남녀공용 사이클 저지
3608393572318,Van Rysel Unisex RCR-R 2 Short-Sleeved Cycling Jersey,Van Rysel RCR-R 2 Short-Sleeved Maillot de Vélo Mixte,Van Rysel RCR-R 2 Short-Sleeved 남녀공용 사이클 저지
3608393572615,Van Rysel Men's RCR-R 5 Road Cycling Shorts,Van Rysel RCR-R 5 Road Cuissard Homme,Van Rysel RCR-R 5 Road 남성용 사이클 반바지
3608393572622,Van Rysel Men's RCR-R 5 Road Cycling Shorts,Van Rysel RCR-R 5 Road Cuissard Homme,Van Rysel RCR-R 5 Road 남성용 사이클 반바지
3608393572639,Van Rysel Men's RCR-R 5 Road Cycling Shorts,Van Rysel RCR-R 5 Road Cuissard Homme,Van Rysel RCR-R 5 Road 남성용 사이클 반바지
3608393596321,Van Rysel Men's EDR Cycling Shorts,Van Rysel EDR Cuissard Homme,Van Rysel EDR 남성용 사이클 반바지
3608393596338,Van Rysel Men's EDR Cycling Shorts,Van Rysel EDR Cuissard Homme,Van Rysel EDR 남성용 사이클 반바지
3608393596345,Van Rysel Men's EDR Cycling Shorts,Van Rysel EDR Cuissard Homme,Van Rysel EDR 남성용 사이클 반바지
3608393596352,Van Rysel Men's EDR Cycling Shorts,Van Rysel EDR Cuissard Homme,Van Rysel EDR 남성용 사이클 반바지
3608393596369,Van Rysel Men's EDR Cycling Shorts,Van Rysel EDR Cuissard Homme,Van Rysel EDR 남성용 사이클 반바지
3608393601070,Wedze Kids' 100 Warm Waterproof Snowsuit,Wedze 100 Snowsuit Imperméable Chaud Enfant,Wedze 100 Snowsuit 아동용 방수 보온
3608393601087,Wedze Kids' 100 Warm Waterproof Snowsuit,Wedze 100 Snowsuit Imperméable Chaud Enfant,Wedze 100 Snowsuit 아동용 방수 보온
3608393601094,Wedze Kids' 100 Warm Waterproof Snowsuit,Wedze 100 Snowsuit Imperméable Chaud Enfant,Wedze 100 Snowsuit 아동용 방수 보온
3608393602459,Kiprun Ultra-Light 5-Panel Running Cap,Kiprun 5-Panel Casquette de Running Léger Ultra,Kiprun 5-Panel 러닝 경량 울트라 모자
3608393605726,Kiprun Ultra-Light 5-Panel Running Cap,Kiprun 5-Panel Casquette de Running Léger Ultra,Kiprun 5-Panel 러닝 경량 울트라 모자
3608393625977,Quechua MH900 Double-Wall Insulated 800 ml Water Bottle,Quechua MH900 Double-Wall 800 ml Water Bottle Isolant,Quechua MH900 Double-Wall 800 ml Water Bottle 보온
3608393627032,Quechua NH100 Arpenaz 10 L Hiking Backpack,Quechua NH100 Arpenaz 10 Sac à dos de Randonnée,Quechua NH100 Arpenaz 10 등산 백팩
3608393754530,Quechua Men's NH100 Warm Waterproof Mid Snow Hiking Boots,Quechua NH100 Bottes Imperméable de Randonnée Neige Chaud Mi-saison Homme,Quechua NH100 남성용 방수 등산 스노우 보온 미드 부츠
3608393754547,Quechua Men's NH100 Warm Waterproof Mid Snow Hiking Boots,Quechua NH100 Bottes Imperméable de Randonnée Neige Chaud Mi-saison Homme,Quechua NH100 남성용 방수 등산 스노우 보온 미드 부츠
3608393754554,Quechua Men's NH100 Warm Waterproof Mid Snow Hiking Boots,Quechua NH100 Bottes Imperméable de Randonnée Neige Chaud Mi-saison Homme,Quechua NH100 남성용 방수 등산 스노우 보온 미드 부츠
3608393754561,Quechua Men's NH100 Warm Waterproof Mid Snow Hiking Boots,Quechua NH100 Bottes Imperméable de Randonnée Neige Chaud Mi-saison Homme,Quechua NH100 남성용 방수 등산 스노우 보온 미드 부츠
3608393754578,Quechua Men's NH100 Warm Waterproof Mid Snow Hiking Boots,Quechua NH100 Bottes Imperméable de Randonnée Neige Chaud Mi-saison Homme,Quechua NH100 남성용 방수 등산 스노우 보온 미드 부츠
3608393754585,Quechua Men's NH100 Warm Waterproof Mid Snow Hiking Boots,Quechua NH100 Bottes Imperméable de Randonnée Neige Chaud Mi-saison Homme,Quechua NH100 남성용 방수 등산 스노우 보온 미드 부츠
3608393754592,Quechua Men's NH100 Warm Waterproof Mid Snow Hiking Boots,Quechua NH100 Bottes Imperméable de Randonnée Neige Chaud Mi-saison Homme,Quechua NH100 남성용 방수 등산 스노우 보온 미드 부츠
3608393754608,Quechua Men's NH100 Warm Waterproof Mid Snow Hiking Boots,Quechua NH100 Bottes Imperméable de Randonnée Neige Chaud Mi-saison Homme,Quechua NH100 남성용 방수 등산 스노우 보온 미드 부츠
3608393754615,Quechua Men's NH100 Warm Waterproof Mid Snow Hiking Boots,Quechua NH100 Bottes Imperméable de Randonnée Neige Chaud Mi-saison Homme,Quechua NH100 남성용 방수 등산 스노우 보온 미드 부츠
3608393806468,Quechua 100 Arpenaz 20L Hiking Backpack,Quechua 100 Arpenaz 20L Sac à dos de Randonnée,Quechua 100 Arpenaz 20L 등산 백팩
3608393819291,SIMOND Men's Travel 500 Merino Wool T-Shirt,SIMOND 500 T-shirt Mérinos Voyage Laine Homme,SIMOND 500 남성용 메리노 트래블 울 티셔츠
3608393820501,SIMOND Men's Travel 500 Merino Wool T-Shirt,SIMOND 500 T-shirt Mérinos Voyage Laine Homme,SIMOND 500 남성용 메리노 트래블 울 티셔츠
3608393820518,SIMOND Men's Travel 500 Merino Wool T-Shirt,SIMOND 500 T-shirt Mérinos Voyage Laine Homme,SIMOND 500 남성용 메리노 트래블 울 티셔츠
3608393820525,SIMOND Men's Travel 500 Merino Wool T-Shirt,SIMOND 500 T-shirt Mérinos Voyage Laine Homme,SIMOND 500 남성용 메리노 트래블 울 티셔츠
3608393820532,SIMOND Men's Travel 500 Merino Wool T-Shirt,SIMOND 500 T-shirt Mérinos Voyage Laine Homme,SIMOND 500 남성용 메리노 트래블 울 티셔츠
3608393855497,Simond 500 Extend 30-40 L Duffel Bag,Simond 500 Extend 30-40 Duffel Bag,Simond 500 Extend 30-40 Duffel Bag
3608393857101,Simond 500 Extend 40-60 L Duffel Bag,Simond 500 Extend 40-60 Duffel Bag,Simond 500 Extend 40-60 Duffel Bag
3608393862556,SIMOND Women's Travel 500 Merino Wool T-Shirt,SIMOND 500 T-shirt Mérinos Voyage Laine Femme,SIMOND 500 여성용 메리노 트래블 울 티셔츠
3608393862563,SIMOND Women's Travel 500 Merino Wool T-Shirt,SIMOND 500 T-shirt Mérinos Voyage Laine Femme,SIMOND 500 여성용 메리노 트래블 울 티셔츠
3608393862570,SIMOND Women's Travel 500 Merino Wool T-Shirt,SIMOND 500 T-shirt Mérinos Voyage Laine Femme,SIMOND 500 여성용 메리노 트래블 울 티셔츠
3608393862587,SIMOND Women's Travel 500 Merino Wool T-Shirt,SIMOND 500 T-shirt Mérinos Voyage Laine Femme,SIMOND 500 여성용 메리노 트래블 울 티셔츠
3608393862594,SIMOND Women's Travel 500 Merino Wool T-Shirt,SIMOND 500 T-shirt Mérinos Voyage Laine Femme,SIMOND 500 여성용 메리노 트래블 울 티셔츠
3608393863508,SIMOND Women's Travel 500 Merino Wool T-Shirt,SIMOND 500 T-shirt Mérinos Voyage Laine Femme,SIMOND 500 여성용 메리노 트래블 울 티셔츠
3608393869111,Simond 500 Extend 40-60 L Duffel Bag V2,Simond 500 Extend 40-60 Duffel Bag V2,Simond 500 Extend 40-60 Duffel Bag V2
3608393874726,Simond 500 Extend 30-40 L Duffel Bag,Simond 500 Extend 30-40 Duffel Bag,Simond 500 Extend 30-40 Duffel Bag
3608393906991,SIMOND Women's Travel 500 Merino Wool T-Shirt,SIMOND 500 T-shirt Mérinos Voyage Laine Femme,SIMOND 500 여성용 메리노 트래블 울 티셔츠
3608393907806,SIMOND Women's Travel 500 Merino Wool T-Shirt,SIMOND 500 T-shirt Mérinos Voyage Laine Femme,SIMOND 500 여성용 메리노 트래블 울 티셔츠
3608393907813,SIMOND Women's Travel 500 Merino Wool T-Shirt,SIMOND 500 T-shirt Mérinos Voyage Laine Femme,SIMOND 500 여성용 메리노 트래블 울 티셔츠
3608393907820,SIMOND Women's Travel 500 Merino Wool T-Shirt,SIMOND 500 T-shirt Mérinos Voyage Laine Femme,SIMOND 500 여성용 메리노 트래블 울 티셔츠
3608393907837,SIMOND Women's Travel 500 Merino Wool T-Shirt,SIMOND 500 T-shirt Mérinos Voyage Laine Femme,SIMOND 500 여성용 메리노 트래블 울 티셔츠
3608393907844,SIMOND Women's Travel 500 Merino Wool T-Shirt,SIMOND 500 T-shirt Mérinos Voyage Laine Femme,SIMOND 500 여성용 메리노 트래블 울 티셔츠
3608393922243,Kiprun Kipride Max Men's Running Shoes,Kiprun Kipride Chaussures de Running Max Homme,Kiprun Kipride 남성용 러닝 맥스 신발
3608393922250,Kiprun Kipride Max Men's Running Shoes,Kiprun Kipride Chaussures de Running Max Homme,Kiprun Kipride 남성용 러닝 맥스 신발
3608393922267,Kiprun Kipride Max Men's Running Shoes,Kiprun Kipride Chaussures de Running Max Homme,Kiprun Kipride 남성용 러닝 맥스 신발
3608393922274,Kiprun Kipride Max Men's Running Shoes,Kiprun Kipride Chaussures de Running Max Homme,Kiprun Kipride 남성용 러닝 맥스 신발
3608393923875,Kiprun Kipride Max Men's Running Shoes,Kiprun Kipride Chaussures de Running Max Homme,Kiprun Kipride 남성용 러닝 맥스 신발
3608393923882,Kiprun Kipride Max Men's Running Shoes,Kiprun Kipride Chaussures de Running Max Homme,Kiprun Kipride 남성용 러닝 맥스 신발
3608393923899,Kiprun Kipride Max Men's Running Shoes,Kiprun Kipride Chaussures de Running Max Homme,Kiprun Kipride 남성용 러닝 맥스 신발
3608393924308,Kiprun Kipride Max Men's Running Shoes,Kiprun Kipride Chaussures de Running Max Homme,Kiprun Kipride 남성용 러닝 맥스 신발
3608393924315,Kiprun Kipride Max Men's Running Shoes,Kiprun Kipride Chaussures de Running Max Homme,Kiprun Kipride 남성용 러닝 맥스 신발
3608393924322,Kiprun Kipride Max Men's Running Shoes,Kiprun Kipride Chaussures de Running Max Homme,Kiprun Kipride 남성용 러닝 맥스 신발
3608393924339,Kiprun Kipride Max Men's Running Shoes,Kiprun Kipride Chaussures de Running Max Homme,Kiprun Kipride 남성용 러닝 맥스 신발
3608393924346,Kiprun Kipride Max Men's Running Shoes,Kiprun Kipride Chaussures de Running Max Homme,Kiprun Kipride 남성용 러닝 맥스 신발
3608393925114,Kiprun Kipride Max Men's Running Shoes,Kiprun Kipride Chaussures de Running Max Homme,Kiprun Kipride 남성용 러닝 맥스 신발
3608393925138,Kiprun Kipride Max Men's Running Shoes,Kiprun Kipride Chaussures de Running Max Homme,Kiprun Kipride 남성용 러닝 맥스 신발
3608393925145,Kiprun Kipride Max Men's Running Shoes,Kiprun Kipride Chaussures de Running Max Homme,Kiprun Kipride 남성용 러닝 맥스 신발
3608393925152,Kiprun Kipride Max Men's Running Shoes,Kiprun Kipride Chaussures de Running Max Homme,Kiprun Kipride 남성용 러닝 맥스 신발
3608393925169,Kiprun Kipride Max Men's Running Shoes,Kiprun Kipride Chaussures de Running Max Homme,Kiprun Kipride 남성용 러닝 맥스 신발
3608393925176,Kiprun Kipride Max Men's Running Shoes,Kiprun Kipride Chaussures de Running Max Homme,Kiprun Kipride 남성용 러닝 맥스 신발
3608393936325,Kiprun Kipride Max Women's Running Shoes,Kiprun Kipride Chaussures de Running Max Femme,Kiprun Kipride 여성용 러닝 맥스 신발
3608393936332,Kiprun Kipride Max Women's Running Shoes,Kiprun Kipride Chaussures de Running Max Femme,Kiprun Kipride 여성용 러닝 맥스 신발
3608393936349,Kiprun Kipride Max Women's Running Shoes,Kiprun Kipride Chaussures de Running Max Femme,Kiprun Kipride 여성용 러닝 맥스 신발
3608393936356,Kiprun Kipride Max Women's Running Shoes,Kiprun Kipride Chaussures de Running Max Femme,Kiprun Kipride 여성용 러닝 맥스 신발
3608393936363,Kiprun Kipride Max Women's Running Shoes,Kiprun Kipride Chaussures de Running Max Femme,Kiprun Kipride 여성용 러닝 맥스 신발
3608393936370,Kiprun Kipride Max Women's Running Shoes,Kiprun Kipride Chaussures de Running Max Femme,Kiprun Kipride 여성용 러닝 맥스 신발
3608393936387,Kiprun Kipride Max Women's Running Shoes,Kiprun Kipride Chaussures de Running Max Femme,Kiprun Kipride 여성용 러닝 맥스 신발
3608393936622,Kiprun Kipride Max Women's Running Shoes,Kiprun Kipride Chaussures de Running Max Femme,Kiprun Kipride 여성용 러닝 맥스 신발
3608393936639,Kiprun Kipride Max Women's Running Shoes,Kiprun Kipride Chaussures de Running Max Femme,Kiprun Kipride 여성용 러닝 맥스 신발
3608393936646,Kiprun Kipride Max Women's Running Shoes,Kiprun Kipride Chaussures de Running Max Femme,Kiprun Kipride 여성용 러닝 맥스 신발
3608393936653,Kiprun Kipride Max Women's Running Shoes,Kiprun Kipride Chaussures de Running Max Femme,Kiprun Kipride 여성용 러닝 맥스 신발
3608393936660,Kiprun Kipride Max Women's Running Shoes,Kiprun Kipride Chaussures de Running Max Femme,Kiprun Kipride 여성용 러닝 맥스 신발
3608393936677,Kiprun Kipride Max Women's Running Shoes,Kiprun Kipride Chaussures de Running Max Femme,Kiprun Kipride 여성용 러닝 맥스 신발
3608393936684,Kiprun Kipride Max Women's Running Shoes,Kiprun Kipride Chaussures de Running Max Femme,Kiprun Kipride 여성용 러닝 맥스 신발
3608393962256,Kiprun Kipstorm Tempo Men's Running Shoes,Kiprun Kipstorm Tempo Chaussures de Running Homme,Kiprun Kipstorm Tempo 남성용 러닝 신발
3608393962263,Kiprun Kipstorm Tempo Men's Running Shoes,Kiprun Kipstorm Tempo Chaussures de Running Homme,Kiprun Kipstorm Tempo 남성용 러닝 신발
3608393962287,Kiprun Kipstorm Tempo Men's Running Shoes,Kiprun Kipstorm Tempo Chaussures de Running Homme,Kiprun Kipstorm Tempo 남성용 러닝 신발
3608393962294,Kiprun Kipstorm Tempo Men's Running Shoes,Kiprun Kipstorm Tempo Chaussures de Running Homme,Kiprun Kipstorm Tempo 남성용 러닝 신발
3608393962607,Kiprun Kipstorm Tempo Men's Running Shoes,Kiprun Kipstorm Tempo Chaussures de Running Homme,Kiprun Kipstorm Tempo 남성용 러닝 신발
3608393962614,Kiprun Kipstorm Tempo Men's Running Shoes,Kiprun Kipstorm Tempo Chaussures de Running Homme,Kiprun Kipstorm Tempo 남성용 러닝 신발
3608393962621,Kiprun Kipstorm Tempo Men's Running Shoes,Kiprun Kipstorm Tempo Chaussures de Running Homme,Kiprun Kipstorm Tempo 남성용 러닝 신발
3608393962638,Kiprun Kipstorm Tempo Men's Running Shoes,Kiprun Kipstorm Tempo Chaussures de Running Homme,Kiprun Kipstorm Tempo 남성용 러닝 신발
3608393962652,Kiprun Kipstorm Tempo Men's Running Shoes,Kiprun Kipstorm Tempo Chaussures de Running Homme,Kiprun Kipstorm Tempo 남성용 러닝 신발
3608393962935,Kiprun Kipstorm Tempo Women's Running Shoes,Kiprun Kipstorm Tempo Chaussures de Running Femme,Kiprun Kipstorm Tempo 여성용 러닝 신발
3608393962942,Kiprun Kipstorm Tempo Women's Running Shoes,Kiprun Kipstorm Tempo Chaussures de Running Femme,Kiprun Kipstorm Tempo 여성용 러닝 신발
3608393962959,Kiprun Kipstorm Tempo Women's Running Shoes,Kiprun Kipstorm Tempo Chaussures de Running Femme,Kiprun Kipstorm Tempo 여성용 러닝 신발
3608393962966,Kiprun Kipstorm Tempo Women's Running Shoes,Kiprun Kipstorm Tempo Chaussures de Running Femme,Kiprun Kipstorm Tempo 여성용 러닝 신발
3608393962973,Kiprun Kipstorm Tempo Women's Running Shoes,Kiprun Kipstorm Tempo Chaussures de Running Femme,Kiprun Kipstorm Tempo 여성용 러닝 신발
3608393962980,Kiprun Kipstorm Tempo Women's Running Shoes,Kiprun Kipstorm Tempo Chaussures de Running Femme,Kiprun Kipstorm Tempo 여성용 러닝 신발
3608393962997,Kiprun Kipstorm Tempo Women's Running Shoes,Kiprun Kipstorm Tempo Chaussures de Running Femme,Kiprun Kipstorm Tempo 여성용 러닝 신발
3608393970473,Kiprun Kipstorm Elite Men's Carbon Plate Running Shoes,Kiprun Kipstorm Elite Chaussures Plaque carbone de Running Homme,Kiprun Kipstorm Elite 남성용 카본 플레이트 러닝 신발
3608393970497,Kiprun Kipstorm Elite Men's Carbon Plate Running Shoes,Kiprun Kipstorm Elite Chaussures Plaque carbone de Running Homme,Kiprun Kipstorm Elite 남성용 카본 플레이트 러닝 신발
3608393971418,Kiprun Kipstorm Elite Women's Carbon Plate Running Shoes,Kiprun Kipstorm Elite Chaussures Plaque carbone de Running Femme,Kiprun Kipstorm Elite 여성용 카본 플레이트 러닝 신발
3608393971425,Kiprun Kipstorm Elite Women's Carbon Plate Running Shoes,Kiprun Kipstorm Elite Chaussures Plaque carbone de Running Femme,Kiprun Kipstorm Elite 여성용 카본 플레이트 러닝 신발
3608393971432,Kiprun Kipstorm Elite Women's Carbon Plate Running Shoes,Kiprun Kipstorm Elite Chaussures Plaque carbone de Running Femme,Kiprun Kipstorm Elite 여성용 카본 플레이트 러닝 신발
3608393971449,Kiprun Kipstorm Elite Women's Carbon Plate Running Shoes,Kiprun Kipstorm Elite Chaussures Plaque carbone de Running Femme,Kiprun Kipstorm Elite 여성용 카본 플레이트 러닝 신발
3608393971456,Kiprun Kipstorm Elite Women's Carbon Plate Running Shoes,Kiprun Kipstorm Elite Chaussures Plaque carbone de Running Femme,Kiprun Kipstorm Elite 여성용 카본 플레이트 러닝 신발
3608393971463,Kiprun Kipstorm Elite Women's Carbon Plate Running Shoes,Kiprun Kipstorm Elite Chaussures Plaque carbone de Running Femme,Kiprun Kipstorm Elite 여성용 카본 플레이트 러닝 신발
3608393971470,Kiprun Kipstorm Elite Women's Carbon Plate Running Shoes,Kiprun Kipstorm Elite Chaussures Plaque carbone de Running Femme,Kiprun Kipstorm Elite 여성용 카본 플레이트 러닝 신발
3608393971616,Kiprun Kipstorm Elite Men's Carbon Plate Running Shoes,Kiprun Kipstorm Elite Chaussures Plaque carbone de Running Homme,Kiprun Kipstorm Elite 남성용 카본 플레이트 러닝 신발
3608393971623,Kiprun Kipstorm Elite Men's Carbon Plate Running Shoes,Kiprun Kipstorm Elite Chaussures Plaque carbone de Running Homme,Kiprun Kipstorm Elite 남성용 카본 플레이트 러닝 신발
3608393971630,Kiprun Kipstorm Elite Men's Carbon Plate Running Shoes,Kiprun Kipstorm Elite Chaussures Plaque carbone de Running Homme,Kiprun Kipstorm Elite 남성용 카본 플레이트 러닝 신발
3608393971647,Kiprun Kipstorm Elite Men's Carbon Plate Running Shoes,Kiprun Kipstorm Elite Chaussures Plaque carbone de Running Homme,Kiprun Kipstorm Elite 남성용 카본 플레이트 러닝 신발
3608393971654,Kiprun Kipstorm Elite Men's Carbon Plate Running Shoes,Kiprun Kipstorm Elite Chaussures Plaque carbone de Running Homme,Kiprun Kipstorm Elite 남성용 카본 플레이트 러닝 신발
3608393971661,Kiprun Kipstorm Elite Men's Carbon Plate Running Shoes,Kiprun Kipstorm Elite Chaussures Plaque carbone de Running Homme,Kiprun Kipstorm Elite 남성용 카본 플레이트 러닝 신발
3608393981189,Simond Men's MT900 Hooded Down Puffer Jacket,Simond MT900 Doudoune à Capuche Duvet Homme,Simond MT900 남성용 후드 다운 패딩 재킷
3608393981196,Simond Men's MT900 Hooded Down Puffer Jacket,Simond MT900 Doudoune à Capuche Duvet Homme,Simond MT900 남성용 후드 다운 패딩 재킷
3608393981202,Simond Men's MT900 Hooded Down Puffer Jacket,Simond MT900 Doudoune à Capuche Duvet Homme,Simond MT900 남성용 후드 다운 패딩 재킷
3608393981219,Simond Men's MT900 Hooded Down Puffer Jacket,Simond MT900 Doudoune à Capuche Duvet Homme,Simond MT900 남성용 후드 다운 패딩 재킷
3608393981226,Simond Men's MT900 Hooded Down Puffer Jacket,Simond MT900 Doudoune à Capuche Duvet Homme,Simond MT900 남성용 후드 다운 패딩 재킷
3608393981233,Simond Men's MT900 Hooded Down Puffer Jacket,Simond MT900 Doudoune à Capuche Duvet Homme,Simond MT900 남성용 후드 다운 패딩 재킷
3608393990051,Kiprun Kipsummit Max Men's Trail Running Shoes,Kiprun Kipsummit Chaussures de Running Trail Max Homme,Kiprun Kipsummit 남성용 러닝 트레일 맥스 신발
3608393999986,Quechua Men’s NH500 Water-Repellent Snow Hiking Pants,Quechua ’s NH500 Pantalon Déperlant de Randonnée Neige Homme,Quechua ’s NH500 남성용 발수 등산 스노우 바지
3608394017689,Kiprun Kipstorm Lab Unisex Carbon Plate Running Shoes,Kiprun Kipstorm Lab Chaussures Plaque carbone de Running Mixte,Kiprun Kipstorm Lab 남녀공용 카본 플레이트 러닝 신발
3608394075450,Quechua Women's NH500 Water-Repellent Snow Hiking Pants,Quechua NH500 Pantalon Déperlant de Randonnée Neige Femme,Quechua NH500 여성용 발수 등산 스노우 바지
3608394075474,Quechua Women's NH500 Water-Repellent Snow Hiking Pants,Quechua NH500 Pantalon Déperlant de Randonnée Neige Femme,Quechua NH500 여성용 발수 등산 스노우 바지
3608394075481,Quechua Women's NH500 Water-Repellent Snow Hiking Pants,Quechua NH500 Pantalon Déperlant de Randonnée Neige Femme,Quechua NH500 여성용 발수 등산 스노우 바지
3608394075498,Quechua Women's NH500 Water-Repellent Snow Hiking Pants,Quechua NH500 Pantalon Déperlant de Randonnée Neige Femme,Quechua NH500 여성용 발수 등산 스노우 바지
3608394075504,Quechua Women's NH500 Water-Repellent Snow Hiking Pants,Quechua NH500 Pantalon Déperlant de Randonnée Neige Femme,Quechua NH500 여성용 발수 등산 스노우 바지
3608394075511,Quechua Women's NH500 Water-Repellent Snow Hiking Pants,Quechua NH500 Pantalon Déperlant de Randonnée Neige Femme,Quechua NH500 여성용 발수 등산 스노우 바지
3608394075528,Quechua Women's NH500 Water-Repellent Snow Hiking Pants,Quechua NH500 Pantalon Déperlant de Randonnée Neige Femme,Quechua NH500 여성용 발수 등산 스노우 바지
3608394088139,Van Rysel 2026 RCR-R Decathlon CMA CGM Replica Team Jersey,Van Rysel 2026 RCR-R Decathlon CMA CGM Replica Team Maillot,Van Rysel 2026 RCR-R Decathlon CMA CGM Replica Team 저지
3608394088146,Van Rysel 2026 RCR-R Decathlon CMA CGM Replica Team Jersey,Van Rysel 2026 RCR-R Decathlon CMA CGM Replica Team Maillot,Van Rysel 2026 RCR-R Decathlon CMA CGM Replica Team 저지
3608394088153,Van Rysel 2026 RCR-R Decathlon CMA CGM Replica Team Jersey,Van Rysel 2026 RCR-R Decathlon CMA CGM Replica Team Maillot,Van Rysel 2026 RCR-R Decathlon CMA CGM Replica Team 저지
3608394088160,Van Rysel 2026 RCR-R Decathlon CMA CGM Replica Team Jersey,Van Rysel 2026 RCR-R Decathlon CMA CGM Replica Team Maillot,Van Rysel 2026 RCR-R Decathlon CMA CGM Replica Team 저지
3608394088177,Van Rysel 2026 RCR-R Decathlon CMA CGM Replica Team Jersey,Van Rysel 2026 RCR-R Decathlon CMA CGM Replica Team Maillot,Van Rysel 2026 RCR-R Decathlon CMA CGM Replica Team 저지
3608394088931,Kiprun Kipsummit Race Men's Carbon Plate Trail Running Shoes,Kiprun Kipsummit Race Chaussures Plaque carbone de Running Trail Homme,Kiprun Kipsummit Race 남성용 카본 플레이트 러닝 트레일 신발
3608394088948,Kiprun Kipsummit Race Men's Carbon Plate Trail Running Shoes,Kiprun Kipsummit Race Chaussures Plaque carbone de Running Trail Homme,Kiprun Kipsummit Race 남성용 카본 플레이트 러닝 트레일 신발
3608394088955,Kiprun Kipsummit Race Men's Carbon Plate Trail Running Shoes,Kiprun Kipsummit Race Chaussures Plaque carbone de Running Trail Homme,Kiprun Kipsummit Race 남성용 카본 플레이트 러닝 트레일 신발
3608394088979,Kiprun Kipsummit Race Men's Carbon Plate Trail Running Shoes,Kiprun Kipsummit Race Chaussures Plaque carbone de Running Trail Homme,Kiprun Kipsummit Race 남성용 카본 플레이트 러닝 트레일 신발
3608394088993,Kiprun Kipsummit Race Men's Carbon Plate Trail Running Shoes,Kiprun Kipsummit Race Chaussures Plaque carbone de Running Trail Homme,Kiprun Kipsummit Race 남성용 카본 플레이트 러닝 트레일 신발
3608394089648,Kiprun Kipsummit Race Women's Carbon Plate Trail Running Shoes,Kiprun Kipsummit Race Chaussures Plaque carbone de Running Trail Femme,Kiprun Kipsummit Race 여성용 카본 플레이트 러닝 트레일 신발
3608394089655,Kiprun Kipsummit Race Women's Carbon Plate Trail Running Shoes,Kiprun Kipsummit Race Chaussures Plaque carbone de Running Trail Femme,Kiprun Kipsummit Race 여성용 카본 플레이트 러닝 트레일 신발
3608394089662,Kiprun Kipsummit Race Women's Carbon Plate Trail Running Shoes,Kiprun Kipsummit Race Chaussures Plaque carbone de Running Trail Femme,Kiprun Kipsummit Race 여성용 카본 플레이트 러닝 트레일 신발
3608394089679,Kiprun Kipsummit Race Women's Carbon Plate Trail Running Shoes,Kiprun Kipsummit Race Chaussures Plaque carbone de Running Trail Femme,Kiprun Kipsummit Race 여성용 카본 플레이트 러닝 트레일 신발
3608394089686,Kiprun Kipsummit Race Women's Carbon Plate Trail Running Shoes,Kiprun Kipsummit Race Chaussures Plaque carbone de Running Trail Femme,Kiprun Kipsummit Race 여성용 카본 플레이트 러닝 트레일 신발
3608394089693,Kiprun Kipsummit Race Women's Carbon Plate Trail Running Shoes,Kiprun Kipsummit Race Chaussures Plaque carbone de Running Trail Femme,Kiprun Kipsummit Race 여성용 카본 플레이트 러닝 트레일 신발
3608394089709,Kiprun Kipsummit Race Men's Carbon Plate Trail Running Shoes,Kiprun Kipsummit Race Chaussures Plaque carbone de Running Trail Homme,Kiprun Kipsummit Race 남성용 카본 플레이트 러닝 트레일 신발
3608394089716,Kiprun Kipsummit Race Men's Carbon Plate Trail Running Shoes,Kiprun Kipsummit Race Chaussures Plaque carbone de Running Trail Homme,Kiprun Kipsummit Race 남성용 카본 플레이트 러닝 트레일 신발
3608394089723,Kiprun Kipsummit Race Men's Carbon Plate Trail Running Shoes,Kiprun Kipsummit Race Chaussures Plaque carbone de Running Trail Homme,Kiprun Kipsummit Race 남성용 카본 플레이트 러닝 트레일 신발
3608394089907,Kiprun Kipsummit Race Women's Carbon Plate Trail Running Shoes,Kiprun Kipsummit Race Chaussures Plaque carbone de Running Trail Femme,Kiprun Kipsummit Race 여성용 카본 플레이트 러닝 트레일 신발
3608394089914,Kiprun Kipsummit Race Women's Carbon Plate Trail Running Shoes,Kiprun Kipsummit Race Chaussures Plaque carbone de Running Trail Femme,Kiprun Kipsummit Race 여성용 카본 플레이트 러닝 트레일 신발
3608394089921,Kiprun Kipsummit Race Women's Carbon Plate Trail Running Shoes,Kiprun Kipsummit Race Chaussures Plaque carbone de Running Trail Femme,Kiprun Kipsummit Race 여성용 카본 플레이트 러닝 트레일 신발
3608394089938,Kiprun Kipsummit Race Women's Carbon Plate Trail Running Shoes,Kiprun Kipsummit Race Chaussures Plaque carbone de Running Trail Femme,Kiprun Kipsummit Race 여성용 카본 플레이트 러닝 트레일 신발
3608394133921,Kiprun Kipride Max Men's Running Shoes,Kiprun Kipride Chaussures de Running Max Homme,Kiprun Kipride 남성용 러닝 맥스 신발
3608394133938,Kiprun Kipride Max Men's Running Shoes,Kiprun Kipride Chaussures de Running Max Homme,Kiprun Kipride 남성용 러닝 맥스 신발
3608394135284,Kiprun Kipride Max Men's Running Shoes,Kiprun Kipride Chaussures de Running Max Homme,Kiprun Kipride 남성용 러닝 맥스 신발
3608394135345,Kiprun Kipride Max Men's Running Shoes,Kiprun Kipride Chaussures de Running Max Homme,Kiprun Kipride 남성용 러닝 맥스 신발
3608394135376,Kiprun Kipride Max Women's Running Shoes,Kiprun Kipride Chaussures de Running Max Femme,Kiprun Kipride 여성용 러닝 맥스 신발
3608394135383,Kiprun Kipride Max Women's Running Shoes,Kiprun Kipride Chaussures de Running Max Femme,Kiprun Kipride 여성용 러닝 맥스 신발
3608394135390,Kiprun Kipride Max Women's Running Shoes,Kiprun Kipride Chaussures de Running Max Femme,Kiprun Kipride 여성용 러닝 맥스 신발
3608394136366,Kiprun Kipride Max Women's Running Shoes,Kiprun Kipride Chaussures de Running Max Femme,Kiprun Kipride 여성용 러닝 맥스 신발
3608394136373,Kiprun Kipride Max Women's Running Shoes,Kiprun Kipride Chaussures de Running Max Femme,Kiprun Kipride 여성용 러닝 맥스 신발
3608394136380,Kiprun Kipride Max Women's Running Shoes,Kiprun Kipride Chaussures de Running Max Femme,Kiprun Kipride 여성용 러닝 맥스 신발
3608394137073,Kiprun Kipstorm Tempo Men's Running Shoes,Kiprun Kipstorm Tempo Chaussures de Running Homme,Kiprun Kipstorm Tempo 남성용 러닝 신발
3608394137080,Kiprun Kipstorm Tempo Men's Running Shoes,Kiprun Kipstorm Tempo Chaussures de Running Homme,Kiprun Kipstorm Tempo 남성용 러닝 신발
3608394137431,Kiprun Kipstorm Tempo Women's Running Shoes,Kiprun Kipstorm Tempo Chaussures de Running Femme,Kiprun Kipstorm Tempo 여성용 러닝 신발
3608394137448,Kiprun Kipstorm Tempo Women's Running Shoes,Kiprun Kipstorm Tempo Chaussures de Running Femme,Kiprun Kipstorm Tempo 여성용 러닝 신발
3608394137455,Kiprun Kipstorm Tempo Women's Running Shoes,Kiprun Kipstorm Tempo Chaussures de Running Femme,Kiprun Kipstorm Tempo 여성용 러닝 신발
3608394137691,Kiprun Kipstorm Elite Women's Carbon Plate Running Shoes,Kiprun Kipstorm Elite Chaussures Plaque carbone de Running Femme,Kiprun Kipstorm Elite 여성용 카본 플레이트 러닝 신발
3608394138636,Kiprun Kipstorm Elite Men's Carbon Plate Running Shoes,Kiprun Kipstorm Elite Chaussures Plaque carbone de Running Homme,Kiprun Kipstorm Elite 남성용 카본 플레이트 러닝 신발
3608394138643,Kiprun Kipstorm Elite Men's Carbon Plate Running Shoes,Kiprun Kipstorm Elite Chaussures Plaque carbone de Running Homme,Kiprun Kipstorm Elite 남성용 카본 플레이트 러닝 신발
3608394138650,Kiprun Kipstorm Elite Men's Carbon Plate Running Shoes,Kiprun Kipstorm Elite Chaussures Plaque carbone de Running Homme,Kiprun Kipstorm Elite 남성용 카본 플레이트 러닝 신발
3608394138902,Kiprun Kipstorm Elite Women's Carbon Plate Running Shoes,Kiprun Kipstorm Elite Chaussures Plaque carbone de Running Femme,Kiprun Kipstorm Elite 여성용 카본 플레이트 러닝 신발
3608394138919,Kiprun Kipstorm Elite Women's Carbon Plate Running Shoes,Kiprun Kipstorm Elite Chaussures Plaque carbone de Running Femme,Kiprun Kipstorm Elite 여성용 카본 플레이트 러닝 신발
3608394272088,Quechua NH100 Easy Velcro Snowshoes,Quechua NH100 Easy Velcro Snowshoes,Quechua NH100 Easy Velcro Snowshoes
3608394272095,Quechua NH100 Easy Velcro Snowshoes,Quechua NH100 Easy Velcro Snowshoes,Quechua NH100 Easy Velcro Snowshoes
3608394353374,Kiprun Kipride Men's Running Shoes,Kiprun Kipride Chaussures de Running Homme,Kiprun Kipride 남성용 러닝 신발
3608394353381,Kiprun Kipride Men's Running Shoes,Kiprun Kipride Chaussures de Running Homme,Kiprun Kipride 남성용 러닝 신발
3608394353398,Kiprun Kipride Men's Running Shoes,Kiprun Kipride Chaussures de Running Homme,Kiprun Kipride 남성용 러닝 신발
3608394353404,Kiprun Kipride Men's Running Shoes,Kiprun Kipride Chaussures de Running Homme,Kiprun Kipride 남성용 러닝 신발
3608394353428,Kiprun Kipride Men's Running Shoes,Kiprun Kipride Chaussures de Running Homme,Kiprun Kipride 남성용 러닝 신발
3608394353442,Kiprun Kipride Men's Running Shoes,Kiprun Kipride Chaussures de Running Homme,Kiprun Kipride 남성용 러닝 신발
3608394353459,Kiprun Kipride Men's Running Shoes,Kiprun Kipride Chaussures de Running Homme,Kiprun Kipride 남성용 러닝 신발
3608394353466,Kiprun Kipride Men's Running Shoes,Kiprun Kipride Chaussures de Running Homme,Kiprun Kipride 남성용 러닝 신발
3608394353473,Kiprun Kipride Men's Running Shoes,Kiprun Kipride Chaussures de Running Homme,Kiprun Kipride 남성용 러닝 신발
3608394353480,Kiprun Kipride Men's Running Shoes,Kiprun Kipride Chaussures de Running Homme,Kiprun Kipride 남성용 러닝 신발
3608394353497,Kiprun Kipride Men's Running Shoes,Kiprun Kipride Chaussures de Running Homme,Kiprun Kipride 남성용 러닝 신발
3608394354098,Kiprun Kipride Women's Running Shoes,Kiprun Kipride Chaussures de Running Femme,Kiprun Kipride 여성용 러닝 신발
3608394354159,Simond Women's MT500 AIR 55+10L Backpacking Pack,Simond MT500 AIR 55+10L Pack Trekking Femme,Simond MT500 AIR 55+10L Pack 여성용 백패킹
3608394355507,Kiprun Kipride Men's Running Shoes,Kiprun Kipride Chaussures de Running Homme,Kiprun Kipride 남성용 러닝 신발
3608394355514,Kiprun Kipride Men's Running Shoes,Kiprun Kipride Chaussures de Running Homme,Kiprun Kipride 남성용 러닝 신발
3608394355521,Kiprun Kipride Men's Running Shoes,Kiprun Kipride Chaussures de Running Homme,Kiprun Kipride 남성용 러닝 신발
3608394355538,Kiprun Kipride Men's Running Shoes,Kiprun Kipride Chaussures de Running Homme,Kiprun Kipride 남성용 러닝 신발
3608394355552,Kiprun Kipride Men's Running Shoes,Kiprun Kipride Chaussures de Running Homme,Kiprun Kipride 남성용 러닝 신발
3608394355576,Kiprun Kipride Men's Running Shoes,Kiprun Kipride Chaussures de Running Homme,Kiprun Kipride 남성용 러닝 신발
3608394355583,Kiprun Kipride Men's Running Shoes,Kiprun Kipride Chaussures de Running Homme,Kiprun Kipride 남성용 러닝 신발
3608394355590,Kiprun Kipride Men's Running Shoes,Kiprun Kipride Chaussures de Running Homme,Kiprun Kipride 남성용 러닝 신발
3608394355606,Kiprun Kipride Men's Running Shoes,Kiprun Kipride Chaussures de Running Homme,Kiprun Kipride 남성용 러닝 신발
3608394355613,Kiprun Kipride Men's Running Shoes,Kiprun Kipride Chaussures de Running Homme,Kiprun Kipride 남성용 러닝 신발
3608394355620,Kiprun Kipride Men's Running Shoes,Kiprun Kipride Chaussures de Running Homme,Kiprun Kipride 남성용 러닝 신발
3608394355651,Kiprun Kipride Women's Running Shoes,Kiprun Kipride Chaussures de Running Femme,Kiprun Kipride 여성용 러닝 신발
3608394355668,Kiprun Kipride Women's Running Shoes,Kiprun Kipride Chaussures de Running Femme,Kiprun Kipride 여성용 러닝 신발
3608394355675,Kiprun Kipride Women's Running Shoes,Kiprun Kipride Chaussures de Running Femme,Kiprun Kipride 여성용 러닝 신발
3608394355682,Kiprun Kipride Women's Running Shoes,Kiprun Kipride Chaussures de Running Femme,Kiprun Kipride 여성용 러닝 신발
3608394355699,Kiprun Kipride Women's Running Shoes,Kiprun Kipride Chaussures de Running Femme,Kiprun Kipride 여성용 러닝 신발
3608394355705,Kiprun Kipride Women's Running Shoes,Kiprun Kipride Chaussures de Running Femme,Kiprun Kipride 여성용 러닝 신발
3608394355712,Kiprun Kipride Women's Running Shoes,Kiprun Kipride Chaussures de Running Femme,Kiprun Kipride 여성용 러닝 신발
3608394355729,Kiprun Kipride Women's Running Shoes,Kiprun Kipride Chaussures de Running Femme,Kiprun Kipride 여성용 러닝 신발
3608394355736,Kiprun Kipride Women's Running Shoes,Kiprun Kipride Chaussures de Running Femme,Kiprun Kipride 여성용 러닝 신발
3608394355743,Kiprun Kipride Women's Running Shoes,Kiprun Kipride Chaussures de Running Femme,Kiprun Kipride 여성용 러닝 신발
3608394355750,Kiprun Kipride Women's Running Shoes,Kiprun Kipride Chaussures de Running Femme,Kiprun Kipride 여성용 러닝 신발
3608394355767,Kiprun Kipride Women's Running Shoes,Kiprun Kipride Chaussures de Running Femme,Kiprun Kipride 여성용 러닝 신발
3608394355781,Kiprun Kipride Women's Running Shoes,Kiprun Kipride Chaussures de Running Femme,Kiprun Kipride 여성용 러닝 신발
3608394355798,Kiprun Kipride Women's Running Shoes,Kiprun Kipride Chaussures de Running Femme,Kiprun Kipride 여성용 러닝 신발
3608394355804,Kiprun Kipride Women's Running Shoes,Kiprun Kipride Chaussures de Running Femme,Kiprun Kipride 여성용 러닝 신발
3608394355811,Kiprun Kipride Women's Running Shoes,Kiprun Kipride Chaussures de Running Femme,Kiprun Kipride 여성용 러닝 신발
3608394355828,Kiprun Kipride Women's Running Shoes,Kiprun Kipride Chaussures de Running Femme,Kiprun Kipride 여성용 러닝 신발
3608394355842,Kiprun Kipride Women's Running Shoes,Kiprun Kipride Chaussures de Running Femme,Kiprun Kipride 여성용 러닝 신발
3608394355859,Kiprun Kipride Women's Running Shoes,Kiprun Kipride Chaussures de Running Femme,Kiprun Kipride 여성용 러닝 신발
3608394369085,Quechua 100 Arpenaz 27L Hiking Backpack,Quechua 100 Arpenaz 27L Sac à dos de Randonnée,Quechua 100 Arpenaz 27L 등산 백팩
3608394371040,Quechua 100 Arpenaz 27L Hiking Backpack,Quechua 100 Arpenaz 27L Sac à dos de Randonnée,Quechua 100 Arpenaz 27L 등산 백팩
3608394400610,Arpenaz 4.1 Fresh & Black Camping Tent - 4-person,Arpenaz 4.1 Fresh Black Camping 4-person Tente,Arpenaz 4.1 Fresh Black Camping 4-person 텐트
3608394402003,Kiprun Kipsummit Max Women's Trail Running Shoes,Kiprun Kipsummit Chaussures de Running Trail Max Femme,Kiprun Kipsummit 여성용 러닝 트레일 맥스 신발
3608394402010,Kiprun Kipsummit Max Women's Trail Running Shoes,Kiprun Kipsummit Chaussures de Running Trail Max Femme,Kiprun Kipsummit 여성용 러닝 트레일 맥스 신발
3608394402027,Kiprun Kipsummit Max Women's Trail Running Shoes,Kiprun Kipsummit Chaussures de Running Trail Max Femme,Kiprun Kipsummit 여성용 러닝 트레일 맥스 신발
3608394402034,Kiprun Kipsummit Max Women's Trail Running Shoes,Kiprun Kipsummit Chaussures de Running Trail Max Femme,Kiprun Kipsummit 여성용 러닝 트레일 맥스 신발
3608394402041,Kiprun Kipsummit Max Women's Trail Running Shoes,Kiprun Kipsummit Chaussures de Running Trail Max Femme,Kiprun Kipsummit 여성용 러닝 트레일 맥스 신발
3608394402058,Kiprun Kipsummit Max Women's Trail Running Shoes,Kiprun Kipsummit Chaussures de Running Trail Max Femme,Kiprun Kipsummit 여성용 러닝 트레일 맥스 신발
3608394402065,Kiprun Kipsummit Max Women's Trail Running Shoes,Kiprun Kipsummit Chaussures de Running Trail Max Femme,Kiprun Kipsummit 여성용 러닝 트레일 맥스 신발
3608394411487,Kiprun Kipsummit Max Men's Trail Running Shoes,Kiprun Kipsummit Chaussures de Running Trail Max Homme,Kiprun Kipsummit 남성용 러닝 트레일 맥스 신발
3608394411494,Kiprun Kipsummit Max Men's Trail Running Shoes,Kiprun Kipsummit Chaussures de Running Trail Max Homme,Kiprun Kipsummit 남성용 러닝 트레일 맥스 신발
3608394413504,Kiprun Kipsummit Max Men's Trail Running Shoes,Kiprun Kipsummit Chaussures de Running Trail Max Homme,Kiprun Kipsummit 남성용 러닝 트레일 맥스 신발
3608394413535,Kiprun Kipsummit Max Men's Trail Running Shoes,Kiprun Kipsummit Chaussures de Running Trail Max Homme,Kiprun Kipsummit 남성용 러닝 트레일 맥스 신발
3608394413542,Kiprun Kipsummit Max Men's Trail Running Shoes,Kiprun Kipsummit Chaussures de Running Trail Max Homme,Kiprun Kipsummit 남성용 러닝 트레일 맥스 신발
3608394413559,Kiprun Kipsummit Max Men's Trail Running Shoes,Kiprun Kipsummit Chaussures de Running Trail Max Homme,Kiprun Kipsummit 남성용 러닝 트레일 맥스 신발
3608394413566,Kiprun Kipsummit Max Men's Trail Running Shoes,Kiprun Kipsummit Chaussures de Running Trail Max Homme,Kiprun Kipsummit 남성용 러닝 트레일 맥스 신발
3608394413573,Kiprun Kipsummit Max Men's Trail Running Shoes,Kiprun Kipsummit Chaussures de Running Trail Max Homme,Kiprun Kipsummit 남성용 러닝 트레일 맥스 신발
3608394470422,2 SECONDS EASY Fresh and Black - 3 Person,2 SECONDS EASY Fresh and Black 3 Person,2 SECONDS EASY Fresh and Black 3 Person
3608394509726,Kiprun Kipsummit Men's Trail Running Shoes,Kiprun Kipsummit Chaussures de Running Trail Homme,Kiprun Kipsummit 남성용 러닝 트레일 신발
3608394509733,Kiprun Kipsummit Men's Trail Running Shoes,Kiprun Kipsummit Chaussures de Running Trail Homme,Kiprun Kipsummit 남성용 러닝 트레일 신발
3608394510180,Kiprun Kipsummit Race Men's Carbon Plate Trail Running Shoes,Kiprun Kipsummit Race Chaussures Plaque carbone de Running Trail Homme,Kiprun Kipsummit Race 남성용 카본 플레이트 러닝 트레일 신발
3608394510197,Kiprun Kipsummit Race Men's Carbon Plate Trail Running Shoes,Kiprun Kipsummit Race Chaussures Plaque carbone de Running Trail Homme,Kiprun Kipsummit Race 남성용 카본 플레이트 러닝 트레일 신발
3608394510371,Kiprun Kipsummit Men's Trail Running Shoes,Kiprun Kipsummit Chaussures de Running Trail Homme,Kiprun Kipsummit 남성용 러닝 트레일 신발
3608394510388,Kiprun Kipsummit Men's Trail Running Shoes,Kiprun Kipsummit Chaussures de Running Trail Homme,Kiprun Kipsummit 남성용 러닝 트레일 신발
3608394510548,Kiprun Kipsummit Max Men's Trail Running Shoes,Kiprun Kipsummit Chaussures de Running Trail Max Homme,Kiprun Kipsummit 남성용 러닝 트레일 맥스 신발
3608394510555,Kiprun Kipsummit Max Men's Trail Running Shoes,Kiprun Kipsummit Chaussures de Running Trail Max Homme,Kiprun Kipsummit 남성용 러닝 트레일 맥스 신발
3608394510579,Kiprun Kipsummit Max Women's Trail Running Shoes,Kiprun Kipsummit Chaussures de Running Trail Max Femme,Kiprun Kipsummit 여성용 러닝 트레일 맥스 신발
3608394510586,Kiprun Kipsummit Max Women's Trail Running Shoes,Kiprun Kipsummit Chaussures de Running Trail Max Femme,Kiprun Kipsummit 여성용 러닝 트레일 맥스 신발
3608394510593,Kiprun Kipsummit Max Women's Trail Running Shoes,Kiprun Kipsummit Chaussures de Running Trail Max Femme,Kiprun Kipsummit 여성용 러닝 트레일 맥스 신발
3608394510623,Kiprun Kipsummit Women's Trail Running Shoes,Kiprun Kipsummit Chaussures de Running Trail Femme,Kiprun Kipsummit 여성용 러닝 트레일 신발
3608394510630,Kiprun Kipsummit Women's Trail Running Shoes,Kiprun Kipsummit Chaussures de Running Trail Femme,Kiprun Kipsummit 여성용 러닝 트레일 신발
3608394510647,Kiprun Kipsummit Women's Trail Running Shoes,Kiprun Kipsummit Chaussures de Running Trail Femme,Kiprun Kipsummit 여성용 러닝 트레일 신발
3608394552043,Kiprun Kipstorm Tempo Men's Running Shoes,Kiprun Kipstorm Tempo Chaussures de Running Homme,Kiprun Kipstorm Tempo 남성용 러닝 신발
3608394552050,Kiprun Kipstorm Tempo Men's Running Shoes,Kiprun Kipstorm Tempo Chaussures de Running Homme,Kiprun Kipstorm Tempo 남성용 러닝 신발
3608394552067,Kiprun Kipstorm Tempo Men's Running Shoes,Kiprun Kipstorm Tempo Chaussures de Running Homme,Kiprun Kipstorm Tempo 남성용 러닝 신발
3608394552074,Kiprun Kipstorm Tempo Men's Running Shoes,Kiprun Kipstorm Tempo Chaussures de Running Homme,Kiprun Kipstorm Tempo 남성용 러닝 신발
3608394552098,Kiprun Kipstorm Tempo Men's Running Shoes,Kiprun Kipstorm Tempo Chaussures de Running Homme,Kiprun Kipstorm Tempo 남성용 러닝 신발
3608394552814,Kiprun Kipstorm Tempo Men's Running Shoes,Kiprun Kipstorm Tempo Chaussures de Running Homme,Kiprun Kipstorm Tempo 남성용 러닝 신발
3608394552821,Kiprun Kipstorm Tempo Men's Running Shoes,Kiprun Kipstorm Tempo Chaussures de Running Homme,Kiprun Kipstorm Tempo 남성용 러닝 신발
3608394552838,Kiprun Kipstorm Tempo Men's Running Shoes,Kiprun Kipstorm Tempo Chaussures de Running Homme,Kiprun Kipstorm Tempo 남성용 러닝 신발
3608394552845,Kiprun Kipstorm Tempo Men's Running Shoes,Kiprun Kipstorm Tempo Chaussures de Running Homme,Kiprun Kipstorm Tempo 남성용 러닝 신발
3608394552883,Kiprun Kipstorm Tempo Men's Running Shoes,Kiprun Kipstorm Tempo Chaussures de Running Homme,Kiprun Kipstorm Tempo 남성용 러닝 신발
3608394552890,Kiprun Kipstorm Tempo Men's Running Shoes,Kiprun Kipstorm Tempo Chaussures de Running Homme,Kiprun Kipstorm Tempo 남성용 러닝 신발
3608394571983,Kiprun Kipsummit Men's Trail Running Shoes,Kiprun Kipsummit Chaussures de Running Trail Homme,Kiprun Kipsummit 남성용 러닝 트레일 신발
3608394571990,Kiprun Kipsummit Men's Trail Running Shoes,Kiprun Kipsummit Chaussures de Running Trail Homme,Kiprun Kipsummit 남성용 러닝 트레일 신발
3608394572881,Kiprun Kipsummit Women's Trail Running Shoes,Kiprun Kipsummit Chaussures de Running Trail Femme,Kiprun Kipsummit 여성용 러닝 트레일 신발
3608394572898,Kiprun Kipsummit Women's Trail Running Shoes,Kiprun Kipsummit Chaussures de Running Trail Femme,Kiprun Kipsummit 여성용 러닝 트레일 신발
3608394573505,Kiprun Kipsummit Women's Trail Running Shoes,Kiprun Kipsummit Chaussures de Running Trail Femme,Kiprun Kipsummit 여성용 러닝 트레일 신발
3608394573512,Kiprun Kipsummit Women's Trail Running Shoes,Kiprun Kipsummit Chaussures de Running Trail Femme,Kiprun Kipsummit 여성용 러닝 트레일 신발
3608394573529,Kiprun Kipsummit Women's Trail Running Shoes,Kiprun Kipsummit Chaussures de Running Trail Femme,Kiprun Kipsummit 여성용 러닝 트레일 신발
3608394573536,Kiprun Kipsummit Women's Trail Running Shoes,Kiprun Kipsummit Chaussures de Running Trail Femme,Kiprun Kipsummit 여성용 러닝 트레일 신발
3608394573543,Kiprun Kipsummit Women's Trail Running Shoes,Kiprun Kipsummit Chaussures de Running Trail Femme,Kiprun Kipsummit 여성용 러닝 트레일 신발
3608394573550,Kiprun Kipsummit Women's Trail Running Shoes,Kiprun Kipsummit Chaussures de Running Trail Femme,Kiprun Kipsummit 여성용 러닝 트레일 신발
3608394573567,Kiprun Kipsummit Women's Trail Running Shoes,Kiprun Kipsummit Chaussures de Running Trail Femme,Kiprun Kipsummit 여성용 러닝 트레일 신발
3608394573574,Kiprun Kipsummit Women's Trail Running Shoes,Kiprun Kipsummit Chaussures de Running Trail Femme,Kiprun Kipsummit 여성용 러닝 트레일 신발
3608394573802,Kiprun Kipsummit Men's Trail Running Shoes,Kiprun Kipsummit Chaussures de Running Trail Homme,Kiprun Kipsummit 남성용 러닝 트레일 신발
3608394573826,Kiprun Kipsummit Men's Trail Running Shoes,Kiprun Kipsummit Chaussures de Running Trail Homme,Kiprun Kipsummit 남성용 러닝 트레일 신발
3608394573833,Kiprun Kipsummit Men's Trail Running Shoes,Kiprun Kipsummit Chaussures de Running Trail Homme,Kiprun Kipsummit 남성용 러닝 트레일 신발
3608394573840,Kiprun Kipsummit Men's Trail Running Shoes,Kiprun Kipsummit Chaussures de Running Trail Homme,Kiprun Kipsummit 남성용 러닝 트레일 신발
3608394573857,Kiprun Kipsummit Men's Trail Running Shoes,Kiprun Kipsummit Chaussures de Running Trail Homme,Kiprun Kipsummit 남성용 러닝 트레일 신발
3608394573864,Kiprun Kipsummit Men's Trail Running Shoes,Kiprun Kipsummit Chaussures de Running Trail Homme,Kiprun Kipsummit 남성용 러닝 트레일 신발
3608394573871,Kiprun Kipsummit Men's Trail Running Shoes,Kiprun Kipsummit Chaussures de Running Trail Homme,Kiprun Kipsummit 남성용 러닝 트레일 신발
3608394573888,Kiprun Kipsummit Men's Trail Running Shoes,Kiprun Kipsummit Chaussures de Running Trail Homme,Kiprun Kipsummit 남성용 러닝 트레일 신발
3608394573895,Kiprun Kipsummit Max Men's Trail Running Shoes,Kiprun Kipsummit Chaussures de Running Trail Max Homme,Kiprun Kipsummit 남성용 러닝 트레일 맥스 신발
3608394574755,Kiprun Kipsummit Max Men's Trail Running Shoes,Kiprun Kipsummit Chaussures de Running Trail Max Homme,Kiprun Kipsummit 남성용 러닝 트레일 맥스 신발
3608394575073,Kiprun Kipsummit Men's Trail Running Shoes,Kiprun Kipsummit Chaussures de Running Trail Homme,Kiprun Kipsummit 남성용 러닝 트레일 신발
3608394575233,Kiprun Kipsummit Max Men's Trail Running Shoes,Kiprun Kipsummit Chaussures de Running Trail Max Homme,Kiprun Kipsummit 남성용 러닝 트레일 맥스 신발
3608394575387,Kiprun Kipsummit Men's Trail Running Shoes,Kiprun Kipsummit Chaussures de Running Trail Homme,Kiprun Kipsummit 남성용 러닝 트레일 신발
3608394575622,Kiprun Kipsummit Men's Trail Running Shoes,Kiprun Kipsummit Chaussures de Running Trail Homme,Kiprun Kipsummit 남성용 러닝 트레일 신발
3608394948259,29L Rolltop Backpack,29L Rolltop Sac à dos,29L Rolltop 백팩
3608409840172,Van Rysel Flanders Cycling Trainer Mat,Van Rysel Flanders Trainer Mat de Vélo,Van Rysel Flanders Trainer Mat 사이클
3608409844101,Van Rysel D500 Smart Trainer with Zwift Cog and Click,Van Rysel D500 Smart Trainer with Zwift Cog and Click,Van Rysel D500 Smart Trainer with Zwift Cog and Click
3608409846396,Van Rysel Men's Ultralight Waterproof Cycling Jacket,Van Rysel Ultralight Veste Imperméable de Vélo Homme,Van Rysel Ultralight 남성용 방수 사이클 재킷
3608409846402,Van Rysel Men's Ultralight Waterproof Cycling Jacket,Van Rysel Ultralight Veste Imperméable de Vélo Homme,Van Rysel Ultralight 남성용 방수 사이클 재킷
3608409846419,Van Rysel Men's Ultralight Waterproof Cycling Jacket,Van Rysel Ultralight Veste Imperméable de Vélo Homme,Van Rysel Ultralight 남성용 방수 사이클 재킷
3608409846426,Van Rysel Men's Ultralight Waterproof Cycling Jacket,Van Rysel Ultralight Veste Imperméable de Vélo Homme,Van Rysel Ultralight 남성용 방수 사이클 재킷
3608409846433,Van Rysel Men's Ultralight Waterproof Cycling Jacket,Van Rysel Ultralight Veste Imperméable de Vélo Homme,Van Rysel Ultralight 남성용 방수 사이클 재킷
3608409900951,Van Rysel Women's Ultralight Waterproof Cycling Jacket,Van Rysel Ultralight Veste Imperméable de Vélo Femme,Van Rysel Ultralight 여성용 방수 사이클 재킷
3608409900968,Van Rysel Women's Ultralight Waterproof Cycling Jacket,Van Rysel Ultralight Veste Imperméable de Vélo Femme,Van Rysel Ultralight 여성용 방수 사이클 재킷
3608409900975,Van Rysel Women's Ultralight Waterproof Cycling Jacket,Van Rysel Ultralight Veste Imperméable de Vélo Femme,Van Rysel Ultralight 여성용 방수 사이클 재킷
3608409900982,Van Rysel Women's Ultralight Waterproof Cycling Jacket,Van Rysel Ultralight Veste Imperméable de Vélo Femme,Van Rysel Ultralight 여성용 방수 사이클 재킷
3608409900999,Van Rysel Women's Ultralight Waterproof Cycling Jacket,Van Rysel Ultralight Veste Imperméable de Vélo Femme,Van Rysel Ultralight 여성용 방수 사이클 재킷
3608409910639,Van Rysel Men's Ultralight Mesh Base Layer,Van Rysel Ultralight Mesh Sous-vêtement technique Homme,Van Rysel Ultralight Mesh 남성용 베이스레이어
3608409950109,Van Rysel Men's Ultralight Mesh Base Layer,Van Rysel Ultralight Mesh Sous-vêtement technique Homme,Van Rysel Ultralight Mesh 남성용 베이스레이어
3608409950116,Van Rysel Men's Ultralight Mesh Base Layer,Van Rysel Ultralight Mesh Sous-vêtement technique Homme,Van Rysel Ultralight Mesh 남성용 베이스레이어
3608409950123,Van Rysel Men's Ultralight Mesh Base Layer,Van Rysel Ultralight Mesh Sous-vêtement technique Homme,Van Rysel Ultralight Mesh 남성용 베이스레이어
3608409950130,Van Rysel Men's Ultralight Mesh Base Layer,Van Rysel Ultralight Mesh Sous-vêtement technique Homme,Van Rysel Ultralight Mesh 남성용 베이스레이어
3608409950147,Van Rysel Men's Ultralight Mesh Base Layer,Van Rysel Ultralight Mesh Sous-vêtement technique Homme,Van Rysel Ultralight Mesh 남성용 베이스레이어
3608429644644,Kiprun Women's Run 100 Dry Running T-shirt,Kiprun Run 100 Dry T-shirt de Running Femme,Kiprun Run 100 Dry 여성용 러닝 티셔츠
3608429644668,Kiprun Women's Run 100 Dry Running T-shirt,Kiprun Run 100 Dry T-shirt de Running Femme,Kiprun Run 100 Dry 여성용 러닝 티셔츠
3608429644682,Kiprun Women's Run 100 Dry Running T-shirt,Kiprun Run 100 Dry T-shirt de Running Femme,Kiprun Run 100 Dry 여성용 러닝 티셔츠
3608429644705,Kiprun Women's Run 100 Dry Running T-shirt,Kiprun Run 100 Dry T-shirt de Running Femme,Kiprun Run 100 Dry 여성용 러닝 티셔츠
3608429644729,Kiprun Women's Run 100 Dry Running T-shirt,Kiprun Run 100 Dry T-shirt de Running Femme,Kiprun Run 100 Dry 여성용 러닝 티셔츠
3608429644743,Kiprun Women's Run 100 Dry Running T-shirt,Kiprun Run 100 Dry T-shirt de Running Femme,Kiprun Run 100 Dry 여성용 러닝 티셔츠
3608429644767,Kiprun Women's Run 100 Dry Running T-shirt,Kiprun Run 100 Dry T-shirt de Running Femme,Kiprun Run 100 Dry 여성용 러닝 티셔츠
3608429644781,Kiprun Women's Run 100 Dry Running T-shirt,Kiprun Run 100 Dry T-shirt de Running Femme,Kiprun Run 100 Dry 여성용 러닝 티셔츠
3608429646013,Kiprun Men's 100 Warm Running Pants,Kiprun 100 Pantalon de Running Chaud Homme,Kiprun 100 남성용 러닝 보온 바지
3608429646020,Kiprun Men's 100 Warm Running Pants,Kiprun 100 Pantalon de Running Chaud Homme,Kiprun 100 남성용 러닝 보온 바지
3608429646037,Kiprun Men's 100 Warm Running Pants,Kiprun 100 Pantalon de Running Chaud Homme,Kiprun 100 남성용 러닝 보온 바지
3608429646044,Kiprun Men's 100 Warm Running Pants,Kiprun 100 Pantalon de Running Chaud Homme,Kiprun 100 남성용 러닝 보온 바지
3608429646051,Kiprun Men's 100 Warm Running Pants,Kiprun 100 Pantalon de Running Chaud Homme,Kiprun 100 남성용 러닝 보온 바지
3608429646068,Kiprun Men's 100 Warm Running Pants,Kiprun 100 Pantalon de Running Chaud Homme,Kiprun 100 남성용 러닝 보온 바지
3608429646716,Kiprun Women's Run 100 Windproof Running & Trail Jacket,Kiprun Run 100 Windproof Veste de Running Trail Femme,Kiprun Run 100 Windproof 여성용 러닝 트레일 재킷
3608429646723,Kiprun Women's Run 100 Windproof Running & Trail Jacket,Kiprun Run 100 Windproof Veste de Running Trail Femme,Kiprun Run 100 Windproof 여성용 러닝 트레일 재킷
3608429646730,Kiprun Women's Run 100 Windproof Running & Trail Jacket,Kiprun Run 100 Windproof Veste de Running Trail Femme,Kiprun Run 100 Windproof 여성용 러닝 트레일 재킷
3608429646747,Kiprun Women's Run 100 Windproof Running & Trail Jacket,Kiprun Run 100 Windproof Veste de Running Trail Femme,Kiprun Run 100 Windproof 여성용 러닝 트레일 재킷
3608429646754,Kiprun Women's Run 100 Windproof Running & Trail Jacket,Kiprun Run 100 Windproof Veste de Running Trail Femme,Kiprun Run 100 Windproof 여성용 러닝 트레일 재킷
3608429646761,Kiprun Women's Run 100 Windproof Running & Trail Jacket,Kiprun Run 100 Windproof Veste de Running Trail Femme,Kiprun Run 100 Windproof 여성용 러닝 트레일 재킷
3608429655312,Kiprun 100 V2 Touchscreen Running Gloves,Kiprun 100 V2 Touchscreen Gants de Running,Kiprun 100 V2 Touchscreen 러닝 장갑
3608429655329,Kiprun 100 V2 Touchscreen Running Gloves,Kiprun 100 V2 Touchscreen Gants de Running,Kiprun 100 V2 Touchscreen 러닝 장갑
3608429655336,Kiprun 100 V2 Touchscreen Running Gloves,Kiprun 100 V2 Touchscreen Gants de Running,Kiprun 100 V2 Touchscreen 러닝 장갑
3608429655343,Kiprun 100 V2 Touchscreen Running Gloves,Kiprun 100 V2 Touchscreen Gants de Running,Kiprun 100 V2 Touchscreen 러닝 장갑
3608429655350,Kiprun 100 V2 Touchscreen Running Gloves,Kiprun 100 V2 Touchscreen Gants de Running,Kiprun 100 V2 Touchscreen 러닝 장갑
3608429657613,Kiprun Essential 5L Trail Running Hydration Vest -  1L Water Bladder Included,Kiprun Essential 5L Hydration Vest 1L Water Included Poche à eau de Running Trail,Kiprun Essential 5L Hydration Vest 1L Water Included 러닝 트레일 물주머니
3608429661627,Kiprun Adult Evolutiv V2 Convertable Running Gloves with Mittens,Kiprun Evolutiv V2 Convertable Gloves with Moufles de Running Adulte,Kiprun Evolutiv V2 Convertable Gloves with 성인용 러닝 벙어리장갑
3608429661634,Kiprun Adult Evolutiv V2 Convertable Running Gloves with Mittens,Kiprun Evolutiv V2 Convertable Gloves with Moufles de Running Adulte,Kiprun Evolutiv V2 Convertable Gloves with 성인용 러닝 벙어리장갑
3608429661719,Kiprun Adult Evolutiv V2 Convertable Running Gloves with Mittens,Kiprun Evolutiv V2 Convertable Gloves with Moufles de Running Adulte,Kiprun Evolutiv V2 Convertable Gloves with 성인용 러닝 벙어리장갑
3608429661733,Kiprun Adult Evolutiv V2 Convertable Running Gloves with Mittens,Kiprun Evolutiv V2 Convertable Gloves with Moufles de Running Adulte,Kiprun Evolutiv V2 Convertable Gloves with 성인용 러닝 벙어리장갑
3608429665441,Kiprun Running Belt V2,Kiprun V2 Ceinture de Running,Kiprun V2 러닝 벨트
3608429667209,Kiprun Men's Run 500 Breathable Dry+ Running Shorts,Kiprun Run 500 Dry+ Short Respirant de Running Homme,Kiprun Run 500 Dry+ 남성용 통기성 러닝 반바지
3608429667216,Kiprun Men's Run 500 Breathable Dry+ Running Shorts,Kiprun Run 500 Dry+ Short Respirant de Running Homme,Kiprun Run 500 Dry+ 남성용 통기성 러닝 반바지
3608429667223,Kiprun Men's Run 500 Breathable Dry+ Running Shorts,Kiprun Run 500 Dry+ Short Respirant de Running Homme,Kiprun Run 500 Dry+ 남성용 통기성 러닝 반바지
3608429667230,Kiprun Men's Run 500 Breathable Dry+ Running Shorts,Kiprun Run 500 Dry+ Short Respirant de Running Homme,Kiprun Run 500 Dry+ 남성용 통기성 러닝 반바지
3608429667261,Kiprun Men's Run 500 Breathable Dry+ Running Shorts,Kiprun Run 500 Dry+ Short Respirant de Running Homme,Kiprun Run 500 Dry+ 남성용 통기성 러닝 반바지
3608429678304,Kiprun 5 L Trail Running Bag - 1 L Water Bladder Included,Kiprun 5 Bag 1 Water Included Poche à eau de Running Trail,Kiprun 5 Bag 1 Water Included 러닝 트레일 물주머니
3608429698708,Kiprun 1L Trail Running Water Bladder,Kiprun 1L Water Poche à eau de Running Trail,Kiprun 1L Water 러닝 트레일 물주머니
3608429702252,Kiprun Trail Running Soft Flask 500ml/17oz,Kiprun Soft 500ml/17oz Gourde isotherme de Running Trail,Kiprun Soft 500ml/17oz 러닝 트레일 보온병
3608429804710,Kiprun Men's Run 100 Dry Running T-Shirt,Kiprun Run 100 Dry T-shirt de Running Homme,Kiprun Run 100 Dry 남성용 러닝 티셔츠
3608429804727,Kiprun Men's Run 100 Dry Running T-Shirt,Kiprun Run 100 Dry T-shirt de Running Homme,Kiprun Run 100 Dry 남성용 러닝 티셔츠
3608429804741,Kiprun Men's Run 100 Dry Running T-Shirt,Kiprun Run 100 Dry T-shirt de Running Homme,Kiprun Run 100 Dry 남성용 러닝 티셔츠
3608429804765,Kiprun Men's Run 100 Dry Running T-Shirt,Kiprun Run 100 Dry T-shirt de Running Homme,Kiprun Run 100 Dry 남성용 러닝 티셔츠
3608429804789,Kiprun Men's Run 100 Dry Running T-Shirt,Kiprun Run 100 Dry T-shirt de Running Homme,Kiprun Run 100 Dry 남성용 러닝 티셔츠
3608429804796,Kiprun Men's Run 100 Dry Running T-Shirt,Kiprun Run 100 Dry T-shirt de Running Homme,Kiprun Run 100 Dry 남성용 러닝 티셔츠
3608429812296,Women's 100 Long-Sleeved Half-Zip Running T-shirt,100 Long-Sleeved Half-Zip T-shirt de Running Femme,100 Long-Sleeved Half-Zip 여성용 러닝 티셔츠
3608429817000,Women's 100 Long-Sleeved Half-Zip Running T-shirt,100 Long-Sleeved Half-Zip T-shirt de Running Femme,100 Long-Sleeved Half-Zip 여성용 러닝 티셔츠
3608429817017,Women's 100 Long-Sleeved Half-Zip Running T-shirt,100 Long-Sleeved Half-Zip T-shirt de Running Femme,100 Long-Sleeved Half-Zip 여성용 러닝 티셔츠
3608429817024,Women's 100 Long-Sleeved Half-Zip Running T-shirt,100 Long-Sleeved Half-Zip T-shirt de Running Femme,100 Long-Sleeved Half-Zip 여성용 러닝 티셔츠
3608429817031,Women's 100 Long-Sleeved Half-Zip Running T-shirt,100 Long-Sleeved Half-Zip T-shirt de Running Femme,100 Long-Sleeved Half-Zip 여성용 러닝 티셔츠
3608429817048,Women's 100 Long-Sleeved Half-Zip Running T-shirt,100 Long-Sleeved Half-Zip T-shirt de Running Femme,100 Long-Sleeved Half-Zip 여성용 러닝 티셔츠
3608429817055,Women's 100 Long-Sleeved Half-Zip Running T-shirt,100 Long-Sleeved Half-Zip T-shirt de Running Femme,100 Long-Sleeved Half-Zip 여성용 러닝 티셔츠
3608429817062,Women's 100 Long-Sleeved Half-Zip Running T-shirt,100 Long-Sleeved Half-Zip T-shirt de Running Femme,100 Long-Sleeved Half-Zip 여성용 러닝 티셔츠
3608429843764,Kiprun Seamless Running Beanie,Kiprun Bonnet Sans couture de Running,Kiprun 심리스 러닝 비니
3608429923060,Kiprun Run 100 Mid Socks 3-Pack,Kiprun Run 100 3-Pack Chaussettes Mi-saison,Kiprun Run 100 3-Pack 미드 양말
3608429923077,Kiprun Run 100 Mid Socks 3-Pack,Kiprun Run 100 3-Pack Chaussettes Mi-saison,Kiprun Run 100 3-Pack 미드 양말
3608429923084,Kiprun Run 100 Mid Socks 3-Pack,Kiprun Run 100 3-Pack Chaussettes Mi-saison,Kiprun Run 100 3-Pack 미드 양말
3608429923114,Kiprun Run 100 Mid Socks 3-Pack,Kiprun Run 100 3-Pack Chaussettes Mi-saison,Kiprun Run 100 3-Pack 미드 양말
3608430034977,Quechua Ultimate Comfort Self-Inflating Camping Mattress,Quechua Ultimate Comfort Self-Inflating Camping Matelas,Quechua Ultimate Comfort Self-Inflating Camping 매트리스
3608439227516,Quechua Women's NH50 Low Hiking Shoes,Quechua NH50 Low Chaussures de Randonnée Femme,Quechua NH50 Low 여성용 등산 신발
3608439227523,Quechua Women's NH50 Low Hiking Shoes,Quechua NH50 Low Chaussures de Randonnée Femme,Quechua NH50 Low 여성용 등산 신발
3608439227530,Quechua Women's NH50 Low Hiking Shoes,Quechua NH50 Low Chaussures de Randonnée Femme,Quechua NH50 Low 여성용 등산 신발
3608439227547,Quechua Women's NH50 Low Hiking Shoes,Quechua NH50 Low Chaussures de Randonnée Femme,Quechua NH50 Low 여성용 등산 신발
3608439227554,Quechua Women's NH50 Low Hiking Shoes,Quechua NH50 Low Chaussures de Randonnée Femme,Quechua NH50 Low 여성용 등산 신발
3608439227561,Quechua Women's NH50 Low Hiking Shoes,Quechua NH50 Low Chaussures de Randonnée Femme,Quechua NH50 Low 여성용 등산 신발
3608439227578,Quechua Women's NH50 Low Hiking Shoes,Quechua NH50 Low Chaussures de Randonnée Femme,Quechua NH50 Low 여성용 등산 신발
3608439227622,Quechua Men's MH500 Full Zip Fleece Hiking Jacket,Quechua MH500 Full Zip Fleece Veste de Randonnée Homme,Quechua MH500 Full Zip Fleece 남성용 등산 재킷
3608439227639,Quechua Men's MH500 Full Zip Fleece Hiking Jacket,Quechua MH500 Full Zip Fleece Veste de Randonnée Homme,Quechua MH500 Full Zip Fleece 남성용 등산 재킷
3608439227646,Quechua Men's MH500 Full Zip Fleece Hiking Jacket,Quechua MH500 Full Zip Fleece Veste de Randonnée Homme,Quechua MH500 Full Zip Fleece 남성용 등산 재킷
3608439227653,Quechua Men's MH500 Full Zip Fleece Hiking Jacket,Quechua MH500 Full Zip Fleece Veste de Randonnée Homme,Quechua MH500 Full Zip Fleece 남성용 등산 재킷
3608439227677,Quechua Men's MH500 Full Zip Fleece Hiking Jacket,Quechua MH500 Full Zip Fleece Veste de Randonnée Homme,Quechua MH500 Full Zip Fleece 남성용 등산 재킷
3608439227691,Quechua Men's MH500 Full Zip Fleece Hiking Jacket,Quechua MH500 Full Zip Fleece Veste de Randonnée Homme,Quechua MH500 Full Zip Fleece 남성용 등산 재킷
3608439227998,Quechua Kids’ MH100 Rain Poncho – Ages 2–6,Quechua MH100 Ages 2–6 Poncho de pluie Enfant,Quechua MH100 Ages 2–6 아동용 우비
3608439228001,Quechua Kids’ MH100 Rain Poncho – Ages 2–6,Quechua MH100 Ages 2–6 Poncho de pluie Enfant,Quechua MH100 Ages 2–6 아동용 우비
3608439229787,Quechua Men's NH500 Warm Waterproof Mid Snow Hiking Boots,Quechua NH500 Bottes Imperméable de Randonnée Neige Chaud Mi-saison Homme,Quechua NH500 남성용 방수 등산 스노우 보온 미드 부츠
3608439229794,Quechua Men's NH500 Warm Waterproof Mid Snow Hiking Boots,Quechua NH500 Bottes Imperméable de Randonnée Neige Chaud Mi-saison Homme,Quechua NH500 남성용 방수 등산 스노우 보온 미드 부츠
3608439229800,Quechua Men's NH500 Warm Waterproof Mid Snow Hiking Boots,Quechua NH500 Bottes Imperméable de Randonnée Neige Chaud Mi-saison Homme,Quechua NH500 남성용 방수 등산 스노우 보온 미드 부츠
3608439229817,Quechua Men's NH500 Warm Waterproof Mid Snow Hiking Boots,Quechua NH500 Bottes Imperméable de Randonnée Neige Chaud Mi-saison Homme,Quechua NH500 남성용 방수 등산 스노우 보온 미드 부츠
3608439229824,Quechua Men's NH500 Warm Waterproof Mid Snow Hiking Boots,Quechua NH500 Bottes Imperméable de Randonnée Neige Chaud Mi-saison Homme,Quechua NH500 남성용 방수 등산 스노우 보온 미드 부츠
3608439229831,Quechua Men's NH500 Warm Waterproof Mid Snow Hiking Boots,Quechua NH500 Bottes Imperméable de Randonnée Neige Chaud Mi-saison Homme,Quechua NH500 남성용 방수 등산 스노우 보온 미드 부츠
3608439229848,Quechua Men's NH500 Warm Waterproof Mid Snow Hiking Boots,Quechua NH500 Bottes Imperméable de Randonnée Neige Chaud Mi-saison Homme,Quechua NH500 남성용 방수 등산 스노우 보온 미드 부츠
3608439229855,Quechua Men's NH500 Warm Waterproof Mid Snow Hiking Boots,Quechua NH500 Bottes Imperméable de Randonnée Neige Chaud Mi-saison Homme,Quechua NH500 남성용 방수 등산 스노우 보온 미드 부츠
3608439229862,Quechua Men's NH500 Warm Waterproof Mid Snow Hiking Boots,Quechua NH500 Bottes Imperméable de Randonnée Neige Chaud Mi-saison Homme,Quechua NH500 남성용 방수 등산 스노우 보온 미드 부츠
3608439230806,Quechua Women's NH500 Warm Waterproof High Lace Snow Boots,Quechua NH500 High Lace Après-ski Imperméable Chaud Femme,Quechua NH500 High Lace 여성용 방수 보온 스노우 부츠
3608439230813,Quechua Women's NH500 Warm Waterproof High Lace Snow Boots,Quechua NH500 High Lace Après-ski Imperméable Chaud Femme,Quechua NH500 High Lace 여성용 방수 보온 스노우 부츠
3608439230820,Quechua Women's NH500 Warm Waterproof High Lace Snow Boots,Quechua NH500 High Lace Après-ski Imperméable Chaud Femme,Quechua NH500 High Lace 여성용 방수 보온 스노우 부츠
3608439230837,Quechua Women's NH500 Warm Waterproof High Lace Snow Boots,Quechua NH500 High Lace Après-ski Imperméable Chaud Femme,Quechua NH500 High Lace 여성용 방수 보온 스노우 부츠
3608439230844,Quechua Women's NH500 Warm Waterproof High Lace Snow Boots,Quechua NH500 High Lace Après-ski Imperméable Chaud Femme,Quechua NH500 High Lace 여성용 방수 보온 스노우 부츠
3608439230851,Quechua Women's NH500 Warm Waterproof High Lace Snow Boots,Quechua NH500 High Lace Après-ski Imperméable Chaud Femme,Quechua NH500 High Lace 여성용 방수 보온 스노우 부츠
3608439230868,Quechua Women's NH500 Warm Waterproof High Lace Snow Boots,Quechua NH500 High Lace Après-ski Imperméable Chaud Femme,Quechua NH500 High Lace 여성용 방수 보온 스노우 부츠
3608439231742,Quechua Women’s MH100 Lightweight Hiking Fleece,Quechua ’s MH100 Polaire Léger de Randonnée Femme,Quechua ’s MH100 여성용 경량 등산 플리스
3608439231766,Quechua Women’s MH100 Lightweight Hiking Fleece,Quechua ’s MH100 Polaire Léger de Randonnée Femme,Quechua ’s MH100 여성용 경량 등산 플리스
3608439231841,Quechua Women’s MH100 Lightweight Hiking Fleece,Quechua ’s MH100 Polaire Léger de Randonnée Femme,Quechua ’s MH100 여성용 경량 등산 플리스
3608439231865,Quechua Women’s MH100 Lightweight Hiking Fleece,Quechua ’s MH100 Polaire Léger de Randonnée Femme,Quechua ’s MH100 여성용 경량 등산 플리스
3608439231889,Quechua Women’s MH100 Lightweight Hiking Fleece,Quechua ’s MH100 Polaire Léger de Randonnée Femme,Quechua ’s MH100 여성용 경량 등산 플리스
3608439231919,Quechua Women’s MH100 Lightweight Hiking Fleece,Quechua ’s MH100 Polaire Léger de Randonnée Femme,Quechua ’s MH100 여성용 경량 등산 플리스
3608439233395,Quechua Women's SH500 Waterproof Winter Parka,Quechua SH500 Parka Imperméable Hiver Femme,Quechua SH500 여성용 방수 겨울 파카
3608439233401,Quechua Women's SH500 Waterproof Winter Parka,Quechua SH500 Parka Imperméable Hiver Femme,Quechua SH500 여성용 방수 겨울 파카
3608439233418,Quechua Women's SH500 Waterproof Winter Parka,Quechua SH500 Parka Imperméable Hiver Femme,Quechua SH500 여성용 방수 겨울 파카
3608439233432,Quechua Women's SH500 Waterproof Winter Parka,Quechua SH500 Parka Imperméable Hiver Femme,Quechua SH500 여성용 방수 겨울 파카
3608439233456,Quechua Women's SH500 Waterproof Winter Parka,Quechua SH500 Parka Imperméable Hiver Femme,Quechua SH500 여성용 방수 겨울 파카
3608439233463,Quechua Women's SH500 Waterproof Winter Parka,Quechua SH500 Parka Imperméable Hiver Femme,Quechua SH500 여성용 방수 겨울 파카
3608439238710,Quechua Arpenaz 68°F Sleeping Bag,Quechua Arpenaz 68°F Sac de couchage,Quechua Arpenaz 68°F 침낭
3608439238932,Quechua Hike 900 Hiking Socks - 2 Pairs,Quechua Hike 900 2 Pairs Chaussettes de Randonnée,Quechua Hike 900 2 Pairs 등산 양말
3608439238949,Quechua Hike 900 Hiking Socks - 2 Pairs,Quechua Hike 900 2 Pairs Chaussettes de Randonnée,Quechua Hike 900 2 Pairs 등산 양말
3608439243745,Quechua Kids’ MH100 Hiking Shorts - Ages 7–15,Quechua MH100 Ages 7–15 Short de Randonnée Enfant,Quechua MH100 Ages 7–15 아동용 등산 반바지
3608439243752,Quechua Kids’ MH100 Hiking Shorts - Ages 7–15,Quechua MH100 Ages 7–15 Short de Randonnée Enfant,Quechua MH100 Ages 7–15 아동용 등산 반바지
3608439243769,Quechua Kids’ MH100 Hiking Shorts - Ages 7–15,Quechua MH100 Ages 7–15 Short de Randonnée Enfant,Quechua MH100 Ages 7–15 아동용 등산 반바지
3608439243776,Quechua Kids’ MH100 Hiking Shorts - Ages 7–15,Quechua MH100 Ages 7–15 Short de Randonnée Enfant,Quechua MH100 Ages 7–15 아동용 등산 반바지
3608439243783,Quechua Kids’ MH100 Hiking Shorts - Ages 7–15,Quechua MH100 Ages 7–15 Short de Randonnée Enfant,Quechua MH100 Ages 7–15 아동용 등산 반바지
3608439244209,Quechua NH100 Arpenaz 10 L Hiking Backpack,Quechua NH100 Arpenaz 10 Sac à dos de Randonnée,Quechua NH100 Arpenaz 10 등산 백팩
3608439244223,Quechua NH100 Arpenaz 10 L Hiking Backpack,Quechua NH100 Arpenaz 10 Sac à dos de Randonnée,Quechua NH100 Arpenaz 10 등산 백팩
3608439244254,Quechua Men's NH500 Imper Waterproof Rain Jacket,Quechua NH500 Imper Veste de pluie Imperméable Homme,Quechua NH500 Imper 남성용 방수 레인 재킷
3608439244278,Quechua Men's NH500 Imper Waterproof Rain Jacket,Quechua NH500 Imper Veste de pluie Imperméable Homme,Quechua NH500 Imper 남성용 방수 레인 재킷
3608439244285,Quechua Men's NH500 Imper Waterproof Rain Jacket,Quechua NH500 Imper Veste de pluie Imperméable Homme,Quechua NH500 Imper 남성용 방수 레인 재킷
3608439244292,Quechua Men's NH500 Imper Waterproof Rain Jacket,Quechua NH500 Imper Veste de pluie Imperméable Homme,Quechua NH500 Imper 남성용 방수 레인 재킷
3608439244308,Quechua Men's NH500 Imper Waterproof Rain Jacket,Quechua NH500 Imper Veste de pluie Imperméable Homme,Quechua NH500 Imper 남성용 방수 레인 재킷
3608439245046,Quechua 10 L Solar Pressure Camping Shower,Quechua 10 Solar Pressure Camping Douche,Quechua 10 Solar Pressure Camping 샤워기
3608439246425,Quechua Men's NH100 Mid Hiking Boots,Quechua NH100 Bottes de Randonnée Mi-saison Homme,Quechua NH100 남성용 등산 미드 부츠
3608439246463,Quechua Men's NH100 Mid Hiking Boots,Quechua NH100 Bottes de Randonnée Mi-saison Homme,Quechua NH100 남성용 등산 미드 부츠
3608439246487,Quechua Men's NH100 Mid Hiking Boots,Quechua NH100 Bottes de Randonnée Mi-saison Homme,Quechua NH100 남성용 등산 미드 부츠
3608439246500,Quechua Men's NH100 Mid Hiking Boots,Quechua NH100 Bottes de Randonnée Mi-saison Homme,Quechua NH100 남성용 등산 미드 부츠
3608439246524,Quechua Men's NH100 Mid Hiking Boots,Quechua NH100 Bottes de Randonnée Mi-saison Homme,Quechua NH100 남성용 등산 미드 부츠
3608439246555,Quechua Men's NH100 Mid Hiking Boots,Quechua NH100 Bottes de Randonnée Mi-saison Homme,Quechua NH100 남성용 등산 미드 부츠
3608439246609,Quechua Men's NH100 Mid Hiking Boots,Quechua NH100 Bottes de Randonnée Mi-saison Homme,Quechua NH100 남성용 등산 미드 부츠
3608439246616,Quechua Men's NH100 Mid Hiking Boots,Quechua NH100 Bottes de Randonnée Mi-saison Homme,Quechua NH100 남성용 등산 미드 부츠
3608439248030,Quechua Men's MH100 Hiking Pants,Quechua MH100 Pantalon de Randonnée Homme,Quechua MH100 남성용 등산 바지
3608439248153,Quechua Men's MH100 Hiking Pants,Quechua MH100 Pantalon de Randonnée Homme,Quechua MH100 남성용 등산 바지
3608439248177,Quechua Men's MH100 Hiking Pants,Quechua MH100 Pantalon de Randonnée Homme,Quechua MH100 남성용 등산 바지
3608439248191,Quechua Men's MH100 Hiking Pants,Quechua MH100 Pantalon de Randonnée Homme,Quechua MH100 남성용 등산 바지
3608439248214,Quechua Men's MH100 Hiking Pants,Quechua MH100 Pantalon de Randonnée Homme,Quechua MH100 남성용 등산 바지
3608439248221,Quechua Men's MH100 Hiking Pants,Quechua MH100 Pantalon de Randonnée Homme,Quechua MH100 남성용 등산 바지
3608439248238,Quechua Men's MH100 Hiking Pants,Quechua MH100 Pantalon de Randonnée Homme,Quechua MH100 남성용 등산 바지
3608439248245,Quechua Men's MH100 Hiking Pants,Quechua MH100 Pantalon de Randonnée Homme,Quechua MH100 남성용 등산 바지
3608439248252,Quechua Men's MH100 Hiking Pants,Quechua MH100 Pantalon de Randonnée Homme,Quechua MH100 남성용 등산 바지
3608439249327,Quechua Men's MH500 Hiking Lightweight Waterproof Jacket,Quechua MH500 Veste Léger Imperméable de Randonnée Homme,Quechua MH500 남성용 경량 방수 등산 재킷
3608439249334,Quechua Men's MH500 Hiking Lightweight Waterproof Jacket,Quechua MH500 Veste Léger Imperméable de Randonnée Homme,Quechua MH500 남성용 경량 방수 등산 재킷
3608439249341,Quechua Men's MH500 Hiking Lightweight Waterproof Jacket,Quechua MH500 Veste Léger Imperméable de Randonnée Homme,Quechua MH500 남성용 경량 방수 등산 재킷
3608439249358,Quechua Men's MH500 Hiking Lightweight Waterproof Jacket,Quechua MH500 Veste Léger Imperméable de Randonnée Homme,Quechua MH500 남성용 경량 방수 등산 재킷
3608439249365,Quechua Men's MH500 Hiking Lightweight Waterproof Jacket,Quechua MH500 Veste Léger Imperméable de Randonnée Homme,Quechua MH500 남성용 경량 방수 등산 재킷
3608439249372,Quechua Men's MH500 Hiking Lightweight Waterproof Jacket,Quechua MH500 Veste Léger Imperméable de Randonnée Homme,Quechua MH500 남성용 경량 방수 등산 재킷
3608439249914,Quechua Ultimate Comfort Self-Inflating Mattress,Quechua Ultimate Comfort Self-Inflating Matelas,Quechua Ultimate Comfort Self-Inflating 매트리스
3608439249952,Quechua Men's NH500 Waterproof Over Pants,Quechua NH500 Over Pantalon Imperméable Homme,Quechua NH500 Over 남성용 방수 바지
3608439249969,Quechua Men's NH500 Waterproof Over Pants,Quechua NH500 Over Pantalon Imperméable Homme,Quechua NH500 Over 남성용 방수 바지
3608439249976,Quechua Men's NH500 Waterproof Over Pants,Quechua NH500 Over Pantalon Imperméable Homme,Quechua NH500 Over 남성용 방수 바지
3608439249983,Quechua Men's NH500 Waterproof Over Pants,Quechua NH500 Over Pantalon Imperméable Homme,Quechua NH500 Over 남성용 방수 바지
3608439249990,Quechua Men's NH500 Waterproof Over Pants,Quechua NH500 Over Pantalon Imperméable Homme,Quechua NH500 Over 남성용 방수 바지
3608439250002,Quechua Men's NH500 Waterproof Over Pants,Quechua NH500 Over Pantalon Imperméable Homme,Quechua NH500 Over 남성용 방수 바지
3608439250019,Quechua Men's NH500 Waterproof Over Pants,Quechua NH500 Over Pantalon Imperméable Homme,Quechua NH500 Over 남성용 방수 바지
3608439250590,Quechua NH100 Arpenaz 20 L Hiking Backpack,Quechua NH100 Arpenaz 20 Sac à dos de Randonnée,Quechua NH100 Arpenaz 20 등산 백팩
3608439252969,"Quechua 24"" Camp Bed - 1 Person","Quechua 24"" 1 Person Lit de camp","Quechua 24"" 1 Person 캠핑 베드"
3608439255434,Quechua NH100 Arpenaz 10 L Hiking Backpack,Quechua NH100 Arpenaz 10 Sac à dos de Randonnée,Quechua NH100 Arpenaz 10 등산 백팩
3608439256851,Quechua Kids’ MH150 Waterproof Hiking Jacket – Ages 7–15,Quechua MH150 Ages 7–15 Veste Imperméable de Randonnée Enfant,Quechua MH150 Ages 7–15 아동용 방수 등산 재킷
3608439256868,Quechua Kids’ MH150 Waterproof Hiking Jacket – Ages 7–15,Quechua MH150 Ages 7–15 Veste Imperméable de Randonnée Enfant,Quechua MH150 Ages 7–15 아동용 방수 등산 재킷
3608439256875,Quechua Kids’ MH150 Waterproof Hiking Jacket – Ages 7–15,Quechua MH150 Ages 7–15 Veste Imperméable de Randonnée Enfant,Quechua MH150 Ages 7–15 아동용 방수 등산 재킷
3608439257278,Quechua Kids’ MH150 Waterproof Hiking Jacket – Ages 7–15,Quechua MH150 Ages 7–15 Veste Imperméable de Randonnée Enfant,Quechua MH150 Ages 7–15 아동용 방수 등산 재킷
3608439257292,Quechua Kids’ MH150 Waterproof Hiking Jacket – Ages 7–15,Quechua MH150 Ages 7–15 Veste Imperméable de Randonnée Enfant,Quechua MH150 Ages 7–15 아동용 방수 등산 재킷
3608439258329,Quechua Men's NH500 Warm Waterproof Snow Boots,Quechua NH500 Après-ski Imperméable Chaud Homme,Quechua NH500 남성용 방수 보온 스노우 부츠
3608439258336,Quechua Men's NH500 Warm Waterproof Snow Boots,Quechua NH500 Après-ski Imperméable Chaud Homme,Quechua NH500 남성용 방수 보온 스노우 부츠
3608439258343,Quechua Men's NH500 Warm Waterproof Snow Boots,Quechua NH500 Après-ski Imperméable Chaud Homme,Quechua NH500 남성용 방수 보온 스노우 부츠
3608439258350,Quechua Men's NH500 Warm Waterproof Snow Boots,Quechua NH500 Après-ski Imperméable Chaud Homme,Quechua NH500 남성용 방수 보온 스노우 부츠
3608439258367,Quechua Men's NH500 Warm Waterproof Snow Boots,Quechua NH500 Après-ski Imperméable Chaud Homme,Quechua NH500 남성용 방수 보온 스노우 부츠
3608439258374,Quechua Men's NH500 Warm Waterproof Snow Boots,Quechua NH500 Après-ski Imperméable Chaud Homme,Quechua NH500 남성용 방수 보온 스노우 부츠
3608439258381,Quechua Men's NH500 Warm Waterproof Snow Boots,Quechua NH500 Après-ski Imperméable Chaud Homme,Quechua NH500 남성용 방수 보온 스노우 부츠
3608439258398,Quechua Men's NH500 Warm Waterproof Snow Boots,Quechua NH500 Après-ski Imperméable Chaud Homme,Quechua NH500 남성용 방수 보온 스노우 부츠
3608439258411,Quechua Men's NH500 Warm Waterproof Snow Boots,Quechua NH500 Après-ski Imperméable Chaud Homme,Quechua NH500 남성용 방수 보온 스노우 부츠
3608439258701,Quechua Women's NH500 Waterproof Winter Jacket,Quechua NH500 Veste Imperméable Hiver Femme,Quechua NH500 여성용 방수 겨울 재킷
3608439259845,Quechua Air Basic Inflatable Mattress - 1 Person,Quechua Air Basic 1 Person Matelas gonflable,Quechua Air Basic 1 Person 에어 매트리스
3608439259906,Quechua Air Basic Inflatable Mattress - 2 Person,Quechua Air Basic 2 Person Matelas gonflable,Quechua Air Basic 2 Person 에어 매트리스
3608439260063,Quechua Comfort Camping Pillow,Quechua Comfort Camping Oreiller,Quechua Comfort Camping 베개
3608439263965,Quechua Ultimate Comfort Self-Inflating Mattress - 2 Person,Quechua Ultimate Comfort Self-Inflating 2 Person Matelas,Quechua Ultimate Comfort Self-Inflating 2 Person 매트리스
3608439263972,Quechua Self-Inflating Camping Mattress,Quechua Self-Inflating Camping Matelas,Quechua Self-Inflating Camping 매트리스
3608439274350,Quechua Women's MH500 Waterproof Hiking Shoes,Quechua MH500 Chaussures Imperméable de Randonnée Femme,Quechua MH500 여성용 방수 등산 신발
3608439274367,Quechua Women's MH500 Waterproof Hiking Shoes,Quechua MH500 Chaussures Imperméable de Randonnée Femme,Quechua MH500 여성용 방수 등산 신발
3608439274374,Quechua Women's MH500 Waterproof Hiking Shoes,Quechua MH500 Chaussures Imperméable de Randonnée Femme,Quechua MH500 여성용 방수 등산 신발
3608439274411,Quechua Women's MH500 Waterproof Hiking Shoes,Quechua MH500 Chaussures Imperméable de Randonnée Femme,Quechua MH500 여성용 방수 등산 신발
3608439274442,Quechua Women's MH500 Waterproof Hiking Shoes,Quechua MH500 Chaussures Imperméable de Randonnée Femme,Quechua MH500 여성용 방수 등산 신발
3608439274466,Quechua Women's MH500 Waterproof Hiking Shoes,Quechua MH500 Chaussures Imperméable de Randonnée Femme,Quechua MH500 여성용 방수 등산 신발
3608439274480,Quechua Women's MH500 Waterproof Hiking Shoes,Quechua MH500 Chaussures Imperméable de Randonnée Femme,Quechua MH500 여성용 방수 등산 신발
3608439283062,Quechua Men's MH500 Waterproof Hiking Shoes,Quechua MH500 Chaussures Imperméable de Randonnée Homme,Quechua MH500 남성용 방수 등산 신발
3608439283079,Quechua Men's MH500 Waterproof Hiking Shoes,Quechua MH500 Chaussures Imperméable de Randonnée Homme,Quechua MH500 남성용 방수 등산 신발
3608439283086,Quechua Men's MH500 Waterproof Hiking Shoes,Quechua MH500 Chaussures Imperméable de Randonnée Homme,Quechua MH500 남성용 방수 등산 신발
3608439283093,Quechua Men's MH500 Waterproof Hiking Shoes,Quechua MH500 Chaussures Imperméable de Randonnée Homme,Quechua MH500 남성용 방수 등산 신발
3608439283109,Quechua Men's MH500 Waterproof Hiking Shoes,Quechua MH500 Chaussures Imperméable de Randonnée Homme,Quechua MH500 남성용 방수 등산 신발
3608439283116,Quechua Men's MH500 Waterproof Hiking Shoes,Quechua MH500 Chaussures Imperméable de Randonnée Homme,Quechua MH500 남성용 방수 등산 신발
3608439283123,Quechua Men's MH500 Waterproof Hiking Shoes,Quechua MH500 Chaussures Imperméable de Randonnée Homme,Quechua MH500 남성용 방수 등산 신발
3608439283130,Quechua Men's MH500 Waterproof Hiking Shoes,Quechua MH500 Chaussures Imperméable de Randonnée Homme,Quechua MH500 남성용 방수 등산 신발
3608439283390,Quechua Men's NH500 Imper Waterproof Rain Jacket,Quechua NH500 Imper Veste de pluie Imperméable Homme,Quechua NH500 Imper 남성용 방수 레인 재킷
3608439283406,Quechua Men's NH500 Imper Waterproof Rain Jacket,Quechua NH500 Imper Veste de pluie Imperméable Homme,Quechua NH500 Imper 남성용 방수 레인 재킷
3608439283420,Quechua Men's NH500 Imper Waterproof Rain Jacket,Quechua NH500 Imper Veste de pluie Imperméable Homme,Quechua NH500 Imper 남성용 방수 레인 재킷
3608439283437,Quechua Men's NH500 Imper Waterproof Rain Jacket,Quechua NH500 Imper Veste de pluie Imperméable Homme,Quechua NH500 Imper 남성용 방수 레인 재킷
3608439283475,Quechua Men's NH500 Imper Waterproof Rain Jacket,Quechua NH500 Imper Veste de pluie Imperméable Homme,Quechua NH500 Imper 남성용 방수 레인 재킷
3608439287374,Quechua Socks Hike 100 Low 2-Pack - black,Quechua Hike 100 Low 2-Pack black Chaussettes,Quechua Hike 100 Low 2-Pack black 양말
3608439287411,Quechua Hike 50 High Socks 2-Pack,Quechua Hike 50 High 2-Pack Chaussettes,Quechua Hike 50 High 2-Pack 양말
3608439287435,Quechua Hike 50 High Socks 2-Pack,Quechua Hike 50 High 2-Pack Chaussettes,Quechua Hike 50 High 2-Pack 양말
3608439287442,Quechua Socks Hike 100 Low 2-Pack - black,Quechua Hike 100 Low 2-Pack black Chaussettes,Quechua Hike 100 Low 2-Pack black 양말
3608439287459,Quechua Socks Hike 100 Low 2-Pack - black,Quechua Hike 100 Low 2-Pack black Chaussettes,Quechua Hike 100 Low 2-Pack black 양말
3608439287466,Quechua Hike 100 Mid Socks 2-Pack,Quechua Hike 100 2-Pack Chaussettes Mi-saison,Quechua Hike 100 2-Pack 미드 양말
3608439287473,Quechua Hike 100 Mid Socks 2-Pack,Quechua Hike 100 2-Pack Chaussettes Mi-saison,Quechua Hike 100 2-Pack 미드 양말
3608439287497,Quechua Sock Hike 100 High 2-Pack - black,Quechua Sock Hike 100 High 2-Pack black,Quechua Sock Hike 100 High 2-Pack black
3608439287503,Quechua Sock Hike 100 High 2-Pack - black,Quechua Sock Hike 100 High 2-Pack black,Quechua Sock Hike 100 High 2-Pack black
3608439287527,Quechua Hike 100 Mid Socks 2-Pack,Quechua Hike 100 2-Pack Chaussettes Mi-saison,Quechua Hike 100 2-Pack 미드 양말
3608439287565,Quechua Sock Hike 100 High 2-Pack - black,Quechua Sock Hike 100 High 2-Pack black,Quechua Sock Hike 100 High 2-Pack black
3608439287664,Quechua Hike 50 High Socks 2-Pack,Quechua Hike 50 High 2-Pack Chaussettes,Quechua Hike 50 High 2-Pack 양말
3608439287862,Quechua NH500 Escape 32 L Hiking Backpack,Quechua NH500 Escape 32 Sac à dos de Randonnée,Quechua NH500 Escape 32 등산 백팩
3608439288609,Forclaz Quechua 20 40L Rain Cover for Hiking Backpacks,Forclaz Quechua 20 40L Rain Cover for Backpacks de Randonnée,Forclaz Quechua 20 40L Rain Cover for Backpacks 등산
3608439288654,Quechua NH500 Escape 16 L Hiking Backpack,Quechua NH500 Escape 16 Sac à dos de Randonnée,Quechua NH500 Escape 16 등산 백팩
3608439288661,Quechua NH500 Escape 16 L Hiking Backpack,Quechua NH500 Escape 16 Sac à dos de Randonnée,Quechua NH500 Escape 16 등산 백팩
3608439288715,Quechua NH500 Escape Rolltop 23 L Backpack,Quechua NH500 Escape Rolltop 23 Sac à dos,Quechua NH500 Escape Rolltop 23 백팩
3608439288838,Quechua NH100 Arpenaz 20 L Hiking Backpack,Quechua NH100 Arpenaz 20 Sac à dos de Randonnée,Quechua NH100 Arpenaz 20 등산 백팩
3608439288845,Quechua NH Escape 500 Rolltop 32 L Backpack,Quechua NH Escape 500 Rolltop 32 Sac à dos,Quechua NH Escape 500 Rolltop 32 백팩
3608439288883,Quechua NH500 Escape Rolltop 23 L Backpack,Quechua NH500 Escape Rolltop 23 Sac à dos,Quechua NH500 Escape Rolltop 23 백팩
3608439291616,Quechua Kids’ MH100 Waterproof Hiking Overpants – Ages 2–6,Quechua MH100 Overpants Ages 2–6 Imperméable de Randonnée Enfant,Quechua MH100 Overpants Ages 2–6 아동용 방수 등산
3608439291623,Quechua Kids’ MH100 Waterproof Hiking Overpants – Ages 2–6,Quechua MH100 Overpants Ages 2–6 Imperméable de Randonnée Enfant,Quechua MH100 Overpants Ages 2–6 아동용 방수 등산
3608439291630,Quechua Kids’ MH100 Waterproof Hiking Overpants – Ages 2–6,Quechua MH100 Overpants Ages 2–6 Imperméable de Randonnée Enfant,Quechua MH100 Overpants Ages 2–6 아동용 방수 등산
3608439291647,Quechua Kids’ MH100 Waterproof Hiking Overpants – Ages 2–6,Quechua MH100 Overpants Ages 2–6 Imperméable de Randonnée Enfant,Quechua MH100 Overpants Ages 2–6 아동용 방수 등산
3608439293115,Quechua Women's Mountain Walking Pants MH100,Quechua Walking MH100 Pantalon Montagne Femme,Quechua Walking MH100 여성용 마운틴 바지
3608439293122,Quechua Women's Mountain Walking Pants MH100,Quechua Walking MH100 Pantalon Montagne Femme,Quechua Walking MH100 여성용 마운틴 바지
3608439293139,Quechua Women's Mountain Walking Pants MH100,Quechua Walking MH100 Pantalon Montagne Femme,Quechua Walking MH100 여성용 마운틴 바지
3608439293146,Quechua Women's MH100 T-Shirt,Quechua MH100 T-shirt Femme,Quechua MH100 여성용 티셔츠
3608439293153,Quechua Women's Mountain Walking Pants MH100,Quechua Walking MH100 Pantalon Montagne Femme,Quechua Walking MH100 여성용 마운틴 바지
3608439293177,Quechua Women's MH100 T-Shirt,Quechua MH100 T-shirt Femme,Quechua MH100 여성용 티셔츠
3608439293184,Quechua Women's Mountain Walking Pants MH100,Quechua Walking MH100 Pantalon Montagne Femme,Quechua Walking MH100 여성용 마운틴 바지
3608439293191,Quechua Women's MH100 T-Shirt,Quechua MH100 T-shirt Femme,Quechua MH100 여성용 티셔츠
3608439293207,Quechua Women's MH100 T-Shirt,Quechua MH100 T-shirt Femme,Quechua MH100 여성용 티셔츠
3608439293214,Quechua Women's Mountain Walking Pants MH100,Quechua Walking MH100 Pantalon Montagne Femme,Quechua Walking MH100 여성용 마운틴 바지
3608439293221,Quechua Women's MH100 T-Shirt,Quechua MH100 T-shirt Femme,Quechua MH100 여성용 티셔츠
3608439293238,Quechua Women's MH100 T-Shirt,Quechua MH100 T-shirt Femme,Quechua MH100 여성용 티셔츠
3608439293245,Quechua Women's Mountain Walking Pants MH100,Quechua Walking MH100 Pantalon Montagne Femme,Quechua Walking MH100 여성용 마운틴 바지
3608439293252,Quechua Women's MH100 T-Shirt,Quechua MH100 T-shirt Femme,Quechua MH100 여성용 티셔츠
3608439294211,Quechua Kids’ MH100 Waterproof Hiking Overpants – Ages 7–15,Quechua MH100 Overpants Ages 7–15 Imperméable de Randonnée Enfant,Quechua MH100 Overpants Ages 7–15 아동용 방수 등산
3608439294228,Quechua Kids’ MH100 Waterproof Hiking Overpants – Ages 7–15,Quechua MH100 Overpants Ages 7–15 Imperméable de Randonnée Enfant,Quechua MH100 Overpants Ages 7–15 아동용 방수 등산
3608439294235,Quechua Kids’ MH100 Waterproof Hiking Overpants – Ages 7–15,Quechua MH100 Overpants Ages 7–15 Imperméable de Randonnée Enfant,Quechua MH100 Overpants Ages 7–15 아동용 방수 등산
3608439294242,Quechua Kids’ MH100 Waterproof Hiking Overpants – Ages 7–15,Quechua MH100 Overpants Ages 7–15 Imperméable de Randonnée Enfant,Quechua MH100 Overpants Ages 7–15 아동용 방수 등산
3608439294259,Quechua Kids’ MH100 Waterproof Hiking Overpants – Ages 7–15,Quechua MH100 Overpants Ages 7–15 Imperméable de Randonnée Enfant,Quechua MH100 Overpants Ages 7–15 아동용 방수 등산
3608439294464,Quechua Air Basic Inflatable Camping Pillow,Quechua Air Basic Inflatable Camping Oreiller,Quechua Air Basic Inflatable Camping 베개
3608439298479,Quechua SH500 Mid 2-Pair Winter Hiking Warm Socks,Quechua SH500 2-Pair Chaussettes de Randonnée Hiver Chaud Mi-saison,Quechua SH500 2-Pair 등산 겨울 보온 미드 양말
3608439298486,Quechua SH500 Mid 2-Pair Winter Hiking Warm Socks,Quechua SH500 2-Pair Chaussettes de Randonnée Hiver Chaud Mi-saison,Quechua SH500 2-Pair 등산 겨울 보온 미드 양말
3608439298493,Quechua SH500 Mid 2-Pair Winter Hiking Warm Socks,Quechua SH500 2-Pair Chaussettes de Randonnée Hiver Chaud Mi-saison,Quechua SH500 2-Pair 등산 겨울 보온 미드 양말
3608439302671,Quechua Men's NH100 Warm Waterproof Mid Hiking Boots,Quechua NH100 Bottes Imperméable de Randonnée Chaud Mi-saison Homme,Quechua NH100 남성용 방수 등산 보온 미드 부츠
3608439302688,Quechua Men's NH100 Warm Waterproof Mid Hiking Boots,Quechua NH100 Bottes Imperméable de Randonnée Chaud Mi-saison Homme,Quechua NH100 남성용 방수 등산 보온 미드 부츠
3608439302695,Quechua Men's NH100 Warm Waterproof Mid Hiking Boots,Quechua NH100 Bottes Imperméable de Randonnée Chaud Mi-saison Homme,Quechua NH100 남성용 방수 등산 보온 미드 부츠
3608439302701,Quechua Men's NH100 Warm Waterproof Mid Hiking Boots,Quechua NH100 Bottes Imperméable de Randonnée Chaud Mi-saison Homme,Quechua NH100 남성용 방수 등산 보온 미드 부츠
3608439302718,Quechua Men's NH100 Warm Waterproof Mid Hiking Boots,Quechua NH100 Bottes Imperméable de Randonnée Chaud Mi-saison Homme,Quechua NH100 남성용 방수 등산 보온 미드 부츠
3608439302725,Quechua Men's NH100 Warm Waterproof Mid Hiking Boots,Quechua NH100 Bottes Imperméable de Randonnée Chaud Mi-saison Homme,Quechua NH100 남성용 방수 등산 보온 미드 부츠
3608439302732,Quechua Men's NH100 Warm Waterproof Mid Hiking Boots,Quechua NH100 Bottes Imperméable de Randonnée Chaud Mi-saison Homme,Quechua NH100 남성용 방수 등산 보온 미드 부츠
3608439302749,Quechua Men's NH100 Warm Waterproof Mid Hiking Boots,Quechua NH100 Bottes Imperméable de Randonnée Chaud Mi-saison Homme,Quechua NH100 남성용 방수 등산 보온 미드 부츠
3608439302756,Quechua Men's NH100 Warm Waterproof Mid Hiking Boots,Quechua NH100 Bottes Imperméable de Randonnée Chaud Mi-saison Homme,Quechua NH100 남성용 방수 등산 보온 미드 부츠
3608439306792,Quechua Men's MH100 Hiking Fleece,Quechua MH100 Polaire de Randonnée Homme,Quechua MH100 남성용 등산 플리스
3608439306808,Quechua Men's MH100 Hiking Fleece,Quechua MH100 Polaire de Randonnée Homme,Quechua MH100 남성용 등산 플리스
3608439306815,Quechua Men's MH100 Hiking Fleece,Quechua MH100 Polaire de Randonnée Homme,Quechua MH100 남성용 등산 플리스
3608439306822,Quechua Men's MH100 Hiking Fleece,Quechua MH100 Polaire de Randonnée Homme,Quechua MH100 남성용 등산 플리스
3608439306839,Quechua Men's MH100 Hiking Fleece,Quechua MH100 Polaire de Randonnée Homme,Quechua MH100 남성용 등산 플리스
3608439306846,Quechua Men's MH100 Hiking Fleece,Quechua MH100 Polaire de Randonnée Homme,Quechua MH100 남성용 등산 플리스
3608439306853,Quechua Men's MH100 Hiking Fleece,Quechua MH100 Polaire de Randonnée Homme,Quechua MH100 남성용 등산 플리스
3608439307010,Quechua Women's NH100 U-Warm Hooded Fleece,Quechua NH100 U- Polaire à Capuche Chaud Femme,Quechua NH100 U- 여성용 후드 보온 플리스
3608439307027,Quechua Women's NH100 U-Warm Hooded Fleece,Quechua NH100 U- Polaire à Capuche Chaud Femme,Quechua NH100 U- 여성용 후드 보온 플리스
3608439307034,Quechua Women's NH100 U-Warm Hooded Fleece,Quechua NH100 U- Polaire à Capuche Chaud Femme,Quechua NH100 U- 여성용 후드 보온 플리스
3608439307041,Quechua Women's NH100 U-Warm Hooded Fleece,Quechua NH100 U- Polaire à Capuche Chaud Femme,Quechua NH100 U- 여성용 후드 보온 플리스
3608439307065,Quechua Women's NH100 U-Warm Hooded Fleece,Quechua NH100 U- Polaire à Capuche Chaud Femme,Quechua NH100 U- 여성용 후드 보온 플리스
3608439309342,Quechua Women's NH500 Waterproof Winter Hiking Jacket,Quechua NH500 Veste Imperméable de Randonnée Hiver Femme,Quechua NH500 여성용 방수 등산 겨울 재킷
3608439309366,Quechua Women's NH500 Waterproof Winter Hiking Jacket,Quechua NH500 Veste Imperméable de Randonnée Hiver Femme,Quechua NH500 여성용 방수 등산 겨울 재킷
3608439309380,Quechua Women's NH500 Waterproof Winter Hiking Jacket,Quechua NH500 Veste Imperméable de Randonnée Hiver Femme,Quechua NH500 여성용 방수 등산 겨울 재킷
3608439309397,Quechua Women's NH500 Waterproof Winter Hiking Jacket,Quechua NH500 Veste Imperméable de Randonnée Hiver Femme,Quechua NH500 여성용 방수 등산 겨울 재킷
3608439309403,Quechua Women's NH500 Waterproof Winter Hiking Jacket,Quechua NH500 Veste Imperméable de Randonnée Hiver Femme,Quechua NH500 여성용 방수 등산 겨울 재킷
3608439312809,Quechua Women's NH100 Waterproof Mid Hiking Boots,Quechua NH100 Bottes Imperméable de Randonnée Mi-saison Femme,Quechua NH100 여성용 방수 등산 미드 부츠
3608439312816,Quechua Women's NH100 Waterproof Mid Hiking Boots,Quechua NH100 Bottes Imperméable de Randonnée Mi-saison Femme,Quechua NH100 여성용 방수 등산 미드 부츠
3608439312823,Quechua Women's NH100 Waterproof Mid Hiking Boots,Quechua NH100 Bottes Imperméable de Randonnée Mi-saison Femme,Quechua NH100 여성용 방수 등산 미드 부츠
3608439312830,Quechua Women's NH100 Waterproof Mid Hiking Boots,Quechua NH100 Bottes Imperméable de Randonnée Mi-saison Femme,Quechua NH100 여성용 방수 등산 미드 부츠
3608439312861,Quechua Women's NH100 Waterproof Mid Hiking Boots,Quechua NH100 Bottes Imperméable de Randonnée Mi-saison Femme,Quechua NH100 여성용 방수 등산 미드 부츠
3608439312878,Quechua Women's NH100 Waterproof Mid Hiking Boots,Quechua NH100 Bottes Imperméable de Randonnée Mi-saison Femme,Quechua NH100 여성용 방수 등산 미드 부츠
3608439312885,Quechua Women's NH100 Waterproof Mid Hiking Boots,Quechua NH100 Bottes Imperméable de Randonnée Mi-saison Femme,Quechua NH100 여성용 방수 등산 미드 부츠
3608439312953,Quechua Women's NH500 Waterproof Winter Jacket,Quechua NH500 Veste Imperméable Hiver Femme,Quechua NH500 여성용 방수 겨울 재킷
3608439313004,Quechua Women's NH500 Waterproof Winter Jacket,Quechua NH500 Veste Imperméable Hiver Femme,Quechua NH500 여성용 방수 겨울 재킷
3608439313011,Quechua Women's NH500 Waterproof Winter Jacket,Quechua NH500 Veste Imperméable Hiver Femme,Quechua NH500 여성용 방수 겨울 재킷
3608439313035,Quechua Women's NH500 Waterproof Winter Jacket,Quechua NH500 Veste Imperméable Hiver Femme,Quechua NH500 여성용 방수 겨울 재킷
3608439313042,Quechua Women's NH500 Waterproof Winter Jacket,Quechua NH500 Veste Imperméable Hiver Femme,Quechua NH500 여성용 방수 겨울 재킷
3608439313066,Quechua Women's NH500 Waterproof Winter Jacket,Quechua NH500 Veste Imperméable Hiver Femme,Quechua NH500 여성용 방수 겨울 재킷
3608439313271,Quechua NH100 Easy Velcro Snowshoes,Quechua NH100 Easy Velcro Snowshoes,Quechua NH100 Easy Velcro Snowshoes
3608439313288,Quechua NH100 Easy Velcro Snowshoes,Quechua NH100 Easy Velcro Snowshoes,Quechua NH100 Easy Velcro Snowshoes
3608439314636,Quechua NH100 Arpenaz 20 L Hiking Backpack,Quechua NH100 Arpenaz 20 Sac à dos de Randonnée,Quechua NH100 Arpenaz 20 등산 백팩
3608439316692,Quechua Hike 500 Mid Hiking Socks - 2 Pairs,Quechua Hike 500 2 Pairs Chaussettes de Randonnée Mi-saison,Quechua Hike 500 2 Pairs 등산 미드 양말
3608439316708,Quechua Hike 500 Mid Hiking Socks - 2 Pairs,Quechua Hike 500 2 Pairs Chaussettes de Randonnée Mi-saison,Quechua Hike 500 2 Pairs 등산 미드 양말
3608439316715,Quechua Hike 500 Mid Hiking Socks - 2 Pairs,Quechua Hike 500 2 Pairs Chaussettes de Randonnée Mi-saison,Quechua Hike 500 2 Pairs 등산 미드 양말
3608439318481,Quechua MH900 Double-Wall Insulated 500 ml Water Bottle,Quechua MH900 Double-Wall 500 ml Water Bottle Isolant,Quechua MH900 Double-Wall 500 ml Water Bottle 보온
3608439322907,Quechua Women's MH100 Hiking Shoes,Quechua MH100 Chaussures de Randonnée Femme,Quechua MH100 여성용 등산 신발
3608439322921,Quechua Women's MH100 Hiking Shoes,Quechua MH100 Chaussures de Randonnée Femme,Quechua MH100 여성용 등산 신발
3608439322945,Quechua Women's MH100 Hiking Shoes,Quechua MH100 Chaussures de Randonnée Femme,Quechua MH100 여성용 등산 신발
3608439322969,Quechua Women's MH100 Hiking Shoes,Quechua MH100 Chaussures de Randonnée Femme,Quechua MH100 여성용 등산 신발
3608439322983,Quechua Women's MH100 Hiking Shoes,Quechua MH100 Chaussures de Randonnée Femme,Quechua MH100 여성용 등산 신발
3608439323003,Quechua Women's MH100 Hiking Shoes,Quechua MH100 Chaussures de Randonnée Femme,Quechua MH100 여성용 등산 신발
3608439325526,Quechua Men's MH500 Hiking Lightweight Waterproof Jacket,Quechua MH500 Veste Léger Imperméable de Randonnée Homme,Quechua MH500 남성용 경량 방수 등산 재킷
3608439325533,Quechua Men's MH500 Hiking Lightweight Waterproof Jacket,Quechua MH500 Veste Léger Imperméable de Randonnée Homme,Quechua MH500 남성용 경량 방수 등산 재킷
3608439325557,Quechua Men's MH500 Hiking Lightweight Waterproof Jacket,Quechua MH500 Veste Léger Imperméable de Randonnée Homme,Quechua MH500 남성용 경량 방수 등산 재킷
3608439325571,Quechua Men's MH500 Hiking Lightweight Waterproof Jacket,Quechua MH500 Veste Léger Imperméable de Randonnée Homme,Quechua MH500 남성용 경량 방수 등산 재킷
3608439325595,Quechua Men's MH500 Hiking Lightweight Waterproof Jacket,Quechua MH500 Veste Léger Imperméable de Randonnée Homme,Quechua MH500 남성용 경량 방수 등산 재킷
3608439326516,Quechua Women's MH500 Lightweight Waterproof Hiking Jacket,Quechua MH500 Veste Léger Imperméable de Randonnée Femme,Quechua MH500 여성용 경량 방수 등산 재킷
3608439326523,Quechua Women's MH500 Lightweight Waterproof Hiking Jacket,Quechua MH500 Veste Léger Imperméable de Randonnée Femme,Quechua MH500 여성용 경량 방수 등산 재킷
3608439326530,Quechua Women's MH500 Lightweight Waterproof Hiking Jacket,Quechua MH500 Veste Léger Imperméable de Randonnée Femme,Quechua MH500 여성용 경량 방수 등산 재킷
3608439326547,Quechua Women's MH500 Lightweight Waterproof Hiking Jacket,Quechua MH500 Veste Léger Imperméable de Randonnée Femme,Quechua MH500 여성용 경량 방수 등산 재킷
3608439326554,Quechua Women's MH500 Lightweight Waterproof Hiking Jacket,Quechua MH500 Veste Léger Imperméable de Randonnée Femme,Quechua MH500 여성용 경량 방수 등산 재킷
3608439326561,Quechua Women's MH500 Lightweight Waterproof Hiking Jacket,Quechua MH500 Veste Léger Imperméable de Randonnée Femme,Quechua MH500 여성용 경량 방수 등산 재킷
3608439331848,Quechua Women's Waterproof Hiking Boots - NH100 Mid WP,Quechua NH100 WP Bottes Imperméable de Randonnée Mi-saison Femme,Quechua NH100 WP 여성용 방수 등산 미드 부츠
3608439331855,Quechua Women's Waterproof Hiking Boots - NH100 Mid WP,Quechua NH100 WP Bottes Imperméable de Randonnée Mi-saison Femme,Quechua NH100 WP 여성용 방수 등산 미드 부츠
3608439331862,Quechua Women's Waterproof Hiking Boots - NH100 Mid WP,Quechua NH100 WP Bottes Imperméable de Randonnée Mi-saison Femme,Quechua NH100 WP 여성용 방수 등산 미드 부츠
3608439331879,Quechua Women's Waterproof Hiking Boots - NH100 Mid WP,Quechua NH100 WP Bottes Imperméable de Randonnée Mi-saison Femme,Quechua NH100 WP 여성용 방수 등산 미드 부츠
3608439331886,Quechua Women's Waterproof Hiking Boots - NH100 Mid WP,Quechua NH100 WP Bottes Imperméable de Randonnée Mi-saison Femme,Quechua NH100 WP 여성용 방수 등산 미드 부츠
3608439331893,Quechua Women's Waterproof Hiking Boots - NH100 Mid WP,Quechua NH100 WP Bottes Imperméable de Randonnée Mi-saison Femme,Quechua NH100 WP 여성용 방수 등산 미드 부츠
3608439332869,Quechua Comfort Compact Hammock - 2 Person,Quechua Comfort 2 Person Hamac Compact,Quechua Comfort 2 Person 컴팩트 해먹
3608439333071,Quechua 2-Second Easy 2 Person Tent Replacement Half-Structure Kit,Quechua 2-Second Easy 2 Person Replacement Half-Structure Kit Tente,Quechua 2-Second Easy 2 Person Replacement Half-Structure Kit 텐트
3608439336508,Quechua Air Seconds Inflatable Camping Shelter 6 Person *Factory Seconds*,Quechua Air Seconds Inflatable Camping 6 Person *Factory Seconds* Abri,Quechua Air Seconds Inflatable Camping 6 Person *Factory Seconds* 셸터
3608439340116,Quechua Women's SH100 X-Warm Waterproof Mid Snow Boots,Quechua SH100 X- Après-ski Imperméable Chaud Mi-saison Femme,Quechua SH100 X- 여성용 방수 보온 미드 스노우 부츠
3608439340123,Quechua Women's SH100 X-Warm Waterproof Mid Snow Boots,Quechua SH100 X- Après-ski Imperméable Chaud Mi-saison Femme,Quechua SH100 X- 여성용 방수 보온 미드 스노우 부츠
3608439340130,Quechua Women's SH100 X-Warm Waterproof Mid Snow Boots,Quechua SH100 X- Après-ski Imperméable Chaud Mi-saison Femme,Quechua SH100 X- 여성용 방수 보온 미드 스노우 부츠
3608439340147,Quechua Women's SH100 X-Warm Waterproof Mid Snow Boots,Quechua SH100 X- Après-ski Imperméable Chaud Mi-saison Femme,Quechua SH100 X- 여성용 방수 보온 미드 스노우 부츠
3608439340154,Quechua Women's SH100 X-Warm Waterproof Mid Snow Boots,Quechua SH100 X- Après-ski Imperméable Chaud Mi-saison Femme,Quechua SH100 X- 여성용 방수 보온 미드 스노우 부츠
3608439340161,Quechua Women's SH100 X-Warm Waterproof Mid Snow Boots,Quechua SH100 X- Après-ski Imperméable Chaud Mi-saison Femme,Quechua SH100 X- 여성용 방수 보온 미드 스노우 부츠
3608439341663,Quechua Women's SH500 U-Warm Fleece Jacket,Quechua SH500 U- Veste polaire Chaud Femme,Quechua SH500 U- 여성용 보온 플리스 재킷
3608439341670,Quechua Women's SH500 U-Warm Fleece Jacket,Quechua SH500 U- Veste polaire Chaud Femme,Quechua SH500 U- 여성용 보온 플리스 재킷
3608439341687,Quechua Women's SH500 U-Warm Fleece Jacket,Quechua SH500 U- Veste polaire Chaud Femme,Quechua SH500 U- 여성용 보온 플리스 재킷
3608439341694,Quechua Women's SH500 U-Warm Fleece Jacket,Quechua SH500 U- Veste polaire Chaud Femme,Quechua SH500 U- 여성용 보온 플리스 재킷
3608439341700,Quechua Women's SH500 U-Warm Fleece Jacket,Quechua SH500 U- Veste polaire Chaud Femme,Quechua SH500 U- 여성용 보온 플리스 재킷
3608439341717,Quechua Women's SH500 U-Warm Fleece Jacket,Quechua SH500 U- Veste polaire Chaud Femme,Quechua SH500 U- 여성용 보온 플리스 재킷
3608439344374,Quechua Men's SH100 U-Warm Waterproof Snow Boots,Quechua SH100 U- Après-ski Imperméable Chaud Homme,Quechua SH100 U- 남성용 방수 보온 스노우 부츠
3608439344480,Quechua Men's SH100 U-Warm Waterproof Snow Boots,Quechua SH100 U- Après-ski Imperméable Chaud Homme,Quechua SH100 U- 남성용 방수 보온 스노우 부츠
3608439344497,Quechua Men's SH100 U-Warm Waterproof Snow Boots,Quechua SH100 U- Après-ski Imperméable Chaud Homme,Quechua SH100 U- 남성용 방수 보온 스노우 부츠
3608439344503,Quechua Men's SH100 U-Warm Waterproof Snow Boots,Quechua SH100 U- Après-ski Imperméable Chaud Homme,Quechua SH100 U- 남성용 방수 보온 스노우 부츠
3608439344510,Quechua Men's SH100 U-Warm Waterproof Snow Boots,Quechua SH100 U- Après-ski Imperméable Chaud Homme,Quechua SH100 U- 남성용 방수 보온 스노우 부츠
3608439344527,Quechua Men's SH100 U-Warm Waterproof Snow Boots,Quechua SH100 U- Après-ski Imperméable Chaud Homme,Quechua SH100 U- 남성용 방수 보온 스노우 부츠
3608439344534,Quechua Men's SH100 U-Warm Waterproof Snow Boots,Quechua SH100 U- Après-ski Imperméable Chaud Homme,Quechua SH100 U- 남성용 방수 보온 스노우 부츠
3608439344558,Quechua Men's SH100 U-Warm Waterproof Snow Boots,Quechua SH100 U- Après-ski Imperméable Chaud Homme,Quechua SH100 U- 남성용 방수 보온 스노우 부츠
3608439344565,Quechua Men's SH100 U-Warm Waterproof Snow Boots,Quechua SH100 U- Après-ski Imperméable Chaud Homme,Quechua SH100 U- 남성용 방수 보온 스노우 부츠
3608439344763,Quechua Women's SH100 X-Warm Waterproof Mid Hiking Boots,Quechua SH100 X- Bottes Imperméable de Randonnée Chaud Mi-saison Femme,Quechua SH100 X- 여성용 방수 등산 보온 미드 부츠
3608439345005,Quechua Men's SH100 X-Warm Waterproof Hiking Boots,Quechua SH100 X- Bottes Imperméable de Randonnée Chaud Homme,Quechua SH100 X- 남성용 방수 등산 보온 부츠
3608439345012,Quechua Men's SH100 X-Warm Waterproof Hiking Boots,Quechua SH100 X- Bottes Imperméable de Randonnée Chaud Homme,Quechua SH100 X- 남성용 방수 등산 보온 부츠
3608439345029,Quechua Men's SH100 X-Warm Waterproof Hiking Boots,Quechua SH100 X- Bottes Imperméable de Randonnée Chaud Homme,Quechua SH100 X- 남성용 방수 등산 보온 부츠
3608439345036,Quechua Men's SH100 X-Warm Waterproof Hiking Boots,Quechua SH100 X- Bottes Imperméable de Randonnée Chaud Homme,Quechua SH100 X- 남성용 방수 등산 보온 부츠
3608439345043,Quechua Men's SH100 X-Warm Waterproof Hiking Boots,Quechua SH100 X- Bottes Imperméable de Randonnée Chaud Homme,Quechua SH100 X- 남성용 방수 등산 보온 부츠
3608439345067,Quechua Men's SH100 X-Warm Waterproof Hiking Boots,Quechua SH100 X- Bottes Imperméable de Randonnée Chaud Homme,Quechua SH100 X- 남성용 방수 등산 보온 부츠
3608439345104,Quechua Men's SH100 X-Warm Waterproof Hiking Boots,Quechua SH100 X- Bottes Imperméable de Randonnée Chaud Homme,Quechua SH100 X- 남성용 방수 등산 보온 부츠
3608439345128,Quechua Men's SH100 X-Warm Waterproof Hiking Boots,Quechua SH100 X- Bottes Imperméable de Randonnée Chaud Homme,Quechua SH100 X- 남성용 방수 등산 보온 부츠
3608439345135,Quechua Men's SH100 X-Warm Waterproof Hiking Boots,Quechua SH100 X- Bottes Imperméable de Randonnée Chaud Homme,Quechua SH100 X- 남성용 방수 등산 보온 부츠
3608439346163,Quechua Men's MH120 Hiking Fleece,Quechua MH120 Polaire de Randonnée Homme,Quechua MH120 남성용 등산 플리스
3608439346187,Quechua Men's MH120 Hiking Fleece,Quechua MH120 Polaire de Randonnée Homme,Quechua MH120 남성용 등산 플리스
3608439346224,Quechua Men's MH120 Hiking Fleece,Quechua MH120 Polaire de Randonnée Homme,Quechua MH120 남성용 등산 플리스
3608439346248,Quechua Men's MH120 Hiking Fleece,Quechua MH120 Polaire de Randonnée Homme,Quechua MH120 남성용 등산 플리스
3608439346262,Quechua Men's MH120 Hiking Fleece,Quechua MH120 Polaire de Randonnée Homme,Quechua MH120 남성용 등산 플리스
3608439346286,Quechua Men's MH120 Hiking Fleece,Quechua MH120 Polaire de Randonnée Homme,Quechua MH120 남성용 등산 플리스
3608439346309,Quechua Men's MH120 Hiking Fleece,Quechua MH120 Polaire de Randonnée Homme,Quechua MH120 남성용 등산 플리스
3608439346347,Quechua Men's MH100 Hiking Fleece,Quechua MH100 Polaire de Randonnée Homme,Quechua MH100 남성용 등산 플리스
3608439346354,Quechua Men's MH100 Hiking Fleece,Quechua MH100 Polaire de Randonnée Homme,Quechua MH100 남성용 등산 플리스
3608439346569,Quechua Men's MH100 Hiking Fleece,Quechua MH100 Polaire de Randonnée Homme,Quechua MH100 남성용 등산 플리스
3608439346576,Quechua Men's MH100 Hiking Fleece,Quechua MH100 Polaire de Randonnée Homme,Quechua MH100 남성용 등산 플리스
3608439346583,Quechua Men's MH100 Hiking Fleece,Quechua MH100 Polaire de Randonnée Homme,Quechua MH100 남성용 등산 플리스
3608439346590,Quechua Men's MH100 Hiking Fleece,Quechua MH100 Polaire de Randonnée Homme,Quechua MH100 남성용 등산 플리스
3608439346606,Quechua Men's MH100 Hiking Fleece,Quechua MH100 Polaire de Randonnée Homme,Quechua MH100 남성용 등산 플리스
3608439348167,Quechua Kids’ NH100 Lace-Up Hiking Shoes,Quechua NH100 Lace-Up Chaussures de Randonnée Enfant,Quechua NH100 Lace-Up 아동용 등산 신발
3608439348174,Quechua Kids’ NH100 Lace-Up Hiking Shoes,Quechua NH100 Lace-Up Chaussures de Randonnée Enfant,Quechua NH100 Lace-Up 아동용 등산 신발
3608439348181,Quechua Kids’ NH100 Lace-Up Hiking Shoes,Quechua NH100 Lace-Up Chaussures de Randonnée Enfant,Quechua NH100 Lace-Up 아동용 등산 신발
3608439348198,Quechua Kids’ NH100 Lace-Up Hiking Shoes,Quechua NH100 Lace-Up Chaussures de Randonnée Enfant,Quechua NH100 Lace-Up 아동용 등산 신발
3608439348471,Quechua Arpenaz Family Camping Tent 6 Person 3 Room *Factory Seconds*,Quechua Arpenaz Family Camping 6 Person 3 Room *Factory Seconds* Tente,Quechua Arpenaz Family Camping 6 Person 3 Room *Factory Seconds* 텐트
3608439349409,Quechua 2 Second Pop Up Sun Shelter Tent,Quechua 2 Second Pop Up Sun Tent Abri,Quechua 2 Second Pop Up Sun Tent 셸터
3608439350757,Quechua MH900 Double-Wall Insulated 800 ml Water Bottle,Quechua MH900 Double-Wall 800 ml Water Bottle Isolant,Quechua MH900 Double-Wall 800 ml Water Bottle 보온
3608439360145,"Quechua Camp Bed Air 79"" Inflatable Camping Bed Base","Quechua Air 79"" Inflatable Camping Bed Base Lit de camp","Quechua Air 79"" Inflatable Camping Bed Base 캠핑 베드"
3608439362620,Quechua NH50 Arpenaz 10 L Hiking Backpack,Quechua NH50 Arpenaz 10 Sac à dos de Randonnée,Quechua NH50 Arpenaz 10 등산 백팩
3608439362989,Quechua Kids' MH100 5L Hiking Backpack,Quechua MH100 5L Sac à dos de Randonnée Enfant,Quechua MH100 5L 아동용 등산 백팩
3608439363122,Quechua Kids' MH500 Convertible Hiking Pants - Ages 2-6,Quechua MH500 Convertible Ages 2-6 Pantalon de Randonnée Enfant,Quechua MH500 Convertible Ages 2-6 아동용 등산 바지
3608439363139,Quechua Kids' MH500 Convertible Hiking Pants - Ages 2-6,Quechua MH500 Convertible Ages 2-6 Pantalon de Randonnée Enfant,Quechua MH500 Convertible Ages 2-6 아동용 등산 바지
3608439363160,Quechua Kids' MH500 Convertible Hiking Pants - Ages 2-6,Quechua MH500 Convertible Ages 2-6 Pantalon de Randonnée Enfant,Quechua MH500 Convertible Ages 2-6 아동용 등산 바지
3608439363177,Quechua Kids' MH500 Convertible Hiking Pants - Ages 2-6,Quechua MH500 Convertible Ages 2-6 Pantalon de Randonnée Enfant,Quechua MH500 Convertible Ages 2-6 아동용 등산 바지
3608439366086,Quechua Men's MH100 Hiking Shoes,Quechua MH100 Chaussures de Randonnée Homme,Quechua MH100 남성용 등산 신발
3608439366093,Quechua Men's MH100 Hiking Shoes,Quechua MH100 Chaussures de Randonnée Homme,Quechua MH100 남성용 등산 신발
3608439366109,Quechua Men's MH100 Hiking Shoes,Quechua MH100 Chaussures de Randonnée Homme,Quechua MH100 남성용 등산 신발
3608439366116,Quechua Men's MH100 Hiking Shoes,Quechua MH100 Chaussures de Randonnée Homme,Quechua MH100 남성용 등산 신발
3608439366123,Quechua Men's MH100 Hiking Shoes,Quechua MH100 Chaussures de Randonnée Homme,Quechua MH100 남성용 등산 신발
3608439366130,Quechua Men's MH100 Hiking Shoes,Quechua MH100 Chaussures de Randonnée Homme,Quechua MH100 남성용 등산 신발
3608439366147,Quechua Men's MH100 Hiking Shoes,Quechua MH100 Chaussures de Randonnée Homme,Quechua MH100 남성용 등산 신발
3608439366154,Quechua Men's MH100 Hiking Shoes,Quechua MH100 Chaussures de Randonnée Homme,Quechua MH100 남성용 등산 신발
3608439366161,Quechua Men's MH100 Hiking Shoes,Quechua MH100 Chaussures de Randonnée Homme,Quechua MH100 남성용 등산 신발
3608439366802,Quechua Women's NH100 Hiking Pants,Quechua NH100 Pantalon de Randonnée Femme,Quechua NH100 여성용 등산 바지
3608439366833,Quechua Women's NH100 Hiking Pants,Quechua NH100 Pantalon de Randonnée Femme,Quechua NH100 여성용 등산 바지
3608439366857,Quechua Women's NH100 Hiking Pants,Quechua NH100 Pantalon de Randonnée Femme,Quechua NH100 여성용 등산 바지
3608439366888,Quechua Women's NH100 Hiking Pants,Quechua NH100 Pantalon de Randonnée Femme,Quechua NH100 여성용 등산 바지
3608439366918,Quechua Women's NH100 Hiking Pants,Quechua NH100 Pantalon de Randonnée Femme,Quechua NH100 여성용 등산 바지
3608439366932,Quechua Women's NH100 Hiking Pants,Quechua NH100 Pantalon de Randonnée Femme,Quechua NH100 여성용 등산 바지
3608439366949,Quechua Women's NH100 Hiking Pants,Quechua NH100 Pantalon de Randonnée Femme,Quechua NH100 여성용 등산 바지
3608439367946,Quechua Women's NH500 Hiking Skort,Quechua NH500 Jupe-short de Randonnée Femme,Quechua NH500 여성용 등산 스코트
3608439367960,Quechua Women's NH500 Hiking Skort,Quechua NH500 Jupe-short de Randonnée Femme,Quechua NH500 여성용 등산 스코트
3608439367977,Quechua Women's NH500 Hiking Skort,Quechua NH500 Jupe-short de Randonnée Femme,Quechua NH500 여성용 등산 스코트
3608439367991,Quechua Women's NH500 Hiking Skort,Quechua NH500 Jupe-short de Randonnée Femme,Quechua NH500 여성용 등산 스코트
3608439368042,Quechua Women's NH500 Hiking Skort,Quechua NH500 Jupe-short de Randonnée Femme,Quechua NH500 여성용 등산 스코트
3608439368066,Quechua Women's NH500 Hiking Skort,Quechua NH500 Jupe-short de Randonnée Femme,Quechua NH500 여성용 등산 스코트
3608439368080,Quechua Women's NH500 Hiking Skort,Quechua NH500 Jupe-short de Randonnée Femme,Quechua NH500 여성용 등산 스코트
3608439371790,Quechua Kids’ NH100 Velcro Hiking Shoes,Quechua NH100 Velcro Chaussures de Randonnée Enfant,Quechua NH100 Velcro 아동용 등산 신발
3608439371806,Quechua Kids’ NH100 Velcro Hiking Shoes,Quechua NH100 Velcro Chaussures de Randonnée Enfant,Quechua NH100 Velcro 아동용 등산 신발
3608439371813,Quechua Kids’ NH100 Velcro Hiking Shoes,Quechua NH100 Velcro Chaussures de Randonnée Enfant,Quechua NH100 Velcro 아동용 등산 신발
3608439371837,Quechua Kids’ NH100 Velcro Hiking Shoes,Quechua NH100 Velcro Chaussures de Randonnée Enfant,Quechua NH100 Velcro 아동용 등산 신발
3608439371851,Quechua Kids’ NH100 Velcro Hiking Shoes,Quechua NH100 Velcro Chaussures de Randonnée Enfant,Quechua NH100 Velcro 아동용 등산 신발
3608439371868,Quechua Kids’ NH100 Velcro Hiking Shoes,Quechua NH100 Velcro Chaussures de Randonnée Enfant,Quechua NH100 Velcro 아동용 등산 신발
3608439371875,Quechua Kids’ NH100 Velcro Hiking Shoes,Quechua NH100 Velcro Chaussures de Randonnée Enfant,Quechua NH100 Velcro 아동용 등산 신발
3608439371882,Quechua Kids’ NH100 Velcro Hiking Shoes,Quechua NH100 Velcro Chaussures de Randonnée Enfant,Quechua NH100 Velcro 아동용 등산 신발
3608439371899,Quechua Kids’ NH100 Velcro Hiking Shoes,Quechua NH100 Velcro Chaussures de Randonnée Enfant,Quechua NH100 Velcro 아동용 등산 신발
3608439374920,Quechua Men's MH100 Waterproof Mid Hiking Boots,Quechua MH100 Bottes Imperméable de Randonnée Mi-saison Homme,Quechua MH100 남성용 방수 등산 미드 부츠
3608439374937,Quechua Men's MH100 Waterproof Mid Hiking Boots,Quechua MH100 Bottes Imperméable de Randonnée Mi-saison Homme,Quechua MH100 남성용 방수 등산 미드 부츠
3608439374944,Quechua Men's MH100 Waterproof Mid Hiking Boots,Quechua MH100 Bottes Imperméable de Randonnée Mi-saison Homme,Quechua MH100 남성용 방수 등산 미드 부츠
3608439374951,Quechua Men's MH100 Waterproof Mid Hiking Boots,Quechua MH100 Bottes Imperméable de Randonnée Mi-saison Homme,Quechua MH100 남성용 방수 등산 미드 부츠
3608439374968,Quechua Men's MH100 Waterproof Mid Hiking Boots,Quechua MH100 Bottes Imperméable de Randonnée Mi-saison Homme,Quechua MH100 남성용 방수 등산 미드 부츠
3608439374975,Quechua Men's MH100 Waterproof Mid Hiking Boots,Quechua MH100 Bottes Imperméable de Randonnée Mi-saison Homme,Quechua MH100 남성용 방수 등산 미드 부츠
3608439374982,Quechua Men's MH100 Waterproof Mid Hiking Boots,Quechua MH100 Bottes Imperméable de Randonnée Mi-saison Homme,Quechua MH100 남성용 방수 등산 미드 부츠
3608439374999,Quechua Men's MH100 Waterproof Mid Hiking Boots,Quechua MH100 Bottes Imperméable de Randonnée Mi-saison Homme,Quechua MH100 남성용 방수 등산 미드 부츠
3608439375002,Quechua Men's MH100 Waterproof Mid Hiking Boots,Quechua MH100 Bottes Imperméable de Randonnée Mi-saison Homme,Quechua MH100 남성용 방수 등산 미드 부츠
3608439375019,Quechua Men's MH100 Waterproof Mid Hiking Boots,Quechua MH100 Bottes Imperméable de Randonnée Mi-saison Homme,Quechua MH100 남성용 방수 등산 미드 부츠
3608439378904,Quechua Women's MH120 Fleece Jacket,Quechua MH120 Veste polaire Femme,Quechua MH120 여성용 플리스 재킷
3608439378911,Quechua Women's MH120 Fleece Jacket,Quechua MH120 Veste polaire Femme,Quechua MH120 여성용 플리스 재킷
3608439378928,Quechua Women's MH120 Fleece Jacket,Quechua MH120 Veste polaire Femme,Quechua MH120 여성용 플리스 재킷
3608439378935,Quechua Women's MH120 Fleece Jacket,Quechua MH120 Veste polaire Femme,Quechua MH120 여성용 플리스 재킷
3608439378942,Quechua Women's MH120 Fleece Jacket,Quechua MH120 Veste polaire Femme,Quechua MH120 여성용 플리스 재킷
3608439378959,Quechua Women's MH120 Fleece Jacket,Quechua MH120 Veste polaire Femme,Quechua MH120 여성용 플리스 재킷
3608439381119,Quechua Men's NH500 Warm Hiking Fleece Jacket,Quechua NH500 Veste polaire de Randonnée Chaud Homme,Quechua NH500 남성용 등산 보온 플리스 재킷
3608439381171,Quechua Men's NH500 Warm Hiking Fleece Jacket,Quechua NH500 Veste polaire de Randonnée Chaud Homme,Quechua NH500 남성용 등산 보온 플리스 재킷
3608439381188,Quechua Men's NH500 Warm Hiking Fleece Jacket,Quechua NH500 Veste polaire de Randonnée Chaud Homme,Quechua NH500 남성용 등산 보온 플리스 재킷
3608439381195,Quechua Men's NH500 Warm Hiking Fleece Jacket,Quechua NH500 Veste polaire de Randonnée Chaud Homme,Quechua NH500 남성용 등산 보온 플리스 재킷
3608439381201,Quechua Men's NH500 Warm Hiking Fleece Jacket,Quechua NH500 Veste polaire de Randonnée Chaud Homme,Quechua NH500 남성용 등산 보온 플리스 재킷
3608439381218,Quechua Men's NH500 Warm Hiking Fleece Jacket,Quechua NH500 Veste polaire de Randonnée Chaud Homme,Quechua NH500 남성용 등산 보온 플리스 재킷
3608439382901,Quechua Women's MH120 Fleece Jacket,Quechua MH120 Veste polaire Femme,Quechua MH120 여성용 플리스 재킷
3608439382918,Quechua Women's MH120 Fleece Jacket,Quechua MH120 Veste polaire Femme,Quechua MH120 여성용 플리스 재킷
3608439382925,Quechua Women's MH120 Fleece Jacket,Quechua MH120 Veste polaire Femme,Quechua MH120 여성용 플리스 재킷
3608439382932,Quechua Women's MH120 Fleece Jacket,Quechua MH120 Veste polaire Femme,Quechua MH120 여성용 플리스 재킷
3608439382949,Quechua Women's MH120 Fleece Jacket,Quechua MH120 Veste polaire Femme,Quechua MH120 여성용 플리스 재킷
3608439382956,Quechua Women's MH120 Fleece Jacket,Quechua MH120 Veste polaire Femme,Quechua MH120 여성용 플리스 재킷
3608439385025,Quechua Women's MH120 Fleece Jacket,Quechua MH120 Veste polaire Femme,Quechua MH120 여성용 플리스 재킷
3608439385032,Quechua Women's MH120 Fleece Jacket,Quechua MH120 Veste polaire Femme,Quechua MH120 여성용 플리스 재킷
3608439385049,Quechua Women's MH120 Fleece Jacket,Quechua MH120 Veste polaire Femme,Quechua MH120 여성용 플리스 재킷
3608439385056,Quechua Women's MH120 Fleece Jacket,Quechua MH120 Veste polaire Femme,Quechua MH120 여성용 플리스 재킷
3608439385063,Quechua Women's MH120 Fleece Jacket,Quechua MH120 Veste polaire Femme,Quechua MH120 여성용 플리스 재킷
3608439385131,Quechua Women's MH120 Fleece Jacket,Quechua MH120 Veste polaire Femme,Quechua MH120 여성용 플리스 재킷
3608439388996,Forclaz Men's Travel 500 3-in-1 Waterproof Jacket,Forclaz 500 3-in-1 Veste Imperméable Voyage Homme,Forclaz 500 3-in-1 남성용 방수 트래블 재킷
3608439389009,Forclaz Men's Travel 500 3-in-1 Waterproof Jacket,Forclaz 500 3-in-1 Veste Imperméable Voyage Homme,Forclaz 500 3-in-1 남성용 방수 트래블 재킷
3608439389016,Forclaz Men's Travel 500 3-in-1 Waterproof Jacket,Forclaz 500 3-in-1 Veste Imperméable Voyage Homme,Forclaz 500 3-in-1 남성용 방수 트래블 재킷
3608439389023,Forclaz Men's Travel 500 3-in-1 Waterproof Jacket,Forclaz 500 3-in-1 Veste Imperméable Voyage Homme,Forclaz 500 3-in-1 남성용 방수 트래블 재킷
3608439389030,Forclaz Men's Travel 500 3-in-1 Waterproof Jacket,Forclaz 500 3-in-1 Veste Imperméable Voyage Homme,Forclaz 500 3-in-1 남성용 방수 트래블 재킷
3608439389047,Forclaz Men's Travel 500 3-in-1 Waterproof Jacket,Forclaz 500 3-in-1 Veste Imperméable Voyage Homme,Forclaz 500 3-in-1 남성용 방수 트래블 재킷
3608439389108,Quechua Arpenaz Family Camping Tent 4 Person *Factory Seconds*,Quechua Arpenaz Family Camping 4 Person *Factory Seconds* Tente,Quechua Arpenaz Family Camping 4 Person *Factory Seconds* 텐트
3608439396250,Quechua Foot Pump,Quechua Pompe à pied,Quechua 발 펌프
3608439400285,Quechua Kids’ MH500 Convertible Hiking Pants - Ages 7-15,Quechua MH500 Convertible Ages 7-15 Pantalon de Randonnée Enfant,Quechua MH500 Convertible Ages 7-15 아동용 등산 바지
3608439400292,Quechua Kids’ MH500 Convertible Hiking Pants - Ages 7-15,Quechua MH500 Convertible Ages 7-15 Pantalon de Randonnée Enfant,Quechua MH500 Convertible Ages 7-15 아동용 등산 바지
3608439400308,Quechua Kids’ MH500 Convertible Hiking Pants - Ages 7-15,Quechua MH500 Convertible Ages 7-15 Pantalon de Randonnée Enfant,Quechua MH500 Convertible Ages 7-15 아동용 등산 바지
3608439400315,Quechua Kids’ MH500 Convertible Hiking Pants - Ages 7-15,Quechua MH500 Convertible Ages 7-15 Pantalon de Randonnée Enfant,Quechua MH500 Convertible Ages 7-15 아동용 등산 바지
3608439400322,Quechua Kids’ MH500 Convertible Hiking Pants - Ages 7-15,Quechua MH500 Convertible Ages 7-15 Pantalon de Randonnée Enfant,Quechua MH500 Convertible Ages 7-15 아동용 등산 바지
3608439404870,Quechua Women's Waterproof Hiking Boots NH100 Low WP,Quechua NH100 Low WP Bottes Imperméable de Randonnée Femme,Quechua NH100 Low WP 여성용 방수 등산 부츠
3608439404887,Quechua Women's Waterproof Hiking Boots NH100 Low WP,Quechua NH100 Low WP Bottes Imperméable de Randonnée Femme,Quechua NH100 Low WP 여성용 방수 등산 부츠
3608439404894,Quechua Women's Waterproof Hiking Boots NH100 Low WP,Quechua NH100 Low WP Bottes Imperméable de Randonnée Femme,Quechua NH100 Low WP 여성용 방수 등산 부츠
3608439404900,Quechua Women's Waterproof Hiking Boots NH100 Low WP,Quechua NH100 Low WP Bottes Imperméable de Randonnée Femme,Quechua NH100 Low WP 여성용 방수 등산 부츠
3608439404917,Quechua Women's Waterproof Hiking Boots NH100 Low WP,Quechua NH100 Low WP Bottes Imperméable de Randonnée Femme,Quechua NH100 Low WP 여성용 방수 등산 부츠
3608439404924,Quechua Women's Waterproof Hiking Boots NH100 Low WP,Quechua NH100 Low WP Bottes Imperméable de Randonnée Femme,Quechua NH100 Low WP 여성용 방수 등산 부츠
3608439404931,Quechua Women's Waterproof Hiking Boots NH100 Low WP,Quechua NH100 Low WP Bottes Imperméable de Randonnée Femme,Quechua NH100 Low WP 여성용 방수 등산 부츠
3608439412813,Quechua NH50 Arpenaz 10 L Hiking Backpack,Quechua NH50 Arpenaz 10 Sac à dos de Randonnée,Quechua NH50 Arpenaz 10 등산 백팩
3608439412820,Quechua NH100 Arpenaz 20 L Hiking Backpack,Quechua NH100 Arpenaz 20 Sac à dos de Randonnée,Quechua NH100 Arpenaz 20 등산 백팩
3608439437632,Forclaz Men's Travel 500 3-in-1 Waterproof Jacket,Forclaz 500 3-in-1 Veste Imperméable Voyage Homme,Forclaz 500 3-in-1 남성용 방수 트래블 재킷
3608439437656,Forclaz Men's Travel 500 3-in-1 Waterproof Jacket,Forclaz 500 3-in-1 Veste Imperméable Voyage Homme,Forclaz 500 3-in-1 남성용 방수 트래블 재킷
3608439437670,Forclaz Men's Travel 500 3-in-1 Waterproof Jacket,Forclaz 500 3-in-1 Veste Imperméable Voyage Homme,Forclaz 500 3-in-1 남성용 방수 트래블 재킷
3608439437694,Forclaz Men's Travel 500 3-in-1 Waterproof Jacket,Forclaz 500 3-in-1 Veste Imperméable Voyage Homme,Forclaz 500 3-in-1 남성용 방수 트래블 재킷
3608439437731,Forclaz Men's Travel 500 3-in-1 Waterproof Jacket,Forclaz 500 3-in-1 Veste Imperméable Voyage Homme,Forclaz 500 3-in-1 남성용 방수 트래블 재킷
3608439437748,Forclaz Men's Travel 500 3-in-1 Waterproof Jacket,Forclaz 500 3-in-1 Veste Imperméable Voyage Homme,Forclaz 500 3-in-1 남성용 방수 트래블 재킷
3608439438110,Simond Men's Travel 500 Merino Wool Long-sleeve Shirt,Simond 500 Haut Manches longues Mérinos Voyage Laine Homme,Simond 500 남성용 긴팔 메리노 트래블 울 셔츠
3608439438127,Simond Men's Travel 500 Merino Wool Long-sleeve Shirt,Simond 500 Haut Manches longues Mérinos Voyage Laine Homme,Simond 500 남성용 긴팔 메리노 트래블 울 셔츠
3608439438134,Simond Men's Travel 500 Merino Wool Long-sleeve Shirt,Simond 500 Haut Manches longues Mérinos Voyage Laine Homme,Simond 500 남성용 긴팔 메리노 트래블 울 셔츠
3608439438141,Simond Men's Travel 500 Merino Wool Long-sleeve Shirt,Simond 500 Haut Manches longues Mérinos Voyage Laine Homme,Simond 500 남성용 긴팔 메리노 트래블 울 셔츠
3608439438158,Simond Men's Travel 500 Merino Wool Long-sleeve Shirt,Simond 500 Haut Manches longues Mérinos Voyage Laine Homme,Simond 500 남성용 긴팔 메리노 트래블 울 셔츠
3608439438271,Quechua 2 Second Fresh & Black Waterproof Pop Up Camping Tent 3 Person,Quechua 2 Second Fresh Black Pop Up Camping 3 Person Tente Imperméable,Quechua 2 Second Fresh Black Pop Up Camping 3 Person 방수 텐트
3608439445460,Forclaz MT500 Lightweight Packable Hiking Sandals,Forclaz MT500 Packable Sandales Léger de Randonnée,Forclaz MT500 Packable 경량 등산 샌들
3608439445477,Forclaz MT500 Lightweight Packable Hiking Sandals,Forclaz MT500 Packable Sandales Léger de Randonnée,Forclaz MT500 Packable 경량 등산 샌들
3608439445484,Forclaz MT500 Lightweight Packable Hiking Sandals,Forclaz MT500 Packable Sandales Léger de Randonnée,Forclaz MT500 Packable 경량 등산 샌들
3608439445491,Forclaz MT500 Lightweight Packable Hiking Sandals,Forclaz MT500 Packable Sandales Léger de Randonnée,Forclaz MT500 Packable 경량 등산 샌들
3608439445507,Forclaz MT500 Lightweight Packable Hiking Sandals,Forclaz MT500 Packable Sandales Léger de Randonnée,Forclaz MT500 Packable 경량 등산 샌들
3608439445514,Forclaz MT500 Lightweight Packable Hiking Sandals,Forclaz MT500 Packable Sandales Léger de Randonnée,Forclaz MT500 Packable 경량 등산 샌들
3608439445521,Forclaz MT500 Lightweight Packable Hiking Sandals,Forclaz MT500 Packable Sandales Léger de Randonnée,Forclaz MT500 Packable 경량 등산 샌들
3608439445538,Forclaz MT500 Lightweight Packable Hiking Sandals,Forclaz MT500 Packable Sandales Léger de Randonnée,Forclaz MT500 Packable 경량 등산 샌들
3608439445552,Forclaz MT500 Lightweight Packable Hiking Sandals,Forclaz MT500 Packable Sandales Léger de Randonnée,Forclaz MT500 Packable 경량 등산 샌들
3608439445569,Forclaz MT500 Lightweight Packable Hiking Sandals,Forclaz MT500 Packable Sandales Léger de Randonnée,Forclaz MT500 Packable 경량 등산 샌들
3608439450198,Forclaz MT100 Comfort Hiking Pole (Single Pole),Forclaz MT100 Comfort (Single Pole) Bâton de randonnée,Forclaz MT100 Comfort (Single Pole) 등산 스틱
3608439450211,Forclaz MT500 Hiking Pole (Single Pole),Forclaz MT500 (Single Pole) Bâton de randonnée,Forclaz MT500 (Single Pole) 등산 스틱
3608439451430,Quechua Men's Hiking Synthetic Short-Sleeved T-Shirt MH100,Quechua Synthetic Short-Sleeved MH100 T-shirt de Randonnée Homme,Quechua Synthetic Short-Sleeved MH100 남성용 등산 티셔츠
3608439453243,Quechua Women's Raincut Waterproof Over-Pants,Quechua Raincut Over- Pantalon Imperméable Femme,Quechua Raincut Over- 여성용 방수 바지
3608439453267,Quechua Women's Raincut Waterproof Over-Pants,Quechua Raincut Over- Pantalon Imperméable Femme,Quechua Raincut Over- 여성용 방수 바지
3608439453298,Quechua Women's Raincut Waterproof Over-Pants,Quechua Raincut Over- Pantalon Imperméable Femme,Quechua Raincut Over- 여성용 방수 바지
3608439453328,Quechua Women's Raincut Waterproof Over-Pants,Quechua Raincut Over- Pantalon Imperméable Femme,Quechua Raincut Over- 여성용 방수 바지
3608439453342,Quechua Women's Raincut Waterproof Over-Pants,Quechua Raincut Over- Pantalon Imperméable Femme,Quechua Raincut Over- 여성용 방수 바지
3608439453366,Quechua Women's Raincut Waterproof Over-Pants,Quechua Raincut Over- Pantalon Imperméable Femme,Quechua Raincut Over- 여성용 방수 바지
3608439453472,Quechua Women's Raincut Waterproof Over-Pants,Quechua Raincut Over- Pantalon Imperméable Femme,Quechua Raincut Over- 여성용 방수 바지
3608439455490,Quechua Women's MH100 T-Shirt,Quechua MH100 T-shirt Femme,Quechua MH100 여성용 티셔츠
3608439455506,Quechua Women's MH100 T-Shirt,Quechua MH100 T-shirt Femme,Quechua MH100 여성용 티셔츠
3608439455513,Quechua Women's MH100 T-Shirt,Quechua MH100 T-shirt Femme,Quechua MH100 여성용 티셔츠
3608439455520,Quechua Women's MH100 T-Shirt,Quechua MH100 T-shirt Femme,Quechua MH100 여성용 티셔츠
3608439455537,Quechua Women's MH100 T-Shirt,Quechua MH100 T-shirt Femme,Quechua MH100 여성용 티셔츠
3608439455544,Quechua Women's MH100 T-Shirt,Quechua MH100 T-shirt Femme,Quechua MH100 여성용 티셔츠
3608439456947,Quechua Women's MH100 Waterproof Hiking Rain Jacket,Quechua MH100 Veste de pluie Imperméable de Randonnée Femme,Quechua MH100 여성용 방수 등산 레인 재킷
3608439456954,Quechua Women's MH100 Waterproof Hiking Rain Jacket,Quechua MH100 Veste de pluie Imperméable de Randonnée Femme,Quechua MH100 여성용 방수 등산 레인 재킷
3608439456961,Quechua Women's MH100 Waterproof Hiking Rain Jacket,Quechua MH100 Veste de pluie Imperméable de Randonnée Femme,Quechua MH100 여성용 방수 등산 레인 재킷
3608439456978,Quechua Women's MH100 Waterproof Hiking Rain Jacket,Quechua MH100 Veste de pluie Imperméable de Randonnée Femme,Quechua MH100 여성용 방수 등산 레인 재킷
3608439456985,Quechua Women's MH100 Waterproof Hiking Rain Jacket,Quechua MH100 Veste de pluie Imperméable de Randonnée Femme,Quechua MH100 여성용 방수 등산 레인 재킷
3608439456992,Quechua Women's MH100 Waterproof Hiking Rain Jacket,Quechua MH100 Veste de pluie Imperméable de Randonnée Femme,Quechua MH100 여성용 방수 등산 레인 재킷
3608439457005,Quechua Women's MH100 Waterproof Hiking Rain Jacket,Quechua MH100 Veste de pluie Imperméable de Randonnée Femme,Quechua MH100 여성용 방수 등산 레인 재킷
3608439457012,Quechua Women's MH100 Waterproof Hiking Rain Jacket,Quechua MH100 Veste de pluie Imperméable de Randonnée Femme,Quechua MH100 여성용 방수 등산 레인 재킷
3608439457029,Quechua Women's MH100 Waterproof Hiking Rain Jacket,Quechua MH100 Veste de pluie Imperméable de Randonnée Femme,Quechua MH100 여성용 방수 등산 레인 재킷
3608439457036,Quechua Women's MH100 Waterproof Hiking Rain Jacket,Quechua MH100 Veste de pluie Imperméable de Randonnée Femme,Quechua MH100 여성용 방수 등산 레인 재킷
3608439457043,Quechua Women's MH100 Waterproof Hiking Rain Jacket,Quechua MH100 Veste de pluie Imperméable de Randonnée Femme,Quechua MH100 여성용 방수 등산 레인 재킷
3608439457050,Quechua Women's MH100 Waterproof Hiking Rain Jacket,Quechua MH100 Veste de pluie Imperméable de Randonnée Femme,Quechua MH100 여성용 방수 등산 레인 재킷
3608439457067,Quechua Women's MH100 Waterproof Hiking Rain Jacket,Quechua MH100 Veste de pluie Imperméable de Randonnée Femme,Quechua MH100 여성용 방수 등산 레인 재킷
3608439460524,Forclaz Trek 100 Folding Foam Hiking Mattress,Forclaz Trek 100 Folding Matelas de Randonnée Mousse,Forclaz Trek 100 Folding 등산 폼 매트리스
3608439462788,Quechua MH100 1.6 L Stainless Steel 2-Person Camping Cookset,Quechua MH100 1.6 Stainless Steel 2-Person Camping Popote,Quechua MH100 1.6 Stainless Steel 2-Person Camping 쿡세트
3608439483486,Forclaz Women's MT100 Down Puffer Vest,Forclaz MT100 Gilet Doudoune Duvet Femme,Forclaz MT100 여성용 패딩 다운 조끼
3608439483493,Forclaz Women's MT100 Down Puffer Vest,Forclaz MT100 Gilet Doudoune Duvet Femme,Forclaz MT100 여성용 패딩 다운 조끼
3608439483509,Forclaz Women's MT100 Down Puffer Vest,Forclaz MT100 Gilet Doudoune Duvet Femme,Forclaz MT100 여성용 패딩 다운 조끼
3608439483516,Forclaz Women's MT100 Down Puffer Vest,Forclaz MT100 Gilet Doudoune Duvet Femme,Forclaz MT100 여성용 패딩 다운 조끼
3608439483523,Forclaz Women's MT100 Down Puffer Vest,Forclaz MT100 Gilet Doudoune Duvet Femme,Forclaz MT100 여성용 패딩 다운 조끼
3608439483530,Forclaz Women's MT100 Down Puffer Vest,Forclaz MT100 Gilet Doudoune Duvet Femme,Forclaz MT100 여성용 패딩 다운 조끼
3608439486685,Quechua Women's MH100 Waterproof Mid Hiking Shoes,Quechua MH100 Chaussures Imperméable de Randonnée Mi-saison Femme,Quechua MH100 여성용 방수 등산 미드 신발
3608439486692,Quechua Women's MH100 Waterproof Mid Hiking Shoes,Quechua MH100 Chaussures Imperméable de Randonnée Mi-saison Femme,Quechua MH100 여성용 방수 등산 미드 신발
3608439486708,Quechua Women's MH100 Waterproof Mid Hiking Shoes,Quechua MH100 Chaussures Imperméable de Randonnée Mi-saison Femme,Quechua MH100 여성용 방수 등산 미드 신발
3608439486715,Quechua Women's MH100 Waterproof Mid Hiking Shoes,Quechua MH100 Chaussures Imperméable de Randonnée Mi-saison Femme,Quechua MH100 여성용 방수 등산 미드 신발
3608439486722,Quechua Women's MH100 Waterproof Mid Hiking Shoes,Quechua MH100 Chaussures Imperméable de Randonnée Mi-saison Femme,Quechua MH100 여성용 방수 등산 미드 신발
3608439486739,Quechua Women's MH100 Waterproof Mid Hiking Shoes,Quechua MH100 Chaussures Imperméable de Randonnée Mi-saison Femme,Quechua MH100 여성용 방수 등산 미드 신발
3608439488689,Quechua Adult MT500 Backpacking Silk Liner Gloves,Quechua MT500 Silk Liner Gants Trekking Adulte,Quechua MT500 Silk Liner 성인용 백패킹 장갑
3608439488696,Quechua Adult MT500 Backpacking Silk Liner Gloves,Quechua MT500 Silk Liner Gants Trekking Adulte,Quechua MT500 Silk Liner 성인용 백패킹 장갑
3608439488702,Quechua Adult MT500 Backpacking Silk Liner Gloves,Quechua MT500 Silk Liner Gants Trekking Adulte,Quechua MT500 Silk Liner 성인용 백패킹 장갑
3608439488719,Quechua Adult MT500 Backpacking Silk Liner Gloves,Quechua MT500 Silk Liner Gants Trekking Adulte,Quechua MT500 Silk Liner 성인용 백패킹 장갑
3608439488726,Quechua Adult MT500 Backpacking Silk Liner Gloves,Quechua MT500 Silk Liner Gants Trekking Adulte,Quechua MT500 Silk Liner 성인용 백패킹 장갑
3608439488733,Quechua Adult MT500 Backpacking Silk Liner Gloves,Quechua MT500 Silk Liner Gants Trekking Adulte,Quechua MT500 Silk Liner 성인용 백패킹 장갑
3608439509896,Quechua Women's Raincut Full Zip Windproof and Water-repellent Rain Jacket,Quechua Raincut Full Zip Windproof and Veste de pluie Déperlant Femme,Quechua Raincut Full Zip Windproof and 여성용 발수 레인 재킷
3608439509919,Quechua Women's Raincut Full Zip Windproof and Water-repellent Rain Jacket,Quechua Raincut Full Zip Windproof and Veste de pluie Déperlant Femme,Quechua Raincut Full Zip Windproof and 여성용 발수 레인 재킷
3608439509926,Quechua Women's Raincut Full Zip Windproof and Water-repellent Rain Jacket,Quechua Raincut Full Zip Windproof and Veste de pluie Déperlant Femme,Quechua Raincut Full Zip Windproof and 여성용 발수 레인 재킷
3608439509933,Quechua Women's Raincut Full Zip Windproof and Water-repellent Rain Jacket,Quechua Raincut Full Zip Windproof and Veste de pluie Déperlant Femme,Quechua Raincut Full Zip Windproof and 여성용 발수 레인 재킷
3608439509940,Quechua Women's Raincut Full Zip Windproof and Water-repellent Rain Jacket,Quechua Raincut Full Zip Windproof and Veste de pluie Déperlant Femme,Quechua Raincut Full Zip Windproof and 여성용 발수 레인 재킷
3608439511875,Simond 500 Extend 40-60 L Duffel Bag,Simond 500 Extend 40-60 Duffel Bag,Simond 500 Extend 40-60 Duffel Bag
3608439511899,Simond 500 Extend 40-60 L Duffel Bag,Simond 500 Extend 40-60 Duffel Bag,Simond 500 Extend 40-60 Duffel Bag
3608439551260,Quechua Men's NH100 Warm Waterproof High Hiking Boots,Quechua NH100 High Bottes Imperméable de Randonnée Chaud Homme,Quechua NH100 High 남성용 방수 등산 보온 부츠
3608439551277,Quechua Men's NH100 Warm Waterproof High Hiking Boots,Quechua NH100 High Bottes Imperméable de Randonnée Chaud Homme,Quechua NH100 High 남성용 방수 등산 보온 부츠
3608439551284,Quechua Men's NH100 Warm Waterproof High Hiking Boots,Quechua NH100 High Bottes Imperméable de Randonnée Chaud Homme,Quechua NH100 High 남성용 방수 등산 보온 부츠
3608439551291,Quechua Men's NH100 Warm Waterproof High Hiking Boots,Quechua NH100 High Bottes Imperméable de Randonnée Chaud Homme,Quechua NH100 High 남성용 방수 등산 보온 부츠
3608439551338,Quechua Men's NH100 Warm Waterproof High Hiking Boots,Quechua NH100 High Bottes Imperméable de Randonnée Chaud Homme,Quechua NH100 High 남성용 방수 등산 보온 부츠
3608439551345,Quechua Men's NH100 Warm Waterproof High Hiking Boots,Quechua NH100 High Bottes Imperméable de Randonnée Chaud Homme,Quechua NH100 High 남성용 방수 등산 보온 부츠
3608439551352,Quechua Men's NH100 Warm Waterproof High Hiking Boots,Quechua NH100 High Bottes Imperméable de Randonnée Chaud Homme,Quechua NH100 High 남성용 방수 등산 보온 부츠
3608439551369,Quechua Men's NH100 Warm Waterproof High Hiking Boots,Quechua NH100 High Bottes Imperméable de Randonnée Chaud Homme,Quechua NH100 High 남성용 방수 등산 보온 부츠
3608439551376,Quechua Men's NH100 Warm Waterproof High Hiking Boots,Quechua NH100 High Bottes Imperméable de Randonnée Chaud Homme,Quechua NH100 High 남성용 방수 등산 보온 부츠
3608439553189,Quechua Women's SH100 MID Warm and Waterproof Hiking Boots,Quechua SH100 and Bottes Imperméable de Randonnée Chaud Mi-saison Femme,Quechua SH100 and 여성용 방수 등산 보온 미드 부츠
3608439553196,Quechua Women's SH100 MID Warm and Waterproof Hiking Boots,Quechua SH100 and Bottes Imperméable de Randonnée Chaud Mi-saison Femme,Quechua SH100 and 여성용 방수 등산 보온 미드 부츠
3608439553202,Quechua Women's SH100 MID Warm and Waterproof Hiking Boots,Quechua SH100 and Bottes Imperméable de Randonnée Chaud Mi-saison Femme,Quechua SH100 and 여성용 방수 등산 보온 미드 부츠
3608439553219,Quechua Women's SH100 MID Warm and Waterproof Hiking Boots,Quechua SH100 and Bottes Imperméable de Randonnée Chaud Mi-saison Femme,Quechua SH100 and 여성용 방수 등산 보온 미드 부츠
3608439553226,Quechua Women's SH100 MID Warm and Waterproof Hiking Boots,Quechua SH100 and Bottes Imperméable de Randonnée Chaud Mi-saison Femme,Quechua SH100 and 여성용 방수 등산 보온 미드 부츠
3608439553233,Quechua Women's SH100 MID Warm and Waterproof Hiking Boots,Quechua SH100 and Bottes Imperméable de Randonnée Chaud Mi-saison Femme,Quechua SH100 and 여성용 방수 등산 보온 미드 부츠
3608439553240,Quechua Women's SH100 MID Warm and Waterproof Hiking Boots,Quechua SH100 and Bottes Imperméable de Randonnée Chaud Mi-saison Femme,Quechua SH100 and 여성용 방수 등산 보온 미드 부츠
3608439597503,Quechua Women's SH100 Warm Waterproof Mid Snow Boots,Quechua SH100 Après-ski Imperméable Chaud Mi-saison Femme,Quechua SH100 여성용 방수 보온 미드 스노우 부츠
3608439597510,Quechua Women's SH100 Warm Waterproof Mid Snow Boots,Quechua SH100 Après-ski Imperméable Chaud Mi-saison Femme,Quechua SH100 여성용 방수 보온 미드 스노우 부츠
3608439597527,Quechua Women's SH100 Warm Waterproof Mid Snow Boots,Quechua SH100 Après-ski Imperméable Chaud Mi-saison Femme,Quechua SH100 여성용 방수 보온 미드 스노우 부츠
3608439597534,Quechua Women's SH100 Warm Waterproof Mid Snow Boots,Quechua SH100 Après-ski Imperméable Chaud Mi-saison Femme,Quechua SH100 여성용 방수 보온 미드 스노우 부츠
3608439605567,Men's SH100 Warm Waterproof Snow Boots,SH100 Après-ski Imperméable Chaud Homme,SH100 남성용 방수 보온 스노우 부츠
3608439605574,Men's SH100 Warm Waterproof Snow Boots,SH100 Après-ski Imperméable Chaud Homme,SH100 남성용 방수 보온 스노우 부츠
3608439605581,Men's SH100 Warm Waterproof Snow Boots,SH100 Après-ski Imperméable Chaud Homme,SH100 남성용 방수 보온 스노우 부츠
3608439605598,Men's SH100 Warm Waterproof Snow Boots,SH100 Après-ski Imperméable Chaud Homme,SH100 남성용 방수 보온 스노우 부츠
3608439605604,Men's SH100 Warm Waterproof Snow Boots,SH100 Après-ski Imperméable Chaud Homme,SH100 남성용 방수 보온 스노우 부츠
3608439667671,Simond Men's MT500 Down Puffer Jacket,Simond MT500 Doudoune Duvet Homme,Simond MT500 남성용 다운 패딩 재킷
3608439667688,Simond Men's MT500 Down Puffer Jacket,Simond MT500 Doudoune Duvet Homme,Simond MT500 남성용 다운 패딩 재킷
3608439667701,Simond Men's MT500 Down Puffer Jacket,Simond MT500 Doudoune Duvet Homme,Simond MT500 남성용 다운 패딩 재킷
3608439667718,Simond Men's MT500 Down Puffer Jacket,Simond MT500 Doudoune Duvet Homme,Simond MT500 남성용 다운 패딩 재킷
3608439667725,Simond Men's MT500 Down Puffer Jacket,Simond MT500 Doudoune Duvet Homme,Simond MT500 남성용 다운 패딩 재킷
3608439667732,Simond Men's MT500 Down Puffer Jacket,Simond MT500 Doudoune Duvet Homme,Simond MT500 남성용 다운 패딩 재킷
3608439670732,Simond Men's MT500 Down Puffer Vest,Simond MT500 Gilet Doudoune Duvet Homme,Simond MT500 남성용 패딩 다운 조끼
3608439670749,Simond Men's MT500 Down Puffer Vest,Simond MT500 Gilet Doudoune Duvet Homme,Simond MT500 남성용 패딩 다운 조끼
3608439670756,Simond Men's MT500 Down Puffer Vest,Simond MT500 Gilet Doudoune Duvet Homme,Simond MT500 남성용 패딩 다운 조끼
3608439670763,Simond Men's MT500 Down Puffer Vest,Simond MT500 Gilet Doudoune Duvet Homme,Simond MT500 남성용 패딩 다운 조끼
3608439670770,Simond Men's MT500 Down Puffer Vest,Simond MT500 Gilet Doudoune Duvet Homme,Simond MT500 남성용 패딩 다운 조끼
3608439670787,Simond Men's MT500 Down Puffer Vest,Simond MT500 Gilet Doudoune Duvet Homme,Simond MT500 남성용 패딩 다운 조끼
3608439685880,Simond Women's Travel 100 Merino Wool Long-sleeve Shirt,Simond 100 Haut Manches longues Mérinos Voyage Laine Femme,Simond 100 여성용 긴팔 메리노 트래블 울 셔츠
3608439685897,Simond Women's Travel 100 Merino Wool Long-sleeve Shirt,Simond 100 Haut Manches longues Mérinos Voyage Laine Femme,Simond 100 여성용 긴팔 메리노 트래블 울 셔츠
3608439685903,Simond Women's Travel 100 Merino Wool Long-sleeve Shirt,Simond 100 Haut Manches longues Mérinos Voyage Laine Femme,Simond 100 여성용 긴팔 메리노 트래블 울 셔츠
3608439685927,Simond Women's Travel 100 Merino Wool Long-sleeve Shirt,Simond 100 Haut Manches longues Mérinos Voyage Laine Femme,Simond 100 여성용 긴팔 메리노 트래블 울 셔츠
3608439686177,Simond Women's Travel 100 Merino Wool Long-sleeve Shirt,Simond 100 Haut Manches longues Mérinos Voyage Laine Femme,Simond 100 여성용 긴팔 메리노 트래블 울 셔츠
3608439687914,Quechua Men's Hiking Synthetic Short-Sleeved T-Shirt MH100,Quechua Synthetic Short-Sleeved MH100 T-shirt de Randonnée Homme,Quechua Synthetic Short-Sleeved MH100 남성용 등산 티셔츠
3608439687921,Quechua Men's Hiking Synthetic Short-Sleeved T-Shirt MH100,Quechua Synthetic Short-Sleeved MH100 T-shirt de Randonnée Homme,Quechua Synthetic Short-Sleeved MH100 남성용 등산 티셔츠
3608439687976,Quechua Men's Hiking Synthetic Short-Sleeved T-Shirt MH100,Quechua Synthetic Short-Sleeved MH100 T-shirt de Randonnée Homme,Quechua Synthetic Short-Sleeved MH100 남성용 등산 티셔츠
3608439687983,Quechua Men's Hiking Synthetic Short-Sleeved T-Shirt MH100,Quechua Synthetic Short-Sleeved MH100 T-shirt de Randonnée Homme,Quechua Synthetic Short-Sleeved MH100 남성용 등산 티셔츠
3608439688003,Quechua Men's Hiking Synthetic Short-Sleeved T-Shirt MH100,Quechua Synthetic Short-Sleeved MH100 T-shirt de Randonnée Homme,Quechua Synthetic Short-Sleeved MH100 남성용 등산 티셔츠
3608439688027,Quechua Men's Hiking Synthetic Short-Sleeved T-Shirt MH100,Quechua Synthetic Short-Sleeved MH100 T-shirt de Randonnée Homme,Quechua Synthetic Short-Sleeved MH100 남성용 등산 티셔츠
3608439688034,Quechua Men's Hiking Synthetic Short-Sleeved T-Shirt MH100,Quechua Synthetic Short-Sleeved MH100 T-shirt de Randonnée Homme,Quechua Synthetic Short-Sleeved MH100 남성용 등산 티셔츠
3608439934582,Quechua Men's MH120 Fleece Vest,Quechua MH120 Gilet polaire Homme,Quechua MH120 남성용 플리스 조끼
3608439934971,Quechua Men's MH120 Fleece Vest,Quechua MH120 Gilet polaire Homme,Quechua MH120 남성용 플리스 조끼
3608439935053,Quechua Men's MH120 Fleece Vest,Quechua MH120 Gilet polaire Homme,Quechua MH120 남성용 플리스 조끼
3608439935084,Quechua Men's MH120 Fleece Vest,Quechua MH120 Gilet polaire Homme,Quechua MH120 남성용 플리스 조끼
3608439935121,Quechua Men's MH120 Fleece Vest,Quechua MH120 Gilet polaire Homme,Quechua MH120 남성용 플리스 조끼
3608449803700,Wedze Men's Warm Ski Jacket 500,Wedze 500 Veste Chaud de Ski Homme,Wedze 500 남성용 보온 스키 재킷
3608449803717,Wedze Men's Warm Ski Jacket 500,Wedze 500 Veste Chaud de Ski Homme,Wedze 500 남성용 보온 스키 재킷
3608449803731,Wedze Men's Warm Ski Jacket 500,Wedze 500 Veste Chaud de Ski Homme,Wedze 500 남성용 보온 스키 재킷
3608449803748,Wedze Men's Warm Ski Jacket 500,Wedze 500 Veste Chaud de Ski Homme,Wedze 500 남성용 보온 스키 재킷
3608449803755,Wedze Men's Warm Ski Jacket 500,Wedze 500 Veste Chaud de Ski Homme,Wedze 500 남성용 보온 스키 재킷
3608449803762,Wedze Men's Warm Ski Jacket 500,Wedze 500 Veste Chaud de Ski Homme,Wedze 500 남성용 보온 스키 재킷
3608449804271,Wedze Women's 500 Waterproof Ski Jacket,Wedze 500 Veste Imperméable de Ski Femme,Wedze 500 여성용 방수 스키 재킷
3608449804295,Wedze Women's 500 Waterproof Ski Jacket,Wedze 500 Veste Imperméable de Ski Femme,Wedze 500 여성용 방수 스키 재킷
3608449804301,Wedze Women's 500 Waterproof Ski Jacket,Wedze 500 Veste Imperméable de Ski Femme,Wedze 500 여성용 방수 스키 재킷
3608449804318,Wedze Women's 500 Waterproof Ski Jacket,Wedze 500 Veste Imperméable de Ski Femme,Wedze 500 여성용 방수 스키 재킷
3608449804325,Wedze Women's 500 Waterproof Ski Jacket,Wedze 500 Veste Imperméable de Ski Femme,Wedze 500 여성용 방수 스키 재킷
3608449805117,Wedze Women's BL500 Ski Base Layer Top,Wedze BL500 Top Sous-vêtement technique de Ski Femme,Wedze BL500 Top 여성용 스키 베이스레이어
3608449805124,Wedze Women's BL500 Ski Base Layer Top,Wedze BL500 Top Sous-vêtement technique de Ski Femme,Wedze BL500 Top 여성용 스키 베이스레이어
3608449805131,Wedze Women's BL500 Ski Base Layer Top,Wedze BL500 Top Sous-vêtement technique de Ski Femme,Wedze BL500 Top 여성용 스키 베이스레이어
3608449805148,Wedze Women's BL500 Ski Base Layer Top,Wedze BL500 Top Sous-vêtement technique de Ski Femme,Wedze BL500 Top 여성용 스키 베이스레이어
3608449805155,Wedze Women's BL500 Ski Base Layer Top,Wedze BL500 Top Sous-vêtement technique de Ski Femme,Wedze BL500 Top 여성용 스키 베이스레이어
3608449805162,Wedze Women's BL500 Ski Base Layer Top,Wedze BL500 Top Sous-vêtement technique de Ski Femme,Wedze BL500 Top 여성용 스키 베이스레이어
3608449805179,Wedze Women's BL500 Ski Base Layer Bottoms,Wedze BL500 Bottoms Sous-vêtement technique de Ski Femme,Wedze BL500 Bottoms 여성용 스키 베이스레이어
3608449805186,Wedze Women's BL500 Ski Base Layer Bottoms,Wedze BL500 Bottoms Sous-vêtement technique de Ski Femme,Wedze BL500 Bottoms 여성용 스키 베이스레이어
3608449805193,Wedze Women's BL500 Ski Base Layer Bottoms,Wedze BL500 Bottoms Sous-vêtement technique de Ski Femme,Wedze BL500 Bottoms 여성용 스키 베이스레이어
3608449805209,Wedze Women's BL500 Ski Base Layer Bottoms,Wedze BL500 Bottoms Sous-vêtement technique de Ski Femme,Wedze BL500 Bottoms 여성용 스키 베이스레이어
3608449805216,Wedze Women's BL500 Ski Base Layer Bottoms,Wedze BL500 Bottoms Sous-vêtement technique de Ski Femme,Wedze BL500 Bottoms 여성용 스키 베이스레이어
3608449805223,Wedze Women's BL500 Ski Base Layer Bottoms,Wedze BL500 Bottoms Sous-vêtement technique de Ski Femme,Wedze BL500 Bottoms 여성용 스키 베이스레이어
3608449805926,Wedze Men's BL 500 Thermal Ski Base Layer,Wedze BL 500 Sous-vêtement technique Thermique de Ski Homme,Wedze BL 500 남성용 발열 스키 베이스레이어
3608449805933,Wedze Men's BL 500 Thermal Ski Base Layer,Wedze BL 500 Sous-vêtement technique Thermique de Ski Homme,Wedze BL 500 남성용 발열 스키 베이스레이어
3608449805940,Wedze Men's BL 500 Thermal Ski Base Layer,Wedze BL 500 Sous-vêtement technique Thermique de Ski Homme,Wedze BL 500 남성용 발열 스키 베이스레이어
3608449805957,Wedze Men's BL 500 Thermal Ski Base Layer,Wedze BL 500 Sous-vêtement technique Thermique de Ski Homme,Wedze BL 500 남성용 발열 스키 베이스레이어
3608449805964,Wedze Men's BL 500 Thermal Ski Base Layer,Wedze BL 500 Sous-vêtement technique Thermique de Ski Homme,Wedze BL 500 남성용 발열 스키 베이스레이어
3608449805995,Wedze Men's BL 500 Thermal Ski Base Layer,Wedze BL 500 Sous-vêtement technique Thermique de Ski Homme,Wedze BL 500 남성용 발열 스키 베이스레이어
3608449806251,Wedze Men's BL500 Ski Base Layer Bottoms,Wedze BL500 Bottoms Sous-vêtement technique de Ski Homme,Wedze BL500 Bottoms 남성용 스키 베이스레이어
3608449806268,Wedze Men's BL500 Ski Base Layer Bottoms,Wedze BL500 Bottoms Sous-vêtement technique de Ski Homme,Wedze BL500 Bottoms 남성용 스키 베이스레이어
3608449806282,Wedze Men's BL500 Ski Base Layer Bottoms,Wedze BL500 Bottoms Sous-vêtement technique de Ski Homme,Wedze BL500 Bottoms 남성용 스키 베이스레이어
3608449806305,Wedze Men's BL500 Ski Base Layer Bottoms,Wedze BL500 Bottoms Sous-vêtement technique de Ski Homme,Wedze BL500 Bottoms 남성용 스키 베이스레이어
3608449806329,Wedze Men's BL500 Ski Base Layer Bottoms,Wedze BL500 Bottoms Sous-vêtement technique de Ski Homme,Wedze BL500 Bottoms 남성용 스키 베이스레이어
3608449806343,Wedze Men's BL500 Ski Base Layer Bottoms,Wedze BL500 Bottoms Sous-vêtement technique de Ski Homme,Wedze BL500 Bottoms 남성용 스키 베이스레이어
3608449806466,Wedze Men's 100 Mid-Length Warm Ski Jacket,Wedze 100 Veste Mi-long Chaud de Ski Homme,Wedze 100 남성용 미들렝스 보온 스키 재킷
3608449806473,Wedze Men's 100 Mid-Length Warm Ski Jacket,Wedze 100 Veste Mi-long Chaud de Ski Homme,Wedze 100 남성용 미들렝스 보온 스키 재킷
3608449806480,Wedze Men's 100 Mid-Length Warm Ski Jacket,Wedze 100 Veste Mi-long Chaud de Ski Homme,Wedze 100 남성용 미들렝스 보온 스키 재킷
3608449806497,Wedze Men's 100 Mid-Length Warm Ski Jacket,Wedze 100 Veste Mi-long Chaud de Ski Homme,Wedze 100 남성용 미들렝스 보온 스키 재킷
3608449806503,Wedze Men's 100 Mid-Length Warm Ski Jacket,Wedze 100 Veste Mi-long Chaud de Ski Homme,Wedze 100 남성용 미들렝스 보온 스키 재킷
3608449806527,Wedze Men's 100 Mid-Length Warm Ski Jacket,Wedze 100 Veste Mi-long Chaud de Ski Homme,Wedze 100 남성용 미들렝스 보온 스키 재킷
3608449814010,Wedze Men's 100 Waterproof Ski Jacket,Wedze 100 Veste Imperméable de Ski Homme,Wedze 100 남성용 방수 스키 재킷
3608449814027,Wedze Men's 100 Waterproof Ski Jacket,Wedze 100 Veste Imperméable de Ski Homme,Wedze 100 남성용 방수 스키 재킷
3608449814034,Wedze Men's 100 Waterproof Ski Jacket,Wedze 100 Veste Imperméable de Ski Homme,Wedze 100 남성용 방수 스키 재킷
3608449814041,Wedze Men's 100 Waterproof Ski Jacket,Wedze 100 Veste Imperméable de Ski Homme,Wedze 100 남성용 방수 스키 재킷
3608449814058,Wedze Men's 100 Waterproof Ski Jacket,Wedze 100 Veste Imperméable de Ski Homme,Wedze 100 남성용 방수 스키 재킷
3608449814072,Wedze Men's 100 Waterproof Ski Jacket,Wedze 100 Veste Imperméable de Ski Homme,Wedze 100 남성용 방수 스키 재킷
3608449818612,Wedze Women's 100 Waterproof Ski Jacket,Wedze 100 Veste Imperméable de Ski Femme,Wedze 100 여성용 방수 스키 재킷
3608449818629,Wedze Women's 100 Waterproof Ski Jacket,Wedze 100 Veste Imperméable de Ski Femme,Wedze 100 여성용 방수 스키 재킷
3608449818636,Wedze Women's 100 Waterproof Ski Jacket,Wedze 100 Veste Imperméable de Ski Femme,Wedze 100 여성용 방수 스키 재킷
3608449818643,Wedze Women's 100 Waterproof Ski Jacket,Wedze 100 Veste Imperméable de Ski Femme,Wedze 100 여성용 방수 스키 재킷
3608449818827,Wedze Kids' 100 Warm Waterproof Snow Pants,Wedze 100 Pantalon Imperméable Neige Chaud Enfant,Wedze 100 아동용 방수 스노우 보온 바지
3608449818834,Wedze Kids' 100 Warm Waterproof Snow Pants,Wedze 100 Pantalon Imperméable Neige Chaud Enfant,Wedze 100 아동용 방수 스노우 보온 바지
3608449818841,Wedze Kids' 100 Warm Waterproof Snow Pants,Wedze 100 Pantalon Imperméable Neige Chaud Enfant,Wedze 100 아동용 방수 스노우 보온 바지
3608449818858,Wedze Kids' 100 Warm Waterproof Snow Pants,Wedze 100 Pantalon Imperméable Neige Chaud Enfant,Wedze 100 아동용 방수 스노우 보온 바지
3608449818865,Wedze Kids' 100 Warm Waterproof Snow Pants,Wedze 100 Pantalon Imperméable Neige Chaud Enfant,Wedze 100 아동용 방수 스노우 보온 바지
3608449837323,Wedze Kids' Fisherman Knit Beanie,Wedze Fisherman Knit Bonnet Enfant,Wedze Fisherman Knit 아동용 비니
3608449843270,Wedze Men's 500 Warm Waterproof Snow Pants,Wedze 500 Pantalon Imperméable Neige Chaud Homme,Wedze 500 남성용 방수 스노우 보온 바지
3608449843331,Wedze Men's 500 Warm Waterproof Snow Pants,Wedze 500 Pantalon Imperméable Neige Chaud Homme,Wedze 500 남성용 방수 스노우 보온 바지
3608449843355,Wedze Men's 500 Warm Waterproof Snow Pants,Wedze 500 Pantalon Imperméable Neige Chaud Homme,Wedze 500 남성용 방수 스노우 보온 바지
3608449843362,Wedze Men's 500 Warm Waterproof Snow Pants,Wedze 500 Pantalon Imperméable Neige Chaud Homme,Wedze 500 남성용 방수 스노우 보온 바지
3608449843485,Wedze Men's 500 Warm Waterproof Snow Pants,Wedze 500 Pantalon Imperméable Neige Chaud Homme,Wedze 500 남성용 방수 스노우 보온 바지
3608449847032,Wedze Women's BL100 Ski Base Layer Bottom,Wedze BL100 Bottom Sous-vêtement technique de Ski Femme,Wedze BL100 Bottom 여성용 스키 베이스레이어
3608449847049,Wedze Women's BL100 Ski Base Layer Bottom,Wedze BL100 Bottom Sous-vêtement technique de Ski Femme,Wedze BL100 Bottom 여성용 스키 베이스레이어
3608449847056,Wedze Women's BL100 Thermal Base Layer Top,Wedze BL100 Top Sous-vêtement technique Thermique Femme,Wedze BL100 Top 여성용 발열 베이스레이어
3608449847063,Wedze Women's BL100 Ski Base Layer Bottom,Wedze BL100 Bottom Sous-vêtement technique de Ski Femme,Wedze BL100 Bottom 여성용 스키 베이스레이어
3608449847070,Wedze Women's BL100 Thermal Base Layer Top,Wedze BL100 Top Sous-vêtement technique Thermique Femme,Wedze BL100 Top 여성용 발열 베이스레이어
3608449847087,Wedze Women's BL100 Ski Base Layer Bottom,Wedze BL100 Bottom Sous-vêtement technique de Ski Femme,Wedze BL100 Bottom 여성용 스키 베이스레이어
3608449847094,Wedze Women's BL100 Ski Base Layer Bottom,Wedze BL100 Bottom Sous-vêtement technique de Ski Femme,Wedze BL100 Bottom 여성용 스키 베이스레이어
3608449847100,Wedze Women's BL100 Thermal Base Layer Top,Wedze BL100 Top Sous-vêtement technique Thermique Femme,Wedze BL100 Top 여성용 발열 베이스레이어
3608449847117,Wedze Women's BL100 Thermal Base Layer Top,Wedze BL100 Top Sous-vêtement technique Thermique Femme,Wedze BL100 Top 여성용 발열 베이스레이어
3608449847124,Wedze Women's BL100 Thermal Base Layer Top,Wedze BL100 Top Sous-vêtement technique Thermique Femme,Wedze BL100 Top 여성용 발열 베이스레이어
3608449847131,Wedze Women's BL100 Thermal Base Layer Top,Wedze BL100 Top Sous-vêtement technique Thermique Femme,Wedze BL100 Top 여성용 발열 베이스레이어
3608449847148,Wedze Women's BL100 Ski Base Layer Bottom,Wedze BL100 Bottom Sous-vêtement technique de Ski Femme,Wedze BL100 Bottom 여성용 스키 베이스레이어
3608449847155,Wedze Men's BL100 Base Layer Top,Wedze BL100 Top Sous-vêtement technique Homme,Wedze BL100 Top 남성용 베이스레이어
3608449847162,Wedze Men's BL100 Base Layer Top,Wedze BL100 Top Sous-vêtement technique Homme,Wedze BL100 Top 남성용 베이스레이어
3608449847179,Wedze Men's BL100 Base Layer Top,Wedze BL100 Top Sous-vêtement technique Homme,Wedze BL100 Top 남성용 베이스레이어
3608449847186,Wedze Men's BL100 Base Layer Top,Wedze BL100 Top Sous-vêtement technique Homme,Wedze BL100 Top 남성용 베이스레이어
3608449847193,Wedze Men's BL100 Base Layer Top,Wedze BL100 Top Sous-vêtement technique Homme,Wedze BL100 Top 남성용 베이스레이어
3608449847209,Wedze Men's BL100 Base Layer Top,Wedze BL100 Top Sous-vêtement technique Homme,Wedze BL100 Top 남성용 베이스레이어
3608449847216,Wedze Men's BL100 Base Layer Top,Wedze BL100 Top Sous-vêtement technique Homme,Wedze BL100 Top 남성용 베이스레이어
3608449847223,Wedze Men's BL100 Ski Base Layer Bottoms,Wedze BL100 Bottoms Sous-vêtement technique de Ski Homme,Wedze BL100 Bottoms 남성용 스키 베이스레이어
3608449847230,Wedze Men's BL100 Ski Base Layer Bottoms,Wedze BL100 Bottoms Sous-vêtement technique de Ski Homme,Wedze BL100 Bottoms 남성용 스키 베이스레이어
3608449847247,Wedze Men's BL100 Ski Base Layer Bottoms,Wedze BL100 Bottoms Sous-vêtement technique de Ski Homme,Wedze BL100 Bottoms 남성용 스키 베이스레이어
3608449847254,Wedze Men's BL100 Ski Base Layer Bottoms,Wedze BL100 Bottoms Sous-vêtement technique de Ski Homme,Wedze BL100 Bottoms 남성용 스키 베이스레이어
3608449847261,Wedze Men's BL100 Ski Base Layer Bottoms,Wedze BL100 Bottoms Sous-vêtement technique de Ski Homme,Wedze BL100 Bottoms 남성용 스키 베이스레이어
3608449847278,Wedze Men's BL100 Ski Base Layer Bottoms,Wedze BL100 Bottoms Sous-vêtement technique de Ski Homme,Wedze BL100 Bottoms 남성용 스키 베이스레이어
3608449847285,Wedze Men's BL100 Ski Base Layer Bottoms,Wedze BL100 Bottoms Sous-vêtement technique de Ski Homme,Wedze BL100 Bottoms 남성용 스키 베이스레이어
3608449864305,Wedze Kids' Fisherman Knit Beanie,Wedze Fisherman Knit Bonnet Enfant,Wedze Fisherman Knit 아동용 비니
3608449886956,Wedze Firstheat Fleece Ski Beanie,Wedze Firstheat Beanie Polaire de Ski,Wedze Firstheat Beanie 스키 플리스
3608449915571,Wedze Kids' BL100 Thermal Ski Base Layer Bottom,Wedze BL100 Bottom Sous-vêtement technique Thermique de Ski Enfant,Wedze BL100 Bottom 아동용 발열 스키 베이스레이어
3608449915588,Wedze Kids' BL100 Thermal Ski Base Layer Bottom,Wedze BL100 Bottom Sous-vêtement technique Thermique de Ski Enfant,Wedze BL100 Bottom 아동용 발열 스키 베이스레이어
3608449915595,Wedze Kids' BL100 Thermal Ski Base Layer Bottom,Wedze BL100 Bottom Sous-vêtement technique Thermique de Ski Enfant,Wedze BL100 Bottom 아동용 발열 스키 베이스레이어
3608449915601,Wedze Kids' BL100 Thermal Ski Base Layer Bottom,Wedze BL100 Bottom Sous-vêtement technique Thermique de Ski Enfant,Wedze BL100 Bottom 아동용 발열 스키 베이스레이어
3608449915618,Wedze Kids' BL100 Thermal Ski Base Layer Bottom,Wedze BL100 Bottom Sous-vêtement technique Thermique de Ski Enfant,Wedze BL100 Bottom 아동용 발열 스키 베이스레이어
3608449915625,Wedze Kids' BL100 Thermal Ski Base Layer Bottom,Wedze BL100 Bottom Sous-vêtement technique Thermique de Ski Enfant,Wedze BL100 Bottom 아동용 발열 스키 베이스레이어
3608449915694,Wedze Kids' BL100 Thermal Ski Base Layer Top,Wedze BL100 Top Sous-vêtement technique Thermique de Ski Enfant,Wedze BL100 Top 아동용 발열 스키 베이스레이어
3608449915700,Wedze Kids' BL100 Thermal Ski Base Layer Top,Wedze BL100 Top Sous-vêtement technique Thermique de Ski Enfant,Wedze BL100 Top 아동용 발열 스키 베이스레이어
3608449915748,Wedze Kids' BL100 Thermal Ski Base Layer Top,Wedze BL100 Top Sous-vêtement technique Thermique de Ski Enfant,Wedze BL100 Top 아동용 발열 스키 베이스레이어
3608449915762,Wedze Kids' BL100 Thermal Ski Base Layer Top,Wedze BL100 Top Sous-vêtement technique Thermique de Ski Enfant,Wedze BL100 Top 아동용 발열 스키 베이스레이어
3608449915786,Wedze Kids' BL100 Thermal Ski Base Layer Top,Wedze BL100 Top Sous-vêtement technique Thermique de Ski Enfant,Wedze BL100 Top 아동용 발열 스키 베이스레이어
3608449915793,Wedze Kids' BL100 Thermal Ski Base Layer Top,Wedze BL100 Top Sous-vêtement technique Thermique de Ski Enfant,Wedze BL100 Top 아동용 발열 스키 베이스레이어
