ean,item_cd,category,name_en,name_kr,needs_xlate,size_us,color,price_usd,fixture,depth
3608393014597,5552708,apparel,"BEANIE RUNNING WARM+ V2 BLUE GR, No Size","BEANIE RUNNING WARM+ V2 BLUE GR, No Size",0,OS,Blue,66.15,GF-R1-U1,7
3608392935510,5334760,apparel,"SL JACKET RUN 500 M WARM BLAC, L [short]","SL JACKET RUN 500 M WARM BLAC, L [short]",0,M,Grey,32.97,GF-R1-U2,8
3608429784838,2500810,apparel,"LS TS RUN WARM M black, L","LS TS RUN WARM M black, L",0,M,Black,17.46,GF-R1-U3,9
3608429784845,2500811,apparel,"LS TS RUN WARM M black, XL","LS TS RUN WARM M black, XL",0,M,Black,60.46,GF-R1-U4,11
3608392935534,5334762,apparel,"SL JACKET RUN 500 M WARM BLA, XL [short]","SL JACKET RUN 500 M WARM BLA, XL [short]",0,M,Navy,51.27,GF-R1-U5,8
3583784782432,4884395,apparel,"Pant Warm 100 M Black, 34\"" / L (L32)","Pant Warm 100 M Black, 34"" / L (L32)",0,M,Black,31.44,GF-R1-U6,6
3608391720209,5206658,apparel,"HEADBAND RUN WARM YELLOW FL, UNIQUE","HEADBAND RUN WARM YELLOW FL, UNIQUE",0,OS,Black,65.45,GF-R1-U7,11
3608393015525,5153801,apparel,"BEANIE RUNNING WARM+ V2 BLACK, No Size","BEANIE RUNNING WARM+ V2 BLACK, No Size",0,OS,Black,15.37,GF-R2-U1,8
3608391193478,5035976,apparel,"LONG TIGHT RUN 100, UK 34\"" / EU L (L34)","LONG TIGHT RUN 100, UK 34"" / EU L (L34)",0,L,Blue,16.4,GF-R2-U2,8
3608429817031,2342115,apparel,"LS TS RUN WARM BLACK, UK 12 - EU 40","LS TS RUN WARM BLACK, UK 12 - EU 40",0,L,Black,49.01,GF-R2-U3,7
3608391193454,5035974,apparel,"LONG TIGHT RUN 100, UK 32\"" / EU M (L33)","LONG TIGHT RUN 100, UK 32"" / EU M (L33)",0,M,Grey,55.33,GF-R2-U4,7
3608392933899,5334758,apparel,"SL JACKET RUN 500 M WARM BLAC, M [short]","SL JACKET RUN 500 M WARM BLAC, M [short]",0,M,Navy,36.94,GF-R2-U5,10
3608429784876,2500809,apparel,"LS TS RUN WARM M black, M","LS TS RUN WARM M black, M",0,M,Black,58.26,GF-R2-U6,7
3608429784722,2500812,apparel,"LS TS RUN WARM M black, 2XL","LS TS RUN WARM M black, 2XL",0,M,Black,21.26,GF-R2-U7,6
3583784782449,4884397,apparel,"Pant Warm 100 M Black, 37\"" / XL (L32)","Pant Warm 100 M Black, 37"" / XL (L32)",0,M,Black,17.91,GF-R3-U1,10
3608429870944,840210,apparel,RUNNING HEADBAND BLACK UNIQUE,RUNNING HEADBAND BLACK UNIQUE,0,OS,Black,17.85,GF-R3-U2,6
3608391552770,5205423,apparel,"PANT RUN 100 M DRY, UK 34\"" / EU L (L32)","PANT RUN 100 M DRY, UK 34"" / EU L (L32)",0,M,Teal,28.22,GF-R3-U3,10
3608429817000,2342114,apparel,"LS TS RUN WARM BLACK, UK 10 - EU 38","LS TS RUN WARM BLACK, UK 10 - EU 38",0,M,Black,51.47,GF-R3-U4,7
3583784782425,4884393,apparel,"Pant Warm 100 M Black, 32\"" / M (L31)","Pant Warm 100 M Black, 32"" / M (L31)",0,M,Black,39.69,GF-R3-U5,11
3608429817024,2342116,apparel,"LS TS RUN WARM BLACK, UK 14 - EU 42","LS TS RUN WARM BLACK, UK 14 - EU 42",0,XL,Black,66.2,GF-R3-U6,11
3608429804741,2501395,apparel,"TSHIRT RUN DRY M BLACK, XL","TSHIRT RUN DRY M BLACK, XL",0,M,Black,60.97,GF-R3-U7,10
3608429706885,4100173,apparel,"LS TS RUN WARM SAND, L","LS TS RUN WARM SAND, L",0,L,Grey,51.32,GF-R4-U1,6
3608391193492,5035978,apparel,"LONG TIGHT RUN 100, UK 39\"" / EU XL (L34)","LONG TIGHT RUN 100, UK 39"" / EU XL (L34)",0,XL,Red,63.02,GF-R4-U2,9
3608392935558,5334764,apparel,"SL JACKET RUN 500 M WARM BL, 2XL [short]","SL JACKET RUN 500 M WARM BL, 2XL [short]",0,M,Blue,33.02,GF-R4-U3,8
3583784783910,4884411,apparel,"Pant WARM 100 M BLUE G19B, 32\"" / M (L31)","Pant WARM 100 M BLUE G19B, 32"" / M (L31)",0,M,Blue,19.32,GF-R4-U4,9
3608391552756,5205421,apparel,"PANT RUN 100 M DRY, UK 32\"" / EU M (L31)","PANT RUN 100 M DRY, UK 32"" / EU M (L31)",0,M,Black,54.93,GF-R4-U5,5
3608390279661,4898468,apparel,"Run500 thick mid X2 black, 5.5-8 - 39/42","Run500 thick mid X2 black, 5.5-8 - 39/42",0,OS,Black,62.78,GF-R4-U6,10
3608390281633,4899428,apparel,"Run500 thin MID X2 white, 5.5-8 - 39/42","Run500 thin MID X2 white, 5.5-8 - 39/42",0,OS,White,56.16,GF-R4-U7,11
3608429645870,4302196,apparel,"JACKET WARM 500 BLACK, L","JACKET WARM 500 BLACK, L",0,L,Black,44.15,GB-R1-U1,11
3608429706861,4100176,apparel,"LS TS RUN WARM SAND, XL","LS TS RUN WARM SAND, XL",0,XL,Red,61.53,GB-R1-U2,8
3608392436598,5445583,apparel,"CN JACKET WIND RUN 100 M NOI, XL [short]","CN JACKET WIND RUN 100 M NOI, XL [short]",0,M,Navy,59.07,GB-R1-U3,5
3608391565305,5206010,apparel,"RUNNING HEADBAND V2 ASIA colo 2, No Size","RUNNING HEADBAND V2 ASIA colo 2, No Size",0,OS,Orange,34.88,GB-R1-U4,10
3608391552794,5205425,apparel,"PANT RUN 100 M DRY, UK 39\"" / EU XL (L32)","PANT RUN 100 M DRY, UK 39"" / EU XL (L32)",0,M,Pink,50.59,GB-R1-U5,11
3583784783927,4884413,apparel,"Pant WARM 100 M BLUE G19B, 34\"" / L (L32)","Pant WARM 100 M BLUE G19B, 34"" / L (L32)",0,M,Blue,45.12,GB-R1-U6,6
3608390296651,4925456,apparel,"SHORT DRY 100 M BLACK N07, UK 34\"" / EU L","SHORT DRY 100 M BLACK N07, UK 34"" / EU L",0,M,Black,25.23,GB-R1-U7,11
3608429645887,4302199,apparel,"JACKET WARM 500 BLACK, XL","JACKET WARM 500 BLACK, XL",0,XL,Black,57.68,GB-R2-U1,11
3608393403643,5657415,apparel,"PANT RUN 500 M WARM, UK 34 / EU L (L32)","PANT RUN 500 M WARM, UK 34 / EU L (L32)",0,M,Navy,18.34,GB-R2-U2,12
3608429817055,2342117,apparel,"LS TS RUN WARM BLACK, UK 16 - EU 44","LS TS RUN WARM BLACK, UK 16 - EU 44",0,XXL,Black,41.08,GB-R2-U3,6
3608429681953,4302167,apparel,"TS ML RUN WARM BLUE H17B, L","TS ML RUN WARM BLUE H17B, L",0,L,Blue,27.57,GB-R2-U4,5
3608429706892,4100174,apparel,"LS TS RUN WARM SAND, M","LS TS RUN WARM SAND, M",0,M,White,45.94,GB-R2-U5,7
3608429804765,2501394,apparel,"TSHIRT RUN DRY M BLACK, L","TSHIRT RUN DRY M BLACK, L",0,M,Black,43.1,GB-R2-U6,7
3608392436802,5445584,apparel,"CN JACKET WIND RUN 100 M NO, 2XL [short]","CN JACKET WIND RUN 100 M NO, 2XL [short]",0,M,Grey,68.1,GB-R2-U7,6
3608429817017,2342113,apparel,"LS TS RUN WARM BLACK, UK 8 - EU 36","LS TS RUN WARM BLACK, UK 8 - EU 36",0,S,Black,37.82,GB-R3-U1,5
3608390203390,4577907,apparel,"LS TS KIPRUN SKINCARE W BLA, UK10 / EU M","LS TS KIPRUN SKINCARE W BLA, UK10 / EU M",0,M,Navy,45.14,GB-R3-U2,10
3608392436581,5445582,apparel,"CN JACKET WIND RUN 100 M NOIR, L [short]","CN JACKET WIND RUN 100 M NOIR, L [short]",0,M,Red,16.73,GB-R3-U3,11
3608393403629,5657413,apparel,"PANT RUN 500 M WARM, UK 32 / EU M (L31)","PANT RUN 500 M WARM, UK 32 / EU M (L31)",0,M,Navy,50.06,GB-R3-U4,9
3608429682042,4302170,apparel,"TS ML RUN WARM BLUE H17B, XL","TS ML RUN WARM BLUE H17B, XL",0,XL,Blue,25.7,GB-R3-U5,11
3608392933875,5334756,apparel,"SL JACKET RUN 500 M WARM BLAC, S [short]","SL JACKET RUN 500 M WARM BLAC, S [short]",0,M,Red,30.05,GB-R3-U6,11
3608393403780,5657387,apparel,"PANT RUN 500 M WARM, UK 34 / EU L (L32)","PANT RUN 500 M WARM, UK 34 / EU L (L32)",0,M,Navy,26.78,GB-R3-U7,10
3608390272600,4896441,apparel,"LS TS 1/2 ZIP RUN 900 M WARM BLACK, XL","LS TS 1/2 ZIP RUN 900 M WARM BLACK, XL",0,M,Black,55.06,GB-R4-U1,8
3608392939976,5476870,apparel,"LS TS 1/2 ZIP RUN 500 WARM GR, L [short]","LS TS 1/2 ZIP RUN 500 WARM GR, L [short]",0,L,Red,35.89,GB-R4-U2,5
3608391007386,5102868,apparel,"Pant Ski & Snb 100 M Black UK 34\"" / EU L","Pant Ski & Snb 100 M Black UK 34"" / EU L",0,M,Black,15.9,GB-R4-U3,10
3608390272594,4896440,apparel,"LS TS 1/2 ZIP RUN 900 M WARM BLACK, L","LS TS 1/2 ZIP RUN 900 M WARM BLACK, L",0,M,Black,31.94,GB-R4-U4,7
3608390203802,4577908,apparel,"LS TS KIPRUN SKINCARE W, UK12-14 / EU L","LS TS KIPRUN SKINCARE W, UK12-14 / EU L",0,L,Teal,25.25,GB-R4-U5,10
3583784689809,4548162,apparel,"Pant Dry 100 M BLACK N07A, 32\"" / M (L31)","Pant Dry 100 M BLACK N07A, 32"" / M (L31)",0,M,Black,40.16,GB-R4-U6,8
3583784782418,4884391,apparel,"Pant Warm 100 M Black, 30\"" / S (L31)","Pant Warm 100 M Black, 30"" / S (L31)",0,M,Black,61.85,GB-R4-U7,9
3608429646747,4924326,apparel,"Jacket Run Wind 100 W Blac, UK 10 / EU M","Jacket Run Wind 100 W Blac, UK 10 / EU M",0,M,Grey,66.13,FR-01,11
3608429645863,4302197,apparel,"JACKET WARM 500 BLACK, M","JACKET WARM 500 BLACK, M",0,M,Black,31.89,FR-02,9
3608390281640,4899429,apparel,"Run500 thin MID X2 white, 8.5-11 - 43/46","Run500 thin MID X2 white, 8.5-11 - 43/46",0,OS,White,52.86,FR-03,8
3608393403766,5657385,apparel,"PANT RUN 500 M WARM, UK 32 / EU M (L31)","PANT RUN 500 M WARM, UK 32 / EU M (L31)",0,M,Navy,18.26,FR-04,7
3608391193430,5035972,apparel,"LONG TIGHT RUN 100, UK 30\"" / EU S (L33)","LONG TIGHT RUN 100, UK 30"" / EU S (L33)",0,S,Teal,18.62,GF-R1-U1,7
3608390281572,4899422,apparel,"Run500 thin MID X2 black, 5.5-8 - 39/42","Run500 thin MID X2 black, 5.5-8 - 39/42",0,OS,Black,29.55,GF-R1-U2,6
3608390279678,4898469,apparel,"Run500 thick mid X2 blac, 8.5-11 - 43/46","Run500 thick mid X2 blac, 8.5-11 - 43/46",0,OS,Green,54.73,GF-R1-U3,10
3608392934490,5334692,apparel,"LS TS 1/2 ZIP RUN 500 WARM BL, L [short]","LS TS 1/2 ZIP RUN 500 WARM BL, L [short]",0,L,Red,30.92,GF-R1-U4,7
3608391007393,5102869,apparel,"Pant Ski & Snb 100 M Blac UK 37\"" / EU XL","Pant Ski & Snb 100 M Blac UK 37"" / EU XL",0,M,Orange,20.41,GF-R1-U5,10
3608390281107,4898474,apparel,"Run500 thick mid X2 white, 5.5-8 - 39/42","Run500 thick mid X2 white, 5.5-8 - 39/42",0,OS,White,39.4,GF-R1-U6,5
3608392436185,5445826,apparel,"CN JACKET WIND RUN 100 M WHI, XL [short]","CN JACKET WIND RUN 100 M WHI, XL [short]",0,M,Blue,49.46,GF-R1-U7,5
3608392939983,5476871,apparel,"LS TS 1/2 ZIP RUN 500 WARM G, XL [short]","LS TS 1/2 ZIP RUN 500 WARM G, XL [short]",0,XL,Grey,43.17,GF-R2-U1,8
3583784782456,4884399,apparel,"Pant Warm 100 M Black, 41\"" / 2XL (L32)","Pant Warm 100 M Black, 41"" / 2XL (L32)",0,M,Black,65.8,GF-R2-U2,8
3583784783934,4884415,apparel,"Pant WARM 100 M BLUE G19, 37\"" / XL (L32)","Pant WARM 100 M BLUE G19, 37"" / XL (L32)",0,M,Blue,42.71,GF-R2-U3,9
3608392436130,5445821,apparel,"CN JACKET WIND RUN 100 M WHIT, L [short]","CN JACKET WIND RUN 100 M WHIT, L [short]",0,M,White,27.6,GF-R2-U4,12
3608390203383,4577906,apparel,"LS TS KIPRUN SKINCARE W BLAC, UK8 / EU S","LS TS KIPRUN SKINCARE W BLAC, UK8 / EU S",0,S,White,57.34,GF-R2-U5,6
3608391007379,5102867,apparel,"Pant Ski & Snb 100 M Black UK 32\"" / EU M","Pant Ski & Snb 100 M Black UK 32"" / EU M",0,M,Black,30.31,GF-R2-U6,11
3608391553951,5205441,apparel,"PANT RUN 100 M DRY, UK 34\"" / EU L (L32)","PANT RUN 100 M DRY, UK 34"" / EU L (L32)",0,M,Teal,53.21,GF-R2-U7,8
3608392930102,5476650,apparel,"JACKET RUN 100 M WARM GREY N1, L [short]","JACKET RUN 100 M WARM GREY N1, L [short]",0,M,Grey,17.4,GF-R3-U1,8
3608429681946,4302168,apparel,"TS ML RUN WARM BLUE H17B, M","TS ML RUN WARM BLUE H17B, M",0,M,Blue,28.55,GF-R3-U2,9
3608429784852,2500807,apparel,"LS TS RUN WARM M black, S","LS TS RUN WARM M black, S",0,M,Black,20.74,GF-R3-U3,8
3608392941832,5334732,apparel,"LS TS RUN 500 SEAMLESS BLACK, L [short]","LS TS RUN 500 SEAMLESS BLACK, L [short]",0,L,Black,45.11,GF-R3-U4,6
3608429646716,4924327,apparel,"Jacket Run Wind 100 W B, UK 12-14 / EU L","Jacket Run Wind 100 W B, UK 12-14 / EU L",0,L,Pink,29.88,GF-R3-U5,9
3608393403667,5657417,apparel,"PANT RUN 500 M WAR, UK 39\"" / EU XL (L32)","PANT RUN 500 M WAR, UK 39"" / EU XL (L32)",0,M,Red,15.27,GF-R3-U6,6
3608392930119,5476651,apparel,"JACKET RUN 100 M WARM GREY N, XL [short]","JACKET RUN 100 M WARM GREY N, XL [short]",0,M,Grey,55.42,GF-R3-U7,8
3608429646754,4924329,apparel,"Jacket Run Wind 100 W, UK 18-20 / EU 2XL","Jacket Run Wind 100 W, UK 18-20 / EU 2XL",0,XXL,Pink,47.58,GF-R4-U1,8
3608429706908,4100171,apparel,"LS TS RUN WARM SAND, 2XL","LS TS RUN WARM SAND, 2XL",0,XXL,Black,27.28,GF-R4-U2,11
3608390050826,4274469,apparel,"TS LS KIPRUN WARM REG DAR, L (Chest 39\"")","TS LS KIPRUN WARM REG DAR, L (Chest 39"")",0,L,Teal,45.67,GF-R4-U3,6
3608392939969,5476869,apparel,"LS TS 1/2 ZIP RUN 500 WARM GR, M [short]","LS TS 1/2 ZIP RUN 500 WARM GR, M [short]",0,M,Green,24.74,GF-R4-U4,8
3608429663867,4514117,apparel,"PANT RUN DRY W CN W Trou, UK10 / M (L29)","PANT RUN DRY W CN W Trou, UK10 / M (L29)",0,M,Grey,37.82,GF-R4-U5,8
3608429646730,4924325,apparel,"Jacket Run Wind 100 W Bla, UK 6-8 / EU S","Jacket Run Wind 100 W Bla, UK 6-8 / EU S",0,S,Green,16.86,GF-R4-U6,8
3608390272587,4896439,apparel,"LS TS 1/2 ZIP RUN 900 M WARM BLACK, M","LS TS 1/2 ZIP RUN 900 M WARM BLACK, M",0,M,Black,36.02,GF-R4-U7,10
3608392939419,5334694,apparel,"LS TS 1/2 ZIP RUN 500 WARM B, XL [short]","LS TS 1/2 ZIP RUN 500 WARM B, XL [short]",0,XL,Pink,15.51,GB-R1-U1,9
3608429645726,4302187,apparel,"JACKET WARM 500 WHITE L03B, L","JACKET WARM 500 WHITE L03B, L",0,L,White,47.53,GB-R1-U2,7
3608390279944,4899377,apparel,"Run900 strap 2025 white, 7-8 - 41/42","Run900 strap 2025 white, 7-8 - 41/42",0,OS,White,66.56,GB-R1-U3,5
3608429817048,2342118,apparel,"LS TS RUN WARM BLACK, UK 18 - EU 46","LS TS RUN WARM BLACK, UK 18 - EU 46",0,3XL,Black,47.43,GB-R1-U4,6
3608390050857,4274472,apparel,"TS LS KIPRUN WARM REG DA, XL (Chest 43\"")","TS LS KIPRUN WARM REG DA, XL (Chest 43"")",0,XL,Pink,59.93,GB-R1-U5,6
3608390195657,4513166,apparel,"KIPRUN WARM JACKET BLACK, XL (Chest 43\"")","KIPRUN WARM JACKET BLACK, XL (Chest 43"")",0,XL,Black,60.73,GB-R1-U6,11
3608393404008,5657389,apparel,"PANT RUN 500 M WAR, UK 39\"" / EU XL (L32)","PANT RUN 500 M WAR, UK 39"" / EU XL (L32)",0,M,Red,58.97,GB-R1-U7,10
3608429667223,4579638,apparel,"SHORT RUN DRY+ M BLACK CN, UK 32\"" / EU M","SHORT RUN DRY+ M BLACK CN, UK 32"" / EU M",0,M,Black,15.01,GB-R2-U1,6
3608429646723,4924328,apparel,"Jacket Run Wind 100 W Bla, UK 16 / EU XL","Jacket Run Wind 100 W Bla, UK 16 / EU XL",0,XL,Pink,52.31,GB-R2-U2,11
3608392941856,5334734,apparel,"LS TS RUN 500 SEAMLESS BLACK, XL [short]","LS TS RUN 500 SEAMLESS BLACK, XL [short]",0,XL,Black,21.08,GB-R2-U3,6
3608390195640,4513165,apparel,"KIPRUN WARM JACKET BLACK, L (Chest 39\"")","KIPRUN WARM JACKET BLACK, L (Chest 39"")",0,L,Black,35.69,GB-R2-U4,10
3608391876975,5165675,apparel,"TANK RUN 900 M LIGHT BLACK N07A, XL","TANK RUN 900 M LIGHT BLACK N07A, XL",0,M,Black,61.63,GB-R2-U5,8
3608390281626,4899427,apparel,"Run500 thin MID X2 white, 2.5-5 - 35/38","Run500 thin MID X2 white, 2.5-5 - 35/38",0,OS,White,30.13,GB-R2-U6,5
3608391555559,5206008,apparel,"RUNNING HEADBAND V2 ASIA colo 4, No Size","RUNNING HEADBAND V2 ASIA colo 4, No Size",0,OS,Black,50.68,GB-R2-U7,10
3608390296644,4925455,apparel,"SHORT DRY 100 M BLACK N07, UK 32\"" / EU M","SHORT DRY 100 M BLACK N07, UK 32"" / EU M",0,M,Black,33.3,GB-R3-U1,6
3608391531270,4925498,apparel,"LONG TIGHT RUN 100 M DRY, 34\"" / L (L32)","LONG TIGHT RUN 100 M DRY, 34"" / L (L32)",0,M,Pink,15.57,GB-R3-U2,11
3608391193515,5035980,apparel,"LONG TIGHT RUN 10, UK 43\"" / EU 2XL (L34)","LONG TIGHT RUN 10, UK 43"" / EU 2XL (L34)",0,XXL,Black,30.18,GB-R3-U3,7
3608390281589,4899423,apparel,"Run500 thin MID X2 black, 8.5-11 - 43/46","Run500 thin MID X2 black, 8.5-11 - 43/46",0,OS,Black,19.92,GB-R3-U4,9
3608391523169,4925496,apparel,"LONG TIGHT RUN 100 M DRY, 32\"" / M (L31)","LONG TIGHT RUN 100 M DRY, 32"" / M (L31)",0,M,Grey,20.5,GB-R3-U5,8
3608390051175,4274485,apparel,"LONGTIGHT KIPRUN WARM BLA, 34\"" / L (L32)","LONGTIGHT KIPRUN WARM BLA, 34"" / L (L32)",0,L,Black,53.93,GB-R3-U6,7
3608429743170,2730469,apparel,"SHORT RUN DRY W BLACK, S","SHORT RUN DRY W BLACK, S",0,S,Black,15.95,GB-R3-U7,7
3608390296668,4925457,apparel,"SHORT DRY 100 M BLACK N0, UK 37\"" / EU XL","SHORT DRY 100 M BLACK N0, UK 37"" / EU XL",0,M,Black,15.0,GB-R4-U1,10
3583783961340,2612379,apparel,"KIPRUN FIT TROUSER BLACK, L / W34 L32.","KIPRUN FIT TROUSER BLACK, L / W34 L32.",0,L,Black,53.58,GB-R4-U2,5
3608429645733,4302190,apparel,"JACKET WARM 500 WHITE L03B, XL","JACKET WARM 500 WHITE L03B, XL",0,XL,White,17.66,GB-R4-U3,10
3608429645719,4302188,apparel,"JACKET WARM 500 WHITE L03B, M","JACKET WARM 500 WHITE L03B, M",0,M,White,36.24,GB-R4-U4,10
3608391876951,5165673,apparel,"TANK RUN 900 M LIGHT BLACK N07A, M","TANK RUN 900 M LIGHT BLACK N07A, M",0,M,Black,33.91,GB-R4-U5,10
3583784816557,5085134,apparel,"Jacket Run Rain 300 W, UK 18-20 / EU 2XL","Jacket Run Rain 300 W, UK 18-20 / EU 2XL",0,XXL,Teal,57.42,GB-R4-U6,11
3608429663874,4514116,apparel,"PANT RUN DRY W CN W Tro, UK6-8 / S (L29)","PANT RUN DRY W CN W Tro, UK6-8 / S (L29)",0,S,Orange,39.94,GB-R4-U7,9
3608393422514,5648931,apparel,"1/2 ZIP LS TS RUN DRY 500 MEN, L [short]","1/2 ZIP LS TS RUN DRY 500 MEN, L [short]",0,L,Red,18.61,FR-01,7
3608390050833,4274470,apparel,"TS LS KIPRUN WARM REG DAR, M (Chest 37\"")","TS LS KIPRUN WARM REG DAR, M (Chest 37"")",0,M,Grey,18.19,FR-02,9
3608390279968,4899379,apparel,"Run900 strap 2025 white, 8.5-9.5 - 43/44","Run900 strap 2025 white, 8.5-9.5 - 43/44",0,OS,White,40.38,FR-03,5
3608390279289,4899370,apparel,"Run900 strap 2025 black, 7-8 - 41/42","Run900 strap 2025 black, 7-8 - 41/42",0,OS,Black,67.85,FR-04,10
3608390374694,4988921,apparel,"Run900 5 FINGERS black/blac, 7-8 - 41/42","Run900 5 FINGERS black/blac, 7-8 - 41/42",0,OS,Black,15.33,GF-R1-U1,11
3608391553814,5205427,apparel,"PANT RUN 100 M DR, UK 43\"" / EU 2XL (L32)","PANT RUN 100 M DR, UK 43"" / EU 2XL (L32)",0,M,Pink,17.02,GF-R1-U2,10
3608391587666,5214155,apparel,"LEGGING RUN 500 W WA, UK 10 / EU M (L29)","LEGGING RUN 500 W WA, UK 10 / EU M (L29)",0,M,White,15.05,GF-R1-U3,8
3608390279654,4898467,apparel,"Run500 thick mid X2 black, 2.5-5 - 35/38","Run500 thick mid X2 black, 2.5-5 - 35/38",0,OS,Black,43.56,GF-R1-U4,8
3608392941559,5474888,apparel,"LS TS RUN 500 SEAMLESS BLUE D, L [short]","LS TS RUN 500 SEAMLESS BLUE D, L [short]",0,L,Blue,32.88,GF-R1-U5,11
3608390195633,4513164,apparel,"KIPRUN WARM JACKET BLACK, M (Chest 37\"")","KIPRUN WARM JACKET BLACK, M (Chest 37"")",0,M,Black,52.56,GF-R1-U6,7
3608392436574,5445581,apparel,"CN JACKET WIND RUN 100 M NOIR, M [short]","CN JACKET WIND RUN 100 M NOIR, M [short]",0,M,Blue,27.65,GF-R1-U7,7
3608391821432,5304553,apparel,"JACKET RUN 500, UK 12-14 / EU L [short]","JACKET RUN 500, UK 12-14 / EU L [short]",0,L,Grey,18.39,GF-R2-U1,8
3608390042609,4247941,apparel,"KIPRUN LONGTIGHT DRY BLAC, 34\"" / L (L32)","KIPRUN LONGTIGHT DRY BLAC, 34"" / L (L32)",0,L,Green,24.59,GF-R2-U2,11
3608390279951,4899378,apparel,"Run900 strap 2025 white, 5.5-6.5 - 39/40","Run900 strap 2025 white, 5.5-6.5 - 39/40",0,OS,White,23.13,GF-R2-U3,5
3608392929533,5334840,apparel,"JACKET RUN 100 M WARM BLACK N, M [short]","JACKET RUN 100 M WARM BLACK N, M [short]",0,M,Black,43.48,GF-R2-U4,8
3608392941566,5474889,apparel,"LS TS RUN 500 SEAMLESS BLUE, XL [short]","LS TS RUN 500 SEAMLESS BLUE, XL [short]",0,XL,Blue,20.08,GF-R2-U5,9
3608392436178,5445825,apparel,"CN JACKET WIND RUN 100 M WHIT, M [short]","CN JACKET WIND RUN 100 M WHIT, M [short]",0,M,Red,18.63,GF-R2-U6,8
3608392934476,5334690,apparel,"LS TS 1/2 ZIP RUN 500 WARM BL, M [short]","LS TS 1/2 ZIP RUN 500 WARM BL, M [short]",0,M,Teal,15.65,GF-R2-U7,11
3583784783903,4884409,apparel,"Pant WARM 100 M BLUE G19B, 30\"" / S (L31)","Pant WARM 100 M BLUE G19B, 30"" / S (L31)",0,M,Blue,46.68,GF-R3-U1,6
3608391587642,5214153,apparel,"LEGGING RUN 500 W W, UK 6-8 / EU S (L29)","LEGGING RUN 500 W W, UK 6-8 / EU S (L29)",0,S,White,59.05,GF-R3-U2,11
3608391821449,5304554,apparel,"JACKET RUN 500 W W, UK 10 / EU M [short]","JACKET RUN 500 W W, UK 10 / EU M [short]",0,M,Orange,55.84,GF-R3-U3,5
3608393403865,5657401,apparel,"PANT RUN 500 M WARM, UK 34 / EU L (L32)","PANT RUN 500 M WARM, UK 34 / EU L (L32)",0,M,Navy,41.14,GF-R3-U4,11
3608390374908,4988922,apparel,"Run900 5 FINGERS black/, 8.5-9.5 - 43/44","Run900 5 FINGERS black/, 8.5-9.5 - 43/44",0,OS,Black,37.85,GF-R3-U5,8
3608391011109,5102874,apparel,"Pant Ski & Snb 100 W Black, UK 8 / FR 38","Pant Ski & Snb 100 W Black, UK 8 / FR 38",0,OS,Black,56.06,GF-R3-U6,9
3608429658252,4391374,apparel,"T SHIRT RUN DRY M BLUE E18A, L","T SHIRT RUN DRY M BLUE E18A, L",0,M,Blue,57.03,GF-R3-U7,9
3608390203819,4577909,apparel,"LS TS KIPRUN SKINCARE W, UK16-18 / EU XL","LS TS KIPRUN SKINCARE W, UK16-18 / EU XL",0,XL,Pink,22.2,GF-R4-U1,9
3608392925894,5476649,apparel,"JACKET RUN 100 M WARM GREY N1, M [short]","JACKET RUN 100 M WARM GREY N1, M [short]",0,M,Grey,15.79,GF-R4-U2,5
3608429804789,2501393,apparel,"TSHIRT RUN DRY M BLACK, M","TSHIRT RUN DRY M BLACK, M",0,M,Black,55.57,GF-R4-U3,6
3608390281114,4898475,apparel,"Run500 thick mid X2 whit, 8.5-11 - 43/46","Run500 thick mid X2 whit, 8.5-11 - 43/46",0,OS,Navy,38.19,GF-R4-U4,11
3608429663898,4514118,apparel,"PANT RUN DRY W CN W T, UK12-14 / L (L29)","PANT RUN DRY W CN W T, UK12-14 / L (L29)",0,L,Teal,28.13,GF-R4-U5,9
3608390793075,5085129,apparel,"Jacket Run Rain 300 W Wh, UK 4-6 / EU XS","Jacket Run Rain 300 W Wh, UK 4-6 / EU XS",0,XS,Blue,17.56,GF-R4-U6,7
3608391876968,5165674,apparel,"TANK RUN 900 M LIGHT BLACK N07A, L","TANK RUN 900 M LIGHT BLACK N07A, L",0,M,Black,28.19,GF-R4-U7,10
3608391552732,5205419,apparel,"PANT RUN 100 M DRY, UK 30\"" / EU S (L31)","PANT RUN 100 M DRY, UK 30"" / EU S (L31)",0,M,Black,48.59,GB-R1-U1,9
3583783961357,2612381,apparel,"KIPRUN FIT TROUSER BLACK, M / W32 L31.","KIPRUN FIT TROUSER BLACK, M / W32 L31.",0,M,Black,66.81,GB-R1-U2,10
3608391816247,5280808,apparel,"Run900 Thin UC 2025 white, 7-8 - 41/42","Run900 Thin UC 2025 white, 7-8 - 41/42",0,OS,White,16.19,GB-R1-U3,10
3608392941818,5334730,apparel,"LS TS RUN 500 SEAMLESS BLACK, M [short]","LS TS RUN 500 SEAMLESS BLACK, M [short]",0,M,Black,30.6,GB-R1-U4,10
3608393422521,5648932,apparel,"1/2 ZIP LS TS RUN DRY 500 ME, XL [short]","1/2 ZIP LS TS RUN DRY 500 ME, XL [short]",0,XL,Teal,17.63,GB-R1-U5,9
3608429706854,4100175,apparel,"LS TS RUN WARM SAND, S","LS TS RUN WARM SAND, S",0,S,Navy,25.2,GB-R1-U6,5
3608391010393,5102873,apparel,"Pant Ski & Snb 100 W Black, UK 6 / FR 36","Pant Ski & Snb 100 W Black, UK 6 / FR 36",0,OS,Black,15.8,GB-R1-U7,9
3608391534158,4925500,apparel,"LONG TIGHT RUN 100 M DRY, 39\"" / XL (L32)","LONG TIGHT RUN 100 M DRY, 39"" / XL (L32)",0,M,Green,44.21,GB-R2-U1,6
3608393403841,5657399,apparel,"PANT RUN 500 M WARM, UK 32 / EU M (L31)","PANT RUN 500 M WARM, UK 32 / EU M (L31)",0,M,Navy,55.89,GB-R2-U2,9
3608392939990,5476872,apparel,"LS TS 1/2 ZIP RUN 500 WARM, 2XL [short]","LS TS 1/2 ZIP RUN 500 WARM, 2XL [short]",0,XXL,White,15.58,GB-R2-U3,10
3608393403889,5657403,apparel,"PANT RUN 500 M WAR, UK 39\"" / EU XL (L32)","PANT RUN 500 M WAR, UK 39"" / EU XL (L32)",0,M,Red,17.65,GB-R2-U4,11
3608429651406,4716801,apparel,"SHORT RUN DRY+ M BLUE G20, UK 34\"" / EU L","SHORT RUN DRY+ M BLUE G20, UK 34"" / EU L",0,M,Blue,20.74,GB-R2-U5,11
3608393403605,5657411,apparel,"PANT RUN 500 M WARM, UK 30 / EU S (L31)","PANT RUN 500 M WARM, UK 30 / EU S (L31)",0,M,Black,15.07,GB-R2-U6,12
3608393403681,5657419,apparel,"PANT RUN 500 M WA, UK 43\"" / EU 2XL (L32)","PANT RUN 500 M WA, UK 43"" / EU 2XL (L32)",0,M,Red,25.68,GB-R2-U7,7
3583784033848,4044153,apparel,"KIPRUN SHORT LIGHT BLACK, XL","KIPRUN SHORT LIGHT BLACK, XL",0,XL,Black,24.28,GB-R3-U1,8
3608390281169,4899416,apparel,"Run500 thin inv X2 beige, 5.5-8 - 39/42","Run500 thin inv X2 beige, 5.5-8 - 39/42",0,OS,Teal,19.15,GB-R3-U2,11
3608391816254,5280809,apparel,"Run900 Thin UC 2025 whi, 8.5-9.5 - 43/44","Run900 Thin UC 2025 whi, 8.5-9.5 - 43/44",0,OS,Teal,15.7,GB-R3-U3,11
3608390281565,4899421,apparel,"Run500 thin MID X2 black, 2.5-5 - 35/38","Run500 thin MID X2 black, 2.5-5 - 35/38",0,OS,Black,21.29,GB-R3-U4,8
3608391673642,5244850,apparel,"Jacket Wind Run 100 W Whit, UK 10 / EU M","Jacket Wind Run 100 W Whit, UK 10 / EU M",0,M,Grey,20.78,GB-R3-U5,5
3608390051199,4274487,apparel,"LONGTIGHT KIPRUN WARM BLA, 32\"" / M (L31)","LONGTIGHT KIPRUN WARM BLA, 32"" / M (L31)",0,M,Red,23.05,GB-R3-U6,7
3608429658290,4391373,apparel,"T SHIRT RUN DRY M BLUE E18A, M","T SHIRT RUN DRY M BLUE E18A, M",0,M,Blue,26.63,GB-R3-U7,7
3608429748427,2730761,apparel,"TRAIL RUNNING CUP X-LIGHT CUP, No Size","TRAIL RUNNING CUP X-LIGHT CUP, No Size",0,OS,Black,17.04,GB-R4-U1,5
3608390374687,4988920,apparel,"Run900 5 FINGERS black/, 5.5-6.5 - 39/40","Run900 5 FINGERS black/, 5.5-6.5 - 39/40",0,OS,Black,58.68,GB-R4-U2,10
3608392436383,5445572,apparel,"CN JACKET WIND RUN 100 M BLUE, L [short]","CN JACKET WIND RUN 100 M BLUE, L [short]",0,M,Blue,19.92,GB-R4-U3,6
3583784835008,4925482,apparel,"SHORT TIGHT DRY 100 M, UK 32\"" / EU M","SHORT TIGHT DRY 100 M, UK 32"" / EU M",0,M,White,41.15,GB-R4-U4,6
3608391007362,5102866,apparel,"Pant Ski & Snb 100 M Black UK 30\"" / EU S","Pant Ski & Snb 100 M Black UK 30"" / EU S",0,M,Black,15.23,GB-R4-U5,5
3608429809906,2500635,apparel,"SL JACKET WIND RUN 100 M BLACK, XL","SL JACKET WIND RUN 100 M BLACK, XL",0,M,Black,28.82,GB-R4-U6,6
3608429646709,4924324,apparel,"Jacket Run Wind 100 W Bl, UK 4-6 / EU XS","Jacket Run Wind 100 W Bl, UK 4-6 / EU XS",0,XS,Red,15.78,GB-R4-U7,9
3608391011116,5102875,apparel,Pant Ski & Snb 100 W Black UK 10 / FR 40,Pant Ski & Snb 100 W Black UK 10 / FR 40,0,OS,Black,16.12,FR-01,10
3583784835015,4925483,apparel,"SHORT TIGHT DRY 100 M, UK 34\"" / EU L","SHORT TIGHT DRY 100 M, UK 34"" / EU L",0,M,Pink,19.68,FR-02,7
3608391673635,5244849,apparel,"Jacket Wind Run 100 W Whi, UK 6-8 / EU S","Jacket Wind Run 100 W Whi, UK 6-8 / EU S",0,S,Black,62.96,FR-03,11
3583784685993,4548160,apparel,"Pant Dry 100 M BLACK N07A, 30\"" / S (L31)","Pant Dry 100 M BLACK N07A, 30"" / S (L31)",0,M,Black,34.57,FR-04,7
3608391553937,5205439,apparel,"PANT RUN 100 M DRY, UK 32\"" / EU M (L31)","PANT RUN 100 M DRY, UK 32"" / EU M (L31)",0,M,Black,68.32,GF-R1-U1,11
3608393328311,5648987,apparel,"1/2 ZIP LS TS RUN DRY 500 MEN, L [short]","1/2 ZIP LS TS RUN DRY 500 MEN, L [short]",0,L,Red,22.09,GF-R1-U2,12
3608390276028,4896117,apparel,"LS TS KIPRUN WARM LIGHT B, UK 12 / FR 42","LS TS KIPRUN WARM LIGHT B, UK 12 / FR 42",0,OS,Pink,51.8,GF-R1-U3,11
3608390281152,4899415,apparel,"Run500 thin inv X2 beige, 2.5-5 - 35/38","Run500 thin inv X2 beige, 2.5-5 - 35/38",0,OS,Teal,17.52,GF-R1-U4,11
3608391852443,5315530,apparel,"1/2 ZIP LS TS RUN DRY 500 MEN, L [short]","1/2 ZIP LS TS RUN DRY 500 MEN, L [short]",0,L,Red,15.99,GF-R1-U5,5
3583784029285,4044133,apparel,"KIPRUN SHORT TIGHT BLACK, L","KIPRUN SHORT TIGHT BLACK, L",0,L,Black,63.99,GF-R1-U6,7
3608429667230,4579639,apparel,"SHORT RUN DRY+ M BLACK CN, UK 34\"" / EU L","SHORT RUN DRY+ M BLACK CN, UK 34"" / EU L",0,M,Black,38.55,GF-R1-U7,7
3583784033817,4044150,apparel,"KIPRUN SHORT LIGHT BLACK, L","KIPRUN SHORT LIGHT BLACK, L",0,L,Black,69.32,GF-R2-U1,11
3608429811077,2360855,apparel,"LONGTIGHT RUN WARM black, W41 L32","LONGTIGHT RUN WARM black, W41 L32",0,OS,Black,51.51,GF-R2-U2,10
3583783961333,2612377,apparel,"KIPRUN FIT TROUSER BLACK, 2XL / W41 L32.","KIPRUN FIT TROUSER BLACK, 2XL / W41 L32.",0,XXL,Black,60.13,GF-R2-U3,7
3608390279296,4899371,apparel,"Run900 strap 2025 black, 5.5-6.5 - 39/40","Run900 strap 2025 black, 5.5-6.5 - 39/40",0,OS,Black,20.9,GF-R2-U4,7
3608391587680,5214157,apparel,"LEGGING RUN 500 W, UK 12-14 / EU L (L29)","LEGGING RUN 500 W, UK 12-14 / EU L (L29)",0,L,Navy,65.27,GF-R2-U5,8
3608390358274,4995816,apparel,"T SHIRT RUN DRY 500 W Navy, UK 10 / EU M","T SHIRT RUN DRY 500 W Navy, UK 10 / EU M",0,M,Navy,29.34,GF-R2-U6,9
3608391852467,5315532,apparel,"1/2 ZIP LS TS RUN DRY 500 ME, XL [short]","1/2 ZIP LS TS RUN DRY 500 ME, XL [short]",0,XL,Teal,69.18,GF-R2-U7,9
3608429809937,2500634,apparel,"SL JACKET WIND RUN 100 M BLACK, L","SL JACKET WIND RUN 100 M BLACK, L",0,M,Black,24.09,GF-R3-U1,11
3608390279937,4899376,apparel,"Run900 strap 2025 white, 4-5 - 37/38","Run900 strap 2025 white, 4-5 - 37/38",0,OS,White,27.5,GF-R3-U2,9
3608390157105,4453622,apparel,"RUN900 warm under calf, UK 2.5-5 EU35-38","RUN900 warm under calf, UK 2.5-5 EU35-38",0,OS,Blue,47.36,GF-R3-U3,10
3608391189891,5194600,apparel,"JACKET RUN 900 M WARM REGUL H17B, XL","JACKET RUN 900 M WARM REGUL H17B, XL",0,M,Pink,29.01,GF-R3-U4,9
3608390042623,4247943,apparel,"KIPRUN LONGTIGHT DRY BLAC, 32\"" / M (L31)","KIPRUN LONGTIGHT DRY BLAC, 32"" / M (L31)",0,M,Green,21.6,GF-R3-U5,10
3608390374670,4988919,apparel,"Run900 5 FINGERS black/blac, 4-5 - 37/38","Run900 5 FINGERS black/blac, 4-5 - 37/38",0,OS,Black,15.02,GF-R3-U6,10
3608390793082,5085130,apparel,"Jacket Run Rain 300 W Whi, UK 6-8 / EU S","Jacket Run Rain 300 W Whi, UK 6-8 / EU S",0,S,Orange,15.51,GF-R3-U7,10
3608393422507,5648930,apparel,"1/2 ZIP LS TS RUN DRY 500 MEN, M [short]","1/2 ZIP LS TS RUN DRY 500 MEN, M [short]",0,M,Black,20.68,GF-R4-U1,11
3608391818593,5304489,apparel,"JACKET RAIN RUN 100 M BLUE H1, S [short]","JACKET RAIN RUN 100 M BLUE H1, S [short]",0,M,Blue,29.0,GF-R4-U2,10
3608392089152,5280435,apparel,"Run500 thin MID X2 YELLOW, 5.5-8 - 39/42","Run500 thin MID X2 YELLOW, 5.5-8 - 39/42",0,OS,Pink,24.7,GF-R4-U3,7
3608390280704,4899372,apparel,"Run900 strap 2025 black, 8.5-9.5 - 43/44","Run900 strap 2025 black, 8.5-9.5 - 43/44",0,OS,Black,20.62,GF-R4-U4,11
3608393403742,5657383,apparel,"PANT RUN 500 M WARM, UK 30 / EU S (L31)","PANT RUN 500 M WARM, UK 30 / EU S (L31)",0,M,Black,50.66,GF-R4-U5,10
3608392941542,5474887,apparel,"LS TS RUN 500 SEAMLESS BLUE D, M [short]","LS TS RUN 500 SEAMLESS BLUE D, M [short]",0,M,Blue,15.84,GF-R4-U6,11
3608393404022,5657391,apparel,"PANT RUN 500 M WA, UK 43\"" / EU 2XL (L32)","PANT RUN 500 M WA, UK 43"" / EU 2XL (L32)",0,M,Red,21.78,GF-R4-U7,12
3608429655411,4701936,apparel,"SHORT DRY 550 2in1 BLACK, UK 34\"" / EU L","SHORT DRY 550 2in1 BLACK, UK 34"" / EU L",0,L,Black,51.37,GB-R1-U1,10
3608391008505,5102870,apparel,"Pant Ski & Snb 100 M Bla UK 41\"" / EU 2XL","Pant Ski & Snb 100 M Bla UK 41"" / EU 2XL",0,M,Black,16.74,GB-R1-U2,10
3608391673659,5244851,apparel,"Jacket Wind Run 100 W W, UK 12-14 / EU L","Jacket Wind Run 100 W W, UK 12-14 / EU L",0,L,Blue,29.49,GB-R1-U3,6
3608391816230,5280807,apparel,"Run900 Thin UC 2025 whi, 5.5-6.5 - 39/40","Run900 Thin UC 2025 whi, 5.5-6.5 - 39/40",0,OS,Teal,30.53,GB-R1-U4,8
3608391821456,5304555,apparel,"JACKET RUN 500 W, UK 6-8 / EU S [short]","JACKET RUN 500 W, UK 6-8 / EU S [short]",0,S,Navy,18.35,GB-R1-U5,9
3608390154784,4426805,apparel,"RUN900 5fingers thin invisi, 7-8 - 41/42","RUN900 5fingers thin invisi, 7-8 - 41/42",0,OS,Black,58.66,GB-R1-U6,9
3608392095160,5378048,apparel,"SHORT 2IN1 RUN 500 W BLAC, UK 6-8 - EU S","SHORT 2IN1 RUN 500 W BLAC, UK 6-8 - EU S",0,S,Green,63.96,GB-R1-U7,7
3608429681922,4302169,apparel,"TS ML RUN WARM BLUE H17B, S","TS ML RUN WARM BLUE H17B, S",0,S,Blue,53.7,GB-R2-U1,9
3608390867455,5101431,apparel,"SHORT SPLIT 2 BLACK N07A, UK 32\"" / EU M","SHORT SPLIT 2 BLACK N07A, UK 32"" / EU M",0,M,Black,27.3,GB-R2-U2,7
3608390281176,4899417,apparel,"Run500 thin inv X2 beige, 8.5-11 - 43/46","Run500 thin inv X2 beige, 8.5-11 - 43/46",0,OS,White,28.34,GB-R2-U3,10
3583784783941,4884417,apparel,"Pant WARM 100 M BLUE G1, 41\"" / 2XL (L32)","Pant WARM 100 M BLUE G1, 41"" / 2XL (L32)",0,M,Blue,29.51,GB-R2-U4,8
3583783961371,2612385,apparel,"KIPRUN FIT TROUSER BLACK, XL / W37 L32.","KIPRUN FIT TROUSER BLACK, XL / W37 L32.",0,XL,Black,31.55,GB-R2-U5,6
3608390793099,5085131,apparel,"Jacket Run Rain 300 W Whit, UK 10 / EU M","Jacket Run Rain 300 W Whit, UK 10 / EU M",0,M,Teal,27.15,GB-R2-U6,6
3608391816902,5280824,apparel,"Run900 Thin UC 2025 yellow, 4-5 - 37/38","Run900 Thin UC 2025 yellow, 4-5 - 37/38",0,OS,Blue,21.79,GB-R2-U7,8
3608429667209,4579640,apparel,"SHORT RUN DRY+ M BLACK C, UK 37\"" / EU XL","SHORT RUN DRY+ M BLACK C, UK 37"" / EU XL",0,M,Black,34.86,GB-R3-U1,7
3608392907784,5155413,apparel,"LS TS RUN 500 W BLUE G1, UK 12-14 / EU L","LS TS RUN 500 W BLUE G1, UK 12-14 / EU L",0,L,Blue,34.37,GB-R3-U2,6
3608390281091,4899393,apparel,"Run500 thin inv X2 black, 8.5-11 - 43/46","Run500 thin inv X2 black, 8.5-11 - 43/46",0,OS,Black,23.23,GB-R3-U3,10
3608429818212,2341261,apparel,"RUNNING FLASHING LIGHT, UNIQUE","RUNNING FLASHING LIGHT, UNIQUE",0,OS,White,65.85,GB-R3-U4,6
3608390173952,4365368,apparel,"KIPRUN WARM RAIN 2, 37\"" / XL (L32)","KIPRUN WARM RAIN 2, 37"" / XL (L32)",0,XL,Grey,64.63,GB-R3-U5,7
3608393439475,5662528,apparel,"SL JACKET RUN 500, UK 6-8 / EU S [short]","SL JACKET RUN 500, UK 6-8 / EU S [short]",0,S,Red,49.63,GB-R3-U6,6
3608390051632,4274491,apparel,"LONGTIGHT KIPRUN WARM BL, 37\"" / XL (L32)","LONGTIGHT KIPRUN WARM BL, 37"" / XL (L32)",0,XL,Grey,34.23,GB-R3-U7,8
3608390793204,5085132,apparel,"Jacket Run Rain 300 W W, UK 12-14 / EU L","Jacket Run Rain 300 W W, UK 12-14 / EU L",0,L,Blue,63.91,GB-R4-U1,6
3608429646846,4479088,apparel,"JACKET WIND M DAY VISIBILITY YELLOW, XL","JACKET WIND M DAY VISIBILITY YELLOW, XL",0,M,Blue,55.08,GB-R4-U2,10
3583784029292,4044134,apparel,"KIPRUN SHORT TIGHT BLACK, M","KIPRUN SHORT TIGHT BLACK, M",0,M,Black,41.67,GB-R4-U3,10
3608390118526,4049609,apparel,"KIPRUN LS CARE 2 BLACK, L","KIPRUN LS CARE 2 BLACK, L",0,L,Black,45.43,GB-R4-U4,10
3608392089527,5280453,apparel,"Run500 thin MID X2 PURPLE, 5.5-8 - 39/42","Run500 thin MID X2 PURPLE, 5.5-8 - 39/42",0,OS,Navy,26.79,GB-R4-U5,7
3608392090769,5280395,apparel,"Run500 thin inv X2 grey, 5.5-8 - 39/42","Run500 thin inv X2 grey, 5.5-8 - 39/42",0,OS,Grey,15.49,GB-R4-U6,6
3608429743194,2730468,apparel,"SHORT RUN DRY W BLACK, M","SHORT RUN DRY W BLACK, M",0,M,Black,52.59,GB-R4-U7,6
3608429818007,2341936,apparel,"JACKET RUN RAIN  black, L","JACKET RUN RAIN  black, L",0,L,Black,15.44,FR-01,10
3608392089510,5280452,apparel,"Run500 thin MID X2 PURPLE, 2.5-5 - 35/38","Run500 thin MID X2 PURPLE, 2.5-5 - 35/38",0,OS,Teal,37.16,FR-02,10
3608392089534,5280454,apparel,"Run500 thin MID X2 PURPL, 8.5-11 - 43/46","Run500 thin MID X2 PURPL, 8.5-11 - 43/46",0,OS,Teal,57.19,FR-03,10
3608391818586,5304488,apparel,"JACKET RAIN RUN 100 M BLUE H1, M [short]","JACKET RAIN RUN 100 M BLUE H1, M [short]",0,M,Blue,62.16,FR-04,10
3608392907777,5155412,apparel,"LS TS RUN 500 W BLUE G17C, UK 10 / EU M","LS TS RUN 500 W BLUE G17C, UK 10 / EU M",0,M,Blue,15.06,GF-R1-U1,10
3608392090776,5280396,apparel,"Run500 thin inv X2 grey, 8.5-11 - 43/46","Run500 thin inv X2 grey, 8.5-11 - 43/46",0,OS,Grey,16.08,GF-R1-U2,7
3608392939433,5334696,apparel,"LS TS 1/2 ZIP RUN 500 WARM, 2XL [short]","LS TS 1/2 ZIP RUN 500 WARM, 2XL [short]",0,XXL,White,37.07,GF-R1-U3,6
3608392091308,5280352,apparel,"Run500 thin inv X2 purple, 2.5-5 - 35/38","Run500 thin inv X2 purple, 2.5-5 - 35/38",0,OS,Grey,61.61,GF-R1-U4,10
3608392090158,5280389,apparel,"Run500 thin inv X2 blue, 5.5-8 - 39/42","Run500 thin inv X2 blue, 5.5-8 - 39/42",0,OS,Blue,33.12,GF-R1-U5,6
3608392090165,5280390,apparel,"Run500 thin inv X2 blue, 8.5-11 - 43/46","Run500 thin inv X2 blue, 8.5-11 - 43/46",0,OS,Blue,65.82,GF-R1-U6,11
3608391818579,5304487,apparel,"JACKET RAIN RUN 100 M BLUE H1, L [short]","JACKET RAIN RUN 100 M BLUE H1, L [short]",0,M,Blue,25.88,GF-R1-U7,8
3608393439451,5662526,apparel,"SL JACKET RUN 5, UK 12-14 / EU L [short]","SL JACKET RUN 5, UK 12-14 / EU L [short]",0,L,Blue,59.58,GF-R2-U1,6
3608429669913,4169919,apparel,"WIND JACKET TRAIL M GRE, 2XL (Chest 47\"")","WIND JACKET TRAIL M GRE, 2XL (Chest 47"")",0,M,Orange,19.34,GF-R2-U2,8
3608390156009,4426807,apparel,"RUN900 5fingers thin in, 8.5-9.5 - 43/44","RUN900 5fingers thin in, 8.5-9.5 - 43/44",0,OS,Navy,31.73,GF-R2-U3,7
3608390203376,4577905,apparel,"LS TS KIPRUN SKINCARE W BLA, UK6 / EU XS","LS TS KIPRUN SKINCARE W BLA, UK6 / EU XS",0,XS,Grey,24.94,GF-R2-U4,10
3608392086779,5280796,apparel,"Run900 Thin Mid 2025 blue, 7-8 - 41/42","Run900 Thin Mid 2025 blue, 7-8 - 41/42",0,OS,Blue,22.53,GF-R2-U5,6
3608429663881,4514119,apparel,"PANT RUN DRY W CN W T, UK14-16 / XL(L29)","PANT RUN DRY W CN W T, UK14-16 / XL(L29)",0,XL,Teal,42.22,GF-R2-U6,10
3608391553975,5205443,apparel,"PANT RUN 100 M DRY, UK 39\"" / EU XL (L32)","PANT RUN 100 M DRY, UK 39"" / EU XL (L32)",0,M,Pink,44.64,GF-R2-U7,12
3608391852597,5315569,apparel,"PANT FIT RUN COOL, UK 34\"" / EU L (L32)","PANT FIT RUN COOL, UK 34"" / EU L (L32)",0,L,White,16.17,GF-R3-U1,10
3608393506818,5637006,apparel,"SHORT 2in1 RUN 500 M BLAC, UK 34\"" - EU L","SHORT 2in1 RUN 500 M BLAC, UK 34"" - EU L",0,M,Blue,19.16,GF-R3-U2,10
3608429655404,4701934,apparel,"SHORT DRY 550 2in1 BLACK, UK 32\"" / EU M","SHORT DRY 550 2in1 BLACK, UK 32"" / EU M",0,M,Black,22.83,GF-R3-U3,11
3608391821401,5304490,apparel,"JACKET RAIN RUN 100 M BLUE H, XL [short]","JACKET RAIN RUN 100 M BLUE H, XL [short]",0,M,Blue,26.77,GF-R3-U4,7
3583784835022,4925484,apparel,"SHORT TIGHT DRY 100 M, UK 37\"" / EU XL","SHORT TIGHT DRY 100 M, UK 37"" / EU XL",0,M,White,31.53,GF-R3-U5,9
3608390358267,4995815,apparel,"T SHIRT RUN DRY 500 W Nav, UK 6-8 / EU S","T SHIRT RUN DRY 500 W Nav, UK 6-8 / EU S",0,S,Teal,26.87,GF-R3-U6,8
3608390272570,4896438,apparel,"LS TS 1/2 ZIP RUN 900 M WARM BLACK, S","LS TS 1/2 ZIP RUN 900 M WARM BLACK, S",0,M,Black,35.78,GF-R3-U7,8
3608392095177,5378049,apparel,"SHORT 2IN1 RUN 500 W BLACK, UK 10 - EU M","SHORT 2IN1 RUN 500 W BLACK, UK 10 - EU M",0,M,Black,21.8,GF-R4-U1,10
3608429818038,2341937,apparel,"JACKET RUN RAIN  black, XL","JACKET RUN RAIN  black, XL",0,XL,Black,23.59,GF-R4-U2,11
3608429652205,4681377,apparel,"T SHIRT RUN DRY M GREY N11A, S","T SHIRT RUN DRY M GREY N11A, S",0,M,Grey,29.55,GF-R4-U3,10
3608392089145,5280434,apparel,"Run500 thin MID X2 YELLOW, 2.5-5 - 35/38","Run500 thin MID X2 YELLOW, 2.5-5 - 35/38",0,OS,Green,39.76,GF-R4-U4,8
3583784033824,4044151,apparel,"KIPRUN SHORT LIGHT BLACK, M","KIPRUN SHORT LIGHT BLACK, M",0,M,Black,22.43,GF-R4-U5,10
3608391876067,5214446,apparel,"TANK RUN 500 M COMFORT BLACK N07A, L","TANK RUN 500 M COMFORT BLACK N07A, L",0,M,Black,15.08,GF-R4-U6,7
3608391816919,5280825,apparel,"Run900 Thin UC 2025 yel, 5.5-6.5 - 39/40","Run900 Thin UC 2025 yel, 5.5-6.5 - 39/40",0,OS,White,65.95,GF-R4-U7,10
3608392037009,5273852,apparel,"TS RUN 500 W DRY GREEN L22, UK 10 / EU M","TS RUN 500 W DRY GREEN L22, UK 10 / EU M",0,M,Green,19.33,GB-R1-U1,11
3608392090752,5280394,apparel,"Run500 thin inv X2 grey, 2.5-5 - 35/38","Run500 thin inv X2 grey, 2.5-5 - 35/38",0,OS,Grey,51.2,GB-R1-U2,10
3583784783330,4924323,apparel,"Jacket Run Wind 100 W Bla, UK 4 / EU 2XS","Jacket Run Wind 100 W Bla, UK 4 / EU 2XS",0,OS,Black,67.05,GB-R1-U3,6
3608429804727,2501396,apparel,"TSHIRT RUN DRY M BLACK, 2XL","TSHIRT RUN DRY M BLACK, 2XL",0,M,Black,28.1,GB-R1-U4,8
3608393439468,5662527,apparel,"SL JACKET RUN 500, UK 10 / EU M [short]","SL JACKET RUN 500, UK 10 / EU M [short]",0,M,Navy,15.82,GB-R1-U5,6
3608429811039,2360851,apparel,"LONGTIGHT RUN WARM black, W30 L31","LONGTIGHT RUN WARM black, W30 L31",0,OS,Black,57.31,GB-R1-U6,11
3608429709473,4044229,apparel,"TS LS KIPRUN SKINCARE GREY, M","TS LS KIPRUN SKINCARE GREY, M",0,M,Grey,34.9,GB-R1-U7,9
3608429817062,2342119,apparel,"LS TS RUN WARM BLACK, UK 20 - EU 48","LS TS RUN WARM BLACK, UK 20 - EU 48",0,OS,Black,25.51,GB-R2-U1,6
3608390042661,4247947,apparel,"KIPRUN LONGTIGHT DRY BLA, 37\"" / XL (L32)","KIPRUN LONGTIGHT DRY BLA, 37"" / XL (L32)",0,XL,Pink,58.61,GB-R2-U2,6
3608391189884,5194599,apparel,"JACKET RUN 900 M WARM REGUL H17B, L","JACKET RUN 900 M WARM REGUL H17B, L",0,M,Navy,24.06,GB-R2-U3,6
3608390358281,4995817,apparel,"T SHIRT RUN DRY 500 W N, UK 12-14 / EU L","T SHIRT RUN DRY 500 W N, UK 12-14 / EU L",0,L,Black,39.96,GB-R2-U4,5
3608429651468,4716802,apparel,"SHORT RUN DRY+ M BLUE G2, UK 37\"" / EU XL","SHORT RUN DRY+ M BLUE G2, UK 37"" / EU XL",0,M,Blue,55.78,GB-R2-U5,11
3608390279272,4899369,apparel,"Run900 strap 2025 black, 4-5 - 37/38","Run900 strap 2025 black, 4-5 - 37/38",0,OS,Black,68.52,GB-R2-U6,8
3608391852641,5315552,apparel,"1/2 ZIP LS TS RUN DRY 500 MEN, M [short]","1/2 ZIP LS TS RUN DRY 500 MEN, M [short]",0,M,Black,57.85,GB-R2-U7,6
3608429658276,4391376,apparel,"T SHIRT RUN DRY M BLUE E18A, 2XL","T SHIRT RUN DRY M BLUE E18A, 2XL",0,M,Blue,21.07,GB-R3-U1,5
3608429669876,4169921,apparel,"WIND JACKET TRAIL M GREY, L (Chest 39\"")","WIND JACKET TRAIL M GREY, L (Chest 39"")",0,M,Grey,18.46,GB-R3-U2,6
3608392436390,5445573,apparel,"CN JACKET WIND RUN 100 M BLU, XL [short]","CN JACKET WIND RUN 100 M BLU, XL [short]",0,M,Navy,34.52,GB-R3-U3,8
3608391189860,5194597,apparel,"JACKET RUN 900 M WARM REGUL H17B, M","JACKET RUN 900 M WARM REGUL H17B, M",0,M,Blue,16.31,GB-R3-U4,9
3608429645894,4302198,apparel,"JACKET WARM 500 BLACK, S","JACKET WARM 500 BLACK, S",0,S,Black,50.09,GB-R3-U5,6
3608392436376,5445571,apparel,"CN JACKET WIND RUN 100 M BLUE, M [short]","CN JACKET WIND RUN 100 M BLUE, M [short]",0,M,Blue,44.66,GB-R3-U6,6
3608390276011,4896116,apparel,"LS TS KIPRUN WARM LIGHT B, UK 10 / FR 40","LS TS KIPRUN WARM LIGHT B, UK 10 / FR 40",0,OS,Black,42.9,GB-R3-U7,6
3608391816933,5280827,apparel,"Run900 Thin UC 2025 yel, 8.5-9.5 - 43/44","Run900 Thin UC 2025 yel, 8.5-9.5 - 43/44",0,OS,Grey,30.87,GB-R4-U1,7
3608393328328,5648989,apparel,"1/2 ZIP LS TS RUN DRY 500 ME, XL [short]","1/2 ZIP LS TS RUN DRY 500 ME, XL [short]",0,XL,Teal,24.23,GB-R4-U2,9
3608429681908,4302163,apparel,"TS ML RUN WARM BLUE H17B, 2XL","TS ML RUN WARM BLUE H17B, 2XL",0,XXL,Blue,28.09,GB-R4-U3,6
3608429644668,4925305,apparel,"T SHIRT RUN DRY 100 W Bla, UK 6-8 / EU S","T SHIRT RUN DRY 100 W Bla, UK 6-8 / EU S",0,S,Navy,27.63,GB-R4-U4,8
3608392089169,5280436,apparel,"Run500 thin MID X2 YELLO, 8.5-11 - 43/46","Run500 thin MID X2 YELLO, 8.5-11 - 43/46",0,OS,Black,68.68,GB-R4-U5,9
3608419149753,2432297,apparel,"SHORT 100 H BLACK, L","SHORT 100 H BLACK, L",0,L,Black,45.39,GB-R4-U6,8
3608390296637,4925454,apparel,"SHORT DRY 100 M BLACK N07, UK 30\"" / EU S","SHORT DRY 100 M BLACK N07, UK 30"" / EU S",0,M,Black,15.66,GB-R4-U7,6
3608391011123,5102876,apparel,Pant Ski & Snb 100 W Black UK 12 / FR 42,Pant Ski & Snb 100 W Black UK 12 / FR 42,0,OS,Black,28.86,FR-01,9
3608391816223,5280806,apparel,"Run900 Thin UC 2025 white, 4-5 - 37/38","Run900 Thin UC 2025 white, 4-5 - 37/38",0,OS,White,20.81,FR-02,7
3608391852665,5315554,apparel,"1/2 ZIP LS TS RUN DRY 500 MEN, L [short]","1/2 ZIP LS TS RUN DRY 500 MEN, L [short]",0,L,Red,30.69,FR-03,10
3608393506801,5637005,apparel,"SHORT 2in1 RUN 500 M BLAC, UK 32\"" - EU M","SHORT 2in1 RUN 500 M BLAC, UK 32"" - EU M",0,M,Orange,16.66,FR-04,10
3583784029612,4044137,apparel,"KIPRUN SHORT TIGHT BLACK, XL","KIPRUN SHORT TIGHT BLACK, XL",0,XL,Black,24.47,GF-R1-U1,8
3608429809920,2500633,apparel,"SL JACKET WIND RUN 100 M BLACK, M","SL JACKET WIND RUN 100 M BLACK, M",0,M,Black,29.31,GF-R1-U2,8
3608392436567,5445580,apparel,"CN JACKET WIND RUN 100 M NOIR, S [short]","CN JACKET WIND RUN 100 M NOIR, S [short]",0,M,Pink,21.37,GF-R1-U3,9
3608392088780,5280423,apparel,"Run500 thin MID X2 BLUE, 5.5-8 - 39/42","Run500 thin MID X2 BLUE, 5.5-8 - 39/42",0,OS,Blue,38.02,GF-R1-U4,9
3608391880132,5318540,apparel,"SHORT RUN 100 M BLUE G17C, UK 34\"" / EU L","SHORT RUN 100 M BLUE G17C, UK 34"" / EU L",0,M,Blue,49.74,GF-R1-U5,7
3608392934452,5334688,apparel,"LS TS 1/2 ZIP RUN 500 WARM BL, S [short]","LS TS 1/2 ZIP RUN 500 WARM BL, S [short]",0,S,White,15.36,GF-R1-U6,11
3608429804710,2501397,apparel,"TSHIRT RUN DRY M BLACK, 3XL","TSHIRT RUN DRY M BLACK, 3XL",0,M,Black,68.1,GF-R1-U7,7
3608429663904,4514115,apparel,"PANT RUN DRY W CN W Tr, UK4-6 / XS (L28)","PANT RUN DRY W CN W Tr, UK4-6 / XS (L28)",0,XS,Grey,42.3,GF-R2-U1,9
3608390296675,4925458,apparel,"SHORT DRY 100 M BLACK N, UK 41\"" / EU 2XL","SHORT DRY 100 M BLACK N, UK 41"" / EU 2XL",0,M,Black,30.82,GF-R2-U2,6
3608391881160,5318650,apparel,"SHORT RUN 500 M COMFORT S, UK 34\"" / EU L","SHORT RUN 500 M COMFORT S, UK 34"" / EU L",0,M,Orange,53.18,GF-R2-U3,5
3608392987144,5524733,apparel,"TS RUN 500 M ANTI-UV Carbon, XL [short]","TS RUN 500 M ANTI-UV Carbon, XL [short]",0,M,Orange,20.44,GF-R2-U4,6
3608419149708,2432300,apparel,"SHORT 100 H BLACK, XL","SHORT 100 H BLACK, XL",0,XL,Black,29.13,GF-R2-U5,11
3608429658245,4391375,apparel,"T SHIRT RUN DRY M BLUE E18A, XL","T SHIRT RUN DRY M BLUE E18A, XL",0,M,Blue,20.78,GF-R2-U6,9
3608429644682,4925306,apparel,"T SHIRT RUN DRY 100 W Blac, UK 10 / EU M","T SHIRT RUN DRY 100 W Blac, UK 10 / EU M",0,M,Pink,22.49,GF-R2-U7,7
3608390042647,4247945,apparel,"KIPRUN LONGTIGHT DRY BLAC, 30\"" / S (L31)","KIPRUN LONGTIGHT DRY BLAC, 30"" / S (L31)",0,S,Pink,35.53,GF-R3-U1,12
3608392095184,5378050,apparel,"SHORT 2IN1 RUN 500 W BL, UK 12-14 - EU L","SHORT 2IN1 RUN 500 W BL, UK 12-14 - EU L",0,L,Pink,17.95,GF-R3-U2,7
3608429646822,4479084,apparel,"JACKET WIND M DAY VISIBILITY YELLOW F, S","JACKET WIND M DAY VISIBILITY YELLOW F, S",0,M,Black,57.67,GF-R3-U3,10
3608390860296,5075735,apparel,"Short Run Dry 500 Black, UK 10 / EU M","Short Run Dry 500 Black, UK 10 / EU M",0,M,Black,15.09,GF-R3-U4,7
3608390280971,4899398,apparel,"Run500 thin inv X2 white, 5.5-8 - 39/42","Run500 thin inv X2 white, 5.5-8 - 39/42",0,OS,White,28.43,GF-R3-U5,8
3608429644705,4925307,apparel,"T SHIRT RUN DRY 100 W B, UK 12-14 / EU L","T SHIRT RUN DRY 100 W B, UK 12-14 / EU L",0,L,Navy,60.22,GF-R3-U6,8
3608429644644,4925304,apparel,"T SHIRT RUN DRY 100 W Bl, UK 4-6 / EU XS","T SHIRT RUN DRY 100 W Bl, UK 4-6 / EU XS",0,XS,Black,65.33,GF-R3-U7,9
3608429645856,4302192,apparel,"JACKET WARM 500 BLACK, 2XL","JACKET WARM 500 BLACK, 2XL",0,XXL,Black,20.58,GF-R4-U1,10
3608392478758,5450071,apparel,"PANTS MH500 M BLUE, UK32\"" / FR 42 (L31)","PANTS MH500 M BLUE, UK32"" / FR 42 (L31)",0,M,Blue,47.96,GF-R4-U2,8
3608392478772,5450073,apparel,"PANTS MH500 M BLUE, UK34\"" / FR 44 (L32)","PANTS MH500 M BLUE, UK34"" / FR 44 (L32)",0,M,Blue,64.64,GF-R4-U3,5
3608393328076,5649894,apparel,"PANT RUN 500 W WAR, UK 4-6 / EU XS (L28)","PANT RUN 500 W WAR, UK 4-6 / EU XS (L28)",0,XS,Navy,38.35,GF-R4-U4,9
3608391852405,5315526,apparel,"1/2 ZIP LS TS RUN DRY 500 MEN, S [short]","1/2 ZIP LS TS RUN DRY 500 MEN, S [short]",0,S,Grey,33.08,GF-R4-U5,11
3608429646853,4479087,apparel,"JACKET WIND M DAY VISIBILITY YELLOW F, L","JACKET WIND M DAY VISIBILITY YELLOW F, L",0,M,Blue,15.24,GF-R4-U6,5
3608429646860,4479085,apparel,"JACKET WIND M DAY VISIBILITY YELLOW F, M","JACKET WIND M DAY VISIBILITY YELLOW F, M",0,M,Teal,28.84,GF-R4-U7,7
3608392478246,5450048,apparel,"PANTS MH500 M BLACK, UK34\"" / FR 44 (L32)","PANTS MH500 M BLACK, UK34"" / FR 44 (L32)",0,M,Black,16.68,GB-R1-U1,9
3608392086786,5280797,apparel,"Run900 Thin Mid 2025 bl, 8.5-9.5 - 43/44","Run900 Thin Mid 2025 bl, 8.5-9.5 - 43/44",0,OS,Pink,27.31,GB-R1-U2,12
3608393328304,5648986,apparel,"1/2 ZIP LS TS RUN DRY 500 MEN, M [short]","1/2 ZIP LS TS RUN DRY 500 MEN, M [short]",0,M,Black,63.26,GB-R1-U3,8
3608391852429,5315528,apparel,"1/2 ZIP LS TS RUN DRY 500 MEN, M [short]","1/2 ZIP LS TS RUN DRY 500 MEN, M [short]",0,M,Black,18.3,GB-R1-U4,5
3608429804833,2504711,apparel,"TANK RUN DRY M WHITE, S","TANK RUN DRY M WHITE, S",0,M,White,35.94,GB-R1-U5,11
3583784851329,4925267,apparel,"T SHIRT RUN DRY 100 W G, UK 12-14 / EU L","T SHIRT RUN DRY 100 W G, UK 12-14 / EU L",0,L,Green,17.08,GB-R1-U6,6
3608392987137,5524732,apparel,"TS RUN 500 M ANTI-UV Carbon G, L [short]","TS RUN 500 M ANTI-UV Carbon G, L [short]",0,M,Red,55.31,GB-R1-U7,6
3608392037016,5273853,apparel,"TS RUN 500 W DRY GREEN, UK 12-14 / EU L","TS RUN 500 W DRY GREEN, UK 12-14 / EU L",0,L,Green,58.78,GB-R2-U1,7
3608390157112,4453623,apparel,"RUN900 warm under cal, UK 8.5-11 EU43-46","RUN900 warm under cal, UK 8.5-11 EU43-46",0,EU 43,White,59.34,GB-R2-U2,6
3608429669883,4169925,apparel,"WIND JACKET TRAIL M GREY, XL (Chest 43\"")","WIND JACKET TRAIL M GREY, XL (Chest 43"")",0,M,Grey,51.52,GB-R2-U3,7
3608391816926,5280826,apparel,"Run900 Thin UC 2025 yellow, 7-8 - 41/42","Run900 Thin UC 2025 yellow, 7-8 - 41/42",0,OS,Orange,16.03,GB-R2-U4,10
3608391852689,5315556,apparel,"1/2 ZIP LS TS RUN DRY 500 ME, XL [short]","1/2 ZIP LS TS RUN DRY 500 ME, XL [short]",0,XL,Teal,21.6,GB-R2-U5,10
3608391852573,5315567,apparel,"PANT FIT RUN COOL, UK 32\"" / EU M (L31)","PANT FIT RUN COOL, UK 32"" / EU M (L31)",0,M,Pink,17.75,GB-R2-U6,10
3608392941573,5474890,apparel,"LS TS RUN 500 SEAMLESS BLUE, 2XL [short]","LS TS RUN 500 SEAMLESS BLUE, 2XL [short]",0,XXL,Blue,67.18,GB-R2-U7,11
3608393403827,5657397,apparel,"PANT RUN 500 M WARM, UK 30 / EU S (L31)","PANT RUN 500 M WARM, UK 30 / EU S (L31)",0,M,Black,65.19,GB-R3-U1,8
3608393272720,5632688,apparel,"SHORT 2in1 RUN 500 W GREY, UK 6-8 - EU S","SHORT 2in1 RUN 500 W GREY, UK 6-8 - EU S",0,S,Grey,19.87,GB-R3-U2,9
3608393272737,5632689,apparel,"SHORT 2in1 RUN 500 W GREY, UK 10 - EU M","SHORT 2in1 RUN 500 W GREY, UK 10 - EU M",0,M,Grey,34.44,GB-R3-U3,10
3608393272744,5632691,apparel,"SHORT 2in1 RUN 500 W GR, UK 12-14 - EU L","SHORT 2in1 RUN 500 W GR, UK 12-14 - EU L",0,L,Navy,44.77,GB-R3-U4,6
3608419149746,2432298,apparel,"SHORT 100 H BLACK, M","SHORT 100 H BLACK, M",0,M,Black,46.2,GB-R3-U5,9
3608429818045,2341938,apparel,"JACKET RUN RAIN  black, 2XL","JACKET RUN RAIN  black, 2XL",0,XXL,Black,29.64,GB-R3-U6,10
3608391520809,4925494,apparel,"LONG TIGHT RUN 100 M DRY, 30\"" / S (L31)","LONG TIGHT RUN 100 M DRY, 30"" / S (L31)",0,M,Black,31.37,GB-R3-U7,12
3608392086762,5280795,apparel,"Run900 Thin Mid 2025 bl, 5.5-6.5 - 39/40","Run900 Thin Mid 2025 bl, 5.5-6.5 - 39/40",0,OS,Black,22.16,GB-R4-U1,6
3608390405800,4998768,apparel,"WIND JACKET TRAIL M BLUE G17C, L .","WIND JACKET TRAIL M BLUE G17C, L .",0,M,Blue,26.42,GB-R4-U2,7
3608391187392,5194634,apparel,"JACKET RUN 900 W WARM REGU, UK 10 / EU M","JACKET RUN 900 W WARM REGU, UK 10 / EU M",0,M,Red,15.67,GB-R4-U3,6
3608391187309,5066194,apparel,"SWEAT HOOD RUN 500 W WARM, UK 10 / EU M","SWEAT HOOD RUN 500 W WARM, UK 10 / EU M",0,M,Blue,29.86,GB-R4-U4,8
3608390397211,4925464,apparel,"SHORT DRY 100 M BLUE E18A, UK 32\"" / EU M","SHORT DRY 100 M BLUE E18A, UK 32"" / EU M",0,M,Blue,29.14,GB-R4-U5,9
3608390280193,4898473,apparel,"Run500 thick mid X2 white, 2.5-5 - 35/38","Run500 thick mid X2 white, 2.5-5 - 35/38",0,OS,White,45.08,GB-R4-U6,6
3583783961364,2612383,apparel,"KIPRUN FIT TROUSER BLACK, S / W30 L31.","KIPRUN FIT TROUSER BLACK, S / W30 L31.",0,S,Black,51.55,GB-R4-U7,7
3608429817505,2342033,apparel,"LS TS RUN DRY+ ZIP BLACK, UK 10 - EU 38","LS TS RUN DRY+ ZIP BLACK, UK 10 - EU 38",0,M,Black,25.28,FR-01,8
3608429804802,2504713,apparel,"TANK RUN DRY M WHITE, L","TANK RUN DRY M WHITE, L",0,M,White,39.2,FR-02,7
3608390174201,4428382,apparel,"PANT KIPRUN LIGHT W BLA, UK6-8 / S (L29)","PANT KIPRUN LIGHT W BLA, UK6-8 / S (L29)",0,S,Navy,17.41,FR-03,8
3608390397235,4925466,apparel,"SHORT DRY 100 M BLUE E18, UK 37\"" / EU XL","SHORT DRY 100 M BLUE E18, UK 37"" / EU XL",0,M,Blue,17.84,FR-04,9
3608392939952,5476868,apparel,"LS TS 1/2 ZIP RUN 500 WARM GR, S [short]","LS TS 1/2 ZIP RUN 500 WARM GR, S [short]",0,S,Teal,22.22,GF-R1-U1,5
3583784029605,4044135,apparel,"KIPRUN SHORT TIGHT BLACK, S","KIPRUN SHORT TIGHT BLACK, S",0,S,Black,25.47,GF-R1-U2,9
3608390397228,4925465,apparel,"SHORT DRY 100 M BLUE E18A, UK 34\"" / EU L","SHORT DRY 100 M BLUE E18A, UK 34"" / EU L",0,M,Blue,33.02,GF-R1-U3,8
3608429648260,4702118,apparel,"Pant Dry 500 M BEIGE K03, 37\"" / XL (L32)","Pant Dry 500 M BEIGE K03, 37"" / XL (L32)",0,M,Teal,25.6,GF-R1-U4,10
3608392436123,5445820,apparel,"CN JACKET WIND RUN 100 M WHIT, S [short]","CN JACKET WIND RUN 100 M WHIT, S [short]",0,M,Orange,41.94,GF-R1-U5,11
3608392929557,5334842,apparel,"JACKET RUN 100 M WARM BLACK N, L [short]","JACKET RUN 100 M WARM BLACK N, L [short]",0,M,Black,30.35,GF-R1-U6,5
3608429669869,4169922,apparel,"WIND JACKET TRAIL M GREY, M (Chest 37\"")","WIND JACKET TRAIL M GREY, M (Chest 37"")",0,M,Grey,34.34,GF-R1-U7,11
3608392036194,5273851,apparel,"TS RUN 500 W DRY GREEN L2, UK 6-8 / EU S","TS RUN 500 W DRY GREEN L2, UK 6-8 / EU S",0,S,Green,29.31,GF-R2-U1,6
3608392095153,5378047,apparel,"SHORT 2IN1 RUN 500 W BLA, UK 4-6 - EU XS","SHORT 2IN1 RUN 500 W BLA, UK 4-6 - EU XS",0,XS,Black,26.41,GF-R2-U2,8
3608392035883,5273844,apparel,"TS RUN 500 W DRY PINK A08, UK 16 / EU XL","TS RUN 500 W DRY PINK A08, UK 16 / EU XL",0,XL,Pink,15.67,GF-R2-U3,11
3608391553999,5205445,apparel,"PANT RUN 100 M DR, UK 43\"" / EU 2XL (L32)","PANT RUN 100 M DR, UK 43"" / EU 2XL (L32)",0,M,Pink,46.51,GF-R2-U4,5
3608391588502,5214159,apparel,"LEGGING RUN 500 W, UK 14-16 / EU XL(L29)","LEGGING RUN 500 W, UK 14-16 / EU XL(L29)",0,XL,Blue,25.14,GF-R2-U5,6
3608429804666,2504728,apparel,"TANK RUN DRY M BLACK, XL","TANK RUN DRY M BLACK, XL",0,M,Black,35.99,GF-R2-U6,11
3608391708450,5157903,apparel,"Run900 Thin UC 2025 grey, 7-8 - 41/42","Run900 Thin UC 2025 grey, 7-8 - 41/42",0,OS,Grey,22.12,GF-R2-U7,9
3608392447891,5446914,apparel,"SHORT RUN 100 W BLUE G17C, UK 16 - EU XL","SHORT RUN 100 W BLUE G17C, UK 16 - EU XL",0,XL,Blue,20.1,GF-R3-U1,7
3608392478222,5450046,apparel,"PANTS MH500 M BLACK, UK32\"" / FR 42 (L31)","PANTS MH500 M BLACK, UK32"" / FR 42 (L31)",0,M,Black,23.3,GF-R3-U2,10
3608391853204,5315571,apparel,"PANT FIT RUN COOL, UK 39\"" / EU XL (L32)","PANT FIT RUN COOL, UK 39"" / EU XL (L32)",0,XL,Blue,60.88,GF-R3-U3,6
3608393506825,5637007,apparel,"SHORT 2in1 RUN 500 M BLA, UK 39\"" - EU XL","SHORT 2in1 RUN 500 M BLA, UK 39"" - EU XL",0,M,Grey,15.38,GF-R3-U4,7
3583784835039,4925485,apparel,"SHORT TIGHT DRY 100 M, UK 41\"" / EU 2XL","SHORT TIGHT DRY 100 M, UK 41"" / EU 2XL",0,M,Pink,19.17,GF-R3-U5,10
3608390358250,4995814,apparel,"T SHIRT RUN DRY 500 W Na, UK 4-6 / EU XS","T SHIRT RUN DRY 500 W Na, UK 4-6 / EU XS",0,XS,White,63.79,GF-R3-U6,6
3608391673666,5244853,apparel,"Jacket Wind Run 100 W Whi, UK 16 / EU XL","Jacket Wind Run 100 W Whi, UK 16 / EU XL",0,XL,Black,21.11,GF-R3-U7,10
3608390118533,4049610,apparel,"KIPRUN LS CARE 2 BLACK, M","KIPRUN LS CARE 2 BLACK, M",0,M,Black,21.5,GF-R4-U1,8
3608392095191,5378051,apparel,"SHORT 2IN1 RUN 500 W BLAC, UK 16 - EU XL","SHORT 2IN1 RUN 500 W BLAC, UK 16 - EU XL",0,XL,Orange,25.1,GF-R4-U2,5
3608391916985,5318661,apparel,"SHORT RUN 500 M COMFORT, UK 37\"" / EU XL","SHORT RUN 500 M COMFORT, UK 37"" / EU XL",0,M,Navy,17.71,GF-R4-U3,10
3608392778711,5515138,apparel,"Run500 thin MID X2 YELlOW, 2.5-5 - 35/38","Run500 thin MID X2 YELlOW, 2.5-5 - 35/38",0,OS,Teal,27.64,GF-R4-U4,7
3608390154760,4426803,apparel,"RUN900 5fingers thin in, 5.5-6.5 - 39/40","RUN900 5fingers thin in, 5.5-6.5 - 39/40",0,OS,Navy,24.92,GF-R4-U5,9
3608392447853,5446910,apparel,"SHORT RUN 100 W BLUE G17, UK 4-6 - EU XS","SHORT RUN 100 W BLUE G17, UK 4-6 - EU XS",0,XS,Blue,30.54,GF-R4-U6,9
3608392478260,5450050,apparel,"PANTS MH500 M BLACK, UK36\"" / FR 46 (L32)","PANTS MH500 M BLACK, UK36"" / FR 46 (L32)",0,M,Black,18.38,GF-R4-U7,5
3608391852559,5315565,apparel,"PANT FIT RUN COOL, UK 30\"" / EU S (L31)","PANT FIT RUN COOL, UK 30"" / EU S (L31)",0,S,Black,49.52,GB-R1-U1,8
3608392245114,5318801,apparel,"SHORT RUN 900 H REPLIKA, UK 37\"" / EU XL","SHORT RUN 900 H REPLIKA, UK 37"" / EU XL",0,XL,Orange,48.15,GB-R1-U2,9
3608390405831,4998771,apparel,"WIND JACKET TRAIL M BLUE G17C, M .","WIND JACKET TRAIL M BLUE G17C, M .",0,M,Blue,21.86,GB-R1-U3,7
3608390174102,4428320,apparel,"LONG TIGHT KIPRUN RA, UK 10 / EU M (L29)","LONG TIGHT KIPRUN RA, UK 10 / EU M (L29)",0,M,Pink,56.59,GB-R1-U4,8
3608429743064,2730434,apparel,"SHORT TIGHT RUN DRY W Black, L","SHORT TIGHT RUN DRY W Black, L",0,L,Black,31.41,GB-R1-U5,7
3608392088797,5280424,apparel,"Run500 thin MID X2 BLUE, 8.5-11 - 43/46","Run500 thin MID X2 BLUE, 8.5-11 - 43/46",0,OS,Blue,59.14,GB-R1-U6,8
3608392447877,5446912,apparel,"SHORT RUN 100 W BLUE G17C, UK 10 - EU M","SHORT RUN 100 W BLUE G17C, UK 10 - EU M",0,M,Blue,37.81,GB-R1-U7,5
3608391641665,5225382,apparel,"PANT RUN DRY 500 W CN, UK12-14 / L (L29)","PANT RUN DRY 500 W CN, UK12-14 / L (L29)",0,L,White,18.22,GB-R2-U1,5
3608391191986,5194614,apparel,"JACKET RUN 900 M WARM REGUL BLACK YEL, L","JACKET RUN 900 M WARM REGUL BLACK YEL, L",0,M,Black,49.81,GB-R2-U2,10
3608429651413,4716800,apparel,"SHORT RUN DRY+ M BLUE G20, UK 32\"" / EU M","SHORT RUN DRY+ M BLUE G20, UK 32"" / EU M",0,M,Blue,24.36,GB-R2-U3,10
3608390272617,4896442,apparel,"LS TS 1/2 ZIP RUN 900 M WARM BLACK, 2XL","LS TS 1/2 ZIP RUN 900 M WARM BLACK, 2XL",0,M,Black,15.3,GB-R2-U4,5
3608392436901,5445574,apparel,"CN JACKET WIND RUN 100 M BL, 2XL [short]","CN JACKET WIND RUN 100 M BL, 2XL [short]",0,M,Black,25.65,GB-R2-U5,9
3608391880125,5318539,apparel,"SHORT RUN 100 M BLUE G17C, UK 32\"" / EU M","SHORT RUN 100 M BLUE G17C, UK 32"" / EU M",0,M,Blue,46.27,GB-R2-U6,9
3608391708467,5157904,apparel,"Run900 Thin UC 2025 gre, 8.5-9.5 - 43/44","Run900 Thin UC 2025 gre, 8.5-9.5 - 43/44",0,OS,Black,17.95,GB-R2-U7,6
3608390173082,4428318,apparel,"LONG TIGHT KIPRUN R, UK 6-8 / EU S (L29)","LONG TIGHT KIPRUN R, UK 6-8 / EU S (L29)",0,S,Teal,46.53,GB-R3-U1,10
3608392941535,5474886,apparel,"LS TS RUN 500 SEAMLESS BLUE D, S [short]","LS TS RUN 500 SEAMLESS BLUE D, S [short]",0,S,Blue,23.98,GB-R3-U2,6
3608429809913,2500636,apparel,"SL JACKET WIND RUN 100 M BLACK, 2XL","SL JACKET WIND RUN 100 M BLACK, 2XL",0,M,Black,20.23,GB-R3-U3,10
3608429655299,4853569,apparel,"RUNNING PANTY BLACK DDY, M/L","RUNNING PANTY BLACK DDY, M/L",0,M,Black,19.09,GB-R3-U4,9
3583784851312,4925266,apparel,"T SHIRT RUN DRY 100 W Grey, UK 10 / EU M","T SHIRT RUN DRY 100 W Grey, UK 10 / EU M",0,M,Grey,19.33,GB-R3-U5,6
3608392245107,5318800,apparel,"SHORT RUN 900 H REPLIKA B, UK 34\"" / EU L","SHORT RUN 900 H REPLIKA B, UK 34"" / EU L",0,L,Grey,53.42,GB-R3-U6,5
3608393422095,5648929,apparel,"1/2 ZIP LS TS RUN DRY 500 MEN, S [short]","1/2 ZIP LS TS RUN DRY 500 MEN, S [short]",0,S,Grey,15.79,GB-R3-U7,8
3608390483945,5010380,apparel,"T SHIRT RUN DRY 500 YELLOW, UK 10 / EU M","T SHIRT RUN DRY 500 YELLOW, UK 10 / EU M",0,M,Red,21.98,GB-R4-U1,12
3608390405848,4998772,apparel,"WIND JACKET TRAIL M BLUE G17C, XL .","WIND JACKET TRAIL M BLUE G17C, XL .",0,M,Blue,52.42,GB-R4-U2,8
3608429709459,4044231,apparel,"TS LS KIPRUN SKINCARE GREY, XL","TS LS KIPRUN SKINCARE GREY, XL",0,XL,Grey,17.03,GB-R4-U3,11
3608392478796,5450075,apparel,"PANTS MH500 M BLUE, UK36\"" / FR 46 (L32)","PANTS MH500 M BLUE, UK36"" / FR 46 (L32)",0,M,Blue,49.27,GB-R4-U4,9
3608392447860,5446911,apparel,"SHORT RUN 100 W BLUE G17C, UK 6-8 - EU S","SHORT RUN 100 W BLUE G17C, UK 6-8 - EU S",0,S,Blue,54.22,GB-R4-U5,6
3608392776731,5493280,apparel,"TS RUN 500 W CROP, UK 16 / EU XL [short]","TS RUN 500 W CROP, UK 16 / EU XL [short]",0,XL,Green,15.09,GB-R4-U6,10
3608429743217,2730467,apparel,"SHORT RUN DRY W BLACK, L","SHORT RUN DRY W BLACK, L",0,L,Black,30.46,GB-R4-U7,8
3608392036187,5273850,apparel,"TS RUN 500 W DRY GREEN L, UK 4-6 / EU XS","TS RUN 500 W DRY GREEN L, UK 4-6 / EU XS",0,L,Green,21.06,FR-01,8
3608390050819,4274468,apparel,"TS LS KIPRUN WARM REG D, 2XL (Chest 47\"")","TS LS KIPRUN WARM REG D, 2XL (Chest 47"")",0,XXL,Navy,45.44,FR-02,10
3608391876081,5214448,apparel,"TANK RUN 500 M COMFORT BLACK N07A, 2XL","TANK RUN 500 M COMFORT BLACK N07A, 2XL",0,M,Black,47.33,FR-03,8
3608392986697,5524718,apparel,"TS RUN 500 M ANTI-UV White, 2XL [short]","TS RUN 500 M ANTI-UV White, 2XL [short]",0,M,White,19.11,FR-04,5
3608392478734,5450069,apparel,"PANTS MH500 M BLUE, UK31\"" / FR 40 (L31)","PANTS MH500 M BLUE, UK31"" / FR 40 (L31)",0,M,Blue,15.02,GF-R1-U1,6
3608429646839,4479089,apparel,"JACKET WIND M DAY VISIBILITY YELLOW, 2XL","JACKET WIND M DAY VISIBILITY YELLOW, 2XL",0,M,Black,61.94,GF-R1-U2,9
3608393439499,5663424,apparel,"SL JACKET RUN 50, UK 4-6 / EU XS [short]","SL JACKET RUN 50, UK 4-6 / EU XS [short]",0,XS,Green,26.16,GF-R1-U3,9
3608390155651,4426817,apparel,"RUN900 WR High K black, UK 2.5-5 EU35-38","RUN900 WR High K black, UK 2.5-5 EU35-38",0,OS,Black,17.27,GF-R1-U4,7
3608392935114,5476129,apparel,"SL JACKET WIND RUN 500 M BLUE, L [short]","SL JACKET WIND RUN 500 M BLUE, L [short]",0,M,Blue,31.58,GF-R1-U5,10
3608390280988,4899399,apparel,"Run500 thin inv X2 white, 8.5-11 - 43/46","Run500 thin inv X2 white, 8.5-11 - 43/46",0,OS,White,23.56,GF-R1-U6,7
3608391188108,5194635,apparel,"JACKET RUN 900 W WARM R, UK 12-14 / EU L","JACKET RUN 900 W WARM R, UK 12-14 / EU L",0,L,Teal,19.06,GF-R1-U7,8
3608391876074,5214447,apparel,"TANK RUN 500 M COMFORT BLACK N07A, XL","TANK RUN 500 M COMFORT BLACK N07A, XL",0,M,Black,23.15,GF-R2-U1,6
3608392481673,5450407,apparel,"PANTS MH500 W BLACK, UK 12 / FR 42 (L31)","PANTS MH500 W BLACK, UK 12 / FR 42 (L31)",0,OS,Black,20.87,GF-R2-U2,6
3608390481088,4995767,apparel,"T SHIRT RUN DRY 500 LAV, UK 12-14 / EU L","T SHIRT RUN DRY 500 LAV, UK 12-14 / EU L",0,L,Blue,55.37,GF-R2-U3,11
3608391818524,5304482,apparel,"JACKET RAIN RUN 100 M BLUE, 2XL [short]","JACKET RAIN RUN 100 M BLUE, 2XL [short]",0,M,Blue,36.86,GF-R2-U4,7
3608390155668,4426818,apparel,"RUN900 WR High K black, UK 5.5-8 EU39-42","RUN900 WR High K black, UK 5.5-8 EU39-42",0,EU 39,Black,45.47,GF-R2-U5,5
3608429804796,2501392,apparel,"TSHIRT RUN DRY M BLACK, S","TSHIRT RUN DRY M BLACK, S",0,M,Black,65.45,GF-R2-U6,9
3608390860289,5075734,apparel,"Short Run Dry 500 Black, UK 6-8 / EU S","Short Run Dry 500 Black, UK 6-8 / EU S",0,S,Black,37.57,GF-R2-U7,10
3608390793211,5085133,apparel,"Jacket Run Rain 300 W Whi, UK 16 / EU XL","Jacket Run Rain 300 W Whi, UK 16 / EU XL",0,XL,Blue,36.42,GF-R3-U1,5
3583784226035,4272519,apparel,"JACKET WARM SH500 M BLACK, L (Chest 39\"")","JACKET WARM SH500 M BLACK, L (Chest 39"")",0,M,Black,42.23,GF-R3-U2,8
3608391553913,5205437,apparel,"PANT RUN 100 M DRY, UK 30\"" / EU S (L31)","PANT RUN 100 M DRY, UK 30"" / EU S (L31)",0,M,Black,34.25,GF-R3-U3,7
3608392088346,5280715,apparel,"Run900 thin inv. 2025 b, 8.5-9.5 - 43/44","Run900 thin inv. 2025 b, 8.5-9.5 - 43/44",0,OS,Black,46.25,GF-R3-U4,10
3608391587628,5214151,apparel,"LEGGING RUN 500 W, UK 4-6 / EU XS (L28)","LEGGING RUN 500 W, UK 4-6 / EU XS (L28)",0,XS,Orange,43.91,GF-R3-U5,9
3608390280711,4899373,apparel,"Run900 strap 2025 black, 10.5-11 - 45/46","Run900 strap 2025 black, 10.5-11 - 45/46",0,OS,Black,28.39,GF-R3-U6,8
3608392907760,5155411,apparel,"LS TS RUN 500 W BLUE G17C, UK 6-8 / EU S","LS TS RUN 500 W BLUE G17C, UK 6-8 / EU S",0,S,Blue,34.63,GF-R3-U7,9
3608392088339,5280714,apparel,"Run900 thin inv. 2025 black, 7-8 - 41/42","Run900 thin inv. 2025 black, 7-8 - 41/42",0,OS,Black,26.37,GF-R4-U1,12
3608390403486,4975387,apparel,"WIND JACKET TRAIL W ROAD c, UK 8 / FR 38","WIND JACKET TRAIL W ROAD c, UK 8 / FR 38",0,OS,Red,35.6,GF-R4-U2,8
3608429709480,4044228,apparel,"TS LS KIPRUN SKINCARE GREY, L","TS LS KIPRUN SKINCARE GREY, L",0,L,Grey,26.87,GF-R4-U3,7
3608390174256,4428388,apparel,"PANT KIPRUN LIGHT W B, UK12-14 / L (L29)","PANT KIPRUN LIGHT W B, UK12-14 / L (L29)",0,L,Navy,59.49,GF-R4-U4,10
3608390195626,4513163,apparel,"KIPRUN WARM JACKET BLACK, S (Chest 35\"")","KIPRUN WARM JACKET BLACK, S (Chest 35"")",0,S,Black,39.85,GF-R4-U5,10
3608391878764,5318581,apparel,"SHORT RUN 500 M DRY TUR, UK 41\"" / EU 2XL","SHORT RUN 500 M DRY TUR, UK 41"" / EU 2XL",0,M,Blue,25.81,GF-R4-U6,5
3608391011130,5102877,apparel,Pant Ski & Snb 100 W Black UK 14 / FR 44,Pant Ski & Snb 100 W Black UK 14 / FR 44,0,OS,Black,36.9,GF-R4-U7,7
3583784833899,4925481,apparel,"SHORT TIGHT DRY 100 M, UK 30\"" / EU S","SHORT TIGHT DRY 100 M, UK 30"" / EU S",0,M,Pink,31.5,GB-R1-U1,10
3608391903527,5325323,apparel,"SHORT TIGHT RUN 500, UK 10 / EU M (L31)","SHORT TIGHT RUN 500, UK 10 / EU M (L31)",0,M,Orange,57.95,GB-R1-U2,6
3608391918699,5334890,apparel,"TS RUN 500 W DRY KHAKI, UK 12-14 / EU L","TS RUN 500 W DRY KHAKI, UK 12-14 / EU L",0,L,Navy,25.16,GB-R1-U3,7
3608393430021,5661251,apparel,"LS TS 1/2 ZIP RUN 100 W W, UK 14 / FR 44","LS TS 1/2 ZIP RUN 100 W W, UK 14 / FR 44",0,OS,Blue,61.08,GB-R1-U4,11
3608391187385,5194633,apparel,"JACKET RUN 900 W WARM REG, UK 6-8 / EU S","JACKET RUN 900 W WARM REG, UK 6-8 / EU S",0,S,Blue,28.57,GB-R1-U5,8
3608390042081,4247939,apparel,"KIPRUN LONGTIGHT DRY BL, 41\"" / 2XL (L32)","KIPRUN LONGTIGHT DRY BL, 41"" / 2XL (L32)",0,XXL,White,34.39,GB-R1-U6,8
3608392086755,5280794,apparel,"Run900 Thin Mid 2025 blue, 4-5 - 37/38","Run900 Thin Mid 2025 blue, 4-5 - 37/38",0,OS,Blue,31.32,GB-R1-U7,7
3608391958046,5318277,apparel,"TANK RUN 900 M REPLIKA WLS A11A, XL","TANK RUN 900 M REPLIKA WLS A11A, XL",0,M,Green,24.07,GB-R2-U1,9
3608392775093,5493276,apparel,"TS RUN 500 W CROPP, UK 10 / EU M [short]","TS RUN 500 W CROPP, UK 10 / EU M [short]",0,M,Teal,31.01,GB-R2-U2,11
3608392776717,5493278,apparel,"TS RUN 500 W CR, UK 12-14 / EU L [short]","TS RUN 500 W CR, UK 12-14 / EU L [short]",0,L,Red,68.25,GB-R2-U3,7
3608392939198,5334728,apparel,"LS TS RUN 500 SEAMLESS BLACK, S [short]","LS TS RUN 500 SEAMLESS BLACK, S [short]",0,S,Black,34.49,GB-R2-U4,11
3608390397242,4925467,apparel,"SHORT DRY 100 M BLUE E1, UK 41\"" / EU 2XL","SHORT DRY 100 M BLUE E1, UK 41"" / EU 2XL",0,M,Blue,51.45,GB-R2-U5,10
3608429644743,4925309,apparel,"T SHIRT RUN DRY 100 W, UK 18-20 / EU 2XL","T SHIRT RUN DRY 100 W, UK 18-20 / EU 2XL",0,XXL,Pink,15.51,GB-R2-U6,7
3608391579104,5206370,apparel,"PANT RUN 500 W WA, UK 12-14 / EU L (L29)","PANT RUN 500 W WA, UK 12-14 / EU L (L29)",0,L,Navy,54.57,GB-R2-U7,10
3583784851305,4925265,apparel,"T SHIRT RUN DRY 100 W Gre, UK 6-8 / EU S","T SHIRT RUN DRY 100 W Gre, UK 6-8 / EU S",0,S,Green,20.63,GB-R3-U1,9
3608391876982,5165676,apparel,"TANK RUN 900 M LIGHT BLACK N07A, 2XL","TANK RUN 900 M LIGHT BLACK N07A, 2XL",0,M,Black,40.46,GB-R3-U2,6
3608391918682,5334889,apparel,"TS RUN 500 W DRY KHAKI J25, UK 10 / EU M","TS RUN 500 W DRY KHAKI J25, UK 10 / EU M",0,M,Blue,34.92,GB-R3-U3,6
3608391708443,5157902,apparel,"Run900 Thin UC 2025 gre, 5.5-6.5 - 39/40","Run900 Thin UC 2025 gre, 5.5-6.5 - 39/40",0,OS,Black,60.11,GB-R3-U4,8
3608392037023,5273854,apparel,"TS RUN 500 W DRY GREEN L2, UK 16 / EU XL","TS RUN 500 W DRY GREEN L2, UK 16 / EU XL",0,XL,Green,15.07,GB-R3-U5,8
3608390174126,4428322,apparel,"LONG TIGHT KIPRUN, UK 12-14 / EU L (L29)","LONG TIGHT KIPRUN, UK 12-14 / EU L (L29)",0,L,White,50.4,GB-R3-U6,11
3608429804840,2504712,apparel,"TANK RUN DRY M WHITE, M","TANK RUN DRY M WHITE, M",0,M,White,55.34,GB-R3-U7,11
3608390867462,5101432,apparel,"SHORT SPLIT 2 BLACK N07A, UK 34\"" / EU L","SHORT SPLIT 2 BLACK N07A, UK 34"" / EU L",0,L,Black,67.77,GB-R4-U1,5
3608391529413,4925502,apparel,"LONG TIGHT RUN 100 M DR, 43\"" / 2XL (L32)","LONG TIGHT RUN 100 M DR, 43"" / 2XL (L32)",0,M,Grey,16.76,GB-R4-U2,10
3608390481071,4995766,apparel,"T SHIRT RUN DRY 500 LAVEND, UK 10 / EU M","T SHIRT RUN DRY 500 LAVEND, UK 10 / EU M",0,M,Green,38.61,GB-R4-U3,8
3608390481064,4995765,apparel,"T SHIRT RUN DRY 500 LAVEN, UK 6-8 / EU S","T SHIRT RUN DRY 500 LAVEN, UK 6-8 / EU S",0,S,Black,57.98,GB-R4-U4,7
3608392448300,5446915,apparel,"SHORT RUN 100 W BLUE, UK 18-20 - EU 2XL","SHORT RUN 100 W BLUE, UK 18-20 - EU 2XL",0,XXL,Blue,65.45,GB-R4-U5,11
3608391708436,5157901,apparel,"Run900 Thin UC 2025 grey, 4-5 - 37/38","Run900 Thin UC 2025 grey, 4-5 - 37/38",0,OS,Grey,55.49,GB-R4-U6,6
3608390483952,5010381,apparel,"T SHIRT RUN DRY 500 YEL, UK 12-14 / EU L","T SHIRT RUN DRY 500 YEL, UK 12-14 / EU L",0,L,Blue,23.2,GB-R4-U7,10
3608390173914,4365364,apparel,"KIPRUN WARM RAIN 2, 32\"" / M (L31)","KIPRUN WARM RAIN 2, 32"" / M (L31)",0,M,Navy,15.64,FR-01,10
3608391187378,5194632,apparel,"JACKET RUN 900 W WARM RE, UK 4-6 / EU XS","JACKET RUN 900 W WARM RE, UK 4-6 / EU XS",0,XS,Blue,67.62,FR-02,5
3608392933776,5474678,apparel,"JACKET RUN 900 M WARM REGUL PURPLE G1, L","JACKET RUN 900 M WARM REGUL PURPLE G1, L",0,M,Grey,52.53,FR-03,5
3608390842216,5094758,apparel,"RUNNING BREATH PANTYX3, M/L","RUNNING BREATH PANTYX3, M/L",0,M,Black,53.14,FR-04,9
3608393439482,5662529,apparel,"SL JACKET RUN 500, UK 16 / EU XL [short]","SL JACKET RUN 500, UK 16 / EU XL [short]",0,XL,Red,20.86,GF-R1-U1,9
3608392088322,5280713,apparel,"Run900 thin inv. 2025 b, 5.5-6.5 - 39/40","Run900 thin inv. 2025 b, 5.5-6.5 - 39/40",0,OS,Red,49.45,GF-R1-U2,6
3608390174188,4428380,apparel,"PANT KIPRUN LIGHT W BL, UK4-6 / XS (L28)","PANT KIPRUN LIGHT W BL, UK4-6 / XS (L28)",0,XS,Blue,36.51,GF-R1-U3,5
3608390051618,4274489,apparel,"LONGTIGHT KIPRUN WARM BLA, 30\"" / S (L31)","LONGTIGHT KIPRUN WARM BLA, 30"" / S (L31)",0,S,Green,42.62,GF-R1-U4,11
3608391876944,5165672,apparel,"TANK RUN 900 M LIGHT BLACK N07A, S","TANK RUN 900 M LIGHT BLACK N07A, S",0,M,Black,18.92,GF-R1-U5,11
3608391876043,5214444,apparel,"TANK RUN 500 M COMFORT BLACK N07A, S","TANK RUN 500 M COMFORT BLACK N07A, S",0,M,Black,31.98,GF-R1-U6,10
3608391852153,5315603,apparel,"PANT RUN COOL 500 M, UK 32\"" / EU M (L31)","PANT RUN COOL 500 M, UK 32"" / EU M (L31)",0,M,Teal,22.38,GF-R1-U7,10
3608391579128,5206372,apparel,"PANT RUN 500 W WA, UK 14-16 / EU XL(L29)","PANT RUN 500 W WA, UK 14-16 / EU XL(L29)",0,XL,Orange,54.39,GF-R2-U1,8
3608429809944,2500632,apparel,"SL JACKET WIND RUN 100 M BLACK, S","SL JACKET WIND RUN 100 M BLACK, S",0,M,Black,16.72,GF-R2-U2,7
3608429709466,4044230,apparel,"TS LS KIPRUN SKINCARE GREY, S","TS LS KIPRUN SKINCARE GREY, S",0,S,Grey,30.54,GF-R2-U3,7
3608390867448,5101430,apparel,"SHORT SPLIT 2 BLACK N07A, UK 30\"" / EU S","SHORT SPLIT 2 BLACK N07A, UK 30"" / EU S",0,S,Black,48.72,GF-R2-U4,8
3608392436369,5445570,apparel,"CN JACKET WIND RUN 100 M BLUE, S [short]","CN JACKET WIND RUN 100 M BLUE, S [short]",0,M,Blue,52.83,GF-R2-U5,7
3608390173495,4365362,apparel,"KIPRUN WARM RAIN 2, 34\"" / L (L32)","KIPRUN WARM RAIN 2, 34"" / L (L32)",0,L,Teal,15.44,GF-R2-U6,5
3608393430014,5661250,apparel,"LS TS 1/2 ZIP RUN 100 W W, UK 12 / FR 42","LS TS 1/2 ZIP RUN 100 W W, UK 12 / FR 42",0,OS,Orange,18.82,GF-R2-U7,6
3608390793426,5085169,apparel,"JACKET RAIN RUN 100 W BLUE, UK 10 / EU M","JACKET RAIN RUN 100 W BLUE, UK 10 / EU M",0,M,Blue,21.83,GF-R3-U1,5
3608429817512,2342032,apparel,"LS TS RUN DRY+ ZIP BLACK, UK 8 - EU 36","LS TS RUN DRY+ ZIP BLACK, UK 8 - EU 36",0,S,Black,25.17,GF-R3-U2,5
3608429667216,4579641,apparel,"SHORT RUN DRY+ M BLACK, UK 41\"" / EU 2XL","SHORT RUN DRY+ M BLACK, UK 41"" / EU 2XL",0,M,Black,55.77,GF-R3-U3,10
3608429669890,4169924,apparel,"WIND JACKET TRAIL M GREY, S (Chest 35\"")","WIND JACKET TRAIL M GREY, S (Chest 35"")",0,M,Grey,52.38,GF-R3-U4,10
3608429655381,4701938,apparel,"SHORT DRY 550 2in1 BLAC, UK 41\"" / EU 2XL","SHORT DRY 550 2in1 BLAC, UK 41"" / EU 2XL",0,XXL,Grey,64.06,GF-R3-U5,9
3608439262852,4484574,apparel,"PANTS MH100 NAVY WOME, UK12 / FR42 (L29)","PANTS MH100 NAVY WOME, UK12 / FR42 (L29)",0,OS,Navy,15.63,GF-R3-U6,7
3608391918675,5334888,apparel,"TS RUN 500 W DRY KHAKI J2, UK 6-8 / EU S","TS RUN 500 W DRY KHAKI J2, UK 6-8 / EU S",0,S,Blue,38.16,GF-R3-U7,9
3608391903503,5325321,apparel,"SHORT TIGHT RUN 500, UK 6-8 / EU S (L31)","SHORT TIGHT RUN 500, UK 6-8 / EU S (L31)",0,S,Red,38.61,GF-R4-U1,10
3608391880149,5318541,apparel,"SHORT RUN 100 M BLUE G17, UK 37\"" / EU XL","SHORT RUN 100 M BLUE G17, UK 37"" / EU XL",0,M,Blue,58.86,GF-R4-U2,7
3608393324092,5648985,apparel,"1/2 ZIP LS TS RUN DRY 500 MEN, S [short]","1/2 ZIP LS TS RUN DRY 500 MEN, S [short]",0,S,Grey,22.23,GF-R4-U3,6
3608392929571,5334844,apparel,"JACKET RUN 100 M WARM BLACK, XL [short]","JACKET RUN 100 M WARM BLACK, XL [short]",0,M,Black,57.86,GF-R4-U4,8
3608392590818,5478209,apparel,"WARM JACKET NH500 M BEIGE, L","WARM JACKET NH500 M BEIGE, L",0,M,Red,41.9,GF-R4-U5,8
3608429743224,2730464,apparel,"SHORT RUN DRY W BLACK, 2XL  44/46","SHORT RUN DRY W BLACK, 2XL  44/46",0,XXL,Black,21.12,GF-R4-U6,8
3608429817482,2342035,apparel,"LS TS RUN DRY+ ZIP BLACK, UK 14 - EU 42","LS TS RUN DRY+ ZIP BLACK, UK 14 - EU 42",0,XL,Black,48.5,GF-R4-U7,10
3608392987113,5524730,apparel,"TS RUN 500 M ANTI-UV Carbon G, S [short]","TS RUN 500 M ANTI-UV Carbon G, S [short]",0,M,Blue,62.9,GB-R1-U1,7
3608392447884,5446913,apparel,"SHORT RUN 100 W BLUE G1, UK 12-14 - EU L","SHORT RUN 100 W BLUE G1, UK 12-14 - EU L",0,L,Blue,61.76,GB-R1-U2,10
3608392935107,5476128,apparel,"SL JACKET WIND RUN 500 M BLUE, M [short]","SL JACKET WIND RUN 500 M BLUE, M [short]",0,M,Blue,69.35,GB-R1-U3,9
3608429791744,2501391,apparel,"TSHIRT RUN DRY M BLACK, XS","TSHIRT RUN DRY M BLACK, XS",0,M,Black,45.93,GB-R1-U4,10
3608429742906,2730472,apparel,"SHORT RUN DRY W BLACK, XS","SHORT RUN DRY W BLACK, XS",0,XS,Black,19.22,GB-R1-U5,7
3583784000116,2955007,apparel,"Pantalon 120 H BLACK, M / W32 L31.","Pantalon 120 H BLACK, M / W32 L31.",0,M,Black,21.28,GB-R1-U6,5
3608439325526,4194319,apparel,"MH500 Jacket M Jacket BLK, L","MH500 Jacket M Jacket BLK, L",0,M,Blue,53.19,GB-R1-U7,8
3608390397204,4925463,apparel,"SHORT DRY 100 M BLUE E18A, UK 30\"" / EU S","SHORT DRY 100 M BLUE E18A, UK 30"" / EU S",0,M,Blue,32.07,GB-R2-U1,9
3608392776359,5493316,apparel,"TS RUN 500 W CROPP, UK 10 / EU M [short]","TS RUN 500 W CROPP, UK 10 / EU M [short]",0,M,Teal,20.06,GB-R2-U2,8
3608392776373,5493318,apparel,"TS RUN 500 W CR, UK 12-14 / EU L [short]","TS RUN 500 W CR, UK 12-14 / EU L [short]",0,L,Red,41.43,GB-R2-U3,9
3608392925887,5476648,apparel,"JACKET RUN 100 M WARM GREY N1, S [short]","JACKET RUN 100 M WARM GREY N1, S [short]",0,M,Grey,17.53,GB-R2-U4,6
3608392933769,5474677,apparel,"JACKET RUN 900 M WARM REGUL PURPLE G1, M","JACKET RUN 900 M WARM REGUL PURPLE G1, M",0,M,Red,21.91,GB-R2-U5,9
3583784029278,4044132,apparel,"KIPRUN SHORT TIGHT BLACK, 2XL","KIPRUN SHORT TIGHT BLACK, 2XL",0,XXL,Black,55.58,GB-R2-U6,7
3608429655374,4701937,apparel,"SHORT DRY 550 2in1 BLACK, UK 37\"" / EU XL","SHORT DRY 550 2in1 BLACK, UK 37"" / EU XL",0,XL,Black,45.72,GB-R2-U7,10
3608429657897,4826157,apparel,"JACKET RUN WIND HOOD M BL, S (Chest 35\"")","JACKET RUN WIND HOOD M BL, S (Chest 35"")",0,M,Teal,17.39,GB-R3-U1,7
3583784222594,4402528,apparel,"Fleece Leggings MH100 M Black, M","Fleece Leggings MH100 M Black, M",0,M,Black,59.55,GB-R3-U2,11
3608391852191,5315607,apparel,"PANT RUN COOL 500, UK 39\"" / EU XL (L32)","PANT RUN COOL 500, UK 39"" / EU XL (L32)",0,XL,Teal,51.89,GB-R3-U3,8
3608393328335,5648990,apparel,"1/2 ZIP LS TS RUN DRY 500 M, 2XL [short]","1/2 ZIP LS TS RUN DRY 500 M, 2XL [short]",0,M,Black,18.63,GB-R3-U4,11
3608390173471,4365360,apparel,"KIPRUN WARM RAIN 2, 41\"" / 2XL (L32)","KIPRUN WARM RAIN 2, 41"" / 2XL (L32)",0,XXL,Green,21.45,GB-R3-U5,11
3608391186890,5066193,apparel,"SWEAT HOOD RUN 500 W WARM, UK 6-8 / EU S","SWEAT HOOD RUN 500 W WARM, UK 6-8 / EU S",0,S,Orange,47.77,GB-R3-U6,11
3608393272713,5632687,apparel,"SHORT 2in1 RUN 500 W GRE, UK 4-6 - EU XS","SHORT 2in1 RUN 500 W GRE, UK 4-6 - EU XS",0,XS,Pink,42.06,GB-R3-U7,10
3608393272751,5632692,apparel,"SHORT 2in1 RUN 500 W GREY, UK 16 - EU XL","SHORT 2in1 RUN 500 W GREY, UK 16 - EU XL",0,XL,Grey,40.03,GB-R4-U1,8
3583783963030,2731157,apparel,"LONG TIGHT RUN DRY W BLACK, L / W33 L29","LONG TIGHT RUN DRY W BLACK, L / W33 L29",0,L,Black,23.29,GB-R4-U2,10
3608429644729,4925308,apparel,"T SHIRT RUN DRY 100 W Bla, UK 16 / EU XL","T SHIRT RUN DRY 100 W Bla, UK 16 / EU XL",0,XL,Teal,15.96,GB-R4-U3,8
3608439262876,4484570,apparel,"PANTS MH100 NAVY WOMEN, UK8 / FR38 (L29)","PANTS MH100 NAVY WOMEN, UK8 / FR38 (L29)",0,OS,Navy,37.17,GB-R4-U4,11
3608391578688,5206368,apparel,"PANT RUN 500 W WARM, UK 10 / EU M (L29)","PANT RUN 500 W WARM, UK 10 / EU M (L29)",0,M,Orange,27.39,GB-R4-U5,10
3583784851336,4925268,apparel,"T SHIRT RUN DRY 100 W Gre, UK 16 / EU XL","T SHIRT RUN DRY 100 W Gre, UK 16 / EU XL",0,XL,Teal,38.51,GB-R4-U6,8
3608390358403,4995819,apparel,"T SHIRT RUN DRY 500 W, UK 18-20 / EU 2XL","T SHIRT RUN DRY 500 W, UK 18-20 / EU 2XL",0,XXL,Red,15.49,GB-R4-U7,10
3608390867370,5101384,apparel,"TS RUN 500 M DRY BLUE H17B, L","TS RUN 500 M DRY BLUE H17B, L",0,M,Blue,18.99,FR-01,10
3608392478208,5450044,apparel,"PANTS MH500 M BLACK, UK31\"" / FR 40 (L31)","PANTS MH500 M BLACK, UK31"" / FR 40 (L31)",0,M,Black,54.71,FR-02,6
3608391903541,5325325,apparel,"SHORT TIGHT RUN 5, UK 12-14 / EU L (L31)","SHORT TIGHT RUN 5, UK 12-14 / EU L (L31)",0,L,White,68.46,FR-03,5
3608392900617,5532239,apparel,"JACKET MH900 M SLATE GREY, L","JACKET MH900 M SLATE GREY, L",0,M,Grey,38.17,FR-04,11
3608391852481,5315534,apparel,"1/2 ZIP LS TS RUN DRY 500 M, 2XL [short]","1/2 ZIP LS TS RUN DRY 500 M, 2XL [short]",0,M,Black,27.79,GF-R1-U1,8
3608392908170,5477594,apparel,"LS TS RUN 500 W, UK 12-14 / EU L [short]","LS TS RUN 500 W, UK 12-14 / EU L [short]",0,L,Orange,16.38,GF-R1-U2,9
3608392616389,5485672,apparel,"JACKET MH500 LIGHT KHAKI M CN, L [short]","JACKET MH500 LIGHT KHAKI M CN, L [short]",0,M,Grey,53.4,GF-R1-U3,9
3608393505491,5637004,apparel,"SHORT 2in1 RUN 500 M BLAC, UK 30\"" - EU S","SHORT 2in1 RUN 500 M BLAC, UK 30"" - EU S",0,M,Grey,34.48,GF-R1-U4,12
3608449843270,2686355,apparel,"Ski Pant 500 M black, 2XL","Ski Pant 500 M black, 2XL",0,M,Black,19.78,GF-R1-U5,6
3583783963047,2731159,apparel,"LONG TIGHT RUN DRY W BLACK, M / W30 L29","LONG TIGHT RUN DRY W BLACK, M / W30 L29",0,M,Black,28.44,GF-R1-U6,9
3583783963054,2731161,apparel,"LONG TIGHT RUN DRY W BLACK, S / W28 L29","LONG TIGHT RUN DRY W BLACK, S / W28 L29",0,S,Black,38.51,GF-R1-U7,8
3608449843362,2686361,apparel,"Ski Pant 500 M black, XL","Ski Pant 500 M black, XL",0,M,Black,51.45,GF-R2-U1,9
3608439325557,4194322,apparel,"MH500 Jacket M Jacket BLK, XL","MH500 Jacket M Jacket BLK, XL",0,M,Grey,62.71,GF-R2-U2,11
3608429655398,4701933,apparel,"SHORT DRY 550 2in1 BLACK, UK 30\"" / EU S","SHORT DRY 550 2in1 BLACK, UK 30"" / EU S",0,S,Black,53.13,GF-R2-U3,6
3608390515820,5024755,apparel,"CLASSIC RUNNING BRA BLUE G17C, M AB","CLASSIC RUNNING BRA BLUE G17C, M AB",0,M,Blue,48.53,GF-R2-U4,11
3608439262869,4484572,apparel,"PANTS MH100 NAVY WOME, UK10 / FR40 (L29)","PANTS MH100 NAVY WOME, UK10 / FR40 (L29)",0,OS,Navy,50.01,GF-R2-U5,11
3608429658283,4391372,apparel,"T SHIRT RUN DRY M BLUE E18A, S","T SHIRT RUN DRY M BLUE E18A, S",0,M,Blue,46.14,GF-R2-U6,8
3583784224727,4402531,apparel,"Fleece Leggings MH100 M Black, XL","Fleece Leggings MH100 M Black, XL",0,M,Black,16.65,GF-R2-U7,9
3608390271962,4896431,apparel,"TS ML 1/2 ZIP RUN 900 M WARM BLUE, XL","TS ML 1/2 ZIP RUN 900 M WARM BLUE, XL",0,M,Blue,65.48,GF-R3-U1,8
3608392987120,5524731,apparel,"TS RUN 500 M ANTI-UV Carbon G, M [short]","TS RUN 500 M ANTI-UV Carbon G, M [short]",0,M,White,56.66,GF-R3-U2,11
3608392767685,5512609,apparel,"SKIRT 2IN1 RUN 500 W WHIT, UK 6-8 - EU S","SKIRT 2IN1 RUN 500 W WHIT, UK 6-8 - EU S",0,S,Teal,15.2,GF-R3-U3,10
3608392776335,5493314,apparel,"TS RUN 500 W CROP, UK 6-8 / EU S [short]","TS RUN 500 W CROP, UK 6-8 / EU S [short]",0,S,Green,15.2,GF-R3-U4,5
3608390050840,4274471,apparel,"TS LS KIPRUN WARM REG DAR, S (Chest 35\"")","TS LS KIPRUN WARM REG DAR, S (Chest 35"")",0,S,Orange,41.51,GF-R3-U5,11
3608390793419,5085168,apparel,"JACKET RAIN RUN 100 W BLU, UK 6-8 / EU S","JACKET RAIN RUN 100 W BLU, UK 6-8 / EU S",0,S,Pink,60.86,GF-R3-U6,6
3608429817987,2341935,apparel,"JACKET RUN RAIN  black, M","JACKET RUN RAIN  black, M",0,M,Black,32.28,GF-R3-U7,12
3608390174232,4428386,apparel,"PANT KIPRUN LIGHT W BLAC, UK10 / M (L29)","PANT KIPRUN LIGHT W BLAC, UK10 / M (L29)",0,M,Red,20.48,GF-R4-U1,8
3608390358298,4995818,apparel,"T SHIRT RUN DRY 500 W Nav, UK 16 / EU XL","T SHIRT RUN DRY 500 W Nav, UK 16 / EU XL",0,XL,Teal,63.71,GF-R4-U2,7
3608439249952,4833696,apparel,"OVERPANT NH500 BLACK DDY, 30\"" / S (L33)","OVERPANT NH500 BLACK DDY, 30"" / S (L33)",0,S,Black,29.33,GF-R4-U3,9
3608392987151,5524734,apparel,"TS RUN 500 M ANTI-UV Carbon, 2XL [short]","TS RUN 500 M ANTI-UV Carbon, 2XL [short]",0,M,Black,37.66,GF-R4-U4,8
3608392767692,5512610,apparel,"SKIRT 2IN1 RUN 500 W WHITE, UK 10 - EU M","SKIRT 2IN1 RUN 500 W WHITE, UK 10 - EU M",0,M,White,31.89,GF-R4-U5,12
3608390839803,5098974,apparel,"MF L PRINT PANTAI, UNIQUE","MF L PRINT PANTAI, UNIQUE",0,L,Red,32.43,GF-R4-U6,9
3608391880156,5318542,apparel,"SHORT RUN 100 M BLUE G1, UK 41\"" / EU 2XL","SHORT RUN 100 M BLUE G1, UK 41"" / EU 2XL",0,M,Blue,20.25,GF-R4-U7,9
3608393428592,5661248,apparel,"LS TS 1/2 ZIP RUN 100 W WA, UK 6 / FR 36","LS TS 1/2 ZIP RUN 100 W WA, UK 6 / FR 36",0,OS,Green,46.37,GB-R1-U1,6
3608392941467,5474879,apparel,"LS TS 1/2 ZIP RUN 900 M WARM GREEN K, XL","LS TS 1/2 ZIP RUN 900 M WARM GREEN K, XL",0,M,Green,65.4,GB-R1-U2,9
3608392590801,5478208,apparel,"WARM JACKET NH500 M BEIGE, M","WARM JACKET NH500 M BEIGE, M",0,M,Navy,41.24,GB-R1-U3,9
3608393506832,5637008,apparel,"SHORT 2in1 RUN 500 M BL, UK 43\"" - EU 2XL","SHORT 2in1 RUN 500 M BL, UK 43"" - EU 2XL",0,M,Pink,25.65,GB-R1-U4,5
3608449843331,2686359,apparel,"Ski Pant 500 M black, M","Ski Pant 500 M black, M",0,M,Black,15.71,GB-R1-U5,7
3608429804819,2504714,apparel,"TANK RUN DRY M WHITE, XL","TANK RUN DRY M WHITE, XL",0,M,White,15.17,GB-R1-U6,6
3608429811046,2360852,apparel,"LONGTIGHT RUN WARM black, W32 L31","LONGTIGHT RUN WARM black, W32 L31",0,OS,Black,18.62,GB-R1-U7,9
3608449843485,2686358,apparel,"Ski Pant 500 M black, L","Ski Pant 500 M black, L",0,M,Black,46.66,GB-R2-U1,5
3608429804680,2504727,apparel,"TANK RUN DRY M BLACK, L","TANK RUN DRY M BLACK, L",0,M,Black,17.0,GB-R2-U2,10
3583784224703,4402529,apparel,"Fleece Leggings MH100 M Black, L","Fleece Leggings MH100 M Black, L",0,M,Black,17.2,GB-R2-U3,11
3608429657880,4826158,apparel,"JACKET RUN WIND HOOD M BL, M (Chest 37\"")","JACKET RUN WIND HOOD M BL, M (Chest 37"")",0,M,Black,28.93,GB-R2-U4,7
3608390281084,4899392,apparel,"Run500 thin inv X2 black, 5.5-8 - 39/42","Run500 thin inv X2 black, 5.5-8 - 39/42",0,OS,Black,19.61,GB-R2-U5,7
3608390867479,5101433,apparel,"SHORT SPLIT 2 BLACK N07A, UK 37\"" / EU XL","SHORT SPLIT 2 BLACK N07A, UK 37"" / EU XL",0,XL,Black,63.47,GB-R2-U6,7
3583787907450,2959085,apparel,"PANTS NH900 GREY M, UK 36 - EU 44","PANTS NH900 GREY M, UK 36 - EU 44",0,M,Grey,40.65,GB-R2-U7,6
3608390276004,4896115,apparel,"LS TS KIPRUN WARM LIGHT BL, UK 8 / FR 38","LS TS KIPRUN WARM LIGHT BL, UK 8 / FR 38",0,OS,Black,28.62,GB-R3-U1,10
3583784226042,4272520,apparel,"JACKET WARM SH500 M BLACK, M (Chest 37\"")","JACKET WARM SH500 M BLACK, M (Chest 37"")",0,M,Black,55.26,GB-R3-U2,9
3608391852177,5315605,apparel,"PANT RUN COOL 500 M, UK 34\"" / EU L (L32)","PANT RUN COOL 500 M, UK 34"" / EU L (L32)",0,M,Teal,27.81,GB-R3-U3,7
3608392793332,5518205,apparel,"CROP RACE RUN 1200 W BL, UK 12-14 / EU L","CROP RACE RUN 1200 W BL, UK 12-14 / EU L",0,L,Red,22.19,GB-R3-U4,10
3608391187316,5066195,apparel,"SWEAT HOOD RUN 500 W WA, UK 12-14 / EU L","SWEAT HOOD RUN 500 W WA, UK 12-14 / EU L",0,L,Black,28.18,GB-R3-U5,9
3608390842223,5094759,apparel,"RUNNING BREATH PANTYX3, XL/2XL","RUNNING BREATH PANTYX3, XL/2XL",0,XL,Orange,16.07,GB-R3-U6,6
3608390940257,5075758,apparel,"WARM LEGGINGS NH500, UK 6-8 / EU S (L31)","WARM LEGGINGS NH500, UK 6-8 / EU S (L31)",0,S,Red,18.37,GB-R3-U7,10
3608429817451,2342036,apparel,"LS TS RUN DRY+ ZIP BLACK, UK 16 - EU 44","LS TS RUN DRY+ ZIP BLACK, UK 16 - EU 44",0,XXL,Black,25.87,GB-R4-U1,12
3583784033831,4044152,apparel,"KIPRUN SHORT LIGHT BLACK, S","KIPRUN SHORT LIGHT BLACK, S",0,S,Black,51.84,GB-R4-U2,11
3608429804697,2504726,apparel,"TANK RUN DRY M BLACK, M","TANK RUN DRY M BLACK, M",0,M,Black,67.94,GB-R4-U3,8
3608390492817,5014157,apparel,"TEE SHIRT RUN DRY 500 M GRAPH BEIGE L, M","TEE SHIRT RUN DRY 500 M GRAPH BEIGE L, M",0,M,Pink,23.31,GB-R4-U4,5
3608390195664,4513167,apparel,"KIPRUN WARM JACKET BLAC, 2XL (Chest 47\"")","KIPRUN WARM JACKET BLAC, 2XL (Chest 47"")",0,XXL,Teal,15.19,GB-R4-U5,11
3608429648253,4702120,apparel,"Pant Dry 500 M BEIGE K0, 41\"" / 2XL (L32)","Pant Dry 500 M BEIGE K0, 41"" / 2XL (L32)",0,M,Grey,63.26,GB-R4-U6,7
3608391880262,5318630,apparel,"SHORT RUN 500 M COMFORT S, UK 34\"" / EU L","SHORT RUN 500 M COMFORT S, UK 34"" / EU L",0,M,Orange,43.45,GB-R4-U7,9
3608391881177,5318651,apparel,"SHORT RUN 500 M COMFORT, UK 37\"" / EU XL","SHORT RUN 500 M COMFORT, UK 37"" / EU XL",0,M,Navy,15.12,FR-01,6
3608390483969,5010382,apparel,"T SHIRT RUN DRY 500 YELLO, UK 16 / EU XL","T SHIRT RUN DRY 500 YELLO, UK 16 / EU XL",0,XL,White,32.33,FR-02,9
3608390481095,4995768,apparel,"T SHIRT RUN DRY 500 LAVEN, UK 16 / EU XL","T SHIRT RUN DRY 500 LAVEN, UK 16 / EU XL",0,XL,Pink,23.57,FR-03,9
3608392900648,5532244,apparel,"JACKET MH900 M SLATE GREY, XL","JACKET MH900 M SLATE GREY, XL",0,M,Grey,49.14,FR-04,10
3608393430007,5661249,apparel,"LS TS 1/2 ZIP RUN 100 W WA, UK 8 / FR 38","LS TS 1/2 ZIP RUN 100 W WA, UK 8 / FR 38",0,OS,Navy,34.47,GF-R1-U1,10
3608390404605,4975389,apparel,"WIND JACKET TRAIL W ROAD, UK 12 / FR 42","WIND JACKET TRAIL W ROAD, UK 12 / FR 42",0,OS,Navy,52.45,GF-R1-U2,11
3608392935121,5476130,apparel,"SL JACKET WIND RUN 500 M BLU, XL [short]","SL JACKET WIND RUN 500 M BLU, XL [short]",0,M,Black,63.6,GF-R1-U3,7
3608393403902,5657405,apparel,"PANT RUN 500 M WA, UK 43\"" / EU 2XL (L32)","PANT RUN 500 M WA, UK 43"" / EU 2XL (L32)",0,M,Red,23.67,GF-R1-U4,5
3583787907467,2959084,apparel,"PANTS NH900 GREY M, UK 34 - EU 42","PANTS NH900 GREY M, UK 34 - EU 42",0,M,Grey,54.52,GF-R1-U5,11
3608390478668,4997217,apparel,"RUNNING VISOR V2 PINK L07B, No Size","RUNNING VISOR V2 PINK L07B, No Size",0,OS,Pink,35.4,GF-R1-U6,11
3608390154777,4426804,apparel,"RUN900 5fingers thin invisi, 4-5 - 37/38","RUN900 5fingers thin invisi, 4-5 - 37/38",0,OS,Navy,22.0,GF-R1-U7,9
3608391880279,5318631,apparel,"SHORT RUN 500 M COMFORT, UK 37\"" / EU XL","SHORT RUN 500 M COMFORT, UK 37"" / EU XL",0,M,Navy,38.73,GF-R2-U1,9
3608392987526,5524700,apparel,"TS RUN 500 M ANTI-UV Mint Gr, XL [short]","TS RUN 500 M ANTI-UV Mint Gr, XL [short]",0,M,Red,17.91,GF-R2-U2,8
3608391918668,5334887,apparel,"TS RUN 500 W DRY KHAKI J, UK 4-6 / EU XS","TS RUN 500 W DRY KHAKI J, UK 4-6 / EU XS",0,XS,Red,34.01,GF-R2-U3,5
3608390481057,4995764,apparel,"T SHIRT RUN DRY 500 LAVE, UK 4-6 / EU XS","T SHIRT RUN DRY 500 LAVE, UK 4-6 / EU XS",0,XS,Green,33.34,GF-R2-U4,9
3608392900624,5532240,apparel,"JACKET MH900 M SLATE GREY, M","JACKET MH900 M SLATE GREY, M",0,M,Grey,34.72,GF-R2-U5,8
3608392933783,5474679,apparel,"JACKET RUN 900 M WARM REGUL PURPLE G, XL","JACKET RUN 900 M WARM REGUL PURPLE G, XL",0,M,Blue,62.51,GF-R2-U6,5
3608390156795,4453621,apparel,"RUN900 warm under calf, UK 5.5-8 EU39-42","RUN900 warm under calf, UK 5.5-8 EU39-42",0,EU 39,Black,15.23,GF-R2-U7,10
3608392774294,5493310,apparel,"TS RUN 500 W CROP, UK 4 / EU 2XS [short]","TS RUN 500 W CROP, UK 4 / EU 2XS [short]",0,OS,Navy,35.92,GF-R3-U1,6
3583784033800,4044149,apparel,"KIPRUN SHORT LIGHT BLACK, 2XL","KIPRUN SHORT LIGHT BLACK, 2XL",0,XXL,Black,39.96,GF-R3-U2,7
3608429733423,2612378,apparel,"KIPRUN FIT TROUSER BLACK, 2XL / W41 L34.","KIPRUN FIT TROUSER BLACK, 2XL / W41 L34.",0,XXL,Black,61.2,GF-R3-U3,8
3583783963061,2731163,apparel,"LONG TIGHT RUN DRY W BLACK, XL / W35 L29","LONG TIGHT RUN DRY W BLACK, XL / W35 L29",0,XL,Black,22.85,GF-R3-U4,10
3608429804703,2504725,apparel,"TANK RUN DRY M BLACK, S","TANK RUN DRY M BLACK, S",0,M,Black,66.02,GF-R3-U5,9
3608439320699,4083851,apparel,"PANT NH500 REGULAR BEIG UK36\"" FR46 (L32)","PANT NH500 REGULAR BEIG UK36"" FR46 (L32)",0,OS,Blue,46.0,GF-R3-U6,10
3608449815178,4144237,apparel,"Ski Pant 180 W White new, UK 8 / FR 38","Ski Pant 180 W White new, UK 8 / FR 38",0,OS,White,20.38,GF-R3-U7,7
3608390861408,5075736,apparel,"Short Run Dry 500 Black, UK 12-14 / EU L","Short Run Dry 500 Black, UK 12-14 / EU L",0,L,Black,49.0,GF-R4-U1,7
3608439250002,4833700,apparel,"OVERPANT NH500 BLACK DDY, 34\"" / L (L34)","OVERPANT NH500 BLACK DDY, 34"" / L (L34)",0,L,Black,46.81,GF-R4-U2,7
3608390483921,5010378,apparel,"T SHIRT RUN DRY 500 YELL, UK 4-6 / EU XS","T SHIRT RUN DRY 500 YELL, UK 4-6 / EU XS",0,XS,Navy,15.39,GF-R4-U3,11
3608390840670,5099351,apparel,"TRAIL RUNNING BELT GREY ORANGE 24, M/L","TRAIL RUNNING BELT GREY ORANGE 24, M/L",0,M,Grey,49.43,GF-R4-U4,6
3608390841608,5099352,apparel,"TRAIL RUNNING BELT GREY ORANGE 2, XL/2XL","TRAIL RUNNING BELT GREY ORANGE 2, XL/2XL",0,XL,Grey,46.23,GF-R4-U5,5
3608391877330,5165700,apparel,"TANK RUN 900 M LIGHT WHITE N00A, S","TANK RUN 900 M LIGHT WHITE N00A, S",0,M,White,40.69,GF-R4-U6,8
3583784850391,4925264,apparel,"T SHIRT RUN DRY 100 W Gr, UK 4-6 / EU XS","T SHIRT RUN DRY 100 W Gr, UK 4-6 / EU XS",0,XS,Orange,43.89,GF-R4-U7,8
3608439249365,4757789,apparel,"JACKET MH500 M KAKI, M","JACKET MH500 M KAKI, M",0,M,Grey,39.91,GB-R1-U1,6
3608392481659,5450405,apparel,"PANTS MH500 W BLACK, UK 10 / FR 40 (L31)","PANTS MH500 W BLACK, UK 10 / FR 40 (L31)",0,OS,Black,54.54,GB-R1-U2,5
3608392775130,5493458,apparel,"SHORT TANK RUN 50, UK 16 / EU XL [short]","SHORT TANK RUN 50, UK 16 / EU XL [short]",0,XL,Black,14.99,GB-R1-U3,10
3608391918705,5334891,apparel,"TS RUN 500 W DRY KHAKI J2, UK 16 / EU XL","TS RUN 500 W DRY KHAKI J2, UK 16 / EU XL",0,XL,Teal,55.78,GB-R1-U4,5
3608392776397,5493320,apparel,"TS RUN 500 W CROP, UK 16 / EU XL [short]","TS RUN 500 W CROP, UK 16 / EU XL [short]",0,XL,Green,24.24,GB-R1-U5,11
3608391881917,5318712,apparel,"SHORT RUN 500 M COMFORT KHAKI J28B, S","SHORT RUN 500 M COMFORT KHAKI J28B, S",0,M,Black,27.05,GB-R1-U6,7
3608392356285,5334797,apparel,"TANK RUN 900 M REPLIKA GREEN L22A / A, M","TANK RUN 900 M REPLIKA GREEN L22A / A, M",0,M,Green,15.18,GB-R1-U7,10
3608391903565,5325327,apparel,"SHORT TIGHT RUN 5, UK 14-16 / EU XL(L31)","SHORT TIGHT RUN 5, UK 14-16 / EU XL(L31)",0,XL,Red,21.09,GB-R2-U1,7
3608392616396,5485673,apparel,"JACKET MH500 LIGHT KHAKI M C, XL [short]","JACKET MH500 LIGHT KHAKI M C, XL [short]",0,M,Pink,35.03,GB-R2-U2,10
3608439439513,2558429,apparel,"Cup MH150 stainless steel 0,4L, No Size","Cup MH150 stainless steel 0,4L, No Size",0,OS,Grey,66.27,GB-R2-U3,8
3608439320774,4083847,apparel,"PANT NH500 REGULAR BEIG UK32\"" FR42 (L31)","PANT NH500 REGULAR BEIG UK32"" FR42 (L31)",0,OS,Green,47.32,GB-R2-U4,12
3608429657866,4826159,apparel,"JACKET RUN WIND HOOD M BL, L (Chest 39\"")","JACKET RUN WIND HOOD M BL, L (Chest 39"")",0,M,Teal,32.78,GB-R2-U5,8
3608439250019,4833698,apparel,"OVERPANT NH500 BLACK DDY, 32\"" / M (L33)","OVERPANT NH500 BLACK DDY, 32"" / M (L33)",0,M,Black,21.8,GB-R2-U6,8
3608449824217,2911233,apparel,"Ski Pant 180 W Black, UK 10 / FR 40","Ski Pant 180 W Black, UK 10 / FR 40",0,OS,Black,34.45,GB-R2-U7,11
3583787236697,4870150,apparel,"UVLEGGING 100 M BLK ECO, L","UVLEGGING 100 M BLK ECO, L",0,M,Black,15.18,GB-R3-U1,7
3608418991919,2959633,apparel,"T-Shirt Gym H 100 Sportee Black, L","T-Shirt Gym H 100 Sportee Black, L",0,L,Black,20.68,GB-R3-U2,8
3608391578664,5206366,apparel,"PANT RUN 500 W WARM, UK 6-8 / EU S (L29)","PANT RUN 500 W WARM, UK 6-8 / EU S (L29)",0,S,Blue,25.49,GB-R3-U3,11
3608390867387,5101385,apparel,"TS RUN 500 M DRY BLUE H17B, XL","TS RUN 500 M DRY BLUE H17B, XL",0,M,Blue,24.1,GB-R3-U4,8
3608392034596,5334010,apparel,"SHORT RUN 500 W DRY GR, UK 14-16 / EU XL","SHORT RUN 500 W DRY GR, UK 14-16 / EU XL",0,XL,Navy,56.71,GB-R3-U5,5
3608392478710,5450067,apparel,"PANTS MH500 M BLUE, UK29\"" / FR 38 (L30)","PANTS MH500 M BLUE, UK29"" / FR 38 (L30)",0,M,Blue,63.79,GB-R3-U6,8
3608393144607,4866437,apparel,"PANTS NH100 M KHAKI, UK32\"" / FR 42 (L33)","PANTS NH100 M KHAKI, UK32"" / FR 42 (L33)",0,M,Red,40.85,GB-R3-U7,8
3608391821463,5304556,apparel,"JACKET RUN 500 W, UK 16 / EU XL [short]","JACKET RUN 500 W, UK 16 / EU XL [short]",0,XL,Navy,15.02,GB-R4-U1,8
3608392616372,5485671,apparel,"JACKET MH500 LIGHT KHAKI M CN, M [short]","JACKET MH500 LIGHT KHAKI M CN, M [short]",0,M,Teal,24.51,GB-R4-U2,7
3608392941450,5474878,apparel,"LS TS 1/2 ZIP RUN 900 M WARM GREEN K2, L","LS TS 1/2 ZIP RUN 900 M WARM GREEN K2, L",0,M,Green,38.64,GB-R4-U3,5
3608392900600,5532237,apparel,"JACKET MH900 M SLATE GREY, 2XL","JACKET MH900 M SLATE GREY, 2XL",0,M,Grey,41.56,GB-R4-U4,5
3608419149715,2432299,apparel,"SHORT 100 H BLACK, S","SHORT 100 H BLACK, S",0,S,Black,54.88,GB-R4-U5,11
3608419149739,2432295,apparel,"SHORT 100 H BLACK, 2XL","SHORT 100 H BLACK, 2XL",0,XXL,Black,29.95,GB-R4-U6,10
3608439314414,4266341,apparel,"Pan MH100 stainless steel, No Size","Pan MH100 stainless steel, No Size",0,OS,Orange,41.93,GB-R4-U7,9
3608390492831,5014159,apparel,"TEE SHIRT RUN DRY 500 M GRAPH BEIGE, XL","TEE SHIRT RUN DRY 500 M GRAPH BEIGE, XL",0,M,Pink,48.27,FR-01,6
3608390495825,5014257,apparel,"SHORT RUN 500 M DRY GREEN, UK 32\"" / EU M","SHORT RUN 500 M DRY GREEN, UK 32"" / EU M",0,M,Green,15.06,FR-02,6
3608429655305,4853568,apparel,"RUNNING PANTY BLACK DDY, XS/S","RUNNING PANTY BLACK DDY, XS/S",0,XS,Black,60.36,FR-03,11
3608392477782,5450042,apparel,"PANTS MH500 M BLACK, UK29\"" / FR 38 (L30)","PANTS MH500 M BLACK, UK29"" / FR 38 (L30)",0,M,Black,26.58,FR-04,10
3608391852917,5315609,apparel,"PANT RUN COOL 500, UK 43\"" / EU 2XL (L32)","PANT RUN COOL 500, UK 43"" / EU 2XL (L32)",0,XXL,Black,52.35,GF-R1-U1,7
3608392769207,5512611,apparel,"SKIRT 2IN1 RUN 500 W WH, UK 12-14 - EU L","SKIRT 2IN1 RUN 500 W WH, UK 12-14 - EU L",0,L,Red,45.67,GF-R1-U2,6
3608391902483,5325319,apparel,"SHORT TIGHT RUN 50, UK 4-6 / EU XS (L30)","SHORT TIGHT RUN 50, UK 4-6 / EU XS (L30)",0,XS,Teal,43.58,GF-R1-U3,8
3608392776311,5493312,apparel,"TS RUN 500 W CRO, UK 4-6 / EU XS [short]","TS RUN 500 W CRO, UK 4-6 / EU XS [short]",0,XS,Teal,28.88,GF-R1-U4,9
3608393144621,4866439,apparel,"PANTS NH100 M KHAKI, UK34\"" / FR 44 (L34)","PANTS NH100 M KHAKI, UK34"" / FR 44 (L34)",0,M,Teal,21.4,GF-R1-U5,11
3608393422538,5648933,apparel,"1/2 ZIP LS TS RUN DRY 500 M, 2XL [short]","1/2 ZIP LS TS RUN DRY 500 M, 2XL [short]",0,M,Black,20.03,GF-R1-U6,10
3608391916978,5318660,apparel,"SHORT RUN 500 M COMFORT S, UK 34\"" / EU L","SHORT RUN 500 M COMFORT S, UK 34"" / EU L",0,M,Orange,31.75,GF-R1-U7,11
3608392088315,5280712,apparel,"Run900 thin inv. 2025 black, 4-5 - 37/38","Run900 thin inv. 2025 black, 4-5 - 37/38",0,OS,Black,41.28,GF-R2-U1,8
3608393934482,5728894,apparel,"TS RUN 900 M LIGHT MKTG F20A SS26, L","TS RUN 900 M LIGHT MKTG F20A SS26, L",0,M,Navy,23.68,GF-R2-U2,5
3608429742890,2730470,apparel,"SHORT RUN DRY W BLACK, XL","SHORT RUN DRY W BLACK, XL",0,XL,Black,60.83,GF-R2-U3,5
3608439320668,4083849,apparel,"PANT NH500 REGULAR BEIG UK34\"" FR44 (L32)","PANT NH500 REGULAR BEIG UK34"" FR44 (L32)",0,OS,Orange,50.37,GF-R2-U4,11
3583787907412,2959083,apparel,"PANTS NH900 GREY M, UK 32 - EU 40","PANTS NH900 GREY M, UK 32 - EU 40",0,M,Grey,26.59,GF-R2-U5,9
3608390842209,5094757,apparel,"RUNNING BREATH PANTYX3, XS/S","RUNNING BREATH PANTYX3, XS/S",0,XS,Green,15.48,GF-R2-U6,9
3608390042098,4247940,apparel,"KIPRUN LONGTIGHT DRY BL, 41\"" / 2XL (L34)","KIPRUN LONGTIGHT DRY BL, 41"" / 2XL (L34)",0,XXL,White,46.76,GF-R2-U7,8
3608390789009,5084558,apparel,"SHORT MT500 DARK GREY M, UK 32\"" / FR 42","SHORT MT500 DARK GREY M, UK 32"" / FR 42",0,M,Grey,45.57,GF-R3-U1,11
3608439249358,4757790,apparel,"JACKET MH500 M KAKI, L","JACKET MH500 M KAKI, L",0,M,Black,15.67,GF-R3-U2,9
3608391853228,5315573,apparel,"PANT FIT RUN COOL, UK 43\"" / EU 2XL (L32)","PANT FIT RUN COOL, UK 43"" / EU 2XL (L32)",0,XXL,White,16.91,GF-R3-U3,5
3608392987533,5524701,apparel,"TS RUN 500 M ANTI-UV Mint G, 2XL [short]","TS RUN 500 M ANTI-UV Mint G, 2XL [short]",0,M,Grey,16.63,GF-R3-U4,7
3608392481697,5450409,apparel,"PANTS MH500 W BLACK, UK 14 / FR 44 (L31)","PANTS MH500 W BLACK, UK 14 / FR 44 (L31)",0,OS,Black,60.81,GF-R3-U5,6
3608392481635,5450403,apparel,"PANTS MH500 W BLACK, UK 8 / FR 38 (L31)","PANTS MH500 W BLACK, UK 8 / FR 38 (L31)",0,OS,Black,53.92,GF-R3-U6,12
3608393144447,4866419,apparel,"PANTS NH100 M GREY, UK32\"" / FR 42 (L33)","PANTS NH100 M GREY, UK32"" / FR 42 (L33)",0,M,Grey,36.68,GF-R3-U7,9
3608391958039,5318276,apparel,"TANK RUN 900 M REPLIKA WLS A11A, L","TANK RUN 900 M REPLIKA WLS A11A, L",0,M,Green,36.37,GF-R4-U1,8
3608391641672,5225383,apparel,"PANT RUN DRY 500 W CN, UK14-16 / XL(L29)","PANT RUN DRY 500 W CN, UK14-16 / XL(L29)",0,XL,White,33.39,GF-R4-U2,8
3608390174263,4428389,apparel,"PANT KIPRUN LIGHT W B, UK14-16 / XL(L29)","PANT KIPRUN LIGHT W B, UK14-16 / XL(L29)",0,XL,Navy,15.08,GF-R4-U3,11
3608391776480,5274577,apparel,"LONG TIGHT RUN 500 W, UK 10 / EU M (L29)","LONG TIGHT RUN 500 W, UK 10 / EU M (L29)",0,M,Orange,15.24,GF-R4-U4,8
3608391852627,5315550,apparel,"1/2 ZIP LS TS RUN DRY 500 MEN, S [short]","1/2 ZIP LS TS RUN DRY 500 MEN, S [short]",0,S,Grey,40.93,GF-R4-U5,11
3608390793433,5085170,apparel,"JACKET RAIN RUN 100 W B, UK 12-14 / EU L","JACKET RAIN RUN 100 W B, UK 12-14 / EU L",0,L,Green,52.21,GF-R4-U6,8
3608392941443,5474877,apparel,"LS TS 1/2 ZIP RUN 900 M WARM GREEN K2, M","LS TS 1/2 ZIP RUN 900 M WARM GREEN K2, M",0,M,Green,15.0,GF-R4-U7,6
3608392616402,5485674,apparel,"JACKET MH500 LIGHT KHAKI M, 2XL [short]","JACKET MH500 LIGHT KHAKI M, 2XL [short]",0,M,Blue,42.84,GB-R1-U1,7
3608391186883,5066192,apparel,"SWEAT HOOD RUN 500 W WAR, UK 4-6 / EU XS","SWEAT HOOD RUN 500 W WAR, UK 4-6 / EU XS",0,XS,Teal,34.4,GB-R1-U2,7
3608393519580,5684700,apparel,"TS RUN 500 W COMFORT BLUE, UK 10 / EU M","TS RUN 500 W COMFORT BLUE, UK 10 / EU M",0,M,Blue,34.55,GB-R1-U3,6
3583783963078,2731165,apparel,"LONG TIGHT RUN DRY W BLACK, XS / W26 L28","LONG TIGHT RUN DRY W BLACK, XS / W26 L28",0,XS,Black,45.01,GB-R1-U4,7
3583787838877,2721348,apparel,"UVLEG100L SS20 W Leggings BLK, M","UVLEG100L SS20 W Leggings BLK, M",0,M,Blue,17.81,GB-R1-U5,5
3608390492800,5014156,apparel,"TEE SHIRT RUN DRY 500 M GRAPH BEIGE L, S","TEE SHIRT RUN DRY 500 M GRAPH BEIGE L, S",0,M,Grey,44.74,GB-R1-U6,7
3608429655282,4853570,apparel,"RUNNING PANTY BLACK DDY, XL/2XL","RUNNING PANTY BLACK DDY, XL/2XL",0,XL,Black,17.29,GB-R1-U7,11
3608429651420,4716799,apparel,"SHORT RUN DRY+ M BLUE G20, UK 30\"" / EU S","SHORT RUN DRY+ M BLUE G20, UK 30"" / EU S",0,M,Blue,15.06,GB-R2-U1,9
3608429644712,4925297,apparel,"T SHIRT RUN DRY 100 W P, UK 12-14 / EU L","T SHIRT RUN DRY 100 W P, UK 12-14 / EU L",0,L,Navy,15.01,GB-R2-U2,5
3608429732891,2906028,apparel,"WATERPROOF JACKET TRAIL M M Jacket BL, M","WATERPROOF JACKET TRAIL M M Jacket BL, M",0,M,Pink,35.07,GB-R2-U3,6
3583787434376,4343428,apparel,"VIRALTO PANTS SS22 BLAC, 41\"" / 2XL (L34)","VIRALTO PANTS SS22 BLAC, 41"" / 2XL (L34)",0,XXL,Green,47.34,GB-R2-U4,8
3608429645696,4302183,apparel,"JACKET WARM 500 WHITE L03B, 2XL","JACKET WARM 500 WHITE L03B, 2XL",0,XXL,White,47.27,GB-R2-U5,10
3608449824200,2911234,apparel,"Ski Pant 180 W Black, UK 12 / FR 42","Ski Pant 180 W Black, UK 12 / FR 42",0,OS,Black,28.4,GB-R2-U6,6
3608392088773,5280422,apparel,"Run500 thin MID X2 BLUE, 2.5-5 - 35/38","Run500 thin MID X2 BLUE, 2.5-5 - 35/38",0,OS,Blue,27.17,GB-R2-U7,6
3608439249341,4757791,apparel,"JACKET MH500 M KAKI, XL","JACKET MH500 M KAKI, XL",0,M,Teal,15.3,GB-R3-U1,6
3608391876050,5214445,apparel,"TANK RUN 500 M COMFORT BLACK N07A, M","TANK RUN 500 M COMFORT BLACK N07A, M",0,M,Black,15.81,GB-R3-U2,6
3608392987519,5524699,apparel,"TS RUN 500 M ANTI-UV Mint Gre, L [short]","TS RUN 500 M ANTI-UV Mint Gre, L [short]",0,M,Black,26.62,GB-R3-U3,9
3608391655648,5154699,apparel,"JACKET NH500 W HURRICANE BLU, UK8 / EU S","JACKET NH500 W HURRICANE BLU, UK8 / EU S",0,S,Orange,26.78,GB-R3-U4,9
3608392039850,5367651,apparel,"SHORT RUN 500 W DRY BLU, UK 12-14 - EU L","SHORT RUN 500 W DRY BLU, UK 12-14 - EU L",0,L,Black,22.05,GB-R3-U5,8
3608390279975,4899380,apparel,"Run900 strap 2025 white, 10.5-11 - 45/46","Run900 strap 2025 white, 10.5-11 - 45/46",0,OS,White,15.94,GB-R3-U6,5
3608391875756,5165692,apparel,"TANK RUN 900 M LIGHT YELLOW A27A, L","TANK RUN 900 M LIGHT YELLOW A27A, L",0,M,Navy,69.96,GB-R3-U7,7
3608390481972,5010505,apparel,"JACKET WIND RUN 500 W GRE, UK 12 / FR 42","JACKET WIND RUN 500 W GRE, UK 12 / FR 42",0,OS,Green,21.43,GB-R4-U1,8
3608390481958,5010503,apparel,"JACKET WIND RUN 500 W GREE, UK 8 / FR 38","JACKET WIND RUN 500 W GREE, UK 8 / FR 38",0,OS,White,16.7,GB-R4-U2,11
3608393519566,5684698,apparel,"TS RUN 500 W COMFORT BLUE, UK 6-8 / EU S","TS RUN 500 W COMFORT BLUE, UK 6-8 / EU S",0,S,Blue,15.09,GB-R4-U3,6
3608439325595,4194320,apparel,"MH500 Jacket M Jacket BLK, M","MH500 Jacket M Jacket BLK, M",0,M,Black,45.9,GB-R4-U4,8
3608429817963,2341934,apparel,"JACKET RUN RAIN  black, S","JACKET RUN RAIN  black, S",0,S,Black,47.92,GB-R4-U5,8
3608429817475,2342034,apparel,"LS TS RUN DRY+ ZIP BLACK, UK 12 - EU 40","LS TS RUN DRY+ ZIP BLACK, UK 12 - EU 40",0,L,Black,28.12,GB-R4-U6,8
3608390515882,5024761,apparel,"CLASSIC RUNNING BRA BLUE G17C, XL CD","CLASSIC RUNNING BRA BLUE G17C, XL CD",0,XL,Blue,20.87,GB-R4-U7,7
3608390246403,4760743,apparel,"Run900 thin inv Whit, UK 8.5-9.5 EU43-44","Run900 thin inv Whit, UK 8.5-9.5 EU43-44",0,EU 43,Navy,50.12,FR-01,11
3608390493708,5014160,apparel,"TEE SHIRT RUN DRY 500 M GRAPH BEIGE, 2XL","TEE SHIRT RUN DRY 500 M GRAPH BEIGE, 2XL",0,M,White,28.04,FR-02,9
3608429644675,4925295,apparel,"T SHIRT RUN DRY 100 W Pin, UK 6-8 / EU S","T SHIRT RUN DRY 100 W Pin, UK 6-8 / EU S",0,S,Green,39.38,FR-03,6
3608429651390,4716846,apparel,"SHORT RUN DRY+ M GREY N04, UK 30\"" / EU S","SHORT RUN DRY+ M GREY N04, UK 30"" / EU S",0,M,Grey,53.96,FR-04,5
3608439249990,4833702,apparel,"OVERPANT NH500 BLACK DDY, 37\"" / XL (L34)","OVERPANT NH500 BLACK DDY, 37"" / XL (L34)",0,XL,Black,20.54,GF-R1-U1,7
3608390051151,4274483,apparel,"LONGTIGHT KIPRUN WARM B, 41\"" / 2XL (L32)","LONGTIGHT KIPRUN WARM B, 41"" / 2XL (L32)",0,XXL,White,22.83,GF-R1-U2,8
3608429651451,4716803,apparel,"SHORT RUN DRY+ M BLUE G, UK 41\"" / EU 2XL","SHORT RUN DRY+ M BLUE G, UK 41"" / EU 2XL",0,M,Blue,51.47,GF-R1-U3,6
3608390861415,5075737,apparel,"Short Run Dry 500 Blac, UK 14-16 / EU XL","Short Run Dry 500 Blac, UK 14-16 / EU XL",0,XL,Navy,21.64,GF-R1-U4,7
3608391880255,5318629,apparel,"SHORT RUN 500 M COMFORT S, UK 32\"" / EU M","SHORT RUN 500 M COMFORT S, UK 32"" / EU M",0,M,Pink,44.1,GF-R1-U5,9
3608392034589,5334009,apparel,"SHORT RUN 500 W DRY GRE, UK 12-14 / EU L","SHORT RUN 500 W DRY GRE, UK 12-14 / EU L",0,L,Green,43.79,GF-R1-U6,9
3608392769214,5512612,apparel,"SKIRT 2IN1 RUN 500 W WHIT, UK 16 - EU XL","SKIRT 2IN1 RUN 500 W WHIT, UK 16 - EU XL",0,XL,Pink,20.07,GF-R1-U7,8
3608391958053,5318278,apparel,"TANK RUN 900 M REPLIKA WLS A11A, 2XL","TANK RUN 900 M REPLIKA WLS A11A, 2XL",0,M,Black,57.46,GF-R2-U1,9
3608392669897,5490839,apparel,"PANT RUN DRY 500 W CN L02, UK 6-8 - EU S","PANT RUN DRY 500 W CN L02, UK 6-8 - EU S",0,S,Green,32.68,GF-R2-U2,6
3608392670312,5490841,apparel,"PANT RUN DRY 500 W CN L, UK 12-14 - EU L","PANT RUN DRY 500 W CN L, UK 12-14 - EU L",0,L,Grey,45.07,GF-R2-U3,9
3608392087370,5280783,apparel,"Run900 Thin Mid 2025 gr, 5.5-6.5 - 39/40","Run900 Thin Mid 2025 gr, 5.5-6.5 - 39/40",0,OS,Grey,15.67,GF-R2-U4,10
3608390483976,5010383,apparel,"T SHIRT RUN DRY 500 Y, UK 18-20 / EU 2XL","T SHIRT RUN DRY 500 Y, UK 18-20 / EU 2XL",0,XXL,Grey,35.06,GF-R2-U5,10
3608391880118,5318538,apparel,"SHORT RUN 100 M BLUE G17C, UK 30\"" / EU S","SHORT RUN 100 M BLUE G17C, UK 30"" / EU S",0,M,Blue,50.48,GF-R2-U6,11
3583784851343,4925269,apparel,"T SHIRT RUN DRY 100 W, UK 18-20 / EU 2XL","T SHIRT RUN DRY 100 W, UK 18-20 / EU 2XL",0,XXL,Pink,56.88,GF-R2-U7,7
3608391852702,5315558,apparel,"1/2 ZIP LS TS RUN DRY 500 M, 2XL [short]","1/2 ZIP LS TS RUN DRY 500 M, 2XL [short]",0,M,Black,37.35,GF-R3-U1,10
3608449843355,2686360,apparel,"Ski Pant 500 M black, S","Ski Pant 500 M black, S",0,M,Black,51.28,GF-R3-U2,7
3608439250064,4698038,apparel,"PANTS NH100 DARK GREY UK36\"" FR46 (L34)","PANTS NH100 DARK GREY UK36"" FR46 (L34)",0,OS,Grey,66.39,GF-R3-U3,11
3608390484430,4997216,apparel,"RUNNING VISOR V2 BLACK N07A, No Size","RUNNING VISOR V2 BLACK N07A, No Size",0,OS,Black,23.67,GF-R3-U4,6
3608429644651,4925294,apparel,"T SHIRT RUN DRY 100 W Pi, UK 4-6 / EU XS","T SHIRT RUN DRY 100 W Pi, UK 4-6 / EU XS",0,XS,Teal,29.07,GF-R3-U5,6
3608390840663,5099350,apparel,"TRAIL RUNNING BELT GREY ORANGE 24, XS/S","TRAIL RUNNING BELT GREY ORANGE 24, XS/S",0,XS,Grey,18.12,GF-R3-U6,10
3608392019029,5365285,apparel,"RUNNING VISOR V2 GREEN, No Size","RUNNING VISOR V2 GREEN, No Size",0,OS,Green,40.67,GF-R3-U7,6
3583784222587,4402527,apparel,"Fleece Leggings MH100 M Black, S","Fleece Leggings MH100 M Black, S",0,M,Black,15.39,GF-R4-U1,7
3608429652175,4681378,apparel,"T SHIRT RUN DRY M GREY N11A, M","T SHIRT RUN DRY M GREY N11A, M",0,M,Grey,18.27,GF-R4-U2,9
3608392436147,5445822,apparel,"CN JACKET WIND RUN 100 M WH, 2XL [short]","CN JACKET WIND RUN 100 M WH, 2XL [short]",0,M,White,20.63,GF-R4-U3,12
3608392986666,5524714,apparel,"TS RUN 500 M ANTI-UV White, M [short]","TS RUN 500 M ANTI-UV White, M [short]",0,M,White,15.44,GF-R4-U4,9
3608392985096,5524697,apparel,"TS RUN 500 M ANTI-UV Mint Gre, S [short]","TS RUN 500 M ANTI-UV Mint Gre, S [short]",0,M,Grey,52.88,GF-R4-U5,11
3608392987502,5524698,apparel,"TS RUN 500 M ANTI-UV Mint Gre, M [short]","TS RUN 500 M ANTI-UV Mint Gre, M [short]",0,M,Orange,20.99,GF-R4-U6,7
3608429732853,2906027,apparel,"WATERPROOF JACKET TRAIL M M Jacket BL, L","WATERPROOF JACKET TRAIL M M Jacket BL, L",0,M,Navy,47.25,GF-R4-U7,8
3608391655662,5154701,apparel,"JACKET NH500 W HURRICA, UK12 - 14 / EU L","JACKET NH500 W HURRICA, UK12 - 14 / EU L",0,L,Grey,25.37,GB-R1-U1,7
3583787534526,2884482,apparel,"MTB SHORT ST 100 H BLACK, M","MTB SHORT ST 100 H BLACK, M",0,M,Black,17.69,GB-R1-U2,9
3608392481611,5450401,apparel,"PANTS MH500 W BLACK, UK 6 / FR 36 (L30)","PANTS MH500 W BLACK, UK 6 / FR 36 (L30)",0,OS,Black,51.14,GB-R1-U3,10
3608393144645,4866441,apparel,"PANTS NH100 M KHAKI, UK36\"" / FR 46 (L34)","PANTS NH100 M KHAKI, UK36"" / FR 46 (L34)",0,M,Grey,23.01,GB-R1-U4,8
3608390276035,4896118,apparel,"LS TS KIPRUN WARM LIGHT B, UK 14 / FR 44","LS TS KIPRUN WARM LIGHT B, UK 14 / FR 44",0,OS,White,15.89,GB-R1-U5,8
3608392930126,5476652,apparel,"JACKET RUN 100 M WARM GREY, 2XL [short]","JACKET RUN 100 M WARM GREY, 2XL [short]",0,M,Grey,36.71,GB-R1-U6,11
3608393328090,5649896,apparel,"PANT RUN 500 W WARM, UK 6-8 / EU S (L29)","PANT RUN 500 W WARM, UK 6-8 / EU S (L29)",0,S,Blue,66.91,GB-R1-U7,10
3608390403493,4975388,apparel,"WIND JACKET TRAIL W ROAD, UK 10 / FR 40","WIND JACKET TRAIL W ROAD, UK 10 / FR 40",0,OS,Pink,59.9,GB-R2-U1,5
3608392088353,5280716,apparel,"Run900 thin inv. 2025 b, 10.5-11 - 45/46","Run900 thin inv. 2025 b, 10.5-11 - 45/46",0,OS,Teal,23.77,GB-R2-U2,7
3608392616365,5485670,apparel,"JACKET MH500 LIGHT KHAKI M CN, S [short]","JACKET MH500 LIGHT KHAKI M CN, S [short]",0,M,Green,45.27,GB-R2-U3,6
3608390404612,4975390,apparel,"WIND JACKET TRAIL W ROAD, UK 14 / FR 44","WIND JACKET TRAIL W ROAD, UK 14 / FR 44",0,OS,Teal,42.06,GB-R2-U4,5
3608390940318,5075764,apparel,"WARM LEGGINGS NH5, UK 14-16 / EU XL(L31)","WARM LEGGINGS NH5, UK 14-16 / EU XL(L31)",0,XL,Orange,39.91,GB-R2-U5,9
3608390481989,5010506,apparel,"JACKET WIND RUN 500 W GRE, UK 14 / FR 44","JACKET WIND RUN 500 W GRE, UK 14 / FR 44",0,OS,Grey,18.38,GB-R2-U6,6
3608393519542,5684696,apparel,"TS RUN 500 W COMFORT BLU, UK 4-6 / EU XS","TS RUN 500 W COMFORT BLU, UK 4-6 / EU XS",0,XS,Pink,44.48,GB-R2-U7,11
3608439441318,2480082,apparel,"Kettle MH500 stain. steel 1L, No Size","Kettle MH500 stain. steel 1L, No Size",0,OS,Blue,68.25,GB-R3-U1,7
3608439320965,4083887,apparel,"PANTS NH500 REGULAR UK32\"" / FR 42 (L31)","PANTS NH500 REGULAR UK32"" / FR 42 (L31)",0,OS,Orange,21.28,GB-R3-U2,10
3583784000123,2955009,apparel,"Pantalon 120 H BLACK, S / W30 L31.","Pantalon 120 H BLACK, S / W30 L31.",0,S,Black,16.13,GB-R3-U3,6
3583784055611,4033192,apparel,"Pant MH500 MEN BLACK, UK31\"" FR40 (L31)","Pant MH500 MEN BLACK, UK31"" FR40 (L31)",0,OS,Black,16.99,GB-R3-U4,6
3608429804826,2504715,apparel,"TANK RUN DRY M WHITE, 2XL","TANK RUN DRY M WHITE, 2XL",0,M,White,37.38,GB-R3-U5,11
3583784000109,2955005,apparel,"Pantalon 120 H BLACK, L / W34 L32.","Pantalon 120 H BLACK, L / W34 L32.",0,L,Black,57.08,GB-R3-U6,8
3608418998598,2955012,apparel,"Pantalon 120 H BLACK, XL / W37 L34.","Pantalon 120 H BLACK, XL / W37 L34.",0,XL,Black,64.19,GB-R3-U7,9
3608439320736,4083845,apparel,"PANT NH500 REGULAR BEIG UK31\"" FR40 (L31)","PANT NH500 REGULAR BEIG UK31"" FR40 (L31)",0,OS,Blue,25.84,GB-R4-U1,8
3608449815123,4144238,apparel,"Ski Pant 180 W White new, UK 10 / FR 40","Ski Pant 180 W White new, UK 10 / FR 40",0,OS,White,15.02,GB-R4-U2,8
3608449815130,4144239,apparel,"Ski Pant 180 W White new, UK 12 / FR 42","Ski Pant 180 W White new, UK 12 / FR 42",0,OS,White,26.47,GB-R4-U3,11
3608439244308,4756882,apparel,"JACKET NH500 DDY BLACK MA, L (Chest 39\"")","JACKET NH500 DDY BLACK MA, L (Chest 39"")",0,L,Black,31.04,GB-R4-U4,8
3608390492824,5014158,apparel,"TEE SHIRT RUN DRY 500 M GRAPH BEIGE L, L","TEE SHIRT RUN DRY 500 M GRAPH BEIGE L, L",0,M,Pink,33.92,GB-R4-U5,9
3583787907481,2959086,apparel,"PANTS NH900 GREY M, UK 38 - EU 46","PANTS NH900 GREY M, UK 38 - EU 46",0,M,Grey,68.94,GB-R4-U6,10
3608390237258,4717735,apparel,"WIND JACKET WHITE, L","WIND JACKET WHITE, L",0,L,White,40.43,GB-R4-U7,12
3608390236626,4717177,apparel,"Run900 THIN MID 23li, UK 10.5-11 EU45-46","Run900 THIN MID 23li, UK 10.5-11 EU45-46",0,EU 45,Black,52.93,FR-01,10
3608429743088,2730437,apparel,"SHORT TIGHT RUN DRY W Black, XL","SHORT TIGHT RUN DRY W Black, XL",0,XL,Black,49.29,FR-02,7
3608390273393,4896114,apparel,"LS TS KIPRUN WARM LIGHT BL, UK 6 / FR 36","LS TS KIPRUN WARM LIGHT BL, UK 6 / FR 36",0,OS,Red,17.76,FR-03,8
3583784289801,4602911,apparel,"Ski Pant 500 W Black, UK 14 / FR 44","Ski Pant 500 W Black, UK 14 / FR 44",0,OS,Black,60.35,FR-04,11
3608439244254,4756884,apparel,"JACKET NH500 DDY BLACK, 2XL (Chest 47\"")","JACKET NH500 DDY BLACK, 2XL (Chest 47"")",0,XXL,Black,33.82,GF-R1-U1,10
3608390237241,4717734,apparel,"WIND JACKET WHITE, M","WIND JACKET WHITE, M",0,M,White,18.09,GF-R1-U2,8
3608391877446,5318323,apparel,"TANK RUN 500 M COMFORT GREY N11A, 2XL","TANK RUN 500 M COMFORT GREY N11A, 2XL",0,M,Grey,15.24,GF-R1-U3,9
3608391293994,4702496,apparel,"TS RUN 500 M ORANGE D03A, 2XL","TS RUN 500 M ORANGE D03A, 2XL",0,M,Orange,36.85,GF-R1-U4,11
3583787866887,4011250,apparel,"PANTS CARGO NH500 M BROW, UK 34\"" / FR 44","PANTS CARGO NH500 M BROW, UK 34"" / FR 44",0,M,Black,16.37,GF-R1-U5,8
3608392034565,5334007,apparel,"SHORT RUN 500 W DRY GREEN, UK 6-8 / EU S","SHORT RUN 500 W DRY GREEN, UK 6-8 / EU S",0,S,Green,17.83,GF-R1-U6,7
3608391881153,5318649,apparel,"SHORT RUN 500 M COMFORT S, UK 32\"" / EU M","SHORT RUN 500 M COMFORT S, UK 32"" / EU M",0,M,Pink,49.39,GF-R1-U7,9
3608392767678,5512608,apparel,"SKIRT 2IN1 RUN 500 W WHI, UK 4-6 - EU XS","SKIRT 2IN1 RUN 500 W WHI, UK 4-6 - EU XS",0,XS,Black,68.97,GF-R2-U1,10
3608390515875,5024760,apparel,"CLASSIC RUNNING BRA BLUE G17C, L CD","CLASSIC RUNNING BRA BLUE G17C, L CD",0,L,Blue,45.85,GF-R2-U2,7
3608391832377,5274074,apparel,"TANK RUN 900 W LIGHT PINK, UK 10 / EU M","TANK RUN 900 W LIGHT PINK, UK 10 / EU M",0,M,Pink,54.18,GF-R2-U3,11
3608392039867,5367653,apparel,"SHORT RUN 500 W DRY BLUE, UK 16 - EU XL","SHORT RUN 500 W DRY BLUE, UK 16 - EU XL",0,XL,Blue,34.16,GF-R2-U4,6
3608391911515,5334001,apparel,"SHORT RUN 500 W DRY KHA, UK 12-14 / EU L","SHORT RUN 500 W DRY KHA, UK 12-14 / EU L",0,L,Red,43.28,GF-R2-U5,12
3608391672027,5216589,apparel,"T SHIRT RUN 500 M DRY CN N07A BLACK, L .","T SHIRT RUN 500 M DRY CN N07A BLACK, L .",0,M,Black,27.69,GF-R2-U6,5
3608393430038,5661252,apparel,"LS TS 1/2 ZIP RUN 100 W W, UK 16 / FR 46","LS TS 1/2 ZIP RUN 100 W W, UK 16 / FR 46",0,OS,Blue,18.55,GF-R2-U7,6
3608392908118,5477588,apparel,"LS TS RUN 500 W, UK 4-6 / EU XS [short]","LS TS RUN 500 W, UK 4-6 / EU XS [short]",0,XS,Grey,57.82,GF-R3-U1,8
3608390155675,4426819,apparel,"RUN900 WR High K blac, UK 8.5-11 EU43-46","RUN900 WR High K blac, UK 8.5-11 EU43-46",0,EU 43,Teal,63.51,GF-R3-U2,10
3608391654924,5145115,apparel,"PANTS REGULAR NH500, UK 12 / FR 42 (L29)","PANTS REGULAR NH500, UK 12 / FR 42 (L29)",0,OS,Teal,50.86,GF-R3-U3,9
3608391654580,5145111,apparel,"PANTS REGULAR NH500, UK 8 / FR 38 (L29)","PANTS REGULAR NH500, UK 8 / FR 38 (L29)",0,OS,Teal,18.97,GF-R3-U4,10
3583784224710,4402530,apparel,"Fleece Leggings MH100 M Black, 2XL","Fleece Leggings MH100 M Black, 2XL",0,M,Black,26.84,GF-R3-U5,6
3608390940295,5075762,apparel,"WARM LEGGINGS NH5, UK 12-14 / EU L (L31)","WARM LEGGINGS NH5, UK 12-14 / EU L (L31)",0,L,Grey,16.87,GF-R3-U6,7
3608390940271,5075760,apparel,"WARM LEGGINGS NH500, UK 10 / EU M (L31)","WARM LEGGINGS NH500, UK 10 / EU M (L31)",0,M,Grey,16.62,GF-R3-U7,8
3608390484102,4995769,apparel,"T SHIRT RUN DRY 500 L, UK 18-20 / EU 2XL","T SHIRT RUN DRY 500 L, UK 18-20 / EU 2XL",0,L,Teal,15.35,GF-R4-U1,7
3608391918712,5334892,apparel,"TS RUN 500 W DRY KHAK, UK 18-20 / EU 2XL","TS RUN 500 W DRY KHAK, UK 18-20 / EU 2XL",0,XXL,Blue,60.54,GF-R4-U2,5
3608393934475,5728893,apparel,"TS RUN 900 M LIGHT MKTG F20A SS26, M","TS RUN 900 M LIGHT MKTG F20A SS26, M",0,M,Red,36.75,GF-R4-U3,7
3608393934499,5728895,apparel,"TS RUN 900 M LIGHT MKTG F20A SS26, XL","TS RUN 900 M LIGHT MKTG F20A SS26, XL",0,M,Black,17.36,GF-R4-U4,7
3608439320927,4083891,apparel,"PANTS NH500 REGULAR UK36\"" / FR 46 (L32)","PANTS NH500 REGULAR UK36"" / FR 46 (L32)",0,OS,Pink,48.92,GF-R4-U5,7
3583787838945,2721350,apparel,"UVLEG100L SS20 W Leggings BLK, XL","UVLEG100L SS20 W Leggings BLK, XL",0,XL,Green,23.5,GF-R4-U6,6
3608439320644,4083843,apparel,"PANT NH500 REGULAR BEIG UK29\"" FR38 (L30)","PANT NH500 REGULAR BEIG UK29"" FR38 (L30)",0,OS,Green,49.37,GF-R4-U7,6
3608429743118,2730436,apparel,"SHORT TIGHT RUN DRY W Black, S","SHORT TIGHT RUN DRY W Black, S",0,S,Black,41.69,GB-R1-U1,5
3608439366857,4043975,apparel,"PANT NH100 BLACK W, UK8 / FR38 (L31)","PANT NH100 BLACK W, UK8 / FR38 (L31)",0,OS,Black,17.46,GB-R1-U2,9
3583787907405,2959082,apparel,"PANTS NH900 GREY M, UK 30 - EU 38","PANTS NH900 GREY M, UK 30 - EU 38",0,M,Grey,59.37,GB-R1-U3,6
3608391877439,5318322,apparel,"TANK RUN 500 M COMFORT GREY N11A, XL","TANK RUN 500 M COMFORT GREY N11A, XL",0,M,Grey,32.08,GB-R1-U4,9
3608391876142,5318349,apparel,"TANK RUN 500 M COMFORT GREEN K23A, S","TANK RUN 500 M COMFORT GREEN K23A, S",0,M,Green,50.49,GB-R1-U5,5
3608391872052,5317590,apparel,"TS RUN 500 M DRY KHAKI J25A, M","TS RUN 500 M DRY KHAKI J25A, M",0,M,Teal,51.94,GB-R1-U6,11
3608391880248,5318628,apparel,"SHORT RUN 500 M COMFORT S, UK 30\"" / EU S","SHORT RUN 500 M COMFORT S, UK 30"" / EU S",0,M,White,25.44,GB-R1-U7,10
3583787534571,2884483,apparel,"MTB SHORT ST 100 H BLACK, S","MTB SHORT ST 100 H BLACK, S",0,S,Black,59.88,GB-R2-U1,6
3608391881146,5318648,apparel,"SHORT RUN 500 M COMFORT S, UK 30\"" / EU S","SHORT RUN 500 M COMFORT S, UK 30"" / EU S",0,M,White,49.93,GB-R2-U2,9
3608392774492,5493454,apparel,"SHORT TANK RUN 500, UK 10 / EU M [short]","SHORT TANK RUN 500, UK 10 / EU M [short]",0,M,Orange,59.58,GB-R2-U3,9
3608391881924,5318713,apparel,"SHORT RUN 500 M COMFORT KHAKI J28B, M","SHORT RUN 500 M COMFORT KHAKI J28B, M",0,M,Blue,40.27,GB-R2-U4,9
3608391832360,5274073,apparel,"TANK RUN 900 W LIGHT PINK, UK 6-8 / EU S","TANK RUN 900 W LIGHT PINK, UK 6-8 / EU S",0,S,Pink,47.95,GB-R2-U5,10
3608391832384,5274075,apparel,"TANK RUN 900 W LIGHT PI, UK 12-14 / EU L","TANK RUN 900 W LIGHT PI, UK 12-14 / EU L",0,L,Green,17.77,GB-R2-U6,5
3608392775055,5493272,apparel,"TS RUN 500 W CRO, UK 4-6 / EU XS [short]","TS RUN 500 W CRO, UK 4-6 / EU XS [short]",0,XS,Teal,15.0,GB-R2-U7,11
3608392357206,5334799,apparel,"TANK RUN 900 M REPLIKA GREEN L22A /, XL","TANK RUN 900 M REPLIKA GREEN L22A /, XL",0,M,Green,65.7,GB-R3-U1,7
3608392356278,5334796,apparel,"TANK RUN 900 M REPLIKA GREEN L22A / A, S","TANK RUN 900 M REPLIKA GREEN L22A / A, S",0,M,Green,26.02,GB-R3-U2,8
3608391875015,5317819,apparel,"TS RUN 900 M LIGHT BLUE G20A D16A L18, S","TS RUN 900 M LIGHT BLUE G20A D16A L18, S",0,M,Blue,25.68,GB-R3-U3,7
3608392793349,5518206,apparel,"CROP RACE RUN 1200 W BLACK, UK 10 / EU M","CROP RACE RUN 1200 W BLACK, UK 10 / EU M",0,M,Black,43.3,GB-R3-U4,5
3608439244285,4756880,apparel,"JACKET NH500 DDY BLACK MA, S (Chest 35\"")","JACKET NH500 DDY BLACK MA, S (Chest 35"")",0,S,Black,67.2,GB-R3-U5,8
3608391777180,5274559,apparel,"LONG TIGHT RUN 50, UK 12-14 / EU L (L29)","LONG TIGHT RUN 50, UK 12-14 / EU L (L29)",0,L,Pink,58.05,GB-R3-U6,6
3608391877767,5318681,apparel,"SHORT RUN 500 M COMFORT KHAKI J25A, L","SHORT RUN 500 M COMFORT KHAKI J25A, L",0,M,Blue,61.18,GB-R3-U7,11
3608390276400,4897617,apparel,"JACKET KIPRUN WARM BLUE H1, UK 6 / FR 36","JACKET KIPRUN WARM BLUE H1, UK 6 / FR 36",0,OS,Blue,58.55,GB-R4-U1,10
3608391188115,5194636,apparel,"JACKET RUN 900 W WARM REG, UK 16 / EU XL","JACKET RUN 900 W WARM REG, UK 16 / EU XL",0,XL,Black,37.39,GB-R4-U2,10
3608390173938,4365366,apparel,"KIPRUN WARM RAIN 2, 30\"" / S (L31)","KIPRUN WARM RAIN 2, 30"" / S (L31)",0,S,Teal,20.65,GB-R4-U3,6
3608391191962,5194612,apparel,"JACKET RUN 900 M WARM REGUL BLACK YEL, M","JACKET RUN 900 M WARM REGUL BLACK YEL, M",0,M,Black,18.57,GB-R4-U4,9
3608391821470,5304557,apparel,"JACKET RUN 500 W, UK 4-6 / EU XS [short]","JACKET RUN 500 W, UK 4-6 / EU XS [short]",0,XS,Pink,22.15,GB-R4-U5,7
3608392600111,5483963,apparel,"TS TRAVEL 500 WOO, UK 6-8 / EU S [short]","TS TRAVEL 500 WOO, UK 6-8 / EU S [short]",0,S,Pink,22.05,GB-R4-U6,5
3608392600128,5483964,apparel,"TS TRAVEL 500 WOOL, UK 10 / EU M [short]","TS TRAVEL 500 WOOL, UK 10 / EU M [short]",0,M,Red,25.47,GB-R4-U7,9
3608391654573,5145110,apparel,"PANTS REGULAR NH500, UK 6 / FR 36 (L28)","PANTS REGULAR NH500, UK 6 / FR 36 (L28)",0,OS,Orange,36.68,FR-01,5
3608393089502,5579509,apparel,"JACKET 3IN1 SH500 M, 2XL [short]","JACKET 3IN1 SH500 M, 2XL [short]",0,M,Teal,65.66,FR-02,5
3608393089496,5579508,apparel,"JACKET 3IN1 SH500 M, XL [short]","JACKET 3IN1 SH500 M, XL [short]",0,M,White,64.74,FR-03,5
3608391654917,5145114,apparel,"PANTS REGULAR NH500, UK 10 / FR 40 (L29)","PANTS REGULAR NH500, UK 10 / FR 40 (L29)",0,OS,Black,36.63,FR-04,9
3608393089489,5579507,apparel,"JACKET 3IN1 SH500 M, L [short]","JACKET 3IN1 SH500 M, L [short]",0,M,Navy,24.43,GF-R1-U1,6
3608449915571,885265,apparel,"SIMPLE WARM PANT JR BLACK P, AGE 14","SIMPLE WARM PANT JR BLACK P, AGE 14",0,OS,Black,50.52,GF-R1-U2,7
3608399864820,2141855,apparel,"SHORT DRY 500 M BLACK, L","SHORT DRY 500 M BLACK, L",0,M,Black,42.57,GF-R1-U3,7
3608449915601,885260,apparel,"SIMPLE WARM PANT JR BLACK P, AGE 8","SIMPLE WARM PANT JR BLACK P, AGE 8",0,OS,Black,22.26,GF-R1-U4,10
3583784055604,4033190,apparel,"Pant MH500 MEN BLACK, UK29\"" FR38 (L30)","Pant MH500 MEN BLACK, UK29"" FR38 (L30)",0,OS,Black,34.36,GF-R1-U5,10
3608429667261,4579637,apparel,"SHORT RUN DRY+ M BLACK CN, UK 30\"" / EU S","SHORT RUN DRY+ M BLACK CN, UK 30"" / EU S",0,M,Black,59.76,GF-R1-U6,8
3608390280964,4899397,apparel,"Run500 thin inv X2 white, 2.5-5 - 35/38","Run500 thin inv X2 white, 2.5-5 - 35/38",0,OS,White,32.83,GF-R1-U7,8
3608429651321,4716847,apparel,"SHORT RUN DRY+ M GREY N04, UK 32\"" / EU M","SHORT RUN DRY+ M GREY N04, UK 32"" / EU M",0,M,Grey,42.26,GF-R2-U1,6
3608439248221,4651994,apparel,"PANT MH100 MEN GREY, UK36\"" FR46 (L34)","PANT MH100 MEN GREY, UK36"" FR46 (L34)",0,OS,Grey,56.13,GF-R2-U2,10
3608439248238,4651992,apparel,"PANT MH100 MEN GREY, UK34\"" FR44 (L34)","PANT MH100 MEN GREY, UK34"" FR44 (L34)",0,OS,Grey,18.88,GF-R2-U3,8
3608429651383,4716850,apparel,"SHORT RUN DRY+ M GREY N, UK 41\"" / EU 2XL","SHORT RUN DRY+ M GREY N, UK 41"" / EU 2XL",0,M,Grey,15.69,GF-R2-U4,8
3583787534564,2884484,apparel,"MTB SHORT ST 100 H BLACK, XL","MTB SHORT ST 100 H BLACK, XL",0,XL,Black,62.22,GF-R2-U5,10
3608429648246,4702113,apparel,"Pant Dry 500 M BEIGE K03A, 32\"" / M (L31)","Pant Dry 500 M BEIGE K03A, 32"" / M (L31)",0,M,Red,66.8,GF-R2-U6,9
3608439366833,4043977,apparel,"PANT NH100 BLACK W, UK10 / FR40 (L31)","PANT NH100 BLACK W, UK10 / FR40 (L31)",0,OS,Black,67.65,GF-R2-U7,10
3583784289191,4602909,apparel,"Ski Pant 500 W Black, UK 12 / FR 42","Ski Pant 500 W Black, UK 12 / FR 42",0,OS,Black,28.21,GF-R3-U1,6
3583784289177,4602907,apparel,"Ski Pant 500 W Black, UK 8 / FR 38","Ski Pant 500 W Black, UK 8 / FR 38",0,OS,Black,62.92,GF-R3-U2,7
3583784289184,4602908,apparel,"Ski Pant 500 W Black, UK 10 / FR 40","Ski Pant 500 W Black, UK 10 / FR 40",0,OS,Black,24.61,GF-R3-U3,10
3608439244278,4756881,apparel,"JACKET NH500 DDY BLACK MA, M (Chest 37\"")","JACKET NH500 DDY BLACK MA, M (Chest 37"")",0,M,Black,44.53,GF-R3-U4,7
3608390495818,5014256,apparel,"SHORT RUN 500 M DRY GREEN, UK 30\"" / EU S","SHORT RUN 500 M DRY GREEN, UK 30"" / EU S",0,M,Green,64.26,GF-R3-U5,10
3608391871888,5318313,apparel,"TANK RUN 500 M COMFORT BLUE H17B, 2XL","TANK RUN 500 M COMFORT BLUE H17B, 2XL",0,M,Blue,16.54,GF-R3-U6,5
3608391872069,5317591,apparel,"TS RUN 500 M DRY KHAKI J25A, L","TS RUN 500 M DRY KHAKI J25A, L",0,M,Red,36.69,GF-R3-U7,7
3608418999250,2699208,apparel,"Short 120 M DRN, M","Short 120 M DRN, M",0,M,Red,46.11,GF-R4-U1,6
3608391564261,5206011,apparel,"RUNNING HEADBAND V2 ASIA Colo 1, No Size","RUNNING HEADBAND V2 ASIA Colo 1, No Size",0,OS,Blue,27.4,GF-R4-U2,9
3608391851491,5315593,apparel,"PANT RUN COOL 500 M, UK 34\"" / EU L (L32)","PANT RUN COOL 500 M, UK 34"" / EU L (L32)",0,M,Teal,30.06,GF-R4-U3,7
3608439249440,4757771,apparel,"JACKET MH500 M ORANGE, XL","JACKET MH500 M ORANGE, XL",0,M,Orange,50.51,GF-R4-U4,11
3583784851206,4925255,apparel,"T SHIRT RUN DRY 100 W Whi, UK 6-8 / EU S","T SHIRT RUN DRY 100 W Whi, UK 6-8 / EU S",0,S,Blue,24.96,GF-R4-U5,10
3608392522161,5451503,apparel,"MH500 JACKET W CN, UK 10 / EU M [short]","MH500 JACKET W CN, UK 10 / EU M [short]",0,M,Green,45.99,GF-R4-U6,10
3608392034558,5334006,apparel,"SHORT RUN 500 W DRY GREE, UK 4-6 / EU XS","SHORT RUN 500 W DRY GREE, UK 4-6 / EU XS",0,XS,Grey,18.3,GF-R4-U7,8
3608392242885,5318798,apparel,"SHORT RUN 900 H REPLIKA B, UK 30\"" / EU S","SHORT RUN 900 H REPLIKA B, UK 30"" / EU S",0,S,Navy,48.01,GB-R1-U1,7
3608391881955,5318716,apparel,"SHORT RUN 500 M COMFORT KHAKI J28B, 2XL","SHORT RUN 500 M COMFORT KHAKI J28B, 2XL",0,M,Blue,40.39,GB-R1-U2,9
3608392398285,5436144,apparel,"PANTS CARGO MODUL NH500, UK 36\"" / FR 46","PANTS CARGO MODUL NH500, UK 36"" / FR 46",0,OS,Grey,48.91,GB-R1-U3,10
3608391655655,5154700,apparel,"JACKET NH500 W HURRICANE BL, UK10 / EU M","JACKET NH500 W HURRICANE BL, UK10 / EU M",0,M,White,15.12,GB-R1-U4,10
3608391777623,5274643,apparel,"3/4 TIGHT RUN 500 W, UK 6-8 / EU S (L31)","3/4 TIGHT RUN 500 W, UK 6-8 / EU S (L31)",0,S,Red,21.01,GB-R1-U5,6
3608391773137,5274024,apparel,"TANK RUN 900 W LIGHT WHITE, UK 10 / EU M","TANK RUN 900 W LIGHT WHITE, UK 10 / EU M",0,M,White,24.82,GB-R1-U6,9
3608439262845,4484576,apparel,"PANTS MH100 NAVY WOME, UK14 / FR44 (L29)","PANTS MH100 NAVY WOME, UK14 / FR44 (L29)",0,OS,Navy,59.39,GB-R1-U7,6
3608392357213,5334800,apparel,"TANK RUN 900 M REPLIKA GREEN L22A /, 2XL","TANK RUN 900 M REPLIKA GREEN L22A /, 2XL",0,M,Green,42.92,GB-R2-U1,8
3608392670305,5490840,apparel,"PANT RUN DRY 500 W CN L02A, UK 10 - EU M","PANT RUN DRY 500 W CN L02A, UK 10 - EU M",0,M,Red,20.0,GB-R2-U2,11
3608391672089,5216595,apparel,"T SHIRT RUN 500 M DRY CN H17B BLUE, M .","T SHIRT RUN 500 M DRY CN H17B BLUE, M .",0,M,Blue,39.67,GB-R2-U3,8
3608390626977,5042469,apparel,"JACKET NH500 DARK GREY GREEN MAN, XL","JACKET NH500 DARK GREY GREEN MAN, XL",0,XL,Grey,44.54,GB-R2-U4,10
3583787884560,4011351,apparel,"PANT NH500 CARGO MODUL KH UK 34\"" / FR 44","PANT NH500 CARGO MODUL KH UK 34"" / FR 44",0,OS,Teal,27.07,GB-R2-U5,5
3583787534540,2884481,apparel,"MTB SHORT ST 100 H BLACK, L","MTB SHORT ST 100 H BLACK, L",0,L,Black,51.82,GB-R2-U6,10
3608391776909,5274579,apparel,"LONG TIGHT RUN 50, UK 12-14 / EU L (L29)","LONG TIGHT RUN 50, UK 12-14 / EU L (L29)",0,L,Pink,42.78,GB-R2-U7,11
3583787884591,4011349,apparel,"PANT NH500 CARGO MODUL KH UK 31\"" / FR 40","PANT NH500 CARGO MODUL KH UK 31"" / FR 40",0,OS,Orange,15.58,GB-R3-U1,6
3608390728022,5064913,apparel,"BSHORT BS100 15\"" SS24 H, UK 41\"" / EU 2XL","BSHORT BS100 15"" SS24 H, UK 41"" / EU 2XL",0,XXL,Blue,21.77,GB-R3-U2,10
3608391777166,5274556,apparel,"LONG TIGHT RUN 500 W, UK 10 / EU M (L29)","LONG TIGHT RUN 500 W, UK 10 / EU M (L29)",0,M,Orange,30.74,GB-R3-U3,8
3608392907791,5155414,apparel,"LS TS RUN 500 W BLUE G17C, UK 16 / EU XL","LS TS RUN 500 W BLUE G17C, UK 16 / EU XL",0,XL,Blue,55.95,GB-R3-U4,9
3608392907753,5155410,apparel,"LS TS RUN 500 W BLUE G17, UK 4-6 / EU XS","LS TS RUN 500 W BLUE G17, UK 4-6 / EU XS",0,XS,Blue,15.11,GB-R3-U5,9
3608392087738,5280725,apparel,"Run900 thin inv. 2025 w, 5.5-6.5 - 39/40","Run900 thin inv. 2025 w, 5.5-6.5 - 39/40",0,OS,Teal,19.15,GB-R3-U6,5
3608392918667,5475322,apparel,"SL JACKET WIND RU, UK 6-8 / EU S [short]","SL JACKET WIND RU, UK 6-8 / EU S [short]",0,S,Red,18.51,GB-R3-U7,10
3608392590825,5478210,apparel,"WARM JACKET NH500 M BEIGE, XL","WARM JACKET NH500 M BEIGE, XL",0,M,Blue,56.87,GB-R4-U1,10
3608393089472,5579506,apparel,"JACKET 3IN1 SH500 M, M [short]","JACKET 3IN1 SH500 M, M [short]",0,M,Teal,28.79,GB-R4-U2,11
3608392509070,5456414,apparel,"VEST NH500 M CN BEIGE, XL [short]","VEST NH500 M CN BEIGE, XL [short]",0,M,Orange,18.69,GB-R4-U3,7
3608392509063,5456413,apparel,"VEST NH500 M CN BEIGE, L [short]","VEST NH500 M CN BEIGE, L [short]",0,M,Green,48.11,GB-R4-U4,9
3608393935304,5728896,apparel,"TS RUN 900 M LIGHT MKTG F20A SS26, 2XL","TS RUN 900 M LIGHT MKTG F20A SS26, 2XL",0,M,Green,34.09,GB-R4-U5,5
3608409842701,4001363,apparel,"RAIN JACKET 120 M YELLOW PPE, M.","RAIN JACKET 120 M YELLOW PPE, M.",0,M,White,32.02,GB-R4-U6,8
3608439456992,2556249,apparel,"JACKET NH500 WP VENTIL GREY W, M","JACKET NH500 WP VENTIL GREY W, M",0,M,Grey,17.07,GB-R4-U7,11
3608429818830,2310995,apparel,RUNNING BEANIE GREY ADULT,RUNNING BEANIE GREY ADULT,0,OS,Grey,22.02,FR-01,9
3583788527596,569417,apparel,"Short F300 Sr SS15  Black, M","Short F300 Sr SS15  Black, M",0,M,Black,19.71,FR-02,12
3608439325533,4194316,apparel,"MH500 Jacket M Jacket BLK, 2XL","MH500 Jacket M Jacket BLK, 2XL",0,M,Teal,53.7,FR-03,5
3608439456954,2556252,apparel,"JACKET NH500 WP VENTIL GREY W, XL","JACKET NH500 WP VENTIL GREY W, XL",0,XL,Grey,22.26,FR-04,6
3608399864806,2141853,apparel,"SHORT DRY 500 M BLACK, 2XL","SHORT DRY 500 M BLACK, 2XL",0,M,Black,28.66,GF-R1-U1,6
3608439456961,2556248,apparel,"JACKET NH500 WP VENTIL GREY W, S","JACKET NH500 WP VENTIL GREY W, S",0,S,Grey,16.15,GF-R1-U2,12
3608429718130,2916653,apparel,"KIPRUN STRAP THIN SO, UK 5.5-6.5 EU39-40","KIPRUN STRAP THIN SO, UK 5.5-6.5 EU39-40",0,EU 39,Teal,58.61,GF-R1-U3,11
3608439320989,4083889,apparel,"PANTS NH500 REGULAR UK34\"" / FR 44 (L32)","PANTS NH500 REGULAR UK34"" / FR 44 (L32)",0,OS,Orange,50.83,GF-R1-U4,8
3608399826408,4074706,apparel,"Short Essential black, M","Short Essential black, M",0,M,Black,47.57,GF-R1-U5,6
3608399826422,4074701,apparel,"Short Essential navy, S","Short Essential navy, S",0,S,Navy,58.74,GF-R1-U6,9
3608409846426,2665037,apparel,"RAIN JACKET ROADR 900 LIGHT M Jacket, L","RAIN JACKET ROADR 900 LIGHT M Jacket, L",0,M,Navy,19.6,GF-R1-U7,7
3608439453366,2414535,apparel,"Overpant Raincut Black W, XL W35 L31","Overpant Raincut Black W, XL W35 L31",0,XL,Black,33.55,GF-R2-U1,10
3608449824224,2911232,apparel,"Ski Pant 180 W Black, UK 8 / FR 38","Ski Pant 180 W Black, UK 8 / FR 38",0,OS,Black,50.82,GF-R2-U2,7
3608390860272,5075733,apparel,"Short Run Dry 500 Black, UK 4-6 / EU XS","Short Run Dry 500 Black, UK 4-6 / EU XS",0,XS,Black,39.72,GF-R2-U3,6
3608439248245,4651990,apparel,"PANT MH100 MEN GREY, UK32\"" FR42 (L33)","PANT MH100 MEN GREY, UK32"" FR42 (L33)",0,OS,Grey,53.06,GF-R2-U4,8
3583787367537,4273423,apparel,"TRAVEL 500 LEGGINGS W B, UK 12-14 / EU L","TRAVEL 500 LEGGINGS W B, UK 12-14 / EU L",0,L,Blue,23.66,GF-R2-U5,12
3583784167468,4348305,apparel,"PANT ZIPOFF MH150 MEN, UK36\"" FR46 (L32)","PANT ZIPOFF MH150 MEN, UK36"" FR46 (L32)",0,OS,Black,40.53,GF-R2-U6,12
3583787236666,4870148,apparel,"UVLEGGING 100 M BLK ECO, S","UVLEGGING 100 M BLK ECO, S",0,M,Grey,33.78,GF-R2-U7,12
3608390495832,5014258,apparel,"SHORT RUN 500 M DRY GREEN, UK 34\"" / EU L","SHORT RUN 500 M DRY GREEN, UK 34"" / EU L",0,M,Green,47.8,GF-R3-U1,11
3583787367544,4273424,apparel,"TRAVEL 500 LEGGINGS W BLAC, UK 10 / EU M","TRAVEL 500 LEGGINGS W BLAC, UK 10 / EU M",0,M,Green,26.42,GF-R3-U2,6
3608439248252,4651988,apparel,"PANT MH100 MEN GREY, UK31\"" FR40 (L33)","PANT MH100 MEN GREY, UK31"" FR40 (L33)",0,OS,Grey,61.62,GF-R3-U3,8
3608390482559,5011478,apparel,"Tank Run Dry 590 Yellow B, UK 16 / EU XL","Tank Run Dry 590 Yellow B, UK 16 / EU XL",0,XL,Teal,22.22,GF-R3-U4,6
3608390118557,4049612,apparel,"KIPRUN LS CARE 2 BLACK, XL","KIPRUN LS CARE 2 BLACK, XL",0,XL,Black,40.12,GF-R3-U5,5
3608429645702,4302189,apparel,"JACKET WARM 500 WHITE L03B, S","JACKET WARM 500 WHITE L03B, S",0,S,White,31.24,GF-R3-U6,7
3608390281527,4899435,apparel,"Run500 thin MID X2 blue, 8.5-11 - 43/46","Run500 thin MID X2 blue, 8.5-11 - 43/46",0,OS,Blue,29.51,GF-R3-U7,9
3608390118540,4049611,apparel,"KIPRUN LS CARE 2 BLACK, S","KIPRUN LS CARE 2 BLACK, S",0,S,Black,15.01,GF-R4-U1,6
3608390118519,4049608,apparel,"KIPRUN LS CARE 2 BLACK, 2XL","KIPRUN LS CARE 2 BLACK, 2XL",0,XXL,Black,64.72,GF-R4-U2,11
3608439244292,4756883,apparel,"JACKET NH500 DDY BLACK M, XL (Chest 43\"")","JACKET NH500 DDY BLACK M, XL (Chest 43"")",0,M,Black,24.99,GF-R4-U3,6
3608390276424,4897619,apparel,"JACKET KIPRUN WARM BLUE H, UK 10 / FR 40","JACKET KIPRUN WARM BLUE H, UK 10 / FR 40",0,OS,Blue,22.38,GF-R4-U4,10
3608429644699,4925296,apparel,"T SHIRT RUN DRY 100 W Pink, UK 10 / EU M","T SHIRT RUN DRY 100 W Pink, UK 10 / EU M",0,M,Pink,26.41,GF-R4-U5,9
3608390271948,4896429,apparel,"TS ML 1/2 ZIP RUN 900 M WARM BLUE, M","TS ML 1/2 ZIP RUN 900 M WARM BLUE, M",0,M,Blue,40.35,GF-R4-U6,8
3608418907347,4109215,apparel,"Short Regular 100 Black M, L","Short Regular 100 Black M, L",0,M,Black,29.94,GF-R4-U7,5
3608390237272,4717737,apparel,"WIND JACKET WHITE, 2XL","WIND JACKET WHITE, 2XL",0,XXL,White,42.38,GB-R1-U1,10
3583784289160,4602906,apparel,"Ski Pant 500 W Black, UK 6 / FR 36","Ski Pant 500 W Black, UK 6 / FR 36",0,OS,Black,22.0,GB-R1-U2,9
3583787135617,4964346,apparel,Pant Ski & Snb 500 Protec W UK 8 / FR 38,Pant Ski & Snb 500 Protec W UK 8 / FR 38,0,OS,Green,15.97,GB-R1-U3,6
3608390789023,5084560,apparel,"SHORT MT500 DARK GREY M, UK 36\"" / FR 46","SHORT MT500 DARK GREY M, UK 36"" / FR 46",0,M,Grey,18.11,GB-R1-U4,9
3608391877415,5318320,apparel,"TANK RUN 500 M COMFORT GREY N11A, M","TANK RUN 500 M COMFORT GREY N11A, M",0,M,Grey,59.79,GB-R1-U5,7
3608391871857,5318310,apparel,"TANK RUN 500 M COMFORT BLUE H17B, M","TANK RUN 500 M COMFORT BLUE H17B, M",0,M,Blue,36.37,GB-R1-U6,8
3608390867356,5101382,apparel,"TS RUN 500 M DRY BLUE H17B, S","TS RUN 500 M DRY BLUE H17B, S",0,M,Blue,69.4,GB-R1-U7,7
3583787407615,4192719,apparel,"TRAVEL 900 W Shorts DARK B, UK 6 / FR 36","TRAVEL 900 W Shorts DARK B, UK 6 / FR 36",0,OS,Black,59.64,GB-R2-U1,8
3608392087790,5280440,apparel,"Run500 thin MID X2 GREEN, 2.5-5 - 35/38","Run500 thin MID X2 GREEN, 2.5-5 - 35/38",0,OS,Green,47.26,GB-R2-U2,9
3608391877347,5165701,apparel,"TANK RUN 900 M LIGHT WHITE N00A, M","TANK RUN 900 M LIGHT WHITE N00A, M",0,M,White,52.79,GB-R2-U3,9
3608391853013,5315595,apparel,"PANT RUN COOL 500, UK 39\"" / EU XL (L32)","PANT RUN COOL 500, UK 39"" / EU XL (L32)",0,XL,Teal,23.28,GB-R2-U4,7
3608391115166,5177609,apparel,"RUNNING VISOR V2 WHITE, No Size","RUNNING VISOR V2 WHITE, No Size",0,OS,White,59.27,GB-R2-U5,6
3608392466694,5448912,apparel,"MH500 LIGHT JKT, UK 12-14 / EU L [short]","MH500 LIGHT JKT, UK 12-14 / EU L [short]",0,L,Blue,15.36,GB-R2-U6,8
3608392467806,5448913,apparel,"MH500 LIGHT JKT W, UK 16 / EU XL [short]","MH500 LIGHT JKT W, UK 16 / EU XL [short]",0,XL,Blue,40.2,GB-R2-U7,9
3608392522178,5451504,apparel,"MH500 JACKET W, UK 12-14 / EU L [short]","MH500 JACKET W, UK 12-14 / EU L [short]",0,L,Black,15.02,GB-R3-U1,8
3608439228391,4747457,apparel,"MODUL PANTS MH500 W BE, UK6 / FR36 (L30)","MODUL PANTS MH500 W BE, UK6 / FR36 (L30)",0,OS,Black,34.95,GB-R3-U2,8
3608392034572,5334008,apparel,"SHORT RUN 500 W DRY GREEN, UK 10 / EU M","SHORT RUN 500 W DRY GREEN, UK 10 / EU M",0,M,Green,26.13,GB-R3-U3,9
3608390728008,5064911,apparel,"BSHORT BS100 15\"" SS24 HEA, UK 34\"" / EU L","BSHORT BS100 15"" SS24 HEA, UK 34"" / EU L",0,L,Navy,45.2,GB-R3-U4,6
3583787866900,4011248,apparel,"PANTS CARGO NH500 M BROW, UK 31\"" / FR 40","PANTS CARGO NH500 M BROW, UK 31"" / FR 40",0,M,Teal,25.19,GB-R3-U5,5
3583787866870,4011249,apparel,"PANTS CARGO NH500 M BROW, UK 32\"" / FR 42","PANTS CARGO NH500 M BROW, UK 32"" / FR 42",0,M,Teal,24.85,GB-R3-U6,7
3608392727849,5502390,apparel,"JKT ANTI-UV 500, UK 12-14 / EU L [short]","JKT ANTI-UV 500, UK 12-14 / EU L [short]",0,L,Orange,45.71,GB-R3-U7,12
3608392727412,5502442,apparel,"JKT ANTI-UV 500 W, UK 16 / EU XL [short]","JKT ANTI-UV 500 W, UK 16 / EU XL [short]",0,XL,Orange,20.2,GB-R4-U1,9
3608392398278,5436143,apparel,"PANTS CARGO MODUL NH500, UK 34\"" / FR 44","PANTS CARGO MODUL NH500, UK 34"" / FR 44",0,OS,Pink,53.78,GB-R4-U2,8
3608439282102,4235356,apparel,"SHORTS NH100 W GREY, UK 14 / FR 44","SHORTS NH100 W GREY, UK 14 / FR 44",0,OS,Grey,54.13,GB-R4-U3,6
3608390686179,5058151,apparel,"SHORTS MH100 M DARK BEIG, UK 34\"" / FR 44","SHORTS MH100 M DARK BEIG, UK 34"" / FR 44",0,M,Red,26.09,GB-R4-U4,5
3608392475757,5449805,apparel,"LONG SHORTS MH500 BLACK, UK 32\"" / FR 42","LONG SHORTS MH500 BLACK, UK 32"" / FR 42",0,OS,Black,67.46,GB-R4-U5,11
3583787884614,4011348,apparel,"PANT NH500 CARGO MODUL KH UK 29\"" / FR 38","PANT NH500 CARGO MODUL KH UK 29"" / FR 38",0,OS,Navy,17.72,GB-R4-U6,6
3608391773120,5274023,apparel,"TANK RUN 900 W LIGHT WHIT, UK 6-8 / EU S","TANK RUN 900 W LIGHT WHIT, UK 6-8 / EU S",0,S,Pink,52.64,GB-R4-U7,8
3608392400742,5436271,apparel,"JACKET FULL ZIP NH100 M NAVY, XL","JACKET FULL ZIP NH100 M NAVY, XL",0,M,Navy,16.14,FR-01,9
3583787105290,4786047,apparel,"SHORT MT500 PURPLE W, UK 8 / FR 38","SHORT MT500 PURPLE W, UK 8 / FR 38",0,OS,Grey,48.35,FR-02,6
3583787105337,4786046,apparel,"SHORT MT500 PURPLE W, UK 6 / FR 36","SHORT MT500 PURPLE W, UK 6 / FR 36",0,OS,White,28.2,FR-03,6
3608391777128,5274552,apparel,"LONG TIGHT RUN 500, UK 4-6 / EU XS (L28)","LONG TIGHT RUN 500, UK 4-6 / EU XS (L28)",0,XS,Green,24.81,FR-04,5
3608391893620,5317110,apparel,"PANTS MH500 LIGHT M, UK32\"" / FR 42 (L31)","PANTS MH500 LIGHT M, UK32"" / FR 42 (L31)",0,M,Black,19.92,GF-R1-U1,7
3608391777203,5274561,apparel,"LONG TIGHT RUN 50, UK 14-16 / EU XL(L29)","LONG TIGHT RUN 50, UK 14-16 / EU XL(L29)",0,XL,Blue,53.56,GF-R1-U2,9
3608392253522,5407692,apparel,"TS RUN 900 M ULTRA N13A PRINT, L","TS RUN 900 M ULTRA N13A PRINT, L",0,M,Green,45.94,GF-R1-U3,10
3608390765867,5075695,apparel,"Short Run Dry 500 PURPL, UK 12-14 / EU L","Short Run Dry 500 PURPL, UK 12-14 / EU L",0,L,Teal,24.15,GF-R1-U4,11
3608391881931,5318714,apparel,"SHORT RUN 500 M COMFORT KHAKI J28B, L","SHORT RUN 500 M COMFORT KHAKI J28B, L",0,M,Pink,60.83,GF-R1-U5,9
3608393144423,4866417,apparel,"PANTS NH100 M GREY, UK31\"" / FR 40 (L33)","PANTS NH100 M GREY, UK31"" / FR 40 (L33)",0,M,Grey,27.01,GF-R1-U6,12
3608429656333,4681388,apparel,"T SHIRT RUN DRY M RED E08C, L","T SHIRT RUN DRY M RED E08C, L",0,M,Red,43.01,GF-R1-U7,10
3608391907464,5326903,apparel,"TANK RUN 500 W COMFORT, UK16-18 / EU XL","TANK RUN 500 W COMFORT, UK16-18 / EU XL",0,XL,Black,25.06,GF-R2-U1,10
3608391563868,5206009,apparel,"RUNNING HEADBAND V2 ASIA colo 3, No Size","RUNNING HEADBAND V2 ASIA colo 3, No Size",0,OS,Grey,55.82,GF-R2-U2,6
3583787884553,4011352,apparel,"PANT NH500 CARGO MODUL KH UK 36\"" / FR 46","PANT NH500 CARGO MODUL KH UK 36"" / FR 46",0,OS,Green,26.08,GF-R2-U3,7
3608391832391,5274076,apparel,"TANK RUN 900 W LIGHT PINK, UK 16 / EU XL","TANK RUN 900 W LIGHT PINK, UK 16 / EU XL",0,XL,Pink,45.56,GF-R2-U4,11
3608391832353,5274072,apparel,"TANK RUN 900 W LIGHT PIN, UK 4-6 / EU XS","TANK RUN 900 W LIGHT PIN, UK 4-6 / EU XS",0,XS,Teal,42.71,GF-R2-U5,9
3608391958015,5318274,apparel,"TANK RUN 900 M REPLIKA WLS A11A, M","TANK RUN 900 M REPLIKA WLS A11A, M",0,M,Black,65.28,GF-R2-U6,7
3608391874933,5317811,apparel,"TS RUN 900 M LIGHT GREEN L22A A24A N0, L","TS RUN 900 M LIGHT GREEN L22A A24A N0, L",0,M,Green,27.99,GF-R2-U7,8
3608392490255,5451383,apparel,"ANTI UV KNIT 500 JKT M CN LIG, L [short]","ANTI UV KNIT 500 JKT M CN LIG, L [short]",0,M,Pink,56.02,GF-R3-U1,11
3608392775079,5493274,apparel,"TS RUN 500 W CROP, UK 6-8 / EU S [short]","TS RUN 500 W CROP, UK 6-8 / EU S [short]",0,S,Green,66.59,GF-R3-U2,10
3608391874919,5317809,apparel,"TS RUN 900 M LIGHT GREEN L22A A24A N0, S","TS RUN 900 M LIGHT GREEN L22A A24A N0, S",0,M,Green,47.15,GF-R3-U3,8
3608390405817,4998769,apparel,"WIND JACKET TRAIL M BLUE G17C, S .","WIND JACKET TRAIL M BLUE G17C, S .",0,M,Blue,27.56,GF-R3-U4,9
3608439293153,4484568,apparel,"PANTS MH100 NAVY WOMEN, UK6 / FR36 (L28)","PANTS MH100 NAVY WOMEN, UK6 / FR36 (L28)",0,OS,Navy,19.03,GF-R3-U5,10
3608392768637,5512647,apparel,"SKIRT 2IN1 RUN 500 W BLA, UK 4-6 - EU XS","SKIRT 2IN1 RUN 500 W BLA, UK 4-6 - EU XS",0,XS,Teal,41.52,GF-R3-U6,12
3608391641993,5225377,apparel,"PANT RUN DRY 500 W CN, UK14-16 / XL(L29)","PANT RUN DRY 500 W CN, UK14-16 / XL(L29)",0,XL,White,27.14,GF-R3-U7,10
3608391777609,5274641,apparel,"3/4 TIGHT RUN 500, UK 4-6 / EU XS (L30)","3/4 TIGHT RUN 500, UK 4-6 / EU XS (L30)",0,XS,Teal,57.05,GF-R4-U1,10
3608390626946,5042466,apparel,"JACKET NH500 DARK GREY GREEN MAN, L","JACKET NH500 DARK GREY GREEN MAN, L",0,L,Grey,44.02,GF-R4-U2,7
3608391672225,5216583,apparel,"T SHIRT RUN 500 M COOL DRY CN WHITE, XL","T SHIRT RUN 500 M COOL DRY CN WHITE, XL",0,M,White,24.18,GF-R4-U3,5
3608391672010,5216588,apparel,"T SHIRT RUN 500 M DRY CN N07A BLACK, M .","T SHIRT RUN 500 M DRY CN N07A BLACK, M .",0,M,Black,15.13,GF-R4-U4,9
3608390303410,4944712,apparel,"SHORT TIGHT COMFORT 2 TR, UK 37\"" / EU XL","SHORT TIGHT COMFORT 2 TR, UK 37"" / EU XL",0,XL,White,59.51,GF-R4-U5,8
3608390302185,4944709,apparel,"SHORT TIGHT COMFORT 2 TRA, UK 30\"" / EU S","SHORT TIGHT COMFORT 2 TRA, UK 30"" / EU S",0,S,Teal,51.37,GF-R4-U6,7
3608392793325,5518204,apparel,"CROP RACE RUN 1200 W BLAC, UK 16 / EU XL","CROP RACE RUN 1200 W BLAC, UK 16 / EU XL",0,XL,Grey,28.27,GF-R4-U7,9
3608429732860,2906023,apparel,"WATERPROOF JACKET TRAIL M M Jacket, 2XL","WATERPROOF JACKET TRAIL M M Jacket, 2XL",0,M,Black,48.0,GB-R1-U1,10
3608429656340,4681391,apparel,"T SHIRT RUN DRY M RED E08C, 3XL","T SHIRT RUN DRY M RED E08C, 3XL",0,M,Red,22.35,GB-R1-U2,6
3583787169544,4774033,apparel,"BSHORT BS100 15\"" ECO PA, UK 41\"" / EU 2XL","BSHORT BS100 15"" ECO PA, UK 41"" / EU 2XL",0,XXL,Teal,50.54,GB-R1-U3,9
3608392692673,5493419,apparel,"SHORT TANK RUN, UK 12-14 / EU L [short]","SHORT TANK RUN, UK 12-14 / EU L [short]",0,L,Blue,47.4,GB-R1-U4,10
3608391907457,5326902,apparel,"TANK RUN 500 W COMFORT, UK12 - 14 / EU L","TANK RUN 500 W COMFORT, UK12 - 14 / EU L",0,L,Orange,30.89,GB-R1-U5,6
3583787465660,4297497,apparel,"Short Regular 500 Black, UK 37\"" / EU XL","Short Regular 500 Black, UK 37"" / EU XL",0,XL,Black,44.46,GB-R1-U6,8
3608392095009,5326917,apparel,"SHORT RUN 900 W LIGHT NAVY, UK 10 / EU M","SHORT RUN 900 W LIGHT NAVY, UK 10 / EU M",0,M,Navy,33.49,GB-R1-U7,6
3608391901936,5319240,apparel,"SHORT TANK RUN 500 W DRY G, UK 10 / EU M","SHORT TANK RUN 500 W DRY G, UK 10 / EU M",0,M,Pink,41.92,GB-R2-U1,11
3608391877743,5318679,apparel,"SHORT RUN 500 M COMFORT KHAKI J25A, S","SHORT RUN 500 M COMFORT KHAKI J25A, S",0,M,Blue,17.0,GB-R2-U2,12
3608391877750,5318680,apparel,"SHORT RUN 500 M COMFORT KHAKI J25A, M","SHORT RUN 500 M COMFORT KHAKI J25A, M",0,M,Pink,57.39,GB-R2-U3,11
3608390276431,4897620,apparel,"JACKET KIPRUN WARM BLUE H, UK 12 / FR 42","JACKET KIPRUN WARM BLUE H, UK 12 / FR 42",0,OS,Blue,21.46,GB-R2-U4,8
3608392881442,5528652,apparel,"WATER TEE SHIRT UV PRINT M LS FLOWER, XL","WATER TEE SHIRT UV PRINT M LS FLOWER, XL",0,M,White,33.34,GB-R2-U5,5
3608390714780,4897946,apparel,"SCRUNCHY PINK, No Size","SCRUNCHY PINK, No Size",0,OS,Pink,17.97,GB-R2-U6,9
3608391191993,5194615,apparel,"JACKET RUN 900 M WARM REGUL BLACK YE, XL","JACKET RUN 900 M WARM REGUL BLACK YE, XL",0,M,Black,16.52,GB-R2-U7,8
3608392933790,5474680,apparel,"JACKET RUN 900 M WARM REGUL PURPLE, 2XL","JACKET RUN 900 M WARM REGUL PURPLE, 2XL",0,M,Blue,23.65,GB-R3-U1,9
3608392933752,5474676,apparel,"JACKET RUN 900 M WARM REGUL PURPLE G1, S","JACKET RUN 900 M WARM REGUL PURPLE G1, S",0,M,Blue,49.12,GB-R3-U2,8
3608390174140,4428324,apparel,"LONG TIGHT KIPRUN, UK 14-16 / EU XL(L29)","LONG TIGHT KIPRUN, UK 14-16 / EU XL(L29)",0,XL,Blue,22.11,GB-R3-U3,9
3608392929595,5334846,apparel,"JACKET RUN 100 M WARM BLACK, 2XL [short]","JACKET RUN 100 M WARM BLACK, 2XL [short]",0,M,Black,35.75,GB-R3-U4,11
3608392778124,5515045,apparel,"CN FTA 520 GS PIN, UK 6-8 / EU S [short]","CN FTA 520 GS PIN, UK 6-8 / EU S [short]",0,S,Blue,67.25,GB-R3-U5,11
3608392908132,5477590,apparel,"LS TS RUN 500 W G, UK 6-8 / EU S [short]","LS TS RUN 500 W G, UK 6-8 / EU S [short]",0,S,Red,23.35,GB-R3-U6,10
3608439322341,4009647,apparel,"SHORT NH500 REG BLACK W, UK 10 / FR 40","SHORT NH500 REG BLACK W, UK 10 / FR 40",0,OS,Black,64.22,GB-R3-U7,7
3608392087721,5280724,apparel,"Run900 thin inv. 2025 white, 4-5 - 37/38","Run900 thin inv. 2025 white, 4-5 - 37/38",0,OS,White,69.02,GB-R4-U1,10
3608392600487,5483940,apparel,"TS TRAVEL 500 WOOL, UK 10 / EU M [short]","TS TRAVEL 500 WOOL, UK 10 / EU M [short]",0,M,Red,27.1,GB-R4-U2,8
3583787405871,4156014,apparel,"SHORTS MT500 KHAKI W, UK 6 / FR 36","SHORTS MT500 KHAKI W, UK 6 / FR 36",0,OS,Green,27.03,GB-R4-U3,10
3583787197691,4899191,apparel,"UVLEG100L SS23 W Legging NAVY, XS","UVLEG100L SS23 W Legging NAVY, XS",0,XS,Navy,29.35,GB-R4-U4,7
3608391756338,5177910,apparel,"Endurance 2 short W black, UK 10 / EU M","Endurance 2 short W black, UK 10 / EU M",0,M,Black,21.71,GB-R4-U5,7
3608392096006,5305735,apparel,"TANK RUN 100 W GREY, UK 12-14 / EU L","TANK RUN 100 W GREY, UK 12-14 / EU L",0,L,Grey,61.01,GB-R4-U6,9
3608392394928,5435358,apparel,"CN BOARDSHORT TINI PALM B, UK 14 - FR 44","CN BOARDSHORT TINI PALM B, UK 14 - FR 44",0,OS,Pink,20.78,GB-R4-U7,7
3608391930295,5330564,apparel,"Short Viralto Kids Roa, 5-6years/3\'7\""-4\'","Short Viralto Kids Roa, 5-6years/3'7""-4'",0,OS,Navy,26.57,FR-01,9
3608439313035,4264190,apparel,"JACKET WARM SH500 W BLAC, UK12-14 / EU L","JACKET WARM SH500 W BLAC, UK12-14 / EU L",0,L,White,67.06,FR-02,9
3608393089465,5579505,apparel,"JACKET 3IN1 SH500 M, S [short]","JACKET 3IN1 SH500 M, S [short]",0,M,Pink,44.26,FR-03,5
3608439249334,4757792,apparel,"JACKET MH500 M KAKI, 2XL","JACKET MH500 M KAKI, 2XL",0,M,Navy,15.04,FR-04,9
3583787866894,4011247,apparel,"PANTS CARGO NH500 M BROW, UK 29\"" / FR 38","PANTS CARGO NH500 M BROW, UK 29"" / FR 38",0,M,Black,21.49,GF-R1-U1,6
3608392509056,5456412,apparel,"VEST NH500 M CN BEIGE, M [short]","VEST NH500 M CN BEIGE, M [short]",0,M,White,67.19,GF-R1-U2,11
3608391903589,5325329,apparel,"SHORT TIGHT RUN 50, UK 18-20 / EU  (L31)","SHORT TIGHT RUN 50, UK 18-20 / EU  (L31)",0,OS,Pink,61.33,GF-R1-U3,6
3608393537737,5686253,apparel,"TANK RUN 900 W LIGHT PRIN, UK 6-8 / EU S","TANK RUN 900 W LIGHT PRIN, UK 6-8 / EU S",0,S,Teal,15.68,GF-R1-U4,7
3608393537720,5686252,apparel,"TANK RUN 900 W LIGHT PRI, UK 4-6 / EU XS","TANK RUN 900 W LIGHT PRI, UK 4-6 / EU XS",0,XS,White,16.89,GF-R1-U5,8
3583783964068,2897448,apparel,"TRAINING PANT T100 SS20 B, XL / W37 L32.","TRAINING PANT T100 SS20 B, XL / W37 L32.",0,XL,Grey,30.35,GF-R1-U6,11
3608399826415,4074702,apparel,"Short Essential navy, XL","Short Essential navy, XL",0,XL,Navy,52.29,GF-R1-U7,11
3608419084504,2755809,apparel,"FST 900 W Shorts BLK, S","FST 900 W Shorts BLK, S",0,S,Blue,21.89,GF-R2-U1,8
3608399826477,4074699,apparel,"Short Essential navy, L","Short Essential navy, L",0,L,Navy,21.81,GF-R2-U2,5
3608449915588,885264,apparel,"SIMPLE WARM PANT JR BLACK P, AGE 12","SIMPLE WARM PANT JR BLACK P, AGE 12",0,OS,Black,22.37,GF-R2-U3,12
3583783964037,2897442,apparel,"TRAINING PANT T100 SS20 BL, L / W34 L32.","TRAINING PANT T100 SS20 BL, L / W34 L32.",0,L,Black,15.7,GF-R2-U4,8
3608429804642,2504729,apparel,"TANK RUN DRY M BLACK, 2XL","TANK RUN DRY M BLACK, 2XL",0,M,Black,65.06,GF-R2-U5,11
3608429709497,4044227,apparel,"TS LS KIPRUN SKINCARE GREY, 2XL","TS LS KIPRUN SKINCARE GREY, 2XL",0,XXL,Grey,21.3,GF-R2-U6,11
3608429813668,2345433,apparel,SLEEVELESS RUN WARM BLACK UK 8 / FR 38,SLEEVELESS RUN WARM BLACK UK 8 / FR 38,0,OS,Black,45.53,GF-R2-U7,5
3583783904385,2752705,apparel,"TIGHT RUN WARM W BLACK, XS / W26 L28","TIGHT RUN WARM W BLACK, XS / W26 L28",0,XS,Black,53.65,GF-R3-U1,11
3608439325571,4194321,apparel,"MH500 Jacket M Jacket BLK, S","MH500 Jacket M Jacket BLK, S",0,M,Pink,32.52,GF-R3-U2,6
3583787870204,2942443,apparel,"SHORT F100 BLACK New, 123-130CM 7-8Y","SHORT F100 BLACK New, 123-130CM 7-8Y",0,OS,Black,17.02,GF-R3-U3,10
3608399864844,2141858,apparel,"SHORT DRY 500 M BLACK, XL","SHORT DRY 500 M BLACK, XL",0,M,Black,15.63,GF-R3-U4,8
3608429814870,2342374,apparel,JACKET SL RUN WARM+ BLACK M,JACKET SL RUN WARM+ BLACK M,0,M,Black,29.39,GF-R3-U5,5
3583787838884,2721347,apparel,"UVLEG100L SS20 W Leggings BLK, L","UVLEG100L SS20 W Leggings BLK, L",0,L,Grey,23.95,GF-R3-U6,9
3608429812661,2349629,apparel,"LONGTIGHT KIPRUN COMPR, 80-90kg/>177cm","LONGTIGHT KIPRUN COMPR, 80-90kg/>177cm",0,OS,Red,45.23,GF-R3-U7,11
3608429727903,2763162,apparel,Long-Sleeve T-Shirt,러닝 긴팔 티셔츠 런 드라이 플러스 - 그레이 블랙 L,1,L,Black,60.82,GF-R4-U1,11
3608439456978,2556247,apparel,"JACKET NH500 WP VENTIL GREY W, XS","JACKET NH500 WP VENTIL GREY W, XS",0,XS,Grey,26.33,GF-R4-U2,8
3608418968300,2699244,apparel,"FST 120 STRETCH M Shorts BLK, M","FST 120 STRETCH M Shorts BLK, M",0,M,Blue,20.53,GF-R4-U3,9
3583783904378,2752703,apparel,"TIGHT RUN WARM W BLACK, XL / W35 L29","TIGHT RUN WARM W BLACK, XL / W35 L29",0,XL,Black,18.31,GF-R4-U4,8
3608439320880,4083883,apparel,"PANTS NH500 REGULAR UK29\"" / FR 38 (L30)","PANTS NH500 REGULAR UK29"" / FR 38 (L30)",0,OS,Blue,58.4,GF-R4-U5,5
3608449915595,885261,apparel,"SIMPLE WARM PANT JR BLACK P, AGE 10","SIMPLE WARM PANT JR BLACK P, AGE 10",0,OS,Black,18.76,GF-R4-U6,9
3608439453243,2414532,apparel,"Overpant Raincut Black W, S W28 L31","Overpant Raincut Black W, S W28 L31",0,S,Black,61.61,GF-R4-U7,7
3608439367168,2755540,apparel,"PANT NH100 KAKI W, UK10 / FR40 (L31)","PANT NH100 KAKI W, UK10 / FR40 (L31)",0,OS,Teal,32.18,GB-R1-U1,9
3608419084474,2755811,apparel,"FST 900 W Shorts BLK, XS","FST 900 W Shorts BLK, XS",0,XS,Red,47.34,GB-R1-U2,9
3608418968317,2699245,apparel,"FST 120 STRETCH M Shorts BLK, S","FST 120 STRETCH M Shorts BLK, S",0,M,Orange,24.01,GB-R1-U3,8
3608429657859,4826160,apparel,"JACKET RUN WIND HOOD M B, XL (Chest 43\"")","JACKET RUN WIND HOOD M B, XL (Chest 43"")",0,M,Navy,64.72,GB-R1-U4,8
3608399851127,2726079,apparel,"SHORT DRY 500 M NAVY, M","SHORT DRY 500 M NAVY, M",0,M,Navy,65.09,GB-R1-U5,10
3583787866948,2959114,apparel,"SHORT NH900 GREY HOMME, UK 38 - EU 46","SHORT NH900 GREY HOMME, UK 38 - EU 46",0,3XL,Grey,17.52,GB-R1-U6,5
3583784167437,4348299,apparel,"PANT ZIPOFF MH150 MEN, UK31\"" FR40 (L31)","PANT ZIPOFF MH150 MEN, UK31"" FR40 (L31)",0,OS,Navy,26.77,GB-R1-U7,10
3583784167444,4348301,apparel,"PANT ZIPOFF MH150 MEN, UK32\"" FR42 (L31)","PANT ZIPOFF MH150 MEN, UK32"" FR42 (L31)",0,OS,Grey,39.45,GB-R2-U1,11
3608429651543,4702041,apparel,"Pant Dry 100 M BLUE G19B, 32\"" / M (L31)","Pant Dry 100 M BLUE G19B, 32"" / M (L31)",0,M,Blue,33.31,GB-R2-U2,10
3608429651567,4702048,apparel,"Pant Dry 100 M BLUE G19, 41\"" / 2XL (L32)","Pant Dry 100 M BLUE G19, 41"" / 2XL (L32)",0,M,Blue,63.02,GB-R2-U3,7
3583784271769,4144243,apparel,"Ski Pant 180 W White new, UK 20 / FR 50","Ski Pant 180 W White new, UK 20 / FR 50",0,OS,White,57.08,GB-R2-U4,5
3608439250040,4698043,apparel,"PANTS NH100 DARK GREY UK39\"" FR48 (L34)","PANTS NH100 DARK GREY UK39"" FR48 (L34)",0,OS,Grey,48.49,GB-R2-U5,9
3608390515851,5024758,apparel,"CLASSIC RUNNING BRA BLUE G17C, S CD","CLASSIC RUNNING BRA BLUE G17C, S CD",0,S,Blue,52.19,GB-R2-U6,9
3608390515806,5024753,apparel,"CLASSIC RUNNING BRA BLUE G17C, XS AB","CLASSIC RUNNING BRA BLUE G17C, XS AB",0,XS,Blue,43.49,GB-R2-U7,8
3608429651314,4716848,apparel,"SHORT RUN DRY+ M GREY N04, UK 34\"" / EU L","SHORT RUN DRY+ M GREY N04, UK 34"" / EU L",0,M,Grey,21.38,GB-R3-U1,7
3583784077248,4172609,apparel,"Run900 THICK MID 21 bl, UK 5.5-8 EU39-42","Run900 THICK MID 21 bl, UK 5.5-8 EU39-42",0,EU 39,Green,28.08,GB-R3-U2,5
3608390281022,4898486,apparel,"Run500 thick mid X2 purpl, 5.5-8 - 39/42","Run500 thick mid X2 purpl, 5.5-8 - 39/42",0,OS,Black,57.05,GB-R3-U3,5
3608390315055,4977379,apparel,"3/4 TIGHT RUN DRY 100 M, UK 34\"" / EU L","3/4 TIGHT RUN DRY 100 M, UK 34"" / EU L",0,M,Navy,21.76,GB-R3-U4,8
3608390495849,5014259,apparel,"SHORT RUN 500 M DRY GREE, UK 37\"" / EU XL","SHORT RUN 500 M DRY GREE, UK 37"" / EU XL",0,M,Green,20.87,GB-R3-U5,8
3608390281503,4899433,apparel,"Run500 thin MID X2 blue, 2.5-5 - 35/38","Run500 thin MID X2 blue, 2.5-5 - 35/38",0,OS,Blue,20.31,GB-R3-U6,9
3583784213769,4578148,apparel,"Pants 100 REG W Black, UK6-8 / S (L31)","Pants 100 REG W Black, UK6-8 / S (L31)",0,S,Black,19.06,GB-R3-U7,6
3608439248030,4651986,apparel,"PANT MH100 MEN GREY, UK29\"" FR38 (L33)","PANT MH100 MEN GREY, UK29"" FR38 (L33)",0,OS,Grey,16.5,GB-R4-U1,6
3608439249983,4833704,apparel,"OVERPANT NH500 BLACK DD, 41\"" / 2XL (L34)","OVERPANT NH500 BLACK DD, 41"" / 2XL (L34)",0,XXL,Black,32.89,GB-R4-U2,6
3608418865210,4404557,apparel,"Short 2 in 1 BLACK, M","Short 2 in 1 BLACK, M",0,M,Black,47.42,GB-R4-U3,10
3608429648239,4702115,apparel,"Pant Dry 500 M BEIGE K03A, 34\"" / L (L32)","Pant Dry 500 M BEIGE K03A, 34"" / L (L32)",0,M,Green,17.39,GB-R4-U4,10
3583787641590,4072653,apparel,"T-Shirt Gym M 100 Sportee Grey, XL","T-Shirt Gym M 100 Sportee Grey, XL",0,M,Grey,20.93,GB-R4-U5,7
3608390814749,5042747,apparel,"JACKET RAINCUT FULLZIP BLACK MAN, L","JACKET RAINCUT FULLZIP BLACK MAN, L",0,L,Black,46.86,GB-R4-U6,8
3608419084481,2755810,apparel,"FST 900 W Shorts BLK, XL","FST 900 W Shorts BLK, XL",0,XL,Green,26.67,GB-R4-U7,8
3608390279685,4898470,apparel,"Run500 thick mid X2 black, 12-14 - 47/50","Run500 thick mid X2 black, 12-14 - 47/50",0,OS,Black,17.34,FR-01,9
3608418855228,4313873,apparel,"Jacket 100 BLACK, L (Chest 39\"")","Jacket 100 BLACK, L (Chest 39"")",0,L,Black,41.11,FR-02,8
3608439350368,4019533,apparel,"Jacket MH150 MAN BLUE, XL","Jacket MH150 MAN BLUE, XL",0,XL,Blue,48.47,FR-03,10
3608439366932,4043973,apparel,"PANT NH100 BLACK W, UK6 / FR36 (L30)","PANT NH100 BLACK W, UK6 / FR36 (L30)",0,OS,Black,54.83,FR-04,11
3608390271955,4896430,apparel,"TS ML 1/2 ZIP RUN 900 M WARM BLUE, L","TS ML 1/2 ZIP RUN 900 M WARM BLUE, L",0,M,Blue,21.69,GF-R1-U1,7
3583784226066,4272522,apparel,"JACKET WARM SH500 M BLAC, XL (Chest 43\"")","JACKET WARM SH500 M BLAC, XL (Chest 43"")",0,M,White,19.45,GF-R1-U2,8
3608390271979,4896432,apparel,"TS ML 1/2 ZIP RUN 900 M WARM BLUE, 2XL","TS ML 1/2 ZIP RUN 900 M WARM BLUE, 2XL",0,M,Blue,45.29,GF-R1-U3,7
3608439313042,4264192,apparel,"JACKET WARM SH500 W BLACK, UK8 / EU S","JACKET WARM SH500 W BLACK, UK8 / EU S",0,S,Black,54.86,GF-R1-U4,11
3608390237265,4717736,apparel,"WIND JACKET WHITE, XL","WIND JACKET WHITE, XL",0,XL,White,39.68,GF-R1-U5,9
3608390908004,5117914,apparel,"JACKET RAINCUT 1/2 ZIP BLACK  MAN 20, XL","JACKET RAINCUT 1/2 ZIP BLACK  MAN 20, XL",0,XL,Black,24.7,GF-R1-U6,7
3608391011048,5102886,apparel,Pant Ski & Snb 100 W Ice B UK 10 / FR 40,Pant Ski & Snb 100 W Ice B UK 10 / FR 40,0,OS,Pink,56.32,GF-R1-U7,8
3608390237234,4717733,apparel,"WIND JACKET WHITE, S","WIND JACKET WHITE, S",0,S,White,22.92,GF-R2-U1,5
3583784267526,4533421,apparel,"JACKET WARM SH100 TW, 8-9years/4\'3\""-4\'6","JACKET WARM SH100 TW, 8-9years/4'3""-4'6",0,OS,Grey,30.11,GF-R2-U2,10
3608429644736,4925298,apparel,"T SHIRT RUN DRY 100 W Pin, UK 16 / EU XL","T SHIRT RUN DRY 100 W Pin, UK 16 / EU XL",0,XL,Pink,61.15,GF-R2-U3,7
3608429644750,4925299,apparel,"T SHIRT RUN DRY 100 W, UK 18-20 / EU 2XL","T SHIRT RUN DRY 100 W, UK 18-20 / EU 2XL",0,XXL,Pink,25.46,GF-R2-U4,7
3608418855105,4313875,apparel,"Jacket 100 BLACK, XL (Chest 43\"")","Jacket 100 BLACK, XL (Chest 43"")",0,XL,Black,15.83,GF-R2-U5,5
3608390789016,5084559,apparel,"SHORT MT500 DARK GREY M, UK 34\"" / FR 44","SHORT MT500 DARK GREY M, UK 34"" / FR 44",0,M,Grey,26.74,GF-R2-U6,9
3608391877422,5318321,apparel,"TANK RUN 500 M COMFORT GREY N11A, L","TANK RUN 500 M COMFORT GREY N11A, L",0,M,Grey,64.92,GF-R2-U7,11
3608391877408,5318319,apparel,"TANK RUN 500 M COMFORT GREY N11A, S","TANK RUN 500 M COMFORT GREY N11A, S",0,M,Grey,15.41,GF-R3-U1,6
3608391871864,5318311,apparel,"TANK RUN 500 M COMFORT BLUE H17B, L","TANK RUN 500 M COMFORT BLUE H17B, L",0,M,Blue,46.43,GF-R3-U2,9
3608391872083,5317593,apparel,"TS RUN 500 M DRY KHAKI J25A, 2XL","TS RUN 500 M DRY KHAKI J25A, 2XL",0,M,Black,21.68,GF-R3-U3,11
3608429652182,4681379,apparel,"T SHIRT RUN DRY M GREY N11A, L","T SHIRT RUN DRY M GREY N11A, L",0,M,Grey,61.72,GF-R3-U4,8
3608391553852,5205431,apparel,"PANT RUN 100 M DR, UK 48\"" / EU 3XL (L32)","PANT RUN 100 M DR, UK 48"" / EU 3XL (L32)",0,M,Green,32.76,GF-R3-U5,6
3608391878139,5318668,apparel,"SHORT RUN 500 M COMFORT BLUE H17B, S","SHORT RUN 500 M COMFORT BLUE H17B, S",0,M,Blue,60.15,GF-R3-U6,8
3608439249372,4757788,apparel,"JACKET MH500 M KAKI, S","JACKET MH500 M KAKI, S",0,M,Red,18.48,GF-R3-U7,6
3608391853037,5315597,apparel,"PANT RUN COOL 500, UK 43\"" / EU 2XL (L32)","PANT RUN COOL 500, UK 43"" / EU 2XL (L32)",0,XXL,Black,65.02,GF-R4-U1,10
3608392986680,5524716,apparel,"TS RUN 500 M ANTI-UV White, XL [short]","TS RUN 500 M ANTI-UV White, XL [short]",0,M,White,52.5,GF-R4-U2,9
3608439249488,4757769,apparel,"JACKET MH500 M ORANGE, M","JACKET MH500 M ORANGE, M",0,M,Orange,44.34,GF-R4-U3,5
3608391641986,5225376,apparel,"PANT RUN DRY 500 W CN, UK12-14 / L (L29)","PANT RUN DRY 500 W CN, UK12-14 / L (L29)",0,L,White,62.55,GF-R4-U4,9
3608392522154,5451502,apparel,"MH500 JACKET W CN, UK 6-8 / EU S [short]","MH500 JACKET W CN, UK 6-8 / EU S [short]",0,S,Green,16.36,GF-R4-U5,8
3608390728015,5064912,apparel,"BSHORT BS100 15\"" SS24 HE, UK 37\"" / EU XL","BSHORT BS100 15"" SS24 HE, UK 37"" / EU XL",0,XL,Navy,23.65,GF-R4-U6,8
3583783851658,2466963,apparel,"PANT NH500 REG GREY W, UK4 / FR34 (L28)","PANT NH500 REG GREY W, UK4 / FR34 (L28)",0,OS,Grey,62.87,GF-R4-U7,8
3608393144409,4866415,apparel,"PANTS NH100 M GREY, UK29\"" / FR 38 (L33)","PANTS NH100 M GREY, UK29"" / FR 38 (L33)",0,M,Grey,22.09,GB-R1-U1,7
3608391641962,5225374,apparel,"PANT RUN DRY 500 W CN, UK6-8 / S (L29)","PANT RUN DRY 500 W CN, UK6-8 / S (L29)",0,S,Navy,26.85,GB-R1-U2,6
3608392039843,5367650,apparel,"SHORT RUN 500 W DRY BLUE H, UK 10 - EU M","SHORT RUN 500 W DRY BLUE H, UK 10 - EU M",0,M,Blue,53.65,GB-R1-U3,9
3608392095405,5305731,apparel,"TANK RUN 100 W GREY, UK 6-8 / EU S","TANK RUN 100 W GREY, UK 6-8 / EU S",0,S,Grey,67.23,GB-R1-U4,6
3608392727832,5502389,apparel,"JKT ANTI-UV 500 W, UK 10 / EU M [short]","JKT ANTI-UV 500 W, UK 10 / EU M [short]",0,M,Blue,16.59,GB-R1-U5,8
3608392475764,5449806,apparel,"LONG SHORTS MH500 BLACK, UK 34\"" / FR 44","LONG SHORTS MH500 BLACK, UK 34"" / FR 44",0,OS,Black,51.44,GB-R1-U6,5
3608439282089,4235352,apparel,"SHORTS NH100 W GREY, UK 6 / FR 36","SHORTS NH100 W GREY, UK 6 / FR 36",0,OS,Grey,63.97,GB-R1-U7,8
3608439279621,4235388,apparel,"SHORTS NH100 W KHAKI, UK 6 / FR 36","SHORTS NH100 W KHAKI, UK 6 / FR 36",0,OS,Orange,64.04,GB-R2-U1,7
3608390765850,5075694,apparel,"Short Run Dry 500 PURPLE B, UK 10 / EU M","Short Run Dry 500 PURPLE B, UK 10 / EU M",0,M,Orange,32.86,GB-R2-U2,9
3608393144508,4866425,apparel,"PANTS NH100 M GREY, UK39\"" / FR 48 (L34)","PANTS NH100 M GREY, UK39"" / FR 48 (L34)",0,M,Grey,53.98,GB-R2-U3,9
3608391911393,5333999,apparel,"SHORT RUN 500 W DRY KHAKI, UK 6-8 / EU S","SHORT RUN 500 W DRY KHAKI, UK 6-8 / EU S",0,S,Pink,32.75,GB-R2-U4,9
3608392878206,5541932,apparel,"PANTS MH500 W ABYSS, UK 8 / FR 38 (L31)","PANTS MH500 W ABYSS, UK 8 / FR 38 (L31)",0,OS,Red,21.69,GB-R2-U5,8
3608392465123,5448563,apparel,"SHORTS MH500 M BLACK, UK 36\"" / FR 46","SHORTS MH500 M BLACK, UK 36"" / FR 46",0,M,Black,19.57,GB-R2-U6,9
3608391777142,5274554,apparel,"LONG TIGHT RUN 500, UK 6-8 / EU S (L29)","LONG TIGHT RUN 500, UK 6-8 / EU S (L29)",0,S,Black,29.78,GB-R2-U7,8
3608392877889,5543250,apparel,"PANTS MH500 W ABYSS, UK 6 / FR 36 (L30)","PANTS MH500 W ABYSS, UK 6 / FR 36 (L30)",0,OS,Grey,49.05,GB-R3-U1,8
3583784851237,4925258,apparel,"T SHIRT RUN DRY 100 W Whi, UK 16 / EU XL","T SHIRT RUN DRY 100 W Whi, UK 16 / EU XL",0,XL,Teal,15.82,GB-R3-U2,9
3583784849890,4925254,apparel,"T SHIRT RUN DRY 100 W Wh, UK 4-6 / EU XS","T SHIRT RUN DRY 100 W Wh, UK 4-6 / EU XS",0,XS,Grey,54.16,GB-R3-U3,9
3608393144461,4866421,apparel,"PANTS NH100 M GREY, UK34\"" / FR 44 (L34)","PANTS NH100 M GREY, UK34"" / FR 44 (L34)",0,M,Grey,67.73,GB-R3-U4,12
3608392039829,5367648,apparel,"SHORT RUN 500 W DRY BLUE, UK 4-6 - EU XS","SHORT RUN 500 W DRY BLUE, UK 4-6 - EU XS",0,XS,Blue,40.36,GB-R3-U5,7
3608391641641,5225380,apparel,"PANT RUN DRY 500 W CN, UK6-8 / S (L29)","PANT RUN DRY 500 W CN, UK6-8 / S (L29)",0,S,Navy,37.91,GB-R3-U6,9
3608392692826,5493395,apparel,"SHORT TANK RUN 50, UK 6-8 / EU S [short]","SHORT TANK RUN 50, UK 6-8 / EU S [short]",0,S,Black,19.39,GB-R3-U7,8
3583784851220,4925257,apparel,"T SHIRT RUN DRY 100 W W, UK 12-14 / EU L","T SHIRT RUN DRY 100 W W, UK 12-14 / EU L",0,L,Blue,62.21,GB-R4-U1,11
3608392086793,5280798,apparel,"Run900 Thin Mid 2025 bl, 10.5-11 - 45/46","Run900 Thin Mid 2025 bl, 10.5-11 - 45/46",0,OS,Grey,15.15,GB-R4-U2,8
3608391621629,5223846,apparel,"HEADBAND RUNNING V2 WHITE, No Size","HEADBAND RUNNING V2 WHITE, No Size",0,OS,White,30.26,GB-R4-U3,9
3608391958022,5318275,apparel,"TANK RUN 900 M REPLIKA WLS A11A, S","TANK RUN 900 M REPLIKA WLS A11A, S",0,M,Red,16.3,GB-R4-U4,6
3608391893613,5317109,apparel,"PANTS MH500 LIGHT M, UK31\"" / FR 40 (L31)","PANTS MH500 LIGHT M, UK31"" / FR 40 (L31)",0,M,Blue,15.38,GB-R4-U5,12
3583784752039,4747580,apparel,"MODUL PANTS MH500 W B, UK14 / FR44 (L29)","MODUL PANTS MH500 W B, UK14 / FR44 (L29)",0,OS,Blue,44.24,GB-R4-U6,6
3583784900799,4967630,apparel,"PANTS LINEN NH500 W B, UK10 / FR40 (L29)","PANTS LINEN NH500 W B, UK10 / FR40 (L29)",0,OS,White,28.75,GB-R4-U7,8
3608439226625,4536778,apparel,"PANTS JEAN NH500 M BLE, UK31\"" FR40 (L33)","PANTS JEAN NH500 M BLE, UK31"" FR40 (L33)",0,M,White,25.26,FR-01,9
3608392037146,5367386,apparel,"LS TS RUN 100 W SUN PROTEC, UK 6 / FR 36","LS TS RUN 100 W SUN PROTEC, UK 6 / FR 36",0,OS,Navy,21.6,FR-02,5
3608418797696,4905568,apparel,"Short Celliant Grey, UK 41\"" / EU 2XL","Short Celliant Grey, UK 41"" / EU 2XL",0,XXL,Grey,21.84,FR-03,11
3608390405091,4998767,apparel,"WIND JACKET TRAIL M BLUE G17C, 2XL .","WIND JACKET TRAIL M BLUE G17C, 2XL .",0,M,Blue,34.55,FR-04,5
3608392356292,5334798,apparel,"TANK RUN 900 M REPLIKA GREEN L22A / A, L","TANK RUN 900 M REPLIKA GREEN L22A / A, L",0,M,Green,17.3,GF-R1-U1,11
3608390515868,5024759,apparel,"CLASSIC RUNNING BRA BLUE G17C, M CD","CLASSIC RUNNING BRA BLUE G17C, M CD",0,M,Blue,15.87,GF-R1-U2,6
3608392670329,5490842,apparel,"PANT RUN DRY 500 W CN L02, UK 16 - EU XL","PANT RUN DRY 500 W CN L02, UK 16 - EU XL",0,XL,Blue,19.94,GF-R1-U3,11
3608391777647,5274645,apparel,"3/4 TIGHT RUN 500 W, UK 10 / EU M (L31)","3/4 TIGHT RUN 500 W, UK 10 / EU M (L31)",0,M,Grey,32.07,GF-R1-U4,6
3608391878757,5318580,apparel,"SHORT RUN 500 M DRY TURQ, UK 37\"" / EU XL","SHORT RUN 500 M DRY TURQ, UK 37"" / EU XL",0,M,Pink,31.8,GF-R1-U5,10
3608391672201,5216581,apparel,"T SHIRT RUN 500 M COOL DRY CN WHITE, M","T SHIRT RUN 500 M COOL DRY CN WHITE, M",0,M,White,15.04,GF-R1-U6,9
3608391672232,5216584,apparel,"T SHIRT RUN 500 M COOL DRY CN WHITE, 2XL","T SHIRT RUN 500 M COOL DRY CN WHITE, 2XL",0,M,White,30.75,GF-R1-U7,11
3608391672034,5216590,apparel,"T SHIRT RUN 500 M DRY CN N07A BLAC, XL .","T SHIRT RUN 500 M DRY CN N07A BLAC, XL .",0,M,Pink,18.75,GF-R2-U1,11
3608391901943,5319241,apparel,"SHORT TANK RUN 500 W DR, UK 12-14 / EU L","SHORT TANK RUN 500 W DR, UK 12-14 / EU L",0,L,Green,41.36,GF-R2-U2,8
3583787869888,2987246,apparel,"SHORT NH500 CARGO BROWN UK 32\"" / FR 42","SHORT NH500 CARGO BROWN UK 32"" / FR 42",0,OS,Teal,15.21,GF-R2-U3,9
3608392513398,5463797,apparel,"ANTI UV HELIUM 900, UK 10 / EU M [short]","ANTI UV HELIUM 900, UK 10 / EU M [short]",0,M,Blue,53.11,GF-R2-U4,11
3608391875046,5317822,apparel,"TS RUN 900 M LIGHT BLUE G20A D16A L1, XL","TS RUN 900 M LIGHT BLUE G20A D16A L1, XL",0,M,Blue,15.37,GF-R2-U5,9
3608392793202,5518201,apparel,"CROP RACE RUN 1200 W BLA, UK 4-6 / EU XS","CROP RACE RUN 1200 W BLA, UK 4-6 / EU XS",0,XS,Blue,54.81,GF-R2-U6,9
3583787884607,4011350,apparel,"PANT NH500 CARGO MODUL KH UK 32\"" / FR 42","PANT NH500 CARGO MODUL KH UK 32"" / FR 42",0,OS,Blue,37.78,GF-R2-U7,12
3608429732907,2906031,apparel,"WATERPROOF JACKET TRAIL M M Jacket B, XL","WATERPROOF JACKET TRAIL M M Jacket B, XL",0,M,Grey,58.08,GF-R3-U1,9
3608391825775,5255917,apparel,"1P SHORTY WB DOVA NAVY BL, UK 12 / FR 42","1P SHORTY WB DOVA NAVY BL, UK 12 / FR 42",0,OS,Navy,15.67,GF-R3-U2,7
3608391825768,5255916,apparel,"1P SHORTY WB DOVA NAVY BLU, UK 8 / FR 38","1P SHORTY WB DOVA NAVY BLU, UK 8 / FR 38",0,OS,Navy,40.9,GF-R3-U3,8
3608391825799,5255920,apparel,"1P SHORTY WB DOVA NAVY BL, UK 14 / FR 44","1P SHORTY WB DOVA NAVY BL, UK 14 / FR 44",0,OS,Navy,21.21,GF-R3-U4,8
3608393132345,5593183,apparel,"CN 2in1 SHORT 500, UK 10 / EU M (L29)","CN 2in1 SHORT 500, UK 10 / EU M (L29)",0,M,Green,36.77,GF-R3-U5,7
3608392094767,5326860,apparel,"SHORT TANK RUN 500 W DRY P, UK 10 / EU M","SHORT TANK RUN 500 W DRY P, UK 10 / EU M",0,M,Teal,28.13,GF-R3-U6,10
3608392091315,5280353,apparel,"Run500 thin inv X2 purple, 5.5-8 - 39/42","Run500 thin inv X2 purple, 5.5-8 - 39/42",0,OS,Green,19.25,GF-R3-U7,7
3608439226526,4536784,apparel,"PANTS JEAN NH500 M BLE, UK36\"" FR46 (L34)","PANTS JEAN NH500 M BLE, UK36"" FR46 (L34)",0,M,Navy,27.89,GF-R4-U1,8
3608392096044,5305739,apparel,"TANK RUN 100 W GREY, UK 18-20 / EU 2XL","TANK RUN 100 W GREY, UK 18-20 / EU 2XL",0,XXL,Grey,16.33,GF-R4-U2,11
3608391776923,5274581,apparel,"LONG TIGHT RUN 50, UK 14-16 / EU XL(L29)","LONG TIGHT RUN 50, UK 14-16 / EU XL(L29)",0,XL,Blue,16.74,GF-R4-U3,9
3608439322334,4009646,apparel,"SHORT NH500 REG BLACK W, UK 8 / FR 38","SHORT NH500 REG BLACK W, UK 8 / FR 38",0,OS,Black,16.25,GF-R4-U4,7
3608418897297,4447589,apparel,"FSL100 W Leggings BLK, UK6-8 / S (L29)","FSL100 W Leggings BLK, UK6-8 / S (L29)",0,S,Grey,37.52,GF-R4-U5,5
3583787237885,4565808,apparel,"BOARDSHORT 500L ASTRAL G, UK 36\"" / FR 46","BOARDSHORT 500L ASTRAL G, UK 36"" / FR 46",0,OS,Red,38.16,GF-R4-U6,9
3608390662456,4997695,apparel,"LEGGING 100 LIGHT ECO NAVY LIL, 14 Years","LEGGING 100 LIGHT ECO NAVY LIL, 14 Years",0,OS,Navy,15.86,GF-R4-U7,11
3608392692611,5493413,apparel,"SHORT TANK RUN 5, UK 4-6 / EU XS [short]","SHORT TANK RUN 5, UK 4-6 / EU XS [short]",0,XS,Orange,15.44,GB-R1-U1,10
3608392421679,5431144,apparel,"CN LEGGING 500UV Blue, 5-6years/3\'7\""-4\'","CN LEGGING 500UV Blue, 5-6years/3'7""-4'",0,OS,Blue,15.48,GB-R1-U2,10
3608391877774,5318682,apparel,"SHORT RUN 500 M COMFORT KHAKI J25A, XL","SHORT RUN 500 M COMFORT KHAKI J25A, XL",0,M,Black,19.94,GB-R1-U3,7
3608439285349,4009638,apparel,"SHORTS REGULAR NH500 W NA, UK 10 / FR 40","SHORTS REGULAR NH500 W NA, UK 10 / FR 40",0,OS,Orange,66.75,GB-R1-U4,12
3608390276417,4897618,apparel,"JACKET KIPRUN WARM BLUE H1, UK 8 / FR 38","JACKET KIPRUN WARM BLUE H1, UK 8 / FR 38",0,OS,Blue,22.65,GB-R1-U5,9
3608391875732,5165690,apparel,"TANK RUN 900 M LIGHT YELLOW A27A, S","TANK RUN 900 M LIGHT YELLOW A27A, S",0,M,Blue,42.21,GB-R1-U6,7
3608393328816,5649898,apparel,"PANT RUN 500 W WARM, UK 10 / EU M (L29)","PANT RUN 500 W WARM, UK 10 / EU M (L29)",0,M,Orange,22.27,GB-R1-U7,11
3608390859566,5103619,apparel,"CN M Boxer short 100 Bas, UK 32\"" / FR 42","CN M Boxer short 100 Bas, UK 32"" / FR 42",0,M,White,18.17,GB-R2-U1,8
3608392422034,5431132,apparel,"CN  LEGGING 500UV Pur, 8-9years/4\'3\""-4\'6","CN  LEGGING 500UV Pur, 8-9years/4'3""-4'6",0,OS,Black,63.03,GB-R2-U2,9
3608392683794,5492427,apparel,"CROP TEE SPW W WHITE, UK 16 / EU XL","CROP TEE SPW W WHITE, UK 16 / EU XL",0,XL,White,53.16,GB-R2-U3,9
3608390173068,4428316,apparel,"LONG TIGHT KIPRUN, UK 4-6 / EU XS (L28)","LONG TIGHT KIPRUN, UK 4-6 / EU XS (L28)",0,XS,Black,45.82,GB-R2-U4,11
3608392761546,5510091,apparel,"SHORT CELLIANT BLACK PURP, UK 30\"" / EU S","SHORT CELLIANT BLACK PURP, UK 30"" / EU S",0,S,Black,28.79,GB-R2-U5,10
3608392881428,5528650,apparel,"WATER TEE SHIRT UV PRINT M LS FLOWER, S","WATER TEE SHIRT UV PRINT M LS FLOWER, S",0,M,Black,26.54,GB-R2-U6,9
3583787186800,4925892,apparel,"CN UVLEGGING 100 M NAVY ECO, M","CN UVLEGGING 100 M NAVY ECO, M",0,M,Navy,42.62,GB-R2-U7,10
3608392908156,5477592,apparel,"LS TS RUN 500 W GR, UK 10 / EU M [short]","LS TS RUN 500 W GR, UK 10 / EU M [short]",0,M,Navy,28.91,GB-R3-U1,11
3608391979195,5156927,apparel,"SHORT 120 BLACK / WHITE P, UK 6-8 / EU S","SHORT 120 BLACK / WHITE P, UK 6-8 / EU S",0,S,Black,33.56,GB-R3-U2,8
3608390910212,5118040,apparel,"NH500 JACKET ECO, UK 6-8 / EU S","NH500 JACKET ECO, UK 6-8 / EU S",0,S,Orange,28.28,GB-R3-U3,9
3608392087752,5280727,apparel,"Run900 thin inv. 2025 w, 8.5-9.5 - 43/44","Run900 thin inv. 2025 w, 8.5-9.5 - 43/44",0,OS,Black,44.93,GB-R3-U4,11
3583787387634,2975243,apparel,"TRUNK 100 BASIC NAVY**, 131-140CM 8-9A","TRUNK 100 BASIC NAVY**, 131-140CM 8-9A",0,OS,Navy,52.52,GB-R3-U5,7
3583787387672,2975245,apparel,"TRUNK 100 BASIC NAVY**, 151-160CM12-13A","TRUNK 100 BASIC NAVY**, 151-160CM12-13A",0,OS,Navy,21.34,GB-R3-U6,10
3608392919107,5475326,apparel,"SL JACKET WIND, UK 12-14 / EU L [short]","SL JACKET WIND, UK 12-14 / EU L [short]",0,L,Grey,32.0,GB-R3-U7,12
3608439322327,4009645,apparel,"SHORT NH500 REG BLACK W, UK 6 / FR 36","SHORT NH500 REG BLACK W, UK 6 / FR 36",0,OS,Black,66.68,GB-R4-U1,11
3608392466663,5448909,apparel,"MH500 LIGHT JKT, UK 4-6 / EU XS [short]","MH500 LIGHT JKT, UK 4-6 / EU XS [short]",0,XS,Blue,51.02,GB-R4-U2,7
3608390910243,5118043,apparel,"NH500 JACKET ECO, UK 16 / EU XL","NH500 JACKET ECO, UK 16 / EU XL",0,XL,White,17.61,GB-R4-U3,10
3608390910205,5118039,apparel,"NH500 JACKET ECO, UK 4-6 / EU XS","NH500 JACKET ECO, UK 4-6 / EU XS",0,XS,Green,51.85,GB-R4-U4,11
3608390907779,5117911,apparel,"JACKET RAINCUT 1/2 ZIP BLACK  MAN 202, S","JACKET RAINCUT 1/2 ZIP BLACK  MAN 202, S",0,S,Black,25.34,GB-R4-U5,5
3608390350452,4945335,apparel,"Short 900 NBA AD Logo bei, UK 34\"" / EU L","Short 900 NBA AD Logo bei, UK 34"" / EU L",0,L,Red,18.8,GB-R4-U6,11
3608393132338,5593182,apparel,"CN 2in1 SHORT 500, UK 12-14 / EU L (L29)","CN 2in1 SHORT 500, UK 12-14 / EU L (L29)",0,L,White,61.21,GB-R4-U7,9
3608392941474,5474880,apparel,"LS TS 1/2 ZIP RUN 900 M WARM GREEN, 2XL","LS TS 1/2 ZIP RUN 900 M WARM GREEN, 2XL",0,M,Green,30.06,FR-01,6
3608392941436,5474876,apparel,"LS TS 1/2 ZIP RUN 900 M WARM GREEN K2, S","LS TS 1/2 ZIP RUN 900 M WARM GREEN K2, S",0,M,Green,26.42,FR-02,9
3608392525117,5431342,apparel,"CN T-SHIRT SLIM 900 STR, L [short]","CN T-SHIRT SLIM 900 STR, L [short]",0,L,Black,29.87,FR-03,7
3608439286216,4290399,apparel,"SHORT NH500 REGULAR DARK UK 34\"" / FR 44","SHORT NH500 REGULAR DARK UK 34"" / FR 44",0,OS,Grey,21.0,FR-04,8
3608429743071,2730431,apparel,"SHORT TIGHT RUN DRY W Black, 2XL  44/46","SHORT TIGHT RUN DRY W Black, 2XL  44/46",0,XXL,Black,37.49,GF-R1-U1,8
3608393153494,5444589,apparel,"GRAPHIC TEE SPW GL PINK, 2XL","GRAPHIC TEE SPW GL PINK, 2XL",0,XXL,Pink,17.27,GF-R1-U2,10
3608418855211,4313872,apparel,"Jacket 100 BLACK, S (Chest 35\"")","Jacket 100 BLACK, S (Chest 35"")",0,S,Black,58.76,GF-R1-U3,9
3608439226571,4536780,apparel,"PANTS JEAN NH500 M BLE, UK32\"" FR42 (L33)","PANTS JEAN NH500 M BLE, UK32"" FR42 (L33)",0,M,Green,26.86,GF-R1-U4,6
3608392394485,5435353,apparel,"CN BOARDSHORT TINI PALM BL, UK 6 - FR 36","CN BOARDSHORT TINI PALM BL, UK 6 - FR 36",0,OS,Pink,47.45,GF-R1-U5,5
3608439313066,4264191,apparel,"JACKET WARM SH500 W BLACK, UK10 / EU M","JACKET WARM SH500 W BLACK, UK10 / EU M",0,M,Black,26.03,GF-R1-U6,7
3608418897334,4447596,apparel,"FSL100 W Leggings BLK, UK14-16 / XL(L29)","FSL100 W Leggings BLK, UK14-16 / XL(L29)",0,XL,Red,46.1,GF-R1-U7,11
3608390626939,5042465,apparel,"JACKET NH500 DARK GREY GREEN MAN, S","JACKET NH500 DARK GREY GREEN MAN, S",0,S,Grey,17.14,GF-R2-U1,9
3608392900631,5532241,apparel,"JACKET MH900 M SLATE GREY, S","JACKET MH900 M SLATE GREY, S",0,M,Grey,45.24,GF-R2-U2,11
3608392509049,5456411,apparel,"VEST NH500 M CN BEIGE, S [short]","VEST NH500 M CN BEIGE, S [short]",0,M,Green,66.8,GF-R2-U3,11
3608392509087,5456415,apparel,"VEST NH500 M CN BEIGE, 2XL [short]","VEST NH500 M CN BEIGE, 2XL [short]",0,M,Blue,56.16,GF-R2-U4,7
3608409842763,4072181,apparel,"RAIN JACKET 120 W YELLOW PPE, M","RAIN JACKET 120 W YELLOW PPE, M",0,M,Grey,56.23,GF-R2-U5,12
3608393934468,5728892,apparel,"TS RUN 900 M LIGHT MKTG F20A SS26, S","TS RUN 900 M LIGHT MKTG F20A SS26, S",0,M,Grey,56.54,GF-R2-U6,11
3583783806344,2454323,apparel,Women's Regular-Fit Leggings,560 여성용 레귤러핏 필라테스 & 젠틀 짐 레깅스 - 블랙 닷 프린트 블랙 S / W28 L29,1,S,Black,19.35,GF-R2-U7,11
3608419113365,2759383,apparel,Women's Pilates T-Shirt,520 여성용 필라테스 & 젠틀 짐 티셔츠 - 라이트 블루 블루 XL,1,XL,Blue,61.06,GF-R3-U1,9
3608419167719,2434385,apparel,Women's Cross-Training T-Shirt,500 여성용 크로스 트레이닝 티셔츠 세이지 그린 2XS,1,OS,Green,65.0,GF-R3-U2,7
3608429716358,2925409,apparel,Men's KIPRUN Running T-Shirt,KIPRUN 케어 남성용 러닝 티셔츠 - 그린/블랙 포기 블루 S,1,S,Black,21.1,GF-R3-U3,5
3608439393426,2711084,apparel,MH500 Helium Sun-Protect Jacket,MH500 Helium 썬프로텍트 자켓 - 다크 그레이  S,1,S,Grey,17.07,GF-R3-U4,9
3608418907309,4109209,apparel,Short Regular Dark Grey M,"Short Regular 100 Dark Grey M, XL",1,M,Grey,15.46,GF-R3-U5,9
3583783850231,2649722,apparel,Pants,500 슬림-핏 짐 스트레칭 바지 그레이 S / W30 L31,1,S,Grey,23.38,GF-R3-U6,6
3608419018172,4073213,apparel,Women's Pilates T-Shirt,100 여성용 필라테스 & 젠틀 짐 티셔츠 면 100% - 핑크 데저트 로즈 2XS,1,OS,Pink,44.53,GF-R3-U7,12
3608419212570,2531535,apparel,Cross-Training Shorts,900 크로스 트레이닝 반바지 블랙 올리브 M,1,M,Black,16.41,GF-R4-U1,7
3608459591697,2547031,apparel,Shorts,100 숏 서핑보드 반바지 - 블록 그레이 웨일 그레이 L,1,L,Grey,34.81,GF-R4-U2,10
3608419121612,2432581,apparel,Regular-Fit Shorts,520 레귤러핏 오부 젠틀 짐 & 필라테스 반바지 - 블랙 블랙 올리브 L,1,L,Black,34.2,GF-R4-U3,9
3608429757214,2615022,apparel,Running,런 드라이 + 브리드 남성 러닝용 티셔츠 다크 페트롤 블루 L,1,L,Blue,22.97,GF-R4-U4,11
3608429859277,2007740,apparel,Women's EKIDEN Running T-Shirt,EKIDEN 여성용 런닝 티셔츠 핑크,1,OS,Pink,25.6,GF-R4-U5,11
3583788229490,2341490,apparel,Breathable Sleeveless Base Layer,킵드라이 500 통기성 민소매 베이스 레이어 상의 블랙 XL,1,XL,Black,15.4,GF-R4-U6,7
3608399828075,2732527,apparel,Kids' T-Shirt,500 주니어 여아 티셔츠 플루오 페일 피치 131-140cm 8-9세,1,OS,Red,16.35,GF-R4-U7,5
3608399876335,2133413,apparel,Thermic Apparel,Thermic 900 상의 블랙 L,1,L,Black,15.63,GB-R1-U1,8
3583788152477,2575835,apparel,Climbing Pants 3/4,클리프 남성 3/4 등반 바지 스톰 그레이 S,1,S,Grey,45.65,GB-R1-U2,9
3608419351705,2110572,apparel,Women's Slim-Fit Leggings 7/8,Fit+ 여성용 7/8 슬림핏 Gym & Pilates 레깅스 - 블랙 Abyss grey,1,OS,Black,23.47,GB-R1-U3,10
3608429766681,2421152,apparel,Women's KIPRUN KALENJI Running T-Shirt,KIPRUN CARE KALENJI 여성용 러닝 티셔츠 - 블랙 캔디플로스 M,1,M,Black,37.99,GB-R1-U4,11
3608419148398,2606353,apparel,T-Shirt,웨이트 트레이닝용 압축 티셔츠 - 블루 네이비 블루 XL,1,XL,Blue,28.7,GB-R1-U5,8
3608390673674,5057029,apparel,SHORTY KAMYLEON GEOL B,"SHORTY 500 KAMYLEON GEOL B, UK 8 / FR 38",1,OS,Orange,15.0,GB-R1-U6,7
3608419060218,2770339,apparel,T-Shirt,여성 댄스 반소매 티셔츠 블랙 2XS,1,OS,Black,20.99,GB-R1-U7,11
3608419083095,2693615,apparel,Women's Apparel,여성용 모던 댄스 스포츠 브라 블랙 2XS,1,OS,Black,30.75,GB-R2-U1,12
3608429757504,2614926,apparel,Men's Running T-Shirt,런 드라이 + 남성용 러닝 티셔츠 블루 L,1,L,Blue,68.86,GB-R2-U2,11
3608419171754,2422035,apparel,Jacket,900 젠틀 짐 & 필라테스 후드 재킷 - 라이트 그레이 그레이 L,1,L,Grey,17.9,GB-R2-U3,10
3608419215809,2518533,apparel,Pilates T-Shirt,500 여성 짐 & 필라테스 롱슬리브 티셔츠 블랙 M,1,M,Black,54.79,GB-R2-U4,6
3583788294283,2189402,apparel,Flower Womens Short-Sleeved Riding Shirt Asphalt blue,Flower Womens Short-Sleeved Riding Shirt Asphalt blue 36,1,OS,Blue,59.86,GB-R2-U5,10
3608449851886,2433237,apparel,Slide Womens WARM Ski Jacket,Slide 500 Womens WARM Ski Jacket 핑크 XL,1,XL,Pink,48.29,GB-R2-U6,9
3608439569630,2032197,apparel,Women's Arpenaz Waterproof Jacket,Arpenaz 300 여성용 방수 레인 자켓 - 라이트 그레이,1,OS,Grey,50.3,GB-R2-U7,5
3608419205015,2509316,apparel,Pants,베이비 100 라이트웨이트 짐 바지 다크 그레이 4세,1,OS,Grey,23.19,GB-R3-U1,9
3608419210828,2513820,apparel,Kids' Leggings,560 주니어 여아 짐 레깅스 - 블랙/핑크 블랙 14세,1,OS,Black,47.58,GB-R3-U2,8
3608429807452,2490537,apparel,Running,퍼스트 러닝용 크롭톱 블랙 S,1,S,Black,15.28,GB-R3-U3,7
3608392477089,5450017,apparel,MH500 Apparel,"LG SHORTS MH500 M BR, UK 29"" / FR 38",1,M,Navy,64.83,GB-R3-U4,9
3608429704492,4154112,apparel,Shirt,러닝 후드 스웨트 셔츠 - 베이지 퍼티 L,1,L,Navy,16.44,GB-R3-U5,10
3608391184766,5054843,apparel,JACKET RUN W WARM N0 EU XS,"JACKET RUN 500 W WARM N0, UK 4-6 / EU XS",1,XS,Red,34.56,GB-R3-U6,8
3608419082951,2693833,apparel,Women's Long-Sleeve T-Shirt,여성용 모던 댄스 긴팔 티셔츠  블랙 S,1,S,Black,39.96,GB-R3-U7,8
3608429807247,2504133,apparel,Women's Apparel,스포턴스 컴포트 여성용 러닝 브라 블랙 KR: 75C,1,OS,Black,15.7,GB-R4-U1,10
3608419015270,2937177,apparel,T-Shirt,웨이트 트레이닝 티셔츠 체스트 데이 - 블랙 그레이 블루 XS,1,XS,Black,40.33,GB-R4-U2,11
3608459578223,2389442,apparel,Shorts,100 롱 서핑보드 반바지 차이나 레드 플루오 피치 S,1,S,Red,38.96,GB-R4-U3,5
3583783808935,2455022,apparel,Slim-Fit Pants,FIT+ 500 여성 슬림핏 스트레칭 크롭 바지 블랙 XS / W26 L28,1,XS,Black,49.6,GB-R4-U4,11
3608439503269,2195846,apparel,Women's Arpenaz Waterproof Jacket,Arpenaz 300 여성용 방수 레인 자켓 - 라이트 그레이 Blush pink,1,OS,Grey,30.36,GB-R4-U5,11
3608439491672,2234230,apparel,Arpenaz Apparel,Shirt Short sleeved Hiking Arpenaz 100 Mens 아이스 커피 XL,1,XL,Pink,15.85,GB-R4-U6,9
3608429710684,2760373,apparel,Women's Thermal Apparel,여성용 러닝 타이즈 킵런 보온 - 블랙  네이비 블루 L / W33 L31,1,L,Black,56.67,GB-R4-U7,6
3608429840589,2170591,apparel,Men's Apparel,남성용 트레일 러닝 바람막이 - 그레이/블랙,1,OS,Black,20.16,FR-01,6
3608392035845,5273840,apparel,TS RUN W DRY PINK A0 EU XS,"TS RUN 500 W DRY PINK A0, UK 4-6 / EU XS",1,XS,Pink,27.11,FR-02,9
3608459589090,2545996,apparel,Shorts,100 트윈 숏 서핑보드 반바지 - 무드 레드 블랙 12세,1,OS,Black,25.15,FR-03,6
3583788212140,2365309,apparel,Breathable Apparel,Keepdry 100 어린이 통기성 긴팔 베이스 레이어 아스팔트 블루 6세,1,OS,Blue,24.61,FR-04,9
3608429743897,2621118,apparel,Kiprun Thermal T-Shirt,Kiprun 긴소매 지퍼식 기본 보온 티셔츠 아스팔트 블루 XL,1,XL,Blue,64.02,GF-R1-U1,12
3608449862400,2571832,apparel,FREE WOMENS SKI JACKET COLOUR,"FREE 300 WOMENS SKI JACKET, 3-COLOUR 베이지 XL",1,XL,Blue,49.12,GF-R1-U2,6
3608419211597,2485786,apparel,Slim-Fit Pants,560 슬림핏 짐 & 필라테스 바지 - 라이트 몰티드 그레이 그레이 블루 2XL / W41 L34,1,XXL,Blue,58.78,GF-R1-U3,11
3583783806139,2605832,apparel,RUN WARM MENS RUNNING TROUSERS W32 L31,RUN WARM + MENS RUNNING TROUSERS 블랙 M / W32 L31,1,M,Black,23.66,GF-R1-U4,11
3608393612656,5682107,apparel,LS TS RUN DRY M UV GREY BLUE K20B,"LS TS RUN DRY 500 M UV GREY BLUE K20B, M",1,M,Blue,31.86,GF-R1-U5,8
3583783835672,2433402,apparel,Men's Running T-Shirt,Run Dry 남성용 러닝 티셔츠 (후드) - 블랙 블랙 XS,1,XS,Black,26.09,GF-R1-U6,11
3608390482535,5011476,apparel,Tank Run Dry Yellow B2 EU M,"Tank Run Dry 590 Yellow B2, UK 10 / EU M",1,M,Blue,15.01,GF-R1-U7,8
3608419326727,2173919,apparel,Kids' T-Shirt,주니어 여아 100 쇼트슬리브 짐 티셔츠 마젠타 5세,1,OS,Grey,17.38,GF-R2-U1,5
3608429764649,2423131,apparel,Men's KIPRUN Running T-Shirt,KIPRUN 라이트 남성용 러닝 티셔츠 - 화이트 블루베리 XL,1,XL,Blue,20.78,GF-R2-U2,11
3608429691839,4169150,apparel,Sun-Protect T-Shirt,긴소매 티셔츠 자외선 차단 AT100 - 다크 블루 갤럭시 블루 123-130cm 7-8세,1,OS,Blue,27.47,GF-R2-U3,7
3608392031151,5366647,apparel,PANT SKI GREY years/4,"PANT SKI 100 GREY, 12-13years/4'9""-5'2""",1,OS,Grey,30.21,GF-R2-U4,11
3608439592720,1842216,apparel,Women's Arpenaz Pants,Arpenaz 100 여성용 워킹 바지 - 그레이 다크 그레이 S/26-27.5inch,1,S,Grey,15.26,GF-R2-U5,5
3608459622322,2210391,apparel,Men's Jacket,100 남성용 항해 자켓 선샤인 옐로우 M,1,M,White,53.65,GF-R2-U6,10
3608429904267,193561,apparel,Women's EKIDEN Apparel,EKIDEN 여성용 WARM 긴 소매 러닝 져지 블루 그레이,1,OS,Blue,39.13,GF-R2-U7,8
3608429662105,4602167,apparel,LS TS RUN WARM BROWN F08A,"LS TS RUN WARM BROWN F08A, XL",1,XL,Grey,31.65,GF-R3-U1,10
3608459591130,2545625,apparel,Men's Shorts,100 남성용 서핑 보드쇼츠 반바지 블루 2XL,1,XXL,Blue,23.56,GF-R3-U2,6
3608429793373,2380364,apparel,Women's Pants,런 드라이 + 리플렉트 여성용 크롭 바지 블랙 S,1,S,Black,22.51,GF-R3-U3,9
3583788361220,2075712,apparel,Adult T500 Waterproof Jacket,T500 성인용 방수/방풍 자켓 블랙 L,1,L,Black,61.92,GF-R3-U4,11
3583783851665,2466965,apparel,NH500 Apparel,"PANT NH500 REG GREY W, UK6 / FR36 (L28)",1,OS,Grey,63.5,GF-R3-U5,11
3583787775509,2904279,apparel,Kids' Thermal Apparel,500 아동용 긴팔 네오프렌 보온 탑 - 터쿼이즈 다크 피코크 블루 113-122cm 5-6세,1,OS,Blue,40.01,GF-R3-U6,10
3608429710721,2760379,apparel,Women's Thermal Apparel,여성용 러닝 타이즈 킵런 보온 - 블랙  네이비 블루 XL / W35 L31,1,XL,Black,17.25,GF-R3-U7,8
3608390201815,4573257,apparel,KIPRUN Apparel,"TIGHT KIPRUN SUPPORT W, UK6-8 / S (L31)",1,S,Orange,26.36,GF-R4-U1,7
3608419070170,2943934,apparel,Pilates T-Shirt,500 여성 쇼트슬리브 쇼트슬리브 짐 & 필라테스 티셔츠 블루 L,1,L,Blue,36.27,GF-R4-U2,6
3608419082937,2693836,apparel,Women's Long-Sleeve T-Shirt,여성용 모던 댄스 긴팔 티셔츠  블랙 M_L,1,OS,Black,15.87,GF-R4-U3,11
3583783919525,2749799,apparel,Women's Thermal Apparel,여성용 러닝 타이즈 킵런 보온 - 블랙  블랙 M / W30 L29,1,M,Black,27.91,GF-R4-U4,8
3608439350382,4019532,apparel,MH150 Apparel,"Jacket MH150 MAN BLUE, S",1,S,Blue,33.3,GF-R4-U5,9
3583788310518,2174785,apparel,Soft 540 Apparel,Soft 540 메쉬 브라이트 핑크 235mm_EU 37,1,OS,Pink,62.72,GF-R4-U6,6
3608429815631,2342267,apparel,Men's Kiprun Long-Sleeve T-Shirt,Kiprun 스킨케어 남성용 러닝 긴팔 티셔츠 블랙 XL,1,XL,Black,58.28,GF-R4-U7,8
3608418986014,2981426,apparel,Women's Leggings,여성용 스포츠 레깅스 510 - 그레이 말 그레이 L / W33 L31,1,L,Grey,43.85,GB-R1-U1,6
3608459578032,2545602,apparel,Shorts,100 롱 서핑보드 반바지 - 차이나 레드 스퀘어 캐리비안 블루 XL,1,XL,Blue,63.97,GB-R1-U2,7
3608459600726,2544075,apparel,Women's Sun-Protect T-Shirt,후드가 달린 500 여성용 자외선 차단 서핑 티셔츠 탑 – 블루/그린 다크 피코크 블루 M,1,M,Blue,18.38,GB-R1-U3,11
3583787465493,4297513,apparel,Short Regular Blue M EU M,"Short Regular 500 Blue M, UK 32"" / EU M",1,M,Blue,19.84,GB-R1-U4,9
3583787684153,4143701,apparel,3-in-1 Jacket,다운 자켓 트래블 500 3in1  블랙 M,1,M,Black,15.38,GB-R1-U5,9
3608418892957,4313946,apparel,SHORT BLACK EU S,"SHORT 500 BLACK, UK 30"" / EU S",1,S,Black,22.45,GB-R1-U6,8
3608439451911,2566502,apparel,Women's NH500 Pants,NH500 프레시 여성용 컨추리 워킹 크롭 바지 - 네이비 네이비 블루 2XS,1,OS,Blue,43.25,GB-R1-U7,11
3583787109953,4193719,apparel,TRAVEL M Shorts BROW,"TRAVEL 900 M Shorts BROW, UK 31"" / FR 40",1,M,Navy,22.29,GB-R2-U1,7
3608392037184,5367390,apparel,LS TS RUN W SUN PROTE,"LS TS RUN 100 W SUN PROTE, UK 14 / FR 44",1,OS,Pink,29.02,GB-R2-U2,9
3608429816966,2342120,apparel,Women's Apparel,Run Warm 여성용 러닝 긴소매 저지 플루오 코랄 핑크 XS,1,XS,Pink,16.62,GB-R2-U3,5
3583788430797,2008152,apparel,Fishing Rain Jacket,Fishing Rain Jacket -5 다크 그레이 XL,1,XL,Grey,34.79,GB-R2-U4,7
3608429816805,2342136,apparel,Women's Apparel,Run Warm 여성용 러닝 긴소매 저지 푸크시아 M,1,M,Teal,17.07,GB-R2-U5,11
3608419153064,2432271,apparel,T-Shirt,500 크로스 트레이닝용 컴프레션 티셔츠 버밀리언 XL,1,XL,Teal,16.11,GB-R2-U6,6
3608429790181,2500318,apparel,Run Dry Womens Running shorts fluo coral,Run Dry Womens Running shorts fluo coral 블랙 3XS,1,OS,Black,48.04,GB-R2-U7,8
3608429807469,2507945,apparel,Women's Apparel,여성용 런닝 브리프 담슨 XL,1,XL,Blue,68.84,GB-R3-U1,5
3608429810032,2508010,apparel,Running,남성 러닝용 브리서블 박서 프러시안 레드 2XL,1,XXL,Red,19.55,GB-R3-U2,6
3608419307979,2180956,apparel,Baby Gym Leggings,Baby Gym Leggings 라이트 핑크 3세,1,OS,Pink,67.81,GB-R3-U3,11
3608419314281,2177025,apparel,Shorts,Above-the-Knee Gym & Pilates 반바지 - 블랙,1,OS,Black,68.83,GB-R3-U4,11
3608429718529,2943018,apparel,Women's Running T-Shirt,SS 런 라이트 여성용 러닝 티셔츠 카본 그레이 2XS,1,OS,Grey,16.84,GB-R3-U5,7
3583787228913,4735696,apparel,BSHORT HENDAIA ECO RED,"BSHORT HENDAIA ECO RED, 2XL",1,XXL,Red,51.3,GB-R3-U6,9
3583787839256,2611939,apparel,Men's T-Shirt,500 남성용 긴팔 UV 차단 서핑 티셔츠 - 블랙/그레이 블랙 L,1,L,Black,57.56,GB-R3-U7,11
3608390056798,4341420,apparel,KIPRUN Apparel,"SHORT MARATHON KIPRUN BLA, UK 32"" / EU M",1,M,Pink,35.72,GB-R4-U1,10
3608429824183,2188176,apparel,RUN DRY+ MENS RUNNING T-SHIRT GREY PRINT Fluo lime yellow XS,RUN DRY+ MENS RUNNING T-SHIRT GREY PRINT Fluo lime yellow XS,1,XS,Grey,17.75,GB-R4-U2,9
3608459604632,2532324,apparel,S500 Children s Dinghy/Catamaran Sailing Jacket,S500 Children’s Dinghy/Catamaran Sailing Jacket 애시드 옐로우 10세,1,S,Blue,50.66,GB-R4-U3,5
3608429743248,2723266,apparel,Men's Running Pants,런 웜 남성용 러닝 바지 무늬있는 그레이  2XL / W41 L34,1,XXL,Grey,67.89,GB-R4-U4,10
3583788421726,2002625,apparel,Adult T-Shirt,Keepdry 100 성인용 기능 티셔츠 - 블랙,1,OS,Black,24.83,GB-R4-U5,7
3608418938433,4184387,apparel,Men's T-Shirt,남성용 티셔츠 500 - 레드 레드 3XL,1,3XL,Red,17.35,GB-R4-U6,7
3583787599761,4226900,apparel,Women's Slim-Fit Pilates T-Shirt,여성용 젠틀 짐 & 필라테스 티셔츠 500 슬림핏 - 블랙 퍼플 XL,1,XL,Black,30.79,GB-R4-U7,8
3608429880738,590327,apparel,FIRST,FIRST 런닝용 크롭 탑 - 블랙,1,OS,Black,62.16,FR-01,6
3608429727811,2944152,apparel,Men's Running T-Shirt,런 드라이 + 남성용 러닝 티셔츠 크림 2XL,1,XXL,White,18.22,FR-02,6
3608429828938,2181280,apparel,Running,런 드라이 남성 러닝용 반바지 카키 그레이 XL,1,XL,Grey,29.12,FR-03,5
3608459683095,2028802,apparel,T-Shirt,Dry 500 남성 보트 폴로 티셔츠 아스팔트 블루 L,1,L,Blue,29.7,FR-04,9
3608429823957,2189075,apparel,Ekiden Running,Ekiden 러닝용 여성 드라이 타이즈 블랙 W45 L31,1,OS,Black,49.7,GF-R1-U1,7
3608429734796,2937227,apparel,Women's KIPRUN KALENJI Running T-Shirt,KIPRUN CARE KALENJI 여성용 러닝 티셔츠 - 블랙 라벤더 블루 L,1,L,Black,40.39,GF-R1-U2,8
3608392091322,5280354,apparel,Apparel 3/4,"Run500 thin inv X2 purpl, 8.5-11 - 43/46",1,OS,Pink,24.14,GF-R1-U3,11
3608429828365,2181332,apparel,Men's Running T-Shirt,RUN DRY+ 남성용 러닝 티셔츠 그레이 프린트 Sage green,1,OS,Grey,21.59,GF-R1-U4,10
3608419349610,2110782,apparel,Regular-Fit Pants,500 여성 레귤러핏 짐 & 필라테스 바지 블랙 W35 L29,1,OS,Black,27.54,GF-R1-U5,10
3608429737803,2760012,apparel,Kids' T-Shirt,AT500 아동용 육상 티셔츠 - 터쿼이즈 포기 블루 123-130cm 7-8세,1,OS,Blue,39.82,GF-R1-U6,8
3608391672072,5216594,apparel,T SHIRT RUN M DRY CN H17B BLUE,"T SHIRT RUN 500 M DRY CN H17B BLUE, S .",1,M,Blue,57.39,GF-R1-U7,5
3608419314335,2177031,apparel,Shorts,Above-the-Knee Gym & Pilates 반바지 - 네이비 블루,1,OS,Blue,54.55,GF-R2-U1,9
3608429645986,4871310,apparel,JACKET WARM BLACK N07A,"JACKET WARM 100 BLACK N07A, L",1,L,Black,17.21,GF-R2-U2,6
3608419298758,2185889,apparel,Fit+ Womens Slim-Fit Gym and Pilates Leggings Black DARK GREY XL W38 L29,Fit+ Womens Slim-Fit Gym and Pilates Leggings - Black DARK GREY XL / W38 L29,1,XL,Black,18.59,GF-R2-U3,9
3608429723097,2433732,apparel,Men's Apparel,남성용 타이츠 런 드라이 플러스 - 페트롤 블루 다크 블루 L / W34 L34,1,L,Blue,63.86,GF-R2-U4,9
3583783900967,2727930,apparel,Slim-Fit Leggings,510 여성 슬림핏 젠틀 짐 & 필라테스 레깅스 - 블루/핑크 네이비 블루 XL / W35 L29,1,XL,Blue,18.03,GF-R2-U5,8
3608419393965,2028904,apparel,Active Short-Sleeve T-Shirt,Active 여성 레귤러 - 핏 반팔 티셔츠 - 블랙,1,OS,Black,20.33,GF-R2-U6,11
3583783902480,2777691,apparel,Women's Apparel,RUN WARM + 여성용 WARM 조깅 타이즈 블랙 W28 L29,1,OS,Black,44.4,GF-R2-U7,6
3608429751465,2434754,apparel,Women's Running T-Shirt,SS 런 라이트 여성용 러닝 티셔츠 갤럭시 블루 M,1,M,Blue,31.12,GF-R3-U1,10
3583783901759,2842201,apparel,Slim-Fit Leggings,FIT+ 500 여성 슬림핏 스트레칭 레깅스 블루 S / W28 L29,1,S,Blue,29.85,GF-R3-U2,9
3608429901143,223192,apparel,Men's Ekiden Apparel,Ekiden 남성용 바람막이 런닝 져지 옐로우 XS,1,XS,Teal,29.27,GF-R3-U3,11
3608439443978,2563819,apparel,Helium Apparel,Helium 500 Boy’s Windbreaker Jacket  8세,1,S,Red,19.26,GF-R3-U4,7
3583787720431,2889640,apparel,Men's Apparel,남성용 후드티 100 NY - 그레이 카키 4XL.,1,OS,Grey,52.53,GF-R3-U5,8
3583788444688,885439,apparel,CN WARM-1 JACKET ASPHALT,CN WARM-1 JACKET ASPHALT 다크 그레이 XS,1,XS,Grey,18.54,GF-R3-U6,7
3608439401299,2425242,apparel,Men's NH550 Waterproof Jacket,NH550 남성용 방수 자켓 카키 브라운 S,1,S,Pink,44.64,GF-R3-U7,7
3608429782780,2504624,apparel,Women's Apparel,Run Warm 여성용 러닝 긴소매 저지 후드 핑크 L-XL,1,L,Pink,58.23,GF-R4-U1,11
3608418928366,4322959,apparel,Leggings,레깅스 카본 그레이 S,1,S,Grey,28.5,GF-R4-U2,7
3608459642856,2190630,apparel,Men's Shorts,Bidarte 남성용 보드반바지 - 필터 그린 Galaxy blue,1,OS,Blue,18.19,GF-R4-U3,10
3608429878902,729244,apparel,Men's Breathable Apparel,통기성 좋은 남성용 런닝 사각 팬티 - 블랙,1,OS,Black,51.53,GF-R4-U4,5
3608419161731,2432260,apparel,Pilates T-Shirt,500 여성 롱슬리브 짐 & 필라테스 티셔츠 블랙 2XS,1,OS,Black,26.97,GF-R4-U5,8
3583787849323,2708029,apparel,Men's Jacket,RC100 남성용 레인 자켓 - 블루 틸 블루 XL,1,XL,Blue,31.64,GF-R4-U6,10
3583787615140,4293650,apparel,Men's T-Shirt,남성용 티셔츠 500 - 레드  2XL,1,XXL,Red,18.81,GF-R4-U7,8
3608459686249,2027732,apparel,Women's T-Shirt,여성용 UV 차단 서핑 반팔 워터 티셔츠 - Turquoise,1,OS,Blue,55.95,GB-R1-U1,8
3608419068511,2944244,apparel,Women's Slim-Fit Pants,500 여성용 바지 슬림핏  라이트 그레이 2XL / W38 L29,1,XXL,Grey,60.14,GB-R1-U2,7
3608429764991,2608852,apparel,Men's KIPRUN Running Pants,KIPRUN 남성용 러닝용 바지 - 블랙/옐로우 블랙 L,1,L,Black,30.15,GB-R1-U3,9
3608439517105,2187596,apparel,Arpenaz Apparel,Arpenaz 100 Mens hiking shorts 브라운 XL-2XL,1,XL,White,53.88,GB-R1-U4,7
3608391578640,5206364,apparel,PANT RUN W WAR EU XS L28,"PANT RUN 500 W WAR, UK 4-6 / EU XS (L28)",1,XS,Navy,55.05,GB-R1-U5,12
3583787204450,4548894,apparel,JAMMER SHORT FITI BLA UK,"JAMMER SHORT 500 FITI BLA UK 32"" / FR 42",1,OS,White,60.33,GB-R1-U6,10
3608419153378,2434500,apparel,Women's Leggings,500 여성용 크로스 트레이닝 레깅스 블랙 W26 L28,1,OS,Black,47.48,GB-R1-U7,8
3608393342621,5649239,apparel,P SHORTY ZIP HEVA BL,"1P SHORTY ZIP 500 HEVA BL, UK 14 / FR 44",1,OS,Teal,54.55,GB-R2-U1,7
3583788150848,2432131,apparel,Short-Sleeve T-Shirt,스톤즈 남성 반팔 티셔츠 스톰 그레이 L,1,L,Grey,48.73,GB-R2-U2,11
3608449897655,2123902,apparel,Slide Womens Ski Jacket Pink Damson XS,Slide 300 Womens Ski Jacket - Pink Damson XS,1,XS,Pink,15.24,GB-R2-U3,10
3583783850477,2466035,apparel,Women's Pants,RUN DRY 여성용 러닝 크롭 바지 - 블랙 블랙 3XS,1,OS,Black,45.92,GB-R2-U4,7
3608419106343,2644654,apparel,Leggings,크로스 트레이닝 레깅스 - 다크 그레이 블랙 XL / W37 L34,1,XL,Black,30.09,GB-R2-U5,9
3608419042696,2923865,apparel,Pilates T-Shirt,500 여성 짐 & 필라테스 롱슬리브 티셔츠 그레이 2XL,1,XXL,Grey,39.04,GB-R2-U6,6
3608394030688,5760592,apparel,PANT RUN W DRY EU XS L28,"PANT RUN 500 W DRY, UK 4/6 - EU XS (L28)",1,XS,Blue,46.78,GB-R2-U7,10
3608459569306,2457953,apparel,Women's Jacket,100 여성용 세일링 자켓 크림슨 S,1,S,Pink,16.2,GB-R3-U1,8
3583787748909,2908584,apparel,Shorts,B-READY 롱 반바지 블랙 M-L,1,M,Black,19.65,GB-R3-U2,8
3583788633938,1796856,apparel,Kids' Shirt,아동용 승마 반팔 폴로 셔츠 - 화이트 Snow white,1,OS,White,15.49,GB-R3-U3,11
3608418930833,4272536,apparel,Men's Cross-Training T-Shirt,남성용 크로스 트레이닝 티셔츠 블랙 S,1,S,Black,17.26,GB-R3-U4,8
3608459683088,2028805,apparel,T-Shirt,Dry 500 남성 보트 폴로 티셔츠 아스팔트 블루 3XL,1,3XL,Blue,23.68,GB-R3-U5,8
3583788403029,2016599,apparel,Jacket,Comp 100 여성 시합용 승마 자켓 - 네이비 아스팔트 블루 XS,1,XS,Blue,64.1,GB-R3-U6,5
3608429696674,4150227,apparel,XL CD,클래식 러닝 스포츠 브라 라이트 블루 XL CD,1,XL,Blue,65.47,GB-R3-U7,12
3608391140182,5186157,apparel,CN SHORT CARDIO TRAINING EU XL,"CN SHORT CARDIO TRAINING, UK 37"" / EU XL",1,XL,Teal,62.44,GB-R4-U1,9
3583787457863,4153396,apparel,SHORTS MT500 BROWN M,"SHORTS MT500 BROWN M, UK 31"" / FR 40",1,M,Blue,27.83,GB-R4-U2,6
3608429704041,4154141,apparel,Thermal Jacket,러닝 보온 자켓 - 그레이  퓨터 S,1,S,Grey,39.51,GB-R4-U3,11
3608390232666,4672288,apparel,KIPRUN Apparel 3/4,"3/4 TIGHT KIPRUN CARE W B, UK 6-8 / EU S",1,S,Pink,42.28,GB-R4-U4,9
3608419206029,2531563,apparel,T-Shirt,500 크로스 트레이닝용 컴프레션 티셔츠 딥 블루 L,1,L,Blue,59.52,GB-R4-U5,11
3583784020220,2889590,apparel,Men's Apparel,남성용 후드티 100 NY - 그레이 라이트 그레이 XS.,1,XS,Grey,48.54,GB-R4-U6,10
3608419306385,2181713,apparel,Women's Slim-Fit Leggings 7/8,여성용 7/8 슬림핏 Gym & Pilates 레깅스 - 멜란지 다크 그레이,1,OS,Grey,35.74,GB-R4-U7,8
3608419303728,2183393,apparel,Kids' T-Shirt,주니어 남아 쇼트슬리브 짐 티셔츠 네이비 블루 10세,1,OS,Blue,61.77,FR-01,7
3608439397011,2648077,apparel,TechTIL Short-Sleeved Hiking T-Shirt,TechTIL 100 Short-Sleeved Hiking T-Shirt 라이트 그레이 M,1,M,Grey,42.74,FR-02,11
3608429679332,4315704,apparel,LS TS RUN DRY ZIP LAVEND,"LS TS RUN DRY + ZIP LAVEND, UK 4 / FR 34",1,OS,Green,15.41,FR-03,8
3608429759249,2426552,apparel,S AB,러닝 컴포트 스포츠 브라 - 카모 그레이 블루 S AB,1,S,Blue,64.85,FR-04,8
3608459624760,2209996,apparel,Men's Shirt,남성용 모틀드 그레이 색상의 스타라이프 100 어드벤처 반팔 세일링 폴로 셔츠 그레이,1,OS,Grey,15.4,GF-R1-U1,9
3608429717195,2942688,apparel,Women's Sleeveless Base Layer,여성용 러닝 민소매 상의 탱크탑 런 필 - 안트라사이트 그레이 차콜 그레이 L,1,L,Grey,21.54,GF-R1-U2,8
3608429813965,2343739,apparel,Men's KIPRUN Running Pants,KIPRUN 남성용 러닝용 바지 - 블랙/옐로우 블랙 W30 L31,1,OS,Black,15.41,GF-R1-U3,7
3583787858240,2909267,apparel,Training Mesh Horse Riding Short-Sleeved Polo Shirt,Training Mesh Horse Riding Short-Sleeved Polo Shirt 아스팔트 블루 M,1,M,Blue,18.9,GF-R1-U4,7
3608429730316,2891153,apparel,M CD,러닝 컴포트 스포츠 브라 - 카모 그레이 다크 라일락 M CD,1,M,Grey,19.09,GF-R1-U5,12
3608429829744,2180830,apparel,Men's KIPRUN Running T-Shirt,KIPRUN 남성용 경량 러닝 티셔츠 블루 옐로우,1,OS,Blue,45.95,GF-R1-U6,7
3608439449246,2556784,apparel,TechTIL Short-Sleeved Hiking T-Shirt,TechTIL 100 Short-Sleeved Hiking T-Shirt 아이스 커피 M,1,M,Red,15.97,GF-R1-U7,8
3608439418860,2480654,apparel,SH100 Apparel,Junior SH100 warm grey snow hiking jacket 카키 10세,1,OS,Grey,34.41,GF-R2-U1,11
3608459642740,2190647,apparel,Men's Shorts,Bidarte 남성용 보드반바지 - 필터 그린,1,OS,Green,23.7,GF-R2-U2,5
3608419218749,2515193,apparel,Jacket,100 여성 짐 & 필라테스 자켓 블랙 S,1,S,Black,51.46,GF-R2-U3,10
3608429814184,2343717,apparel,Men's KIPRUN Running T-Shirt,KIPRUN 남성용 경량 러닝 티셔츠 블루 옐로우,1,OS,Blue,25.89,GF-R2-U4,6
3608419002829,4128849,apparel,Women's Slim-Fit Pilates T-Shirt,여성용 젠틀 짐 & 필라테스 티셔츠 500 슬림핏 - 블랙 블랙 XL,1,XL,Black,68.01,GF-R2-U5,10
3583788111320,2582209,apparel,Breathable Apparel,Keepdry 100 어린이 통기성 긴팔 베이스 레이어 브라이트 인디고 10세,1,OS,Navy,24.05,GF-R2-U6,8
3583788699255,1685025,apparel,Allweather Light Horse Riding Turnout Rug Horse/Pony,Allweather Light Horse Riding Turnout Rug Horse/Pony 브라운 125cm,1,OS,Teal,20.43,GF-R2-U7,11
3583787765968,2722733,apparel,Men's Thermal Apparel,100 남성용 반팔 네오프렌 보온 탑 - 터쿼이즈 딥 페트롤 블루 L,1,L,Blue,32.01,GF-R3-U1,11
3583787774489,4035919,apparel,T-Shirt,Travel 50 티셔츠 울소재  데저트 로즈 XL,1,XL,White,37.21,GF-R3-U2,11
3608390276448,4897621,apparel,KIPRUN Apparel,"JACKET KIPRUN WARM BLUE H, UK 14 / FR 44",1,OS,Blue,58.92,GF-R3-U3,9
3608429653837,4549740,apparel,Short Tight Run Dry EU S,"Short Tight Run Dry 500 G, UK 6-8 / EU S",1,S,White,15.07,GF-R3-U4,5
3583784225571,4272511,apparel,SH500 Apparel,"JACKET WARM SH500 M BROWN, M (Chest 37"")",1,M,Orange,36.29,GF-R3-U5,8
3608439517099,2187597,apparel,Arpenaz Apparel,Arpenaz 100 Mens hiking shorts 브라운 2XL,1,XXL,Green,49.9,GF-R3-U6,8
3583787987513,2711964,apparel,Anna Chlorine-Resistant Aquabiking Leggings,Anna Chlorine-Resistant Aquabiking Leggings 블랙 XS,1,XS,Black,17.46,GF-R3-U7,11
3608419292800,2194384,apparel,Girls Gym Leggings,Girls Gym Leggings 블랙 6세,1,OS,Black,38.54,GF-R4-U1,11
3608459604892,2526538,apparel,Women's Jacket,Race 100 여성용 아노락 자켓(세일링용) 다크 그레이 S,1,S,Grey,60.65,GF-R4-U2,7
3583784076784,4033281,apparel,MH500 Apparel,"Pant MH500 HOMME BLUE/, UK31"" FR40 (L31)",1,OS,Blue,35.4,GF-R4-U3,7
3583787789223,2896026,apparel,Women's Shirt,여성용 반팔 폴로 셔츠 울트라라이트 - 네이비 블루 다크 피코크 블루 XS,1,XS,Blue,20.9,GF-R4-U4,10
3608419195453,2520584,apparel,Regular-Fit Pants,920 레귤러핏 짐 & 필라테스 바지 블랙 W32 L31,1,OS,Black,15.38,GF-R4-U5,10
3608393472144,5509979,apparel,TANK RUN M WHITE N00A,"TANK RUN 100 M WHITE N00A, S",1,M,White,32.09,GF-R4-U6,11
3583783914001,2777653,apparel,Women's Apparel,RUN WARM + 여성용 WARM 조깅 타이즈 네이비 블루 W30 L29,1,OS,Blue,15.68,GF-R4-U7,11
3608390814763,5042749,apparel,JACKET RAINCUT FULLZIP BLACK MAN,"JACKET RAINCUT FULLZIP BLACK MAN, 2XL",1,XXL,Black,43.57,GB-R1-U1,9
3608419038415,2883003,apparel,Men's T-Shirt,남성용 티셔츠 500 - 레드 블랙 2XL,1,XXL,Black,39.57,GB-R1-U2,10
3583783507760,944966,apparel,F300 Apparel,"Short F300 Sr SS15  Black, XS",1,XS,Black,30.43,GB-R1-U3,6
3608439532535,2128678,apparel,Arpenaz300 in-1 Rain Womens Hiking Jacket Midnight indigo,Arpenaz300 3-in-1 Rain Womens Hiking Jacket Midnight indigo 2XS,1,OS,Blue,58.74,GB-R1-U4,7
3608429733560,2729968,apparel,Men's Breathable Running T-Shirt,남성용 러닝 티셔츠 킵런 스킨케어 통기성 - 블랙 블랙 XL,1,XL,Black,45.2,GB-R1-U5,7
3608429767626,2629634,apparel,S AB,러닝 컴포트 스포츠 브라 - 카모 그레이 블랙 S AB,1,S,Black,27.11,GB-R1-U6,7
3608393363619,5651544,apparel,CN WIND RUN MAN BLACK short,"CN WIND RUN 100 MAN BLACK, L [short]",1,L,Black,51.26,GB-R1-U7,7
3583788161257,2427724,apparel,T-Shirt,CN TS ANTI UV-9 중국식 낚시용 티셔츠 - 화이트 그레이 아이스 블루 M,1,M,Blue,47.57,GB-R2-U1,10
3608459622803,2210365,apparel,Men's Shorts,Hendaia 남성용 보드반바지 - 에로우 그린,1,OS,Green,53.2,GB-R2-U2,5
3608419006759,4101939,apparel,T-Shirt,어반 댄스 티셔츠 오버사이즈 - 화이트 딥 오렌지 M_L,1,OS,White,48.18,GB-R2-U3,10
3583788736882,1663574,apparel,mm One-Tee x10,"54 mm One-Tee, x10 플루오 크림슨 .",1,OS,Grey,60.6,GB-R2-U4,9
3608392087059,5280750,apparel,Run900 Thin Mid black,"Run900 Thin Mid 2025 black, 4-5 - 37/38",1,OS,Black,25.24,GB-R2-U5,8
3583784076777,4033279,apparel,MH500 Apparel,"Pant MH500 HOMME BLUE/, UK29"" FR38 (L30)",1,OS,Blue,16.67,GB-R2-U6,10
3583787866993,2959111,apparel,NH900 Apparel,"SHORT NH900 GREY HOMME, UK 32 - EU 40",1,L,Grey,27.83,GB-R2-U7,10
3608390358878,4994768,apparel,KIPRUN Apparel,"KIPRUN SHORT LIGHT GREY N05B, XL",1,XL,Grey,19.03,GB-R3-U1,11
3583783802490,2470464,apparel,Men's Jacket,런 윈드 남성용 러닝 자켓 카본 그레이 XS,1,XS,Grey,39.25,GB-R3-U2,6
3608390483983,5010384,apparel,T SHIRT RUN DRY YELL,"T SHIRT RUN DRY 500 YELL, UK 22 / EU 3XL",1,3XL,Grey,23.19,GB-R3-U3,11
3608429657972,4826163,apparel,JACKET RUN WIND HOOD M GR Chest,"JACKET RUN WIND HOOD M GR, S (Chest 35"")",1,M,Pink,64.24,GB-R3-U4,8
3608419148503,2606364,apparel,T-Shirt,보디빌딩용 긴소매 압축 티셔츠 - 블랙 블랙 L,1,L,Black,65.34,GB-R3-U5,11
3608429767299,2426512,apparel,M CD,러닝 컴포트 스포츠 브라 - 카모 그레이 그레이 M CD,1,M,Grey,37.06,GB-R3-U6,5
3583787405901,4156017,apparel,SHORTS MT500 KHAKI W,"SHORTS MT500 KHAKI W, UK 12 / FR 42",1,OS,Blue,17.34,GB-R3-U7,6
3583787630518,4022036,apparel,Men's T-Shirt,990 남성용 티셔츠 갤럭시 블루 M.,1,M,Blue,15.3,GB-R4-U1,10
3608439390661,2711165,apparel,MH500 Helium Sun-Protect Jacket,MH500 Helium 썬프로텍트 자켓 - 다크 그레이  3XL,1,3XL,Grey,16.26,GB-R4-U2,8
3608439466816,2559011,apparel,Arpenaz Apparel,Arpenaz 500 Men’s Short Sleeved Polo 웨일 그레이 S,1,S,Grey,27.48,GB-R4-U3,7
3608419152920,2432304,apparel,Cross-Training Shorts,500 크로스 트레이닝 반바지 블랙 S,1,S,Black,66.6,GB-R4-U4,7
3608429792093,2506940,apparel,T-Shirt,티셔츠 반팔 런 드라이 + 여성 조깅용 티셔츠 - 버건디 Fluo coral pink L-XL/100-103inch,1,L,Pink,24.86,GB-R4-U5,6
3608419171129,2516625,apparel,Kids' Pants,500 주니어 남아 브러쉬 처리된 저지 짐 바지 아비스 그레이 6세,1,OS,Grey,37.36,GB-R4-U6,11
3608429729518,2891137,apparel,XL EF,러닝 컴포트 스포츠 브라 - 카모 그레이 버건디 XL EF,1,XL,Grey,50.91,GB-R4-U7,10
3583783854154,2423817,apparel,Women's NH500 Waterproof Jacket,NH500 여성용 컨추리 워킹 방수 자켓 - 네이비 아스팔트 블루 2XS,1,OS,Blue,67.87,FR-01,8
3608429664260,4448333,apparel,TSHIRT RUN DRY+ M GREY N03A HEATHER,"TSHIRT RUN DRY+ M GREY N03A HEATHER, XL",1,M,Grey,31.11,FR-02,5
3583787641163,4267660,apparel,Women's Regular-Fit T-Shirt,여성용 티셔츠 레귤러핏 핑크 XL,1,XL,Pink,42.76,FR-03,9
3608439465437,2564432,apparel,Pants,Travel 500 남성 집오프 바지 브라운 M (L33),1,M,Green,16.33,FR-04,6
3608399843405,2687755,apparel,T-Shirt,560 여성 티셔츠 - 네이비 핑크 네이비 블루 M,1,M,Blue,20.65,GF-R1-U1,10
3608429807209,2504123,apparel,Women's Apparel,스포턴스 컴포트 여성용 러닝 브라 블랙 KR: 70A,1,OS,Black,67.17,GF-R1-U2,9
3583783904330,2752692,apparel,Women's Kalenji Apparel,Kalenji 런 웜 여성용 조깅 타이즈 - 블랙 블랙 2XS / W24,1,OS,Black,43.37,GF-R1-U3,11
3608429891154,536659,apparel,Men's Running T-Shirt,Elio 남성용 런닝 티셔츠 - 블루/그레이,1,OS,Blue,32.4,GF-R1-U4,7
3608419306798,2181659,apparel,Womens Gym Pilates Short-Sleeved T-Shirt Light Grey BLACK L,Womens Gym & Pilates Short-Sleeved T-Shirt - Light Grey BLACK L,1,L,Black,44.63,GF-R1-U5,7
3583783851474,2721970,apparel,Women's Leggings 7/8,520 여성용 필라테스 & 젠틀 짐 7/8 레깅스 - 블랙/터쿼이즈 프린트 발틱 블루 S / W28 L29,1,S,Black,18.83,GF-R1-U6,6
3608419049688,2842590,apparel,Jacket,520 여성 젠틀 짐 & 필라테스 후드 자켓 - 블랙 그레이 2XS,1,OS,Black,23.58,GF-R1-U7,11
3608429838777,2172440,apparel,Women's Kiprun Apparel,칼렌지 Kiprun 케어 여성용 러닝 크롭 하의 플루오 코랄 핑크 L,1,L,Pink,37.51,GF-R2-U1,6
3608419349757,2110762,apparel,Pants,120 여성 짐 & 필라테스 바지 블랙 W33 L29,1,OS,Black,57.16,GF-R2-U2,10
3608459633328,2194815,apparel,Women's T-Shirt,여성용 UV 차단 서핑 반팔 워터 티셔츠 - Turquoise Aqua,1,OS,Black,49.62,GF-R2-U3,11
3608393580337,5679429,apparel,SHORT RUN W DRY PURPLE EU M,"SHORT RUN 500 W DRY PURPLE, UK 10 - EU M",1,M,Green,28.13,GF-R2-U4,6
3583783920804,2688404,apparel,Women's Pants,여성용 모던 댄스 길이 조절 바지 블랙 XL / W35 L29,1,XL,Black,61.97,GF-R2-U5,5
3608449851053,2426419,apparel,FREE WOMENS SKI AND SNOWBOARD JACKET PINK,FREE 500 WOMENS SKI AND SNOWBOARD JACKET - PINK 터쿼이즈 S,1,S,Pink,43.37,GF-R2-U6,6
3583787467442,4385486,apparel,Pant Regular Grey M L34,"Pant Regular 500 Grey M, 37"" / XL (L34)",1,M,Grey,16.58,GF-R2-U7,9
3608419206111,2529231,apparel,Women's Leggings,500 여성용 크로스 트레이닝 레깅스 네이비 블루 W26 L28,1,OS,Blue,17.07,GF-R3-U1,6
3608459643471,2190570,apparel,Men's Shorts,Hendaia 남성용 보드반바지 - 에로우 그린,1,OS,Green,44.35,GF-R3-U2,5
3608419306125,2181727,apparel,Womens Gym Pilates Short-Sleeved T-Shirt Light Grey LIGHT ORANGE,Womens Gym & Pilates Short-Sleeved T-Shirt - Light Grey LIGHT ORANGE 2XS,1,OS,Grey,15.49,GF-R3-U3,9
3608449841382,2878635,apparel,FREE LOCK WALK BOYS SKI PANTS,FREE 300 LOCK & WALK BOYS SKI PANTS 다크 블루 14세,1,OS,Blue,19.08,GF-R3-U4,8
3608390358885,4994769,apparel,KIPRUN Apparel,"KIPRUN SHORT LIGHT GREY N05B, 2XL",1,XXL,Grey,64.31,GF-R3-U5,7
3608419002133,4150875,apparel,Women's Slim-Fit Pilates T-Shirt,여성용 젠틀 짐 & 필라테스 티셔츠 500 슬림핏 - 블랙 핑크 L,1,L,Black,15.52,GF-R3-U6,10
3608429741695,2725320,apparel,Kids' Jacket,아동용 레인 자켓 운동복 - 블루 미드나잇 인디고 6세,1,OS,Blue,25.48,GF-R3-U7,9
3608429716709,2915615,apparel,Apparel,20 러닝 압박 슬리브 - 그레이/핑크 블랙 M,1,M,Black,34.11,GF-R4-U1,9
3608419005486,4101312,apparel,Women's Pants,100 여성용 젠틀 짐 & 필라테스 바지 - 그레이 다크 그레이 M / W30 L29,1,M,Grey,22.05,GF-R4-U2,6
3583784714785,4402569,apparel,PANT RUN DRY W PURPLE UK4-6 L28,"PANT RUN DRY W PURPLE, UK4-6 / XS (L28)",1,XS,Pink,20.32,GF-R4-U3,10
3608459610497,2346758,apparel,Women's Jacket,100 여성용 세일링 자켓 블러시 핑크 2XS,1,OS,Pink,50.0,GF-R4-U4,6
3608419237368,2512346,apparel,Kids' T-Shirt,500 주니어 남아 쇼트 슬리브 짐 티셔츠 - 블루 그레이 14세,1,OS,Blue,15.32,GF-R4-U5,9
3608439409301,2423321,apparel,NH500 Waterproof Jacket,NH500 남성 방수 자켓 - 네이비 아이스 커피 M,1,M,Navy,34.99,GF-R4-U6,7
3608429703822,4117873,apparel,Men's Jacket,런 레인 브리드 남성용 러닝 레인 자켓 카키 브라운 L,1,L,Blue,36.44,GF-R4-U7,8
3608439465918,2564455,apparel,Pants,Travel 500 남성 집오프 바지 카본 그레이 L  (L33),1,L,Grey,17.74,GB-R1-U1,7
3608399831167,2699049,apparel,SHORT DRY W BLACK,"SHORT DRY 500 W BLACK, M",1,M,Black,17.0,GB-R1-U2,10
3608429794837,2504809,apparel,Women's Running T-Shirt,여성용 반팔 트레일 러닝 티셔츠 애쉬 그레이 M,1,M,Grey,23.11,GB-R1-U3,6
3608390479207,4967077,apparel,TANK RUN W BLACK N07A EU S,"TANK RUN 100 W BLACK N07A, UK 6-8 / EU S",1,S,Black,22.58,GB-R1-U4,9
3583787645314,4007459,apparel,Women's Apparel,여성용 서핑 비키니 상의 크롭탑 오픈백 안드레아 수파이 디바 그린 KR: 75C,1,OS,Green,33.41,GB-R1-U5,9
3608429688471,4150285,apparel,M CD,러닝 컴포트 스포츠 브라 - 카모 그레이 라이트 블루 M CD,1,M,Blue,17.21,GB-R1-U6,7
3608459572184,2499719,apparel,Men's Pants,Race 남성용 보트 레가타 멜빵 바지 - 그레이/블랙 카본 그레이 M,1,M,Black,19.47,GB-R1-U7,8
3608419114010,2721781,apparel,Women's Pilates T-Shirt,510 여성용 필라테스 & 젠틀 짐 티셔츠 - 화이트 프린트 블루 M,1,M,Blue,47.55,GB-R2-U1,7
3608429649366,4154170,apparel,T SHIRT RUN DRY M ORANGE D06A,"T SHIRT RUN DRY M ORANGE D06A, XL",1,M,Orange,25.28,GB-R2-U2,11
3608459599778,2533871,apparel,Men's Shorts,남성용 레이스 버뮤다 세일링 반바지 블랙 L,1,L,Black,18.9,GB-R2-U3,8
3608393579331,5679363,apparel,SHORTY RUN W LIGHT B EU XS,"SHORTY RUN 900 W LIGHT B, UK 4-6 - EU XS",1,XS,Green,67.51,GB-R2-U4,5
3608419111880,2600247,apparel,Boys' T-Shirt,100 남아용 반팔 짐 티셔츠 - 파랑/프린트 웨일 그레이 131-140cm 8-9세,1,OS,Grey,30.72,GB-R2-U5,7
3583783807358,2521270,apparel,Jacket,500 베이비 슬리브리스 후드 짐 자켓 - 프린트/핑크 핑크 6세,1,OS,Pink,18.0,GB-R2-U6,9
3608429727712,2944161,apparel,Men's Running T-Shirt,런 드라이 + 남성용 러닝 티셔츠 초콜릿 트러플 L,1,L,Red,24.53,GB-R2-U7,8
3608429903390,220673,apparel,Men's Ekiden Apparel,Ekiden 남성용 런닝 져지 - 블루 화이트,1,OS,Blue,53.28,GB-R3-U1,9
3608393057433,5573489,apparel,SHORT ESSENTIAL MEN BLA,"SHORT ESSENTIAL MEN BLA, UK 43"" - EU 2XL",1,XXL,White,27.09,GB-R3-U2,11
3583783948679,2777689,apparel,Women's Apparel,RUN WARM + 여성용 WARM 조깅 타이즈 블랙 W38 L29,1,OS,Black,56.07,GB-R3-U3,10
3583787595183,4006011,apparel,Mens Anti-mosquito Trousers Tropic green L34,Mens Anti-mosquito Trousers - Tropic 500 - green 더스티 그린 XL(L34),1,XL,Green,51.35,GB-R3-U4,9
3583784025171,4153999,apparel,Kiprun Apparel,Kiprun Care Mens Running Breathable T-Shirt - slate blue 플루오 라임 옐로우 L,1,L,Blue,46.81,GB-R3-U5,9
3608459652312,2177707,apparel,Men's Apparel,100 남성용 스노클링 반팔 수트 다크 블루 3XL,1,3XL,Blue,30.15,GB-R3-U6,10
3608419077148,2718917,apparel,Women's Jacket,여성용 카디오 트레이닝 자켓 500 - 페일 핑크 프린트 데저트 로즈 S,1,S,Pink,17.26,GB-R3-U7,7
3583787843437,2954011,apparel,Shorts,100 숏 서핑보드 반바지 - 블록 그레이 오렌지 L,1,L,Grey,46.33,GB-R4-U1,10
3583783978782,2988751,apparel,Anna Chlorine-Resistant Aquabiking Leggings,Anna Chlorine-Resistant Aquabiking Leggings 갤럭시 블루 XS,1,XS,Blue,42.13,GB-R4-U2,7
3608419126877,2600518,apparel,Boys' W900 Breathable Pants,W900 남아용 짐 통기성/내구성/경량성 와이드핏 바지 - 블랙 블랙 123-130cm 7-8세,1,OS,Black,45.63,GB-R4-U3,7
3608439356896,2892130,apparel,Boys' MH500 Jacket,남아용 바람막이 자켓 헬륨 MH500 플로우 옐로우 141-150cm10-11세,1,OS,Green,55.35,GB-R4-U4,5
3608439583469,2018264,apparel,Arpenaz Apparel,Arpenaz 50 Womens Nature Hiking Skirt and Shorts 다크 샌드 XS,1,XS,Grey,58.2,GB-R4-U5,8
3608459598306,2525314,apparel,Women's T-Shirt,세일링 100 여성용 긴소매 티셔츠 - 블루 네이비 블루 L,1,L,Blue,27.29,GB-R4-U6,5
3608429704065,4154143,apparel,Thermal Jacket,러닝 보온 자켓 - 그레이  퓨터 XS,1,XS,Grey,15.03,GB-R4-U7,5
3608419082944,2693834,apparel,Women's Long-Sleeve T-Shirt,여성용 모던 댄스 긴팔 티셔츠  블랙 M,1,M,Black,47.53,FR-01,8
3608439285691,4469343,apparel,NH500 Apparel,"PANTS NH500 REGULAR NAV UK32"" FR42 (L31)",1,OS,Orange,25.94,FR-02,11
3583783900462,2500410,apparel,Men's Waterproof Apparel,남성용 트레일 러닝 방수 팬츠 블랙 W30 L31,1,OS,Black,61.09,FR-03,6
3608439367465,2757503,apparel,Men's NH100 Pants,NH100 남성용 컨추리 워킹 바지 - 다크 그레이 아스팔트 블루 3XL  (L34),1,3XL,Blue,28.07,FR-04,7
3583783865839,2745551,apparel,Shorts,B-READY 롱 반바지 블랙 S,1,S,Black,66.39,GF-R1-U1,5
3583787774496,4035920,apparel,T-Shirt,Travel 50 티셔츠 울소재  데저트 로즈 XS,1,XS,Navy,63.84,GF-R1-U2,7
3608418923774,4291582,apparel,SHORT STRETCH LIGHT G EU S,"SHORT 120 STRETCH LIGHT G, UK 30"" / EU S",1,S,Green,20.75,GF-R1-U3,7
3608393533364,5689954,apparel,SHORT TANK RUN W PURP EU XL,"SHORT TANK RUN 500 W PURP, UK 16 / EU XL",1,XL,Navy,56.81,GF-R1-U4,9
3608429811954,2356052,apparel,Men's T-Shirt,RUN Warm 남성용 긴소매 티셔츠  XS,1,XS,White,55.86,GF-R1-U5,7
3608439557699,2040603,apparel,Arpenaz Apparel,Arpenaz 50 Womens Nature Hiking Skirt and Shorts 다크 샌드 2XS,1,OS,Pink,57.15,GF-R1-U6,7
3608419113686,2721965,apparel,Women's Leggings 7/8,520 여성용 필라테스 & 젠틀 짐 7/8 레깅스 - 블랙/터쿼이즈 프린트 발틱 블루 3XL / W41 L31,1,3XL,Black,31.11,GF-R1-U7,7
3608429669333,4527294,apparel,PANT DRY M KHAKI G26A L31,"PANT DRY M KHAKI G26A, 30"" / S (L31)",1,M,Red,67.85,GF-R2-U1,8
3608419206616,2529025,apparel,Women's Cross-Training T-Shirt,500 여성용 크로스 트레이닝 티셔츠 - 핑크 Raspberry pink XS,1,XS,Pink,50.82,GF-R2-U2,7
3608390315048,4977378,apparel,Apparel 3/4,"3/4 TIGHT RUN DRY 100 M, UK 32"" / EU M",1,M,Teal,52.09,GF-R2-U3,7
3608429760962,2466524,apparel,Women's Apparel,Run Dry+ 여성용 러닝 쇼티 수트 - 블랙 블랙 2XS,1,OS,Black,23.49,GF-R2-U4,9
3608429728191,2917691,apparel,Running,남성 러닝용 브리서블 박서 프러시안 초콜릿 트러플 S,1,S,Black,24.55,GF-R2-U5,7
3583783807044,2455326,apparel,Regular-Fit Leggings,FIT+ 500 여성 레귤러핏 스트레칭 레깅스 블랙 2XL / W38 L29,1,XXL,Black,39.7,GF-R2-U6,11
3608429750796,2434676,apparel,T-Shirt,티셔츠 반팔 런 드라이 + 여성 조깅용 티셔츠 플루오 페일 피치 L,1,L,Teal,24.1,GF-R2-U7,10
3608393135124,5374525,apparel,LEGGING EU L L29,"CN 520 LEGGING, UK 12-14 / EU L (L29)",1,L,White,14.99,GF-R3-U1,7
3608459683125,2028801,apparel,T-Shirt,Dry 500 남성 보트 폴로 티셔츠 아스팔트 블루 M,1,M,Blue,30.21,GF-R3-U2,10
3583788022428,2607907,apparel,Shorts,500 롱 서핑보드 반바지 - 정글 그레이 블랙 S,1,S,Black,34.74,GF-R3-U3,7
3583783901155,2775873,apparel,Slim-Fit Leggings 7/8,520 여성 슬림핏 젠틀 짐 & 필라테스 7/8 레깅스 - 네이비 블루 네이비 블루 S / W28 L29,1,S,Blue,31.53,GF-R3-U4,12
3583783836297,2473628,apparel,Women's Apparel,여성용 트레일 러닝 타이즈 그레이 W38 L29,1,OS,Grey,33.15,GF-R3-U5,10
3583784902120,5115798,apparel,SOFT LEGGING UK14-16 L29,"CN 520 SOFT LEGGING, UK14-16 / XL(L29)",1,XL,Pink,17.4,GF-R3-U6,7
3608419011319,2722294,apparel,Pilates T-Shirt,500 여성 쇼트슬리브 쇼트슬리브 짐 & 필라테스 티셔츠 오렌지 L,1,L,Pink,30.45,GF-R3-U7,9
3608459590607,2547808,apparel,Shorts,900 롱 서핑보드 반바지 - 심비오 블루 블루 XL,1,XL,Blue,15.7,GF-R4-U1,8
3608419297577,2188069,apparel,Women's Slim-Fit Leggings 7/8,Fit+ 여성용 7/8 슬림핏 Gym & Pilates 레깅스 - 블랙,1,OS,Black,38.85,GF-R4-U2,10
3608429814221,2343394,apparel,Kiprun Apparel,Kiprun Mens Wind Jacket - White Snow white L,1,L,White,50.5,GF-R4-U3,11
3608419306286,2181721,apparel,Womens Gym Pilates Leggings Mottled Grey BLACK W26 L28,Womens Gym & Pilates Leggings - Mottled Grey BLACK 2XS / W26 L28,1,OS,Black,30.91,GF-R4-U4,7
3608459601488,2543856,apparel,Kids' T-Shirt,500 아동용 긴팔 UV 차단 탑 서핑 티셔츠 페트롤 블루 6세,1,OS,Blue,19.33,GF-R4-U5,12
3608419127430,2600304,apparel,Boys' Shorts,100 남아용 반바지 - 네이비 네이비 블루 141-150cm10-11세,1,OS,Blue,17.23,GF-R4-U6,5
3608429797210,2506046,apparel,ACTIVE Apparel,"RUN ACTIVE GRIP M black, UK 6.5 - EU 40",1,M,Black,17.43,GF-R4-U7,7
3608419160000,2516909,apparel,T-Shirt,500 베이비 긴소매 짐 티셔츠 데저트 로즈 12개월,1,OS,Green,44.14,GB-R1-U1,9
3608439326127,4128330,apparel,MH500 Apparel,Women’s Mountain Walking Leggings MH500 그린 L,1,S,Green,37.52,GB-R1-U2,5
3608429708452,4144458,apparel,Women's Apparel,Run Warm 여성용 러닝 긴소매 저지 코랄 핑크 M,1,M,Pink,37.57,GB-R1-U3,8
3608399876519,2341233,apparel,Thermic Shorts,Thermic 500 반바지 네이비 블루 2XL,1,XXL,Blue,19.91,GB-R1-U4,6
3608429714538,4035199,apparel,T-Shirt,티셔츠 런 드라이 플러스 필 - 블랙 블랙 XL,1,XL,Black,21.89,GB-R1-U5,6
3608429723592,2889092,apparel,Women's Running Pants,여성용 러닝 바지 런 드라이 - 블랙  퍼플 그레이 XL / W35 L29,1,XL,Black,45.98,GB-R1-U6,7
3608419008098,2964869,apparel,Women's Leggings,여성용 레깅스 - 퍼플 퍼플 그레이 2XS / W24 L28,1,OS,Grey,22.93,GB-R1-U7,10
3608429801221,2505410,apparel,Men's Apparel,남성용 트레일 러닝 배기 쇼츠 블랙 S,1,S,Black,15.46,GB-R2-U1,11
3608419186628,2389668,apparel,Kids' Pants,100 주니어 남아 짐 바지 블랙 5세,1,OS,Black,17.15,GB-R2-U2,7
3608419002751,4128846,apparel,Women's Slim-Fit Pilates T-Shirt,여성용 젠틀 짐 & 필라테스 티셔츠 500 슬림핏 - 블랙 블랙 L,1,L,Black,39.38,GB-R2-U3,6
3608429885337,571283,apparel,Men's Running T-Shirt,Elio 남성용 런닝 티셔츠 - 블루/그레이,1,OS,Blue,33.66,GB-R2-U4,9
3608439393693,2711344,apparel,MH500 Helium Sun-Protect Jacket,MH500 Helium 자외선 차단 자켓 - 로즈 화이트 M,1,M,White,15.8,GB-R2-U5,6
3583788235064,2314237,apparel,Breathable Apparel,Keepdry 500 어린이 통기성 반팔 베이스 레이어 블랙 XL,1,XL,Black,60.89,GB-R2-U6,10
3608419171792,2422036,apparel,Jacket,900 젠틀 짐 & 필라테스 후드 재킷 - 라이트 그레이 그레이 M,1,M,Grey,17.54,GB-R2-U7,7
3583787783306,2964451,apparel,Men's T-Shirt,500 남성용 긴팔 UV 차단 서핑 티셔츠 - 블랙/그레이 갤럭시 블루 M,1,M,Black,19.85,GB-R3-U1,8
3583783808621,2502182,apparel,Women's Apparel,RUN WARM + 여성용 WARM 조깅 타이즈 갤럭시 블루 W33 L29,1,OS,Blue,20.48,GB-R3-U2,7
3583783850279,2617443,apparel,Women's Slim-Fit Pants,500 여성용 바지 슬림핏  블랙 S / W28 L29,1,S,Black,46.49,GB-R3-U3,10
3608419114829,2610573,apparel,Women's Leggings,520 여성용 필라테스 & 젠틀 짐 레깅스 - 블랙/베이지 프린트 블랙 2XL / W38 L31,1,XXL,Black,36.3,GB-R3-U4,10
3608459641941,2190824,apparel,Men's Jacket,100 남성용 세일링 자켓 웨일 그레이 M,1,M,Grey,35.57,GB-R3-U5,6
3583784289818,4602912,apparel,Ski Pant W Black,"Ski Pant 500 W Black, UK 16 / FR 46",1,OS,Black,40.87,GB-R3-U6,7
3608419153057,2432279,apparel,T-Shirt,500 크로스 트레이닝용 컴프레션 티셔츠 블랙 M,1,M,Black,34.53,GB-R3-U7,10
3608429891642,536425,apparel,Men's Ekiden Running T-Shirt,Ekiden 남성용 런닝 티셔츠 - 그레이 Snow white,1,OS,Grey,68.85,GB-R4-U1,11
3608439373077,2486240,apparel,NH500 Pants,NH500 Fit 남성 컨추리 워킹 바지 - 카키 아스팔트 블루 M-L,1,M,Blue,43.16,GB-R4-U2,6
3608429688679,4150665,apparel,Breathable Apparel,러닝 통기성 팬티 오렌지 M/L,1,M,Navy,58.23,GB-R4-U3,6
3583783901827,2774154,apparel,Women's Pilates T-Shirt,530 여성용 번아웃 필라테스 & 젠틀 짐 티셔츠 - 라이트 블루 블랙 2XS,1,OS,Black,60.1,GB-R4-U4,10
3583783902077,2775854,apparel,Slim-Fit Leggings 7/8,520 여성 슬림핏 젠틀 짐 & 필라테스 7/8 레깅스 - 네이비 블루 네이비 블루 M / W30 L29,1,M,Blue,42.59,GB-R4-U5,6
3608419219272,2511763,apparel,Slim-Fit Shorts,560 5부 슬림핏 젠틀 짐 & 필라테스 반바지 - 블랙 블랙 2XL,1,XXL,Black,65.82,GB-R4-U6,10
3583783805125,2502175,apparel,Women's Apparel,RUN WARM + 여성용 WARM 조깅 타이즈 갤럭시 블루 W26 L28,1,OS,Blue,36.17,GB-R4-U7,9
3608419176964,2516417,apparel,Kids' Pants,980 주니어 여아 짐 포켓 바지 그레이 블루 5세,1,OS,Blue,21.44,FR-01,11
3608429891925,536111,apparel,Men's Kiprun Apparel,Kiprun 남성용 런닝 ¾ 타이츠 - 블랙 그레이,1,OS,Black,38.7,FR-02,6
3608391140151,5186154,apparel,CN SHORT CARDIO TRAINING EU L,"CN SHORT CARDIO TRAINING, UK 34"" / EU L",1,L,Pink,58.07,FR-03,9
3608429761297,2621022,apparel,Women's Shorts,여성용 런 드라이 반바지 블루 S,1,S,Blue,17.69,FR-04,9
3608439327780,4229719,apparel,Boys' MH100 Pants,MH100 남아용 바지 블랙 123-130cm 7-8세,1,OS,Black,54.72,GF-R1-U1,9
3608429718796,2763150,apparel,Long-Sleeve T-Shirt,러닝 긴팔 티셔츠 런 드라이 플러스 - 그레이 다크 블루 XS,1,XS,Blue,43.88,GF-R1-U2,11
3608419204964,2514012,apparel,T-Shirt,500 베이비 짐 쇼트슬리브 티셔츠 마젠타 4세,1,OS,Teal,34.85,GF-R1-U3,7
3608399845270,2685334,apparel,T-Shirt,530 남성 티셔츠 - 블랙 옐로우 일렉트릭 블루 S,1,S,Black,25.73,GF-R1-U4,7
3608439367885,2755371,apparel,Women's NH500 Pants,여성용 컨추리 워킹 카프리 바지 NH500 프레시  카본 그레이 XS,1,XS,Grey,26.62,GF-R1-U5,7
3608419075335,2735249,apparel,Women's T-Shirt,여성용 모던 댄스 메시지 티셔츠 - 블랙 블랙 올리브 S,1,S,Black,19.57,GF-R1-U6,7
3608459550946,2698533,apparel,Women's Waterproof Jacket,300 여성용 세일링 방수 자켓 - 네이비 그레이 아스팔트 블루 L,1,L,Blue,37.24,GF-R1-U7,10
3608439611162,886680,apparel,Arpenaz Apparel,Arpenaz 300 3-in-1 Mens Hiking Rain Jacket Deep blue L,1,L,Blue,40.3,GF-R2-U1,7
3608390046720,4270357,apparel,KIPRUN Apparel,"KIPRUN RUNNING LIGHT SH, UK 12-14 / EU L",1,L,Black,49.01,GF-R2-U2,8
3608391878177,5318672,apparel,SHORT RUN M COMFORT BLUE H17B,"SHORT RUN 500 M COMFORT BLUE H17B, 2XL",1,M,Blue,18.46,GF-R2-U3,5
3608429714767,4035203,apparel,T-Shirt,티셔츠 런 드라이 플러스 필 - 블랙 포기 블루 M,1,M,Black,29.04,GF-R2-U4,6
3608390281039,4898487,apparel,Apparel 3/4,"Run500 thick mid X2 purp, 8.5-11 - 43/46",1,OS,Blue,16.61,GF-R2-U5,6
3608419159400,2484236,apparel,Pants,500 스페이서 베이비 짐 바지 - 그레이/핑크 라이트 그레이 4세,1,OS,Grey,49.26,GF-R2-U6,6
3608419105193,2387918,apparel,Shirt,여성 후드 댄스 스웨트 셔츠 블랙 M_L,1,OS,Black,16.91,GF-R2-U7,7
3608419163056,2473922,apparel,Pilates T-Shirt,900 여성 긴소매 스트레칭 & 필라테스 티셔츠 담슨 S,1,S,White,16.72,GF-R3-U1,10
3583784086240,4006008,apparel,Mens Anti-mosquito Trousers Tropic green L32,Mens Anti-mosquito Trousers - Tropic 500 - green 더스티 그린 L (L32),1,L,Green,18.04,GF-R3-U2,8
3608391773113,5274022,apparel,TANK RUN W LIGHT WHI EU XS,"TANK RUN 900 W LIGHT WHI, UK 4-6 / EU XS",1,XS,Grey,16.46,GF-R3-U3,11
3583787766798,2908595,apparel,Shorts,B-READY 롱 반바지 블랙 XL,1,XL,Black,60.53,GF-R3-U4,8
3608399861850,2230155,apparel,Kids' Shorts,500 주니어 남아 반바지 퍼시픽 블루 14세,1,OS,Blue,23.93,GF-R3-U5,8
3583787910733,2909757,apparel,Women's Compact Apparel,여성용 컴팩트 극세사 배스로브 후드형 - 핑크  마젠타 M,1,M,Pink,50.39,GF-R3-U6,6
3608390479221,4967079,apparel,TANK RUN W BLACK N0 EU L,"TANK RUN 100 W BLACK N0, UK 12-14 / EU L",1,L,Black,17.2,GF-R3-U7,6
3608449902120,2112578,apparel,Slide Womens Ski Jacket Pink Coral pink S,Slide 300 Womens Ski Jacket - Pink Coral pink S,1,S,Pink,23.4,GF-R4-U1,7
3583787609965,4248042,apparel,T-Shirt,Travel 50 티셔츠 울소재  블루 L,1,L,Blue,61.98,GF-R4-U2,11
3608449851596,2569655,apparel,Pants,SNB PA 500 M KKB 바지 카키 베이지 L,1,M,Green,26.69,GF-R4-U3,8
3608419127423,2600302,apparel,Boys' Shorts,100 남아용 반바지 - 네이비 네이비 블루 123-130cm 7-8세,1,OS,Blue,27.85,GF-R4-U4,6
3608429709152,2730090,apparel,Men's Breathable T-Shirt,남성용 러닝 통기성 긴소매 티셔츠 스킨케어 - 네이비 네이비 블루 XL,1,XL,Blue,37.1,GF-R4-U5,7
3608429764748,2609019,apparel,Men's KIPRUN Shorts,KIPRUN 남성용 타이트 런 반바지 블랙 옐로우 블랙 2XL,1,XXL,Black,17.5,GF-R4-U6,9
3583788448501,865493,apparel,COMFORTEE Apparel,COMFORTEE CREW NECK PULLOVER BLACK XL,1,XL,Black,22.42,GF-R4-U7,7
3608399864165,2229878,apparel,Kids' T-Shirt,500 주니어 남아 티셔츠 - 블루 퍼시픽 블루 10세,1,OS,Blue,24.87,GB-R1-U1,8
3608419319927,2175297,apparel,Regular-Fit Pants,920 레귤러핏 짐 & 필라테스 바지 블랙 W41 L34,1,OS,Black,15.07,GB-R1-U2,9
3608429798897,2503512,apparel,Women's Running T-Shirt,SS 런 라이트 여성용 러닝 티셔츠 다크 페트롤 블루 S,1,S,Blue,41.8,GB-R1-U3,10
3608419103458,2756433,apparel,Active Short-Sleeve T-Shirt,"Active 여성 레귤러, 핏 반팔 티셔츠 연보라 XS",1,XS,Red,40.68,GB-R1-U4,5
3608459642924,2190635,apparel,Men's Shorts,Bidarte 남성용 보드반바지 - 필터 그린,1,OS,Green,18.79,GB-R1-U5,8
3608429703372,4154086,apparel,Thermal Pants,러닝 보온 바지 - 그레이 다크 그레이 XS / W28 L30,1,XS,Grey,42.51,GB-R1-U6,7
3583783804517,2497382,apparel,Pants,500 슬림-핏 짐 스트레칭 바지 블랙 3XL / W44 L34,1,3XL,Black,40.58,GB-R1-U7,9
3608439449239,2556783,apparel,TechTIL Short-Sleeved Hiking T-Shirt,TechTIL 100 Short-Sleeved Hiking T-Shirt 아이스 커피 L,1,L,Grey,20.47,GB-R2-U1,10
3608439369551,2757340,apparel,Men's NH100 Shorts,NH100 남성용 컨추리 워킹 반바지 프레시 - 블랙 카본 그레이 M,1,M,Black,31.08,GB-R2-U2,8
3583788152491,2430279,apparel,Climbing Pants 3/4,클리프 남성 3/4 등반 바지 스톰 그레이 M,1,M,Grey,34.07,GB-R2-U3,7
3608429687924,4150252,apparel,M CD,러닝 컴포트 스포츠 브라 - 카모 그레이 오렌지 M CD,1,M,Grey,64.93,GB-R2-U4,11
3608391871840,5318309,apparel,TANK RUN M COMFORT BLUE H17B,"TANK RUN 500 M COMFORT BLUE H17B, S",1,M,Blue,47.78,GB-R2-U5,7
3608418990349,2982402,apparel,Men's T-Shirt,남성용 긴소매 티셔츠 520 - 다크 그린/블랙 카본 그레이 L,1,L,Black,18.92,GB-R2-U6,6
3608399845669,2602801,apparel,SH Light Womens Tennis Shorts Grey/Black,900 SH Light Womens Tennis Shorts - Grey/Black 블랙 XS,1,XS,Black,49.08,GB-R2-U7,10
3583787774601,4035910,apparel,Women's T-Shirt,트래블 50 여성용 울 티셔츠 블랙 S,1,S,Black,55.37,GB-R3-U1,6
3608439328558,4285588,apparel,NH500 Pants,NH500 Fit 남성 컨추리 워킹 바지 - 카키 카푸치노 M,1,M,Green,47.58,GB-R3-U2,9
3608419298253,2185938,apparel,Fit+ Womens Slim-Fit Gym and Pilates Leggings Dark Grey LIGHT GREY XS W28 L29,Fit+ Womens Slim-Fit Gym and Pilates Leggings - Dark Grey LIGHT GREY XS / W28 L29,1,XS,Grey,51.89,GB-R3-U3,9
3608429800699,2507547,apparel,Men's Short-Sleeve T-Shirt,남성용 트레일 러닝 반팔 티셔츠 화이트 S,1,S,White,31.83,GB-R3-U4,10
3608399876397,2341223,apparel,Thermic Apparel,Thermic 900 상의 네이비 블루 2XL,1,XXL,Blue,17.75,GB-R3-U5,6
3583788232957,2315424,apparel,Breathable Apparel,킵드라이 500 어린이 통기성 긴팔 베이스 레이어 블랙 10세,1,OS,Black,64.82,GB-R3-U6,7
3608393892232,5736253,apparel,TS RUN W CRO EU XS short,"TS RUN 500 W CRO, UK 4-6 / EU XS [short]",1,XS,Teal,52.89,GB-R3-U7,10
3608439328879,4227256,apparel,TechTIL Short-Sleeved Hiking T-Shirt,TechTIL 100 Short-Sleeved Hiking T-Shirt 그레이 S,1,S,Grey,31.86,GB-R4-U1,5
3608439373749,4004868,apparel,Women's NH500 Jacket,여성용 자켓 NH500 티파니 - 블루 그린 XL,1,XL,Blue,43.31,GB-R4-U2,8
3608419102017,2722276,apparel,Pilates T-Shirt,500 여성 쇼트슬리브 쇼트슬리브 짐 & 필라테스 티셔츠 다크 블루 L,1,L,Blue,41.48,GB-R4-U3,6
3608419140460,2611487,apparel,Cross-Training Shorts,900 크로스 트레이닝 반바지 - 블랙/그레이 블랙 2XL,1,XXL,Black,17.54,GB-R4-U4,8
3608439328930,4227275,apparel,TechTIL Short-Sleeved Hiking T-Shirt,TechTIL 100 Short-Sleeved Hiking T-Shirt 퍼티 M,1,M,Orange,24.41,GB-R4-U5,9
3608429809807,2507592,apparel,Women's KIPRUN KALENJI Running T-Shirt,KIPRUN CARE KALENJI 여성용 러닝 티셔츠 - 블랙 플루오 코랄 핑크 L,1,L,Black,20.07,GB-R4-U6,10
3608393362797,5651532,apparel,CN WIND RUN MAN BLUE short,"CN WIND RUN MAN 100 BLUE, S [short]",1,S,Blue,39.92,GB-R4-U7,6
3608419113181,2759392,apparel,Women's Pilates T-Shirt,520 여성용 필라테스 & 젠틀 짐 티셔츠 - 라이트 블루 블랙 XS,1,XS,Black,19.6,FR-01,11
3608439324727,4225278,apparel,Men's MH550 Jacket,MH550 남성용 자켓 헬륨 블루 XL,1,XL,Blue,15.77,FR-02,9
3608449836227,2836487,apparel,Girls' Jacket,SNB JKT 500 JR 여아용 자켓 - 터쿼이즈 핑크 10세,1,OS,Pink,46.77,FR-03,6
3583787987490,2711966,apparel,Anna Chlorine-Resistant Aquabiking Leggings,Anna Chlorine-Resistant Aquabiking Leggings 블랙 M,1,M,Black,31.91,FR-04,6
3608419186673,2389670,apparel,Kids' Pants,100 주니어 남아 짐 바지 블랙 8세,1,OS,Black,30.38,GF-R1-U1,7
3608393363800,5651523,apparel,CN WIND RUN MAN WHITE short,"CN WIND RUN 100 MAN WHITE, M [short]",1,M,White,58.33,GF-R1-U2,10
3583783971318,2951874,apparel,Women's Loose-Fit T-Shirt,여성용 모던 댄스 티셔츠 루즈 핏 - 버건디 블랙 S,1,S,Black,65.01,GF-R1-U3,11
3608429804857,2501413,apparel,Men's Running T-Shirt,런 드라이 남성용 러닝 티셔츠 일렉트릭 블루 S,1,S,Blue,26.39,GF-R1-U4,6
3608419071955,2773898,apparel,Pilates T-Shirt,520 Tulle 젠틀 짐 & 필라테스 여성 티셔츠 - 블랙 블랙 XS,1,XS,Black,22.6,GF-R1-U5,8
3608429746980,2749808,apparel,Women's Thermal Apparel,여성용 러닝 타이즈 킵런 보온 - 블랙  블랙 XS / W26 L30,1,XS,Black,47.36,GF-R1-U6,9
3583783859371,2712212,apparel,Women's Pants,세일링 100 여성용 러기드 세일링 바지 - 네이비 네이비 블루 S / W28 L29,1,S,Blue,52.94,GF-R1-U7,7
3608459569139,2457988,apparel,Women's Jacket,100 여성용 세일링 자켓 네이비 블루 XL,1,XL,Blue,15.31,GF-R2-U1,11
3608419306316,2181722,apparel,Womens Gym Pilates Leggings Mottled Grey BLACK XS W28 L29,Womens Gym & Pilates Leggings - Mottled Grey BLACK XS / W28 L29,1,XS,Black,42.39,GF-R2-U2,10
3583783775015,2532630,apparel,Apparel,100 1.5mm 키즈 스노클링 쇼티 터쿼이즈 그린 6세,1,OS,Green,15.97,GF-R2-U3,5
3608439374630,2762655,apparel,Men's NH550 Waterproof Jacket,NH550 남성용 방수 자켓 다크 샌드 3XL,1,3XL,White,56.43,GF-R2-U4,8
3583787766842,2908592,apparel,Shorts,B-READY 롱 반바지 블랙 M-L,1,M,Black,15.09,GF-R2-U5,9
3608419185874,2516732,apparel,Kids' Jacket,100 주니어 남아 짐 자켓 퓨터 5세,1,OS,Black,47.03,GF-R2-U6,5
3608419236811,2513456,apparel,Kids' T-Shirt,100 주니어 남아 쇼트슬리브 짐 티셔츠 체리 레드 12세,1,OS,Red,29.41,GF-R2-U7,10
3583783806580,2507318,apparel,Men's Running T-Shirt,RUN DRY 남성용 러닝 티셔츠 다크 그레이 XS,1,XS,Grey,59.35,GF-R3-U1,9
3608419385441,2082298,apparel,Jacket,500 여성 짐 & 필라테스 집업 후드 자켓 블랙 XS,1,XS,Black,45.66,GF-R3-U2,10
3583788111313,2582208,apparel,Breathable Apparel,Keepdry 100 어린이 통기성 긴팔 베이스 레이어 브라이트 인디고 8세,1,OS,Pink,54.35,GF-R3-U3,8
3583783851672,2466967,apparel,NH500 Apparel,"PANT NH500 REG GREY W, UK8 / FR38 (L29)",1,OS,Grey,30.16,GF-R3-U4,9
3608419224023,2512177,apparel,Jacket,100 후드 젠틀 짐 & 필라테스 자켓 - 카본 그레이 카본 그레이 3XL,1,3XL,Grey,63.27,GF-R3-U5,7
3608419061499,2999314,apparel,Women's Apparel,여성용 필라테스 & 젠틀 짐 스포츠 브라 - 블랙 블랙 L,1,L,Black,21.44,GF-R3-U6,7
3608419267488,2315429,apparel,Kids' Shirt,500 주니어 여아 후드 짐 스웨트셔츠 - 오렌지 페일 코랄 8세,1,OS,Teal,55.29,GF-R3-U7,6
3608429823339,2190210,apparel,Men's Running T-Shirt,RUN DRY 남성용 러닝 티셔츠 블랙 Abyss grey,1,OS,Black,15.15,GF-R4-U1,9
3608419351811,2110554,apparel,Pants,FIT+ 500 여성 레귤러 짐 & 필라테스 바지 블랙 W35 L29,1,OS,Black,42.13,GF-R4-U2,10
3608429737452,2761913,apparel,Boys' Shorts,AT500 남아용 육상 반바지 - 블루 네이비 블루 123-130cm 7-8세,1,OS,Blue,17.74,GF-R4-U3,11
3583788294160,2189407,apparel,Flower Womens Short-Sleeved Riding Shirt Asphalt blue,Flower Womens Short-Sleeved Riding Shirt Asphalt blue 46,1,OS,Blue,61.28,GF-R4-U4,7
3583787867013,2941360,apparel,Apparel,"복싱 랩 100 2.5m - 레드 브라이트 레드 2,5m",1,OS,Red,15.21,GF-R4-U5,7
3608419047837,2933058,apparel,Women's Loose-Fit Pants,여성용 모던 댄스 하의 루즈 핏 바지- 블랙 블랙 XL / W35 L31,1,XL,Black,15.01,GF-R4-U6,7
3608429718635,2943024,apparel,Women's Running T-Shirt,SS 런 라이트 여성용 러닝 티셔츠 카본 그레이 L-XL,1,L,Grey,64.02,GF-R4-U7,8
3608419313918,2178102,apparel,Womens Gym Pilates Short-Sleeved T-Shirt Light Grey PINK L,Womens Gym & Pilates Short-Sleeved T-Shirt - Light Grey PINK L,1,L,Grey,29.36,GB-R1-U1,11
3608429767800,2396972,apparel,Apparel,러닝 박서 - 블랙/옐로우 에징 블랙 M,1,M,Black,27.23,GB-R1-U2,8
3608419217421,2414706,apparel,Pilates T-Shirt,520 여성 쇼트 슬리브 짐 & 필라테스 티셔츠 - 블랙 블랙 L,1,L,Black,26.23,GB-R1-U3,9
3608419222241,2512230,apparel,Jacket,500 짐 & 필라테스 후드 자켓 블랙 L,1,L,Black,15.56,GB-R1-U4,7
3583783851696,2466971,apparel,NH500 Apparel,"PANT NH500 REG GREY W, UK12 / FR42 (L29)",1,OS,Grey,52.26,GB-R1-U5,8
3608459578070,2490013,apparel,Shorts,100 롱 서핑보드 반바지 차이나 레드 옐로우 2XL,1,XXL,Red,41.52,GB-R1-U6,5
3583787776988,2988755,apparel,Anna Chlorine-Resistant Aquabiking Leggings,Anna Chlorine-Resistant Aquabiking Leggings 갤럭시 블루 L,1,L,Blue,45.29,GB-R1-U7,7
3608429823698,2190178,apparel,Men's Apparel,런 드라이 남성용 런닝 크롭 팬츠 아비스 그레이 L,1,L,Grey,64.29,GB-R2-U1,10
3608419109856,2461587,apparel,T-Shirt,여성 모던 댄스 반소매 티셔츠 - 블랙 블랙 S,1,S,Black,54.44,GB-R2-U2,10
3608392400735,5436270,apparel,NH100 Apparel,"JACKET FULL ZIP NH100 M NAVY, L",1,M,Navy,38.43,GB-R2-U3,10
3608459600573,2544072,apparel,Women's Sun-Protect T-Shirt,후드가 달린 500 여성용 자외선 차단 서핑 티셔츠 탑 – 블루/그린 다크 피코크 블루 XS,1,XS,Blue,16.21,GB-R2-U4,9
3608419303711,2183392,apparel,Kids' T-Shirt,주니어 남아 쇼트슬리브 짐 티셔츠 네이비 블루 8세,1,OS,Blue,27.08,GB-R2-U5,9
3608439634482,636745,apparel,Arpenaz Apparel,Arpenaz 300 Mens Hiking Waterproof Rain Jacket BROWN 2XL,1,XXL,Teal,68.82,GB-R2-U6,9
3583783850620,2617480,apparel,Women's Pants,100 여성용 젠틀 짐 & 필라테스 바지 - 그레이 블랙 XL / W35 L29,1,XL,Black,26.46,GB-R2-U7,7
3608419160017,2516874,apparel,Baby T-Shirt,500 유아용 긴소매 짐 티셔츠 코발트 블루 2세,1,OS,Blue,54.3,GB-R3-U1,10
3583787982112,2713487,apparel,Mens Mountaineering Light Jacket,Mens Mountaineering Light Jacket 딥 오렌지 M,1,M,White,21.55,GB-R3-U2,9
3608429823407,2190207,apparel,RUN DRY+ MENS RUNNING T-SHIRT GREY PRINT BLACK L,RUN DRY+ MENS RUNNING T-SHIRT GREY PRINT BLACK L,1,L,Black,24.76,GB-R3-U3,6
3608429829065,2182118,apparel,RUN DRY+ MENS RUNNING CROPPED PANTS BLACK BLACK XL,RUN DRY+ MENS RUNNING CROPPED PANTS BLACK BLACK XL,1,XL,Black,69.67,GB-R3-U4,5
3608419070620,2775558,apparel,Slim-Fit Leggings,520 여성 슬림핏 젠틀 짐 & 필라테스 레깅스 - 블랙 블랙 XL / W35 L29,1,XL,Black,63.83,GB-R3-U5,11
3608429744672,2777645,apparel,Women's Apparel,RUN WARM + 여성용 WARM 조깅 타이즈 네이비 블루  W26 L30,1,OS,Blue,60.95,GB-R3-U6,6
3608439397462,2425436,apparel,NH500 Pants,NH500 레귤러 남성 컨추리 워킹 바지 - 다크 그레이 카본 그레이 2XL (L34),1,XXL,Grey,59.42,GB-R3-U7,5
3608439505591,2193784,apparel,Arpenaz Apparel,Arpenaz 100 Mens hiking shorts 스톰 그레이 M-L,1,M,Grey,36.03,GB-R4-U1,9
3583784002134,4044454,apparel,Kiprun Running,Kiprun 러닝용 남성 타이즈 - 블랙 블랙 L / W34 L32,1,L,Black,52.18,GB-R4-U2,9
3608429783084,2451535,apparel,Women's Apparel,Run Warm 여성용 러닝 긴소매 저지 후드 그레이 XS,1,XS,Grey,15.0,GB-R4-U3,11
3608439374500,2425221,apparel,Men's NH550 Waterproof Jacket,NH550 남성용 방수 자켓 카본 그레이 S,1,S,Grey,31.63,GB-R4-U4,8
3608419038255,2883000,apparel,Men's T-Shirt,남성용 티셔츠 500 - 레드 가넷 레드 S,1,S,Red,40.75,GB-R4-U5,10
3608391875022,5317820,apparel,TS RUN M LIGHT BLUE G20A D16A L18,"TS RUN 900 M LIGHT BLUE G20A D16A L18, M",1,M,Blue,57.34,GB-R4-U6,6
3583783852235,2610585,apparel,Women's Leggings,520 여성용 필라테스 & 젠틀 짐 레깅스 - 블랙/베이지 프린트 블랙 XL / W35 L29,1,XL,Black,15.69,GB-R4-U7,10
3608419234107,2513790,apparel,Kids' T-Shirt,주니어 여아 500 쇼트슬리브 짐 티셔츠 페일 그레이 12세,1,OS,Grey,17.47,FR-01,11
3583788019909,2608784,apparel,Shorts,100 키즈 숏 서핑보드 반바지 - 마린 라인 블루 8세,1,OS,Blue,16.78,FR-02,5
3608419206487,2529289,apparel,Leggings,500 크로스 트레이닝 레깅스 - 블랙/레드 Navy blue S / W30 L31,1,S,Black,41.67,FR-03,10
3583783849297,2617474,apparel,Women's Pants,100 여성용 젠틀 짐 & 필라테스 바지 - 그레이 블랙 L / W33 L29,1,L,Black,20.64,FR-04,8
3608459648216,2187291,apparel,Men's Shirt,남성용 모틀드 색상의 스타라이프 100 어드벤처 반팔 세일링 폴로 셔츠 아스팔트 블루 XL,1,XL,Blue,68.08,GF-R1-U1,8
3608419153187,2432335,apparel,Cross-Training T-Shirt,500 크로스 트레이닝 티셔츠 블랙 XL,1,XL,Black,35.51,GF-R1-U2,9
3583788373162,2048963,apparel,Shorts,B-READY 롱 반바지 블랙 XL,1,XL,Black,15.74,GF-R1-U3,5
3583782931030,1254465,apparel,Men's Ekiden Apparel,Ekiden 남성용 런닝 트라우저 - 블랙,1,OS,Black,41.31,GF-R1-U4,6
3583787675847,4076077,apparel,Women's Short-Sleeve T-Shirt,여성용 트레일 러닝 반팔 티셔츠 아이스 블루 XS,1,XS,Blue,56.24,GF-R1-U5,11
3608419077124,2718920,apparel,Women's Jacket,여성용 카디오 트레이닝 자켓 500 - 페일 핑크 프린트 데저트 로즈 M_L,1,OS,Pink,36.33,GF-R1-U6,8
3608429714545,4035198,apparel,T-Shirt,티셔츠 런 드라이 플러스 필 - 블랙 블랙 S,1,S,Black,15.04,GF-R1-U7,5
3608418873413,2432290,apparel,NEW FST M Shorts BKO,"NEW FST 100 M Shorts BKO, L",1,M,Green,68.06,GF-R2-U1,7
3608429859215,2007737,apparel,EKIDEN T-Shirt,EKIDEN 티셔츠 코랄,1,OS,White,15.0,GF-R2-U2,8
3608419298925,2185843,apparel,Women's T-Shirt,여성용 Gym and Pilates 티셔츠 - 스프라이트 그레이 Galaxy blue,1,OS,Blue,34.75,GF-R2-U3,7
3608409956330,1708214,apparel,Jacket,500 초경량 바람막이 자켓 - 화이트 Snow white,1,OS,White,17.12,GF-R2-U4,7
3583780228798,767762,apparel,SPORTEE BLACK PERM,SPORTEE BLACK PERM* S,1,S,Black,66.44,GF-R2-U5,9
3608419160093,2516914,apparel,T-Shirt,500 베이비 긴소매 짐 티셔츠 데저트 로즈 5세,1,OS,Navy,22.79,GF-R2-U6,8
3608459602164,2546091,apparel,Women's Leggings,500 여성용 UV 차단 서핑 레깅스 블랙 L,1,L,Black,31.04,GF-R2-U7,9
3608429787990,2502812,apparel,Women's KIPRUN Apparel,KIPRUN 여성용 러닝 타이즈 블랙 W35 L31,1,OS,Black,24.01,GF-R3-U1,11
3608429653844,4549741,apparel,Short Tight Run Dry EU M,"Short Tight Run Dry 500 GR, UK 10 / EU M",1,M,Red,19.56,GF-R3-U2,9
3608449861991,2571949,apparel,FREE LOCK WALK BOYS SKI PANTS,FREE 300 LOCK & WALK BOYS SKI PANTS 루나 그레이 10세,1,OS,Grey,63.2,GF-R3-U3,7
3608419135282,2754244,apparel,Girls' Breathable Pants,S500 여아용 짐 통기성 좋은 합성섬유소재 크롭 바지 - 검정  아비스 그레이 160-166cm14-15세,1,OS,Grey,31.65,GF-R3-U4,7
3608439585807,2016966,apparel,HELIUM Apparel,FOR 500 HELIUM Steel grey EU 45,1,EU 45,Grey,55.87,GF-R3-U5,10
3583788212096,2365305,apparel,Breathable Apparel,Keepdry 100 어린이 통기성 긴팔 베이스 레이어 차콜 그레이 8세,1,OS,Grey,44.49,GF-R3-U6,6
3608419075311,2735247,apparel,Women's T-Shirt,여성용 모던 댄스 메시지 티셔츠 - 블랙 블랙 올리브 2XS,1,OS,Black,54.52,GF-R3-U7,6
3608419082876,2688397,apparel,Women's Pants,여성용 컨버터블 드레이핑 모던 댄스 바지 - 블랙 블랙 2XS / W24 L30,1,OS,Black,38.45,GF-R4-U1,6
3608419016048,2880813,apparel,Men's T-Shirt,남성용 티셔츠 500 - 레드 마우스 그레이 L,1,L,Grey,41.54,GF-R4-U2,5
3608390236640,4717179,apparel,Run900 THIN MID lightb EU37-38,"Run900 THIN MID 23lightb, UK 4-5 EU37-38",1,EU 37,Pink,61.55,GF-R4-U3,8
3608439393662,2711333,apparel,MH500 Helium Sun-Protect Jacket,MH500 Helium 자외선 차단 자켓 - 로즈 브라이트 핑크 S,1,S,Pink,27.01,GF-R4-U4,10
3583788794066,1517189,apparel,Helmet,Safety 점프 승마용 헬멧 - 브라운,1,OS,Green,16.76,GF-R4-U5,9
3608459642979,2190625,apparel,Men's Shorts,Bidarte 남성용 보드반바지 - 필터 그린 Fluo orange PPE,1,OS,Green,23.89,GF-R4-U6,12
3608419171785,2422038,apparel,Jacket,900 젠틀 짐 & 필라테스 후드 재킷 - 라이트 그레이 그레이 XL,1,XL,Grey,36.35,GF-R4-U7,8
3608439367069,2755544,apparel,Women's NH100 Pants,NH100 여성용 컨추리 워킹 바지 - 그레이 카키 브라운 L-XL (L31),1,L,Grey,55.31,GB-R1-U1,10
3608419210965,2509436,apparel,Kids' Regular-Fit Pants,120 주니어 남아 웜 레귤러핏 짐 포켓 바지 네이비 블루 6세,1,OS,Blue,39.19,GB-R1-U2,12
3583787566732,4333172,apparel,CN NS UV SHORTY LS B BLU,"CN NS UV SHORTY LS B BLU, 103-112cm 4-5Y",1,OS,Blue,16.84,GB-R1-U3,7
3608392878268,5528275,apparel,MH500 Apparel,"PANTS MH500 W ABYSS, UK 14 / FR 44 (L31)",1,OS,Pink,21.31,GB-R1-U4,8
3608439409196,2425305,apparel,NH500 Waterproof Jacket,NH500 남성 방수 자켓 - 네이비 아이스 커피 L,1,L,Navy,22.18,GB-R1-U5,7
3608391294625,4702493,apparel,TS RUN M ORANGE D03A,"TS RUN 500 M ORANGE D03A, M",1,M,Orange,62.03,GB-R1-U6,12
3583788364283,2066594,apparel,Wooden mm x Tees,Wooden 69 mm x 25 Tees 핑크 .,1,OS,Pink,20.21,GB-R1-U7,8
3608394042186,5762843,apparel,TS TRAVEL EU L short,"TS TRAVEL 500 W, UK 12-14 / EU L [short]",1,L,Red,44.1,GB-R2-U1,8
3608409863478,2488315,apparel,MTB,ST 500 반팔 MTB 저지 - 레드/블랙 블랙 S,1,S,Black,43.19,GB-R2-U2,7
3608419038545,2883010,apparel,Men's T-Shirt,남성용 티셔츠 500 - 레드 블랙 S,1,S,Black,56.52,GB-R2-U3,7
3608459654095,2122261,apparel,Adult Apparel,성인용 플리스 후드(세일링용) 아스팔트 블루 52-56cm,1,OS,Blue,18.98,GB-R2-U4,8
3608392691508,5493220,apparel,SHORT TIGHT RUN L29,"SHORT TIGHT RUN, UK 18/20 - EU 2XL (L29)",1,XXL,White,28.94,GB-R2-U5,11
3608439369438,2757700,apparel,Men's NH500 Pants 3/4,남성용 컨추리 워킹 3/4 바지 NH500 프레시 카본 그레이 XL-2XL,1,XL,Grey,24.76,GB-R2-U6,10
3608390788392,5084557,apparel,SHORT MT500 DARK GREY M,"SHORT MT500 DARK GREY M, UK 31"" / FR 40",1,M,Grey,17.27,GB-R2-U7,7
3583787465691,4297494,apparel,Short Regular Black M EU S,"Short Regular 500 Black M, UK 30"" / EU S",1,M,Black,63.96,GB-R3-U1,11
3608393877857,5414829,apparel,NH500 Apparel,"SHORTS NH500 CARGO M CAR, UK 34"" - FR 44",1,M,Black,33.52,GB-R3-U2,6
3583787475867,4324270,apparel,SHORTS M BLACK,"SHORTS 560 M BLACK, UK 41"" / EU 2XL",1,M,Black,49.96,GB-R3-U3,11
3608429745242,2752700,apparel,TIGHT RUN WARM W BLACK W30 L31,"TIGHT RUN WARM W BLACK, M / W30 L31",1,M,Black,30.0,GB-R3-U4,9
3608429673125,4431470,apparel,CLASSIC RUNNING BRA PURPLE J11A L CD,"CLASSIC RUNNING BRA PURPLE J11A, L CD",1,L,White,27.08,GB-R3-U5,11
3608419205114,2514014,apparel,T-Shirt,500 베이비 짐 쇼트슬리브 티셔츠 마젠타 6세,1,OS,Black,40.04,GB-R3-U6,8
3608429647416,4925012,apparel,RUNNING HIJAB V2 Black,"RUNNING HIJAB V2 Black, M",1,M,Black,48.95,GB-R3-U7,11
3608429903703,216361,apparel,Women's EKIDEN Apparel,EKIDEN 여성용 WARM 런닝 타이즈- 블랙,1,OS,Black,53.18,GB-R4-U1,11
3583788007692,2662025,apparel,Women's Apparel,여성용 서핑 비키니 하의 쇼티 바이아나 조임끈 - 블랙 블랙 S,1,S,Black,16.03,GB-R4-U2,5
3608419306491,2181685,apparel,Women's Slim-Fit Leggings 7/8,여성용 7/8 슬림핏 Gym & Pilates 레깅스 - 멜란지 다크 그레이,1,OS,Grey,33.49,GB-R4-U3,10
3608419197051,2514774,apparel,Regular-Fit Pants,100 레귤러핏 짐 & 필라테스 바지 블랙 XS / W28 L30,1,XS,Black,50.83,GB-R4-U4,11
3608419088564,2695772,apparel,Regular-Fit Pants,120 레귤러핏 필라테스 & 젠틀 짐 바지 - 그레이 카본 그레이 2XL / W41 L34,1,XXL,Grey,57.64,GB-R4-U5,6
3608429767206,2426510,apparel,L CD,러닝 컴포트 스포츠 브라 - 카모 그레이 그레이 L CD,1,L,Grey,50.74,GB-R4-U6,7
3608429882770,581631,apparel,Men's Ekiden Running T-Shirt,Ekiden 남성용 런닝 티셔츠 - 옐로우,1,OS,Orange,15.29,GB-R4-U7,11
3608429821663,2218864,apparel,Kiprun Apparel,Mens Kiprun HRM Running T-Shirt 블랙 2XL,1,XXL,Black,21.36,FR-01,7
3583784006422,2951903,apparel,Women's Loose-Fit T-Shirt,여성용 모던 댄스 티셔츠 루즈 핏 - 버건디 브라운 M,1,M,Grey,38.45,FR-02,9
3608429644408,4925613,apparel,LS TS RUN WARM MAUVE B15A,"LS TS RUN WARM MAUVE B15A, UK 16 / FR 46",1,OS,Teal,20.61,FR-03,11
3608419038729,2880744,apparel,Men's T-Shirt,남성용 티셔츠 500 - 레드 블루 L,1,L,Blue,56.9,FR-04,10
3608439338403,4075425,apparel,Women's MH520 Mountain Jacket,MH520 여성용 마운틴 워킹 플리스 자켓 - 그레이 카키 딥 초콜릿 트러플 XL,1,XL,Grey,40.94,GF-R1-U1,11
3583783851771,2425244,apparel,NH550 Apparel,JACKET NH550 WP KHAKI M XS,1,M,Pink,29.22,GF-R1-U2,10
3608419197068,2514776,apparel,Regular-Fit Pants,100 레귤러핏 짐 & 필라테스 바지 블랙 S / W30 L31,1,S,Black,25.01,GF-R1-U3,5
3608429842996,2116535,apparel,Women's Apparel,런 여성용 웜 러닝 타이즈 블랙 W24 L28,1,OS,Black,57.17,GF-R1-U4,6
3608419057911,2770411,apparel,Shirt,여성 후드 댄스 스웨트 셔츠 가넷 레드 2XS,1,OS,Red,18.9,GF-R1-U5,8
3608419177398,2617309,apparel,T-Shirt,여성 긴소매 댄스 티셔츠 블랙 XS,1,XS,Black,18.08,GF-R1-U6,8
3608459600672,2546084,apparel,Women's Leggings,900 여성용 UV 차단 네오프렌 서핑 레깅스 - 블랙 블랙 M,1,M,Black,18.44,GF-R1-U7,11
3608429696766,4150219,apparel,L AB,클래식 러닝 스포츠 브라 라이트 블루 L AB,1,L,Blue,22.35,GF-R2-U1,5
3583788232971,2315422,apparel,Breathable Apparel,킵드라이 500 어린이 통기성 긴팔 베이스 레이어 블랙 6세,1,OS,Black,37.11,GF-R2-U2,10
3608439369070,2757636,apparel,Men's NH500 Shorts,NH500 남성용 컨추리 워킹 반바지 프레시 - 카키  카키 브라운 2XL-3XL,1,XXL,Black,57.11,GF-R2-U3,7
3608429761501,2621544,apparel,Women's Apparel,Run Dry+ 여성용 러닝 탱크 톱 - 라이트 그레이 포기 블루 S,1,S,Blue,37.16,GF-R2-U4,6
3608429821632,2218862,apparel,Kiprun Apparel,Mens Kiprun HRM Running T-Shirt 블랙 L,1,L,Black,62.72,GF-R2-U5,5
3583788305408,2181444,apparel,Kids' Pants,아동용 승마 투톤 승마바지 - 네이비/스카이 블루 Asphalt blue,1,OS,Blue,24.91,GF-R2-U6,6
3608429782001,2507392,apparel,Kiprun Thermal T-Shirt,Kiprun 긴소매 지퍼식 기본 보온 티셔츠 블랙 L,1,L,Black,43.14,GF-R2-U7,6
3608419205251,2509317,apparel,Pants,베이비 100 라이트웨이트 짐 바지 다크 그레이 5세,1,OS,Grey,59.82,GF-R3-U1,9
3608419266313,2340036,apparel,Kids' Pants,520 주니어 여아 웜 레귤러-핏 짐 포켓 바지 라이트 그레이 12세,1,OS,Grey,19.77,GF-R3-U2,7
3608391191979,5194613,apparel,JACKET RUN M WARM REGUL BLACK YEL,"JACKET RUN 900 M WARM REGUL BLACK YEL, S",1,M,Black,15.7,GF-R3-U3,6
3608429694960,4167883,apparel,JACKET RUN WIND  W LIVING,"JACKET RUN WIND  W LIVING, UK 10 / FR 40",1,OS,Red,49.58,GF-R3-U4,7
3583783787605,2535119,apparel,Men's Waterproof Jacket,100 남성용 남성용 세일링용 방수 자켓 - 화이트/레드 Sunshine yellow,1,OS,Red,43.0,GF-R3-U5,10
3608418986144,2981428,apparel,Women's Leggings,여성용 스포츠 레깅스 510 - 그레이 말 그레이 M / W30 L31,1,M,Grey,45.01,GF-R3-U6,11
3608459590034,2545669,apparel,Shorts,500 롱 서핑보드 반바지 - 정글 그레이 그레이 블루 S,1,S,Blue,32.59,GF-R3-U7,7
3608429757757,2433400,apparel,Men's Running T-Shirt,Run Dry 남성용 러닝 티셔츠 (후드) - 블랙 블랙 S,1,S,Black,32.19,GF-R4-U1,9
3583787109991,4193722,apparel,TRAVEL M Shorts BROW,"TRAVEL 900 M Shorts BROW, UK 36"" / FR 46",1,M,Green,49.31,GF-R4-U2,8
3608429883029,581558,apparel,Ekiden Apparel,Ekiden 런닝 탱크탑 - 블랙,1,OS,Black,16.16,GF-R4-U3,10
3608429750758,2434672,apparel,T-Shirt,티셔츠 반팔 런 드라이 + 여성 조깅용 티셔츠 플루오 페일 피치 XS,1,XS,Teal,20.97,GF-R4-U4,7
3608392096020,5305737,apparel,TANK RUN W GREY EU XL,"TANK RUN 100 W GREY, UK 16 / EU XL",1,XL,Grey,16.2,GF-R4-U5,6
3608439459023,2566093,apparel,Men's MH550 Mountain Pants,MH550 남성용 컨버터블 마운틴 워킹 바지 - 그레이 카본 그레이 XL-2XL (L34),1,XL,Grey,20.75,GF-R4-U6,7
3608459604816,2532326,apparel,S500 Children s Dinghy/Catamaran Sailing Jacket,S500 Children’s Dinghy/Catamaran Sailing Jacket 애시드 옐로우 14세,1,S,Navy,18.36,GF-R4-U7,5
3608419293494,2191606,apparel,Pants,여성 어드저스터블 바지 블랙 W28 L29,1,OS,Black,18.22,GB-R1-U1,7
3608439445248,2566085,apparel,Men's MH550 Mountain Pants,MH550 남성용 컨버터블 마운틴 워킹 바지 - 그레이 카본 그레이 M (L31),1,M,Grey,60.09,GB-R1-U2,11
3608419299663,2185748,apparel,Jacket,Plush-Loop 짐 & 필라테스 자켓 - 미드 그레이 Pewter,1,OS,Grey,65.18,GB-R1-U3,6
3608429781455,2605819,apparel,RUN WARM MENS RUNNING TROUSERS W30 L31,RUN WARM + MENS RUNNING TROUSERS 차콜 그레이 S / W30 L31,1,S,Grey,16.47,GB-R1-U4,6
3608429794806,2501399,apparel,Men's Running T-Shirt,런 드라이 남성용 러닝 티셔츠 페블 그레이 S,1,S,Grey,24.15,GB-R1-U5,6
3608429793892,2506379,apparel,Running,런 드라이 남성 러닝용 반바지 블랙 L,1,L,Black,48.24,GB-R1-U6,11
3583788235057,2314236,apparel,Breathable Apparel,Keepdry 500 어린이 통기성 반팔 베이스 레이어 블랙 L,1,L,Black,37.35,GB-R1-U7,9
3608419049435,2883130,apparel,Women's Loose-Fit T-Shirt,여성용 모던 댄스 티셔츠 루즈 핏 - 버건디 딥 초콜릿 트러플 L-XL,1,L,White,42.9,GB-R2-U1,8
3608429756286,2434605,apparel,Women's Running T-Shirt,런 드라이 여성용 러닝 티셔츠 - 코랄 플루오 코랄 핑크 M_L,1,OS,Pink,32.2,GB-R2-U2,10
3608419206555,2529027,apparel,Women's Cross-Training T-Shirt,500 여성용 크로스 트레이닝 티셔츠 - 핑크 Raspberry pink M,1,M,Pink,21.05,GB-R2-U3,5
3608459610404,2346772,apparel,Women's Jacket,100 여성용 세일링 자켓 크림슨 XS,1,XS,Navy,21.84,GB-R2-U4,8
3583783962095,2970589,apparel,L AB,러닝 컴포트 스포츠 브라 - 카모 그레이 버건디 L AB,1,L,Grey,23.92,GB-R2-U5,11
3583788401193,2018507,apparel,Blason,Blason 반팔 승마 폴로 - 네이비,1,OS,Navy,50.06,GB-R2-U6,10
3608459622650,2210351,apparel,Men's Shorts,Hendaia 남성용 보드반바지 - 에로우 그린 Glacier blue,1,OS,Blue,54.51,GB-R2-U7,7
3608439357183,2891522,apparel,Boys' Jacket,남아용 바람막이 자켓 헬륨 MH 100 퍼시픽 블루 161-172cm14-15세,1,OS,Blue,15.69,GB-R3-U1,6
3608429794431,2506556,apparel,Men's Running T-Shirt,런 드라이 + 남성용 러닝 티셔츠 옐로우 XS,1,XS,Green,35.3,GB-R3-U2,7
3608419203158,2514508,apparel,Jacket,520 베이비 짐 자켓 라이트 그레이 3세,1,OS,Grey,24.42,GB-R3-U3,8
3583788021513,2606486,apparel,Shorts,100 숏 서핑보드 반바지 - 블록 그레이 블루 XL,1,XL,Blue,58.8,GB-R3-U4,6
3608439250187,4698034,apparel,NH100 Apparel,"PANTS NH100 DARK GREY UK32"" FR42 (L33)",1,OS,Grey,20.79,GB-R3-U5,10
3608439634543,636740,apparel,Arpenaz Apparel,Arpenaz 300 Mens Hiking Waterproof Rain Jacket BROWN XL,1,XL,Orange,35.98,GB-R3-U6,7
3608429737438,2761914,apparel,Boys' Shorts,AT500 남아용 육상 반바지 - 블루 네이비 블루 131-140cm 8-9세,1,OS,Blue,27.84,GB-R3-U7,11
3608429734598,2937235,apparel,Women's KIPRUN KALENJI Running T-Shirt,KIPRUN CARE KALENJI 여성용 러닝 티셔츠 - 블랙 플루오 코랄 오렌지 M,1,M,Black,30.19,GB-R4-U1,9
3608429686033,4332277,apparel,Men's Running T-Shirt,런 드라이 + 남성용 러닝 티셔츠 그래니트 L,1,L,Blue,20.21,GB-R4-U2,11
3608429735007,2975410,apparel,KIPRUN Apparel,"RUNNING SHORT KIPRUN 2 IN 1 BLACK W, L",1,L,Black,69.57,GB-R4-U3,5
3608439491580,2234234,apparel,Arpenaz Apparel,Shirt Short sleeved Hiking Arpenaz 100 Mens 네이비 블루 M,1,M,Blue,26.33,GB-R4-U4,11
3583783803978,2593326,apparel,Adult Breathable Apparel,킵드라이 100 성인 통기성 긴팔 베이스 레이어  3XL,1,3XL,Blue,29.58,GB-R4-U5,10
3608419101898,2722289,apparel,Pilates T-Shirt,500 여성 쇼트슬리브 쇼트슬리브 짐 & 필라테스 티셔츠 퍼플 XS,1,XS,Blue,24.39,GB-R4-U6,6
3608429828303,2181336,apparel,Men's Running T-Shirt,RUN DRY 남성용 러닝 티셔츠 블루 프린트 Sage green,1,OS,Blue,23.12,GB-R4-U7,9
3583783806962,2455264,apparel,Slim-Fit Leggings,FIT+ 500 여성 슬림핏 스트레칭 레깅스 그레이 M / W30 L29,1,M,Grey,51.91,FR-01,11
3608419237092,2513583,apparel,Kids' T-Shirt,960 주니어 남아 쇼트슬리브 짐 티셔츠 네이비 블루 14세,1,OS,Blue,21.11,FR-02,11
3608429828082,2182163,apparel,Run Dry Womens Running shorts fluo coral,Run Dry Womens Running shorts fluo coral 블랙 XS,1,XS,Black,64.74,FR-03,5
3608439367342,2757471,apparel,Men's NH100 Pants,NH100 남성용 컨추리 워킹 바지 - 다크 그레이 카본 그레이 M (L33),1,M,Grey,19.04,FR-04,8
3608459578186,2389439,apparel,Men's Shorts,100 남성용 서핑 보드쇼츠 반바지 플루오 피치 2XL,1,XXL,Orange,20.25,GF-R1-U1,11
3608392779596,5515294,apparel,Run900 Thin UC YELLOW,"Run900 Thin UC 2025 YELLOW, 7-8 - 41/42",1,OS,Green,44.78,GF-R1-U2,5
3608392881435,5528651,apparel,WATER TEE SHIRT UV PRINT M LS FLOWER,"WATER TEE SHIRT UV PRINT M LS FLOWER, M",1,M,Red,18.97,GF-R1-U3,8
3608429705956,4044191,apparel,Men's Kiprun Running,Kiprun 케어 남성용 러닝용 긴팔 티셔츠 - 블루 블랙 카본 그레이 M,1,M,Black,61.56,GF-R1-U4,8
3608419349573,2110779,apparel,Regular-Fit Pants,500 여성 레귤러핏 짐 & 필라테스 바지 블랙 W28 L29,1,OS,Black,20.51,GF-R1-U5,5
3608429800620,2507551,apparel,Men's Short-Sleeve T-Shirt,남성용 트레일 러닝 반팔 티셔츠 - 그라프 블루 화이트 2XL,1,XXL,Blue,15.51,GF-R1-U6,7
3608429794271,2505429,apparel,Running,런 드라이 + 브리드 남성 러닝용 반바지 블랙 XS,1,XS,Black,39.24,GF-R1-U7,5
3608429824725,2186237,apparel,KIPRUN Apparel,KIPRUN CARE MENS RUNNING T-SHIRT 블랙 L,1,L,Black,56.84,GF-R2-U1,8
3608429848202,2095419,apparel,Men's Apparel,Elioplay 남성용 런닝 타이즈 - 블랙 레드,1,OS,Black,19.1,GF-R2-U2,5
3608392523304,5448956,apparel,NH900 Apparel,"PANTS NH900 W BROWN, UK 10 - FR 40 [L29]",1,OS,Teal,28.92,GF-R2-U3,9
3608393472007,5509895,apparel,TANK RUN M BLACK N07A,"TANK RUN 100 M BLACK N07A, M",1,M,Black,39.52,GF-R2-U4,6
3608429848240,2095440,apparel,Ekiden Apparel,Ekiden Mens Running Jacket DARK GREY XL,1,XL,Grey,29.25,GF-R2-U5,8
3608419239577,2529040,apparel,Women's Cross-Training Shorts,500 여성용 크로스 트레이닝 반바지 블랙 XS,1,XS,Black,19.52,GF-R2-U6,7
3608419264708,2340190,apparel,Kids' Jacket,980 주니어 남아 짐 포켓 자켓 네이비 블루 12세,1,OS,Blue,16.75,GF-R2-U7,11
3583784026406,4154002,apparel,Kiprun Apparel,Kiprun Care Mens Running Breathable T-Shirt - slate blue 플루오 라임 옐로우 XL,1,XL,Blue,59.34,GF-R3-U1,7
3608399845157,2685319,apparel,T-Shirt,530 남성 티셔츠 - 블랙 옐로우 블랙 2XL,1,XXL,Black,20.4,GF-R3-U2,6
3608409842770,4072180,apparel,RAIN JACKET W YELLOW PPE,"RAIN JACKET 120 W YELLOW PPE, L",1,L,Orange,43.98,GF-R3-U3,9
3608419164718,2468995,apparel,T-Shirt,520 프리 무브 여성 짐 티셔츠 블랙 L,1,L,Black,30.45,GF-R3-U4,10
3608429878728,729198,apparel,Men's Apparel,남성용 Breathable 런닝 브리프 아비스 그레이 M,1,M,Grey,61.5,GF-R3-U5,6
3583787777008,2988753,apparel,Anna Chlorine-Resistant Aquabiking Leggings,Anna Chlorine-Resistant Aquabiking Leggings 갤럭시 블루 M,1,M,Blue,43.03,GF-R3-U6,10
3583783962750,2970573,apparel,L AB,러닝 스포츠 브라 런 컴포트 - 라이트 핑크 피치 L AB,1,L,Pink,25.0,GF-R3-U7,8
3608429790334,2508298,apparel,Kids' Kiprun Running T-Shirt,Kiprun 아동용 트랙 러닝 티셔츠 - 블루 플루오 옐로우 Teal blue 12세,1,OS,Blue,17.62,GF-R4-U1,9
3608419196139,2529167,apparel,Leggings,900 크로스 트레이닝 레깅스 블랙 올리브 2XL / W41 L34,1,XXL,Black,15.04,GF-R4-U2,6
3608418991612,4073652,apparel,Men's T-Shirt,남성용 티셔츠 500 - 레드 터쿼이즈 XL,1,XL,Red,27.68,GF-R4-U3,8
3608393532107,5685730,apparel,SHORT RUN M COMFORT BROWN K10A WH,"SHORT RUN 500 M COMFORT BROWN K10A WH, M",1,M,White,52.03,GF-R4-U4,6
3608429691853,4169151,apparel,Sun-Protect T-Shirt,긴소매 티셔츠 자외선 차단 AT100 - 다크 블루 갤럭시 블루 131-140cm 8-9세,1,OS,Blue,26.76,GF-R4-U5,6
3608459599716,2533644,apparel,Mens Sailing Bermuda Shorts,100 Mens Sailing Bermuda Shorts 아스팔트 블루 3XL,1,3XL,Blue,45.64,GF-R4-U6,7
3608390761623,5044685,apparel,MH500 Apparel,"SHORT SLEEVES MH500 GREEN, UK 6-8 / EU S",1,S,Green,17.64,GF-R4-U7,10
3608429821090,2249067,apparel,Men's Apparel,남성용 Breathable 런닝 브리프 체리 레드 S,1,S,Red,46.7,GB-R1-U1,11
3608419123968,2628957,apparel,Kids' Short-Sleeve T-Shirt,100 아동용 짐 반팔 티셔츠 - 오렌지 프린트 코랄 핑크 82-88cm 24개월,1,OS,Pink,27.65,GB-R1-U2,8
3608419068078,2943640,apparel,Pants,100 여성 짐 & 필라테스 바지 - 블랙 네이비 블루 XS / W26 L28,1,XS,Black,23.51,GB-R1-U3,8
3608419071764,2774257,apparel,Pilates T-Shirt,520 Tulle 젠틀 짐 & 필라테스 여성 티셔츠 - 블랙 네이비 블루 XS,1,XS,Black,17.52,GB-R1-U4,7
3608439498190,2202983,apparel,Women's Arpenaz Waterproof Jacket,Arpenaz 300 여성용 방수 레인 자켓 - 라이트 그레이 Aqua,1,OS,Grey,68.68,GB-R1-U5,8
3608429804673,2506560,apparel,Men's Running T-Shirt,런 드라이 + 남성용 러닝 티셔츠 옐로우 XL,1,XL,Orange,16.91,GB-R1-U6,8
3608393471628,5668212,apparel,TS RUN M ULTRA GRAPH YELLOW B02B,"TS RUN 900 M ULTRA GRAPH YELLOW B02B, L",1,M,Grey,44.55,GB-R1-U7,8
3583788252160,2245301,apparel,Practice Tee x2,Practice Tee x2 화이트 단일 사이즈,1,OS,White,17.77,GB-R2-U1,6
3583788212263,2365297,apparel,Adult Breathable Apparel,킵드라이 100 성인 통기성 긴팔 베이스 레이어  XL,1,XL,Blue,49.75,GB-R2-U2,5
3608391817114,5280816,apparel,Run900 Thin UC blu,"Run900 Thin UC 2025 blu, 10.5-11 - 45/46",1,OS,Grey,44.37,GB-R2-U3,7
3608429826286,2183155,apparel,Run Dry Womens Cropped Bottoms,Run Dry Womens Cropped Bottoms 블랙 2XL,1,XXL,Black,46.78,GB-R2-U4,5
3608429845553,2095938,apparel,Kalenji Kiprun Apparel,Kalenji Kiprun Evolutiv Womens Running Jacket - Pale Grey / Black Pale grey 36,1,OS,Black,40.22,GB-R2-U5,11
3583787599617,4237114,apparel,Women's Regular-Fit T-Shirt,500 여성용 티셔츠 레귤러핏 핑크 2XS,1,OS,Pink,37.23,GB-R2-U6,10
3608419119114,2734436,apparel,Women's Shorts,520 여성용 젠틀 짐 & 필라테스 반바지 - 블랙 핑크 XL,1,XL,Black,40.65,GB-R2-U7,12
3608419074383,2937567,apparel,Women's Pilates T-Shirt,510 여성용 필라테스 & 젠틀 짐 티셔츠 - 화이트 프린트 핑크 XS,1,XS,White,16.26,GB-R3-U1,10
3608429834793,2176458,apparel,Women's Running T-Shirt,RUN DRY+ NIGHT 여성용 런닝 티셔츠 느와르,1,OS,Blue,16.28,GB-R3-U2,9
3583783807501,2514587,apparel,Pants,베이비 짐 520 웜 바지 다크 블루 5세,1,OS,Blue,27.26,GB-R3-U3,9
3608419164305,2468987,apparel,T-Shirt,520 프리 무브 여성 짐 티셔츠 그레이 블루 L,1,L,Blue,20.92,GB-R3-U4,12
3608439451416,2552388,apparel,Arpenaz Apparel,Arpenaz 100 Mens hiking shorts 다크 세피아 M-L/32-33.5inch,1,M,Navy,66.16,GB-R3-U5,10
3583787982969,2660536,apparel,Women's Apparel,500 여성용 긴팔 UV 차단 서핑 탑 블랙 XS,1,XS,Black,20.58,GB-R3-U6,5
3608419114942,2610584,apparel,Women's Leggings,520 여성용 필라테스 & 젠틀 짐 레깅스 - 블랙/베이지 프린트 블랙 S / W28 L31,1,S,Black,28.95,GB-R3-U7,9
3608418938457,4184393,apparel,Men's T-Shirt,남성용 티셔츠 500 - 레드 레드 XL,1,XL,Red,28.48,GB-R4-U1,5
3608419173949,2516405,apparel,Kids' T-Shirt,500 주니어 여아 긴소매 짐 티셔츠 페일 그레이 5세,1,OS,Grey,17.82,GB-R4-U2,11
3608459686447,2027713,apparel,Women's T-Shirt,여성용 UV 차단 서핑 반팔 워터 티셔츠 - Turquoise,1,OS,Blue,16.09,GB-R4-U3,8
3608392513374,5463795,apparel,HELIUM Apparel,"ANTI UV HELIUM 9, UK 4-6 / EU XS [short]",1,XS,Red,65.36,GB-R4-U4,9
3608429746539,2621085,apparel,Men's KIPRUN Thermal Running T-Shirt,KIPRUN 라이트 남성용 긴소매 보온 러닝 티셔츠 블랙 2XL,1,XXL,Black,19.84,GB-R4-U5,12
3608429843832,2103009,apparel,Women's Jacket,RUN WIND 여성용 윈드프루프 자켓 마젠타 2XS,1,OS,Black,22.6,GB-R4-U6,11
3608393468246,5667615,apparel,TS RUN M DRY YELLOW B02B,"TS RUN 500 M DRY YELLOW B02B, XL",1,M,Green,15.05,GB-R4-U7,10
3608459578087,2545606,apparel,Men's Shorts,100 남성용 서핑 보드쇼츠 반바지 버디그리 L,1,L,Teal,65.84,FR-01,7
3608399842385,2491089,apparel,T-Shirt,560 남성 티셔츠 블랙 - 레드 로열 블루 2XL,1,XXL,Black,36.66,FR-02,11
3608429829751,2180831,apparel,Men's KIPRUN Running T-Shirt,KIPRUN 남성용 경량 러닝 티셔츠 블루 옐로우,1,OS,Blue,15.68,FR-03,6
3583783886391,2505081,apparel,Men's Seamless Apparel,남성용 심리스 러닝 박서 - 블랙 블랙 M,1,M,Black,16.2,FR-04,6
3608429784036,2605870,apparel,Men's Jacket,RUN WARM + 남성용 러닝 자켓 플루오 레드 L,1,L,Red,38.11,GF-R1-U1,8
3583788408116,2015477,apparel,Boys' Shirt,Horse 남아용 승마용 폴로 반팔셔츠 - 네이비 블루,1,OS,Blue,16.06,GF-R1-U2,9
3608439430220,2422352,apparel,Women's MH120 Mountain Jacket,MH120 여성용 마운틴 워킹 플리스 자켓 - 퍼플 퍼플 M,1,M,Grey,29.21,GF-R1-U3,5
3608429794660,2501412,apparel,Men's Running T-Shirt,런 드라이 남성용 러닝 티셔츠 일렉트릭 블루 XS,1,XS,Blue,38.83,GF-R1-U4,7
3583783834194,2466558,apparel,Running,Run Dry+ 투인원 러닝용 반바지/타이즈 - 블랙 블랙 L / W33 L29,1,L,Black,14.99,GF-R1-U5,9
3608419174076,2422068,apparel,Shirt,560 후드 짐 & 필라테스 스웨트셔츠 그레이 L,1,L,Grey,21.62,GF-R1-U6,11
3608393502865,5670763,apparel,SHORT RUN M SPLIT B,"SHORT RUN 500 M SPLIT B, UK 43"" - EU 2XL",1,M,Pink,24.47,GF-R1-U7,11
3608429728931,2891190,apparel,XL CD,러닝 컴포트 스포츠 브라 - 카모 그레이 라이트 그린 XL CD,1,XL,Grey,54.22,GF-R2-U1,6
3608459643020,2190624,apparel,Men's Shorts,Hendaia 남성용 보드반바지 - 에로우 그린,1,OS,Green,47.53,GF-R2-U2,8
3608429789796,2508311,apparel,Kids' Running T-Shirt,선 프로텍트 아동용 트랙 러닝 티셔츠 긴소매 터쿼이즈 6세,1,OS,Pink,15.55,GF-R2-U3,9
3608393466297,5593322,apparel,TS RUN M GREY N11A,"TS RUN 100 M GREY N11A, XL",1,M,Grey,63.61,GF-R2-U4,6
3608429744504,2777688,apparel,Women's Apparel,RUN WARM + 여성용 WARM 조깅 타이즈 블랙 W30 L31,1,OS,Black,37.45,GF-R2-U5,10
3608419196825,2515691,apparel,Women's Leggings 7/8,510 여성용 필라테스 & 젠틀 짐 7/8 레깅스 - 블랙 블랙 W33 L31,1,OS,Black,32.06,GF-R2-U6,8
3608429792581,2507976,apparel,Running,남성 러닝용 브리서블 박서 프러시안 페트롤 블루 3XL,1,3XL,Blue,39.84,GF-R2-U7,10
3583783850293,2617447,apparel,Women's Slim-Fit Pants,500 여성용 바지 슬림핏  블랙 XS / W26 L28,1,XS,Black,47.74,GF-R3-U1,10
3608439359064,2879552,apparel,Women's MH550 Jacket,여성용 바람막이 자켓 헬륨 MH550 그래니트 XL,1,XL,Grey,17.7,GF-R3-U2,11
3583787870655,2942435,apparel,F100 Apparel,"SHORT F100 BLUE New, 113-122cm 5-6Y",1,OS,Blue,52.18,GF-R3-U3,11
3608419162776,2477016,apparel,Pilates T-Shirt,500 여성 짐 & 필라테스 롱슬리브 티셔츠 베이지 M,1,M,Black,47.64,GF-R3-U4,7
3608419162707,2473907,apparel,Pilates T-Shirt,900 여성 긴소매 스트레칭 & 필라테스 티셔츠 블랙 XS,1,XS,Black,42.93,GF-R3-U5,11
3608399876755,2341240,apparel,Pants,Ziplayer 바지 카본 그레이 M,1,M,Grey,37.88,GF-R3-U6,8
3608429737766,2760014,apparel,Kids' T-Shirt,AT500 아동용 육상 티셔츠 - 터쿼이즈 포기 블루 141-150cm10-11세,1,OS,Blue,27.93,GF-R3-U7,6
3608459689806,2025247,apparel,Women's T-Shirt,100 여성용 긴팔 세일링 티셔츠 - 블루 Snow white,1,OS,Blue,15.48,GF-R4-U1,8
3583783806931,2455080,apparel,Slim-Fit Leggings 7/8,FIT+ 500 여성 슬림핏 7/8 스트레칭 레깅스 그레이 XS / W26 L28,1,XS,Grey,17.27,GF-R4-U2,6
3608393892294,5736259,apparel,TS RUN W CR EU L short,"TS RUN 500 W CR, UK 12-14 / EU L [short]",1,L,Red,35.12,GF-R4-U3,6
3608419023619,4048009,apparel,Women's Pilates T-Shirt,여성용 필라테스 & 젠틀 짐 티셔츠 - 핑크 슬레이트 블루 S,1,S,Blue,48.67,GF-R4-U4,6
3583783806979,2455266,apparel,Slim-Fit Leggings,FIT+ 500 여성 슬림핏 스트레칭 레깅스 그레이 블루 S / W28 L29,1,S,Blue,16.76,GF-R4-U5,8
3608419061512,2999318,apparel,Women's Apparel,여성용 필라테스 & 젠틀 짐 스포츠 브라 - 블랙 블랙 XS,1,XS,Black,59.72,GF-R4-U6,10
3608459698686,2022098,apparel,Women's Jacket,100 여성용 세일링 자켓 - 다크 블루 Light crimson,1,OS,Blue,58.43,GF-R4-U7,11
3583788287285,2194217,apparel,Adult T-Shirt,Keepdry 100 성인용 기능 티셔츠 - 블랙 Snow white,1,OS,Black,60.32,GB-R1-U1,9
3608459562611,2712205,apparel,Women's Pants,세일링 100 여성용 러기드 세일링 바지 - 네이비 네이비 블루 2XL / W38 L31,1,XXL,Blue,19.08,GB-R1-U2,9
3583783850071,2454955,apparel,Women's Slim-Fit Leggings,100 Stretch 여성용 슬림핏 짐 & 필라테스 레깅스 - 그레이 블랙 XL / W35 L29,1,XL,Black,51.3,GB-R1-U3,6
3608429794721,2500573,apparel,Men's Running T-Shirt,선 프로텍트 남성용 러닝 티셔츠 블랙 XS,1,XS,Black,16.82,GB-R1-U4,7
3608393935137,5728908,apparel,TS RUN M LIGHT WHITE N00A SS26,"TS RUN 900 M LIGHT WHITE N00A SS26, XL",1,M,White,39.41,GB-R1-U5,8
3608429804543,2506405,apparel,Running,런 드라이 남성 러닝용 반바지 - 그레이 Navy blue 2XL,1,XXL,Blue,37.42,GB-R1-U6,5
3608459651933,2177714,apparel,Kids' Apparel,100 아동용 스노클링 반팔 수트 - 네이비 블루 Deep blue,1,OS,Blue,56.91,GB-R1-U7,12
3608429809753,2505452,apparel,Women's KIPRUN KALENJI Running T-Shirt,KIPRUN CARE KALENJI 여성용 러닝 티셔츠 - 블랙 블랙 S,1,S,Black,37.98,GB-R2-U1,10
3608439324888,4225164,apparel,MH500 Helium Sun-Protect Jacket,MH500 Helium 썬프로텍트 자켓 - 다크 그레이 다크 아이비 그린 2XL,1,XXL,Grey,21.76,GB-R2-U2,5
3583788054627,2616789,apparel,x10,6 mm 100 스텝 티 x10 마그놀리아 단일 사이즈,1,OS,Grey,38.71,GB-R2-U3,7
3608429645962,4871308,apparel,JACKET WARM BLACK N07A,"JACKET WARM 100 BLACK N07A, S",1,S,Black,51.22,GB-R2-U4,6
3608419364880,2089371,apparel,Kids' Pants,500 주니어 여아 웜 레귤러-핏 짐 포켓 바지 카본 그레이 12세,1,OS,Grey,19.46,GB-R2-U5,6
3583783902107,2727253,apparel,Pants,510 젠틀 짐 & 필라테스 여성 다트 크롭 바지 - 블랙 블랙 XL / W35 L29,1,XL,Black,20.97,GB-R2-U6,5
3608439369735,2757680,apparel,Men's NH500 Shorts,NH500 남성용 컨추리 워킹 반바지 프레시 - 카키  카본 그레이 2XL,1,XXL,Grey,18.77,GB-R2-U7,6
3608419153255,2432344,apparel,Cross-Training T-Shirt,500 크로스 트레이닝 티셔츠 플루오 블러드 오렌지 S,1,S,Black,28.37,GB-R3-U1,7
3608419205640,2515631,apparel,Pants,520 여성 짐 & 필라테스 크롭 바지 - 블랙 블랙 W35 L29,1,OS,Black,53.15,GB-R3-U2,10
3608429725206,2730330,apparel,Women's Running T-Shirt,런 필 여성용 러닝 티셔츠 핑크 L,1,L,Pink,33.68,GB-R3-U3,6
3608419184501,2469456,apparel,Pants,여성 페그톱 바지 블랙 L / W35 L29,1,L,Black,63.98,GB-R3-U4,5
3608393581655,5691556,apparel,SHORT in1 RUN EU M,"SHORT 2in1 RUN 500 W, UK 10 - EU M",1,M,Blue,31.97,GB-R3-U5,10
3608399853398,2393410,apparel,Kids' Shorts,500 주니어 남아 반바지 페트롤 블루 8세,1,OS,Blue,31.55,GB-R3-U6,9
3608409914828,2015239,apparel,MTB SHORTS,300 MTB SHORTS 블랙 S,1,S,Black,66.19,GB-R3-U7,11
3583783835771,2474845,apparel,Women's Jacket,100 여성용 후드 트레이닝 자켓  블랙 2XS,1,OS,Black,32.15,GB-R4-U1,10
3608429812432,2352055,apparel,Women's Kalenji Kiprun Running Pants,Kalenji Kiprun 여성용 러닝 바지 - 블랙/코랄 블랙 W33 L29,1,OS,Black,16.97,GB-R4-U2,6
3608419204933,2514010,apparel,T-Shirt,500 베이비 짐 쇼트슬리브 티셔츠 마젠타 2세,1,OS,Blue,64.46,GB-R4-U3,6
3583787926901,2912064,apparel,Women's Jacket,여성용 승마 소프트쉘 자켓 500 - 네이비 아스팔트 블루 L,1,L,Blue,14.99,GB-R4-U4,11
3608459606537,2543609,apparel,Women's Apparel,서핑 쇼티 100 여성용 웻수트 1.5 mm 네오프렌 블랙 S,1,S,Black,33.46,GB-R4-U5,10
3583783956759,2691687,apparel,Women's Kiprun Apparel,Kiprun 여성용 러닝 타이즈 서포트 - 블랙 블랙 2XS / W24 L28,1,OS,Black,61.13,GB-R4-U6,9
3583783912106,2723278,apparel,Men's Running Pants,런 웜 남성용 러닝 바지 무늬있는 그레이 페블 그레이 XS / W28 L30,1,XS,Grey,49.7,GB-R4-U7,8
3608429756637,2434614,apparel,Women's Running T-Shirt,런 드라이 여성용 러닝 티셔츠 - 코랄 블랙 M,1,M,Black,30.52,FR-01,7
3608419121438,2641815,apparel,Slim-Fit Shorts,560 5부 슬림핏 젠틀 짐 & 필라테스 반바지 - 블랙 다크 그레이 L,1,L,Black,15.17,FR-02,8
3608429710882,2943522,apparel,Women's Thermal T-Shirt,여성용 러닝 보온 경량 긴소매 티셔츠 - 블랙 네이비 블루 L,1,L,Black,24.13,FR-03,11
3608419119077,2610708,apparel,Women's Shorts,520 여성용 투인원 반바지 블랙 S,1,S,Black,43.19,FR-04,9
3608392726996,5502432,apparel,JKT ANTI-UV EU M short,"JKT ANTI-UV 500 W, UK 10 / EU M [short]",1,M,Blue,18.57,GF-R1-U1,7
3608429835257,2176349,apparel,Women's Running T-Shirt,SS 런 라이트 여성용 러닝 티셔츠 블랙 2XL/108-113inch,1,XXL,Black,35.69,GF-R1-U2,6
3608429733454,2925340,apparel,Men's Breathable Running T-Shirt,남성용 러닝 티셔츠 킵런 라이트 통기성 - 블랙 라이트 그레이 2XL,1,XXL,Black,51.28,GF-R1-U3,11
3608429744528,2777690,apparel,Women's Apparel,RUN WARM + 여성용 WARM 조깅 타이즈 블랙 W38 L31,1,OS,Black,16.29,GF-R1-U4,5
3608419071375,2774217,apparel,Women's Pilates T-Shirt,530 여성용 번아웃 필라테스 & 젠틀 짐 티셔츠 - 라이트 블루 카디널 핑크 L,1,L,Blue,17.58,GF-R1-U5,8
3583787641606,4072650,apparel,T-Shirt Gym M Sportee Grey,"T-Shirt Gym M 100 Sportee Grey, L",1,M,Grey,61.41,GF-R1-U6,5
3608449851985,2433235,apparel,Slide Womens WARM Ski Jacket,Slide 500 Womens WARM Ski Jacket 핑크 M,1,M,Pink,51.38,GF-R1-U7,10
3608429753087,2718881,apparel,Men's Running T-Shirt,런 드라이 + 남성용 러닝 티셔츠 블루 그레이 L,1,L,Blue,18.94,GF-R2-U1,7
3583787237335,4774328,apparel,BSHORT BS100L ECO MAN KA EU XL,"BSHORT BS100L ECO MAN KA, UK 37"" / EU XL",1,XL,Navy,20.66,GF-R2-U2,8
3608419088649,2695782,apparel,Regular-Fit Pants,120 레귤러핏 필라테스 & 젠틀 짐 바지 - 그레이 카본 그레이 M / W32 L33,1,M,Grey,27.67,GF-R2-U3,7
3608429813705,2345435,apparel,SLEEVELESS RUN WARM BLACK,"SLEEVELESS RUN WARM BLACK, UK 14 - EU 42",1,XL,Black,60.57,GF-R2-U4,11
3583787839096,2660512,apparel,Men's Leggings,500 남성용 UV 차단 서핑 레깅스 블랙 XS,1,XS,Black,21.43,GF-R2-U5,9
3608419169997,2432567,apparel,Slim-Fit Pilates T-Shirt,900 슬림핏 짐 & 필라테스 티셔츠 스톰 그레이 XL,1,XL,Grey,15.55,GF-R2-U6,11
3583787774519,4035918,apparel,T-Shirt,Travel 50 티셔츠 울소재  데저트 로즈 S,1,S,Grey,15.3,GF-R2-U7,8
3583787221846,4540513,apparel,SHORT REVA BLACK,"SHORT REVA BLACK, UK 14 / FR 44",1,OS,Black,23.49,GF-R3-U1,7
3608393502889,5670745,apparel,SHORT RUN M SPLIT BLU EU S,"SHORT RUN 500 M SPLIT BLU, UK 30"" - EU S",1,M,Red,59.45,GF-R3-U2,11
3608429730347,2920030,apparel,Breathable Apparel,러닝 통기성 팬티 쿼츠 핑크 XS/S,1,XS,Pink,17.32,GF-R3-U3,8
3608449823951,4129524,apparel,Thermal Apparel,베이스 레이어 하의 프레시 보온  핑크 6세,1,OS,Pink,34.16,GF-R3-U4,9
3608419060249,2770336,apparel,T-Shirt,여성 댄스 반소매 티셔츠 가넷 레드 M_L,1,OS,Red,22.13,GF-R3-U5,8
3608429730064,2891160,apparel,XS AB,러닝 컴포트 스포츠 브라 - 카모 그레이 다크 라일락 XS AB,1,XS,Grey,39.59,GF-R3-U6,8
3608439421303,2480639,apparel,SH100 Apparel,Junior SH100 warm grey snow hiking jacket 다크 블루 8세,1,OS,Blue,20.14,GF-R3-U7,10
3608429690740,4181473,apparel,Kids' Shorts,AT100 아동용 육상 반바지 배기 - 블루/핑크 페이디드 데님 151-160cm12-13세,1,OS,Blue,36.85,GF-R4-U1,7
3608429774099,2454500,apparel,Men's Shorts,컴포트 남성용 트레일 러닝 타이트 반바지 블랙 2XL,1,XXL,Black,56.28,GF-R4-U2,10
3608429742661,2836529,apparel,Men's Jacket,런 레인 브리드 남성용 러닝 레인 자켓 블랙 2XL,1,XXL,Black,33.25,GF-R4-U3,8
3583788241324,2307741,apparel,Apparel,140 여성 그리피 승마 조퍼스 - 브라운 슬레이트 브라운 2XS,1,OS,Black,20.21,GF-R4-U4,7
3583787856017,2962964,apparel,Women's Shirt,500 여성용 승마 반팔 폴로 셔츠 메시 - 다크 블루/네이비 다크 블루,1,OS,Blue,61.14,GF-R4-U5,8
3608419310146,2179290,apparel,Women's Slim-Fit Leggings 7/8,여성용 7/8 슬림핏 Gym & Pilates 레깅스 - 멜란지 다크 그레이,1,OS,Grey,30.2,GF-R4-U6,11
3608419299885,2185704,apparel,Pants,520 레귤러-핏 짐 & 필라테스 바지 - 블랙,1,OS,Black,42.76,GF-R4-U7,5
3608439367434,2757499,apparel,Men's NH100 Pants,NH100 남성용 컨추리 워킹 바지 - 다크 그레이 아스팔트 블루 XL-2XL (L34),1,XL,Blue,15.11,GB-R1-U1,7
3583787407639,4192721,apparel,TRAVEL W Shorts DARK,"TRAVEL 900 W Shorts DARK, UK 10 / FR 40",1,OS,Grey,54.75,GB-R1-U2,8
3608459646632,2190261,apparel,Kids' Shorts,"Hendaia 주니어 남아용 숏 보드 반바지, 프렘스 재스민 퍼시픽 블루 4세",1,OS,Blue,63.68,GB-R1-U3,10
3608429720355,2764140,apparel,Kids' T-Shirt,아동용 육상 티셔츠 AT 300 - 라이트 블루  라이트 스카이 블루 131-140cm 8-9세,1,OS,Blue,38.26,GB-R1-U4,10
3608439348624,2715243,apparel,SH100 Apparel,"SH100 WARM W Jacket PURPLE, XS",1,XS,Navy,67.27,GB-R1-U5,5
3608393892478,5736284,apparel,TS RUN M ANTI-UV FRESH short,"TS RUN 500 M ANTI-UV FRESH, 2XL [short]",1,M,Teal,21.38,GB-R1-U6,9
3608429719298,2760876,apparel,Kids' Shorts,AT100 아동용 육상 반바지 배기 - 블루/핑크 네이비 블루 151-160cm12-13세,1,OS,Blue,24.41,GB-R1-U7,7
3608439527326,2137388,apparel,Women's Jacket,Top Warm 여성용 트래킹 다운 자켓 카본 그레이 S,1,S,Grey,45.1,GB-R2-U1,9
3608429765011,2608853,apparel,Men's KIPRUN Running Pants,KIPRUN 남성용 러닝용 바지 - 블랙/옐로우 블랙 M,1,M,Black,48.49,GB-R2-U2,12
3608429645184,4924316,apparel,Jacket Run Wind W Whit EU M,"Jacket Run Wind 100 W Whit, UK 10 / EU M",1,M,Grey,21.01,GB-R2-U3,10
3608419077117,2718921,apparel,Women's Jacket,여성용 카디오 트레이닝 자켓 500 - 페일 핑크 프린트 데저트 로즈 L,1,L,Pink,40.7,GB-R2-U4,8
3583787783313,2964452,apparel,Men's T-Shirt,500 남성용 긴팔 UV 차단 서핑 티셔츠 - 블랙/그레이 갤럭시 블루 S,1,S,Black,67.0,GB-R2-U5,8
3583783816152,2502809,apparel,Women's KIPRUN Apparel,KIPRUN 여성용 러닝 타이즈 블랙 W33 L29,1,OS,Black,16.11,GB-R2-U6,6
3608419091830,2695685,apparel,Slim-Fit Pilates T-Shirt,500 슬림핏 젠틀 짐 & 필라테스 티셔츠 - 다크 모틀드 그레이 다크 그레이 4XL,1,OS,Grey,19.95,GB-R2-U7,5
3608419162936,2477043,apparel,Pilates T-Shirt,500 여성 짐 & 필라테스 롱슬리브 티셔츠 잉크팟 블루 XS,1,XS,Blue,29.54,GB-R3-U1,6
3608439533709,2127534,apparel,Arpenaz Apparel,Arpenaz 300 3-in-1 Mens Hiking Rain Jacket Hazelnut XL,1,XL,Grey,44.0,GB-R3-U2,7
3608429854890,2014720,apparel,ELIORUN WOMAN BLUE GREY EU,ELIORUN WOMAN BLUE GREY EU 35,1,OS,Blue,22.36,GB-R3-U3,10
3608429828839,2181312,apparel,Men's Running T-Shirt,RUN DRY 남성용 러닝 티셔츠 플루오 블러드 오렌지 S,1,S,Black,24.85,GB-R3-U4,9
3608439458965,2566087,apparel,Men's MH550 Mountain Pants,MH550 남성용 컨버터블 마운틴 워킹 바지 - 그레이 카본 그레이 M (L33),1,M,Grey,18.26,GB-R3-U5,6
3583784002158,4044458,apparel,Kiprun Running,Kiprun 러닝용 남성 타이즈 - 블랙 블랙 S / W30 L31,1,S,Black,62.74,GB-R3-U6,5
3583788405764,2016220,apparel,Helmet,Safety 점프 승마용 헬멧 - 브라운 Aubergine,1,OS,Black,19.43,GB-R3-U7,8
3608439418839,2480663,apparel,SH100 Apparel,Junior SH100 warm grey snow hiking jacket 카키 14세,1,OS,Grey,55.02,GB-R4-U1,6
3608459578063,2545607,apparel,Men's Shorts,100 남성용 서핑 보드쇼츠 반바지 버디그리 XL,1,XL,Blue,51.58,GB-R4-U2,11
3583787796016,2908571,apparel,Shorts,B-READY 롱 반바지 블랙 XL,1,XL,Black,19.2,GB-R4-U3,8
3608429729525,2891136,apparel,XL CD,러닝 컴포트 스포츠 브라 - 카모 그레이 버건디 XL CD,1,XL,Grey,66.25,GB-R4-U4,9
3583783866362,2902963,apparel,Men's KIPRUN Running Pants,KIPRUN 남성용 러닝용 바지 - 블랙/옐로우 블랙 XL / W37 L34,1,XL,Black,23.57,GB-R4-U5,7
3608429809814,2507593,apparel,Women's KIPRUN KALENJI Running T-Shirt,KIPRUN CARE KALENJI 여성용 러닝 티셔츠 - 블랙 플루오 코랄 핑크 XL,1,XL,Black,46.76,GB-R4-U6,7
3608419211191,2387702,apparel,Men's Shorts,520 남성용 트레이닝 반바지 블랙 XL,1,XL,Black,15.44,GB-R4-U7,11
3608409840929,4144490,apparel,Women's Jacket,UC 100 여성용 자켓 리넨 L,1,L,Red,37.15,FR-01,6
3608429696032,4154426,apparel,Men's Running T-Shirt,런 드라이 + 남성용 러닝 티셔츠 오렌지 S,1,S,Grey,56.04,FR-02,9
3608419239171,2529367,apparel,Women's Cross-Training T-Shirt,500 여성용 크로스 트레이닝 티셔츠 블랙 올리브 S,1,S,Black,16.53,FR-03,6
3608429865391,2007357,apparel,ELIORUN WOMAN PINK EU,ELIORUN WOMAN PINK EU 36,1,S,Pink,59.33,FR-04,5
3583783806719,2454341,apparel,Slim-Fit Leggings 7/8,560 여성 슬림핏 짐 & 필라테스 7/8 레깅스 - 블랙 도트 프린트 블랙 XL / W35 L29,1,XL,Black,34.54,GF-R1-U1,8
3608429645993,4871311,apparel,JACKET WARM BLACK N07A,"JACKET WARM 100 BLACK N07A, XL",1,XL,Black,27.13,GF-R1-U2,6
3583784267519,4533420,apparel,SH100 Apparel,"JACKET WARM SH100 TW G, 7-8years/4'-4'2""",1,OS,White,15.73,GF-R1-U3,7
3583787775479,2904284,apparel,Kids' Thermal Apparel,500 아동용 긴팔 네오프렌 보온 탑 - 터쿼이즈 다크 피코크 블루 15,1,OS,Blue,34.1,GF-R1-U4,10
3608429790419,2502893,apparel,Kids' Pants,런 드라이 아동용 트랙 러닝 크롭 바지 미드나잇 퍼플 8세,1,OS,Navy,46.51,GF-R1-U5,7
3608419167245,2620737,apparel,Kids' Jacket,100 주니어 여아 짐 자켓 라이트 핑크 14세,1,OS,Pink,66.92,GF-R1-U6,9
3583783807792,2502227,apparel,Women's Apparel,RUN WARM+ 여성용 웜 조깅 타이즈 블랙 W24 L28,1,OS,Black,21.44,GF-R1-U7,8
3608429741664,2725318,apparel,Kids' Jacket,아동용 레인 자켓 운동복 - 블루 미드나잇 인디고 12세,1,OS,Blue,20.38,GF-R2-U1,11
3608429829423,2182130,apparel,Men's Running T-Shirt,RUN DRY 남성용 러닝 티셔츠 블랙 Bright indigo,1,OS,Black,35.02,GF-R2-U2,6
3608393520272,5684461,apparel,TS RUN W DRY PURPLE EU L,"TS RUN 500 W DRY PURPLE, UK 12-14 / EU L",1,L,Orange,15.27,GF-R2-U3,8
3608429798842,2503485,apparel,Women's Apparel,런 드라이 + 투인원 여성용 러닝 스커트 블랙 2XS,1,OS,Black,35.86,GF-R2-U4,11
3608399853602,2393397,apparel,Kids' T-Shirt,500 주니어 남아 티셔츠 - 블루 퍼시픽 블루 12세,1,OS,Blue,45.97,GF-R2-U5,9
3608429773351,2473354,apparel,Men's Apparel,남성용 트레일 러닝 배기 쇼츠 블랙 2XL,1,XXL,Black,49.87,GF-R2-U6,11
3608392756627,5508919,apparel,MH100 Apparel,"PANTS MH100 MEN BL, UK 37"" - FR 46 (L32)",1,OS,Orange,24.16,GF-R2-U7,6
3608429760849,2632480,apparel,JACKET RUN WIND W WHITE,"JACKET RUN WIND W WHITE, UK 20 - EU 48",1,OS,White,41.35,GF-R3-U1,5
3608439397318,2467210,apparel,NH500 Pants,NH500 Fit 여성 컨추리 워킹 바지 - 네이비 아스팔트 블루 M (L31),1,M,Blue,21.34,GF-R3-U2,11
3608439393167,2711384,apparel,MH500 Helium Sun-Protect Jacket,MH500 Helium 자외선 차단 자켓 - 로즈 그린 XS,1,XS,Green,63.3,GF-R3-U3,6
3608429718246,2730346,apparel,Women's Running T-Shirt,런 필 여성용 러닝 티셔츠 블랙 S,1,S,Black,37.94,GF-R3-U4,11
3583787467459,4385488,apparel,Pant Regular Grey M L34,"Pant Regular 500 Grey M, 41"" / 2XL (L34)",1,M,Grey,18.94,GF-R3-U5,9
3608429762379,2629651,apparel,S AB,"러닝 컴포트 스포츠 브라
블랙 블랙 S AB",1,S,Black,39.77,GF-R3-U6,8
3608429661719,4564031,accessories,"RUN GLOVES EVOLUTIV V2 Black, M","RUN GLOVES EVOLUTIV V2 Black, M",0,M,Black,5.05,ACC-01,12
3608429661634,4564028,accessories,"RUN GLOVES EVOLUTIV V2 Black, L","RUN GLOVES EVOLUTIV V2 Black, L",0,L,Black,34.52,ACC-02,9
3608429661627,4564027,accessories,"RUN GLOVES EVOLUTIV V2 Black, S","RUN GLOVES EVOLUTIV V2 Black, S",0,S,Black,12.76,ACC-03,8
3608429661733,4564030,accessories,"RUN GLOVES EVOLUTIV V2 Black, XL","RUN GLOVES EVOLUTIV V2 Black, XL",0,XL,Black,24.16,ACC-04,10
3608391629502,5154030,accessories,"RUNNING CAP V2 BLACK, No Size","RUNNING CAP V2 BLACK, No Size",0,OS,Black,10.06,CO-IR,8
3608429661672,4563977,accessories,"RUN GLOVES TOUCH SCREEN WARM+ V2 Blac, L","RUN GLOVES TOUCH SCREEN WARM+ V2 Blac, L",0,L,Pink,13.83,GF-R5-U1,12
3608429661702,4563975,accessories,"RUN GLOVES TOUCH SCREEN WARM+ V2 Blac, M","RUN GLOVES TOUCH SCREEN WARM+ V2 Blac, M",0,M,Orange,32.34,GF-R5-U2,16
3608429655336,4564122,accessories,"RUN GLOVES TOUCH SCREEN V2 BLACK N07A, L","RUN GLOVES TOUCH SCREEN V2 BLACK N07A, L",0,L,Black,8.3,GF-R5-U3,11
3608429661726,4563976,accessories,"RUN GLOVES TOUCH SCREEN WARM+ V2 Blac, S","RUN GLOVES TOUCH SCREEN WARM+ V2 Blac, S",0,S,Red,9.69,GF-R5-U4,12
3608429661689,4563978,accessories,"RUN GLOVES TOUCH SCREEN WARM+ V2 Bla, XL","RUN GLOVES TOUCH SCREEN WARM+ V2 Bla, XL",0,XL,Red,5.81,GF-R5-U5,10
3608429655329,4564125,accessories,"RUN GLOVES TOUCH SCREEN V2 BLACK N07A, M","RUN GLOVES TOUCH SCREEN V2 BLACK N07A, M",0,M,Black,12.5,GF-R5-U6,11
3608429655350,4564121,accessories,"RUN GLOVES TOUCH SCREEN V2 BLACK N07A, S","RUN GLOVES TOUCH SCREEN V2 BLACK N07A, S",0,S,Black,29.26,GF-R5-U7,10
3608391485634,4866719,accessories,"WATER REPELLENT RUN CAP 5 PANE, No Size","WATER REPELLENT RUN CAP 5 PANE, No Size",0,OS,Pink,18.32,GB-R5-U1,10
3608429661658,4564023,accessories,"RUN GLOVES EVOLUTIV V2, M","RUN GLOVES EVOLUTIV V2, M",0,M,White,6.94,GB-R5-U2,15
3608429661399,4563969,accessories,"RUN GLOVES TOUCH WARM+ V2 Grey N06A, L","RUN GLOVES TOUCH WARM+ V2 Grey N06A, L",0,L,Grey,9.28,GB-R5-U3,16
3608391511951,4866722,accessories,"WATER REPELLENT RUN CAP 5 PANE, No Size","WATER REPELLENT RUN CAP 5 PANE, No Size",0,OS,Pink,7.84,GB-R5-U4,9
3608429661412,4563967,accessories,"RUN GLOVES TOUCH WARM+ V2 Grey N06A, M","RUN GLOVES TOUCH WARM+ V2 Grey N06A, M",0,M,Grey,9.84,GB-R5-U5,11
3608429661429,4563968,accessories,"RUN GLOVES TOUCH WARM+ V2 Grey N06A, S","RUN GLOVES TOUCH WARM+ V2 Grey N06A, S",0,S,Grey,14.81,GB-R5-U6,9
3608429661665,4564020,accessories,"RUN GLOVES EVOLUTIV V2, L","RUN GLOVES EVOLUTIV V2, L",0,L,Pink,5.57,GB-R5-U7,15
3583787412657,4361577,accessories,"LINER GLOVE MT 100 FLEECE BLACK, S-M","LINER GLOVE MT 100 FLEECE BLACK, S-M",0,S,Black,24.07,ACC-01,14
3608429661696,4564019,accessories,"RUN GLOVES EVOLUTIV V2, S","RUN GLOVES EVOLUTIV V2, S",0,S,Grey,13.65,ACC-02,9
3608429661467,4563991,accessories,"RUN GLOVES TOUCH SCREEN WARM+ V2 Khak, M","RUN GLOVES TOUCH SCREEN WARM+ V2 Khak, M",0,M,Pink,26.83,ACC-03,8
3608429661641,4564022,accessories,"RUN GLOVES EVOLUTIV V2, XL","RUN GLOVES EVOLUTIV V2, XL",0,XL,Teal,7.48,ACC-04,9
3608429655312,4564124,accessories,"RUN GLOVES TOUCH SCREEN V2 BLACK N07, XL","RUN GLOVES TOUCH SCREEN V2 BLACK N07, XL",0,XL,Black,13.2,CO-IR,7
3608429661443,4563993,accessories,"RUN GLOVES TOUCH SCREEN WARM+ V2 Khak, L","RUN GLOVES TOUCH SCREEN WARM+ V2 Khak, L",0,L,Navy,12.36,GF-R5-U1,7
3608429661405,4563970,accessories,"RUN GLOVES TOUCH WARM+ V2 Grey N06A, XL","RUN GLOVES TOUCH WARM+ V2 Grey N06A, XL",0,XL,Grey,21.07,GF-R5-U2,13
3608392019036,5365294,accessories,"RUNNING CAP  V2 GREEN GRAPH, No Size","RUNNING CAP  V2 GREEN GRAPH, No Size",0,OS,Green,13.07,GF-R5-U3,8
3583787412688,4361576,accessories,"LINER GLOVE MT 100 FLEECE BLACK, 2XS-XS","LINER GLOVE MT 100 FLEECE BLACK, 2XS-XS",0,XS,Black,8.34,GF-R5-U4,9
3608439244209,4728757,accessories,"BACKPACK NH ARPENAZ 100 10L BLU, No Size","BACKPACK NH ARPENAZ 100 10L BLU, No Size",0,OS,Orange,34.55,GF-R5-U5,8
3608429661436,4563992,accessories,"RUN GLOVES TOUCH SCREEN WARM+ V2 Khak, S","RUN GLOVES TOUCH SCREEN WARM+ V2 Khak, S",0,S,Red,7.01,GF-R5-U6,14
3608429923046,1779332,accessories,"SOCKS EKIDEN WHITE, 39/42","SOCKS EKIDEN WHITE, 39/42",0,OS,White,5.03,GF-R5-U7,14
3583787412664,4361578,accessories,"LINER GLOVE MT 100 FLEECE BLACK, L-XL","LINER GLOVE MT 100 FLEECE BLACK, L-XL",0,L,Black,11.6,GB-R5-U1,7
3608391628994,5154029,accessories,"RUN CAP V2 WHITE, No Size","RUN CAP V2 WHITE, No Size",0,OS,White,19.26,GB-R5-U2,15
3608429655817,4755442,accessories,"5 PANEL CAP BLACK, No Size","5 PANEL CAP BLACK, No Size",0,OS,Black,33.45,GB-R5-U3,8
3608391629526,5224482,accessories,"RUNNING CAP V2 GREY, No Size","RUNNING CAP V2 GREY, No Size",0,OS,Grey,6.86,GB-R5-U4,8
3608390741212,5066079,accessories,"5 PANEL CAP PURPLE TURQUOISE, No Size","5 PANEL CAP PURPLE TURQUOISE, No Size",0,OS,Orange,33.25,GB-R5-U5,13
3608391629519,5224481,accessories,"RUNNING CAP  V2 BLUE, No Size","RUNNING CAP  V2 BLUE, No Size",0,OS,Blue,8.04,GB-R5-U6,16
3583784229135,4361604,accessories,"GLOVE MT 500 STRETCH DDY BLACK, M","GLOVE MT 500 STRETCH DDY BLACK, M",0,M,Black,9.63,GB-R5-U7,16
3583787146873,4531443,accessories,"GLOVE MT 500 FLEECE BLACK, L","GLOVE MT 500 FLEECE BLACK, L",0,L,Black,13.62,ACC-01,12
3608439404221,2663476,accessories,"BACKPACK NH ARPENAZ 20L BEIGE, 20L","BACKPACK NH ARPENAZ 20L BEIGE, 20L",0,OS,Orange,11.64,ACC-02,14
3608429661504,4563994,accessories,"RUN GLOVES TOUCH SCREEN WARM+ V2 Kha, XL","RUN GLOVES TOUCH SCREEN WARM+ V2 Kha, XL",0,XL,Blue,8.32,ACC-03,15
3608391629700,5224486,accessories,"RUNNING CAP  V2 RED, No Size","RUNNING CAP  V2 RED, No Size",0,OS,Red,12.62,ACC-04,16
3608429923077,1779336,accessories,"SOCKS EKIDEN BLACK, 39/42","SOCKS EKIDEN BLACK, 39/42",0,OS,Black,7.39,CO-IR,8
3608429923107,1779333,accessories,"SOCKS EKIDEN WHITE, 43/46","SOCKS EKIDEN WHITE, 43/46",0,OS,White,19.44,GF-R5-U1,12
3608390621750,5045537,accessories,"BACKPACK NH ARPENAZ 100 10L GRA, No Size","BACKPACK NH ARPENAZ 100 10L GRA, No Size",0,OS,Navy,12.8,GF-R5-U2,11
3583788019206,2647870,accessories,"TRAVEL 100 CAP LIGHT GREY, No Size","TRAVEL 100 CAP LIGHT GREY, No Size",0,OS,Grey,24.12,GF-R5-U3,10
3608429835424,2176330,accessories,"LS TS RUN SUN PROTECT BLA, UK 10 - EU 38","LS TS RUN SUN PROTECT BLA, UK 10 - EU 38",0,M,Red,19.04,GF-R5-U4,8
3608439412820,2663481,accessories,"BACKPACK NH ARPENAZ 100 20L BLACK, 20L","BACKPACK NH ARPENAZ 100 20L BLACK, 20L",0,OS,Black,22.08,GF-R5-U5,13
3583784229128,4361603,accessories,"GLOVE MT 500 STRETCH DDY BLACK, S","GLOVE MT 500 STRETCH DDY BLACK, S",0,S,Black,7.38,GF-R5-U6,12
3608390138197,4357779,accessories,"SKI GLOVES 100 LIGHT BLACK, L","SKI GLOVES 100 LIGHT BLACK, L",0,L,Black,7.47,GF-R5-U7,8
3583787146828,4531541,accessories,"LINER GLOVE MT 500 SEAMLESS BLAC, 2XS-XS","LINER GLOVE MT 500 SEAMLESS BLAC, 2XS-XS",0,XS,Grey,22.6,GB-R5-U1,16
3583784229142,4361605,accessories,"GLOVE MT 500 STRETCH DDY BLACK, L","GLOVE MT 500 STRETCH DDY BLACK, L",0,L,Black,10.6,GB-R5-U2,11
3608391016326,5149472,accessories,"SKI GLOVES 500 BLACK, L","SKI GLOVES 500 BLACK, L",0,L,Black,25.14,GB-R5-U3,10
3583787146804,4531444,accessories,"GLOVE MT 500 FLEECE BLACK, XS","GLOVE MT 500 FLEECE BLACK, XS",0,XS,Black,31.67,GB-R5-U4,14
3608390300693,4977160,accessories,"BACKPACK MH500 LIGHT KAKI, UNIQUE","BACKPACK MH500 LIGHT 22L KAKI, UNIQUE",0,OS,Red,33.06,GB-R5-U5,14
3608429835370,2176331,accessories,"LS TS RUN SUN PROTECT BLA, UK 12 - EU 40","LS TS RUN SUN PROTECT BLA, UK 12 - EU 40",0,L,White,9.01,GB-R5-U6,8
3608390138203,4357780,accessories,"SKI GLOVES 100 LIGHT BLACK, XL","SKI GLOVES 100 LIGHT BLACK, XL",0,XL,Black,15.51,GB-R5-U7,9
3583787146835,4531446,accessories,"GLOVE MT 500 FLEECE BLACK, XL","GLOVE MT 500 FLEECE BLACK, XL",0,XL,Black,20.42,ACC-01,14
3608399817666,4237279,accessories,"CAP TC 100 BLACK T58, No Size","CAP TC 100 BLACK T58, No Size",0,OS,Black,28.29,ACC-02,10
3608429923060,1779337,accessories,"SOCKS EKIDEN BLACK, 43/46","SOCKS EKIDEN BLACK, 43/46",0,OS,Black,34.79,ACC-03,13
3608391016319,5149471,accessories,"SKI GLOVES 500 BLACK, M","SKI GLOVES 500 BLACK, M",0,M,Black,30.7,ACC-04,14
3583784229111,4361602,accessories,"GLOVE MT 500 STRETCH DDY BLACK, XS","GLOVE MT 500 STRETCH DDY BLACK, XS",0,XS,Black,34.09,CO-IR,11
3608429835363,2176332,accessories,"LS TS RUN SUN PROTECT BLA, UK 14 - EU 42","LS TS RUN SUN PROTECT BLA, UK 14 - EU 42",0,XL,Pink,20.0,GF-R5-U1,13
3608390138180,4357778,accessories,"SKI GLOVES 100 LIGHT BLACK, M","SKI GLOVES 100 LIGHT BLACK, M",0,M,Black,5.52,GF-R5-U2,13
3583788333371,2110476,accessories,"FULL GLOVES JR BLACK GREY, AGE 14","FULL GLOVES JR BLACK GREY, AGE 14",0,OS,Black,11.7,GF-R5-U3,9
3608391016333,5149473,accessories,"SKI GLOVES 500 BLACK, XL","SKI GLOVES 500 BLACK, XL",0,XL,Black,7.6,GF-R5-U4,13
3583787810637,4045308,accessories,"TRAVEL 100 Cap Dark Blue, No Size","TRAVEL 100 Cap Dark Blue, No Size",0,OS,Blue,17.49,GF-R5-U5,10
3583788333364,2110474,accessories,"FULL GLOVES JR BLACK GREY, AGE 10","FULL GLOVES JR BLACK GREY, AGE 10",0,OS,Black,33.43,GF-R5-U6,10
3583788333357,2110475,accessories,"FULL GLOVES JR BLACK GREY, AGE 12","FULL GLOVES JR BLACK GREY, AGE 12",0,OS,Black,5.68,GF-R5-U7,16
3583787412671,4361579,accessories,"LINER GLOVE MT 100 FLEECE BLACK, 2XL-3XL","LINER GLOVE MT 100 FLEECE BLACK, 2XL-3XL",0,XXL,Black,6.68,GB-R5-U1,12
3608392018497,5365297,accessories,"5 PANEL CAP GREY GREEN, No Size","5 PANEL CAP GREY GREEN, No Size",0,OS,Grey,12.18,GB-R5-U2,15
3583787146897,4531442,accessories,"GLOVE MT 500 FLEECE BLACK, S","GLOVE MT 500 FLEECE BLACK, S",0,S,Black,30.64,GB-R5-U3,14
3583787146750,4531542,accessories,"LINER GLOVE MT 500 SEAMLESS BLACK, L-XL","LINER GLOVE MT 500 SEAMLESS BLACK, L-XL",0,L,Black,9.81,GB-R5-U4,10
3608429923114,1779335,accessories,"SOCKS EKIDEN BLACK, 35/38","SOCKS EKIDEN BLACK, 35/38",0,OS,Black,5.0,GB-R5-U5,16
3583787895153,2920393,accessories,"SynthPadded Hoody JKT MT100 W Black, L","SynthPadded Hoody JKT MT100 W Black, L",0,L,Black,20.74,GB-R5-U6,15
3583784229159,4361606,accessories,"GLOVE MT 500 STRETCH DDY BLACK, XL","GLOVE MT 500 STRETCH DDY BLACK, XL",0,XL,Black,31.58,GB-R5-U7,15
3583787146743,4531543,accessories,"LINER GLOVE MT 500 SEAMLESS BLACK, S-M","LINER GLOVE MT 500 SEAMLESS BLACK, S-M",0,S,Black,29.15,ACC-01,9
3608391895679,5324757,accessories,"GLOVE KEEPDRY WARM, S","GLOVE KEEPDRY WARM, S",0,S,Blue,23.89,ACC-02,10
3583787146781,4531445,accessories,"GLOVE MT 500 FLEECE BLACK, M","GLOVE MT 500 FLEECE BLACK, M",0,M,Black,33.52,ACC-03,16
3608391016302,5149470,accessories,"SKI GLOVES 500 BLACK, S","SKI GLOVES 500 BLACK, S",0,S,Black,5.33,ACC-04,15
3608391895686,5324758,accessories,"GLOVE KEEPDRY WARM, M","GLOVE KEEPDRY WARM, M",0,M,Orange,7.65,CO-IR,14
3583787665138,4264580,accessories,"500 ML TRAIL RUNNING BOTTLE BE, L/XL/2XL","500 ML TRAIL RUNNING BOTTLE BE, L/XL/2XL",0,L,Navy,19.68,GF-R5-U1,15
3608390138173,4357777,accessories,"SKI GLOVES 100 LIGHT BLACK, S","SKI GLOVES 100 LIGHT BLACK, S",0,S,Black,8.13,GF-R5-U2,15
3608390192908,4562963,accessories,"2 BOTTLES 250 ML BELT 2023, No Size","2 BOTTLES 250 ML BELT 2023, No Size",0,OS,Teal,24.84,GF-R5-U3,12
3583784229166,4361607,accessories,"GLOVE MT 500 STRETCH DDY BLACK, 2XL","GLOVE MT 500 STRETCH DDY BLACK, 2XL",0,XXL,Black,9.24,GF-R5-U4,9
3608429835356,2176333,accessories,"LS TS RUN SUN PROTECT BLA, UK 16 - EU 44","LS TS RUN SUN PROTECT BLA, UK 16 - EU 44",0,XXL,Green,21.84,GF-R5-U5,15
3583787895207,2920394,accessories,"SynthPadded Hoody JKT MT100 W Black, M","SynthPadded Hoody JKT MT100 W Black, M",0,M,Black,7.65,GF-R5-U6,15
3608429755982,2621305,accessories,"LS TS RUN SUN PROTECT W W, UK 12 - EU 40","LS TS RUN SUN PROTECT W W, UK 12 - EU 40",0,L,Grey,6.38,GF-R5-U7,14
3608429756033,2621304,accessories,"LS TS RUN SUN PROTECT W W, UK 10 - EU 38","LS TS RUN SUN PROTECT W W, UK 10 - EU 38",0,M,Green,20.73,GB-R5-U1,11
3608391895693,5324759,accessories,"GLOVE KEEPDRY WARM, L","GLOVE KEEPDRY WARM, L",0,L,Black,16.59,GB-R5-U2,13
3608429923053,1779331,accessories,"SOCKS EKIDEN WHITE, 35/38","SOCKS EKIDEN WHITE, 35/38",0,OS,White,24.04,GB-R5-U3,15
3608391898601,5324760,accessories,"GLOVE KEEPDRY WARM, XL","GLOVE KEEPDRY WARM, XL",0,XL,White,9.52,GB-R5-U4,11
3583787895023,2920311,accessories,SynthPadded Hoody JKT MT100 M GreyBlue L,SynthPadded Hoody JKT MT100 M GreyBlue L,0,M,Blue,8.97,GB-R5-U5,13
3583788333333,2110473,accessories,"FULL GLOVES JR BLACK GREY, AGE 8","FULL GLOVES JR BLACK GREY, AGE 8",0,OS,Black,16.31,GB-R5-U6,13
3608390375950,4996718,accessories,"compr socks 900 black, 43/46L-8.5/11L","compr socks 900 black, 43/46L-8.5/11L",0,OS,Black,34.02,GB-R5-U7,16
3608390138210,4357781,accessories,"SKI GLOVES 100 LIGHT BLACK, 2XL","SKI GLOVES 100 LIGHT BLACK, 2XL",0,XXL,Black,12.52,ACC-01,16
3608429721680,2896623,accessories,"HAND WATER BOTTLE . A Strap BLK, UNIQUE","HAND WATER BOTTLE . A Strap BLK, UNIQUE",0,OS,White,5.05,ACC-02,16
3608429835448,2176329,accessories,"LS TS RUN SUN PROTECT BLAC, UK 8 - EU 36","LS TS RUN SUN PROTECT BLAC, UK 8 - EU 36",0,S,Teal,11.4,ACC-03,10
3608390375912,4996714,accessories,"compr socks 900 black, 39/42L-5.5/8 L","compr socks 900 black, 39/42L-5.5/8 L",0,L,Black,17.92,ACC-04,8
3583787895191,2920395,accessories,"SynthPadded Hoody JKT MT100 W Black, S","SynthPadded Hoody JKT MT100 W Black, S",0,S,Black,7.99,CO-IR,9
3608391915513,5334377,accessories,"TRAIL RUNNING BAG 10L SS25 BLACK/GRE, XL","TRAIL RUNNING BAG 10L SS25 BLACK/GRE, XL",0,XL,Black,34.78,GF-R5-U1,11
3583787146934,4531538,accessories,"LINER GLOVE MT 500 SEAMLESS PURPLE, L-XL","LINER GLOVE MT 500 SEAMLESS PURPLE, L-XL",0,L,Pink,7.75,GF-R5-U2,11
3608391016340,5149474,accessories,"SKI GLOVES 500 BLACK, 2XL","SKI GLOVES 500 BLACK, 2XL",0,XXL,Black,10.17,GF-R5-U3,14
3608392231070,5399150,accessories,"BACKPACK MH500 25L MIDNIGHT BLU, No Size","BACKPACK MH500 25L MIDNIGHT BLU, No Size",0,OS,Blue,5.05,GF-R5-U4,12
3583787146927,4531539,accessories,"LINER GLOVE MT 500 SEAMLESS PURPLE, S-M","LINER GLOVE MT 500 SEAMLESS PURPLE, S-M",0,S,Teal,16.16,GF-R5-U5,14
3608390138166,4357776,accessories,"SKI GLOVES 100 LIGHT BLACK, XS","SKI GLOVES 100 LIGHT BLACK, XS",0,XS,Black,16.91,GF-R5-U6,12
3608439298493,4270094,accessories,"SOCKS WARM SH500 MID AD B, 2.5-5 - 35/38","SOCKS WARM SH500 MID AD B, 2.5-5 - 35/38",0,OS,Orange,6.42,GF-R5-U7,7
3583787304006,4361590,accessories,"GLOVE MT 900 WINDPROOF GREY, S","GLOVE MT 900 WINDPROOF GREY, S",0,S,Grey,22.23,GB-R5-U1,11
3608429755999,2621306,accessories,"LS TS RUN SUN PROTECT W W, UK 14 - EU 42","LS TS RUN SUN PROTECT W W, UK 14 - EU 42",0,XL,Navy,15.83,GB-R5-U2,11
3608390375899,4996712,accessories,"compr socks 900 black, 39/42M-5.5/8M","compr socks 900 black, 39/42M-5.5/8M",0,OS,Black,23.2,GB-R5-U3,9
3608429756026,2621302,accessories,"LS TS RUN SUN PROTECT W WH, UK 8 - EU 36","LS TS RUN SUN PROTECT W WH, UK 8 - EU 36",0,S,Black,17.54,GB-R5-U4,12
3608392696893,5504317,accessories,"DESERT 500 CAP GREY V2, No Size","DESERT 500 CAP GREY V2, No Size",0,OS,Grey,5.23,GB-R5-U5,16
3583787616208,4004754,accessories,"2 HIKING POLE PADS, No Size","2 HIKING POLE PADS, No Size",0,OS,Grey,24.38,GB-R5-U6,13
3608391021245,5156226,accessories,"TRAVEL SHOULDER BAG, No Size","TRAVEL SHOULDER BAG, No Size",0,OS,Green,8.15,GB-R5-U7,16
3583784227896,4361620,accessories,"GLOVE MT 500 STRETCH NAVY, S","GLOVE MT 500 STRETCH NAVY, S",0,S,Navy,20.84,ACC-01,12
3608390344307,4521313,accessories,"TRAIL ULTRA BAG 15L SS25 NOIR, XL","TRAIL ULTRA BAG 15L SS25 NOIR, XL",0,XL,Navy,8.5,ACC-02,17
3608391608514,4954141,accessories,"GLOVE MT500 WARM STRETCH BLACK, XS","GLOVE MT500 WARM STRETCH BLACK, XS",0,XS,Black,7.82,ACC-03,10
3583783858190,2562988,accessories,"FOAM PAD MT 500, No Size","FOAM PAD MT 500, No Size",0,OS,Black,6.65,ACC-04,10
3583788333340,2110472,accessories,"FULL GLOVES JR BLACK GREY, AGE 6","FULL GLOVES JR BLACK GREY, AGE 6",0,OS,Black,34.23,CO-IR,12
3583787788271,2879081,accessories,"ULTRA LIGHT WASHBAG, NO SIZE","ULTRA LIGHT WASHBAG, NO SIZE",0,OS,White,27.88,GF-R5-U1,10
3608399818311,4237278,accessories,"CAP TC 100 WHITE S58, No Size","CAP TC 100 WHITE S58, No Size",0,OS,White,5.69,GF-R5-U2,14
3608390375943,4996717,accessories,"compr socks 900 black, 43/46M-8.5/11M","compr socks 900 black, 43/46M-8.5/11M",0,OS,Black,15.61,GF-R5-U3,10
3608439253676,4813859,accessories,"Bottle MH500 Ecozen 0,8L blue, No Size","Bottle MH500 Ecozen 0,8L blue, No Size",0,OS,Blue,10.27,GF-R5-U4,16
3608391898618,5324761,accessories,"GLOVE KEEPDRY WARM, 2XL","GLOVE KEEPDRY WARM, 2XL",0,XXL,Green,12.32,GF-R5-U5,9
3608418975254,4018532,accessories,"FBAS 15 L BACKPACK BLACK, 15L","FBAS 15 L BACKPACK BLACK, 15L",0,L,Black,34.91,GF-R5-U6,12
3608429686606,4046654,accessories,"JOG MESSENGER BAG BLA, ONE SIZE FITS ALL","JOG MESSENGER BAG BLA, ONE SIZE FITS ALL",0,OS,Black,10.88,GF-R5-U7,11
3608429657613,4683436,accessories,"TRAIL RUNNING BAG 5L, ONE SIZE FITS ALL","TRAIL RUNNING BAG 5L, ONE SIZE FITS ALL",0,OS,Grey,16.02,GB-R5-U1,8
3608390344321,4521315,accessories,"TRAIL ULTRA BAG 15L SS25 NOIR, M/L","TRAIL ULTRA BAG 15L SS25 NOIR, M/L",0,M,Navy,20.06,GB-R5-U2,8
3583787895016,2920312,accessories,SynthPadded Hoody JKT MT100 M GreyBlue M,SynthPadded Hoody JKT MT100 M GreyBlue M,0,M,Blue,5.76,GB-R5-U3,11
3583787858721,2941541,accessories,"BAG 55L ESSENTIAL BLACK, 55L","BAG 55L ESSENTIAL BLACK, 55L",0,OS,Black,15.2,GB-R5-U4,16
3583784230636,4361624,accessories,"GLOVE MT 500 STRETCH NAVY, 2XL","GLOVE MT 500 STRETCH NAVY, 2XL",0,XXL,Navy,11.24,GB-R5-U5,10
3583787895184,2920396,accessories,"SynthPadded Hoody JKT MT100 W Black, XL","SynthPadded Hoody JKT MT100 W Black, XL",0,XL,Black,19.24,GB-R5-U6,13
3608429756019,2621308,accessories,"LS TS RUN SUN PROTECT W W, UK 18 - EU 46","LS TS RUN SUN PROTECT W W, UK 18 - EU 46",0,3XL,Orange,15.12,GB-R5-U7,12
3608391016432,5149462,accessories,"SKI GLOVES 500 WHITE, L","SKI GLOVES 500 WHITE, L",0,L,White,31.66,ACC-01,12
3608429756002,2621307,accessories,"LS TS RUN SUN PROTECT W W, UK 16 - EU 44","LS TS RUN SUN PROTECT W W, UK 16 - EU 44",0,XXL,Navy,13.17,ACC-02,9
3608390375868,4996709,accessories,"compr socks 900 black, 35/38M-2.5/5M","compr socks 900 black, 35/38M-2.5/5M",0,OS,Black,19.54,ACC-03,9
3608429670124,4392884,accessories,"LS TS RUN SUN PROTECT W PA, UK 8 / FR 38","LS TS RUN SUN PROTECT W PA, UK 8 / FR 38",0,OS,Navy,28.1,ACC-04,9
3583787110072,2989773,accessories,"COMPACT TRAVEL BACKPACK 10L, No Size","COMPACT TRAVEL BACKPACK 10L, No Size",0,OS,Blue,6.81,CO-IR,16
3608418927000,4066972,accessories,"GLOVE BB 100 . Gloves BLK, M","GLOVE BB 100 . Gloves BLK, M",0,M,Green,9.75,GF-R5-U1,17
3608391580254,5206607,accessories,"CN SPORTSBRA 1ST PAD MID G, UK 10 / EU M","CN SPORTSBRA 1ST PAD MID G, UK 10 / EU M",0,M,White,5.15,GF-R5-U2,9
3583787665121,4264581,accessories,"500 ML TRAIL RUNNING BOTTLE BELT, XS/S/M","500 ML TRAIL RUNNING BOTTLE BELT, XS/S/M",0,XS,Navy,10.66,GF-R5-U3,12
3583784279505,4019438,accessories,"GLOVES SH500 FLEECE JR BLACK, 12 Years","GLOVES SH500 FLEECE JR BLACK, 12 Years",0,OS,Black,10.5,GF-R5-U4,8
3608392118623,5379976,accessories,"BUM BAG 2L mobility RS black, No Size","BUM BAG 2L mobility RS black, No Size",0,OS,Black,22.21,GF-R5-U5,9
3583784227889,4361619,accessories,"GLOVE MT 500 STRETCH NAVY, XS","GLOVE MT 500 STRETCH NAVY, XS",0,XS,Navy,4.99,GF-R5-U6,9
3608439298479,4270095,accessories,"SOCKS WARM SH500 MID AD B, 5.5-8 - 39/42","SOCKS WARM SH500 MID AD B, 5.5-8 - 39/42",0,OS,Black,10.51,GF-R5-U7,16
3608419197532,2475055,accessories,"FBRA 100 PAD BLACK, M","FBRA 100 PAD BLACK, M",0,M,Black,5.84,GB-R5-U1,9
3608439488719,2349289,accessories,"LINER GLOVE MT 500 SILK BLACK, M","LINER GLOVE MT 500 SILK BLACK, M",0,M,Black,7.39,GB-R5-U2,16
3608392231568,5399156,accessories,"BACKPACK MH500 38L MIDNIGHT BLU, No Size","BACKPACK MH500 38L MIDNIGHT BLU, No Size",0,OS,Green,16.91,GB-R5-U3,7
3608391602536,5215496,accessories,"BOX GLOVES AND SOCKS JR GREE, 8-10 Years","BOX GLOVES AND SOCKS JR GREE, 8-10 Years",0,OS,Grey,21.99,GB-R5-U4,9
3608392229398,5399147,accessories,"BACKPACK MH500 25L EUCALYPTUS G, No Size","BACKPACK MH500 25L EUCALYPTUS G, No Size",0,OS,Orange,5.02,GB-R5-U5,9
3608392696473,5504316,accessories,"DESERT 500 CAP BEIGE V2, No Size","DESERT 500 CAP BEIGE V2, No Size",0,OS,Teal,7.78,GB-R5-U6,8
3608418926997,4066974,accessories,"GLOVE BB 100 . Gloves BLK, XL","GLOVE BB 100 . Gloves BLK, XL",0,XL,Navy,15.08,GB-R5-U7,9
3608391016425,5149461,accessories,"SKI GLOVES 500 WHITE, M","SKI GLOVES 500 WHITE, M",0,M,White,21.08,ACC-01,10
3583787894804,2920308,accessories,SynthPadded Hoody JKT MT100 M GreyBl 2XL,SynthPadded Hoody JKT MT100 M GreyBl 2XL,0,M,Grey,6.46,ACC-02,7
3583784074667,2765799,accessories,"RUNNING BAG WITH LACE, ONE SIZE FITS ALL","RUNNING BAG WITH LACE, ONE SIZE FITS ALL",0,OS,White,20.13,ACC-03,13
3583784228497,4631213,accessories,"GLOVE MT 500 STRETCH BORDEAUX, S","GLOVE MT 500 STRETCH BORDEAUX, S",0,S,Grey,18.72,ACC-04,10
3608391016227,5149482,accessories,"SKI GLOVES 500 BLUE BLACK, L","SKI GLOVES 500 BLUE BLACK, L",0,L,Black,31.88,CO-IR,12
3583787895177,2920397,accessories,"SynthPadded Hoody JKT MT100 W Black, XS","SynthPadded Hoody JKT MT100 W Black, XS",0,XS,Black,16.78,GF-R5-U1,16
3608399852018,2669062,accessories,"TC 500 CAP NAVY RED S58, No Size","TC 500 CAP NAVY RED S58, No Size",0,OS,Navy,13.19,GF-R5-U2,15
3608429670117,4392883,accessories,"LS TS RUN SUN PROTECT W P, UK 10 / FR 40","LS TS RUN SUN PROTECT W P, UK 10 / FR 40",0,OS,Teal,14.13,GF-R5-U3,14
3608391915506,5334357,accessories,"TRAIL RUNNING BAG 10L SS25 BLACK/GR, M/L","TRAIL RUNNING BAG 10L SS25 BLACK/GR, M/L",0,M,Black,7.0,GF-R5-U4,15
3608391016234,5149483,accessories,"SKI GLOVES 500 BLUE BLACK, XL","SKI GLOVES 500 BLUE BLACK, XL",0,XL,Black,17.99,GF-R5-U5,17
3608392635106,5494311,accessories,"BOX GLOVES AND SOCKS JR PUR, 12-14 Years","BOX GLOVES AND SOCKS JR PUR, 12-14 Years",0,OS,Pink,5.07,GF-R5-U6,10
3608439488726,2349288,accessories,"LINER GLOVE MT 500 SILK BLACK, S","LINER GLOVE MT 500 SILK BLACK, S",0,S,Black,18.82,GF-R5-U7,7
3608429668589,4331741,accessories,"2 POSITION BAG BLACK, No Size","2 POSITION BAG BLACK, No Size",0,OS,Black,5.65,GB-R5-U1,15
3583784279536,4019441,accessories,"GLOVES SH500 FLEECE JR BLACK, 8 Years","GLOVES SH500 FLEECE JR BLACK, 8 Years",0,OS,Black,5.05,GB-R5-U2,10
3608392119606,5379977,accessories,"BUM BAG 2L mobility RS brown, No Size","BUM BAG 2L mobility RS brown, No Size",0,OS,Red,7.9,GB-R5-U3,16
3608392634598,5494310,accessories,"BOX GLOVES AND SOCKS JR PURP, 8-10 Years","BOX GLOVES AND SOCKS JR PURP, 8-10 Years",0,OS,Navy,16.17,GB-R5-U4,16
3583784279512,4019439,accessories,"GLOVES SH500 FLEECE JR BLACK, 14 Years","GLOVES SH500 FLEECE JR BLACK, 14 Years",0,OS,Black,16.69,GB-R5-U5,12
3583787857984,4019947,accessories,"TRI WB 0.65L Water Bottle BLACK, No Size","TRI WB 0.65L Water Bottle BLACK, No Size",0,OS,Black,5.18,GB-R5-U6,16
3608429835349,2176334,accessories,"LS TS RUN SUN PROTECT BLA, UK 18 - EU 46","LS TS RUN SUN PROTECT BLA, UK 18 - EU 46",0,3XL,Grey,30.77,GB-R5-U7,15
3608429670070,4392885,accessories,"LS TS RUN SUN PROTECT W P, UK 12 / FR 42","LS TS RUN SUN PROTECT W P, UK 12 / FR 42",0,OS,Blue,25.84,ACC-01,11
3583787391006,4267807,accessories,"BACKPACK ESSENTIAL 24L BLACK, No Size","BACKPACK ESSENTIAL 24L BLACK, No Size",0,OS,Black,26.14,ACC-02,14
3608429670100,4392882,accessories,"LS TS RUN SUN PROTECT W P, UK 14 / FR 44","LS TS RUN SUN PROTECT W P, UK 14 / FR 44",0,OS,Grey,25.18,ACC-03,9
3608391016449,5149463,accessories,"SKI GLOVES 500 WHITE, XL","SKI GLOVES 500 WHITE, XL",0,XL,White,17.84,ACC-04,14
3583784278294,4019437,accessories,"GLOVES SH500 FLEECE JR BLACK, 10 Years","GLOVES SH500 FLEECE JR BLACK, 10 Years",0,OS,Black,31.6,CO-IR,14
3608391016296,5149469,accessories,"SKI GLOVES 500 BLACK, XS","SKI GLOVES 500 BLACK, XS",0,XS,Black,7.84,GF-R5-U1,9
3608391686673,4866720,accessories,"WATER REPELLENT RUN CAP 5 PANEL, No Size","WATER REPELLENT RUN CAP 5 PANEL, No Size",0,OS,Black,8.78,GF-R5-U2,11
3608391602543,5215497,accessories,"BOX GLOVES AND SOCKS JR GRE, 12-14 Years","BOX GLOVES AND SOCKS JR GRE, 12-14 Years",0,OS,Blue,14.46,GF-R5-U3,12
3608391602529,5215495,accessories,"BOX GLOVES AND SOCKS JR GREEN, 4-6 Years","BOX GLOVES AND SOCKS JR GREEN, 4-6 Years",0,OS,Green,10.83,GF-R5-U4,16
3608439298486,4270096,accessories,"SOCKS WARM SH500 MID AD, 8.5-11 - 43/46","SOCKS WARM SH500 MID AD, 8.5-11 - 43/46",0,OS,Orange,16.55,GF-R5-U5,10
3608391144852,4866067,accessories,"GLOVES SH500 STRETCH, 12 Years","GLOVES SH500 STRETCH, 12 Years",0,OS,Black,9.39,GF-R5-U6,13
3608399852025,2421904,accessories,"TC 500 CAP WHITE S58, No Size","TC 500 CAP WHITE S58, No Size",0,OS,White,6.46,GF-R5-U7,10
3583787303948,4361592,accessories,"GLOVE MT 900 WINDPROOF GREY, L","GLOVE MT 900 WINDPROOF GREY, L",0,L,Grey,33.67,GB-R5-U1,11
3608392118739,5379978,accessories,"BUM BAG 2L mobility RS kaki, No Size","BUM BAG 2L mobility RS kaki, No Size",0,OS,Red,8.72,GB-R5-U2,11
3608391016418,5149460,accessories,"SKI GLOVES 500 WHITE, S","SKI GLOVES 500 WHITE, S",0,S,White,15.74,GB-R5-U3,15
3608418927024,4066971,accessories,"GLOVE BB 100 . Gloves BLK, L","GLOVE BB 100 . Gloves BLK, L",0,L,Orange,17.36,GB-R5-U4,12
3608429665427,4424738,accessories,"2 POSITION BAG KHAKI G26A, No Size","2 POSITION BAG KHAKI G26A, No Size",0,OS,Navy,7.21,GB-R5-U5,8
3608391913793,5334356,accessories,"TRAIL RUNNING BAG 10L SS25 BLACK/G, XS/S","TRAIL RUNNING BAG 10L SS25 BLACK/G, XS/S",0,XS,Black,24.75,GB-R5-U6,12
3608391144821,4866064,accessories,"GLOVES SH500 STRETCH, 6 Years","GLOVES SH500 STRETCH, 6 Years",0,OS,Black,25.31,GB-R5-U7,15
3583784279543,4584365,accessories,"GLOVES SH500 FLEECE JR GREY PIN, 6 Years","GLOVES SH500 FLEECE JR GREY PIN, 6 Years",0,OS,Grey,12.07,ACC-01,8
3583784279567,4584367,accessories,"GLOVES SH500 FLEECE JR GREY PI, 10 Years","GLOVES SH500 FLEECE JR GREY PI, 10 Years",0,OS,Grey,24.35,ACC-02,10
3583784279581,4584369,accessories,"GLOVES SH500 FLEECE JR GREY PI, 14 Years","GLOVES SH500 FLEECE JR GREY PI, 14 Years",0,OS,Grey,32.61,ACC-03,10
3608418927048,4066965,accessories,"GLOVE BB 100 . Gloves BLK, 2XL","GLOVE BB 100 . Gloves BLK, 2XL",0,XXL,Grey,23.59,ACC-04,9
3608399818496,4004957,accessories,"TC 500 CAP PALE PINK GREY S54, No Size","TC 500 CAP PALE PINK GREY S54, No Size",0,OS,Grey,27.12,CO-IR,13
3608439488702,2349290,accessories,"LINER GLOVE MT 500 SILK BLACK, L","LINER GLOVE MT 500 SILK BLACK, L",0,L,Black,7.05,GF-R5-U1,16
3608439318481,4195021,accessories,"Bottle MH500 insulated 0,5L whi, No Size","Bottle MH500 insulated 0,5L whi, No Size",0,OS,White,23.86,GF-R5-U2,15
3608391016241,5149484,accessories,"SKI GLOVES 500 BLUE BLACK, 2XL","SKI GLOVES 500 BLUE BLACK, 2XL",0,XXL,Black,21.56,GF-R5-U3,10
3608391016210,5149481,accessories,"SKI GLOVES 500 BLUE BLACK, M","SKI GLOVES 500 BLUE BLACK, M",0,M,Black,10.64,GF-R5-U4,8
3583787111048,4887693,accessories,"SPORT BAG ESSENTIAL 20 L BLACK, 20L","SPORT BAG ESSENTIAL 20 L BLACK, 20L",0,L,Black,5.08,GF-R5-U5,11
3608392634581,5494309,accessories,"BOX GLOVES AND SOCKS JR PURPL, 4-6 Years","BOX GLOVES AND SOCKS JR PURPL, 4-6 Years",0,OS,Red,10.01,GF-R5-U6,8
3608391144869,4866068,accessories,"GLOVES SH500 STRETCH, 14 Years","GLOVES SH500 STRETCH, 14 Years",0,OS,Grey,9.22,GF-R5-U7,12
3608391020170,5156227,accessories,"TRAVEL SHOULDER BAG, No Size","TRAVEL SHOULDER BAG, No Size",0,OS,Green,10.85,GB-R5-U1,13
3608391580261,5206608,accessories,"CN SPORTSBRA 1ST PAD MI, UK 12-14 / EU L","CN SPORTSBRA 1ST PAD MI, UK 12-14 / EU L",0,L,Orange,6.52,GB-R5-U2,13
3608439303388,4288979,accessories,"SOCKS WARM SH500 MID AD S, 2.5-5 - 35/38","SOCKS WARM SH500 MID AD S, 2.5-5 - 35/38",0,S,Red,5.08,GB-R5-U3,7
3583784279574,4584368,accessories,"GLOVES SH500 FLEECE JR GREY PI, 12 Years","GLOVES SH500 FLEECE JR GREY PI, 12 Years",0,OS,Grey,20.24,GB-R5-U4,9
3583784279550,4584366,accessories,"GLOVES SH500 FLEECE JR GREY PIN, 8 Years","GLOVES SH500 FLEECE JR GREY PIN, 8 Years",0,OS,Grey,8.18,GB-R5-U5,16
3608419197549,2475057,accessories,"FBRA 100 PAD BLACK, S","FBRA 100 PAD BLACK, S",0,S,Black,16.13,GB-R5-U6,8
3608439231407,4531839,accessories,"SOCKS WARM SH100 HIGH AD, 2.5-5 - 35/38","SOCKS WARM SH100 HIGH AD, 2.5-5 - 35/38",0,OS,Grey,22.18,GB-R5-U7,9
3608391575625,5206208,accessories,"OVERGLOVE MT500 WATERPROOF, S-M","OVERGLOVE MT500 WATERPROOF, S-M",0,S,Navy,15.74,ACC-01,14
3608391016456,5149464,accessories,"SKI GLOVES 500 WHITE, 2XL","SKI GLOVES 500 WHITE, 2XL",0,XXL,White,13.93,ACC-02,15
3608419197556,2475058,accessories,"FBRA 100 PAD BLACK, XL","FBRA 100 PAD BLACK, XL",0,XL,Black,16.87,ACC-03,8
3583787391013,4002013,accessories,"SPORT BAG ESSENTIAL 35L blue, 35L","SPORT BAG ESSENTIAL 35L blue, 35L",0,OS,Blue,23.04,ACC-04,15
3608392231377,5324239,accessories,"BACKPACK MH500 38L GOLDEN GREEN, No Size","BACKPACK MH500 38L GOLDEN GREEN, No Size",0,OS,Green,5.93,CO-IR,10
3583784230605,4361621,accessories,"GLOVE MT 500 STRETCH NAVY, M","GLOVE MT 500 STRETCH NAVY, M",0,M,Navy,5.65,GF-R5-U1,15
3608391144845,4866066,accessories,"GLOVES SH500 STRETCH, 10 Years","GLOVES SH500 STRETCH, 10 Years",0,OS,Green,5.13,GF-R5-U2,14
3608392175633,5254085,accessories,"GOALKEEPER GLOVES FIRST BLUE, 5","GOALKEEPER GLOVES FIRST BLUE, 5",0,OS,Blue,27.11,GF-R5-U3,10
3608390762521,5075033,accessories,"GLOVES SH100 FLEECE JR, 8-10 Years","GLOVES SH100 FLEECE JR, 8-10 Years",0,OS,Navy,33.64,GF-R5-U4,14
3608429678304,4168811,accessories,"TRAIL RUNNING BAG 5L, ONE SIZE FITS ALL","TRAIL RUNNING BAG 5L, ONE SIZE FITS ALL",0,OS,Grey,27.94,GF-R5-U5,14
3608390344314,4521314,accessories,"TRAIL ULTRA BAG 15L SS25 NOIR, XS/S","TRAIL ULTRA BAG 15L SS25 NOIR, XS/S",0,XS,Orange,13.82,GF-R5-U6,13
3583784228480,4631212,accessories,"GLOVE MT 500 STRETCH BORDEAUX, XS","GLOVE MT 500 STRETCH BORDEAUX, XS",0,XS,Orange,5.13,GF-R5-U7,8
3583787567494,4299859,accessories,"CN Roller Bag girl, No Size","CN Roller Bag girl, No Size",0,OS,Grey,5.02,GB-R5-U1,10
3608439253652,4813863,accessories,"Bottle MH500 Ecozen 1,2L blue, No Size","Bottle MH500 Ecozen 1,2L blue, No Size",0,OS,Blue,10.37,GB-R5-U2,12
3583784142618,4066975,accessories,"GLOVE BB 100 . Gloves BLK, XS","GLOVE BB 100 . Gloves BLK, XS",0,XS,Navy,8.87,GB-R5-U3,10
3608439303401,4288980,accessories,"SOCKS WARM SH500 MID AD S, 5.5-8 - 39/42","SOCKS WARM SH500 MID AD S, 5.5-8 - 39/42",0,S,Teal,6.62,GB-R5-U4,12
3583784230612,4361622,accessories,"GLOVE MT 500 STRETCH NAVY, L","GLOVE MT 500 STRETCH NAVY, L",0,L,Navy,7.52,GB-R5-U5,12
3608399834137,2944993,accessories,"TC 900 CAP BLACK S58, No Size","TC 900 CAP BLACK S58, No Size",0,OS,Black,26.16,GB-R5-U6,14
3583787790359,2899654,accessories,"COMPACT BUMBAG BLK TRAVEL 2L, No Size","COMPACT BUMBAG BLK TRAVEL 2L, No Size",0,OS,Orange,6.12,GB-R5-U7,11
3583787304013,4361591,accessories,"GLOVE MT 900 WINDPROOF GREY, M","GLOVE MT 900 WINDPROOF GREY, M",0,M,Grey,30.53,ACC-01,16
3608390762538,5075034,accessories,"GLOVES SH100 FLEECE JR, 12-14 Years","GLOVES SH100 FLEECE JR, 12-14 Years",0,OS,White,23.87,ACC-02,12
3608392323515,5419791,accessories,"BACKPACK MH500 25L CHARCOAL PUR, No Size","BACKPACK MH500 25L CHARCOAL PUR, No Size",0,OS,Black,7.68,ACC-03,13
3608392751608,5507987,accessories,"Bottle MH100 IS Light 0.75L V2, No Size","Bottle MH100 IS Light 0.75L V2, No Size",0,OS,White,10.29,ACC-04,10
3608391580247,5206606,accessories,"CN SPORTSBRA 1ST PAD MID, UK 6-8 / EU S","CN SPORTSBRA 1ST PAD MID, UK 6-8 / EU S",0,S,Green,9.25,CO-IR,9
3583784230803,4631214,accessories,"GLOVE MT 500 STRETCH BORDEAUX, L","GLOVE MT 500 STRETCH BORDEAUX, L",0,L,Black,10.5,GF-R5-U1,11
3608391144838,4866065,accessories,"GLOVES SH500 STRETCH, 8 Years","GLOVES SH500 STRETCH, 8 Years",0,OS,Navy,23.98,GF-R5-U2,14
3608390181667,4332374,accessories,"SKI GLOVES 500 SPORT BLACK, XL","SKI GLOVES 500 SPORT BLACK, XL",0,XL,Black,12.45,GF-R5-U3,11
3608419197563,2475054,accessories,"FBRA 100 PAD BLACK, L","FBRA 100 PAD BLACK, L",0,L,Black,33.87,GF-R5-U4,12
3608429670094,4392881,accessories,"LS TS RUN SUN PROTECT W PA, UK 6 / FR 36","LS TS RUN SUN PROTECT W PA, UK 6 / FR 36",0,OS,Red,23.24,GF-R5-U5,16
3608390762514,5075032,accessories,"GLOVES SH100 FLEECE JR, 4-6 Years","GLOVES SH100 FLEECE JR, 4-6 Years",0,OS,Orange,5.4,GF-R5-U6,14
3608392323058,5419848,accessories,"BACKPACK MH500 38L COPPER BROWN, No Size","BACKPACK MH500 38L COPPER BROWN, No Size",0,OS,Black,26.75,GF-R5-U7,7
3583787895009,2920313,accessories,SynthPadded Hoody JKT MT100 M GreyBlue S,SynthPadded Hoody JKT MT100 M GreyBlue S,0,M,Blue,11.18,GB-R5-U1,12
3583787572948,4273862,accessories,"ARM COVER UV PROTECT PAG CN, L/XL/2XL","ARM COVER UV PROTECT PAG CN, L/XL/2XL",0,L,Black,13.65,GB-R5-U2,8
3608439362620,2779823,accessories,BACKPACK NH ARPENAZ 100 10L BLACK DD 10L,BACKPACK NH ARPENAZ 100 10L BLACK DD 10L,0,OS,Black,22.44,GB-R5-U3,7
3583787412701,4001991,accessories,"SPORT BAG ESSENTIAL 20L blue red, 20L","SPORT BAG ESSENTIAL 20L blue red, 20L",0,OS,Blue,18.91,GB-R5-U4,10
3608439244902,4335960,accessories,"BACKPACK MH100 20L BLACK, 20L","BACKPACK MH100 20L BLACK, 20L",0,OS,Black,33.96,GB-R5-U5,15
3608439253638,4811503,accessories,"Bottle MH100 Ecozen 0,8L, No Size","Bottle MH100 Ecozen 0,8L, No Size",0,OS,White,30.28,GB-R5-U6,16
3608392662379,4288981,accessories,"SOCKS WARM SH500 MID AD, 8.5-11 - 43/46","SOCKS WARM SH500 MID AD, 8.5-11 - 43/46",0,OS,Orange,15.08,GB-R5-U7,8
3583784230810,4631215,accessories,"GLOVE MT 500 STRETCH BORDEAUX, M","GLOVE MT 500 STRETCH BORDEAUX, M",0,M,Blue,24.84,ACC-01,16
3608391016401,5149459,accessories,"SKI GLOVES 500 WHITE, XS","SKI GLOVES 500 WHITE, XS",0,XS,White,5.84,ACC-02,9
3608399834144,2974116,accessories,"TC 900 CAP WHITE NAVY S56, 56cm","TC 900 CAP WHITE NAVY S56, 56cm",0,OS,Navy,32.84,ACC-03,7
3608393122391,5224365,accessories,"Lifting glove (black), 2XL","Lifting glove (black), 2XL",0,XXL,Black,33.8,ACC-04,11
3608391580278,5206609,accessories,"CN SPORTSBRA 1ST PAD MID, UK 16 / EU XL","CN SPORTSBRA 1ST PAD MID, UK 16 / EU XL",0,XL,Blue,27.05,CO-IR,9
3608419009361,2912209,accessories,"Pilates socks low bla, UK 8.5-11 EU43-46","Pilates socks low bla, UK 8.5-11 EU43-46",0,EU 43,Green,9.76,GF-R5-U1,11
3608439412813,2487053,accessories,"BACKPACK NH ARPENAZ 50 10L BLUE, 10L","BACKPACK NH ARPENAZ 50 10L BLUE, 10L",0,OS,Blue,6.55,GF-R5-U2,15
3583787460900,4494178,accessories,"TRAVEL 100 BACKPACK BLACK, No Size","TRAVEL 100 BACKPACK BLACK, No Size",0,OS,Black,6.21,GF-R5-U3,9
3583787498705,4234993,accessories,"GOGGLES 100 READY GREY, UNIQUE","GOGGLES 100 READY GREY, UNIQUE",0,OS,Grey,28.67,GF-R5-U4,14
3583787595640,2453779,accessories,"ORGANIZER XL Carry bag BLK, No Size","ORGANIZER XL Carry bag BLK, No Size",0,XL,Pink,5.69,GF-R5-U5,9
3583784279529,4019440,accessories,"GLOVES SH500 FLEECE JR BLACK, 6 Years","GLOVES SH500 FLEECE JR BLACK, 6 Years",0,OS,Black,14.26,GF-R5-U6,9
3608391608538,4954143,accessories,"GLOVE MT500 WARM STRETCH BLACK, M","GLOVE MT500 WARM STRETCH BLACK, M",0,M,Black,14.05,GF-R5-U7,9
3608419009378,2912173,accessories,"Pilates socks low blac, UK 2.5-5 EU35-38","Pilates socks low blac, UK 2.5-5 EU35-38",0,OS,Black,10.31,GB-R5-U1,16
3583787303955,4361593,accessories,"GLOVE MT 900 WINDPROOF GREY, XL","GLOVE MT 900 WINDPROOF GREY, XL",0,XL,Grey,30.97,GB-R5-U2,14
3608393122346,5224360,accessories,"Lifting glove (black), XS","Lifting glove (black), XS",0,XS,Black,16.24,GB-R5-U3,11
3608429718048,2916654,accessories,"KIPRUN STRAP THIN SOCK G, UK 7-8 EU41-42","KIPRUN STRAP THIN SOCK G, UK 7-8 EU41-42",0,EU 41,Orange,11.39,GB-R5-U4,8
3608439314636,4013297,accessories,BACKPACK NH ARPENAZ 100 20L BLUE GRE 20L,BACKPACK NH ARPENAZ 100 20L BLUE GRE 20L,0,OS,Blue,10.81,GB-R5-U5,14
3608390863723,5104597,accessories,"MESH CAP 100 S PLAIN BLAC, S 20.7\'-21.8\'","MESH CAP 100 S PLAIN BLAC, S 20.7'-21.8'",0,S,Red,10.48,GB-R5-U6,11
3608391962715,5355133,accessories,"RUNNING CAP ULTRALIGHT GREEN, No Size","RUNNING CAP ULTRALIGHT GREEN, No Size",0,OS,Green,9.06,GB-R5-U7,15
3608393122360,5224362,accessories,"Lifting glove (black), M","Lifting glove (black), M",0,M,Black,7.63,ACC-01,8
3608391015992,5149479,accessories,"SKI GLOVES 500 BLUE BLACK, XS","SKI GLOVES 500 BLUE BLACK, XS",0,XS,Black,28.64,ACC-02,16
3608429670087,4392886,accessories,"LS TS RUN SUN PROTECT W P, UK 16 / FR 46","LS TS RUN SUN PROTECT W P, UK 16 / FR 46",0,OS,Teal,11.5,ACC-03,12
3583783807785,2475059,accessories,"FBRA 100 PAD BLACK, XS","FBRA 100 PAD BLACK, XS",0,XS,Black,30.0,ACC-04,12
3608391962555,5154033,accessories,"RUNNING CAP ULTRALIGHT BLACK, No Size","RUNNING CAP ULTRALIGHT BLACK, No Size",0,OS,Black,9.13,CO-IR,13
3608392175565,5154974,accessories,"GOALKEEPER GLOVES FIRST LEOPARD, 5","GOALKEEPER GLOVES FIRST LEOPARD, 5",0,OS,Pink,6.81,GF-R5-U1,12
3608391958695,5354838,accessories,"MESH BAG SET MS, No Size","MESH BAG SET MS, No Size",0,OS,Orange,9.63,GF-R5-U2,13
3608393122377,5224363,accessories,"Lifting glove (black), L","Lifting glove (black), L",0,L,Black,8.57,GF-R5-U3,7
3583787946985,2578774,accessories,"Bag team sport intensive 35L black, 30L","Bag team sport intensive 35L black, 30L",0,OS,Black,33.93,GF-R5-U4,14
3608393175878,4392888,accessories,"LS TS RUN SUN PROTECT W P, UK 18 / FR 48","LS TS RUN SUN PROTECT W P, UK 18 / FR 48",0,OS,Black,10.07,GF-R5-U5,9
3583787572924,4273864,accessories,"ARM COVER UV PROTECT BLK CN, L/XL/2XL","ARM COVER UV PROTECT BLK CN, L/XL/2XL",0,L,Grey,8.4,GF-R5-U6,13
3583787375372,4397391,accessories,"GOGGLES 100 XBASE L BLACK BLUE, L","GOGGLES 100 XBASE L BLACK BLUE, L",0,L,Black,32.63,GF-R5-U7,13
3583787810507,4049532,accessories,"GOGGLES 100 XBASE JUNIOR BLUE YELLOW, S","GOGGLES 100 XBASE JUNIOR BLUE YELLOW, S",0,S,Blue,33.08,GB-R5-U1,9
3608439231421,4531840,accessories,"SOCKS WARM SH100 HIGH AD, 5.5-8 - 39/42","SOCKS WARM SH100 HIGH AD, 5.5-8 - 39/42",0,OS,Teal,33.05,GB-R5-U2,17
3608391608521,4954142,accessories,"GLOVE MT500 WARM STRETCH BLACK, S","GLOVE MT500 WARM STRETCH BLACK, S",0,S,Black,12.59,GB-R5-U3,17
3583787303962,4361594,accessories,"GLOVE MT 900 WINDPROOF GREY, 2XL","GLOVE MT 900 WINDPROOF GREY, 2XL",0,XXL,Grey,5.28,GB-R5-U4,16
3583787390887,4002011,accessories,"SPORT BAG ESSENTIAL 35L red, 35L","SPORT BAG ESSENTIAL 35L red, 35L",0,OS,Red,21.88,GB-R5-U5,11
3608392463488,5448304,accessories,"SILICONE CAP PLAIN WHITE, No Size","SILICONE CAP PLAIN WHITE, No Size",0,OS,White,31.9,GB-R5-U6,16
3608391016203,5149480,accessories,"SKI GLOVES 500 BLUE BLACK, S","SKI GLOVES 500 BLUE BLACK, S",0,S,Black,6.36,GB-R5-U7,14
3608393148179,5224379,accessories,"Lifting glove (brown), M","Lifting glove (brown), M",0,M,Teal,22.63,ACC-01,8
3608393122353,5224361,accessories,"Lifting glove (black), S","Lifting glove (black), S",0,S,Black,19.98,ACC-02,15
3608429669975,4447254,accessories,"SHORT BAGGY TRAIL M DARK, UK 32\"" / EU M","SHORT BAGGY TRAIL M DARK, UK 32"" / EU M",0,M,Teal,31.13,ACC-03,12
3608429669951,4447256,accessories,"SHORT BAGGY TRAIL M DARK, UK 37\"" / EU XL","SHORT BAGGY TRAIL M DARK, UK 37"" / EU XL",0,M,White,9.53,ACC-04,16
3608429669982,4447253,accessories,"SHORT BAGGY TRAIL M DARK, UK 30\"" / EU S","SHORT BAGGY TRAIL M DARK, UK 30"" / EU S",0,M,Blue,26.43,CO-IR,9
3583787375235,4375888,accessories,"SWIMMING GOGGLES BOX REC GREY, No Size","SWIMMING GOGGLES BOX REC GREY, No Size",0,OS,Grey,11.23,GF-R5-U1,12
3608439287909,4335195,accessories,"BACKPACK NH ESCAPE 500 23L DARK BLU, 25L","BACKPACK NH ESCAPE 500 23L DARK BLU, 25L",0,OS,Green,12.92,GF-R5-U2,13
3608391006532,5148116,accessories,"SKI SOCKS 500 navy blue, 5-6.5 - 38/40","SKI SOCKS 500 navy blue, 5-6.5 - 38/40",0,OS,Blue,5.53,GF-R5-U3,9
3608390621538,5045535,accessories,"BACKPACK NH ARPENAZ 100 10L GRA, No Size","BACKPACK NH ARPENAZ 100 10L GRA, No Size",0,OS,Navy,12.9,GF-R5-U4,11
3583784230629,4361623,accessories,"GLOVE MT 500 STRETCH NAVY, XL","GLOVE MT 500 STRETCH NAVY, XL",0,XL,Navy,33.54,GF-R5-U5,12
3583784230575,4361629,accessories,"GLOVE MT 500 STRETCH KHAKI, M","GLOVE MT 500 STRETCH KHAKI, M",0,M,Orange,17.44,GF-R5-U6,15
3608393147943,5205650,accessories,"Wrist support lifting glove, 2XL","Wrist support lifting glove, 2XL",0,XXL,Pink,8.46,GF-R5-U7,15
3608393147905,5205646,accessories,"Wrist support lifting glove, S","Wrist support lifting glove, S",0,S,Orange,5.02,GB-R5-U1,16
3608393147936,5205649,accessories,"Wrist support lifting glove, XL","Wrist support lifting glove, XL",0,XL,Pink,5.96,GB-R5-U2,9
3608393605726,5537069,accessories,"5 PANEL CAP PETROL LAGOON, No Size","5 PANEL CAP PETROL LAGOON, No Size",0,OS,Red,8.15,GB-R5-U3,8
3608393605825,5552340,accessories,"5 PANEL CAP 2026 BLUE GREY PUPL, No Size","5 PANEL CAP 2026 BLUE GREY PUPL, No Size",0,OS,Blue,10.51,GB-R5-U4,14
3583787590263,2899829,accessories,"PESE BAGAGES ., No Size","PESE BAGAGES ., No Size",0,OS,Teal,5.01,GB-R5-U5,7
3608409872807,2611238,accessories,BOTTLE ALLROAD LIGHT 100 600ML CN WHITE,"BOTTLE ALLROAD LIGHT 100 600ML CN WHITE,",0,OS,White,27.77,GB-R5-U6,13
3608439571022,2029639,accessories,"SynthPadded JKT MT50 W NAVY, M","SynthPadded JKT MT50 W NAVY, M",0,M,Navy,21.82,GB-R5-U7,7
3608429667957,4513749,accessories,"RUN CAP BLACK CN, 54-58cm","RUN CAP BLACK CN, 54-58cm",0,OS,Black,7.36,ACC-01,15
3608429667964,4513750,accessories,"RUN CAP GREY CN, 54-58cm","RUN CAP GREY CN, 54-58cm",0,OS,Grey,8.04,ACC-02,11
3583787094471,4964790,accessories,"DUFFEL BAG 10L YELLOW (2 POINTS, No Size","DUFFEL BAG 10L YELLOW (2 POINTS, No Size",0,OS,Navy,15.88,ACC-03,13
3608449807302,4857030,accessories,"SKI SOCKS 100 JR, UK C9-11.5 - EU 27-30","SKI SOCKS 100 JR, UK C9-11.5 - EU 27-30",0,OS,Green,29.82,ACC-04,8
3608392019043,5365301,accessories,"5 PANEL CAP WHITE GREY, No Size","5 PANEL CAP WHITE GREY, No Size",0,OS,Grey,4.99,CO-IR,12
3608392320019,5419817,accessories,"BP NH ESCAPE 500 ROLLTOP 16L + 4  B, 17L","BP NH ESCAPE 500 ROLLTOP 16L + 4  B, 17L",0,OS,Grey,28.56,GF-R5-U1,15
3608392119613,5379979,accessories,"BUM BAG 2L mobility RS beige, No Size","BUM BAG 2L mobility RS beige, No Size",0,OS,White,26.79,GF-R5-U2,8
3608392461248,5448183,accessories,"MESH CAP M PRINT FATU DIA, M 21.9\'-22.9\'","MESH CAP M PRINT FATU DIA, M 21.9'-22.9'",0,M,Green,14.68,GF-R5-U3,9
3583787410103,4495656,accessories,"ACTI PROTECT BREATHY M WHI, UK 7 - EU 41","ACTI PROTECT BREATHY M WHI, UK 7 - EU 41",0,M,Grey,27.97,GF-R5-U4,13
3608418842167,4864347,accessories,"DUFFLE BAG 30 l Black, 30L","DUFFLE BAG 30 l Black, 30L",0,L,Black,23.37,GF-R5-U5,11
3583787109076,4975519,accessories,"Endurance Padded Short Bl, UK 30\"" / EU S","Endurance Padded Short Bl, UK 30"" / EU S",0,S,White,19.44,GF-R5-U6,8
3608393148711,5229865,accessories,"GYM BAG 30L, No Size","GYM BAG 30L, No Size",0,OS,Red,8.9,GF-R5-U7,8
3608391575649,5206210,accessories,"OVERGLOVE MT500 WATERPROOF, L-XL","OVERGLOVE MT500 WATERPROOF, L-XL",0,L,Grey,21.35,GB-R5-U1,16
3608391318673,4697304,accessories,"GLOVE BA100 JR LHT BLUE BEIGE, 10.5\""","GLOVE BA100 JR LHT BLUE BEIGE, 10.5""",0,OS,Blue,16.11,GB-R5-U2,10
3608391575601,5206206,accessories,"OVERGLOVE MT500 WATERPROOF, 2XS-XS","OVERGLOVE MT500 WATERPROOF, 2XS-XS",0,XS,Orange,26.39,GB-R5-U3,11
3608390181636,4332371,accessories,"SKI GLOVES 500 SPORT BLACK, L","SKI GLOVES 500 SPORT BLACK, L",0,L,Black,25.51,GB-R5-U4,15
3608439226021,4964136,accessories,"SUNGLASSES MH900 STORM GREY, No Size","SUNGLASSES MH900 STORM GREY, No Size",0,OS,Grey,5.39,GB-R5-U5,12
3608392779244,5515350,accessories,"compr socks 500 yellow, 39/42M-5.5/8M","compr socks 500 yellow, 39/42M-5.5/8M",0,OS,Red,23.18,GB-R5-U6,11
3583780104122,827034,accessories,"BACKPACK CHESTSTRAP, .","BACKPACK CHESTSTRAP, .",0,OS,Black,23.07,GB-R5-U7,10
3583787833162,2971289,accessories,"CAP BLACK, ONE SIZE FITS ALL","CAP BLACK, ONE SIZE FITS ALL",0,OS,Black,19.36,ACC-01,11
3608419115963,2650728,accessories,"SMALL PILATES BALANCE PAD, No Size","SMALL PILATES BALANCE PAD, No Size",0,OS,Navy,26.99,ACC-02,11
3608429728634,2980870,accessories,"AT 100 SOCKS MID CH, UK 2.5-5 - EU 35-38","AT 100 SOCKS MID CH, UK 2.5-5 - EU 35-38",0,OS,Green,9.43,ACC-03,7
3608390016761,2963040,accessories,"SLEEPING BAG MT 900 0° DOWN ORANGE, M","SLEEPING BAG MT 900 0° DOWN ORANGE, M",0,M,Orange,5.49,ACC-04,9
3608429661368,4563984,accessories,"RUN GLOVES TOUCH WARM+ V2 Grey K13A, S","RUN GLOVES TOUCH WARM+ V2 Grey K13A, S",0,S,Grey,31.14,CO-IR,14
3583784343558,4631220,accessories,"GLOVE MT 500 STRETCH GREY, S","GLOVE MT 500 STRETCH GREY, S",0,S,Grey,8.51,GF-R5-U1,11
3608429686989,4247989,accessories,"JACKET SUN PROTECT HOOD G, UK 12 / FR 42","JACKET SUN PROTECT HOOD G, UK 12 / FR 42",0,OS,Orange,17.9,GF-R5-U2,12
3583787375198,4465081,accessories,"GOGGLES 500 BFIT MIRR, ONE SIZE FITS ALL","GOGGLES 500 BFIT MIRR, ONE SIZE FITS ALL",0,OS,Orange,6.17,GF-R5-U3,15
3608439231377,4531841,accessories,"SOCKS WARM SH100 HIGH AD, 8.5-11 - 43/46","SOCKS WARM SH100 HIGH AD, 8.5-11 - 43/46",0,OS,Green,9.67,GF-R5-U4,9
3608418927017,4066973,accessories,"GLOVE BB 100 . Gloves BLK, S","GLOVE BB 100 . Gloves BLK, S",0,S,Navy,12.61,GF-R5-U5,9
3583787693940,4032798,accessories,"SynthPadded Hoody JKT MT100 M Kaki, S","SynthPadded Hoody JKT MT100 M Kaki, S",0,M,Green,25.72,GF-R5-U6,12
3583787146767,4531544,accessories,"LINER GLOVE MT 500 SEAMLESS BLA, 2XL-3XL","LINER GLOVE MT 500 SEAMLESS BLA, 2XL-3XL",0,XXL,Orange,6.23,GF-R5-U7,15
3608390375851,4996708,accessories,"compr socks 900 black, 35/38S-2.5/5S","compr socks 900 black, 35/38S-2.5/5S",0,OS,Black,19.1,GB-R5-U1,16
3583787595503,2453782,accessories,"ORGANIZER POCKET Carry bag BLK, No Size","ORGANIZER POCKET Carry bag BLK, No Size",0,OS,Black,8.23,GB-R5-U2,9
3583787207703,4810192,accessories,"GOGGLES 100 XBASE L BLACK DIAG ORANGE, L","GOGGLES 100 XBASE L BLACK DIAG ORANGE, L",0,L,Black,17.52,GB-R5-U3,15
3583788054603,2708752,accessories,"GLOVE 100 WHITE W RIGHT HANDED, M","GLOVE 100 WHITE W RIGHT HANDED, M",0,M,White,30.67,GB-R5-U4,14
3608399818304,4237440,accessories,"CAP TC 100 NAVY S54, No Size","CAP TC 100 NAVY S54, No Size",0,OS,Navy,22.19,GB-R5-U5,9
3608392117749,5174599,accessories,"Backpack CLUB 17L black, No Size","Backpack CLUB 17L black, No Size",0,OS,Black,5.23,GB-R5-U6,10
3608390621934,5045651,accessories,"BACKPACK NH ARPENAZ 300 30L NOI, No Size","BACKPACK NH ARPENAZ 300 30L NOI, No Size",0,OS,Black,14.58,GB-R5-U7,16
3608409846808,2956709,accessories,"ROADR 520 Cap NAV, UNIQUE","ROADR 520 Cap NAV, UNIQUE",0,OS,Navy,27.12,ACC-01,8
3608391278014,4697303,accessories,"GLOVE BA100 JR RHT BLUE BEIGE, 10.5\""","GLOVE BA100 JR RHT BLUE BEIGE, 10.5""",0,OS,Blue,6.45,ACC-02,11
3583787094433,4895463,accessories,"DUFFEL BAG WINDOW 2,5L, No Size","DUFFEL BAG WINDOW 2,5L, No Size",0,OS,Grey,15.77,ACC-03,9
3608391391133,5204936,accessories,"SLEEPINGBAG COMFORT 10° Green, No Size","SLEEPINGBAG COMFORT 10° Green, No Size",0,OS,Green,5.42,ACC-04,15
3608393122384,5224364,accessories,"Lifting glove (black), XL","Lifting glove (black), XL",0,XL,Black,17.1,CO-IR,17
3608392695391,5504110,accessories,"SILIMESH CAP M PRINT TRIA, M 21.9\'-22.9\'","SILIMESH CAP M PRINT TRIA, M 21.9'-22.9'",0,M,Green,32.37,GF-R5-U1,10
3583784850513,4565068,accessories,"MINI BAG VENICE 1.3L black, No Size","MINI BAG VENICE 1.3L black, No Size",0,OS,Black,27.33,GF-R5-U2,12
3583787207710,4810003,accessories,"GOGGLES 500 SPIRIT L CLEAR BLUE WHITE, L","GOGGLES 500 SPIRIT L CLEAR BLUE WHITE, L",0,L,Blue,26.58,GF-R5-U3,12
3608392448577,5446958,accessories,"GOGGLES AMA S RED PINK, S","GOGGLES AMA S RED PINK, S",0,S,Red,6.29,GF-R5-U4,16
3608393160508,5435573,accessories,"SQUARE BACKPACK 17L PU beige, No Size","SQUARE BACKPACK 17L PU beige, No Size",0,OS,White,14.65,GF-R5-U5,13
3608393160492,5435572,accessories,"SQUARE BACKPACK 17L PU black, No Size","SQUARE BACKPACK 17L PU black, No Size",0,OS,Black,12.7,GF-R5-U6,14
3583787303993,4361589,accessories,"GLOVE MT 900 WINDPROOF GREY, XS","GLOVE MT 900 WINDPROOF GREY, XS",0,XS,Grey,10.05,GF-R5-U7,9
3608429923084,1779339,accessories,"SOCKS EKIDEN BLACK, 47/50","SOCKS EKIDEN BLACK, 47/50",0,OS,Black,20.52,GB-R5-U1,9
3608409837349,4217402,accessories,"MTB MUDGUARD 24 26, No Size","MTB MUDGUARD 24 26, No Size",0,OS,Red,13.56,GB-R5-U2,15
3608391795863,5284022,accessories,"Dry Bag UL 13L Orange, No Size","Dry Bag UL 13L Orange, No Size",0,OS,Orange,33.42,GB-R5-U3,10
3608392460197,5448070,accessories,"MESH CAP M PLAIN PINK, M 21.9\'-22.9\'","MESH CAP M PLAIN PINK, M 21.9'-22.9'",0,M,Pink,27.16,GB-R5-U4,9
3608390181674,4332375,accessories,"SKI GLOVES 500 SPORT BLACK, XS","SKI GLOVES 500 SPORT BLACK, XS",0,XS,Black,13.58,GB-R5-U5,14
3608390926046,5123899,accessories,"NH500 PROTECT JKT AF M CN, L","NH500 PROTECT JKT AF M CN, L",0,M,Orange,22.11,GB-R5-U6,16
3608393147929,5205648,accessories,"Wrist support lifting glove, L","Wrist support lifting glove, L",0,L,White,9.96,GB-R5-U7,15
3608391007430,5054511,accessories,"SKI SOCKS 500 Lilas, 2.5-4 - 35/37","SKI SOCKS 500 Lilas, 2.5-4 - 35/37",0,OS,Navy,5.68,ACC-01,12
3608390181643,4332372,accessories,"SKI GLOVES 500 SPORT BLACK, M","SKI GLOVES 500 SPORT BLACK, M",0,M,Black,13.18,ACC-02,14
3608429818915,2310972,accessories,Running Tactile Gloves,Running Tactile Gloves 블랙 XS,1,XS,Black,8.95,ACC-03,8
3608439527630,2130670,accessories,Full Down Womens Full Down Hiking Padded Jacket Fuchsia Dark mulberry,Full Down Womens Full Down Hiking Padded Jacket - Fuchsia Dark mulberry 48,1,OS,Black,11.99,ACC-04,7
3608429739746,2939987,accessories,Running Bag,트레일 러닝 가방 10L - 블랙 M/L,1,M,Black,31.08,CO-IR,11
3608429706472,2768938,accessories,Gloves,러닝 터치스크린 장갑 - 블랙 블랙 M,1,M,Black,26.71,GF-R5-U1,9
3583784063319,4172486,accessories,Socks,Invisible 컴포트 양말 X2 오렌지 245-265mm_EU 39-42,1,OS,Orange,20.68,GF-R5-U2,7
3608399883654,2132778,accessories,Soft 500 Accessory,Soft 500 Padel Tennis Badminton Squash Table Tennis Shorts - Grey Graphics Khaki grey M,1,M,Grey,10.74,GF-R5-U3,17
3583784046244,4172549,accessories,socks RUN500 mid X2 bl EU39-42,"socks RUN500 mid X2 bl, UK 5.5-8 EU39-42",1,EU 39,White,5.01,GF-R5-U4,11
3608409846174,2693248,accessories,Kids' Water Bottle,500 아동용 물통 380ml - 블랙 블랙 Unique size,1,OS,Black,23.74,GF-R5-U5,15
3583788388920,2037017,accessories,Unisex Lumbar Support Belt,미드 500 남성/여성 허리 보호대 블랙 2,1,OS,Black,10.33,GF-R5-U6,11
3608439244926,4335958,accessories,MH100 Accessory,"BACKPACK MH100 20L BEIGE, 20L",1,OS,Black,28.03,GF-R5-U7,9
3583788156376,2485132,accessories,Sunglasses,CAT 4 편광 MH T 900 아동 하이킹 선글라스 9-11세용 카본 그레이 단일 사이즈,1,OS,Grey,25.18,GB-R5-U1,9
3608459662014,2061842,accessories,Waterproof Accessory,60L 방수 더플 백 - 그레이 Dark grey 60L,1,OS,Grey,26.36,GB-R5-U2,11
3583788236542,2313076,accessories,Adult Mouth Guard,100 성인 마우스 가드 무색 단일 사이즈,1,OS,Green,17.7,GB-R5-U3,7
3608449873345,2360985,accessories,Slide Men/Womens Downhill Skiing Gloves Purple Navy blue XS,Slide 500 Men/Womens Downhill Skiing Gloves - Purple Navy blue XS,1,XS,Blue,5.59,GB-R5-U4,12
3608429963110,1445175,accessories,Race Number Belt,레이스용 넘버 벨트,1,OS,Black,26.14,GB-R5-U5,14
3608439273469,4529059,accessories,NH120 Accessory,"BACKPACK NH120 10L CN Luxourious, NO SIZ",1,OS,Navy,29.81,GB-R5-U6,12
3608459633120,2194801,accessories,Women's Leggings,500 여성용 UV Protection 서핑 레깅스 - 블랙 핑크,1,OS,Black,5.68,GB-R5-U7,13
3608419214437,2387670,accessories,Gloves,100 웨이트 트레이닝 장갑 체리 레드 LXL,1,OS,Red,27.54,ACC-01,10
3608459662045,2061826,accessories,Waterproof Accessory,5L 방수 더플 백 플루오 오렌지 5L,1,OS,Black,6.34,ACC-02,8
3583787737743,4100042,accessories,Billiards Glove,Billiards Glove 블랙 L,1,L,Black,10.66,ACC-03,8
3608429827269,2182793,accessories,Kiprun Socks,Kiprun 두꺼운 양말 블랙 245-255mm_EU 39-40,1,OS,Black,9.08,ACC-04,8
3583787429495,4178500,accessories,SHORT BAGGY TRAIL W BLACK EU S,"SHORT BAGGY TRAIL W BLACK, UK 6-8 / EU S",1,S,Black,24.02,CO-IR,8
3608459632284,2194860,accessories,Mens Short Sleeve UV Protection Surfing Top T-Shirt BLACK L,500 Mens Short Sleeve UV Protection Surfing Top T-Shirt BLACK L,1,L,Black,8.99,GF-R5-U1,12
3583787413173,4001600,accessories,TRAVEL L BACKPACK BLACK No Size,"TRAVEL 900 M 50L BACKPACK BLACK, No Size",1,M,Black,28.46,GF-R5-U2,10
3608390010097,2925151,accessories,SLEEPING BAG MT KAKI,"SLEEPING BAG MT 500 0° KAKI, XL",1,XL,Black,10.77,GF-R5-U3,10
3583788495673,680300,accessories,Adult Soft 300 Accessory,Soft 300 성인용 무릎 보호대 블루 2,1,OS,Blue,26.43,GF-R5-U4,9
3583788277040,2216986,accessories,Sunglasses,Walking 300 피트니스 워킹 선글라스 카테고리 3 블랙 단일 사이즈,1,OS,Black,13.38,GF-R5-U5,10
3583788254072,2236500,accessories,Adult Sunglasses,Cycling 500 그린 성인용 사이클 선글라스 카테고리 3 - 블랙 & 그린,1,OS,Black,27.59,GF-R5-U6,9
3583787422779,4273915,accessories,GLOVES VIRALTO SHIELDER GREY BLUE F9,"GLOVES VIRALTO SHIELDER GREY BLUE F9, 11",1,OS,Blue,12.24,GF-R5-U7,9
3608429799955,2505159,accessories,Kiprun Socks,Kiprun 스트랩 두꺼운 양말 플루오 코랄 핑크 235-240mm_EU 37-38,1,OS,Pink,32.96,GB-R5-U1,9
3608439339127,4073907,accessories,MH100 Accessory,"GLOVES MH100 KNIT, 8-10 Years",1,OS,Blue,15.45,GB-R5-U2,14
3583787830741,2978409,accessories,GLVS LADY A Gloves BLK,"GLVS 560 LADY A Gloves BLK, XL",1,XL,Teal,14.18,GB-R5-U3,9
3583788381235,2044620,accessories,Walking Fitness Walking Sunglasses Category autres,Walking 100 Fitness Walking Sunglasses Category 3 블랙 autres,1,OS,Black,26.2,GB-R5-U4,7
3583788389088,2037014,accessories,Soft 100 Accessory,Soft 100 척추 벨트 블랙 2,1,OS,Black,7.18,GB-R5-U5,13
3608459558164,2696260,accessories,Adult Cap,성인용 세일링 캡 모자 100 - 네이비  아스팔트 블루 58-60cm,1,OS,Blue,18.84,GB-R5-U6,16
3608393141293,4312266,accessories,MTB GLOVES  FEEL C1,"MTB GLOVES  FEEL C1, L",1,L,White,10.55,GB-R5-U7,8
3608393976918,5749021,accessories,GOGGLES SPIRIT POLA DARK GREY BL UNIQUE,"GOGGLES SPIRIT POLA DARK GREY BL, UNIQUE",1,OS,Grey,13.08,ACC-01,10
3608449885157,2145023,accessories,Bones,"Bones 500 모든 날씨용 스키, 스노우보드 고글 - 핑크 -P- 17",1,OS,Pink,6.85,ACC-02,14
3608429806356,2501277,accessories,Socks,하이 컴포트 양말 X2 플루오 코랄 핑크 220-240mm_EU 35-38,1,OS,Pink,14.71,ACC-03,9
3608449948296,1724160,accessories,Defense Jacket Adult Skiing and Snowboarding Protector Gilet,Defense Jacket Adult Skiing and Snowboarding Protector Gilet 블랙 L,1,L,Black,20.53,ACC-04,8
3608449861021,2475630,accessories,Free Men s Ski Gloves,Free 300 Men's Ski Gloves 딥카키 L,1,S,White,13.3,CO-IR,9
3608429805083,2501145,accessories,Running,러닝용 다용도 헤드밴드 플루오 코랄 핑크 유니크,1,OS,Pink,7.82,GF-R5-U1,11
3608390032570,4045959,accessories,Running Socks,런900 인비저블 파인 러닝 양말 갤럭시 블루 260-265mm_EU 41-42,1,OS,Blue,13.76,GF-R5-U2,16
3608399867340,2380781,accessories,Adult Socks,RS 500 성인 미드 스포츠 양말 3팩 네이비 블루 245-270mm,1,OS,Blue,12.59,GF-R5-U3,16
3608429721307,4009032,accessories,XL EF,런 이지 집업 패드 브라 블랙 XL EF,1,XL,Black,30.76,GF-R5-U4,8
3583787375082,4485119,accessories,OPTICAL GOGGLES BFIT SM,"OPTICAL GOGGLES 500 BFIT SM, L -4 / R -4",1,L,Orange,14.5,GF-R5-U5,14
3608429718079,2761270,accessories,Socks 3/4,러닝 발가락 양말 - 블랙/옐로우 블랙 275-280mm_EU43/44,1,OS,Black,7.85,GF-R5-U6,9
3583788535485,574135,accessories,CAPERLAN Accessory,CAPERLAN 500 fishing cap 카본 그레이 .,1,OS,Grey,29.95,GF-R5-U7,9
3608429721192,4009024,accessories,L CD,런 이지 집업 패드 브라 블랙 L CD,1,L,Black,17.85,GB-R5-U1,14
3583788495895,673983,accessories,Adult Sunglasses,ARENBERG 성인용 사이클링 & 러닝 보호 선글라스 category 0,1,OS,Black,6.71,GB-R5-U2,15
3608439571442,2027252,accessories,Ultra compact grey Hiking Satchel Bag Aubergine Unique size,Ultra compact grey Hiking Satchel Bag Aubergine Unique size,1,OS,Grey,34.67,GB-R5-U3,13
3608392816390,5521058,accessories,ACTIVE Accessory,"TOTE BAG 25L ACTIVE PURPLE, No Size",1,OS,Teal,14.14,GB-R5-U4,12
3608459558096,2696267,accessories,Waterproof Cap,500 세일링 방수 모자 - 블랙 블랙 60cm,1,OS,Black,26.38,GB-R5-U5,14
3608399854753,2714978,accessories,Kids' Socks,RS 500 아동용 미드 스포츠 양말 3팩 - 블루/화이트 딥 인디고 175-190mm_EU27-30,1,OS,Blue,30.27,GB-R5-U6,8
3608439363603,2951282,accessories,Sunglasses,MH K 900 어린이 4 ~ 6세 하이킹 선글라스 카테고리 4 네이비 블루 단일 사이즈,1,OS,Blue,10.51,GB-R5-U7,10
3583788811473,1503497,accessories,PRESCRIPTION swimming goggles No Size,PRESCRIPTION swimming goggles 블루 No Size,1,OS,Blue,25.57,ACC-01,10
3608419291957,2215033,accessories,XL/3XL US XL/2XL,웨이트 트레이닝 허리 벨트 블랙 2XL/3XL US XL/2XL,1,XXL,Black,9.94,ACC-02,11
3608419246063,2360363,accessories,Women's Accessory,여성용 모던/어반 댄스 무릎 패드 블랙 M,1,M,Black,16.43,ACC-03,7
3608439395116,2663479,accessories,NH100 Backpack,NH100 20 L 컨추리 워킹 백팩 - 브라운 버디그리 20L,1,L,Blue,33.66,ACC-04,15
3608399818328,4004960,accessories,CAP TURQUOISE BLUE S54 No Size,"TC 500 CAP TURQUOISE BLUE S54, No Size",1,OS,Blue,29.34,CO-IR,11
3583788130857,2451957,accessories,Women's Accessory,여성용 보드쇼츠 TINI 신축성 있는 허리 밴드와 조임 끈 - 네이비  M-L/29-30.5inch,1,M,Navy,9.3,GF-R5-U1,11
3608429721284,4009019,accessories,XL EF,런 이지 집업 패드 브라 블랙 2XL EF,1,XXL,Black,5.01,GF-R5-U2,14
3608419700701,1687820,accessories,Socks,Babylight 운동용 아동 양말 마젠타 175mm_EU 28,1,OS,Pink,29.43,GF-R5-U3,11
3583788575566,247239,accessories,Adult Gloves,Kipwarm 성인 승마 장갑 - 블랙 블랙 XL,1,XL,Black,13.43,GF-R5-U4,17
3608399890287,2134343,accessories,Soft 500 Accessory,Soft 500 Womens Tennis Badminton Table Tennis Padel T-Shirt 블랙 S,1,S,Black,5.06,GF-R5-U5,8
3608393562715,5677563,accessories,MTB GLOVES COMFORT,"MTB GLOVES COMFORT, L",1,L,Blue,26.13,GF-R5-U6,8
3608393148186,5224380,accessories,Lifting glove brown,"Lifting glove (brown), L",1,L,Pink,5.48,GF-R5-U7,16
3583788011057,2626756,accessories,Women's Accessory,신축성 있는 허리 밴드와 조임 끈이 있는 여성용 보드쇼츠 TINI DECIM 블랙 M-L,1,M,Black,20.36,GB-R5-U1,7
3583788269540,2226788,accessories,Active Accessory,"B-Active + Pack Swimsuit, Swimming Goggles, Towel, Bag 플루오 라임 12세",1,OS,Pink,6.93,GB-R5-U2,10
3608449907699,1853835,accessories,Snow XS Fine Weather Ski and Snowboard Goggles,Snow 100 XS Fine Weather Ski and Snowboard Goggles 레드 XS,1,XS,Red,9.69,GB-R5-U3,17
3583788254010,2238286,accessories,Light Golf Stand Bag,Light Golf Stand Bag 블랙 .,1,OS,Black,33.16,GB-R5-U4,17
3608429739609,2939978,accessories,TRAIL RUNNING BAG L BLUE BLACK M/L,"TRAIL RUNNING BAG 10 L BLUE BLACK 2, M/L",1,L,Black,18.32,GB-R5-U5,10
3608429728665,2980873,accessories,SOCKS MID CH,"AT 100 SOCKS MID CH, UK 2.5-5 - EU 35-38",1,OS,Green,19.89,GB-R5-U6,11
3608429716211,2761276,accessories,Socks,러닝 발가락 양말 - 블랙/옐로우 포기 블루 260-270mm_EU41/42,1,OS,Black,14.68,GB-R5-U7,10
3583784230551,4361627,accessories,GLOVE MT STRETCH KHAKI,"GLOVE MT 500 STRETCH KHAKI, XS",1,XS,Orange,9.11,ACC-01,15
3608393625373,5687033,accessories,BOTTLE KID INSULATED No Size,"BOTTLE 900 KID INSULATED 0,35L, No Size",1,OS,Green,30.93,ACC-02,9
3608429716204,2761278,accessories,Socks,러닝 발가락 양말 - 블랙/옐로우 포기 블루 285-295mm_EU45/46,1,OS,Black,20.26,ACC-03,9
3583788389071,2037025,accessories,Mid,Mid 500 팔꿈치 보호대 블랙 1,1,OS,Black,13.04,ACC-04,11
3608439545238,2116203,accessories,Toplight Mens Padded Hiking Jacket BLACK S,Toplight Mens Padded Hiking Jacket BLACK S,1,S,Black,25.87,CO-IR,9
3608429714262,4100575,accessories,L EF,러닝 스포츠 브라 크롭 탑 지퍼 패드 - 네이비 블루 블랙 L EF,1,L,Black,10.82,GF-R5-U1,10
3608399905325,2010310,accessories,Adult Cap,성인용 캡모자 - 네이비,1,OS,Navy,5.34,GF-R5-U2,12
3608429806318,2501275,accessories,Socks,하이 컴포트 양말 X2 스쿼럴 그레이 275-295mm_EU 43-46,1,OS,Grey,24.15,GF-R5-U3,10
3608399867715,2308224,accessories,Adult Socks,RS 160 성인 미드-하이 스포츠 양말 3팩 다크 그레이 300-320mm,1,OS,Grey,12.63,GF-R5-U4,10
3583788538691,530276,accessories,Paddock Kids Horse Riding Show Jacket,Paddock Kids Horse Riding Show Jacket 블랙 14세,1,OS,Black,8.79,GF-R5-U5,16
3608419102758,2707560,accessories,Socks nonslip Gym black,"Socks nonslip Gym black, 2.5-5 - 35/38",1,OS,Black,5.86,GF-R5-U6,15
3583788388869,2037021,accessories,Soft 300 Accessory,Soft 300 팔꿈치 보호대 블랙 1,1,OS,Black,7.05,GF-R5-U7,9
3608419213393,2526582,accessories,Gloves,900 더블 립탭 커프 부착 웨이트 트레이닝 장갑 - 블랙/그레이 블랙 M,1,M,Black,12.04,GB-R5-U1,15
3608399890737,2136023,accessories,Soft 500 Accessory,Soft 500 Padel Tennis Badminton Squash Table Tennis Shorts - Grey Graphics Fluo lime yellow 2XL,1,XXL,Grey,15.18,GB-R5-U2,13
3608429688907,4186860,accessories,kalenji Accessory,kalenji 러닝 헤드밴드 - 레드 퍼플 단일 사이즈,1,OS,Red,26.18,GB-R5-U3,9
3608391286415,4697299,accessories,GLOVE BA100 RHT BLACK RED,"GLOVE BA100 RHT BLACK RED, 11.5""",1,OS,Black,17.04,GB-R5-U4,15
3583783902657,2777541,accessories,Women's Jacket,런 웜 모자달린 여성용 자켓 - 그레이 블랙 2XS,1,OS,Black,26.89,GB-R5-U5,15
3583787375068,4485121,accessories,OPTICAL GOGGLES BFIT SM,"OPTICAL GOGGLES 500 BFIT SM, L -6 / R -6",1,L,Orange,13.13,GB-R5-U6,10
3583787728147,4102023,accessories,Unisex Accessory,남녀 공용 좌우 무릎 보호대 프리벤트 100 블랙 4,1,OS,Black,12.99,GB-R5-U7,12
3608399869092,2311965,accessories,Kids' Socks,RS 160 아동용 하이 스포츠 양말 3팩 플루오 페일 피치 175-190mm_EU27-30,1,OS,Orange,17.33,ACC-01,15
3608391111946,4682082,accessories,F100 Accessory,"SHINGUARDS F100 AD BLACK, M",1,M,Black,15.05,ACC-02,7
3608459603482,2531843,accessories,Adult Gloves,500 성인용 세일링 반장갑 아스팔트 블루 XL,1,XL,Blue,21.38,ACC-03,8
3608439294082,4360160,accessories,MH500 Accessory,"SLEEPING BAG MH500 JUNIOR 0°C R, No Size",1,OS,Blue,22.73,ACC-04,15
3608390117895,4045908,accessories,Running Socks,런900 미드 파인 러닝 양말 블랙 285-295mm_EU 45-46,1,OS,Black,4.99,CO-IR,14
3583788112297,2586944,accessories,Adult Accessory,Keepdry 900 성인 방한 타이즈 - 블랙/레드 허리 밴드 블랙 2XL,1,XXL,Black,10.13,GF-R5-U1,14
3608439307874,4333116,accessories,BACKPACK NH ESCAPE L BLACK,"BACKPACK NH ESCAPE 100 17L BLACK, 17L",1,OS,Black,16.89,GF-R5-U2,9
3608419215410,2515882,accessories,Essential Trampoline and Protective Netting,Essential 300 Trampoline and Protective Netting 블랙 단일 사이즈,1,OS,Black,28.34,GF-R5-U3,9
3583788333289,2111208,accessories,Adult Waterproof Thermal Gloves,Keepwarm 성인 보온 및 방수 장갑 블랙 M,1,M,Black,8.44,GF-R5-U4,10
3608429926221,1787447,accessories,ONE SIZE FITS ALL,런닝용 스마트폰 벨트 블랙 ONE SIZE FITS ALL,1,OS,Black,5.4,GF-R5-U5,10
3608419183863,2433285,accessories,Pants,여성 고무 밴드 단/허리 댄스 바지 블랙 3XS / W24 L28,1,OS,Black,30.43,GF-R5-U6,14
3608399908388,2005195,accessories,Soft 500 Accessory,Soft 500 Padel Tennis Badminton Squash Table Tennis Shorts - Grey Graphics BLUE 2XL,1,XXL,Blue,33.91,GF-R5-U7,9
3583787729076,2978536,accessories,Unisex Accessory,남녀 공용 좌우 발목 압박 보호대 소프트 500 - 블랙 블랙 1,1,OS,Black,5.6,GB-R5-U1,15
3583787580158,2991275,accessories,GOGGLES B-FAST BL ONE SIZE FITS ALL,"GOGGLES 900 B-FAST BL, ONE SIZE FITS ALL",1,OS,Red,5.57,GB-R5-U2,8
3608409846860,2950958,accessories,Bag,더블 패니어 가방 500 20L 2개 - 블랙 블랙 단일 사이즈,1,OS,Black,7.61,GB-R5-U3,8
3608459614143,2225709,accessories,Inflatable Touring Stand Up Paddle,100 Inflatable 98 Touring Stand Up Paddle 오렌지 단일 사이즈,1,OS,Orange,15.28,GB-R5-U4,16
3608459632338,2194858,accessories,Mens Short Sleeve UV Protection Surfing Top T-Shirt BLACK S,500 Mens Short Sleeve UV Protection Surfing Top T-Shirt BLACK S,1,S,Black,21.89,GB-R5-U5,16
3583788156161,2537496,accessories,Sunglasses,MH K 900 어린이 4 ~ 6세 하이킹 선글라스 카테고리 4 페일 코랄 단일 사이즈,1,OS,Black,5.02,GB-R5-U6,15
3583783859838,2698421,accessories,Adult Soft 300 Accessory,Soft 300 성인용 무릎 보호대 블랙 4,1,OS,Black,10.36,GB-R5-U7,12
3608449874977,2360568,accessories,SKI GLOVES CHILD GLOVES SLIDE BLACK Turquoise AGE,"SKI GLOVES, CHILD, GLOVES SLIDE 300, BLACK Turquoise AGE 12",1,OS,Black,34.54,ACC-01,15
3608439261817,4547927,accessories,MH500 Accessory,"CN KID HAT MH500 JR Cap BLU, 3-4 Years",1,OS,Teal,15.53,ACC-02,13
3583787473757,4472684,accessories,Racer BibShort M Padded shorts BL,"Racer BibShort 2 M Padded shorts BL, 2XL",1,M,Grey,8.25,ACC-03,15
3583788275138,2219306,accessories,Vision Clip Pilot Polarised Eyewear Clip-On Sunglasses Category,Vision 300 Clip Pilot Polarised Eyewear Clip-On Sunglasses Category 3 블루 단일 사이즈,1,OS,Blue,14.53,ACC-04,13
3583788410683,2013948,accessories,Backpack,Abeona 500 30L 백팩 - 블랙/그레이,1,OS,Black,15.22,CO-IR,12
3583788495581,680342,accessories,Adult Soft 100 Accessory,Soft 100 성인용 발목 보호대 블랙 4,1,OS,Black,23.56,GF-R5-U1,17
3583788392736,2027949,accessories,Kids' Accessory,Spirit S 사이즈 수영 고글 블랙 주니어,1,S,Black,23.14,GF-R5-U2,9
3608429794035,2503237,accessories,Adult Running,트레일 러닝용 가방 5 L - 블랙 블랙 성인,1,L,Black,34.02,GF-R5-U3,13
3608429749127,2663080,accessories,Socks,하이 컴포트 양말 X2 다크 페트롤 블루 275-295mm_EU 43-46,1,OS,Blue,15.34,GF-R5-U4,15
3608429714170,4100536,accessories,L CD,러닝 스포츠 브라 크롭 탑 지퍼 패드 - 네이비 블루 네이비 블루 L CD,1,L,Blue,30.16,GF-R5-U5,11
3608429749042,2664476,accessories,Kiprun Running Socks,Kiprun 스트랩 러닝 양말 블랙 275-280mm_EU 43-44,1,OS,Black,17.41,GF-R5-U6,12
3583788482833,714026,accessories,Waterproof Accessory,방수 파우치 - 블루,1,OS,Blue,25.22,GF-R5-U7,15
3608393562807,5677556,accessories,MTB GLOVES COMFORT,"MTB GLOVES COMFORT, S",1,S,Navy,19.89,GB-R5-U1,8
3583788297888,2187207,accessories,Sunglasses,Walking 600 Round 편광 피트니스 선글라스 Cat3 블랙 .,1,OS,Black,24.84,GB-R5-U2,7
3608409836489,4394446,accessories,KID WATER BOTTLE BLACK No Size,"KID WATER BOTTLE 500 BLACK, No Size",1,OS,Black,5.0,GB-R5-U3,8
3583787594391,4265920,accessories,Accessory,플레이 보호대 3종 세트  2XS,1,OS,Black,5.25,GB-R5-U4,15
3608419213324,2532819,accessories,Gloves,500 소맷동이 달린 웨이트 트레이닝 장갑 블랙 올리브 L,1,L,Black,17.33,GB-R5-U5,12
3583788811480,1503495,accessories,PRESCRIPTION swimming goggles No Size,PRESCRIPTION swimming goggles 블루 No Size,1,OS,Blue,29.31,GB-R5-U6,10
3608399884491,2215581,accessories,Soft 500 Accessory,Soft 500 Womens Tennis Badminton Table Tennis Padel T-Shirt 블랙 2XS,1,OS,Black,23.45,GB-R5-U7,15
3608429714491,4100542,accessories,S AB,러닝 스포츠 브라 크롭 탑 지퍼 패드 - 네이비 블루 네이비 블루 S AB,1,S,Blue,20.82,ACC-01,16
3608399884880,2133277,accessories,Adult Cap,성인용 캡모자 - 네이비 Bright red,1,OS,Navy,10.72,ACC-02,7
3608449861014,2475631,accessories,Free Men s Ski Gloves,Free 300 Men's Ski Gloves 딥카키 M,1,S,Black,13.83,ACC-03,16
3608459627471,2198685,accessories,Men's Sun-Protect Accessory,500 남성용 긴 소매 자외선 차단 서핑 레쉬가드 다크 블루 S,1,S,Blue,32.38,ACC-04,13
3608392355158,5425658,accessories,Accessory 3/4,"SKI SOCKS 500 ECO PINK, 8.5-11 - 43/46",1,OS,Pink,28.1,CO-IR,11
3608429755975,2621309,accessories,LS TS RUN SUN PROTECT W W,"LS TS RUN SUN PROTECT W W, UK 20 - EU 48",1,OS,Black,18.8,GF-R5-U1,8
3608392356223,5425654,accessories,Accessory 3/4,"SKI SOCKS 500 ECO BLACK, 8.5-11 - 43/46",1,OS,Black,5.73,GF-R5-U2,16
3608399890294,2134344,accessories,Soft 500 Accessory,Soft 500 Womens Tennis Badminton Table Tennis Padel T-Shirt 블랙 M,1,M,Black,6.73,GF-R5-U3,13
3608392782930,5515666,accessories,compr socks DD BLACK M-2,"compr socks 900 DD BLACK, 35/38M-2.5/5M",1,OS,Black,6.86,GF-R5-U4,15
3583787375075,4485120,accessories,OPTICAL GOGGLES BFIT SM,"OPTICAL GOGGLES 500 BFIT SM, L -5 / R -5",1,L,Teal,5.75,GF-R5-U5,11
3608429766650,2749158,accessories,XS/S,트레일 러닝 물병 홀더 하이드레이션 벨트 500ML - 블랙/브론즈 블랙 XS/S,1,XS,Black,30.4,GF-R5-U6,14
3608399905493,2010291,accessories,Adult Cap,성인용 캡모자 네이비 블루 성인,1,OS,Blue,28.64,GF-R5-U7,14
3583787798119,2922616,accessories,Spirit S,Spirit S 사이즈 수영 고글 스노우 화이트 S,1,S,White,26.87,GB-R5-U1,11
3608419148237,2606683,accessories,Gloves,500 웨이트 트레이닝 장갑 블랙 S,1,S,Black,5.06,GB-R5-U2,10
3608399868798,2486353,accessories,Kids' Socks,RS 160 주니어 스포츠 미드 양말 3팩 플루오 페일 피치 220-240mm_EU 35-38,1,OS,Blue,10.46,GB-R5-U3,14
3608429724537,2920072,accessories,Running,러닝용 다용도 헤드밴드 화이트 UNIQUE,1,OS,White,11.77,GB-R5-U4,13
3608391022181,5156458,accessories,SKI SOCKS,"SKI SOCKS 500 JR -, UK 2.5-5 - EU 35-38",1,OS,Orange,6.62,GB-R5-U5,10
3583787948224,2667819,accessories,Adult F900 Gloves,F900 성인용 골키퍼 장갑 실더 플랫 심 - 블랙/옐로우 블랙 8,1,OS,Black,17.74,GB-R5-U6,10
3583784000048,2923094,accessories,Gloves,500 웨이트 트레이닝 장갑 라이트 그레이 2XS,1,OS,Grey,6.98,GB-R5-U7,16
3608409868794,2452894,accessories,Socks,RoadR 520 양말 웨일 그레이 220-240mm_EU35/38,1,OS,Grey,10.63,ACC-01,15
3608439330155,4013282,accessories,NH100 Backpack,NH100 컨추리 워킹 백팩 10L - 블랙 퓨터 10L,1,OS,Black,8.19,ACC-02,13
3583784230704,4361632,accessories,GLOVE MT STRETCH KHAKI,"GLOVE MT 500 STRETCH KHAKI, 2XL",1,XXL,Teal,18.19,ACC-03,16
3608459614044,2225718,accessories,Waterproof Backpack,20L 방수 백팩 만다린 .,1,OS,Red,26.68,ACC-04,11
3608390384945,4997645,accessories,Accessory 3/4,"compr socks 500 black gr, 43/46M-8.5/11M",1,OS,Black,11.71,CO-IR,15
3608429762249,2668491,accessories,Kids' Socks,컴포트 아동용 트랙 러닝 긴 양말 팩당 2켤레 미드나잇 인디고 195-215mm_EU 31-34,1,OS,Grey,6.62,GF-R5-U1,11
3583788496847,665581,accessories,Socks,엑티브 워킹 페이크 양말 퓨터 220-240mm_EU 35-38,1,OS,Grey,16.77,GF-R5-U2,11
3583788388876,2045017,accessories,Strong 700 Accessory,Strong 700 엄지손가락 보호대 블랙 유니크,1,OS,Black,9.41,GF-R5-U3,13
3583788662501,1789178,accessories,Socks,플레이 어린이 인라인 스케이팅 양말 - 핑크 / 화이트,1,OS,White,23.66,GF-R5-U4,8
3583783857476,2777757,accessories,Women's Accessory,신축성 있는 허리 밴드와 조임 끈이 있는 여성용 보드쇼츠 TINI DECIM 블랙 34,1,OS,Black,7.99,GF-R5-U5,14
3608419700725,1687818,accessories,Socks,Babylight 운동용 아동 양말 마젠타 160mm_EU 26,1,OS,Red,29.93,GF-R5-U6,12
3608429686736,4154343,accessories,SUN PROTECT LS TS M BLUE H17B,"SUN PROTECT LS TS M BLUE H17B, XL",1,M,Blue,5.65,GF-R5-U7,13
3608391933999,5332819,accessories,SOCKS VIRALTO STRIP,"SOCKS VIRALTO STRIP, UK 2.5-5 - EU 35-38",1,OS,Teal,12.41,GB-R5-U1,8
3608419553093,237319,accessories,Accessory,복싱 훈련용 정강이 및 발 보호대 블랙 L,1,L,Black,6.91,GB-R5-U2,11
3608439510755,2191099,accessories,Backpack,Escape 30 리터 백팩 다크 아이비 그린 단일 사이즈,1,OS,Green,27.07,GB-R5-U3,13
3608419075458,2762330,accessories,Women's Jacket,900 여성용 젠틀 짐 & 필라테스 모자달린 자켓 - 그레이 그레이 L,1,L,Grey,10.25,GB-R5-U4,10
3608439488689,2349292,accessories,LINER GLOVE MT SILK BLACK,"LINER GLOVE MT 500 SILK BLACK, 2XL",1,XXL,Black,13.81,GB-R5-U5,11
3608429805915,2489352,accessories,KIPRUN Socks,KIPRUN 인비저블 얇은 양말 블랙 260-265mm_EU 41-42,1,OS,Black,12.23,GB-R5-U6,9
3583783961739,2606680,accessories,Gloves,500 웨이트 트레이닝 장갑 블랙 3XL,1,3XL,Black,26.26,GB-R5-U7,13
3608449885232,2144590,accessories,Defense Wrist-P Wrist Protection,Defense Wrist-P Wrist Protection 블랙 S,1,S,Black,31.12,ACC-01,10
3583788367277,2053273,accessories,Accessory,휴대용 극세사 수건 L 사이즈 80 x 130 cm 핑크 .,1,L,Pink,22.17,ACC-02,11
3583783996083,2983590,accessories,Kids' SH100 Gloves,아동용 플리스 벙어리 장갑 SH100  플루오 페일 피치 18개월-2세,1,OS,White,26.69,ACC-03,8
3608419194999,2514386,accessories,Cap,500 베이비 짐 캡 모자 마젠타 4-6세,1,OS,Teal,19.37,ACC-04,12
3583787212738,4882627,accessories,SURF CAP UNIQUE,"SURF CAP 100, UNIQUE",1,OS,Navy,20.64,CO-IR,16
3608392973680,5562754,accessories,LINER GLOVE MT500 MERINO WOOL BLACK,"LINER GLOVE MT500 MERINO WOOL BLACK, M",1,M,Black,14.44,GF-R5-U1,12
3608429751687,2421799,accessories,Thermal Running Socks,러닝 양말 보온 메리노 울 하이 - 블랙 블랙 245-265mm_EU 39-42,1,OS,Black,5.24,GF-R5-U2,13
3608409872654,2611234,accessories,RoadC,RoadC 보틀 650 ml - 블랙 블랙 단일 사이즈,1,OS,Black,16.88,GF-R5-U3,7
3583788392644,2027957,accessories,Nabaiji Accessory,Nabaiji Selfit Optical Lens Corrective Swimming Goggles Size L 마그놀리아 ONE SIZE FITS ALL,1,L,Teal,10.29,GF-R5-U4,13
3608419553130,237322,accessories,Accessory,복싱 훈련용 정강이 및 발 보호대 블랙 XL,1,XL,Black,8.67,GF-R5-U5,9
3583783997493,2983593,accessories,Kids' SH100 Gloves,아동용 플리스 벙어리 장갑 SH100  만다린 3-4세,1,OS,Blue,34.12,GF-R5-U6,14
3583788046257,2591398,accessories,Unisex Accessory,남녀공용 좌우 발목 압박 보호대 소프트 500 - 블랙 다크 그레이 3,1,OS,Black,11.47,GF-R5-U7,10
3608429688785,4183700,accessories,M AB,런 이지 집업 패드 브라 블루 M AB,1,M,Blue,22.03,GB-R5-U1,11
3608429745747,2906277,accessories,Running Gloves,Evolutiv 러닝 장갑 갤럭시 블루 2XL,1,XXL,Blue,33.57,GB-R5-U2,13
3583788226666,2343442,accessories,PADDOCK adult horse riding LACE-UP boots,PADDOCK adult horse riding LACE-UP boots 블랙 240mm_EU 38,1,OS,Black,18.96,GB-R5-U3,8
3583788289456,2192351,accessories,POLE FISHING ACCESSORY SUPPORT WEIGHT PAPER PROTECT,POLE FISHING ACCESSORY SUPPORT WEIGHT PAPER PROTECT  9,1,OS,Green,30.72,GB-R5-U4,14
3608419075410,2762334,accessories,Women's Jacket,900 여성용 젠틀 짐 & 필라테스 모자달린 자켓 - 그레이 그레이 XS,1,XS,Grey,25.51,GB-R5-U5,15
3608429806172,2505148,accessories,Kiprun Socks,Kiprun 스트랩 두꺼운 양말 블랙 275-280mm_EU 43-44,1,OS,Black,21.36,GB-R5-U6,10
3608439822070,1611875,accessories,GILET Escape Beige SS1 XL  US,"GILET Escape 900  Beige SS1, EU:XL  US:L",1,XL,Orange,15.69,GB-R5-U7,16
3608439317125,4290253,accessories,NH500 Accessory,"CAPRI NH500 M BEIGE, UK 32"" / FR 42",1,M,Pink,9.53,ACC-01,14
3583787367162,4020544,accessories,SHINGUARD ESSENTIAL,"SHINGUARD ESSENTIAL 140 AD, M",1,M,Blue,6.86,ACC-02,16
3608419884883,741487,accessories,Adult Mouth Guard,더블 성인 복싱 및 무술용 마우스 가드  0194,1,OS,Blue,9.61,ACC-03,7
3608439265204,4489980,accessories,Insulated bottle L blue No Size,"Insulated bottle 0,7L blue, No Size",1,OS,Blue,8.05,ACC-04,12
3608439241901,4883357,accessories,NH500 Accessory,"CN NH500 PROTECT GREEN M, M",1,M,Green,29.0,CO-IR,9
3608429717669,4020015,accessories,Kiprun Socks,Kiprun 두꺼운 양말 블랙 245-265mm_EU 39-42,1,OS,Black,14.64,GF-R5-U1,14
3608429741077,2751773,accessories,Women's Cap,런 웜 여성용 모자달린 긴소매 저지 - 바이올렛 퍼플 M,1,M,Black,5.02,GF-R5-U2,11
3608390010455,2990058,accessories,SLEEPING BAG MT BLUE,"SLEEPING BAG MT 500 15° BLUE, XL",1,XL,Blue,20.8,GF-R5-U3,8
3583788661054,1825814,accessories,Women's Inline Fitness Skate,Fit 여성용 인라인 스케이트 양말 라이트 그레이 220-240mm_EU 35-38,1,OS,Grey,17.17,GF-R5-U4,9
3608419214444,2387669,accessories,Gloves,100 웨이트 트레이닝 장갑 체리 레드 3XL/4XL US 2XL/3XL,1,3XL,Red,20.12,GF-R5-U5,12
3608439285493,4451179,accessories,MH100 Accessory,"CAP MH100 TW TRUCKER, No Size",1,OS,White,18.07,GF-R5-U6,14
3583788318224,2145552,accessories,B-FIT,B-FIT 수영 고글 블랙 유니크,1,OS,Black,6.25,GF-R5-U7,14
3608449860925,2480370,accessories,Slide Mens/Womens Downhill Ski Gloves,Slide 100 Mens/Womens Downhill Ski Gloves 블랙 XS,1,XS,Black,11.21,GB-R5-U1,15
3608429650683,4781247,accessories,POSITIONS BAG v2 red No Size,"2 POSITIONS BAG v2 red, No Size",1,OS,Red,5.03,GB-R5-U2,13
3583788134077,2489988,accessories,Accessory,휴대용 극세사 수건 S 사이즈 42 x 55 cm 플루오 페일 망고 단일 사이즈,1,S,Red,19.47,GB-R5-U3,15
3583788290261,2161448,accessories,Escape Hacking Horse Riding Saddle Cloth for Horse,Escape Hacking Horse Riding Saddle Cloth for Horse  .,1,OS,Red,28.43,GB-R5-U4,16
3608419184051,2433295,accessories,Pants,여성 고무 밴드 단/허리 댄스 바지 블랙 XS / W28 L29,1,XS,Black,16.35,GB-R5-U5,14
3583788365297,2060079,accessories,Backpack,스포츠 캐리어 90L/백팩 겸용 - 블랙/블루 Asphalt blue,1,OS,Black,30.18,GB-R5-U6,14
3583788130826,2451955,accessories,Women's Accessory,여성용 보드쇼츠 TINI 신축성 있는 허리 밴드와 조임 끈 - 네이비  S,1,S,Navy,7.21,GB-R5-U7,9
3608399902683,2027541,accessories,Soft 500 Accessory,Soft 500 Padel Tennis Badminton Squash Table Tennis Shorts - Black/Blue Carbon grey XL,1,XL,Black,30.23,ACC-01,9
3608449848343,2572687,accessories,Kids' Accessory,여성 및 주니어 여아 악천후용 스키/스노우보드 고글 - 핑크  S,1,S,Pink,16.4,ACC-02,14
3608429713104,4010488,accessories,Adult Sunglasses,성인용 러닝 선글라스 런퍼프 변색렌즈 카테고리 1-3 - 블랙  단일 사이즈,1,OS,Black,8.98,ACC-03,13
3583783783454,2500325,accessories,Kiprun Socks,Kiprun 두꺼운 양말 블랙 300-320mm_EU 47-50,1,OS,Black,16.7,ACC-04,17
3608390853502,5101678,accessories,GOGGLES BFIT MIRROR BLACK OR UNIQUE,"GOGGLES 500 BFIT MIRROR BLACK OR, UNIQUE",1,OS,Black,12.58,CO-IR,13
3583787781449,4072880,accessories,Compact Accessory,컴팩트 극세사 수건 XL 사이즈 110 x 175 cm - 프린팅  단일 사이즈,1,XL,Red,13.25,GF-R5-U1,8
3583787955222,2900590,accessories,F500 Accessory,"SOCKS F500 JR STR, UK C9-11.5 - EU 27-30",1,OS,Green,5.34,GF-R5-U2,15
3583788314998,2167226,accessories,Nabaiji Accessory,Nabaiji Selfit Optical Lens Corrective Swimming Goggles Size L 마그놀리아 ONE SIZE FITS ALL,1,L,Teal,12.92,GF-R5-U3,9
3583788027805,2664748,accessories,UV Baby CAP Tutti,UV Baby CAP Tutti 마젠타 6-12개월,1,OS,Black,8.49,GF-R5-U4,11
3583788154778,2575738,accessories,Backpack,마운티어링 백팩 알피니즘 22 L - 그레이 다크 피코크 블루 단일 사이즈,1,L,Blue,7.78,GF-R5-U5,15
3608429819097,2310977,accessories,Running Tactile Gloves,Running Tactile Gloves 블랙 2XL,1,XXL,Black,16.32,GF-R5-U6,13
3608439706912,1822127,accessories,ARPENAZ Accessory,"CAPE ARPENAZ 40L L/XL PHANTOM, L/XL",1,L,Green,5.01,GF-R5-U7,16
3583784059107,4172479,accessories,socks RUN500 inv x2 b EU43-46,"socks RUN500 inv x2 b, UK 8.5-11 EU43-46",1,EU 43,Red,20.28,GB-R5-U1,13
3608429718000,2920838,accessories,KIPRUN Socks,KIPRUN 인비저블 얇은 양말 플루오 코랄 오렌지 275-280mm_EU 43-44,1,OS,White,25.28,GB-R5-U2,14
3608429806363,2501278,accessories,Socks,하이 컴포트 양말 X2 플루오 코랄 핑크 245-270mm_EU 39-42,1,OS,Pink,6.91,GB-R5-U3,8
3583787762646,4016378,accessories,Women's Accessory,신축성 있는 허리 밴드와 조임 끈이 있는 여성용 보드쇼츠 TINI DECIM  L,1,L,Red,16.42,GB-R5-U4,11
3608391288952,4697306,accessories,GLOVE BA100 LHT BLACK RED,"GLOVE BA100 LHT BLACK RED, 12.5""",1,OS,Black,5.76,GB-R5-U5,16
3583788299677,2185811,accessories,BASIC KIDS GLOVES BLACK Years,"BASIC KIDS GLOVES BLACK, 12-14 Years",1,OS,Black,17.89,GB-R5-U6,10
3583788741800,1629806,accessories,Adult Accessory,피트 성인 인라인 스케이팅 손목 보호대 - 블랙 블랙 M,1,M,Black,5.57,GB-R5-U7,9
3583788840206,1462906,accessories,Caperlan Accessory,Caperlan Even Sea 바다낚시용 깃털 루어  2/0,1,OS,Pink,6.25,ACC-01,12
3608409868862,2452889,accessories,Socks,RoadR 520 양말 터쿼이즈 블루 245-270mm_EU39/42,1,OS,Blue,7.16,ACC-02,12
3608399854487,2714983,accessories,Kids' Socks,RS 500 아동용 미드 스포츠 양말 3팩 - 블루/화이트 아스팔트 블루 220-240mm_EU 35-38,1,OS,Blue,26.75,ACC-03,14
3583788516750,591943,accessories,Sunglasses,클래식 소프트 선글라스 케이스 블랙 No Size,1,OS,Black,27.75,ACC-04,13
3608429741060,2663163,accessories,Running Socks,러닝 양말 킵런 언더 칼프 도톰 - 블랙 블랙 220-240mm_EU 35-38,1,OS,Black,33.99,CO-IR,11
3608392175640,5254086,accessories,GOALKEEPER GLOVES FIRST BLUE,"GOALKEEPER GLOVES FIRST BLUE, 4",1,OS,Blue,13.42,GF-R5-U1,13
3583788387091,2035866,accessories,Tidipool Basic cm Diameter Paddling Pool  No Size,Tidipool Basic 65 cm Diameter Paddling Pool  No Size,1,OS,Grey,7.52,GF-R5-U2,12
3608459613535,2227733,accessories,Adult Gloves,500 성인용 세일링 반장갑 블랙 XS,1,XS,Black,18.97,GF-R5-U3,15
3608429792154,2503402,accessories,Run Sun Protect Womens Running Long-Sleeved T-Shirt Coral,Run Sun Protect Womens Running Long-Sleeved T-Shirt Coral 터쿼이즈 그린 2XS,1,OS,Green,5.56,GF-R5-U4,8
3608429826019,2184435,accessories,KALENJI Accessory,KALENJI RUN SUN PROTECT LONG-SLEEVED T-SHIRT BLUE Bright indigo AGE 10,1,OS,Blue,20.63,GF-R5-U5,12
3608449871976,2363695,accessories,Slide Mens/Womens Downhill Ski Gloves,Slide 100 Mens/Womens Downhill Ski Gloves 마젠타 M,1,M,Pink,21.98,GF-R5-U6,16
3608429766803,2688015,accessories,kalenji Accessory,kalenji 러닝 헤드밴드 - 레드 다크 블루 단일 사이즈,1,OS,Blue,7.12,GF-R5-U7,14
3583787756867,4030621,accessories,Socks,워킹 양말 WS 100 미드 1켤레 - 블랙 카본 그레이 220-240mm_EU 35-38,1,OS,Black,17.63,GB-R5-U1,17
3583787670750,4187288,accessories,Unisex Accessory,스트롱 700 남녀 공용 좌우 무릎 인대 보호대 블랙 2,1,OS,Black,9.17,GB-R5-U2,8
3608429806455,2501263,accessories,Socks,하이 컴포트 양말 X2 블랙 275-295mm_EU 43-46,1,OS,Black,16.17,GB-R5-U3,9
3583788158493,2537454,accessories,Adult MH590 Sunglasses,MH590 성인용 하이킹 선글라스 변색렌즈 카테고리 2~4 스노우 화이트 단일 사이즈,1,OS,White,5.28,GB-R5-U4,13
3608439567483,2033561,accessories,BACKPACK ARP KID blue/orange UNIQUE,"BACKPACK ARP KID blue/orange, UNIQUE",1,OS,Blue,33.66,GB-R5-U5,13
3608459627341,2198703,accessories,Women's Sun-Protect Accessory,500 여성용 긴소매 지퍼형 자외선 차단 서핑 레쉬가드 핑크 S,1,S,Pink,11.24,GB-R5-U6,9
3583788507017,615179,accessories,CAPERLAN Accessory,CAPERLAN CN Fishing vest-5 AGATHE 마젠타 그레이 XL,1,XL,Grey,11.1,GB-R5-U7,11
3608399910855,2003775,accessories,Soft 500 Accessory,Soft 500 Padel Tennis Badminton Squash Table Tennis Shorts - Grey Graphics Carbon grey L,1,L,Grey,18.56,ACC-01,13
3583787501849,4385048,accessories,TROPIC Socks,"TROPIC 500 Socks, 5.5-8 - 39/42",1,OS,Blue,6.15,ACC-02,7
3608399905455,2010302,accessories,Lemon yellow,스포츠 헤드밴드 - 화이트 Lemon yellow,1,OS,White,26.56,ACC-03,14
3608429667988,4513752,accessories,RUN CAP PINK CN,"RUN CAP PINK CN, 54-58cm",1,OS,Pink,30.38,ACC-04,7
3583787721551,4102026,accessories,Accessory,무릎 보호대 프리벤트 500 - 블랙  블랙 2,1,OS,Black,27.31,CO-IR,13
3583787948231,2667818,accessories,Adult F900 Gloves,F900 성인용 골키퍼 장갑 실더 플랫 심 - 블랙/옐로우 블랙 7.5,1,OS,Black,34.78,GF-R5-U1,12
3608391021863,5156208,accessories,SKI SOCKS WARM,"SKI SOCKS 100 WARM, 5.5-8 - 39/42",1,OS,Blue,22.97,GF-R5-U2,16
3583787799703,2488529,accessories,SOFT BOTTLE MT No Size,"SOFT BOTTLE MT 500 0,6L, No Size",1,OS,Orange,9.86,GF-R5-U3,12
3583787278284,4660913,accessories,BOXING INNER GLOVES BLACK L-XL,"BOXING INNER GLOVES 100 BLACK, L-XL",1,L,Black,29.11,GF-R5-U4,11
3583787791547,2934420,accessories,Accessory,극세사 수건 L 사이즈 80 x 130 cm 터쿼이즈 블루 L,1,L,Blue,30.19,GF-R5-U5,11
3608459685136,2028344,accessories,Womens Long Sleeve Zip UV Protection Surfing Top T-Shirt Celtic Black BLACK,500 Womens Long Sleeve Zip UV Protection Surfing Top T-Shirt - Celtic Black BLACK 2XL,1,XXL,Black,6.89,GF-R5-U6,12
3608429744153,2777546,accessories,Women's Jacket,런 웜 모자달린 여성용 자켓 - 그레이 블랙 L,1,L,Black,27.22,GF-R5-U7,12
3583788055013,2577408,accessories,SOCKS F Jr PE19 C/1 EU31/34,"SOCKS F 100 Jr PE19, UK 12C/1.5-EU31/34",1,OS,White,17.14,GB-R5-U1,11
3583788170488,2414299,accessories,Bag,어웨이 65리터 스포츠 휠 가방 카본 그레이 60L,1,OS,Grey,6.2,GB-R5-U2,8
3583787965412,2382760,accessories,Accessory,"부드러운 프린트 극세사 수건, L - 블루 틸 그린 단일 사이즈",1,L,Blue,34.78,GB-R5-U3,12
3583787930915,2770863,accessories,Women's Gloves,560 여성용 승마 방한 장갑  카본 그레이 XS,1,XS,Grey,8.91,GB-R5-U4,15
3583788013518,2616308,accessories,Gloves,500 승마 장갑 - 블랙 카본 그레이 M,1,M,Black,12.22,GB-R5-U5,10
3583787580325,4230755,accessories,GOGGLES SOFT L BLUE PINK,"GOGGLES 100 SOFT L BLUE PINK, L",1,L,Blue,22.42,GB-R5-U6,16
3608391022150,5156455,accessories,SKI SOCKS UK C6-8- EU,"SKI SOCKS 500 JR - Pi, UK C6-8- EU 23-26",1,OS,Navy,30.36,GB-R5-U7,7
3608439515491,2188370,accessories,Women's Backpack,Escape 여성용 백팩 70 L 스틸 그레이 성인,1,L,Grey,26.63,ACC-01,12
3608429827252,2182792,accessories,Kiprun Socks,Kiprun 두꺼운 양말 블랙 235-240mm_EU 37-38,1,OS,Black,16.89,ACC-02,15
3583788044796,2585443,accessories,Unisex Accessory,소프트 900 남녀 공용 좌우 압박 발목 보호대  블랙 1,1,OS,Black,13.17,ACC-03,9
3583787721568,4102027,accessories,Accessory,무릎 보호대 프리벤트 500 - 블랙  블랙 3,1,OS,Black,7.16,ACC-04,16
3608399905462,2010294,accessories,Accessory,700 스포츠 손목밴드 - 블랙,1,OS,Black,7.35,CO-IR,10
3608393168474,4964792,accessories,DUFFEL BAG L  ORANGE POINT No Size,"DUFFEL BAG 10L  ORANGE (2 POINT, No Size",1,OS,Orange,15.54,GF-R5-U1,14
3608399888659,2172155,accessories,Adult Socks,RS 500 성인 미드 스포츠 양말 3팩 다크 그레이 220-240mm_EU 35-38,1,OS,Grey,12.59,GF-R5-U2,9
3583788411307,2013622,accessories,Baby Baby Hiking Ski Sunglasses Ages Months Category,Baby 300 Baby Hiking Ski Sunglasses Ages 6-24 Months Category 4 블러시 핑크 .,1,OS,Pink,13.06,GF-R5-U3,8
3608429714286,4100568,accessories,XL EF,러닝 스포츠 브라 크롭 탑 지퍼 패드 - 네이비 블루 블랙 2XL EF,1,XXL,Black,7.83,GF-R5-U4,16
3608419184747,2469429,accessories,Pants,여성 고무 밴드 단/허리 댄스 바지 카본 그레이 M / W33 L29,1,M,Grey,6.02,GF-R5-U5,13
3583788496694,665675,accessories,Socks,엑티브 워킹 페이크 양말 - 화이트,1,OS,White,5.78,GF-R5-U6,16
3608439472442,2363680,accessories,Top Warm Mens Padded Hiking Jacket DARK GREEN M,Top Warm Mens Padded Hiking Jacket DARK GREEN M,1,M,Green,5.08,GF-R5-U7,11
3608419291964,2215031,accessories,S/M,웨이트 트레이닝 허리 벨트 블랙 S/M,1,S,Black,33.45,GB-R5-U1,12
3608429794097,2503239,accessories,Running,트레일 러닝용 가방 10 L 카본 그레이 M/L,1,L,Grey,5.12,GB-R5-U2,15
3608439455179,2563676,accessories,Mountain Socks,하이톱 마운틴 워킹 양말. MH 520 2족 세트 - 레드 오베르진 245-270mm_EU 39-42,1,OS,Red,6.29,GB-R5-U3,11
3583788613169,63268,accessories,Bag,뉴필 세면도구 보관용 가방  .,1,OS,Grey,10.49,GB-R5-U4,16
3608419184808,2469435,accessories,Pants,여성 고무 밴드 단/허리 댄스 바지 카본 그레이 XS / W28 L29,1,XS,Grey,18.2,GB-R5-U5,12
3608429714453,4100547,accessories,XS AB,러닝 스포츠 브라 크롭 탑 지퍼 패드 - 네이비 블루 네이비 블루 XS AB,1,XS,Blue,30.14,GB-R5-U6,14
3583788391746,2029378,accessories,EASYDOW No Size,EASYDOW 수영 고글 사이즈 L 핑크 No Size,1,L,Pink,9.9,GB-R5-U7,14
3608429826026,2184436,accessories,KALENJI Accessory,KALENJI RUN SUN PROTECT LONG-SLEEVED T-SHIRT BLUE Bright indigo AGE 12,1,OS,Blue,27.17,ACC-01,12
3608409863614,2380818,accessories,MTB GLOVES ST BLACK,"MTB GLOVES ST 100 BLACK, S",1,S,Black,7.36,ACC-02,9
3583788367130,2053280,accessories,Accessory,휴대용 극세사 수건 L 사이즈 80 x 130 cm 애시드 그린 .,1,L,Green,28.11,ACC-03,11
3583788116011,2464419,accessories,Bag,500 스노클링 가방 - 아시아 그레이 라이트 그레이 단일 사이즈,1,OS,Grey,15.33,ACC-04,9
3608449830720,2754056,accessories,Baby Accessory,12개월~36개월 유아용 스키/썰매 고글 모든 날씨용 카테고리 3 다크 블루 XS,1,XS,Blue,18.03,CO-IR,8
3583787729045,4103191,accessories,Unisex Lumbar Support Belt,남녀 공용 허리 보호대 소프트 300 - 블랙 블랙 3,1,OS,Black,5.82,GF-R5-U1,8
3608391608545,4954144,accessories,GLOVE MT500 WARM STRETCH BLACK,"GLOVE MT500 WARM STRETCH BLACK, L",1,L,Black,9.08,GF-R5-U2,10
3608409852892,2670484,accessories,ROADR M Gloves BLK,"ROADR 900 2019 M Gloves BLK, M",1,M,Pink,6.69,GF-R5-U3,15
3583788662549,1789181,accessories,Play Kids Inline Skating Socks WHITE EU,Play Kids Inline Skating Socks WHITE EU 27-30,1,OS,White,6.45,GF-R5-U4,10
3608419193220,2425982,accessories,No Size,"토닝밴드, 상급레벨  No Size",1,OS,Grey,10.1,GF-R5-U5,15
3583783997066,4073901,accessories,SH100 Accessory,"GLOVES SH100 KNIT JR blue, 8-10 Years",1,OS,Blue,5.83,GF-R5-U6,9
3583788497226,665583,accessories,Socks,엑티브 워킹 페이크 양말 퓨터 275-295mm,1,OS,Grey,29.85,GF-R5-U7,10
3608429826385,2183046,accessories,Kiprun Running Socks,Kiprun 스트랩 러닝 양말 블랙 275-280mm_EU 43-44,1,OS,Black,7.62,GB-R5-U1,16
3583787809884,2838279,accessories,GLOVE TOUR WOMEN PAIR,"GLOVE TOUR WOMEN PAIR, S",1,S,Navy,34.09,GB-R5-U2,12
3583787856765,2669001,accessories,MTB WATER BAG ST BLACK No Size,"MTB WATER BAG ST 520 BLACK, No Size",1,OS,Black,30.37,GB-R5-U3,13
3583788535379,574254,accessories,CAPERLAN Accessory,CAPERLAN CN Fishing vest-5 AGATHE 다크 아이비 그린 XL,1,XL,Green,9.83,GB-R5-U4,12
3608409872630,2611236,accessories,RoadC,RoadC 보틀 650 ml - 블랙 플루오 코랄 핑크 단일 사이즈,1,OS,Black,16.26,GB-R5-U5,11
3608409891365,2358139,accessories,MID-SEASON GLOVES BLACK,"MID-SEASON GLOVES 500 BLACK, XL",1,XL,Black,6.31,GB-R5-U6,16
3583788134152,2399758,accessories,Accessory,극세사 수건 L 사이즈 80 x 130 cm 네이비 블루 L,1,L,Blue,5.15,GB-R5-U7,16
3583787399330,4343618,accessories,BOXING GLOVES,"BOXING GLOVES 100 AD, 8oz",1,OS,Pink,20.3,ACC-01,11
3608392782992,5515672,accessories,compr socks DD BLACK L-5,"compr socks 900 DD BLACK, 39/42L-5.5/8 L",1,L,Black,13.88,ACC-02,14
3583788575634,247233,accessories,Adult Gloves,Kipwarm 성인 승마 장갑 블랙 M,1,M,Black,13.61,ACC-03,11
3608439314315,4272192,accessories,Cookingset carry bag CN Carry b No Size,"Cookingset carry bag CN Carry b, No Size",1,OS,Blue,13.35,ACC-04,11
3608449807234,4667523,accessories,SKI SOCKS BLACK,"SKI SOCKS 100 BLACK, 2.5-5 - 35/38",1,OS,Black,5.7,CO-IR,15
3583787912713,2954119,accessories,Socks,스케이트보드 중목 양말 500 - 화이트 화이트 245-265mm_EU 39-42,1,OS,White,24.29,GF-R5-U1,11
3583788367253,2053270,accessories,Accessory,휴대용 극세사 수건 L 사이즈 80 x 130 cm 블루 .,1,L,Blue,18.56,GF-R5-U2,16
3583784343572,4631222,accessories,GLOVE MT STRETCH GREY,"GLOVE MT 500 STRETCH GREY, M",1,M,Grey,7.2,GF-R5-U3,8
3583787594414,4265921,accessories,Accessory,플레이 보호대 3종 세트  XS,1,XS,Red,19.91,GF-R5-U4,14
3608429799931,2505161,accessories,Kiprun Socks,Kiprun 스트랩 두꺼운 양말 플루오 코랄 핑크 260-265mm_EU 41-42,1,OS,Pink,25.83,GF-R5-U5,14
3608399902669,2027538,accessories,Soft 500 Accessory,Soft 500 Padel Tennis Badminton Squash Table Tennis Shorts - Black/Blue Carbon grey S,1,S,Black,7.94,GF-R5-U6,8
3583787762684,4016373,accessories,Women's Accessory,신축성 있는 허리 밴드와 조임 끈이 있는 여성용 보드쇼츠 TINI DECIM  2XS,1,OS,Blue,27.56,GF-R5-U7,11
3583783853881,2767872,accessories,Socks,플레이 어린이 인라인 스케이팅 양말 블루 220-240mm_EU 35-38,1,OS,Blue,6.63,GB-R5-U1,10
3608392973635,5555105,accessories,LINER GLOVE MT500 MERINO WOOL BLACK,"LINER GLOVE MT500 MERINO WOOL BLACK, L",1,L,Black,6.94,GB-R5-U2,9
3608419213669,2526575,accessories,Gloves,500 소맷동이 달린 웨이트 트레이닝 장갑 체리 레드 M,1,M,Red,29.99,GB-R5-U3,17
3608439314469,4228041,accessories,NH100 Accessory,"ICE BACKPACK NH100 20L BLUE, 20L",1,OS,Blue,33.42,GB-R5-U4,9
3608429770091,2452103,accessories,Kids' Socks,컴포트 아동용 트랙 러닝 긴 양말 팩당 2켤레 플루오 블러드 오렌지 165-185mm_EU 27-30,1,OS,White,22.75,GB-R5-U5,13
3608429826637,2183008,accessories,Accessory,런닝용 스마트폰 벨트 페일 그레이 유니크,1,OS,Grey,26.5,GB-R5-U6,16
3608429792161,2503404,accessories,Run Sun Protect Womens Running Long-Sleeved T-Shirt Coral Turquoise green M/88-91inch,Run Sun Protect Womens Running Long-Sleeved T-Shirt Coral Turquoise green M/88-91inch,1,M,Green,25.13,GB-R5-U7,9
3583781852480,680594,accessories,Adult Inline Fitness Skate,FIT 성인용 인라인 스케이트 가방 32L 블랙 유니크,1,OS,Black,12.48,ACC-01,15
3608439444869,2558797,accessories,Bottle Tritan No Size,"Bottle 100 Tritan 0,8L, No Size",1,OS,White,19.03,ACC-02,12
3608449878616,2358612,accessories,Ski Boots Bag black ADULT,"Ski Boots Bag 100 black, ADULT",1,OS,Black,27.57,ACC-03,10
3583788529040,567459,accessories,Backpack,Abeona 10L 백팩 - 핑크 Green grey,1,OS,Grey,16.46,ACC-04,12
3583788495598,680330,accessories,Adult Soft 100 Accessory,Soft 100 성인용 발목 보호대 블랙 2,1,OS,Black,8.63,CO-IR,9
3608409846952,2889264,accessories,Socks,RoadR 520 양말 레드 245-270mm_EU39/42,1,OS,Red,7.23,GF-R5-U1,9
3608449849272,2572689,accessories,Accessory,스키 스노우보드 고글 G 540 S1 악천후용 - 아시아 블루 다크 페트,1,OS,Blue,5.48,GF-R5-U2,16
3583784251808,4482606,accessories,SKI SOCKS WL GREY,"SKI SOCKS 900 WL GREY, 7-8.5 - 41/43",1,OS,Grey,14.39,GF-R5-U3,8
3583787961247,2711281,accessories,Accessory,휴대용 극세사 수건 L 사이즈 80 x 130 cm 페일 인디고 단일 사,1,L,Black,9.16,GF-R5-U4,9
3583788529071,567465,accessories,Backpack,Abeona 10L 백팩 - 핑크,1,OS,Pink,7.52,GF-R5-U5,15
3608419183849,2433289,accessories,Pants,여성 고무 밴드 단/허리 댄스 바지 블랙 M / W33 L29,1,M,Black,9.52,GF-R5-U6,13
3608419075441,2762332,accessories,Women's Jacket,900 여성용 젠틀 짐 & 필라테스 모자달린 자켓 - 그레이 그레이 S,1,S,Grey,9.84,GF-R5-U7,12
3608429826590,2183023,accessories,Accessory,런닝용 스마트폰 벨트 플루오 라임 옐로우 유니크,1,OS,Black,18.02,GB-R5-U1,12
3583788516927,591873,accessories,Kids' Sunglasses,BOOMER 7 -10세 아동용 선글라스 - 블랙 & 블루 category 3,1,OS,Black,20.08,GB-R5-U2,15
3608409846891,2956808,accessories,Socks,RoadR 520 양말 틸 블루 220-240mm_EU35/38,1,OS,Blue,20.81,GB-R5-U3,11
3608429745754,2906268,accessories,Running Tactile Gloves,Running Tactile Gloves 포기 블루 S,1,S,Blue,7.35,GB-R5-U4,10
3608429657743,4851194,accessories,TRAIL ULTRA  BAG L BLACK M/L,"TRAIL ULTRA  BAG 15L BLACK 2023, M/L",1,M,Black,7.22,GB-R5-U5,14
3608390032587,4045960,accessories,Running Socks,런900 인비저블 파인 러닝 양말 갤럭시 블루 275-280mm_EU 43-44,1,OS,Blue,21.99,GB-R5-U6,7
3608429788973,2400038,accessories,Kids' Socks,컴포트 아동용 트랙 러닝 긴 양말 팩당 2켤레 블랙 220-240mm_EU 35-38,1,OS,Black,5.66,GB-R5-U7,13
3583788720942,1659942,accessories,Adult Sunglasses,TRAFFORD 성인용 스포츠 선글라스 - 미러 블루 category 3,1,OS,Blue,34.53,ACC-01,13
3608399867623,2308220,accessories,Adult Socks,RS 160 성인 미드-하이 스포츠 양말 3팩 블랙 300-320mm,1,OS,Black,6.52,ACC-02,10
3608399854555,2634627,accessories,Kids' Socks,RS 160 주니어 스포츠 미드 양말 3팩 다크 그레이 195-215mm_EU 31-34,1,OS,Grey,24.25,ACC-03,8
3608390384921,4997643,accessories,compr socks black gre M-5,"compr socks 500 black gre, 39/42M-5.5/8M",1,OS,Black,24.95,ACC-04,11
3608419387377,2070180,accessories,Accessory,트레이닝 밴드 15 kg,1,OS,Grey,8.36,CO-IR,9
3583784053853,4263797,accessories,XL CD,런 이지 집업 패드 브라 블랙 2XL CD,1,XXL,Black,6.22,GF-R5-U1,12
3583787857632,4044242,accessories,cm  L,극세사 수건 L 사이즈 80 x 130 cm  L,1,L,Orange,18.29,GF-R5-U2,7
3583787961766,2577410,accessories,F100 Accessory,"SOCKS F100 JR BLACK, UK 9/11.5C-EU27/30",1,OS,Black,16.39,GF-R5-U3,9
3608390896868,5116454,accessories,NEW GLOVE DRYER No Size,"NEW GLOVE DRYER, No Size",1,OS,Navy,8.87,GF-R5-U4,15
3608459605363,2522818,accessories,Dinghy Kids Sailing UV-Protection mm Neoprene Wetsuit Dark Blue/Orange,Dinghy 500 Kids Sailing UV-Protection 1mm Neoprene Wetsuit - Dark Blue/Orange 다크 블루 10세,1,OS,Blue,9.83,GF-R5-U5,16
3583788435013,1852583,accessories,Adult Accessory,Mid 500 성인용 어깨 보호대 블랙 3,1,OS,Black,10.24,GF-R5-U6,8
3583788947035,1320430,accessories,Bag,3단 컨버터블 다용도 여행 가방,1,OS,Green,25.14,GF-R5-U7,13
3608419354522,2110030,accessories,Socks,Babylight 운동용 아동 양말 코발트 블루 145mm_EU 24,1,OS,Blue,6.34,GB-R5-U1,9
3608419240610,2518883,accessories,Accessory,미니 밴드 트라이팩 오렌지 단일 사이즈,1,OS,White,10.8,GB-R5-U2,17
3583787883600,4017009,accessories,cm  L,극세사 수건 L 사이즈 80 x 130 cm  L,1,L,Orange,15.58,GB-R5-U3,7
3608439527104,2137404,accessories,Top Warm Mens Padded Hiking Jacket,Top Warm Mens Padded Hiking Jacket 카본 그레이 S,1,S,Grey,24.61,GB-R5-U4,10
3583787728871,2978541,accessories,Unisex Accessory,남녀공용 좌우 발목 압박 보호대 소프트 900 - 블랙  블랙 2,1,OS,Black,31.63,GB-R5-U5,16
3608429753292,2697014,accessories,UNIQUE,스마트폰 암밴드 런닝 화이트 UNIQUE,1,OS,White,28.78,GB-R5-U6,12
3583787380253,4343610,accessories,BOXING GLOVES ERGO BLACK,"BOXING GLOVES 500 ERGO BLACK, 10oz",1,OS,Black,31.97,GB-R5-U7,9
3583788535386,574257,accessories,CAPERLAN Accessory,CAPERLAN CN Fishing vest-5 AGATHE 다크 아이비 그린 2XL,1,XXL,Green,11.78,ACC-01,13
3583788496793,665579,accessories,Socks,엑티브 워킹 페이크 양말 퓨터 195-215mm.,1,OS,Pink,5.73,ACC-02,14
3608393904461,5555321,accessories,PANEL CAP FLOWER No Size,"5 PANEL CAP FLOWER, No Size",1,OS,Grey,5.12,ACC-03,11
3583788176664,2517542,accessories,CAP LIGHT WHITE ONE SIZE FITS ALL,"CAP LIGHT WHITE, ONE SIZE FITS ALL",1,OS,White,18.17,ACC-04,14
3608439589249,1858163,accessories,Arpenaz Compact Backpack,Arpenaz 10 울트라 컴팩트 초경량 백팩 카본 그레이 유니크,1,OS,Grey,5.53,CO-IR,14
3583788496625,665646,accessories,Socks,엑티브 워킹 페이크 양말 네이비 블루 195-215mm_EU 31-34,1,OS,Blue,12.31,GF-R5-U1,13
3608391589103,5214212,accessories,SET MS DRY TOP Green NO BAG,"SET MS DRY TOP Green NO BAG, L",1,L,Green,11.48,GF-R5-U2,13
3608429748724,2664468,accessories,Kiprun Running Socks,Kiprun 스트랩 러닝 양말 플루오 코랄 핑크 260-265mm_EU 41-42,1,OS,Pink,5.82,GF-R5-U3,13
3608399817420,4250687,accessories,Kids' Socks,RS 160 주니어 스포츠 미드 양말 3팩  220-240mm_EU 35-38,1,OS,Black,30.18,GF-R5-U4,9
3608429728658,2980872,accessories,Kids' Socks,AT100 아동용 육상 양말 미드 3켤레 1팩 - 화이트  블랙 195-215mm_EU 31-34,1,OS,Black,33.22,GF-R5-U5,13
3608392355141,5425657,accessories,SKI SOCKS ECO PINK,"SKI SOCKS 500 ECO PINK, 5.5-8 - 39/42",1,OS,Pink,15.34,GF-R5-U6,8
3583788528180,567958,accessories,Backpack,Pocket Bag 작고 가벼워 접어서 휴대하기 용이한 데일리 포켓백/백팩 - 패턴 블루,1,OS,Blue,9.41,GF-R5-U7,7
3608429766667,2749157,accessories,M/L,트레일 러닝 물병 홀더 하이드레이션 벨트 500ML - 블랙/브론즈 블랙 M/L,1,M,Black,7.71,GB-R5-U1,16
3608399867326,2380779,accessories,Adult Socks,RS 500 성인 미드 스포츠 양말 3팩 네이비 블루 220-240mm_EU 35-38,1,OS,Blue,21.42,GB-R5-U2,10
3608429739791,2915986,accessories,Backpack,러닝 백팩 마라톤 조끼형 - 화이트/옐로우  LXL,1,OS,White,7.71,GB-R5-U3,13
3608390827091,5095711,accessories,GOGGLES XBASE JUNIOR PINK,"GOGGLES 100 XBASE JUNIOR PINK, S",1,S,Pink,22.45,GB-R5-U4,8
3583788013525,2616307,accessories,Gloves,500 승마 장갑 - 블랙 카본 그레이 L,1,L,Black,5.03,GB-R5-U5,16
3608393562388,5677554,accessories,MTB GLOVES COMFORT,"MTB GLOVES COMFORT, M",1,M,Grey,5.21,GB-R5-U6,12
3608419239980,2529385,accessories,Socks,크로스 트레이닝용 양말 - 블랙 블랙 220-240mm,1,OS,Black,5.49,GB-R5-U7,10
2124803560009,2480356,accessories,Slide Mens/Womens Downhill Ski Gloves,Slide 100 Mens/Womens Downhill Ski Gloves 라이트 스카이 블루 2XS,1,OS,Blue,14.24,ACC-01,9
3608429818878,2310987,accessories,Gloves,Evolutiv 러닝 스마트폰 터치 장갑 퍼플 L,1,L,Pink,31.08,ACC-02,9
3608419291926,2215032,accessories,L/XL,웨이트 트레이닝 허리 벨트 블랙 L/XL,1,L,Black,5.79,ACC-03,12
3608393562722,5677564,accessories,MTB GLOVES COMFORT,"MTB GLOVES COMFORT, 2XL",1,XXL,Red,28.41,ACC-04,10
3608399820956,4175254,accessories,Accessory,700 스포츠 손목 밴드 터쿼이즈 그린 푸른,1,OS,Green,14.48,CO-IR,12
3608429716235,2761277,accessories,Socks 3/4,러닝 발가락 양말 - 블랙/옐로우 포기 블루 275-280mm_EU43/44,1,OS,Black,6.15,GF-R5-U1,10
3608429819059,2310974,accessories,Running Tactile Gloves,Running Tactile Gloves 블랙 M,1,M,Black,32.61,GF-R5-U2,15
3583787976326,2708749,accessories,GLOVE WHITE W PAIR,"GLOVE 100 WHITE W PAIR, S",1,S,White,6.06,GF-R5-U3,15
3608439373619,2951287,accessories,Sunglasses,MH T 500 어린이 하이킹 선글라스 7 ~ 10세 카테고리 4 네이비 블루 단일 사이즈,1,OS,Blue,13.66,GF-R5-U4,13
3608409932426,579736,accessories,SET MUDGUARD,"SET MUDGUARD 100  24-28’’, .",1,OS,Green,14.72,GF-R5-U5,10
3608439570841,2030546,accessories,Arpenaz Compact Backpack,Arpenaz 10 울트라 컴팩트 초경량 백팩 - 블루,1,OS,Blue,12.27,GF-R5-U6,12
3583787365465,4416089,accessories,CREATINE CREAPURE  CAPS No Size,"CREATINE CREAPURE  CAPS, No Size",1,OS,White,6.77,GF-R5-U7,10
3583787390856,4267808,accessories,BACKPACK ESSENTIAL L GREY BLA No Size,"BACKPACK ESSENTIAL 24L GREY BLA, No Size",1,OS,Grey,21.78,GB-R5-U1,8
3608439396274,2768130,accessories,Adult Accessory,MH B 540 x10 조절식 성인 하이킹 10배율 쌍안경  단일 사이즈,1,OS,Grey,11.8,GB-R5-U2,7
3608392036729,5367310,accessories,ICE BACKPACK,"ICE BACKPACK 100 10L, 10L",1,OS,Orange,11.37,GB-R5-U3,14
3608439318733,4290887,accessories,Sunglasses,MH K 900 어린이 4 ~ 6세 하이킹 선글라스 카테고리 4 만다린 단일 사이즈,1,OS,Pink,28.06,GB-R5-U4,15
3608439484100,2354618,accessories,Toplight Mens Padded Hiking Jacket Royal blue L,Toplight Mens Padded Hiking Jacket Royal blue L,1,L,Blue,7.18,GB-R5-U5,7
3583787762660,4016376,accessories,Women's Accessory,신축성 있는 허리 밴드와 조임 끈이 있는 여성용 보드쇼츠 TINI DECIM  M,1,M,White,33.19,GB-R5-U6,12
3608419121698,2656709,accessories,Pants,여성 고무 밴드 단/허리 댄스 바지 블랙 M / W30 L31,1,M,Black,12.88,GB-R5-U7,11
3583788495789,680314,accessories,Adult Soft 300 Accessory,Soft 300 성인용 무릎 보호대 블랙 2,1,OS,Black,12.72,ACC-01,10
3583788301035,2184950,accessories,Adult Sunglasses,TRAFFORD 성인용 스포츠 선글라스 - 미러 블루 category 3 Jungle green,1,OS,Blue,15.87,ACC-02,16
3608390019205,4119516,accessories,SKI GLOVES LIGHT BLACK,"SKI GLOVES 100 LIGHT BLACK, XS",1,XS,Black,13.17,ACC-03,7
3583788435082,1852584,accessories,Adult SOFT 500 Accessory,SOFT 500 성인용 무릎보호대 블랙 1,1,OS,Black,8.3,ACC-04,10
3608439484094,2354617,accessories,Toplight Mens Padded Hiking Jacket Royal blue M,Toplight Mens Padded Hiking Jacket Royal blue M,1,M,Blue,9.99,CO-IR,12
3583788495604,680334,accessories,Adult Soft 100 Accessory,Soft 100 성인용 발목 보호대 블랙 3,1,OS,Black,21.79,GF-R5-U1,8
3608390010035,2925130,accessories,SLEEPING BAG MT YELLOW,"SLEEPING BAG MT 500 5° YELLOW, M",1,M,Pink,12.62,GF-R5-U2,12
3608393387905,5654909,accessories,MH900 Accessory,"BACKPACK MH900 38L KHAKI, UNIQUE",1,OS,Teal,9.55,GF-R5-U3,14
3583787728567,2978462,accessories,Unisex Accessory,남녀공용 좌우 발목 인대 보호대 스트롱 100- 블랙 블랙 3,1,OS,Black,13.97,GF-R5-U4,12
3608419148596,2606814,accessories,Gloves,웨이트 트레이닝 장갑  딥 페트롤 블루 XL,1,XL,Blue,9.71,GF-R5-U5,12
3608429688693,4183701,accessories,M CD,런 이지 집업 패드 브라 블루 M CD,1,M,Blue,24.47,GF-R5-U6,9
3608390375875,4996710,accessories,compr socks black L-2,"compr socks 900 black, 35/38L-2.5/5L",1,OS,Black,12.14,GF-R5-U7,9
3608439264481,4489984,accessories,Insulated bottle L blue No Size,"Insulated bottle 1L blue, No Size",1,OS,Blue,27.12,GB-R5-U1,13
3583788151371,2537489,accessories,Adult Sunglasses,500 성인용 세일링 스포츠 선글라스 - Category 3  단일 사이즈,1,OS,Orange,5.27,GB-R5-U2,11
3608429818953,2310981,accessories,Gloves,Evolutiv 러닝 스마트폰 터치 장갑 블랙 L,1,L,Black,18.11,GB-R5-U3,14
3608429899167,446764,accessories,Kalenji Accessory,Kalenji Kids Running Gloves 블랙 6-8세,1,OS,Black,6.88,GB-R5-U4,13
3583787787823,2934416,accessories,cm  L,극세사 수건 L 사이즈 80 x 130 cm  L,1,L,Orange,11.07,GB-R5-U5,14
3583787882542,2940054,accessories,Unisex Accessory,남녀공용 좌우 팔꿈치 보호대 - 블랙 블랙 UNIQUE,1,OS,Black,7.63,GB-R5-U6,10
3608439527159,2137408,accessories,Top Warm Mens Padded Hiking Jacket,Top Warm Mens Padded Hiking Jacket 카본 그레이 2XL,1,XXL,Grey,5.9,GB-R5-U7,14
3583788092209,2580765,accessories,Backpack,Away 25 L 단체 종목 스포츠 백팩 블랙 유니크,1,L,Black,7.34,ACC-01,14
3583780415839,124592,accessories,Women's Accessory,여성용 댄스 무릎 보호대 블랙 M,1,M,Black,31.09,ACC-02,15
3583787810484,4049531,accessories,GOGGLES X-BASE JUNIOR CORAL PINK,"GOGGLES 100 X-BASE JUNIOR CORAL PINK, S",1,S,Pink,28.95,ACC-03,12
3583788388890,2037022,accessories,Soft 300 Accessory,Soft 300 팔꿈치 보호대 블랙 2,1,OS,Black,32.88,ACC-04,15
3608419387117,2080351,accessories,Punch Bag,PB 850 Punch Bag 스칼렛 레드 .,1,OS,Red,32.69,CO-IR,12
3608429687009,4247987,accessories,JACKET SUN PROTECT HOOD GR,"JACKET SUN PROTECT HOOD GR, UK 8 / FR 38",1,OS,Grey,18.11,GF-R5-U1,10
3583787219157,4751253,accessories,ROADC GLOVES WHITE,"ROADC 900 GLOVES 2023 WHITE, S",1,S,White,26.01,GF-R5-U2,10
3583788146193,2398065,accessories,Waterproof Accessory,방수 파우치 3 L 몽골리아 No Size,1,L,Grey,25.92,GF-R5-U3,14
3608399851882,2643735,accessories,CAP TC BLACK S54 No Size,"CAP TC 500 BLACK S54, No Size",1,OS,Black,5.74,GF-R5-U4,9
3608419213379,2526584,accessories,Gloves,900 더블 립탭 커프 부착 웨이트 트레이닝 장갑 - 블랙/그레이 블랙 XL,1,XL,Black,12.62,GF-R5-U5,8
3583783856493,2505150,accessories,Kiprun Socks,Kiprun 스트랩 두꺼운 양말 블랙 300-305mm_EU 47-48,1,OS,Black,5.2,GF-R5-U6,12
3583788036531,2579912,accessories,Bag,Kipocket 팀스포츠 가방 40리터 미드나잇 인디고 유니크,1,OS,Orange,20.24,GF-R5-U7,8
3608429707028,2470465,accessories,VESTE RUN WIND CAPUCHE M FLUO YELLO,"VESTE RUN WIND CAPUCHE M FLUO YELLO, 2XL",1,M,Black,18.16,GB-R5-U1,9
3583788399407,2018909,accessories,Bag,30L 부피의 캐빈 사이즈 가방- 블랙,1,OS,Black,34.62,GB-R5-U2,16
3583787721544,4102028,accessories,Accessory,무릎 보호대 프리벤트 500 - 블랙  블랙 4,1,OS,Black,27.47,GB-R5-U3,11
3608429713111,4009969,accessories,Adult Running,성인용 러닝용 선글라스 런퍼프 카테고리 3 - 블랙/화이트 블랙 단일 사이즈,1,OS,Black,25.92,GB-R5-U4,10
3583787507476,4237775,accessories,MID SOCKS VIRALTO II SS2 EU41-42,"MID SOCKS VIRALTO II SS2, UK 7-8 EU41-42",1,EU 41,Blue,5.13,GB-R5-U5,9
3608399890195,2134347,accessories,Soft 500 Accessory,Soft 500 Womens Tennis Badminton Table Tennis Padel T-Shirt 블랙 XL/104-107inch,1,XL,Black,14.06,GB-R5-U6,13
3608429744245,2777527,accessories,Women's Cap,런 웜 여성용 모자달린 긴소매 저지 - 바이올렛 블랙 M_L,1,OS,Black,24.42,GB-R5-U7,9
3583783782709,2567731,accessories,Top Warm Mens Padded Hiking Jacket,Top Warm Mens Padded Hiking Jacket 카본 그레이 XS,1,XS,Grey,16.98,ACC-01,11
3608429703662,2897514,accessories,M/L,러닝 벨트 컴포트 스마트폰 휴대 가능 - 블랙  블랙 M/L,1,M,Black,22.3,ACC-02,8
3608429826798,2182830,accessories,Kiprun Socks,Kiprun 두꺼운 양말 브라이트 인디고 245-255mm_EU 39-40,1,OS,Navy,30.53,ACC-03,17
3583788720225,1662812,accessories,PRESCRIPTION swimming goggles No Size,PRESCRIPTION swimming goggles 블루 No Size,1,OS,Blue,6.46,ACC-04,13
3608399867425,2415070,accessories,Socks,RS160 스포츠 하이 양말 3팩 Petrol blue 245-270mm,1,OS,Blue,16.98,CO-IR,8
3608393562395,5677555,accessories,MTB GLOVES COMFORT,"MTB GLOVES COMFORT, XL",1,XL,Grey,7.34,GF-R5-U1,16
3608439503979,2195363,accessories,Mountain Socks,하이톱 마운틴 워킹 양말. MH 520 2족 세트 - 레드 그래니트 220-240mm_EU 35-38,1,OS,Red,9.74,GF-R5-U2,15
3608429745846,2906266,accessories,Running Tactile Gloves,Running Tactile Gloves 포기 블루 L,1,L,Blue,30.21,GF-R5-U3,12
3583788734512,1650735,accessories,Backpack,Backenger UP 20L 랩탑 백팩 겸용 메신저 백 - 블랙,1,OS,Black,7.27,GF-R5-U4,15
3608449873437,2360962,accessories,Slide Mens/Womens Downhill Ski Gloves,Slide 100 Mens/Womens Downhill Ski Gloves 블랙 2XL,1,XXL,Black,17.04,GF-R5-U5,8
3583787728154,4102022,accessories,Unisex Accessory,남녀 공용 좌우 무릎 보호대 프리벤트 100 블랙 3,1,OS,Black,27.5,GF-R5-U6,12
3608409877567,2489075,accessories,Accessory,카본 브레이크 패드  단일 사이즈,1,OS,Teal,9.37,GF-R5-U7,12
3583787703618,4103179,accessories,Unisex Lumbar Support Belt,남녀 공용 허리 보호대 소프트 100 블랙 3,1,OS,Black,5.83,GB-R5-U1,13
3608449873413,2360961,accessories,Slide Mens/Womens Downhill Ski Gloves,Slide 100 Mens/Womens Downhill Ski Gloves 블랙 XL,1,XL,Black,10.39,GB-R5-U2,16
3608429762256,2668489,accessories,Kids' Socks,컴포트 아동용 트랙 러닝 긴 양말 팩당 2켤레 미드나잇 인디고 165-185mm_EU 27-30,1,OS,Grey,14.4,GB-R5-U3,10
3583787728949,4103192,accessories,Unisex Lumbar Support Belt,남녀 공용 허리 보호대 미드 500 - 블랙 블랙 1,1,OS,Black,6.4,GB-R5-U4,8
3608419148244,2606684,accessories,Gloves,500 웨이트 트레이닝 장갑 블랙 XL,1,XL,Black,21.74,GB-R5-U5,9
3583788495499,680377,accessories,Adult Accessory,Mid 500 성인용 발목 보호대 블랙 4,1,OS,Black,33.88,GB-R5-U6,13
3608399930273,517487,accessories,Accessory,700 스포츠 손목 밴드 일렉트릭 블루 유니크,1,OS,Blue,6.66,GB-R5-U7,10
3608459614037,2225717,accessories,Waterproof Backpack,20L 방수 백팩 라이트 그레이 .,1,OS,Grey,32.22,ACC-01,16
3608429909026,213855,accessories,BOTTLE,2-BOTTLE 캐리어 벨트 500 ml,1,OS,Orange,24.3,ACC-02,9
3608429717980,2920836,accessories,KIPRUN Socks,KIPRUN 인비저블 얇은 양말 플루오 코랄 오렌지 245-255mm_EU 39-40,1,OS,Black,7.98,ACC-03,17
3608419339475,2155479,accessories,Gloves,"Cross Training 900 장갑, 풀 핑거 블랙 M",1,M,Black,19.86,ACC-04,13
3583788495543,680350,accessories,Adult Soft 100 Accessory,Soft 100 성인용 발목 보호대 블랙 3,1,OS,Black,17.64,CO-IR,11
3608419308747,2180784,accessories,Socks,Babylight 운동용 아동 양말 코발트 블루 185mm_EU 30,1,OS,Blue,6.01,GF-R5-U1,15
3608429667971,4513751,accessories,RUN CAP WHITE CN,"RUN CAP WHITE CN, 54-58cm",1,OS,White,6.19,GF-R5-U2,10
3608439589225,1858160,accessories,Arpenaz Compact Backpack,Arpenaz 10 울트라 컴팩트 초경량 백팩 틸 블루 유니크,1,OS,Blue,32.29,GF-R5-U3,14
3608429669944,4447258,accessories,SHORT BAGGY TRAIL M DAR,"SHORT BAGGY TRAIL M DAR, UK 41"" / EU 2XL",1,M,White,23.88,GF-R5-U4,8
3608429749301,2663138,accessories,KIPRUN Socks,KIPRUN 인비저블 얇은 양말 블랙 275-280mm_EU 43-44,1,OS,Black,30.57,GF-R5-U5,9
3608409912503,2019108,accessories,MT2/4/6/8,마구라 디스크 브레이크 패드 MT2/4/6/8  카본 그레이 .,1,OS,Grey,5.94,GF-R5-U6,11
3608429770060,2452108,accessories,Kids' Socks,컴포트 아동용 트랙 러닝 긴 양말 팩당 2켤레 인디고 블루 220-240mm_EU 35-38,1,OS,Blue,9.01,GF-R5-U7,13
3608429749110,2663079,accessories,Socks,하이 컴포트 양말 X2 다크 페트롤 블루 245-265mm_EU 39-42,1,OS,Blue,17.08,GB-R5-U1,12
3583784091251,2968608,accessories,Unisex Accessory,남녀공용 좌/우 무릎 보호대 프리벤트 500 - 블랙  블랙 0,1,OS,Black,33.16,GB-R5-U2,13
3583787850954,2697874,accessories,Adult Socks,Losanges 성인 승마 양말 2 켤레 핑크 220-240mm_EU 35-38,1,OS,Pink,5.98,GB-R5-U3,13
3608429744160,2777545,accessories,Women's Jacket,런 웜 모자달린 여성용 자켓 - 그레이 블랙 M_L,1,OS,Black,14.17,GB-R5-U4,12
3608439510823,2191103,accessories,Backpack,Escape 20 L 백팩 - 그레이 Teal green,1,L,Grey,29.06,GB-R5-U5,15
3583788575627,247229,accessories,Adult Gloves,Kipwarm 성인 승마 장갑 - 블랙 블랙 S,1,S,Black,29.04,GB-R5-U6,14
3583788112358,2586943,accessories,Adult Accessory,Keepdry 900 성인 방한 타이즈 - 블랙/레드 허리 밴드 블랙 XL,1,XL,Black,22.48,GB-R5-U7,10
3583788367147,2053281,accessories,Accessory,휴대용 극세사 수건 L 사이즈 80 x 130 cm 터쿼이즈 .,1,L,Teal,5.96,ACC-01,15
3608399888666,2172156,accessories,Adult Socks,RS 500 성인 미드 스포츠 양말 3팩 다크 그레이 245-270mm_EU 39-42,1,OS,Grey,12.68,ACC-02,13
3583783802322,2508120,accessories,Kiprun Socks,Kiprun 두꺼운 양말 페일 민드 245-255mm_EU 39-40,1,OS,Black,18.7,ACC-03,8
3583787762639,4016374,accessories,Women's Accessory,신축성 있는 허리 밴드와 조임 끈이 있는 여성용 보드쇼츠 TINI DECIM  XS,1,XS,Red,5.01,ACC-04,15
3583783834057,2503240,accessories,Running,트레일 러닝용 가방 10 L 카본 그레이 XL,1,L,Grey,34.57,CO-IR,9
3608390009893,2965662,accessories,SLEEPING BAG MT KAKI,"SLEEPING BAG MT 500 -5° KAKI, L",1,L,Navy,5.63,GF-R5-U1,8
3608439265273,4490040,accessories,MH100 Accessory,"Bottle MH100 stain. steel 1L LT, No Size",1,OS,Green,23.34,GF-R5-U2,15
3583788760795,1646959,accessories,GLOVE FIT THERMO fishing gloves,GLOVE FIT THERMO fishing gloves 다크 그레이 XL,1,XL,Grey,17.35,GF-R5-U3,12
3583788518327,589015,accessories,Walking Fitness Walking Sunglasses Category No Size,Walking 100 Fitness Walking Sunglasses Category 3 블랙 No Size,1,OS,Black,28.53,GF-R5-U4,7
3583784057455,4045888,accessories,Running Socks,런900 미드 파인 러닝 양말 웨일 그레이 245-255mm_EU 39-40,1,OS,Grey,5.68,GF-R5-U5,8
3608418962926,4009813,accessories,Accessory,조절형 허벅지 밴드  단일 사이즈,1,OS,Red,23.59,GF-R5-U6,9
3608429678083,2956840,accessories,TRAIL RUNNING BAG L ORANGE XS/S,"TRAIL RUNNING BAG 10 L ORANGE, XS/S",1,L,Orange,21.13,GF-R5-U7,8
3608459603505,2531844,accessories,Adult Gloves,500 성인용 세일링 반장갑 아스팔트 블루 S,1,S,Blue,11.76,GB-R5-U1,8
3608429788928,2400036,accessories,Kids' Socks,컴포트 아동용 트랙 러닝 긴 양말 팩당 2켤레 블랙 165-185mm_EU 27-30,1,OS,Black,11.45,GB-R5-U2,11
3608439623585,685093,accessories,Backpack,백팩용 퀵 버클 2개 팩 20 mm  20mm,1,OS,Grey,29.07,GB-R5-U3,12
3583788053446,2591392,accessories,Accessory,남여공용 좌우 발목 압박 보호대 소프트 100 - 블랙 블랙 1,1,OS,Black,13.17,GB-R5-U4,11
3608393148209,5224382,accessories,Lifting glove brown,"Lifting glove (brown), XL",1,XL,Green,13.98,GB-R5-U5,8
3608449861038,2475629,accessories,Free Mens Ski Gloves,Free 300 Mens Ski Gloves 딥카키 2XL,1,XXL,White,5.17,GB-R5-U6,11
3583787976258,2659119,accessories,Women's Accessory,신축성 있는 허리 밴드와 조임 끈이 있는 여성용 보드쇼츠 TINI DECIM 핑크 M-L,1,M,Pink,23.51,GB-R5-U7,15
3583788315698,2166409,accessories,Backpack,인텐시브 팀스포츠 백팩 20리터 그린 그레이 20L,1,OS,Grey,5.72,ACC-01,15
3608429708162,4063637,accessories,Women's Jacket,런 웜 모자달린 여성용 자켓 - 그레이 퍼플 XS,1,XS,Grey,15.67,ACC-02,9
3583788134145,2522233,accessories,Accessory,극세사 수건 L 사이즈 80 x 130 cm 블루 .,1,L,Blue,27.8,ACC-03,11
3608409868817,2452895,accessories,Socks,RoadR 520 양말 웨일 그레이 245-270mm_EU39/42,1,OS,Grey,10.94,ACC-04,11
3608419148527,2606808,accessories,Gloves,웨이트 트레이닝 장갑  딥 페트롤 블루 2XL,1,XXL,Blue,15.63,CO-IR,16
3608449885126,2145022,accessories,Bones Fuchsia,"Bones 500 모든 날씨용 스키, 스노우보드 고글 - 핑크 -P- 17 Fuchsia",1,OS,Pink,16.05,GF-R5-U1,8
3608390862948,5104602,accessories,MESH CAP S BLUE PATCH,"MESH CAP 100 S BLUE PATCH, S 20.7'-21.8'",1,S,Blue,8.55,GF-R5-U2,8
3583784057943,4172530,accessories,Socks,하이 컴포트 양말 X2 코랄 핑크 275-295mm_EU 43-46,1,OS,Pink,6.74,GF-R5-U3,12
3608439285516,4482259,accessories,MH100 Accessory,"CAP MH100 KID BROWN, 48-52cm",1,OS,Orange,18.71,GF-R5-U4,12
3608429681311,4343860,accessories,UNIQUE,러닝 넥워머 페블 그레이 UNIQUE,1,OS,Grey,19.45,GF-R5-U5,10
3583788092223,2588060,accessories,Backpack,Classic 17 L 단체 종목 스포츠 백팩 카디널 핑크 15L,1,L,Pink,9.81,GF-R5-U6,16
3608409847515,2693297,accessories,Water Bottle,물통 케이지 프레임 장착형 측면 개방 380ml 물통용  블랙 단일 사이즈,1,OS,Black,25.82,GF-R5-U7,9
3583788046288,2591418,accessories,Unisex Strong 100 Accessory,Strong 100 남성/여성용 오른쪽/왼쪽 발목 인대 보호대 - 블랙 블랙 3,1,OS,Black,26.76,GB-R5-U1,12
3608419068382,2762338,accessories,Women's Jacket,900 여성용 젠틀 짐 & 필라테스 모자달린 자켓 - 그레이 블랙 L,1,L,Black,5.08,GB-R5-U2,10
3583788495529,680373,accessories,Adult Accessory,Mid 500 성인용 발목 보호대 블랙 3,1,OS,Black,5.05,GB-R5-U3,7
3608409849588,2769721,accessories,UNIQUE,500 넥워머 이중 원단  블랙 UNIQUE,1,OS,Black,16.68,GB-R5-U4,12
3608459699287,2018400,accessories,N Kayak Stand Up Paddle Dinghy Buoyancy Vest lbs,BA 50 N Kayak Stand Up Paddle Dinghy Buoyancy Vest 스칼렛 레드 60-80 kg  132-176 lbs,1,OS,Red,22.45,GB-R5-U5,9
3583788251064,2246793,accessories,Gloves,100 여성 초급자용 장갑 양손 - 화이트  S/M,1,S,White,12.5,GB-R5-U6,15
3608390001163,2731316,accessories,Slide Mens/Womens Downhill Ski Gloves,Slide 100 Mens/Womens Downhill Ski Gloves 갤럭시 블루 M,1,M,Blue,6.33,GB-R5-U7,11
3583788365235,2061869,accessories,Tablet shoulder bag black BLACK Unique size,Tablet shoulder bag - black BLACK Unique size,1,OS,Black,9.23,ACC-01,8
3608429714378,4100560,accessories,M EF,러닝 스포츠 브라 크롭 탑 지퍼 패드 - 네이비 블루 애쉬 그레이 M EF,1,M,Blue,5.39,ACC-02,12
3608399882947,2215859,accessories,Dry Junior Badminton Tennis Table Tennis Padel Squash Shorts,Dry 590 Junior Badminton Tennis Table Tennis Padel Squash Shorts 네이비 블루 10세,1,OS,Blue,23.07,ACC-03,13
3608391026202,5147596,accessories,LAURA PAD BRA ECOFOLY B EU,"LAURA PAD BRA ECOFOLY, UK:32B EU:70B",1,OS,Red,30.36,ACC-04,16
3608429714255,4100573,accessories,L AB,러닝 스포츠 브라 크롭 탑 지퍼 패드 - 네이비 블루 블랙 L AB,1,L,Black,31.95,CO-IR,16
3608429661375,4563985,accessories,RUN GLOVES TOUCH WARM+ V2 Grey K13A,"RUN GLOVES TOUCH WARM+ V2 Grey K13A, L",1,L,Grey,5.0,GF-R5-U1,13
3608419003017,2923100,accessories,Gloves,500 웨이트 트레이닝 장갑 라이트 그레이 XS,1,XS,Grey,7.36,GF-R5-U2,15
3608392175657,5254087,accessories,GOALKEEPER GLOVES FIRST BLUE,"GOALKEEPER GLOVES FIRST BLUE, 6",1,OS,Blue,16.44,GF-R5-U3,12
3608419036879,2920338,accessories,Accessory,탄력 밴드 키트 톤 튜브 키트 손잡이 포함  마우스 그레이 단일 사이즈,1,OS,Grey,26.27,GF-R5-U4,7
3608419246056,2360364,accessories,Women's Accessory,여성용 모던/어반 댄스 무릎 패드 블랙 L,1,L,Black,12.26,GF-R5-U5,16
3608390032556,4045957,accessories,Running Socks,런900 인비저블 파인 러닝 양말 갤럭시 블루 235-240mm_EU 37-38,1,OS,Blue,9.75,GF-R5-U6,10
3608449885102,2145024,accessories,Bones,"Bones 500 모든 날씨용 스키, 스노우보드 고글 - 핑크 -P- 17",1,OS,Pink,5.21,GF-R5-U7,15
3608429716297,2920782,accessories,Socks,하이 컴포트 양말 X2 초콜릿 트러플 220-240mm_EU 35-38,1,OS,Navy,15.06,GB-R5-U1,15
3608409846914,2956810,accessories,Socks 3/4,RoadR 520 양말 틸 블루 275-295mm_EU43/46,1,OS,Blue,24.64,GB-R5-U2,17
3608409971159,1505320,accessories,Visibility,500 Visibility 다리 / 팔 밴드 플로우 옐로우 .,1,OS,Black,34.85,GB-R5-U3,11
3608429826002,2184437,accessories,KALENJI Accessory,KALENJI RUN SUN PROTECT LONG-SLEEVED T-SHIRT BLUE Bright indigo AGE 14,1,OS,Blue,5.45,GB-R5-U4,13
3608399888406,2135157,accessories,Adult Socks,RS 500 성인 미드 스포츠 양말 3팩 라이트 그레이 245-270mm_EU 39-42,1,OS,Grey,33.16,GB-R5-U5,11
3608429717959,2920835,accessories,KIPRUN Socks,KIPRUN 인비저블 얇은 양말 플루오 코랄 오렌지 235-240mm_EU 37-38,1,OS,Navy,31.87,GB-R5-U6,9
3608419183856,2433287,accessories,Pants,여성 고무 밴드 단/허리 댄스 바지 퍼플 L / W35 L29,1,L,Teal,11.72,GB-R5-U7,9
3608440000405,4529795,accessories,GLOVES SKI LIGHT GREY,"GLOVES SKI 100 LIGHT GREY, S",1,S,Grey,23.8,ACC-01,16
3583787955307,2900589,accessories,F500 Accessory,"SOCKS F500 JR STRIP, UK 2.5-5 - EU 35-38",1,OS,Blue,5.3,ACC-02,14
3608390926039,5123898,accessories,NH500 Accessory,"NH500 PROTECT JKT AF M CN, M",1,M,Pink,12.92,ACC-03,7
3583788046271,2591419,accessories,Unisex Strong 100 Accessory,Strong 100 남성/여성용 오른쪽/왼쪽 발목 인대 보호대 - 블랙 블랙 4,1,OS,Black,19.62,ACC-04,16
3608439570834,2030547,accessories,Arpenaz Compact Backpack,Arpenaz 10 울트라 컴팩트 초경량 백팩 오베르진 유니크,1,OS,Blue,32.82,CO-IR,15
3583787348932,4200895,accessories,DUFFLE BAG L YELLOW No Size,"DUFFLE BAG 5L YELLOW, No Size",1,OS,Blue,29.09,GF-R5-U1,9
3583788495888,673981,accessories,Adult Sunglasses,ARENBERG 성인용 사이클링 & 러닝 선글라스 블랙 category 3,1,OS,Black,8.18,GF-R5-U2,7
3583787851036,2944750,accessories,Adult Socks,100 성인 승마 양말 - 네이비/핑크 스트라이프 다크 블루 단일 사이즈,1,OS,Blue,5.05,GF-R5-U3,15
3583788102120,2588078,accessories,Backpack,Classic 35 L 단체 종목 스포츠 백팩 아스팔트 블루 35L,1,L,Blue,21.22,GF-R5-U4,17
3583784009300,4168812,accessories,Adult Accessory,성인용 스노보드 무릎 보호대 - 블랙 블랙 0,1,OS,Black,5.31,GF-R5-U5,12
3583787965283,2711247,accessories,Accessory,극세사 수건 L 사이즈 80 x 130 cm 스칼렛 레드 L,1,L,Red,11.58,GF-R5-U6,10
3583788295402,2188434,accessories,Freegame Team Sports Backpack Litres Dark Grey/Orange Deep blue,Freegame Team Sports Backpack 30 Litres - Dark Grey/Orange Deep blue 30L,1,OS,Blue,6.5,GF-R5-U7,9
3583788290520,2191509,accessories,Adult Socks,700 성인 승마 양말 - 네이비 아스팔트 블루 275-295mm_EU 43-46,1,OS,Blue,24.92,GB-R5-U1,10
3583784080750,4172534,accessories,Socks,하이 컴포트 양말 X2 라이트 블루 275-295mm_EU 43-46,1,OS,Blue,7.8,GB-R5-U2,9
3608429744139,2777544,accessories,Women's Jacket,런 웜 모자달린 여성용 자켓 - 그레이 블랙 M,1,M,Black,6.44,GB-R5-U3,8
3608439288883,4527555,accessories,BACKPACK NH ESCAPE ROLLTOP,"BACKPACK NH ESCAPE 500 ROLLTOP 23L, 23L",1,OS,White,12.73,GB-R5-U4,12
3608459632413,2194863,accessories,Mens Short Sleeve UV Protection Surfing Top T-Shirt BLACK,500 Mens Short Sleeve UV Protection Surfing Top T-Shirt BLACK 3XL,1,3XL,Black,31.75,GB-R5-U5,10
3608419183887,2433283,accessories,Pants,여성 고무 밴드 단/허리 댄스 바지 블랙 2XS / W26 L28,1,OS,Black,22.25,GB-R5-U6,15
3608429708124,4063639,accessories,Women's Jacket,런 웜 모자달린 여성용 자켓 - 그레이 퍼플 M,1,M,Grey,27.79,GB-R5-U7,11
3608409897930,2198609,accessories,Backpack,백팩 커버 15~30L 백팩용 - 네온 옐로우 플루오 라임 옐로우 M,1,M,White,5.78,ACC-01,14
3608393602459,5538474,accessories,PANEL CAP ORANGE PINK No Size,"5 PANEL CAP ORANGE PINK, No Size",1,OS,Pink,5.25,ACC-02,14
3608439373350,2963071,accessories,Adult Sunglasses,MH 540 성인 카테고리 3 하이킹 선글라스 웨일 그레이 단일 사이즈,1,OS,Grey,6.19,ACC-03,12
3608419239959,2529386,accessories,Socks,크로스 트레이닝용 양말 - 블랙 블랙 245-270mm,1,OS,Black,9.19,ACC-04,8
3583787798348,2711277,accessories,Accessory,휴대용 극세사 수건 M 사이즈 65 x 90 cm 페일 인디고 단일 사이즈,1,M,Grey,9.19,CO-IR,11
3583788662525,1789180,accessories,Socks,플레이 어린이 인라인 스케이팅 양말 - 핑크 / 화이트,1,OS,White,6.36,GF-R5-U1,15
3608429748748,2664466,accessories,Kiprun Running Socks,Kiprun 스트랩 러닝 양말 플루오 코랄 핑크 235-240mm_EU 37-38,1,OS,Pink,22.6,GF-R5-U2,9
3608449872010,2363697,accessories,Slide Mens/Womens Downhill Ski Gloves,Slide 100 Mens/Womens Downhill Ski Gloves 마젠타 XL,1,XL,Green,33.26,GF-R5-U3,13
3608391022280,5156460,accessories,SKI SOCKS UK C9-11,"SKI SOCKS 500 JR, UK C9-11.5 - EU 27-30",1,OS,Navy,32.71,GF-R5-U4,14
3608394576223,4438944,accessories,MTB GLOVES EXPLORE,"MTB GLOVES EXPLORE 100, S",1,S,Navy,7.49,GF-R5-U5,11
3583788013358,2664626,accessories,Kids' Gloves,아동용 승마 장갑 560 - 네이비/블루 다크 블루 10세,1,OS,Blue,15.06,GF-R5-U6,9
3583788230328,2341363,accessories,Backpack,"Intensive 팀스포츠 백팩, 35L 아스팔트 블루 유니크",1,OS,Blue,22.26,GF-R5-U7,8
3583788159179,2537495,accessories,Sunglasses,MH K 900 어린이 4 ~ 6세 하이킹 선글라스 카테고리 4 일렉트릭 블루 단일 사이즈,1,OS,Blue,5.01,GB-R5-U1,15
3608429717973,2920837,accessories,KIPRUN Socks,KIPRUN 인비저블 얇은 양말 플루오 코랄 오렌지 260-265mm_EU 41-42,1,OS,Grey,11.87,GB-R5-U2,13
3583788760962,1646946,accessories,EASY PROTECT Fishing glove,EASY PROTECT Fishing glove 다크 그레이 M,1,M,Grey,11.03,GB-R5-U3,12
3583788388982,2037034,accessories,Soft 300 Accessory,Soft 300 허리 벨트 블랙 3,1,OS,Black,14.72,GB-R5-U4,16
3608392175534,5154971,accessories,GOALKEEPER GLOVES FIRST LEOPARD,"GOALKEEPER GLOVES FIRST LEOPARD, 4",1,OS,Green,11.51,GB-R5-U5,15
3608390629671,5043336,accessories,SUNGLASSES MH BLACK C4 No Size,"SUNGLASSES MH 900 BLACK C4, No Size",1,OS,Black,25.26,GB-R5-U6,8
3608429818960,2310982,accessories,Gloves,Evolutiv 러닝 스마트폰 터치 장갑 블랙 XL,1,XL,Black,6.08,GB-R5-U7,12
3583784230599,4361631,accessories,GLOVE MT STRETCH KHAKI,"GLOVE MT 500 STRETCH KHAKI, XL",1,XL,Teal,6.27,ACC-01,10
3583784054591,4172478,accessories,socks RUN500 inv x2 bl EU39-42,"socks RUN500 inv x2 bl, UK 5.5-8 EU39-42",1,EU 39,Red,31.39,ACC-02,12
3608418926386,4067296,accessories,GLOVE BB WOMEN DARK RED,"GLOVE BB WOMEN DARK RED, M",1,M,Red,6.32,ACC-03,9
3608429728740,2984075,accessories,Water Bottle,러닝 벨트 150ml x 2 물통 보관용 경주 번호표 클립 포함  XS/S,1,XS,Teal,24.15,ACC-04,8
3608393148155,5224377,accessories,Lifting glove brown,"Lifting glove (brown), S",1,S,Orange,10.17,CO-IR,8
3608439317200,4290245,accessories,NH500 Accessory,"CAPRI NH500 DARK GREY MAN UK 36"" / FR 46",1,OS,Grey,6.69,GF-R5-U1,12
3583788167693,2535943,accessories,Gloves,100 어린이 승마 장갑 블랙 12-14세,1,OS,Black,13.54,GF-R5-U2,8
3583788240594,2308035,accessories,Bag,어웨이 팀스포츠 가방 30리터 카본 그레이 유니크,1,OS,Grey,5.2,GF-R5-U3,9
3583788495550,680349,accessories,Adult Soft 100 Accessory,Soft 100 성인용 발목 보호대 블랙 2,1,OS,Black,13.17,GF-R5-U4,14
3608449912655,893195,accessories,Accessory,스노보드 논슬립 접착 패드 - 스페이드 에이스   .,1,OS,Teal,11.78,GF-R5-U5,14
3583787787878,2934414,accessories,cm  L,극세사 수건 L 사이즈 80 x 130 cm  L,1,L,Orange,32.56,GF-R5-U6,11
3583787348963,4018933,accessories,DUFFLE BAG L ORANGE No Size,"DUFFLE BAG 30L ORANGE, No Size",1,OS,Orange,12.4,GF-R5-U7,12
3583788159186,2537493,accessories,Sunglasses,MH K 520 어린이 2 ~ 4세 하이킹 선글라스 카테고리 4 페일 민드 No Size,1,OS,Red,12.17,GB-R5-U1,12
3608459627501,2198688,accessories,Men's Sun-Protect Accessory,500 남성용 긴 소매 자외선 차단 서핑 레쉬가드 다크 블루 XL,1,XL,Blue,6.89,GB-R5-U2,7
3583787176115,4786659,accessories,MTB HYDRA BAG EXPLORE L/1L GRE No Size,"MTB HYDRA BAG EXPLORE 4L/1L GRE, No Size",1,OS,Red,17.66,GB-R5-U3,14
3608429805892,2489350,accessories,KIPRUN Socks,KIPRUN 인비저블 얇은 양말 블랙 235-240mm_EU 37-38,1,OS,Black,14.81,GB-R5-U4,11
3608399868996,2311933,accessories,Kids' Socks,RS 160 주니어 스포츠 미드 양말 3팩 다크 그레이 175-190mm_EU27-30,1,OS,Grey,27.9,GB-R5-U5,13
3583788325420,2409894,accessories,Unisex Lumbar Support Belt,스트롱 900 남녀 공용 허리 보호대 블랙 2,1,OS,Black,29.01,GB-R5-U6,14
3608449868280,2369080,accessories,G-Tmax All Weather Ski and Snowboard Goggles  S/M,G-Tmax 400 All Weather Ski and Snowboard Goggles  S/M,1,S,Pink,28.29,GB-R5-U7,10
3583787876343,4004972,accessories,Headguard Full Face M/55-58CM,"Headguard Full Face 500 Ad, M/55-58CM",1,M,Black,32.76,ACC-01,9
3608409935847,529419,accessories,Accessory 3/4,디스크 브레이크 패드 MX2/3/4/5   .,1,OS,Navy,21.68,ACC-02,8
3583788681175,1701989,accessories,Backpack,Abeona 17L 백팩 - 블랙,1,OS,Black,11.57,ACC-03,15
3583788495697,680299,accessories,Adult Soft 300 Accessory,Soft 300 성인용 무릎 보호대 블루 1,1,OS,Blue,5.25,ACC-04,9
3583788725824,1656924,accessories,Waterproof Accessory,방수 파우치 - 블루,1,OS,Blue,19.53,CO-IR,11
3608429826989,2182795,accessories,Kiprun Socks,Kiprun 두꺼운 양말 블랙 275-280mm_EU 43-44,1,OS,Black,10.6,GF-R5-U1,9
3608449870245,2365742,accessories,Bag,컴포트 500 스노보드 가방  블랙 단일 사이즈,1,OS,Black,17.58,GF-R5-U2,12
3608392461224,5448180,accessories,MESH CAP L PLAIN DARK BLUE,"MESH CAP L PLAIN DARK BLUE, L 23'-23.8'",1,L,Blue,19.32,GF-R5-U3,16
3608399904250,2015639,accessories,Royal blue,700 스포츠 손목밴드 - 블랙 Royal blue,1,OS,Black,7.06,GF-R5-U4,17
3608429826330,2183045,accessories,Kiprun Running Socks,Kiprun 스트랩 러닝 양말 블랙 260-270mm_EU 41-42,1,OS,Black,7.43,GF-R5-U5,8
3608429740940,2756081,accessories,CLASSIC RUNNING BRA PADDED W SPORTS BRA,CLASSIC RUNNING BRA PADDED W SPORTS BRA,1,OS,Pink,11.88,GF-R5-U6,11
3608399905387,2010298,accessories,ONE SIZE FITS ALL,타월 차콜 그레이 ONE SIZE FITS ALL,1,OS,Grey,10.63,GF-R5-U7,14
3583788617693,35388,accessories,Accessory,플렉시블 남녀아동 승마용 등 보호대  8/10세,1,OS,White,9.03,GB-R5-U1,14
3608459537763,4324035,accessories,Cap Sailing Black No Size,"Cap Sailing 500 Black, No Size",1,OS,Black,17.98,GB-R5-U2,8
3608399842767,2645890,accessories,Dry Junior Badminton Tennis Table Tennis Padel Squash Shorts,Dry 590 Junior Badminton Tennis Table Tennis Padel Squash Shorts 인디고 블루 6세,1,OS,Blue,20.97,GB-R5-U3,12
3608409869135,2710878,accessories,PAPER BAG01,PAPER_BAG01,1,OS,Blue,8.69,GB-R5-U4,11
3583787960028,2765675,accessories,F100 Accessory,"SOCKS F100 SS19 BLA, UK 8-9.5 - EU 42-44",1,XL,Black,24.19,GB-R5-U5,16
3608429655831,4782780,accessories,PANEL CAP ORANGE BLUE PINK No Size,"5 PANEL CAP ORANGE BLUE PINK, No Size",1,OS,Blue,19.51,GB-R5-U6,12
3608409868855,2452890,accessories,Socks 3/4,RoadR 520 양말 터쿼이즈 블루 275-295mm_EU43/46,1,OS,Blue,8.47,GB-R5-U7,13
3608439472435,2363681,accessories,Top Warm Mens Padded Hiking Jacket DARK GREEN L,Top Warm Mens Padded Hiking Jacket DARK GREEN L,1,L,Green,30.89,ACC-01,14
3608429749059,2664477,accessories,Kiprun Running Socks,Kiprun 스트랩 러닝 양말 블랙 285-295mm_EU 45-46,1,OS,Black,11.94,ACC-02,13
3608390001170,2731318,accessories,Slide Mens/Womens Downhill Ski Gloves,Slide 100 Mens/Womens Downhill Ski Gloves 갤럭시 블루 S,1,S,Blue,7.72,ACC-03,16
3608439448065,2490503,accessories,Sunglasses,MH 140 카테고리 3 편광 하이킹 선글라스 에보니 No Size,1,OS,Navy,5.77,ACC-04,16
3608429708179,4063638,accessories,Women's Jacket,런 웜 모자달린 여성용 자켓 - 그레이 퍼플 S,1,S,Grey,28.05,CO-IR,13
3608409862273,2451747,accessories,Gloves,XC MTB 장갑 라이트 - 블랙 블랙 2XL,1,XXL,Black,5.82,GF-R5-U1,13
3583787868690,2837715,accessories,GLOVE SOFT WHITE M RIGHT HANDED,"GLOVE SOFT WHITE M RIGHT HANDED, 2XL",1,M,White,9.87,GF-R5-U2,10
3583787891735,2959871,accessories,Bag,루어 낚시 액세서리 가방 - 블랙  단일 사이즈,1,OS,Black,8.78,GF-R5-U3,15
3583788758488,1603577,accessories,Adult Gloves,Riding 성인용 승마 장갑 - 블랙,1,OS,Black,6.15,GF-R5-U4,9
3608390002177,2706451,accessories,SKI GLOVES BLACK,"SKI GLOVES 900 BLACK, S",1,S,Black,5.15,GF-R5-U5,8
3583787527153,4178896,accessories,GLOVES FIRST BLUE FLUO YELLOW,"GLOVES FIRST BLUE FLUO YELLOW, 5",1,OS,Blue,14.79,GF-R5-U6,13
3608419596885,1810600,accessories,Socks,100 미드 짐 양말 트윈팩 인디고 블루 165-185mm_EU 27-30,1,OS,Blue,29.29,GF-R5-U7,12
3583787164891,4846791,accessories,BOTTLE L Grey,"BOTTLE 2.2L Grey, 2.2L",1,OS,Grey,8.31,GB-R5-U1,15
3583787692400,4032210,accessories,SynthPadded Hoody JKT MT100 W Turquois S,SynthPadded Hoody JKT MT100 W Turquois S,1,S,Blue,11.55,GB-R5-U2,10
3583787955161,2900580,accessories,F500 Accessory,"SOCKS F500 JR STRIP, UK 2.5-5 - EU 35-38",1,OS,Blue,18.93,GB-R5-U3,14
3583788495635,688810,accessories,Adult Strong 700 Accessory,Strong 700 성인 무릎 보호대 블랙 2,1,OS,Black,11.63,GB-R5-U4,14
3583782757265,1191877,accessories,Adult Socks,RS 160 성인용 스포츠 하이 양말 세켤레 팩 - 블랙,1,OS,Black,21.29,GB-R5-U5,16
3608419213348,2401809,accessories,Gloves,그립 패드 트레이닝용 보디빌딩 장갑 블랙 LXL,1,OS,Black,31.44,GB-R5-U6,15
3583787612613,4228774,accessories,SOCKS ROADR WHITE,"SOCKS ROADR 900 WHITE, 2.5-5 - 35/38",1,OS,White,5.22,GB-R5-U7,16
3608459608012,2357435,accessories,Gloves,세일링 500 1mm 네오프렌 쓰리 핑거 세일링 장갑 - 블랙 블랙 M/L,1,M,Black,27.07,ACC-01,11
3583788380474,2045863,accessories,Adult Sunglasses,ARENBERG 성인용 사이클링 & 러닝 선글라스 블랙 & 블루 category 3,1,OS,Black,34.96,ACC-02,13
3583781622458,197097,accessories,Optimum Protect Horse Riding Overreach Boots x1 Pair for Horse or Pony  M,Optimum Protect Horse Riding Overreach Boots x1 Pair for Horse or Pony  M,1,M,Green,5.02,ACC-03,8
3583788387794,2040995,accessories,Club Archery Backpack No Size,Club 500 Archery Backpack 블랙 No Size,1,OS,Black,12.13,ACC-04,15
3583788392910,2027370,accessories,AMA Swimming Goggles Size L BLACK Adult,AMA 700 Swimming Goggles Size L BLACK Adult,1,L,Black,8.06,CO-IR,13
3583788059691,2706544,accessories,Socks,압박 양말 회복용  블랙 275-295mm M,1,M,Black,23.33,GF-R5-U1,10
3608419289886,2232641,accessories,Adult Boxing Full Face Training Head Guard S/M,Adult Boxing Full Face Training Head Guard 블랙 S/M,1,S,Black,7.42,GF-R5-U2,7
3608391021870,5156209,accessories,Accessory 3/4,"SKI SOCKS 100 WARM, 8.5-11 - 43/46",1,OS,Blue,26.81,GF-R5-U3,9
3608429709961,4108855,accessories,Running Cap,러닝 모자 네이비 블루 UNIQUE,1,OS,Blue,6.05,GF-R5-U4,13
3583787932452,2464644,accessories,Socks,WS 100 아동 미드 워킹 양말 3족 세트 - 블랙 블랙 195-215mm_EU31/34,1,OS,Black,31.42,GF-R5-U5,11
3583784077514,4046061,accessories,Running Socks,런900 미드 두꺼운 러닝 양말 갤럭시 블루 245-265mm_EU 39-42,1,OS,Blue,16.92,GF-R5-U6,8
3608419598322,1804864,accessories,Socks,100 미드 짐 양말 트윈팩 마젠타 165-185mm_EU 27-30,1,OS,Red,21.35,GF-R5-U7,17
3583788617686,35383,accessories,Accessory,플렉시블 남녀아동 승마용 등 보호대  S,1,S,Pink,6.24,GB-R5-U1,13
8809756131400,C4184850,accessories,Men's Socks,데카트론 남성용 러닝 스포츠 양말 중목 화이트 10켤레 245-265mm,1,OS,White,19.28,GB-R5-U2,10
3583788013532,2616310,accessories,Gloves,500 승마 장갑 - 블랙 카본 그레이 XL,1,XL,Black,12.19,GB-R5-U3,13
3608429688778,4263801,accessories,XL CD,런 이지 집업 패드 브라 블루 2XL CD,1,XXL,Blue,5.0,GB-R5-U4,8
3608429826934,2182794,accessories,Kiprun Socks,Kiprun 두꺼운 양말 블랙 260-270mm_EU 41-42,1,OS,Black,9.81,GB-R5-U5,11
3583788013075,2616300,accessories,Women's Gloves,여성용 승마 가죽장갑 960 - 네이비 다크 블루 XS,1,XS,Blue,22.2,GB-R5-U6,8
3608390853267,5103244,accessories,GOGGLES SPIRIT SMALL BLACK YELLOW,"GOGGLES 500 SPIRIT SMALL BLACK YELLOW, S",1,S,Black,10.8,GB-R5-U7,11
3608399852711,2631076,accessories,Socks,RS 560 미드 스포츠 양말 3팩 - 화이트/그레이 블랙 245-265mm_EU 39-42,1,OS,Black,21.86,ACC-01,12
3608391111953,4682083,accessories,F100 Accessory,"SHINGUARDS F100 AD BLACK, L",1,L,Black,14.65,ACC-02,9
3608419121711,2656713,accessories,Pants,여성 고무 밴드 단/허리 댄스 바지 블랙 XL / W35 L31,1,XL,Black,24.0,ACC-03,11
3583788341161,2096266,accessories,Backpack,"Intensive 팀스포츠 백팩, 35L 카본 그레이 유니크",1,OS,Grey,30.49,ACC-04,12
3583787976197,2659115,accessories,Women's Accessory,신축성 있는 허리 밴드와 조임 끈이 있는 여성용 보드쇼츠 TINI DECIM 핑크 2XS,1,OS,Pink,26.89,CO-IR,15
3583783244306,1653676,accessories,GLOVE FIT THERMO fishing gloves  S,GLOVE FIT THERMO fishing gloves  S,1,S,White,27.62,GF-R5-U1,8
3608429805977,2508048,accessories,KIPRUN Socks,KIPRUN 인비저블 얇은 양말 미드나잇 퍼플 235-240mm_EU 37-38,1,OS,Navy,31.45,GF-R5-U2,15
3608392040832,5367711,accessories,ICE BACKPACK L COLO1 SS25,"ICE BACKPACK 100 20L COLO1 SS25, 20L",1,OS,White,6.88,GF-R5-U3,16
3608429860310,2007495,accessories,Accessory,런닝용 스마트폰 벨트 블랙,1,OS,Black,7.15,GF-R5-U4,15
3608390010066,2925148,accessories,SLEEPING BAG MT KAKI,"SLEEPING BAG MT 500 0° KAKI, L",1,L,Red,7.76,GF-R5-U5,8
3608439447648,2379121,accessories,Kids' T100 Sunglasses,MH T100 만 6~10세 아동용 하이킹 선글라스 카테고리 3 딥 마젠타 단일 사이즈,1,OS,Black,29.56,GF-R5-U6,9
3583787961223,2711250,accessories,cm  L,극세사 수건 L 사이즈 80 x 130 cm  L,1,L,Orange,6.76,GF-R5-U7,11
3583787215814,4438962,accessories,MTB GLOVES EXPLORE black,"MTB GLOVES EXPLORE 500 black, S",1,S,Black,9.37,GB-R5-U1,14
3608439484070,2354620,accessories,Toplight Mens Padded Hiking Jacket Royal blue,Toplight Mens Padded Hiking Jacket Royal blue 2XL,1,XXL,Blue,19.82,GB-R5-U2,17
3608419004335,4105986,accessories,Accessory,보디빌딩 탄력 밴드 글루트 밴드 - 하드 카본 그레이 단일 사이즈,1,OS,Grey,9.93,GB-R5-U3,10
3608429744283,2777530,accessories,Women's Cap,런 웜 여성용 모자달린 긴소매 저지 - 바이올렛 블랙 XL,1,XL,Black,21.12,GB-R5-U4,10
3583788392613,2027955,accessories,Nabaiji Accessory,Nabaiji Selfit Optical Lens Corrective Swimming Goggles Size L 마그놀리아 ONE SIZE FITS ALL,1,L,Teal,22.54,GB-R5-U5,13
3583788828020,1473466,accessories,Foldable Accessory,55 L 접이식 더플백 - 블랙 Blush pink,1,L,Black,8.79,GB-R5-U6,9
3583788529064,567464,accessories,Backpack,Abeona 10L 백팩 - 핑크,1,OS,Pink,10.79,GB-R5-U7,8
3608429860655,2007466,accessories,Running,러닝용 보틀 휴대용 벨트 블랙 유니크,1,OS,Black,23.0,ACC-01,16
3608429843740,2111288,accessories,Running,러닝용 라지 스마트폰 암밴드 블랙 유니크,1,OS,Black,33.16,ACC-02,7
3583788166306,2522735,accessories,Kids' Accessory,Spirit S 사이즈 수영 고글 네이비 블루 주니어,1,S,Blue,28.76,ACC-03,11
3583788317227,2158352,accessories,Socks,플레이 어린이 인라인 스케이팅 양말 블루 165-185mm_EU 27-30,1,OS,Blue,16.11,ACC-04,9
3608418895385,4067029,accessories,GLOVE BB BLACK,"GLOVE BB 500 BLACK, L",1,L,Black,9.74,CO-IR,16
3608429826538,2183022,accessories,Bright indigo,런닝용 스마트폰 벨트 블랙 Bright indigo,1,OS,Black,14.28,GF-R5-U1,14
3583783865433,2707157,accessories,Pants,여성 고무 밴드 단/허리 댄스 바지 블랙 2XS / W26 L28,1,OS,Black,26.18,GF-R5-U2,14
3608419598360,1804861,accessories,Socks,100 미드 짐 양말 트윈팩 마젠타 115-135mm_EU 19-22,1,OS,Grey,6.98,GF-R5-U3,8
3608429827108,2182802,accessories,Kiprun Running Socks,Kiprun 스트랩 러닝 양말 버건디 235-240mm_EU 37-38,1,OS,Grey,14.4,GF-R5-U4,17
3583787673843,4187252,accessories,Unisex Accessory,Mid 500 오른쪽/왼쪽 남성/여성용 무릎 보호대 블랙 3,1,OS,Black,32.91,GF-R5-U5,8
3608391292881,4697305,accessories,GLOVE BA100 LHT BLACK RED,"GLOVE BA100 LHT BLACK RED, 11.5""",1,OS,Black,5.58,GF-R5-U6,12
3608390010431,2990056,accessories,SLEEPING BAG MT BLUE,"SLEEPING BAG MT 500 15° BLUE, M",1,M,Blue,9.63,GF-R5-U7,9
3583788269519,2226786,accessories,Active Accessory,"B-Active + Pack Swimsuit, Swimming Goggles, Towel, Bag 플루오 라임 8세",1,OS,Pink,29.71,GB-R5-U1,8
3583788193562,2409888,accessories,Adult Accessory,성인용 보호대 좌우 아킬레스건 보호 스트랩 - 블랙 블랙 UNIQUE,1,OS,Black,17.39,GB-R5-U2,15
3608429678175,4434942,accessories,TRAIL RUNNING BAG ONE SIZE FITS ALL,"TRAIL RUNNING BAG 5L, ONE SIZE FITS ALL",1,OS,Grey,6.16,GB-R5-U3,14
3583783854376,2611878,accessories,Soft 500 Accessory,Soft 500 Tennis Badminton Table Tennis Padel Squash T-Shirt 그래니트 3XL,1,3XL,Green,10.45,GB-R5-U4,7
3608429717812,2920827,accessories,KIPRUN Socks,KIPRUN 인비저블 얇은 양말 블랙 235-240mm_EU 37-38,1,OS,Black,34.21,GB-R5-U5,11
3608439318726,4290885,accessories,Sunglasses,MH K 900 어린이 4 ~ 6세 하이킹 선글라스 카테고리 4 플루오 핑크 단일 사이즈,1,OS,Pink,6.27,GB-R5-U6,8
3583784230568,4361628,accessories,GLOVE MT STRETCH KHAKI,"GLOVE MT 500 STRETCH KHAKI, S",1,S,Teal,7.34,GB-R5-U7,8
3583788299660,2185810,accessories,BASIC KIDS GLOVES BLACK Years,"BASIC KIDS GLOVES BLACK, 8-10 Years",1,OS,Black,8.88,ACC-01,16
3608399868620,2311936,accessories,Kids' Socks,RS 160 주니어 스포츠 미드 양말 3팩 플루오 페일 피치 195-215mm_EU 31-34,1,OS,Teal,25.96,ACC-02,15
3608429707059,2470467,accessories,VESTE RUN WIND CAPUCHE M FLUO YELLOW,"VESTE RUN WIND CAPUCHE M FLUO YELLOW, L",1,M,White,14.47,ACC-03,14
3608429819127,2310979,accessories,Gloves,Evolutiv 러닝 스마트폰 터치 장갑 블랙 S,1,S,Black,12.9,ACC-04,15
3608392175626,5254083,accessories,GOALKEEPER GLOVES FIRST BLUE,"GOALKEEPER GLOVES FIRST BLUE, 3",1,OS,Blue,31.3,CO-IR,12
3608439314285,4266342,accessories,MH500 Accessory,"Bottle MH500 Tritan 0,8L blue, No Size",1,OS,Blue,8.69,GF-R5-U1,10
3608449903271,2142203,accessories,Bones P Navy blue,"Bones 500 안좋은 날씨용 스키, 스노우보드 고글 - 블루-P Navy blue",1,OS,Blue,12.5,GF-R5-U2,12
3583787728161,4102021,accessories,Unisex Accessory,남녀 공용 좌우 무릎 보호대 프리벤트 100 블랙 2,1,OS,Black,18.07,GF-R5-U3,12
3583788662563,1789184,accessories,Play Kids Inline Skating Socks WHITE EU,Play Kids Inline Skating Socks WHITE EU 35-38,1,OS,White,21.0,GF-R5-U4,15
3608429717683,4019941,accessories,Kiprun Socks,Kiprun 두꺼운 양말 블랙 260-265mm_EU 41-42,1,OS,Black,7.48,GF-R5-U5,9
3583787380260,4343611,accessories,BOXING GLOVES ERGO BLACK,"BOXING GLOVES 500 ERGO BLACK, 12oz",1,OS,Black,24.2,GF-R5-U6,9
3583787765036,4073765,accessories,Cap,Travel 500 모자  56-58cm,1,OS,Pink,15.05,GF-R5-U7,11
3608429745730,2906282,accessories,Running Gloves,Evolutiv 러닝 장갑 갤럭시 블루 XS,1,XS,Blue,28.31,GB-R5-U1,10
3583780306229,16079,accessories,Interchangeable V-Brake Pads,500 Interchangeable V-Brake Pads  .,1,OS,Pink,5.41,GB-R5-U2,9
3608459632314,2194861,accessories,Mens Short Sleeve UV Protection Surfing Top T-Shirt BLACK XL,500 Mens Short Sleeve UV Protection Surfing Top T-Shirt BLACK XL,1,XL,Black,10.95,GB-R5-U3,10
3583788741794,1629805,accessories,Adult Accessory,피트 성인 인라인 스케이팅 손목 보호대 - 블랙 블랙 S,1,S,Black,6.62,GB-R5-U4,10
3608429826804,2182831,accessories,Kiprun Socks,Kiprun 두꺼운 양말 브라이트 인디고 260-270mm_EU 41-42,1,OS,Teal,24.32,GB-R5-U5,8
3608399868613,2486285,accessories,Kids' Socks,RS 160 주니어 스포츠 미드 양말 3팩 블루 220-240mm_EU 35-38,1,OS,Blue,29.25,GB-R5-U6,13
3583788617662,35386,accessories,Accessory,플렉시블 남녀아동 승마용 등 보호대  L,1,L,Pink,21.32,GB-R5-U7,11
3608392278532,5415731,accessories,BP NH ESCAPE ROLLTOP L ABYSS,"BP NH ESCAPE 500 ROLLTOP 23L ABYSS, 23 L",1,L,Navy,17.56,ACC-01,8
3608429762232,2668492,accessories,Kids' Socks,컴포트 아동용 트랙 러닝 긴 양말 팩당 2켤레 미드나잇 인디고 220-240mm_EU 35-38,1,OS,Navy,7.29,ACC-02,7
3583781758461,313948,accessories,bottle cage Rapid Fix black,"bottle cage Rapid Fix black, .",1,OS,Black,7.04,ACC-03,11
3608429800057,2501233,accessories,Socks,Invisible 컴포트 양말 X2 네이비 블루 220-240mm_EU 35-38,1,OS,Blue,32.5,ACC-04,16
3608419204803,2514383,accessories,Cap,500 베이비 짐 캡 모자 마젠타 3-4세,1,OS,Pink,6.13,CO-IR,9
3583788296577,2187753,accessories,Xbase,Xbase 입문자용 수영 고글 플로우 옐로우 유니크,1,OS,Pink,6.63,GF-R5-U1,15
3608429717690,4019938,accessories,Kiprun Socks,Kiprun 두꺼운 양말 블랙 220-225mm_EU 35-36,1,OS,Black,30.15,GF-R5-U2,8
3608439396397,2708503,accessories,Adult Sunglasses,MH140W 성인용 카테고리 3 하이킹 선글라스 - 브라운 에보니 단일 사이즈,1,OS,Black,32.32,GF-R5-U3,15
3608449849777,2572686,accessories,Kids' Accessory,여성 및 주니어 여아 악천후용 스키/스노우보드 고글 - 핑크 플루오 페일 피치 L,1,L,Pink,12.1,GF-R5-U4,9
3608439351754,4073396,accessories,Adult MH580 Sunglasses,MH580 성인용 하이킹 선글라스 카테고리 4  단일 사이즈,1,OS,Blue,5.64,GF-R5-U5,15
3608399891390,2136012,accessories,Soft 500 Accessory,Soft 500 Padel Tennis Badminton Squash Table Tennis Shorts - Grey Graphics Carbon grey S,1,S,Grey,5.19,GF-R5-U6,11
3608419148619,2606812,accessories,Gloves,웨이트 트레이닝 장갑  딥 페트롤 블루 M,1,M,Blue,17.51,GF-R5-U7,11
3583787979600,2748445,accessories,Selfit L,Selfit L 사이즈 수영 고글 네이비 블루 L,1,L,Blue,30.02,GB-R5-U1,9
3608459632390,2194862,accessories,Mens Short Sleeve UV Protection Surfing Top T-Shirt BLACK,500 Mens Short Sleeve UV Protection Surfing Top T-Shirt BLACK 2XL,1,XXL,Black,12.76,GB-R5-U2,14
3583787948262,2667821,accessories,Adult F900 Gloves,F900 성인용 골키퍼 장갑 실더 플랫 심 - 블랙/옐로우 블랙 9,1,OS,Black,8.71,GB-R5-U3,14
3608439543562,2116725,accessories,ARPENAZ Accessory,GLOVES ARPENAZ 50 KID 로즈우드 레드 3세,1,OS,Red,8.85,GB-R5-U4,12
3608429749066,2664473,accessories,Kiprun Running Socks,Kiprun 스트랩 러닝 양말 블랙 235-240mm_EU 37-38,1,OS,Black,9.52,GB-R5-U5,8
3608439705939,1822557,accessories,F100 Accessory,F100 Sun Protect Childrens Jacket YELLOW AGE 10,1,OS,Blue,31.65,GB-R5-U6,13
3583787267905,4478544,accessories,GLOVE SOFT M RIGHT HANDED ULTRABLACK,"GLOVE SOFT M RIGHT HANDED ULTRABLACK, L",1,M,Black,8.3,GB-R5-U7,13
3583787595671,4277600,accessories,Adult Soft 300 Accessory,Soft 300 성인용 종아리 보호대 블랙 3,1,OS,Black,6.98,ACC-01,10
3608399882930,2215860,accessories,Dry Junior Badminton Tennis Table Tennis Padel Squash Shorts,Dry 590 Junior Badminton Tennis Table Tennis Padel Squash Shorts 네이비 블루 12세,1,OS,Blue,6.54,ACC-02,12
3608390384952,4997646,accessories,Accessory 3/4,"compr socks 500 black gr, 43/46L-8.5/11L",1,OS,Black,9.4,ACC-03,16
3583783783423,2500322,accessories,Kiprun Socks,Kiprun 두꺼운 양말 블랙 220-240mm_EU 35-38,1,OS,Black,6.06,ACC-04,12
3608429819103,2310993,accessories,Running Gloves,Evolutiv 러닝 장갑 스쿼럴 그레이 2XL,1,XXL,Grey,33.32,CO-IR,15
3583787389669,4002010,accessories,SPORT BAG ESSENTIAL L black,"SPORT BAG ESSENTIAL 35L black, 35L",1,OS,Black,7.45,GF-R5-U1,15
3608439448089,2490502,accessories,Sunglasses,MH 140 카테고리 3 편광 하이킹 선글라스 카본 그레이 단일 사이즈,1,OS,Grey,31.32,GF-R5-U2,10
3608439488733,2349287,accessories,LINER GLOVE MT SILK BLACK,"LINER GLOVE MT 500 SILK BLACK, XS",1,XS,Black,5.49,GF-R5-U3,12
3583784230827,4631216,accessories,GLOVE MT STRETCH BORDEAUX,"GLOVE MT 500 STRETCH BORDEAUX, XL",1,XL,Orange,12.47,GF-R5-U4,15
3608449874830,2360565,accessories,SKI GLOVES CHILD GLOVES SLIDE BLACK Turquoise AGE,"SKI GLOVES, CHILD, GLOVES SLIDE 300, BLACK Turquoise AGE 6",1,OS,Black,19.44,GF-R5-U5,10
3608459661925,2061848,accessories,Stand Up Paddle,길이 조절 스탠드 업 패들 (Stand Up Paddle) 170-210 cm + 분리 가능 핸들 블루 210cm,1,OS,Blue,30.37,GF-R5-U6,16
3608419354515,2110031,accessories,Socks,Babylight 운동용 아동 양말 코발트 블루 155mm_EU 25,1,OS,Blue,12.55,GF-R5-U7,9
3583787879801,4004969,accessories,Headguard Facial Protection Ad L/58-61C,"Headguard Facial Protection Ad, L/58-61C",1,L,Grey,6.9,GB-R5-U1,14
3608429793243,2505315,accessories,Kids' Socks,런 아동용 트랙 러닝 발목 양말 블랙 165-185mm_EU 27-30,1,OS,Black,6.08,GB-R5-U2,9
3608399851172,2611877,accessories,Soft 500 Accessory,Soft 500 Tennis Badminton Table Tennis Padel Squash T-Shirt 그래니트 2XL,1,XXL,Navy,17.19,GB-R5-U3,13
3608459627488,2198686,accessories,Men's Sun-Protect Accessory,500 남성용 긴 소매 자외선 차단 서핑 레쉬가드 다크 블루 M,1,M,Blue,31.03,GB-R5-U4,13
3583787632765,4225722,accessories,CAP BEIGE ONE SIZE FITS ALL,"CAP BEIGE, ONE SIZE FITS ALL",1,OS,Red,31.15,GB-R5-U5,14
3608399866480,2140814,accessories,Soft 500 Accessory,Soft 500 Tennis Badminton Table Tennis Padel Squash T-Shirt 더스티 그린 XL,1,XL,Green,12.06,GB-R5-U6,7
3608399911258,2003778,accessories,Soft 500 Accessory,Soft 500 Padel Tennis Badminton Squash Table Tennis Shorts - Grey Graphics GREY S,1,S,Grey,32.72,GB-R5-U7,11
3608429714309,4100567,accessories,XL CD,러닝 스포츠 브라 크롭 탑 지퍼 패드 - 네이비 블루 블랙 2XL CD,1,XXL,Black,20.76,ACC-01,8
3608429740865,2777519,accessories,Women's Cap,런 웜 여성용 모자달린 긴소매 저지 - 바이올렛 포기 블루 M_L,1,OS,Blue,22.25,ACC-02,10
3583783913844,2777523,accessories,Women's Cap,런 웜 여성용 모자달린 긴소매 저지 - 바이올렛 블랙 2XS,1,OS,Black,9.32,ACC-03,14
3608399845348,2468153,accessories,Tennis Backpack Black/White,Tennis Backpack 900 BP - Black/White 블랙 단일 사이즈,1,OS,Black,9.0,ACC-04,12
3608409842398,4084774,accessories,UNIQUE,500 넥워머 이중 원단  라임 그린 UNIQUE,1,OS,Green,16.14,CO-IR,11
3608429744238,2777526,accessories,Women's Cap,런 웜 여성용 모자달린 긴소매 저지 - 바이올렛 블랙 M,1,M,Black,11.28,GF-R5-U1,16
3608439447051,2470821,accessories,Adult Sunglasses,MH 540 성인 카테고리 3 하이킹 선글라스 스노우 화이트 No Size,1,OS,White,11.67,GF-R5-U2,10
3583787756850,4030623,accessories,Socks,워킹 양말 WS 100 미드 1켤레 - 블랙 카본 그레이 275-295mm_EU 43-46,1,OS,Black,32.21,GF-R5-U3,14
3608391045890,5163807,accessories,BACKPACK NH ESCAPE L BEIGE,"BACKPACK NH ESCAPE 500 23L BEIGE, 23L",1,OS,Green,27.12,GF-R5-U4,15
3583788132530,2451579,accessories,Adult MH510 Sunglasses,MH510 W 카테고리 3 성인용 편광 하이킹 선글라스 화이트 단일 사이즈,1,OS,White,9.56,GF-R5-U5,8
3583787965382,2711257,accessories,Compact Accessory,컴팩트 극세사 수건 XL 사이즈 110 x 175 cm - 프린팅  단일 사이즈,1,XL,Red,13.58,GF-R5-U6,10
3608449834599,2907313,accessories,G500 Accessory,G500 W & G 스키/스노보드 고글 맑은 날씨용 - 자주색   L,1,L,Orange,13.88,GF-R5-U7,11
3583783784802,2500330,accessories,Kiprun Socks,Kiprun 두꺼운 양말 블랙 280-290mm_EU 44-45,1,OS,Black,8.35,GB-R5-U1,10
3608439274978,4528110,accessories,NH500 Accessory,"CN NH500 PROTECT M, L",1,M,Black,29.34,GB-R5-U2,13
3608429799948,2505160,accessories,Kiprun Socks,Kiprun 스트랩 두꺼운 양말 플루오 코랄 핑크 245-255mm_EU 39-40,1,OS,Pink,18.6,GB-R5-U3,9
3583788734420,1650744,accessories,Backpack,Backenger UP 20L 랩탑 백팩 겸용 메신저 백 - 블랙,1,OS,Black,5.05,GB-R5-U4,13
3608429661382,4563983,accessories,RUN GLOVES TOUCH WARM+ V2 Grey K13A,"RUN GLOVES TOUCH WARM+ V2 Grey K13A, M",1,M,Grey,8.74,GB-R5-U5,16
3608392175664,5254088,accessories,GOALKEEPER GLOVES FIRST BLUE,"GOALKEEPER GLOVES FIRST BLUE, 7",1,OS,Blue,21.08,GB-R5-U6,14
3608390171996,4502404,accessories,compr socks blue M-2,"compr socks 500 blue, 35/38M-2.5/5M",1,OS,Blue,27.12,GB-R5-U7,11
3608399851455,2611882,accessories,Soft 500 Accessory,Soft 500 Tennis Badminton Table Tennis Padel Squash T-Shirt 그래니트 XL,1,XL,Green,30.33,ACC-01,13
3608419341249,2116427,accessories,Gloves,500 트레이닝 장갑 체리 레드 S,1,S,Red,5.17,ACC-02,8
3583788277057,2216983,accessories,Adult Sunglasses,Running 600 성인용 러닝 선글라스 카테고리 3 - 화이트,1,OS,White,12.03,ACC-03,15
3608429717706,4019939,accessories,Kiprun Socks,Kiprun 두꺼운 양말 블랙 235-240mm_EU 37-38,1,OS,Black,7.3,ACC-04,8
3583787374931,4485117,accessories,OPTICAL GOGGLES BFIT SM,"OPTICAL GOGGLES 500 BFIT SM, L -2 / R -2",1,L,Grey,6.18,CO-IR,14
3608429793328,2505329,accessories,Kids' Socks,컴포트 아동용 트랙 러닝 긴 양말 팩당 2켤레 Midnight purple 220-240mm,1,OS,Red,10.83,GF-R5-U1,16
3608429719045,2920727,accessories,Socks,Invisible 컴포트 양말 X2 핑크 275-295mm_EU 43-46,1,OS,Pink,8.03,GF-R5-U2,15
3608419097146,2606695,accessories,Gloves,500 웨이트 트레이닝 장갑 딥 페트롤 블루 L,1,L,Blue,6.1,GF-R5-U3,16
3583788618287,26343,accessories,Socks,피트 인라인 스케이팅 양말  275-295mm_EU 43-46,1,OS,White,7.12,GF-R5-U4,12
3608429714118,4100529,accessories,XL CD,러닝 스포츠 브라 크롭 탑 지퍼 패드 - 네이비 블루 네이비 블루 2XL CD,1,XXL,Blue,14.58,GF-R5-U5,11
3608439395567,2768055,accessories,Sunglasses,Walking 300 피트니스 워킹 선글라스 카테고리 3 딥 초콜릿 트러플 단일 사이즈,1,OS,Pink,16.84,GF-R5-U6,10
3608449867184,2372211,accessories,Adult Accessory,G 940 E 성인용 모든 날씨 스키 및 스노보드 고글 - 아시아 블랙 블랙 No Size,1,OS,Black,6.91,GF-R5-U7,12
3583787874714,2956249,accessories,STAND GOLF BAG BLACK NEW No Size,STAND GOLF BAG 100 BLACK NEW No Size,1,OS,Black,7.28,GB-R5-U1,9
3583788153825,2536613,accessories,Adult MH510 Sunglasses,MH510 W 카테고리 3 성인용 편광 하이킹 선글라스 다크 멀버리 단일 사이즈,1,OS,Black,13.39,GB-R5-U2,13
3608392627262,5475281,accessories,NH120 Accessory,"BACKPACK NH120 10L CREAM BEIGE, No Size",1,OS,Pink,18.6,GB-R5-U3,8
3608459613467,2227734,accessories,Adult Gloves,500 성인용 세일링 반장갑 블랙 S,1,S,Black,21.67,GB-R5-U4,9
3608429686958,4247986,accessories,JACKET SUN PROTECT HOOD GR,"JACKET SUN PROTECT HOOD GR, UK 6 / FR 36",1,OS,Red,7.67,GB-R5-U5,8
3608459699294,2018398,accessories,N Kayak Stand Up Paddle Dinghy Buoyancy Vest lbs,BA 50 N Kayak Stand Up Paddle Dinghy Buoyancy Vest 스칼렛 레드 25-40 kg  55-88 lbs,1,OS,Red,10.9,GB-R5-U6,13
3608399868668,2146177,accessories,Kids' Socks,RS 500 주니어 미드 스포츠 양말 3팩  175-190mm_EU27-30,1,OS,Navy,29.4,GB-R5-U7,14
3608429805854,2501230,accessories,Socks,Invisible 컴포트 양말 X2 플루오 라임 옐로우 245-270mm_EU 39-42,1,OS,Black,9.85,ACC-01,14
3608409863577,2380820,accessories,MTB GLOVES ST BLACK,"MTB GLOVES ST 100 BLACK, XS",1,XS,Black,26.24,ACC-02,10
3608439287893,4335198,accessories,BACKPACK NH ESCAPE L BLACK,"BACKPACK NH ESCAPE 500 23L BLACK, 25L",1,OS,Black,25.38,ACC-03,17
3608449824057,2934129,accessories,Kids' Gloves,아동용 스노보드 벙어리 장갑 MI 500 프로텍트 - 블랙/오렌지 카본 그레이 8세,1,OS,Black,9.26,ACC-04,10
3608459556504,2775050,accessories,Adult Accessory,성인용 비니 세일링 100 - 코랄 플루오 코랄 오렌지 UNIQUE,1,OS,Grey,10.55,CO-IR,15
3608429744610,2718723,accessories,Women's Jacket,런 웜 모자달린 여성용 자켓 - 그레이 루나 그레이 M_L,1,OS,Grey,21.33,GF-R5-U1,12
3583787983973,2711305,accessories,Baby Accessory,"유아용 후드가 달린 수건 - 핑크, 유니콘 프린트  단일 사이즈",1,OS,Pink,19.59,GF-R5-U2,9
3583788496724,665654,accessories,Socks,엑티브 워킹 페이크 양말 네이비 블루 275-295mm_EU 43-46,1,OS,Blue,24.86,GF-R5-U3,16
3583784081627,4173798,accessories,Socks,러닝 발가락 양말 - 블랙/옐로우 웨일 그레이 245-255mm_EU39,1,OS,Black,29.23,GF-R5-U4,16
3583788340744,2096540,accessories,Waterproof Accessory,방수 파우치 - 블루,1,OS,Blue,20.09,GF-R5-U5,14
3608439484056,2354619,accessories,Toplight Mens Padded Hiking Jacket Royal blue XL,Toplight Mens Padded Hiking Jacket Royal blue XL,1,XL,Blue,6.82,GF-R5-U6,10
3583788013167,2612998,accessories,Women's Gloves,여성용 승마 가죽장갑 960 - 네이비 다크 블루 XL,1,XL,Blue,13.79,GF-R5-U7,9
3583788662556,1789183,accessories,Play Kids Inline Skating Socks WHITE EU,Play Kids Inline Skating Socks WHITE EU 31-34,1,OS,White,10.12,GB-R5-U1,14
3608399852759,2490232,accessories,Socks,RS 560 Lowedge 스포츠 양말 3팩 - 화이트/블루 화이트 275-295mm_EU 43-46,1,OS,Blue,11.11,GB-R5-U2,11
3608439510762,2191094,accessories,Backpack,Escape 10리터 백팩 블루 그레이 10L,1,OS,Blue,23.44,GB-R5-U3,12
3608399842736,2645887,accessories,Dry Junior Badminton Tennis Table Tennis Padel Squash Shorts,Dry 590 Junior Badminton Tennis Table Tennis Padel Squash Shorts 인디고 블루 12세,1,OS,Blue,28.23,GB-R5-U4,7
3608419354461,2110027,accessories,Socks,Babylight 운동용 아동 양말 코발트 블루 125mm_EU 21,1,OS,Blue,10.65,GB-R5-U5,16
3608390032563,4045958,accessories,Running Socks,런900 인비저블 파인 러닝 양말 갤럭시 블루 245-255mm_EU 39-40,1,OS,Blue,13.68,GB-R5-U6,10
3583787094488,4964795,accessories,DUFFEL BAG L YELLOW POINT No Size,"DUFFEL BAG 20L YELLOW (2 POINT, No Size",1,OS,Navy,11.54,GB-R5-U7,7
3608459613566,2227737,accessories,Adult Gloves,500 성인용 세일링 반장갑 블랙 XL,1,XL,Black,9.43,ACC-01,13
3583788760788,2242446,accessories,GLOVE FIT THERMO fishing gloves,GLOVE FIT THERMO fishing gloves  2XL,1,XXL,Pink,29.56,ACC-02,11
3583788011002,2626757,accessories,Women's Accessory,신축성 있는 허리 밴드와 조임 끈이 있는 여성용 보드쇼츠 TINI DECIM 블랙 L,1,L,Black,27.52,ACC-03,10
3608429661474,4563960,accessories,RUN GLOVES TOUCH SCREEN WARM+ V2 Beig,"RUN GLOVES TOUCH SCREEN WARM+ V2 Beig, S",1,S,Orange,8.25,ACC-04,14
3608439571534,2027245,accessories,ONE SIZE FITS ALL,다용도 칸막이 파우치 카본 그레이 ONE SIZE FITS ALL,1,OS,Grey,5.02,CO-IR,14
3583787272893,4498708,accessories,BACKPACK ESSENTIAL L black ch No Size,"BACKPACK ESSENTIAL 33L black ch, No Size",1,OS,Black,16.16,GF-R5-U1,15
3608439234033,4913782,accessories,SH100 Accessory,"GLOVES SH100 KNIT JR, 8-10 Years",1,OS,Black,5.39,GF-R5-U2,14
3583783913905,2718719,accessories,Women's Jacket,런 웜 모자달린 여성용 자켓 - 그레이 루나 그레이 2XS,1,OS,Grey,28.22,GF-R5-U3,12
3583788763376,1593355,accessories,Accessory,말/조랑말용 승마 안장 패드 네오 폼 - 블랙 블랙 FS,1,OS,Black,5.87,GF-R5-U4,15
3608449824088,2934126,accessories,Kids' Gloves,아동용 스노보드 벙어리 장갑 MI 500 프로텍트 - 블랙/오렌지 카본 그레이 12세,1,OS,Black,5.08,GF-R5-U5,14
3583788428299,1862929,accessories,HIGH SOCKS JR WHI,"HIGH SOCKS 100 JR WHI, UK 2.5/5 US 3/5.5",1,OS,Black,17.78,GF-R5-U6,13
3608390926053,5123900,accessories,NH500 Accessory,"NH500 PROTECT JKT AF M CN, XL",1,M,Red,14.07,GF-R5-U7,11
3608409913609,2016238,accessories,Backpack,500 하이드레이션 백팩 플루오 라임 옐로우 No Size,1,OS,Black,7.31,GB-R5-U1,14
3608429860600,2007468,accessories,ONE SIZE FITS ALL,스마트폰 암밴드 런닝 블랙 ONE SIZE FITS ALL,1,OS,Black,30.14,GB-R5-U2,13
3608439351747,4073395,accessories,Adult MH580 Sunglasses,MH580 성인용 하이킹 선글라스 편광 렌즈 카테고리 4  단일 사이즈,1,OS,Navy,11.8,GB-R5-U3,16
3608429745648,2906273,accessories,Running Gloves,Evolutiv 러닝 장갑 블랙 M,1,M,Black,15.08,GB-R5-U4,9
3608394576131,4438942,accessories,MTB GLOVES EXPLORE,"MTB GLOVES EXPLORE 100, 2XL",1,XXL,White,31.91,GB-R5-U5,14
3608429740834,2777516,accessories,Women's Cap,런 웜 여성용 모자달린 긴소매 저지 - 바이올렛 포기 블루 XS,1,XS,Blue,12.33,GB-R5-U6,11
3583788230373,2341352,accessories,Adult Protective Knee Pad,Adult Protective Knee Pad 블랙 4,1,OS,Black,26.04,GB-R5-U7,8
3608419148589,2606813,accessories,Gloves,웨이트 트레이닝 장갑  딥 페트롤 블루 S,1,S,Blue,33.43,ACC-01,7
3583788536765,534841,accessories,Play Childrens Piece Protective Gear for Skates/Skateboard/Scooter Blue WHITE S,Play Childrens 3-Piece Protective Gear for Skates/Skateboard/Scooter - Blue WHITE S,1,S,Blue,11.95,ACC-02,15
3583788099871,2458960,accessories,Accessory,극세사 수건 L 사이즈 + 85 x 160 cm - 플라밍고 프린트 핑크 플루오 핑크 단일 사이즈,1,L,Pink,5.34,ACC-03,12
3608439291487,4486487,accessories,SH100 Accessory 3/4,SOCKS SH100 X-WARM MID BL 8.5-11 - 43/46,1,OS,Black,6.85,ACC-04,13
3583788319030,2144456,accessories,Accessory,휴대용 극세사 수건 L 사이즈 80 x 130 cm 핑크 .,1,L,Pink,13.65,CO-IR,10
3608399890409,2134359,accessories,Soft 500 Accessory,Soft 500 Womens Tennis Badminton Table Tennis Padel T-Shirt 마젠타 L/96-99inch,1,L,Grey,4.99,GF-R5-U1,10
3608392782954,5515668,accessories,compr socks DD BLACK L-2,"compr socks 900 DD BLACK, 35/38L-2.5/5L",1,OS,Black,7.7,GF-R5-U2,16
3583787612712,4228784,accessories,SOCKS ROADR BLACK,"SOCKS ROADR 900 BLACK, 5.5-8 - 39/42",1,OS,Black,16.18,GF-R5-U3,10
3583788804833,1508405,accessories,Waterproof Accessory,방수 파우치 블루 .,1,OS,Blue,9.56,GF-R5-U4,14
3608459614082,2225711,accessories,Inflatable Touring Stand Up Paddle No Size,100 Inflatable 107 Touring Stand Up Paddle 블루 No Size,1,OS,Blue,12.34,GF-R5-U5,14
3608419354539,2110033,accessories,Socks,Babylight 운동용 아동 양말 코발트 블루 165mm_EU 27,1,OS,Blue,6.76,GF-R5-U6,15
3583788727736,1656030,accessories,CAPTAIN ARMBAND ADULT,"CAPTAIN ARMBAND, ADULT",1,OS,Red,12.22,GF-R5-U7,16
3583787728826,4103505,accessories,Unisex Accessory,남녀 공용 좌우 팔꿈치 보호대 미드 500- 블랙  블랙 2,1,OS,Black,6.52,GB-R5-U1,11
3608393559081,5677560,accessories,MTB GLOVES COMFORT,"MTB GLOVES COMFORT, M",1,M,Grey,9.03,GB-R5-U2,16
3583788363354,2067364,accessories,Adult Sunglasses,MH 570 성인 카테고리 4 하이킹 선글라스 블랙 No Size,1,OS,Black,20.74,GB-R5-U3,11
3608399854548,2634625,accessories,Kids' Socks,RS 160 주니어 스포츠 미드 양말 3팩 다크 그레이 175-190mm_EU27-30,1,OS,Grey,6.64,GB-R5-U4,10
3583787208861,4697726,accessories,RAIN CAPE JUNIOR No Size,"RAIN CAPE 50 JUNIOR, No Size",1,OS,Red,12.01,GB-R5-U5,14
3583788059738,2706540,accessories,Socks,압박 양말 회복용  블랙 245-270mm L_EU39-42 L,1,L,Black,5.13,GB-R5-U6,14
3608419004311,4109136,accessories,Accessory,보디빌딩 탄력 밴드 글루트 밴드 - 하드 페일 코랄 단일 사이즈,1,OS,Teal,21.44,GB-R5-U7,10
3583787912751,2954123,accessories,Socks,스케이트보드 중목 양말 500 - 화이트 블랙 275-295mm_EU 43-46,1,OS,Black,19.48,ACC-01,14
3583787702413,4102053,accessories,Accessory,무릎 보호대 프리벤트 500 - 블랙  민트 블루 4,1,OS,Black,11.53,ACC-02,11
3583787728833,4103506,accessories,Unisex Accessory,남녀 공용 좌우 팔꿈치 보호대 미드 500- 블랙  블랙 3,1,OS,Black,26.88,ACC-03,13
3608391006082,5148095,accessories,SKI SOCKS New Blue,"SKI SOCKS 100 New Blue 20, 2.5-5 - 35/38",1,OS,Blue,12.25,ACC-04,12
3583788340751,2096538,accessories,Waterproof Accessory,방수 파우치 화이트 .,1,OS,White,25.75,CO-IR,14
3583788535225,574156,accessories,CAPERLAN Accessory,CAPERLAN CN Fishing vest-5 AGATHE 카본 그레이 M,1,M,Grey,11.03,GF-R5-U1,15
3583788495758,680304,accessories,Adult Soft 300 Accessory,Soft 300 성인용 무릎 보호대 블랙 1,1,OS,Black,31.0,GF-R5-U2,10
3608429714460,4100545,accessories,XL EF,러닝 스포츠 브라 크롭 탑 지퍼 패드 - 네이비 블루 네이비 블루 XL EF,1,XL,Blue,12.31,GF-R5-U3,15
3583787167335,4557830,accessories,F500 Accessory,"Gloves F500 Viralto White adult, 10",1,OS,White,6.82,GF-R5-U4,12
3608419121674,2656715,accessories,Pants,여성 고무 밴드 단/허리 댄스 바지 블랙 XS / W26 L30,1,XS,Black,6.98,GF-R5-U5,15
3608439273438,4529056,accessories,NH120 Accessory,"BACKPACK NH120 10L CN GREY, NO SIZE",1,OS,Grey,32.85,GF-R5-U6,15
3608399911241,2003779,accessories,Soft 500 Accessory,Soft 500 Padel Tennis Badminton Squash Table Tennis Shorts - Black/Blue Blue grey M,1,M,Black,5.86,GF-R5-U7,16
3583787457610,4436943,accessories,TRAVEL bum bag L pink No Size,"TRAVEL bum bag 2L pink, No Size",1,OS,Pink,18.46,GB-R5-U1,8
3608409842350,4097234,accessories,Adult Sunglasses,성인용 선글라스 ROADR 900 HCL  단일 사이즈,1,OS,Teal,7.28,GB-R5-U2,8
3583788112433,2585486,accessories,Adult Cap,킵드라이 500 성인용 모자 - 블랙 블랙 UNIQUE,1,OS,Black,5.64,GB-R5-U3,16
3608399902652,2027540,accessories,Soft 500 Accessory,Soft 500 Padel Tennis Badminton Squash Table Tennis Shorts - Black/Blue Carbon grey L,1,L,Black,18.39,GB-R5-U4,8
3583788507024,615174,accessories,CAPERLAN Accessory,CAPERLAN CN Fishing vest-5 AGATHE 마젠타 그레이 L,1,L,Grey,7.3,GB-R5-U5,16
3583788392682,2027944,accessories,EASYDOW No Size,EASYDOW 수영 고글 사이즈 L 네이비 블루 No Size,1,L,Blue,30.06,GB-R5-U6,15
3608429753889,2614978,accessories,SUN PROTECT LS TS M white,"SUN PROTECT LS TS M white, L",1,M,White,20.22,GB-R5-U7,15
3608429787402,2501157,accessories,Warm,러닝 Warm 헤드밴드 플루오 코랄 핑크 유니크,1,OS,Pink,15.19,ACC-01,15
3583788011019,2626758,accessories,Women's Accessory,신축성 있는 허리 밴드와 조임 끈이 있는 여성용 보드쇼츠 TINI DECIM 블랙 L-XL,1,L,Black,5.63,ACC-02,12
3608429805908,2489353,accessories,KIPRUN Socks,KIPRUN 인비저블 얇은 양말 블랙 275-280mm_EU 43-44,1,OS,Black,11.18,ACC-03,9
3583788458104,798996,accessories,Kipocket Ly Bag Navy blue Unique,Kipocket 40 Ly Bag Navy blue Unique,1,OS,Blue,25.01,ACC-04,14
3608399845454,2395410,accessories,L Tennis Bag Black/Orange No Size,930 L Tennis Bag - Black/Orange 플루오 블러드 오렌지 No Size,1,L,Black,12.73,CO-IR,8
3583788013150,2612993,accessories,Gloves,900 여성 승마 장갑 - 브라운 에보니 XL,1,XL,Orange,13.24,GF-R5-U1,13
3608439351730,4008442,accessories,Adult MH580 Sunglasses,MH580 성인용 하이킹 선글라스 변색렌즈 카테고리 2~4  단일 사이즈,1,OS,Black,19.19,GF-R5-U2,12
3608459619940,2216339,accessories,Women's Leggings,500 여성용 UV Protection 서핑 레깅스 - 블랙 핑크,1,OS,Black,16.61,GF-R5-U3,10
3608429728641,2980871,accessories,Kids' Socks,AT100 아동용 육상 양말 미드 3켤레 1팩 - 화이트  블랙 165-185mm_EU 27-30,1,OS,Black,18.98,GF-R5-U4,10
3583787094464,4964787,accessories,DUFFEL BAG L  KAKI POINTS No Size,"DUFFEL BAG 5L  KAKI (2 POINTS), No Size",1,OS,Navy,20.98,GF-R5-U5,7
3608419428209,2005217,accessories,Accessory,댄스 토 패드 비슨 XL,1,XL,Black,7.22,GF-R5-U6,16
3608399890829,2136019,accessories,Soft 500 Accessory,Soft 500 Padel Tennis Badminton Squash Table Tennis Shorts - Grey Graphics Fluo lime yellow S,1,S,Grey,29.43,GF-R5-U7,15
3608429826033,2184433,accessories,KALENJI Accessory,KALENJI RUN SUN PROTECT LONG-SLEEVED T-SHIRT BLUE Bright indigo AGE 6,1,OS,Blue,15.27,GB-R5-U1,9
3608393124777,5486137,accessories,SQUARE BACKPACK L Black No Size,"SQUARE BACKPACK 10L Black, No Size",1,OS,Black,8.12,GB-R5-U2,10
3608419097153,2606696,accessories,Gloves,500 웨이트 트레이닝 장갑 딥 페트롤 블루 M,1,M,Blue,11.84,GB-R5-U3,11
3583788547655,452393,accessories,ARCHERY GLOVE PROTECTION,ARCHERY GLOVE PROTECTION 블랙 XS,1,XS,Black,14.94,GB-R5-U4,15
3583788383048,2042873,accessories,CAPERLAN Accessory,CAPERLAN CN Fishing vest-5 AGATHE 라이트 그레이 L,1,L,Grey,30.96,GB-R5-U5,15
3583784081641,4173800,accessories,Socks,러닝 발가락 양말 - 블랙/옐로우 웨일 그레이 260-270mm_EU41,1,OS,Black,7.64,GB-R5-U6,9
3608439273643,4490039,accessories,MH100 Accessory,"Bottle MH100 stain. steel 1L LT, No Size",1,OS,Green,8.9,GB-R5-U7,16
3608429792130,2503408,accessories,Run Sun Protect Womens Running Long-Sleeved T-Shirt Coral L-XL,Run Sun Protect Womens Running Long-Sleeved T-Shirt Coral 터쿼이즈 그린 L-XL,1,L,Green,30.72,ACC-01,8
3608419700763,1687813,accessories,Socks,Babylight 운동용 아동 양말 마젠타 135mm_EU 22,1,OS,Navy,6.4,ACC-02,17
3608439570858,2030548,accessories,Arpenaz Waterproof Compact Backpack,Arpenaz 20 울트라 컴팩트 방수 백팩 네이비 블루 ONE SIZE FITS ALL,1,OS,Blue,5.36,ACC-03,8
3608459627440,2198705,accessories,Women's Sun-Protect Accessory,500 여성용 긴소매 지퍼형 자외선 차단 서핑 레쉬가드 핑크 L,1,L,Pink,24.9,ACC-04,10
3583784247191,4565004,accessories,Accessory 3/4,"SKI SOCKS 50 GREY, 8.5-11 - 43/46",1,OS,Grey,16.14,CO-IR,15
3608409868879,2452888,accessories,Socks,RoadR 520 양말 터쿼이즈 블루 220-240mm_EU35/38,1,OS,Blue,8.79,GF-R5-U1,7
3608429744603,2718722,accessories,Women's Jacket,런 웜 모자달린 여성용 자켓 - 그레이 루나 그레이 M,1,M,Grey,9.72,GF-R5-U2,8
3608459632369,2194859,accessories,Mens Short Sleeve UV Protection Surfing Top T-Shirt BLACK M,500 Mens Short Sleeve UV Protection Surfing Top T-Shirt BLACK M,1,M,Black,8.72,GF-R5-U3,11
3608409852885,2670486,accessories,WINTER GLOVES BLACK,"WINTER GLOVES 900 BLACK, XL",1,XL,Black,31.6,GF-R5-U4,13
3608419213300,2532817,accessories,Gloves,500 소맷동이 달린 웨이트 트레이닝 장갑 블랙 올리브 S,1,S,Black,8.02,GF-R5-U5,13
3608429766636,2503236,accessories,ULTRATRAIL BAG L BLACK BRONZE M/L,ULTRATRAIL BAG 15L BLACK BRONZE M/L,1,M,Black,21.25,GF-R5-U6,11
3583787976272,2659118,accessories,Women's Accessory,신축성 있는 허리 밴드와 조임 끈이 있는 여성용 보드쇼츠 TINI DECIM 핑크 M,1,M,Pink,20.48,GF-R5-U7,14
3583782757357,1191886,accessories,Adult Socks,RS 160 성인용 스포츠 하이 양말 세켤레 팩 - 블랙 Pewter,1,OS,Black,18.56,GB-R5-U1,16
3583788020943,2578765,accessories,HARDCASE BAG L BLACK,"HARDCASE BAG 40L BLACK, 40L",1,OS,Black,32.59,GB-R5-U2,9
3608439602733,895814,accessories,ARPENAZ Accessory,GLOVES ARPENAZ 50 KID 로즈우드 레드 8-10세,1,OS,Red,14.56,GB-R5-U3,11
3608409834324,4341715,accessories,KIT PROTECT BLACK,"KIT PROTECT BLACK, 2XS",1,OS,Black,15.17,GB-R5-U4,11
3583788529927,565904,accessories,Adult Gloves,Riding 성인용 승마 장갑 - 블랙,1,OS,Black,5.2,GB-R5-U5,10
3608439526268,2139906,accessories,Arpenaz Accessory,2 Pairs of Arpenaz Warm Winter Hiking Socks 다크 페트롤 블루 195-215mm_EU 31-34,1,OS,Blue,23.84,GB-R5-U6,14
3583788036470,2711236,accessories,Backpack,Away 25 L 단체 종목 스포츠 백팩 아스팔트 블루 UNIQUE,1,L,Blue,24.91,GB-R5-U7,13
3583788681168,1701988,accessories,Backpack,Abeona 17L 백팩 - 블랙,1,OS,Black,28.88,ACC-01,17
3608419213331,2401810,accessories,Gloves,그립 패드 트레이닝용 보디빌딩 장갑 블랙 S/M,1,S,Black,10.18,ACC-02,12
3583788435198,1852577,accessories,Adult Soft 300 Accessory,Soft 300 성인용 종아리 보호대 블랙 1,1,OS,Black,21.25,ACC-03,8
3583787728918,2978534,accessories,Accessory,남여공용 좌우 발목 압박 보호대 소프트 100 - 블랙 블랙 4,1,OS,Black,10.12,ACC-04,9
3608399854579,2634621,accessories,Kids' Socks,RS 160 주니어 스포츠 미드 양말 3팩 화이트 220-240mm_EU 35-38,1,OS,White,29.58,CO-IR,11
3608409843791,2908417,accessories,Accessory,디스크 브레이크 패드 스램 호환 가능   단일 사이즈,1,OS,Navy,14.49,GF-R5-U1,16
3583787109052,4975523,accessories,Endurance Padded Short,"Endurance Padded Short, UK 41"" / EU 2XL",1,XXL,Teal,14.59,GF-R5-U2,14
3608399854401,2630687,accessories,Adult Socks,RS 500 성인 로우 스포츠 양말 3팩 새먼 핑크 220-240mm_EU 35-38,1,OS,Pink,18.59,GF-R5-U3,14
3608409842343,4097218,accessories,Adult Sunglasses,성인용 선글라스 ROADR 900 - 화이트  스노우 화이트 단일 사이즈,1,OS,White,14.29,GF-R5-U4,8
3583788435068,1852576,accessories,Soft 300 Accessory,Soft 300 허벅지 보호대 - 블랙,1,OS,Black,26.97,GF-R5-U5,14
3583787894996,2920314,accessories,SynthPadded Hoody JKT MT100 M GreyBlu XL,SynthPadded Hoody JKT MT100 M GreyBlu XL,1,M,Grey,7.48,GF-R5-U6,13
3583783783461,2500326,accessories,Kiprun Socks,Kiprun 두꺼운 양말 블랙 225-235mm_EU 36-37,1,OS,Black,5.77,GF-R5-U7,13
3608429818946,2310980,accessories,Gloves,Evolutiv 러닝 스마트폰 터치 장갑 블랙 M,1,M,Black,20.21,GB-R5-U1,13
3608419068412,2762342,accessories,Women's Jacket,900 여성용 젠틀 짐 & 필라테스 모자달린 자켓 - 그레이 블랙 XS,1,XS,Black,7.95,GB-R5-U2,7
3608419428193,2005215,accessories,Accessory,댄스 토 패드 비슨 M,1,M,Orange,34.15,GB-R5-U3,11
3608391301262,4697300,accessories,GLOVE BA100 RHT BLACK RED,"GLOVE BA100 RHT BLACK RED, 12.5""",1,OS,Black,13.75,GB-R5-U4,11
3608429655879,4755440,accessories,PANEL CAP GREEN WHITE No Size,"5 PANEL CAP GREEN WHITE, No Size",1,OS,White,24.85,GB-R5-U5,7
3583780216351,456808,accessories,Accessory,확장 가능한 벨트형 포켓  .,1,OS,Navy,16.04,GB-R5-U6,10
3583788389095,2037026,accessories,Mid,Mid 500 팔꿈치 보호대 블랙 2,1,OS,Black,5.54,GB-R5-U7,16
3608429806011,2508052,accessories,KIPRUN Socks,KIPRUN 인비저블 얇은 양말 미드나잇 퍼플 290-295mm,1,OS,Black,15.32,ACC-01,7
3583783865464,2707163,accessories,Pants,여성 고무 밴드 단/허리 댄스 바지 블랙 M / W33 L29,1,M,Black,6.05,ACC-02,9
3608459603536,2534060,accessories,Men's Cap,Race 500 남성용/여성용 세일링 모자 - 블루 블루 그레이 성인,1,OS,Blue,11.29,ACC-03,9
3583783996090,2983591,accessories,Kids' SH100 Gloves,아동용 플리스 벙어리 장갑 SH100  플루오 페일 피치 3-4세,1,OS,White,15.65,ACC-04,10
3583784077507,4046060,accessories,Running Socks,런900 미드 두꺼운 러닝 양말 갤럭시 블루 220-240mm_EU 35-38,1,OS,Blue,10.53,CO-IR,9
3583787729052,4103189,accessories,Unisex Lumbar Support Belt,남녀 공용 허리 보호대 소프트 300 - 블랙 블랙 1,1,OS,Black,8.35,GF-R5-U1,9
3583788661047,1825815,accessories,Women's Inline Fitness Skate,Fit 여성용 인라인 스케이트 양말 라이트 그레이 245-270mm_EU 39-42,1,OS,Grey,9.57,GF-R5-U2,8
3608392779251,5515351,accessories,compr socks yellow L-5,"compr socks 500 yellow, 39/42L-5.5/8 L",1,L,Pink,23.55,GF-R5-U3,15
3583788507048,615169,accessories,CAPERLAN Accessory,CAPERLAN CN Fishing vest-5 AGATHE 마젠타 그레이 S,1,S,Grey,7.1,GF-R5-U4,16
3608393562814,5677557,accessories,MTB GLOVES COMFORT,"MTB GLOVES COMFORT, L",1,L,Blue,30.44,GF-R5-U5,9
3583788011095,2626753,accessories,Women's Accessory,신축성 있는 허리 밴드와 조임 끈이 있는 여성용 보드쇼츠 TINI DECIM 블랙 S,1,S,Black,5.0,GF-R5-U6,12
3583787790045,2943113,accessories,Bag,여행용 수납 가방 소형 지갑 - 그레이 스틸 그레이 단일 사이즈,1,OS,Grey,33.7,GF-R5-U7,13
3608439445576,2422073,accessories,Sunglasses,Walking 500 편광 피트니스 워킹 선글라스 카테고리 3 블루 No Size,1,OS,Blue,27.84,GB-R5-U1,12
3608419213652,2526574,accessories,Gloves,500 소맷동이 달린 웨이트 트레이닝 장갑 체리 레드 S,1,S,Red,9.85,GB-R5-U2,16
3583787825624,2458195,accessories,SPRINT II GLOVES,"SPRINT II GLOVES, 2XL",1,XXL,Green,16.26,GB-R5-U3,10
3608439434808,2462661,accessories,SH500 Gloves,SH500 아동 스트레치 장갑 블랙 14,1,OS,Black,11.99,GB-R5-U4,12
3583788251040,2246794,accessories,Gloves,100 여성 초급자용 장갑 양손 - 화이트  L/XL,1,L,White,8.02,GB-R5-U5,10
3583788495611,688809,accessories,Adult Strong 700 Accessory,Strong 700 성인 무릎 보호대 블랙 1,1,OS,Black,17.56,GB-R5-U6,11
3583788226673,2343444,accessories,PADDOCK adult horse riding LACE-UP boots,PADDOCK adult horse riding LACE-UP boots 블랙 245mm_EU 39,1,OS,Black,5.91,GB-R5-U7,11
3608439391132,2769475,accessories,Sunglasses,MH K 900 어린이 4 ~ 6세 하이킹 선글라스 카테고리 4 일렉트릭 블루 단일 사이즈,1,OS,Blue,26.56,ACC-01,12
3583787728888,2978540,accessories,Unisex Accessory,남녀공용 좌우 발목 압박 보호대 소프트 900 - 블랙  블랙 1,1,OS,Black,19.81,ACC-02,15
3583788536703,584988,accessories,Bag,Town 가방 2015 킥보드 휴대용 가방 (175 mm 최대) 카본 그레이 .,1,OS,Grey,14.0,ACC-03,16
3608419121681,2656705,accessories,Pants,여성 고무 밴드 단/허리 댄스 바지 블랙 2XS / W24 L30,1,OS,Black,5.79,ACC-04,13
3608429825975,2184451,accessories,Kalenji Accessory,Kalenji Run Sun Protect Long-Sleeved T-Shirt - Blue Snow white AGE 6,1,OS,Blue,8.41,CO-IR,14
3608449825252,4149101,accessories,UNIQUE,스키 / 스노보드 고글 케이스 P 500 - 블랙  UNIQUE,1,OS,Black,5.01,GF-R5-U1,14
3608439634789,634401,accessories,INSULATED BOTTLE,"INSULATED BOTTLE 1,5L .",1,OS,Red,32.38,GF-R5-U2,14
3608419058086,2603929,accessories,Girls' Accessory,여아용 짐 헤어밴드 S900 3개 세트 - 라이트블루/네이비/퍼플 페일 터키즈 UNIQUE,1,OS,Blue,5.13,GF-R5-U3,13
3583788811497,1503500,accessories,PRESCRIPTION swimming goggles No Size,PRESCRIPTION swimming goggles 블루 No Size,1,OS,Blue,17.4,GF-R5-U4,15
3608449869812,2366911,accessories,Slide Men/Womens Downhill Skiing Gloves Purple Navy blue,Slide 500 Men/Womens Downhill Skiing Gloves - Purple Navy blue 2XS,1,OS,Blue,13.74,GF-R5-U5,13
3583788287339,2219492,accessories,Fishing cap-1,Fishing cap-1 다크 그레이 유니크,1,OS,Grey,12.45,GF-R5-U6,11
3608459627518,2198689,accessories,Men's Sun-Protect Accessory,500 남성용 긴 소매 자외선 차단 서핑 레쉬가드 다크 블루 2XL,1,XXL,Blue,18.11,GF-R5-U7,8
3608429714163,4100537,accessories,L EF,러닝 스포츠 브라 크롭 탑 지퍼 패드 - 네이비 블루 네이비 블루 L EF,1,L,Blue,19.23,GB-R5-U1,12
3608399910466,2003867,accessories,Soft 500 Accessory,Soft 500 Padel Tennis Badminton Squash Table Tennis Shorts - Grey Graphics GREY L,1,L,Grey,32.26,GB-R5-U2,16
3583787979730,2748607,accessories,GOGGLES B-FAST BLACK RED MIR UNIQUE,"GOGGLES 900 B-FAST BLACK RED MIR, UNIQUE",1,OS,Black,29.78,GB-R5-U3,11
3608419214413,2387672,accessories,Gloves,100 웨이트 트레이닝 장갑 체리 레드 XS/S,1,XS,Red,21.17,GB-R5-U4,14
3583788535218,604833,accessories,CAPERLAN Accessory,CAPERLAN CN Fishing vest-5 AGATHE 카본 그레이 S,1,S,Grey,6.06,GB-R5-U5,13
3583788154761,2575584,accessories,Backpack,마운티어링 백팩 알피니즘 22 L - 그레이 블랙 단일 사이즈,1,L,Black,19.28,GB-R5-U6,11
3608429792468,2488771,accessories,Running,러닝용 수통 보관 벨트 2X150 ML (수통 미포함) 다크 그레이 ML,1,OS,Grey,5.02,GB-R5-U7,8
3608390806829,5086545,accessories,GOGGLES CAT3 BB TRQ,"GOGGLES 500 CAT3 BB TRQ, 2XS",1,OS,Orange,14.02,ACC-01,16
3608429714132,4100533,accessories,XL EF,러닝 스포츠 브라 크롭 탑 지퍼 패드 - 네이비 블루 네이비 블루 3XL EF,1,3XL,Blue,5.76,ACC-02,14
3583787750285,2904255,accessories,Adult Inline Fitness Skate,피트 100/500 성인용 인라인스케이트 브레이크 패드 초급자용 블랙 단일 사이즈,1,OS,Black,13.58,ACC-03,13
3608429709916,4108839,accessories,Running,By Night 러닝용 헤드밴드 - 블랙 / 그레이 카키 그레이 UNIQUE,1,OS,Black,6.64,ACC-04,12
3608449948289,1724159,accessories,Defense Jacket Adult Skiing and Snowboarding Protector Gilet,Defense Jacket Adult Skiing and Snowboarding Protector Gilet 블랙 M,1,M,Black,5.83,CO-IR,8
3583788325406,2409895,accessories,Unisex Lumbar Support Belt,스트롱 900 남녀 공용 허리 보호대 블랙 3,1,OS,Black,19.33,GF-R5-U1,16
3608439545269,2116204,accessories,Toplight Mens Padded Hiking Jacket BLACK M,Toplight Mens Padded Hiking Jacket BLACK M,1,M,Black,5.4,GF-R5-U2,15
3608439313479,4242937,accessories,Sunglasses,MH550W 카테고리 3 여성 하이킹 선글라스  단일 사이즈,1,OS,Teal,5.8,GF-R5-U3,16
3608449861212,2426323,accessories,Free Mens Ski Gloves,Free 300 Mens Ski Gloves 담슨 XL,1,XL,Navy,8.0,GF-R5-U4,14
3608439362958,4073300,accessories,Adult Sunglasses,MH120A 성인용 하이킹 선글라스 카테고리 2  단일 사이즈,1,OS,Grey,5.44,GF-R5-U5,9
3608429749073,2664474,accessories,Kiprun Running Socks,Kiprun 스트랩 러닝 양말 블랙 245-255mm_EU 39-40,1,OS,Black,5.03,GF-R5-U6,9
3608390001125,2731312,accessories,Slide Mens/Womens Downhill Ski Gloves,Slide 100 Mens/Womens Downhill Ski Gloves 갤럭시 블루 2XL,1,XXL,Blue,8.58,GF-R5-U7,16
3608399820987,4175253,accessories,PINK,700 스포츠 손목 밴드 새먼 핑크 PINK,1,OS,Pink,15.28,GB-R5-U1,14
3608439350207,2978526,accessories,Bottle Tritan L mint gre No Size,"Bottle 900 Tritan 0,5L mint gre, No Size",1,OS,Blue,29.07,GB-R5-U2,16
3583788092230,2588077,accessories,Backpack,Classic 35 L 단체 종목 스포츠 백팩 다크 페트롤 블루 35L,1,L,Blue,6.58,GB-R5-U3,7
3608399854586,2634619,accessories,Kids' Socks,RS 160 주니어 스포츠 미드 양말 3팩 화이트 175-190mm_EU27-30,1,OS,White,6.7,GB-R5-U4,14
3608429740858,2777521,accessories,Women's Cap,런 웜 여성용 모자달린 긴소매 저지 - 바이올렛 포기 블루 L-XL,1,L,Blue,17.32,GB-R5-U5,15
3583788113324,2605780,accessories,Backpack,Classic 17 L 단체 종목 스포츠 백팩 카본 그레이 15L,1,L,Grey,23.24,GB-R5-U6,15
3608439373336,2951167,accessories,Adult Sunglasses,MH 140 성인 카테고리 3 하이킹 선글라스 카키 브라운 단일 사이즈,1,OS,Orange,14.79,GB-R5-U7,10
3583787086162,4801854,accessories,UV  PROTECT ARM COVER WHITE,"UV  PROTECT ARM COVER WHITE, XS",1,XS,White,30.17,ACC-01,17
3583788367246,2053268,accessories,cm  ONE SIZE FITS ALL,극세사 수건 L 사이즈 80 x 130 cm  ONE SIZE FITS ALL,1,L,Pink,8.64,ACC-02,7
3608419269918,2314891,accessories,Girls,960 Girls 짐 헤어밴드 3종 세트 플루오 딥 마젠타 아동,1,OS,Teal,20.61,ACC-03,12
3608459632024,2194904,accessories,Men's Accessory,남성용 UV Protection 서핑용 긴 소매 레쉬가드 - 화이트,1,OS,White,5.01,ACC-04,13
3608399818519,4004962,accessories,CAP RED NAVY S54 No Size,"TC 500 CAP RED NAVY S54, No Size",1,OS,Navy,16.68,CO-IR,10
3583788476702,753282,accessories,Hexagirls Adult Horse Riding Gloves,Hexagirls Adult Horse Riding Gloves 토프 그레이 L,1,L,Grey,29.37,GF-R5-U1,16
3583788367307,2053269,accessories,Accessory,휴대용 극세사 수건 S 사이즈 42 x 55 cm 블루 .,1,S,Blue,5.46,GF-R5-U2,17
3583788534310,545579,accessories,Proleather Adult Horse Riding Gloves,Proleather Adult Horse Riding Gloves 블랙 XL,1,XL,Black,15.32,GF-R5-U3,11
3608429753308,2697718,accessories,Running,러닝용 라지 스마트폰 암밴드 화이트 UNIQUE,1,OS,White,16.34,GF-R5-U4,8
3608439261800,4451161,accessories,MH100 Accessory,"CAP MH100 TW TRUCKER BLACK, No Size",1,OS,Black,9.85,GF-R5-U5,15
3608439373640,2951283,accessories,Sunglasses,MH K 900 어린이 4 ~ 6세 하이킹 선글라스 카테고리 4 캐리비안 블루 단일 사이즈,1,OS,Blue,21.54,GF-R5-U6,15
3583787765074,4073766,accessories,Cap,Travel 500 모자  60-62cm,1,OS,Red,14.62,GF-R5-U7,10
3608439396496,2690776,accessories,Kids' T140 Sunglasses,MH T140 아동용 카테고리 3 하이킹 선글라스 (11-14세용) - 블루/오렌지 블러드 오렌지 단일 사이즈,1,OS,Blue,12.11,GB-R5-U1,13
3608390010752,2967728,accessories,SLEEPING BAG MT RED,"SLEEPING BAG MT 500 15° RED, M",1,M,Red,15.64,GB-R5-U2,14
3608459619933,2216355,accessories,Men's Sun-Protect Accessory,500 남성용 긴 소매 자외선 차단 서핑 레쉬가드 - 블루 스트라이프,1,OS,Blue,17.84,GB-R5-U3,12
3608439629358,649866,accessories,ARPENAZ Backpack,ARPENAZ 40L 백팩 - 블루/그레이: 입구 고정 벨트 Navy blue,1,OS,Blue,5.63,GB-R5-U4,9
3583784046145,4172529,accessories,Socks,하이 컴포트 양말 X2 코랄 핑크 245-265mm_EU 39-42,1,OS,Pink,5.19,GB-R5-U5,13
3608409891259,2358138,accessories,MID-SEASON GLOVES BLACK,"MID-SEASON GLOVES 500 BLACK, L",1,L,Black,16.81,GB-R5-U6,9
3608393626165,5687035,accessories,BOTTLE KID INSULATED No Size,"BOTTLE 900 KID INSULATED 0,35L, No Size",1,OS,Green,16.46,GB-R5-U7,7
3608429686750,4154340,accessories,SUN PROTECT LS TS M BLUE H17B,"SUN PROTECT LS TS M BLUE H17B, L",1,M,Blue,21.23,ACC-01,13
3583788052197,2461389,footwear,"FIBAGLIGHT Shoe bag FLY, 12L","FIBAGLIGHT Shoe bag FLY, 12L",0,OS,Red,59.38,PW-01,8
3583787734926,2884127,footwear,"shoe bag team sport Academic Black, 10L","shoe bag team sport Academic Black, 10L",0,OS,Black,55.41,PW-02,8
3608419094763,2835934,footwear,"Shoe bag Black, No Size","Shoe bag Black, No Size",0,OS,Black,69.44,PW-03,5
3608392109508,5383172,footwear,"KIPRUN KS 900 2 W - Pink Y, UK 5.5  EU39","KIPRUN KS 900 2 W - Pink Y, UK 5.5  EU39",0,US M 6,Pink,42.35,PW-04,6
3608392108495,5383171,footwear,"KIPRUN KS 900 2 W - Pink Yel, UK 5  EU38","KIPRUN KS 900 2 W - Pink Yel, UK 5  EU38",0,US M 5,Pink,112.47,PW-05,6
3583787788233,2959429,footwear,"SHOES STORAGE, No Size","SHOES STORAGE, No Size",0,OS,Teal,82.63,PW-06,5
3608392108471,5383169,footwear,"KIPRUN KS 900 2 W - Pink Yel, UK 3  EU36","KIPRUN KS 900 2 W - Pink Yel, UK 3  EU36",0,US M 3,Pink,48.7,PW-07,6
3608392108488,5383170,footwear,"KIPRUN KS 900 2 W - Pink Yel, UK 4  EU37","KIPRUN KS 900 2 W - Pink Yel, UK 4  EU37",0,US M 4,Pink,109.87,PW-08,6
3608390226825,4700533,footwear,"KIPRUN KS 500 2 M BLACK, UK 8.5 - EU 43","KIPRUN KS 500 2 M BLACK, UK 8.5 - EU 43",0,US M 10,Black,52.73,PE-01,8
3608392109515,5383173,footwear,"KIPRUN KS 900 2 W - Pink Y, UK 6.5  EU40","KIPRUN KS 900 2 W - Pink Y, UK 6.5  EU40",0,US M 7,Pink,48.04,PE-02,8
3608390226801,4700531,footwear,"KIPRUN KS 500 2 M BLACK, UK 8 - EU 42","KIPRUN KS 500 2 M BLACK, UK 8 - EU 42",0,US M 9,Black,113.62,PE-03,5
3608391774790,5273803,footwear,"KIPRUN KS900 2 M Blue, UK 9 - EU 43.5","KIPRUN KS900 2 M Blue, UK 9 - EU 43.5",0,US M 10.5,Blue,53.53,PE-04,5
3608392598739,5479300,footwear,"KIPRUN KD900X LD 2 M -, UK 8.5 - EU 42.5","KIPRUN KD900X LD 2 M -, UK 8.5 - EU 42.5",0,US M 9.5,Red,69.53,PE-05,8
3608390225583,4700529,footwear,"KIPRUN KS 500 2 M BLACK, UK 6.5 - EU 40","KIPRUN KS 500 2 M BLACK, UK 6.5 - EU 40",0,US M 7,Black,56.95,FB-01,5
3608392107689,5383072,footwear,"KIPRUN KS900 2 M - Whi, UK 8.5 - EU 42.5","KIPRUN KS900 2 M - Whi, UK 8.5 - EU 42.5",0,US M 9.5,White,54.29,GA-01,6
3608390226863,4700537,footwear,"KIPRUN KS 500 2 M BLACK, UK 10.5 - EU 45","KIPRUN KS 500 2 M BLACK, UK 10.5 - EU 45",0,US M 12,Black,95.37,GA-02,8
3608390225590,4700530,footwear,"KIPRUN KS 500 2 M BLACK, UK 7 - EU 41","KIPRUN KS 500 2 M BLACK, UK 7 - EU 41",0,US M 8,Black,48.83,PW-01,7
3608390226849,4700535,footwear,"KIPRUN KS 500 2 M BLACK, UK 9.5 - EU 44","KIPRUN KS 500 2 M BLACK, UK 9.5 - EU 44",0,US M 11,Black,84.43,PW-02,6
3608392535178,5467010,footwear,"KIPRUN KS 900 2 W - black, UK 5.5  EU39","KIPRUN KS 900 2 W - black, UK 5.5  EU39",0,US M 6,Black,43.55,PW-03,6
3608459665329,2045906,footwear,"SNK 500 AD Aquashoes, EU 40-41  UK 6.5-7","SNK 500 AD Aquashoes, EU 40-41  UK 6.5-7",0,US M 7,Red,118.73,PW-04,6
3608439276576,4236810,footwear,"SHOES MH500 WP M DKG, UK 6.5 - EU 40","SHOES MH500 WP M DKG, UK 6.5 - EU 40",0,US M 7,Grey,38.22,PW-05,5
3608439246524,4548269,footwear,"SHOE NH100 MID M BLACK, UK 7 - EU 41","SHOE NH100 MID M BLACK, UK 7 - EU 41",0,US M 8,Black,36.79,PW-06,5
3608392107696,5383073,footwear,"KIPRUN KS900 2 M - White, UK 8.5 - EU 43","KIPRUN KS900 2 M - White, UK 8.5 - EU 43",0,US M 10,White,72.15,PW-07,6
3608390384471,4988439,footwear,"KIPRUN KD900 2 M - white, UK 9.5 - EU 44","KIPRUN KD900 2 M - white, UK 9.5 - EU 44",0,US M 11,White,35.35,PW-08,6
3608439276507,4236816,footwear,"SHOES MH500 WP M DKG, UK 9.5 - EU 44","SHOES MH500 WP M DKG, UK 9.5 - EU 44",0,US M 11,Grey,73.99,PE-01,6
3608391778729,5273806,footwear,"KIPRUN KS900 2 M Blue, UK 10.5 - EU 45","KIPRUN KS900 2 M Blue, UK 10.5 - EU 45",0,US M 12,Blue,68.16,PE-02,8
3608390671410,5056599,footwear,"SHOES MH500 WP M, UK 8.5 - EU 43","SHOES MH500 WP M, UK 8.5 - EU 43",0,US M 10,Navy,44.06,PE-03,4
3608390386444,4988446,footwear,"KIPRUN KD900 2 M - white, UK 9 - EU 43.5","KIPRUN KD900 2 M - white, UK 9 - EU 43.5",0,US M 10.5,White,61.49,PE-04,4
3608439276477,4236811,footwear,"SHOES MH500 WP M DKG, UK 7 - EU 41","SHOES MH500 WP M DKG, UK 7 - EU 41",0,US M 8,Red,71.9,PE-05,5
3608392118418,5379859,footwear,"KIPRUN KD900 2 W - White, UK 6.5  EU40","KIPRUN KD900 2 W - White, UK 6.5  EU40",0,US M 7,White,37.11,FB-01,6
3608391778705,5273804,footwear,"KIPRUN KS900 2 M Blue, UK 9.5 - EU 44","KIPRUN KS900 2 M Blue, UK 9.5 - EU 44",0,US M 11,Blue,89.91,GA-01,4
3608391778712,5273805,footwear,"KIPRUN KS900 2 M Blue, UK 10 - EU 44.5","KIPRUN KS900 2 M Blue, UK 10 - EU 44.5",0,US M 11.5,Blue,101.56,GA-02,7
3608392450938,5445680,footwear,"KIPRUN KD900X LD 2 M - P, UK 8.5 - EU 43","KIPRUN KD900X LD 2 M - P, UK 8.5 - EU 43",0,US M 10,Red,43.52,PW-01,7
3608391774752,5273799,footwear,"KIPRUN KS900 2 M Blue, UK 7 - EU 41","KIPRUN KS900 2 M Blue, UK 7 - EU 41",0,US M 8,Blue,38.84,PW-02,5
3608392108556,5383047,footwear,"KIPRUN KS900 2 M - Full, UK 8.5 - EU 43","KIPRUN KS900 2 M - Full, UK 8.5 - EU 43",0,US M 10,Pink,81.36,PW-03,8
3608392598722,5479299,footwear,"KIPRUN KD900X LD 2 M - Ora, UK 8 - EU 42","KIPRUN KD900X LD 2 M - Ora, UK 8 - EU 42",0,US M 9,Red,54.91,PW-04,6
3608429670612,4047748,footwear,"RUN JF500.1 W SHOES GREY PIN, UK 4  EU37","RUN JF500.1 W SHOES GREY PIN, UK 4  EU37",0,US M 4,Grey,50.92,PW-05,8
3608429670407,4400739,footwear,"RUN JF500.1 W SHOES PINK, UK 4  EU37","RUN JF500.1 W SHOES PINK, UK 4  EU37",0,US M 4,Pink,49.0,PW-06,6
3608439282959,4236864,footwear,"Shoes MH500 Mid WTP MID M, UK 8 - EU 42","Shoes MH500 Mid WTP MID M, UK 8 - EU 42",0,US M 9,White,108.96,PW-07,4
3608459665350,2045905,footwear,"SNK 500 AD Aquashoes, EU 38-39  UK 5-5.5","SNK 500 AD Aquashoes, EU 38-39  UK 5-5.5",0,US M 5,Navy,40.87,PW-08,7
3608390337705,4988049,footwear,"KIPRUN KS900 LIGHT M gre, UK 8.5 - EU 43","KIPRUN KS900 LIGHT M gre, UK 8.5 - EU 43",0,US M 10,White,94.77,PE-01,5
3608392107665,5383070,footwear,"KIPRUN KS900 2 M - White G, UK 7 - EU 41","KIPRUN KS900 2 M - White G, UK 7 - EU 41",0,US M 8,White,37.28,PE-02,4
3608392109201,5383074,footwear,"KIPRUN KS900 2 M - White, UK 9 - EU 43.5","KIPRUN KS900 2 M - White, UK 9 - EU 43.5",0,US M 10.5,White,110.3,PE-03,8
3608392109225,5383076,footwear,"KIPRUN KS900 2 M - Whit, UK 10 - EU 44.5","KIPRUN KS900 2 M - Whit, UK 10 - EU 44.5",0,US M 11.5,Black,64.4,PE-04,5
3608391774783,5273802,footwear,"KIPRUN KS900 2 M Blue, UK 8.5 - EU 43","KIPRUN KS900 2 M Blue, UK 8.5 - EU 43",0,US M 10,Blue,38.9,PE-05,6
3608439276484,4236814,footwear,"SHOES MH500 WP M DKG, UK 8.5 - EU 43","SHOES MH500 WP M DKG, UK 8.5 - EU 43",0,US M 10,Black,47.54,FB-01,6
3608392108570,5383049,footwear,"KIPRUN KS900 2 M - Full, UK 9.5 - EU 44","KIPRUN KS900 2 M - Full, UK 9.5 - EU 44",0,US M 11,Green,66.73,GA-01,8
3608391774769,5273800,footwear,"KIPRUN KS900 2 M Blue, UK 8 - EU 42","KIPRUN KS900 2 M Blue, UK 8 - EU 42",0,US M 9,Blue,40.76,GA-02,5
3608439276521,4236818,footwear,"SHOES MH500 WP M DKG, UK 10.5 - EU 45","SHOES MH500 WP M DKG, UK 10.5 - EU 45",0,US M 12,Teal,38.48,PW-01,6
3608459759660,608629,footwear,"Aquashoes SNK 100 AD, EU 42-43  UK 8-8.5","Aquashoes SNK 100 AD, EU 42-43  UK 8-8.5",0,US M 9,Blue,45.51,PW-02,8
3583787779965,2889309,footwear,"Aquashoes SNK 500 A, UK 9.5-10.5 EU44-45","Aquashoes SNK 500 A, UK 9.5-10.5 EU44-45",0,US M 11,Blue,114.83,PW-03,6
3583787780015,2889305,footwear,"Aquashoes SNK 500 AD B, UK 5-5.5 EU38-39","Aquashoes SNK 500 AD B, UK 5-5.5 EU38-39",0,US M 5,Navy,41.31,PW-04,4
3608390169658,4000299,footwear,"Aquashoes 120 Ad Black, UK 5-5.5 EU38-39","Aquashoes 120 Ad Black, UK 5-5.5 EU38-39",0,US M 5,Black,79.47,PW-05,5
3608439282973,4236866,footwear,"Shoes MH500 Mid WTP MID, UK 8.5 - EU 43","Shoes MH500 Mid WTP MID, UK 8.5 - EU 43",0,US M 10,Grey,73.72,PW-06,6
3608439246609,4548268,footwear,"SHOE NH100 MID M BLACK, UK 6.5 - EU 40","SHOE NH100 MID M BLACK, UK 6.5 - EU 40",0,US M 7,Black,75.45,PW-07,5
3608392107672,5383071,footwear,"KIPRUN KS900 2 M - White G, UK 8 - EU 42","KIPRUN KS900 2 M - White G, UK 8 - EU 42",0,US M 9,White,112.52,PW-08,7
3608390386451,4988447,footwear,"KIPRUN KD900 2 M - whit, UK 10 - EU 44.5","KIPRUN KD900 2 M - whit, UK 10 - EU 44.5",0,US M 11.5,Green,43.46,PE-01,8
3608390670994,5056597,footwear,"SHOES MH500 WP M, UK 8 - EU 42","SHOES MH500 WP M, UK 8 - EU 42",0,US M 9,Green,59.48,PE-02,6
3608439276453,4236812,footwear,"SHOES MH500 WP M DKG, UK 8 - EU 42","SHOES MH500 WP M DKG, UK 8 - EU 42",0,US M 9,Pink,81.62,PE-03,7
3608392450983,5445685,footwear,"KIPRUN KD900X LD 2 M -, UK 8.5 - EU 42.5","KIPRUN KD900X LD 2 M -, UK 8.5 - EU 42.5",0,US M 9.5,Red,117.76,PE-04,4
3608392451003,5445687,footwear,"KIPRUN KD900X LD 2 M -, UK 10 - EU 44.5","KIPRUN KD900X LD 2 M -, UK 10 - EU 44.5",0,US M 11.5,White,65.41,PE-05,6
3608429670353,4400742,footwear,"RUN JF500.1 W SHOES PINK, UK 6.5  EU40","RUN JF500.1 W SHOES PINK, UK 6.5  EU40",0,US M 7,Pink,48.16,FB-01,6
3608439283055,4236862,footwear,"Shoes MH500 Mid WTP MID, UK 6.5 - EU 40","Shoes MH500 Mid WTP MID, UK 6.5 - EU 40",0,US M 7,Red,73.75,GA-01,4
3608439240478,4894885,footwear,"SHOES MH500 MID WTP W, UK 6.5  EU40","SHOES MH500 MID WTP W, UK 6.5  EU40",0,US M 7,Blue,76.15,GA-02,6
3608439240485,4894882,footwear,"SHOES MH500 MID WTP W, UK 4  EU37","SHOES MH500 MID WTP W, UK 4  EU37",0,US M 4,Red,103.77,PW-01,8
3608439240508,4894880,footwear,"SHOES MH500 MID WTP W, UK 3  EU36","SHOES MH500 MID WTP W, UK 3  EU36",0,US M 3,White,43.85,PW-02,4
3608391774745,5273798,footwear,"KIPRUN KS900 2 M Blue, UK 6.5 - EU 40","KIPRUN KS900 2 M Blue, UK 6.5 - EU 40",0,US M 7,Blue,37.37,PW-03,4
3608392109232,5383077,footwear,"KIPRUN KS900 2 M - Whit, UK 10.5 - EU 45","KIPRUN KS900 2 M - Whit, UK 10.5 - EU 45",0,US M 12,Navy,84.44,PW-04,6
3608392115509,5379283,footwear,"KIPRUN KS900 LIGHT M -, UK 10 - EU 44.5","KIPRUN KS900 LIGHT M -, UK 10 - EU 44.5",0,US M 11.5,Red,66.01,PW-05,6
3608392115554,5379310,footwear,"KIPRUN KS 900 LIGHT W - Purp, UK 4  EU37","KIPRUN KS 900 LIGHT W - Purp, UK 4  EU37",0,US M 4,Green,108.44,PW-06,7
3608392115233,5379303,footwear,"KIPRUN KS900 LIGHT M - W, UK 9.5 - EU 44","KIPRUN KS900 LIGHT M - W, UK 9.5 - EU 44",0,US M 11,Blue,56.72,PW-07,8
3608439246579,4547505,footwear,"SHOE NH100 LOW M NAVY BLUE, UK 8 - EU 42","SHOE NH100 LOW M NAVY BLUE, UK 8 - EU 42",0,US M 9,Blue,45.36,PW-08,4
3608439246425,4548274,footwear,"SHOE NH100 MID M BLACK, UK 9.5 - EU 44","SHOE NH100 MID M BLACK, UK 9.5 - EU 44",0,US M 11,Black,89.97,PE-01,6
3608439240492,4894883,footwear,"SHOES MH500 MID WTP W, UK 5  EU38","SHOES MH500 MID WTP W, UK 5  EU38",0,US M 5,White,38.79,PE-02,6
3608392118432,5379861,footwear,"KIPRUN KD900 2 W - White, UK 8  EU42","KIPRUN KD900 2 W - White, UK 8  EU42",0,US M 9,White,66.4,PE-03,5
3608439276569,4236893,footwear,"Shoes MH500 Mid WTP MID M, UK 7 - EU 41","Shoes MH500 Mid WTP MID M, UK 7 - EU 41",0,US M 8,White,53.47,PE-04,6
3608439374920,2728609,footwear,"SHOES MH100 MID WP M BLA, UK 8.5 - EU 43","SHOES MH100 MID WP M BLA, UK 8.5 - EU 43",0,US M 10,Black,65.88,PE-05,7
3583787779989,2889308,footwear,"Aquashoes SNK 500 AD B, UK 8-8.5 EU42-43","Aquashoes SNK 500 AD B, UK 8-8.5 EU42-43",0,US M 9,Navy,36.68,FB-01,5
3608439411892,2467918,footwear,"SHOES MH100 WP H GRIS, UK 10.5 - EU 45","SHOES MH100 WP H GRIS, UK 10.5 - EU 45",0,US M 12,Grey,78.21,GA-01,5
3608439374982,2728608,footwear,"SHOES MH100 MID WP M BLACK, UK 8 - EU 42","SHOES MH100 MID WP M BLACK, UK 8 - EU 42",0,US M 9,Black,61.15,GA-02,4
3608429670377,4400740,footwear,"RUN JF500.1 W SHOES PINK, UK 5  EU38","RUN JF500.1 W SHOES PINK, UK 5  EU38",0,US M 5,Pink,35.6,PW-01,6
3608429670384,4400741,footwear,"RUN JF500.1 W SHOES PINK, UK 5.5  EU39","RUN JF500.1 W SHOES PINK, UK 5.5  EU39",0,US M 6,Pink,92.28,PW-02,5
3608390169672,4000301,footwear,"Aquashoes 120 Ad Black, UK 8-8.5 EU42-43","Aquashoes 120 Ad Black, UK 8-8.5 EU42-43",0,US M 9,Black,86.33,PW-03,6
3608429668206,4201146,footwear,"RUN JF500K.1 M SHOES NAV, UK 9.5 - EU 44","RUN JF500K.1 M SHOES NAV, UK 9.5 - EU 44",0,US M 11,Green,48.89,PW-04,5
3608459665343,2045904,footwear,"SNK 500 AD Aquashoes b, EU 36-37  UK 3-4","SNK 500 AD Aquashoes b, EU 36-37  UK 3-4",0,US M 3,Red,73.35,PW-05,4
3608439240461,4894884,footwear,"SHOES MH500 MID WTP W, UK 5.5  EU39","SHOES MH500 MID WTP W, UK 5.5  EU39",0,US M 6,Pink,110.8,PW-06,8
3608390169481,4000330,footwear,"Aquashoes 120 Ad Lagun, UK 6.5-7 EU40-41","Aquashoes 120 Ad Lagun, UK 6.5-7 EU40-41",0,US M 7,Red,87.62,PW-07,6
3608390641475,5054101,footwear,"Aquashoes 120 Ad Light K, UK 3-4 EU36-37","Aquashoes 120 Ad Light K, UK 3-4 EU36-37",0,US M 3,Teal,35.42,PW-08,8
3608390385478,4997670,footwear,"KIPRUN KD900 LIGHT M whi, UK 9.5 - EU 44","KIPRUN KD900 LIGHT M whi, UK 9.5 - EU 44",0,US M 11,Blue,51.37,PE-01,6
3608390885411,5115273,footwear,"SHOES SH500 MID LEATHER, UK 8.5 - EU 43","SHOES SH500 MID LEATHER, UK 8.5 - EU 43",0,US M 10,Pink,72.11,PE-02,6
3608439247583,4399005,footwear,"SHOES MH500 M, UK 6.5 - EU 40","SHOES MH500 M, UK 6.5 - EU 40",0,US M 7,Blue,72.18,PE-03,5
3608439276491,4236896,footwear,"Shoes MH500 Mid WTP MID, UK 8.5 - EU 43","Shoes MH500 Mid WTP MID, UK 8.5 - EU 43",0,US M 10,Grey,40.9,PE-04,8
3608392109218,5383075,footwear,"KIPRUN KS900 2 M - White, UK 9.5 - EU 44","KIPRUN KS900 2 M - White, UK 9.5 - EU 44",0,US M 11,White,35.86,PE-05,4
3608390670987,5056596,footwear,"SHOES MH500 WP M, UK 7 - EU 41","SHOES MH500 WP M, UK 7 - EU 41",0,US M 8,Navy,51.2,FB-01,5
3608390384983,4997650,footwear,"KIPRUN KD900 LIGHT M green, UK 7 - EU 41","KIPRUN KD900 LIGHT M green, UK 7 - EU 41",0,US M 8,Green,104.94,GA-01,8
3608392118401,5379858,footwear,"KIPRUN KD900 2 W - White, UK 5.5  EU39","KIPRUN KD900 2 W - White, UK 5.5  EU39",0,US M 6,White,58.37,GA-02,6
3608392115172,5379280,footwear,"KIPRUN KS900 LIGHT M - G, UK 8.5 - EU 43","KIPRUN KS900 LIGHT M - G, UK 8.5 - EU 43",0,US M 10,Teal,116.49,PW-01,5
3608392115158,5379278,footwear,"KIPRUN KS900 LIGHT M - Gre, UK 8 - EU 42","KIPRUN KS900 LIGHT M - Gre, UK 8 - EU 42",0,US M 9,Black,68.91,PW-02,5
3608439245824,4547434,footwear,"SHOE NH100 LOW M DARK GREY, UK 8 - EU 42","SHOE NH100 LOW M DARK GREY, UK 8 - EU 42",0,US M 9,Grey,40.21,PW-03,4
3608392535185,5467011,footwear,"KIPRUN KS 900 2 W - black, UK 6.5  EU40","KIPRUN KS 900 2 W - black, UK 6.5  EU40",0,US M 7,Black,58.19,PW-04,4
3608439246555,4548271,footwear,"SHOE NH100 MID M BLACK, UK 8.5 - EU 43","SHOE NH100 MID M BLACK, UK 8.5 - EU 43",0,US M 10,Black,88.26,PW-05,6
3608392108563,5383048,footwear,"KIPRUN KS900 2 M - Full, UK 9 - EU 43.5","KIPRUN KS900 2 M - Full, UK 9 - EU 43.5",0,US M 10.5,Black,66.79,PW-06,4
3608392108594,5383051,footwear,"KIPRUN KS900 2 M - Full, UK 10.5 - EU 45","KIPRUN KS900 2 M - Full, UK 10.5 - EU 45",0,US M 12,Red,54.24,PW-07,8
3608392108587,5383050,footwear,"KIPRUN KS900 2 M - Full, UK 10 - EU 44.5","KIPRUN KS900 2 M - Full, UK 10 - EU 44.5",0,US M 11.5,Black,117.87,PW-08,4
3608391774776,5273801,footwear,"KIPRUN KS900 2 M Blue, UK 8.5 - EU 42.5","KIPRUN KS900 2 M Blue, UK 8.5 - EU 42.5",0,US M 9.5,Blue,44.97,PE-01,4
3608439283017,4236870,footwear,"Shoes MH500 Mid WTP MID, UK 10.5 - EU 45","Shoes MH500 Mid WTP MID, UK 10.5 - EU 45",0,US M 12,Navy,40.22,PE-02,8
3608392115080,5379298,footwear,"KIPRUN KS900 LIGHT M - W, UK 6.5 - EU 40","KIPRUN KS900 LIGHT M - W, UK 6.5 - EU 40",0,US M 7,Navy,53.26,PE-03,4
3608392598753,5479302,footwear,"KIPRUN KD900X LD 2 M - O, UK 9 - EU 43.5","KIPRUN KD900X LD 2 M - O, UK 9 - EU 43.5",0,US M 10.5,Black,108.78,PE-04,6
3608392598715,5479298,footwear,"KIPRUN KD900X LD 2 M - Ora, UK 7 - EU 41","KIPRUN KD900X LD 2 M - Ora, UK 7 - EU 41",0,US M 8,Orange,81.22,PE-05,4
3608439276538,4236900,footwear,"Shoes MH500 Mid WTP MID, UK 10.5 - EU 45","Shoes MH500 Mid WTP MID, UK 10.5 - EU 45",0,US M 12,Navy,110.59,FB-01,8
3608392115134,5379276,footwear,"KIPRUN KS900 LIGHT M - G, UK 6.5 - EU 40","KIPRUN KS900 LIGHT M - G, UK 6.5 - EU 40",0,US M 7,White,41.82,GA-01,8
3608390874316,5011659,footwear,"Aquashoes 120 Ki, UK C11.5-12 - EU 30-31","Aquashoes 120 Ki, UK C11.5-12 - EU 30-31",0,OS,Red,116.75,GA-02,7
3608439283079,4236781,footwear,"SHOES MH500 LOW WTP M BLUE, UK 7 - EU 41","SHOES MH500 LOW WTP M BLUE, UK 7 - EU 41",0,US M 8,Blue,40.94,PW-01,7
3608429670360,4400743,footwear,"RUN JF500.1 W SHOES PINK, UK 7  EU41","RUN JF500.1 W SHOES PINK, UK 7  EU41",0,US M 8,Pink,52.32,PW-02,7
3608390671458,5056603,footwear,"SHOES MH500 WP M, UK 10.5 - EU 45","SHOES MH500 WP M, UK 10.5 - EU 45",0,US M 12,Black,81.16,PW-03,6
3608439283048,4236863,footwear,"Shoes MH500 Mid WTP MID M, UK 7 - EU 41","Shoes MH500 Mid WTP MID M, UK 7 - EU 41",0,US M 8,White,35.57,PW-04,4
3608439276514,4236898,footwear,"Shoes MH500 Mid WTP MID, UK 9.5 - EU 44","Shoes MH500 Mid WTP MID, UK 9.5 - EU 44",0,US M 11,Green,102.19,PW-05,6
3608439276583,4236892,footwear,"Shoes MH500 Mid WTP MID, UK 6.5 - EU 40","Shoes MH500 Mid WTP MID, UK 6.5 - EU 40",0,US M 7,Red,72.11,PW-06,7
3583784245951,4523316,footwear,"SHOES WARM SH500 MID M, UK 10.5 - EU 45","SHOES WARM SH500 MID M, UK 10.5 - EU 45",0,US M 12,Orange,80.15,PW-07,5
3583784279826,4530394,footwear,"SHOES SH520 X-WARM MID M, UK 5.5 - EU 39","SHOES SH520 X-WARM MID M, UK 5.5 - EU 39",0,US M 6,Orange,41.62,PW-08,7
3583784245913,4523312,footwear,"SHOES WARM SH500 MID M BLA, UK 7 - EU 41","SHOES WARM SH500 MID M BLA, UK 7 - EU 41",0,US M 8,Pink,44.42,PE-01,7
3608429735748,2952192,footwear,Women's Running Shoe,여성용 러닝화 런 서포트 - 라이트 블루 라이트 라벤더 블루 245mm_EU 39,1,US W 8,Blue,87.41,PE-02,6
3608439460562,2562739,footwear,NH300 Waterproof Hiking Boot,NH300 미드 여성 방수 자연 하이킹 부츠 다크 블루 245mm_EU 39,1,US W 8,Blue,71.83,PE-03,6
3583788194217,2544625,footwear,Kids' PW 500 Walking Shoe,PW 500 아동용 프레시 피트니스 워킹화 로열 블루 240mm_EU 38,1,EU 38,Blue,97.4,PE-04,6
3608390385461,4997669,footwear,KIPRUN KD900 Shoe,"KIPRUN KD900 LIGHT M whi, UK 9 - EU 43.5",1,US M 10.5,Navy,35.07,PE-05,6
3583788031581,2453798,footwear,Men's Waterproof Golf Shoe,남성용 방수 그립 골프화 - 화이트 스노우 화이트 265mm_EU 42,1,US M 9,White,112.89,FB-01,5
3608439509032,2191894,footwear,Quechua Arpenaz Waterproof Hiking Boot,Quechua Arpenaz 100 방수 남성 등산화 Navy blue,1,OS,Blue,58.03,GA-01,4
3583780710125,692096,footwear,Adult Jodhpur Boot,"홀스테인 성인 승마 조퍼 부츠 블랙 38 US:6,5 UK:5",1,OS,Black,86.37,GA-02,6
3608439618123,868991,footwear,Trek 500 Shoe,Trek 500 Mens Trekking Shoe - Brown BROWN EU 42,1,US M 9,Navy,52.83,PW-01,5
3608459667811,2037418,footwear,Areeta Shoe,Areeta Mens Shoes - Oly Blue Coast DARK BLUE EU 45,1,US M 12,Blue,70.54,PW-02,6
3608429758303,2424534,footwear,Men's Running Shoe,런 서포트 남성용 숨쉬는 조깅화 - 그린 블루 그레이 295mm_EU 46,1,US M 13,Blue,35.83,PW-03,4
3583788253631,2240897,footwear,Aquashoe Baby Pool Shoes,Aquashoe Baby Pool Shoes 블루 175mm,1,EU 28,Blue,69.59,PW-04,4
3583788416852,2008776,footwear,Adult Jodhpur Boot,클래식 원 100 성인 승마 조퍼 부츠 월넛 브라운 255mm_EU 40,1,US M 7,Teal,35.1,PW-05,7
3583788028123,2484753,footwear,Men's TREK 100 Mountain Hiking Boot,남성용 마운틴 트레킹 가죽 등산화 TREK 100 레더  웨일 그레이 2,1,OS,Grey,80.69,PW-06,4
3608439276460,4236894,footwear,MH500 Shoe,"Shoes MH500 Mid WTP MID M, UK 8 - EU 42",1,US M 9,White,94.02,PW-07,7
3583788113447,2581389,footwear,Adult SC500 Basketball Shoe,SC500 성인 Mid 농구화 - 블루/옐로우 블랙 245mm_EU 39,1,US M 6,Black,104.49,PW-08,7
3608419147629,2464481,footwear,Women's Shoe,120 미드 여성용 카디오 피트니스 신발 - 블랙 블랙 225mm_EU 36,1,US W 5,Black,50.74,PE-01,5
3583787861851,2836292,footwear,Kids' Agility 140 HG Soccer Cleat,아동용 축구화 Agility 140 HG - 버건디/오렌지 버건디 195mm_EU 31,1,EU 31,Pink,39.56,PE-02,8
3583788243199,2307498,footwear,PW 540 Walking Shoe,PW 540 어린이 피트니스 워킹화 네이비 블루 220mm_EU 35,1,EU 35,Blue,36.0,PE-03,8
3608429864943,2005429,footwear,Men's ELIOFEET Running Shoe,ELIOFEET 남성용 러닝화 - 블랙 그레이,1,OS,Black,55.03,PE-04,6
3583788241621,2307596,footwear,Adult Shield 500 Basketball Shoe,Shield 500 성인 중급자용 농구화 브라이트 레드 255mm_EU 40,1,US M 7,Red,94.23,PE-05,4
3583788053583,2639144,footwear,PW 160 Walking Shoe,PW 160 슬립온 여성 피트니스 워킹화 - 퍼플 담슨 240mm_EU 38,1,US W 7,Pink,36.47,FB-01,6
3608439553455,2094137,footwear,SH500 Waterproof Thermal Snow Hiking Shoe,SH500 남성 보온 방수 스노우 하이킹 슈즈 다크 블루 280mm_EU 44,1,US M 11,Blue,76.5,GA-01,6
3583788338246,2101378,footwear,Kids' Soft 140 Walking Shoe,Soft 140 아동용 피트니스 워킹화 - 핑크/차콜,1,OS,Pink,38.21,GA-02,7
3583788201038,2548402,footwear,PW 500 Walking Shoe,PW 500 프레시 여성 피트니스 워킹화 라이트 그레이 255mm_EU 40,1,US W 9,Grey,35.56,PW-01,7
3583788091486,2580349,footwear,Kids' Agility 900 HG Soccer Cleat,Agility 900 HG 아동용 하드피치 축구화 아스팔트 블루 205mm_EU 33,1,EU 33,Blue,58.75,PW-02,8
3583788030775,2591212,footwear,Kids' SS500H Basketball Shoe,SS500H 주니어 남아/여아 중급 농구화 - 블루 블랙 215mm_EU 34,1,EU 34,Black,114.58,PW-03,8
3583787818503,2919355,footwear,Adult Agility 900 Soccer Cleat,Agility 900 메시 미드 HG 성인 드라이피치 축구화 - 화이트 스노우 화이트 275mm_EU 43,1,US M 10,White,94.69,PW-04,5
3608459682289,2029411,footwear,Aqua Shoe,50 아쿠아슈즈 블루 270-275mm_EU 42-43,1,US M 9,Blue,53.43,PW-05,5
3583788438755,1842807,footwear,Adult EDGE LACE-UP Climbing Shoe,EDGE LACE-UP 성인 암벽화 라임 그린 280mm_EU 44,1,US M 11,Green,44.53,PW-06,8
3608419271355,2314525,footwear,Cross-Training Shoe,스트롱 900 크로스 트레이닝슈즈 체리 레드 265mm_EU 42,1,US M 9,Red,86.4,PW-07,7
3608429830610,2180070,footwear,Men's Shoe,RUN ELIORUN 남성용 런닝화 블랙 Navy blue,1,OS,Black,71.04,PW-08,4
3608418992084,2906109,footwear,Men's Shoe,남성용 피트니스화 100 2.0 - 화이트 스노우 화이트 260mm_EU 41,1,US M 8,White,71.25,PE-01,4
3608439840364,1559055,footwear,Men's Arpenaz Waterproof Thermal Hiking Boot,Arpenaz 500 남성용 보온성 방수 하이킹 부츠 블랙 285mm_EU 45,1,US M 12,Black,38.42,PE-02,7
3583787971291,2614603,footwear,Areeta Shoe,Areeta Mens Shoes 웨일 그레이 255mm_EU 40,1,US M 7,Grey,38.53,PE-03,5
3608439568589,2033172,footwear,ARPENAZ Shoe,남성 ARPENAZ 100 하이킹 샌들 브릭 레드 260mm,1,US M 8,Red,49.96,PE-04,8
3583784001939,4131464,footwear,Men's SH500 Waterproof Thermal Walking Shoe,남성용 스노우 워킹 방수 워킹화 SH500 X보온 미드 - 카키 카본 그레이 295mm_EU 46,1,US M 13,Grey,39.31,PE-05,5
3583787946237,2910042,footwear,Adult Agility 900 Pro HG Soccer Cleat,Agility 900 Pro HG 성인 하드피치 축구화 블랙 265mm_EU 42,1,US M 9,Black,35.19,FB-01,7
3608399855613,2401537,footwear,TS590,TS590 멀티코트 테니스화 - 블루 딥 인디고 295mm_EU 46,1,US M 13,Blue,53.29,GA-01,7
3608459607695,2362400,footwear,Men's Shoe,크루즈 100 남성용 보트 슈즈 아스팔트 블루 255mm_EU 40,1,US M 7,Blue,48.58,GA-02,4
3608429801528,2504974,footwear,Women's KIPRUN Shoe,KIPRUN 레이스 칼렌지 여성용 신발 블랙 240mm_EU 38,1,US W 7,Black,37.01,PW-01,8
3583788391760,2029223,footwear,Men's Golf Shoe,남성용 스파이크리스 골프화 100 - 블랙 블랙 260mm,1,US M 8,Black,37.93,PW-02,7
3608429795278,2505999,footwear,Men's Running Shoe,액티브 브리드 남성용 러닝화 페일 그레이 255mm_EU 40,1,US M 7,Grey,56.4,PW-03,8
3608459667392,2037386,footwear,Men's AREETA Shoe,AREETA 남성용 비치 슈즈 - 다크 블루 Magnolia,1,OS,Blue,85.95,PW-04,8
3583788028062,2484883,footwear,Women's Trek 100 Mountain Hiking Boot,여성용 마운틴 트레킹 가죽 등산화 Trek 100  퍼플 260mm_EU 41,1,US W 10,Green,66.01,PW-05,7
3608439541704,2118466,footwear,SH100 Waterproof Thermal Hiking Boot,SH100 립탭 아동 보온 방수 스노우 하이킹 부츠 담슨 180mm_EU 29,1,EU 29,Green,98.26,PW-06,5
3608439705151,1823058,footwear,Baby Shoe,Crossrock 유아용 하이킹화 블루/핑크 Blue azure,1,OS,Blue,37.6,PW-07,7
3608439412691,2470352,footwear,Men's MH500 Waterproof Mountain Hiking Boot,MH500 남성용 마운틴 하이킹 방수 등산화 그래니트 265mm_EU 42,1,US M 9,Teal,104.7,PW-08,7
3583788351061,2085943,footwear,Walking Shoe,Propulse Walk 240 맨 파워 워킹화 - 블랙/레드 Light grey,1,US 8.3,Black,40.44,PE-01,7
3583787921647,2943278,footwear,PW 540 Walking Shoe,PW 540 남성 피트니스 워킹화 - 블랙/오렌지 블랙 올리브 285mm_EU 45,1,US M 12,Black,61.3,PE-02,4
3608439362217,2754107,footwear,NH150 Shoe,Mens waterproof off-road hiking shoes NH150 Mid WP 카본 그레이 280mm_EU 44,1,US M 11,Grey,59.84,PE-03,5
3583784001946,4131465,footwear,Men's SH500 Waterproof Thermal Walking Shoe,남성용 스노우 워킹 방수 워킹화 SH500 X보온 미드 - 카키 카본 그레이 300mm_EU 47,1,US M 14,Grey,52.33,PE-04,8
3608439403194,2648477,footwear,Women's NH500 Waterproof Shoe,NH500 여성용 컨추리 워킹 방수 부츠 미드컷 - 베이지 카푸치노 255mm_EU 40,1,US W 9,Green,51.32,PE-05,6
3583788354338,2083431,footwear,active Shoe,Protect 540 mens active walking shoes - blue Pebble grey EU 39,1,US M 6,Blue,44.44,FB-01,8
3583788030546,2591166,footwear,Kids' SS500H Basketball Shoe,SS500H 주니어 남아/여아 중급 농구화 - 블루 네이비 블루 215mm_EU 34,1,EU 34,Blue,99.17,GA-01,7
3608399893592,2133850,footwear,TS100,TS100 여성 테니스화 화이트 245mm_EU 39,1,US W 8,White,68.62,GA-02,4
3583787931394,2898839,footwear,Kids' Agility 500 HG Soccer Cleat,Agility 500 HG 아동용 하드 그라운드 밸크로 축구화 - 그레이/레드 페일 그레이 220mm_EU 35,1,EU 35,Grey,69.93,PW-01,8
3583788221449,2348091,footwear,Walking Shoe,HW 540 남성 가죽 피트니스 워킹화 브라운 275mm_EU 43,1,US M 10,Teal,96.95,PW-02,7
3608429803263,2501022,footwear,Men's Kiprun Running Shoe,Kiprun 트레일 XT 7 남성용 트레일 러닝화 - 블랙/실버 블랙 275mm,1,US M 10,Black,113.09,PW-03,5
3583788086062,2495968,footwear,PW 140 Walking Shoe,PW 140 여성 피트니스 워킹화 - 화이트 스노우 화이트 235mm_EU 37,1,US W 6,White,85.15,PW-04,5
3583788224006,2346890,footwear,PW 540 Walking Shoe,PW 540 어린이 피트니스 워킹화 퍼플 185mm_EU 30,1,EU 30,Teal,48.09,PW-05,4
3608419354584,2110082,footwear,Women's Shoe,500 여성용 카디오 피트니스 신발 - 블랙/핑크 블랙 235mm,1,US W 6,Black,48.46,PW-06,5
3583788111214,2580609,footwear,Soccer Cleat,CLR 500 HG 어린이 하드 그라운드용 축구화 잉크팟 블루 220mm_EU 35,1,EU 35,Blue,103.29,PW-07,6
3583787762899,2839841,footwear,Adult Basketball Shoe,120 성인용 농구화 프로텍트 초급자용 - 블루/블랙 딥 블루 245mm_EU 39,1,US M 6,Black,76.62,PW-08,7
3608429784982,2502734,footwear,Boys' Shoe,런 서포트 남아용 트랙 러닝 벨크로 신발 - 블랙 그레이 오렌지 플루오 미드나잇 인디고 200mm_EU 32,1,OS,Black,55.8,PE-01,5
3608429885696,2005519,footwear,Men's Shoe,EKIPRIME 남성용 런닝화 그레이 블루 Blue grey,1,OS,Blue,109.89,PE-02,7
3608429801450,2501847,footwear,Women's KALENJI KIPRUN Running Shoe,KALENJI KIPRUN 패스트 여성용 러닝화 미드나잇 퍼플 225mm_EU 36,1,US W 5,Grey,74.94,PE-03,8
3608429758327,2424533,footwear,Men's Running Shoe,런 서포트 남성용 숨쉬는 조깅화 - 그린 블루 그레이 285mm_EU 45,1,US M 12,Blue,110.65,PE-04,7
3608399909439,2004918,footwear,TS160,TS160 어린이 테니스화 선샤인 옐로우 180mm_EU 29,1,EU 29,Green,39.62,PE-05,7
3608399874843,2342714,footwear,Kids' Shoe,BS700 어린이용 배드민턴화  235mm_EU 37,1,EU 37,Red,40.69,FB-01,6
3583787819197,2918366,footwear,Kids' Agility 140 HG Soccer Cleat,아동용 축구화 Agility 140 HG - 버건디/오렌지 페일 그레이 240mm_EU 38,1,EU 38,Grey,53.66,GA-01,4
3583780420475,749453,footwear,Shoe,가죽 드미포앵트 발레 슈즈 캔디플로스 175mm_EU 28,1,OS,Grey,113.33,GA-02,6
3608439462566,2554058,footwear,NH100 Waterproof Shoe,NH100 JR MID 방수 하이킹 슈즈 카본 그레이 195mm_EU 31,1,OS,Grey,53.65,PW-01,7
3583788307235,2179912,footwear,Kids' Soft 140 Walking Shoe,Soft 140 프레시 아동용 피트니스 워킹화 블랙 245mm_EU 39,1,EU 39,Black,76.81,PW-02,6
3608399834762,2901122,footwear,TS160,TS160 테니스화 멀티코트 - 화이트 스노우 화이트 260mm_EU 41,1,US M 8,White,38.14,PW-03,5
3608439442353,2554066,footwear,NH100 Waterproof Shoe,NH100 JR MID 방수 하이킹 슈즈 스톰 그레이 180mm_EU 29,1,OS,Grey,53.79,PW-04,8
3583788332824,2112096,footwear,Agility 300 AG Soccer Cleat,Agility 300 AG 인조잔디용 축구화 딥 블루 255mm_EU 40,1,US M 7,Blue,36.69,PW-05,6
3583787846353,4003871,footwear,Kids' Shoe,BS 160 주니어 배드민턴화 - 네이비 그린 네이비 블루 235mm_EU 37,1,EU 37,Blue,53.1,PW-06,4
3608399882251,2132469,footwear,TS100,TS100 테니스화 화이트 280mm_EU 44,1,US M 11,White,58.82,PW-07,6
3608419045987,2896596,footwear,Women's Shoe,여성용 피트니스화 520 - 핑크 데저트 로즈 260mm_EU 41,1,US W 10,Pink,63.08,PW-08,5
3583788242345,2307419,footwear,Walking Shoe,NW500 남성 노르딕 워킹화 네이비 블루 280mm_EU 44,1,US M 11,Blue,36.03,PE-01,6
3608429693451,4169824,footwear,Kids' Shoe,아동용 육상 운동화 AT300 브리드 - 마우브/퍼플 캔디플로스 240mm_EU 38,1,EU 38,Red,82.94,PE-02,5
3583788003298,2585272,footwear,Adult Soccer Cleat,아질리티 140 성인용 축구화 FG - 블루/그린 아스팔트 블루 255mm_EU 40,1,US M 7,Blue,39.54,PE-03,5
3583783810570,2491778,footwear,Women's KALENJI KIPRUN Running Shoe,KALENJI KIPRUN 패스트 여성용 러닝화 플루오 라임 옐로우 220mm_EU 35,1,US W 4,Pink,65.13,PE-04,5
3608429827320,2182677,footwear,Kids' Running Shoe,에키덴 액티브 스크래치 아동용 러닝화 플루오 핑크 215mm_EU 34,1,EU 34,Pink,116.97,PE-05,5
3608429693543,4225859,footwear,Kids' Shoe,아동용 육상 운동화 AT300 브리드 - 마우브/퍼플 브라이트 인디고 220mm_EU 35,1,EU 35,Red,45.7,FB-01,7
3608459955420,1351623,footwear,Women's Shoe,B 100 W Inj 여성용 샌들 퍼플 260-270mm_EU 41-42,1,US W 10,Green,49.19,GA-01,6
3583788221432,2348092,footwear,Walking Shoe,HW 540 남성 가죽 피트니스 워킹화 브라운 280mm_EU 44,1,US M 11,Orange,88.56,GA-02,6
3583788244042,2307029,footwear,PW 540 Walking Shoe,PW 540 어린이 피트니스 워킹화 틸 블루 220mm_EU 35,1,EU 35,Blue,88.41,PW-01,8
3608399855644,2643962,footwear,TS590,TS590 멀티코트 테니스화 - 블루 블랙 255mm_EU 40,1,US M 7,Black,95.35,PW-02,8
3608459667781,2037422,footwear,Areeta Shoe,Areeta Mens Shoes 다크 그레이 260mm_EU 41,1,US M 8,Grey,60.42,PW-03,5
3608429837718,2172884,footwear,Men's Running Shoe,런 액티브 그립 남성용 러닝화 다크 그레이 255mm_EU 40,1,US M 7,Grey,75.08,PW-04,4
3608409846587,4010675,footwear,RCR520,RCR520 카본 로드 자전거 신발 블랙 280mm_EU 44,1,US M 11,Black,102.95,PW-05,7
3608429797470,2501564,footwear,Men's Running Shoe,런 쿠션 남성용 러닝화 페트롤 블루 265mm_EU 42,1,US M 9,Blue,75.98,PW-06,5
3583788239505,2309406,footwear,Adult Agility 500 AG Soccer Cleat,Agility 500 AG 성인 인조잔디구장 축구화 블랙 265mm_EU 42,1,US M 9,Black,85.19,PW-07,6
3608399871088,2395415,footwear,TS190,TS190 테니스화 사이프러스 그린 265mm_EU 42,1,US M 9,Green,47.01,PW-08,5
3608439551598,2095178,footwear,SH100 Waterproof Thermal Snow Hiking Shoe,SH100 보온 방수 남성 스노우 하이킹 슈즈 블랙 285mm_EU 45,1,US M 12,Black,58.18,PE-01,8
3608390234981,4398924,footwear,MH100 Shoe,"SHOES MH100 MID WP W, UK 5.5  EU39",1,US M 6,Grey,42.7,PE-02,8
3583787922989,2425007,footwear,Walking Shoe,Actiwalk 아동 워킹화 - 블랙/블랙 블랙 175mm_EU 28,1,EU 28,Black,108.06,PE-03,4
3608439460623,2562748,footwear,NH300 Waterproof Hiking Boot,NH300 미드 여성 방수 자연 하이킹 부츠 카키 그레이 260mm,1,US W 10,Grey,49.11,PE-04,6
3608439405891,2481422,footwear,NH150 Shoe,"Shoes NH150 WP Blue M, UK 7 - EU 41",1,US M 8,Blue,103.5,PE-05,4
3608399881445,2134122,footwear,BS860 Badminton Shoes,BS860 Badminton Shoes 네이비 블루 275mm_EU 43,1,US M 10,Blue,44.69,FB-01,5
3583787923030,2425010,footwear,Walking Shoe,Actiwalk 아동 워킹화 - 블랙/블랙 블랙 195mm_EU 31,1,EU 31,Black,103.67,GA-01,4
3583788336556,2102552,footwear,Adult Agility 300 AG Soccer Cleat,Agility 300 AG 성인용 축구화 - 블랙,1,US 17.4,Black,59.72,GA-02,7
3583787867556,2887645,footwear,Adult Soccer Cleat,성인용 축구화 CLR FG - 화이트/그린 터쿼이즈 265mm_EU 42,1,US M 9,White,42.7,PW-01,8
3583787547045,4064422,footwear,Kids' Soccer Cleat,비랄토 II TF 아동용 가죽 축구화 블랙 225mm_EU 36,1,EU 36,Black,46.66,PW-02,5
3583788398134,2019866,footwear,Kids' Walking Shoe,Elimu 아동용 워킹화/스포츠화 - 블루 Turquoise,1,OS,Blue,103.46,PW-03,5
3583788220237,2348992,footwear,Adult Basketball Shoe,Fast 500 성인 로우 컷 중급자용 농구화 아스팔트 블루 335mm,1,US M 19,Blue,69.64,PW-04,7
3583788053941,2591808,footwear,Eskudo,Eskudo 500 풋살 운동화 - 그레이 포기 블루 285mm_EU 45,1,US M 12,Blue,61.33,PW-05,4
3608429796626,2501556,footwear,Men's Running Shoe,런 쿠션 남성용 러닝화 블랙 285mm_EU 45,1,US M 12,Black,36.1,PW-06,8
3608399874164,2345060,footwear,Kids' Shoe,BS730 JR 아동용 배드민턴화 버블검 225mm_EU 36,1,EU 36,Green,96.57,PW-07,5
3608439365904,2958034,footwear,Men's MH500 Waterproof Hiking Boot,MH500 미드 남성용 방수 등산화 스톰 그레이 275mm_EU 43,1,US M 10,Grey,93.42,PW-08,4
3608429727194,2733856,footwear,Running Shoe,러닝화 런 컴포트 니트 - 카키 블랙 올리브 240mm_EU 38,1,US M 5,Black,68.29,PE-01,8
3608418992305,4018505,footwear,Women's Shoe,여성용 피트니스 운동화 900 - 그레이/핑크 아비스 그레이 240mm_EU 38,1,US W 7,Grey,46.86,PE-02,4
3583787866276,2978872,footwear,Women's Trekking Leggings,트래블 500 여성용 트레킹 레깅스 강화 & 멀티포켓  다크 그린 2XL,1,XXL,Green,55.96,PE-03,5
3608429791218,2502502,footwear,Men's Running Shoe,런 컴포트 남성용 러닝화 더스티 그린 265mm_EU 42,1,US M 9,Green,87.23,PE-04,5
3583788417019,2008569,footwear,Shoe,클래식 원 100 어린이 승마 부츠 딥 셰일 195mm_EU 31,1,EU 31,Blue,46.08,PE-05,6
3583788355106,2083020,footwear,Walking Shoe,Protect 140 남성 엑티브 워킹화 - 블랙 Charcoal grey,1,OS,Black,96.42,FB-01,8
3583788243342,2307514,footwear,PW 540 Walking Shoe,PW 540 어린이 피트니스 워킹화 갤럭시 블루 245mm_EU 39,1,EU 39,Blue,38.8,GA-01,5
3583788569640,303893,footwear,Walking Shoe,Propulse Walk 100 맨 파워 워킹화 블랙 255mm_EU 40,1,US M 7,Black,39.89,GA-02,6
3583788243861,2307482,footwear,PW 540 Walking Shoe,PW 540 어린이 피트니스 워킹화 블랙 195mm_EU 31,1,EU 31,Black,109.23,PW-01,8
3583788248217,2249790,footwear,PW 590 Walking Shoe,PW 590 Xtense 남성 피트니스 워킹화 블랙 255mm_EU 40,1,US M 7,Black,44.07,PW-02,4
3583788306542,2180094,footwear,Kids' Soft 140 Walking Shoe,Soft 140 프레시 아동용 피트니스 워킹화 - 핑크 그레이,1,OS,Grey,42.12,PW-03,8
3583788300120,2185500,footwear,Spike Womens Golf Shoes,Spike 500 Womens Golf Shoes 화이트 225mm_EU 36,1,US W 5,White,50.83,PW-04,8
3608399848103,2396999,footwear,Shoe,BS 530 여성 배드민턴화 - 스카이 블루 아이스 블루 255mm_EU 40,1,US W 9,Blue,89.05,PW-05,5
3583788223139,2347243,footwear,PW 590 Walking Shoe,PW 590 Xtense 여성 피트니스 워킹화 스노우 화이트 245mm_EU 39,1,US W 8,White,38.32,PW-06,4
3608429692911,4170707,footwear,Women's Running Shoe,여성용 러닝화 런 서포트 - 라이트 블루 라이트 그레이 240mm_EU 38,1,US W 7,Blue,82.35,PW-07,7
3608419209501,2526231,footwear,Shoe,100 피트니스 카디오 트레이닝화 - 블랙/블루 블랙 260mm_EU 41,1,US M 8,Black,35.76,PW-08,8
3583780902711,158035,footwear,Running Shoe,트랙 러닝화용 육각 스파이크 렌치  UNIQUE,1,OS,Red,52.59,PE-01,7
3583788201175,2542840,footwear,PW 500 Walking Shoe,PW 500 프레시 남성 피트니스 워킹화 로열 블루 285mm_EU 45,1,US M 12,Blue,89.16,PE-02,8
3608429723783,2939137,footwear,Women's Kiprun Running Shoe,Kiprun 여성용 러닝화 초경량 - 블루/코랄 네이비 블루 235mm_EU 37,1,US W 6,Blue,86.42,PE-03,6
3583788003441,2666733,footwear,Adult Agility 500 MG Soccer Cleat,성인용 축구화 Agility 500 MG - 옐로우/블랙  255mm_EU 40,1,US M 7,Black,86.37,PE-04,8
3608439758232,1719517,footwear,Quechua Forclaz Shoe,Quechua Forclaz 100 Mens High Waterproof Hiking Shoes - light blue BROWN EU 40,1,US M 7,Blue,35.02,PE-05,5
3583788340263,2096940,footwear,Walking Shoe,프로텍트 140 어린이 피트니스 워킹화 블랙 225mm_EU 36,1,EU 36,Black,62.68,FB-01,8
3608439605024,894489,footwear,Men's Arpenaz Waterproof Thermal Hiking Boot,Arpenaz 500 남성용 보온 방수 등산화 - 블랙,1,OS,Black,45.26,GA-01,4
3608439454165,2562626,footwear,Girls' Mountain Shoe,Crossrock 키드 여아 마운틴 하이킹 슈즈 브라이트 핑크 200mm_EU 32,1,US W 1,Pink,115.24,GA-02,8
3608418992336,4018506,footwear,Women's Shoe,여성용 피트니스 운동화 900 - 그레이/핑크 아비스 그레이 245mm_EU 39,1,US W 8,Grey,72.29,PW-01,4
3583788003885,2711796,footwear,Kids' Soccer Cleat,어질리티 540 아동용 축구화 MG 가죽 갑피  200mm_EU 32,1,EU 32,Blue,112.03,PW-02,4
3608419383775,2083364,footwear,Women's Shoe,900 여성용 카디오 피트니스 신발 블랙 235mm_EU 37,1,US W 6,Black,76.83,PW-03,4
3583787613252,2886737,footwear,Kids' SS500H Basketball Shoe,SS500H 주니어 남아/여아 중급 농구화 - 블루 웨일 그레이 235mm_EU 37,1,EU 37,Blue,68.31,PW-04,5
3583788107040,2542780,footwear,Kids' Walking Shoe,NW 580 아동용 노르딕 워킹화 카본 그레이 225mm_EU 36,1,EU 36,Grey,36.81,PW-05,8
3583788283744,2196976,footwear,Women's Shoe,여성용 METASLAP SSP 500 수영장 샌들 푸크시아 245-255mm,1,US W 7.5,Black,37.39,PW-06,6
3608429797890,2505929,footwear,Men's Running Shoe,런 액티브 남성용 러닝화 블랙 295mm_EU 46,1,US M 13,Black,76.51,PW-07,5
3608399882282,2132466,footwear,TS100,TS100 테니스화 화이트 260mm_EU 41,1,US M 8,White,93.22,PW-08,4
3608429696940,4185693,footwear,Kids' Running Shoe,AT 플렉스 런 아동용 러닝화  벨크로형  포기 블루 195mm_EU 31,1,EU 31,Blue,56.73,PE-01,6
3608449879545,2357928,footwear,Kids' Shoe,Indy 300 아동용 산악/프리스타일 패스트 락 2Z 스노보딩 신발 - 블랙/블루 블랙 240mm_EU 38,1,EU 38,Black,80.5,PE-02,7
3583788395638,2023100,footwear,Women's Soft 540 Walking Shoe,Soft 540 여성용 엑티브 워킹화 - 화이트,1,OS,White,35.75,PE-03,4
3608439510137,2191459,footwear,Men's Forclaz Waterproof Shoe,Forclaz 500 남성용 방수 하이킹화 아이스 커피 260mm_EU 41,1,US M 8,White,40.91,PE-04,5
3583788111009,2580639,footwear,Soccer Cleat,CLR 500 HG 어린이 하드 그라운드용 립탭 축구화 페트롤 블루 195mm_EU 31,1,EU 31,Blue,79.44,PE-05,8
3583780416034,37428,footwear,Adult Shoe,성인용 승마 롱부츠 훈련용  블랙 mmEU,1,OS,Black,39.51,FB-01,5
3608439543029,2116796,footwear,MH100 Waterproof Mountain Shoe,MH100 Mid 남성 방수 마운틴 하이킹 슈즈 아이스 커피 300mm,1,US M 14,Black,76.94,GA-01,6
3608439486661,2353549,footwear,MH100 Waterproof Mountain Shoe,MH100 Mid 여성 방수 마운틴 하이킹 슈즈 월넛 브라운 240mm_,1,US W 7,Grey,111.34,GA-02,4
3583788032236,2455545,footwear,SHOES BREATH M NAVY,"SHOES BREATH M NAVY, UK 8.5 - EU 43",1,US M 10,Navy,114.97,PW-01,8
3608439509827,2191811,footwear,Forclaz Waterproof Hiking Boot,Forclaz 100 남성 방수 경등산화 – 그레이,1,OS,Grey,101.42,PW-02,6
3608390337712,4988050,footwear,KIPRUN KS900 Shoe,"KIPRUN KS900 LIGHT M gre, UK 9.5 - EU 44",1,US M 11,Orange,77.4,PW-03,6
3583788187936,2411328,footwear,Adult Shoe,100 성인용 풋살화  블랙 280mm_EU 44,1,US M 11,Black,101.76,PW-04,7
3608439464140,2567051,footwear,Helium Shoe,FH500 Helium 남성 하이킹 슈즈 - 블랙 블랙 300mm,1,US M 14,Black,38.61,PW-05,8
3608429795308,2506004,footwear,Men's Running Shoe,액티브 브리드 남성용 러닝화 페일 그레이 285mm_EU 45,1,US M 12,Grey,75.84,PW-06,4
3583788055884,2586625,footwear,Kids' Soccer Cleat,어질리티 500 MG 미드 아동용 축구화  포기 블루 235mm_EU 37,1,EU 37,Blue,72.76,PW-07,4
3583788028086,2484880,footwear,Women's Trek 100 Mountain Hiking Boot,여성용 마운틴 트레킹 가죽 등산화 Trek 100  퍼플 240mm_EU,1,US W 7,Pink,81.65,PW-08,5
3583788569596,303917,footwear,Walking Shoe,Propulse Walk 100 맨 파워 워킹화 블랙 275mm_EU 43,1,US M 10,Black,58.91,PE-01,8
3583788028055,2484881,footwear,Women's Trek 100 Mountain Hiking Boot,여성용 마운틴 트레킹 가죽 등산화 Trek 100  퍼플 245mm_EU,1,US W 7.5,White,52.0,PE-02,4
3608399899075,2083192,footwear,TS560 Tennis Shoes Navy Blue/Red DARK BLUE EU,TS560 Tennis Shoes - Navy Blue/Red DARK BLUE EU 43,1,US M 10,Blue,39.79,PE-03,6
3608429827405,2182643,footwear,Ekiden Active Shoe,Ekiden Active Breath Childrens Running Shoe - Blue Fluo deep magenta,1,OS,Blue,72.94,PE-04,5
3608439507137,2192793,footwear,Women's Arpenaz Hiking Boot,Arpenaz 100 프레시 여성용 하이킹 부츠 스틸 그레이 235mm,1,US W 6,Grey,38.72,PE-05,5
3608399879855,2132944,footwear,TS560,TS560 멀티 코트 테니스화 네이비 블루 245mm_EU 39,1,US M 6,Blue,36.62,FB-01,5
3608429754534,2618659,footwear,Women's Running Shoe,런 컴포트 여성용 조깅화 갤럭시 블루 225mm_EU 36,1,US W 5,Blue,102.89,GA-01,6
3608429856184,2014022,footwear,Men's Shoe,RUN ELIORUN 남성용 런닝화 블루 그레이 엘로우,1,OS,Blue,67.64,GA-02,8
3608439319693,4291831,footwear,Kids' MH150 Shoe,MH150 아동용 하이킹 샌들 175~245mm 데저트 로즈 240-245mm_EU 38-39,1,EU 38,Green,72.28,PW-01,5
3608439227578,2758219,footwear,SHOE NH50 LOW W BLACK EU41,"SHOE NH50 LOW W BLACK, UK 7  EU41",1,US M 8,Black,47.91,PW-02,6
3583788003380,2666738,footwear,Adult Agility 500 MG Soccer Cleat,성인용 축구화 Agility 500 MG - 옐로우/블랙  285mm_EU 45,1,US M 12,Black,62.13,PW-03,8
3608419187885,2481895,footwear,Shoe,550 아이무브 짐 슈즈 페블 그레이 160mm_EU 26,1,OS,Grey,88.29,PW-04,5
3583787928486,2902421,footwear,PW 120 Walking Shoe,PW 120 남성 피트니스 워킹화 - 블루/화이트 네이비 블루 255mm_EU 40,1,US M 7,Blue,117.66,PW-05,4
3608429807766,2506255,footwear,Men's Running Shoe,키프런 레이스 남성용 러닝화 블랙 255mm_EU 40,1,US M 7,Black,72.41,PW-06,7
3608429754893,2433383,footwear,Women's Running Shoe,런 서포트 여성용 숨쉬는 러닝화 - 코랄 그레이 핑크 235mm_EU 37,1,US W 6,Grey,46.95,PW-07,4
3608419092899,2655969,footwear,Shoe,풀솔 드미 뿌엥뜨 발레 가죽 슈즈  데저트 로즈 225mm_EU 36,1,US M 3,Blue,89.71,PW-08,6
3608390169610,4499023,footwear,Aquashoes UK C11,"Aquashoes 120 Jr, UK C11.5-12 - EU 30-31",1,OS,Pink,67.56,PE-01,5
3583788032328,2455567,footwear,Men's Golf Shoe,그립 남성용 골프화 여름용 징크 그레이 285mm_EU 45,1,US M 12,Grey,42.37,PE-02,4
3608439419812,2495051,footwear,SH500 Thermal Snow Hiking,SH500 X-보온 여성 스노우 하이킹 하이 슈즈 아스팔트 블루 265mm_EU 42,1,US W 11,Blue,52.31,PE-03,7
3583788190493,2574721,footwear,Adult Shoe,벌카 500 성인용 로우탑 스케이트보드화  블랙 265mm_EU 42,1,US M 9,Black,75.11,PE-04,4
3583788383604,2041888,footwear,Kids' Agility 500 AG Soccer Cleat,Agility 500 AG 주니어 축구화- 인공잔디용 블루,1,OS,Blue,38.51,PE-05,4
3583788226871,2343436,footwear,Kids' Agility 900 AG Soccer Cleat,Agility 900 AG 아동용 인조잔디 축구화 - 블랙/옐로우 블랙 225mm,1,EU 35.5,Black,102.22,FB-01,5
3608439365577,2892388,footwear,MH500 Waterproof Mountain Shoe,MH500 여성 방수 마운틴 하이킹 슈즈 버건디 245mm_EU 39,1,US W 8,Pink,40.28,GA-01,5
3583788344513,2090371,footwear,Kids' Basketball Shoe,스트롱 100 주니어 남녀 초급자용 농구화 - 블랙/실버  195mm,1,EU 31,Black,98.8,GA-02,6
3608439464133,2567050,footwear,Helium Shoe,FH500 Helium 남성 하이킹 슈즈 - 블랙 블랙 295mm,1,US M 13,Black,35.77,PW-01,7
3608429699415,2957290,footwear,Womens Trail Running Shoe TR2 black pink,Womens Trail Running Shoe TR2 - black pink 카본 그레이 225mm_EU 36,1,US W 5,Black,46.3,PW-02,8
3583788028048,2484882,footwear,Women's Trek 100 Mountain Hiking Boot,여성용 마운틴 트레킹 가죽 등산화 Trek 100  퍼플 255mm_EU 40,1,US W 9,Pink,48.0,PW-03,7
3583787670323,4243759,footwear,Adult Shoe,성인용 스케이트보드화 롱보드화 Vulca 100 Olym 로우탑 - 핑크 플루오 페일 피치 260mm_EU 41,1,US M 8,Pink,35.23,PW-04,6
3583788117254,2585550,footwear,Adult Agility 500 HG Soccer Cleat,Agility 500 HG 성인용 하드 피치 축구화 블랙 280mm_EU 44,1,US M 11,Black,44.86,PW-05,4
3608391918903,5086179,footwear,MH900 Shoe,"SHOES MH900 LIGHT LOW WP W, UK 5  EU38",1,US M 5,Pink,67.24,PW-06,7
3583788222439,2347410,footwear,Walking Shoe,Protect 140 남성 엑티브 워킹화 - 블랙 Blue grey,1,OS,Black,68.3,PW-07,6
3583788395416,2023204,footwear,Shoe,소프트 140 메시 남성 피트니스 워킹 슈즈 미드나잇 블루 295mm,1,US M 13,Blue,70.27,PW-08,7
3583787986707,2642895,footwear,Women's AREETA Shoe,AREETA W 여성용 비치 슈즈 비슨 240mm_EU 38,1,US W 7,Black,75.27,PE-01,8
3608429805243,2506974,footwear,Women's KALENJI KIPRUN Running Shoe,KALENJI KIPRUN 패스트 여성용 러닝화 플루오 라임 옐로우 240mm_EU 38,1,US W 7,Grey,67.71,PE-02,5
3608449879590,2357925,footwear,Kids' Shoe,Indy 300 아동용 산악/프리스타일 패스트 락 2Z 스노보딩 신발 - 블랙/블루 블랙 220mm_EU 35,1,EU 35,Black,106.78,PE-03,4
3608429735519,2953703,footwear,Men's Running Shoe,남성용 러닝화 런 서포트 WR NYTE - 화이트 다크 블루 260mm_EU 41,1,US M 8,Blue,103.12,PE-04,4
3583783972940,2886777,footwear,Kids' Basketball Shoe,500 아동용 농구화 중급자용 - 레드/블랙 스파이더 레이스  스칼렛 레드 185mm_EU 30,1,EU 30,Black,59.03,PE-05,8
3583788511144,603057,footwear,Kids' Walking Shoe,Actiwalk 100 아동용 피트니스 워킹화 그레이/ 핑크 Steel grey,1,OS,Grey,75.08,FB-01,7
3583788463085,776602,footwear,Kids' Walking Shoe,Actiréo 아동용 피트니스 워킹화 - 블루/옐로우,1,OS,Blue,103.49,GA-01,8
3583788223122,2347242,footwear,PW 590 Walking Shoe,PW 590 Xtense 여성 피트니스 워킹화 스노우 화이트 240mm_EU 38,1,US W 7,White,69.55,GA-02,6
3583788226857,2343434,footwear,Kids' Agility 900 AG Soccer Cleat,Agility 900 AG 아동용 인조잔디 축구화 블랙 215mm_EU 34,1,EU 34,Black,79.6,PW-01,6
3583787705483,4164381,footwear,Women's Walking Shoe,Protect 140 여성용 피트니스 워킹화 마그놀리아 220mm_EU 35,1,US W 4,Teal,40.3,PW-02,7
3583787938577,2655456,footwear,PW 180 Walking Shoe,PW 180 핏워크 리지스트 남성 피트니스 워킹화 - 블랙 블랙 265mm_EU 42,1,US M 9,Black,43.0,PW-03,5
3583788201663,2542413,footwear,PW 900 Walking Shoe,PW 900 Propulse Motion 남성 피트니스 워킹화 플루오 라임 옐로우 245mm_EU 39,1,US M 6,Green,79.14,PW-04,5
3608429735823,2952177,footwear,Women's Running Shoe,여성용 러닝화 런 서포트 - 라이트 블루 핑크 255mm_EU 40,1,US W 9,Blue,35.33,PW-05,7
3608439315084,4291883,footwear,Kids' MH100 Hiking Shoe,MH100 아동용 하이킹 신발 벨크로형  페일 그레이 180mm_EU 29,1,EU 29,Grey,40.28,PW-06,8
3608429753834,2614802,footwear,Men's Running Shoe,런 컴포트 남성용 러닝화 브라운 클레이 280mm_EU 44,1,US M 11,Blue,94.32,PW-07,8
3583788099086,2536471,footwear,Adult Jodhpur Boot,500 성인용 승마 조퍼 부츠  블랙 275mm_EU 43,1,US M 10,Black,61.72,PW-08,5
3583788241935,2307609,footwear,Adult Shield 500 Basketball Shoe,Shield 500 성인 중급자용 농구화 루나 그레이 245mm_EU 39,1,US M 6,Grey,93.58,PE-01,4
3608399859147,2498907,footwear,Women's Shoe,TS190 여성용 테니스화 - 화이트 스노우 화이트 255mm_EU 40,1,US W 9,White,111.9,PE-02,4
3608449879729,2357899,footwear,Women's Mountain Shoe,Maoke 500 - 케이블 락 여성용 올마운틴 스노보드 부츠 네이비 블루 255mm_EU 40,1,US W 9,Blue,35.58,PE-03,6
3608399848967,2140499,footwear,Men's Shoe,남성용 배드민턴화 BS 590 맥스 컴포트 - 옐로우 선샤인 옐로우 275mm_EU 43,1,US M 10,Green,68.09,PE-04,6
3608399834298,2713703,footwear,Men's Shoe,남성용 테니스화 TS500 멀티코트 - 블랙/오렌지 아비스 그레이 305mm_EU 48,1,US M 15,Black,74.77,PE-05,6
3583788401698,2017375,footwear,Actiwalk childrens walking and school sports shoes YELLOW EU,Actiwalk 520 childrens walking and school sports shoes YELLOW EU 32,1,OS,Green,75.56,FB-01,6
3583780416072,251974,footwear,Adult Shoe,성인용 승마 롱부츠 훈련용  블랙 mmEU,1,OS,Black,110.78,GA-01,4
3583788401711,2017373,footwear,Actiwalk childrens walking and school sports shoes YELLOW EU,Actiwalk 520 childrens walking and school sports shoes YELLOW EU 30,1,OS,Black,41.77,GA-02,4
3583787945865,2666211,footwear,Kids' Agility 500 HG Soccer Cleat,Agility 500 HG 아동용 하드피치 축구화 - 네이비/블루 네이비 블루 235mm_EU 37,1,EU 37,Blue,106.57,PW-01,6
3608439541230,2118317,footwear,SH100 Waterproof Thermal Hiking Boot,SH100 립탭 아동 보온 방수 스노우 하이킹 부츠 미드나잇 인디고 185mm_EU 30,1,EU 30,Orange,38.23,PW-02,5
3608439352195,4050102,footwear,Women's NH150 Walking Shoe,NH150 여성용 컨추리 워킹화 프레시 - 모브 핑크 220mm_EU 35,1,US W 4,Pink,38.8,PW-03,6
3608459759677,608636,footwear,Aquashoes SNK,"Aquashoes SNK 100, EU 46-47  UK 11-11.5",1,US M 13,Navy,101.58,PW-04,6
3583788417804,2006585,footwear,Women's Soft 540 Walking Shoe,Soft 540 여성용 엑티브 워킹화 블루 그레이 225mm_EU 36,1,US W 5,Blue,40.97,PW-05,6
3583788311898,2172100,footwear,Soft 180 Walking Shoe,Soft 180 스트랩 남성 피트니스 워킹화 갤럭시 블루 265mm_EU 42,1,US M 9,Blue,61.88,PW-06,4
3608439486579,2353557,footwear,MH100 Mountain Shoe,MH100 여성 마운틴 하이킹 슈즈 퓨터 240mm_EU 38,1,US W 7,Red,37.61,PW-07,7
3583787929292,2938552,footwear,Adult Agility 900 Soccer Cleat,Agility 900 메시 미드 MG 성인 드라이 피치 축구화  260mm_EU 41,1,US M 8,Navy,108.05,PW-08,7
3583788338048,2101415,footwear,Kids' Soft 140 Walking Shoe,Soft 140 아동용 피트니스 워킹화 갤럭시 블루 185mm_EU 30,1,EU 30,Blue,37.39,PE-01,7
3608439553219,2094209,footwear,SH100 Waterproof Thermal Hiking Boot,SH100 여성 보온 방수 스노우 하이킹 부츠 블랙 245mm_EU 39,1,US W 8,Black,51.71,PE-02,7
3583788086017,2543059,footwear,PW 140 Walking Shoe,PW 140 여성 피트니스 워킹화 - 화이트 블랙 260mm_EU 41,1,US W 10,Black,67.41,PE-03,4
3608439403668,2499948,footwear,Men's NH500 Shoe,NH500 남성용 하이킹화 헤이즐넛 260mm_EU 41,1,US M 8,Orange,36.3,PE-04,7
3583788305613,2181354,footwear,Women's Soft 140 Walking Shoe,Soft 140 여성용 엑티브 워킹화 - 그레이/핑크 Damson,1,OS,Grey,35.0,PE-05,7
3608459667712,2037413,footwear,Areeta Shoe,Areeta Mens Shoes - Oly Blue Coast DARK BLUE EU 40,1,US M 7,Blue,37.28,FB-01,6
3583788224099,2346877,footwear,Walking Shoe,프로텍트 140 어린이 피트니스 워킹화 블루 그레이 205mm_EU 33,1,EU 33,Blue,39.76,GA-01,5
3583787932315,2746909,footwear,Men's Basketball Shoe,남성용 농구화 패스트 500 로우컷 - 그레이  블랙 280mm_EU 44,1,US M 11,Black,49.3,GA-02,5
3608459667750,2037412,footwear,Areeta Shoe,Areeta Mens Shoes - Oly Blue Coast DARK BLUE EU 39,1,US M 6,Blue,73.69,PW-01,5
3583788350903,2085935,footwear,PW 240 Walking Shoe,PW 240 남성 피트니스 워킹화 - 다크 블루/오렌지,1,US 8.3,Blue,46.67,PW-02,4
3583787877920,4013206,footwear,Shoe,BS 560 남성 배드민턴화 - 라이트 화이트 옐로우 스노우 화이트 280mm_EU 44,1,US M 11,White,108.71,PW-03,6
3608439345098,2713581,footwear,Men's SH500 Waterproof Thermal Walking Shoe,남성용 스노우 워킹 방수 워킹화 SH500 X보온 미드 - 카키 카키 브라운 240mm_EU 38,1,US M 5,Orange,94.29,PW-04,8
3583787750506,4101949,footwear,Adult Aqua Shoe,성인용 아쿠아슈즈 120 - 그레이 다크 페트롤 블루 240-245mm_EU 38-39,1,US M 5,Blue,115.62,PW-05,4
3608399899419,2081794,footwear,TS130,TS130 어린이 테니스화 페이디드 데님 200mm_EU 32,1,EU 32,Teal,69.49,PW-06,7
3583783954229,2591232,footwear,Kids' SS500H Basketball Shoe,SS500H 주니어 남아/여아 중급 농구화 - 블루 일렉트릭 블루 185mm_EU 30,1,EU 30,Blue,36.09,PW-07,5
3608399873549,2134447,footwear,BS700,BS700 배드민턴화 네이비 블루 260mm_EU 41,1,US M 8,Blue,36.9,PW-08,7
3583788423522,2001176,footwear,Shoe,소프트 140 메시 남성 피트니스 워킹 슈즈 블랙 260mm_EU 41,1,US M 8,Black,58.47,PE-01,5
3608439420375,2494062,footwear,SH920 Thermal Hiking Boot,SH920 X-보온 남성 하이 스노우 하이킹 부츠 다크 그레이 255mm_EU 40,1,US M 7,Grey,44.37,PE-02,5
3583788114451,2585643,footwear,Adult Agility 900 Pro HG Soccer Cleat,Agility 900 Pro HG 성인 하드피치 축구화 블랙 260mm_EU 41,1,US M 8,Black,65.58,PE-03,4
3583787668344,4225900,footwear,Men's Kiprun Running Shoe,Kiprun TR 남성용 트레일 러닝화 스톰 그레이 260mm_EU 41,1,US M 8,Grey,45.05,PE-04,7
3608439372612,2900994,footwear,CROSSROCK MID WTP B JR Shoes EU36,"CROSSROCK MID WTP B JR Shoes, UK 3  EU36",1,US M 3,Black,110.55,PE-05,7
3583788511236,603049,footwear,Kids' Walking Shoe,Actiwalk 100 아동용 피트니스 워킹화 그레이/ 핑크 Steel grey,1,OS,Grey,108.6,FB-01,5
3583788249115,2249562,footwear,Walking Shoe,HW 140 스트랩 남성 피트니스 워킹화 블랙 245mm_EU 39,1,US M 6,Black,82.54,GA-01,5
3583788401766,2017378,footwear,Actiwalk childrens walking and school sports shoes YELLOW EU,Actiwalk 520 childrens walking and school sports shoes YELLOW EU 35,1,US M 2,Orange,56.36,GA-02,8
3608419046038,2896593,footwear,Women's Shoe,여성용 피트니스화 520 - 핑크 데저트 로즈 240mm_EU 38,1,US W 7,Pink,60.47,PW-01,6
3608439358210,2758389,footwear,NH500 Shoe,"Shoe NH500 Fresh W Beige, UK 5.5  EU39",1,US M 6,White,96.56,PW-02,4
3608429836193,2173138,footwear,Women's Shoe,RUN EKIPRIME 여성용 런닝화 블랙 Abyss grey,1,OS,Black,107.36,PW-03,6
3608429735809,2952176,footwear,Women's Running Shoe,여성용 러닝화 런 서포트 - 라이트 블루 핑크 245mm_EU 39,1,US W 8,Blue,68.08,PW-04,7
3583788338482,2101403,footwear,Kids' Soft 140 Walking Shoe,Soft 140 아동용 피트니스 워킹화 - 핑크/차콜 그레이,1,OS,Grey,68.2,PW-05,8
3583788511328,603080,footwear,Kids' Walking Shoe,Actiwalk 100 아동용 피트니스 워킹화 그레이/ 핑크,1,OS,Grey,55.16,PW-06,8
3608429805373,2501774,footwear,Women's KIPRUN Running Shoe,KIPRUN 여성용 장거리 러닝화 플루오 코랄 핑크 225mm_EU 36,1,US W 5,Pink,99.72,PW-07,4
3608429827337,2182631,footwear,EKIDEN ACTIVE Shoe,EKIDEN ACTIVE CHILDRENS LACES RUNNING TRAINERS Fluo lime EU 35,1,US M 2,Pink,72.85,PW-08,6
3608429772415,2380986,footwear,KIPRUN Shoe,KIPRUN TRAIL XT 7 WOMENS TRAIL RUNNING SHOES 라이트 그레이 245mm_EU 39,1,US W 8,Grey,58.22,PE-01,5
3608439593161,1839216,footwear,Men's Quechua Arpenaz Hiking Boot,Quechua Arpenaz 50 미들탑 남성용 등산화 - 그레이블루 Pewter,1,OS,Blue,36.07,PE-02,4
3608439454172,2562627,footwear,Girls' Mountain Shoe,Crossrock 키드 여아 마운틴 하이킹 슈즈 브라이트 핑크 205mm_EU 33,1,US W 2,Pink,112.7,PE-03,7
3608429692058,2971416,footwear,Running Shoe,AT 플렉스 런 러닝화 신발끈형  갤럭시 블루 235mm_EU 37,1,US M 4,Blue,41.81,PE-04,4
3583788131571,2464423,footwear,Baby Shoe,PICOLA SSP 100 유아용 수영장 샌들 브라이트 인디고 160mm_EU 26,1,OS,Grey,115.32,PE-05,6
3583787679609,4072359,footwear,Babys shoes for water Aquashoes turquoise,Babys shoes for water Aquashoes 100 - turquoise 다크 피코크 블루 160-165mm_EU 26-27,1,EU 26,Blue,66.4,FB-01,5
3583788331438,2114267,footwear,Agility 300 Soccer Cleat,Agility 300 하드그라운드 아동 축구화 - 블랙 화이트,1,US 17.4,Black,51.59,GA-01,4
3583787547038,4064421,footwear,Kids' Soccer Cleat,비랄토 II TF 아동용 가죽 축구화 블랙 220mm_EU 35,1,EU 35,Black,71.12,GA-02,8
3608399834212,2707474,footwear,TS110,TS110 멀티코트 테니스화 스노우 화이트 255mm_EU 40,1,US M 7,White,40.22,PW-01,7
3608439509797,2191812,footwear,Forclaz Waterproof Hiking Boot,Forclaz 100 남성 방수 경등산화 – 그레이,1,OS,Grey,90.37,PW-02,7
3608429714934,4099626,footwear,Men's Running Shoe,액티브 브리드 남성용 러닝화 그린 그레이 260mm_EU 41,1,US M 8,Grey,107.08,PW-03,8
3608429758679,2424500,footwear,Men's Running Shoe,런 서포트 남성용 숨쉬는 조깅화 - 그린 버디그리 285mm_EU 45,1,US M 12,Green,35.45,PW-04,4
3583788346814,2088633,footwear,Walking Shoe,Protect 560 어린이 피트니스 워킹화 다크 블루 240mm_EU 38,1,EU 38,Blue,70.46,PW-05,8
3583788048787,2543156,footwear,PW 540 Walking Shoe,PW 540 컴포트 여성 피트니스 워킹화 - 블랙 슬레이트 블루 245mm_EU 39,1,US W 8,Black,40.37,PW-06,7
3608399834724,2901126,footwear,TS160,TS160 테니스화 멀티코트 - 화이트 스노우 화이트 285mm_EU 45,1,US M 12,White,54.57,PW-07,7
3583788357056,2081139,footwear,Kids' Strong 300 Basketball Shoe,Strong 300 주니어 남녀 중상급자용 농구화 미드나잇 인디고 200mm_EU 32,1,EU 32,Navy,49.57,PW-08,8
3583788173816,2413683,footwear,V500,V500 여성 배구화 - 블루 스노우 화이트 260mm_EU 41,1,US W 10,Blue,87.95,PE-01,4
3583788106913,2542773,footwear,Kids' Walking Shoe,NW 580 아동용 노르딕 워킹화 카본 그레이 185mm_EU 30,1,EU 30,Grey,101.61,PE-02,8
3608429832898,2177496,footwear,EKIDEN ACTIVE Shoe,EKIDEN ACTIVE CHILDRENS RIPTAB RUNNING TRAINERS Pacific blue EU 30,1,OS,Blue,112.82,PE-03,8
3608429839446,2171538,footwear,Kiprun Shoe,Kiprun SD Mens Running Shoes - Blue Royal blue EU 40,1,US M 7,Blue,66.78,PE-04,4
3608399875239,2134551,footwear,BS800,BS800 배드민턴화 플루오 라임 옐로우 245mm_EU 39,1,US M 6,Black,39.12,PE-05,6
3608429735885,2952174,footwear,Women's Running Shoe,여성용 러닝화 런 서포트 - 라이트 블루 핑크 235mm_EU 37,1,US W 6,Blue,44.25,FB-01,4
3583787878316,4016731,footwear,Kids' Shoe,BS 160 주니어 배드민턴화 - 네이비 그린 데저트 로즈 215mm_EU 34,1,EU 34,Navy,40.61,GA-01,8
3608459669310,2036468,footwear,Kids' Shoe,ARREETA 주니어 남아용 슈즈 블루 220mm_EU 35,1,EU 35,Blue,45.11,GA-02,4
3608399848202,2715258,footwear,Men's Shoe,남성용 배드민턴화 BS 590 맥스 컴포트 - 옐로우 블랙 260mm_EU 41,1,US M 8,Black,45.54,PW-01,6
3583788340225,2096936,footwear,Walking Shoe,프로텍트 140 어린이 피트니스 워킹화 블랙 200mm_EU 32,1,EU 32,Black,86.36,PW-02,8
3583788194057,2548336,footwear,Kids' Soft 140 Walking Shoe,Soft 140 프레시 아동용 피트니스 워킹화 로열 블루 235mm_EU 37,1,EU 37,Blue,80.29,PW-03,8
3608439227547,2758215,footwear,SHOE NH50 LOW W BLACK EU37,"SHOE NH50 LOW W BLACK, UK 4  EU37",1,US M 4,Black,108.8,PW-04,6
3608439420658,2494021,footwear,SH520 Thermal Hiking Boot,SH520 남성 X-보온 미드 스노우 하이킹 부츠 블랙 285mm_EU 45,1,US M 12,Black,79.01,PW-05,6
3583788585930,192531,footwear,Walking Shoe,Propulse Walk 여성 피트니스 워킹화 블랙/핑크,1,OS,Black,50.8,PW-06,8
3583788417514,2006599,footwear,Women's Soft 540 Walking Shoe,Soft 540 여성용 엑티브 워킹화 화이트 225mm_EU 36,1,US W 5,White,75.74,PW-07,8
3583781938061,400346,footwear,Adult Shoe,Schooling 성인용 승마 부츠 사이즈 3 ~ 10 블랙 280mm_,1,US M 11,Black,116.25,PW-08,5
3583788464600,775174,footwear,Kids' Walking Shoe,Actiréo 아동용 피트니스 워킹화 - 블루/옐로우,1,OS,Blue,95.23,PE-01,5
3583788003908,2585576,footwear,Adult Agility 500 HG Soccer Cleat,Agility 500 HG 성인용 하드 피치 축구화 라이트 블루 260mm_EU 41,1,US M 8,Blue,57.09,PE-02,8
3583788243335,2307513,footwear,PW 540 Walking Shoe,PW 540 어린이 피트니스 워킹화 갤럭시 블루 240mm_EU 38,1,EU 38,Blue,118.09,PE-03,4
3608419354553,2110085,footwear,Women's Shoe,500 여성용 카디오 피트니스 신발 블랙 255mm_EU 40,1,US W 9,Black,105.64,PE-04,6
3583788237334,2311066,footwear,Kids' Basketball Shoe,스트롱 100 주니어 남녀 초급자용 농구화 블루 215mm_EU 34,1,EU 34,Blue,35.03,PE-05,5
3583788031406,2453906,footwear,Women's Golf Shoe,여성용 골프화 드라이 그립 - 레드 네이비 블루 240mm_EU 38,1,US W 7,Blue,38.42,FB-01,8
3608429719755,2953905,footwear,Women's Running Shoe,여성용 러닝화 런 컴포트 - 베이지 페일 그레이 235mm_EU 37,1,US W 6,Grey,54.27,GA-01,6
3583787826805,2917411,footwear,Adult Agility 900 Soccer Cleat,Agility 900 메시 미드 MG 성인 드라이 피치 축구화 스노우 화이트 255mm_EU 40,1,US M 7,White,64.0,GA-02,8
3583788003977,2585581,footwear,Adult Agility 500 HG Soccer Cleat,Agility 500 HG 성인용 하드 피치 축구화 라이트 블루 285mm_EU 45,1,US M 12,Blue,56.87,PW-01,5
3583787961292,2762173,footwear,Women's Waterproof Golf Shoe,여성용 방수 그립 골프화 스노우 화이트 240mm_EU 38,1,US W 7,White,64.01,PW-02,6
3583788194170,2547694,footwear,Kids' PW 500 Walking Shoe,PW 500 아동용 프레시 피트니스 워킹화 라임 그린 200mm_EU 32,1,EU 32,Green,108.71,PW-03,6
3608399862017,2491416,footwear,TTS,TTS 500 탁구화 일렉트릭 블루 265mm_EU 42,1,US M 9,Blue,87.42,PW-04,8
3608429795599,2507495,footwear,Women's Running Shoe,런 컴포트 여성용 조깅화 푸크시아 255mm_EU 40,1,US W 9,Black,70.09,PW-05,8
3608429795377,2506269,footwear,Men's Running Shoe,키프런 레이스 남성용 러닝화 블랙 270mm_EU 42.5,1,US M 9.5,Black,106.86,PW-06,7
3608459580387,2547886,footwear,Kids' Shoe,ARREETA 주니어 남아용 슈즈 페일 민드 205mm_EU 33,1,EU 33,Grey,115.87,PW-07,4
3583784037549,4151342,footwear,Men's Kiprun Running Shoe,Kiprun 남성용 러닝화 KD 플러스 - 블루 블랙 255mm_EU 40,1,US M 7,Black,56.36,PW-08,5
3608391823276,5155558,footwear,NH100 Shoe,"SHOE NH100 LOW WP W DARK GRE, UK 5  EU38",1,US M 5,White,77.26,PE-01,7
3608429736288,2945196,footwear,Men's Running Shoe,런 액티브 남성용 러닝화 다크 블루 255mm_EU 40,1,US M 7,Blue,93.32,PE-02,4
3608429765714,2752841,footwear,Women's Kiprun Running Shoe,Kiprun 여성용 경량 러닝화 KS - 블랙 블랙 245mm_EU 38.5,1,US W 7.5,Black,110.93,PE-03,5
3608429693550,4169815,footwear,Kids' Shoe,아동용 육상 운동화 AT300 브리드 - 마우브/퍼플 캔디플로스 185mm_EU 30,1,EU 30,White,62.01,PE-04,5
3608429831914,2342813,footwear,Kiprun Shoe,Kiprun SD Mens Running Shoes - Grey / Yellow Abyss grey EU 43.5,1,US M 10.5,Grey,47.65,PE-05,6
3608439543012,2116793,footwear,MH100 Waterproof Mountain Shoe,MH100 Mid 남성 방수 마운틴 하이킹 슈즈 아이스 커피 280mm_EU 44,1,US M 11,Navy,93.85,FB-01,8
3583788295990,2188085,footwear,Actiwalk childrens walking and school sports shoes Navy blue EU,Actiwalk 520 childrens walking and school sports shoes Navy blue EU 29,1,OS,Blue,92.9,GA-01,6
3583788303565,2183438,footwear,Soft 180 Walking Shoe,Soft 180 Strap 맨 피트니스 워킹화 - 블루 Pacific blue,1,OS,Blue,74.87,GA-02,5
3608390786756,5083875,footwear,MH100 Shoe,"SHOES KID BOY MH100, UK 13C  EU32",1,OS,Navy,36.85,PW-01,5
3608439309212,4275773,footwear,MH100 Shoe,"Shoes MH100 MID KID BOY NA, UK 1.5  EU34",1,US M 1,Orange,36.16,PW-02,8
3583787846209,2755970,footwear,Kids' Shoe,BS 500 주니어 여아 배드민턴화 - 핑크 스노우 화이트 235mm_EU 37,1,EU 37,White,38.0,PW-03,5
3583788105220,2588920,footwear,Adult SC500 Basketball Shoe,SC500 성인 Mid 농구화 - 블루/옐로우 스노우 화이트 285mm_EU 45,1,US M 12,Blue,40.3,PW-04,4
3583788417637,2006570,footwear,Soft 140 active Shoe,Soft 140 summer womens active walking shoes 블랙 220mm_EU 35,1,US W 4,Black,46.19,PW-05,4
3608429827757,2182656,footwear,Ekiden Active Shoe,Ekiden Active Breath Childrens Running Shoes - Fuchsia Fluo lime EU 30,1,OS,White,40.64,PW-06,5
3608439499081,2198419,footwear,Men's Arpenaz Shoe,Arpenaz 500 남성용 프레쉬 하이킹화 다크 그레이 245mm_EU 39,1,US M 6,Grey,35.05,PW-07,7
3583787782866,2998595,footwear,Men's Shoe,550 남성용 슬랩 샌들 블랙 275-280mm_EU 43-44,1,US M 10,Black,80.56,PW-08,5
3608429796046,2502384,footwear,Women's Running Shoe,런 컴포트 그립 여성용 조깅화 블랙 235mm_EU 37,1,US W 6,Black,42.87,PE-01,8
3608399813668,4016164,footwear,TENNIS TRAINER BALL No Size,"TENNIS TRAINER BALL, No Size",1,OS,Grey,37.64,PE-02,7
3608439740442,1769433,footwear,SH900 Waterproof Thermal Hiking Boot,SH900 여성 보온 방수 스노우 하이킹 부츠 리넨 225mm,1,US W 4.5,Grey,36.47,PE-03,8
3583788283874,2196948,footwear,Boys' Shoe,남아용 AQUADOTS 수영장 신발 시안 210-215mm_EU 33-34,1,US 3.8,Pink,45.01,PE-04,6
3583788395898,2023069,footwear,Women's Soft 140 Walking Shoe,Soft 140 여성용 엑티브 워킹화 - 핑크 EU 35,1,US W 4,Pink,53.95,PE-05,6
3608439359491,2754175,footwear,Men's NH500 Walking Shoe,남성용 컨추리 워킹화 NH500 프레시  그레이 블루 275mm_EU 43,1,US M 10,Blue,36.33,FB-01,6
3608459608142,2353919,footwear,Women's Shoe,크루즈 100 여성용 가죽 보트 슈즈 - 다크 블루 네이비 블루 260mm_EU 41,1,US W 10,Blue,75.08,GA-01,8
3608439408465,2686674,footwear,Kids' Hiking Boot,MH 120 아동용 하이킹 등산화 로우 벨크로 - 퍼플 퍼플 175mm_EU 28,1,EU 28,Pink,56.39,GA-02,7
3583787733608,2918298,footwear,Adult Agility 500 HG Soccer Cleat,Agility 500 HG 성인용 하드 피치 축구화 마우스 그레이 275mm_EU 43,1,US M 10,Grey,61.96,PW-01,5
3608419211399,2509154,footwear,Shoe,560 아이무브 브레스 짐 슈즈 라이트 그레이 180mm_EU 29,1,OS,Grey,67.49,PW-02,8
3583788388623,2033859,footwear,Women's Golf Shoe,여성용 스파이크리스 골프화 100 스노우 화이트 245mm_EU 39,1,US W 8,White,112.39,PW-03,8
3608439348105,4051940,footwear,MH900 Shoe,Mens waterproof mountain hiking shoes - MH900 - Black/Red 체리 레드 265mm_EU 42,1,US M 9,Black,42.97,PW-04,6
3608439365782,2958005,footwear,Men's MH500 Waterproof Mountain Hiking Boot,MH500 남성용 마운틴 하이킹 방수 등산화 딥카키 280mm_EU 44,1,US M 11,Green,107.45,PW-05,5
3608459553077,2715996,footwear,Men's Shoe,300 남성용 세일링 신발 미끄럼 방지 - 베이지 리넨 265mm_EU 42,1,US M 9,Red,74.88,PW-06,5
3608439586866,2014245,footwear,Baby Shoe,Crossrock 유아용 하이킹화 블루/핑크 Crimson,1,OS,Blue,35.46,PW-07,5
3583784035873,4149596,footwear,KIPRUN Shoe,"KIPRUN KS 500 W BLACK, UK 4  EU37",1,US M 4,Black,80.22,PW-08,6
3583787866337,2978858,footwear,Women's Trekking Leggings,트래블 500 여성용 트레킹 레깅스 강화 & 멀티포켓  블랙 2XL,1,XXL,Black,46.55,PE-01,7
3583788151906,2523313,footwear,Adult Aqua Shoe,120 성인용 아쿠아슈즈 블랙 265-275mm_EU 42-43,1,US M 9,Black,45.6,PE-02,7
3583788202349,2548740,footwear,Soft 540 Walking Shoe,Soft 540 맨 피트니스 워킹화 블랙 255mm_EU 40,1,US M 7,Black,47.69,PE-03,7
3583788051862,2591665,footwear,Kids' Shoe,Eskudo 500 아동용 풋살화 - 옐로우 라임 그린 185mm_EU 30,1,EU 30,Green,94.17,PE-04,8
3583787586686,4199403,footwear,SHOES VIRALTO II LEATHER,"SHOES VIRALTO II LEATHER, UK 6.5 - EU 40",1,US M 7,Red,86.69,PE-05,7
3608390056002,4150992,footwear,Men's Kiprun Running Shoe,Kiprun 초경량 남성용 러닝화 - 그린/옐로우 플루오 라임 245mm_EU 39,1,US M 6,Green,62.13,FB-01,7
3583788091547,2580515,footwear,Adult Agility 900 AG Soccer Cleat,Agility 900 AG 성인 인조잔디구장 축구화 아스팔트 블루 280mm,1,US M 11,Blue,90.36,GA-01,7
3583788030829,2591235,footwear,Kids' SS500H Basketball Shoe,SS500H 주니어 남아/여아 중급 농구화 - 블루 일렉트릭 블루 200mm_EU 32,1,EU 32,Blue,50.22,GA-02,7
3608439365768,2958001,footwear,Men's MH500 Waterproof Mountain Hiking Boot,MH500 남성용 마운틴 하이킹 방수 등산화 딥카키 255mm_EU 40,1,US M 7,Green,42.85,PW-01,5
3583783974098,4101265,footwear,Boys' MH150 Shoe,MH150 남아용 하이킹 샌들 - 블루 딥 블루 160-165mm_EU 26-27,1,OS,Blue,48.08,PW-02,6
3583788188582,2548866,footwear,Walking Shoe,HW 500 메시 남성 피트니스 워킹화 스톰 그레이 265mm_EU 42,1,US M 9,Grey,37.66,PW-03,5
3583788398103,2019865,footwear,Kids' Walking Shoe,Elimu 아동용 워킹화/스포츠화 - 블루 Turquoise,1,OS,Blue,112.6,PW-04,8
3583788193951,2548351,footwear,Kids' Soft 140 Walking Shoe,Soft 140 프레시 아동용 피트니스 워킹화 플루오 레드 240mm_EU 38,1,EU 38,Red,74.71,PW-05,5
3583788057475,2746814,footwear,Adult Shield 100 Basketball Shoe,Shield 100 성인 초급자 농구화  285mm_EU 45,1,US M 12,Red,42.86,PW-06,4
3608419046021,2896592,footwear,Women's Shoe,여성용 피트니스화 520 - 핑크 데저트 로즈 235mm_EU 37,1,US W 6,Pink,83.62,PW-07,5
3583788239512,2309409,footwear,Adult Agility 500 AG Soccer Cleat,Agility 500 AG 성인 인조잔디구장 축구화 블랙 290mm_EU 45,1,US M 12,Black,93.94,PW-08,6
3608439463051,2553953,footwear,MH500 Waterproof Mountain Shoe,MH500 여성 방수 마운틴 하이킹 슈즈 퓨터 225mm_EU 36,1,US W 5,Navy,40.02,PE-01,6
3583788418153,2006465,footwear,Women's Soft 140 Walking Shoe,Soft 140 여성용 엑티브 워킹화 - 그레이/핑크,1,OS,Grey,92.73,PE-02,6
3583783967243,2836300,footwear,Kids' Agility 140 HG Soccer Cleat,아동용 축구화 Agility 140 HG - 버건디/오렌지 버건디 240mm_EU 38,1,EU 38,Red,88.75,PE-03,7
3608429755487,2504827,footwear,Kids' Shoe,아동용 운동화 런 서포트 이지 - 퍼플 미드나잇 퍼플 200mm_EU 32,1,EU 32,Blue,102.62,PE-04,5
3608429670599,4047750,footwear,RUN JF500 W SHOES GREY P EU39,"RUN JF500.1 W SHOES GREY P, UK 5.5  EU39",1,US M 6,Grey,39.03,PE-05,4
3583788341581,2096167,footwear,Women's Walking Shoe,Protect 540 여성용 피트니스 워킹화 - 플럼 Slate blue,1,OS,Blue,91.47,FB-01,5
3583788105183,2588924,footwear,Adult SC500 Basketball Shoe,SC500 성인 Mid 농구화 - 블루/옐로우 스노우 화이트 235mm_EU 37,1,US M 4,Blue,59.47,GA-01,6
3583788347347,2088506,footwear,Walking Shoe,프로텍트 140 어린이 피트니스 워킹화 - 화이트 Pebble grey,1,OS,Grey,76.43,GA-02,5
3608419224375,2524435,footwear,Shoe,500 카디오 피트니스 신발 블랙 275mm_EU 43,1,US M 10,Black,90.39,PW-01,8
3583788237112,2311093,footwear,Kids' Strong 300 Basketball Shoe,Strong 300 주니어 남녀 중상급자용 농구화 코랄 핑크 240mm_EU 38,1,EU 38,Pink,38.56,PW-02,6
3608439504945,2194419,footwear,Trek 100 Shoe,Trek 100 여성 트레킹 슈즈 브라운 260mm_EU 41,1,US W 10,Orange,57.15,PW-03,8
3608429699408,2957292,footwear,Womens Trail Running Shoe TR2 black pink,Womens Trail Running Shoe TR2 - black pink 카본 그레이 240mm_EU 38,1,US W 7,Black,74.15,PW-04,8
3583788237198,2311087,footwear,Kids' Strong 300 Basketball Shoe,Strong 300 주니어 남녀 중상급자용 농구화 코랄 핑크 205mm_EU 33,1,EU 33,Pink,77.68,PW-05,8
3608393738707,5709650,footwear,NH500 Shoe,"SHOE NH500 FRESH W, UK 4  EU37",1,US M 4,Orange,86.27,PW-06,7
3608429748533,2696512,footwear,Kids' Shoe,AT 이지 아동용 운동화 인디고 블루 205mm_EU 33,1,EU 33,Blue,97.58,PW-07,7
3583787893692,2938335,footwear,Men's Basketball Shoe,남성용 농구화 패스트 500 로우컷 - 그레이  선플라워 255mm_EU 40,1,US M 7,Grey,95.54,PW-08,6
3583788003595,2585748,footwear,Kids' Agility 500 HG Soccer Cleat,Agility 500 HG 아동용 하드피치 립탭(Rip-Tab) 축구화 블랙 205mm_EU 33,1,EU 33,Black,53.98,PE-01,8
3583788224327,2346813,footwear,Walking Shoe,Protect 560 어린이 피트니스 워킹화 블루 그레이 185mm_EU 30,1,EU 30,Blue,79.04,PE-02,5
3583787922620,2950447,footwear,PW 540 Walking Shoe,PW 540 어린이 피트니스 워킹화 네이비 블루 200mm_EU 32,1,EU 32,Blue,89.65,PE-03,8
3608429758556,2424497,footwear,Men's Running Shoe,런 서포트 남성용 숨쉬는 조깅화 - 그린 버디그리 265mm_EU 42,1,US M 9,Green,73.22,PE-04,4
3583788168065,2575984,footwear,Adult EDGE LACE-UP Climbing Shoe,EDGE LACE-UP 성인 암벽화 라임 그린 215mm,1,US M 1,Green,72.21,PE-05,6
3608429689157,4249644,footwear,Men's Running Shoe,런 쿠션 남성용 러닝화  다크 브론즈 280mm_EU 44,1,US M 11,Grey,106.97,FB-01,6
3608399909026,2005025,footwear,TS100,TS100 그립 어린이 테니스화 화이트 185mm_EU 30,1,EU 30,White,87.45,GA-01,8
3608429731986,2714480,footwear,Kids' Shoe,아동용 육상 운동화 AT500 킵런 패스트- 블랙/옐로우 네이비 블루 245mm_EU 39,1,EU 39,Black,88.47,GA-02,7
3608399892120,2135530,footwear,TS990,TS990 테니스화 - 블랙/오렌지 블랙 260mm,1,US M 8,Black,35.25,PW-01,5
3583788151944,2533974,footwear,Aqua Shoe,120 키즈 아쿠아슈즈 터쿼이즈 그린 175-180mm_EU 28-29,1,OS,Green,65.63,PW-02,6
3583788252993,2243628,footwear,Soccer Cleat,CLR 500 HG 어린이 하드 그라운드용 립탭 축구화 다크 블루 175mm_EU 28,1,EU 28,Blue,37.52,PW-03,7
3608439408748,2564395,footwear,Kids' Waterproof Hiking Boot,MH 120 아동용 하이킹 등산화 미드 방수 - 그레이 딥 블루 225mm_EU 36,1,EU 36,Blue,109.96,PW-04,8
3608439417412,2495405,footwear,Women's SH500 Thermal Snow Hiking,SH500 여성용 스노우 하이킹 X-보온 부츠 - 블루 퍼플 225mm_EU 36,1,US W 5,Blue,53.17,PW-05,8
3583788283911,2196940,footwear,Boys' Shoe,NATASLAP 남아용 수영장 샌들 베고니아 핑크 180-190mm_EU29/30,1,OS,Pink,68.3,PW-06,6
3608419302264,2184309,footwear,Strong 100 Shoe,Strong 100 크로스 트레이닝 운동화 체리 레드 275mm_EU 43,1,US M 10,Red,95.95,PW-07,7
3608429796671,2501593,footwear,Men's Running Shoe,런 쿠션 그립 남성용 러닝화 카키 그레이 255mm_EU 40,1,US M 7,Grey,69.03,PW-08,8
3608429772606,2467415,footwear,Men's Kiprun Running Shoe,Kiprun TR 남성용 트레일 러닝화 블랙 300mm_EU 47,1,US M 14,Black,39.2,PE-01,6
3583783972933,2886776,footwear,Kids' Basketball Shoe,500 아동용 농구화 중급자용 - 레드/블랙 스파이더 레이스  스칼렛 레드 180mm_EU 29,1,EU 29,Black,35.03,PE-02,5
3583788163077,2575402,footwear,Hiking Boot,ROCK + 등산화 스쿼럴 그레이 265mm_EU 42,1,US M 9,Grey,104.36,PE-03,5
3608439403453,2648230,footwear,Women's NH500 Shoe,NH500 여성용 네이처 하이킹화 네이비 블루 225mm_EU 36,1,US W 5,Blue,73.02,PE-04,6
3608429827580,2182644,footwear,Ekiden Active Shoe,Ekiden Active Breath Childrens Running Shoe - Blue Fluo deep magenta,1,OS,Blue,118.7,PE-05,4
3583788252948,2243630,footwear,Soccer Cleat,CLR 500 HG 어린이 하드 그라운드용 립탭 축구화 다크 블루 185mm_EU 30,1,EU 30,Blue,38.6,FB-01,4
3608459618790,2216672,footwear,Areeta Shoe,Areeta Mens Shoes - Oly Blue Coast Blue grey EU 42,1,US M 9,Blue,71.65,GA-01,8
3583787877975,4013201,footwear,Shoe,BS 560 남성 배드민턴화 - 라이트 화이트 옐로우 스노우 화이트 245mm_EU 39,1,US M 6,White,102.49,GA-02,5
3608429693574,4225857,footwear,Kids' Shoe,아동용 육상 운동화 AT300 브리드 - 마우브/퍼플 브라이트 인디고 205mm_EU 33,1,EU 33,Red,115.59,PW-01,5
3583787679630,4072361,footwear,Babys shoes for water Aquashoes turquoise,Babys shoes for water Aquashoes 100 - turquoise 플루오 코랄 오렌지 160-165mm_EU 26-27,1,EU 26,Pink,86.63,PW-02,8
3608429842583,2118011,footwear,Kids' Shoe,아동용 다목적 트랙 러닝 스파이크드 신발 블랙 240mm_EU 38,1,EU 38,Black,107.41,PW-03,4
3583788217282,2357530,footwear,Kids' Soccer Cleat,First 100 HG 아동용 하드피치 축구화 블랙 215mm_EU 34,1,EU 34,Black,108.32,PW-04,8
3608399847984,2715773,footwear,WOMEN BADMINTON SHOES BS LITE SKY BLUE,WOMEN BADMINTON SHOES BS 560 LITE SKY BLUE 인디고 블루 260mm_EU 41,1,US W 10,Blue,62.88,PW-05,7
3608439315015,4291889,footwear,Girls' MH100 Shoe,MH100 여아용 신발 페일 그레이 220mm_EU 35,1,US W 4,Grey,39.7,PW-06,7
3608439541667,2118469,footwear,SH100 Waterproof Thermal Hiking Boot,SH100 립탭 아동 보온 방수 스노우 하이킹 부츠 담슨 200mm_EU 32,1,EU 32,Blue,35.02,PW-07,5
3583784037587,4151346,footwear,Men's Kiprun Running Shoe,Kiprun 남성용 러닝화 KD 플러스 - 블루 블랙 275mm_EU 43,1,US M 10,Black,61.01,PW-08,7
3583788423621,2001184,footwear,Shoe,소프트 140 메시 남성 피트니스 워킹 슈즈 퓨터 255mm_EU 40,1,US M 7,Navy,43.93,PE-01,4
3608459606308,2532154,footwear,Adult Aqua Shoe,120 성인용 아쿠아슈즈 그레이 블루 240-245mm_EU 38-39,1,US M 5,Blue,49.49,PE-02,6
3583787890042,2895821,footwear,PW 120 Walking Shoe,PW 120 여성 피트니스 워킹화 - 블랙/화이트 스노우 화이트 235mm_EU 37,1,US W 6,Black,57.59,PE-03,4
3583788417026,2008570,footwear,Shoe,클래식 원 100 어린이 승마 부츠 딥 셰일 200mm_EU 32,1,EU 32,White,108.57,PE-04,7
3608439510113,2191457,footwear,Men's Forclaz Waterproof Shoe,Forclaz 500 남성용 방수 하이킹화 아이스 커피 245mm_EU 39,1,US M 6,Orange,65.11,PE-05,4
3583788244622,2306840,footwear,PW 580 Waterproof Walking Shoe,PW 580 여성 방수 피트니스 워킹화 페블 그레이 260mm_EU 41,1,US W 10,Grey,49.92,FB-01,6
3608409875921,2541168,footwear,Van Rysel RoadR,Van Rysel 자전거 신발 RoadR 900 - 이리데슨트 그레이 라이트 그레이 280mm_EU 44,1,US M 11,Grey,60.07,GA-01,4
3583788241874,2307617,footwear,Adult Shield 500 Basketball Shoe,Shield 500 성인 중급자용 농구화 루나 그레이 300mm_EU 47,1,US M 14,Grey,42.24,GA-02,8
3583787878026,4013188,footwear,Shoe,BS 530 남성 배드민턴화 - 블랙 네이비 블루 280mm_EU 44,1,US M 11,Black,52.75,PW-01,7
3608429723820,2939144,footwear,Women's Kiprun Running Shoe,Kiprun 여성용 러닝화 초경량 - 블루/코랄 네이비 블루 260mm_EU 41,1,US W 10,Blue,97.76,PW-02,5
3608429725565,2989240,footwear,Men's Kiprun Running Shoe,Kiprun 초경량 남성용 러닝화 - 그린/옐로우 플루오 블러드 오렌지 265mm_EU 42,1,US M 9,Green,47.13,PW-03,5
3608399899570,2081790,footwear,TS130,TS130 어린이 테니스화 페이디드 데님 175mm_EU 28,1,EU 28,Orange,45.03,PW-04,4
3608429778653,2427100,footwear,Boys' Shoe,런 서포트 남아용 트랙 러닝 벨크로 신발 - 블랙 그레이 오렌지 플루오 포기 블루 200mm_EU 32,1,OS,Black,79.89,PW-05,5
3583788003175,2711780,footwear,Adult Soccer Cleat,어질리티 900 미드 MG 성인용 축구화  아스팔트 블루 255mm_EU 40,1,US M 7,Blue,46.09,PW-06,7
3608399871576,2177518,footwear,TS990,TS990 테니스화 아비스 그레이 260mm_EU 41,1,US M 8,Grey,54.24,PW-07,8
3608429795889,2505046,footwear,Women's ACTIVE Shoe,RUN ACTIVE 여성용 러닝 슈즈 갤럭시 블루 225mm_EU 36,1,US W 5,Blue,45.5,PW-08,5
3583787866351,2978863,footwear,Women's Trekking Leggings,트래블 500 여성용 트레킹 레깅스 강화 & 멀티포켓  블랙 XL,1,XL,Black,74.8,PE-01,7
3583788218128,2353703,footwear,Kids' Agility 700 HG Soccer Cleat,Agility 700 HG 아동용 하드피치 축구화 블랙 205mm_EU 33,1,EU 33,Black,35.0,PE-02,5
3583788114277,2580303,footwear,Adult Agility 900 HG Soccer Cleat,Agility 900 HG 성인용 하드 피치 축구화 아스팔트 블루 265mm_EU 42,1,US M 9,Blue,87.1,PE-03,7
3608439412646,2467688,footwear,MH500 Mountain Shoe,MH500 남성 마운틴 하이킹 슈즈 - 블루 다크 페트롤 블루 265mm_EU 42,1,US M 9,Blue,112.51,PE-04,6
3608429763758,2426288,footwear,Men's KIPRUN Running Shoe,KIPRUN 패스트 남성용 러닝화 페블 그레이 280mm_EU 44,1,US M 11,Grey,89.22,PE-05,7
3608439507656,2192647,footwear,Arpenaz Shoe,Arpenaz 120 남성 하이킹 샌들 네이비 블루 265mm_EU 42,1,US M 9,Blue,44.73,FB-01,7
3583788091684,2578407,footwear,Adult Agility 900 AG Soccer Cleat,Agility 900 AG 성인 인조잔디구장 축구화 블랙 265mm_EU 42,1,US M 9,Black,39.16,GA-01,6
3608439439278,2558189,footwear,TREK 700 Shoe,TREK 700 여성 트레킹 슈즈 페이디드 데님 270mm,1,US W 11.5,Pink,67.84,GA-02,5
3608439361999,2754138,footwear,Men's NH150 Shoe,NH150 남성용 네이처 하이킹화 블랙 260mm_EU 41,1,US M 8,Black,35.29,PW-01,7
3583788243618,2307526,footwear,Kids' Soft 140 Walking Shoe,Soft 140 아동용 피트니스 워킹화 - 핑크/차콜 Lavender blue 235mm,1,EU 37,Blue,98.11,PW-02,5
3583787945896,2899940,footwear,Kids' Agility 540 HG Soccer Cleat,Agility 540 HG 아동용 축구화 블루 블랙 215MM_EU 34,1,EU 34,Black,47.88,PW-03,8
3608439758270,1719522,footwear,Quechua Forclaz Shoe,Quechua Forclaz 100 Mens High Waterproof Hiking Shoes - light blue BROWN EU 44,1,US M 11,Blue,35.01,PW-04,5
3608429689966,4225780,footwear,Kids' Shoe,아동용 운동화 런 서포트 이지 - 퍼플 블랙 235mm_EU 37,1,EU 37,Black,44.13,PW-05,4
3608399834267,2707479,footwear,TS110,TS110 멀티코트 테니스화 스노우 화이트 285mm_EU 45,1,US M 12,White,38.3,PW-06,5
3583787878019,4013210,footwear,Shoe,BS 560 남성 배드민턴화 - 라이트 화이트 옐로우 스노우 화이트 245mm_EU 39,1,US M 6,White,36.23,PW-07,7
3583788253617,2240883,footwear,Aquashoe Baby Pool Shoes,Aquashoe Baby Pool Shoes 플루오 크림슨 135mm_EU 22,1,EU 22,Blue,72.16,PW-08,5
3608429791164,2491920,footwear,Men's KIPRUN Running Shoe,KIPRUN 장거리 남성용 러닝화 플루오 라임 옐로우 245mm_EU 39,1,US M 6,Navy,47.74,PE-01,6
3583788003557,2585724,footwear,Kids' Agility 500 HG Soccer Cleat,Agility 500 HG 아동용 하드 피치 축구화 블랙 240mm_EU 38,1,EU 38,Black,38.66,PE-02,6
3608439551420,2095188,footwear,SH100 Waterproof Thermal Snow Hiking Shoe,SH100 보온 방수 남성 스노우 하이킹 슈즈 다크 블루 295mm_EU 46,1,US M 13,Blue,114.33,PE-03,7
3583788303473,2183535,footwear,Soft 180 Walking Shoe,Soft 180 Strap 맨 피트니스 워킹화 - 블루 Garnet red,1,OS,Blue,35.38,PE-04,5
3583788204435,2547644,footwear,Kids' PW 500 Walking Shoe,PW 500 아동용 프레시 피트니스 워킹화 스톰 그레이 200mm_EU 32,1,EU 32,Grey,70.61,PE-05,7
3583783967625,2686723,footwear,Kids' MH120 Shoe,MH120 미드 아동용 하이넥 하이킹 벨크로 부츠 (10~2) - 터쿼이즈 스톰 그레이 160mm_EU 26,1,EU 26,Grey,81.72,FB-01,7
3608439407727,2470080,footwear,Hiking Boot,FH900 남성 패스트 하이킹 부츠 - 블루 아스팔트 블루 275mm_EU 43,1,US M 10,Blue,57.95,GA-01,4
3583788053101,2379447,footwear,Kids' PW 500 Walking Shoe,PW 500 아동용 프레시 피트니스 워킹화 블랙 225mm_EU 36,1,EU 36,Black,114.56,GA-02,6
3608439408762,2470278,footwear,Kids' MH120 Shoe,"MH120 아동용 하이킹 밸크로 로우 슈즈 - 그레이/그린, 170mm-215mm 사이즈 라임 그린 200mm_EU 32",1,EU 32,Grey,73.55,PW-01,7
3608390159079,4459434,footwear,Aquashoes UK C11,"Aquashoes 120 Jr, UK C11.5-12 - EU 30-31",1,OS,Pink,85.93,PW-02,4
3608429727538,2952266,footwear,Women's Running Shoe,런 서포트 여성용 숨쉬는 러닝화 - 코랄 마그놀리아 260mm_EU 41,1,US W 10,Grey,43.65,PW-03,8
3583788383642,2041884,footwear,Kids' Agility 500 AG Soccer Cleat,Agility 500 AG 주니어 축구화- 인공잔디용 블루,1,OS,Blue,46.22,PW-04,8
3583788284116,2196966,footwear,Men's Shoe,남성용 TOPSLAP 수영장 샌들 라임 그린 245-255mm,1,US M 5.5,Green,37.97,PW-05,6
3608439553233,2094211,footwear,SH100 Shoe,"SHOES WARM SH100 MID, EU 41  UK 7 US 8.5",1,US M 8,Pink,39.59,PW-06,4
3583788091479,2580352,footwear,Kids' Agility 900 HG Soccer Cleat,Agility 900 HG 아동용 하드피치 축구화 아스팔트 블루 225mm_EU 36,1,EU 36,Blue,88.29,PW-07,6
3608429726876,2422416,footwear,Men's Kiprun Running Shoe,Kiprun 남성용 러닝화 KD 플러스 - 블루 미드나잇 인디고 285mm_EU 44.5,1,US M 11.5,Blue,34.99,PW-08,8
3583788236986,2311110,footwear,Adult Basketball Shoe,스트롱 300 II 성인 초급자용 농구화 블랙 255mm_EU 40,1,US M 7,Black,50.3,PE-01,5
3583784837309,4669433,footwear,JOGFLOW M SHOES F,"JOGFLOW 500K.1 M SHOES F, UK 8.5 - EU 43",1,US M 10,Blue,38.51,PE-02,7
3583788401452,2017383,footwear,Actiwalk childrens walking and school sports shoes GREEN EU,Actiwalk 520 childrens walking and school sports shoes GREEN EU 28,1,OS,Green,91.49,PE-03,8
3583787668290,4225899,footwear,Men's Kiprun Running Shoe,Kiprun TR 남성용 트레일 러닝화 스톰 그레이 255mm_EU 40,1,US M 7,Grey,59.23,PE-04,6
3583788031819,2724338,footwear,Men's Waterproof Golf Shoe,남성용 방수 그립 골프화 - 화이트 아스팔트 블루 280mm_EU 44,1,US M 11,Blue,72.76,PE-05,7
3583788312321,2172072,footwear,Soft 140 active Shoe,Soft 140 summer mens active walking shoes Royal blue EU 41,1,US M 8,Blue,53.33,FB-01,4
3583788141945,2532192,footwear,Adult Aqua Shoe,120 성인용 아쿠아슈즈 터쿼이즈 블루 셰이딩  딥 페트롤 블루 270-275mm,1,US M 9.5,Blue,41.72,GA-01,6
3583787923429,2425014,footwear,Walking Shoe,Actiwalk 아동 워킹화 - 블랙/블랙 블랙 220mm_EU 35,1,EU 35,Black,40.54,GA-02,4
3608439365348,2892267,footwear,MH500 Waterproof Mountain Shoe,MH500 여성 방수 마운틴 하이킹 슈즈 마우스 그레이 245mm_EU 39,1,US W 8,Grey,85.46,PW-01,6
3583788173496,2413642,footwear,V500,V500 여성 배구화 - 블루 페트롤 블루 260mm,1,US W 10,Blue,74.83,PW-02,5
3608390337231,4988046,footwear,KIPRUN KS900 Shoe,"KIPRUN KS900 LIGHT M gre, UK 6.5 - EU 40",1,US M 7,Green,79.48,PW-03,5
3608439508806,2192060,footwear,Arpenaz Waterproof Hiking Boot,Arpenaz 100 남성 방수 등산화 - 베이지,1,OS,Teal,67.41,PW-04,6
3608439568565,2033174,footwear,ARPENAZ Shoe,남성 ARPENAZ 100 하이킹 샌들 브릭 레드 275mm,1,US M 10,Red,53.28,PW-05,6
3583788337935,2101430,footwear,Kids' Soft 140 Walking Shoe,Soft 140 아동용 피트니스 워킹화 - 핑크/차콜,1,OS,Pink,93.11,PW-06,7
3608429690153,4225829,footwear,Men's Running Shoe,액티브 브리드 남성용 러닝화 포기 블루 300mm_EU 47,1,US M 14,Blue,44.06,PW-07,7
3608449879828,2357922,footwear,Women's Mountain Shoe,"여성용 스노보드, 올마운틴/프리스타일 부츠 SNB 100 패스트락 - 그레이 루나 그레이 255mm_EU 40",1,US W 9,Grey,96.03,PW-08,7
3608429716525,2957733,footwear,Women's Running Shoe,여성용 러닝화 런 컴포트 - 베이지 블루 255mm_EU 40,1,US W 9,Blue,77.46,PE-01,5
3608429725572,2989237,footwear,Men's Kiprun Running Shoe,Kiprun 초경량 남성용 러닝화 - 그린/옐로우 플루오 블러드 오렌지 245mm_EU 39,1,US M 6,Green,42.24,PE-02,7
3608429693468,4169816,footwear,Kids' Shoe,아동용 육상 운동화 AT300 브리드 - 마우브/퍼플 캔디플로스 195mm_EU 31,1,EU 31,Navy,107.62,PE-03,8
3583788306900,2179914,footwear,Kids' Soft 140 Walking Shoe,Soft 140 프레시 아동용 피트니스 워킹화 브라이트 핑크 180mm_EU 29,1,EU 29,Pink,64.83,PE-04,7
3583788053033,2379694,footwear,Men's PW 160 Walking Shoe,PW 160 슬립온 남성용 피트니스 워킹화 - 블랙/오렌지 네이비 블루 275mm_EU 43,1,US M 10,Black,82.07,PE-05,5
3608439551345,2095213,footwear,SH100 Waterproof Thermal Hiking Boot,SH100 남성 보온 방수 스노우 하이킹 부츠 블랙 280mm_EU 44,1,US M 11,Black,46.34,FB-01,7
3608390605002,5038570,footwear,SHOE NH50 LOW M BLACK,"SHOE NH50 LOW M BLACK, UK 9.5 - EU 44",1,US M 11,Black,41.62,GA-01,6
3608459618219,2216747,footwear,Kids' Shoe,S 100 Inj 주니어 키즈 샌들 스노우 화이트 175-180mm_EU 28-29,1,EU 28,White,41.66,GA-02,5
3583787729182,4124005,footwear,Adult Agility 500 MG Soccer Cleat,성인용 축구화 Agility 500 MG - 옐로우/블랙  265mm_EU 42,1,US M 9,Black,110.65,PW-01,6
3608439454608,2557908,footwear,Kids' Mountain Shoe,크로스록 주니어 남아 마운틴 하이킹 슈즈 네이비 블루 215mm_EU 34,1,EU 34,Blue,45.49,PW-02,4
3583788205173,2544795,footwear,PW 100 Walking Shoe,PW 100 어린이 피트니스 워킹화 블랙 240mm_EU 38,1,EU 38,Black,36.56,PW-03,6
3583788188360,2542867,footwear,PW 500 Walking Shoe,PW 500 프레시 남성 피트니스 워킹화 카키 그레이 265mm_EU 42,1,US M 9,Grey,79.76,PW-04,6
3608390337248,4988047,footwear,KIPRUN KS900 Shoe,"KIPRUN KS900 LIGHT M grey, UK 7 - EU 41",1,US M 8,Grey,92.73,PW-05,8
3583788338222,2101432,footwear,Walking Shoe,소프트 140 어린이 피트니스 워킹화 - 그레이 / 레드 Lime green,1,OS,Grey,66.96,PW-06,8
3608399878254,2141625,footwear,TS560,TS560 어린이 테니스화 블랙 215mm_EU 34,1,EU 34,Black,40.3,PW-07,5
3608439408496,2686702,footwear,Kids' MH120 Hiking Boot,MH120 아동용 하이킹 로우 레이스 등산화 사이즈 3~5.5 - 자주색  퍼플 220mm_EU 35,1,EU 35,Pink,100.66,PW-08,4
3583788201205,2542844,footwear,PW 500 Walking Shoe,PW 500 프레시 남성 피트니스 워킹화 블랙 255mm_EU 40,1,US M 7,Black,64.54,PE-01,6
3583783804746,2581397,footwear,Adult SC500 Basketball Shoe,SC500 성인 Mid 농구화 - 블루/옐로우 블랙 300mm,1,US M 14,Black,64.05,PE-02,4
3583783897717,2140557,footwear,Men's Shoe,BS990 남성용 배드민턴 슈즈 - 레드 버건디 300mm,1,US M 14,Red,37.05,PE-03,8
3583787819203,2918365,footwear,Kids' Agility 140 HG Soccer Cleat,아동용 축구화 Agility 140 HG - 버건디/오렌지 페일 그레이 235mm_EU 37,1,EU 37,Grey,42.28,PE-04,4
3583787856581,2894511,footwear,Shoe,풋살화 긴카 500 - 라이트그레이 페일 그레이 275mm_EU 43,1,US M 10,Grey,50.58,PE-05,4
3583788221746,2347983,footwear,PW 240 Walking Shoe,PW 240 남성 피트니스 워킹화 - 다크 블루/오렌지 Navy blue 255mm,1,US M 7,Blue,48.03,FB-01,6
3608439344947,4131457,footwear,Men's SH500 Waterproof Thermal Walking Shoe,남성용 스노우 워킹 방수 워킹화 SH500 X보온 미드 - 카키 카본 그레이 245mm_EU 39,1,US M 6,Grey,37.17,GA-01,4
3608439497391,2203649,footwear,ARPENAZ Shoe,남성 ARPENAZ 100 하이킹 샌들 올리브 그린 260mm_EU 41,1,US M 8,Green,95.33,GA-02,8
3608390056064,4150998,footwear,Men's Kiprun Running Shoe,Kiprun 초경량 남성용 러닝화 - 그린/옐로우 플루오 라임 275mm_EU 43.5,1,US M 10.5,Green,39.37,PW-01,8
3583788347460,2088541,footwear,Walking Shoe,프로텍트 140 어린이 피트니스 워킹화 갤럭시 블루 225mm_EU 36,1,EU 36,Blue,41.8,PW-02,8
3583788305569,2181350,footwear,Soft 140 active Shoe,Soft 140 summer womens active walking shoes 담슨 235mm_EU 37,1,US W 6,Red,39.08,PW-03,8
3608399871545,2177517,footwear,TS990,TS990 테니스화 아비스 그레이 255mm_EU 40,1,US M 7,Grey,50.47,PW-04,7
3608439379871,2877170,footwear,SH900 Waterproof Thermal Hiking Boot,SH900 여성 보온 방수 스노우 하이킹 부츠 다크 블루 240mm_EU 38,1,US W 7,Blue,58.38,PW-05,8
3608439454219,2554291,footwear,Girls' Mountain Hiking Boot,크로스락 여아용 마운틴 하이킹 등산화 225 - 245mm 사이즈 브라이트 핑크 220mm_EU 35,1,US W 4,Pink,48.13,PW-06,8
3608439365539,2892393,footwear,MH500 Waterproof Mountain Shoe,MH500 여성 방수 마운틴 하이킹 슈즈 버건디 260mm_EU 41,1,US W 10,Orange,87.66,PW-07,6
3583787862049,2937982,footwear,Kids' Agility 100 HG Soccer Cleat,Agility 100 HG 아동용 축구화 하드 그라운드 - 블랙/레드 블랙 165mm_EU 27,1,EU 27,Black,63.33,PW-08,4
3583788351993,2085296,footwear,active Shoe,Protect 540 mens active walking shoes - blue BLACK EU 40,1,US M 7,Black,35.38,PE-01,8
3608439504822,2194427,footwear,Trek 500 Hiking Boot,Trek 500 남성 트레킹 부츠 딥 셰일 255mm_EU 40,1,US M 7,Navy,51.61,PE-02,4
3608459819852,1811253,footwear,Hanka,Hanka 2mm 다이빙 부츠,1,OS,Teal,65.81,PE-03,8
3608409881465,2539396,footwear,Shoe,500 스포츠 사이클링 로드 사이클링 신발 - 블랙 스노우 화이트 235mm_EU 37,1,US M 4,Black,70.72,PE-04,4
3608429796299,2507203,footwear,Women's Running Shoe,런 컴포트 여성용 조깅화 딥 블루 255mm_EU 40,1,US W 9,Blue,91.63,PE-05,6
3608439586132,2016000,footwear,Women's Forclaz Shoe,Forclaz Flex 3 여성용 하이킹화 – 그레이 핑크,1,OS,Grey,71.86,FB-01,7
3608409881755,2414780,footwear,Shoe,500 스포츠 사이클링 로드 사이클링 신발 - 블랙 블랙 260mm_EU 41,1,US M 8,Black,42.46,GA-01,5
3583788244837,2306778,footwear,PW 580 Waterproof Walking Shoe,PW 580 여성 방수 피트니스 워킹화 슬레이트 블루 245mm_EU 39,1,US W 8,Blue,100.57,GA-02,6
3608399834458,2644046,footwear,Men's Shoe,남성용 테니스화 TS500 멀티코트 - 블랙/오렌지 블랙 255mm_EU 40,1,US M 7,Black,36.59,PW-01,4
3608439412424,2651185,footwear,Men's MH500 Waterproof Mountain Hiking Boot,MH500 남성용 마운틴 하이킹 방수 등산화 블랙 285mm_EU 45,1,US M 12,Black,73.73,PW-02,5
3583788306481,2180084,footwear,Kids' Soft 140 Walking Shoe,Soft 140 프레시 아동용 피트니스 워킹화 로열 블루 205mm_EU 33,1,EU 33,Blue,41.5,PW-03,7
3583788243434,2307559,footwear,PW 540 Walking Shoe,PW 540 어린이 피트니스 워킹화 아쿠아 195mm_EU 31,1,EU 31,Green,54.75,PW-04,7
3583788194132,2547698,footwear,Kids' PW 500 Walking Shoe,PW 500 아동용 프레시 피트니스 워킹화 - 블루/그린 Lime green 225mm,1,EU 35.5,Blue,66.58,PW-05,8
3583788295945,2188095,footwear,Actiwalk childrens walking and school sports shoes Navy blue EU,Actiwalk 520 childrens walking and school sports shoes Navy blue EU 39,1,US M 6,Blue,72.66,PW-06,6
3608439510892,2190860,footwear,Men's Forclaz Waterproof Shoe,Forclaz 500 남성용 방수 하이킹화 블루 그레이 275mm,1,US M 10,Blue,37.47,PW-07,6
3583788332855,2112097,footwear,Agility 300 AG Soccer Cleat,Agility 300 AG 인조잔디용 축구화 딥 블루 260mm_EU 41,1,US M 8,Blue,66.96,PW-08,4
3583788300861,2185104,footwear,Soft 180 Walking Shoe,Soft 180 Strap 맨 피트니스 워킹화 - 블루,1,OS,Blue,38.03,PE-01,8
3608439323027,4194789,footwear,Men's MH100 Waterproof Mountain Hiking Boot,MH100 남성용 마운틴 하이킹 방수 등산화 다크 그린 245mm_EU 39,1,US M 6,Green,52.1,PE-02,5
3608439408861,2686727,footwear,Kids' MH120 Hiking Boot,아동용 등산화 MH120 미드 벨크로형 175~215mm - 터쿼이즈 스톰 그레이 185mm_EU 30,1,EU 30,Grey,97.82,PE-03,4
3583788243724,2307517,footwear,Kids' Soft 140 Walking Shoe,Soft 140 아동용 피트니스 워킹화 - 핑크/차콜 Lavender blue,1,OS,Blue,48.73,PE-04,4
3608429715047,4099633,footwear,Men's Running Shoe,런 액티브 그립 남성용 러닝화 페블 그레이 245mm_EU 39,1,US M 6,Grey,110.88,PE-05,5
3608429785262,2504868,footwear,Boys' Running Shoe,런 서포트 신발 남아용 트랙 신발끈이 있는 러닝화 - 블랙 그레이 레드 블랙 220mm_EU 35,1,US M 2,Black,37.17,FB-01,7
3608429773252,2467541,footwear,Men's Kiprun Running Shoe,Kiprun 트레일 XT 7 남성용 트레일 러닝화 페트롤 블루 265mm_EU 42,1,US M 9,Blue,60.13,GA-01,6
3583784035651,4151756,footwear,Women's Kiprun Running Shoe,Kiprun 여성용 러닝화 KD 플러스 - 코랄/그린 웨일 그레이 235mm_EU 37,1,US W 6,Grey,66.17,GA-02,5
3583788237006,2311115,footwear,Adult Basketball Shoe,스트롱 300 II 성인 초급자용 농구화 블랙 285mm_EU 45,1,US M 12,Black,36.47,PW-01,6
3608390336722,4987923,footwear,KIPRUN KS900 Shoe,"KIPRUN KS900 2 M yellow, UK 9 - EU 43.5",1,US M 10.5,Black,35.35,PW-02,6
3608429746027,2780879,footwear,Women's Running Shoe,런 컴포트 여성용 조깅화 페일 그레이 245mm_EU 39,1,US W 8,Grey,36.44,PW-03,7
3583788338444,2101409,footwear,Kids' Soft 140 Walking Shoe,Soft 140 아동용 피트니스 워킹화 - 핑크/차콜 그레이,1,OS,Grey,94.5,PW-04,6
3583787708859,4164317,footwear,Walking Shoe,Protect 140 남성 엑티브 워킹화 블랙 255mm_EU 40,1,US M 7,Black,72.67,PW-05,4
3608439362163,2754106,footwear,NH150 Shoe,Mens waterproof off-road hiking shoes NH150 Mid WP 카본 그레이 275mm_EU 43,1,US M 10,Grey,100.08,PW-06,7
3583788057321,2379672,footwear,Men's PW 160 Walking Shoe,PW 160 슬립온 남성용 피트니스 워킹화 - 블랙/오렌지 블랙 260mm_EU 41,1,US M 8,Black,107.35,PW-07,5
3583788103288,2587993,footwear,Kids' Basketball Shoe,Spider Lace 주니어 남아/여아 중급 농구화 - 블루/옐로우 딥 인디고 240mm_EU 38,1,EU 38,Blue,56.97,PW-08,6
3583787909560,2942004,footwear,Adult Aqua Shoe,성인용 아쿠아슈즈 120 - 그레이  265-275mm_EU 42-43,1,US M 9,Grey,37.99,PE-01,4
3583788307037,2179919,footwear,Kids' Soft 140 Walking Shoe,Soft 140 프레시 아동용 피트니스 워킹화 브라이트 핑크 215mm_EU 34,1,EU 34,Pink,48.04,PE-02,8
3583788417569,2006574,footwear,Soft 140 active Shoe,Soft 140 summer womens active walking shoes 블랙 245mm_EU 39,1,US W 8,Black,97.84,PE-03,4
3583788283737,2196975,footwear,Women's Shoe,여성용 METASLAP SSP 500 수영장 샌들 푸크시아 235-240mm_EU 37-38,1,US W 6,Blue,49.55,PE-04,7
3583788239451,2309413,footwear,Adult Agility 500 AG Soccer Cleat,Agility 500 AG 성인 인조잔디구장 축구화  265mm_EU 42,1,US M 9,Red,38.86,PE-05,4
3608429732389,2953314,footwear,Boys' Running Shoe,런 서포트 신발 남아용 트랙 신발끈이 있는 러닝화 - 블랙 그레이 레드 베고니아 핑크 235mm_EU 37,1,US M 4,Black,35.02,FB-01,8
3583788203322,2542514,footwear,Walking Shoe,HW 500 여성 메시 피트니스 워킹화 퍼플 245mm_EU 39,1,US W 8,Green,118.22,GA-01,4
3583788462927,776326,footwear,Kids' Walking Shoe,Actiréo 아동용 피트니스 워킹화 - 블루/옐로우,1,OS,Blue,58.43,GA-02,7
3608439274657,4427969,footwear,MH500 Shoe,"SHOES MH500 MID WTP W LIN, UK 4  EU37",1,US M 4,Pink,52.87,PW-01,5
3608429856016,2014057,footwear,Men's Shoe,EKIPRIME 남성용 런닝화 - 블루,1,OS,Blue,99.13,PW-02,4
3583788398899,2019636,footwear,Kids' Walking Shoe,Elimu 아동용 워킹화/스포츠화 - 블루,1,OS,Blue,57.55,PW-03,8
3608419498721,566279,footwear,Shoe,스플릿 솔 캔버스 발레슈즈 라이트 핑크 200mm_EU 32,1,OS,Pink,47.13,PW-04,8
3608439408502,2686676,footwear,Kids' Hiking Boot,MH 120 아동용 하이킹 등산화 로우 벨크로 - 퍼플 퍼플 185mm_EU 30,1,EU 30,Navy,43.39,PW-05,4
3583788424529,2000808,footwear,Actiwalk childrens walking and school sports shoes LIGHT GREY EU,Actiwalk 520 childrens walking and school sports shoes LIGHT GREY EU 36,1,US M 3,Grey,35.03,PW-06,6
3608429797517,2501568,footwear,Men's Running Shoe,런 쿠션 남성용 러닝화 페트롤 블루 295mm_EU 46,1,US M 13,Blue,111.69,PW-07,7
3608439323034,4194790,footwear,Men's MH100 Waterproof Mountain Hiking Boot,MH100 남성용 마운틴 하이킹 방수 등산화 다크 그린 255mm_EU 40,1,US M 7,Green,59.8,PW-08,4
3608429797487,2501563,footwear,Men's Running Shoe,런 쿠션 남성용 러닝화 페트롤 블루 260mm_EU 41,1,US M 8,Blue,48.29,PE-01,6
3583788227694,2342930,footwear,Adult Agility 900 Pro HG Soccer Cleat,Agility 900 Pro HG 성인 하드피치 축구화 블랙 290mm_EU 45,1,US M 12,Black,35.06,PE-02,5
3608439593130,1839222,footwear,Men's Quechua Arpenaz Hiking Boot,Quechua Arpenaz 50 미들탑 남성용 등산화 - 그레이블루 Pewter,1,OS,Blue,54.57,PE-03,4
3608429795803,2505063,footwear,Women's Running Shoe,런 액티브 그립 여성용 러닝화 다크 페트롤 블루 245mm_EU 39,1,US W 8,Blue,42.51,PE-04,4
3583788283935,2196941,footwear,Boys' Shoe,NATASLAP 남아용 수영장 샌들 베고니아 핑크 195-200mm_EU31/32,1,OS,Pink,75.37,PE-05,7
3608419354591,2110081,footwear,Women's Shoe,500 여성용 카디오 피트니스 신발 - 블랙/핑크 블랙 225mm,1,US W 4.5,Black,80.56,FB-01,6
3583787660362,4272640,footwear,Women's Shoe,액티브워크 여성용 샌들 다크 블루 235mm_EU 37,1,US W 6,Blue,35.5,GA-01,6
3583788204404,2547640,footwear,Kids' PW 500 Walking Shoe,PW 500 아동용 프레시 피트니스 워킹화 스톰 그레이 180mm_EU 29,1,EU 29,Grey,44.99,GA-02,5
3608399840695,2911607,footwear,TTS,TTS 500 탁구화 플루오 라임 옐로우 245mm_EU 39,1,US M 6,Pink,94.47,PW-01,8
3583788032793,2587871,footwear,Adult Basketball Shoe,성인 유니섹스 초급자 농구화 - 레드/블랙 화이트 275mm_EU 43,1,US M 10,Black,36.09,PW-02,7
3608429721130,2953359,footwear,Kids' Shoe,아동용 육상 운동화 AT300 브리드 - 마우브/퍼플 네이비 블루 205mm_EU 33,1,EU 33,Blue,100.98,PW-03,6
3608439621949,760215,footwear,Men's Forclaz Hiking Boot,Forclaz 500 Fresh 남성용 경량 등산화 카본 그레이 285mm_EU 45,1,US M 12,Grey,106.74,PW-04,7
3583788340874,2096425,footwear,Women's Walking Shoe,Protect 140 여성용 피트니스 워킹화 화이트 255mm_EU 40,1,US W 9,White,44.89,PW-05,6
3608439446825,2560679,footwear,MH100 Waterproof Mountain Shoe,MH100 여성 방수 마운틴 하이킹 슈즈 블랙 260mm_EU 41,1,US W 10,Black,53.61,PW-06,7
3608429755746,2427249,footwear,Kids' Shoe,아동용 육상 운동화 AT300 브리드 - 마우브/퍼플 페일 그레이 235mm_EU 37,1,EU 37,Grey,36.58,PW-07,8
3583788304623,2182322,footwear,Adult Basketball Shoe,Fast 500 성인 로우 컷 중급자용 농구화 아스팔트 블루 245mm_EU 39,1,US M 6,Blue,107.14,PW-08,8
3583787878545,4016692,footwear,Shoe,BS 530 여성 배드민턴화 - 스카이 블루 스노우 화이트 245mm_EU 39,1,US W 8,Blue,58.82,PE-01,5
3583788237013,2311114,footwear,Adult Basketball Shoe,스트롱 300 II 성인 초급자용 농구화 블랙 280mm_EU 44,1,US M 11,Black,46.41,PE-02,6
3583788340287,2096942,footwear,Walking Shoe,프로텍트 140 어린이 피트니스 워킹화 블랙 240mm_EU 38,1,EU 38,Black,70.14,PE-03,5
3583788040231,2756114,footwear,Kids' Agility 500 HG Soccer Cleat,Agility 500 HG 아동용 하드피치 하이톱 축구화 - 블루/블랙 포기 블루 220mm_EU 35,1,EU 35,Black,38.18,PE-04,7
3608419092936,2655961,footwear,Shoe,풀솔 드미 뿌엥뜨 발레 가죽 슈즈  데저트 로즈 175mm_EU 28,1,OS,Navy,109.55,PE-05,7
3583783909601,2780874,footwear,Women's Running Shoe,런 컴포트 여성용 조깅화 페일 그레이 220mm_EU 35,1,US W 4,Grey,69.46,FB-01,5
3608429778585,2427097,footwear,Boys' Shoe,런 서포트 남아용 트랙 러닝 벨크로 신발 - 블랙 그레이 오렌지 플루오 포기 블루 180mm_EU 29,1,OS,Black,44.07,GA-01,8
3608429754084,2618503,footwear,Women's Running Shoe,여성용 러닝화 런 서포트 - 라이트 블루 포기 블루 265mm_EU 42,1,US W 11,Blue,35.64,GA-02,6
3608429754503,2618661,footwear,Women's Running Shoe,런 컴포트 여성용 조깅화 갤럭시 블루 240mm_EU 38,1,US W 7,Blue,64.07,PW-01,7
3608429839293,2171547,footwear,Kiprun Shoe,Kiprun SD Mens Running Shoes - Blue Royal blue EU 46,1,US M 13,Blue,43.61,PW-02,4
3608439302718,4267355,footwear,Men's SH100 Waterproof Shoe,SH100 울트라웜 남성용 방한 방수 하이킹화 블랙 275mm_EU 43,1,US M 10,Black,56.38,PW-03,5
3608429837947,2172790,footwear,Men's Running Shoe,런 액티브 남성용 러닝화 아비스 그레이 255mm_EU 40,1,US M 7,Grey,48.86,PW-04,5
3608399899358,2081818,footwear,TS160,TS160 어린이 테니스화 차콜 그레이 200mm_EU 32,1,EU 32,Grey,64.3,PW-05,8
3583788755012,1610863,footwear,Kids' Hiking Boot,ROCK 주니어 등산화 애시드 그린 175mm_EU 28,1,EU 28,Green,43.92,PW-06,5
3583788417033,2008568,footwear,Shoe,클래식 원 100 어린이 승마 부츠 딥 셰일 185mm_EU 30,1,EU 30,Black,37.34,PW-07,6
3583788031550,2453795,footwear,Men's Waterproof Golf Shoe,남성용 방수 그립 골프화 - 화이트 스노우 화이트 245mm_EU 39,1,US M 6,White,93.27,PW-08,6
3608429795995,2502387,footwear,Women's Running Shoe,런 컴포트 그립 여성용 조깅화 블랙 255mm_EU 40,1,US W 9,Black,61.82,PE-01,8
3608439486616,2353547,footwear,MH100 Shoe,SHOES MH100 MID WTP W VN BROWN UK 3 - EU,1,US M 3,Red,98.68,PE-02,8
3608439508813,2192061,footwear,Arpenaz Waterproof Hiking Boot,Arpenaz 100 남성 방수 등산화 - 베이지,1,OS,Teal,77.28,PE-03,5
3583788151685,2430776,footwear,Kids' Agility 100 Shoe,Agility 100 어린이용 풋살 운동화 - 블루/옐로우 다크 블루 225mm_EU 36,1,EU 36,Blue,45.39,PE-04,7
3608429791331,2506015,footwear,Men's Running Shoe,액티브 브리드 남성용 러닝화 플루오 라임 옐로우 295mm_EU 46,1,US M 13,Grey,90.96,PE-05,6
3608439551727,2095007,footwear,Men's Arpenaz Waterproof Thermal Hiking Boot,Arpenaz 500 남성용 보온성 방수 하이킹 부츠 - 블루 Navy blue,1,OS,Blue,39.35,FB-01,8
3583787861837,2836294,footwear,Kids' Agility 140 HG Soccer Cleat,아동용 축구화 Agility 140 HG - 버건디/오렌지 버건디 205mm_EU 33,1,EU 33,Green,57.37,GA-01,8
3608439618574,868214,footwear,Kids' Forclaz Waterproof Hiking Boot,Forclaz 500 주니어 방수 중등산화- 핑크 Iced coffee,1,OS,Pink,82.91,GA-02,7
3608439511660,2189731,footwear,NH500 Shoe,NH500 JR 아동 하이킹 샌들 블루 아주르 215-220mm_EU 34-35,1,EU 34,Blue,101.47,PW-01,7
3583788304517,2182314,footwear,Basketball Shoe,Bball 미드 초급자 농구화  245mm_EU 39,1,US M 6,Green,50.42,PW-02,6
3608390641543,5054121,footwear,Aquashoes Ad Awake EU40-41,"Aquashoes 120 Ad Awake, UK 6.5-7 EU40-41",1,US M 7,Red,56.31,PW-03,7
3583784037563,4151344,footwear,Men's Kiprun Running Shoe,Kiprun 남성용 러닝화 KD 플러스 - 블루 블랙 265mm_EU 42,1,US M 9,Black,66.67,PW-04,5
3583788227045,2343424,footwear,Kids' Agility 700 HG Soccer Cleat,Agility 700 HG 아동용 하드피치 축구화 - 블랙/블루 블랙 240mm,1,EU 38,Black,35.29,PW-05,7
3583787947357,2666217,footwear,Kids' Agility 500 HG Soccer Cleat,Agility 500 HG 아동용 하드 그라운드 밸크로 축구화 - 그레이/레드 네이비 블루 215mm_EU 34,1,EU 34,Blue,98.0,PW-06,7
3608439365522,2892265,footwear,MH500 Waterproof Mountain Shoe,MH500 여성 방수 마운틴 하이킹 슈즈 마우스 그레이 240mm_EU 38,1,US W 7,Grey,114.03,PW-07,6
3608399892113,2135531,footwear,TS990,TS990 테니스화 - 블랙/오렌지 블랙 270mm,1,US M 9.5,Black,55.07,PW-08,7
3608399877110,2135606,footwear,BS730,BS730 배드민턴화 로열 블루 280mm_EU 44,1,US M 11,Blue,60.72,PE-01,5
3583788222392,2347408,footwear,Walking Shoe,Protect 140 남성 엑티브 워킹화 - 블랙 Blue grey,1,OS,Black,44.63,PE-02,8
3608429773238,2467543,footwear,Men's Kiprun Running Shoe,Kiprun 트레일 XT 7 남성용 트레일 러닝화 페트롤 블루 275mm_EU 43,1,US M 10,Blue,50.77,PE-03,4
3608439366598,2907292,footwear,Boys' MH150 Shoe,MH150 남아용 하이킹 샌들 - 블루 딥 블루 215-220mm_EU 34-35,1,US M 1,Blue,35.47,PE-04,7
3608439660481,408353,footwear,Men's Hiking Boot,Trekking 100 남성용 등산화 카본 그레이 255mm_EU 40,1,US M 7,Grey,119.82,PE-05,5
3583788312314,2172075,footwear,Soft 140 active Shoe,Soft 140 summer mens active walking shoes Royal blue EU 44,1,US M 11,Blue,101.98,FB-01,5
3608429755067,2424975,footwear,Men's Running Shoe,RUN SUPPORT 남성용 러닝화 - 화이트 페트롤 블루 255mm_EU 40,1,US M 7,Blue,96.21,GA-01,5
3608429693482,4169819,footwear,Kids' Shoe,아동용 육상 운동화 AT300 브리드 - 마우브/퍼플 캔디플로스 205mm_EU 33,1,EU 33,Navy,71.52,GA-02,6
3583787767634,4044583,footwear,Kids' SS500M Basketball Shoe,SS500M 아동용 농구화 중급자용 - 오렌지/블루 플루오 블러드 오렌지 205mm_EU 33,1,EU 33,Blue,102.33,PW-01,4
3608429723790,2939139,footwear,Women's Kiprun Running Shoe,Kiprun 여성용 러닝화 초경량 - 블루/코랄 네이비 블루 240mm_EU 38,1,US W 7,Blue,38.97,PW-02,7
3608399874119,2345058,footwear,Kids' Shoe,BS730 JR 아동용 배드민턴화 버블검 215mm_EU 34,1,EU 34,Green,76.02,PW-03,6
3608429736141,2945201,footwear,Men's Running Shoe,런 액티브 남성용 러닝화 다크 블루 285mm_EU 45,1,US M 12,Blue,68.9,PW-04,4
3583788462934,776322,footwear,Kids' Walking Shoe,Actiréo 아동용 피트니스 워킹화 - 블루/옐로우,1,OS,Blue,44.97,PW-05,5
3608399885191,2134183,footwear,BS990 Badminton Shoes,BS990 Badminton Shoes 플루오 블러드 오렌지 255mm_EU 40,1,US M 7,Pink,41.37,PW-06,6
3583787729168,4124003,footwear,Adult Agility 500 MG Soccer Cleat,성인용 축구화 Agility 500 MG - 옐로우/블랙  255mm_EU 40,1,US M 7,Black,55.87,PW-07,4
3608439510298,2191442,footwear,Kids' NH500 Waterproof Shoe,아동 하이킹 슈즈 NH500 미드 방수 주니어 블루 그레이 220mm_EU 35,1,EU 35,Blue,49.11,PW-08,5
3608399874348,2135980,footwear,Kids' Shoe,BS800 KD 아동용 배드민턴화 선샤인 옐로우 195mm_EU 31,1,EU 31,Red,39.74,PE-01,4
3583788346913,2088631,footwear,Walking Shoe,Protect 560 어린이 피트니스 워킹화 다크 블루 225mm_EU 36,1,EU 36,Blue,86.12,PE-02,4
3608459617724,2216786,footwear,Inj,S 100 Inj 키즈 샌들 퍼시픽 블루 185-195mm_EU 30-31,1,S,Blue,115.21,PE-03,8
3608419224870,2526276,footwear,Women's Shoe,500 여성용 카디오 피트니스 신발 블랙 225mm_EU 36,1,US W 5,Black,50.01,PE-04,6
3583788401773,2017381,footwear,Actiwalk childrens walking and school sports shoes YELLOW EU,Actiwalk 520 childrens walking and school sports shoes YELLOW EU 38,1,US M 5,Blue,36.02,PE-05,8
3583787928738,2943268,footwear,Walking Shoe,Protect 140 남성 엑티브 워킹화 스노우 화이트 285mm_EU 45,1,US M 12,White,94.19,FB-01,7
3608459608104,2353915,footwear,Women's Shoe,크루즈 100 여성용 가죽 보트 슈즈 - 다크 블루 네이비 블루 235mm_EU 37,1,US W 6,Blue,35.36,GA-01,5
3583787343388,4421761,footwear,SHOES VIRALTO I HG,"SHOES VIRALTO I HG 2022, UK 6.5 - EU 40",1,US M 7,Pink,44.8,GA-02,5
3608439419829,2495049,footwear,SH500 Thermal Snow Hiking,SH500 X-보온 여성 스노우 하이킹 하이 슈즈 아스팔트 블루 260mm_EU 41,1,US W 10,Blue,37.01,PW-01,7
3608399929055,523190,footwear,TS830,TS830 테니스 운동화 - 네이비,1,OS,Navy,76.52,PW-02,4
3608439589904,1850871,footwear,Men's Quechua Forclaz Waterproof Hiking Boot,Quechua Forclaz 100 남성용 하이탑 방수 등산화 - 브라운,1,OS,Blue,45.18,PW-03,5
3583788338673,2101413,footwear,Kids' Soft 140 Walking Shoe,Soft 140 아동용 피트니스 워킹화 - 핑크/차콜 Galaxy blue,1,OS,Blue,44.13,PW-04,7
3608439374951,2728613,footwear,Men's MH100 Waterproof Hiking Boot,MH100 남성용 등산화 미드 방수 - 블랙 블랙 295mm_EU 46,1,US M 13,Black,83.83,PW-05,6
3583788205159,2544796,footwear,PW 100 Walking Shoe,PW 100 어린이 피트니스 워킹화 블랙 245mm_EU 39,1,EU 39,Black,81.43,PW-06,4
3583787864029,2973086,footwear,Vulca Canvas Adult Skateboarding Longboarding Low-rise Shoes,Vulca Canvas Adult Skateboarding Longboarding Low-rise Shoes 블랙 245mm_EU 39,1,US M 6,Black,69.54,PW-07,6
3608459918098,1471162,footwear,Men's Shoe,남성용 가죽 클리퍼 (보트용 신발) 네이비 블루 275mm_EU 43,1,US M 10,Blue,77.5,PW-08,5
3608429797746,2506067,footwear,Men's Running Shoe,런 액티브 그립 남성용 러닝화 - 카키 레드 Petrol blue 280mm,1,US M 11,Blue,79.5,PE-01,7
3608439569296,2032583,footwear,Hiking Boot,퀘차 여성 초경량등산화/트레킹화For500헬륨 오베르진 255mm_EU 40,1,US W 9,Navy,35.91,PE-02,5
3608439538339,2121527,footwear,SH100 Waterproof Thermal Hiking Boot,SH100 립탭 아동 보온 방수 스노우 하이킹 부츠 블루 그레이 145mm_EU 24,1,EU 24,Blue,50.09,PE-03,7
3583787921654,2943277,footwear,PW 540 Walking Shoe,PW 540 남성 피트니스 워킹화 - 블랙/오렌지 블랙 올리브 280mm_EU 44,1,US M 11,Black,99.47,PE-04,8
3608429797883,2505930,footwear,Men's Running Shoe,런 액티브 남성용 러닝화 블랙 300mm_EU 47,1,US M 14,Black,57.16,PE-05,7
3583788053095,2379446,footwear,Kids' PW 500 Walking Shoe,PW 500 아동용 프레시 피트니스 워킹화 블랙 220mm_EU 35,1,EU 35,Black,44.33,FB-01,8
3583788094210,2542910,footwear,PW 140 Walking Shoe,PW 140 남성 피트니스 워킹화 블랙 245mm_EU 39,1,US M 6,Black,35.32,GA-01,8
3583780710132,692114,footwear,Adult Jodhpur Boot,"홀스테인 성인 승마 조퍼 부츠 블랙 39 US:6 UK:5,5",1,OS,Black,85.43,GA-02,6
3583787864234,4018428,footwear,Vulca Canvas Adult Skateboarding Longboarding Low-rise Shoes,Vulca Canvas Adult Skateboarding Longboarding Low-rise Shoes 딥 초콜릿 트러플 285mm_EU 45,1,US M 12,Red,36.75,PW-01,7
3583788053132,2379442,footwear,Kids' PW 500 Walking Shoe,PW 500 아동용 프레시 피트니스 워킹화 블랙 195mm_EU 31,1,EU 31,Black,79.8,PW-02,8
3583788051848,2591670,footwear,Kids' Shoe,Eskudo 500 아동용 풋살화 - 옐로우 라임 그린 215mm_EU 34,1,EU 34,Green,45.33,PW-03,6
3583788395768,2023084,footwear,Women's Soft 540 Walking Shoe,Soft 540 여성용 엑티브 워킹화 - 화이트 Bright pink,1,OS,White,75.42,PW-04,7
3583783967205,2836287,footwear,Kids' Agility 140 HG Soccer Cleat,아동용 축구화 Agility 140 HG - 버건디/오렌지 버건디 165mm_EU 27,1,EU 27,Pink,56.55,PW-05,5
3608429778264,2427053,footwear,Boys' Running Shoe,런 서포트 신발 남아용 트랙 신발끈이 있는 러닝화 - 블랙 그레이 레드 포기 블루 245mm_EU 39,1,US M 6,Black,37.72,PW-06,7
3583787943816,2898944,footwear,Kids' Agility 500 MG Soccer Cleat,Agility 500 MG 아동용 축구화 벨크로 타입 - 네이비 블루/터쿼이즈 네이비 블루 200mm_EU 32,1,EU 32,Blue,46.02,PW-07,8
3608439461002,2553588,footwear,NH300 Waterproof Shoe,NH300 남성 방수 미드 하이킹 슈즈 아스팔트 블루 260mm_EU 41,1,US M 8,Blue,35.73,PW-08,7
3608429773177,2467549,footwear,Men's Kiprun Running Shoe,Kiprun 트레일 XT 7 남성용 트레일 러닝화 페트롤 블루 300mm_EU 47,1,US M 14,Blue,108.4,PE-01,6
3608429746102,2432228,footwear,Women's Running Shoe,여성용 러닝화 런 서포트 컨트롤 - 프룬 갤럭시 블루 265mm_EU 42,1,US W 11,Blue,62.64,PE-02,7
3583788044307,2746628,footwear,Adult Shield 500 Basketball Shoe,Shield 500 성인 중급자용 농구화 네이비 블루 245mm,1,US M 5.5,Blue,96.35,PE-03,7
3583788308911,2177983,footwear,Nordic Walking Mens Fitness Walking Shoes,Nordic Walking 900 Mens Fitness Walking Shoes 블랙 275mm_EU 43,1,US M 10,Black,81.07,PE-04,5
3583788031574,2453797,footwear,Men's Waterproof Golf Shoe,남성용 방수 그립 골프화 - 화이트 스노우 화이트 260mm_EU 41,1,US M 8,White,41.45,PE-05,8
3608429776772,2426901,footwear,Kids' Shoe,AT 이지 아동용 운동화 페일 그레이 220mm_EU 35,1,EU 35,Grey,59.07,FB-01,7
3583788251545,2245750,footwear,Adult Agility 500 HG Soccer Cleat,Agility 500 HG 성인용 하드 피치 축구화 블랙 260mm,1,US M 8,Black,38.94,GA-01,8
3608429760009,2686151,footwear,Women's Running Shoe,런 서포트 여성용 숨쉬는 러닝화 - 코랄 포기 블루 260mm_EU 41,1,US W 10,Blue,83.36,GA-02,7
3608391109134,5177548,footwear,Fitness Shoes Bag Dark blue No Size,"Fitness Shoes Bag Dark blue, No Size",1,OS,Blue,61.14,PW-01,8
3583788227021,2343420,footwear,Kids' Agility 700 HG Soccer Cleat,Agility 700 HG 아동용 하드피치 축구화 블랙 215mm_EU 34,1,EU 34,Black,70.3,PW-02,6
3583788103080,2542541,footwear,PW 940 Walking Shoe,PW 940 Propulse Motion 여성 가죽 피트니스 워킹화 - 그레이/블루 차콜 그레이 240mm_EU 38,1,US W 7,Blue,80.2,PW-03,5
3608429715092,4099637,footwear,Men's Running Shoe,런 액티브 그립 남성용 러닝화 페블 그레이 275mm_EU 43,1,US M 10,Grey,35.15,PW-04,6
3608429805700,2501783,footwear,Women's KIPRUN Running Shoe,KIPRUN 여성용 장거리 러닝화 플루오 코랄 핑크 260mm_EU 41,1,US W 10,Pink,73.39,PW-05,5
3583788295969,2188089,footwear,Actiwalk childrens walking and school sports shoes Navy blue EU,Actiwalk 520 childrens walking and school sports shoes Navy blue EU 33,1,OS,Blue,36.85,PW-06,6
3583788417828,2006587,footwear,Women's Soft 540 Walking Shoe,Soft 540 여성용 엑티브 워킹화 블루 그레이 240mm_EU 38,1,US W 7,Blue,36.65,PW-07,7
3608429739357,2725889,footwear,Men's Running Shoe,남성용 트레일 러닝화 MT2 - 블랙/브론즈 블랙 280mm_EU 44,1,US M 11,Black,118.45,PW-08,7
3608399840725,2911600,footwear,TTS,TTS 500 탁구화 플루오 라임 옐로우 200mm_EU 32,1,OS,Green,70.08,PE-01,5
3583788357018,2081144,footwear,Kids' Strong 300 Basketball Shoe,Strong 300 주니어 남녀 중상급자용 농구화 미드나잇 인디고 235mm_EU 37,1,EU 37,Navy,37.32,PE-02,6
3608429808022,2501709,footwear,Men's KIPRUN Running Shoe,KIPRUN 패스트 남성용 러닝화 플루오 라임 옐로우 275mm_EU 43,1,US M 10,Orange,88.16,PE-03,6
3583788242307,2307415,footwear,Walking Shoe,NW500 남성 노르딕 워킹화 네이비 블루 255mm_EU 40,1,US M 7,Blue,91.78,PE-04,4
3608459553084,2715994,footwear,Men's Shoe,300 남성용 세일링 신발 미끄럼 방지 - 베이지 리넨 260mm_EU 41,1,US M 8,Pink,53.5,PE-05,5
3583788030874,2591239,footwear,Kids' SS500H Basketball Shoe,SS500H 주니어 남아/여아 중급 농구화 - 블루 일렉트릭 블루 225mm_EU 36,1,EU 36,Blue,100.56,FB-01,8
3583788176039,2413380,footwear,Adult Shield 500 Basketball Shoe,Shield 500 성인 중급자용 농구화 블랙 315mm_EU 49,1,US M 16,Black,39.46,GA-01,6
3608399858461,2453237,footwear,TS160,TS160 어린이 테니스화 코랄 레드 215mm_EU 34,1,EU 34,Red,58.1,GA-02,6
3608429755630,2427224,footwear,Kids' Shoe,아동용 육상 운동화 AT300 브리드 - 마우브/퍼플 연보라 225mm_EU 36,1,EU 36,Green,60.53,PW-01,5
3608439542947,2116788,footwear,MH100 Waterproof Mountain Shoe,MH100 Mid 남성 방수 마운틴 하이킹 슈즈 아이스 커피 245mm_EU 39,1,US M 6,Pink,37.09,PW-02,7
3608429738763,2725770,footwear,Women's Kiprun Running Shoe,Kiprun 트레일 TR 여성용 트레일 러닝화 카디널 핑크 235mm_EU 37,1,US W 6,Pink,61.35,PW-03,4
3583788223290,2347189,footwear,Walking Shoe,NW580 여성 노르딕 워킹화 - 블랙/블루 블랙 220mm_EU 35,1,US W 4,Black,37.7,PW-04,7
3608439586538,2015662,footwear,NH100 Shoe,NH100 남성 하이킹 슈즈 카본 그레이 260mm_EU 41,1,US M 8,Grey,111.02,PW-05,6
3583787587669,2985645,footwear,Women's Shoe,여성용 METASLAP SSP 500 수영장 샌들 스노우 화이트 260-265mm_EU 41-42,1,US W 10,White,70.16,PW-06,6
3583788056690,2751535,footwear,PW 160 Walking Shoe,PW 160 슬립온 여성 피트니스 워킹화 - 퍼플 갤럭시 블루 240mm_EU 38,1,US W 7,Blue,40.16,PW-07,5
3608439600302,897240,footwear,SH900 Waterproof Thermal Hiking Boot,SH900 여성 보온 방수 스노우 하이킹 부츠 다크 블루 255mm_EU 40,1,US W 9,Blue,72.9,PW-08,8
3583788401650,2017388,footwear,Actiwalk childrens walking and school sports shoes GREEN EU,Actiwalk 520 childrens walking and school sports shoes GREEN EU 33,1,OS,Green,57.32,PE-01,7
3608439442445,2554068,footwear,NH100 Waterproof Shoe,NH100 JR MID 방수 하이킹 슈즈 스톰 그레이 195mm_EU 31,1,OS,Grey,75.96,PE-02,7
3608399855262,2401531,footwear,TS590,TS590 멀티코트 테니스화 - 블루 딥 인디고 260mm_EU 41,1,US M 8,Blue,43.9,PE-03,4
3583788463337,776210,footwear,Kids' Walking Shoe,Actiréo 아동용 피트니스 워킹화 - 블루/옐로우,1,OS,Blue,71.74,PE-04,8
3608439393747,2560724,footwear,MH100 Waterproof Mountain Shoe,MH100 Mid 여성 방수 마운틴 하이킹 슈즈 그린 그레이 240mm_EU 38,1,US W 7,Grey,48.7,PE-05,6
3583787931431,2898835,footwear,Kids' Agility 500 HG Soccer Cleat,Agility 500 HG 아동용 하드 그라운드 밸크로 축구화 - 그레이/레드 페일 그레이 195mm_EU 31,1,EU 31,Grey,79.47,FB-01,8
3608429751304,2465813,footwear,Women's KALENJI KIPRUN Running Shoe,KALENJI KIPRUN 패스트 여성용 러닝화 페블 그레이 260mm_EU 41,1,US W 10,Grey,45.61,GA-01,8
3583788311836,2172102,footwear,Soft 180 Walking Shoe,Soft 180 스트랩 남성 피트니스 워킹화 갤럭시 블루 280mm_EU 44,1,US M 11,Blue,37.98,GA-02,7
3608391819361,5304356,outdoor,"SNOW CRAMPONS HIKE 500 LIGHT, L","SNOW CRAMPONS HIKE 500 LIGHT, L",0,L,Red,104.37,GF-R7-U1,2
3608391819347,5304354,outdoor,"SNOW CRAMPONS HIKE 500 LIGHT, M","SNOW CRAMPONS HIKE 500 LIGHT, M",0,M,Grey,28.57,GF-R7-U2,3
3583784253901,4711504,outdoor,"CN22 TREK 100 DOWN HOODI, XL (Chest 43\"")","CN22 TREK 100 DOWN HOODI, XL (Chest 43"")",0,XL,Teal,113.79,GF-R7-U3,3
3583784249591,4711503,outdoor,"CN22 TREK 100 DOWN HOODIE, L (Chest 39\"")","CN22 TREK 100 DOWN HOODIE, L (Chest 39"")",0,L,Navy,95.91,GF-R7-U4,5
3583784249584,4711502,outdoor,"CN22 TREK 100 DOWN HOODIE, M (Chest 37\"")","CN22 TREK 100 DOWN HOODIE, M (Chest 37"")",0,M,Pink,59.04,GF-R7-U5,3
3583784253918,4711505,outdoor,"CN22 TREK 100 DOWN HOOD, 2XL (Chest 47\"")","CN22 TREK 100 DOWN HOOD, 2XL (Chest 47"")",0,XXL,Blue,22.57,GF-R7-U6,5
3608391678166,5245240,outdoor,"TREK 100 DOWN M Grey CN, XL   .","TREK 100 DOWN M Grey CN, XL   .",0,M,Grey,96.3,GF-R7-U7,4
3608390823147,5094983,outdoor,"POCKET SWIM 3L ONDU BLUE, No Size","POCKET SWIM 3L ONDU BLUE, No Size",0,OS,Blue,37.87,GF-R8-U1,3
3583788044710,2648471,outdoor,"TREK 900 HAT WTPF DARK GREY, 60-62cm","TREK 900 HAT WTPF DARK GREY, 60-62cm",0,OS,Grey,111.83,GF-R8-U2,3
3608391678142,5245237,outdoor,"TREK 100 DOWN M Grey CN, M.","TREK 100 DOWN M Grey CN, M.",0,M,Grey,35.17,GF-R8-U3,5
3608392214912,5183782,outdoor,"Cap Forclaz MT500 V2 BLACK, No Size","Cap Forclaz MT500 V2 BLACK, No Size",0,OS,Black,21.8,GF-R8-U4,3
3608391678159,5245238,outdoor,"TREK 100 DOWN M Grey CN, L .","TREK 100 DOWN M Grey CN, L .",0,M,Grey,85.56,GF-R8-U5,4
3583788165422,2398071,outdoor,"BAG 100 SWIM POCKET 7L TRANSP**, No Size","BAG 100 SWIM POCKET 7L TRANSP**, No Size",0,OS,Orange,32.47,GF-R8-U6,5
3583788044567,2648468,outdoor,"TREK 900 HAT WTPF LIGHT GREY, 56-58cm","TREK 900 HAT WTPF LIGHT GREY, 56-58cm",0,OS,Grey,101.07,GF-R8-U7,3
3583788044574,2648469,outdoor,"TREK 900 HAT WTPF LIGHT GREY, 60-62cm","TREK 900 HAT WTPF LIGHT GREY, 60-62cm",0,OS,Grey,140.6,GB-R7-U1,3
3608390317851,4985447,outdoor,"CN TREK100 Down BEIGE, L","CN TREK100 Down BEIGE, L",0,L,Navy,83.79,GB-R7-U2,3
3608391678173,5245241,outdoor,"TREK 100 DOWN M Grey CN, 2XL   .","TREK 100 DOWN M Grey CN, 2XL   .",0,M,Grey,100.75,GB-R7-U3,2
3583784241953,4711608,outdoor,"CN_TREK100 Down 2022 BLACK, M","CN_TREK100 Down 2022 BLACK, M",0,M,Black,80.26,GB-R7-U4,2
3608390317844,4985446,outdoor,"CN TREK100 Down BEIGE, M","CN TREK100 Down BEIGE, M",0,M,Grey,40.42,GB-R7-U5,4
3608391173432,5193992,outdoor,"SWIMVEST TEX PINK BLUE, 25-35 kg","SWIMVEST TEX PINK BLUE, 25-35 kg",0,OS,Blue,38.37,GB-R7-U6,2
3583784241960,4711609,outdoor,"CN_TREK100 Down 2022 BLACK, L","CN_TREK100 Down 2022 BLACK, L",0,L,Black,20.99,GB-R7-U7,5
3583787291672,4698959,outdoor,"CN TREK 550 FLEECE GLOVE, S","CN TREK 550 FLEECE GLOVE, S",0,S,Navy,149.72,GB-R8-U1,2
3608439577215,2022178,outdoor,"TREK 500 A HAT BEIGE, 60cm","TREK 500 A HAT BEIGE, 60cm",0,OS,White,46.65,GB-R8-U2,4
3583787291702,4698961,outdoor,"CN TREK 550 FLEECE GLOVE, L","CN TREK 550 FLEECE GLOVE, L",0,L,Green,132.74,GB-R8-U3,5
3583784241946,4711607,outdoor,"CN_TREK100 Down 2022 BLACK, S","CN_TREK100 Down 2022 BLACK, S",0,S,Black,66.06,GB-R8-U4,3
3608439450198,2566890,outdoor,"1  POLE FORCLAZ 100 COMFORT BLACK, .","1  POLE FORCLAZ 100 COMFORT BLACK, .",0,OS,Black,57.05,GB-R8-U5,2
3608439577178,2022177,outdoor,"TREK 500 A HAT BEIGE, 58cm","TREK 500 A HAT BEIGE, 58cm",0,OS,Navy,20.21,GB-R8-U6,5
3608393132147,5593192,outdoor,"CN TREK 100 DOWN HOODIE, L.","CN TREK 100 DOWN HOODIE, L.",0,L,Grey,97.84,GB-R8-U7,4
3583788044697,2648470,outdoor,"TREK 900 HAT WTPF DARK GREY, 56-58cm","TREK 900 HAT WTPF DARK GREY, 56-58cm",0,OS,Grey,111.55,PE-06,4
3583787773949,2934540,outdoor,"POCKET SWIM 100 SUNSET, No Size","POCKET SWIM 100 SUNSET, No Size",0,OS,Orange,137.91,PE-07,4
3583787291696,4698960,outdoor,"CN TREK 550 FLEECE GLOVE, M","CN TREK 550 FLEECE GLOVE, M",0,M,Pink,138.67,PE-08,4
3608390284245,4898580,outdoor,"1 POLE FORCLAZ 900 V2 BLACK, No Size","1 POLE FORCLAZ 900 V2 BLACK, No Size",0,OS,Black,44.0,GF-R7-U1,3
3583787736906,2648460,outdoor,"TREK 500 HAT KAKI M, 60-62cm","TREK 500 HAT KAKI M, 60-62cm",0,M,White,54.73,GF-R7-U2,4
3608390317837,4985445,outdoor,"CN TREK100 Down BEIGE, S","CN TREK100 Down BEIGE, S",0,S,Grey,91.19,GF-R7-U3,4
3608393981219,4528161,outdoor,"TREK 900 DOWN, XL","TREK 900 DOWN, XL",0,XL,Red,33.96,GF-R7-U4,2
3608393132154,5593193,outdoor,"CN TREK 100 DOWN HOODIE, XL.","CN TREK 100 DOWN HOODIE, XL.",0,XL,Pink,20.88,GF-R7-U5,3
3583787736913,2648459,outdoor,"TREK 500 HAT KAKI M, 56-58cm","TREK 500 HAT KAKI M, 56-58cm",0,M,Teal,54.71,GF-R7-U6,4
3608391678135,5245236,outdoor,"TREK 100 DOWN M Grey CN, S .","TREK 100 DOWN M Grey CN, S .",0,M,Grey,95.85,GF-R7-U7,3
3608390317820,4985444,outdoor,"CN TREK100 Down BEIGE, XS","CN TREK100 Down BEIGE, XS",0,XS,Orange,70.28,GF-R8-U1,2
3608392216626,5183787,outdoor,"CAP FORCLAZ MT900 V2, No Size","CAP FORCLAZ MT900 V2, No Size",0,OS,Orange,125.42,GF-R8-U2,3
3608393116901,5590011,outdoor,"TREK100 DOWN HOODIE W CN Pur, UK8 / EU S","TREK100 DOWN HOODIE W CN Pur, UK8 / EU S",0,S,Teal,26.11,GF-R8-U3,5
3608393981202,4528160,outdoor,"TREK 900 DOWN, L","TREK 900 DOWN, L",0,L,Teal,83.38,GF-R8-U4,3
3608393981226,4528162,outdoor,"TREK 900 DOWN, 2XL","TREK 900 DOWN, 2XL",0,XXL,Green,33.93,GF-R8-U5,5
3608393116925,5590013,outdoor,"TREK100 DOWN HOODIE W, UK12 - 14 / EU L","TREK100 DOWN HOODIE W, UK12 - 14 / EU L",0,L,Teal,37.24,GF-R8-U6,3
3608391057053,5164860,outdoor,"TREK 100 Trousers M AF G, UK 34\"" / FR 44","TREK 100 Trousers M AF G, UK 34"" / FR 44",0,M,Orange,115.64,GF-R8-U7,5
3608393132161,5593194,outdoor,"CN TREK 100 DOWN HOODIE, 2XL.","CN TREK 100 DOWN HOODIE, 2XL.",0,XXL,Teal,21.18,GB-R7-U1,3
3583787291641,4698966,outdoor,"CN TREK 550 FLEECE GLOVE, M","CN TREK 550 FLEECE GLOVE, M",0,M,Pink,32.48,GB-R7-U2,4
3583787291665,4698967,outdoor,"CN TREK 550 FLEECE GLOVE, L","CN TREK 550 FLEECE GLOVE, L",0,L,Green,94.9,GB-R7-U3,4
3608393132130,5593191,outdoor,"CN TREK 100 DOWN HOODIE, M.","CN TREK 100 DOWN HOODIE, M.",0,M,Grey,142.81,GB-R7-U4,4
3583784241939,4711606,outdoor,"CN_TREK100 Down 2022 BLACK, XS","CN_TREK100 Down 2022 BLACK, XS",0,XS,Black,123.81,GB-R7-U5,5
3583784241977,4711610,outdoor,"CN_TREK100 Down 2022 BLACK, XL","CN_TREK100 Down 2022 BLACK, XL",0,XL,Black,103.12,GB-R7-U6,3
3583784337243,4725186,outdoor,"CN GLOVE TREK 300 KNITTING, S","CN GLOVE TREK 300 KNITTING, S",0,S,White,107.44,GB-R7-U7,4
3608392216633,5404211,outdoor,"Cap Forclaz MT500 V2 GREY, No Size","CAP HIKE 500 LIGHT GREY, No Size",0,OS,Grey,34.75,GB-R8-U1,3
3608409846303,2775692,outdoor,"16\"" BIKE 900 LIGHTBOY CN FR, No Size","16"" BIKE 900 LIGHTBOY CN FR, No Size",0,OS,Black,26.52,GB-R8-U2,3
3608391224592,4594107,outdoor,"1 POLE FORCLAZ 900 ERGO V2 BLAC, No Size","1 POLE FORCLAZ 900 ERGO V2 BLAC, No Size",0,OS,Black,86.28,GB-R8-U3,2
3583787252079,4832801,outdoor,"INFLATABLE SWIMVEST JUNIOR ORAN, 19-30kg","INFLATABLE SWIMVEST JUNIOR ORAN, 19-30kg",0,OS,Black,145.67,GB-R8-U4,2
3583787291719,4698962,outdoor,"CN TREK 550 FLEECE GLOVE, XL","CN TREK 550 FLEECE GLOVE, XL",0,XL,Green,69.82,GB-R8-U5,3
3583787291689,4698968,outdoor,"CN TREK 550 FLEECE GLOVE, XL","CN TREK 550 FLEECE GLOVE, XL",0,XL,Green,30.44,GB-R8-U6,5
3608391057060,5164861,outdoor,"TREK 100 Trousers M AF G, UK 36\"" / FR 46","TREK 100 Trousers M AF G, UK 36"" / FR 46",0,M,Orange,43.82,GB-R8-U7,3
3583787749647,4011244,outdoor,"COVER FOR PLANE TRAVEL FORCLAZ, No Size","COVER FOR PLANE TRAVEL FORCLAZ, No Size",0,OS,Blue,31.96,PE-06,3
3608390317868,4985448,outdoor,"CN TREK100 Down BEIGE, XL","CN TREK100 Down BEIGE, XL",0,XL,Orange,23.41,PE-07,4
3608393132123,5593190,outdoor,"CN TREK 100 DOWN HOODIE, S.","CN TREK 100 DOWN HOODIE, S.",0,S,Orange,36.88,PE-08,4
3608393981196,4528159,outdoor,"TREK 900 DOWN, M","TREK 900 DOWN, M",0,M,Pink,105.08,GF-R7-U1,5
3583788165439,2398060,outdoor,"BAG 100 SWIM POCKET 3L TRANSP*, No Size","BAG 100 SWIM POCKET 3L TRANSP*, No Size",0,OS,Black,32.35,GF-R7-U2,3
3583787291634,4698965,outdoor,"CN TREK 550 FLEECE GLOVE, S","CN TREK 550 FLEECE GLOVE, S",0,S,Navy,58.6,GF-R7-U3,4
3608393116918,5590012,outdoor,"TREK100 DOWN HOODIE W CN Pu, UK10 / EU M","TREK100 DOWN HOODIE W CN Pu, UK10 / EU M",0,M,White,114.63,GF-R7-U4,3
3583787616192,4265813,outdoor,"1 POLE FORCLAZ 500 GREY, No Size","1 POLE FORCLAZ 500 GREY, No Size",0,OS,Grey,20.68,GF-R7-U5,2
3608392318382,5405103,outdoor,"1 TREK. POLE MT500 A.SEAS.V2 Re, No Size","1 TREK. POLE MT500 A.SEAS.V2 Re, No Size",0,OS,Pink,20.02,GF-R7-U6,4
3608392526008,5118835,outdoor,"PANTS TREK 100 W AF Carbo, UK 12 / FR 42","PANTS TREK 100 W AF Carbo, UK 12 / FR 42",0,OS,White,55.29,GF-R7-U7,3
3583784249577,4711501,outdoor,"CN22 TREK 100 DOWN HOODIE, S (Chest 35\"")","CN22 TREK 100 DOWN HOODIE, S (Chest 35"")",0,S,Green,29.74,GF-R8-U1,4
3608409873194,2635855,outdoor,"CITY BIKE HELMET 100 BLACK, M","CITY BIKE HELMET 100 BLACK, M",0,M,Black,103.64,GF-R8-U2,2
3608390828104,5095713,outdoor,"MASK 100 SWIMDOW JUNIOR BLUE YE, No Size","MASK 100 SWIMDOW JUNIOR BLUE YE, No Size",0,OS,Blue,124.54,GF-R8-U3,3
3608391057039,5164858,outdoor,"TREK 100 Trousers M AF G, UK 31\"" / FR 40","TREK 100 Trousers M AF G, UK 31"" / FR 40",0,M,Orange,113.77,GF-R8-U4,2
3608391057022,5164857,outdoor,"TREK 100 Trousers M AF G, UK 29\"" / FR 38","TREK 100 Trousers M AF G, UK 29"" / FR 38",0,M,Blue,90.59,GF-R8-U5,4
3608392875298,5494513,outdoor,"SHANDALS NH900 AQUA HIKE W, UK 5  EU38","SHANDALS NH900 AQUA HIKE W, UK 5  EU38",0,M,Orange,36.31,GF-R8-U6,4
3608392877308,5494514,outdoor,"SHANDALS NH900 AQUA HIKE W, UK 5.5  EU39","SHANDALS NH900 AQUA HIKE W, UK 5.5  EU39",0,EU 39,Green,52.55,GF-R8-U7,3
3608392877315,5494515,outdoor,"SHANDALS NH900 AQUA HIKE W, UK 6.5  EU40","SHANDALS NH900 AQUA HIKE W, UK 6.5  EU40",0,L,Black,22.64,GB-R7-U1,4
3608392875281,5494512,outdoor,"SHANDALS NH900 AQUA HIKE W, UK 4  EU37","SHANDALS NH900 AQUA HIKE W, UK 4  EU37",0,EU 37,Green,113.42,GB-R7-U2,5
3583787593509,4230018,outdoor,"SWIMSUIT 1P PA 100 HEVA LW, UK 6 / FR 36","SWIMSUIT 1P PA 100 HEVA LW, UK 6 / FR 36",0,OS,White,39.99,GB-R7-U3,3
3583787908198,2485007,outdoor,"Leggings TREK500 MERINOS M BLACK, L","Leggings TREK500 MERINOS M BLACK, L",0,M,Black,21.08,GB-R7-U4,5
3608391058975,5165084,outdoor,"TREK 100 Trousers M AF K, UK 32\"" / FR 42","TREK 100 Trousers M AF K, UK 32"" / FR 42",0,M,Blue,63.36,GB-R7-U5,3
3608391058982,5165085,outdoor,"TREK 100 Trousers M AF K, UK 34\"" / FR 44","TREK 100 Trousers M AF K, UK 34"" / FR 44",0,M,Red,87.81,GB-R7-U6,4
3608390682867,5038041,outdoor,"SWIMSHORT 100 BASIC BLUE, UK 34\"" / FR 44","SWIMSHORT 100 BASIC BLUE, UK 34"" / FR 44",0,OS,Blue,64.58,GB-R7-U7,4
3608390681747,5038095,outdoor,"SWIMSHORT 100 BASIC RED, UK 34\"" / FR 44","SWIMSHORT 100 BASIC RED, UK 34"" / FR 44",0,OS,Red,29.24,GB-R8-U1,3
3608392634901,5118840,outdoor,"PANTS TREK 100 W AF Iced, UK 10 / FR 40","PANTS TREK 100 W AF Iced, UK 10 / FR 40",0,OS,Teal,41.11,GB-R8-U2,2
3608439237195,4866347,outdoor,"Socks Hike 500 High be, UK 5.5-8 EU39-42","Socks Hike 500 High be, UK 5.5-8 EU39-42",0,EU 39,Teal,103.16,GB-R8-U3,5
3608392773822,5514518,outdoor,"GLOVE KNIT HIKE100 TW GREY, 8-10 Years","GLOVE KNIT HIKE100 TW GREY, 8-10 Years",0,OS,Grey,52.83,GB-R8-U4,3
3608392875274,5494511,outdoor,"SHANDALS NH900 AQUA HIKE W, UK 3  EU36","SHANDALS NH900 AQUA HIKE W, UK 3  EU36",0,S,Red,76.42,GB-R8-U5,2
3583783978331,2686649,outdoor,TARP TREK 900 No Size,TARP TREK 900 No Size,0,OS,Blue,23.78,GB-R8-U6,4
3583788065913,2609922,outdoor,"INFLATABLE SWIM VEST M, M","INFLATABLE SWIM VEST M, M",0,M,Navy,74.74,GB-R8-U7,2
3583787698303,2718961,outdoor,"TREK 100 Rain cape blue, S/M","TREK 100 Rain cape blue, S/M",0,S,Blue,88.63,PE-06,4
3608419166330,2454973,outdoor,"Cycliste Fit+ 500 slim Gym black, M","Cycliste Fit+ 500 slim Gym black, M",0,M,Black,86.93,PE-07,4
3608439685682,343997,outdoor,Mountain Trekking Leggings,TechWOOL 190 여성 마운틴 트레킹 레깅스 블랙 XL,1,XL,Black,39.49,PE-08,5
3583787206621,4695916,outdoor,"SHORTY SWIM CRAWL BLUE***, 151-160CM12-1","SHORTY SWIM CRAWL BLUE***, 151-160CM12-1",0,OS,Blue,29.68,GF-R7-U1,4
3583787191293,4899190,outdoor,"CAP TREK 900 ANTI-UV VELCRO LIGH, UNIQUE","CAP TREK 900 ANTI-UV VELCRO LIGH, UNIQUE",0,OS,Teal,35.82,GF-R7-U2,3
3583787386842,4395036,outdoor,"SWIMSHORT 100 BASI, 12-13years/4\'9\""-5\'2\""","SWIMSHORT 100 BASI, 12-13years/4'9""-5'2""",0,OS,White,77.89,GF-R7-U3,4
3583787206713,4695912,outdoor,"SHORTY SWIM CRAWL BLUE***, 113-122CM 5-6","SHORTY SWIM CRAWL BLUE***, 113-122CM 5-6",0,OS,Blue,37.14,GF-R7-U4,3
3583787593516,4230019,outdoor,"SWIMSUIT 1P PA 100 HEVA LW, UK 8 / FR 38","SWIMSUIT 1P PA 100 HEVA LW, UK 8 / FR 38",0,OS,Black,25.42,GF-R7-U5,3
3583787593448,4230021,outdoor,"SWIMSUIT 1P PA 100 HEVA L, UK 12 / FR 42","SWIMSUIT 1P PA 100 HEVA L, UK 12 / FR 42",0,L,Blue,25.5,GF-R7-U6,3
3608392525292,5118834,outdoor,"PANTS TREK 100 W AF Carbo, UK 10 / FR 40","PANTS TREK 100 W AF Carbo, UK 10 / FR 40",0,OS,Teal,23.85,GF-R7-U7,4
3583787581308,4233067,outdoor,"TREK 100 Headband Cor, ONE SIZE FITS ALL","TREK 100 Headband Cor, ONE SIZE FITS ALL",0,OS,White,27.69,GF-R8-U1,4
3583787593462,4230023,outdoor,"SWIMSUIT 1P PA 100 HEVA L, UK 16 / FR 46","SWIMSUIT 1P PA 100 HEVA L, UK 16 / FR 46",0,L,Blue,28.92,GF-R8-U2,4
3583787593455,4230022,outdoor,"SWIMSUIT 1P PA 100 HEVA L, UK 14 / FR 44","SWIMSUIT 1P PA 100 HEVA L, UK 14 / FR 44",0,L,White,84.54,GF-R8-U3,3
3608439530845,2129118,outdoor,Hike 100 Outdoor Gear,Hike 100 Boys Hiking Fleece - Blue LIGHT GREEN AGE 12,1,OS,Blue,132.55,GF-R8-U4,3
3583788044758,2648444,outdoor,Women's Sun-Protect Mountain Trekking,트렉 500 여성용 마운틴 트레킹 자외선 차단 모자 퍼플 60-62cm,1,OS,Navy,137.79,GF-R8-U5,4
3608439437878,2559985,outdoor,3-in-1 Travel Trekking Jacket,TRAVEL 100 남성 3in1 트레킹 여행 자켓 브라운 S,1,S,White,131.18,GF-R8-U6,3
3608439457357,2556326,outdoor,MH100 Waterproof Mountain Hiking Rain Jacket,MH100 남성 방수 마운틴 하이킹 레인 자켓 블랙 XL,1,XL,Black,70.86,GF-R8-U7,4
3583788047629,2487874,outdoor,Men's TREK 100 Compact Hiking Jacket,TREK 100 컴팩트 남성용 트레킹 자켓 - 블루 아스팔트 블루 L,1,L,Blue,81.29,GB-R7-U1,4
3608439385858,2763363,outdoor,Forclaz Outdoor Gear,Forclaz 200 Childrens D 라이트 그레이 131-140cm 8-9세,1,OS,Grey,111.22,GB-R7-U2,5
3608409879172,2540214,outdoor,Helmet,540 시티 사이클링 헬멧 - 블루 플루오 라임 옐로우 S,1,S,Blue,31.35,GB-R7-U3,3
3608439362651,2969094,outdoor,Hiking Multi-Tool Case,하이킹 도구 8L 다용도통 블랙 단일 사이즈,1,OS,Black,59.37,GB-R7-U4,5
3608439429996,2560226,outdoor,Forclaz Hiking Fleece,Forclaz 500 여성 등산용 후리스 퍼플 M,1,M,Orange,121.66,GB-R7-U5,2
3608439382062,2661901,outdoor,Women's SH520 Thermal Pants,SH520 여성용 X-보온 스노우 하이킹 바지 - 블랙 블랙 12 (L31),1,OS,Black,28.45,GB-R7-U6,3
3608449842877,2764847,outdoor,Men's Pants,SNB 100 남성용 스키 및 스노보드 바지 - 블랙 블랙 XS,1,XS,Black,35.48,GB-R7-U7,4
3608439445446,2426002,outdoor,MH100 Mountain Pants,MH100 남성 마운틴 하이킹 바지 퓨터 L (L32),1,L,Blue,44.68,GB-R8-U1,5
3583783973695,2731911,outdoor,Men's Trek 100 Pants,남성용 트레킹 바지 Trek 100 CBG 카본 그레이 XS (L30),1,XS,Grey,57.09,GB-R8-U2,3
3608439464942,2564718,outdoor,TREK 700 Mountain Trekking,TREK 700 남성 마운틴 트레킹 바지 웨일 그레이 XL-2XL (L34),1,XL,Grey,106.12,GB-R8-U3,4
3608409875006,2465962,outdoor,Men's Jacket,900 남성용 사이클링 웜 레인 자켓 - 블랙 네이비 블루 2XL,1,XXL,Black,108.7,GB-R8-U4,2
3583787487853,4103371,outdoor,BIKE LIGHT USB FL No Size,"BIKE LIGHT USB FL 510, No Size",1,OS,Teal,33.31,GB-R8-U5,2
3608449841887,2698946,outdoor,Pants,SNB PA 500 스노보드/스키 바지  버디그리 L,1,L,Pink,41.13,GB-R8-U6,3
3583787979099,2689206,outdoor,Riana,Riana 여성복 원피스 수영복 (드레스형)  M,1,M,Orange,32.28,GB-R8-U7,4
3583788280224,2199191,outdoor,TISWIM Progressive Armband-Waistband No Size,TISWIM Progressive Armband-Waistband 15-30 kg 스트로베리 핑크 No Size,1,OS,Pink,141.61,PE-06,4
3583788230106,2341384,outdoor,Leggings 3/4,농구 중급자용 3/4 레깅스 스노우 화이트 2XL,1,XXL,White,54.33,PE-07,5
3608449851831,2433223,outdoor,Thermal Jacket,JKT 500 보온 여성 스키 다운 자켓 - 블랙 블랙 XS,1,XS,Black,72.07,PE-08,4
3583783956100,2980074,outdoor,Men's SH500 Thermal Jacket,SH500 남성용 스노우 하이킹 X-보온 플리스 자켓 - 블루 그레이 페트롤 블루 4XL,1,OS,Blue,22.99,GF-R7-U1,2
3608449840293,2746065,outdoor,Women's Jacket,FR 100 여성용 프리라이드 스키 자켓 - 그레이 라이트 그레이 S,1,S,Grey,39.2,GF-R7-U2,3
3608439564130,2036744,outdoor,Thermal Outdoor Gear,"스테인리스 스틸 하이킹 보온병, 0.4 L 틸 블루 400ml",1,L,Blue,87.9,GF-R7-U3,5
3608449882804,2356801,outdoor,Kids' Cap,아동용 스키 양면 모자 - 블랙/레드 푸크시아 주니어,1,OS,Black,98.72,GF-R7-U4,4
3583784002424,2943850,outdoor,Men's SH100 Thermal Pants,남성용 스노우 하이킹 바지 SH100 U 보온 발수 - 그레이 카본 그레,1,OS,Grey,76.25,GF-R7-U5,4
3608439314742,4316967,outdoor,Hike 900 Outdoor Gear,"Socks Hike 900 High G, UK 8.5-11 EU43-46",1,EU 43,Red,33.47,GF-R7-U6,3
3583787780695,2696947,outdoor,Women's Outdoor Gear,여성용 아쿠아피트니스 원피스 수영복 미카 아치 - 오렌지  오렌지 L,1,L,Red,24.3,GF-R7-U7,3
3608409852311,2692124,outdoor,Van Rysel Long Road Sport,Van Rysel Long Road Sport 사이클링 빕 블랙 XL,1,XL,Black,62.54,GF-R8-U1,4
3583787790175,2989769,outdoor,Compact Backpack,TRAVEL 100 트레킹 백팩 컴팩트 10 L - 블랙 마호가니 단일 사이즈,1,L,Black,36.95,GF-R8-U2,3
3583788264583,2227860,outdoor,Boys' Outdoor Gear,900 FIRST 남아용 트렁크 수영복 플로우 옐로우 6세,1,OS,White,68.05,GF-R8-U3,3
3583788271390,2230539,outdoor,Men's Shorts,190 LONG ALOPIL 남성용 반바지 수영복 플루오 라임 XL,1,XL,Orange,31.03,GF-R8-U4,3
3608439361814,2923825,outdoor,Outdoor Gear,아르페나즈 20도 면 캠핑 침낭 - 캐러멜,1,OS,Teal,51.83,GF-R8-U5,2
3608409903587,2165683,outdoor,Gloves,500 사이클링 장갑 - 블랙 형광 레드,1,OS,Black,70.51,GF-R8-U6,3
3608439611469,886631,outdoor,Arpenaz Outdoor Gear,Arpenaz 1000 레인다운 남성 트레킹 파카 카본 그레이 2XL,1,XXL,Grey,143.01,GF-R8-U7,3
3608439351761,2924865,outdoor,MH500 Thermal Outdoor Gear,MH500 하이킹 스테인리스 스틸 보온병 0.8L 코랄 레드 단일 사이즈,1,OS,Red,137.03,GB-R7-U1,3
3608439431708,2476799,outdoor,Arpenaz Outdoor Gear,Arpenaz 100 남성 네이처 하이킹 풀오버 다크 샌드 M,1,M,White,69.26,GB-R7-U2,4
3583787970058,2456778,outdoor,Women's Outdoor Gear,헤바 여성용 원피스 쇼티 수영복 네이비 블루 L-XL,1,L,Blue,40.32,GB-R7-U3,3
3583787836859,2727799,outdoor,Women's Outdoor Gear,여성용 사이클링 반소매 저지 RCR - 블루/크로스 라이트 블루 M,1,M,Blue,66.94,GB-R7-U4,4
3608439464553,2565360,outdoor,Women's TREK 900 Mountain Trekking,TREK 900 여성용 마운틴 트레킹 긴바지 - 블랙 블랙 12 (L31),1,OS,Black,26.99,GB-R7-U5,3
3608391627423,5224316,outdoor,PA SHORTY SWIM years/4,"PA SHORTY SWIM 100, 12-13years/4'9""-5'2""",1,OS,Red,109.53,GB-R7-U6,3
3608439645501,591387,outdoor,Arpenaz Socks,하이 어퍼 네이쳐 하이킹 양말. Arpenaz 50 2족 세트 리넨 220-240mm_EU 35-38,1,OS,Red,20.24,GB-R7-U7,4
3583787683460,2685112,outdoor,RCR,자전거 타이츠 RCR 스포츠 겨울용  블랙 2XL,1,XXL,Black,20.45,GB-R8-U1,4
3608439517839,2187114,outdoor,Men's Arpenaz Shirt,Arpenaz 100 남성용 하이킹 반팔 셔츠 블루 XL,1,XL,Blue,143.52,GB-R8-U2,4
3583783951402,2973566,outdoor,Girls' T-Shirt,100 여아용 긴팔 짐 티셔츠 - 화이트 프린트 스노우 화이트 113-122cm 5-6세,1,OS,White,103.75,GB-R8-U3,3
3608409842541,4055713,outdoor,Men's Outdoor Gear,남성용 로드 사이클링 타이츠 RC520 추운 날씨용- 블랙 블랙 L,1,L,Black,135.36,GB-R8-U4,4
3583787767344,4065432,outdoor,Girls' Outdoor Gear,Debo 여아용 원피스 쇼티 수영복 코랄 핑크 14세,1,OS,Pink,20.05,GB-R8-U5,2
3583787693568,4156377,outdoor,Outdoor Gear,사이클링 물병 소프트플로우 950 ml - 블랙 블랙 단일 사이즈,1,OS,Black,111.91,GB-R8-U6,4
3608439477713,2357374,outdoor,Kids' Hike 100 Waterproof Thermal Jacket,Hike 100 보온 방수 하이킹 주니어 여아 자켓 터쿼이즈 10세,1,OS,Blue,34.88,GB-R8-U7,3
3608409921116,887170,outdoor,Outdoor Gear,300 긴팔 사이클링 베이스 레이어 - 블랙,1,OS,Black,72.58,PE-06,3
3608439385803,2763365,outdoor,Forclaz Outdoor Gear,Forclaz 200 Childrens D 라이트 그레이 151-160cm12-13세,1,OS,Grey,115.91,PE-07,3
3608409901187,2177805,outdoor,Outdoor Gear,100 바이크 툴 키트  단일 사이즈,1,OS,Black,40.98,PE-08,3
3608439382000,2717975,outdoor,SH500 Thermal Hiking Fleece,SH500 여성 액티브 보온 스노우 하이킹 플리스 마그놀리아 L,1,L,Orange,46.32,GF-R7-U1,4
3608439726941,1799402,outdoor,Forclaz Cap,Forclaz 900 워터프루프 등산 모자 퓨터 56cm,1,OS,Blue,78.86,GF-R7-U2,4
3583788253464,2241282,outdoor,Anna Womens Chlorine-Resistant One-Piece Aquabiking Swimsuit XL-2XL,Anna Womens Chlorine-Resistant One-Piece Aquabiking Swimsuit 블랙 XL-2XL,1,XL,Black,20.7,GF-R7-U3,3
3608390017447,4075486,outdoor,Kids' Gloves,100 아동용 스키 장갑 - 핑크  8세,1,OS,Pink,50.74,GF-R7-U4,3
3608439347092,2918341,outdoor,Arpenaz Outdoor Gear,Arpenaz 100 남성 네이처 하이킹 풀오버 리넨 S,1,S,Navy,143.92,GF-R7-U5,3
3608449854207,2571338,outdoor,Men's Jacket,SFR 900 남성용 Freeride 스키 3-in-1 자켓 - 그레이 카본 그레이 XL,1,XL,Grey,20.94,GF-R7-U6,5
3608439466335,2411557,outdoor,Pants,Travel500 여성 모듈러 트레킹 바지 - 카멜 브라운 12 (L31),1,OS,Teal,25.38,GF-R7-U7,3
3608439579097,2021800,outdoor,Boys' Hike 100 Waterproof Jacket,Hike 100 남아용 네이비 블루 방수 자켓 Navy blue,1,OS,Blue,44.85,GF-R8-U1,4
3608439340888,4022255,outdoor,SH100 Thermal Hiking Jacket,SH100 보온 아동 스노우 하이킹 자켓 페이디드 데님 2세,1,OS,Black,91.2,GF-R8-U2,4
3608439326745,4215228,outdoor,Girls' MH100 Pants,MH100 여아용 등산 바지 핑크 96-102cm 3-4세,1,OS,Pink,144.92,GF-R8-U3,4
3608439573378,2023420,outdoor,Men's Arpenaz Pants,Arpenaz 500 남성용 등산 바지 - 다크그레이,1,OS,Grey,23.05,GF-R8-U4,3
3608419387247,2080211,outdoor,Adult Outdoor Gear,300 초급 성인 복싱 훈련 글러브 스노우 화이트 14 온스,1,OS,White,137.75,GF-R8-U5,3
3608439520921,2184263,outdoor,MH500 Waterproof Mountain Hiking Rain Jacket,여성 MH500 방수 마운틴 하이킹 레인 자켓 아이리스 블루 XS,1,XS,Blue,37.67,GF-R8-U6,3
3608439456749,2563496,outdoor,MH900 Waterproof Mountain Jacket,MH900 여성 마운틴 하이킹 방수 자켓 코랄 레드 XS,1,XS,Red,115.47,GF-R8-U7,5
3608439581397,2021306,outdoor,TREK 900 Mountain Hiking Jacket,TREK 900 남성 마운틴 트레킹 자켓 블랙 M,1,M,Black,107.26,GB-R7-U1,5
3608439388187,2566984,outdoor,Adult Mountain Trekking,트렉 100 성인용 마운틴 트레킹 재생 플리스 장갑 블랙 XL,1,XL,Black,33.47,GB-R7-U2,3
2147815060008,4781506,outdoor,Backpack,하이킹 백팩 NH L  블랙 L,1,L,Black,21.58,GB-R7-U3,4
3608449846813,2694168,outdoor,Women's Outdoor Gear,i 소프트 580 여성용 스키 베이스 레이어 하의 블랙 M,1,M,Black,124.91,GB-R7-U4,4
3583788265528,2227557,outdoor,SWIMSHORT BASIC BLUE,"SWIMSHORT 100 BASIC BLUE* UK 29"" / FR 38",1,OS,Blue,39.52,GB-R7-U5,4
3583787797815,2959096,outdoor,Gloves,Roadr 500 사이클링 장갑 레드 XL,1,XL,Red,77.3,GB-R7-U6,3
3608409899606,2181107,outdoor,Shorts,ST 900 산악자전거 반바지 블랙 2XL,1,XXL,Black,92.98,GB-R7-U7,3
3608439383809,2763297,outdoor,Kids' MH100 Hiking Fleece,MH100 아동용 하이킹 플리스 7-15세 - 블루 다크 그레이 141-,1,OS,Blue,70.05,GB-R8-U1,3
3583783814899,2499569,outdoor,SH500 Thermal Hiking Jacket,SH500 여성 울트라 보온 스노우 하이킹 자켓 카키 그레이 2XS,1,OS,Grey,34.89,GB-R8-U2,5
3583783852150,2756611,outdoor,Men's Pants,트래블 100 남성용 트레킹 바지 카본 그레이 L (L32),1,L,Grey,62.62,GB-R8-U3,2
3608439474590,2359239,outdoor,SH500 Thermal Hiking Jacket,SH500 여성 보온 스노우 하이킹 자켓 블루 그레이 M,1,M,Blue,140.74,GB-R8-U4,3
3608439444708,2561701,outdoor,Hike 500 Hiking Jacket,Hike 500 아동 하이킹 자켓 스틸 그레이 8세,1,OS,Grey,103.51,GB-R8-U5,3
3608439443015,2556153,outdoor,MH900 Waterproof Mountain Jacket,MH900 여성 마운틴 하이킹 방수 자켓 터쿼이즈 그린 XL,1,XL,Green,52.38,GB-R8-U6,5
3608449839433,2698743,outdoor,Kids' Pants,PNF 900 어린이용 스키 바지 - 블랙 블랙 10세,1,OS,Black,81.06,GB-R8-U7,3
3583788187479,2412131,outdoor,Unisex Socks,SO500 미드 남녀공용 농구 양말 2켤레 스노우 화이트 225-240mm_EU 36-38,1,OS,White,23.12,PE-06,2
3583788446019,879583,outdoor,Adult Fit 5 Inline Fitness Skate,Fit 5 성인용 인라인 스케이트 스케이트보드 스쿠터 보호구 3종 세트 스노우 화이트 L,1,L,White,145.43,PE-07,4
3608439352997,4032358,outdoor,Men's MH500 Mountain Short-Sleeve T-Shirt,MH500 남성용 마운틴 하이킹 반팔 티셔츠  다크 블루 3XL,1,3XL,Blue,98.85,PE-08,3
3608409891266,2358137,outdoor,Gloves,500 자전거 장갑 봄가을용  블랙 M,1,M,Black,108.62,GF-R7-U1,4
3608439562525,2037555,outdoor,Men's Arpenaz Outdoor Gear,Arpenaz 500 남성용 트레킹 조끼 - 다크 그레이 Carbon grey,1,OS,Grey,143.34,GF-R7-U2,5
3608439492792,2223091,outdoor,Men's Forclaz Pants,Forclaz 100 Adjustable 남성용 바지 – 그린 Brick red,1,OS,Red,25.28,GF-R7-U3,4
3608439421440,2483819,outdoor,SH100 Thermal Hiking Jacket,SH100 보온 아동 스노우 하이킹 자켓 레드 4세,1,OS,Red,37.62,GF-R7-U4,2
3608439581373,2021308,outdoor,TREK 900 Mountain Hiking Jacket,TREK 900 남성 마운틴 트레킹 자켓 블랙 XL,1,XL,Black,85.32,GF-R7-U5,5
3608390008049,2777400,outdoor,Kids' Gloves,아동용 스키 장갑 500 - 블루 핑크 네이비 블루 8세,1,OS,Blue,24.56,GF-R7-U6,5
3608439504020,2195337,outdoor,Arpenaz Socks,쇼트 어퍼 네이쳐 하이킹 양말. Arpenaz 100 2족 세트 플루오 페일 피치 275-295mm_EU 43-46,1,OS,Grey,20.75,GF-R7-U7,5
3608439402715,2420895,outdoor,NH500 T-Shirt,NH500 프레시 남성 네이처 하이킹 티셔츠 - 카키 카키 브라운 XL,1,XL,Orange,21.9,GF-R8-U1,2
3608439421938,2498797,outdoor,SH500 Thermal T-Shirt,SH500 남성 보온 긴소매 스노우 하이킹 티셔츠 카본 그레이 2XL,1,XXL,Grey,43.96,GF-R8-U2,3
3583788260257,2229001,outdoor,Karol,Karol 아쿠아피트니스용 원피스 숏컷 수영복 네이비 블루 L,1,L,Blue,46.14,GF-R8-U3,4
3583787682142,4134794,outdoor,Trek 100 Jacket,다운 자켓 Trek 100 - 라이트블루  웨일 그레이 3XL,1,3XL,Blue,22.12,GF-R8-U4,4
3583787978658,2688856,outdoor,Women's Outdoor Gear,Kaipearl 여성용 원피스 라인 보정 수영복(스커트)  L,1,L,Grey,65.18,GF-R8-U5,5
3608439392658,2769686,outdoor,Men's Forclaz Waterproof Jacket,Forclaz 400 남성용 등산 방수 레인 자켓 체리 레드 M,1,M,Red,50.66,GF-R8-U6,3
3608439492914,2221020,outdoor,Men's Forclaz Pants,Forclaz 50 남성용 등산 바지 - 다크 그레이 Light petrol blue,1,OS,Blue,29.93,GF-R8-U7,2
3583783977624,2838654,outdoor,Men's Leggings,남성용 농구 카프리 레깅스  스노우 화이트 M / W32 L33,1,M,White,34.66,GB-R7-U1,2
3608439376313,2952531,outdoor,Kids' MH100 Hiking Fleece,MH100 아동용 하이킹 플리스 2-6세 - 핑크 프린트 베이지 103-112cm 4-5세,1,OS,Pink,21.94,GB-R7-U2,3
3608439692765,237477,outdoor,Adult SH500 Thermal Socks,SH500 성인 액티브 보온 스노우 하이킹 양말 블랙 245-270mm_EU 39-42,1,OS,Black,49.85,GB-R7-U3,4
3583788156123,2397865,outdoor,Childrens large swim ring No Size,Childrens large swim ring 블루 No Size,1,OS,Blue,60.22,GB-R7-U4,3
3583787348529,4562279,outdoor,TREK 500 Outdoor Gear,"TREK 500 A HAT LIGHT GREY, 60cm",1,OS,Grey,51.42,GB-R7-U5,4
3608449892070,2127625,outdoor,XWARM,XWARM 남성 울 스키 베이스 레이어 - 블랙 블랙 XL,1,XL,Black,20.44,GB-R7-U6,4
3608439574344,2023297,outdoor,Men's Arpenaz Pants,Arpenaz 50 남성용 기본 하이킹 바지 - 그레이 Iced coffee,1,OS,Grey,25.02,GB-R7-U7,3
3608409857330,2494615,outdoor,Shorts,RC500 포켓 로드자전거 빕 패드 반바지 블랙 L,1,L,Black,19.99,GB-R8-U1,2
3608409892706,2350400,outdoor,Women's Jacket,여성용 로드 사이클링 자켓 100 - 블랙 블랙 S,1,S,Black,73.61,GB-R8-U2,5
3608449847483,2712710,outdoor,Kids' Pants,100 아동용 스키 바지  카본 그레이 12세,1,OS,Grey,149.05,GB-R8-U3,4
3583787966686,2760069,outdoor,Boys' Outdoor Gear,100 남아용 쇼티 수영복   131-140cm 8-9세,1,OS,Blue,50.04,GB-R8-U4,2
3608390006328,2771847,outdoor,Kids' Gloves,100 아동용 스키 장갑 - 핑크 일렉트릭 블루 10세,1,OS,Blue,44.44,GB-R8-U5,2
3608439715396,1813364,outdoor,Girls' Hike 500 Waterproof Jacket,Hike 500 여아용 등산 방수 자켓- 핑크 Crimson,1,OS,Pink,31.79,GB-R8-U6,3
3608449872928,2360997,outdoor,Adult Gloves,SNB GL 900 성인용 스키/스노보드 장갑  차콜 그레이 S,1,S,Grey,20.07,GB-R8-U7,2
3608439326189,4196003,outdoor,MH100 Mountain T-Shirt,MH100 여성 반소매 마운틴 하이킹 티셔츠 그레이 핑크 XL,1,XL,Grey,111.11,PE-06,3
3608439414923,2559177,outdoor,MH120 Mountain Hiking Fleece,MH120 남성 마운틴 하이킹 플리스 블루 S,1,S,Blue,88.61,PE-07,2
3583788141563,2527703,outdoor,Girls' Outdoor Gear,Riana 여아용 원피스 수영복 터쿼이즈 블루 8세,1,OS,Blue,85.79,PE-08,4
3608392444760,5446585,outdoor,SWIM POCKET L ALL ALO  GREEN NO SI,"SWIM POCKET 100 6L ALL ALO  GREEN, NO SI",1,OS,Green,27.8,GF-R7-U1,3
3583787812426,2750833,outdoor,Girls' Outdoor Gear,여아용 수영복 원피스형 베가 NBJI - 블랙 블랙 113-121cm 5-6세,1,OS,Black,72.94,GF-R7-U2,4
3583788136026,2399127,outdoor,Men's Shorts,150 남성용 반바지 수영복 블루 XL-2XL,1,XL,Blue,24.52,GF-R7-U3,4
3608409898913,2182147,outdoor,Pants,500 산악자전거 속바지 블랙 S,1,S,Black,89.76,GF-R7-U4,5
3608439410413,2695504,outdoor,HIKE 900 Outdoor Gear,HIKE 900 깔창 블루 235-245mm,1,OS,Blue,24.51,GF-R7-U5,3
3583781727801,272064,outdoor,Kids' Outdoor Gear,성인용 파우더 스키 페이스 방한 마스크 (발라클라바) 블랙 주니어,1,OS,Black,117.55,GF-R7-U6,4
3583788046820,2486947,outdoor,Compact Hiking Jacket,Travel100 여성 컴팩트 트레킹 자켓 - 블루 그래니트 XL,1,XL,Blue,29.5,GF-R7-U7,3
3608439436840,2499574,outdoor,SH500 Thermal Hiking Jacket,SH500 여성 울트라 보온 스노우 하이킹 자켓 카키 그레이 L,1,L,Grey,29.75,GF-R8-U1,4
3608449850797,2426761,outdoor,Baby Thermal Jacket,유아용 스키/썰매 양면 보온 자켓 - 연분홍  애시드 옐로우 18개월,1,OS,Pink,39.57,GF-R8-U2,3
3608409894373,2244673,outdoor,Robot Inch Bike,Robot  -Inch Bike 오렌지,1,OS,Orange,105.24,GF-R8-U3,2
3608409895813,2231063,outdoor,Shirt,500 사이클링 반팔 셔츠 - 블랙/블루 Fluo blood orange,1,OS,Black,30.78,GF-R8-U4,2
3608409917027,2014283,outdoor,Socks,RoadR 500 사이클링 양말 스노우 화이트 220-240mm_EU 35-38,1,OS,White,140.16,GF-R8-U5,4
3608449842969,2600158,outdoor,Men's Jacket,남성용 스키 / 스노보드 자켓 SNB JKT 100 - 그레이 루나 그레이 XL,1,XL,Grey,25.05,GF-R8-U6,4
3608439845918,1555622,outdoor,Women's Forclaz Outdoor Gear,Forclaz 200 여성용 후리스 집업 - 그레이 Pewter,1,OS,Grey,46.16,GF-R8-U7,2
3608439356346,2942184,outdoor,Hike 500 Outdoor Gear,Boys Hike 500 hiking T-shirt 퍼시픽 블루 123-130cm 7-8세,1,OS,Blue,123.53,GB-R7-U1,5
3583787635957,4180998,outdoor,Men's Outdoor Gear,EDR 엔류런스 레이서 남성용 로드자전거 저지 버건디 XL,1,XL,Orange,39.76,GB-R7-U2,5
3608439539206,2120799,outdoor,Hike 100 Outdoor Gear,Hike 100 Girls Warm Waterproof Hiking Jacket - Coral Fluo pale peach AGE 4,1,OS,Orange,32.62,GB-R7-U3,4
3583787362587,4105320,outdoor,TREK 100 Outdoor Gear,"TREK 100, UK 34"" / FR 44",1,OS,Orange,21.63,GB-R7-U4,3
3608439319044,4272539,outdoor,Outdoor Gear,대형 폼 캠핑 깔개 XL 190 x 190cm  단일 사이즈,1,XL,Teal,20.35,GB-R7-U5,3
3608439394270,2732399,outdoor,Hike 500 Outdoor Gear,Hike 500 Children’s Boy’s Hiking T-Shirt 퍼시픽 블루 103-112cm 4-5세,1,S,Blue,107.35,GB-R7-U6,4
3608449871747,2363725,outdoor,Unisex Gloves,슬라이드 500 남녀 공용 스키 활강용 장갑 다크 멀버리 XL,1,XL,Pink,71.19,GB-R7-U7,4
3583787979327,2689128,outdoor,Women's Outdoor Gear,Riana 여성용 로우-컷 원피스형 수영복  XS,1,XS,Navy,140.83,GB-R8-U1,3
3608439476822,2357722,outdoor,Kids' Jacket,하이크 100 아동용 등산용 플리스 자켓 터쿼이즈 3세,1,OS,Blue,41.34,GB-R8-U2,4
3608399885931,2175443,outdoor,Adult Outdoor Gear,TR 성인용 테니스 라켓  스노우 화이트 GRIP,1,OS,White,37.53,GB-R8-U3,5
3583787681909,4110521,outdoor,Trek 500 Jacket,다운 자켓 Trek 500 후드- 블랙 블랙 M,1,M,Black,137.21,GB-R8-U4,3
3583788151432,2468131,outdoor,Trek,트레킹 경량 침낭 Trek  - 옐로우 브라운 XL,1,XL,Orange,143.88,GB-R8-U5,2
3608439523960,2162776,outdoor,NH100 Socks,어린이 하이킹 양말 NH100 JR 블루 215mm_EU 34,1,OS,Blue,59.5,GB-R8-U6,5
3608409951373,1778893,outdoor,Mountain Gloves,520 마운틴 바이크 장갑 블랙 2XL,1,XXL,Black,35.64,GB-R8-U7,5
3608449875974,2360154,outdoor,Thermal Jacket,MID 보온 900 여성 스키 라이너 자켓 - 블랙 블랙 L,1,L,Black,120.16,PE-06,5
3608439678226,357669,outdoor,Men's Forclaz Outdoor Gear,Forclaz 200 남성용 후리스 - 블랙,1,OS,Black,27.39,PE-07,4
3608394062160,5767430,outdoor,PA SHORTY SWIM NAV years/3,"PA SHORTY SWIM 100 NAV, 5-6years/3'7""-4'",1,OS,Navy,23.56,PE-08,3
3608449861434,2572479,outdoor,Gloves,스키-P GL 100 아동 스키 장갑 민트 CN 슬레이트 블루 14세,1,OS,Blue,116.24,GF-R7-U1,4
3608449862202,2570941,outdoor,Men's Jacket,SNB JKT 900 남성용 스노우보드 및 스키 자켓 - 페트롤 다크 페트롤 블루 S,1,S,Blue,25.65,GF-R7-U2,5
3583788144007,2399297,outdoor,Outdoor Gear,메시 수영모 S 사이즈 네이비 블루 S,1,S,Blue,42.65,GF-R7-U3,2
3583788047094,2466393,outdoor,Travel100,Travel100 여성 트레킹 쇼츠 - 블루 웨일 그레이 L,1,L,Blue,38.49,GF-R7-U4,2
3583787936252,2633517,outdoor,Men's Jacket,RC500 남성용 사이클링 겨울 자켓 - 네이비 블루 네이비 블루 L,1,L,Blue,106.18,GF-R7-U5,2
3608409934901,567228,outdoor,Gloves,100 로드 사이클링 장갑 블랙 3XL,1,3XL,Black,76.14,GF-R7-U6,3
3583788133827,2523937,outdoor,Kids' Outdoor Gear,"실리콘 메시 수영모 L 사이즈, Pimp 몽골리아 주니어",1,L,Red,95.39,GF-R7-U7,5
3608391177164,5193993,outdoor,SWIMVEST TEX GREEN BLUE,"SWIMVEST TEX GREEN BLUE, 15-25 kg",1,OS,Blue,21.03,GF-R8-U1,3
3583788141860,2399586,outdoor,Boys' Outdoor Gear,100 PEP 남아용 박서 수영복 애시드 옐로우 6세,1,OS,Teal,20.05,GF-R8-U2,3
3608409916662,2015053,outdoor,Kids Short Sleeve Cycling Jersey,300 Kids Short Sleeve Cycling Jersey 플루오 블러드 오렌지 14세,1,OS,Black,34.65,GF-R8-U3,3
3608439466151,2562344,outdoor,Women's T-Shirt,트래블500 여성용 트레킹 반팔 메리노울 티셔츠 - 핑크 카디널 핑크 S,1,S,Pink,40.65,GF-R8-U4,3
3608439483042,2354760,outdoor,Outdoor Gear,풀다운 남성 트레킹 다운 조끼 아스팔트 블루 3XL,1,3XL,Blue,28.85,GF-R8-U5,4
3608409882431,2489984,outdoor,Gloves,Doctogirl 자전거 장갑 딥 오렌지 단일 사이즈,1,OS,Orange,28.8,GF-R8-U6,4
3608449851848,2433222,outdoor,Thermal Jacket,JKT 500 보온 여성 스키 다운 자켓 - 블랙 블랙 XL,1,XL,Black,20.06,GF-R8-U7,3
3608439457593,2556342,outdoor,MH100 Waterproof Mountain Hiking Rain Jacket,MH100 남성 방수 마운틴 하이킹 레인 자켓 그래니트 2XL,1,XXL,Pink,21.03,GB-R7-U1,4
3608439640049,602298,outdoor,Women's Forclaz Pants,Forclaz 100 여성용 길이조절 등산 바지 라이트 그레이 Pewter,1,OS,Grey,26.28,GB-R7-U2,3
3608449834834,2918223,outdoor,Helmet,스키 헬멧 후드  핑크 단일 사이즈,1,OS,Pink,24.13,GB-R7-U3,4
3608439456442,2566116,outdoor,MH500 Mountain Pants,MH500 남성 마운틴 하이킹 오부 바지 - 블랙 블랙 S,1,S,Black,80.5,GB-R7-U4,4
3608449848084,2693406,outdoor,Helmet,스키 헬멧 H-FS 300 - 다크 페트롤  M/55-58cm,1,M,Grey,109.79,GB-R7-U5,3
3608439398193,2554614,outdoor,TREK 100 Mountain Trekking,TREK 100 남성 반소매 마운틴 트레킹 티셔츠 - 그레이 블루 그레이 M,1,M,Blue,117.75,GB-R7-U6,5
3608439505232,2194225,outdoor,Women's Waterproof Hiking Jacket,Raincut 여성용 지퍼 방수 네이처 하이킹 자켓 - 화이트,1,OS,White,43.7,GB-R7-U7,4
3583788259237,2231180,outdoor,Girls' Shorts,Kloupi 여아용 반바지형 전신 수영복 퍼플 14세,1,OS,Pink,68.31,GB-R8-U1,4
3608439523700,2164335,outdoor,Girls' Waterproof Thermal Jacket,하이크 500 3-in-1 여아용 보온 방수 등산용 자켓 베이지 3세,1,OS,Teal,50.43,GB-R8-U2,5
3608439482854,2354741,outdoor,Jacket,풀다운 남성 트레킹 다운 자켓 아스팔트 블루 2XL,1,XXL,Blue,139.83,GB-R8-U3,4
3608439445774,2492098,outdoor,Hike 500 Outdoor Gear,Girls Hike 500 Hiking T-Shirt coral reindeer 핑크 3세,1,OS,Pink,104.81,GB-R8-U4,3
3583787973875,2690105,outdoor,Men's Shorts,190 LONG ALOPIL 남성용 반바지 수영복  S,1,S,Black,113.61,GB-R8-U5,4
3583788264712,2227849,outdoor,Boys' Shorts,남아용 반바지형 전신 수영복 블루 12세,1,OS,Blue,22.09,GB-R8-U6,3
3608449835718,2836458,outdoor,Men's Jacket,남성용 스키 / 스노보드 자켓 SNB JKT 100 - 그레이  S,1,S,Grey,48.55,GB-R8-U7,2
3608459660478,2066374,outdoor,Kids' T-Shirt,아동용 UV 차단 서핑용 긴팔 워터 티셔츠 / 래쉬가드 - 화이트,1,OS,White,27.98,PE-06,3
3608439588198,2012938,outdoor,ARPENAZ Bag,ARPENAZ 25° 캠핑용 침낭 가방 - 블루 Dark petrol blue,1,OS,Blue,149.76,PE-07,4
3608439423055,2558505,outdoor,SH500 Thermal Outdoor Gear,SH500 x-보온 여성 하이킹 팬츠 네이비 블루 16 (L31),1,OS,Blue,97.18,PE-08,3
3608439822094,1611877,outdoor,Arpenaz Outdoor Gear,Arpenaz 500 남성 멀티 포켓 하이킹 조끼 아이스 커피 3XL,1,3XL,Orange,149.95,GF-R7-U1,4
3583787981900,2769468,outdoor,Outdoor Gear,여성 등산 라이트 소프트 쉘 퍼시픽 블루 M,1,M,Blue,113.58,GF-R7-U2,5
3583787976159,2659139,outdoor,Women's Outdoor Gear,패드 컵이 포함된 여성용 푸쉬업 수영복 탑 ELENA DECIM 핑크 KR: 75C,1,OS,Pink,46.98,GF-R7-U3,3
3608439391897,2563891,outdoor,Girls' Helium Hiking Jacket,Helium 500 여아용 하이킹 자켓  4세,1,OS,Blue,21.25,GF-R7-U4,2
3583787615218,4249230,outdoor,TREK 700 Mountain Trekking,TREK 700 남성 마운틴 트레킹 바지 네이비 블루 M (L33),1,M,Blue,50.03,GF-R7-U5,3
3608459626481,2203727,outdoor,Kids' T-Shirt,아동용 UV 차단 서핑용 긴팔 워터 티셔츠 / 래쉬가드 - 화이트 Apple green,1,OS,White,45.69,GF-R7-U6,3
3608449877664,2359815,outdoor,Kids' Outdoor Gear,프레시웜 아동용 스키 베이스 레이어  6세,1,OS,Navy,38.66,GF-R7-U7,4
3608409862020,2666921,outdoor,Gloves,ST 500 산악 자전거 장갑 - 블랙/블루 블랙 2XL,1,XXL,Black,79.7,GF-R8-U1,3
3608439585494,2018338,outdoor,Women's T-Shirt,Techfresh 50 여성용 반팔 하이킹 티셔츠 - 블루 Mint blue,1,OS,Blue,122.24,GF-R8-U2,3
3583783936799,2457324,outdoor,SH500 Thermal Hiking Jacket,SH500 남성 울트라 보온 스노우 하이킹 자켓 카키 브라운 4XL,1,OS,Blue,105.72,GF-R8-U3,3
3608439422980,2499436,outdoor,SH500 Thermal Pants,SH500 여성 X-보온 스트레치 스노우 하이킹 바지 블랙 14 (L31),1,OS,Black,82.52,GF-R8-U4,4
3608449835930,2895893,outdoor,Pants,Ski-P PA 150 여성 다운힐 스키 바지 - 블루 네이비 블루 M,1,M,Blue,93.87,GF-R8-U5,2
3608399868965,2415078,outdoor,Kids' Socks,RS 160 주니어 스포츠 미드 양말 3팩 스노우 화이트 175-190mm_EU27-30,1,OS,White,124.23,GF-R8-U6,4
3583787682708,4150811,outdoor,Trek 500 Jacket,다운 자켓 Trek 500 후드 - 네이비 라이트 그레이 2XL,1,XXL,Grey,139.59,GF-R8-U7,3
3608449840286,2746067,outdoor,Women's Jacket,FR 100 여성용 프리라이드 스키 자켓 - 그레이 라이트 그레이 XS,1,XS,Grey,132.09,GB-R7-U1,4
3608393615947,5694584,outdoor,HIKE 500 Outdoor Gear,"HAT HIKE 500 MAN GREEN, 56-58cm",1,OS,Green,73.93,GB-R7-U2,5
3608439457104,2556604,outdoor,Men's Forclaz Waterproof Jacket,Forclaz 400 남성용 등산 방수 레인 자켓 다크 페트롤 블루 L,1,L,Blue,22.74,GB-R7-U3,3
3608439501319,2196604,outdoor,Girls' Hike 100 Waterproof Hiking Jacket,Hike 100 여아용 방수기능 하이킹 자켓- 핑크,1,OS,Pink,109.86,GB-R7-U4,3
3608439378621,2953031,outdoor,Girls' MH500 Hiking Jacket,MH500 여아용 하이킹 자켓 2-6세 - 핑크  89-95cm 2-3세,1,OS,Pink,20.08,GB-R7-U5,2
3608439670138,365122,outdoor,Jacket,X-Light 여성 등산용 초경량 패딩 자켓 - 라이트 그레이 Lunar grey,1,OS,Grey,37.27,GB-R7-U6,5
3583787577127,2985079,outdoor,Boys' Outdoor Gear,플러스 100 남아용 복서 수영복 블랙 131-140cm 8-9세,1,OS,Black,32.89,GB-R7-U7,4
3608449843317,2686403,outdoor,Men's Pants,580 남성용 다운힐 스키 바지 - 베이지 카푸치노 L,1,L,Red,76.38,GB-R8-U1,3
3608439491818,2232146,outdoor,Outdoor Gear,4인용 캠핑 테이블 + 의자 세트 - 블루,1,OS,Blue,135.86,GB-R8-U2,5
3583787763612,4099568,outdoor,Sun-Protect Long-Sleeve T-Shirt,긴팔 티셔츠 자외선 차단 UV 1 - 화이트 스노우 화이트 S,1,S,White,24.27,GB-R8-U3,3
3608439416958,2605940,outdoor,Foldable Outdoor Gear,접이식 캠핑 삽/곡괭이  단일 사이즈,1,OS,Blue,26.05,GB-R8-U4,4
3608439465239,2564959,outdoor,TREK500 Mountain Trekking,TREK500 남성 마운틴 트레킹 쇼츠 - 다크 그레이 브라운 L-XL,1,L,Grey,51.7,GB-R8-U5,3
3608409903617,2165671,outdoor,Mountain Gloves,520 마운틴 바이크 장갑 - 블랙 Galaxy blue,1,OS,Black,52.94,GB-R8-U6,2
3583788271369,2228499,outdoor,Men's Shorts,190 LONG ALOPIL 남성용 반바지 수영복 블루 40 US:S,1,S,Blue,44.15,GB-R8-U7,4
3583788198833,2408564,outdoor,Adult F500 Soccer,F500 성인 축구 반바지 스노우 화이트 XL,1,XL,White,76.33,PE-06,3
3608449850926,2494587,outdoor,Men's Jacket,Slide 300 남성용 스키 자켓 허니 XL,1,XL,Orange,45.45,PE-07,5
3608439456763,2556259,outdoor,MH100 Waterproof Mountain Jacket,MH100 여성 마운틴 하이킹 방수 자켓 버건디 XL,1,XL,Blue,75.18,PE-08,5
3583788133247,2527415,outdoor,Riana,Riana 여성복 원피스 수영복 (드레스형) 페일 터키즈 M,1,M,Black,80.94,GF-R7-U1,4
3608449871761,2363726,outdoor,Adult Gloves,500 성인용 다운힐 스키 벙어리 장갑 - 블랙 블랙 2XL,1,XXL,Black,30.75,GF-R7-U2,4
3608439423048,2558552,outdoor,SH500 Thermal Outdoor Gear,SH500 x-보온 여성 하이킹 팬츠 카키 브라운 4 (L28),1,OS,Teal,76.57,GF-R7-U3,3
3583787766965,4025138,outdoor,Boys' Outdoor Gear,100 남아용 수영복 롱 스윔 쇼츠 - 플라야 블랙  네이비 블루 141-150cm10-11세,1,OS,Black,89.54,GF-R7-U4,5
3608429688563,4167486,outdoor,T-Shirt,티셔츠 반팔 런 드라이 + 여성 조깅용 티셔츠 스노우 화이트 L-XL,1,L,White,20.23,GF-R7-U5,4
3583784002608,4181964,outdoor,Women's Pants,FR 500 여성용 프리라이드 스키 바지 - 그레이 라이트 그레이 16 (L29),1,OS,Grey,104.52,GF-R7-U6,3
3608439287503,4388376,outdoor,Hike 100 Outdoor Gear,"Socks Hike 100 High Bl, UK 5.5-8 EU39-42",1,EU 39,Teal,50.64,GF-R7-U7,3
3583783853126,2565114,outdoor,Trek 700 Mountain Trekking,Trek 700 여성 마운틴 트레킹 바지 카본 그레이 10 (L29),1,OS,Grey,46.97,GF-R8-U1,4
3583788270928,2227010,outdoor,Men's Outdoor Gear,100 PLUS PIP 남성용 박서 수영복 블랙 XL,1,XL,Black,117.88,GF-R8-U2,2
3608439542626,2117007,outdoor,3-in-1 Hiking Jacket,Rainwarm 100 3in1 남성 트레킹 자켓 - 블랙 Dark ivy green,1,OS,Black,98.76,GF-R8-U3,3
3608449867559,2370318,outdoor,Kids' Gloves,500 어린이용 스키 벙어리 장갑 - 블루 딥 블루 18개월-2세,1,OS,Blue,46.24,GF-R8-U4,5
3583788046806,2486948,outdoor,Compact Hiking Jacket,Travel100 여성 컴팩트 트레킹 자켓 - 블루 그래니트 XS,1,XS,Blue,112.8,GF-R8-U5,2
3583783883666,2630434,outdoor,Short-Sleeved Cycling Jersey,900 Short-Sleeved Cycling Jersey 네이비 블루 XS,1,XS,Blue,33.35,GF-R8-U6,2
3583788375722,2048424,outdoor,Loran Womens One-Piece Shortcut Swimsuit Navy Pink BLACK EU,Loran Womens One-Piece Shortcut Swimsuit - Navy Pink BLACK EU:40,1,OS,Black,19.99,GF-R8-U7,3
3608439505188,2194243,outdoor,Women's Arpenaz Waterproof Jacket,Arpenaz 100 여성용 등산 방수 자켓 - 핑크/라즈베리 핑크 Pale yellow,1,OS,Pink,36.95,GB-R7-U1,4
3583783898448,2882918,outdoor,Kids' SH500 Thermal Pants,SH500 주니어 X-보온 스노우 하이킹 바지 네이비 블루 123-130cm 7-8세,1,OS,Blue,138.49,GB-R7-U2,4
3608459575673,2549416,outdoor,Kids' Outdoor Gear,CN Noa 주니어 여아용 탱키니 스윔 스커트 수영복 블루 12세,1,OS,Blue,54.26,GB-R7-U3,4
3608439348600,2715239,outdoor,Women's SH100 Waterproof Thermal Hiking Jacket,여성용 스노우 하이킹 자켓 SH100 보온 방수 - 퍼플 다크 오베르진느 L,1,L,Blue,52.1,GB-R7-U4,2
3583788269809,2226821,outdoor,Boys' Outdoor Gear,900 FIRST 남아용 트렁크 수영복 플로우 옐로우 8세,1,OS,White,53.95,GB-R7-U5,3
3608439505058,2194257,outdoor,Helium Waterproof Jacket,Helium Rain 500 남성 초경량 방수 등산 자켓 Dark petrol blue,1,OS,Blue,100.56,GB-R7-U6,5
3608439338298,4071985,outdoor,MH120 Mountain Hiking Fleece,MH120 여성 마운틴 하이킹 플리스 자켓 - 블랙 퍼플 XS,1,XS,Black,19.99,GB-R7-U7,3
3608439515798,2187921,outdoor,Women's Arpenaz Outdoor Gear,Arpenaz 500 여성용 하이킹 폴로 - 핑크 Fluo pale peach,1,OS,Pink,81.53,GB-R8-U1,4
3608449860826,2572144,outdoor,Pants,Ski-P PA 150 여성 다운힐 스키 바지 - 블루 블루 2XL,1,XXL,Blue,118.68,GB-R8-U2,3
3608419123760,2690519,outdoor,Kids' Short-Sleeve T-Shirt,100 아동용 짐 반팔 티셔츠 - 오렌지 프린트 스노우 화이트 76-81cm 18개월,1,OS,White,133.32,GB-R8-U3,3
3608439498916,2198447,outdoor,Forclaz Outdoor Gear,Forclaz 0/5° 초경량 야영/하이킹/트래킹 침낭 초콜릿 트러플 M,1,M,Grey,51.27,GB-R8-U4,3
3608390009800,2925117,outdoor,TREK 500 Outdoor Gear,TENT TREK 500 F&B 2P No Size,1,OS,Blue,29.92,GB-R8-U5,4
3608439671104,364680,outdoor,Men's Outdoor Gear,X-Light 남성용 퀄트 하이킹 쟈켓 블랙 Midnight indigo,1,OS,Black,67.11,GB-R8-U6,4
3583787960691,2902584,outdoor,Women's Outdoor Gear,Kaipearl 여성용 원피스 라인 보정 수영복 – 블랙 블랙 L-XL,1,L,Black,136.85,GB-R8-U7,4
3608449841023,2772566,outdoor,Thermal Jacket,SKI-P JKT 900 여성 보온 스키 자켓 네이비 & 블루 핑크 M,1,M,Blue,43.56,PE-06,4
3608429719656,4037314,outdoor,T-Shirt,티셔츠 반팔 런 드라이 + 여성 조깅용 티셔츠 스노우 화이트 M_L,1,OS,White,47.5,PE-07,4
3608439481437,2355181,outdoor,SH500 Thermal Hiking Fleece,SH500 남성 액티브 보온 스노우 하이킹 플리스 블랙 XL,1,XL,Black,36.6,PE-08,4
3583787976807,2706225,outdoor,Women's Outdoor Gear,Riana 여성용 드레스형 원피스 수영복  14세,1,OS,Navy,55.73,GF-R7-U1,3
3608439588532,2008754,outdoor,Outdoor Gear,트렉 500 자충식 트레킹 매트리스 다크 페트롤 블루 L,1,L,Blue,126.82,GF-R7-U2,3
3608439495991,2214476,outdoor,Hike 500 Outdoor Gear,Hike 500 Children’s Boy’s Hiking T-Shirt 퍼시픽 블루 3세,1,S,Blue,86.98,GF-R7-U3,3
3608429827221,2182810,outdoor,Kiprun Socks,Kiprun 두꺼운 양말 스노우 화이트 220-240mm_EU 35-38,1,OS,White,40.29,GF-R7-U4,3
3608449861892,2571977,outdoor,Adult Gloves,성인용 스키/스노보드 벙어리 장갑 SNB MI 500 투인원 - 블랙 블랙 XS,1,XS,Black,22.23,GF-R7-U5,3
3583783933750,2646488,outdoor,Men's SH520 Thermal Pants,SH520 X-보온 남성용 하이킹 바지 - 블랙 블랙 XL-2XL (L32),1,XL,Black,116.27,GF-R7-U6,5
3583783892101,2498326,outdoor,SH100 Thermal Pants,SH100 여성 울트라 보온 스노우 하이킹 바지 블랙 10 (L31),1,OS,Black,47.68,GF-R7-U7,4
3608459627532,2198661,outdoor,Men's Outdoor Gear,100 남성용 UV 차단 서핑 반팔 래쉬가드 - 블랙 그레이 Galaxy blue,1,OS,Black,22.23,GF-R8-U1,4
3608459576380,2546548,outdoor,Kids' Outdoor Gear,Hanae 주니어 여아용 원피스 드레스 수영복 아쿠아마린 12세,1,OS,Navy,118.98,GF-R8-U2,4
3608439325540,4194323,outdoor,Men's MH500 Waterproof Jacket,MH500 남성용 등산용 자켓 방수성 블랙 XS,1,XS,Black,20.64,GF-R8-U3,3
3608439523953,2162775,outdoor,NH100 Socks,어린이 하이킹 양말 NH100 JR 블루 205mm_EU 33,1,OS,Blue,24.94,GF-R8-U4,3
3608439387982,2475537,outdoor,Men's NH500 Shirt,NH500 하이브리드 남성용 네이처 하이킹 스웨트셔츠 블랙 XL,1,XL,Black,36.48,GF-R8-U5,3
3608439395802,2651430,outdoor,Hike 100 Outdoor Gear,Hike 100 Girls Hiking Skort 스트로베리 핑크 149-159cm12-13세,1,OS,Pink,40.35,GF-R8-U6,5
3608449842884,2764846,outdoor,Men's Pants,남성용 스키 / 스노보드 바지 SNB TR 100 - 블랙  블랙 XL,1,XL,Black,100.37,GF-R8-U7,5
3608439387296,2733597,outdoor,Kids' Hike 500 Jacket,Hike 500 주니어 패팅 자켓 블루 123-130cm 7-8세,1,OS,Blue,127.1,GB-R7-U1,2
3608390018987,4119514,outdoor,Adult Gloves,성인용 다운힐 스키 장갑 100 - 라이트 블랙 블랙 S,1,S,Black,26.64,GB-R7-U2,3
3583787813034,2956606,outdoor,Men's Outdoor Gear,남성용 로드 사이클링 반팔 저지 에센셜 - 블랙 스노우 화이트 2XL,1,XXL,Black,25.97,GB-R7-U3,3
3608439592225,1846429,outdoor,Adult SH900 Thermal Socks,SH900 성인 보온 스노우 하이킹 양말 틸 블루 245-270mm_EU 39-42,1,OS,Blue,21.01,GB-R7-U4,4
3583788373032,2048972,outdoor,Men's Outdoor Gear,900 FIRST 남성용 재머 수영복 블랙 XL-2XL,1,XL,Black,99.47,GB-R7-U5,3
3608409912572,2018428,outdoor,Bag,"500 더블 자전거 프레임 가방, 1L 블랙 No Size",1,OS,Black,22.25,GB-R7-U6,3
3583788047155,2466413,outdoor,Travel100,Travel100 여성 트레킹 쇼츠 - 블루 브라운 XS,1,XS,Blue,20.03,GB-R7-U7,3
3608439466472,2411554,outdoor,Pants,Travel500 여성 모듈러 트레킹 바지 - 카멜 브라운 6 (L30),1,OS,Red,40.89,GB-R8-U1,5
3608439488559,2349278,outdoor,TREK 500 Mountain Trekking,TREK 500 마운틴 트레킹 핑거리스 벙어리장갑 - 블랙 블랙 M,1,M,Black,103.88,GB-R8-U2,3
3608439501395,2196609,outdoor,Girls' Hike 100 Waterproof Hiking Jacket,Hike 100 여아용 방수기능 하이킹 자켓- 핑크,1,OS,Pink,65.6,GB-R8-U3,5
3608439464706,2565248,outdoor,Trek 700 Mountain Trekking,Trek 700 여성 마운틴 트레킹 집오프 바지 카본 그레이 10 (L31),1,OS,Grey,40.67,GB-R8-U4,3
3608439688294,336331,outdoor,Mountain Trekking,TECHWOOL190 남성 마운틴 트레킹 긴소매 지퍼 티셔츠 - 블랙 블랙 L,1,L,Black,105.87,GB-R8-U5,3
3608449819732,2952535,outdoor,Men's Helmet,PST900 남성용 다운힐 스키 헬멧   L/59-62cm,1,L,White,75.89,GB-R8-U6,2
3608439424854,2493427,outdoor,Men's Forclaz Outdoor Gear,Forclaz 600 남성용 하이킹 후리스 초콜릿 트러플 2XL,1,XXL,Pink,149.75,GB-R8-U7,4
3583788359586,2077974,outdoor,Silifins Short Swim Fins,Silifins Short Swim Fins 블루 245-255mm_EU 39-40,1,OS,Blue,21.89,PE-06,5
3608439644061,594090,outdoor,Men's Arpenaz Pants,Arpenaz 500 남성용 길이조절 하이킹 바지 라이트 – 그레이 Cappucino,1,OS,Grey,35.76,PE-07,3
3608449891776,2127652,outdoor,Pants,XWarm 울 스키 베이스 레이어 바지 블랙 XL,1,XL,Black,63.92,PE-08,2
3608419131369,2734543,outdoor,Women's Loose-Fit Cardio Fitness T-Shirt,120 여성용 루즈핏 카디오 피트니스 티셔츠 스노우 화이트 S,1,S,White,61.41,GF-R7-U1,4
3608409915528,2015179,outdoor,Shorts,500 사이클링 빕리스 반바지 블랙 M,1,M,Black,76.09,GF-R7-U2,5
3608439464676,2565246,outdoor,Trek 700 Mountain Trekking,Trek 700 여성 마운틴 트레킹 집오프 바지 카본 그레이 8 (L31),1,OS,Grey,43.83,GF-R7-U3,3
3608439392467,2748216,outdoor,Kids' Helium Hiking Jacket,Helium 100 아동용 하이킹 자켓  14세,1,OS,Red,51.64,GF-R7-U4,5
3608409848000,2954370,outdoor,BIKE BELL CITY CLASSIC No Size,"BIKE BELL 540 CITY CLASSIC, No Size",1,OS,Black,23.1,GF-R7-U5,3
3583788132554,2455345,outdoor,Women's Shorts,Leony 여성용 원피스 수영복(반바지형) 블랙 XL-2XL,1,XL,Black,97.55,GF-R7-U6,5
3608439562532,2037554,outdoor,Men's Arpenaz Outdoor Gear,Arpenaz 500 남성용 트레킹 조끼 - 다크 그레이 Carbon grey,1,OS,Grey,105.38,GF-R7-U7,5
3608409891334,2358142,outdoor,Gloves,500 자전거 장갑 봄가을용  플루오 라임 옐로우 S,1,S,Red,51.72,GF-R8-U1,4
3608409923752,870279,outdoor,Bibless,300 Bibless 사이클링 타이즈 블랙 M,1,M,Black,28.23,GF-R8-U2,5
3608439628207,650941,outdoor,MH500 Waterproof Mountain Outdoor Gear,MH500 남성 방수 마운틴 하이킹 레인 오버트라우저 - 블랙 Carbon grey M-L/32-33.5inch,1,M,Black,52.53,GF-R8-U3,5
3608439515286,2188391,outdoor,Hike 100 Outdoor Gear,Boys Hike 100 Hiking Shorts 네이비 블루 8세,1,OS,Blue,105.37,GF-R8-U4,4
3608439543685,2116709,outdoor,Adult Gloves,성인용 플리스 트레킹/하이킹 장갑 - M/L,1,M,Green,57.78,GF-R8-U5,3
3583788051596,2714020,outdoor,Gloves,어린이 오른손잡이 골프 장갑 - 화이트 스노우 화이트 8-10세,1,OS,White,78.52,GF-R8-U6,5
3608439515255,2188400,outdoor,Hike 100 Outdoor Gear,Hike 100 Girls Hiking Skort 미드나잇 인디고 12세,1,OS,Orange,79.61,GF-R8-U7,4
3583787822470,2978029,outdoor,Women's Shorts,여성용 골프 버뮤다 반바지 - 스트로베리 핑크 스노우 화이트 2XS,1,OS,White,114.6,GB-R7-U1,4
3608439688324,336334,outdoor,Mountain Trekking,TECHWOOL190 남성 마운틴 트레킹 긴소매 지퍼 티셔츠 - 블랙 블랙 XL,1,XL,Black,133.48,GB-R7-U2,3
3608439646423,589023,outdoor,Men's Forclaz Pants,Forclaz 50 남성용 등산 바지 - 다크 그레이 Charcoal grey,1,OS,Grey,85.97,GB-R7-U3,3
3583788257608,2232029,outdoor,Women's Outdoor Gear,Leony 여성용 수영 크롭 톱 - 블랙/핑크 블랙 S/26-27.5inch,1,S,Black,20.83,GB-R7-U4,2
3608439453731,2561724,outdoor,Hike 500 Hiking Jacket,Hike 500 아동 하이킹 자켓 핑크 6세,1,OS,Pink,95.2,GB-R7-U5,3
3608439357602,2838441,outdoor,Men's MH150 Waterproof Mountain Jacket,MH150 남성용 마운틴 하이킹 방수 자켓 다크 블루 XL,1,XL,Blue,102.38,GB-R7-U6,4
3608439465758,2558949,outdoor,Arpenaz Outdoor Gear,Short-Sleeved Trekking Arpenaz 500 Plaid Shirt 아스팔트 블루 3XL,1,3XL,Blue,47.97,GB-R7-U7,5
3608419006414,4072453,outdoor,Women's Pilates T-Shirt,100 여성용 필라테스 & 젠틀 짐 티셔츠 면 100% - 핑크 스노우 화이트 2XS,1,OS,White,143.29,GB-R8-U1,4
3608449848695,2472384,outdoor,Pants,스키-P PA 580 여성 슬림 다운힐 스키 바지 - 코랄 스트로베리 핑크 8 (L31),1,OS,Pink,25.84,GB-R8-U2,3
3608439432347,2554808,outdoor,NH500 Outdoor Gear,NH500 여성 하이킹 풀오버 담슨 XL,1,XL,Green,66.48,GB-R8-U3,3
3608439436321,2497093,outdoor,TREK 100 Mountain Trekking,TREK 100 남성 마운틴 트레킹 패딩 조끼 로열 블루 3XL,1,3XL,Blue,48.9,GB-R8-U4,4
3583787971475,2761285,outdoor,Men's Shirt,남성용 골프 폴로셔츠 520 스노우 화이트 XL,1,XL,White,46.8,GB-R8-U5,3
3583788094432,2611405,outdoor,F100 Soccer Ball,F100 하이브리드 사이즈 3 축구공 스노우 화이트 3,1,OS,White,27.25,GB-R8-U6,3
3608409866189,2378981,outdoor,Outdoor Gear,여름 스포츠 로드 사이클링 타이즈 - 블랙 블랙 XL,1,XL,Black,21.61,GB-R8-U7,3
3608419872347,1446242,fitness,"Fitness Bag Pocket black, .","Fitness Bag Pocket black, .",0,OS,Black,61.48,GF-R6-U1,2
3608390676668,5057310,fitness,"FITNESS MAT COMFORT 100 C1, No Size","FITNESS MAT COMFORT 100 C1, No Size",0,OS,Teal,17.6,GF-R6-U2,2
3583787499894,2921942,fitness,"SOFT YOGA SOCKS Black, 2.5-5 - 35/38","SOFT YOGA SOCKS Black, 2.5-5 - 35/38",0,OS,Black,48.41,GF-R6-U3,3
3608392148088,5395048,fitness,"FITNESS COTTON CAP black, No Size","FITNESS COTTON CAP black, No Size",0,OS,Black,17.25,GF-R6-U4,2
3608392285387,5416609,fitness,"FITNESS BAND MEDIUM, No Size","FITNESS BAND MEDIUM, No Size",0,OS,Grey,38.46,GF-R6-U5,2
3608393147455,5164729,fitness,"SOFT YOGA PANT 50, UK 12-14 / EU L (L29)","SOFT YOGA PANT 50, UK 12-14 / EU L (L29)",0,L,Navy,21.87,GF-R6-U6,3
3608418873987,4333578,fitness,"YOGA BOLSTER grey, No Size","YOGA BOLSTER grey, No Size",0,OS,Grey,49.95,GF-R6-U7,2
3583787499900,2921943,fitness,"SOFT YOGA SOCKS Black, 5.5-8 - 39/42","SOFT YOGA SOCKS Black, 5.5-8 - 39/42",0,OS,Black,42.54,GF-R6-U1,3
3608418955409,4250522,fitness,FTS 120 Cardio Fitness T-Shirt,FTS 120 카디오 피트니스 티셔츠 - 카키 페트롤 블루 2XL,1,XXL,Blue,84.78,GF-R6-U2,3
3608419370195,2087239,fitness,Energy Leggings 7/8,Energy 여성 유산소 피트니스 7/8 레깅스 - 검정,1,OS,Teal,52.36,GF-R6-U3,3
3608419109092,2756974,fitness,Yoga T-Shirt,여성 젠틀 요가 유기농면 티셔츠 - 블랙 데저트 로즈 2XS,1,OS,Black,80.88,GF-R6-U4,2
3608419016192,2939411,fitness,Fitness Backpack,피트니스 백팩 라이크어락커 30 L - 블랙 블랙 올리브 M,1,L,Black,21.56,GF-R6-U5,2
3608419024814,2890340,fitness,Seamless Fitness Equipment,요가 플러스 여성 심리스 탱크탑 브라운 L,1,L,Green,41.68,GF-R6-U6,2
3608419343830,2114849,fitness,Active Cardio Fitness T-Shirt,Active 레귤러-핏 피트니스 티셔츠 라이트 그레이 XS,1,XS,Grey,39.12,GF-R6-U7,3
3583783856615,2574335,fitness,FIT 5 Inline Fitness Skate,FIT 5 인라인 피트니스 스케이트 플루오 페일 피치 235-255mm,1,OS,Red,79.16,GF-R6-U1,2
3608419339819,2143087,fitness,Foldable Yoga Mat,접이식 고무 요가 매트 1.5 mm 그레이 유니크,1,OS,Grey,15.54,GF-R6-U2,2
3608419155082,2624013,fitness,Women's Loose-Fit Cardio Fitness T-Shirt,120 여성용 루즈핏 카디오 피트니스 티셔츠 네이비 블루 2XS,1,OS,Blue,79.22,GF-R6-U3,2
3608419155150,2424653,fitness,Cardio Fitness T-Shirt,500 카디오 피트니스 티셔츠 네이비 블루 M_L,1,OS,Blue,43.45,GF-R6-U4,3
3608419338249,2169787,fitness,Fitness T-Shirt Black And Grey Muscle Cherry red XL,"Fitness T-Shirt - Black And Grey ""Muscle"" Cherry red XL",1,XL,Black,81.48,GF-R6-U5,3
3608419052237,2909524,fitness,Women's Jacket,100 여성용 카디오 피트니스 트레이닝 자켓 - 블랙/핑크 블랙 S,1,S,Black,10.84,GF-R6-U6,3
3608418946063,4273356,fitness,Yoga T-Shirt,여성 젠틀 요가 유기농면 티셔츠 - 블랙 핑크 XS,1,XS,Black,88.47,GF-R6-U7,3
3608419349740,2110770,fitness,Women's Slim-Fit Pants,여성용 슬림핏 기모 저지 피트니스 바지 블랙 W38 L29,1,OS,Black,38.12,GF-R6-U1,3
3608418965125,4123300,fitness,Women's Fitness Equipment,900 여성용 집업 카디오 피트니스 스포츠 브라 - 모틀드 그레이 터쿼이즈 M,1,M,Grey,31.07,GF-R6-U2,2
3608419318623,2175719,fitness,Seamless Fitness Equipment,요가 플러스 심리스 탱크탑 블랙 XS,1,XS,Black,65.74,GF-R6-U3,3
3608419201741,2525167,fitness,Shorts,오가닉 코튼 요가 반바지 다크 그레이 2XS,1,OS,Grey,48.89,GF-R6-U4,2
3608419201383,2534721,fitness,Seamless Fitness Equipment,요가 플러스 심리스 탱크탑 블랙 2XS,1,OS,Black,48.84,GF-R6-U5,2
3583788622031,1826521,fitness,Women's FIT 5 Inline Fitness Skate,FIT 5 여성용 인라인 피트니스 스케이트 - 그레이/블루,1,OS,Blue,35.78,GF-R6-U6,3
3608419191059,2458827,fitness,Shorts,FST120 카디오 피트니스 반바지 초콜릿 트러플 M,1,M,Orange,74.98,GF-R6-U7,3
3608419337020,2170459,fitness,Energy Fitness Equipment,Energy 2-In-1 Cardio Fitness Shorts - Blue/Yellow BLACK XL,1,XL,Black,51.67,GF-R6-U1,3
3583783849525,2384334,fitness,Women's Leggings,FTI 120 여성용 카디오 트레이닝 피트니스 레깅스 - 블랙 블랙 W30 L29,1,OS,Black,69.71,GF-R6-U2,2
3608419026184,2877005,fitness,Seamless Leggings 7/8,요가 레깅스 심리스 7/8부 - 블랙/안트라사이트 블랙 S,1,S,Black,77.32,GF-R6-U3,3
3608419230482,2524897,fitness,FPA900 W37 L34,FPA900 피트니스 카디오 하의 웨일 그레이 XL / W37 L34,1,XL,Grey,63.09,GF-R6-U4,2
3608419338256,2169779,fitness,Fitness T-Shirt Black And Grey Muscle BLACK S,"Fitness T-Shirt - Black And Grey ""Muscle"" BLACK S",1,S,Black,81.14,GF-R6-U5,3
3608419305623,2182252,fitness,Energy Pants,Energy+ 유산소 피트니스 바지 웨일 그레이 W30 L31,1,OS,Grey,35.55,GF-R6-U6,2
3608419012569,2716669,fitness,Women's Leggings,500 여성용 피트니스 카디오 트레이닝 레깅스 - 블랙 아스팔트 블루 2XL / W38 L31,1,XXL,Black,48.34,GF-R6-U7,3
3608418998703,4005555,fitness,Women's Fitness Equipment,900 여성용 집업 카디오 피트니스 스포츠 브라 - 모틀드 그레이 화이트 XL,1,XL,Grey,38.6,GF-R6-U1,2
3608419183214,2479907,fitness,Women's Shorts,520 여성용 카디오 피트니스 투인원 반바지 블랙 M,1,M,Black,73.84,GF-R6-U2,3
3608419386387,2082042,fitness,Comfort+ Womens Fitness Sports Bra Mottled Grey BLUE GREY,Comfort+ Womens Fitness Sports Bra - Mottled Grey BLUE GREY 36,1,OS,Blue,14.54,GF-R6-U3,2
3608419018363,2960279,fitness,Women's Pants,여성용 임산부 젠틀 요가 바지 - 그레이 다크 그레이 M / W30 L29,1,M,Grey,18.86,GF-R6-U4,3
3608419198966,2524591,fitness,Women's Leggings,900 여성용 카디오 피트니스 레깅스 - 블랙 블랙 W26 L28,1,OS,Black,26.39,GF-R6-U5,2
3583783966185,2919504,fitness,Women's Pants,여성용 젠틀 요가 바지 유기농 면소재 - 블랙/그레이 다크 그레이 L / W33 L29,1,L,Black,23.99,GF-R6-U6,2
3583783835245,2687079,fitness,Women's Leggings,100 여성용 카디오 피트니스 투인원 레깅스 블랙 XS / W26 L30,1,XS,Black,50.06,GF-R6-U7,3
3608419170467,2432394,fitness,Active Slim-Fit Cardio Fitness T-Shirt,Active 반팔 슬림 핏 피트니스 티셔츠 그레이 블루 3XL,1,3XL,Blue,17.69,GF-R6-U1,1
3608419155181,2424650,fitness,Cardio Fitness T-Shirt,500 카디오 피트니스 티셔츠 네이비 블루 S-M/84-87inch,1,S,Blue,34.23,GF-R6-U2,2
3583783811546,2478608,fitness,Women's Loose-Fit Cardio Fitness T-Shirt,120 여성용 루즈핏 카디오 피트니스 티셔츠 블랙 2XS,1,OS,Black,59.12,GF-R6-U3,2
3608419058789,2746281,fitness,Women's FTS500 T-Shirt,여성용 피트니스 카디오 트레이닝 티셔츠 FTS500 - 블랙 다크 페트롤 블루 L-XL,1,L,Black,20.73,GF-R6-U4,1
3608419368826,2087824,fitness,Shorts,오가닉 코튼 요가 반바지 블랙 S,1,S,Black,13.83,GF-R6-U5,3
3608419347012,2111072,fitness,Women's Pants,Yoga+ 여성용 크롭 바지 블랙 W28 L29,1,OS,Black,29.4,GF-R6-U6,1
3608419212938,2528608,fitness,Seamless Yoga Tank Top,여성 심리스 요가 탱크탑 블랙 XL,1,XL,Black,69.95,GF-R6-U7,3
3608419235746,2532275,fitness,FTS500 T-Shirt,FTS500 피트니스 카디오 티셔츠 - 네이비 네이비 블루 S,1,S,Blue,63.49,GF-R6-U1,2
3608419136395,2647047,fitness,Women's Fitness Equipment,900 여성용 집업 카디오 피트니스 스포츠 브라 - 모틀드 그레이 퍼플 XL,1,XL,Grey,30.54,GF-R6-U2,3
3583783966222,2919512,fitness,Women's Pants,여성용 젠틀 요가 바지 유기농 면소재 - 블랙/그레이 다크 그레이 XS / W26 L28,1,XS,Black,22.67,GF-R6-U3,2
3608419033298,2709403,fitness,Fitness Equipment,우븐 다이나믹 요가 쇼츠 - 블랙 다크 페트롤 블루 2XL,1,XXL,Black,19.02,GF-R6-U4,2
3608419347234,2111040,fitness,Women's Leggings,요가+ 여성용 레깅스 블랙 W30 L29,1,OS,Black,16.57,GF-R6-U5,3
3608419393170,2032084,fitness,Active Slim-Fit Cardio Fitness T-Shirt,Active 반팔 슬림 핏 피트니스 티셔츠 - 블랙,1,OS,Black,50.78,GF-R6-U6,2
3608418938204,4280783,fitness,Seamless Leggings 7/8,요가 레깅스 심리스 7/8부 - 그레이/다크 블루 네이비 블루 XL,1,XL,Blue,36.08,GF-R6-U7,3
3608418999939,4005450,fitness,Women's Fitness Equipment,여성용 피트니스 카디오 트레이닝 스포츠 브라FBRA 500 - 블랙 화이트 L,1,L,Black,63.12,GF-R6-U1,2
3608419086010,2770196,fitness,Active Cardio Fitness T-Shirt,Active 레귤러-핏 피트니스 티셔츠 마우스 그레이 4XL,1,OS,Grey,37.46,GF-R6-U2,3
3608419136074,2652650,fitness,Women's Fitness Equipment,520 여성용 카디오 피트니스 브라 - 블랙 네이비 블루 S,1,S,Black,86.11,GF-R6-U3,3
3608419107821,2435203,fitness,Seamless Yoga T-Shirt,심리스 요가 티셔츠 리넨 S,1,S,Green,17.58,GF-R6-U4,3
3608419155402,2385296,fitness,Women's Shorts,500 여성용 카디오 피트니스 반바지 블랙 L,1,L,Black,89.2,GF-R6-U5,3
3583783865600,2716651,fitness,Women's Leggings 7/8,120 여성용 피트니스 카디오 트레이닝 7/8 레깅스 - 블랙 다크 그레이 2XL / W38 L29,1,XXL,Black,21.49,GF-R6-U6,3
3608419293630,2191548,fitness,Women's Fitness Equipment,Yoga+ 여성용 Seamless 브라 - 그레이 Deep magenta,1,OS,Grey,76.71,GF-R6-U7,3
3608419108552,2731641,fitness,Women's Seamless Yoga T-Shirt,여성용 요가 티셔츠 다이나믹 테크 심리스 - 버건디/오픈워크 디자인 딥 초콜릿 트러플 S/M,1,S,Green,11.94,GF-R6-U1,2
3608419294217,2191031,fitness,Women's Cardio Fitness T-Shirt,에너지 여성용 유산소 피트니스 티셔츠 - 블랙 Fluo coral orange,1,OS,Black,29.32,GF-R6-U2,3
3608419088601,2695903,fitness,Jacket,피트니스 집업 후드 자켓  아스팔트 블루 L,1,L,Blue,68.68,GF-R6-U3,2
3608419305470,2182275,fitness,Energy Fitness Equipment,Energy 2-In-1 Cardio Fitness Shorts - Blue/Yellow Midnight blue S,1,S,Blue,49.68,GF-R6-U4,2
3608419110135,2734636,fitness,Women's Leggings,900 여성용 피트니스 카디오 트레이닝 레깅스 반바지 - 블랙 블랙 L / W33 L29,1,L,Black,16.61,GF-R6-U5,3
3608419091083,2719104,fitness,Women's Fitness Equipment,120 여성용 피트니스 카디오 트레이닝 - 화이트 블랙 M,1,M,Black,69.49,GF-R6-U6,3
3608418957830,4165034,fitness,Shorts,피트니스 트레이닝 반바지 블랙 XL,1,XL,Black,54.36,GF-R6-U7,2
3608419231663,2532069,fitness,Shorts,에너지 피트니스와 유산소 트레이닝 반바지 웨일 그레이 S,1,S,Grey,79.22,GF-R6-U1,2
3608419145229,2686645,fitness,Women's Leggings,FTI 120 여성용 카디오 트레이닝 피트니스 레깅스 - 블랙 블랙 XL / W35 L31,1,XL,Black,10.27,GF-R6-U2,2
3608419088304,2768672,fitness,FTS 500 Cardio Fitness T-Shirt,FTS 500 카디오 피트니스 티셔츠 - 블랙 AOP 카키 2XL,1,XXL,Black,33.78,GF-R6-U3,2
3608419336344,2170802,fitness,Energy Jacket,Energy Xtrem 카디오 피트니스 후드 자켓 - 블랙 & 그레이,1,OS,Black,77.07,GF-R6-U4,2
3608419293722,2191535,fitness,Yoga+ W30 L31,Yoga+ 다이나믹 요가 팬츠 다크 그레이 W30 L31,1,OS,Grey,55.73,GF-R6-U5,2
3583787853818,2919655,fitness,Leggings,여성 젠틀 요가 크롭 레깅스 유기농 면소재 - 블랙/그레이 다크 그레이 2XL / W38 L31,1,XXL,Black,32.49,GF-R6-U6,3
3608419336665,2170727,fitness,Energy Fitness Equipment,Energy Xtrem Cardio Fitness Shorts - Navy Midnight blue M,1,M,Blue,17.78,GF-R6-U7,2
3608419198119,2528726,fitness,Shorts,FST520 피트니스 카디오 반바지 글래시어 블루 XL,1,XL,Blue,15.45,GF-R6-U1,2
3608419064414,2944550,fitness,Womens in-1 Cardio Fitness Tank Top Coral Print,520 Womens 3-in-1 Cardio Fitness Tank Top - Coral Print 데저트 로즈 M,1,M,Navy,11.63,GF-R6-U2,2
3608418934206,4244656,fitness,Women's Fitness Equipment,여성용 카디오 피트니스 트레이닝 스포츠 브라 900 - 블랙 베고니아 핑크 XS,1,XS,Black,81.84,GF-R6-U3,1
3583783971707,2890848,fitness,Women's Leggings,여성용 젠틀 요가 레깅스 유기농 면소재 - 블랙/그레이 다크 그레이 2XL / W38 L29,1,XXL,Black,37.21,GF-R6-U4,2
3608419104592,2642312,fitness,Women's Shirt,여성용 릴렉션 요가 마이크로플리스 스웨트 셔츠 데저트 로즈 L,1,L,Teal,34.69,GF-R6-U5,2
3608419306040,2181741,fitness,Women's Jacket,여성용 경량 후드 집업 피트니스 자켓 - 블랙,1,OS,Black,18.24,GF-R6-U6,3
3608419118629,2465668,fitness,Women's Fitness Equipment,520 여성용 카디오 피트니스 브라 - 블랙  L,1,L,Black,13.32,GF-R6-U7,3
3608419318753,2175716,fitness,Women's Fitness Equipment,Yoga+ 여성용 Seamless 브라 - 그레이 Aqua,1,OS,Grey,56.8,GF-R6-U1,2
3608419077902,2390451,fitness,Pants,FPA 120 피트니스 카디오 트레이닝용 바지 - 블랙 다크 그레이 S / W30 L31,1,S,Black,18.99,GF-R6-U2,2
3608419143843,2384485,fitness,Womens in-1 Cardio Fitness Tank Top Coral Print,520 Womens 3-in-1 Cardio Fitness Tank Top - Coral Print 플루오 코랄 핑크 M_L,1,OS,Pink,42.17,GF-R6-U3,2
3583782608383,1154350,fitness,Kids Fitness Inline Skate A Wheels Pack WHITE,Kids Fitness Inline Skate 70 mm 80A Wheels 4-Pack 블랙 WHITE,1,OS,Black,41.66,GF-R6-U4,2
3608418968072,4024918,fitness,FTS 120 Cardio Fitness T-Shirt,FTS 120 카디오 피트니스 티셔츠 - 카키 그레이 XL,1,XL,Grey,89.86,GF-R6-U5,2
3608419171365,2422221,fitness,Active Cardio Fitness T-Shirt,Active 레귤러-핏 피트니스 티셔츠 버디그리 L,1,L,Black,21.14,GF-R6-U6,3
3608419229851,2529900,fitness,Women's Fitness Equipment,120 여성용 카디오 피트니스 탱크톱 블랙 XS,1,XS,Black,15.86,GF-R6-U7,2
3583783805729,2531379,fitness,Women's Pants,여성용 오가닉 코튼 요가 바지 네이비 블루 W26 L28,1,OS,Blue,89.3,GF-R6-U1,2
3608419065831,2943874,fitness,FST,FST 900 카디오 피트니스 쇼츠 - 블랙 차콜 그레이 XL,1,XL,Black,50.17,GF-R6-U2,3
3608419012552,2716674,fitness,Women's Leggings,500 여성용 카디오 피트니스 트레이닝 레깅스 아스팔트 블루 L / W33 L29,1,L,Blue,13.02,GF-R6-U3,2
3608419143522,2650611,fitness,Cardio Fitness T-Shirt,500 카디오 피트니스 티셔츠 핑크 L,1,L,Pink,50.78,GF-R6-U4,2
3608419302677,2184176,fitness,Women's Fitness Equipment,Breathe 여성용 피트니스 스포츠 브라 - 핑크,1,OS,Pink,12.43,GF-R6-U5,3
3608418928397,4297852,fitness,Women's Fitness Equipment,900 여성용 피트니스 카디오 훈련 집업 스포츠 브라 - 블랙 화이트 L,1,L,Black,15.27,GF-R6-U6,2
3583783993358,2944512,fitness,Women's T-Shirt,120 여성용 카디오 피트니스 트레이닝 긴소매 티셔츠 - 모틀드 블랙 루나 그레이 L-XL,1,L,Black,27.27,GF-R6-U7,3
3608418903387,4278671,fitness,Fitness Equipment,미디엄 서포트 크롭 피트니스 스포츠 브라 그레이 핑크 L,1,L,Grey,72.75,GF-R6-U1,3
3608419152272,2391365,fitness,Organic Cotton Gentle Yoga Shorts W32 L33,Organic Cotton Gentle Yoga Shorts 블랙 M / W32 L33,1,M,Black,12.43,GF-R6-U2,3
3608418933179,4170382,fitness,Fitness Equipment,다이나믹 요가 스포츠 브라 블랙 XS,1,XS,Black,62.61,GF-R6-U3,3
3608419011753,2878023,fitness,Women's Fitness Equipment,여성용 카디오 피트니스 스포츠 브라 FBRA 520 - 네이비 블루 블랙 L,1,L,Black,50.32,GF-R6-U4,2
3608419199994,2529399,fitness,Women's Loose-Fit Cardio Fitness T-Shirt,120 여성용 루즈핏 카디오 피트니스 티셔츠 블랙 2XS,1,OS,Black,65.63,GF-R6-U5,2
3608419107913,2643400,fitness,Seamless Yoga T-Shirt,심리스 요가 티셔츠 라이트 그레이 S,1,S,Grey,52.71,GF-R6-U6,2
3608419155426,2471021,fitness,FTS120 T-Shirt,FTS120 피트니스 카디오 티셔츠 - 버건디 Foggy blue 2XL,1,XXL,Blue,35.96,GF-R6-U7,3
3608419118605,2463651,fitness,Women's Fitness Equipment,520 여성용 카디오 피트니스 브라 - 블랙  S,1,S,Black,28.05,GF-R6-U1,1
3608419481747,712813,fitness,PVC DUMBBELLS Kgs,"PVC DUMBBELLS 2*5 Kgs, 2*5 KG",1,OS,Red,45.97,GF-R6-U2,2
3583784015301,2968889,fitness,Women's FTS 520 T-Shirt,여성용 카디오 피트니스 트레이닝 티셔츠 FTS 520 - 핑크 블랙 XL,1,XL,Black,36.95,GF-R6-U3,2
3583783994324,2969164,fitness,Women's Leggings 7/8,여성용 카디오 피트니스 7/8 레깅스 FLE 500A - 프린트 블랙 블랙 S / W28 L29,1,S,Black,47.34,GF-R6-U4,3
3608419436884,1864701,fitness,Active Slim-Fit Cardio Fitness T-Shirt,Active 반팔 슬림 핏 피트니스 티셔츠 - 블랙 Midnight indigo,1,OS,Black,51.6,GF-R6-U5,1
3608419109016,2756961,fitness,Yoga T-Shirt,여성 젠틀 요가 유기농면 티셔츠 - 블랙 더스티 그린 M,1,M,Black,31.63,GF-R6-U6,3
3608419342949,2115706,fitness,Energy Leggings 7/8,Energy 여성 유산소 피트니스 7/8 레깅스 - 검정,1,OS,Teal,31.67,GF-R6-U7,3
3608419010367,2878254,fitness,Women's Fitness Equipment,여성용 카디오 피트니스 트레이닝 탱크탑 900 - 핑크 플루오 페일 피치 L,1,L,Pink,76.03,GF-R6-U1,2
3608419235463,2532907,fitness,FTS920 T-Shirt,FTS920 피트니스 카디오 티셔츠 그레이 XL,1,XL,Grey,74.47,GF-R6-U2,2
3608419177800,2399213,fitness,Women's Fitness Equipment,120 여성용 카디오 피트니스 스포츠 브라 - 블랙 블랙 XL,1,XL,Black,41.73,GF-R6-U3,3
3608418934725,4175433,fitness,The sport tote a must-have for your fitness kit For the gym or anywhere,The sport tote: a must-have for your fitness kit. For the gym... or anywhere! 블랙 M,1,M,Black,50.25,GF-R6-U4,3
3608419111774,2387943,fitness,FTS 100 Cardio Fitness T-Shirt,FTS 100 카디오 피트니스 티셔츠 - 화이트 스톰 그레이 M,1,M,Grey,86.3,GF-R6-U5,3
3608419025828,2919499,fitness,Women's Pants,여성용 젠틀 요가 바지 유기농 면소재 - 블랙/그레이 다크 그레이 3XL / W41 L31,1,3XL,Black,18.09,GF-R6-U6,2
3608419026061,2767131,fitness,Women's Shorts,여성용 젠틀 요가 반바지 유기농 면 - 블랙/모틀드 그레이 블랙 L,1,L,Black,58.24,GF-R6-U7,2
3608419183580,2479901,fitness,Women's Shorts,520 여성용 카디오 피트니스 투인원 반바지 블랙 2XS,1,OS,Black,24.41,GF-R6-U1,2
3608419147261,2655244,fitness,Fitness Equipment,20L 피트니스 백 카키 S,1,S,Green,25.1,GF-R6-U2,3
3583784029919,2909650,fitness,Leggings,다이나믹 요가 레깅스 양면 리버서블 -틸 다크 페트롤 블루 XS / W26 L30,1,XS,Blue,59.4,GF-R6-U3,2
3583788060550,2548579,fitness,Thermal Socks,WS 580 피트니스/노르딕 워킹 보온 양말 블랙 275-295mm M_EU 43-46 M,1,M,Black,51.58,GF-R6-U4,3
3608419020144,4043309,fitness,Yoga T-Shirt,여성 젠틀 요가 유기농면 티셔츠 - 블랙 코랄 핑크 L,1,L,Black,12.76,GF-R6-U5,3
3608419015102,2890858,fitness,Women's Leggings,여성용 젠틀 요가 레깅스 유기농 면소재 - 블랙/그레이 다크 그레이 L / W33 L31,1,L,Black,25.6,GF-R6-U6,2
3608418965248,4123306,fitness,Women's Fitness Equipment,900 여성용 집업 카디오 피트니스 스포츠 브라 - 모틀드 그레이 터쿼이즈 XL,1,XL,Grey,16.19,GF-R6-U7,2
3608419191295,2379848,fitness,Seamless Leggings,여성 심리스 젠틀 요가 레깅스 딥 초콜릿 트러플 S,1,S,Orange,10.22,GF-R6-U1,2
3608418932875,4273342,fitness,Yoga T-Shirt,여성 젠틀 요가 유기농면 티셔츠 - 블랙 블랙 XS,1,XS,Black,69.32,GF-R6-U2,3
3608419234800,2531130,fitness,Women's Fitness Equipment,500 여성용 카디오 피트니스 브라 블루 L,1,L,Blue,55.91,GF-R6-U3,3
3583783804937,2531395,fitness,Pants,여성 젠틀 요가 유기농면 크롭 바지 네이비 블루 W26 L28,1,OS,Blue,76.64,GF-R6-U4,2
3583783900301,2754841,fitness,Women's Pants,100 여성용 피트니스 카디오 트레이닝 바지 - 블랙 블랙 S / W28 L29,1,S,Black,21.96,GF-R6-U5,2
3608419153651,2475893,fitness,FTS500 T-Shirt,FTS500 피트니스 카디오 티셔츠 - 네이비 웨일 그레이 L,1,L,Grey,44.53,GF-R6-U6,2
3608419276688,2313011,fitness,Women's Fitness Equipment,900 여성용 집업 카디오 피트니스 스포츠 브라 - 모틀드 그레이 블랙 XL,1,XL,Black,13.52,GF-R6-U7,3
3583788218968,2352869,fitness,Inline Fitness Skate,피트 500 여성 인라인 피트니스 스케이트 - 어반 프룬 민트 그린 260mm_EU 41,1,OS,Green,70.82,GF-R6-U1,3
3608418975711,4037207,fitness,Women's Fitness Equipment,여성용 카디오 피트니스 탱크탑 FTA 500 - 마우브 페일 인디고 L-XL,1,L,Pink,69.65,GF-R6-U2,3
3608419094978,2904277,fitness,Women's Fitness Equipment,여성용 카디오 피트니스 트레이닝 헤드밴드 FHA - 그래픽 프린트 핑크 UNIQUE,1,OS,Pink,17.47,GF-R6-U3,3
3608419205534,2522048,fitness,Yoga+ W37 L34,Yoga+ 다이나믹 요가 팬츠 다크 블루 W37 L34,1,OS,Blue,20.21,GF-R6-U4,2
3583788433804,1853699,fitness,FIT 5 Inline Fitness Skate,FIT 5 인라인 피트니스 스케이트 - 블랙/블루 Electric blue 180-205mm,1,OS,Black,70.57,GF-R6-U5,2
3608419229738,2529904,fitness,Women's Fitness Equipment,120 여성용 카디오 피트니스 탱크톱 - 블랙 프린트 블랙 L-XL/100-103inch,1,L,Black,34.06,GF-R6-U6,3
3608419318715,2175712,fitness,Women's Fitness Equipment,Yoga+ 여성용 Seamless 브라 - 그레이,1,OS,Grey,52.82,GF-R6-U7,2
3608418934022,4149783,fitness,Women's Fitness Equipment,여성용 카디오 피트니스 트레이닝 스포츠 브라 900 - 블랙 터쿼이즈 XS,1,XS,Black,11.12,GF-R6-U1,3
3608419012309,2988007,fitness,Women's Shorts,여성용 피트니스 카디오 트레이닝 투인원 반바지 - 블랙 프린트 터쿼이즈 그린 XS,1,XS,Black,20.81,GF-R6-U2,3
3608419256611,2346013,fitness,Yoga+ Womens Long-Sleeved Seamless T-Shirt,Yoga+ 500 Womens Long-Sleeved Seamless T-Shirt 다크 페트롤 블루 2XS,1,OS,Blue,65.67,GF-R6-U3,2
3608419013450,2954893,fitness,Pants,카디오 피트니스 바지 FPA 500 - 블랙 블랙 2XL / W41 L34,1,XXL,Black,29.07,GF-R6-U4,3
3608419273168,2313840,fitness,Seamless Yoga T-Shirt,심리스 요가 티셔츠 블랙 S,1,S,Black,19.03,GF-R6-U5,3
3608419231823,2531204,fitness,Fitness Equipment,20L 피트니스 백 다크 블루 S,1,S,Blue,88.26,GF-R6-U6,2
3608419337242,2170446,fitness,Shorts,에너지 피트니스 & 카디오 반바지 블랙 2XL,1,XXL,Black,10.05,GF-R6-U7,2
3608419291322,2219337,fitness,Pants,Yoga+ Qi 바지 그레이 블루 W37 L34,1,OS,Blue,39.3,GF-R6-U1,2
3608419367850,2087999,fitness,Womens Yoga Organic Cotton Shorts Grey/Coral DARK GREY L,Womens Yoga Organic Cotton Shorts - Grey/Coral DARK GREY L,1,L,Grey,66.0,GF-R6-U2,3
3608419108873,2756952,fitness,Yoga T-Shirt,여성 젠틀 요가 유기농면 티셔츠 - 블랙 블랙 L,1,L,Black,46.92,GF-R6-U3,2
3583788218920,2352865,fitness,Inline Fitness Skate,피트 500 여성 인라인 피트니스 스케이트 - 어반 프룬 민트 그린 235mm_EU 37,1,OS,Green,10.09,GF-R6-U4,3
3608419119367,2381273,fitness,Active Cardio Fitness T-Shirt,Active 레귤러-핏 피트니스 티셔츠 라이트 블루 XL,1,XL,Blue,30.18,GF-R6-U5,3
3608419018356,2960278,fitness,Women's Pants,여성용 임산부 젠틀 요가 바지 - 그레이 다크 그레이 L / W33 L29,1,L,Grey,67.08,GF-R6-U6,3
3608419091090,2719107,fitness,Women's Fitness Equipment,120 여성용 피트니스 카디오 트레이닝 - 화이트 블랙 L-XL,1,L,Black,10.42,GF-R6-U7,2
3608419313215,2178206,fitness,Fitness Hooded Zip-up Jacket LIGHT PINK,Fitness Hooded Zip-up Jacket LIGHT PINK 40,1,OS,Pink,37.64,GF-R6-U1,1
3608419009071,4100763,fitness,FTS 500 Cardio Fitness T-Shirt,FTS 500 카디오 피트니스 티셔츠 - 블루/옐로우 애시드 옐로우 S,1,S,Blue,49.23,GF-R6-U2,2
3608419305524,2182269,fitness,Energy Jacket,Energy Xtrem 카디오 피트니스 후드 자켓 - 블랙 & 그레이,1,OS,Black,10.97,GF-R6-U3,3
3608419010817,2971024,fitness,Women's Fitness Equipment,500 여성용 카디오 피트니스 브라 화이트 XS,1,XS,White,44.54,GF-R6-U4,3
3608419621181,1788355,fitness,Boys' Pants,남아용 피트니스 바지 라이트 그레이 12세,1,OS,Grey,33.64,GF-R6-U5,2
3608419201994,2524217,fitness,Women's Leggings,요가+ 여성용 레깅스 네이비 블루 W35 L29,1,OS,Blue,57.09,GF-R6-U6,2
3608419231847,2531211,fitness,Fitness Equipment,20L 피트니스 백 블랙 S,1,S,Black,10.16,GF-R6-U7,2
3583787947265,2464638,fitness,Socks,WS 100 미드 피트니스/노르딕 워킹 양말 3족 세트 - 블랙 블랙 220-240mm_EU35/38,1,OS,Black,15.32,GF-R6-U1,2
3583783966147,2960243,fitness,Women's Leggings,여성용 젠틀 요가 레깅스 유기농 면소재 - 블랙/그레이 블랙 S / W28 L29,1,S,Black,17.72,GF-R6-U2,2
3608419131321,2734566,fitness,Women's Loose-Fit Cardio Fitness T-Shirt,120 여성용 루즈핏 카디오 피트니스 티셔츠 블랙 2XS,1,OS,Black,36.13,GF-R6-U3,2
3608419198713,2526797,fitness,Women's Shorts,100 여성용 카디오 피트니스 반바지 블랙 2XS,1,OS,Black,26.1,GF-R6-U4,2
3608419415629,2008556,fitness,Active Cardio Fitness T-Shirt,Active 레귤러-핏 피트니스 티셔츠 다크 그레이 L,1,L,Grey,79.21,GF-R6-U5,2
3583783971219,2890865,fitness,Women's Leggings,여성용 젠틀 요가 레깅스 유기농 면소재 - 블랙/그레이 다크 그레이 XS / W26 L28,1,XS,Black,46.65,GF-R6-U6,3
3608419086164,2766470,fitness,FTS 120 Cardio Fitness T-Shirt,FTS 120 카디오 피트니스 티셔츠 - 카키 다크 그레이 XL,1,XL,Grey,83.48,GF-R6-U7,2
3608419092271,2768856,fitness,Women's Fitness Equipment,900 파워 여성용 카디오 피트니스 스포츠 브라 블랙 XL EF,1,XL,Black,18.77,GF-R6-U1,2
3608419490541,593417,fitness,Women's Fitness Equipment,My Top 여성용 피트니스 브라탑 - 블랙 Fluo crimson,1,OS,Black,23.51,GF-R6-U2,2
3608419195378,2528670,fitness,Seamless T-Shirt,여성 요가 심리스 티셔츠 그레이 블루 XS,1,XS,Blue,53.4,GF-R6-U3,1
3608419245929,2362329,fitness,Women's Leggings,100 여성용 카디오 피트니스 레깅스 블랙 W26 L28,1,OS,Black,42.91,GF-R6-U4,3
3608418999878,2878164,fitness,Women's Fitness Equipment,500 여성용 카디오 피트니스 트레이닝 스포츠 브라 다크 페트롤 블루 XS,1,XS,Blue,89.25,GF-R6-U5,3
3608419056099,2945111,fitness,Active Cardio Fitness T-Shirt,Active 레귤러-핏 피트니스 티셔츠 버건디 M,1,M,Black,48.99,GF-R6-U6,2
3608419318593,2175755,fitness,Yoga T-Shirt,여성 유기농면 젠틀 요가 티셔츠 - 그레이 Bubblegum,1,OS,Grey,56.34,GF-R6-U7,3
3608419024951,2890350,fitness,Seamless Fitness Equipment,요가 플러스 여성 심리스 탱크탑 그린 S,1,S,Green,43.21,GF-R6-U1,3
3608418931656,4315929,fitness,in-1 Anti-Chafing Fitness Shorts Print,2-in-1 Anti-Chafing Fitness Shorts - Print 베고니아 핑크 XS,1,XS,Pink,33.94,GF-R6-U2,3
3608419293692,2191542,fitness,Pants,Yoga+ Qi 바지 블랙 W44 L34,1,OS,Black,11.24,GF-R6-U3,2
3608419309041,2180030,fitness,Energy Fitness Equipment,Energy+ Cardio Fitness Shorts - Black BLACK XL,1,XL,Black,39.53,GF-R6-U4,2
3608419021394,2763975,fitness,Yoga T-Shirt,여성 젠틀 요가 유기농면 티셔츠 - 블랙 그린 S,1,S,Black,16.84,GF-R6-U5,2
3608419304756,2182714,fitness,Leggings,Muscle+ 피트니스 레깅스 - 블랙,1,OS,Black,73.09,GF-R6-U6,2
3608419201765,2533030,fitness,Pants,여성 유기농면 요가 크롭 바지 다크 그레이 W30 L29,1,OS,Grey,16.89,GF-R6-U7,3
3583783849556,2696668,fitness,Women's Leggings 7/8,520 여성용 카디오 피트니스 7/8 레깅스 - 패턴 프린트 블랙  핑크 L / W33 L29,1,L,Black,59.11,GF-R6-U1,3
3608419119398,2381271,fitness,Active Cardio Fitness T-Shirt,Active 레귤러-핏 피트니스 티셔츠 라이트 블루 S,1,S,Blue,52.01,GF-R6-U2,2
3583783855113,2391364,fitness,Men's Shorts,남성용 젠틀 요가 유기농 면 반바지 블랙 M / W32 L31,1,M,Black,88.95,GF-R6-U3,2
3608419276763,2313008,fitness,Women's Fitness Equipment,900 여성용 집업 카디오 피트니스 스포츠 브라 - 모틀드 그레이 블랙 S,1,S,Black,87.89,GF-R6-U4,2
3583788433798,1853696,fitness,Kids' Fit 5 Inline Fitness Skate,Fit 5 아동용 피트니스 인라인 스케이트 - 핑크/화이트,1,OS,White,76.89,GF-R6-U5,3
3608419058697,2746276,fitness,Women's FTS500 T-Shirt,여성용 피트니스 카디오 트레이닝 티셔츠 FTS500 - 블랙 다크 페트롤 블루 XS,1,XS,Black,10.78,GF-R6-U6,3
3608419025293,2877008,fitness,Seamless Leggings 7/8,요가 레깅스 심리스 7/8부 - 블랙/안트라사이트 브라운 2XL,1,XXL,Black,10.0,GF-R6-U7,2
3608419436532,1864740,fitness,Active Cardio Fitness T-Shirt,Active 레귤러-핏 피트니스 티셔츠 라이트 그레이 2XL,1,XXL,Grey,66.55,GF-R6-U1,2
3608419024272,2386982,fitness,Seamless Long-Sleeve T-Shirt,젠틀 요가 심리스 긴팔 티셔츠 블랙 XL,1,XL,Black,19.56,GF-R6-U2,3
3608418967693,2459012,fitness,Men's Shorts,500 남성용 피트니스 카디오 트레이닝 반바지  블랙 2XL,1,XXL,Black,23.45,GF-R6-U3,2
3608418965163,2953181,fitness,Women's Fitness Equipment,여성용 카디오 피트니스 트레이닝 스포츠 브라 920 - 블랙 그레이 핑크 M EF,1,M,Black,60.25,GF-R6-U4,1
3608419092288,2768855,fitness,Women's Fitness Equipment,900 파워 여성용 카디오 피트니스 스포츠 브라 블랙 XL CD,1,XL,Black,52.21,GF-R6-U5,2
3608419235340,2529481,fitness,Women's Fitness Equipment,900 여성용 카디오 피트니스 브라 블랙 S,1,S,Black,65.54,GF-R6-U6,3
3608419297478,2188125,fitness,Women's Active Cardio Fitness T-Shirt,Active 여성용 레귤러-핏 반팔 피트니스 티셔츠 - 미드 패턴 그레이 Royal blue,1,OS,Blue,30.71,GF-R6-U7,2
3608419120363,2476140,fitness,Seamless Fitness Equipment,젠틀 요가 스포츠 브라 심리스 - 블랙 데저트 로즈 M,1,M,Black,78.62,GF-R6-U1,3
3608419182750,2478664,fitness,Women's Jacket,520 여성용 카디오 피트니스 후드 자켓 블랙 L,1,L,Black,46.73,GF-R6-U2,3
3608419100181,2761819,fitness,Active Cardio Fitness T-Shirt,Active 레귤러-핏 피트니스 티셔츠 라이트 그레이 2XL,1,XXL,Grey,35.66,GF-R6-U3,3
3608419294071,2191039,fitness,Women's Cardio Fitness T-Shirt,에너지 여성용 유산소 피트니스 티셔츠 - 블랙 Dark peacock blue,1,OS,Black,33.83,GF-R6-U4,2
3608419213065,2528600,fitness,Yoga T-Shirt,여성 유기농면 젠틀 요가 티셔츠 아비스 그레이 XL,1,XL,Grey,14.82,GF-R6-U5,2
3608419346718,2111058,fitness,Leggings,오가닉 면 요가 레깅스 - 블랙/그레이,1,OS,Black,37.57,GF-R6-U6,2
3608419294330,2191058,fitness,Women's Cardio Fitness T-Shirt,에너지 여성용 유산소 피트니스 티셔츠 - 블랙 Deep magenta,1,OS,Black,54.2,GF-R6-U7,2
3608419019667,2762841,fitness,Seamless Fitness Equipment,젠틀 요가 스포츠 브라 심리스 - 블랙 그린 M,1,M,Black,56.74,GF-R6-U1,3
3608419183313,2424603,fitness,Women's Fitness Equipment,500 여성용 카디오 피트니스 탱크톱 플루오 코랄 핑크 L,1,L,Pink,31.17,GF-R6-U2,2
3608419200935,2524576,fitness,Women's Leggings 7/8,900 여성용 카디오 피트니스 7/8 레깅스 블랙 W28 L31,1,OS,Black,39.13,GF-R6-U3,3
3608419010688,2878040,fitness,Women's Fitness Equipment,여성용 카디오 피트니스 스포츠 브라 FBRA 520 - 네이비 블루 아스팔트 블루 XS,1,XS,Blue,10.41,GF-R6-U4,1
3608419338225,2169785,fitness,Fitness T-Shirt Black And Grey Muscle Cherry red M,"Fitness T-Shirt - Black And Grey ""Muscle"" Cherry red M",1,M,Black,49.39,GF-R6-U5,2
3608419109061,2756980,fitness,Yoga T-Shirt,여성 젠틀 요가 유기농면 티셔츠 - 블랙 데저트 로즈 XL,1,XL,Black,56.57,GF-R6-U6,1
3583788104711,2476734,fitness,PW 160 Fitness Equipment,PW 160 Breasy 여성 피트니스 워킹 펌프스 - 터쿼이즈 갤럭시 블루 260mm_EU 41,1,OS,Blue,31.49,GF-R6-U7,3
3608419095364,2771501,fitness,Pants,FPA 120 피트니스 카디오 트레이닝용 바지 - 블랙 아스팔트 블루 2XL / W41 L34,1,XXL,Black,11.16,GF-R6-U1,1
3608419024326,2762135,fitness,Seamless Short-Sleeve T-Shirt,요가 반팔 티셔츠 다이나믹 심리스 - 블랙/그레이 다크 페트롤 블루 XL,1,XL,Black,11.81,GF-R6-U2,2
3608419088571,2695906,fitness,Jacket,피트니스 집업 후드 자켓  아스팔트 블루 XL,1,XL,Blue,10.05,GF-R6-U3,2
3608419018325,2990432,fitness,Shorts,FST120 카디오 피트니스 반바지 블루 XL,1,XL,Blue,10.43,GF-R6-U4,3
3583783900271,2747733,fitness,Women's Leggings,500 여성용 카디오 피트니스 트레이닝 레깅스 블랙 XL / W35 L29,1,XL,Black,45.47,GF-R6-U5,3
3608419017731,2938389,fitness,Women's Leggings,여성용 카디오 피트니스 크롭 레깅스 120 - 네이비 블루  아스팔트 블루 S / W28 L31,1,S,Blue,14.84,GF-R6-U6,3
3583783852952,2525172,fitness,Shorts,오가닉 코튼 요가 반바지 다크 그레이 XL,1,XL,Grey,81.02,GF-R6-U7,2
3608419162011,2531303,fitness,T-Shirt,여성 젠틀 요가 긴소매 티셔츠 다크 그레이 S,1,S,Grey,19.76,GF-R6-U1,2
3608419033441,2709390,fitness,Men's Shorts,남성용 다이나믹 요가 우븐 반바지 블랙 2XL,1,XXL,Black,79.71,GF-R6-U2,2
3608419212808,2524121,fitness,Seamless Fitness Equipment,여성 요가 심리스 리버서벌 크롭탑 네이비 블루 XS,1,XS,Blue,28.6,GF-R6-U3,2
3608419086065,2770245,fitness,Active Cardio Fitness T-Shirt,Active 레귤러-핏 피트니스 티셔츠 그레이 블루 XL,1,XL,Blue,50.27,GF-R6-U4,3
3608419018318,2990431,fitness,Shorts,FST120 카디오 피트니스 반바지 블루 S,1,S,Blue,42.72,GF-R6-U5,3
3608419190670,2471298,fitness,FTS920 T-Shirt,FTS920 피트니스 카디오 티셔츠 플루오 레드 2XL,1,XXL,Red,24.27,GF-R6-U6,2
3608419295665,2190793,fitness,Women's T-Shirt,Actizen Yoga 여성용 이음새가 없는 티셔츠 - 그레이 Deep magenta,1,OS,Grey,14.52,GF-R6-U7,3
3608419201185,2525888,fitness,Leggings,요가 플러스 920 여성 리버서블 레깅스 블랙 W28 L29,1,OS,Black,13.13,GF-R6-U1,3
3608419190199,2458817,fitness,Shorts,FST120 카디오 피트니스 반바지 웨일 그레이 2XL,1,XXL,Grey,21.48,GF-R6-U2,2
3608419427509,2005963,fitness,My Top Fluo crimson,My Top 피트니스 탱크 탑 - 블랙 Fluo crimson,1,OS,Black,43.61,GF-R6-U3,2
3608419107906,2643399,fitness,Seamless Yoga T-Shirt,심리스 요가 티셔츠 라이트 그레이 M,1,M,Grey,53.81,GF-R6-U4,3
3608419235098,2531107,fitness,Women's Fitness Equipment,500 여성용 카디오 피트니스 브라 플루오 딥 마젠타 S,1,S,Black,11.51,GF-R6-U5,2
3608419076646,2904241,fitness,Women's Cardio Fitness T-Shirt,에너지 여성용 유산소 피트니스 티셔츠 페일 민드 M,1,M,Grey,67.41,GF-R6-U6,3
3608419347388,2111031,fitness,Leggings,오가닉 면 요가 레깅스 블랙 W26 L28,1,OS,Black,29.42,GF-R6-U7,2
3608418993876,2969163,fitness,Women's Leggings 7/8,여성용 카디오 피트니스 7/8 레깅스 FLE 500A - 프린트 블랙 블랙 M / W30 L31,1,M,Black,22.06,GF-R6-U1,3
3608419108934,2756964,fitness,Yoga T-Shirt,여성 젠틀 요가 유기농면 티셔츠 - 블랙 더스티 그린 XS,1,XS,Black,17.33,GF-R6-U2,3
3608419260960,2342785,fitness,Pants,에너지 Xtrem 유산소 피트니스 바지 - 블랙,1,OS,Black,29.16,GF-R6-U3,2
3608419145526,2647058,fitness,Women's Fitness Equipment,여성용 피트니스 카디오 트레이닝 스포츠 브라 FBRA 520 - 블랙/라이트 핑크 퍼플 그레이 S,1,S,Black,11.64,GF-R6-U4,3
3583783966536,2960164,fitness,Women's Leggings,여성용 젠틀 요가 레깅스 기능성 - 틸 다크 페트롤 블루 S / W28 L29,1,S,Blue,84.43,GF-R6-U5,2
3608419085969,2770203,fitness,Active Cardio Fitness T-Shirt,Active 레귤러-핏 피트니스 티셔츠 마우스 그레이 XL,1,XL,Grey,22.66,GF-R6-U6,3
3608419110104,2734646,fitness,Women's Leggings,900 여성용 피트니스 카디오 트레이닝 레깅스 반바지 - 블랙 블랙 XS / W26 L28,1,XS,Black,36.01,GF-R6-U7,3
3608418931687,4303139,fitness,Women's FTS500 T-Shirt,여성용 피트니스 카디오 트레이닝 티셔츠 FTS500 - 블랙 베고니아 핑크 XS,1,XS,Black,86.27,GF-R6-U1,3
3608419201581,2528654,fitness,Seamless Yoga T-Shirt,여성 심리스 요가 티셔츠 페일 민드 M,1,M,Red,32.75,GF-R6-U2,3
3608418968140,4030127,fitness,Fitness Equipment,카디오 피트니스 트레이닝 탱크탑 100 - 그레이 아비스 그레이 S,1,S,Grey,13.14,GF-R6-U3,2
3608419304732,2182693,fitness,Muscle Xtrem Weight Training Fitness T-Shirt Navy Blue Navy blue XL,Muscle Xtrem Weight Training Fitness T-Shirt - Navy Blue Navy blue XL,1,XL,Blue,76.53,GF-R6-U4,3
3608419199925,2532416,fitness,Women's Fitness Equipment,120 여성용 카디오 피트니스 탱크톱 - 블랙 프린트 Snow white L-XL/100-103inch,1,L,Black,81.45,GF-R6-U5,2
3608419092608,2898012,fitness,Women's Fitness Equipment,500 여성용 카디오 피트니스 브라 블랙 XS,1,XS,Black,16.41,GF-R6-U6,3
3608419415643,2008558,fitness,Active Cardio Fitness T-Shirt,Active 레귤러-핏 피트니스 티셔츠 다크 그레이 2XL,1,XXL,Grey,22.34,GF-R6-U7,2
3608419226485,2532384,fitness,Women's Loose-Fit Cardio Fitness T-Shirt,120 여성용 루즈핏 카디오 피트니스 티셔츠 네이비 블루 M-L/92-95inch,1,M,Blue,42.5,GF-R6-U1,3
3608418958929,4154298,fitness,Seamless Short-Sleeve T-Shirt,요가 반팔 티셔츠 다이나믹 심리스 - 블랙/그레이 포기 블루 M,1,M,Black,64.85,GF-R6-U2,2
3608419413663,2008766,fitness,Cardio Fitness T-Shirt,에너지 피트니스 티셔츠 - 블랙 Vermilion,1,OS,Black,27.53,GF-R6-U3,3
3608419066234,2944540,fitness,Women's FTS500 T-Shirt,여성용 피트니스 카디오 트레이닝 티셔츠 FTS500 - 블랙 데저트 로즈 2XS,1,OS,Black,79.36,GF-R6-U4,2
3608419201550,2524225,fitness,Women's Leggings,요가+ 여성용 레깅스 플루오 페일 피치 W28 L29,1,OS,Blue,29.76,GF-R6-U5,2
3583787132081,5008067,team_sport,"Power ball black, No Size","Power ball black, No Size",0,OS,Black,10.48,GB-R6-U1,3
3608419104134,2720535,team_sport,"MASSAGE BALL CROSSTRAINING, No Size","MASSAGE BALL CROSSTRAINING, No Size",0,OS,Navy,9.46,GB-R6-U2,2
3583788273479,2235828,team_sport,"Recovery Ball 300, UNIQUE","Recovery Ball 300, UNIQUE",0,OS,Black,59.9,GB-R6-U3,2
3583788207887,2540887,team_sport,Billiard Pool Table Set,BT  포켓볼 당구대 세트   Unique size,1,OS,Red,21.31,GB-R6-U4,2
3608419115994,2657295,team_sport,"PILATES WEIGHTED BALL 900G, No Size","PILATES WEIGHTED BALL 900G, No Size",0,OS,Green,9.37,GB-R6-U5,3
3583787111451,4966823,team_sport,"PRO BALL SIZE 5, 5","PRO BALL SIZE 5, 5",0,OS,Teal,17.31,GB-R6-U6,2
3583787086506,4883154,team_sport,"Foam Ball Red, No Size","Foam Ball Red, No Size",0,OS,Red,47.04,GB-R6-U7,2
3583788227427,2343061,team_sport,"SHORT B300 AD TARMAK Black, L","SHORT B300 AD TARMAK Black, L",0,L,Black,15.62,GB-R6-U1,2
3583787491881,4466775,team_sport,"FUNNY BALL PINK YELLOW, No Size","FUNNY BALL PINK YELLOW, No Size",0,OS,Pink,12.57,GB-R6-U2,3
3583788238041,2310793,team_sport,Turtleneck,900 남성 골프 터틀넥 - 네이비 다크 그레이 M,1,M,Grey,22.86,GB-R6-U3,2
3583788199403,2408540,team_sport,Adult F500 Soccer,F500 성인 축구 셔츠 딥 인디고 M,1,M,Pink,19.15,GB-R6-U4,2
3608419116113,2664141,team_sport,Swiss Ball,스위스 볼 - 블루 다크 페트롤 블루 L,1,L,Blue,18.83,GB-R6-U5,2
3608419309102,2180025,team_sport,Soft Pilates Ball,소프트 필라테스 볼 피트니스기구 터쿼이즈 No Size,1,OS,Orange,34.24,GB-R6-U6,2
3583787856543,2963926,team_sport,First Kick Soccer Ball,First Kick 사이즈 4 (8 ~ 12세용) 축구공 레드 4,1,OS,Red,19.05,GB-R6-U7,2
3583788230830,2340811,team_sport,Women's COMFORTEE Sweater,COMFORTEE 여성용 골프 스웨터 다크 그레이 S,1,S,Grey,57.5,GB-R6-U1,3
3583788198819,2408560,team_sport,Adult F500 Soccer,F500 성인 축구 반바지 블랙 2XL,1,XXL,Black,8.75,GB-R6-U2,2
3583787917954,2944923,team_sport,Pants,동절기 남성 골프 바지 징크 그레이 M-L,1,M,Grey,8.2,GB-R6-U3,2
3583787735800,2917386,team_sport,Adult Soccer,성인용 축구 스웨트셔츠 CLR - 다크블루 네이비 블루 L,1,L,Blue,18.04,GB-R6-U4,2
3583788017301,2640798,team_sport,Women's Pants,네이비 여성용 포근한 날씨 골프 바지 딥 초콜릿 트러플 XS-S (L30),1,XS,Navy,12.01,GB-R6-U5,3
3583788055754,2663154,team_sport,Kids' F100 Soccer,F100 주니어 축구 반바지 브라이트 인디고 10세,1,OS,Green,46.81,GB-R6-U6,2
3583788514497,595560,team_sport,Men's Pants,남성용 골프 바지 900 - 베이지,1,OS,Red,52.76,GB-R6-U7,2
3583783968387,2972204,team_sport,Women's Pants,네이비 여성용 포근한 날씨 골프 바지 아스팔트 블루 L (L29),1,L,Blue,43.17,GB-R6-U1,3
3583788180494,2412791,team_sport,Sports Equipment,어린이 초급/상급자용 양면 탱크톱. 농구공 일렉트릭 블루 14세,1,OS,Blue,30.24,GB-R6-U2,2
3583787111512,4786372,team_sport,TRAINING BALL SIZE,"TRAINING BALL SIZE 5, 5",1,OS,Pink,14.7,GB-R6-U3,2
3608399863182,2387020,team_sport,BSC700,BSC700 배드민턴 셔틀콕 미디엄 3개 팩 플루오 라임 옐로우 단일 사이즈,1,OS,Pink,27.54,GB-R6-U4,2
3583788159582,2418851,team_sport,T-Shirt,패스트 초급/상급자용 여성 농구 티셔츠 라즈베리 핑크 2XS,1,OS,Pink,29.45,GB-R6-U5,3
3583787547168,4320050,team_sport,Men's Jacket,MW500 남성용 민소매 골프 다운 자켓 페블 그레이 3XL,1,3XL,Grey,54.08,GB-R6-U6,3
3608399862222,2142074,team_sport,Shorts,Dry 100 테니스 반바지 블랙 XL,1,XL,Black,12.79,GB-R6-U7,3
3583788180401,2412801,team_sport,Kids' Shorts,B500 초급/상급자용 주니어 남녀 농구 반바지 스톰 그레이 14세,1,OS,Grey,10.78,GB-R6-U1,3
3608399826170,4037341,team_sport,Sports Equipment,컴포트 테니스 오버그립 3팩  단일 사이즈,1,OS,Grey,33.32,GB-R6-U2,2
3608399874485,2343154,team_sport,Thermic Sports Equipment,Thermic 500 여성 테니스 스커트 네이비 블루 W35 L29,1,OS,Blue,38.23,GB-R6-U3,2
3608399845201,2645686,team_sport,Shorts,860 배드민턴 반바지 네이비 블루 2XL,1,XXL,Blue,54.31,GB-R6-U4,3
3608399844396,2661269,team_sport,TTR C-Pen,TTR 500 5* C-Pen 올라운드 클럽 탁구 라켓 + 커버  단일 사이즈,1,OS,Red,54.18,GB-R6-U5,3
3583788075769,2579670,team_sport,Pants,P500 농구 중급자용 바지 - 블루 아스팔트 블루 W34 L34,1,OS,Blue,40.53,GB-R6-U6,3
3583788229230,2341613,team_sport,Shorts,보호용 베이스 레이어 중급 농구선수용 반바지 - 블랙 블랙 L,1,L,Black,22.73,GB-R6-U7,2
3608399860020,2451821,team_sport,Beginner Squash Ball Twin-Pack Orange,SB 130 Beginner Squash Ball Twin-Pack - Orange  단일 사이즈,1,OS,Orange,15.59,GB-R6-U1,2
3583787826355,4037364,team_sport,Men's Shirt,남성용 골프 폴로 셔츠 초경량 - 네이비 블루 스칼렛 레드 M,1,M,Blue,56.12,GB-R6-U2,3
3608399931621,429476,team_sport,Pants,"700 테니스, 배드민턴, 패들 테니스 및 스쿼시를 위한 바지 - 블랙",1,OS,Black,9.15,GB-R6-U3,2
3583787998243,2706588,team_sport,F500 Socks,F500 축구 고리 양말  블랙 S,1,S,Black,52.94,GB-R6-U4,3
3608399862246,2142061,team_sport,Shorts,Dry 100 테니스 반바지 네이비 블루 XL,1,XL,Blue,29.86,GB-R6-U5,2
3583787772850,4045379,team_sport,T-Shirt,패스트 뉴욕 초급/상급자 농구 티셔츠 스칼렛 레드 2XL,1,XXL,Red,34.78,GB-R6-U6,2
3583788677444,1709411,team_sport,Men's COMFORTEE Sweater,COMFORTEE 남성용 골프 스웨터 - 헤더 그레이,1,OS,Grey,46.28,GB-R6-U7,3
3583788039358,2638646,team_sport,T-Shirt,패스트 뉴욕 초급/상급자 농구 티셔츠 스쿼럴 그레이 S,1,S,Grey,9.32,GB-R6-U1,3
3583787569290,4279464,team_sport,Men's Sports Equipment,UT500 H 남성용 농구 베이스 레이어 바이올렛 L,1,L,Black,38.55,GB-R6-U2,2
3583788211464,2366589,team_sport,T500 Jacket,T500 여성 축구 트레이닝 자켓 - 그레이/민트 아비스 그레이 2XS,1,OS,Grey,46.04,GB-R6-U3,2
3583788447351,867734,team_sport,Women's COMFORTEE Sweater,COMFORTEE 여성용 골프 스웨터 베이지 M,1,M,Grey,38.02,GB-R6-U4,2
3583788360780,2075789,team_sport,TP100 Adult Football Training Bottoms,TP100 Adult Football Training Bottoms 블랙 14세,1,OS,Black,13.48,GB-R6-U5,2
3583788181194,2412719,team_sport,T-Shirt,패스트 뉴욕 초급/상급자 농구 티셔츠 - 그레이 Carbon grey XS,1,XS,Grey,10.07,GB-R6-U6,2
3583787647424,4273260,team_sport,Kids' T500 Sports Equipment,T500 주니어 남아/여아 중급 농구 저지 - 네이비/오렌지 레드 14세,1,OS,Navy,46.34,GB-R6-U7,2
3583788241072,2307769,team_sport,Kids' Jacket,B300 주니어 남녀 초급/상급자용 농구 자켓 아스팔트 블루 6세.,1,OS,Blue,45.8,GB-R6-U1,3
3583788055440,2663237,team_sport,Kids' F500 Soccer,F500 아동용 반소매 축구 셔츠 - 블랙/화이트 블랙 8세,1,OS,Black,50.12,GB-R6-U2,2
3583788041566,2590531,team_sport,Kids' T500 Sports Equipment,T500 주니어 남아/여아 중급 농구 저지 - 네이비/오렌지 네이비 블루 12세,1,OS,Blue,25.44,GB-R6-U3,2
3608399852575,2396697,team_sport,Kids' Sports Equipment,BR820 주니어 배드민턴 라켓  단일 사이즈,1,OS,Teal,35.42,GB-R6-U4,2
3583788515203,595259,team_sport,Women's T-Shirt,BLACK POLO 100 여성용 골프 폴로티셔츠 - 블랙 Light lavender blue,1,OS,Black,13.57,GB-R6-U5,3
3583788180982,2412749,team_sport,T-Shirt,패스트 뉴욕 초급/상급자 농구 티셔츠 - 그레이 Zinc grey XS,1,XS,Grey,41.74,GB-R6-U6,2
3583788030300,2624694,team_sport,Shorts,농구 양면 반바지 중급자용 네이비 블루 S,1,S,Blue,29.57,GB-R6-U7,2
3583788054283,2688973,team_sport,B300 Mens Basketball Sweatpants,B300 Mens Basketball Sweatpants 블랙 5XL,1,OS,Black,20.69,GB-R6-U1,2
3608399905813,2007319,team_sport,PPR,프리 탁구 세트 PPR   탁구공 개 블랙 오목,1,OS,Black,9.33,GB-R6-U2,3
3608399841524,2717204,team_sport,TTR ALL+,TTR 960 ALL+ 6* 클럽 탁구 라켓 + 커버  단일 사이즈,1,OS,Green,8.89,GB-R6-U3,3
3583788198284,2408680,team_sport,Kids' F500 Soccer,F500 주니어 축구 셔츠 블랙 8세,1,OS,Black,9.41,GB-R6-U4,3
3583788514916,595471,team_sport,Men's Pants,남성용 골프 바지 900 - 베이지 Cappucino,1,OS,Pink,11.28,GB-R6-U5,2
3583788067399,2625394,team_sport,Jacket,J500 중급자 농구 집업 후드 자켓 - 네이비/옐로우 아스팔트 블루 M,1,M,Blue,59.91,GB-R6-U6,2
3608399852421,2752729,team_sport,Wave,Wave 배드민턴 그립 싱글 팩  단일 사이즈,1,OS,Teal,43.71,GB-R6-U7,3
3608399846703,2732910,team_sport,Soft 500 T-Shirt,Soft 500 여성 테니스 티셔츠 - 핑크 스트로베리 핑크 2XS,1,OS,Pink,20.54,GB-R6-U1,3
3583787856901,2954432,team_sport,Men's T-Shirt,560 남성용 배드민턴 티셔츠 - 네이비/레드 푸크시아 XL,1,XL,Navy,11.87,GB-R6-U2,2
3583787735732,2917328,team_sport,Adult Sports Equipment,성인용 축구 하의 CLR - 다크블루 네이비 블루 L / W34 L34,1,L,Blue,40.04,GB-R6-U3,3
3608399835189,2934311,team_sport,Kids' Sports Equipment,TR100 아동용 테니스 라켓 21인치   단일 사이즈,1,OS,Black,56.95,GB-R6-U4,2
3583788177012,2398532,team_sport,XL/37 inch,900 남성 하절기 골프 버뮤다 팬츠 - 네이비 블루 아스팔트 블루 XL/37.5-39.5inch,1,XL,Blue,46.0,GB-R6-U5,2
3583788569008,305590,team_sport,Men's Sweater,남성용 풀오버 골프 스웨터 500 - 네이비 블루,1,OS,Blue,48.24,GB-R6-U6,2
3608399913863,1846099,team_sport,BSC880,BSC880 배드민턴 셔틀콕 12개 팩  77,1,OS,Grey,10.78,GB-R6-U7,2
3608399844976,2645683,team_sport,Shorts,860 배드민턴 반바지 블랙 S,1,S,Black,19.96,GB-R6-U1,3
3583787598900,4120127,team_sport,Men's Shirt,남성용 골프 폴로 셔츠 레드 M,1,M,Red,47.1,GB-R6-U2,3
3583788155782,2391323,team_sport,Adult Sports Equipment,500 성인 골프 사이즈 1 신축성 벨트 Deep khaki No Size,1,OS,Red,54.33,GB-R6-U3,2
3608399839019,2397341,team_sport,Women's T-Shirt,여성용 테니스 7부 티셔츠 드라이 900 - 블랙 블랙 M_L,1,OS,Black,12.16,GB-R6-U4,3
3583787878781,2777784,team_sport,Sports Equipment,500 골프 웨지 오른손잡이용 사이즈 1 & 미디엄 스피드  55°,1,OS,Teal,16.75,GB-R6-U5,2
3583787645611,2990667,team_sport,Adult Sports Equipment,BR 590 성인용 배드민턴 라켓 파워 - 다크 오렌지 블랙 단일 사이즈,1,OS,Black,40.54,GB-R6-U6,3
3583787823187,4000455,team_sport,Men's T-Shirt,남성용 골프 폴로 티셔츠 500 그레이 블루 S,1,S,Blue,52.98,GB-R6-U7,2
3583787771891,2951732,team_sport,Kids' Shorts,SH500R 아동용 양면 농구 반바지 - 블루/화이트/오렌지 일렉트릭 블루 12세,1,OS,Blue,39.13,GB-R6-U1,2
3583788428237,1862943,team_sport,F500 Socks,F500 어린이 축구 양말 블랙 165-190mm._EU27/30,1,OS,Black,45.89,GB-R6-U2,3
3583788197072,2409215,team_sport,F500 Socks,F500 어린이 축구 양말 플루오 블러드 오렌지 165-190mm._EU27/30,1,OS,Green,21.34,GB-R6-U3,3
3583788036661,2745742,team_sport,R300,"R300 7 사이즈 농구공, 13세 이상의 초급자용 - 그레이 라이트 그레이 7",1,OS,Grey,42.22,GB-R6-U4,2
3608399852681,2396731,team_sport,BR820,BR820 라이트 배드민턴 라켓 블랙 단일 사이즈,1,OS,Black,22.55,GB-R6-U5,3
3583788085478,2602409,team_sport,Men's Sports Equipment,520 남성용 골프 라운드 넥 풀오버 다크 세피아 S,1,S,Black,39.85,GB-R6-U6,3
3583787931585,2895494,team_sport,Kids' Sports Equipment,킵드라이 500 아동용 축구 타이즈  블랙 141-150cm10-11세,1,OS,Black,11.06,GB-R6-U7,3
3583788342854,2092910,team_sport,Agility 500 AG Kids Artificial Turf Football Boot with Rip Sports Equipment,Agility 500 AG Kids Artificial Turf Football Boot with Rip-Tab - Blue Fluo yellow EU 32,1,OS,Blue,49.06,GB-R6-U1,3
3583783956322,2662452,team_sport,Women's Pants,여성용 테니스 바지 PA Dry 500 - 블랙 블랙 M / W30 L29,1,M,Black,13.17,GB-R6-U2,1
3583788238102,2310714,team_sport,Shirt,500 남성 골프 긴팔 폴로 셔츠 딥 초콜릿 트러플 3XL,1,3XL,Green,33.7,GB-R6-U3,2
3608399846659,2628149,team_sport,Soft 500 T-Shirt,Soft 500 여성 테니스 티셔츠 - 핑크 블랙 XS,1,XS,Black,9.12,GB-R6-U4,3
3583787111390,4786370,team_sport,TRAINING BALL SIZE,"TRAINING BALL SIZE 4, 4",1,OS,Black,13.05,GB-R6-U5,3
3583788409281,2015348,team_sport,Women's T-Shirt,여성용 골프 폴로 티셔츠 500 카디널 핑크 L,1,L,Pink,10.91,GB-R6-U6,3
3608418939881,4135365,team_sport,SWISS BALL BASIC MEDIUM BLUE GREEN,"SWISS BALL BASIC MEDIUM BLUE GREEN, M",1,M,Blue,9.61,GB-R6-U7,2
3583788187561,2411380,team_sport,Kids' Socks,아동용 농구 중목 양말 2켤레  블랙 220-240mm_EU 35-38,1,OS,Black,9.15,GB-R6-U1,1
3583788450207,854799,team_sport,Sun-Protect Sports Equipment,500 골프용 자외선 차단 우산 블랙 .,1,OS,Black,22.19,GB-R6-U2,2
3583783966406,2884733,team_sport,Men's Pants,남성용 골프 바지  다크 블루 XL (L32),1,XL,Blue,13.85,GB-R6-U3,2
3583787826423,4037351,team_sport,Men's Shirt,남성용 골프 폴로 셔츠 초경량 - 네이비 블루 네이비 블루 L,1,L,Blue,37.79,GB-R6-U4,2
3583787872789,2758575,team_sport,Kids' F520 Soccer,아동용 축구 반바지 F520 - 블루/터키 페트롤 블루 123-130cm 7-8세,1,OS,Blue,12.09,GB-R6-U5,2
3583788057031,2460810,team_sport,BA150,BA150 야구 알루미늄 배트 29/32인치 블루 32,1,OS,Blue,58.82,GB-R6-U6,3
3583787739464,2934736,team_sport,Men's Pants,남성용 골프 바지  블랙 XL (L32),1,XL,Black,45.7,GB-R6-U7,2
3608399840268,2838616,team_sport,Kids' Sports Equipment,TR 530 25 아동용 테니스 라켓  단일 사이즈,1,OS,Teal,37.24,GB-R6-U1,3
3583788329978,2118522,team_sport,Men's COMFORTEE Sweater,COMFORTEE 남성용 골프 스웨터 - 헤더 그레이,1,OS,Grey,42.75,GB-R6-U2,2
3583788177425,2520060,team_sport,Men's Shirt,남성용 골프 폴로 셔츠 다크 그레이 L,1,L,Grey,48.72,GB-R6-U3,2
3583788331810,2113035,team_sport,B300,B300 초급자용 농구 저지 - 블랙,1,OS,Black,32.08,GB-R6-U4,3
3583788189312,2410991,team_sport,Sports Equipment,초급/상급자용 양면 농구 탱크톱 스톰 그레이 L,1,L,Grey,17.57,GB-R6-U5,1
3583788274438,2221034,team_sport,Sports Equipment,900 시리즈 남성 골프 RH 5/PW 그라파이트 R 아이언 세트 블랙 5부터 PW까지,1,OS,Black,42.04,GB-R6-U6,2
3583788036586,2745059,team_sport,Adult Sports Equipment,성인용 농구공 BT500 그립 7호 - 브라운. 뛰어난 터치감 블랙 단일 사이즈,1,OS,Black,14.36,GB-R6-U7,2
3608399888024,2135385,team_sport,Backpack,Essential 730 라켓 스포츠 백팩 - 네이비 블루 Carbon grey,1,OS,Blue,48.08,GB-R6-U1,3
3583788077213,2517600,team_sport,Sports Equipment,여성 동절기 골프 방풍 풀오버 아스팔트 블루 2XL,1,XXL,Blue,8.41,GB-R6-U2,2
3608399849896,2648810,team_sport,FC710,FC710 탁구 라켓 커버 브라이트 레드 단일 사이즈,1,OS,Red,24.75,GB-R6-U3,2
3583788211990,2365321,team_sport,Kids' T500 Shirt,T500 아동용 하프 지퍼 축구 훈련 스웨트셔츠 페블 그레이 6세,1,OS,Grey,11.52,GB-R6-U4,3
3608399855910,2664686,team_sport,Adult Sports Equipment,TR160 Graph 성인 테니스 라켓 - 화이트  GRIP 0,1,OS,White,8.01,GB-R6-U5,3
3583788101390,2614037,team_sport,Sports Equipment,900 골프 UV 우산 아스팔트 블루 단일 사이즈,1,OS,Blue,29.37,GB-R6-U6,2
3608399908265,2005206,team_sport,Shorts,"Light 990 테니스, 배드민턴, 패들, 탁구, 스쿼시용 반바지 - 그레이/엘로우 Carbon grey",1,OS,Grey,33.79,GB-R6-U7,3
3583783970786,2839143,team_sport,Men's T-Shirt,남성용 농구 티셔츠 / 저지 TS900 - 그레이 라이트 그레이 XS,1,XS,Grey,34.47,GB-R6-U1,3
3583787828250,2977887,team_sport,Pants,900 남성 하절기 골프 바지 네이비 블루 L,1,L,Blue,37.37,GB-R6-U2,2
3583787917282,2766817,team_sport,Men's Shirt,남성용 골프 추운 날씨 플리스 스웨트셔츠 - 다크 그린 블랙 L,1,L,Black,54.08,GB-R6-U3,3
3583788112242,2582090,team_sport,Adult Sports Equipment,Keepdry 900 성인 축구 긴팔 베이스 레이어 - 블랙/레드 블랙 S,1,S,Black,55.27,GB-R6-U4,2
3583783899308,2726023,team_sport,Adult T500 Pants,T500 성인용 축구 바지 - 네이비 블루 블랙 L / W34 L32,1,L,Black,12.72,GB-R6-U5,2
3608399844884,2645700,team_sport,Shorts,860 배드민턴 반바지 인디고 블루 2XL,1,XXL,Blue,57.18,GB-R6-U6,2
3583788313441,2169907,team_sport,T-Shirt,패스트 뉴욕 초급/상급자 농구 티셔츠 퓨터 S,1,S,Red,50.29,GB-R6-U7,2
3583787945759,2895499,team_sport,Kids' Sports Equipment,킵드라이 500 아동용 축구 타이즈  블랙 113-121cm 5-6세,1,OS,Black,12.56,GB-R6-U1,2
3583787798201,2840297,team_sport,Sports Equipment,500 농구 탱크 톱 - 그레이/슛 아비스 그레이 XL,1,XL,Grey,52.99,GB-R6-U2,3
3608399816294,4271120,team_sport,BALLS BASKET No Size,"BALLS BASKET 2021, No Size",1,OS,White,8.11,GB-R6-U3,3
3583788197454,2408719,team_sport,Kids' F100 Soccer,F100 주니어 축구 반바지 로열 블루 6세,1,OS,Blue,7.99,GB-R6-U4,3
3583787917572,2766828,team_sport,Men's Jacket,남성용 골프 민소매 자켓 추운 날씨용 - 다크 그린 다크 페트롤 블루 S,1,S,Blue,8.03,GB-R6-U5,2
3583788198208,2408675,team_sport,F100 Sports Equipment,F100 어린이 축구 저지 로열 블루 8세,1,OS,Blue,23.74,GB-R6-U6,3
3583788378822,2047293,watch_gps,Kids' W100 Stopwatch,W100 S 여성 및 아동용 러닝 스톱워치 글래시어 블루 .,1,OS,Blue,100.43,GPS-01,3
3583788288398,2192844,watch_gps,W700XC Watch,전자 트레이닝시계 W700XC 지오노트 블랙 .,1,OS,Black,25.19,GPS-02,2
3608429723608,4019918,watch_gps,Women's/Kids' ONtraining 200S Watch,ONtraining 200S 여성/아동용 스포츠 타이머 워치 미드나잇 인디고 1,1,OS,Blue,94.94,GPS-03,2
3583788625018,1816356,watch_gps,ONRHYTHM 110 Watch,ONRHYTHM 110 시계 & HRM 스트랩- 블랙,1,OS,Black,36.42,GPS-04,2
3583788379201,2047245,watch_gps,Kids' A300 Watch,A300 아동용 손목시계 - 블루 그린,1,OS,Blue,32.39,GPS-05,2
3608429739845,2987038,watch_gps,W200 Watch,W200 M 디지털 타이머 스포츠 시계 다크 블루 M,1,OS,Blue,20.01,GPS-06,2
3583788746218,1620545,watch_gps,SWIP Watch,스트랩 M SWIP 시계 스트랩 블랙 .,1,OS,Black,27.44,GPS-01,3
3608409880192,2538608,watch_gps,Watch,핸들바 범용 시계 홀더 블랙 .,1,OS,Black,52.53,GPS-02,3
3583788379171,2047243,watch_gps,Kids' A300 Watch,A300 아동용 손목시계 - 블루 그린,1,OS,Blue,33.86,GPS-03,2
3583788033431,2698296,watch_gps,Women's/Kids' ONtraining 200S Watch,ONtraining 200S 여성/아동용 스포츠 타이머 워치 코랄 핑크 단일 사이즈,1,OS,Pink,68.77,GPS-04,2
3583788319047,2144315,watch_gps,ONstart 710 Stopwatch,ONstart 710 스톱워치 - 블랙 블랙 .,1,OS,Black,41.91,GPS-05,2
3583788502647,646221,watch_gps,W500 SWIP Watch,W500 M SWIP 디지털 시계 화이트 .,1,OS,White,26.25,GPS-06,2
3583788288428,2192843,watch_gps,W900 SWIP Watch,W900 M SWIP 타이머 시계 화이트 .,1,OS,White,28.74,GPS-01,3
3583788625155,1814988,watch_gps,ONRHYTHM 110 Watch,ONRHYTHM 110 시계 & HRM 스트랩 블랙 .,1,OS,Black,54.8,GPS-02,2
3583788033479,2698294,watch_gps,W200 Watch,W200 M 디지털 타이머 스포츠 시계 웨일 그레이 M,1,OS,Grey,45.74,GPS-03,3
3583788661801,1760439,watch_gps,A300 SWIP Watch,A300 M SWIP 아날로그 시계 - 블랙,1,OS,Black,21.63,GPS-04,2
3583787698426,4152175,watch_gps,Women's/Kids' ONtraining 200S Watch,ONtraining 200S 여성/아동용 스포츠 타이머 워치 라이트 블루 0,1,OS,Blue,58.43,GPS-05,3
3583788502593,646268,watch_gps,W700XC Watch,전자 트레이닝시계 W700XC 지오노트 블랙 .,1,OS,Black,115.54,GPS-06,1
3583788033493,2705951,watch_gps,Women's W500S Stopwatch,W500S 여성용 러닝 스톱워치 - 그린 터쿼이즈 그린 단일 사이즈,1,OS,Green,61.06,GPS-01,3
3583788319054,2144314,watch_gps,ONstart 310 Stopwatch,ONstart 310 스포츠 스톱워치 블랙 .,1,OS,Black,75.55,GPS-02,3
3608429719229,2835331,watch_gps,ATW100 Stopwatch,ATW100 러닝 스톱워치 - 검정 다크 블루 단일 사이즈,1,OS,Blue,30.97,GPS-03,3
3583787700112,4152173,watch_gps,Women's/Kids' ONtraining 200S Watch,ONtraining 200S 여성/아동용 스포츠 타이머 워치 라이트 핑크 0,1,OS,Pink,36.88,GPS-04,3
3583788033462,2698342,watch_gps,W500 SWIP Watch,W500 M SWIP 디지털 시계 다크 블루 단일 사이즈,1,OS,Blue,109.71,GPS-05,3
3583788502654,646219,watch_gps,Men's Waterproof Watch,W 남성용 방수 스포츠 시계,1,OS,Grey,69.81,GPS-06,2
3583788033448,2698297,watch_gps,Women's/Kids' ONtraining 200S Watch,ONtraining 200S 여성/아동용 스포츠 타이머 워치 오렌지 단일 사이즈,1,OS,Black,23.31,GPS-01,2
3583788625650,1824421,watch_gps,Kids' A300 SWIP Watch,A300 S SWIP 여성 아동용 아날로그 시계 - 화이트,1,OS,White,27.87,GPS-02,2
3583787765531,4097106,watch_gps,Kids' A300 SWIP Watch,A300 S SWIP 여성 아동용 아날로그 시계 블랙 단일 사이즈,1,OS,Black,51.61,GPS-03,2
3583787765548,4097107,watch_gps,Kids' A300 SWIP Watch,A300 S SWIP 여성 아동용 아날로그 시계 레드 단일 사이즈,1,OS,Red,32.63,GPS-04,2
3583788502692,645977,watch_gps,W100 SWIP Watch,W100 M SWIP 디지털 시계 블랙 .,1,OS,Black,45.98,GPS-05,2
