ean,item_cd,category,product_type,name_en,name_local,size_us,color,price_usd,price_local,currency,locale,fixture,depth,handle,image,n_images
2142367790007,4236779,footwear,Shoes,Quechua Men's MH500 Waterproof Hiking Shoes,Quechua Men's MH500 Waterproof Hiking Shoes,6.5,Default Color,70.00,70.0,USD,en-US,PW-01,6,quechua-mens-mh500-waterproof-hiking-shoes-330812,https://cdn.shopify.com/s/files/1/1330/6287/files/8618759-product_image-p2315780_2a5b96b2-f26e-4ba1-8391-68142d88902c.jpg?v=1742379051,7
3583780104122,827034,accessories,Chest strap,Forclaz Hiking Backpack Chest Strap,Forclaz Hiking Backpack Chest Strap,One Size,Unspecified,5.99,5.99,USD,en-US,ACC-01,18,hiking-backpack-replacement-chest-strap,https://cdn.shopify.com/s/files/1/1330/6287/files/1788429-product_image-p2572925.jpg?v=1712145808,5
3583780571207,522209,outdoor,Foam mat,Forclaz MT100 Foam Sleeping Pad,Forclaz MT100 Foam Sleeping Pad,One Size,Pewter,15.00,15.0,USD,en-US,GF-R6-U1,2,hiking-mattress-forclaz-m100-foam,https://cdn.shopify.com/s/files/1/1330/6287/files/5591048-product_image-p2621050.jpg?v=1712056161,6
3583782090829,1033680,apparel,Fleece,Quechua Women's MH120 Hiking Fleece Vest,Quechua Women's MH120 Hiking Fleece Vest,2XL,Black,18.00,18.0,USD,en-US,GF-R1-U1,15,womens-hiking-fleece-gilet-mh120-12490,https://cdn.shopify.com/s/files/1/1330/6287/files/8072128-product_image-p2607137.jpg?v=1712056129,11
3583782090836,1033681,apparel,Fleece,Quechua Women's MH120 Hiking Fleece Vest,Quechua Women's MH120 Hiking Fleece Vest,XL,Black,18.00,18.0,USD,en-US,GF-R1-U2,18,womens-hiking-fleece-gilet-mh120-12490,https://cdn.shopify.com/s/files/1/1330/6287/files/8072128-product_image-p2607137.jpg?v=1712056129,11
3583782090843,1033682,apparel,Fleece,Quechua Women's MH120 Hiking Fleece Vest,Quechua Women's MH120 Hiking Fleece Vest,L,Black,18.00,18.0,USD,en-US,GF-R1-U3,20,womens-hiking-fleece-gilet-mh120-12490,https://cdn.shopify.com/s/files/1/1330/6287/files/8072128-product_image-p2607137.jpg?v=1712056129,11
3583782090850,1033683,apparel,Fleece,Quechua Women's MH120 Hiking Fleece Vest,Quechua Women's MH120 Hiking Fleece Vest,M,Black,18.00,18.0,USD,en-US,GF-R1-U4,12,womens-hiking-fleece-gilet-mh120-12490,https://cdn.shopify.com/s/files/1/1330/6287/files/8072128-product_image-p2607137.jpg?v=1712056129,11
3583782090867,1033684,apparel,Fleece,Quechua Women's MH120 Hiking Fleece Vest,Quechua Women's MH120 Hiking Fleece Vest,S,Black,18.00,18.0,USD,en-US,GF-R1-U5,18,womens-hiking-fleece-gilet-mh120-12490,https://cdn.shopify.com/s/files/1/1330/6287/files/8072128-product_image-p2607137.jpg?v=1712056129,11
3583782090874,1033685,apparel,Fleece,Quechua Women's MH120 Hiking Fleece Vest,Quechua Women's MH120 Hiking Fleece Vest,XS,Black,18.00,18.0,USD,en-US,GF-R1-U6,9,womens-hiking-fleece-gilet-mh120-12490,https://cdn.shopify.com/s/files/1/1330/6287/files/8072128-product_image-p2607137.jpg?v=1712056129,11
3583783858190,2562988,outdoor,Pad,Forclaz Trek Pad Outdoor Foam Seat,Forclaz Trek Pad Outdoor Foam Seat,One Size,Unspecified,14.99,14.99,USD,en-US,GF-R6-U2,1,backpacking-bivouac-foam-trek-pad,https://cdn.shopify.com/s/files/1/1330/6287/files/8493400-product_image-p2621057.jpg?v=1712056852,8
3583783858336,2478028,apparel,Long-sleeved t-shirt,Simond Men's Travel 500 Merino Wool Long-sleeve Shirt,Simond Men's Travel 500 Merino Wool Long-sleeve Shirt,3XL,Slate Blue,40.00,40.0,USD,en-US,GF-R1-U7,12,simond-mens-travel-500-merino-wool-long-sleeve-shirt-4523,https://cdn.shopify.com/s/files/1/1330/6287/files/8504630-product_image-p2510724_d57b8b0a-2307-41bc-adc0-0f620716b28e.jpg?v=1771014098,14
3583783955769,2976475,apparel,Fleece,Quechua Men's NH500 Warm Hiking Fleece Jacket,Quechua Men's NH500 Warm Hiking Fleece Jacket,4XL,Black,55.00,55.0,USD,en-US,GF-R2-U1,12,sh100-u-warm-fleece-hiking-jacket-mens-304984,https://cdn.shopify.com/s/files/1/1330/6287/files/8526050-product_image-p2607189.jpg?v=1742382192,18
3583783962644,4018101,footwear,Shoes,Quechua Women's SH100 MID Warm and Waterproof Hiking Boots,Quechua Women's SH100 MID Warm and Waterproof Hiking Boots,11,Black,35.00,35.0,USD,en-US,PW-02,13,womens-snow-hiking-warm-boots-sh100,https://cdn.shopify.com/s/files/1/1330/6287/files/8367538-product_image-p1647641.jpg?v=1703074288,12
3583783992627,2458962,apparel,Leggings,Forclaz Women's merino wool legging underwear - MT500,Forclaz Women's merino wool legging underwear - MT500,2XL,Black,50.00,50.0,USD,en-US,GF-R2-U2,12,forclaz-trek-500-merino-backpacking-tights-womens,https://cdn.shopify.com/s/files/1/1330/6287/files/8510201-product_image-p2599251.jpg?v=1712057186,9
3583783992634,2458963,apparel,Leggings,Forclaz Women's merino wool legging underwear - MT500,Forclaz Women's merino wool legging underwear - MT500,2XS,Black,50.00,50.0,USD,en-US,GF-R2-U3,17,forclaz-trek-500-merino-backpacking-tights-womens,https://cdn.shopify.com/s/files/1/1330/6287/files/8510201-product_image-p2599251.jpg?v=1712057186,9
3583783994232,2964050,footwear,Shoes,Quechua Kids’ NH100 Velcro Hiking Shoes,Quechua Kids’ NH100 Velcro Hiking Shoes,7.5C,Strawberry Pink,14.00,14.0,USD,en-US,PW-03,6,quechua-mh100-low-rip-tab-hiking-boots-kids-size-11c-to-3-313072,https://cdn.shopify.com/s/files/1/1330/6287/files/8576133-product_image-p1869861.jpg?v=1745451152,11
3583783994249,4102125,footwear,Shoes,Quechua Kids’ NH100 Velcro Hiking Shoes,Quechua Kids’ NH100 Velcro Hiking Shoes,2.5,Strawberry Pink,14.00,14.0,USD,en-US,PW-04,13,quechua-mh100-low-rip-tab-hiking-boots-kids-size-11c-to-3-313072,https://cdn.shopify.com/s/files/1/1330/6287/files/8576133-product_image-p1869861.jpg?v=1745451152,11
3583783996175,2422429,apparel,Fleece,Quechua Women's MH120 Fleece Jacket,Quechua Women's MH120 Fleece Jacket,3XL,Black,34.99,34.99,USD,en-US,GF-R2-U4,11,womens-hiking-fleece-jacket-mh120-302556-302526,https://cdn.shopify.com/s/files/1/1330/6287/files/8550837-product_image-p2718231.jpg?v=1740184301,19
3583783997240,4097226,apparel,Fleece,Quechua Women's MH100 Hiking Fleece,Quechua Women's MH100 Hiking Fleece,2XL,Storm Grey,17.00,17.0,USD,en-US,GF-R2-U5,12,quechua-mh100-hiking-fleece-324607,https://cdn.shopify.com/s/files/1/1330/6287/files/966817-product_image-p2607079.jpg?v=1740180556,8
3583783997257,4097229,apparel,Fleece,Quechua Women's MH100 Hiking Fleece,Quechua Women's MH100 Hiking Fleece,L,Storm Grey,17.00,17.0,USD,en-US,GF-R2-U6,19,quechua-mh100-hiking-fleece-324607,https://cdn.shopify.com/s/files/1/1330/6287/files/966817-product_image-p2607079.jpg?v=1740180556,8
3583783997264,4097230,apparel,Fleece,Quechua Women's MH100 Hiking Fleece,Quechua Women's MH100 Hiking Fleece,M,Storm Grey,17.00,17.0,USD,en-US,GF-R2-U7,10,quechua-mh100-hiking-fleece-324607,https://cdn.shopify.com/s/files/1/1330/6287/files/966817-product_image-p2607079.jpg?v=1740180556,8
3583783997271,4097231,apparel,Fleece,Quechua Women's MH100 Hiking Fleece,Quechua Women's MH100 Hiking Fleece,S,Storm Grey,17.00,17.0,USD,en-US,GF-R3-U1,11,quechua-mh100-hiking-fleece-324607,https://cdn.shopify.com/s/files/1/1330/6287/files/966817-product_image-p2607079.jpg?v=1740180556,8
3583783997288,4097232,apparel,Fleece,Quechua Women's MH100 Hiking Fleece,Quechua Women's MH100 Hiking Fleece,XL,Storm Grey,17.00,17.0,USD,en-US,GF-R3-U2,21,quechua-mh100-hiking-fleece-324607,https://cdn.shopify.com/s/files/1/1330/6287/files/966817-product_image-p2607079.jpg?v=1740180556,8
3583783997295,4097233,apparel,Fleece,Quechua Women's MH100 Hiking Fleece,Quechua Women's MH100 Hiking Fleece,XS,Storm Grey,17.00,17.0,USD,en-US,GF-R3-U3,16,quechua-mh100-hiking-fleece-324607,https://cdn.shopify.com/s/files/1/1330/6287/files/966817-product_image-p2607079.jpg?v=1740180556,8
3583783999015,2956238,apparel,Fleece,Quechua Women's MH120 Fleece Jacket,Quechua Women's MH120 Fleece Jacket,3XL,Light Gray,34.99,34.99,USD,en-US,GF-R3-U4,12,quechua-womens-mh120-fleece-jacket-e302526-fw25,https://cdn.shopify.com/s/files/1/1330/6287/files/8569508-product_image-p2937417.jpg?v=1755639332,11
3583784000253,4006892,footwear,Snow boots,Quechua Women's SH100 X-Warm Waterproof Mid Snow Boots,Quechua Women's SH100 X-Warm Waterproof Mid Snow Boots,10.5,Black,40.00,40.0,USD,en-US,PW-05,6,quechua-sh100-x-warm-waterproof-mid-snow-boots-womens-312022,https://cdn.shopify.com/s/files/1/1330/6287/files/8581754-product_image-p2579631.jpg?v=1712058112,5
3583784001717,2715913,footwear,Shoes,Quechua Women's SH100 X-Warm Waterproof Mid Hiking Boots,Quechua Women's SH100 X-Warm Waterproof Mid Hiking Boots,5.5,Asphalt Blue,55.00,55.0,USD,en-US,PW-06,7,quechua-womens-sh100-x-warm-waterproof-mid-hiking-boots-307238,https://cdn.shopify.com/s/files/1/1330/6287/files/8545370-product_image-p2579388.jpg?v=1712057576,23
3583784001724,2715915,footwear,Shoes,Quechua Women's SH100 X-Warm Waterproof Mid Hiking Boots,Quechua Women's SH100 X-Warm Waterproof Mid Hiking Boots,7.5,Asphalt Blue,55.00,55.0,USD,en-US,PW-07,12,quechua-womens-sh100-x-warm-waterproof-mid-hiking-boots-307238,https://cdn.shopify.com/s/files/1/1330/6287/files/8545370-product_image-p2579388.jpg?v=1712057576,23
3583784001731,2715916,footwear,Shoes,Quechua Women's SH100 X-Warm Waterproof Mid Hiking Boots,Quechua Women's SH100 X-Warm Waterproof Mid Hiking Boots,8,Asphalt Blue,55.00,55.0,USD,en-US,PW-08,7,quechua-womens-sh100-x-warm-waterproof-mid-hiking-boots-307238,https://cdn.shopify.com/s/files/1/1330/6287/files/8545370-product_image-p2579388.jpg?v=1712057576,23
3583784001748,2715917,footwear,Shoes,Quechua Women's SH100 X-Warm Waterproof Mid Hiking Boots,Quechua Women's SH100 X-Warm Waterproof Mid Hiking Boots,9,Asphalt Blue,55.00,55.0,USD,en-US,PE-01,6,quechua-womens-sh100-x-warm-waterproof-mid-hiking-boots-307238,https://cdn.shopify.com/s/files/1/1330/6287/files/8545370-product_image-p2579388.jpg?v=1712057576,23
3583784001755,2715918,footwear,Shoes,Quechua Women's SH100 X-Warm Waterproof Mid Hiking Boots,Quechua Women's SH100 X-Warm Waterproof Mid Hiking Boots,9.5,Asphalt Blue,55.00,55.0,USD,en-US,PE-02,11,quechua-womens-sh100-x-warm-waterproof-mid-hiking-boots-307238,https://cdn.shopify.com/s/files/1/1330/6287/files/8545370-product_image-p2579388.jpg?v=1712057576,23
3583784001762,2715919,footwear,Shoes,Quechua Women's SH100 X-Warm Waterproof Mid Hiking Boots,Quechua Women's SH100 X-Warm Waterproof Mid Hiking Boots,10.5,Asphalt Blue,55.00,55.0,USD,en-US,PE-03,8,quechua-womens-sh100-x-warm-waterproof-mid-hiking-boots-307238,https://cdn.shopify.com/s/files/1/1330/6287/files/8545370-product_image-p2579388.jpg?v=1712057576,23
3583784004657,4010710,accessories,Beanie,Wedze Adult Ski Beanie,Wedze Adult Ski Beanie,One Size,Asphalt Blue,12.99,12.99,USD,en-US,ACC-02,12,wedze-adult-ski-beanie-simple-324216-fw25,https://cdn.shopify.com/s/files/1/1330/6287/files/8800670-product_image-p2611058_73342102-a319-47ef-8a0c-e0bee4639f65.jpg?v=1762804440,33
3583784007450,2686362,apparel,Ski pants,Wedze Men's 500 Warm Waterproof Snow Pants,Wedze Men's 500 Warm Waterproof Snow Pants,XS,Smoked Black,119.00,119.0,USD,en-US,GF-R3-U5,11,wedze-mens-warm-ski-pants-regular-500-black-141936-fw25,https://cdn.shopify.com/s/files/1/1330/6287/products/8545714-product_image-1691901.jpg?v=1693307856,8
3583784051163,2754928,apparel,Skort,Quechua Women's NH500 Hiking Skort,Quechua Women's NH500 Hiking Skort,3XL,Carbon Gray,25.00,25.0,USD,en-US,GF-R3-U6,17,quechua-womens-nh500-hiking-skort-308169,https://cdn.shopify.com/s/files/1/1330/6287/files/8554686-product_image-p2593155.jpg?v=1702904871,6
3583784076883,4303769,accessories,Water bottle waist pack,Kiprun Hydration Flask-Carrying Running Belt,Kiprun Hydration Flask-Carrying Running Belt,1,Black,20.00,20.0,USD,en-US,ACC-03,20,hydration-flask-carrying-running-belt-333176,https://cdn.shopify.com/s/files/1/1330/6287/files/8645720-product_image-p1973470.jpg?v=1740789998,10
3583784076890,4303770,accessories,Water bottle waist pack,Kiprun Hydration Flask-Carrying Running Belt,Kiprun Hydration Flask-Carrying Running Belt,2,Black,20.00,20.0,USD,en-US,ACC-04,15,hydration-flask-carrying-running-belt-333176,https://cdn.shopify.com/s/files/1/1330/6287/files/8645720-product_image-p1973470.jpg?v=1740789998,10
3583784081207,4303771,accessories,Water bottle waist pack,Kiprun Hydration Flask-Carrying Running Belt,Kiprun Hydration Flask-Carrying Running Belt,3,Black,20.00,20.0,USD,en-US,CO-IR,20,hydration-flask-carrying-running-belt-333176,https://cdn.shopify.com/s/files/1/1330/6287/files/8645720-product_image-p1973470.jpg?v=1740789998,10
3583784081214,4303772,accessories,Water bottle waist pack,Kiprun Hydration Flask-Carrying Running Belt,Kiprun Hydration Flask-Carrying Running Belt,4,Black,20.00,20.0,USD,en-US,GB-R5-U1,12,hydration-flask-carrying-running-belt-333176,https://cdn.shopify.com/s/files/1/1330/6287/files/8645720-product_image-p1973470.jpg?v=1740789998,10
3583784081221,4303773,accessories,Water bottle waist pack,Kiprun Hydration Flask-Carrying Running Belt,Kiprun Hydration Flask-Carrying Running Belt,5,Black,20.00,20.0,USD,en-US,GB-R5-U2,21,hydration-flask-carrying-running-belt-333176,https://cdn.shopify.com/s/files/1/1330/6287/files/8645720-product_image-p1973470.jpg?v=1740789998,10
3583784087940,4234213,accessories,Socks,Quechua Hike 500 Mid Hiking Socks - 2 Pairs,Quechua Hike 500 Mid Hiking Socks - 2 Pairs,13 - M15,Graphite Black,10.00,10.0,USD,en-US,GB-R5-U3,23,quechua-hike-500-mid-hiking-socks-2-pairs-e330181,https://cdn.shopify.com/s/files/1/1330/6287/files/8616568-product_image-p2579632.jpg?v=1755805980,6
3583784098113,4289568,apparel,Long-sleeved t-shirt,Simond Men's Alpinism Seamless Wool Long-Sleeve Shirt,Simond Men's Alpinism Seamless Wool Long-Sleeve Shirt,2XL,Carbon Gray,40.00,40.0,USD,en-US,GF-R3-U7,11,simond-mens-alpinism-seamless-wool-long-sleeve-shirt-313061,https://cdn.shopify.com/s/files/1/1330/6287/files/8644279-product_image-p2710416.jpg?v=1742382208,9
3583784106146,4097228,apparel,Fleece,Quechua Women's MH100 Hiking Fleece,Quechua Women's MH100 Hiking Fleece,3XL,Storm Grey,17.00,17.0,USD,en-US,GF-R4-U1,9,quechua-mh100-hiking-fleece-324607,https://cdn.shopify.com/s/files/1/1330/6287/files/966817-product_image-p2607079.jpg?v=1740180556,8
3583784114417,4434724,outdoor,Mountain bike,Rockrider XC50 Mountain Bike 29'',Rockrider XC50 Mountain Bike 29'',"S / 4'11"" - 5'5""",Black,749.00,749.0,USD,en-US,GF-R6-U3,3,xc50-mountain-bike-29-311942,https://cdn.shopify.com/s/files/1/1330/6287/products/8663746-product_image-1708627.jpg?v=1751379306,18
3583784114424,4434725,outdoor,Mountain bike,Rockrider XC50 Mountain Bike 29'',Rockrider XC50 Mountain Bike 29'',"M / 5'5"" - 5'8""",Black,749.00,749.0,USD,en-US,GF-R6-U4,1,xc50-mountain-bike-29-311942,https://cdn.shopify.com/s/files/1/1330/6287/products/8663746-product_image-1708627.jpg?v=1751379306,18
3583784114431,4434726,outdoor,Mountain bike,Rockrider XC50 Mountain Bike 29'',Rockrider XC50 Mountain Bike 29'',"L / 5'8"" - 6'1""",Black,749.00,749.0,USD,en-US,GF-R6-U5,2,xc50-mountain-bike-29-311942,https://cdn.shopify.com/s/files/1/1330/6287/products/8663746-product_image-1708627.jpg?v=1751379306,18
3583784120432,4272073,apparel,Jacket,Wedze Women's 100 Waterproof Ski Jacket,Wedze Women's 100 Waterproof Ski Jacket,2XL,Smoked Black,79.99,79.99,USD,en-US,GF-R4-U2,21,wedze-womens-ski-jacket-100-black-328197-fw25,https://cdn.shopify.com/s/files/1/1330/6287/files/8641855-product_image-p2598842.jpg?v=1755285291,10
3583784120456,4272075,apparel,Jacket,Wedze Women's 100 Waterproof Ski Jacket,Wedze Women's 100 Waterproof Ski Jacket,3XL,Smoked Black,79.99,79.99,USD,en-US,GF-R4-U3,12,wedze-womens-ski-jacket-100-black-328197-fw25,https://cdn.shopify.com/s/files/1/1330/6287/files/8641855-product_image-p2598842.jpg?v=1755285291,10
3583784151122,4246041,apparel,Shorts,Quechua Women's MH100 Hiking Shorts,Quechua Women's MH100 Hiking Shorts,XS,Dark Blue,20.00,20.0,USD,en-US,GF-R4-U4,15,womens-mountain-walking-shorts-mh100-331027,https://cdn.shopify.com/s/files/1/1330/6287/files/8619679-product_image-p2201492.jpg?v=1750232784,5
3583784151139,4246042,apparel,Shorts,Quechua Women's MH100 Hiking Shorts,Quechua Women's MH100 Hiking Shorts,XS - S,Dark Blue,20.00,20.0,USD,en-US,GF-R4-U5,19,womens-mountain-walking-shorts-mh100-331027,https://cdn.shopify.com/s/files/1/1330/6287/files/8619679-product_image-p2201492.jpg?v=1750232784,5
3583784151146,4246043,apparel,Shorts,Quechua Women's MH100 Hiking Shorts,Quechua Women's MH100 Hiking Shorts,S,Dark Blue,20.00,20.0,USD,en-US,GF-R4-U6,19,womens-mountain-walking-shorts-mh100-331027,https://cdn.shopify.com/s/files/1/1330/6287/files/8619679-product_image-p2201492.jpg?v=1750232784,5
3583784151153,4246044,apparel,Shorts,Quechua Women's MH100 Hiking Shorts,Quechua Women's MH100 Hiking Shorts,M,Dark Blue,20.00,20.0,USD,en-US,GF-R4-U7,21,womens-mountain-walking-shorts-mh100-331027,https://cdn.shopify.com/s/files/1/1330/6287/files/8619679-product_image-p2201492.jpg?v=1750232784,5
3583784151160,4246045,apparel,Shorts,Quechua Women's MH100 Hiking Shorts,Quechua Women's MH100 Hiking Shorts,L,Dark Blue,20.00,20.0,USD,en-US,GB-R1-U1,15,womens-mountain-walking-shorts-mh100-331027,https://cdn.shopify.com/s/files/1/1330/6287/files/8619679-product_image-p2201492.jpg?v=1750232784,5
3583784151177,4246046,apparel,Shorts,Quechua Women's MH100 Hiking Shorts,Quechua Women's MH100 Hiking Shorts,L / XL,Dark Blue,20.00,20.0,USD,en-US,GB-R1-U2,14,womens-mountain-walking-shorts-mh100-331027,https://cdn.shopify.com/s/files/1/1330/6287/files/8619679-product_image-p2201492.jpg?v=1750232784,5
3583784151504,4194317,apparel,Jacket,Quechua Men's MH500 Hiking Lightweight Waterproof Jacket,Quechua Men's MH500 Hiking Lightweight Waterproof Jacket,3XL,Black,149.00,149.0,USD,en-US,GB-R1-U3,12,quechua-mh500-waterproof-hiking-jacket-mens-301681,https://cdn.shopify.com/s/files/1/1330/6287/files/8785247-product_image-p2583866_49c0ff2e-3d22-4f6e-b0f3-593848e9a0cb.jpg?v=1744324152,30
3583784155137,4194525,footwear,Shoes,Quechua Women's MH100 Hiking Shoes,Quechua Women's MH100 Hiking Shoes,10.5,Pewter,45.00,45.0,USD,en-US,PE-04,11,womens-mountain-walking-shoes-mh100-grey-green-156123,https://cdn.shopify.com/s/files/1/1330/6287/files/8612193-product_image-p1920394.jpg?v=1700656000,6
3583784213905,4564026,accessories,Gloves,Kiprun Adult Evolutiv V2 Convertable Running Gloves with Mittens,Kiprun Adult Evolutiv V2 Convertable Running Gloves with Mittens,XS,Smoked Black,24.99,24.99,USD,en-US,GB-R5-U4,22,evolutive-gloves-with-additional-mitten-cover-black-340804-fw25,https://cdn.shopify.com/s/files/1/1330/6287/files/8759614-product_image-p2698477.jpg?v=1755549598,10
3583784213912,4564029,accessories,Gloves,Kiprun Adult Evolutiv V2 Convertable Running Gloves with Mittens,Kiprun Adult Evolutiv V2 Convertable Running Gloves with Mittens,2XL,Smoked Black,24.99,24.99,USD,en-US,GB-R5-U5,20,evolutive-gloves-with-additional-mitten-cover-black-340804-fw25,https://cdn.shopify.com/s/files/1/1330/6287/files/8759614-product_image-p2698477.jpg?v=1755549598,10
3583784222587,4402527,apparel,Leggings,Quechua Men's MH100 Fleece Hiking Tights,Quechua Men's MH100 Fleece Hiking Tights,S,Black,29.99,29.99,USD,en-US,GB-R1-U4,20,quechua-mens-mh100-fleece-hiking-tights-15939,https://cdn.shopify.com/s/files/1/1330/6287/files/8666249-product_image-p2658443.jpg?v=1705580393,5
3583784222594,4402528,apparel,Leggings,Quechua Men's MH100 Fleece Hiking Tights,Quechua Men's MH100 Fleece Hiking Tights,M,Black,29.99,29.99,USD,en-US,GB-R1-U5,17,quechua-mens-mh100-fleece-hiking-tights-15939,https://cdn.shopify.com/s/files/1/1330/6287/files/8666249-product_image-p2658443.jpg?v=1705580393,5
3583784222976,4311924,apparel,Leggings,Quechua Women's MH100 Hiking Fleece Tights,Quechua Women's MH100 Hiking Fleece Tights,W38 L31,Black,18.00,18.0,USD,en-US,GB-R1-U6,12,quechua-womens-mh100-hiking-fleece-tights-333238,https://cdn.shopify.com/s/files/1/1330/6287/files/8646503-product_image-p2582520.jpg?v=1712059176,1
3583784222983,4311926,apparel,Leggings,Quechua Women's MH100 Hiking Fleece Tights,Quechua Women's MH100 Hiking Fleece Tights,W33 L31,Black,18.00,18.0,USD,en-US,GB-R1-U7,14,quechua-womens-mh100-hiking-fleece-tights-333238,https://cdn.shopify.com/s/files/1/1330/6287/files/8646503-product_image-p2582520.jpg?v=1712059176,1
3583784222990,4311928,apparel,Leggings,Quechua Women's MH100 Hiking Fleece Tights,Quechua Women's MH100 Hiking Fleece Tights,W30 L31,Black,18.00,18.0,USD,en-US,GB-R2-U1,13,quechua-womens-mh100-hiking-fleece-tights-333238,https://cdn.shopify.com/s/files/1/1330/6287/files/8646503-product_image-p2582520.jpg?v=1712059176,1
3583784223768,4557085,apparel,Parka,Quechua Men's NH900 Winter Waterproof Hiking Parka,Quechua Men's NH900 Winter Waterproof Hiking Parka,S,Black,229.00,229.0,USD,en-US,GB-R2-U2,18,quechua-mens-sh900-waterproof-parka-340345,https://cdn.shopify.com/s/files/1/1330/6287/files/8755599-product_image-p2294228.jpg?v=1718730987,14
3583784223775,4557086,apparel,Parka,Quechua Men's NH900 Winter Waterproof Hiking Parka,Quechua Men's NH900 Winter Waterproof Hiking Parka,M,Black,229.00,229.0,USD,en-US,GB-R2-U3,16,quechua-mens-sh900-waterproof-parka-340345,https://cdn.shopify.com/s/files/1/1330/6287/files/8755599-product_image-p2294228.jpg?v=1718730987,14
3583784223782,4557087,apparel,Parka,Quechua Men's NH900 Winter Waterproof Hiking Parka,Quechua Men's NH900 Winter Waterproof Hiking Parka,L,Black,229.00,229.0,USD,en-US,GB-R2-U4,13,quechua-mens-sh900-waterproof-parka-340345,https://cdn.shopify.com/s/files/1/1330/6287/files/8755599-product_image-p2294228.jpg?v=1718730987,14
3583784223799,4557088,apparel,Parka,Quechua Men's NH900 Winter Waterproof Hiking Parka,Quechua Men's NH900 Winter Waterproof Hiking Parka,XL,Black,229.00,229.0,USD,en-US,GB-R2-U5,15,quechua-mens-sh900-waterproof-parka-340345,https://cdn.shopify.com/s/files/1/1330/6287/files/8755599-product_image-p2294228.jpg?v=1718730987,14
3583784224703,4402529,apparel,Leggings,Quechua Men's MH100 Fleece Hiking Tights,Quechua Men's MH100 Fleece Hiking Tights,L,Black,29.99,29.99,USD,en-US,GB-R2-U6,10,quechua-mens-mh100-fleece-hiking-tights-15939,https://cdn.shopify.com/s/files/1/1330/6287/files/8666249-product_image-p2658443.jpg?v=1705580393,5
3583784224710,4402530,apparel,Leggings,Quechua Men's MH100 Fleece Hiking Tights,Quechua Men's MH100 Fleece Hiking Tights,2XL,Black,29.99,29.99,USD,en-US,GB-R2-U7,15,quechua-mens-mh100-fleece-hiking-tights-15939,https://cdn.shopify.com/s/files/1/1330/6287/files/8666249-product_image-p2658443.jpg?v=1705580393,5
3583784224727,4402531,apparel,Leggings,Quechua Men's MH100 Fleece Hiking Tights,Quechua Men's MH100 Fleece Hiking Tights,XL,Black,29.99,29.99,USD,en-US,GB-R3-U1,17,quechua-mens-mh100-fleece-hiking-tights-15939,https://cdn.shopify.com/s/files/1/1330/6287/files/8666249-product_image-p2658443.jpg?v=1705580393,5
3583784224734,4402532,apparel,Leggings,Quechua Men's MH100 Fleece Hiking Tights,Quechua Men's MH100 Fleece Hiking Tights,3XL,Black,29.99,29.99,USD,en-US,GB-R3-U2,10,quechua-mens-mh100-fleece-hiking-tights-15939,https://cdn.shopify.com/s/files/1/1330/6287/files/8666249-product_image-p2658443.jpg?v=1705580393,5
3583784224802,4311930,apparel,Leggings,Quechua Women's MH100 Hiking Fleece Tights,Quechua Women's MH100 Hiking Fleece Tights,W28 L31,Black,18.00,18.0,USD,en-US,GB-R3-U3,11,quechua-womens-mh100-hiking-fleece-tights-333238,https://cdn.shopify.com/s/files/1/1330/6287/files/8646503-product_image-p2582520.jpg?v=1712059176,1
3583784224819,4311933,apparel,Leggings,Quechua Women's MH100 Hiking Fleece Tights,Quechua Women's MH100 Hiking Fleece Tights,W35 L31,Black,18.00,18.0,USD,en-US,GB-R3-U4,16,quechua-womens-mh100-hiking-fleece-tights-333238,https://cdn.shopify.com/s/files/1/1330/6287/files/8646503-product_image-p2582520.jpg?v=1712059176,1
3583784224826,4311935,apparel,Leggings,Quechua Women's MH100 Hiking Fleece Tights,Quechua Women's MH100 Hiking Fleece Tights,W26 L30,Black,18.00,18.0,USD,en-US,GB-R3-U5,16,quechua-womens-mh100-hiking-fleece-tights-333238,https://cdn.shopify.com/s/files/1/1330/6287/files/8646503-product_image-p2582520.jpg?v=1712059176,1
3583784226011,4272515,apparel,Jacket,Quechua Men's NH500 Waterproof Winter Jacket,Quechua Men's NH500 Waterproof Winter Jacket,2XL,Black,99.99,99.99,USD,en-US,GB-R3-U6,20,mens-hiking-waterproof-winter-jacket-sh500-14-f-331992,https://cdn.shopify.com/s/files/1/1330/6287/files/8641932-product_image-p2294311.jpg?v=1718730856,7
3583784226028,4272516,apparel,Jacket,Quechua Men's NH500 Waterproof Winter Jacket,Quechua Men's NH500 Waterproof Winter Jacket,3XL,Black,99.99,99.99,USD,en-US,GB-R3-U7,21,mens-hiking-waterproof-winter-jacket-sh500-14-f-331992,https://cdn.shopify.com/s/files/1/1330/6287/files/8641932-product_image-p2294311.jpg?v=1718730856,7
3583784226035,4272519,apparel,Jacket,Quechua Men's NH500 Waterproof Winter Jacket,Quechua Men's NH500 Waterproof Winter Jacket,L,Black,99.99,99.99,USD,en-US,GB-R4-U1,12,mens-hiking-waterproof-winter-jacket-sh500-14-f-331992,https://cdn.shopify.com/s/files/1/1330/6287/files/8641932-product_image-p2294311.jpg?v=1718730856,7
3583784226042,4272520,apparel,Jacket,Quechua Men's NH500 Waterproof Winter Jacket,Quechua Men's NH500 Waterproof Winter Jacket,M,Black,99.99,99.99,USD,en-US,GB-R4-U2,16,mens-hiking-waterproof-winter-jacket-sh500-14-f-331992,https://cdn.shopify.com/s/files/1/1330/6287/files/8641932-product_image-p2294311.jpg?v=1718730856,7
3583784226059,4272521,apparel,Jacket,Quechua Men's NH500 Waterproof Winter Jacket,Quechua Men's NH500 Waterproof Winter Jacket,S,Black,99.99,99.99,USD,en-US,GB-R4-U3,14,mens-hiking-waterproof-winter-jacket-sh500-14-f-331992,https://cdn.shopify.com/s/files/1/1330/6287/files/8641932-product_image-p2294311.jpg?v=1718730856,7
3583784226066,4272522,apparel,Jacket,Quechua Men's NH500 Waterproof Winter Jacket,Quechua Men's NH500 Waterproof Winter Jacket,XL,Black,99.99,99.99,USD,en-US,GB-R4-U4,18,mens-hiking-waterproof-winter-jacket-sh500-14-f-331992,https://cdn.shopify.com/s/files/1/1330/6287/files/8641932-product_image-p2294311.jpg?v=1718730856,7
3583784226509,4557089,apparel,Parka,Quechua Men's NH900 Winter Waterproof Hiking Parka,Quechua Men's NH900 Winter Waterproof Hiking Parka,2XL,Black,229.00,229.0,USD,en-US,GB-R4-U5,17,quechua-mens-sh900-waterproof-parka-340345,https://cdn.shopify.com/s/files/1/1330/6287/files/8755599-product_image-p2294228.jpg?v=1718730987,14
3583784226516,4557090,apparel,Parka,Quechua Men's NH900 Winter Waterproof Hiking Parka,Quechua Men's NH900 Winter Waterproof Hiking Parka,3XL,Black,229.00,229.0,USD,en-US,GB-R4-U6,17,quechua-mens-sh900-waterproof-parka-340345,https://cdn.shopify.com/s/files/1/1330/6287/files/8755599-product_image-p2294228.jpg?v=1718730987,14
3583784227889,4361619,accessories,Gloves,Forclaz Adult MT500 Touchscreen Stretch Backpacking Gloves,Forclaz Adult MT500 Touchscreen Stretch Backpacking Gloves,XS,Steel Blue,29.99,29.99,USD,en-US,GB-R5-U6,21,simond-forclaz-adult-mt500-touchscreen-stretch-backpacking-gloves-335330,https://cdn.shopify.com/s/files/1/1330/6287/files/8655827-product_image-p2264339.jpg?v=1741885642,25
3583784227896,4361620,accessories,Gloves,Forclaz Adult MT500 Touchscreen Stretch Backpacking Gloves,Forclaz Adult MT500 Touchscreen Stretch Backpacking Gloves,S,Steel Blue,29.99,29.99,USD,en-US,GB-R5-U7,20,simond-forclaz-adult-mt500-touchscreen-stretch-backpacking-gloves-335330,https://cdn.shopify.com/s/files/1/1330/6287/files/8655827-product_image-p2264339.jpg?v=1741885642,25
3583784229111,4361602,accessories,Gloves,Forclaz MT500 Backpacking Gloves,Forclaz MT500 Backpacking Gloves,XS,Black,29.99,29.99,USD,en-US,ACC-01,17,forclaz-mt500-trekking-gloves-335238,https://cdn.shopify.com/s/files/1/1330/6287/files/8655824-product_image-p2572881.jpg?v=1719489649,11
3583784229128,4361603,accessories,Gloves,Forclaz MT500 Backpacking Gloves,Forclaz MT500 Backpacking Gloves,S,Black,29.99,29.99,USD,en-US,ACC-02,24,forclaz-mt500-trekking-gloves-335238,https://cdn.shopify.com/s/files/1/1330/6287/files/8655824-product_image-p2572881.jpg?v=1719489649,11
3583784229135,4361604,accessories,Gloves,Forclaz MT500 Backpacking Gloves,Forclaz MT500 Backpacking Gloves,M,Black,29.99,29.99,USD,en-US,ACC-03,22,forclaz-mt500-trekking-gloves-335238,https://cdn.shopify.com/s/files/1/1330/6287/files/8655824-product_image-p2572881.jpg?v=1719489649,11
3583784229142,4361605,accessories,Gloves,Forclaz MT500 Backpacking Gloves,Forclaz MT500 Backpacking Gloves,L,Black,29.99,29.99,USD,en-US,ACC-04,14,forclaz-mt500-trekking-gloves-335238,https://cdn.shopify.com/s/files/1/1330/6287/files/8655824-product_image-p2572881.jpg?v=1719489649,11
3583784229159,4361606,accessories,Gloves,Forclaz MT500 Backpacking Gloves,Forclaz MT500 Backpacking Gloves,XL,Black,29.99,29.99,USD,en-US,CO-IR,13,forclaz-mt500-trekking-gloves-335238,https://cdn.shopify.com/s/files/1/1330/6287/files/8655824-product_image-p2572881.jpg?v=1719489649,11
3583784229166,4361607,accessories,Gloves,Forclaz MT500 Backpacking Gloves,Forclaz MT500 Backpacking Gloves,2XL,Black,29.99,29.99,USD,en-US,GB-R5-U1,20,forclaz-mt500-trekking-gloves-335238,https://cdn.shopify.com/s/files/1/1330/6287/files/8655824-product_image-p2572881.jpg?v=1719489649,11
3583784229173,4361608,accessories,Gloves,Forclaz MT500 Backpacking Gloves,Forclaz MT500 Backpacking Gloves,3XL,Black,29.99,29.99,USD,en-US,GB-R5-U2,23,forclaz-mt500-trekking-gloves-335238,https://cdn.shopify.com/s/files/1/1330/6287/files/8655824-product_image-p2572881.jpg?v=1719489649,11
3583784230551,4361627,accessories,Gloves,Forclaz Adult MT500 Touchscreen Stretch Backpacking Gloves,Forclaz Adult MT500 Touchscreen Stretch Backpacking Gloves,XS,Bronze Khaki Green,29.99,29.99,USD,en-US,GB-R5-U3,23,simond-forclaz-adult-mt500-touchscreen-stretch-backpacking-gloves-335330,https://cdn.shopify.com/s/files/1/1330/6287/files/8655827-product_image-p2264339.jpg?v=1741885642,25
3583784230568,4361628,accessories,Gloves,Forclaz Adult MT500 Touchscreen Stretch Backpacking Gloves,Forclaz Adult MT500 Touchscreen Stretch Backpacking Gloves,S,Bronze Khaki Green,29.99,29.99,USD,en-US,GB-R5-U4,13,simond-forclaz-adult-mt500-touchscreen-stretch-backpacking-gloves-335330,https://cdn.shopify.com/s/files/1/1330/6287/files/8655827-product_image-p2264339.jpg?v=1741885642,25
3583784230575,4361629,accessories,Gloves,Forclaz Adult MT500 Touchscreen Stretch Backpacking Gloves,Forclaz Adult MT500 Touchscreen Stretch Backpacking Gloves,M,Bronze Khaki Green,29.99,29.99,USD,en-US,GB-R5-U5,12,simond-forclaz-adult-mt500-touchscreen-stretch-backpacking-gloves-335330,https://cdn.shopify.com/s/files/1/1330/6287/files/8655827-product_image-p2264339.jpg?v=1741885642,25
3583784230582,4361630,accessories,Gloves,Forclaz Adult MT500 Touchscreen Stretch Backpacking Gloves,Forclaz Adult MT500 Touchscreen Stretch Backpacking Gloves,L,Bronze Khaki Green,29.99,29.99,USD,en-US,GB-R5-U6,15,simond-forclaz-adult-mt500-touchscreen-stretch-backpacking-gloves-335330,https://cdn.shopify.com/s/files/1/1330/6287/files/8655827-product_image-p2264339.jpg?v=1741885642,25
3583784230599,4361631,accessories,Gloves,Forclaz Adult MT500 Touchscreen Stretch Backpacking Gloves,Forclaz Adult MT500 Touchscreen Stretch Backpacking Gloves,XL,Bronze Khaki Green,29.99,29.99,USD,en-US,GB-R5-U7,13,simond-forclaz-adult-mt500-touchscreen-stretch-backpacking-gloves-335330,https://cdn.shopify.com/s/files/1/1330/6287/files/8655827-product_image-p2264339.jpg?v=1741885642,25
3583784230605,4361621,accessories,Gloves,Forclaz Adult MT500 Touchscreen Stretch Backpacking Gloves,Forclaz Adult MT500 Touchscreen Stretch Backpacking Gloves,M,Steel Blue,29.99,29.99,USD,en-US,ACC-01,16,simond-forclaz-adult-mt500-touchscreen-stretch-backpacking-gloves-335330,https://cdn.shopify.com/s/files/1/1330/6287/files/8655827-product_image-p2264339.jpg?v=1741885642,25
3583784230612,4361622,accessories,Gloves,Forclaz Adult MT500 Touchscreen Stretch Backpacking Gloves,Forclaz Adult MT500 Touchscreen Stretch Backpacking Gloves,L,Steel Blue,29.99,29.99,USD,en-US,ACC-02,11,simond-forclaz-adult-mt500-touchscreen-stretch-backpacking-gloves-335330,https://cdn.shopify.com/s/files/1/1330/6287/files/8655827-product_image-p2264339.jpg?v=1741885642,25
3583784230629,4361623,accessories,Gloves,Forclaz Adult MT500 Touchscreen Stretch Backpacking Gloves,Forclaz Adult MT500 Touchscreen Stretch Backpacking Gloves,XL,Steel Blue,29.99,29.99,USD,en-US,ACC-03,20,simond-forclaz-adult-mt500-touchscreen-stretch-backpacking-gloves-335330,https://cdn.shopify.com/s/files/1/1330/6287/files/8655827-product_image-p2264339.jpg?v=1741885642,25
3583784230636,4361624,accessories,Gloves,Forclaz Adult MT500 Touchscreen Stretch Backpacking Gloves,Forclaz Adult MT500 Touchscreen Stretch Backpacking Gloves,2XL,Steel Blue,29.99,29.99,USD,en-US,ACC-04,11,simond-forclaz-adult-mt500-touchscreen-stretch-backpacking-gloves-335330,https://cdn.shopify.com/s/files/1/1330/6287/files/8655827-product_image-p2264339.jpg?v=1741885642,25
3583784230704,4361632,accessories,Gloves,Forclaz Adult MT500 Touchscreen Stretch Backpacking Gloves,Forclaz Adult MT500 Touchscreen Stretch Backpacking Gloves,2XL,Bronze Khaki Green,29.99,29.99,USD,en-US,CO-IR,21,simond-forclaz-adult-mt500-touchscreen-stretch-backpacking-gloves-335330,https://cdn.shopify.com/s/files/1/1330/6287/files/8655827-product_image-p2264339.jpg?v=1741885642,25
3583784234856,4557025,apparel,Parka,Quechua Women's NH900 Waterproof Parka,Quechua Women's NH900 Waterproof Parka,XS,Linen,229.00,229.0,USD,en-US,GB-R4-U7,16,quechua-womens-sh900-waterproof-parka-340412-fw25,https://cdn.shopify.com/s/files/1/1330/6287/files/8755570-product_image-p2718206.jpg?v=1755549509,16
3583784234863,4557026,apparel,Parka,Quechua Women's NH900 Waterproof Parka,Quechua Women's NH900 Waterproof Parka,S,Linen,229.00,229.0,USD,en-US,FR-01,21,quechua-womens-sh900-waterproof-parka-340412-fw25,https://cdn.shopify.com/s/files/1/1330/6287/files/8755570-product_image-p2718206.jpg?v=1755549509,16
3583784234870,4557027,apparel,Parka,Quechua Women's NH900 Waterproof Parka,Quechua Women's NH900 Waterproof Parka,M,Linen,229.00,229.0,USD,en-US,FR-02,16,quechua-womens-sh900-waterproof-parka-340412-fw25,https://cdn.shopify.com/s/files/1/1330/6287/files/8755570-product_image-p2718206.jpg?v=1755549509,16
3583784234887,4557028,apparel,Parka,Quechua Women's NH900 Waterproof Parka,Quechua Women's NH900 Waterproof Parka,L,Linen,229.00,229.0,USD,en-US,FR-03,13,quechua-womens-sh900-waterproof-parka-340412-fw25,https://cdn.shopify.com/s/files/1/1330/6287/files/8755570-product_image-p2718206.jpg?v=1755549509,16
3583784234894,4557029,apparel,Parka,Quechua Women's NH900 Waterproof Parka,Quechua Women's NH900 Waterproof Parka,XL,Linen,229.00,229.0,USD,en-US,FR-04,16,quechua-womens-sh900-waterproof-parka-340412-fw25,https://cdn.shopify.com/s/files/1/1330/6287/files/8755570-product_image-p2718206.jpg?v=1755549509,16
3583784236409,4557030,apparel,Parka,Quechua Women's NH900 Waterproof Parka,Quechua Women's NH900 Waterproof Parka,2XL,Linen,229.00,229.0,USD,en-US,GF-R1-U1,19,quechua-womens-sh900-waterproof-parka-340412-fw25,https://cdn.shopify.com/s/files/1/1330/6287/files/8755570-product_image-p2718206.jpg?v=1755549509,16
3583784239431,4010359,apparel,Trousers/pants,Quechua Men’s NH500 Water-Repellent Snow Hiking Pants,Quechua Men’s NH500 Water-Repellent Snow Hiking Pants,W29 L33,Bronze Khaki Green,89.99,89.99,USD,en-US,GF-R1-U2,12,quechua-mens-warm-water-repellent-snow-hiking-pants-sh500-mountain-324677-fw25-1-fw25,https://cdn.shopify.com/s/files/1/1330/6287/files/8582604-product_image-p2294472.jpg?v=1755621470,4
3583784239448,4010361,apparel,Trousers/pants,Quechua Men’s NH500 Water-Repellent Snow Hiking Pants,Quechua Men’s NH500 Water-Repellent Snow Hiking Pants,W31 L33,Bronze Khaki Green,89.99,89.99,USD,en-US,GF-R1-U3,20,quechua-mens-warm-water-repellent-snow-hiking-pants-sh500-mountain-324677-fw25-1-fw25,https://cdn.shopify.com/s/files/1/1330/6287/files/8582604-product_image-p2294472.jpg?v=1755621470,4
3583784239455,4010363,apparel,Trousers/pants,Quechua Men’s NH500 Water-Repellent Snow Hiking Pants,Quechua Men’s NH500 Water-Repellent Snow Hiking Pants,W33 L33,Bronze Khaki Green,89.99,89.99,USD,en-US,GF-R1-U4,15,quechua-mens-warm-water-repellent-snow-hiking-pants-sh500-mountain-324677-fw25-1-fw25,https://cdn.shopify.com/s/files/1/1330/6287/files/8582604-product_image-p2294472.jpg?v=1755621470,4
3583784239462,4010365,apparel,Trousers/pants,Quechua Men’s NH500 Water-Repellent Snow Hiking Pants,Quechua Men’s NH500 Water-Repellent Snow Hiking Pants,W34 L34,Bronze Khaki Green,89.99,89.99,USD,en-US,GF-R1-U5,20,quechua-mens-warm-water-repellent-snow-hiking-pants-sh500-mountain-324677-fw25-1-fw25,https://cdn.shopify.com/s/files/1/1330/6287/files/8582604-product_image-p2294472.jpg?v=1755621470,4
3583784239479,4010367,apparel,Trousers/pants,Quechua Men’s NH500 Water-Repellent Snow Hiking Pants,Quechua Men’s NH500 Water-Repellent Snow Hiking Pants,W36 L34,Bronze Khaki Green,89.99,89.99,USD,en-US,GF-R1-U6,19,quechua-mens-warm-water-repellent-snow-hiking-pants-sh500-mountain-324677-fw25-1-fw25,https://cdn.shopify.com/s/files/1/1330/6287/files/8582604-product_image-p2294472.jpg?v=1755621470,4
3583784239486,4010369,apparel,Trousers/pants,Quechua Men’s NH500 Water-Repellent Snow Hiking Pants,Quechua Men’s NH500 Water-Repellent Snow Hiking Pants,W39 L34,Bronze Khaki Green,89.99,89.99,USD,en-US,GF-R1-U7,19,quechua-mens-warm-water-repellent-snow-hiking-pants-sh500-mountain-324677-fw25-1-fw25,https://cdn.shopify.com/s/files/1/1330/6287/files/8582604-product_image-p2294472.jpg?v=1755621470,4
3583784239493,4010371,apparel,Trousers/pants,Quechua Men’s NH500 Water-Repellent Snow Hiking Pants,Quechua Men’s NH500 Water-Repellent Snow Hiking Pants,W42 L34,Bronze Khaki Green,89.99,89.99,USD,en-US,GF-R2-U1,16,quechua-mens-warm-water-repellent-snow-hiking-pants-sh500-mountain-324677-fw25-1-fw25,https://cdn.shopify.com/s/files/1/1330/6287/files/8582604-product_image-p2294472.jpg?v=1755621470,4
3583784240703,4598045,apparel,Trousers/pants,Quechua Men's NH500 Water Repellent Ventilated Hiking Pants,Quechua Men's NH500 Water Repellent Ventilated Hiking Pants,W29 L33,Graphite Grey,119.00,119.0,USD,en-US,GF-R2-U2,14,quechua-mens-warm-water-repellent-ventilated-hiking-pants-sh500-mountain-ventil-341877-fw25,https://cdn.shopify.com/s/files/1/1330/6287/files/8751586-product_image-p2583210.jpg?v=1755549664,7
3583784240710,4598047,apparel,Trousers/pants,Quechua Men's NH500 Water Repellent Ventilated Hiking Pants,Quechua Men's NH500 Water Repellent Ventilated Hiking Pants,W31 L33,Graphite Grey,119.00,119.0,USD,en-US,GF-R2-U3,15,quechua-mens-warm-water-repellent-ventilated-hiking-pants-sh500-mountain-ventil-341877-fw25,https://cdn.shopify.com/s/files/1/1330/6287/files/8751586-product_image-p2583210.jpg?v=1755549664,7
3583784240727,4598049,apparel,Trousers/pants,Quechua Men's NH500 Water Repellent Ventilated Hiking Pants,Quechua Men's NH500 Water Repellent Ventilated Hiking Pants,W33 L33,Graphite Grey,119.00,119.0,USD,en-US,GF-R2-U4,12,quechua-mens-warm-water-repellent-ventilated-hiking-pants-sh500-mountain-ventil-341877-fw25,https://cdn.shopify.com/s/files/1/1330/6287/files/8751586-product_image-p2583210.jpg?v=1755549664,7
3583784240734,4598051,apparel,Trousers/pants,Quechua Men's NH500 Water Repellent Ventilated Hiking Pants,Quechua Men's NH500 Water Repellent Ventilated Hiking Pants,W34 L34,Graphite Grey,119.00,119.0,USD,en-US,GF-R2-U5,18,quechua-mens-warm-water-repellent-ventilated-hiking-pants-sh500-mountain-ventil-341877-fw25,https://cdn.shopify.com/s/files/1/1330/6287/files/8751586-product_image-p2583210.jpg?v=1755549664,7
3583784240741,4598053,apparel,Trousers/pants,Quechua Men's NH500 Water Repellent Ventilated Hiking Pants,Quechua Men's NH500 Water Repellent Ventilated Hiking Pants,W36 L34,Graphite Grey,119.00,119.0,USD,en-US,GF-R2-U6,16,quechua-mens-warm-water-repellent-ventilated-hiking-pants-sh500-mountain-ventil-341877-fw25,https://cdn.shopify.com/s/files/1/1330/6287/files/8751586-product_image-p2583210.jpg?v=1755549664,7
3583784240758,4598055,apparel,Trousers/pants,Quechua Men's NH500 Water Repellent Ventilated Hiking Pants,Quechua Men's NH500 Water Repellent Ventilated Hiking Pants,W39 L34,Graphite Grey,119.00,119.0,USD,en-US,GF-R2-U7,13,quechua-mens-warm-water-repellent-ventilated-hiking-pants-sh500-mountain-ventil-341877-fw25,https://cdn.shopify.com/s/files/1/1330/6287/files/8751586-product_image-p2583210.jpg?v=1755549664,7
3583784240765,4598057,apparel,Trousers/pants,Quechua Men's NH500 Water Repellent Ventilated Hiking Pants,Quechua Men's NH500 Water Repellent Ventilated Hiking Pants,W42 L34,Graphite Grey,119.00,119.0,USD,en-US,GF-R3-U1,19,quechua-mens-warm-water-repellent-ventilated-hiking-pants-sh500-mountain-ventil-341877-fw25,https://cdn.shopify.com/s/files/1/1330/6287/files/8751586-product_image-p2583210.jpg?v=1755549664,7
3583784241786,4681655,apparel,Down jacket,Forclaz Women's MT100 Down Puffer Vest,Forclaz Women's MT100 Down Puffer Vest,M,White,55.00,55.0,USD,en-US,GF-R3-U2,15,forclaz-womens-mt100-down-puffer-vest-169342,https://cdn.shopify.com/s/files/1/1330/6287/files/8397279-product_image-p2607120.jpg?v=1712056459,18
3583784241793,4681656,apparel,Down jacket,Forclaz Women's MT100 Down Puffer Vest,Forclaz Women's MT100 Down Puffer Vest,L,White,55.00,55.0,USD,en-US,GF-R3-U3,13,forclaz-womens-mt100-down-puffer-vest-169342,https://cdn.shopify.com/s/files/1/1330/6287/files/8397279-product_image-p2607120.jpg?v=1712056459,18
3583784242004,4681657,apparel,Down jacket,Forclaz Women's MT100 Down Puffer Vest,Forclaz Women's MT100 Down Puffer Vest,XL,White,55.00,55.0,USD,en-US,GF-R3-U4,12,forclaz-womens-mt100-down-puffer-vest-169342,https://cdn.shopify.com/s/files/1/1330/6287/files/8397279-product_image-p2607120.jpg?v=1712056459,18
3583784242011,4681658,apparel,Down jacket,Forclaz Women's MT100 Down Puffer Vest,Forclaz Women's MT100 Down Puffer Vest,2XL,White,55.00,55.0,USD,en-US,GF-R3-U5,14,forclaz-womens-mt100-down-puffer-vest-169342,https://cdn.shopify.com/s/files/1/1330/6287/files/8397279-product_image-p2607120.jpg?v=1712056459,18
3583784244091,4439712,apparel,Down jacket,Simond Women's MT500 Hooded Down Puffer Jacket,Simond Women's MT500 Hooded Down Puffer Jacket,S,No Dye,125.00,125.0,USD,en-US,GF-R3-U6,10,simond-womens-mt500-hooded-down-puffer-jacket-7862-333323,https://cdn.shopify.com/s/files/1/1330/6287/files/8646583-product_image-p2920936_19f678ea-39fc-412f-905c-0b7226cc4fe0.jpg?v=1757465566,42
3583784244183,4272771,footwear,Shoes,Quechua Men's NH500 Warm Waterproof High Leather Hiking Boots,Quechua Men's NH500 Warm Waterproof High Leather Hiking Boots,6.5,Dark Cinnamon,100.00,100.0,USD,en-US,PE-05,12,quechua-mens-warm-and-waterproof-leather-hiking-boots-sh500-high-332020-fw25,https://cdn.shopify.com/s/files/1/1330/6287/files/8641979-product_image-p2579575.jpg?v=1755289865,8
3583784244190,4272772,footwear,Shoes,Quechua Men's NH500 Warm Waterproof High Leather Hiking Boots,Quechua Men's NH500 Warm Waterproof High Leather Hiking Boots,7.5,Dark Cinnamon,100.00,100.0,USD,en-US,FB-01,10,quechua-mens-warm-and-waterproof-leather-hiking-boots-sh500-high-332020-fw25,https://cdn.shopify.com/s/files/1/1330/6287/files/8641979-product_image-p2579575.jpg?v=1755289865,8
3583784244367,4010249,apparel,Trousers/pants,Quechua Women's NH500 Water-Repellent Snow Hiking Pants,Quechua Women's NH500 Water-Repellent Snow Hiking Pants,W26 L30,Asphalt Blue,89.99,89.99,USD,en-US,GF-R3-U7,15,quechua-womens-warm-water-repellent-snow-hiking-pants-sh500-mountain-324683-fw25,https://cdn.shopify.com/s/files/1/1330/6287/files/8582596-product_image-p2611394.jpg?v=1755561114,24
3583784244374,4010251,apparel,Trousers/pants,Quechua Women's NH500 Water-Repellent Snow Hiking Pants,Quechua Women's NH500 Water-Repellent Snow Hiking Pants,W28 L30,Asphalt Blue,89.99,89.99,USD,en-US,GF-R4-U1,11,quechua-womens-warm-water-repellent-snow-hiking-pants-sh500-mountain-324683-fw25,https://cdn.shopify.com/s/files/1/1330/6287/files/8582596-product_image-p2611394.jpg?v=1755561114,24
3583784244381,4010253,apparel,Trousers/pants,Quechua Women's NH500 Water-Repellent Snow Hiking Pants,Quechua Women's NH500 Water-Repellent Snow Hiking Pants,W29 L31,Asphalt Blue,89.99,89.99,USD,en-US,GF-R4-U2,18,quechua-womens-warm-water-repellent-snow-hiking-pants-sh500-mountain-324683-fw25,https://cdn.shopify.com/s/files/1/1330/6287/files/8582596-product_image-p2611394.jpg?v=1755561114,24
3583784244398,4010255,apparel,Trousers/pants,Quechua Women's NH500 Water-Repellent Snow Hiking Pants,Quechua Women's NH500 Water-Repellent Snow Hiking Pants,W31 L31,Asphalt Blue,89.99,89.99,USD,en-US,GF-R4-U3,17,quechua-womens-warm-water-repellent-snow-hiking-pants-sh500-mountain-324683-fw25,https://cdn.shopify.com/s/files/1/1330/6287/files/8582596-product_image-p2611394.jpg?v=1755561114,24
3583784245609,4272773,footwear,Shoes,Quechua Men's NH500 Warm Waterproof High Leather Hiking Boots,Quechua Men's NH500 Warm Waterproof High Leather Hiking Boots,8,Dark Cinnamon,100.00,100.0,USD,en-US,GA-01,12,quechua-mens-warm-and-waterproof-leather-hiking-boots-sh500-high-332020-fw25,https://cdn.shopify.com/s/files/1/1330/6287/files/8641979-product_image-p2579575.jpg?v=1755289865,8
3583784245616,4272774,footwear,Shoes,Quechua Men's NH500 Warm Waterproof High Leather Hiking Boots,Quechua Men's NH500 Warm Waterproof High Leather Hiking Boots,9,Dark Cinnamon,100.00,100.0,USD,en-US,GA-02,12,quechua-mens-warm-and-waterproof-leather-hiking-boots-sh500-high-332020-fw25,https://cdn.shopify.com/s/files/1/1330/6287/files/8641979-product_image-p2579575.jpg?v=1755289865,8
3583784245623,4272775,footwear,Shoes,Quechua Men's NH500 Warm Waterproof High Leather Hiking Boots,Quechua Men's NH500 Warm Waterproof High Leather Hiking Boots,9.5,Dark Cinnamon,100.00,100.0,USD,en-US,PW-01,10,quechua-mens-warm-and-waterproof-leather-hiking-boots-sh500-high-332020-fw25,https://cdn.shopify.com/s/files/1/1330/6287/files/8641979-product_image-p2579575.jpg?v=1755289865,8
3583784245630,4272776,footwear,Shoes,Quechua Men's NH500 Warm Waterproof High Leather Hiking Boots,Quechua Men's NH500 Warm Waterproof High Leather Hiking Boots,10.5,Dark Cinnamon,100.00,100.0,USD,en-US,PW-02,12,quechua-mens-warm-and-waterproof-leather-hiking-boots-sh500-high-332020-fw25,https://cdn.shopify.com/s/files/1/1330/6287/files/8641979-product_image-p2579575.jpg?v=1755289865,8
3583784245647,4272777,footwear,Shoes,Quechua Men's NH500 Warm Waterproof High Leather Hiking Boots,Quechua Men's NH500 Warm Waterproof High Leather Hiking Boots,11.5,Dark Cinnamon,100.00,100.0,USD,en-US,PW-03,7,quechua-mens-warm-and-waterproof-leather-hiking-boots-sh500-high-332020-fw25,https://cdn.shopify.com/s/files/1/1330/6287/files/8641979-product_image-p2579575.jpg?v=1755289865,8
3583784245654,4272778,footwear,Shoes,Quechua Men's NH500 Warm Waterproof High Leather Hiking Boots,Quechua Men's NH500 Warm Waterproof High Leather Hiking Boots,12,Dark Cinnamon,100.00,100.0,USD,en-US,PW-04,12,quechua-mens-warm-and-waterproof-leather-hiking-boots-sh500-high-332020-fw25,https://cdn.shopify.com/s/files/1/1330/6287/files/8641979-product_image-p2579575.jpg?v=1755289865,8
3583784245661,4272779,footwear,Shoes,Quechua Men's NH500 Warm Waterproof High Leather Hiking Boots,Quechua Men's NH500 Warm Waterproof High Leather Hiking Boots,13,Dark Cinnamon,100.00,100.0,USD,en-US,PW-05,10,quechua-mens-warm-and-waterproof-leather-hiking-boots-sh500-high-332020-fw25,https://cdn.shopify.com/s/files/1/1330/6287/files/8641979-product_image-p2579575.jpg?v=1755289865,8
3583784246507,4010257,apparel,Trousers/pants,Quechua Women's NH500 Water-Repellent Snow Hiking Pants,Quechua Women's NH500 Water-Repellent Snow Hiking Pants,W33 L31,Asphalt Blue,89.99,89.99,USD,en-US,GF-R4-U4,19,quechua-womens-warm-water-repellent-snow-hiking-pants-sh500-mountain-324683-fw25,https://cdn.shopify.com/s/files/1/1330/6287/files/8582596-product_image-p2611394.jpg?v=1755561114,24
3583784246514,4010259,apparel,Trousers/pants,Quechua Women's NH500 Water-Repellent Snow Hiking Pants,Quechua Women's NH500 Water-Repellent Snow Hiking Pants,W34 L31,Asphalt Blue,89.99,89.99,USD,en-US,GF-R4-U5,13,quechua-womens-warm-water-repellent-snow-hiking-pants-sh500-mountain-324683-fw25,https://cdn.shopify.com/s/files/1/1330/6287/files/8582596-product_image-p2611394.jpg?v=1755561114,24
3583784246521,4010261,apparel,Trousers/pants,Quechua Women's NH500 Water-Repellent Snow Hiking Pants,Quechua Women's NH500 Water-Repellent Snow Hiking Pants,W36 L31,Asphalt Blue,89.99,89.99,USD,en-US,GF-R4-U6,12,quechua-womens-warm-water-repellent-snow-hiking-pants-sh500-mountain-324683-fw25,https://cdn.shopify.com/s/files/1/1330/6287/files/8582596-product_image-p2611394.jpg?v=1755561114,24
3583784246552,4333260,apparel,Fleece,Quechua Women's Hiking Fleece Jacket - MH520 Hood,Quechua Women's Hiking Fleece Jacket - MH520 Hood,2XL,Black,45.00,45.0,USD,en-US,GF-R4-U7,12,quechua-hiking-hooded-fleece-jacket-mh520-331161,https://cdn.shopify.com/s/files/1/1330/6287/files/8649067-product_image-p2607226.jpg?v=1712058948,30
3583784246569,4333264,apparel,Fleece,Quechua Women's Hiking Fleece Jacket - MH520 Hood,Quechua Women's Hiking Fleece Jacket - MH520 Hood,L,Black,45.00,45.0,USD,en-US,GB-R1-U1,21,quechua-hiking-hooded-fleece-jacket-mh520-331161,https://cdn.shopify.com/s/files/1/1330/6287/files/8649067-product_image-p2607226.jpg?v=1712058948,30
3583784246576,4333265,apparel,Fleece,Quechua Women's Hiking Fleece Jacket - MH520 Hood,Quechua Women's Hiking Fleece Jacket - MH520 Hood,M,Black,45.00,45.0,USD,en-US,GB-R1-U2,15,quechua-hiking-hooded-fleece-jacket-mh520-331161,https://cdn.shopify.com/s/files/1/1330/6287/files/8649067-product_image-p2607226.jpg?v=1712058948,30
3583784246583,4333266,apparel,Fleece,Quechua Women's Hiking Fleece Jacket - MH520 Hood,Quechua Women's Hiking Fleece Jacket - MH520 Hood,S,Black,59.99,59.99,USD,en-US,GB-R1-U3,20,quechua-hiking-hooded-fleece-jacket-mh520-331161,https://cdn.shopify.com/s/files/1/1330/6287/files/8649067-product_image-p2607226.jpg?v=1712058948,30
3583784246590,4333267,apparel,Fleece,Quechua Women's Hiking Fleece Jacket - MH520 Hood,Quechua Women's Hiking Fleece Jacket - MH520 Hood,XL,Black,45.00,45.0,USD,en-US,GB-R1-U4,16,quechua-hiking-hooded-fleece-jacket-mh520-331161,https://cdn.shopify.com/s/files/1/1330/6287/files/8649067-product_image-p2607226.jpg?v=1712058948,30
3583784246606,4312908,apparel,Down jacket,Simond Women's MT500 Hooded Down Puffer Jacket,Simond Women's MT500 Hooded Down Puffer Jacket,2XL,Black,179.00,179.0,USD,en-US,GB-R1-U5,11,simond-womens-mt500-hooded-down-puffer-jacket-7862-333323,https://cdn.shopify.com/s/files/1/1330/6287/files/8646583-product_image-p2920936_19f678ea-39fc-412f-905c-0b7226cc4fe0.jpg?v=1757465566,42
3583784246613,4312909,apparel,Down jacket,Simond Women's MT500 Hooded Down Puffer Jacket,Simond Women's MT500 Hooded Down Puffer Jacket,L,Black,179.00,179.0,USD,en-US,GB-R1-U6,16,simond-womens-mt500-hooded-down-puffer-jacket-7862-333323,https://cdn.shopify.com/s/files/1/1330/6287/files/8646583-product_image-p2920936_19f678ea-39fc-412f-905c-0b7226cc4fe0.jpg?v=1757465566,42
3583784246620,4312910,apparel,Down jacket,Simond Women's MT500 Hooded Down Puffer Jacket,Simond Women's MT500 Hooded Down Puffer Jacket,M,Black,179.00,179.0,USD,en-US,GB-R1-U7,18,simond-womens-mt500-hooded-down-puffer-jacket-7862-333323,https://cdn.shopify.com/s/files/1/1330/6287/files/8646583-product_image-p2920936_19f678ea-39fc-412f-905c-0b7226cc4fe0.jpg?v=1757465566,42
3583784246637,4312911,apparel,Down jacket,Simond Women's MT500 Hooded Down Puffer Jacket,Simond Women's MT500 Hooded Down Puffer Jacket,S,Black,179.00,179.0,USD,en-US,GB-R2-U1,21,simond-womens-mt500-hooded-down-puffer-jacket-7862-333323,https://cdn.shopify.com/s/files/1/1330/6287/files/8646583-product_image-p2920936_19f678ea-39fc-412f-905c-0b7226cc4fe0.jpg?v=1757465566,42
3583784246644,4312913,apparel,Down jacket,Simond Women's MT500 Hooded Down Puffer Jacket,Simond Women's MT500 Hooded Down Puffer Jacket,XL,Black,179.00,179.0,USD,en-US,GB-R2-U2,10,simond-womens-mt500-hooded-down-puffer-jacket-7862-333323,https://cdn.shopify.com/s/files/1/1330/6287/files/8646583-product_image-p2920936_19f678ea-39fc-412f-905c-0b7226cc4fe0.jpg?v=1757465566,42
3583784246804,4439713,apparel,Down jacket,Simond Women's MT500 Hooded Down Puffer Jacket,Simond Women's MT500 Hooded Down Puffer Jacket,M,No Dye,125.00,125.0,USD,en-US,GB-R2-U3,17,simond-womens-mt500-hooded-down-puffer-jacket-7862-333323,https://cdn.shopify.com/s/files/1/1330/6287/files/8646583-product_image-p2920936_19f678ea-39fc-412f-905c-0b7226cc4fe0.jpg?v=1757465566,42
3583784246811,4439714,apparel,Down jacket,Simond Women's MT500 Hooded Down Puffer Jacket,Simond Women's MT500 Hooded Down Puffer Jacket,L,No Dye,125.00,125.0,USD,en-US,GB-R2-U4,19,simond-womens-mt500-hooded-down-puffer-jacket-7862-333323,https://cdn.shopify.com/s/files/1/1330/6287/files/8646583-product_image-p2920936_19f678ea-39fc-412f-905c-0b7226cc4fe0.jpg?v=1757465566,42
3583784246828,4439715,apparel,Down jacket,Simond Women's MT500 Hooded Down Puffer Jacket,Simond Women's MT500 Hooded Down Puffer Jacket,XL,No Dye,125.00,125.0,USD,en-US,GB-R2-U5,13,simond-womens-mt500-hooded-down-puffer-jacket-7862-333323,https://cdn.shopify.com/s/files/1/1330/6287/files/8646583-product_image-p2920936_19f678ea-39fc-412f-905c-0b7226cc4fe0.jpg?v=1757465566,42
3583784246835,4439716,apparel,Down jacket,Simond Women's MT500 Hooded Down Puffer Jacket,Simond Women's MT500 Hooded Down Puffer Jacket,2XL,No Dye,125.00,125.0,USD,en-US,GB-R2-U6,15,simond-womens-mt500-hooded-down-puffer-jacket-7862-333323,https://cdn.shopify.com/s/files/1/1330/6287/files/8646583-product_image-p2920936_19f678ea-39fc-412f-905c-0b7226cc4fe0.jpg?v=1757465566,42
3583784247207,4530952,footwear,Shoes,Quechua Women's SH500 Mid Hiking Boots,Quechua Women's SH500 Mid Hiking Boots,5.5,Black,55.00,55.0,USD,en-US,PW-06,8,quechua-womens-sh500-x-warm-waterproof-mid-hiking-boots-307238,https://cdn.shopify.com/s/files/1/1330/6287/files/8738739-product_image-p2579497_d6e60364-fb2e-4cb1-a691-e914e363cba1.jpg?v=1738149244,11
3583784247214,4530953,footwear,Shoes,Quechua Women's SH500 Mid Hiking Boots,Quechua Women's SH500 Mid Hiking Boots,6.5,Black,55.00,55.0,USD,en-US,PW-07,12,quechua-womens-sh500-x-warm-waterproof-mid-hiking-boots-307238,https://cdn.shopify.com/s/files/1/1330/6287/files/8738739-product_image-p2579497_d6e60364-fb2e-4cb1-a691-e914e363cba1.jpg?v=1738149244,11
3583784247221,4530954,footwear,Shoes,Quechua Women's SH500 Mid Hiking Boots,Quechua Women's SH500 Mid Hiking Boots,7.5,Black,55.00,55.0,USD,en-US,PW-08,10,quechua-womens-sh500-x-warm-waterproof-mid-hiking-boots-307238,https://cdn.shopify.com/s/files/1/1330/6287/files/8738739-product_image-p2579497_d6e60364-fb2e-4cb1-a691-e914e363cba1.jpg?v=1738149244,11
3583784247238,4530955,footwear,Shoes,Quechua Women's SH500 Mid Hiking Boots,Quechua Women's SH500 Mid Hiking Boots,8,Black,55.00,55.0,USD,en-US,PE-01,10,quechua-womens-sh500-x-warm-waterproof-mid-hiking-boots-307238,https://cdn.shopify.com/s/files/1/1330/6287/files/8738739-product_image-p2579497_d6e60364-fb2e-4cb1-a691-e914e363cba1.jpg?v=1738149244,11
3583784247245,4530956,footwear,Shoes,Quechua Women's SH500 Mid Hiking Boots,Quechua Women's SH500 Mid Hiking Boots,9,Black,55.00,55.0,USD,en-US,PE-02,9,quechua-womens-sh500-x-warm-waterproof-mid-hiking-boots-307238,https://cdn.shopify.com/s/files/1/1330/6287/files/8738739-product_image-p2579497_d6e60364-fb2e-4cb1-a691-e914e363cba1.jpg?v=1738149244,11
3583784247252,4530957,footwear,Shoes,Quechua Women's SH500 Mid Hiking Boots,Quechua Women's SH500 Mid Hiking Boots,9.5,Black,55.00,55.0,USD,en-US,PE-03,10,quechua-womens-sh500-x-warm-waterproof-mid-hiking-boots-307238,https://cdn.shopify.com/s/files/1/1330/6287/files/8738739-product_image-p2579497_d6e60364-fb2e-4cb1-a691-e914e363cba1.jpg?v=1738149244,11
3583784247269,4530958,footwear,Shoes,Quechua Women's SH500 Mid Hiking Boots,Quechua Women's SH500 Mid Hiking Boots,10.5,Black,55.00,55.0,USD,en-US,PE-04,13,quechua-womens-sh500-x-warm-waterproof-mid-hiking-boots-307238,https://cdn.shopify.com/s/files/1/1330/6287/files/8738739-product_image-p2579497_d6e60364-fb2e-4cb1-a691-e914e363cba1.jpg?v=1738149244,11
3583784247887,4312895,apparel,Down jacket,Simond Women's MT500 Hooded Down Puffer Jacket,Simond Women's MT500 Hooded Down Puffer Jacket,2XL,Ash Blue,179.00,179.0,USD,en-US,GB-R2-U7,21,simond-womens-mt500-hooded-down-puffer-jacket-7862-333323,https://cdn.shopify.com/s/files/1/1330/6287/files/8646583-product_image-p2920936_19f678ea-39fc-412f-905c-0b7226cc4fe0.jpg?v=1757465566,42
3583784247894,4312896,apparel,Down jacket,Simond Women's MT500 Hooded Down Puffer Jacket,Simond Women's MT500 Hooded Down Puffer Jacket,L,Ash Blue,179.00,179.0,USD,en-US,GB-R3-U1,17,simond-womens-mt500-hooded-down-puffer-jacket-7862-333323,https://cdn.shopify.com/s/files/1/1330/6287/files/8646583-product_image-p2920936_19f678ea-39fc-412f-905c-0b7226cc4fe0.jpg?v=1757465566,42
3583784248303,4312897,apparel,Down jacket,Simond Women's MT500 Hooded Down Puffer Jacket,Simond Women's MT500 Hooded Down Puffer Jacket,M,Ash Blue,179.00,179.0,USD,en-US,GB-R3-U2,14,simond-womens-mt500-hooded-down-puffer-jacket-7862-333323,https://cdn.shopify.com/s/files/1/1330/6287/files/8646583-product_image-p2920936_19f678ea-39fc-412f-905c-0b7226cc4fe0.jpg?v=1757465566,42
3583784248310,4312898,apparel,Down jacket,Simond Women's MT500 Hooded Down Puffer Jacket,Simond Women's MT500 Hooded Down Puffer Jacket,S,Ash Blue,179.00,179.0,USD,en-US,GB-R3-U3,12,simond-womens-mt500-hooded-down-puffer-jacket-7862-333323,https://cdn.shopify.com/s/files/1/1330/6287/files/8646583-product_image-p2920936_19f678ea-39fc-412f-905c-0b7226cc4fe0.jpg?v=1757465566,42
3583784248327,4312899,apparel,Down jacket,Simond Women's MT500 Hooded Down Puffer Jacket,Simond Women's MT500 Hooded Down Puffer Jacket,XL,Ash Blue,179.00,179.0,USD,en-US,GB-R3-U4,19,simond-womens-mt500-hooded-down-puffer-jacket-7862-333323,https://cdn.shopify.com/s/files/1/1330/6287/files/8646583-product_image-p2920936_19f678ea-39fc-412f-905c-0b7226cc4fe0.jpg?v=1757465566,42
3583784248693,4246405,apparel,Down jacket,Simond Men's MT500 Hooded Down Puffer Jacket,Simond Men's MT500 Hooded Down Puffer Jacket,2XL,Dark Petrol Blue,179.00,179.0,USD,en-US,GB-R3-U5,12,forclaz-mens-mt500-hooded-down-puffer-jacket-331151,https://cdn.shopify.com/s/files/1/1330/6287/files/8666110-product_image-p2920891.jpg?v=1762800025,50
3583784248969,4391991,apparel,Down jacket,Simond Men's MT500 Hooded Down Puffer Jacket,Simond Men's MT500 Hooded Down Puffer Jacket,S,Cayenne,179.00,179.0,USD,en-US,GB-R3-U6,13,forclaz-mens-mt500-hooded-down-puffer-jacket-331151,https://cdn.shopify.com/s/files/1/1330/6287/files/8666110-product_image-p2920891.jpg?v=1762800025,50
3583784248976,4391992,apparel,Down jacket,Simond Men's MT500 Hooded Down Puffer Jacket,Simond Men's MT500 Hooded Down Puffer Jacket,M,Cayenne,179.00,179.0,USD,en-US,GB-R3-U7,17,forclaz-mens-mt500-hooded-down-puffer-jacket-331151,https://cdn.shopify.com/s/files/1/1330/6287/files/8666110-product_image-p2920891.jpg?v=1762800025,50
3583784248983,4391993,apparel,Down jacket,Simond Men's MT500 Hooded Down Puffer Jacket,Simond Men's MT500 Hooded Down Puffer Jacket,L,Cayenne,179.00,179.0,USD,en-US,GB-R4-U1,17,forclaz-mens-mt500-hooded-down-puffer-jacket-331151,https://cdn.shopify.com/s/files/1/1330/6287/files/8666110-product_image-p2920891.jpg?v=1762800025,50
3583784248990,4391994,apparel,Down jacket,Simond Men's MT500 Hooded Down Puffer Jacket,Simond Men's MT500 Hooded Down Puffer Jacket,XL,Cayenne,179.00,179.0,USD,en-US,GB-R4-U2,17,forclaz-mens-mt500-hooded-down-puffer-jacket-331151,https://cdn.shopify.com/s/files/1/1330/6287/files/8666110-product_image-p2920891.jpg?v=1762800025,50
3583784249300,4246406,apparel,Down jacket,Simond Men's MT500 Hooded Down Puffer Jacket,Simond Men's MT500 Hooded Down Puffer Jacket,3XL,Dark Petrol Blue,179.00,179.0,USD,en-US,GB-R4-U3,10,forclaz-mens-mt500-hooded-down-puffer-jacket-331151,https://cdn.shopify.com/s/files/1/1330/6287/files/8666110-product_image-p2920891.jpg?v=1762800025,50
3583784249317,4246407,apparel,Down jacket,Simond Men's MT500 Hooded Down Puffer Jacket,Simond Men's MT500 Hooded Down Puffer Jacket,L,Dark Petrol Blue,179.00,179.0,USD,en-US,GB-R4-U4,16,forclaz-mens-mt500-hooded-down-puffer-jacket-331151,https://cdn.shopify.com/s/files/1/1330/6287/files/8666110-product_image-p2920891.jpg?v=1762800025,50
3583784249324,4246408,apparel,Down jacket,Simond Men's MT500 Hooded Down Puffer Jacket,Simond Men's MT500 Hooded Down Puffer Jacket,M,Dark Petrol Blue,179.00,179.0,USD,en-US,GB-R4-U5,15,forclaz-mens-mt500-hooded-down-puffer-jacket-331151,https://cdn.shopify.com/s/files/1/1330/6287/files/8666110-product_image-p2920891.jpg?v=1762800025,50
3583784249331,4246409,apparel,Down jacket,Simond Men's MT500 Hooded Down Puffer Jacket,Simond Men's MT500 Hooded Down Puffer Jacket,S,Dark Petrol Blue,179.00,179.0,USD,en-US,GB-R4-U6,12,forclaz-mens-mt500-hooded-down-puffer-jacket-331151,https://cdn.shopify.com/s/files/1/1330/6287/files/8666110-product_image-p2920891.jpg?v=1762800025,50
3583784249348,4246410,apparel,Down jacket,Simond Men's MT500 Hooded Down Puffer Jacket,Simond Men's MT500 Hooded Down Puffer Jacket,XL,Dark Petrol Blue,179.00,179.0,USD,en-US,GB-R4-U7,17,forclaz-mens-mt500-hooded-down-puffer-jacket-331151,https://cdn.shopify.com/s/files/1/1330/6287/files/8666110-product_image-p2920891.jpg?v=1762800025,50
3583784249409,4391996,apparel,Down jacket,Simond Men's MT500 Hooded Down Puffer Jacket,Simond Men's MT500 Hooded Down Puffer Jacket,2XL,Cayenne,179.00,179.0,USD,en-US,FR-01,17,forclaz-mens-mt500-hooded-down-puffer-jacket-331151,https://cdn.shopify.com/s/files/1/1330/6287/files/8666110-product_image-p2920891.jpg?v=1762800025,50
3583784249416,4391997,apparel,Down jacket,Simond Men's MT500 Hooded Down Puffer Jacket,Simond Men's MT500 Hooded Down Puffer Jacket,3XL,Cayenne,179.00,179.0,USD,en-US,FR-02,14,forclaz-mens-mt500-hooded-down-puffer-jacket-331151,https://cdn.shopify.com/s/files/1/1330/6287/files/8666110-product_image-p2920891.jpg?v=1762800025,50
3583784258081,4631288,apparel,Fleece,Quechua Men's SH100 Fleece Winter Jacket,Quechua Men's SH100 Fleece Winter Jacket,S,Asphalt Blue,69.99,69.99,USD,en-US,FR-03,14,quechua-mens-sh100-fleece-winter-jacket-342183,https://cdn.shopify.com/s/files/1/1330/6287/files/8749770-product_image-p2607152.jpg?v=1755805950,11
3583784258098,4631289,apparel,Fleece,Quechua Men's SH100 Fleece Winter Jacket,Quechua Men's SH100 Fleece Winter Jacket,M,Asphalt Blue,69.99,69.99,USD,en-US,FR-04,18,quechua-mens-sh100-fleece-winter-jacket-342183,https://cdn.shopify.com/s/files/1/1330/6287/files/8749770-product_image-p2607152.jpg?v=1755805950,11
3583784261104,4631290,apparel,Fleece,Quechua Men's SH100 Fleece Winter Jacket,Quechua Men's SH100 Fleece Winter Jacket,L,Asphalt Blue,69.99,69.99,USD,en-US,GF-R1-U1,14,quechua-mens-sh100-fleece-winter-jacket-342183,https://cdn.shopify.com/s/files/1/1330/6287/files/8749770-product_image-p2607152.jpg?v=1755805950,11
3583784261111,4631291,apparel,Fleece,Quechua Men's SH100 Fleece Winter Jacket,Quechua Men's SH100 Fleece Winter Jacket,XL,Asphalt Blue,69.99,69.99,USD,en-US,GF-R1-U2,11,quechua-mens-sh100-fleece-winter-jacket-342183,https://cdn.shopify.com/s/files/1/1330/6287/files/8749770-product_image-p2607152.jpg?v=1755805950,11
3583784261128,4631292,apparel,Fleece,Quechua Men's SH100 Fleece Winter Jacket,Quechua Men's SH100 Fleece Winter Jacket,2XL,Asphalt Blue,69.99,69.99,USD,en-US,GF-R1-U3,11,quechua-mens-sh100-fleece-winter-jacket-342183,https://cdn.shopify.com/s/files/1/1330/6287/files/8749770-product_image-p2607152.jpg?v=1755805950,11
3583784261135,4631293,apparel,Fleece,Quechua Men's SH100 Fleece Winter Jacket,Quechua Men's SH100 Fleece Winter Jacket,3XL,Asphalt Blue,69.99,69.99,USD,en-US,GF-R1-U4,12,quechua-mens-sh100-fleece-winter-jacket-342183,https://cdn.shopify.com/s/files/1/1330/6287/files/8749770-product_image-p2607152.jpg?v=1755805950,11
3583784264679,4545499,apparel,Fleece,Quechua Women's Warm Hybrid Fleece Hiking Jacket,Quechua Women's Warm Hybrid Fleece Hiking Jacket,S,Smoked Black,60.00,60.0,USD,en-US,GF-R1-U5,18,quechua-womens-warm-hybrid-fleece-hiking-jacket-sh900-mountain-159235,https://cdn.shopify.com/s/files/1/1330/6287/files/8755487-product_image-p2718222.jpg?v=1755803806,8
3583784264686,4545500,apparel,Fleece,Quechua Women's Warm Hybrid Fleece Hiking Jacket,Quechua Women's Warm Hybrid Fleece Hiking Jacket,M,Smoked Black,60.00,60.0,USD,en-US,GF-R1-U6,19,quechua-womens-warm-hybrid-fleece-hiking-jacket-sh900-mountain-159235,https://cdn.shopify.com/s/files/1/1330/6287/files/8755487-product_image-p2718222.jpg?v=1755803806,8
3583784264693,4545501,apparel,Fleece,Quechua Women's Warm Hybrid Fleece Hiking Jacket,Quechua Women's Warm Hybrid Fleece Hiking Jacket,L,Smoked Black,60.00,60.0,USD,en-US,GF-R1-U7,12,quechua-womens-warm-hybrid-fleece-hiking-jacket-sh900-mountain-159235,https://cdn.shopify.com/s/files/1/1330/6287/files/8755487-product_image-p2718222.jpg?v=1755803806,8
3583784266406,4545502,apparel,Fleece,Quechua Women's Warm Hybrid Fleece Hiking Jacket,Quechua Women's Warm Hybrid Fleece Hiking Jacket,XL,Smoked Black,60.00,60.0,USD,en-US,GF-R2-U1,11,quechua-womens-warm-hybrid-fleece-hiking-jacket-sh900-mountain-159235,https://cdn.shopify.com/s/files/1/1330/6287/files/8755487-product_image-p2718222.jpg?v=1755803806,8
3583784266413,4545503,apparel,Fleece,Quechua Women's Warm Hybrid Fleece Hiking Jacket,Quechua Women's Warm Hybrid Fleece Hiking Jacket,2XL,Smoked Black,60.00,60.0,USD,en-US,GF-R2-U2,10,quechua-womens-warm-hybrid-fleece-hiking-jacket-sh900-mountain-159235,https://cdn.shopify.com/s/files/1/1330/6287/files/8755487-product_image-p2718222.jpg?v=1755803806,8
3583784270458,4299350,apparel,Jacket,Wedze Kids' 550 Warm Waterproof Ski Jacket,Wedze Kids' 550 Warm Waterproof Ski Jacket,10 Years,Deep Teal,99.99,99.99,USD,en-US,GF-R2-U3,16,wedze-kids-warm-and-waterproof-ski-jacket-550-blue-332572-fw25,https://cdn.shopify.com/s/files/1/1330/6287/files/8645261-product_image-p2598763.jpg?v=1755289872,11
3583784270465,4299351,apparel,Jacket,Wedze Kids' 550 Warm Waterproof Ski Jacket,Wedze Kids' 550 Warm Waterproof Ski Jacket,12 Years,Deep Teal,99.99,99.99,USD,en-US,GF-R2-U4,19,wedze-kids-warm-and-waterproof-ski-jacket-550-blue-332572-fw25,https://cdn.shopify.com/s/files/1/1330/6287/files/8645261-product_image-p2598763.jpg?v=1755289872,11
3583784270472,4299352,apparel,Jacket,Wedze Kids' 550 Warm Waterproof Ski Jacket,Wedze Kids' 550 Warm Waterproof Ski Jacket,14 Years,Deep Teal,99.99,99.99,USD,en-US,GF-R2-U5,21,wedze-kids-warm-and-waterproof-ski-jacket-550-blue-332572-fw25,https://cdn.shopify.com/s/files/1/1330/6287/files/8645261-product_image-p2598763.jpg?v=1755289872,11
3583784270489,4299353,apparel,Jacket,Wedze Kids' 550 Warm Waterproof Ski Jacket,Wedze Kids' 550 Warm Waterproof Ski Jacket,6 Years,Deep Teal,99.99,99.99,USD,en-US,GF-R2-U6,11,wedze-kids-warm-and-waterproof-ski-jacket-550-blue-332572-fw25,https://cdn.shopify.com/s/files/1/1330/6287/files/8645261-product_image-p2598763.jpg?v=1755289872,11
3583784270496,4299354,apparel,Jacket,Wedze Kids' 550 Warm Waterproof Ski Jacket,Wedze Kids' 550 Warm Waterproof Ski Jacket,8 Years,Deep Teal,99.99,99.99,USD,en-US,GF-R2-U7,16,wedze-kids-warm-and-waterproof-ski-jacket-550-blue-332572-fw25,https://cdn.shopify.com/s/files/1/1330/6287/files/8645261-product_image-p2598763.jpg?v=1755289872,11
3583784272414,4299408,apparel,Ski pants,Wedze Kids' 500 PNF Warm Waterproof Snow Pants,Wedze Kids' 500 PNF Warm Waterproof Snow Pants,10 - 12 Years,Graphite Black,69.99,69.99,USD,en-US,GF-R3-U1,12,wedze-kids-warm-and-waterproof-ski-pants-500-pnf-black-332477-fw25,https://cdn.shopify.com/s/files/1/1330/6287/files/8645272-product_image-p2598957.jpg?v=1755289869,8
3583784272421,4299409,apparel,Ski pants,Wedze Kids' 500 PNF Warm Waterproof Snow Pants,Wedze Kids' 500 PNF Warm Waterproof Snow Pants,12 - 14 Years,Graphite Black,69.99,69.99,USD,en-US,GF-R3-U2,13,wedze-kids-warm-and-waterproof-ski-pants-500-pnf-black-332477-fw25,https://cdn.shopify.com/s/files/1/1330/6287/files/8645272-product_image-p2598957.jpg?v=1755289869,8
3583784272438,4299410,apparel,Ski pants,Wedze Kids' 500 PNF Warm Waterproof Snow Pants,Wedze Kids' 500 PNF Warm Waterproof Snow Pants,6 - 8 Years,Graphite Black,69.99,69.99,USD,en-US,GF-R3-U3,10,wedze-kids-warm-and-waterproof-ski-pants-500-pnf-black-332477-fw25,https://cdn.shopify.com/s/files/1/1330/6287/files/8645272-product_image-p2598957.jpg?v=1755289869,8
3583784272445,4299411,apparel,Ski pants,Wedze Kids' 500 PNF Warm Waterproof Snow Pants,Wedze Kids' 500 PNF Warm Waterproof Snow Pants,8 - 10 Years,Graphite Black,69.99,69.99,USD,en-US,GF-R3-U4,15,wedze-kids-warm-and-waterproof-ski-pants-500-pnf-black-332477-fw25,https://cdn.shopify.com/s/files/1/1330/6287/files/8645272-product_image-p2598957.jpg?v=1755289869,8
3583784272452,4666757,apparel,Ski pants,Wedze Kids' 500 PNF Warm Waterproof Snow Pants,Wedze Kids' 500 PNF Warm Waterproof Snow Pants,14 - 16 Years,Graphite Black,69.99,69.99,USD,en-US,GF-R3-U5,16,wedze-kids-warm-and-waterproof-ski-pants-500-pnf-black-332477-fw25,https://cdn.shopify.com/s/files/1/1330/6287/files/8645272-product_image-p2598957.jpg?v=1755289869,8
3583784279314,2911289,apparel,Jacket,Wedze Women's 100 Mid-Length Warm Ski Jacket,Wedze Women's 100 Mid-Length Warm Ski Jacket,2XL,Asphalt Blue,119.99,119.99,USD,en-US,GF-R3-U6,15,wedze-womens-mid-length-warm-ski-jacket-100-navy-blue-310716-fw25,https://cdn.shopify.com/s/files/1/1330/6287/files/8563105-product_image-p2747988.jpg?v=1755560863,26
3583784279338,2911291,apparel,Jacket,Wedze Women's 100 Mid-Length Warm Ski Jacket,Wedze Women's 100 Mid-Length Warm Ski Jacket,L,Asphalt Blue,119.99,119.99,USD,en-US,GF-R3-U7,12,wedze-womens-mid-length-warm-ski-jacket-100-navy-blue-310716-fw25,https://cdn.shopify.com/s/files/1/1330/6287/files/8563105-product_image-p2747988.jpg?v=1755560863,26
3583784279345,2911292,apparel,Jacket,Wedze Women's 100 Mid-Length Warm Ski Jacket,Wedze Women's 100 Mid-Length Warm Ski Jacket,M,Asphalt Blue,119.99,119.99,USD,en-US,GF-R4-U1,11,wedze-womens-mid-length-warm-ski-jacket-100-navy-blue-310716-fw25,https://cdn.shopify.com/s/files/1/1330/6287/files/8563105-product_image-p2747988.jpg?v=1755560863,26
3583784279352,2911293,apparel,Jacket,Wedze Women's 100 Mid-Length Warm Ski Jacket,Wedze Women's 100 Mid-Length Warm Ski Jacket,S,Asphalt Blue,119.99,119.99,USD,en-US,GF-R4-U2,15,wedze-womens-mid-length-warm-ski-jacket-100-navy-blue-310716-fw25,https://cdn.shopify.com/s/files/1/1330/6287/files/8563105-product_image-p2747988.jpg?v=1755560863,26
3583784279369,2911294,apparel,Jacket,Wedze Women's 100 Mid-Length Warm Ski Jacket,Wedze Women's 100 Mid-Length Warm Ski Jacket,XL,Asphalt Blue,119.99,119.99,USD,en-US,GF-R4-U3,10,wedze-womens-mid-length-warm-ski-jacket-100-navy-blue-310716-fw25,https://cdn.shopify.com/s/files/1/1330/6287/files/8563105-product_image-p2747988.jpg?v=1755560863,26
3583784279598,2911275,apparel,Jacket,Wedze Women's 100 Mid-Length Warm Ski Jacket,Wedze Women's 100 Mid-Length Warm Ski Jacket,2XL,Snowy White,119.99,119.99,USD,en-US,GF-R4-U4,10,wedze-womens-mid-length-warm-ski-jacket-100-navy-blue-310716-fw25,https://cdn.shopify.com/s/files/1/1330/6287/files/8563105-product_image-p2747988.jpg?v=1755560863,26
3583784280327,4549569,apparel,Jacket,Wedze Men's 100 Mid-Length Warm Ski Jacket,Wedze Men's 100 Mid-Length Warm Ski Jacket,S,Asphalt Blue,119.99,119.99,USD,en-US,GF-R4-U5,17,wedze-mens-mid-length-warm-ski-jacket-100-black-white-332684-fw25,https://cdn.shopify.com/s/files/1/1330/6287/files/8755209-product_image-p2577393.jpg?v=1755549439,23
3583784280334,4549570,apparel,Jacket,Wedze Men's 100 Mid-Length Warm Ski Jacket,Wedze Men's 100 Mid-Length Warm Ski Jacket,M,Asphalt Blue,119.99,119.99,USD,en-US,GF-R4-U6,12,wedze-mens-mid-length-warm-ski-jacket-100-black-white-332684-fw25,https://cdn.shopify.com/s/files/1/1330/6287/files/8755209-product_image-p2577393.jpg?v=1755549439,23
3583784280341,4549571,apparel,Jacket,Wedze Men's 100 Mid-Length Warm Ski Jacket,Wedze Men's 100 Mid-Length Warm Ski Jacket,L,Asphalt Blue,119.99,119.99,USD,en-US,GF-R4-U7,10,wedze-mens-mid-length-warm-ski-jacket-100-black-white-332684-fw25,https://cdn.shopify.com/s/files/1/1330/6287/files/8755209-product_image-p2577393.jpg?v=1755549439,23
3583784280358,4549572,apparel,Jacket,Wedze Men's 100 Mid-Length Warm Ski Jacket,Wedze Men's 100 Mid-Length Warm Ski Jacket,XL,Asphalt Blue,119.99,119.99,USD,en-US,GB-R1-U1,14,wedze-mens-mid-length-warm-ski-jacket-100-black-white-332684-fw25,https://cdn.shopify.com/s/files/1/1330/6287/files/8755209-product_image-p2577393.jpg?v=1755549439,23
3583784280365,4549573,apparel,Jacket,Wedze Men's 100 Mid-Length Warm Ski Jacket,Wedze Men's 100 Mid-Length Warm Ski Jacket,2XL,Asphalt Blue,119.99,119.99,USD,en-US,GB-R1-U2,13,wedze-mens-mid-length-warm-ski-jacket-100-black-white-332684-fw25,https://cdn.shopify.com/s/files/1/1330/6287/files/8755209-product_image-p2577393.jpg?v=1755549439,23
3583784280372,4549574,apparel,Jacket,Wedze Men's 100 Mid-Length Warm Ski Jacket,Wedze Men's 100 Mid-Length Warm Ski Jacket,3XL,Asphalt Blue,119.99,119.99,USD,en-US,GB-R1-U3,12,wedze-mens-mid-length-warm-ski-jacket-100-black-white-332684-fw25,https://cdn.shopify.com/s/files/1/1330/6287/files/8755209-product_image-p2577393.jpg?v=1755549439,23
3583784280914,2911277,apparel,Jacket,Wedze Women's 100 Mid-Length Warm Ski Jacket,Wedze Women's 100 Mid-Length Warm Ski Jacket,L,Snowy White,119.99,119.99,USD,en-US,GB-R1-U4,13,wedze-womens-mid-length-warm-ski-jacket-100-navy-blue-310716-fw25,https://cdn.shopify.com/s/files/1/1330/6287/files/8563105-product_image-p2747988.jpg?v=1755560863,26
3583784280921,2911278,apparel,Jacket,Wedze Women's 100 Mid-Length Warm Ski Jacket,Wedze Women's 100 Mid-Length Warm Ski Jacket,M,Snowy White,119.99,119.99,USD,en-US,GB-R1-U5,11,wedze-womens-mid-length-warm-ski-jacket-100-navy-blue-310716-fw25,https://cdn.shopify.com/s/files/1/1330/6287/files/8563105-product_image-p2747988.jpg?v=1755560863,26
3583784280938,2911279,apparel,Jacket,Wedze Women's 100 Mid-Length Warm Ski Jacket,Wedze Women's 100 Mid-Length Warm Ski Jacket,S,Snowy White,119.99,119.99,USD,en-US,GB-R1-U6,18,wedze-womens-mid-length-warm-ski-jacket-100-navy-blue-310716-fw25,https://cdn.shopify.com/s/files/1/1330/6287/files/8563105-product_image-p2747988.jpg?v=1755560863,26
3583784280945,2911280,apparel,Jacket,Wedze Women's 100 Mid-Length Warm Ski Jacket,Wedze Women's 100 Mid-Length Warm Ski Jacket,XL,Snowy White,119.99,119.99,USD,en-US,GB-R1-U7,11,wedze-womens-mid-length-warm-ski-jacket-100-navy-blue-310716-fw25,https://cdn.shopify.com/s/files/1/1330/6287/files/8563105-product_image-p2747988.jpg?v=1755560863,26
3583784285490,4630474,apparel,Fleece,Quechua Men's MH120 Fleece Hiking Jacket,Quechua Men's MH120 Fleece Hiking Jacket,S,Laurel Green,24.00,24.0,USD,en-US,GB-R2-U1,17,quechua-mens-hiking-fleece-jacket-mh120-333908,https://cdn.shopify.com/s/files/1/1330/6287/files/8749613-product_image-p2387087.jpg?v=1755805888,14
3583784286404,4630475,apparel,Fleece,Quechua Men's MH120 Fleece Hiking Jacket,Quechua Men's MH120 Fleece Hiking Jacket,M,Laurel Green,24.00,24.0,USD,en-US,GB-R2-U2,20,quechua-mens-hiking-fleece-jacket-mh120-333908,https://cdn.shopify.com/s/files/1/1330/6287/files/8749613-product_image-p2387087.jpg?v=1755805888,14
3583784286411,4630476,apparel,Fleece,Quechua Men's MH120 Fleece Hiking Jacket,Quechua Men's MH120 Fleece Hiking Jacket,L,Laurel Green,24.00,24.0,USD,en-US,GB-R2-U3,17,quechua-mens-hiking-fleece-jacket-mh120-333908,https://cdn.shopify.com/s/files/1/1330/6287/files/8749613-product_image-p2387087.jpg?v=1755805888,14
3583784286428,4630477,apparel,Fleece,Quechua Men's MH120 Fleece Hiking Jacket,Quechua Men's MH120 Fleece Hiking Jacket,XL,Laurel Green,24.00,24.0,USD,en-US,GB-R2-U4,15,quechua-mens-hiking-fleece-jacket-mh120-333908,https://cdn.shopify.com/s/files/1/1330/6287/files/8749613-product_image-p2387087.jpg?v=1755805888,14
3583784286435,4630478,apparel,Fleece,Quechua Men's MH120 Fleece Hiking Jacket,Quechua Men's MH120 Fleece Hiking Jacket,2XL,Laurel Green,24.00,24.0,USD,en-US,GB-R2-U5,19,quechua-mens-hiking-fleece-jacket-mh120-333908,https://cdn.shopify.com/s/files/1/1330/6287/files/8749613-product_image-p2387087.jpg?v=1755805888,14
3583784286442,4630479,apparel,Fleece,Quechua Men's MH120 Fleece Hiking Jacket,Quechua Men's MH120 Fleece Hiking Jacket,3XL,Laurel Green,24.00,24.0,USD,en-US,GB-R2-U6,16,quechua-mens-hiking-fleece-jacket-mh120-333908,https://cdn.shopify.com/s/files/1/1330/6287/files/8749613-product_image-p2387087.jpg?v=1755805888,14
3583784289160,4602906,apparel,Ski pants,Wedze Women's 500 Slim Waterproof Snow Pants,Wedze Women's 500 Slim Waterproof Snow Pants,XS - S,Smoked Black,119.00,119.0,USD,en-US,GB-R2-U7,19,wedze-womens-ski-pants-500-slim-black-328165-fw25,https://cdn.shopify.com/s/files/1/1330/6287/files/8602800-product_image-p2382287.jpg?v=1755561223,8
3583784289177,4602907,apparel,Ski pants,Wedze Women's 500 Slim Waterproof Snow Pants,Wedze Women's 500 Slim Waterproof Snow Pants,S,Smoked Black,119.00,119.0,USD,en-US,GB-R3-U1,11,wedze-womens-ski-pants-500-slim-black-328165-fw25,https://cdn.shopify.com/s/files/1/1330/6287/files/8602800-product_image-p2382287.jpg?v=1755561223,8
3583784289184,4602908,apparel,Ski pants,Wedze Women's 500 Slim Waterproof Snow Pants,Wedze Women's 500 Slim Waterproof Snow Pants,M,Smoked Black,119.00,119.0,USD,en-US,GB-R3-U2,21,wedze-womens-ski-pants-500-slim-black-328165-fw25,https://cdn.shopify.com/s/files/1/1330/6287/files/8602800-product_image-p2382287.jpg?v=1755561223,8
3583784289191,4602909,apparel,Ski pants,Wedze Women's 500 Slim Waterproof Snow Pants,Wedze Women's 500 Slim Waterproof Snow Pants,L,Smoked Black,119.00,119.0,USD,en-US,GB-R3-U3,10,wedze-womens-ski-pants-500-slim-black-328165-fw25,https://cdn.shopify.com/s/files/1/1330/6287/files/8602800-product_image-p2382287.jpg?v=1755561223,8
3583784289801,4602911,apparel,Ski pants,Wedze Women's 500 Slim Waterproof Snow Pants,Wedze Women's 500 Slim Waterproof Snow Pants,L / XL,Smoked Black,119.00,119.0,USD,en-US,GB-R3-U4,21,wedze-womens-ski-pants-500-slim-black-328165-fw25,https://cdn.shopify.com/s/files/1/1330/6287/files/8602800-product_image-p2382287.jpg?v=1755561223,8
3583784289818,4602912,apparel,Ski pants,Wedze Women's 500 Slim Waterproof Snow Pants,Wedze Women's 500 Slim Waterproof Snow Pants,XL,Smoked Black,119.00,119.0,USD,en-US,GB-R3-U5,21,wedze-womens-ski-pants-500-slim-black-328165-fw25,https://cdn.shopify.com/s/files/1/1330/6287/files/8602800-product_image-p2382287.jpg?v=1755561223,8
3583784289825,4602913,apparel,Ski pants,Wedze Women's 500 Slim Waterproof Snow Pants,Wedze Women's 500 Slim Waterproof Snow Pants,2XL,Smoked Black,119.00,119.0,USD,en-US,GB-R3-U6,18,wedze-womens-ski-pants-500-slim-black-328165-fw25,https://cdn.shopify.com/s/files/1/1330/6287/files/8602800-product_image-p2382287.jpg?v=1755561223,8
3583784289832,4602914,apparel,Ski pants,Wedze Women's 500 Slim Waterproof Snow Pants,Wedze Women's 500 Slim Waterproof Snow Pants,3XL,Smoked Black,119.00,119.0,USD,en-US,GB-R3-U7,18,wedze-womens-ski-pants-500-slim-black-328165-fw25,https://cdn.shopify.com/s/files/1/1330/6287/files/8602800-product_image-p2382287.jpg?v=1755561223,8
3583784298599,4294662,footwear,Snow boots,Quechua Women's SH500 Warm Waterproof Snow Hiking Boots,Quechua Women's SH500 Warm Waterproof Snow Hiking Boots,5.5,Sand,95.00,95.0,USD,en-US,PE-05,13,womens-sh500-warm-waterproof-snow-hiking-boots-332914,https://cdn.shopify.com/s/files/1/1330/6287/files/8644860-product_image-p2289103.jpg?v=1703075803,13
3583784303002,4294663,footwear,Snow boots,Quechua Women's SH500 Warm Waterproof Snow Hiking Boots,Quechua Women's SH500 Warm Waterproof Snow Hiking Boots,6.5,Sand,95.00,95.0,USD,en-US,FB-01,13,womens-sh500-warm-waterproof-snow-hiking-boots-332914,https://cdn.shopify.com/s/files/1/1330/6287/files/8644860-product_image-p2289103.jpg?v=1703075803,13
3583784303019,4294664,footwear,Snow boots,Quechua Women's SH500 Warm Waterproof Snow Hiking Boots,Quechua Women's SH500 Warm Waterproof Snow Hiking Boots,7.5,Sand,95.00,95.0,USD,en-US,GA-01,7,womens-sh500-warm-waterproof-snow-hiking-boots-332914,https://cdn.shopify.com/s/files/1/1330/6287/files/8644860-product_image-p2289103.jpg?v=1703075803,13
3583784303026,4294665,footwear,Snow boots,Quechua Women's SH500 Warm Waterproof Snow Hiking Boots,Quechua Women's SH500 Warm Waterproof Snow Hiking Boots,8,Sand,95.00,95.0,USD,en-US,GA-02,7,womens-sh500-warm-waterproof-snow-hiking-boots-332914,https://cdn.shopify.com/s/files/1/1330/6287/files/8644860-product_image-p2289103.jpg?v=1703075803,13
3583784303033,4294666,footwear,Snow boots,Quechua Women's SH500 Warm Waterproof Snow Hiking Boots,Quechua Women's SH500 Warm Waterproof Snow Hiking Boots,9,Sand,95.00,95.0,USD,en-US,PW-01,9,womens-sh500-warm-waterproof-snow-hiking-boots-332914,https://cdn.shopify.com/s/files/1/1330/6287/files/8644860-product_image-p2289103.jpg?v=1703075803,13
3583784303040,4294667,footwear,Snow boots,Quechua Women's SH500 Warm Waterproof Snow Hiking Boots,Quechua Women's SH500 Warm Waterproof Snow Hiking Boots,9.5,Sand,95.00,95.0,USD,en-US,PW-02,12,womens-sh500-warm-waterproof-snow-hiking-boots-332914,https://cdn.shopify.com/s/files/1/1330/6287/files/8644860-product_image-p2289103.jpg?v=1703075803,13
3583784303057,4294668,footwear,Snow boots,Quechua Women's SH500 Warm Waterproof Snow Hiking Boots,Quechua Women's SH500 Warm Waterproof Snow Hiking Boots,10.5,Sand,95.00,95.0,USD,en-US,PW-03,8,womens-sh500-warm-waterproof-snow-hiking-boots-332914,https://cdn.shopify.com/s/files/1/1330/6287/files/8644860-product_image-p2289103.jpg?v=1703075803,13
3583784316965,4392017,apparel,Down jacket,Simond Men's MT500 Hooded Down Puffer Jacket,Simond Men's MT500 Hooded Down Puffer Jacket,S,No Dye,125.00,125.0,USD,en-US,GB-R4-U1,11,forclaz-mens-mt500-hooded-down-puffer-jacket-331151,https://cdn.shopify.com/s/files/1/1330/6287/files/8666110-product_image-p2920891.jpg?v=1762800025,50
3583784316972,4392018,apparel,Down jacket,Simond Men's MT500 Hooded Down Puffer Jacket,Simond Men's MT500 Hooded Down Puffer Jacket,M,No Dye,125.00,125.0,USD,en-US,GB-R4-U2,10,forclaz-mens-mt500-hooded-down-puffer-jacket-331151,https://cdn.shopify.com/s/files/1/1330/6287/files/8666110-product_image-p2920891.jpg?v=1762800025,50
3583784316989,4392019,apparel,Down jacket,Simond Men's MT500 Hooded Down Puffer Jacket,Simond Men's MT500 Hooded Down Puffer Jacket,L,No Dye,125.00,125.0,USD,en-US,GB-R4-U3,14,forclaz-mens-mt500-hooded-down-puffer-jacket-331151,https://cdn.shopify.com/s/files/1/1330/6287/files/8666110-product_image-p2920891.jpg?v=1762800025,50
3583784316996,4392020,apparel,Down jacket,Simond Men's MT500 Hooded Down Puffer Jacket,Simond Men's MT500 Hooded Down Puffer Jacket,XL,No Dye,125.00,125.0,USD,en-US,GB-R4-U4,13,forclaz-mens-mt500-hooded-down-puffer-jacket-331151,https://cdn.shopify.com/s/files/1/1330/6287/files/8666110-product_image-p2920891.jpg?v=1762800025,50
3583784317603,4392021,apparel,Down jacket,Simond Men's MT500 Hooded Down Puffer Jacket,Simond Men's MT500 Hooded Down Puffer Jacket,2XL,No Dye,125.00,125.0,USD,en-US,GB-R4-U5,12,forclaz-mens-mt500-hooded-down-puffer-jacket-331151,https://cdn.shopify.com/s/files/1/1330/6287/files/8666110-product_image-p2920891.jpg?v=1762800025,50
3583784321174,4557031,apparel,Parka,Quechua Women's NH900 Waterproof Parka,Quechua Women's NH900 Waterproof Parka,3XL,Linen,229.00,229.0,USD,en-US,GB-R4-U6,21,quechua-womens-sh900-waterproof-parka-340412-fw25,https://cdn.shopify.com/s/files/1/1330/6287/files/8755570-product_image-p2718206.jpg?v=1755549509,16
3583784326797,4270723,apparel,Fleece,Quechua Women's NH100 U-Warm Hooded Fleece,Quechua Women's NH100 U-Warm Hooded Fleece,3XL,Steel Blue,55.00,55.0,USD,en-US,GB-R4-U7,18,quechua-womens-sh100-u-warm-fleece-jacket-305153-fw25-fw25,https://cdn.shopify.com/s/files/1/1330/6287/files/8641489-product_image-p2718220.jpg?v=1755621462,9
3583784330473,4270097,accessories,Socks,Quechua SH500 Mid 2-Pair Winter Hiking Warm Socks,Quechua SH500 Mid 2-Pair Winter Hiking Warm Socks,W15-18 / M13-15,Black,24.99,24.99,USD,en-US,GB-R5-U1,10,quechua-sh500-mid-hiking-socks-2-pairs-307024,https://cdn.shopify.com/s/files/1/1330/6287/files/8641372-product_image-p2611053.jpg?v=1755814034,6
3583784360562,4264177,apparel,Jacket,Quechua Women's NH500 Waterproof Winter Hiking Jacket,Quechua Women's NH500 Waterproof Winter Hiking Jacket,3XL,Light Gray Blue,99.99,99.99,USD,en-US,FR-01,13,quechua-womens-hiking-waterproof-winter-jacket-sh500-14-f-331299-fw25-fw25,https://cdn.shopify.com/s/files/1/1330/6287/files/8640296-product_image-p2718256.jpg?v=1755621479,9
3583784414432,4272517,apparel,Jacket,Quechua Men's NH500 Waterproof Winter Jacket,Quechua Men's NH500 Waterproof Winter Jacket,4XL,Black,99.99,99.99,USD,en-US,FR-02,20,mens-hiking-waterproof-winter-jacket-sh500-14-f-331992,https://cdn.shopify.com/s/files/1/1330/6287/files/8641932-product_image-p2294311.jpg?v=1718730856,7
3583784414500,4598059,apparel,Trousers/pants,Quechua Men's NH500 Water Repellent Ventilated Hiking Pants,Quechua Men's NH500 Water Repellent Ventilated Hiking Pants,W44 L34,Graphite Grey,119.00,119.0,USD,en-US,FR-03,21,quechua-mens-warm-water-repellent-ventilated-hiking-pants-sh500-mountain-ventil-341877-fw25,https://cdn.shopify.com/s/files/1/1330/6287/files/8751586-product_image-p2583210.jpg?v=1755549664,7
3583784693820,4631016,outdoor,Camping stove,Forclaz MT900 Ultralight Backpacking Stove,Forclaz MT900 Ultralight Backpacking Stove,One Size,Silver,55.00,55.0,USD,en-US,GF-R6-U6,2,forclaz-mt900-ultralight-backpacking-stove-342126,https://cdn.shopify.com/s/files/1/1330/6287/files/8749696-product_image-p2583187.jpg?v=1713175559,9
3583784765275,4972801,outdoor,Road bike,Riverside GCR Rival AXS Carbon Gravel Bike,Riverside GCR Rival AXS Carbon Gravel Bike,S / 5’1” - 5’6”,Light Khaki,1999.00,1999.0,USD,en-US,GF-R6-U7,3,gcr-gravel-carbon-racing-bike-rival-axs-349905,https://cdn.shopify.com/s/files/1/1330/6287/files/8824881-product_image-p2391891.jpg?v=1704713335,15
3583784765282,4972837,outdoor,Road bike,Riverside GCR Rival AXS Carbon Gravel Bike,Riverside GCR Rival AXS Carbon Gravel Bike,M / 5’5” - 5’9”,Light Khaki,1999.00,1999.0,USD,en-US,GF-R7-U1,1,gcr-gravel-carbon-racing-bike-rival-axs-349905,https://cdn.shopify.com/s/files/1/1330/6287/files/8824881-product_image-p2391891.jpg?v=1704713335,15
3583784765299,4972839,outdoor,Road bike,Riverside GCR Rival AXS Carbon Gravel Bike,Riverside GCR Rival AXS Carbon Gravel Bike,L / 5’8” - 6’2”,Light Khaki,1999.00,1999.0,USD,en-US,GF-R7-U2,2,gcr-gravel-carbon-racing-bike-rival-axs-349905,https://cdn.shopify.com/s/files/1/1330/6287/files/8824881-product_image-p2391891.jpg?v=1704713335,15
3583784768115,4977874,outdoor,Gravel bike,Triban GRVL 900 Ti Gravel Bike,Triban GRVL 900 Ti Gravel Bike,"XS / 5'1"" - 5'5""",Silver,2999.00,2999.0,USD,en-US,GF-R7-U3,2,mens-gravel-bike-with-titanium-frame-grvl-900-325632,https://cdn.shopify.com/s/files/1/1330/6287/files/8825347-product_image-p1928067.jpg?v=1714408046,12
3583784768122,4977875,outdoor,Gravel bike,Triban GRVL 900 Ti Gravel Bike,Triban GRVL 900 Ti Gravel Bike,"S / 5'5"" - 5'8""",Silver,2999.00,2999.0,USD,en-US,GF-R7-U4,1,mens-gravel-bike-with-titanium-frame-grvl-900-325632,https://cdn.shopify.com/s/files/1/1330/6287/files/8825347-product_image-p1928067.jpg?v=1714408046,12
3583784768139,4977876,outdoor,Gravel bike,Triban GRVL 900 Ti Gravel Bike,Triban GRVL 900 Ti Gravel Bike,"M / 5'8"" - 5'11""",Silver,2999.00,2999.0,USD,en-US,GF-R7-U5,2,mens-gravel-bike-with-titanium-frame-grvl-900-325632,https://cdn.shopify.com/s/files/1/1330/6287/files/8825347-product_image-p1928067.jpg?v=1714408046,12
3583784768146,4977877,outdoor,Gravel bike,Triban GRVL 900 Ti Gravel Bike,Triban GRVL 900 Ti Gravel Bike,"L / 5'11"" - 6'2""",Silver,2999.00,2999.0,USD,en-US,GF-R7-U6,2,mens-gravel-bike-with-titanium-frame-grvl-900-325632,https://cdn.shopify.com/s/files/1/1330/6287/files/8825347-product_image-p1928067.jpg?v=1714408046,12
3583784768153,4977878,outdoor,Gravel bike,Triban GRVL 900 Ti Gravel Bike,Triban GRVL 900 Ti Gravel Bike,"XL / 6'2"" - 6'7""",Silver,2999.00,2999.0,USD,en-US,GF-R7-U7,2,mens-gravel-bike-with-titanium-frame-grvl-900-325632,https://cdn.shopify.com/s/files/1/1330/6287/files/8825347-product_image-p1928067.jpg?v=1714408046,12
3583784768207,4972841,outdoor,Road bike,Riverside GCR Rival AXS Carbon Gravel Bike,Riverside GCR Rival AXS Carbon Gravel Bike,XL / 6’1” - 6’6”,Light Khaki,1999.00,1999.0,USD,en-US,GF-R8-U1,2,gcr-gravel-carbon-racing-bike-rival-axs-349905,https://cdn.shopify.com/s/files/1/1330/6287/files/8824881-product_image-p2391891.jpg?v=1704713335,15
3583784768436,4977483,outdoor,Gravel bike,Riverside GCR SRAM Force Carbon Gravel Bike - AXS Reynolds,Riverside GCR SRAM Force Carbon Gravel Bike - AXS Reynolds,S  /  5’1” - 5’6”,Light Khaki,2999.00,2999.0,USD,en-US,GF-R8-U2,2,carbon-gravel-bike-gcr-sram-force-axs-reynolds-khaki-349969,https://cdn.shopify.com/s/files/1/1330/6287/files/8825219-product_image-p2390652.jpg?v=1715252826,14
3583784768443,4977484,outdoor,Gravel bike,Riverside GCR SRAM Force Carbon Gravel Bike - AXS Reynolds,Riverside GCR SRAM Force Carbon Gravel Bike - AXS Reynolds,M / 5’5” - 5’9”,Light Khaki,2999.00,2999.0,USD,en-US,GF-R8-U3,1,carbon-gravel-bike-gcr-sram-force-axs-reynolds-khaki-349969,https://cdn.shopify.com/s/files/1/1330/6287/files/8825219-product_image-p2390652.jpg?v=1715252826,14
3583784768450,4977485,outdoor,Gravel bike,Riverside GCR SRAM Force Carbon Gravel Bike - AXS Reynolds,Riverside GCR SRAM Force Carbon Gravel Bike - AXS Reynolds,L / 5’8” - 6’2”,Light Khaki,2999.00,2999.0,USD,en-US,GF-R8-U4,1,carbon-gravel-bike-gcr-sram-force-axs-reynolds-khaki-349969,https://cdn.shopify.com/s/files/1/1330/6287/files/8825219-product_image-p2390652.jpg?v=1715252826,14
3583784768467,4977486,outdoor,Gravel bike,Riverside GCR SRAM Force Carbon Gravel Bike - AXS Reynolds,Riverside GCR SRAM Force Carbon Gravel Bike - AXS Reynolds,XL / 6’1” - 6’6”,Light Khaki,2999.00,2999.0,USD,en-US,GF-R8-U5,1,carbon-gravel-bike-gcr-sram-force-axs-reynolds-khaki-349969,https://cdn.shopify.com/s/files/1/1330/6287/files/8825219-product_image-p2390652.jpg?v=1715252826,14
3583784768726,4990498,outdoor,Road bike,Van Rysel RCR Force AXS,Van Rysel RCR Force AXS,"XS /  5' - 5'3""",Snowy White,6999.00,6999.0,USD,en-US,GF-R8-U6,2,van-rysel-rcr-force-axs-power-road-bike-350280,https://cdn.shopify.com/s/files/1/1330/6287/files/8830705-product_image-p2558769.jpg?v=1705610692,16
3583784768733,4990500,outdoor,Road bike,Van Rysel RCR Force AXS,Van Rysel RCR Force AXS,"S / 5'3"" - 5'8""",Snowy White,6999.00,6999.0,USD,en-US,GF-R8-U7,2,van-rysel-rcr-force-axs-power-road-bike-350280,https://cdn.shopify.com/s/files/1/1330/6287/files/8830705-product_image-p2558769.jpg?v=1705610692,16
3583784768740,4990503,outdoor,Road bike,Van Rysel RCR Force AXS,Van Rysel RCR Force AXS,"M / 5'7"" - 5'11""",Snowy White,6999.00,6999.0,USD,en-US,GB-R6-U1,1,van-rysel-rcr-force-axs-power-road-bike-350280,https://cdn.shopify.com/s/files/1/1330/6287/files/8830705-product_image-p2558769.jpg?v=1705610692,16
3583784768757,4990504,outdoor,Road bike,Van Rysel RCR Force AXS,Van Rysel RCR Force AXS,"L / 5'10"" - 6'2""",Snowy White,6999.00,6999.0,USD,en-US,GB-R6-U2,2,van-rysel-rcr-force-axs-power-road-bike-350280,https://cdn.shopify.com/s/files/1/1330/6287/files/8830705-product_image-p2558769.jpg?v=1705610692,16
3583784768764,4990505,outdoor,Road bike,Van Rysel RCR Force AXS,Van Rysel RCR Force AXS,"XL / 6'1"" - 6'5""",Snowy White,6999.00,6999.0,USD,en-US,GB-R6-U3,2,van-rysel-rcr-force-axs-power-road-bike-350280,https://cdn.shopify.com/s/files/1/1330/6287/files/8830705-product_image-p2558769.jpg?v=1705610692,16
3583784782418,4884391,apparel,Trousers/pants,Kiprun Men's 100 Warm Running Pants,Kiprun Men's 100 Warm Running Pants,W30 L31,Black,25.00,25.0,USD,en-US,FR-04,12,mens-kiprun-run-100-warm-running-pants-black-344306-fw25,https://cdn.shopify.com/s/files/1/1330/6287/files/Pant_Warm_100_M_Black_-_8807977_-_000_---_Expires_on_04-07-2032.jpg?v=1757457905,9
3583784782425,4884393,apparel,Trousers/pants,Kiprun Men's 100 Warm Running Pants,Kiprun Men's 100 Warm Running Pants,W32 L31,Black,25.00,25.0,USD,en-US,GF-R1-U1,17,mens-kiprun-run-100-warm-running-pants-black-344306-fw25,https://cdn.shopify.com/s/files/1/1330/6287/files/Pant_Warm_100_M_Black_-_8807977_-_000_---_Expires_on_04-07-2032.jpg?v=1757457905,9
3583784782432,4884395,apparel,Trousers/pants,Kiprun Men's 100 Warm Running Pants,Kiprun Men's 100 Warm Running Pants,W34 L32,Black,25.00,25.0,USD,en-US,GF-R1-U2,18,mens-kiprun-run-100-warm-running-pants-black-344306-fw25,https://cdn.shopify.com/s/files/1/1330/6287/files/Pant_Warm_100_M_Black_-_8807977_-_000_---_Expires_on_04-07-2032.jpg?v=1757457905,9
3583784782449,4884397,apparel,Trousers/pants,Kiprun Men's 100 Warm Running Pants,Kiprun Men's 100 Warm Running Pants,W37 L32,Black,25.00,25.0,USD,en-US,GF-R1-U3,15,mens-kiprun-run-100-warm-running-pants-black-344306-fw25,https://cdn.shopify.com/s/files/1/1330/6287/files/Pant_Warm_100_M_Black_-_8807977_-_000_---_Expires_on_04-07-2032.jpg?v=1757457905,9
3583784782456,4884399,apparel,Trousers/pants,Kiprun Men's 100 Warm Running Pants,Kiprun Men's 100 Warm Running Pants,W41 L32,Black,25.00,25.0,USD,en-US,GF-R1-U4,14,mens-kiprun-run-100-warm-running-pants-black-344306-fw25,https://cdn.shopify.com/s/files/1/1330/6287/files/Pant_Warm_100_M_Black_-_8807977_-_000_---_Expires_on_04-07-2032.jpg?v=1757457905,9
3583784881531,5242382,outdoor,Road bike,Van Rysel RCR Rival AXS V1,Van Rysel RCR Rival AXS V1,"XS / 5' - 5'3""",Bright Indigo,4999.00,4999.0,USD,en-US,GB-R6-U4,1,van-rysel-rcr-rival-axs-power-sensor-road-bike-355770,https://cdn.shopify.com/s/files/1/1330/6287/files/8885220-product_image-p2561256.jpg?v=1713460919,11
3583784881548,5242383,outdoor,Road bike,Van Rysel RCR Rival AXS V1,Van Rysel RCR Rival AXS V1,"S / 5'3"" - 5'8""",Bright Indigo,4999.00,4999.0,USD,en-US,GB-R6-U5,1,van-rysel-rcr-rival-axs-power-sensor-road-bike-355770,https://cdn.shopify.com/s/files/1/1330/6287/files/8885220-product_image-p2561256.jpg?v=1713460919,11
3583784881555,5242384,outdoor,Road bike,Van Rysel RCR Rival AXS V1,Van Rysel RCR Rival AXS V1,"M / 5'7"" - 5'11""",Bright Indigo,4999.00,4999.0,USD,en-US,GB-R6-U6,1,van-rysel-rcr-rival-axs-power-sensor-road-bike-355770,https://cdn.shopify.com/s/files/1/1330/6287/files/8885220-product_image-p2561256.jpg?v=1713460919,11
3583784881562,5242385,outdoor,Road bike,Van Rysel RCR Rival AXS V1,Van Rysel RCR Rival AXS V1,"L / 5'10"" - 6'2""",Bright Indigo,4999.00,4999.0,USD,en-US,GB-R6-U7,2,van-rysel-rcr-rival-axs-power-sensor-road-bike-355770,https://cdn.shopify.com/s/files/1/1330/6287/files/8885220-product_image-p2561256.jpg?v=1713460919,11
3583784881579,5242386,outdoor,Road bike,Van Rysel RCR Rival AXS V1,Van Rysel RCR Rival AXS V1,"XL / 6'1"" - 6'5""",Bright Indigo,4999.00,4999.0,USD,en-US,GB-R7-U1,2,van-rysel-rcr-rival-axs-power-sensor-road-bike-355770,https://cdn.shopify.com/s/files/1/1330/6287/files/8885220-product_image-p2561256.jpg?v=1713460919,11
3583784883399,5242314,bag_pack,Backpack,Quechua MH100 20L Hiking Backpack,Quechua MH100 20L Hiking Backpack,20 L,Black,39.97,39.97,USD,en-US,PE-06,6,quechua-mh100-20l-hiking-backpack-355266,https://cdn.shopify.com/s/files/1/1330/6287/files/8885209-product_image-p2621198.jpg?v=1705922211,13
3583784886833,5242389,outdoor,Road bike,Van Rysel RCR Pro Replica Dura Ace Road Bike - Di2 AG2R Team,Van Rysel RCR Pro Replica Dura Ace Road Bike - Di2 AG2R Team,"S / 5'3"" - 5'8""",Charcoal,10999.00,10999.0,USD,en-US,GB-R7-U2,2,van-rysel-rcr-pro-replica-dura-ace-road-bike-di2-ag2r-team-355688,https://cdn.shopify.com/s/files/1/1330/6287/files/8885221-product_image-p2693528.webp?v=1726087541,16
3583784886840,5242390,outdoor,Road bike,Van Rysel RCR Pro Replica Dura Ace Road Bike - Di2 AG2R Team,Van Rysel RCR Pro Replica Dura Ace Road Bike - Di2 AG2R Team,"M / 5'7"" - 5'11""",Charcoal,10999.00,10999.0,USD,en-US,GB-R7-U3,2,van-rysel-rcr-pro-replica-dura-ace-road-bike-di2-ag2r-team-355688,https://cdn.shopify.com/s/files/1/1330/6287/files/8885221-product_image-p2693528.webp?v=1726087541,16
3583784886857,5242391,outdoor,Road bike,Van Rysel RCR Pro Replica Dura Ace Road Bike - Di2 AG2R Team,Van Rysel RCR Pro Replica Dura Ace Road Bike - Di2 AG2R Team,"L / 5'10"" - 6'2""",Charcoal,10999.00,10999.0,USD,en-US,GB-R7-U4,1,van-rysel-rcr-pro-replica-dura-ace-road-bike-di2-ag2r-team-355688,https://cdn.shopify.com/s/files/1/1330/6287/files/8885221-product_image-p2693528.webp?v=1726087541,16
3583784886864,5242392,outdoor,Road bike,Van Rysel RCR Pro Replica Dura Ace Road Bike - Di2 AG2R Team,Van Rysel RCR Pro Replica Dura Ace Road Bike - Di2 AG2R Team,"XL / 6'1"" - 6'5""",Charcoal,10999.00,10999.0,USD,en-US,GB-R7-U5,1,van-rysel-rcr-pro-replica-dura-ace-road-bike-di2-ag2r-team-355688,https://cdn.shopify.com/s/files/1/1330/6287/files/8885221-product_image-p2693528.webp?v=1726087541,16
3583784886925,5242418,bag_pack,Backpack,Quechua MH100 35L Hiking Backpack,Quechua MH100 35L Hiking Backpack,35 L,Black,30.00,30.0,USD,en-US,PE-07,8,quechua-mh100-35l-hiking-backpack-355926,https://cdn.shopify.com/s/files/1/1330/6287/files/8885229-product_image-p2579576.jpg?v=1709727492,15
3583784914123,5285942,outdoor,Road bike,Van Rysel RCR Pro Ultegra Di2,Van Rysel RCR Pro Ultegra Di2,XS,Smoked Black,6999.00,6999.0,USD,en-US,GB-R7-U6,2,van-rysel-rcr-pro-ultegra-di2-green-356501,https://cdn.shopify.com/s/files/1/1330/6287/files/VAN_RYSEL_RCR_PRO_ULTEGRA_DI2_SS_BLACK_PE24_-_8872072_8826602_8894076_-_001_---_Expires_on_23-03-2033.jpg?v=1759933010,21
3583784914130,5285943,outdoor,Road bike,Van Rysel RCR Pro Ultegra Di2,Van Rysel RCR Pro Ultegra Di2,S,Smoked Black,6999.00,6999.0,USD,en-US,GB-R7-U7,1,van-rysel-rcr-pro-ultegra-di2-green-356501,https://cdn.shopify.com/s/files/1/1330/6287/files/VAN_RYSEL_RCR_PRO_ULTEGRA_DI2_SS_BLACK_PE24_-_8872072_8826602_8894076_-_001_---_Expires_on_23-03-2033.jpg?v=1759933010,21
3583784914147,5285944,outdoor,Road bike,Van Rysel RCR Pro Ultegra Di2,Van Rysel RCR Pro Ultegra Di2,M,Smoked Black,6999.00,6999.0,USD,en-US,GB-R8-U1,1,van-rysel-rcr-pro-ultegra-di2-green-356501,https://cdn.shopify.com/s/files/1/1330/6287/files/VAN_RYSEL_RCR_PRO_ULTEGRA_DI2_SS_BLACK_PE24_-_8872072_8826602_8894076_-_001_---_Expires_on_23-03-2033.jpg?v=1759933010,21
3583784914154,5285945,outdoor,Road bike,Van Rysel RCR Pro Ultegra Di2,Van Rysel RCR Pro Ultegra Di2,L,Smoked Black,6999.00,6999.0,USD,en-US,GB-R8-U2,1,van-rysel-rcr-pro-ultegra-di2-green-356501,https://cdn.shopify.com/s/files/1/1330/6287/files/VAN_RYSEL_RCR_PRO_ULTEGRA_DI2_SS_BLACK_PE24_-_8872072_8826602_8894076_-_001_---_Expires_on_23-03-2033.jpg?v=1759933010,21
3583784914161,5285946,outdoor,Road bike,Van Rysel RCR Pro Ultegra Di2,Van Rysel RCR Pro Ultegra Di2,XL,Smoked Black,6999.00,6999.0,USD,en-US,GB-R8-U3,1,van-rysel-rcr-pro-ultegra-di2-green-356501,https://cdn.shopify.com/s/files/1/1330/6287/files/VAN_RYSEL_RCR_PRO_ULTEGRA_DI2_SS_BLACK_PE24_-_8872072_8826602_8894076_-_001_---_Expires_on_23-03-2033.jpg?v=1759933010,21
3583784914178,5285947,outdoor,Road bike,Van Rysel RCR Pro Ultegra Di2,Van Rysel RCR Pro Ultegra Di2,XS,Deep Sea Turquoise,6999.00,6999.0,USD,en-US,GB-R8-U4,1,van-rysel-rcr-pro-ultegra-di2-green-356501,https://cdn.shopify.com/s/files/1/1330/6287/files/VAN_RYSEL_RCR_PRO_ULTEGRA_DI2_SS_BLACK_PE24_-_8872072_8826602_8894076_-_001_---_Expires_on_23-03-2033.jpg?v=1759933010,21
3583784914185,5285948,outdoor,Road bike,Van Rysel RCR Pro Ultegra Di2,Van Rysel RCR Pro Ultegra Di2,S,Deep Sea Turquoise,6999.00,6999.0,USD,en-US,GB-R8-U5,2,van-rysel-rcr-pro-ultegra-di2-green-356501,https://cdn.shopify.com/s/files/1/1330/6287/files/VAN_RYSEL_RCR_PRO_ULTEGRA_DI2_SS_BLACK_PE24_-_8872072_8826602_8894076_-_001_---_Expires_on_23-03-2033.jpg?v=1759933010,21
3583784914192,5285949,outdoor,Road bike,Van Rysel RCR Pro Ultegra Di2,Van Rysel RCR Pro Ultegra Di2,M,Deep Sea Turquoise,6999.00,6999.0,USD,en-US,GB-R8-U6,2,van-rysel-rcr-pro-ultegra-di2-green-356501,https://cdn.shopify.com/s/files/1/1330/6287/files/VAN_RYSEL_RCR_PRO_ULTEGRA_DI2_SS_BLACK_PE24_-_8872072_8826602_8894076_-_001_---_Expires_on_23-03-2033.jpg?v=1759933010,21
3583784914208,5285950,outdoor,Road bike,Van Rysel RCR Pro Ultegra Di2,Van Rysel RCR Pro Ultegra Di2,L,Deep Sea Turquoise,6999.00,6999.0,USD,en-US,GB-R8-U7,2,van-rysel-rcr-pro-ultegra-di2-green-356501,https://cdn.shopify.com/s/files/1/1330/6287/files/VAN_RYSEL_RCR_PRO_ULTEGRA_DI2_SS_BLACK_PE24_-_8872072_8826602_8894076_-_001_---_Expires_on_23-03-2033.jpg?v=1759933010,21
3583784914215,5285951,outdoor,Road bike,Van Rysel RCR Pro Ultegra Di2,Van Rysel RCR Pro Ultegra Di2,XL,Deep Sea Turquoise,6999.00,6999.0,USD,en-US,GF-R6-U1,2,van-rysel-rcr-pro-ultegra-di2-green-356501,https://cdn.shopify.com/s/files/1/1330/6287/files/VAN_RYSEL_RCR_PRO_ULTEGRA_DI2_SS_BLACK_PE24_-_8872072_8826602_8894076_-_001_---_Expires_on_23-03-2033.jpg?v=1759933010,21
3583784914246,5285952,outdoor,Road bike,Van Rysel RCR Pro RED AXS,Van Rysel RCR Pro RED AXS,XS,Smoked Black,11599.00,11599.0,USD,en-US,GF-R6-U2,3,van-rysel-rcr-pro-red-axs-356484,https://cdn.shopify.com/s/files/1/1330/6287/files/VANRYSELRCRRPROREDAXSPOWERSIGNATUREPE24-8872954_8894078-001--Expireson08-08-2033_c8596441-8c07-4b9b-b79a-39dbc8e21141.jpg?v=1759978934,19
3583784914253,5285953,outdoor,Road bike,Van Rysel RCR Pro RED AXS,Van Rysel RCR Pro RED AXS,S,Smoked Black,11599.00,11599.0,USD,en-US,GF-R6-U3,1,van-rysel-rcr-pro-red-axs-356484,https://cdn.shopify.com/s/files/1/1330/6287/files/VANRYSELRCRRPROREDAXSPOWERSIGNATUREPE24-8872954_8894078-001--Expireson08-08-2033_c8596441-8c07-4b9b-b79a-39dbc8e21141.jpg?v=1759978934,19
3583784914260,5285954,outdoor,Road bike,Van Rysel RCR Pro RED AXS,Van Rysel RCR Pro RED AXS,M,Smoked Black,11599.00,11599.0,USD,en-US,GF-R6-U4,2,van-rysel-rcr-pro-red-axs-356484,https://cdn.shopify.com/s/files/1/1330/6287/files/VANRYSELRCRRPROREDAXSPOWERSIGNATUREPE24-8872954_8894078-001--Expireson08-08-2033_c8596441-8c07-4b9b-b79a-39dbc8e21141.jpg?v=1759978934,19
3583784914277,5285955,outdoor,Road bike,Van Rysel RCR Pro RED AXS,Van Rysel RCR Pro RED AXS,L,Smoked Black,11599.00,11599.0,USD,en-US,GF-R6-U5,1,van-rysel-rcr-pro-red-axs-356484,https://cdn.shopify.com/s/files/1/1330/6287/files/VANRYSELRCRRPROREDAXSPOWERSIGNATUREPE24-8872954_8894078-001--Expireson08-08-2033_c8596441-8c07-4b9b-b79a-39dbc8e21141.jpg?v=1759978934,19
3583784914284,5285957,outdoor,Road bike,Van Rysel RCR Pro RED AXS,Van Rysel RCR Pro RED AXS,XL,Smoked Black,11599.00,11599.0,USD,en-US,GF-R6-U6,2,van-rysel-rcr-pro-red-axs-356484,https://cdn.shopify.com/s/files/1/1330/6287/files/VANRYSELRCRRPROREDAXSPOWERSIGNATUREPE24-8872954_8894078-001--Expireson08-08-2033_c8596441-8c07-4b9b-b79a-39dbc8e21141.jpg?v=1759978934,19
3583784914291,5285958,outdoor,Road bike,Van Rysel RCR PRO TEAM FRAME KIT,Van Rysel RCR PRO TEAM FRAME KIT,XS,Smoked Black,3999.00,3999.0,USD,en-US,GF-R6-U7,2,van-rysel-rcr-pro-team-frame-kit-356409,https://cdn.shopify.com/s/files/1/1330/6287/files/VAN_RYSEL_USA_RCR_PRO_FRAME_KIT_RAW_CN_FR_-_8894079_-_000_---_Expires_on_11-12-2033_2.jpg?v=1760989675,19
3583784914307,5285959,outdoor,Road bike,Van Rysel RCR PRO TEAM FRAME KIT,Van Rysel RCR PRO TEAM FRAME KIT,S,Smoked Black,3999.00,3999.0,USD,en-US,GF-R7-U1,1,van-rysel-rcr-pro-team-frame-kit-356409,https://cdn.shopify.com/s/files/1/1330/6287/files/VAN_RYSEL_USA_RCR_PRO_FRAME_KIT_RAW_CN_FR_-_8894079_-_000_---_Expires_on_11-12-2033_2.jpg?v=1760989675,19
3583784914314,5285960,outdoor,Road bike,Van Rysel RCR PRO TEAM FRAME KIT,Van Rysel RCR PRO TEAM FRAME KIT,M,Smoked Black,3999.00,3999.0,USD,en-US,GF-R7-U2,2,van-rysel-rcr-pro-team-frame-kit-356409,https://cdn.shopify.com/s/files/1/1330/6287/files/VAN_RYSEL_USA_RCR_PRO_FRAME_KIT_RAW_CN_FR_-_8894079_-_000_---_Expires_on_11-12-2033_2.jpg?v=1760989675,19
3583784914321,5285961,outdoor,Road bike,Van Rysel RCR PRO TEAM FRAME KIT,Van Rysel RCR PRO TEAM FRAME KIT,L,Smoked Black,3999.00,3999.0,USD,en-US,GF-R7-U3,1,van-rysel-rcr-pro-team-frame-kit-356409,https://cdn.shopify.com/s/files/1/1330/6287/files/VAN_RYSEL_USA_RCR_PRO_FRAME_KIT_RAW_CN_FR_-_8894079_-_000_---_Expires_on_11-12-2033_2.jpg?v=1760989675,19
3583784914338,5285962,outdoor,Road bike,Van Rysel RCR PRO TEAM FRAME KIT,Van Rysel RCR PRO TEAM FRAME KIT,XL,Smoked Black,3999.00,3999.0,USD,en-US,GF-R7-U4,2,van-rysel-rcr-pro-team-frame-kit-356409,https://cdn.shopify.com/s/files/1/1330/6287/files/VAN_RYSEL_USA_RCR_PRO_FRAME_KIT_RAW_CN_FR_-_8894079_-_000_---_Expires_on_11-12-2033_2.jpg?v=1760989675,19
3583784952101,2500491,apparel,Long-sleeved jersey,Women's 100 Long-Sleeved Half-Zip Running T-shirt,Women's 100 Long-Sleeved Half-Zip Running T-shirt,XL-2XL,Smoked Black,15.00,15.0,USD,en-US,GF-R1-U5,14,run-warm-long-sleeve-running-jersey-152557-fw25,https://cdn.shopify.com/s/files/1/1330/6287/products/8394789-product_image-2049013.jpg?v=1694087594,6
3583784987974,5320702,outdoor,Road bike,Van Rysel RCR 105 DI2,Van Rysel RCR 105 DI2,XS,Smoked Black,4999.00,4999.0,USD,en-US,GF-R7-U5,1,van-rysel-rcr-105-di2-357620,https://cdn.shopify.com/s/files/1/1330/6287/files/RCR_105_DI2_BLACK_-_8883076_-_001_---_Expires_on_12-11-2033_011e783c-f957-4ba1-b298-b51525620f56.jpg?v=1760088595,11
3583784987998,5320704,outdoor,Road bike,Van Rysel RCR 105 DI2,Van Rysel RCR 105 DI2,M,Smoked Black,4999.00,4999.0,USD,en-US,GF-R7-U6,2,van-rysel-rcr-105-di2-357620,https://cdn.shopify.com/s/files/1/1330/6287/files/RCR_105_DI2_BLACK_-_8883076_-_001_---_Expires_on_12-11-2033_011e783c-f957-4ba1-b298-b51525620f56.jpg?v=1760088595,11
3583784988001,5320705,outdoor,Road bike,Van Rysel RCR 105 DI2,Van Rysel RCR 105 DI2,L,Smoked Black,4999.00,4999.0,USD,en-US,GF-R7-U7,2,van-rysel-rcr-105-di2-357620,https://cdn.shopify.com/s/files/1/1330/6287/files/RCR_105_DI2_BLACK_-_8883076_-_001_---_Expires_on_12-11-2033_011e783c-f957-4ba1-b298-b51525620f56.jpg?v=1760088595,11
3583784988018,5320706,outdoor,Road bike,Van Rysel RCR 105 DI2,Van Rysel RCR 105 DI2,XL,Smoked Black,4999.00,4999.0,USD,en-US,GF-R8-U1,3,van-rysel-rcr-105-di2-357620,https://cdn.shopify.com/s/files/1/1330/6287/files/RCR_105_DI2_BLACK_-_8883076_-_001_---_Expires_on_12-11-2033_011e783c-f957-4ba1-b298-b51525620f56.jpg?v=1760088595,11
3583785363555,4236791,footwear,Shoes,Quechua Men's MH500 Waterproof Hiking Shoes,Quechua Men's MH500 Waterproof Hiking Shoes,13.5,Default Color,70.00,70.0,USD,en-US,PW-04,6,quechua-mens-mh500-waterproof-hiking-shoes-330812,https://cdn.shopify.com/s/files/1/1330/6287/files/8618759-product_image-p2315780_2a5b96b2-f26e-4ba1-8391-68142d88902c.jpg?v=1742379051,7
3583787100769,4718097,apparel,Short-sleeved jersey,Van Rysel Unisex RCR 2 Short-Sleeved Cycling Jersey,Van Rysel Unisex RCR 2 Short-Sleeved Cycling Jersey,XL,Snowy White,60.00,60.0,USD,en-US,GF-R1-U6,10,van-rysel-unisex-road-cycling-short-sleeved-summer-jersey-racer-2-337652,https://cdn.shopify.com/s/files/1/1330/6287/files/8733012-product_image-p2647610.jpg?v=1747691352,63
3583787100776,4718098,apparel,Short-sleeved jersey,Van Rysel Unisex RCR 2 Short-Sleeved Cycling Jersey,Van Rysel Unisex RCR 2 Short-Sleeved Cycling Jersey,L,Snowy White,60.00,60.0,USD,en-US,GF-R1-U7,20,van-rysel-unisex-road-cycling-short-sleeved-summer-jersey-racer-2-337652,https://cdn.shopify.com/s/files/1/1330/6287/files/8733012-product_image-p2647610.jpg?v=1747691352,63
3583787100783,4718095,apparel,Short-sleeved jersey,Van Rysel Unisex RCR 2 Short-Sleeved Cycling Jersey,Van Rysel Unisex RCR 2 Short-Sleeved Cycling Jersey,S,Snowy White,60.00,60.0,USD,en-US,GF-R2-U1,17,van-rysel-unisex-road-cycling-short-sleeved-summer-jersey-racer-2-337652,https://cdn.shopify.com/s/files/1/1330/6287/files/8733012-product_image-p2647610.jpg?v=1747691352,63
3583787100790,4718096,apparel,Short-sleeved jersey,Van Rysel Unisex RCR 2 Short-Sleeved Cycling Jersey,Van Rysel Unisex RCR 2 Short-Sleeved Cycling Jersey,M,Snowy White,60.00,60.0,USD,en-US,GF-R2-U2,17,van-rysel-unisex-road-cycling-short-sleeved-summer-jersey-racer-2-337652,https://cdn.shopify.com/s/files/1/1330/6287/files/8733012-product_image-p2647610.jpg?v=1747691352,63
3583787100806,4794604,apparel,Short-sleeved jersey,Van Rysel Unisex RCR 2 Short-Sleeved Cycling Jersey,Van Rysel Unisex RCR 2 Short-Sleeved Cycling Jersey,2XL,Snowy White,60.00,60.0,USD,en-US,GF-R2-U3,20,van-rysel-unisex-road-cycling-short-sleeved-summer-jersey-racer-2-337652,https://cdn.shopify.com/s/files/1/1330/6287/files/8733012-product_image-p2647610.jpg?v=1747691352,63
3583787106235,4974157,apparel,Long-sleeved t-shirt,Simond Women's Alpinism Seamless Wool Long-Sleeve Shirt,Simond Women's Alpinism Seamless Wool Long-Sleeve Shirt,L,Frosty Turquoise,40.00,40.0,USD,en-US,GF-R2-U4,21,simond-womens-long-sleeve-seamless-wool-t-shirt-alpinism-312998,https://cdn.shopify.com/s/files/1/1330/6287/files/8828148-product_image-p2578030.jpg?v=1740789932,10
3583787106242,4974156,apparel,Long-sleeved t-shirt,Simond Women's Alpinism Seamless Wool Long-Sleeve Shirt,Simond Women's Alpinism Seamless Wool Long-Sleeve Shirt,XL,Frosty Turquoise,40.00,40.0,USD,en-US,GF-R2-U5,15,simond-womens-long-sleeve-seamless-wool-t-shirt-alpinism-312998,https://cdn.shopify.com/s/files/1/1330/6287/files/8828148-product_image-p2578030.jpg?v=1740789932,10
3583787106259,4974155,apparel,Long-sleeved t-shirt,Simond Women's Alpinism Seamless Wool Long-Sleeve Shirt,Simond Women's Alpinism Seamless Wool Long-Sleeve Shirt,M,Frosty Turquoise,40.00,40.0,USD,en-US,GF-R2-U6,15,simond-womens-long-sleeve-seamless-wool-t-shirt-alpinism-312998,https://cdn.shopify.com/s/files/1/1330/6287/files/8828148-product_image-p2578030.jpg?v=1740789932,10
3583787106266,4974154,apparel,Long-sleeved t-shirt,Simond Women's Alpinism Seamless Wool Long-Sleeve Shirt,Simond Women's Alpinism Seamless Wool Long-Sleeve Shirt,S,Frosty Turquoise,40.00,40.0,USD,en-US,GF-R2-U7,21,simond-womens-long-sleeve-seamless-wool-t-shirt-alpinism-312998,https://cdn.shopify.com/s/files/1/1330/6287/files/8828148-product_image-p2578030.jpg?v=1740789932,10
3583787106471,4775157,apparel,T-shirt,Simond Men's Travel 500 Merino Wool T-Shirt,Simond Men's Travel 500 Merino Wool T-Shirt,M,Steel Gray,35.00,35.0,USD,en-US,GF-R3-U1,17,mens-short-sleeved-merino-wool-hiking-travel-t-shirt-travel-500-106265,https://cdn.shopify.com/s/files/1/1330/6287/files/8789726-product_image-p2601365_c55edbc8-5135-4e6c-bbd3-81f3b89d1a8e.jpg?v=1748626071,22
3583787106488,4775156,apparel,T-shirt,Simond Men's Travel 500 Merino Wool T-Shirt,Simond Men's Travel 500 Merino Wool T-Shirt,S,Steel Gray,35.00,35.0,USD,en-US,GF-R3-U2,11,mens-short-sleeved-merino-wool-hiking-travel-t-shirt-travel-500-106265,https://cdn.shopify.com/s/files/1/1330/6287/files/8789726-product_image-p2601365_c55edbc8-5135-4e6c-bbd3-81f3b89d1a8e.jpg?v=1748626071,22
3583787106495,4775160,apparel,T-shirt,Simond Men's Travel 500 Merino Wool T-Shirt,Simond Men's Travel 500 Merino Wool T-Shirt,2XL,Steel Gray,35.00,35.0,USD,en-US,GF-R3-U3,17,mens-short-sleeved-merino-wool-hiking-travel-t-shirt-travel-500-106265,https://cdn.shopify.com/s/files/1/1330/6287/files/8789726-product_image-p2601365_c55edbc8-5135-4e6c-bbd3-81f3b89d1a8e.jpg?v=1748626071,22
3583787106501,4775159,apparel,T-shirt,Simond Men's Travel 500 Merino Wool T-Shirt,Simond Men's Travel 500 Merino Wool T-Shirt,XL,Steel Gray,35.00,35.0,USD,en-US,GF-R3-U4,11,mens-short-sleeved-merino-wool-hiking-travel-t-shirt-travel-500-106265,https://cdn.shopify.com/s/files/1/1330/6287/files/8789726-product_image-p2601365_c55edbc8-5135-4e6c-bbd3-81f3b89d1a8e.jpg?v=1748626071,22
3583787106518,4775158,apparel,T-shirt,Simond Men's Travel 500 Merino Wool T-Shirt,Simond Men's Travel 500 Merino Wool T-Shirt,L,Steel Gray,35.00,35.0,USD,en-US,GF-R3-U5,11,mens-short-sleeved-merino-wool-hiking-travel-t-shirt-travel-500-106265,https://cdn.shopify.com/s/files/1/1330/6287/files/8789726-product_image-p2601365_c55edbc8-5135-4e6c-bbd3-81f3b89d1a8e.jpg?v=1748626071,22
3583787107416,4934002,apparel,Cycling bib shorts,Van Rysel Women's Endurance Road Cycling Bib Shorts,Van Rysel Women's Endurance Road Cycling Bib Shorts,XL,Smoked Black,99.99,99.99,USD,en-US,GF-R3-U6,17,van-rysel-womens-endurance-road-cycling-bib-shorts,https://cdn.shopify.com/s/files/1/1330/6287/files/default_6635b272-f5db-4b4a-a0c9-ab26c80820a5.jpg?v=1775494143,6
3583787107423,4934001,apparel,Cycling bib shorts,Van Rysel Women's Endurance Road Cycling Bib Shorts,Van Rysel Women's Endurance Road Cycling Bib Shorts,S,Smoked Black,99.99,99.99,USD,en-US,GF-R3-U7,11,van-rysel-womens-endurance-road-cycling-bib-shorts,https://cdn.shopify.com/s/files/1/1330/6287/files/default_6635b272-f5db-4b4a-a0c9-ab26c80820a5.jpg?v=1775494143,6
3583787107430,4934000,apparel,Cycling bib shorts,Van Rysel Women's Endurance Road Cycling Bib Shorts,Van Rysel Women's Endurance Road Cycling Bib Shorts,M,Smoked Black,99.99,99.99,USD,en-US,GF-R4-U1,18,van-rysel-womens-endurance-road-cycling-bib-shorts,https://cdn.shopify.com/s/files/1/1330/6287/files/default_6635b272-f5db-4b4a-a0c9-ab26c80820a5.jpg?v=1775494143,6
3583787107447,4933999,apparel,Cycling bib shorts,Van Rysel Women's Endurance Road Cycling Bib Shorts,Van Rysel Women's Endurance Road Cycling Bib Shorts,L,Smoked Black,99.99,99.99,USD,en-US,GF-R4-U2,12,van-rysel-womens-endurance-road-cycling-bib-shorts,https://cdn.shopify.com/s/files/1/1330/6287/files/default_6635b272-f5db-4b4a-a0c9-ab26c80820a5.jpg?v=1775494143,6
3583787107454,4934003,apparel,Cycling bib shorts,Van Rysel Women's Endurance Road Cycling Bib Shorts,Van Rysel Women's Endurance Road Cycling Bib Shorts,XS,Smoked Black,99.99,99.99,USD,en-US,GF-R4-U3,17,van-rysel-womens-endurance-road-cycling-bib-shorts,https://cdn.shopify.com/s/files/1/1330/6287/files/default_6635b272-f5db-4b4a-a0c9-ab26c80820a5.jpg?v=1775494143,6
3583787107461,4933998,apparel,Cycling bib shorts,Van Rysel Women's Endurance Road Cycling Bib Shorts,Van Rysel Women's Endurance Road Cycling Bib Shorts,2XL,Smoked Black,99.99,99.99,USD,en-US,GF-R4-U4,21,van-rysel-womens-endurance-road-cycling-bib-shorts,https://cdn.shopify.com/s/files/1/1330/6287/files/default_6635b272-f5db-4b4a-a0c9-ab26c80820a5.jpg?v=1775494143,6
3583787107614,4472692,apparel,Short-sleeved jersey,Van Rysel Unisex RCR 2 Short-Sleeved Cycling Jersey,Van Rysel Unisex RCR 2 Short-Sleeved Cycling Jersey,M,Smoked Black,60.00,60.0,USD,en-US,GF-R4-U5,19,van-rysel-unisex-road-cycling-short-sleeved-summer-jersey-racer-2-337652,https://cdn.shopify.com/s/files/1/1330/6287/files/8733012-product_image-p2647610.jpg?v=1747691352,63
3583787107638,4472695,apparel,Short-sleeved jersey,Van Rysel Unisex RCR 2 Short-Sleeved Cycling Jersey,Van Rysel Unisex RCR 2 Short-Sleeved Cycling Jersey,L,Smoked Black,60.00,60.0,USD,en-US,GF-R4-U6,14,van-rysel-unisex-road-cycling-short-sleeved-summer-jersey-racer-2-337652,https://cdn.shopify.com/s/files/1/1330/6287/files/8733012-product_image-p2647610.jpg?v=1747691352,63
3583787107645,4472694,apparel,Short-sleeved jersey,Van Rysel Unisex RCR 2 Short-Sleeved Cycling Jersey,Van Rysel Unisex RCR 2 Short-Sleeved Cycling Jersey,S,Smoked Black,60.00,60.0,USD,en-US,GF-R4-U7,15,van-rysel-unisex-road-cycling-short-sleeved-summer-jersey-racer-2-337652,https://cdn.shopify.com/s/files/1/1330/6287/files/8733012-product_image-p2647610.jpg?v=1747691352,63
3583787107652,4472697,apparel,Short-sleeved jersey,Van Rysel Unisex RCR 2 Short-Sleeved Cycling Jersey,Van Rysel Unisex RCR 2 Short-Sleeved Cycling Jersey,2XL,Smoked Black,60.00,60.0,USD,en-US,GB-R1-U1,17,van-rysel-unisex-road-cycling-short-sleeved-summer-jersey-racer-2-337652,https://cdn.shopify.com/s/files/1/1330/6287/files/8733012-product_image-p2647610.jpg?v=1747691352,63
3583787107676,4472696,apparel,Short-sleeved jersey,Van Rysel Unisex RCR 2 Short-Sleeved Cycling Jersey,Van Rysel Unisex RCR 2 Short-Sleeved Cycling Jersey,XL,Smoked Black,60.00,60.0,USD,en-US,GB-R1-U2,20,van-rysel-unisex-road-cycling-short-sleeved-summer-jersey-racer-2-337652,https://cdn.shopify.com/s/files/1/1330/6287/files/8733012-product_image-p2647610.jpg?v=1747691352,63
3583787109939,4193718,apparel,Shorts,Forclaz Men’s Travel 900 Hiking Shorts,Forclaz Men’s Travel 900 Hiking Shorts,S,Bronze Brown,59.99,59.99,USD,en-US,GB-R1-U3,20,forclaz-mens-shorts-travel-900-brown-307236,https://cdn.shopify.com/s/files/1/1330/6287/files/8612087-product_image-p2660387.jpg?v=1745013825,4
3583787109953,4193719,apparel,Shorts,Forclaz Men’s Travel 900 Hiking Shorts,Forclaz Men’s Travel 900 Hiking Shorts,S - M,Bronze Brown,59.99,59.99,USD,en-US,GB-R1-U4,20,forclaz-mens-shorts-travel-900-brown-307236,https://cdn.shopify.com/s/files/1/1330/6287/files/8612087-product_image-p2660387.jpg?v=1745013825,4
3583787109977,4193720,apparel,Shorts,Forclaz Men’s Travel 900 Hiking Shorts,Forclaz Men’s Travel 900 Hiking Shorts,M,Bronze Brown,59.99,59.99,USD,en-US,GB-R1-U5,13,forclaz-mens-shorts-travel-900-brown-307236,https://cdn.shopify.com/s/files/1/1330/6287/files/8612087-product_image-p2660387.jpg?v=1745013825,4
3583787109984,4193721,apparel,Shorts,Forclaz Men’s Travel 900 Hiking Shorts,Forclaz Men’s Travel 900 Hiking Shorts,L,Bronze Brown,59.99,59.99,USD,en-US,GB-R1-U6,14,forclaz-mens-shorts-travel-900-brown-307236,https://cdn.shopify.com/s/files/1/1330/6287/files/8612087-product_image-p2660387.jpg?v=1745013825,4
3583787109991,4193722,apparel,Shorts,Forclaz Men’s Travel 900 Hiking Shorts,Forclaz Men’s Travel 900 Hiking Shorts,XL,Bronze Brown,59.99,59.99,USD,en-US,GB-R1-U7,16,forclaz-mens-shorts-travel-900-brown-307236,https://cdn.shopify.com/s/files/1/1330/6287/files/8612087-product_image-p2660387.jpg?v=1745013825,4
3583787110003,4193723,apparel,Shorts,Forclaz Men’s Travel 900 Hiking Shorts,Forclaz Men’s Travel 900 Hiking Shorts,XL - 2XL,Bronze Brown,59.99,59.99,USD,en-US,GB-R2-U1,20,forclaz-mens-shorts-travel-900-brown-307236,https://cdn.shopify.com/s/files/1/1330/6287/files/8612087-product_image-p2660387.jpg?v=1745013825,4
3583787110010,4193724,apparel,Shorts,Forclaz Men’s Travel 900 Hiking Shorts,Forclaz Men’s Travel 900 Hiking Shorts,2XL,Bronze Brown,59.99,59.99,USD,en-US,GB-R2-U2,21,forclaz-mens-shorts-travel-900-brown-307236,https://cdn.shopify.com/s/files/1/1330/6287/files/8612087-product_image-p2660387.jpg?v=1745013825,4
3583787110027,4193725,apparel,Shorts,Forclaz Men’s Travel 900 Hiking Shorts,Forclaz Men’s Travel 900 Hiking Shorts,3XL,Bronze Brown,59.99,59.99,USD,en-US,GB-R2-U3,9,forclaz-mens-shorts-travel-900-brown-307236,https://cdn.shopify.com/s/files/1/1330/6287/files/8612087-product_image-p2660387.jpg?v=1745013825,4
3583787110041,4193726,apparel,Shorts,Forclaz Men’s Travel 900 Hiking Shorts,Forclaz Men’s Travel 900 Hiking Shorts,3XL - 4XL,Bronze Brown,59.99,59.99,USD,en-US,GB-R2-U4,12,forclaz-mens-shorts-travel-900-brown-307236,https://cdn.shopify.com/s/files/1/1330/6287/files/8612087-product_image-p2660387.jpg?v=1745013825,4
3583787110072,2989773,bag_pack,Backpack,Forclaz Ultra-Compact 10 L Backpack,Forclaz Ultra-Compact 10 L Backpack,10 L,Acid Green,14.99,14.99,USD,en-US,PE-08,9,forclaz-foldable-backpack-10l-travel-309861,https://cdn.shopify.com/s/files/1/1330/6287/files/8560403-product_image-p2621812.jpg?v=1744931516,11
3583787110102,4231306,bag_pack,Backpack,Forclaz Women's Travel 900 50 L Backpacking Pack,Forclaz Women's Travel 900 50 L Backpacking Pack,One Size,Abyss Gray,179.00,179.0,USD,en-US,GF-R5-U1,7,forclaz-womens-travel-900-50-l-backpacking-pack-324164,https://cdn.shopify.com/s/files/1/1330/6287/files/8616394-product_image-p2605019.jpg?v=1713997802,13
3583787113172,4605703,bag_pack,Backpack,Simond Women's MT900 Symbium2 50+10 L Backpacking Pack,Simond Women's MT900 Symbium2 50+10 L Backpacking Pack,One Size,Abyss Gray,125.00,125.0,USD,en-US,GF-R5-U2,7,simond-womens-mt900-symbium2-5010-l-backpacking-pack-342130,https://cdn.shopify.com/s/files/1/1330/6287/files/8752034-product_image-p2604599_a7b92c65-7bbb-429c-ba12-02d3d76e0d6f.jpg?v=1744846719,15
3583787116180,4696561,outdoor,Frame,Van Rysel RCR PRO Frame Kit,Van Rysel RCR PRO Frame Kit,XS,Carbon Black,3999.00,3999.0,USD,en-US,GF-R8-U2,1,van-rysel-rcr-pro-frame-kit-carbon-black-8772687,https://cdn.shopify.com/s/files/1/1330/6287/files/default_678c4eb7-29ee-499b-b6b9-9d83ba977440.jpg?v=1775569500,8
3583787116197,4696562,outdoor,Frame,Van Rysel RCR PRO Frame Kit,Van Rysel RCR PRO Frame Kit,S,Carbon Black,3999.00,3999.0,USD,en-US,GF-R8-U3,1,van-rysel-rcr-pro-frame-kit-carbon-black-8772687,https://cdn.shopify.com/s/files/1/1330/6287/files/default_678c4eb7-29ee-499b-b6b9-9d83ba977440.jpg?v=1775569500,8
3583787116203,4696563,outdoor,Frame,Van Rysel RCR PRO Frame Kit,Van Rysel RCR PRO Frame Kit,M,Carbon Black,3999.00,3999.0,USD,en-US,GF-R8-U4,1,van-rysel-rcr-pro-frame-kit-carbon-black-8772687,https://cdn.shopify.com/s/files/1/1330/6287/files/default_678c4eb7-29ee-499b-b6b9-9d83ba977440.jpg?v=1775569500,8
3583787116258,4696564,outdoor,Frame,Van Rysel RCR PRO Frame Kit,Van Rysel RCR PRO Frame Kit,L,Carbon Black,3999.00,3999.0,USD,en-US,GF-R8-U5,1,van-rysel-rcr-pro-frame-kit-carbon-black-8772687,https://cdn.shopify.com/s/files/1/1330/6287/files/default_678c4eb7-29ee-499b-b6b9-9d83ba977440.jpg?v=1775569500,8
3583787116265,4696565,outdoor,Frame,Van Rysel RCR PRO Frame Kit,Van Rysel RCR PRO Frame Kit,XL,Carbon Black,3999.00,3999.0,USD,en-US,GF-R8-U6,3,van-rysel-rcr-pro-frame-kit-carbon-black-8772687,https://cdn.shopify.com/s/files/1/1330/6287/files/default_678c4eb7-29ee-499b-b6b9-9d83ba977440.jpg?v=1775569500,8
3583787135310,4905815,outdoor,Road bike,Van Rysel XCR TRIATHLON ULTEGRA DI2,Van Rysel XCR TRIATHLON ULTEGRA DI2,XS,White,8499.00,8499.0,USD,en-US,GF-R8-U7,1,van-rysel-xcr-triathlon-ultegra-di2,https://cdn.shopify.com/s/files/1/1330/6287/files/default_2b2f6fb1-86fa-4f0b-b3ab-57a43be1de4c.jpg?v=1775491210,8
3583787135327,4905817,outdoor,Road bike,Van Rysel XCR TRIATHLON ULTEGRA DI2,Van Rysel XCR TRIATHLON ULTEGRA DI2,M,White,8499.00,8499.0,USD,en-US,GB-R6-U1,3,van-rysel-xcr-triathlon-ultegra-di2,https://cdn.shopify.com/s/files/1/1330/6287/files/default_2b2f6fb1-86fa-4f0b-b3ab-57a43be1de4c.jpg?v=1775491210,8
3583787135334,4905816,outdoor,Road bike,Van Rysel XCR TRIATHLON ULTEGRA DI2,Van Rysel XCR TRIATHLON ULTEGRA DI2,S,White,8499.00,8499.0,USD,en-US,GB-R6-U2,1,van-rysel-xcr-triathlon-ultegra-di2,https://cdn.shopify.com/s/files/1/1330/6287/files/default_2b2f6fb1-86fa-4f0b-b3ab-57a43be1de4c.jpg?v=1775491210,8
3583787135341,4905819,outdoor,Road bike,Van Rysel XCR TRIATHLON ULTEGRA DI2,Van Rysel XCR TRIATHLON ULTEGRA DI2,XL,White,8499.00,8499.0,USD,en-US,GB-R6-U3,2,van-rysel-xcr-triathlon-ultegra-di2,https://cdn.shopify.com/s/files/1/1330/6287/files/default_2b2f6fb1-86fa-4f0b-b3ab-57a43be1de4c.jpg?v=1775491210,8
3583787135358,4905818,outdoor,Road bike,Van Rysel XCR TRIATHLON ULTEGRA DI2,Van Rysel XCR TRIATHLON ULTEGRA DI2,L,White,8499.00,8499.0,USD,en-US,GB-R6-U4,1,van-rysel-xcr-triathlon-ultegra-di2,https://cdn.shopify.com/s/files/1/1330/6287/files/default_2b2f6fb1-86fa-4f0b-b3ab-57a43be1de4c.jpg?v=1775491210,8
3583787146743,4531543,accessories,Glove liner,Forclaz Adult MT500 Seamless Liner Gloves,Forclaz Adult MT500 Seamless Liner Gloves,S - M,Black,14.99,14.99,USD,en-US,GB-R5-U2,20,adult-mountain-backpacking-seamless-liner-gloves-mt500-black-339331,https://cdn.shopify.com/s/files/1/1330/6287/files/8738802-product_image-p2573103.jpg?v=1704805890,6
3583787146750,4531542,accessories,Glove liner,Forclaz Adult MT500 Seamless Liner Gloves,Forclaz Adult MT500 Seamless Liner Gloves,L - XL,Black,14.99,14.99,USD,en-US,GB-R5-U3,14,adult-mountain-backpacking-seamless-liner-gloves-mt500-black-339331,https://cdn.shopify.com/s/files/1/1330/6287/files/8738802-product_image-p2573103.jpg?v=1704805890,6
3583787146767,4531544,accessories,Glove liner,Forclaz Adult MT500 Seamless Liner Gloves,Forclaz Adult MT500 Seamless Liner Gloves,2XL - 3XL,Black,14.99,14.99,USD,en-US,GB-R5-U4,19,adult-mountain-backpacking-seamless-liner-gloves-mt500-black-339331,https://cdn.shopify.com/s/files/1/1330/6287/files/8738802-product_image-p2573103.jpg?v=1704805890,6
3583787146774,4531552,accessories,Gloves,Simond MT900 Windproof Convertable Backpacking Mittens,Simond MT900 Windproof Convertable Backpacking Mittens,M,Smoked Black,30.00,30.0,USD,en-US,GB-R5-U5,16,forclaz-adult-warm-and-windproof-mountain-backpacking-mittens-mt900-black-339297-fw25,https://cdn.shopify.com/s/files/1/1330/6287/files/8738803-product_image-p2905035.jpg?v=1755549494,8
3583787146781,4531445,accessories,Gloves,Forclaz Adult MT500 Fleece Backpacking Gloves,Forclaz Adult MT500 Fleece Backpacking Gloves,M,Black,19.99,19.99,USD,en-US,GB-R5-U6,23,adult-mountain-backpacking-fleece-gloves-mt500-black-339223,https://cdn.shopify.com/s/files/1/1330/6287/files/8738791-product_image-p2582565.jpg?v=1704215891,5
3583787146798,4531551,accessories,Gloves,Simond MT900 Windproof Convertable Backpacking Mittens,Simond MT900 Windproof Convertable Backpacking Mittens,XL,Smoked Black,30.00,30.0,USD,en-US,GB-R5-U7,12,forclaz-adult-warm-and-windproof-mountain-backpacking-mittens-mt900-black-339297-fw25,https://cdn.shopify.com/s/files/1/1330/6287/files/8738803-product_image-p2905035.jpg?v=1755549494,8
3583787146804,4531444,accessories,Gloves,Forclaz Adult MT500 Fleece Backpacking Gloves,Forclaz Adult MT500 Fleece Backpacking Gloves,XS,Black,19.99,19.99,USD,en-US,ACC-01,18,adult-mountain-backpacking-fleece-gloves-mt500-black-339223,https://cdn.shopify.com/s/files/1/1330/6287/files/8738791-product_image-p2582565.jpg?v=1704215891,5
3583787146811,4531447,accessories,Gloves,Forclaz Adult MT500 Fleece Backpacking Gloves,Forclaz Adult MT500 Fleece Backpacking Gloves,2XL,Black,19.99,19.99,USD,en-US,ACC-02,22,adult-mountain-backpacking-fleece-gloves-mt500-black-339223,https://cdn.shopify.com/s/files/1/1330/6287/files/8738791-product_image-p2582565.jpg?v=1704215891,5
3583787146828,4531541,accessories,Glove liner,Forclaz Adult MT500 Seamless Liner Gloves,Forclaz Adult MT500 Seamless Liner Gloves,2XS - XS,Black,14.99,14.99,USD,en-US,ACC-03,14,adult-mountain-backpacking-seamless-liner-gloves-mt500-black-339331,https://cdn.shopify.com/s/files/1/1330/6287/files/8738802-product_image-p2573103.jpg?v=1704805890,6
3583787146835,4531446,accessories,Gloves,Forclaz Adult MT500 Fleece Backpacking Gloves,Forclaz Adult MT500 Fleece Backpacking Gloves,XL,Black,19.99,19.99,USD,en-US,ACC-04,15,adult-mountain-backpacking-fleece-gloves-mt500-black-339223,https://cdn.shopify.com/s/files/1/1330/6287/files/8738791-product_image-p2582565.jpg?v=1704215891,5
3583787146842,4531548,accessories,Gloves,Simond MT900 Windproof Convertable Backpacking Mittens,Simond MT900 Windproof Convertable Backpacking Mittens,L,Smoked Black,30.00,30.0,USD,en-US,CO-IR,24,forclaz-adult-warm-and-windproof-mountain-backpacking-mittens-mt900-black-339297-fw25,https://cdn.shopify.com/s/files/1/1330/6287/files/8738803-product_image-p2905035.jpg?v=1755549494,8
3583787146859,4531547,accessories,Gloves,Simond MT900 Windproof Convertable Backpacking Mittens,Simond MT900 Windproof Convertable Backpacking Mittens,S,Smoked Black,30.00,30.0,USD,en-US,GB-R5-U1,16,forclaz-adult-warm-and-windproof-mountain-backpacking-mittens-mt900-black-339297-fw25,https://cdn.shopify.com/s/files/1/1330/6287/files/8738803-product_image-p2905035.jpg?v=1755549494,8
3583787146866,4531550,accessories,Gloves,Simond MT900 Windproof Convertable Backpacking Mittens,Simond MT900 Windproof Convertable Backpacking Mittens,3XL,Smoked Black,30.00,30.0,USD,en-US,GB-R5-U2,22,forclaz-adult-warm-and-windproof-mountain-backpacking-mittens-mt900-black-339297-fw25,https://cdn.shopify.com/s/files/1/1330/6287/files/8738803-product_image-p2905035.jpg?v=1755549494,8
3583787146873,4531443,accessories,Gloves,Forclaz Adult MT500 Fleece Backpacking Gloves,Forclaz Adult MT500 Fleece Backpacking Gloves,L,Black,19.99,19.99,USD,en-US,GB-R5-U3,12,adult-mountain-backpacking-fleece-gloves-mt500-black-339223,https://cdn.shopify.com/s/files/1/1330/6287/files/8738791-product_image-p2582565.jpg?v=1704215891,5
3583787146880,4531549,accessories,Gloves,Simond MT900 Windproof Convertable Backpacking Mittens,Simond MT900 Windproof Convertable Backpacking Mittens,2XL,Smoked Black,30.00,30.0,USD,en-US,GB-R5-U4,20,forclaz-adult-warm-and-windproof-mountain-backpacking-mittens-mt900-black-339297-fw25,https://cdn.shopify.com/s/files/1/1330/6287/files/8738803-product_image-p2905035.jpg?v=1755549494,8
3583787146897,4531442,accessories,Gloves,Forclaz Adult MT500 Fleece Backpacking Gloves,Forclaz Adult MT500 Fleece Backpacking Gloves,S,Black,19.99,19.99,USD,en-US,GB-R5-U5,14,adult-mountain-backpacking-fleece-gloves-mt500-black-339223,https://cdn.shopify.com/s/files/1/1330/6287/files/8738791-product_image-p2582565.jpg?v=1704215891,5
3583787148334,4330661,footwear,Cycling Shoes,Van Rysel Adult RCR Road Cycling Shoes,Van Rysel Adult RCR Road Cycling Shoes,EU 45,Snowy White,279.00,279.0,USD,en-US,PW-05,9,van-rysel-adult-rcr-road-cycling-shoes,https://cdn.shopify.com/s/files/1/1330/6287/files/default_d21516ab-bc5e-43cc-b310-5ac10fec7822.jpg?v=1775494103,8
3583787148341,4330660,footwear,Cycling Shoes,Van Rysel Adult RCR Road Cycling Shoes,Van Rysel Adult RCR Road Cycling Shoes,EU 44,Snowy White,279.00,279.0,USD,en-US,PW-06,7,van-rysel-adult-rcr-road-cycling-shoes,https://cdn.shopify.com/s/files/1/1330/6287/files/default_d21516ab-bc5e-43cc-b310-5ac10fec7822.jpg?v=1775494103,8
3583787148358,4330663,footwear,Cycling Shoes,Van Rysel Adult RCR Road Cycling Shoes,Van Rysel Adult RCR Road Cycling Shoes,EU 47,Snowy White,279.00,279.0,USD,en-US,PW-07,7,van-rysel-adult-rcr-road-cycling-shoes,https://cdn.shopify.com/s/files/1/1330/6287/files/default_d21516ab-bc5e-43cc-b310-5ac10fec7822.jpg?v=1775494103,8
3583787148365,4330662,footwear,Cycling Shoes,Van Rysel Adult RCR Road Cycling Shoes,Van Rysel Adult RCR Road Cycling Shoes,EU 46,Snowy White,279.00,279.0,USD,en-US,PW-08,12,van-rysel-adult-rcr-road-cycling-shoes,https://cdn.shopify.com/s/files/1/1330/6287/files/default_d21516ab-bc5e-43cc-b310-5ac10fec7822.jpg?v=1775494103,8
3583787148372,4330657,footwear,Cycling Shoes,Van Rysel Adult RCR Road Cycling Shoes,Van Rysel Adult RCR Road Cycling Shoes,EU 41,Snowy White,279.00,279.0,USD,en-US,PE-01,12,van-rysel-adult-rcr-road-cycling-shoes,https://cdn.shopify.com/s/files/1/1330/6287/files/default_d21516ab-bc5e-43cc-b310-5ac10fec7822.jpg?v=1775494103,8
3583787148389,4330656,footwear,Cycling Shoes,Van Rysel Adult RCR Road Cycling Shoes,Van Rysel Adult RCR Road Cycling Shoes,EU 40,Snowy White,279.00,279.0,USD,en-US,PE-02,8,van-rysel-adult-rcr-road-cycling-shoes,https://cdn.shopify.com/s/files/1/1330/6287/files/default_d21516ab-bc5e-43cc-b310-5ac10fec7822.jpg?v=1775494103,8
3583787148396,4330659,footwear,Cycling Shoes,Van Rysel Adult RCR Road Cycling Shoes,Van Rysel Adult RCR Road Cycling Shoes,EU 43,Snowy White,279.00,279.0,USD,en-US,PE-03,10,van-rysel-adult-rcr-road-cycling-shoes,https://cdn.shopify.com/s/files/1/1330/6287/files/default_d21516ab-bc5e-43cc-b310-5ac10fec7822.jpg?v=1775494103,8
3583787148402,4330658,footwear,Cycling Shoes,Van Rysel Adult RCR Road Cycling Shoes,Van Rysel Adult RCR Road Cycling Shoes,EU 42,Snowy White,279.00,279.0,USD,en-US,PE-04,13,van-rysel-adult-rcr-road-cycling-shoes,https://cdn.shopify.com/s/files/1/1330/6287/files/default_d21516ab-bc5e-43cc-b310-5ac10fec7822.jpg?v=1775494103,8
3583787148440,4330655,footwear,Cycling Shoes,Van Rysel Adult RCR Road Cycling Shoes,Van Rysel Adult RCR Road Cycling Shoes,EU 39,Snowy White,279.00,279.0,USD,en-US,PE-05,6,van-rysel-adult-rcr-road-cycling-shoes,https://cdn.shopify.com/s/files/1/1330/6287/files/default_d21516ab-bc5e-43cc-b310-5ac10fec7822.jpg?v=1775494103,8
3583787148518,4819129,footwear,Cycling Shoes,Van Rysel Adult RCR Road Cycling Shoes,Van Rysel Adult RCR Road Cycling Shoes,EU 37,Snowy White,279.00,279.0,USD,en-US,FB-01,12,van-rysel-adult-rcr-road-cycling-shoes,https://cdn.shopify.com/s/files/1/1330/6287/files/default_d21516ab-bc5e-43cc-b310-5ac10fec7822.jpg?v=1775494103,8
3583787148532,4819130,footwear,Cycling Shoes,Van Rysel Adult RCR Road Cycling Shoes,Van Rysel Adult RCR Road Cycling Shoes,EU 38,Snowy White,279.00,279.0,USD,en-US,GA-01,11,van-rysel-adult-rcr-road-cycling-shoes,https://cdn.shopify.com/s/files/1/1330/6287/files/default_d21516ab-bc5e-43cc-b310-5ac10fec7822.jpg?v=1775494103,8
3583787148563,4819128,footwear,Cycling Shoes,Van Rysel Adult RCR Road Cycling Shoes,Van Rysel Adult RCR Road Cycling Shoes,EU 36,Snowy White,279.00,279.0,USD,en-US,GA-02,9,van-rysel-adult-rcr-road-cycling-shoes,https://cdn.shopify.com/s/files/1/1330/6287/files/default_d21516ab-bc5e-43cc-b310-5ac10fec7822.jpg?v=1775494103,8
3583787180655,4316401,bag_pack,Backpack,Simond Ice 30L Waterproof Mountaineering Backpack,Simond Ice 30L Waterproof Mountaineering Backpack,One Size,Asphalt Blue,100.00,100.0,USD,en-US,GF-R5-U3,10,simond-ice-30l-waterproof-mountaineering-backpack-333617,https://cdn.shopify.com/s/files/1/1330/6287/files/8647115-product_image-p2414921.jpg?v=1740485045,20
3583787196588,4777408,bag_pack,Backpack,Forclaz Travel 500 Organizer 40 L Backpack,Forclaz Travel 500 Organizer 40 L Backpack,40 L,Khaki Brown,99.99,99.99,USD,en-US,GF-R5-U4,6,forclaz-travel-500-organizer-40-l-backpack-338564,https://cdn.shopify.com/s/files/1/1330/6287/files/8735937-product_image-p24798841.jpg?v=1756241885,43
3583787200810,4504066,bag_pack,Travel bag,Simond 500 Extend 30-40 L Duffel Bag,Simond 500 Extend 30-40 L Duffel Bag,30-40 L,Pink,50.00,50.0,USD,en-US,GF-R5-U5,8,simond-500-extend-30-40-l-duffel-bag-338461,https://cdn.shopify.com/s/files/1/1330/6287/files/8735952-product_image-p2606547_66d45522-95f9-4abf-b4c8-7ea532e16b44.jpg?v=1748577836,48
3583787200827,4775700,bag_pack,Travel bag,Simond 500 Extend 30-40 L Duffel Bag,Simond 500 Extend 30-40 L Duffel Bag,30-40 L,Caribbean Green,55.00,55.0,USD,en-US,GF-R5-U6,10,simond-500-extend-30-40-l-duffel-bag-338461,https://cdn.shopify.com/s/files/1/1330/6287/files/8735952-product_image-p2606547_66d45522-95f9-4abf-b4c8-7ea532e16b44.jpg?v=1748577836,48
3583787208861,4697726,apparel,Rain Poncho,Quechua Kids’ MH100 Hiking Rain Poncho – Ages 7–15,Quechua Kids’ MH100 Hiking Rain Poncho – Ages 7–15,One Size,Cedar,10.00,10.0,USD,en-US,GB-R2-U5,17,forclaz-kids-hiking-rain-poncho-10-l-126-to-156-cm-blue-green-343382,https://cdn.shopify.com/s/files/1/1330/6287/files/8771413-product_image-p2407057.jpg?v=1745012703,5
3583787230190,4879842,apparel,Base layer,Van Rysel Women's Cycling Mesh Warm Weather Base Layer,Van Rysel Women's Cycling Mesh Warm Weather Base Layer,S,Magnolia,39.99,39.99,USD,en-US,GB-R2-U6,9,van-rysel-womens-cycling-mesh-warm-weather-base-layer-white-347426,https://cdn.shopify.com/s/files/1/1330/6287/files/8806960-product_image-p2647521.jpg?v=1745013974,12
3583787230329,4879845,apparel,Base layer,Van Rysel Women's Cycling Mesh Warm Weather Base Layer,Van Rysel Women's Cycling Mesh Warm Weather Base Layer,XL,Magnolia,39.99,39.99,USD,en-US,GB-R2-U7,21,van-rysel-womens-cycling-mesh-warm-weather-base-layer-white-347426,https://cdn.shopify.com/s/files/1/1330/6287/files/8806960-product_image-p2647521.jpg?v=1745013974,12
3583787230336,4879844,apparel,Base layer,Van Rysel Women's Cycling Mesh Warm Weather Base Layer,Van Rysel Women's Cycling Mesh Warm Weather Base Layer,L,Magnolia,39.99,39.99,USD,en-US,GB-R3-U1,19,van-rysel-womens-cycling-mesh-warm-weather-base-layer-white-347426,https://cdn.shopify.com/s/files/1/1330/6287/files/8806960-product_image-p2647521.jpg?v=1745013974,12
3583787230343,4879843,apparel,Base layer,Van Rysel Women's Cycling Mesh Warm Weather Base Layer,Van Rysel Women's Cycling Mesh Warm Weather Base Layer,M,Magnolia,39.99,39.99,USD,en-US,GB-R3-U2,21,van-rysel-womens-cycling-mesh-warm-weather-base-layer-white-347426,https://cdn.shopify.com/s/files/1/1330/6287/files/8806960-product_image-p2647521.jpg?v=1745013974,12
3583787247679,4776658,apparel,Zip-Off Pants,Simond Women's MT500 2-in-1 Modular Hiking Pants,Simond Women's MT500 2-in-1 Modular Hiking Pants,W30 L31,Navy Blue,79.99,79.99,USD,en-US,GB-R3-U3,12,simond-womens-mt500-2-in-1-modular-hiking-pants-341410,https://cdn.shopify.com/s/files/1/1330/6287/files/8787779-product_image-p2599132_379134ca-86c4-4a7a-a916-afa3d0dd7ec8.jpg?v=1748667363,13
3583787247686,4776660,apparel,Zip-Off Pants,Simond Women's MT500 2-in-1 Modular Hiking Pants,Simond Women's MT500 2-in-1 Modular Hiking Pants,W32 L31,Navy Blue,79.99,79.99,USD,en-US,GB-R3-U4,19,simond-womens-mt500-2-in-1-modular-hiking-pants-341410,https://cdn.shopify.com/s/files/1/1330/6287/files/8787779-product_image-p2599132_379134ca-86c4-4a7a-a916-afa3d0dd7ec8.jpg?v=1748667363,13
3583787247693,4776654,apparel,Zip-Off Pants,Simond Women's MT500 2-in-1 Modular Hiking Pants,Simond Women's MT500 2-in-1 Modular Hiking Pants,W27 L30,Navy Blue,79.99,79.99,USD,en-US,GB-R3-U5,16,simond-womens-mt500-2-in-1-modular-hiking-pants-341410,https://cdn.shopify.com/s/files/1/1330/6287/files/8787779-product_image-p2599132_379134ca-86c4-4a7a-a916-afa3d0dd7ec8.jpg?v=1748667363,13
3583787247709,4776656,apparel,Zip-Off Pants,Simond Women's MT500 2-in-1 Modular Hiking Pants,Simond Women's MT500 2-in-1 Modular Hiking Pants,W28 L31,Navy Blue,79.99,79.99,USD,en-US,GB-R3-U6,12,simond-womens-mt500-2-in-1-modular-hiking-pants-341410,https://cdn.shopify.com/s/files/1/1330/6287/files/8787779-product_image-p2599132_379134ca-86c4-4a7a-a916-afa3d0dd7ec8.jpg?v=1748667363,13
3583787247723,4776662,apparel,Zip-Off Pants,Simond Women's MT500 2-in-1 Modular Hiking Pants,Simond Women's MT500 2-in-1 Modular Hiking Pants,W34 L31,Navy Blue,79.99,79.99,USD,en-US,GB-R3-U7,17,simond-womens-mt500-2-in-1-modular-hiking-pants-341410,https://cdn.shopify.com/s/files/1/1330/6287/files/8787779-product_image-p2599132_379134ca-86c4-4a7a-a916-afa3d0dd7ec8.jpg?v=1748667363,13
3583787247730,4776664,apparel,Zip-Off Pants,Simond Women's MT500 2-in-1 Modular Hiking Pants,Simond Women's MT500 2-in-1 Modular Hiking Pants,W36 L31,Navy Blue,79.99,79.99,USD,en-US,GB-R4-U1,21,simond-womens-mt500-2-in-1-modular-hiking-pants-341410,https://cdn.shopify.com/s/files/1/1330/6287/files/8787779-product_image-p2599132_379134ca-86c4-4a7a-a916-afa3d0dd7ec8.jpg?v=1748667363,13
3583787252949,4521014,apparel,Rain Poncho,Forclaz MT50 Rain Poncho - 10L,Forclaz MT50 Rain Poncho - 10L,"S/M  5'2""-5'8""",Storm Gray,19.99,19.99,USD,en-US,GB-R4-U2,9,forclaz-mt50-hiking-rain-poncho-10-l-339021,https://cdn.shopify.com/s/files/1/1330/6287/files/8737843-product_image-p2621848.jpg?v=1712059489,4
3583787252956,4521015,apparel,Rain Poncho,Forclaz MT50 Rain Poncho - 10L,Forclaz MT50 Rain Poncho - 10L,"L/XL 5'8""-6'3""",Storm Gray,19.99,19.99,USD,en-US,GB-R4-U3,12,forclaz-mt50-hiking-rain-poncho-10-l-339021,https://cdn.shopify.com/s/files/1/1330/6287/files/8737843-product_image-p2621848.jpg?v=1712059489,4
3583787257104,4777409,bag_pack,Backpack,Forclaz Travel 500 Organizer 40 L Backpack,Forclaz Travel 500 Organizer 40 L Backpack,40 L,Dark Sepia,99.99,99.99,USD,en-US,GF-R5-U7,5,forclaz-travel-500-organizer-40-l-backpack-338564,https://cdn.shopify.com/s/files/1/1330/6287/files/8735937-product_image-p24798841.jpg?v=1756241885,43
3583787261712,4516772,bag_pack,Backpack,Simond Alpinism Evo 40L Mountaineering Backpack,Simond Alpinism Evo 40L Mountaineering Backpack,40 L,Black,150.00,150.0,USD,en-US,PE-06,7,simond-alpinism-evo-40l-mountaineering-backpack-338931,https://cdn.shopify.com/s/files/1/1330/6287/files/8737227-product_image-p2422973.jpg?v=1740485055,15
3583787275139,4504051,bag_pack,Backpack,Forclaz Travel 500 Organizer 40 L Backpack,Forclaz Travel 500 Organizer 40 L Backpack,40 L,Black,99.99,99.99,USD,en-US,PE-07,7,forclaz-travel-500-organizer-40-l-backpack-338564,https://cdn.shopify.com/s/files/1/1330/6287/files/8735937-product_image-p24798841.jpg?v=1756241885,43
3583787275221,4724864,apparel,T-shirt,Simond Women's Travel 500 Merino Wool T-Shirt,Simond Women's Travel 500 Merino Wool T-Shirt,S,Dark Blue,30.00,30.0,USD,en-US,GB-R4-U4,10,forclaz-womens-travel-500-merino-wool-t-shirt-6455,https://cdn.shopify.com/s/files/1/1330/6287/files/8774964-product_image-p2865167.jpg?v=1748655281,19
3583787275238,4724863,apparel,T-shirt,Simond Women's Travel 500 Merino Wool T-Shirt,Simond Women's Travel 500 Merino Wool T-Shirt,XS,Dark Blue,30.00,30.0,USD,en-US,GB-R4-U5,18,forclaz-womens-travel-500-merino-wool-t-shirt-6455,https://cdn.shopify.com/s/files/1/1330/6287/files/8774964-product_image-p2865167.jpg?v=1748655281,19
3583787275276,4724867,apparel,T-shirt,Simond Women's Travel 500 Merino Wool T-Shirt,Simond Women's Travel 500 Merino Wool T-Shirt,XL,Dark Blue,30.00,30.0,USD,en-US,GB-R4-U6,19,forclaz-womens-travel-500-merino-wool-t-shirt-6455,https://cdn.shopify.com/s/files/1/1330/6287/files/8774964-product_image-p2865167.jpg?v=1748655281,19
3583787275306,4724866,apparel,T-shirt,Simond Women's Travel 500 Merino Wool T-Shirt,Simond Women's Travel 500 Merino Wool T-Shirt,L,Dark Blue,30.00,30.0,USD,en-US,GB-R4-U7,11,forclaz-womens-travel-500-merino-wool-t-shirt-6455,https://cdn.shopify.com/s/files/1/1330/6287/files/8774964-product_image-p2865167.jpg?v=1748655281,19
3583787275337,4724865,apparel,T-shirt,Simond Women's Travel 500 Merino Wool T-Shirt,Simond Women's Travel 500 Merino Wool T-Shirt,M,Dark Blue,30.00,30.0,USD,en-US,FR-01,19,forclaz-womens-travel-500-merino-wool-t-shirt-6455,https://cdn.shopify.com/s/files/1/1330/6287/files/8774964-product_image-p2865167.jpg?v=1748655281,19
3583787275375,4104175,accessories,Headlamp,Forclaz HL900 USB V3 600 Lumen Rechargeable Head Torch,Forclaz HL900 USB V3 600 Lumen Rechargeable Head Torch,One Size,Vermilion,45.00,45.0,USD,en-US,GB-R5-U6,23,hl900-usb-v3-600-lumen-rechargeable-head-torch-327493,https://cdn.shopify.com/s/files/1/1330/6287/files/8600660-product_image-p2374567.jpg?v=1760037287,15
3583787303948,4361592,accessories,Gloves,Forclaz Adult MT900 Backpacking Gloves,Forclaz Adult MT900 Backpacking Gloves,L,Carbon Gray,49.99,49.99,USD,en-US,GB-R5-U7,23,forclaz-adult-mt900-backpacking-gloves-335267,https://cdn.shopify.com/s/files/1/1330/6287/files/8655822-product_image-p2572825.jpg?v=1712146091,15
3583787303955,4361593,accessories,Gloves,Forclaz Adult MT900 Backpacking Gloves,Forclaz Adult MT900 Backpacking Gloves,XL,Carbon Gray,49.99,49.99,USD,en-US,ACC-01,15,forclaz-adult-mt900-backpacking-gloves-335267,https://cdn.shopify.com/s/files/1/1330/6287/files/8655822-product_image-p2572825.jpg?v=1712146091,15
3583787303962,4361594,accessories,Gloves,Forclaz Adult MT900 Backpacking Gloves,Forclaz Adult MT900 Backpacking Gloves,2XL,Carbon Gray,49.99,49.99,USD,en-US,ACC-02,21,forclaz-adult-mt900-backpacking-gloves-335267,https://cdn.shopify.com/s/files/1/1330/6287/files/8655822-product_image-p2572825.jpg?v=1712146091,15
3583787303979,4361595,accessories,Gloves,Forclaz Adult MT900 Backpacking Gloves,Forclaz Adult MT900 Backpacking Gloves,3XL,Carbon Gray,49.99,49.99,USD,en-US,ACC-03,21,forclaz-adult-mt900-backpacking-gloves-335267,https://cdn.shopify.com/s/files/1/1330/6287/files/8655822-product_image-p2572825.jpg?v=1712146091,15
3583787303993,4361589,accessories,Gloves,Forclaz Adult MT900 Backpacking Gloves,Forclaz Adult MT900 Backpacking Gloves,XS,Carbon Gray,49.99,49.99,USD,en-US,ACC-04,20,forclaz-adult-mt900-backpacking-gloves-335267,https://cdn.shopify.com/s/files/1/1330/6287/files/8655822-product_image-p2572825.jpg?v=1712146091,15
3583787304006,4361590,accessories,Gloves,Forclaz Adult MT900 Backpacking Gloves,Forclaz Adult MT900 Backpacking Gloves,S,Carbon Gray,49.99,49.99,USD,en-US,CO-IR,10,forclaz-adult-mt900-backpacking-gloves-335267,https://cdn.shopify.com/s/files/1/1330/6287/files/8655822-product_image-p2572825.jpg?v=1712146091,15
3583787304013,4361591,accessories,Gloves,Forclaz Adult MT900 Backpacking Gloves,Forclaz Adult MT900 Backpacking Gloves,M,Carbon Gray,49.99,49.99,USD,en-US,GB-R5-U1,17,forclaz-adult-mt900-backpacking-gloves-335267,https://cdn.shopify.com/s/files/1/1330/6287/files/8655822-product_image-p2572825.jpg?v=1712146091,15
3583787367506,4273417,apparel,Leggings,Simond Women's Travel 500 Leggings,Simond Women's Travel 500 Leggings,2XL,Black,40.00,40.0,USD,en-US,FR-02,14,simond-travel-trekking-heavy-duty-leggings-travel-500-black-307216,https://cdn.shopify.com/s/files/1/1330/6287/files/8642109-product_image-p2511281_5eabf87c-dbee-4c0e-9ee6-e04e67996ff5.jpg?v=1748665648,8
3583787367537,4273423,apparel,Leggings,Simond Women's Travel 500 Leggings,Simond Women's Travel 500 Leggings,L,Black,40.00,40.0,USD,en-US,FR-03,20,simond-travel-trekking-heavy-duty-leggings-travel-500-black-307216,https://cdn.shopify.com/s/files/1/1330/6287/files/8642109-product_image-p2511281_5eabf87c-dbee-4c0e-9ee6-e04e67996ff5.jpg?v=1748665648,8
3583787367544,4273424,apparel,Leggings,Simond Women's Travel 500 Leggings,Simond Women's Travel 500 Leggings,M,Black,40.00,40.0,USD,en-US,FR-04,10,simond-travel-trekking-heavy-duty-leggings-travel-500-black-307216,https://cdn.shopify.com/s/files/1/1330/6287/files/8642109-product_image-p2511281_5eabf87c-dbee-4c0e-9ee6-e04e67996ff5.jpg?v=1748665648,8
3583787367551,4273427,apparel,Leggings,Simond Women's Travel 500 Leggings,Simond Women's Travel 500 Leggings,XS,Black,40.00,40.0,USD,en-US,GF-R1-U1,15,simond-travel-trekking-heavy-duty-leggings-travel-500-black-307216,https://cdn.shopify.com/s/files/1/1330/6287/files/8642109-product_image-p2511281_5eabf87c-dbee-4c0e-9ee6-e04e67996ff5.jpg?v=1748665648,8
3583787367568,4273425,apparel,Leggings,Simond Women's Travel 500 Leggings,Simond Women's Travel 500 Leggings,S,Black,40.00,40.0,USD,en-US,GF-R1-U2,12,simond-travel-trekking-heavy-duty-leggings-travel-500-black-307216,https://cdn.shopify.com/s/files/1/1330/6287/files/8642109-product_image-p2511281_5eabf87c-dbee-4c0e-9ee6-e04e67996ff5.jpg?v=1748665648,8
3583787367575,4273426,apparel,Leggings,Simond Women's Travel 500 Leggings,Simond Women's Travel 500 Leggings,XL,Black,40.00,40.0,USD,en-US,GF-R1-U3,13,simond-travel-trekking-heavy-duty-leggings-travel-500-black-307216,https://cdn.shopify.com/s/files/1/1330/6287/files/8642109-product_image-p2511281_5eabf87c-dbee-4c0e-9ee6-e04e67996ff5.jpg?v=1748665648,8
3583787405871,4156014,apparel,Shorts,Simond Women's MT500 Hiking Shorts,Simond Women's MT500 Hiking Shorts,XS - S,Khaki Brown,44.99,44.99,USD,en-US,GF-R1-U4,18,simond-womens-mt500-hiking-shorts-329242,https://cdn.shopify.com/s/files/1/1330/6287/files/8605940-product_image-p2660342_856acbeb-6194-44b5-8dc1-d8397613f780.jpg?v=1744785875,6
3583787405888,4156015,apparel,Shorts,Simond Women's MT500 Hiking Shorts,Simond Women's MT500 Hiking Shorts,S,Khaki Brown,44.99,44.99,USD,en-US,GF-R1-U5,20,simond-womens-mt500-hiking-shorts-329242,https://cdn.shopify.com/s/files/1/1330/6287/files/8605940-product_image-p2660342_856acbeb-6194-44b5-8dc1-d8397613f780.jpg?v=1744785875,6
3583787405895,4156016,apparel,Shorts,Simond Women's MT500 Hiking Shorts,Simond Women's MT500 Hiking Shorts,M,Khaki Brown,44.99,44.99,USD,en-US,GF-R1-U6,10,simond-womens-mt500-hiking-shorts-329242,https://cdn.shopify.com/s/files/1/1330/6287/files/8605940-product_image-p2660342_856acbeb-6194-44b5-8dc1-d8397613f780.jpg?v=1744785875,6
3583787405901,4156017,apparel,Shorts,Simond Women's MT500 Hiking Shorts,Simond Women's MT500 Hiking Shorts,L,Khaki Brown,44.99,44.99,USD,en-US,GF-R1-U7,10,simond-womens-mt500-hiking-shorts-329242,https://cdn.shopify.com/s/files/1/1330/6287/files/8605940-product_image-p2660342_856acbeb-6194-44b5-8dc1-d8397613f780.jpg?v=1744785875,6
3583787405918,4156018,apparel,Shorts,Simond Women's MT500 Hiking Shorts,Simond Women's MT500 Hiking Shorts,L / XL,Khaki Brown,44.99,44.99,USD,en-US,GF-R2-U1,13,simond-womens-mt500-hiking-shorts-329242,https://cdn.shopify.com/s/files/1/1330/6287/files/8605940-product_image-p2660342_856acbeb-6194-44b5-8dc1-d8397613f780.jpg?v=1744785875,6
3583787405925,4156019,apparel,Shorts,Simond Women's MT500 Hiking Shorts,Simond Women's MT500 Hiking Shorts,XL,Khaki Brown,44.99,44.99,USD,en-US,GF-R2-U2,15,simond-womens-mt500-hiking-shorts-329242,https://cdn.shopify.com/s/files/1/1330/6287/files/8605940-product_image-p2660342_856acbeb-6194-44b5-8dc1-d8397613f780.jpg?v=1744785875,6
3583787405932,4156020,apparel,Shorts,Simond Women's MT500 Hiking Shorts,Simond Women's MT500 Hiking Shorts,2XL,Khaki Brown,44.99,44.99,USD,en-US,GF-R2-U3,9,simond-womens-mt500-hiking-shorts-329242,https://cdn.shopify.com/s/files/1/1330/6287/files/8605940-product_image-p2660342_856acbeb-6194-44b5-8dc1-d8397613f780.jpg?v=1744785875,6
3583787412657,4361577,accessories,Glove liner,Forclaz MT100 Fleece Gloves,Forclaz MT100 Fleece Gloves,S - M,Black,5.00,5.0,USD,en-US,GB-R5-U2,12,mountain-trekking-fleece-liner-gloves-mt100-335229,https://cdn.shopify.com/s/files/1/1330/6287/files/8655817-product_image-p2621204.jpg?v=1755805926,3
3583787412664,4361578,accessories,Glove liner,Forclaz MT100 Fleece Gloves,Forclaz MT100 Fleece Gloves,L - XL,Black,5.00,5.0,USD,en-US,GB-R5-U3,12,mountain-trekking-fleece-liner-gloves-mt100-335229,https://cdn.shopify.com/s/files/1/1330/6287/files/8655817-product_image-p2621204.jpg?v=1755805926,3
3583787412671,4361579,accessories,Glove liner,Forclaz MT100 Fleece Gloves,Forclaz MT100 Fleece Gloves,2XL - 3XL,Black,5.00,5.0,USD,en-US,GB-R5-U4,20,mountain-trekking-fleece-liner-gloves-mt100-335229,https://cdn.shopify.com/s/files/1/1330/6287/files/8655817-product_image-p2621204.jpg?v=1755805926,3
3583787412688,4361576,accessories,Glove liner,Forclaz MT100 Fleece Gloves,Forclaz MT100 Fleece Gloves,2XS - XS,Black,5.00,5.0,USD,en-US,GB-R5-U5,14,mountain-trekking-fleece-liner-gloves-mt100-335229,https://cdn.shopify.com/s/files/1/1330/6287/files/8655817-product_image-p2621204.jpg?v=1755805926,3
3583787413159,4001607,bag_pack,Backpack,Forclaz Men's Travel 900 70+6L Backpacking Pack,Forclaz Men's Travel 900 70+6L Backpacking Pack,70+6 L,Dark Green,199.00,199.0,USD,en-US,PE-08,5,forclaz-travel-trekking-backpack-900-706-l-324139,https://cdn.shopify.com/s/files/1/1330/6287/files/8580014-product_image-p2606959.jpg?v=1712144965,16
3583787413166,4001604,bag_pack,Backpack,Forclaz Women's Travel 900 60 + 6 L Backpacking Pack,Forclaz Women's Travel 900 60 + 6 L Backpacking Pack,60 + 6 L,Default Color,189.00,189.0,USD,en-US,GF-R5-U1,6,forclaz-travel-trekking-900-606-l-backpack-324138,https://cdn.shopify.com/s/files/1/1330/6287/files/8580010-product_image-p2606527.jpg?v=1712058303,20
3583787413173,4001600,bag_pack,Backpack,Forclaz Men's Travel 900 50+6 L Backpacking Pack,Forclaz Men's Travel 900 50+6 L Backpacking Pack,50 + 6 L,Carbon Gray,169.00,169.0,USD,en-US,GF-R5-U2,5,forclaz-travel-trekking-backpack-900-506l-with-suitcase-opening-324146,https://cdn.shopify.com/s/files/1/1330/6287/files/8580006-product_image-p2606808.jpg?v=1712144981,16
3583787413807,4402421,apparel,Zip-Off Pants,Forclaz Men's MT100 2-in-1 Zip-Off Hiking Pants,Forclaz Men's MT100 2-in-1 Zip-Off Hiking Pants,W42 L34,Carbon Gray,40.00,40.0,USD,en-US,GF-R2-U4,19,mens-mountain-backpacking-modular-tights-trek-100-306560,https://cdn.shopify.com/s/files/1/1330/6287/files/8666242-product_image-p2599267.jpg?v=1740180520,12
3583787413814,4393050,apparel,Zip-Off Pants,Forclaz Men's MT100 2-in-1 Zip-Off Hiking Pants,Forclaz Men's MT100 2-in-1 Zip-Off Hiking Pants,W29 L33,Carbon Gray,40.00,40.0,USD,en-US,GF-R2-U5,17,mens-mountain-backpacking-modular-tights-trek-100-306560,https://cdn.shopify.com/s/files/1/1330/6287/files/8666242-product_image-p2599267.jpg?v=1740180520,12
3583787413821,4402424,apparel,Zip-Off Pants,Forclaz Men's MT100 2-in-1 Zip-Off Hiking Pants,Forclaz Men's MT100 2-in-1 Zip-Off Hiking Pants,W44 L34,Carbon Gray,40.00,40.0,USD,en-US,GF-R2-U6,13,mens-mountain-backpacking-modular-tights-trek-100-306560,https://cdn.shopify.com/s/files/1/1330/6287/files/8666242-product_image-p2599267.jpg?v=1740180520,12
3583787413838,4393054,apparel,Zip-Off Pants,Forclaz Men's MT100 2-in-1 Zip-Off Hiking Pants,Forclaz Men's MT100 2-in-1 Zip-Off Hiking Pants,W33 L33,Carbon Gray,40.00,40.0,USD,en-US,GF-R2-U7,17,mens-mountain-backpacking-modular-tights-trek-100-306560,https://cdn.shopify.com/s/files/1/1330/6287/files/8666242-product_image-p2599267.jpg?v=1740180520,12
3583787413845,4393055,apparel,Zip-Off Pants,Forclaz Men's MT100 2-in-1 Zip-Off Hiking Pants,Forclaz Men's MT100 2-in-1 Zip-Off Hiking Pants,W36 L34,Carbon Gray,40.00,40.0,USD,en-US,GF-R3-U1,15,mens-mountain-backpacking-modular-tights-trek-100-306560,https://cdn.shopify.com/s/files/1/1330/6287/files/8666242-product_image-p2599267.jpg?v=1740180520,12
3583787413852,4393052,apparel,Zip-Off Pants,Forclaz Men's MT100 2-in-1 Zip-Off Hiking Pants,Forclaz Men's MT100 2-in-1 Zip-Off Hiking Pants,W31 L33,Carbon Gray,40.00,40.0,USD,en-US,GF-R3-U2,11,mens-mountain-backpacking-modular-tights-trek-100-306560,https://cdn.shopify.com/s/files/1/1330/6287/files/8666242-product_image-p2599267.jpg?v=1740180520,12
3583787413869,4402417,apparel,Zip-Off Pants,Forclaz Men's MT100 2-in-1 Zip-Off Hiking Pants,Forclaz Men's MT100 2-in-1 Zip-Off Hiking Pants,W34 L34,Carbon Gray,40.00,40.0,USD,en-US,GF-R3-U3,19,mens-mountain-backpacking-modular-tights-trek-100-306560,https://cdn.shopify.com/s/files/1/1330/6287/files/8666242-product_image-p2599267.jpg?v=1740180520,12
3583787413876,4393056,apparel,Zip-Off Pants,Forclaz Men's MT100 2-in-1 Zip-Off Hiking Pants,Forclaz Men's MT100 2-in-1 Zip-Off Hiking Pants,W39 L34,Carbon Gray,40.00,40.0,USD,en-US,GF-R3-U4,14,mens-mountain-backpacking-modular-tights-trek-100-306560,https://cdn.shopify.com/s/files/1/1330/6287/files/8666242-product_image-p2599267.jpg?v=1740180520,12
3583787421963,4102216,bag_pack,Backpack,Simond Rock 20L Climbing Backpack,Simond Rock 20L Climbing Backpack,One Size,Golden Brown,40.00,40.0,USD,en-US,GF-R5-U3,10,simond-rock-20l-climbing-backpack-325829,https://cdn.shopify.com/s/files/1/1330/6287/files/8600295-product_image-p2238412.jpg?v=1741864168,20
3583787423349,4023635,apparel,Rain Poncho,Simond MT500 60L Hiking Rain Poncho,Simond MT500 60L Hiking Rain Poncho,"L/XL 5'8""-6'3""",Black,39.99,39.99,USD,en-US,GF-R3-U5,14,simond-mt500-60l-hiking-rain-poncho-324443,https://cdn.shopify.com/s/files/1/1330/6287/files/8586260-product_image-p2479809_e44a7ae2-7e28-4ca2-8711-1db7ae3eda6b.jpg?v=1748542260,7
3583787423356,4023636,apparel,Rain Poncho,Simond MT500 60L Hiking Rain Poncho,Simond MT500 60L Hiking Rain Poncho,"S/M  5'2""-5'8""",Black,39.99,39.99,USD,en-US,GF-R3-U6,20,simond-mt500-60l-hiking-rain-poncho-324443,https://cdn.shopify.com/s/files/1/1330/6287/files/8586260-product_image-p2479809_e44a7ae2-7e28-4ca2-8711-1db7ae3eda6b.jpg?v=1748542260,7
3583787448359,4468395,apparel,Pullover,Simond Women's Merino Wool Mountaineering Stretch Hoodie,Simond Women's Merino Wool Mountaineering Stretch Hoodie,L,Dark Petrol Blue,95.00,95.0,USD,en-US,GF-R3-U7,15,simond-womens-hooded-pullover-merino-wool-mountaineering-blue-309576-fw25,https://cdn.shopify.com/s/files/1/1330/6287/files/8732622-product_image-p2710360.jpg?v=1755289823,14
3583787448366,4468396,apparel,Pullover,Simond Women's Merino Wool Mountaineering Stretch Hoodie,Simond Women's Merino Wool Mountaineering Stretch Hoodie,XL,Dark Petrol Blue,95.00,95.0,USD,en-US,GF-R4-U1,14,simond-womens-hooded-pullover-merino-wool-mountaineering-blue-309576-fw25,https://cdn.shopify.com/s/files/1/1330/6287/files/8732622-product_image-p2710360.jpg?v=1755289823,14
3583787448380,4468392,apparel,Pullover,Simond Women's Merino Wool Mountaineering Stretch Hoodie,Simond Women's Merino Wool Mountaineering Stretch Hoodie,S,Dark Petrol Blue,95.00,95.0,USD,en-US,GF-R4-U2,11,simond-womens-hooded-pullover-merino-wool-mountaineering-blue-309576-fw25,https://cdn.shopify.com/s/files/1/1330/6287/files/8732622-product_image-p2710360.jpg?v=1755289823,14
3583787448403,4468393,apparel,Pullover,Simond Women's Merino Wool Mountaineering Stretch Hoodie,Simond Women's Merino Wool Mountaineering Stretch Hoodie,M,Dark Petrol Blue,95.00,95.0,USD,en-US,GF-R4-U3,20,simond-womens-hooded-pullover-merino-wool-mountaineering-blue-309576-fw25,https://cdn.shopify.com/s/files/1/1330/6287/files/8732622-product_image-p2710360.jpg?v=1755289823,14
3583787460900,4494178,bag_pack,Backpack,Simond Travel 100 50L Backpack Pack,Simond Travel 100 50L Backpack Pack,50 L,Black,79.99,79.99,USD,en-US,GF-R5-U4,8,simond-travel-100-50l-backpack-pack-6561,https://cdn.shopify.com/s/files/1/1330/6287/files/FORCLAZ_SAC_A_DOS_TRAVEL_100_NOIR_-_8735043_-_001_---_Expires_on_04-06-2035.jpg?v=1749858825,11
3583787480373,4275492,bag_pack,Backpack,Forclaz Men's MT900 50+10 L Ultralight Backpacking Pack,Forclaz Men's MT900 50+10 L Ultralight Backpacking Pack,50+10 L,Blue Gray,160.00,160.0,USD,en-US,GF-R5-U5,9,mens-ultralight-backpacking-backpack-5010-l-mt900-ul-332178,https://cdn.shopify.com/s/files/1/1330/6287/files/8642599-product_image-p2687928.jpg?v=1714475928,14
3583787480380,4275497,bag_pack,Backpack,Forclaz Women's Ultralight Backpacking Backpack 45+10 L - MT900 UL,Forclaz Women's Ultralight Backpacking Backpack 45+10 L - MT900 UL,45+10 L,Steel Gray,140.00,140.0,USD,en-US,GF-R5-U6,6,forclaz-womens-mt900-ul-backpacking-45-10-l-backpack-332261,https://cdn.shopify.com/s/files/1/1330/6287/files/8642604-product_image-p2687659.jpg?v=1714475875,13
3583787480397,4006198,bag_pack,Backpack,Simond Men's MT500 Air 50+10 L Backpacking Backpack,Simond Men's MT500 Air 50+10 L Backpacking Backpack,50+10 L,Dark Petrol Blue,115.00,115.0,USD,en-US,GF-R5-U7,7,mens-backpacking-5010-l-backpack-mt500-air-324407,https://cdn.shopify.com/s/files/1/1330/6287/files/8581388-product_image-p2597419_00435280-d2c1-42b0-9ce8-31d5c8d4db88.jpg?v=1748671338,15
3583787480410,4006201,bag_pack,Backpack,Simond Women's MT500 Air 45+10 L Backpacking Pack,Simond Women's MT500 Air 45+10 L Backpacking Pack,45+10 L,Gray Blue,110.00,110.0,USD,en-US,PE-06,10,simond-womens-mt500-air-45-10-l-backpacking-backpack-324445,https://cdn.shopify.com/s/files/1/1330/6287/files/8581391-product_image-p2148630_228a42d5-7b03-403b-b243-6045aaed1c64.jpg?v=1747771062,11
3583787480434,4006205,bag_pack,Backpack,Simond Women's MT500 AIR 55+10L Backpacking Pack,Simond Women's MT500 AIR 55+10L Backpacking Pack,One Size,Granite,125.00,125.0,USD,en-US,PE-07,8,simond-mt500-air-backpacking-55-10-l-backpack-womens-324408,https://cdn.shopify.com/s/files/1/1330/6287/files/8581395-product_image-p2687929_0b1acad9-b62b-421e-aecf-1df97238c6f5.jpg?v=1748672185,20
3583787480465,4452334,bag_pack,Backpack,Simond  Women's MT100 Easyfit 50L Backpacking Pack,Simond  Women's MT100 Easyfit 50L Backpacking Pack,One Size,Bordeaux,109.00,109.0,USD,en-US,PE-08,5,forclaz-womens-mt100-easyfit-50-l-backpacking-pack-309825,https://cdn.shopify.com/s/files/1/1330/6287/files/FORCLAZ_SAD_F_MT_100_EASYFIT_50L_ROUGE_-_8731062_-_001_---_Expires_on_04-06-2035.jpg?v=1750888485,12
3583787480489,4006557,bag_pack,Travel bag,Simond  Transport 900 Extend 80-120 L Duffel Bag,Simond  Transport 900 Extend 80-120 L Duffel Bag,One Size,Brick Red,140.00,140.0,USD,en-US,GF-R5-U1,7,waterproof-convertible-duffel-bag-backpack-80-l-to-120-l-324516,https://cdn.shopify.com/s/files/1/1330/6287/files/8581539-product_image-p2793358.jpg?v=1744784823,24
3583787505984,4336950,apparel,Base layer,Van Rysel Unisex Long-Sleeve Cycling Base Layer,Van Rysel Unisex Long-Sleeve Cycling Base Layer,XL,Smoked Black,39.99,39.99,USD,en-US,GF-R4-U4,14,road-cycling-training-base-layer-329813-fw25,https://cdn.shopify.com/s/files/1/1330/6287/files/8649561-product_image-p2993374.jpg?v=1755289849,14
3583787506035,4336949,apparel,Base layer,Van Rysel Unisex Long-Sleeve Cycling Base Layer,Van Rysel Unisex Long-Sleeve Cycling Base Layer,S,Smoked Black,39.99,39.99,USD,en-US,GF-R4-U5,20,road-cycling-training-base-layer-329813-fw25,https://cdn.shopify.com/s/files/1/1330/6287/files/8649561-product_image-p2993374.jpg?v=1755289849,14
3583787506042,4336947,apparel,Base layer,Van Rysel Unisex Long-Sleeve Cycling Base Layer,Van Rysel Unisex Long-Sleeve Cycling Base Layer,L,Smoked Black,39.99,39.99,USD,en-US,GF-R4-U6,19,road-cycling-training-base-layer-329813-fw25,https://cdn.shopify.com/s/files/1/1330/6287/files/8649561-product_image-p2993374.jpg?v=1755289849,14
3583787506059,4336948,apparel,Base layer,Van Rysel Unisex Long-Sleeve Cycling Base Layer,Van Rysel Unisex Long-Sleeve Cycling Base Layer,M,Smoked Black,39.99,39.99,USD,en-US,GF-R4-U7,16,road-cycling-training-base-layer-329813-fw25,https://cdn.shopify.com/s/files/1/1330/6287/files/8649561-product_image-p2993374.jpg?v=1755289849,14
3583787506110,4345743,apparel,Base layer,Van Rysel Unisex Long-Sleeve Cycling Base Layer,Van Rysel Unisex Long-Sleeve Cycling Base Layer,2XL,Smoked Black,39.99,39.99,USD,en-US,GB-R1-U1,11,road-cycling-training-base-layer-329813-fw25,https://cdn.shopify.com/s/files/1/1330/6287/files/8649561-product_image-p2993374.jpg?v=1755289849,14
3583787520864,4188552,apparel,Down jacket,Simond Men's MT500 Down Puffer Jacket,Simond Men's MT500 Down Puffer Jacket,3XL,Camouflage Brown,100.00,100.0,USD,en-US,GB-R1-U2,10,mens-mountain-trekking-down-jacket-mt500-10-degrees-celcius-12077,https://cdn.shopify.com/s/files/1/1330/6287/files/8611349-product_image-p2920873_dcee697e-fff3-4056-bc17-13187e98513d.jpg?v=1757361220,20
3583787520871,4188551,apparel,Down jacket,Simond Men's MT500 Down Puffer Jacket,Simond Men's MT500 Down Puffer Jacket,2XL,Camouflage Brown,100.00,100.0,USD,en-US,GB-R1-U3,19,mens-mountain-trekking-down-jacket-mt500-10-degrees-celcius-12077,https://cdn.shopify.com/s/files/1/1330/6287/files/8611349-product_image-p2920873_dcee697e-fff3-4056-bc17-13187e98513d.jpg?v=1757361220,20
3583787520888,4188554,apparel,Down jacket,Simond Men's MT500 Down Puffer Jacket,Simond Men's MT500 Down Puffer Jacket,M,Camouflage Brown,100.00,100.0,USD,en-US,GB-R1-U4,13,mens-mountain-trekking-down-jacket-mt500-10-degrees-celcius-12077,https://cdn.shopify.com/s/files/1/1330/6287/files/8611349-product_image-p2920873_dcee697e-fff3-4056-bc17-13187e98513d.jpg?v=1757361220,20
3583787520895,4188553,apparel,Down jacket,Simond Men's MT500 Down Puffer Jacket,Simond Men's MT500 Down Puffer Jacket,L,Camouflage Brown,100.00,100.0,USD,en-US,GB-R1-U5,17,mens-mountain-trekking-down-jacket-mt500-10-degrees-celcius-12077,https://cdn.shopify.com/s/files/1/1330/6287/files/8611349-product_image-p2920873_dcee697e-fff3-4056-bc17-13187e98513d.jpg?v=1757361220,20
3583787520901,4188556,apparel,Down jacket,Simond Men's MT500 Down Puffer Jacket,Simond Men's MT500 Down Puffer Jacket,XL,Camouflage Brown,100.00,100.0,USD,en-US,GB-R1-U6,14,mens-mountain-trekking-down-jacket-mt500-10-degrees-celcius-12077,https://cdn.shopify.com/s/files/1/1330/6287/files/8611349-product_image-p2920873_dcee697e-fff3-4056-bc17-13187e98513d.jpg?v=1757361220,20
3583787520918,4188555,apparel,Down jacket,Simond Men's MT500 Down Puffer Jacket,Simond Men's MT500 Down Puffer Jacket,S,Camouflage Brown,100.00,100.0,USD,en-US,GB-R1-U7,19,mens-mountain-trekking-down-jacket-mt500-10-degrees-celcius-12077,https://cdn.shopify.com/s/files/1/1330/6287/files/8611349-product_image-p2920873_dcee697e-fff3-4056-bc17-13187e98513d.jpg?v=1757361220,20
3583787526774,4406775,apparel,Long-sleeved t-shirt,Simond Men's MT500 Long-sleeve 100% Merino Wool T-shirt,Simond Men's MT500 Long-sleeve 100% Merino Wool T-shirt,XL,Black,50.00,50.0,USD,en-US,GB-R2-U1,17,mens-mt500-long-sleeve-100-merino-wool-t-shirt-11829,https://cdn.shopify.com/s/files/1/1330/6287/files/8670229-product_image-p2865915_2ecfe882-09ec-4d7d-a6a5-15411f02720f.jpg?v=1748579195,15
3583787526781,4406776,apparel,Long-sleeved t-shirt,Simond Men's MT500 Long-sleeve 100% Merino Wool T-shirt,Simond Men's MT500 Long-sleeve 100% Merino Wool T-shirt,2XL,Black,50.00,50.0,USD,en-US,GB-R2-U2,18,mens-mt500-long-sleeve-100-merino-wool-t-shirt-11829,https://cdn.shopify.com/s/files/1/1330/6287/files/8670229-product_image-p2865915_2ecfe882-09ec-4d7d-a6a5-15411f02720f.jpg?v=1748579195,15
3583787526798,4406773,apparel,Long-sleeved t-shirt,Simond Men's MT500 Long-sleeve 100% Merino Wool T-shirt,Simond Men's MT500 Long-sleeve 100% Merino Wool T-shirt,M,Black,50.00,50.0,USD,en-US,GB-R2-U3,21,mens-mt500-long-sleeve-100-merino-wool-t-shirt-11829,https://cdn.shopify.com/s/files/1/1330/6287/files/8670229-product_image-p2865915_2ecfe882-09ec-4d7d-a6a5-15411f02720f.jpg?v=1748579195,15
3583787526804,4406774,apparel,Long-sleeved t-shirt,Simond Men's MT500 Long-sleeve 100% Merino Wool T-shirt,Simond Men's MT500 Long-sleeve 100% Merino Wool T-shirt,L,Black,50.00,50.0,USD,en-US,GB-R2-U4,17,mens-mt500-long-sleeve-100-merino-wool-t-shirt-11829,https://cdn.shopify.com/s/files/1/1330/6287/files/8670229-product_image-p2865915_2ecfe882-09ec-4d7d-a6a5-15411f02720f.jpg?v=1748579195,15
3583787526811,4406772,apparel,Long-sleeved t-shirt,Simond Men's MT500 Long-sleeve 100% Merino Wool T-shirt,Simond Men's MT500 Long-sleeve 100% Merino Wool T-shirt,S,Black,50.00,50.0,USD,en-US,GB-R2-U5,10,mens-mt500-long-sleeve-100-merino-wool-t-shirt-11829,https://cdn.shopify.com/s/files/1/1330/6287/files/8670229-product_image-p2865915_2ecfe882-09ec-4d7d-a6a5-15411f02720f.jpg?v=1748579195,15
3583787526897,4409599,apparel,Long-sleeved t-shirt,Simond Women's MT500 Long-sleeve 100% Merino Wool Shirt,Simond Women's MT500 Long-sleeve 100% Merino Wool Shirt,L,Black,60.00,60.0,USD,en-US,GB-R2-U6,11,simond-womens-mt500-long-sleeve-100-merino-wool-shirt-11948,https://cdn.shopify.com/s/files/1/1330/6287/files/8670570-product_image-p2660356_452623e8-654f-4791-8249-ca8e127478ab.jpg?v=1755805788,8
3583787526903,4409600,apparel,Long-sleeved t-shirt,Simond Women's MT500 Long-sleeve 100% Merino Wool Shirt,Simond Women's MT500 Long-sleeve 100% Merino Wool Shirt,XL,Black,60.00,60.0,USD,en-US,GB-R2-U7,21,simond-womens-mt500-long-sleeve-100-merino-wool-shirt-11948,https://cdn.shopify.com/s/files/1/1330/6287/files/8670570-product_image-p2660356_452623e8-654f-4791-8249-ca8e127478ab.jpg?v=1755805788,8
3583787526910,4409596,apparel,Long-sleeved t-shirt,Simond Women's MT500 Long-sleeve 100% Merino Wool Shirt,Simond Women's MT500 Long-sleeve 100% Merino Wool Shirt,XS,Black,60.00,60.0,USD,en-US,GB-R3-U1,13,simond-womens-mt500-long-sleeve-100-merino-wool-shirt-11948,https://cdn.shopify.com/s/files/1/1330/6287/files/8670570-product_image-p2660356_452623e8-654f-4791-8249-ca8e127478ab.jpg?v=1755805788,8
3583787526927,4409598,apparel,Long-sleeved t-shirt,Simond Women's MT500 Long-sleeve 100% Merino Wool Shirt,Simond Women's MT500 Long-sleeve 100% Merino Wool Shirt,M,Black,60.00,60.0,USD,en-US,GB-R3-U2,15,simond-womens-mt500-long-sleeve-100-merino-wool-shirt-11948,https://cdn.shopify.com/s/files/1/1330/6287/files/8670570-product_image-p2660356_452623e8-654f-4791-8249-ca8e127478ab.jpg?v=1755805788,8
3583787526934,4409597,apparel,Long-sleeved t-shirt,Simond Women's MT500 Long-sleeve 100% Merino Wool Shirt,Simond Women's MT500 Long-sleeve 100% Merino Wool Shirt,S,Black,60.00,60.0,USD,en-US,GB-R3-U3,21,simond-womens-mt500-long-sleeve-100-merino-wool-shirt-11948,https://cdn.shopify.com/s/files/1/1330/6287/files/8670570-product_image-p2660356_452623e8-654f-4791-8249-ca8e127478ab.jpg?v=1755805788,8
3583787530580,4300031,apparel,3 in 1 jacket,Quechua Women's NH100 3-in-1 Waterproof Jacket,Quechua Women's NH100 3-in-1 Waterproof Jacket,XS,Deep Chocolate Truffle,109.00,109.0,USD,en-US,GB-R3-U4,19,forclaz-travel-trekking-waterproof-3-in-1-jacket-travel-100-0-degrees-celcius-white-324287-fw25,https://cdn.shopify.com/s/files/1/1330/6287/files/8645364-product_image-p2607081.jpg?v=1755289831,9
3583787530719,4300030,apparel,3 in 1 jacket,Quechua Women's NH100 3-in-1 Waterproof Jacket,Quechua Women's NH100 3-in-1 Waterproof Jacket,XL,Deep Chocolate Truffle,109.00,109.0,USD,en-US,GB-R3-U5,17,forclaz-travel-trekking-waterproof-3-in-1-jacket-travel-100-0-degrees-celcius-white-324287-fw25,https://cdn.shopify.com/s/files/1/1330/6287/files/8645364-product_image-p2607081.jpg?v=1755289831,9
3583787530733,4300029,apparel,3 in 1 jacket,Quechua Women's NH100 3-in-1 Waterproof Jacket,Quechua Women's NH100 3-in-1 Waterproof Jacket,S,Deep Chocolate Truffle,109.00,109.0,USD,en-US,GB-R3-U6,19,forclaz-travel-trekking-waterproof-3-in-1-jacket-travel-100-0-degrees-celcius-white-324287-fw25,https://cdn.shopify.com/s/files/1/1330/6287/files/8645364-product_image-p2607081.jpg?v=1755289831,9
3583787530757,4300028,apparel,3 in 1 jacket,Quechua Women's NH100 3-in-1 Waterproof Jacket,Quechua Women's NH100 3-in-1 Waterproof Jacket,M,Deep Chocolate Truffle,109.00,109.0,USD,en-US,GB-R3-U7,14,forclaz-travel-trekking-waterproof-3-in-1-jacket-travel-100-0-degrees-celcius-white-324287-fw25,https://cdn.shopify.com/s/files/1/1330/6287/files/8645364-product_image-p2607081.jpg?v=1755289831,9
3583787530771,4300027,apparel,3 in 1 jacket,Quechua Women's NH100 3-in-1 Waterproof Jacket,Quechua Women's NH100 3-in-1 Waterproof Jacket,L,Deep Chocolate Truffle,109.00,109.0,USD,en-US,GB-R4-U1,10,forclaz-travel-trekking-waterproof-3-in-1-jacket-travel-100-0-degrees-celcius-white-324287-fw25,https://cdn.shopify.com/s/files/1/1330/6287/files/8645364-product_image-p2607081.jpg?v=1755289831,9
3583787530801,4300023,apparel,3 in 1 jacket,Quechua Women's NH100 3-in-1 Waterproof Jacket,Quechua Women's NH100 3-in-1 Waterproof Jacket,2XL,Deep Chocolate Truffle,109.00,109.0,USD,en-US,GB-R4-U2,20,forclaz-travel-trekking-waterproof-3-in-1-jacket-travel-100-0-degrees-celcius-white-324287-fw25,https://cdn.shopify.com/s/files/1/1330/6287/files/8645364-product_image-p2607081.jpg?v=1755289831,9
3583787538654,4108820,apparel,Sports bra,Simond Trek 500 Merino Wool Bra,Simond Trek 500 Merino Wool Bra,M,Black,44.99,44.99,USD,en-US,GB-R4-U3,14,trek-500-merino-wool-bra-324119,https://cdn.shopify.com/s/files/1/1330/6287/files/8601370-product_image-p2815802_b8b1d804-78bb-4c55-a09c-8ff963201a55.jpg?v=1748660475,7
3583787538661,4108821,apparel,Sports bra,Simond Trek 500 Merino Wool Bra,Simond Trek 500 Merino Wool Bra,S,Black,44.99,44.99,USD,en-US,GB-R4-U4,18,trek-500-merino-wool-bra-324119,https://cdn.shopify.com/s/files/1/1330/6287/files/8601370-product_image-p2815802_b8b1d804-78bb-4c55-a09c-8ff963201a55.jpg?v=1748660475,7
3583787538678,4108822,apparel,Sports bra,Simond Trek 500 Merino Wool Bra,Simond Trek 500 Merino Wool Bra,XL,Black,44.99,44.99,USD,en-US,GB-R4-U5,11,trek-500-merino-wool-bra-324119,https://cdn.shopify.com/s/files/1/1330/6287/files/8601370-product_image-p2815802_b8b1d804-78bb-4c55-a09c-8ff963201a55.jpg?v=1748660475,7
3583787538685,4108823,apparel,Sports bra,Simond Trek 500 Merino Wool Bra,Simond Trek 500 Merino Wool Bra,XS,Black,44.99,44.99,USD,en-US,GB-R4-U6,15,trek-500-merino-wool-bra-324119,https://cdn.shopify.com/s/files/1/1330/6287/files/8601370-product_image-p2815802_b8b1d804-78bb-4c55-a09c-8ff963201a55.jpg?v=1748660475,7
3583787538692,4108819,apparel,Sports bra,Simond Trek 500 Merino Wool Bra,Simond Trek 500 Merino Wool Bra,L,Black,44.99,44.99,USD,en-US,GB-R4-U7,16,trek-500-merino-wool-bra-324119,https://cdn.shopify.com/s/files/1/1330/6287/files/8601370-product_image-p2815802_b8b1d804-78bb-4c55-a09c-8ff963201a55.jpg?v=1748660475,7
3583787538807,4176731,apparel,Long-sleeved t-shirt,Forclaz Men's MT900 Merino Wool Long Sleeve Shirt,Forclaz Men's MT900 Merino Wool Long Sleeve Shirt,2XL,Asphalt Blue,80.00,80.0,USD,en-US,FR-01,14,mens-merino-wool-long-sleeved-backpacking-t-shirt-mt900-324215,https://cdn.shopify.com/s/files/1/1330/6287/files/8609386-product_image-p2511287_0dbec1af-7fc0-4123-bbe7-a7032c50583e.jpg?v=1748653807,15
3583787538814,4176734,apparel,Long-sleeved t-shirt,Forclaz Men's MT900 Merino Wool Long Sleeve Shirt,Forclaz Men's MT900 Merino Wool Long Sleeve Shirt,M,Asphalt Blue,80.00,80.0,USD,en-US,FR-02,18,mens-merino-wool-long-sleeved-backpacking-t-shirt-mt900-324215,https://cdn.shopify.com/s/files/1/1330/6287/files/8609386-product_image-p2511287_0dbec1af-7fc0-4123-bbe7-a7032c50583e.jpg?v=1748653807,15
3583787538821,4176735,apparel,Long-sleeved t-shirt,Forclaz Men's MT900 Merino Wool Long Sleeve Shirt,Forclaz Men's MT900 Merino Wool Long Sleeve Shirt,S,Asphalt Blue,80.00,80.0,USD,en-US,FR-03,11,mens-merino-wool-long-sleeved-backpacking-t-shirt-mt900-324215,https://cdn.shopify.com/s/files/1/1330/6287/files/8609386-product_image-p2511287_0dbec1af-7fc0-4123-bbe7-a7032c50583e.jpg?v=1748653807,15
3583787538838,4176733,apparel,Long-sleeved t-shirt,Forclaz Men's MT900 Merino Wool Long Sleeve Shirt,Forclaz Men's MT900 Merino Wool Long Sleeve Shirt,L,Asphalt Blue,80.00,80.0,USD,en-US,FR-04,17,mens-merino-wool-long-sleeved-backpacking-t-shirt-mt900-324215,https://cdn.shopify.com/s/files/1/1330/6287/files/8609386-product_image-p2511287_0dbec1af-7fc0-4123-bbe7-a7032c50583e.jpg?v=1748653807,15
3583787538845,4176736,apparel,Long-sleeved t-shirt,Forclaz Men's MT900 Merino Wool Long Sleeve Shirt,Forclaz Men's MT900 Merino Wool Long Sleeve Shirt,XL,Asphalt Blue,80.00,80.0,USD,en-US,GF-R1-U1,12,mens-merino-wool-long-sleeved-backpacking-t-shirt-mt900-324215,https://cdn.shopify.com/s/files/1/1330/6287/files/8609386-product_image-p2511287_0dbec1af-7fc0-4123-bbe7-a7032c50583e.jpg?v=1748653807,15
3583787538852,4176794,apparel,Leggings,Forclaz Men's Mountain Backpacking Merino Wool Base Layer Tights Leggings - MT900,Forclaz Men's Mountain Backpacking Merino Wool Base Layer Tights Leggings - MT900,S,Asphalt Blue,65.00,65.0,USD,en-US,GF-R1-U2,20,forclaz-mountain-trekking-merino-wool-base-layer-tights-leggings-mt900-324226,https://cdn.shopify.com/s/files/1/1330/6287/files/8609395-product_image-p2599338.jpg?v=1711971583,9
3583787538869,4176795,apparel,Leggings,Forclaz Men's Mountain Backpacking Merino Wool Base Layer Tights Leggings - MT900,Forclaz Men's Mountain Backpacking Merino Wool Base Layer Tights Leggings - MT900,XL,Asphalt Blue,65.00,65.0,USD,en-US,GF-R1-U3,20,forclaz-mountain-trekking-merino-wool-base-layer-tights-leggings-mt900-324226,https://cdn.shopify.com/s/files/1/1330/6287/files/8609395-product_image-p2599338.jpg?v=1711971583,9
3583787538876,4176792,apparel,Leggings,Forclaz Men's Mountain Backpacking Merino Wool Base Layer Tights Leggings - MT900,Forclaz Men's Mountain Backpacking Merino Wool Base Layer Tights Leggings - MT900,L,Asphalt Blue,65.00,65.0,USD,en-US,GF-R1-U4,11,forclaz-mountain-trekking-merino-wool-base-layer-tights-leggings-mt900-324226,https://cdn.shopify.com/s/files/1/1330/6287/files/8609395-product_image-p2599338.jpg?v=1711971583,9
3583787538883,4176793,apparel,Leggings,Forclaz Men's Mountain Backpacking Merino Wool Base Layer Tights Leggings - MT900,Forclaz Men's Mountain Backpacking Merino Wool Base Layer Tights Leggings - MT900,M,Asphalt Blue,65.00,65.0,USD,en-US,GF-R1-U5,16,forclaz-mountain-trekking-merino-wool-base-layer-tights-leggings-mt900-324226,https://cdn.shopify.com/s/files/1/1330/6287/files/8609395-product_image-p2599338.jpg?v=1711971583,9
3583787538890,4176790,apparel,Leggings,Forclaz Men's Mountain Backpacking Merino Wool Base Layer Tights Leggings - MT900,Forclaz Men's Mountain Backpacking Merino Wool Base Layer Tights Leggings - MT900,2XL,Asphalt Blue,65.00,65.0,USD,en-US,GF-R1-U6,15,forclaz-mountain-trekking-merino-wool-base-layer-tights-leggings-mt900-324226,https://cdn.shopify.com/s/files/1/1330/6287/files/8609395-product_image-p2599338.jpg?v=1711971583,9
3583787552025,4346154,accessories,Bladder,Itiwit Inflatable Stitch kayak 2 Person Floor Outer Fabric Cover,Itiwit Inflatable Stitch kayak 2 Person Floor Outer Fabric Cover,One Size,Unspecified,25.00,25.0,USD,en-US,GB-R5-U6,19,itiwit-decathlon-inflatable-stitch-kayak-2-person-floor-outer-fabric-cover-334507,https://cdn.shopify.com/s/files/1/1330/6287/files/8651746-product_image-p2013909.jpg?v=1700658318,3
3583787567241,4335163,accessories,Bladder,RIGHT-HAND BLADDER FOR ITIWIT 100 2-SEATER TEXTILE KAYAKS,RIGHT-HAND BLADDER FOR ITIWIT 100 2-SEATER TEXTILE KAYAKS,One Size,Unspecified,30.00,30.0,USD,en-US,GB-R5-U7,17,itiwit-inflatable-stitch-kayak-2-person-right-side-inner-bladder-w-valve-334424,https://cdn.shopify.com/s/files/1/1330/6287/files/8649315-product_image-p1031024.jpg?v=1701260409,5
3583787567326,4335166,accessories,Bladder,"3.5"" Seat Bladder for Itiwit 1 New Itiwit 2 New Itiwit 3 New Canoe Kayak Hybrid","3.5"" Seat Bladder for Itiwit 1 New Itiwit 2 New Itiwit 3 New Canoe Kayak Hybrid",One Size,Unspecified,12.00,12.0,USD,en-US,ACC-01,13,itiwit-decathlon-inflatable-stitch-kayak-seat-inner-bladder-w-valve-334434,https://cdn.shopify.com/s/files/1/1330/6287/files/8649318-product_image-p1178180.jpg?v=1701260415,5
3583787567333,4335164,accessories,Bladder,LEFT-HAND BLADDER FOR ITIWIT 100 2-SEATER TEXTILE KAYAKS,LEFT-HAND BLADDER FOR ITIWIT 100 2-SEATER TEXTILE KAYAKS,One Size,Unspecified,30.00,30.0,USD,en-US,ACC-02,18,itiwit-inflatable-stitch-kayak-2-person-left-side-inner-bladder-w-valve-334425,https://cdn.shopify.com/s/files/1/1330/6287/files/8649316-product_image-p1031035.jpg?v=1701260407,5
3583787567340,4335169,accessories,Bladder,FLOOR BLADDER FOR ITIWIT 100 2-SEATER TEXTILE KAYAKS,FLOOR BLADDER FOR ITIWIT 100 2-SEATER TEXTILE KAYAKS,One Size,Unspecified,70.00,70.0,USD,en-US,ACC-03,22,itiwit-decathlon-inflatable-stitch-kayak-2-person-floor-inner-bladder-w-valve-334462,https://cdn.shopify.com/s/files/1/1330/6287/files/8649321-product_image-p1881532.jpg?v=1701260421,5
3583787567371,4335158,accessories,Bladder,LEFT BLADDER FOR ITIWIT 1 KAYAK,LEFT BLADDER FOR ITIWIT 1 KAYAK,One Size,Unspecified,20.00,20.0,USD,en-US,ACC-04,21,itiwit-inflatable-stitch-kayak-1-person-left-side-inner-bladder-w-valve-334368,https://cdn.shopify.com/s/files/1/1330/6287/files/8649310-product_image-p1031000.jpg?v=1701260411,4
3583787591611,4289569,apparel,Long-sleeved t-shirt,Simond Men's Alpinism Seamless Wool Long-Sleeve Shirt,Simond Men's Alpinism Seamless Wool Long-Sleeve Shirt,L,Carbon Gray,40.00,40.0,USD,en-US,GF-R1-U7,17,simond-mens-alpinism-seamless-wool-long-sleeve-shirt-313061,https://cdn.shopify.com/s/files/1/1330/6287/files/8644279-product_image-p2710416.jpg?v=1742382208,9
3583787591628,4289570,apparel,Long-sleeved t-shirt,Simond Men's Alpinism Seamless Wool Long-Sleeve Shirt,Simond Men's Alpinism Seamless Wool Long-Sleeve Shirt,M,Carbon Gray,40.00,40.0,USD,en-US,GF-R2-U1,16,simond-mens-alpinism-seamless-wool-long-sleeve-shirt-313061,https://cdn.shopify.com/s/files/1/1330/6287/files/8644279-product_image-p2710416.jpg?v=1742382208,9
3583787591635,4289571,apparel,Long-sleeved t-shirt,Simond Men's Alpinism Seamless Wool Long-Sleeve Shirt,Simond Men's Alpinism Seamless Wool Long-Sleeve Shirt,S,Carbon Gray,40.00,40.0,USD,en-US,GF-R2-U2,19,simond-mens-alpinism-seamless-wool-long-sleeve-shirt-313061,https://cdn.shopify.com/s/files/1/1330/6287/files/8644279-product_image-p2710416.jpg?v=1742382208,9
3583787591642,4289572,apparel,Long-sleeved t-shirt,Simond Men's Alpinism Seamless Wool Long-Sleeve Shirt,Simond Men's Alpinism Seamless Wool Long-Sleeve Shirt,XL,Carbon Gray,40.00,40.0,USD,en-US,GF-R2-U3,16,simond-mens-alpinism-seamless-wool-long-sleeve-shirt-313061,https://cdn.shopify.com/s/files/1/1330/6287/files/8644279-product_image-p2710416.jpg?v=1742382208,9
3583787601440,4006564,bag_pack,Travel bag,Simond  100 L Duffel Bag,Simond  100 L Duffel Bag,One Size,Carbon Gray,55.00,55.0,USD,en-US,GF-R5-U2,10,forclaz-100-basic-100-l-transport-backpacking-duffel-bag-324543,https://cdn.shopify.com/s/files/1/1330/6287/files/8581546-product_image-p2793351.jpg?v=1744784865,11
3583787612354,4170008,apparel,Trousers/pants,Simond  Women's MT500 Hiking Pants,Simond  Women's MT500 Hiking Pants,W26 L30,Carbon Gray,69.99,69.99,USD,en-US,GF-R2-U4,10,forclaz-trek-500-hiking-pants-womans-329217,https://cdn.shopify.com/s/files/1/1330/6287/files/8608070-product_image-p2511297.jpg?v=1744784891,11
3583787612392,4170014,apparel,Trousers/pants,Simond  Women's MT500 Hiking Pants,Simond  Women's MT500 Hiking Pants,W31 L31,Carbon Gray,69.99,69.99,USD,en-US,GF-R2-U5,18,forclaz-trek-500-hiking-pants-womans-329217,https://cdn.shopify.com/s/files/1/1330/6287/files/8608070-product_image-p2511297.jpg?v=1744784891,11
3583787612415,4170016,apparel,Trousers/pants,Simond  Women's MT500 Hiking Pants,Simond  Women's MT500 Hiking Pants,W33 L31,Carbon Gray,69.99,69.99,USD,en-US,GF-R2-U6,19,forclaz-trek-500-hiking-pants-womans-329217,https://cdn.shopify.com/s/files/1/1330/6287/files/8608070-product_image-p2511297.jpg?v=1744784891,11
3583787612422,4170010,apparel,Trousers/pants,Simond  Women's MT500 Hiking Pants,Simond  Women's MT500 Hiking Pants,W28 L30,Carbon Gray,69.99,69.99,USD,en-US,GF-R2-U7,18,forclaz-trek-500-hiking-pants-womans-329217,https://cdn.shopify.com/s/files/1/1330/6287/files/8608070-product_image-p2511297.jpg?v=1744784891,11
3583787612439,4170012,apparel,Trousers/pants,Simond  Women's MT500 Hiking Pants,Simond  Women's MT500 Hiking Pants,W29 L31,Carbon Gray,69.99,69.99,USD,en-US,GF-R3-U1,13,forclaz-trek-500-hiking-pants-womans-329217,https://cdn.shopify.com/s/files/1/1330/6287/files/8608070-product_image-p2511297.jpg?v=1744784891,11
3583787612477,4170018,apparel,Trousers/pants,Simond  Women's MT500 Hiking Pants,Simond  Women's MT500 Hiking Pants,W34 L31,Carbon Gray,69.99,69.99,USD,en-US,GF-R3-U2,17,forclaz-trek-500-hiking-pants-womans-329217,https://cdn.shopify.com/s/files/1/1330/6287/files/8608070-product_image-p2511297.jpg?v=1744784891,11
3583787612491,4170020,apparel,Trousers/pants,Simond  Women's MT500 Hiking Pants,Simond  Women's MT500 Hiking Pants,W36 L31,Carbon Gray,69.99,69.99,USD,en-US,GF-R3-U3,12,forclaz-trek-500-hiking-pants-womans-329217,https://cdn.shopify.com/s/files/1/1330/6287/files/8608070-product_image-p2511297.jpg?v=1744784891,11
3583787612590,4228776,accessories,Socks,Van Rysel 900 Mid-Cut Cycling Socks,Van Rysel 900 Mid-Cut Cycling Socks,W11-14 / M9.5-12,Snowy White,19.99,19.99,USD,en-US,CO-IR,15,van-rysel-900-summer-road-cycling-socks-330704,https://cdn.shopify.com/s/files/1/1330/6287/files/8615607-product_image-p1950997.jpg?v=1744915241,10
3583787612606,4228775,accessories,Socks,Van Rysel 900 Mid-Cut Cycling Socks,Van Rysel 900 Mid-Cut Cycling Socks,W8-10.5 / M6.5-9,Snowy White,19.99,19.99,USD,en-US,GB-R5-U1,17,van-rysel-900-summer-road-cycling-socks-330704,https://cdn.shopify.com/s/files/1/1330/6287/files/8615607-product_image-p1950997.jpg?v=1744915241,10
3583787612613,4228774,accessories,Socks,Van Rysel 900 Mid-Cut Cycling Socks,Van Rysel 900 Mid-Cut Cycling Socks,W5-7.5 / M3.5-6,Snowy White,19.99,19.99,USD,en-US,GB-R5-U2,22,van-rysel-900-summer-road-cycling-socks-330704,https://cdn.shopify.com/s/files/1/1330/6287/files/8615607-product_image-p1950997.jpg?v=1744915241,10
3583787612699,4228785,accessories,Socks,Van Rysel 900 Mid-Cut Cycling Socks,Van Rysel 900 Mid-Cut Cycling Socks,W11-14 / M9.5-12,Smoked Black,10.00,10.0,USD,en-US,GB-R5-U3,18,van-rysel-900-summer-road-cycling-socks-330704,https://cdn.shopify.com/s/files/1/1330/6287/files/8615607-product_image-p1950997.jpg?v=1744915241,10
3583787612712,4228784,accessories,Socks,Van Rysel 900 Mid-Cut Cycling Socks,Van Rysel 900 Mid-Cut Cycling Socks,W8-10.5 / M6.5-9,Smoked Black,10.00,10.0,USD,en-US,GB-R5-U4,12,van-rysel-900-summer-road-cycling-socks-330704,https://cdn.shopify.com/s/files/1/1330/6287/files/8615607-product_image-p1950997.jpg?v=1744915241,10
3583787612736,4228783,accessories,Socks,Van Rysel 900 Mid-Cut Cycling Socks,Van Rysel 900 Mid-Cut Cycling Socks,W5-7.5 / M3.5-6,Smoked Black,10.00,10.0,USD,en-US,GB-R5-U5,17,van-rysel-900-summer-road-cycling-socks-330704,https://cdn.shopify.com/s/files/1/1330/6287/files/8615607-product_image-p1950997.jpg?v=1744915241,10
3583787640494,4273312,bag_pack,Backpack,Simond Sprint 33L Lightweight Mountaineering Backpack,Simond Sprint 33L Lightweight Mountaineering Backpack,One Size,Pacific Blue,90.00,90.0,USD,en-US,GF-R5-U3,11,simond-sprint-33l-lightweight-mountaineering-backpack-329257,https://cdn.shopify.com/s/files/1/1330/6287/files/SIMOND_SAC_A_DOS_SPRINT_33_GRIS_PE25_-_8642077_-_001_---_Expires_on_22-05-2035.jpg?v=1758302115,13
3583787642580,2750074,accessories,Water pouch,Forclaz MT500 2L Water Bladder,Forclaz MT500 2L Water Bladder,One Size,Blue,24.99,24.99,USD,en-US,GB-R5-U6,18,forclaz-mt500-2l-water-bladder-306516,https://cdn.shopify.com/s/files/1/1330/6287/files/8542253-product_image-p2618418.jpg?v=1712057453,7
3583787692240,4032203,apparel,Padded Jacket,Forclaz Women's MT100 Hooded Synthetic Jacket,Forclaz Women's MT100 Hooded Synthetic Jacket,2XL,Green,40.00,40.0,USD,en-US,GF-R3-U4,11,forclaz-womens-mt100-hooded-synthetic-jacket-312532,https://cdn.shopify.com/s/files/1/1330/6287/files/8573844-product_image-p2710367.jpg?v=1714475453,21
3583787692264,4032269,apparel,Down jacket,Simond Women's MT100 Hooded Down Puffer Jacket,Simond Women's MT100 Hooded Down Puffer Jacket,XS,Burgundy,119.00,119.0,USD,en-US,GF-R3-U5,15,simond-trek-100-23-f-down-packable-puffer-backpacking-jacket-167572,https://cdn.shopify.com/s/files/1/1330/6287/files/8858267-product_image-p2688040_15b806ce-a1f3-4bef-abfb-db3d0c705ad6.jpg?v=1757454981,39
3583787692318,4032265,apparel,Down jacket,Simond Women's MT100 Hooded Down Puffer Jacket,Simond Women's MT100 Hooded Down Puffer Jacket,L,Burgundy,119.00,119.0,USD,en-US,GF-R3-U6,13,simond-trek-100-23-f-down-packable-puffer-backpacking-jacket-167572,https://cdn.shopify.com/s/files/1/1330/6287/files/8858267-product_image-p2688040_15b806ce-a1f3-4bef-abfb-db3d0c705ad6.jpg?v=1757454981,39
3583787692325,4032266,apparel,Down jacket,Simond Women's MT100 Hooded Down Puffer Jacket,Simond Women's MT100 Hooded Down Puffer Jacket,M,Burgundy,119.00,119.0,USD,en-US,GF-R3-U7,17,simond-trek-100-23-f-down-packable-puffer-backpacking-jacket-167572,https://cdn.shopify.com/s/files/1/1330/6287/files/8858267-product_image-p2688040_15b806ce-a1f3-4bef-abfb-db3d0c705ad6.jpg?v=1757454981,39
3583787692332,4032267,apparel,Down jacket,Simond Women's MT100 Hooded Down Puffer Jacket,Simond Women's MT100 Hooded Down Puffer Jacket,S,Burgundy,119.00,119.0,USD,en-US,GF-R4-U1,16,simond-trek-100-23-f-down-packable-puffer-backpacking-jacket-167572,https://cdn.shopify.com/s/files/1/1330/6287/files/8858267-product_image-p2688040_15b806ce-a1f3-4bef-abfb-db3d0c705ad6.jpg?v=1757454981,39
3583787692349,4032268,apparel,Down jacket,Simond Women's MT100 Hooded Down Puffer Jacket,Simond Women's MT100 Hooded Down Puffer Jacket,XL,Burgundy,119.00,119.0,USD,en-US,GF-R4-U2,16,simond-trek-100-23-f-down-packable-puffer-backpacking-jacket-167572,https://cdn.shopify.com/s/files/1/1330/6287/files/8858267-product_image-p2688040_15b806ce-a1f3-4bef-abfb-db3d0c705ad6.jpg?v=1757454981,39
3583787692356,4032261,apparel,Down jacket,Simond Women's MT100 Hooded Down Puffer Jacket,Simond Women's MT100 Hooded Down Puffer Jacket,2XL,Burgundy,119.00,119.0,USD,en-US,GF-R4-U3,16,simond-trek-100-23-f-down-packable-puffer-backpacking-jacket-167572,https://cdn.shopify.com/s/files/1/1330/6287/files/8858267-product_image-p2688040_15b806ce-a1f3-4bef-abfb-db3d0c705ad6.jpg?v=1757454981,39
3583787692363,4032208,apparel,Padded Jacket,Forclaz Women's MT100 Hooded Synthetic Jacket,Forclaz Women's MT100 Hooded Synthetic Jacket,L,Green,40.00,40.0,USD,en-US,GF-R4-U4,11,forclaz-womens-mt100-hooded-synthetic-jacket-312532,https://cdn.shopify.com/s/files/1/1330/6287/files/8573844-product_image-p2710367.jpg?v=1714475453,21
3583787692370,4032209,apparel,Padded Jacket,Forclaz Women's MT100 Hooded Synthetic Jacket,Forclaz Women's MT100 Hooded Synthetic Jacket,M,Green,40.00,40.0,USD,en-US,GF-R4-U5,17,forclaz-womens-mt100-hooded-synthetic-jacket-312532,https://cdn.shopify.com/s/files/1/1330/6287/files/8573844-product_image-p2710367.jpg?v=1714475453,21
3583787692394,4032212,apparel,Padded Jacket,Forclaz Women's MT100 Hooded Synthetic Jacket,Forclaz Women's MT100 Hooded Synthetic Jacket,XS,Green,40.00,40.0,USD,en-US,GF-R4-U6,13,forclaz-womens-mt100-hooded-synthetic-jacket-312532,https://cdn.shopify.com/s/files/1/1330/6287/files/8573844-product_image-p2710367.jpg?v=1714475453,21
3583787692400,4032210,apparel,Padded Jacket,Forclaz Women's MT100 Hooded Synthetic Jacket,Forclaz Women's MT100 Hooded Synthetic Jacket,S,Green,40.00,40.0,USD,en-US,GF-R4-U7,11,forclaz-womens-mt100-hooded-synthetic-jacket-312532,https://cdn.shopify.com/s/files/1/1330/6287/files/8573844-product_image-p2710367.jpg?v=1714475453,21
3583787692417,4032211,apparel,Padded Jacket,Forclaz Women's MT100 Hooded Synthetic Jacket,Forclaz Women's MT100 Hooded Synthetic Jacket,XL,Green,40.00,40.0,USD,en-US,GB-R1-U1,18,forclaz-womens-mt100-hooded-synthetic-jacket-312532,https://cdn.shopify.com/s/files/1/1330/6287/files/8573844-product_image-p2710367.jpg?v=1714475453,21
3583787698303,2718961,apparel,Rain Poncho,Forclaz MT100 Rain Poncho - 30 L,Forclaz MT100 Rain Poncho - 30 L,"S/M  5'2""-5'8""",Abyss Gray,29.99,29.99,USD,en-US,GB-R1-U2,10,forclaz-mt100-rain-poncho-30-l-307368,https://cdn.shopify.com/s/files/1/1330/6287/files/8544274-product_image-p2583911.jpg?v=1712057598,12
3583787698310,2718960,apparel,Rain Poncho,Forclaz MT100 Rain Poncho - 30 L,Forclaz MT100 Rain Poncho - 30 L,"L/XL 5'8""-6'3""",Abyss Gray,29.99,29.99,USD,en-US,GB-R1-U3,9,forclaz-mt100-rain-poncho-30-l-307368,https://cdn.shopify.com/s/files/1/1330/6287/files/8544274-product_image-p2583911.jpg?v=1712057598,12
3583787729601,2989125,accessories,Bottle cage,Van Rysel Ultra-Light Carbon Fiber Bottle Cage,Van Rysel Ultra-Light Carbon Fiber Bottle Cage,One Size,Black,49.99,49.99,USD,en-US,GB-R5-U7,13,road-bike-carbon-bottle-cage-900-991,https://cdn.shopify.com/s/files/1/1330/6287/files/8556867-product_image-p1823614.jpg?v=1711451154,1
3583787736906,2648460,accessories,Hat,Forclaz MT500 UPF 50+ Hiking Hat,Forclaz MT500 UPF 50+ Hiking Hat,60-62cm / 24'',Bronze Khaki Green,20.00,20.0,USD,en-US,ACC-01,16,forclaz-adult-anti-uv-hat-302975,https://cdn.shopify.com/s/files/1/1330/6287/files/8526267-product_image-p2688059.jpg?v=1747177320,18
3583787736913,2648459,accessories,Hat,Forclaz MT500 UPF 50+ Hiking Hat,Forclaz MT500 UPF 50+ Hiking Hat,56-58cm / 22-23'',Bronze Khaki Green,20.00,20.0,USD,en-US,ACC-02,14,forclaz-adult-anti-uv-hat-302975,https://cdn.shopify.com/s/files/1/1330/6287/files/8526267-product_image-p2688059.jpg?v=1747177320,18
3583787764930,2837645,apparel,Pullover,Simond Men's Hooded Merino Wool Pullover,Simond Men's Hooded Merino Wool Pullover,L,Inkpot Blue,95.00,95.0,USD,en-US,GB-R1-U4,9,simond-mens-hooded-pullover-merino-wool-mountaineering-blue-309545,https://cdn.shopify.com/s/files/1/1330/6287/files/8540152-product_image-p2710486.jpg?v=1762552950,14
3583787764947,2837646,apparel,Pullover,Simond Men's Hooded Merino Wool Pullover,Simond Men's Hooded Merino Wool Pullover,M,Inkpot Blue,95.00,95.0,USD,en-US,GB-R1-U5,19,simond-mens-hooded-pullover-merino-wool-mountaineering-blue-309545,https://cdn.shopify.com/s/files/1/1330/6287/files/8540152-product_image-p2710486.jpg?v=1762552950,14
3583787764954,2837644,apparel,Pullover,Simond Men's Hooded Merino Wool Pullover,Simond Men's Hooded Merino Wool Pullover,2XL,Inkpot Blue,95.00,95.0,USD,en-US,GB-R1-U6,11,simond-mens-hooded-pullover-merino-wool-mountaineering-blue-309545,https://cdn.shopify.com/s/files/1/1330/6287/files/8540152-product_image-p2710486.jpg?v=1762552950,14
3583787764978,2837647,apparel,Pullover,Simond Men's Hooded Merino Wool Pullover,Simond Men's Hooded Merino Wool Pullover,S,Inkpot Blue,95.00,95.0,USD,en-US,GB-R1-U7,20,simond-mens-hooded-pullover-merino-wool-mountaineering-blue-309545,https://cdn.shopify.com/s/files/1/1330/6287/files/8540152-product_image-p2710486.jpg?v=1762552950,14
3583787764985,2837648,apparel,Pullover,Simond Men's Hooded Merino Wool Pullover,Simond Men's Hooded Merino Wool Pullover,XL,Inkpot Blue,95.00,95.0,USD,en-US,GB-R2-U1,13,simond-mens-hooded-pullover-merino-wool-mountaineering-blue-309545,https://cdn.shopify.com/s/files/1/1330/6287/files/8540152-product_image-p2710486.jpg?v=1762552950,14
3583787788110,2422755,accessories,Headlamp,Forclaz Trek 100 Rechargeable 200 Lumens USB Hiking Head Lamp,Forclaz Trek 100 Rechargeable 200 Lumens USB Hiking Head Lamp,One Size,Galaxy Blue,15.00,15.0,USD,en-US,ACC-03,20,forclaz-trek-100-rechargeable-usb-120-lumen-backpacking-head-lamp-302568,https://cdn.shopify.com/s/files/1/1330/6287/files/8505682-product_image-p2572886.jpg?v=1712143848,9
3583787788295,2899311,bag_pack,Backpack,Simond  Men's MT100 Easyfit 70L Backpacking Pack,Simond  Men's MT100 Easyfit 70L Backpacking Pack,70 L,Mahogany,129.00,129.0,USD,en-US,GF-R5-U4,5,mens-mountain-backpacking-rucksack-70-l-trek-100-easyfit-309851,https://cdn.shopify.com/s/files/1/1330/6287/files/FORCLAZ_SAD_H_MT_100_EASYFIT_70L_OCRE_-_8559696_-_001_---_Expires_on_04-06-2035.jpg?v=1750210700,14
3583787788325,2899305,bag_pack,Backpack,Simond Men's MT100 Easyfit 50 L Backpacking Pack,Simond Men's MT100 Easyfit 50 L Backpacking Pack,50 L,Carbon Gray,109.00,109.0,USD,en-US,GF-R5-U5,10,mens-mountain-backpacking-rucksack-50-l-trek-100-easyfit-309807,https://cdn.shopify.com/s/files/1/1330/6287/files/FORCLAZ_SAD_H_MT_100_EASYFIT_50L_NOIR_-_8559690_-_001_---_Expires_on_04-06-2035.jpg?v=1749858393,9
3583787788400,2899478,bag_pack,Bag protector,Forclaz 70 100 L Basic Hiking Backpack Rain Cover,Forclaz 70 100 L Basic Hiking Backpack Rain Cover,One Size,Burnt Orange,29.99,29.99,USD,en-US,GF-R5-U6,5,backpacking-basic-rain-cover-for-backpack-70-100-l-309828,https://cdn.shopify.com/s/files/1/1330/6287/files/8559841-product_image-p2572852.jpg?v=1712057811,4
3583787790281,2899631,bag_pack,Backpack,Forclaz Ultra-Compact 10 L Backpack,Forclaz Ultra-Compact 10 L Backpack,10 L,Black,14.99,14.99,USD,en-US,GF-R5-U7,7,forclaz-foldable-backpack-10l-travel-309861,https://cdn.shopify.com/s/files/1/1330/6287/files/8560403-product_image-p2621812.jpg?v=1744931516,11
3583787791455,2934377,accessories,Towel,Ultra Compact Swimming Microfiber towel - XL 110 x 175 cm,Ultra Compact Swimming Microfiber towel - XL 110 x 175 cm,XL,Cedar,24.99,24.99,USD,en-US,ACC-04,15,ultra-compact-swimming-microfiber-towel-xl-110-x-175-cm-2,https://cdn.shopify.com/s/files/1/1330/6287/files/default_62c8538b-21c9-491b-91e1-1eb0438a861a.jpg?v=1775496673,5
3583787791523,4017765,accessories,Towel,Ultra Compact Swimming Microfiber towel - XL 110 x 175 cm,Ultra Compact Swimming Microfiber towel - XL 110 x 175 cm,XL,Prussian Blue,24.99,24.99,USD,en-US,CO-IR,19,ultra-compact-swimming-microfiber-towel-xl-110-x-175-cm-1,https://cdn.shopify.com/s/files/1/1330/6287/files/default_979ad412-cd41-41c0-806d-53dad802deab.jpg?v=1775496640,8
3583787810323,4065499,accessories,Hat,Forclaz MT500 UPF 50+ Hiking Hat,Forclaz MT500 UPF 50+ Hiking Hat,56-58cm / 22-23'',Linen,20.00,20.0,USD,en-US,GB-R5-U1,18,forclaz-adult-anti-uv-hat-302975,https://cdn.shopify.com/s/files/1/1330/6287/files/8526267-product_image-p2688059.jpg?v=1747177320,18
3583787810361,4065500,accessories,Hat,Forclaz MT500 UPF 50+ Hiking Hat,Forclaz MT500 UPF 50+ Hiking Hat,60-62cm / 24'',Linen,20.00,20.0,USD,en-US,GB-R5-U2,22,forclaz-adult-anti-uv-hat-302975,https://cdn.shopify.com/s/files/1/1330/6287/files/8526267-product_image-p2688059.jpg?v=1747177320,18
3583787810637,4045308,accessories,Cap,Forclaz Travel 100 Hiking Cap,Forclaz Travel 100 Hiking Cap,One Size,Asphalt Blue,5.00,5.0,USD,en-US,GB-R5-U3,15,travel-backpacking-cap-travel-100-navy-blue-302963,https://cdn.shopify.com/s/files/1/1330/6287/files/8588543-product_image-p2660347.jpg?v=1755805856,9
3583787837504,2899682,bag_pack,Backpack,Forclaz Travel 100 Compact Waterproof 20 L Hiking Backpack,Forclaz Travel 100 Compact Waterproof 20 L Hiking Backpack,20 L,Black,29.99,29.99,USD,en-US,PE-06,5,compact-waterproof-20-liter-backpack-travel-100-309854,https://cdn.shopify.com/s/files/1/1330/6287/files/8560418-product_image-p2621816.jpg?v=1712057869,7
3583787858479,2562324,apparel,T-shirt,Simond Men's Travel 500 Merino Wool T-Shirt,Simond Men's Travel 500 Merino Wool T-Shirt,L,Abyss Blue,30.00,30.0,USD,en-US,GB-R2-U2,17,mens-short-sleeved-merino-wool-hiking-travel-t-shirt-travel-500-106265,https://cdn.shopify.com/s/files/1/1330/6287/files/8789726-product_image-p2601365_c55edbc8-5135-4e6c-bbd3-81f3b89d1a8e.jpg?v=1748626071,22
3583787858486,2562322,apparel,T-shirt,Simond Men's Travel 500 Merino Wool T-Shirt,Simond Men's Travel 500 Merino Wool T-Shirt,M,Abyss Blue,30.00,30.0,USD,en-US,GB-R2-U3,15,mens-short-sleeved-merino-wool-hiking-travel-t-shirt-travel-500-106265,https://cdn.shopify.com/s/files/1/1330/6287/files/8789726-product_image-p2601365_c55edbc8-5135-4e6c-bbd3-81f3b89d1a8e.jpg?v=1748626071,22
3583787858493,2562326,apparel,T-shirt,Simond Men's Travel 500 Merino Wool T-Shirt,Simond Men's Travel 500 Merino Wool T-Shirt,2XL,Abyss Blue,30.00,30.0,USD,en-US,GB-R2-U4,13,mens-short-sleeved-merino-wool-hiking-travel-t-shirt-travel-500-106265,https://cdn.shopify.com/s/files/1/1330/6287/files/8789726-product_image-p2601365_c55edbc8-5135-4e6c-bbd3-81f3b89d1a8e.jpg?v=1748626071,22
3583787858509,2562325,apparel,T-shirt,Simond Men's Travel 500 Merino Wool T-Shirt,Simond Men's Travel 500 Merino Wool T-Shirt,XL,Abyss Blue,30.00,30.0,USD,en-US,GB-R2-U5,14,mens-short-sleeved-merino-wool-hiking-travel-t-shirt-travel-500-106265,https://cdn.shopify.com/s/files/1/1330/6287/files/8789726-product_image-p2601365_c55edbc8-5135-4e6c-bbd3-81f3b89d1a8e.jpg?v=1748626071,22
3583787858516,2562321,apparel,T-shirt,Simond Men's Travel 500 Merino Wool T-Shirt,Simond Men's Travel 500 Merino Wool T-Shirt,S,Abyss Blue,30.00,30.0,USD,en-US,GB-R2-U6,21,mens-short-sleeved-merino-wool-hiking-travel-t-shirt-travel-500-106265,https://cdn.shopify.com/s/files/1/1330/6287/files/8789726-product_image-p2601365_c55edbc8-5135-4e6c-bbd3-81f3b89d1a8e.jpg?v=1748626071,22
3583787861752,2712379,apparel,Zip-Off Pants,Forclaz Women's MT100 2-in-1 Zip-Off Hiking Pants,Forclaz Women's MT100 2-in-1 Zip-Off Hiking Pants,W32 L31,Carbon Gray,59.99,59.99,USD,en-US,GB-R2-U7,12,womens-travel-backpacking-adjustable-pants-travel-100-306949,https://cdn.shopify.com/s/files/1/1330/6287/files/8544763-product_image-p2599216.jpg?v=1703075087,11
3583787861769,2712377,apparel,Zip-Off Pants,Forclaz Women's MT100 2-in-1 Zip-Off Hiking Pants,Forclaz Women's MT100 2-in-1 Zip-Off Hiking Pants,W31 L31,Carbon Gray,59.99,59.99,USD,en-US,GB-R3-U1,16,womens-travel-backpacking-adjustable-pants-travel-100-306949,https://cdn.shopify.com/s/files/1/1330/6287/files/8544763-product_image-p2599216.jpg?v=1703075087,11
3583787861776,2712374,apparel,Zip-Off Pants,Forclaz Women's MT100 2-in-1 Zip-Off Hiking Pants,Forclaz Women's MT100 2-in-1 Zip-Off Hiking Pants,W29 L31,Carbon Gray,59.99,59.99,USD,en-US,GB-R3-U2,19,womens-travel-backpacking-adjustable-pants-travel-100-306949,https://cdn.shopify.com/s/files/1/1330/6287/files/8544763-product_image-p2599216.jpg?v=1703075087,11
3583787861783,2712372,apparel,Zip-Off Pants,Forclaz Women's MT100 2-in-1 Zip-Off Hiking Pants,Forclaz Women's MT100 2-in-1 Zip-Off Hiking Pants,W27 L30,Carbon Gray,59.99,59.99,USD,en-US,GB-R3-U3,18,womens-travel-backpacking-adjustable-pants-travel-100-306949,https://cdn.shopify.com/s/files/1/1330/6287/files/8544763-product_image-p2599216.jpg?v=1703075087,11
3583787861806,2712383,apparel,Zip-Off Pants,Forclaz Women's MT100 2-in-1 Zip-Off Hiking Pants,Forclaz Women's MT100 2-in-1 Zip-Off Hiking Pants,W36 L31,Carbon Gray,59.99,59.99,USD,en-US,GB-R3-U4,16,womens-travel-backpacking-adjustable-pants-travel-100-306949,https://cdn.shopify.com/s/files/1/1330/6287/files/8544763-product_image-p2599216.jpg?v=1703075087,11
3583787861813,2712381,apparel,Zip-Off Pants,Forclaz Women's MT100 2-in-1 Zip-Off Hiking Pants,Forclaz Women's MT100 2-in-1 Zip-Off Hiking Pants,W34 L31,Carbon Gray,59.99,59.99,USD,en-US,GB-R3-U5,21,womens-travel-backpacking-adjustable-pants-travel-100-306949,https://cdn.shopify.com/s/files/1/1330/6287/files/8544763-product_image-p2599216.jpg?v=1703075087,11
3583787864364,2712105,apparel,Boxer shorts,Simond Trek 500 Merino Wool Backpacking Underwear Women's,Simond Trek 500 Merino Wool Backpacking Underwear Women's,L,Black,29.99,29.99,USD,en-US,GB-R3-U6,17,womens-mountain-backpacking-merino-wool-pants-trek-500-306971,https://cdn.shopify.com/s/files/1/1330/6287/files/8544731-product_image-p2815818.jpg?v=1748659487,6
3583787864388,2712109,apparel,Boxer shorts,Simond Trek 500 Merino Wool Backpacking Underwear Women's,Simond Trek 500 Merino Wool Backpacking Underwear Women's,XS,Black,29.99,29.99,USD,en-US,GB-R3-U7,21,womens-mountain-backpacking-merino-wool-pants-trek-500-306971,https://cdn.shopify.com/s/files/1/1330/6287/files/8544731-product_image-p2815818.jpg?v=1748659487,6
3583787864395,2712108,apparel,Boxer shorts,Simond Trek 500 Merino Wool Backpacking Underwear Women's,Simond Trek 500 Merino Wool Backpacking Underwear Women's,XL,Black,29.99,29.99,USD,en-US,GB-R4-U1,13,womens-mountain-backpacking-merino-wool-pants-trek-500-306971,https://cdn.shopify.com/s/files/1/1330/6287/files/8544731-product_image-p2815818.jpg?v=1748659487,6
3583787864401,2712107,apparel,Boxer shorts,Simond Trek 500 Merino Wool Backpacking Underwear Women's,Simond Trek 500 Merino Wool Backpacking Underwear Women's,S,Black,29.99,29.99,USD,en-US,GB-R4-U2,11,womens-mountain-backpacking-merino-wool-pants-trek-500-306971,https://cdn.shopify.com/s/files/1/1330/6287/files/8544731-product_image-p2815818.jpg?v=1748659487,6
3583787864418,2712106,apparel,Boxer shorts,Simond Trek 500 Merino Wool Backpacking Underwear Women's,Simond Trek 500 Merino Wool Backpacking Underwear Women's,M,Black,29.99,29.99,USD,en-US,GB-R4-U3,16,womens-mountain-backpacking-merino-wool-pants-trek-500-306971,https://cdn.shopify.com/s/files/1/1330/6287/files/8544731-product_image-p2815818.jpg?v=1748659487,6
3583787865262,2751070,apparel,Boxers,Simond Men's MT500 Merino Wool Boxer Briefs,Simond Men's MT500 Merino Wool Boxer Briefs,2XL,Black,34.99,34.99,USD,en-US,GB-R4-U4,16,mens-mountain-trekking-merino-wool-boxer-shorts-mt500-306561,https://cdn.shopify.com/s/files/1/1330/6287/files/8542384-product_image-p2815510.jpg?v=1748650624,6
3583787865323,2751076,apparel,Boxers,Simond Men's MT500 Merino Wool Boxer Briefs,Simond Men's MT500 Merino Wool Boxer Briefs,S,Black,34.99,34.99,USD,en-US,GB-R4-U5,18,mens-mountain-trekking-merino-wool-boxer-shorts-mt500-306561,https://cdn.shopify.com/s/files/1/1330/6287/files/8542384-product_image-p2815510.jpg?v=1748650624,6
3583787865330,2751077,apparel,Boxers,Simond Men's MT500 Merino Wool Boxer Briefs,Simond Men's MT500 Merino Wool Boxer Briefs,XL,Black,34.99,34.99,USD,en-US,GB-R4-U6,16,mens-mountain-trekking-merino-wool-boxer-shorts-mt500-306561,https://cdn.shopify.com/s/files/1/1330/6287/files/8542384-product_image-p2815510.jpg?v=1748650624,6
3583787865347,2751074,apparel,Boxers,Simond Men's MT500 Merino Wool Boxer Briefs,Simond Men's MT500 Merino Wool Boxer Briefs,L,Black,34.99,34.99,USD,en-US,GB-R4-U7,20,mens-mountain-trekking-merino-wool-boxer-shorts-mt500-306561,https://cdn.shopify.com/s/files/1/1330/6287/files/8542384-product_image-p2815510.jpg?v=1748650624,6
3583787865354,2751075,apparel,Boxers,Simond Men's MT500 Merino Wool Boxer Briefs,Simond Men's MT500 Merino Wool Boxer Briefs,M,Black,34.99,34.99,USD,en-US,FR-01,11,mens-mountain-trekking-merino-wool-boxer-shorts-mt500-306561,https://cdn.shopify.com/s/files/1/1330/6287/files/8542384-product_image-p2815510.jpg?v=1748650624,6
3583787866689,2920615,apparel,T-shirt,Simond Men's Travel 500 Merino Wool T-Shirt,Simond Men's Travel 500 Merino Wool T-Shirt,L,Yellow Ochre,30.00,30.0,USD,en-US,FR-02,12,mens-short-sleeved-merino-wool-hiking-travel-t-shirt-travel-500-106265,https://cdn.shopify.com/s/files/1/1330/6287/files/8789726-product_image-p2601365_c55edbc8-5135-4e6c-bbd3-81f3b89d1a8e.jpg?v=1748626071,22
3583787866719,2920617,apparel,T-shirt,Simond Men's Travel 500 Merino Wool T-Shirt,Simond Men's Travel 500 Merino Wool T-Shirt,S,Yellow Ochre,30.00,30.0,USD,en-US,FR-03,13,mens-short-sleeved-merino-wool-hiking-travel-t-shirt-travel-500-106265,https://cdn.shopify.com/s/files/1/1330/6287/files/8789726-product_image-p2601365_c55edbc8-5135-4e6c-bbd3-81f3b89d1a8e.jpg?v=1748626071,22
3583787866733,2920616,apparel,T-shirt,Simond Men's Travel 500 Merino Wool T-Shirt,Simond Men's Travel 500 Merino Wool T-Shirt,M,Yellow Ochre,30.00,30.0,USD,en-US,FR-04,15,mens-short-sleeved-merino-wool-hiking-travel-t-shirt-travel-500-106265,https://cdn.shopify.com/s/files/1/1330/6287/files/8789726-product_image-p2601365_c55edbc8-5135-4e6c-bbd3-81f3b89d1a8e.jpg?v=1748626071,22
3583787866764,2920618,apparel,T-shirt,Simond Men's Travel 500 Merino Wool T-Shirt,Simond Men's Travel 500 Merino Wool T-Shirt,XL,Yellow Ochre,30.00,30.0,USD,en-US,GF-R1-U1,18,mens-short-sleeved-merino-wool-hiking-travel-t-shirt-travel-500-106265,https://cdn.shopify.com/s/files/1/1330/6287/files/8789726-product_image-p2601365_c55edbc8-5135-4e6c-bbd3-81f3b89d1a8e.jpg?v=1748626071,22
3583787866801,2920611,apparel,T-shirt,Simond Men's Travel 500 Merino Wool T-Shirt,Simond Men's Travel 500 Merino Wool T-Shirt,2XL,Yellow Ochre,30.00,30.0,USD,en-US,GF-R1-U2,21,mens-short-sleeved-merino-wool-hiking-travel-t-shirt-travel-500-106265,https://cdn.shopify.com/s/files/1/1330/6287/files/8789726-product_image-p2601365_c55edbc8-5135-4e6c-bbd3-81f3b89d1a8e.jpg?v=1748626071,22
3583787866917,2959113,apparel,Shorts,Forclaz Men's Travel 100 Cargo Shorts,Forclaz Men's Travel 100 Cargo Shorts,US - L,Carbon Gray,35.00,35.0,USD,en-US,GF-R1-U3,16,mens-travel-backpacking-shorts-travel-100-312177,https://cdn.shopify.com/s/files/1/1330/6287/files/8572550-product_image-p1786927.jpg?v=1700657525,10
3583787866924,2959112,apparel,Shorts,Forclaz Men's Travel 100 Cargo Shorts,Forclaz Men's Travel 100 Cargo Shorts,US  - M/L,Carbon Gray,35.00,35.0,USD,en-US,GF-R1-U4,15,mens-travel-backpacking-shorts-travel-100-312177,https://cdn.shopify.com/s/files/1/1330/6287/files/8572550-product_image-p1786927.jpg?v=1700657525,10
3583787866931,2959115,apparel,Shorts,Forclaz Men's Travel 100 Cargo Shorts,Forclaz Men's Travel 100 Cargo Shorts,US - XL,Carbon Gray,35.00,35.0,USD,en-US,GF-R1-U5,10,mens-travel-backpacking-shorts-travel-100-312177,https://cdn.shopify.com/s/files/1/1330/6287/files/8572550-product_image-p1786927.jpg?v=1700657525,10
3583787866948,2959114,apparel,Shorts,Forclaz Men's Travel 100 Cargo Shorts,Forclaz Men's Travel 100 Cargo Shorts,US - L/XL,Carbon Gray,35.00,35.0,USD,en-US,GF-R1-U6,21,mens-travel-backpacking-shorts-travel-100-312177,https://cdn.shopify.com/s/files/1/1330/6287/files/8572550-product_image-p1786927.jpg?v=1700657525,10
3583787866955,2959117,apparel,Shorts,Forclaz Men's Travel 100 Cargo Shorts,Forclaz Men's Travel 100 Cargo Shorts,US - 2XL,Carbon Gray,35.00,35.0,USD,en-US,GF-R1-U7,16,mens-travel-backpacking-shorts-travel-100-312177,https://cdn.shopify.com/s/files/1/1330/6287/files/8572550-product_image-p1786927.jpg?v=1700657525,10
3583787866962,2959116,apparel,Shorts,Forclaz Men's Travel 100 Cargo Shorts,Forclaz Men's Travel 100 Cargo Shorts,US - XL/2XL,Carbon Gray,35.00,35.0,USD,en-US,GF-R2-U1,11,mens-travel-backpacking-shorts-travel-100-312177,https://cdn.shopify.com/s/files/1/1330/6287/files/8572550-product_image-p1786927.jpg?v=1700657525,10
3583787866979,2959118,apparel,Shorts,Forclaz Men's Travel 100 Cargo Shorts,Forclaz Men's Travel 100 Cargo Shorts,US - 2XL/3XL,Carbon Gray,35.00,35.0,USD,en-US,GF-R2-U2,12,mens-travel-backpacking-shorts-travel-100-312177,https://cdn.shopify.com/s/files/1/1330/6287/files/8572550-product_image-p1786927.jpg?v=1700657525,10
3583787866986,2959110,apparel,Shorts,Forclaz Men's Travel 100 Cargo Shorts,Forclaz Men's Travel 100 Cargo Shorts,US - S,Carbon Gray,35.00,35.0,USD,en-US,GF-R2-U3,10,mens-travel-backpacking-shorts-travel-100-312177,https://cdn.shopify.com/s/files/1/1330/6287/files/8572550-product_image-p1786927.jpg?v=1700657525,10
3583787866993,2959111,apparel,Shorts,Forclaz Men's Travel 100 Cargo Shorts,Forclaz Men's Travel 100 Cargo Shorts,US - M,Carbon Gray,35.00,35.0,USD,en-US,GF-R2-U4,13,mens-travel-backpacking-shorts-travel-100-312177,https://cdn.shopify.com/s/files/1/1330/6287/files/8572550-product_image-p1786927.jpg?v=1700657525,10
3583787894811,2920306,apparel,Jacket,Forclaz Men's MT100 Hooded Synthetic Jacket,Forclaz Men's MT100 Hooded Synthetic Jacket,XL,Black,69.99,69.99,USD,en-US,GF-R2-U5,11,forclaz-synthetic-mountain-backpacking-padded-jacket-mt100-hooded-5-degrees-celcius-312478,https://cdn.shopify.com/s/files/1/1330/6287/files/8573829-product_image-p2688112.jpg?v=1714648468,31
3583787894828,2920304,apparel,Jacket,Forclaz Men's MT100 Hooded Synthetic Jacket,Forclaz Men's MT100 Hooded Synthetic Jacket,M,Black,69.99,69.99,USD,en-US,GF-R2-U6,20,forclaz-synthetic-mountain-backpacking-padded-jacket-mt100-hooded-5-degrees-celcius-312478,https://cdn.shopify.com/s/files/1/1330/6287/files/8573829-product_image-p2688112.jpg?v=1714648468,31
3583787894835,2920305,apparel,Jacket,Forclaz Men's MT100 Hooded Synthetic Jacket,Forclaz Men's MT100 Hooded Synthetic Jacket,S,Black,69.99,69.99,USD,en-US,GF-R2-U7,20,forclaz-synthetic-mountain-backpacking-padded-jacket-mt100-hooded-5-degrees-celcius-312478,https://cdn.shopify.com/s/files/1/1330/6287/files/8573829-product_image-p2688112.jpg?v=1714648468,31
3583787894859,2920303,apparel,Jacket,Forclaz Men's MT100 Hooded Synthetic Jacket,Forclaz Men's MT100 Hooded Synthetic Jacket,L,Black,69.99,69.99,USD,en-US,GF-R3-U1,12,forclaz-synthetic-mountain-backpacking-padded-jacket-mt100-hooded-5-degrees-celcius-312478,https://cdn.shopify.com/s/files/1/1330/6287/files/8573829-product_image-p2688112.jpg?v=1714648468,31
3583787894873,2920300,apparel,Jacket,Forclaz Men's MT100 Hooded Synthetic Jacket,Forclaz Men's MT100 Hooded Synthetic Jacket,2XL,Black,69.99,69.99,USD,en-US,GF-R3-U2,18,forclaz-synthetic-mountain-backpacking-padded-jacket-mt100-hooded-5-degrees-celcius-312478,https://cdn.shopify.com/s/files/1/1330/6287/files/8573829-product_image-p2688112.jpg?v=1714648468,31
3583787894880,2920301,apparel,Jacket,Forclaz Men's MT100 Hooded Synthetic Jacket,Forclaz Men's MT100 Hooded Synthetic Jacket,3XL,Black,69.99,69.99,USD,en-US,GF-R3-U3,18,forclaz-synthetic-mountain-backpacking-padded-jacket-mt100-hooded-5-degrees-celcius-312478,https://cdn.shopify.com/s/files/1/1330/6287/files/8573829-product_image-p2688112.jpg?v=1714648468,31
3583787895153,2920393,apparel,Padded Jacket,Forclaz Women's MT100 Hooded Synthetic Jacket,Forclaz Women's MT100 Hooded Synthetic Jacket,L,Black,69.99,69.99,USD,en-US,GF-R3-U4,9,forclaz-womens-mt100-hooded-synthetic-jacket-312532,https://cdn.shopify.com/s/files/1/1330/6287/files/8573844-product_image-p2710367.jpg?v=1714475453,21
3583787895160,2920390,apparel,Padded Jacket,Forclaz Women's MT100 Hooded Synthetic Jacket,Forclaz Women's MT100 Hooded Synthetic Jacket,2XL,Black,69.99,69.99,USD,en-US,GF-R3-U5,12,forclaz-womens-mt100-hooded-synthetic-jacket-312532,https://cdn.shopify.com/s/files/1/1330/6287/files/8573844-product_image-p2710367.jpg?v=1714475453,21
3583787895177,2920397,apparel,Padded Jacket,Forclaz Women's MT100 Hooded Synthetic Jacket,Forclaz Women's MT100 Hooded Synthetic Jacket,XS,Black,69.99,69.99,USD,en-US,GF-R3-U6,13,forclaz-womens-mt100-hooded-synthetic-jacket-312532,https://cdn.shopify.com/s/files/1/1330/6287/files/8573844-product_image-p2710367.jpg?v=1714475453,21
3583787895184,2920396,apparel,Padded Jacket,Forclaz Women's MT100 Hooded Synthetic Jacket,Forclaz Women's MT100 Hooded Synthetic Jacket,XL,Black,69.99,69.99,USD,en-US,GF-R3-U7,14,forclaz-womens-mt100-hooded-synthetic-jacket-312532,https://cdn.shopify.com/s/files/1/1330/6287/files/8573844-product_image-p2710367.jpg?v=1714475453,21
3583787895191,2920395,apparel,Padded Jacket,Forclaz Women's MT100 Hooded Synthetic Jacket,Forclaz Women's MT100 Hooded Synthetic Jacket,S,Black,69.99,69.99,USD,en-US,GF-R4-U1,10,forclaz-womens-mt100-hooded-synthetic-jacket-312532,https://cdn.shopify.com/s/files/1/1330/6287/files/8573844-product_image-p2710367.jpg?v=1714475453,21
3583787895207,2920394,apparel,Padded Jacket,Forclaz Women's MT100 Hooded Synthetic Jacket,Forclaz Women's MT100 Hooded Synthetic Jacket,M,Black,69.99,69.99,USD,en-US,GF-R4-U2,16,forclaz-womens-mt100-hooded-synthetic-jacket-312532,https://cdn.shopify.com/s/files/1/1330/6287/files/8573844-product_image-p2710367.jpg?v=1714475453,21
3583787896488,2891447,apparel,Down jacket,Simond Men's MT100 Hooded Down Puffer Jacket,Simond Men's MT100 Hooded Down Puffer Jacket,S,Olive Green,119.00,119.0,USD,en-US,GF-R4-U3,10,simond-mt100-hooded-down-puffer-jacket-167571,https://cdn.shopify.com/s/files/1/1330/6287/files/8858286-product_image-p2688048_dea6fdbb-43f3-4b78-8e1b-94ab328aec0e.jpg?v=1755033808,41
3583787896495,2891446,apparel,Down jacket,Simond Men's MT100 Hooded Down Puffer Jacket,Simond Men's MT100 Hooded Down Puffer Jacket,M,Olive Green,119.00,119.0,USD,en-US,GF-R4-U4,11,simond-mt100-hooded-down-puffer-jacket-167571,https://cdn.shopify.com/s/files/1/1330/6287/files/8858286-product_image-p2688048_dea6fdbb-43f3-4b78-8e1b-94ab328aec0e.jpg?v=1755033808,41
3583787896501,2891448,apparel,Down jacket,Simond Men's MT100 Hooded Down Puffer Jacket,Simond Men's MT100 Hooded Down Puffer Jacket,XL,Olive Green,119.00,119.0,USD,en-US,GF-R4-U5,14,simond-mt100-hooded-down-puffer-jacket-167571,https://cdn.shopify.com/s/files/1/1330/6287/files/8858286-product_image-p2688048_dea6fdbb-43f3-4b78-8e1b-94ab328aec0e.jpg?v=1755033808,41
3583787896518,2891443,apparel,Down jacket,Simond Men's MT100 Hooded Down Puffer Jacket,Simond Men's MT100 Hooded Down Puffer Jacket,2XL,Olive Green,119.00,119.0,USD,en-US,GF-R4-U6,16,simond-mt100-hooded-down-puffer-jacket-167571,https://cdn.shopify.com/s/files/1/1330/6287/files/8858286-product_image-p2688048_dea6fdbb-43f3-4b78-8e1b-94ab328aec0e.jpg?v=1755033808,41
3583787896525,2891445,apparel,Down jacket,Simond Men's MT100 Hooded Down Puffer Jacket,Simond Men's MT100 Hooded Down Puffer Jacket,L,Olive Green,119.00,119.0,USD,en-US,GF-R4-U7,19,simond-mt100-hooded-down-puffer-jacket-167571,https://cdn.shopify.com/s/files/1/1330/6287/files/8858286-product_image-p2688048_dea6fdbb-43f3-4b78-8e1b-94ab328aec0e.jpg?v=1755033808,41
3583787896532,2891444,apparel,Down jacket,Simond Men's MT100 Hooded Down Puffer Jacket,Simond Men's MT100 Hooded Down Puffer Jacket,3XL,Olive Green,119.00,119.0,USD,en-US,GB-R1-U1,19,simond-mt100-hooded-down-puffer-jacket-167571,https://cdn.shopify.com/s/files/1/1330/6287/files/8858286-product_image-p2688048_dea6fdbb-43f3-4b78-8e1b-94ab328aec0e.jpg?v=1755033808,41
3583787907405,2959082,apparel,Trousers/pants,Forclaz Men's Travel 100 Cargo Pants,Forclaz Men's Travel 100 Cargo Pants,"W29""",Carbon Gray,45.00,45.0,USD,en-US,GB-R1-U2,12,mens-backpacking-pants-travel-100-312187,https://cdn.shopify.com/s/files/1/1330/6287/files/8572546-product_image-p2599261.jpg?v=1712058120,12
3583787907412,2959083,apparel,Trousers/pants,Forclaz Men's Travel 100 Cargo Pants,Forclaz Men's Travel 100 Cargo Pants,"W31""",Carbon Gray,45.00,45.0,USD,en-US,GB-R1-U3,18,mens-backpacking-pants-travel-100-312187,https://cdn.shopify.com/s/files/1/1330/6287/files/8572546-product_image-p2599261.jpg?v=1712058120,12
3583787907429,2959089,apparel,Trousers/pants,Forclaz Men's Travel 100 Cargo Pants,Forclaz Men's Travel 100 Cargo Pants,"W43""",Carbon Gray,45.00,45.0,USD,en-US,GB-R1-U4,20,mens-backpacking-pants-travel-100-312187,https://cdn.shopify.com/s/files/1/1330/6287/files/8572546-product_image-p2599261.jpg?v=1712058120,12
3583787907436,2959088,apparel,Trousers/pants,Forclaz Men's Travel 100 Cargo Pants,Forclaz Men's Travel 100 Cargo Pants,"W41""",Carbon Gray,45.00,45.0,USD,en-US,GB-R1-U5,11,mens-backpacking-pants-travel-100-312187,https://cdn.shopify.com/s/files/1/1330/6287/files/8572546-product_image-p2599261.jpg?v=1712058120,12
3583787907443,2959090,apparel,Trousers/pants,Forclaz Men's Travel 100 Cargo Pants,Forclaz Men's Travel 100 Cargo Pants,"W46""",Carbon Gray,45.00,45.0,USD,en-US,GB-R1-U6,13,mens-backpacking-pants-travel-100-312187,https://cdn.shopify.com/s/files/1/1330/6287/files/8572546-product_image-p2599261.jpg?v=1712058120,12
3583787907450,2959085,apparel,Trousers/pants,Forclaz Men's Travel 100 Cargo Pants,Forclaz Men's Travel 100 Cargo Pants,"W34""",Carbon Gray,45.00,45.0,USD,en-US,GB-R1-U7,17,mens-backpacking-pants-travel-100-312187,https://cdn.shopify.com/s/files/1/1330/6287/files/8572546-product_image-p2599261.jpg?v=1712058120,12
3583787907467,2959084,apparel,Trousers/pants,Forclaz Men's Travel 100 Cargo Pants,Forclaz Men's Travel 100 Cargo Pants,"W32""",Carbon Gray,45.00,45.0,USD,en-US,GB-R2-U1,16,mens-backpacking-pants-travel-100-312187,https://cdn.shopify.com/s/files/1/1330/6287/files/8572546-product_image-p2599261.jpg?v=1712058120,12
3583787907474,2959087,apparel,Trousers/pants,Forclaz Men's Travel 100 Cargo Pants,Forclaz Men's Travel 100 Cargo Pants,"W39""",Carbon Gray,45.00,45.0,USD,en-US,GB-R2-U2,14,mens-backpacking-pants-travel-100-312187,https://cdn.shopify.com/s/files/1/1330/6287/files/8572546-product_image-p2599261.jpg?v=1712058120,12
3583787907481,2959086,apparel,Trousers/pants,Forclaz Men's Travel 100 Cargo Pants,Forclaz Men's Travel 100 Cargo Pants,"W36""",Carbon Gray,45.00,45.0,USD,en-US,GB-R2-U3,19,mens-backpacking-pants-travel-100-312187,https://cdn.shopify.com/s/files/1/1330/6287/files/8572546-product_image-p2599261.jpg?v=1712058120,12
3583787908105,2485001,apparel,Leggings,Forclaz Men's MT500 Merino Wool Base Layer Tights,Forclaz Men's MT500 Merino Wool Base Layer Tights,2XL,Black,79.99,79.99,USD,en-US,GB-R2-U4,20,forclaz-trek-500-merino-wool-tights-backpacking-undergarment-301655,https://cdn.shopify.com/s/files/1/1330/6287/files/8501932-product_image-p2599257.jpg?v=1712056985,5
3583787908174,2485009,apparel,Leggings,Forclaz Men's MT500 Merino Wool Base Layer Tights,Forclaz Men's MT500 Merino Wool Base Layer Tights,S,Black,79.99,79.99,USD,en-US,GB-R2-U5,12,forclaz-trek-500-merino-wool-tights-backpacking-undergarment-301655,https://cdn.shopify.com/s/files/1/1330/6287/files/8501932-product_image-p2599257.jpg?v=1712056985,5
3583787908181,2485008,apparel,Leggings,Forclaz Men's MT500 Merino Wool Base Layer Tights,Forclaz Men's MT500 Merino Wool Base Layer Tights,M,Black,79.99,79.99,USD,en-US,GB-R2-U6,11,forclaz-trek-500-merino-wool-tights-backpacking-undergarment-301655,https://cdn.shopify.com/s/files/1/1330/6287/files/8501932-product_image-p2599257.jpg?v=1712056985,5
3583787908198,2485007,apparel,Leggings,Forclaz Men's MT500 Merino Wool Base Layer Tights,Forclaz Men's MT500 Merino Wool Base Layer Tights,L,Black,79.99,79.99,USD,en-US,GB-R2-U7,15,forclaz-trek-500-merino-wool-tights-backpacking-undergarment-301655,https://cdn.shopify.com/s/files/1/1330/6287/files/8501932-product_image-p2599257.jpg?v=1712056985,5
3583787908228,2485003,apparel,Leggings,Forclaz Men's MT500 Merino Wool Base Layer Tights,Forclaz Men's MT500 Merino Wool Base Layer Tights,3XL,Black,79.99,79.99,USD,en-US,GB-R3-U1,10,forclaz-trek-500-merino-wool-tights-backpacking-undergarment-301655,https://cdn.shopify.com/s/files/1/1330/6287/files/8501932-product_image-p2599257.jpg?v=1712056985,5
3583787908303,2485010,apparel,Leggings,Forclaz Men's MT500 Merino Wool Base Layer Tights,Forclaz Men's MT500 Merino Wool Base Layer Tights,XL,Black,79.99,79.99,USD,en-US,GB-R3-U2,18,forclaz-trek-500-merino-wool-tights-backpacking-undergarment-301655,https://cdn.shopify.com/s/files/1/1330/6287/files/8501932-product_image-p2599257.jpg?v=1712056985,5
3583787908815,2458972,apparel,Leggings,Forclaz Women's merino wool legging underwear - MT500,Forclaz Women's merino wool legging underwear - MT500,XS,Black,50.00,50.0,USD,en-US,GB-R3-U3,17,forclaz-trek-500-merino-backpacking-tights-womens,https://cdn.shopify.com/s/files/1/1330/6287/files/8510201-product_image-p2599251.jpg?v=1712057186,9
3583787908822,2458970,apparel,Leggings,Forclaz Women's merino wool legging underwear - MT500,Forclaz Women's merino wool legging underwear - MT500,S,Black,50.00,50.0,USD,en-US,GB-R3-U4,14,forclaz-trek-500-merino-backpacking-tights-womens,https://cdn.shopify.com/s/files/1/1330/6287/files/8510201-product_image-p2599251.jpg?v=1712057186,9
3583787908839,2458971,apparel,Leggings,Forclaz Women's merino wool legging underwear - MT500,Forclaz Women's merino wool legging underwear - MT500,XL,Black,50.00,50.0,USD,en-US,GB-R3-U5,20,forclaz-trek-500-merino-backpacking-tights-womens,https://cdn.shopify.com/s/files/1/1330/6287/files/8510201-product_image-p2599251.jpg?v=1712057186,9
3583787908846,2458968,apparel,Leggings,Forclaz Women's merino wool legging underwear - MT500,Forclaz Women's merino wool legging underwear - MT500,L,Black,50.00,50.0,USD,en-US,GB-R3-U6,11,forclaz-trek-500-merino-backpacking-tights-womens,https://cdn.shopify.com/s/files/1/1330/6287/files/8510201-product_image-p2599251.jpg?v=1712057186,9
3583787908853,2458969,apparel,Leggings,Forclaz Women's merino wool legging underwear - MT500,Forclaz Women's merino wool legging underwear - MT500,M,Black,50.00,50.0,USD,en-US,GB-R3-U7,12,forclaz-trek-500-merino-backpacking-tights-womens,https://cdn.shopify.com/s/files/1/1330/6287/files/8510201-product_image-p2599251.jpg?v=1712057186,9
3583787912140,2896831,apparel,Down jacket,Simond Men's MT100 Hooded Down Puffer Jacket,Simond Men's MT100 Hooded Down Puffer Jacket,M,Dark Sepia,119.00,119.0,USD,en-US,GB-R4-U1,16,simond-mt100-hooded-down-puffer-jacket-167571,https://cdn.shopify.com/s/files/1/1330/6287/files/8858286-product_image-p2688048_dea6fdbb-43f3-4b78-8e1b-94ab328aec0e.jpg?v=1755033808,41
3583787912157,2896832,apparel,Down jacket,Simond Men's MT100 Hooded Down Puffer Jacket,Simond Men's MT100 Hooded Down Puffer Jacket,S,Dark Sepia,119.00,119.0,USD,en-US,GB-R4-U2,21,simond-mt100-hooded-down-puffer-jacket-167571,https://cdn.shopify.com/s/files/1/1330/6287/files/8858286-product_image-p2688048_dea6fdbb-43f3-4b78-8e1b-94ab328aec0e.jpg?v=1755033808,41
3583787912164,2896833,apparel,Down jacket,Simond Men's MT100 Hooded Down Puffer Jacket,Simond Men's MT100 Hooded Down Puffer Jacket,XL,Dark Sepia,119.00,119.0,USD,en-US,GB-R4-U3,14,simond-mt100-hooded-down-puffer-jacket-167571,https://cdn.shopify.com/s/files/1/1330/6287/files/8858286-product_image-p2688048_dea6fdbb-43f3-4b78-8e1b-94ab328aec0e.jpg?v=1755033808,41
3583787912171,2896828,apparel,Down jacket,Simond Men's MT100 Hooded Down Puffer Jacket,Simond Men's MT100 Hooded Down Puffer Jacket,3XL,Dark Sepia,119.00,119.0,USD,en-US,GB-R4-U4,16,simond-mt100-hooded-down-puffer-jacket-167571,https://cdn.shopify.com/s/files/1/1330/6287/files/8858286-product_image-p2688048_dea6fdbb-43f3-4b78-8e1b-94ab328aec0e.jpg?v=1755033808,41
3583787912188,2896830,apparel,Down jacket,Simond Men's MT100 Hooded Down Puffer Jacket,Simond Men's MT100 Hooded Down Puffer Jacket,L,Dark Sepia,119.00,119.0,USD,en-US,GB-R4-U5,18,simond-mt100-hooded-down-puffer-jacket-167571,https://cdn.shopify.com/s/files/1/1330/6287/files/8858286-product_image-p2688048_dea6fdbb-43f3-4b78-8e1b-94ab328aec0e.jpg?v=1755033808,41
3583787912195,2896826,apparel,Down jacket,Simond Men's MT100 Hooded Down Puffer Jacket,Simond Men's MT100 Hooded Down Puffer Jacket,2XL,Dark Sepia,119.00,119.0,USD,en-US,GB-R4-U6,14,simond-mt100-hooded-down-puffer-jacket-167571,https://cdn.shopify.com/s/files/1/1330/6287/files/8858286-product_image-p2688048_dea6fdbb-43f3-4b78-8e1b-94ab328aec0e.jpg?v=1755033808,41
3583787932841,2607383,outdoor,Seat,Kayak seat x500 Itiwit 1P or 2P,Kayak seat x500 Itiwit 1P or 2P,One Size,Unspecified,50.00,50.0,USD,en-US,GB-R6-U5,2,itiwit-decathlon-inflatable-x500-kayak-seat-304088,https://cdn.shopify.com/s/files/1/1330/6287/files/8517753-product_image-p1498857.jpg?v=1700656892,7
3583788044697,2648470,accessories,Hat,Forclaz Trek 900 Waterproof Backpacking Hat,Forclaz Trek 900 Waterproof Backpacking Hat,56-58cm / 22-23'',Carbon Gray,39.99,39.99,USD,en-US,GB-R5-U4,20,mountain-backpacking-waterproof-hat-trek900,https://cdn.shopify.com/s/files/1/1330/6287/files/8526272-product_image-p2573126.jpg?v=1714475232,8
3583788044710,2648471,accessories,Hat,Forclaz Trek 900 Waterproof Backpacking Hat,Forclaz Trek 900 Waterproof Backpacking Hat,60-62cm / 24'',Carbon Gray,39.99,39.99,USD,en-US,GB-R5-U5,16,mountain-backpacking-waterproof-hat-trek900,https://cdn.shopify.com/s/files/1/1330/6287/files/8526272-product_image-p2573126.jpg?v=1714475232,8
3583788044734,2648443,accessories,Hat,Forclaz Women's MT500 UPF 50+ Hiking Hat,Forclaz Women's MT500 UPF 50+ Hiking Hat,56-58cm / 22-23'',Crimson Purple,20.00,20.0,USD,en-US,GB-R5-U6,19,womens-mountain-backpacking-uv-protective-hat-trek500,https://cdn.shopify.com/s/files/1/1330/6287/products/8526260-product_image-1793789.jpg?v=1688643763,5
3583788044758,2648444,accessories,Hat,Forclaz Women's MT500 UPF 50+ Hiking Hat,Forclaz Women's MT500 UPF 50+ Hiking Hat,60-62cm / 24'',Crimson Purple,20.00,20.0,USD,en-US,GB-R5-U7,22,womens-mountain-backpacking-uv-protective-hat-trek500,https://cdn.shopify.com/s/files/1/1330/6287/products/8526260-product_image-1793789.jpg?v=1688643763,5
3583788154761,2575584,bag_pack,Backpack,Simond Alpinism 22 L Mountaineering Backpack,Simond Alpinism 22 L Mountaineering Backpack,One Size,Smoked Black,59.99,59.99,USD,en-US,PE-07,5,alpinism-22-l-mountaineering-backpack-178271,https://cdn.shopify.com/s/files/1/1330/6287/files/8495212-product_image-p1548897.jpg?v=1745013766,12
3583788283607,2197072,accessories,Headlamp,Forclaz ONNIGHT 100 Battery-Powered 80 Lumens Hiking Head Lamp,Forclaz ONNIGHT 100 Battery-Powered 80 Lumens Hiking Head Lamp,One Size,Black,10.00,10.0,USD,en-US,ACC-01,21,hiking-headlamp-80-lumens-onnight-100,https://cdn.shopify.com/s/files/1/1330/6287/files/8384991-product_image-p2573021.jpg?v=1712056147,8
3583789463688,4560174,apparel,Baselayer bottom,Wedze Men's BL500 Ski Base Layer Bottoms,Wedze Men's BL500 Ski Base Layer Bottoms,3XL,Smoked Black,24.99,24.99,USD,en-US,GB-R4-U7,12,mens-ski-base-layer-bottoms-bl-500-black-340509,https://cdn.shopify.com/s/files/1/1330/6287/files/8759473-product_image-p2579633.jpg?v=1755818932,6
3608390000326,2706524,accessories,Mittens,Wedze Kids' 100 Warm and Waterproof Ski Mittens,Wedze Kids' 100 Warm and Waterproof Ski Mittens,10 Years,Smoked Black,16.99,16.99,USD,en-US,ACC-02,23,100-ski-mittens-306373-fw25,https://cdn.shopify.com/s/files/1/1330/6287/products/8543179-product_image-1668772.jpg?v=1700502965,5
3608390000333,2706525,accessories,Mittens,Wedze Kids' 100 Warm and Waterproof Ski Mittens,Wedze Kids' 100 Warm and Waterproof Ski Mittens,12 Years,Smoked Black,16.99,16.99,USD,en-US,ACC-03,15,100-ski-mittens-306373-fw25,https://cdn.shopify.com/s/files/1/1330/6287/products/8543179-product_image-1668772.jpg?v=1700502965,5
3608390000340,2706526,accessories,Mittens,Wedze Kids' 100 Warm and Waterproof Ski Mittens,Wedze Kids' 100 Warm and Waterproof Ski Mittens,4 Years,Smoked Black,16.99,16.99,USD,en-US,ACC-04,21,100-ski-mittens-306373-fw25,https://cdn.shopify.com/s/files/1/1330/6287/products/8543179-product_image-1668772.jpg?v=1700502965,5
3608390000357,2706527,accessories,Mittens,Wedze Kids' 100 Warm and Waterproof Ski Mittens,Wedze Kids' 100 Warm and Waterproof Ski Mittens,6 Years,Smoked Black,16.99,16.99,USD,en-US,CO-IR,14,100-ski-mittens-306373-fw25,https://cdn.shopify.com/s/files/1/1330/6287/products/8543179-product_image-1668772.jpg?v=1700502965,5
3608390000364,2706528,accessories,Mittens,Wedze Kids' 100 Warm and Waterproof Ski Mittens,Wedze Kids' 100 Warm and Waterproof Ski Mittens,8 Years,Smoked Black,16.99,16.99,USD,en-US,GB-R5-U1,14,100-ski-mittens-306373-fw25,https://cdn.shopify.com/s/files/1/1330/6287/products/8543179-product_image-1668772.jpg?v=1700502965,5
3608390006502,2771866,accessories,Gloves,Wedze Kids' 100 Warm Waterproof Ski Gloves,Wedze Kids' 100 Warm Waterproof Ski Gloves,10 Years,Smoked Black,22.99,22.99,USD,en-US,GB-R5-U2,12,kids-ski-gloves-100-fw25,https://cdn.shopify.com/s/files/1/1330/6287/files/8551128-product_image-p2579712.jpg?v=1755560761,5
3608390006519,2771867,accessories,Gloves,Wedze Kids' 100 Warm Waterproof Ski Gloves,Wedze Kids' 100 Warm Waterproof Ski Gloves,12 Years,Smoked Black,22.99,22.99,USD,en-US,GB-R5-U3,14,kids-ski-gloves-100-fw25,https://cdn.shopify.com/s/files/1/1330/6287/files/8551128-product_image-p2579712.jpg?v=1755560761,5
3608390006526,2771868,accessories,Gloves,Wedze Kids' 100 Warm Waterproof Ski Gloves,Wedze Kids' 100 Warm Waterproof Ski Gloves,14 Years,Smoked Black,22.99,22.99,USD,en-US,GB-R5-U4,15,kids-ski-gloves-100-fw25,https://cdn.shopify.com/s/files/1/1330/6287/files/8551128-product_image-p2579712.jpg?v=1755560761,5
3608390006540,2771870,accessories,Gloves,Wedze Kids' 100 Warm Waterproof Ski Gloves,Wedze Kids' 100 Warm Waterproof Ski Gloves,6 Years,Smoked Black,22.99,22.99,USD,en-US,GB-R5-U5,16,kids-ski-gloves-100-fw25,https://cdn.shopify.com/s/files/1/1330/6287/files/8551128-product_image-p2579712.jpg?v=1755560761,5
3608390006557,2771871,accessories,Gloves,Wedze Kids' 100 Warm Waterproof Ski Gloves,Wedze Kids' 100 Warm Waterproof Ski Gloves,8 Years,Smoked Black,22.99,22.99,USD,en-US,GB-R5-U6,14,kids-ski-gloves-100-fw25,https://cdn.shopify.com/s/files/1/1330/6287/files/8551128-product_image-p2579712.jpg?v=1755560761,5
3608390008247,2909020,accessories,Gloves,Wedze Adult 100 Waterproof Ski Gloves,Wedze Adult 100 Waterproof Ski Gloves,2XL,Smoked Black,24.99,24.99,USD,en-US,GB-R5-U7,17,wedze-100-ski-gloves-adult-310563-fw25,https://cdn.shopify.com/s/files/1/1330/6287/files/8562916-product_image-p2910789.jpg?v=1755560827,13
3608390008254,2909021,accessories,Gloves,Wedze Adult 100 Waterproof Ski Gloves,Wedze Adult 100 Waterproof Ski Gloves,2XS,Black,24.99,24.99,USD,en-US,ACC-01,23,wedze-100-ski-gloves-adult-310563-fw25,https://cdn.shopify.com/s/files/1/1330/6287/files/8562916-product_image-p2910789.jpg?v=1755560827,13
3608390008261,2909022,accessories,Gloves,Wedze Adult 100 Waterproof Ski Gloves,Wedze Adult 100 Waterproof Ski Gloves,L,Smoked Black,24.99,24.99,USD,en-US,ACC-02,23,wedze-100-ski-gloves-adult-310563-fw25,https://cdn.shopify.com/s/files/1/1330/6287/files/8562916-product_image-p2910789.jpg?v=1755560827,13
3608390008278,2909023,accessories,Gloves,Wedze Adult 100 Waterproof Ski Gloves,Wedze Adult 100 Waterproof Ski Gloves,M,Smoked Black,24.99,24.99,USD,en-US,ACC-03,22,wedze-100-ski-gloves-adult-310563-fw25,https://cdn.shopify.com/s/files/1/1330/6287/files/8562916-product_image-p2910789.jpg?v=1755560827,13
3608390008285,2909024,accessories,Gloves,Wedze Adult 100 Waterproof Ski Gloves,Wedze Adult 100 Waterproof Ski Gloves,S,Smoked Black,24.99,24.99,USD,en-US,ACC-04,16,wedze-100-ski-gloves-adult-310563-fw25,https://cdn.shopify.com/s/files/1/1330/6287/files/8562916-product_image-p2910789.jpg?v=1755560827,13
3608390008292,2909025,accessories,Gloves,Wedze Adult 100 Waterproof Ski Gloves,Wedze Adult 100 Waterproof Ski Gloves,XL,Smoked Black,24.99,24.99,USD,en-US,CO-IR,22,wedze-100-ski-gloves-adult-310563-fw25,https://cdn.shopify.com/s/files/1/1330/6287/files/8562916-product_image-p2910789.jpg?v=1755560827,13
3608390008308,2909026,accessories,Gloves,Wedze Adult 100 Waterproof Ski Gloves,Wedze Adult 100 Waterproof Ski Gloves,XS,Black,24.99,24.99,USD,en-US,GB-R5-U1,22,wedze-100-ski-gloves-adult-310563-fw25,https://cdn.shopify.com/s/files/1/1330/6287/files/8562916-product_image-p2910789.jpg?v=1755560827,13
3608390009060,2908939,accessories,Mittens,Wedze Adult 100 Waterproof Ski Mitten,Wedze Adult 100 Waterproof Ski Mitten,2XL,Smoked Black,29.99,29.99,USD,en-US,GB-R5-U2,13,wedze-100-ski-mittens-adult-310527-fw25,https://cdn.shopify.com/s/files/1/1330/6287/files/8562903-product_image-p2910805.jpg?v=1755560779,7
3608390009077,2908940,accessories,Mittens,Wedze Adult 100 Waterproof Ski Mitten,Wedze Adult 100 Waterproof Ski Mitten,L,Smoked Black,29.99,29.99,USD,en-US,GB-R5-U3,17,wedze-100-ski-mittens-adult-310527-fw25,https://cdn.shopify.com/s/files/1/1330/6287/files/8562903-product_image-p2910805.jpg?v=1755560779,7
3608390009084,2908941,accessories,Mittens,Wedze Adult 100 Waterproof Ski Mitten,Wedze Adult 100 Waterproof Ski Mitten,M,Smoked Black,29.99,29.99,USD,en-US,GB-R5-U4,13,wedze-100-ski-mittens-adult-310527-fw25,https://cdn.shopify.com/s/files/1/1330/6287/files/8562903-product_image-p2910805.jpg?v=1755560779,7
3608390009091,2908942,accessories,Mittens,Wedze Adult 100 Waterproof Ski Mitten,Wedze Adult 100 Waterproof Ski Mitten,S,Smoked Black,29.99,29.99,USD,en-US,GB-R5-U5,13,wedze-100-ski-mittens-adult-310527-fw25,https://cdn.shopify.com/s/files/1/1330/6287/files/8562903-product_image-p2910805.jpg?v=1755560779,7
3608390009107,2908943,accessories,Mittens,Wedze Adult 100 Waterproof Ski Mitten,Wedze Adult 100 Waterproof Ski Mitten,XL,Smoked Black,29.99,29.99,USD,en-US,GB-R5-U6,13,wedze-100-ski-mittens-adult-310527-fw25,https://cdn.shopify.com/s/files/1/1330/6287/files/8562903-product_image-p2910805.jpg?v=1755560779,7
3608390009817,2989144,accessories,Mittens,Wedze Kids' 100 Warm and Waterproof Ski Mittens,Wedze Kids' 100 Warm and Waterproof Ski Mittens,14 Years,Smoked Black,16.99,16.99,USD,en-US,GB-R5-U7,24,100-ski-mittens-306373-fw25,https://cdn.shopify.com/s/files/1/1330/6287/products/8543179-product_image-1668772.jpg?v=1700502965,5
3608390011506,2982055,outdoor,Sleeping bag liner,Forclaz Silk Sleeping Bag Liner,Forclaz Silk Sleeping Bag Liner,One Size,Snowy White,40.00,40.0,USD,en-US,GB-R6-U6,2,backpacking-silk-bag-cover-323651,https://cdn.shopify.com/s/files/1/1330/6287/files/8578334-product_image-p2606856.jpg?v=1712144925,5
3608390016525,4062636,accessories,Gloves,Wedze Adult 100 Waterproof Ski Gloves,Wedze Adult 100 Waterproof Ski Gloves,3XL,Smoked Black,24.99,24.99,USD,en-US,ACC-01,19,wedze-100-ski-gloves-adult-310563-fw25,https://cdn.shopify.com/s/files/1/1330/6287/files/8562916-product_image-p2910789.jpg?v=1755560827,13
3608390049356,4271417,accessories,Beanie,Wedze Adult Ski Beanie,Wedze Adult Ski Beanie,One Size,Smoked Black,12.99,12.99,USD,en-US,ACC-02,11,wedze-adult-ski-beanie-simple-324216-fw25,https://cdn.shopify.com/s/files/1/1330/6287/files/8800670-product_image-p2611058_73342102-a319-47ef-8a0c-e0bee4639f65.jpg?v=1762804440,33
3608390118502,4047155,accessories,Flask,Kiprun Trail Running Soft Flask 250ml/8.5oz,Kiprun Trail Running Soft Flask 250ml/8.5oz,8.45 oz,Unspecified,9.00,9.0,USD,en-US,ACC-03,17,kiprun-extruded-flexible-water-bottle-85oz-325924,https://cdn.shopify.com/s/files/1/1330/6287/files/8588853-product_image-p2293423.jpg?v=1744913751,8
3608390174546,4513671,outdoor,Mattress,Forclaz Trek 500L Self-Inflating Backpacking Mattress,Forclaz Trek 500L Self-Inflating Backpacking Mattress,L,Gray,40.00,40.0,USD,en-US,GB-R6-U7,1,forclaz-trek-500l-self-inflating-backpacking-mattress-124065-124066,https://cdn.shopify.com/s/files/1/1330/6287/files/8736599-product_image-p1917800.jpg?v=1700655619,11
3608390244140,4695251,outdoor,Pillow,Forclaz MT500 Inflatable Pillow,Forclaz MT500 Inflatable Pillow,One Size,Gray,24.99,24.99,USD,en-US,GB-R7-U1,2,inflatable-backpacking-pillow-mt500-343604,https://cdn.shopify.com/s/files/1/1330/6287/files/8772596-product_image-p2581322.jpg?v=1714557956,3
3608390261932,4848843,accessories,Beanie,Wedze Adult Ski Beanie,Wedze Adult Ski Beanie,One Size,Zinc Gray,12.99,12.99,USD,en-US,ACC-04,16,wedze-adult-ski-beanie-simple-324216-fw25,https://cdn.shopify.com/s/files/1/1330/6287/files/8800670-product_image-p2611058_73342102-a319-47ef-8a0c-e0bee4639f65.jpg?v=1762804440,33
3608390269587,4881049,accessories,Hiking pole,Forclaz MT100 Hiking Pole (Single Pole),Forclaz MT100 Hiking Pole (Single Pole),One Size,Blue Gray,10.00,10.0,USD,en-US,CO-IR,20,forclaz-mt100-hiking-pole-single-pole-122861,https://cdn.shopify.com/s/files/1/1330/6287/files/8807204-product_image-p2439600.jpg?v=1705412718,4
3608390280445,4898515,accessories,Socks,Kiprun Run 500 Thick Mid-Calf Socks 2-Pack,Kiprun Run 500 Thick Mid-Calf Socks 2-Pack,W5-7.5 / M3.5-6,Snowy White,14.99,14.99,USD,en-US,GB-R5-U1,15,kiprun-pack-of-2-pairs-of-run500-thick-mid-calf-running-socks-348201,https://cdn.shopify.com/s/files/1/1330/6287/files/8810472-product_image-p2590704.jpg?v=1747178130,9
3608390280452,4898516,accessories,Socks,Kiprun Run 500 Thick Mid-Calf Socks 2-Pack,Kiprun Run 500 Thick Mid-Calf Socks 2-Pack,W8-10.5 / M6.5-9,Snowy White,14.99,14.99,USD,en-US,GB-R5-U2,17,kiprun-pack-of-2-pairs-of-run500-thick-mid-calf-running-socks-348201,https://cdn.shopify.com/s/files/1/1330/6287/files/8810472-product_image-p2590704.jpg?v=1747178130,9
3608390280469,4898517,accessories,Socks,Kiprun Run 500 Thick Mid-Calf Socks 2-Pack,Kiprun Run 500 Thick Mid-Calf Socks 2-Pack,W11-14 / M9.5-12,Snowy White,14.99,14.99,USD,en-US,GB-R5-U3,19,kiprun-pack-of-2-pairs-of-run500-thick-mid-calf-running-socks-348201,https://cdn.shopify.com/s/files/1/1330/6287/files/8810472-product_image-p2590704.jpg?v=1747178130,9
3608390280964,4899397,accessories,Socks,Kiprun Run 500 Thin No-Show Socks 2-Pack,Kiprun Run 500 Thin No-Show Socks 2-Pack,W5-7.5 / M3.5-6,Snowy White,9.99,9.99,USD,en-US,GB-R5-U4,13,kiprun-pack-of-2-pairs-of-run-500-thin-invisible-running-socks-348089,https://cdn.shopify.com/s/files/1/1330/6287/files/8810966-product_image-p2590592.jpg?v=1742382309,15
3608390280971,4899398,accessories,Socks,Kiprun Run 500 Thin No-Show Socks 2-Pack,Kiprun Run 500 Thin No-Show Socks 2-Pack,W8-10.5 / M6.5-9,Snowy White,9.99,9.99,USD,en-US,GB-R5-U5,11,kiprun-pack-of-2-pairs-of-run-500-thin-invisible-running-socks-348089,https://cdn.shopify.com/s/files/1/1330/6287/files/8810966-product_image-p2590592.jpg?v=1742382309,15
3608390280988,4899399,accessories,Socks,Kiprun Run 500 Thin No-Show Socks 2-Pack,Kiprun Run 500 Thin No-Show Socks 2-Pack,W11-14 / M9.5-12,Snowy White,9.99,9.99,USD,en-US,GB-R5-U6,11,kiprun-pack-of-2-pairs-of-run-500-thin-invisible-running-socks-348089,https://cdn.shopify.com/s/files/1/1330/6287/files/8810966-product_image-p2590592.jpg?v=1742382309,15
3608390281626,4899427,accessories,Socks,Kiprun Run 500 Thin Breathable Mid Socks 2-Pack,Kiprun Run 500 Thin Breathable Mid Socks 2-Pack,W5-7.5 / M3.5-6,Snowy White,11.99,11.99,USD,en-US,GB-R5-U7,12,kiprun-pack-of-2-pairs-of-run500-fine-crew-running-socks-348159,https://cdn.shopify.com/s/files/1/1330/6287/files/8810971-product_image-p2590675.jpg?v=1741977127,6
3608390281633,4899428,accessories,Socks,Kiprun Run 500 Thin Breathable Mid Socks 2-Pack,Kiprun Run 500 Thin Breathable Mid Socks 2-Pack,W8-10.5 / M6.5-9,Snowy White,11.99,11.99,USD,en-US,ACC-01,19,kiprun-pack-of-2-pairs-of-run500-fine-crew-running-socks-348159,https://cdn.shopify.com/s/files/1/1330/6287/files/8810971-product_image-p2590675.jpg?v=1741977127,6
3608390281640,4899429,accessories,Socks,Kiprun Run 500 Thin Breathable Mid Socks 2-Pack,Kiprun Run 500 Thin Breathable Mid Socks 2-Pack,W11-14 / M9.5-12,Snowy White,11.99,11.99,USD,en-US,ACC-02,23,kiprun-pack-of-2-pairs-of-run500-fine-crew-running-socks-348159,https://cdn.shopify.com/s/files/1/1330/6287/files/8810971-product_image-p2590675.jpg?v=1741977127,6
3608390300693,4977160,bag_pack,Backpack,Quechua MH500 22L Lightweight Hiking Backpack,Quechua MH500 22L Lightweight Hiking Backpack,One Size,Laurel Green,60.00,60.0,USD,en-US,PE-08,6,quechua-mh500-22l-lightweight-hiking-backpack-346030,https://cdn.shopify.com/s/files/1/1330/6287/files/8826305-product_image-p2612825.jpg?v=1755814050,35
3608390302048,4977159,bag_pack,Backpack,Quechua MH500 22L Lightweight Hiking Backpack,Quechua MH500 22L Lightweight Hiking Backpack,One Size,Smoked Black,114.99,114.99,USD,en-US,GF-R5-U1,11,quechua-mh500-22l-lightweight-hiking-backpack-346030,https://cdn.shopify.com/s/files/1/1330/6287/files/8826305-product_image-p2612825.jpg?v=1755814050,35
3608390344307,4521313,accessories,Water bag,Kiprun 15L Ultra Trail Running Hydration Vest - 2L Water Bladder Included,Kiprun 15L Ultra Trail Running Hydration Vest - 2L Water Bladder Included,XL,Smoked Black,160.00,160.0,USD,en-US,ACC-03,13,kiprun-15l-unisex-trail-running-bag-338987,https://cdn.shopify.com/s/files/1/1330/6287/files/8737877-product_image-p2806411.jpg?v=1751070197,16
3608390344314,4521314,accessories,Water bag,Kiprun 15L Ultra Trail Running Hydration Vest - 2L Water Bladder Included,Kiprun 15L Ultra Trail Running Hydration Vest - 2L Water Bladder Included,XS / S,Smoked Black,160.00,160.0,USD,en-US,ACC-04,21,kiprun-15l-unisex-trail-running-bag-338987,https://cdn.shopify.com/s/files/1/1330/6287/files/8737877-product_image-p2806411.jpg?v=1751070197,16
3608390344321,4521315,accessories,Water bag,Kiprun 15L Ultra Trail Running Hydration Vest - 2L Water Bladder Included,Kiprun 15L Ultra Trail Running Hydration Vest - 2L Water Bladder Included,M / L,Smoked Black,160.00,160.0,USD,en-US,CO-IR,24,kiprun-15l-unisex-trail-running-bag-338987,https://cdn.shopify.com/s/files/1/1330/6287/files/8737877-product_image-p2806411.jpg?v=1751070197,16
3608390346110,4993833,apparel,Jacket,Wedze Men's Warm Ski Jacket 500,Wedze Men's Warm Ski Jacket 500,S,Golden Olive Green,149.00,149.0,USD,en-US,FR-01,9,wedze-mens-warm-ski-jacket-500-346314-fw25,https://cdn.shopify.com/s/files/1/1330/6287/files/8830516-product_image-p2577367.jpg?v=1758825686,25
3608390346127,4993834,apparel,Jacket,Wedze Men's Warm Ski Jacket 500,Wedze Men's Warm Ski Jacket 500,M,Golden Olive Green,149.00,149.0,USD,en-US,FR-02,17,wedze-mens-warm-ski-jacket-500-346314-fw25,https://cdn.shopify.com/s/files/1/1330/6287/files/8830516-product_image-p2577367.jpg?v=1758825686,25
3608390346134,4993835,apparel,Jacket,Wedze Men's Warm Ski Jacket 500,Wedze Men's Warm Ski Jacket 500,L,Golden Olive Green,149.00,149.0,USD,en-US,FR-03,9,wedze-mens-warm-ski-jacket-500-346314-fw25,https://cdn.shopify.com/s/files/1/1330/6287/files/8830516-product_image-p2577367.jpg?v=1758825686,25
3608390346141,4993836,apparel,Jacket,Wedze Men's Warm Ski Jacket 500,Wedze Men's Warm Ski Jacket 500,XL,Golden Olive Green,149.00,149.0,USD,en-US,FR-04,10,wedze-mens-warm-ski-jacket-500-346314-fw25,https://cdn.shopify.com/s/files/1/1330/6287/files/8830516-product_image-p2577367.jpg?v=1758825686,25
3608390346158,4993837,apparel,Jacket,Wedze Men's Warm Ski Jacket 500,Wedze Men's Warm Ski Jacket 500,2XL,Golden Olive Green,149.00,149.0,USD,en-US,GF-R1-U1,15,wedze-mens-warm-ski-jacket-500-346314-fw25,https://cdn.shopify.com/s/files/1/1330/6287/files/8830516-product_image-p2577367.jpg?v=1758825686,25
3608390366637,4994776,apparel,Shorts,Kiprun Men's Run 500 2-in-1 Compression Running Shorts,Kiprun Men's Run 500 2-in-1 Compression Running Shorts,S,Smoked Black,25.00,25.0,USD,en-US,GF-R1-U2,16,mens-running-2-in-1-tight-shorts-kiprun-black-325793,https://cdn.shopify.com/s/files/1/1330/6287/files/KIPRUNSHORTKIPRUN2IN1NOIRN07ASS25PE25-8830914-010---Expireson06-11-2028.jpg?v=1743829221,10
3608390366644,4994777,apparel,Shorts,Kiprun Men's Run 500 2-in-1 Compression Running Shorts,Kiprun Men's Run 500 2-in-1 Compression Running Shorts,M,Smoked Black,25.00,25.0,USD,en-US,GF-R1-U3,15,mens-running-2-in-1-tight-shorts-kiprun-black-325793,https://cdn.shopify.com/s/files/1/1330/6287/files/KIPRUNSHORTKIPRUN2IN1NOIRN07ASS25PE25-8830914-010---Expireson06-11-2028.jpg?v=1743829221,10
3608390366651,4994778,apparel,Shorts,Kiprun Men's Run 500 2-in-1 Compression Running Shorts,Kiprun Men's Run 500 2-in-1 Compression Running Shorts,L,Smoked Black,25.00,25.0,USD,en-US,GF-R1-U4,15,mens-running-2-in-1-tight-shorts-kiprun-black-325793,https://cdn.shopify.com/s/files/1/1330/6287/files/KIPRUNSHORTKIPRUN2IN1NOIRN07ASS25PE25-8830914-010---Expireson06-11-2028.jpg?v=1743829221,10
3608390366668,4994779,apparel,Shorts,Kiprun Men's Run 500 2-in-1 Compression Running Shorts,Kiprun Men's Run 500 2-in-1 Compression Running Shorts,XL,Smoked Black,25.00,25.0,USD,en-US,GF-R1-U5,15,mens-running-2-in-1-tight-shorts-kiprun-black-325793,https://cdn.shopify.com/s/files/1/1330/6287/files/KIPRUNSHORTKIPRUN2IN1NOIRN07ASS25PE25-8830914-010---Expireson06-11-2028.jpg?v=1743829221,10
3608390366675,4994780,apparel,Shorts,Kiprun Men's Run 500 2-in-1 Compression Running Shorts,Kiprun Men's Run 500 2-in-1 Compression Running Shorts,2XL,Smoked Black,25.00,25.0,USD,en-US,GF-R1-U6,10,mens-running-2-in-1-tight-shorts-kiprun-black-325793,https://cdn.shopify.com/s/files/1/1330/6287/files/KIPRUNSHORTKIPRUN2IN1NOIRN07ASS25PE25-8830914-010---Expireson06-11-2028.jpg?v=1743829221,10
3608390369478,4995044,apparel,Tank,Kiprun Women's Run 500 Seamless Comfort Running Tank Top,Kiprun Women's Run 500 Seamless Comfort Running Tank Top,S,Graphite Grey,20.00,20.0,USD,en-US,GF-R1-U7,15,kiprun-womens-run-500-seamless-comfort-running-tank-top-341015,https://cdn.shopify.com/s/files/1/1330/6287/files/8830990-product_image-p2600069.jpg?v=1742418464,8
3608390369485,4995045,apparel,Tank,Kiprun Women's Run 500 Seamless Comfort Running Tank Top,Kiprun Women's Run 500 Seamless Comfort Running Tank Top,M,Graphite Grey,20.00,20.0,USD,en-US,GF-R2-U1,19,kiprun-womens-run-500-seamless-comfort-running-tank-top-341015,https://cdn.shopify.com/s/files/1/1330/6287/files/8830990-product_image-p2600069.jpg?v=1742418464,8
3608390369492,4995046,apparel,Tank,Kiprun Women's Run 500 Seamless Comfort Running Tank Top,Kiprun Women's Run 500 Seamless Comfort Running Tank Top,L,Graphite Grey,20.00,20.0,USD,en-US,GF-R2-U2,12,kiprun-womens-run-500-seamless-comfort-running-tank-top-341015,https://cdn.shopify.com/s/files/1/1330/6287/files/8830990-product_image-p2600069.jpg?v=1742418464,8
3608390369904,4995047,apparel,Tank,Kiprun Women's Run 500 Seamless Comfort Running Tank Top,Kiprun Women's Run 500 Seamless Comfort Running Tank Top,XL,Graphite Grey,20.00,20.0,USD,en-US,GF-R2-U3,19,kiprun-womens-run-500-seamless-comfort-running-tank-top-341015,https://cdn.shopify.com/s/files/1/1330/6287/files/8830990-product_image-p2600069.jpg?v=1742418464,8
3608390380640,4883184,apparel,Cycling bib shorts,Van Rysel Men's EDR Cycling Shorts,Van Rysel Men's EDR Cycling Shorts,M,Smoked Black,99.99,99.99,USD,en-US,GF-R2-U4,14,van-rysel-mens-edr-cycling-shorts-1,https://cdn.shopify.com/s/files/1/1330/6287/files/default_ec54b751-24f7-4f0c-8db4-daafd036275f.jpg?v=1775496588,6
3608390380657,4883185,apparel,Cycling bib shorts,Van Rysel Men's EDR Cycling Shorts,Van Rysel Men's EDR Cycling Shorts,S,Smoked Black,99.99,99.99,USD,en-US,GF-R2-U5,12,van-rysel-mens-edr-cycling-shorts-1,https://cdn.shopify.com/s/files/1/1330/6287/files/default_ec54b751-24f7-4f0c-8db4-daafd036275f.jpg?v=1775496588,6
3608390380664,4883186,apparel,Cycling bib shorts,Van Rysel Men's EDR Cycling Shorts,Van Rysel Men's EDR Cycling Shorts,L,Smoked Black,99.99,99.99,USD,en-US,GF-R2-U6,9,van-rysel-mens-edr-cycling-shorts-1,https://cdn.shopify.com/s/files/1/1330/6287/files/default_ec54b751-24f7-4f0c-8db4-daafd036275f.jpg?v=1775496588,6
3608390380671,4883187,apparel,Cycling bib shorts,Van Rysel Men's EDR Cycling Shorts,Van Rysel Men's EDR Cycling Shorts,XL,Smoked Black,99.99,99.99,USD,en-US,GF-R2-U7,12,van-rysel-mens-edr-cycling-shorts-1,https://cdn.shopify.com/s/files/1/1330/6287/files/default_ec54b751-24f7-4f0c-8db4-daafd036275f.jpg?v=1775496588,6
3608390380688,4883188,apparel,Cycling bib shorts,Van Rysel Men's EDR Cycling Shorts,Van Rysel Men's EDR Cycling Shorts,2XL,Smoked Black,99.99,99.99,USD,en-US,GF-R3-U1,20,van-rysel-mens-edr-cycling-shorts-1,https://cdn.shopify.com/s/files/1/1330/6287/files/default_ec54b751-24f7-4f0c-8db4-daafd036275f.jpg?v=1775496588,6
3608390380695,4883189,apparel,Cycling bib shorts,Van Rysel Men's EDR Cycling Shorts,Van Rysel Men's EDR Cycling Shorts,3XL,Smoked Black,99.99,99.99,USD,en-US,GF-R3-U2,14,van-rysel-mens-edr-cycling-shorts-1,https://cdn.shopify.com/s/files/1/1330/6287/files/default_ec54b751-24f7-4f0c-8db4-daafd036275f.jpg?v=1775496588,6
3608390396498,4925472,apparel,Shorts,Kiprun Men's Run 100 Dry Running Shorts,Kiprun Men's Run 100 Dry Running Shorts,S,Granite Green,10.00,10.0,USD,en-US,GF-R3-U3,14,kalenji-mens-running-shorts-kiprun-run-100-dark-grey-346892,https://cdn.shopify.com/s/files/1/1330/6287/files/8817445-product_image-p2600435.jpg?v=1744405337,10
3608390397303,4925473,apparel,Shorts,Kiprun Men's Run 100 Dry Running Shorts,Kiprun Men's Run 100 Dry Running Shorts,M,Granite Green,10.00,10.0,USD,en-US,GF-R3-U4,11,kalenji-mens-running-shorts-kiprun-run-100-dark-grey-346892,https://cdn.shopify.com/s/files/1/1330/6287/files/8817445-product_image-p2600435.jpg?v=1744405337,10
3608390397310,4925474,apparel,Shorts,Kiprun Men's Run 100 Dry Running Shorts,Kiprun Men's Run 100 Dry Running Shorts,L,Granite Green,10.00,10.0,USD,en-US,GF-R3-U5,15,kalenji-mens-running-shorts-kiprun-run-100-dark-grey-346892,https://cdn.shopify.com/s/files/1/1330/6287/files/8817445-product_image-p2600435.jpg?v=1744405337,10
3608390397327,4925475,apparel,Shorts,Kiprun Men's Run 100 Dry Running Shorts,Kiprun Men's Run 100 Dry Running Shorts,XL,Granite Green,10.00,10.0,USD,en-US,GF-R3-U6,11,kalenji-mens-running-shorts-kiprun-run-100-dark-grey-346892,https://cdn.shopify.com/s/files/1/1330/6287/files/8817445-product_image-p2600435.jpg?v=1744405337,10
3608390397334,4925476,apparel,Shorts,Kiprun Men's Run 100 Dry Running Shorts,Kiprun Men's Run 100 Dry Running Shorts,2XL,Granite Green,10.00,10.0,USD,en-US,GF-R3-U7,13,kalenji-mens-running-shorts-kiprun-run-100-dark-grey-346892,https://cdn.shopify.com/s/files/1/1330/6287/files/8817445-product_image-p2600435.jpg?v=1744405337,10
3608390397341,4925477,apparel,Shorts,Kiprun Men's Run 100 Dry Running Shorts,Kiprun Men's Run 100 Dry Running Shorts,3XL,Granite Green,10.00,10.0,USD,en-US,GF-R4-U1,21,kalenji-mens-running-shorts-kiprun-run-100-dark-grey-346892,https://cdn.shopify.com/s/files/1/1330/6287/files/8817445-product_image-p2600435.jpg?v=1744405337,10
3608390422340,5006088,apparel,Fleece,Quechua Men's NH500 Warm Hiking Fleece Jacket,Quechua Men's NH500 Warm Hiking Fleece Jacket,S,Dark Gray,55.00,55.0,USD,en-US,GF-R4-U2,12,sh100-u-warm-fleece-hiking-jacket-mens-304984,https://cdn.shopify.com/s/files/1/1330/6287/files/8526050-product_image-p2607189.jpg?v=1742382192,18
3608390422357,5006089,apparel,Fleece,Quechua Men's NH500 Warm Hiking Fleece Jacket,Quechua Men's NH500 Warm Hiking Fleece Jacket,M,Dark Gray,55.00,55.0,USD,en-US,GF-R4-U3,15,sh100-u-warm-fleece-hiking-jacket-mens-304984,https://cdn.shopify.com/s/files/1/1330/6287/files/8526050-product_image-p2607189.jpg?v=1742382192,18
3608390422364,5006090,apparel,Fleece,Quechua Men's NH500 Warm Hiking Fleece Jacket,Quechua Men's NH500 Warm Hiking Fleece Jacket,L,Dark Gray,55.00,55.0,USD,en-US,GF-R4-U4,16,sh100-u-warm-fleece-hiking-jacket-mens-304984,https://cdn.shopify.com/s/files/1/1330/6287/files/8526050-product_image-p2607189.jpg?v=1742382192,18
3608390422371,5006091,apparel,Fleece,Quechua Men's NH500 Warm Hiking Fleece Jacket,Quechua Men's NH500 Warm Hiking Fleece Jacket,XL,Dark Gray,55.00,55.0,USD,en-US,GF-R4-U5,20,sh100-u-warm-fleece-hiking-jacket-mens-304984,https://cdn.shopify.com/s/files/1/1330/6287/files/8526050-product_image-p2607189.jpg?v=1742382192,18
3608390422388,5006092,apparel,Fleece,Quechua Men's NH500 Warm Hiking Fleece Jacket,Quechua Men's NH500 Warm Hiking Fleece Jacket,2XL,Dark Gray,55.00,55.0,USD,en-US,GF-R4-U6,19,sh100-u-warm-fleece-hiking-jacket-mens-304984,https://cdn.shopify.com/s/files/1/1330/6287/files/8526050-product_image-p2607189.jpg?v=1742382192,18
3608390422395,5006093,apparel,Fleece,Quechua Men's NH500 Warm Hiking Fleece Jacket,Quechua Men's NH500 Warm Hiking Fleece Jacket,3XL,Dark Gray,55.00,55.0,USD,en-US,GF-R4-U7,10,sh100-u-warm-fleece-hiking-jacket-mens-304984,https://cdn.shopify.com/s/files/1/1330/6287/files/8526050-product_image-p2607189.jpg?v=1742382192,18
3608390481057,4995764,apparel,T-shirt,Kiprun Run 500 Dry Women's Breathable Running T-shirt,Kiprun Run 500 Dry Women's Breathable Running T-shirt,XS,Pale Lilac Purple,15.00,15.0,USD,en-US,GB-R1-U1,14,kiprun-run-500-dry-womens-breathable-running-t-shirt-mauve-346564,https://cdn.shopify.com/s/files/1/1330/6287/files/8831472-product_image-p2600177.jpg?v=1744402176,10
3608390481064,4995765,apparel,T-shirt,Kiprun Run 500 Dry Women's Breathable Running T-shirt,Kiprun Run 500 Dry Women's Breathable Running T-shirt,S,Pale Lilac Purple,15.00,15.0,USD,en-US,GB-R1-U2,13,kiprun-run-500-dry-womens-breathable-running-t-shirt-mauve-346564,https://cdn.shopify.com/s/files/1/1330/6287/files/8831472-product_image-p2600177.jpg?v=1744402176,10
3608390481071,4995766,apparel,T-shirt,Kiprun Run 500 Dry Women's Breathable Running T-shirt,Kiprun Run 500 Dry Women's Breathable Running T-shirt,M,Pale Lilac Purple,15.00,15.0,USD,en-US,GB-R1-U3,16,kiprun-run-500-dry-womens-breathable-running-t-shirt-mauve-346564,https://cdn.shopify.com/s/files/1/1330/6287/files/8831472-product_image-p2600177.jpg?v=1744402176,10
3608390481088,4995767,apparel,T-shirt,Kiprun Run 500 Dry Women's Breathable Running T-shirt,Kiprun Run 500 Dry Women's Breathable Running T-shirt,L,Pale Lilac Purple,15.00,15.0,USD,en-US,GB-R1-U4,12,kiprun-run-500-dry-womens-breathable-running-t-shirt-mauve-346564,https://cdn.shopify.com/s/files/1/1330/6287/files/8831472-product_image-p2600177.jpg?v=1744402176,10
3608390481095,4995768,apparel,T-shirt,Kiprun Run 500 Dry Women's Breathable Running T-shirt,Kiprun Run 500 Dry Women's Breathable Running T-shirt,XL,Pale Lilac Purple,15.00,15.0,USD,en-US,GB-R1-U5,20,kiprun-run-500-dry-womens-breathable-running-t-shirt-mauve-346564,https://cdn.shopify.com/s/files/1/1330/6287/files/8831472-product_image-p2600177.jpg?v=1744402176,10
3608390484102,4995769,apparel,T-shirt,Kiprun Run 500 Dry Women's Breathable Running T-shirt,Kiprun Run 500 Dry Women's Breathable Running T-shirt,2XL,Pale Lilac Purple,15.00,15.0,USD,en-US,GB-R1-U6,19,kiprun-run-500-dry-womens-breathable-running-t-shirt-mauve-346564,https://cdn.shopify.com/s/files/1/1330/6287/files/8831472-product_image-p2600177.jpg?v=1744402176,10
3608390484119,4995770,apparel,T-shirt,Kiprun Run 500 Dry Women's Breathable Running T-shirt,Kiprun Run 500 Dry Women's Breathable Running T-shirt,3XL,Pale Lilac Purple,15.00,15.0,USD,en-US,GB-R1-U7,15,kiprun-run-500-dry-womens-breathable-running-t-shirt-mauve-346564,https://cdn.shopify.com/s/files/1/1330/6287/files/8831472-product_image-p2600177.jpg?v=1744402176,10
3608390486243,5013777,bag_pack,Backpack,Quechua Children's Hiking 28 L Backpack MH500,Quechua Children's Hiking 28 L Backpack MH500,One Size,Petrol Blue,69.99,69.99,USD,en-US,GF-R5-U2,5,quechua-mh500-hiking-30-l-backpack-kids-122869a,https://cdn.shopify.com/s/files/1/1330/6287/files/8842457-product_image-p2592373_6b8a0efb-bb60-40af-8b9b-9732351815d5.jpg?v=1758665266,27
3608390495818,5014256,apparel,Shorts,Kiprun Men's Run 500 Breathable Dry+ Running Shorts,Kiprun Men's Run 500 Breathable Dry+ Running Shorts,S,Dark Green Gray,20.00,20.0,USD,en-US,GB-R2-U1,15,kiprun-mens-running-breathable-shorts-dry-black-333374,https://cdn.shopify.com/s/files/1/1330/6287/files/8751038-product_image-p2788602.jpg?v=1749835126,18
3608390495825,5014257,apparel,Shorts,Kiprun Men's Run 500 Breathable Dry+ Running Shorts,Kiprun Men's Run 500 Breathable Dry+ Running Shorts,M,Dark Green Gray,20.00,20.0,USD,en-US,GB-R2-U2,11,kiprun-mens-running-breathable-shorts-dry-black-333374,https://cdn.shopify.com/s/files/1/1330/6287/files/8751038-product_image-p2788602.jpg?v=1749835126,18
3608390495832,5014258,apparel,Shorts,Kiprun Men's Run 500 Breathable Dry+ Running Shorts,Kiprun Men's Run 500 Breathable Dry+ Running Shorts,L,Dark Green Gray,20.00,20.0,USD,en-US,GB-R2-U3,17,kiprun-mens-running-breathable-shorts-dry-black-333374,https://cdn.shopify.com/s/files/1/1330/6287/files/8751038-product_image-p2788602.jpg?v=1749835126,18
3608390495849,5014259,apparel,Shorts,Kiprun Men's Run 500 Breathable Dry+ Running Shorts,Kiprun Men's Run 500 Breathable Dry+ Running Shorts,XL,Dark Green Gray,20.00,20.0,USD,en-US,GB-R2-U4,17,kiprun-mens-running-breathable-shorts-dry-black-333374,https://cdn.shopify.com/s/files/1/1330/6287/files/8751038-product_image-p2788602.jpg?v=1749835126,18
3608390495856,5014260,apparel,Shorts,Kiprun Men's Run 500 Breathable Dry+ Running Shorts,Kiprun Men's Run 500 Breathable Dry+ Running Shorts,2XL,Dark Green Gray,20.00,20.0,USD,en-US,GB-R2-U5,10,kiprun-mens-running-breathable-shorts-dry-black-333374,https://cdn.shopify.com/s/files/1/1330/6287/files/8751038-product_image-p2788602.jpg?v=1749835126,18
3608390507795,5023960,apparel,Cycling shorts,Van Rysel Men's Winter Road Cycling Tights Racer - Black,Van Rysel Men's Winter Road Cycling Tights Racer - Black,S,Smoked Black,119.00,119.0,USD,en-US,GB-R2-U6,16,van-rysel-mens-winter-road-cycling-tights-racer-black-350516,https://cdn.shopify.com/s/files/1/1330/6287/files/8842732-product_image-p2778764.jpg?v=1762559452,11
3608390508501,5023961,apparel,Cycling shorts,Van Rysel Men's Winter Road Cycling Tights Racer - Black,Van Rysel Men's Winter Road Cycling Tights Racer - Black,L,Smoked Black,119.00,119.0,USD,en-US,GB-R2-U7,10,van-rysel-mens-winter-road-cycling-tights-racer-black-350516,https://cdn.shopify.com/s/files/1/1330/6287/files/8842732-product_image-p2778764.jpg?v=1762559452,11
3608390508518,5023962,apparel,Cycling shorts,Van Rysel Men's Winter Road Cycling Tights Racer - Black,Van Rysel Men's Winter Road Cycling Tights Racer - Black,M,Smoked Black,119.00,119.0,USD,en-US,GB-R3-U1,19,van-rysel-mens-winter-road-cycling-tights-racer-black-350516,https://cdn.shopify.com/s/files/1/1330/6287/files/8842732-product_image-p2778764.jpg?v=1762559452,11
3608390508532,5023964,apparel,Cycling shorts,Van Rysel Men's Winter Road Cycling Tights Racer - Black,Van Rysel Men's Winter Road Cycling Tights Racer - Black,XL,Smoked Black,119.00,119.0,USD,en-US,GB-R3-U2,10,van-rysel-mens-winter-road-cycling-tights-racer-black-350516,https://cdn.shopify.com/s/files/1/1330/6287/files/8842732-product_image-p2778764.jpg?v=1762559452,11
3608390508549,5023965,apparel,Cycling shorts,Van Rysel Men's Winter Road Cycling Tights Racer - Black,Van Rysel Men's Winter Road Cycling Tights Racer - Black,2XL,Smoked Black,119.00,119.0,USD,en-US,GB-R3-U3,14,van-rysel-mens-winter-road-cycling-tights-racer-black-350516,https://cdn.shopify.com/s/files/1/1330/6287/files/8842732-product_image-p2778764.jpg?v=1762559452,11
3608390618583,5045392,bag_pack,Backpack,Quechua NH500 Escape 16 L Hiking Backpack,Quechua NH500 Escape 16 L Hiking Backpack,16 L,Yellow Ochre,30.00,30.0,USD,en-US,GF-R5-U3,5,quechua-nh-escape-500-16-l-hiking-backpack-334520,https://cdn.shopify.com/s/files/1/1330/6287/files/8844302-product_image-p2629947.jpg?v=1709138155,36
3608390621750,5045537,bag_pack,Backpack,Quechua NH100 Arpenaz 10 L Hiking Backpack,Quechua NH100 Arpenaz 10 L Hiking Backpack,10 L,Dark Green,6.00,6.0,USD,en-US,GF-R5-U4,5,quechua-hiking-10l-backpack-arpenaz-nh100-344147,https://cdn.shopify.com/s/files/1/1330/6287/files/8775634-product_image-p2621212.jpg?v=1712059796,54
3608390626939,5042465,apparel,Jacket,Quechua Men's NH500 Imper Waterproof Rain Jacket,Quechua Men's NH500 Imper Waterproof Rain Jacket,S,Dark Green Gray,50.00,50.0,USD,en-US,GB-R3-U4,19,quechua-mens-nh500-waterproof-rain-jacket-334354,https://cdn.shopify.com/s/files/1/1330/6287/files/8785166-product_image-p2582643.jpg?v=1747176468,31
3608390626946,5042466,apparel,Jacket,Quechua Men's NH500 Imper Waterproof Rain Jacket,Quechua Men's NH500 Imper Waterproof Rain Jacket,L,Dark Green Gray,50.00,50.0,USD,en-US,GB-R3-U5,13,quechua-mens-nh500-waterproof-rain-jacket-334354,https://cdn.shopify.com/s/files/1/1330/6287/files/8785166-product_image-p2582643.jpg?v=1747176468,31
3608390626953,5042467,apparel,Jacket,Quechua Men's NH500 Imper Waterproof Rain Jacket,Quechua Men's NH500 Imper Waterproof Rain Jacket,2XL,Dark Green Gray,50.00,50.0,USD,en-US,GB-R3-U6,17,quechua-mens-nh500-waterproof-rain-jacket-334354,https://cdn.shopify.com/s/files/1/1330/6287/files/8785166-product_image-p2582643.jpg?v=1747176468,31
3608390626977,5042469,apparel,Jacket,Quechua Men's NH500 Imper Waterproof Rain Jacket,Quechua Men's NH500 Imper Waterproof Rain Jacket,XL,Dark Green Gray,50.00,50.0,USD,en-US,GB-R3-U7,17,quechua-mens-nh500-waterproof-rain-jacket-334354,https://cdn.shopify.com/s/files/1/1330/6287/files/8785166-product_image-p2582643.jpg?v=1747176468,31
3608390626984,5042470,apparel,Jacket,Quechua Men's NH500 Imper Waterproof Rain Jacket,Quechua Men's NH500 Imper Waterproof Rain Jacket,M,Dark Green Gray,50.00,50.0,USD,en-US,GB-R4-U1,21,quechua-mens-nh500-waterproof-rain-jacket-334354,https://cdn.shopify.com/s/files/1/1330/6287/files/8785166-product_image-p2582643.jpg?v=1747176468,31
3608390644742,5054366,apparel,Shorts,Quechua Women's Hiking Skort,Quechua Women's Hiking Skort,S,Cedar,20.00,20.0,USD,en-US,GB-R4-U2,20,womens-hiking-shorty-slip-dress-nh-335270,https://cdn.shopify.com/s/files/1/1330/6287/files/8851139-product_image-p2644138.jpg?v=1735038579,4
3608390644766,5054368,apparel,Shorts,Quechua Women's Hiking Skort,Quechua Women's Hiking Skort,M,Cedar,20.00,20.0,USD,en-US,GB-R4-U3,19,womens-hiking-shorty-slip-dress-nh-335270,https://cdn.shopify.com/s/files/1/1330/6287/files/8851139-product_image-p2644138.jpg?v=1735038579,4
3608390644773,5054369,apparel,Shorts,Quechua Women's Hiking Skort,Quechua Women's Hiking Skort,L,Cedar,20.00,20.0,USD,en-US,GB-R4-U4,18,womens-hiking-shorty-slip-dress-nh-335270,https://cdn.shopify.com/s/files/1/1330/6287/files/8851139-product_image-p2644138.jpg?v=1735038579,4
3608390644780,5054370,apparel,Shorts,Quechua Women's Hiking Skort,Quechua Women's Hiking Skort,XL,Cedar,20.00,20.0,USD,en-US,GB-R4-U5,18,womens-hiking-shorty-slip-dress-nh-335270,https://cdn.shopify.com/s/files/1/1330/6287/files/8851139-product_image-p2644138.jpg?v=1735038579,4
3608390647361,4955224,apparel,Fleece,Quechua Men’s MH500 Warm Water-Repellent Hiking Fleece Jacket,Quechua Men’s MH500 Warm Water-Repellent Hiking Fleece Jacket,S,Deep Sea Turquoise,65.00,65.0,USD,en-US,GB-R4-U6,20,quechua-mens-warm-hiking-fleece-jacket-mh500-mountain-green-348881-fw25,https://cdn.shopify.com/s/files/1/1330/6287/files/8827669-product_image-p2718081.jpg?v=1755553102,10
3608390647378,4955225,apparel,Fleece,Quechua Men’s MH500 Warm Water-Repellent Hiking Fleece Jacket,Quechua Men’s MH500 Warm Water-Repellent Hiking Fleece Jacket,M,Deep Sea Turquoise,65.00,65.0,USD,en-US,GB-R4-U7,12,quechua-mens-warm-hiking-fleece-jacket-mh500-mountain-green-348881-fw25,https://cdn.shopify.com/s/files/1/1330/6287/files/8827669-product_image-p2718081.jpg?v=1755553102,10
3608390647385,4955226,apparel,Fleece,Quechua Men’s MH500 Warm Water-Repellent Hiking Fleece Jacket,Quechua Men’s MH500 Warm Water-Repellent Hiking Fleece Jacket,L,Deep Sea Turquoise,65.00,65.0,USD,en-US,FR-01,16,quechua-mens-warm-hiking-fleece-jacket-mh500-mountain-green-348881-fw25,https://cdn.shopify.com/s/files/1/1330/6287/files/8827669-product_image-p2718081.jpg?v=1755553102,10
3608390647392,4955227,apparel,Fleece,Quechua Men’s MH500 Warm Water-Repellent Hiking Fleece Jacket,Quechua Men’s MH500 Warm Water-Repellent Hiking Fleece Jacket,XL,Deep Sea Turquoise,65.00,65.0,USD,en-US,FR-02,21,quechua-mens-warm-hiking-fleece-jacket-mh500-mountain-green-348881-fw25,https://cdn.shopify.com/s/files/1/1330/6287/files/8827669-product_image-p2718081.jpg?v=1755553102,10
3608390651801,4955228,apparel,Fleece,Quechua Men’s MH500 Warm Water-Repellent Hiking Fleece Jacket,Quechua Men’s MH500 Warm Water-Repellent Hiking Fleece Jacket,2XL,Deep Sea Turquoise,65.00,65.0,USD,en-US,FR-03,14,quechua-mens-warm-hiking-fleece-jacket-mh500-mountain-green-348881-fw25,https://cdn.shopify.com/s/files/1/1330/6287/files/8827669-product_image-p2718081.jpg?v=1755553102,10
3608390651818,4955229,apparel,Fleece,Quechua Men’s MH500 Warm Water-Repellent Hiking Fleece Jacket,Quechua Men’s MH500 Warm Water-Repellent Hiking Fleece Jacket,3XL,Deep Sea Turquoise,65.00,65.0,USD,en-US,FR-04,12,quechua-mens-warm-hiking-fleece-jacket-mh500-mountain-green-348881-fw25,https://cdn.shopify.com/s/files/1/1330/6287/files/8827669-product_image-p2718081.jpg?v=1755553102,10
3608390705467,5059319,apparel,T-shirt,Simond Women's Travel 500 Merino Wool T-Shirt,Simond Women's Travel 500 Merino Wool T-Shirt,XS,Magnolia,30.00,30.0,USD,en-US,GF-R1-U1,13,forclaz-womens-travel-500-merino-wool-t-shirt-6455,https://cdn.shopify.com/s/files/1/1330/6287/files/8774964-product_image-p2865167.jpg?v=1748655281,19
3608390705474,5059320,apparel,T-shirt,Simond Women's Travel 500 Merino Wool T-Shirt,Simond Women's Travel 500 Merino Wool T-Shirt,S,Magnolia,30.00,30.0,USD,en-US,GF-R1-U2,11,forclaz-womens-travel-500-merino-wool-t-shirt-6455,https://cdn.shopify.com/s/files/1/1330/6287/files/8774964-product_image-p2865167.jpg?v=1748655281,19
3608390705481,5059321,apparel,T-shirt,Simond Women's Travel 500 Merino Wool T-Shirt,Simond Women's Travel 500 Merino Wool T-Shirt,M,Magnolia,30.00,30.0,USD,en-US,GF-R1-U3,9,forclaz-womens-travel-500-merino-wool-t-shirt-6455,https://cdn.shopify.com/s/files/1/1330/6287/files/8774964-product_image-p2865167.jpg?v=1748655281,19
3608390705498,5059322,apparel,T-shirt,Simond Women's Travel 500 Merino Wool T-Shirt,Simond Women's Travel 500 Merino Wool T-Shirt,L,Magnolia,30.00,30.0,USD,en-US,GF-R1-U4,19,forclaz-womens-travel-500-merino-wool-t-shirt-6455,https://cdn.shopify.com/s/files/1/1330/6287/files/8774964-product_image-p2865167.jpg?v=1748655281,19
3608390713301,5059323,apparel,T-shirt,Simond Women's Travel 500 Merino Wool T-Shirt,Simond Women's Travel 500 Merino Wool T-Shirt,XL,Magnolia,30.00,30.0,USD,en-US,GF-R1-U5,13,forclaz-womens-travel-500-merino-wool-t-shirt-6455,https://cdn.shopify.com/s/files/1/1330/6287/files/8774964-product_image-p2865167.jpg?v=1748655281,19
3608390731039,5056926,apparel,Jacket,Quechua Kids’ MH150 Waterproof Hiking Jacket – Ages 7–15,Quechua Kids’ MH150 Waterproof Hiking Jacket – Ages 7–15,7-8 Years / 48''-51'',Storm Gray,24.99,24.99,USD,en-US,GF-R1-U6,18,quechua-waterproof-hiking-jacket-mh100-zip-child-7-15-years-151453,https://cdn.shopify.com/s/files/1/1330/6287/files/8851658-product_image-p2627242.jpg?v=1745358796,7
3608390731046,5056927,apparel,Jacket,Quechua Kids’ MH150 Waterproof Hiking Jacket – Ages 7–15,Quechua Kids’ MH150 Waterproof Hiking Jacket – Ages 7–15,8-9 Years / 52''-55'',Storm Gray,24.99,24.99,USD,en-US,GF-R1-U7,10,quechua-waterproof-hiking-jacket-mh100-zip-child-7-15-years-151453,https://cdn.shopify.com/s/files/1/1330/6287/files/8851658-product_image-p2627242.jpg?v=1745358796,7
3608390731053,5056928,apparel,Jacket,Quechua Kids’ MH150 Waterproof Hiking Jacket – Ages 7–15,Quechua Kids’ MH150 Waterproof Hiking Jacket – Ages 7–15,10-11 Years / 55''-58'',Storm Gray,24.99,24.99,USD,en-US,GF-R2-U1,12,quechua-waterproof-hiking-jacket-mh100-zip-child-7-15-years-151453,https://cdn.shopify.com/s/files/1/1330/6287/files/8851658-product_image-p2627242.jpg?v=1745358796,7
3608390731060,5056929,apparel,Jacket,Quechua Kids’ MH150 Waterproof Hiking Jacket – Ages 7–15,Quechua Kids’ MH150 Waterproof Hiking Jacket – Ages 7–15,12-13 Years / 59''-63'',Storm Gray,24.99,24.99,USD,en-US,GF-R2-U2,10,quechua-waterproof-hiking-jacket-mh100-zip-child-7-15-years-151453,https://cdn.shopify.com/s/files/1/1330/6287/files/8851658-product_image-p2627242.jpg?v=1745358796,7
3608390731077,5056930,apparel,Jacket,Quechua Kids’ MH150 Waterproof Hiking Jacket – Ages 7–15,Quechua Kids’ MH150 Waterproof Hiking Jacket – Ages 7–15,14-15 Years / 63''-65'',Storm Gray,24.99,24.99,USD,en-US,GF-R2-U3,12,quechua-waterproof-hiking-jacket-mh100-zip-child-7-15-years-151453,https://cdn.shopify.com/s/files/1/1330/6287/files/8851658-product_image-p2627242.jpg?v=1745358796,7
3608390741212,5066079,accessories,Cap,Kiprun Ultra-Light 5-Panel Running Cap,Kiprun Ultra-Light 5-Panel Running Cap,One Size,Pale Mint,24.99,24.99,USD,en-US,GB-R5-U1,20,unisex-running-cap-kiprun-5-panels-carbon-grey-344027,https://cdn.shopify.com/s/files/1/1330/6287/files/8852482-context_image-p2599876.jpg?v=1749852400,60
3608390741724,5066080,accessories,Cap,Kiprun Ultra-Light 5-Panel Running Cap,Kiprun Ultra-Light 5-Panel Running Cap,One Size,Mint Green,15.00,15.0,USD,en-US,GB-R5-U2,15,unisex-running-cap-kiprun-5-panels-carbon-grey-344027,https://cdn.shopify.com/s/files/1/1330/6287/files/8852482-context_image-p2599876.jpg?v=1749852400,60
3608390747276,5065655,apparel,Midlayer,Simond Women's Merino and Lyocell Hooded Jacket Merino Fresh,Simond Women's Merino and Lyocell Hooded Jacket Merino Fresh,XS,Pewter,80.00,80.0,USD,en-US,GF-R2-U4,12,forclaz-womens-merino-and-lyocell-hooded-jacket-merino-fresh-351114,https://cdn.shopify.com/s/files/1/1330/6287/files/8852379-product_image-p2815854.jpg?v=1744325532,9
3608390747283,5065656,apparel,Midlayer,Simond Women's Merino and Lyocell Hooded Jacket Merino Fresh,Simond Women's Merino and Lyocell Hooded Jacket Merino Fresh,S,Pewter,80.00,80.0,USD,en-US,GF-R2-U5,13,forclaz-womens-merino-and-lyocell-hooded-jacket-merino-fresh-351114,https://cdn.shopify.com/s/files/1/1330/6287/files/8852379-product_image-p2815854.jpg?v=1744325532,9
3608390747290,5065657,apparel,Midlayer,Simond Women's Merino and Lyocell Hooded Jacket Merino Fresh,Simond Women's Merino and Lyocell Hooded Jacket Merino Fresh,M,Pewter,80.00,80.0,USD,en-US,GF-R2-U6,13,forclaz-womens-merino-and-lyocell-hooded-jacket-merino-fresh-351114,https://cdn.shopify.com/s/files/1/1330/6287/files/8852379-product_image-p2815854.jpg?v=1744325532,9
3608390748105,5065658,apparel,Midlayer,Simond Women's Merino and Lyocell Hooded Jacket Merino Fresh,Simond Women's Merino and Lyocell Hooded Jacket Merino Fresh,L,Pewter,80.00,80.0,USD,en-US,GF-R2-U7,9,forclaz-womens-merino-and-lyocell-hooded-jacket-merino-fresh-351114,https://cdn.shopify.com/s/files/1/1330/6287/files/8852379-product_image-p2815854.jpg?v=1744325532,9
3608390748112,5065659,apparel,Midlayer,Simond Women's Merino and Lyocell Hooded Jacket Merino Fresh,Simond Women's Merino and Lyocell Hooded Jacket Merino Fresh,XL,Pewter,80.00,80.0,USD,en-US,GF-R3-U1,15,forclaz-womens-merino-and-lyocell-hooded-jacket-merino-fresh-351114,https://cdn.shopify.com/s/files/1/1330/6287/files/8852379-product_image-p2815854.jpg?v=1744325532,9
3608390748129,5065660,apparel,Midlayer,Simond Women's Merino and Lyocell Hooded Jacket Merino Fresh,Simond Women's Merino and Lyocell Hooded Jacket Merino Fresh,2XL,Pewter,80.00,80.0,USD,en-US,GF-R3-U2,21,forclaz-womens-merino-and-lyocell-hooded-jacket-merino-fresh-351114,https://cdn.shopify.com/s/files/1/1330/6287/files/8852379-product_image-p2815854.jpg?v=1744325532,9
3608390758524,5074624,accessories,Lantern,Quechua BL200 USB-C Rechargeable Camping Lantern – 200 Lumens,Quechua BL200 USB-C Rechargeable Camping Lantern – 200 Lumens,One Size,Unspecified,25.00,25.0,USD,en-US,GB-R5-U3,19,quechua-camping-lamp-bl-200-usb-c-rechargeable-200-lumens-343926,https://cdn.shopify.com/s/files/1/1330/6287/files/8852787-product_image-p2853421.jpg?v=1743795095,10
3608390763160,5075158,apparel,Midlayer,Simond Women’s MT900 Merino Wool Hiking Jacket,Simond Women’s MT900 Merino Wool Hiking Jacket,S,Smoked Black,95.00,95.0,USD,en-US,GF-R3-U3,13,simond-womens-long-sleeved-merino-wool-backpacking-thermal-jacket-mt900-306969-fw25,https://cdn.shopify.com/s/files/1/1330/6287/files/8852888-product_image-p2597390.jpg?v=1755553524,9
3608390763177,5075159,apparel,Midlayer,Simond Women’s MT900 Merino Wool Hiking Jacket,Simond Women’s MT900 Merino Wool Hiking Jacket,M,Smoked Black,95.00,95.0,USD,en-US,GF-R3-U4,18,simond-womens-long-sleeved-merino-wool-backpacking-thermal-jacket-mt900-306969-fw25,https://cdn.shopify.com/s/files/1/1330/6287/files/8852888-product_image-p2597390.jpg?v=1755553524,9
3608390763184,5075160,apparel,Midlayer,Simond Women’s MT900 Merino Wool Hiking Jacket,Simond Women’s MT900 Merino Wool Hiking Jacket,L,Smoked Black,95.00,95.0,USD,en-US,GF-R3-U5,9,simond-womens-long-sleeved-merino-wool-backpacking-thermal-jacket-mt900-306969-fw25,https://cdn.shopify.com/s/files/1/1330/6287/files/8852888-product_image-p2597390.jpg?v=1755553524,9
3608390763191,5075161,apparel,Midlayer,Simond Women’s MT900 Merino Wool Hiking Jacket,Simond Women’s MT900 Merino Wool Hiking Jacket,XL,Smoked Black,95.00,95.0,USD,en-US,GF-R3-U6,11,simond-womens-long-sleeved-merino-wool-backpacking-thermal-jacket-mt900-306969-fw25,https://cdn.shopify.com/s/files/1/1330/6287/files/8852888-product_image-p2597390.jpg?v=1755553524,9
3608390763405,5075162,apparel,Midlayer,Simond Women’s MT900 Merino Wool Hiking Jacket,Simond Women’s MT900 Merino Wool Hiking Jacket,2XL,Smoked Black,95.00,95.0,USD,en-US,GF-R3-U7,19,simond-womens-long-sleeved-merino-wool-backpacking-thermal-jacket-mt900-306969-fw25,https://cdn.shopify.com/s/files/1/1330/6287/files/8852888-product_image-p2597390.jpg?v=1755553524,9
3608390764662,5075450,apparel,Trousers/pants,Simond Men's MT900 Hiking Pants,Simond Men's MT900 Hiking Pants,W29 L33,Abyss Gray,99.99,99.99,USD,en-US,GF-R4-U1,12,mens-water-repellent-and-wind-resistant-backpacking-pants-mt900-338628,https://cdn.shopify.com/s/files/1/1330/6287/files/8852944-product_image-p2660312_04222d19-d6ac-42d1-adf6-bd3262b36e23.jpg?v=1748663789,9
3608390764686,5075452,apparel,Trousers/pants,Simond Men's MT900 Hiking Pants,Simond Men's MT900 Hiking Pants,W31 L33,Abyss Gray,99.99,99.99,USD,en-US,GF-R4-U2,16,mens-water-repellent-and-wind-resistant-backpacking-pants-mt900-338628,https://cdn.shopify.com/s/files/1/1330/6287/files/8852944-product_image-p2660312_04222d19-d6ac-42d1-adf6-bd3262b36e23.jpg?v=1748663789,9
3608390766208,5075454,apparel,Trousers/pants,Simond Men's MT900 Hiking Pants,Simond Men's MT900 Hiking Pants,W33 L33,Abyss Gray,99.99,99.99,USD,en-US,GF-R4-U3,11,mens-water-repellent-and-wind-resistant-backpacking-pants-mt900-338628,https://cdn.shopify.com/s/files/1/1330/6287/files/8852944-product_image-p2660312_04222d19-d6ac-42d1-adf6-bd3262b36e23.jpg?v=1748663789,9
3608390766222,5075456,apparel,Trousers/pants,Simond Men's MT900 Hiking Pants,Simond Men's MT900 Hiking Pants,W34 L34,Abyss Gray,99.99,99.99,USD,en-US,GF-R4-U4,11,mens-water-repellent-and-wind-resistant-backpacking-pants-mt900-338628,https://cdn.shopify.com/s/files/1/1330/6287/files/8852944-product_image-p2660312_04222d19-d6ac-42d1-adf6-bd3262b36e23.jpg?v=1748663789,9
3608390766246,5075458,apparel,Trousers/pants,Simond Men's MT900 Hiking Pants,Simond Men's MT900 Hiking Pants,W36 L34,Abyss Gray,99.99,99.99,USD,en-US,GF-R4-U5,13,mens-water-repellent-and-wind-resistant-backpacking-pants-mt900-338628,https://cdn.shopify.com/s/files/1/1330/6287/files/8852944-product_image-p2660312_04222d19-d6ac-42d1-adf6-bd3262b36e23.jpg?v=1748663789,9
3608390766260,5075460,apparel,Trousers/pants,Simond Men's MT900 Hiking Pants,Simond Men's MT900 Hiking Pants,W39 L34,Abyss Gray,99.99,99.99,USD,en-US,GF-R4-U6,12,mens-water-repellent-and-wind-resistant-backpacking-pants-mt900-338628,https://cdn.shopify.com/s/files/1/1330/6287/files/8852944-product_image-p2660312_04222d19-d6ac-42d1-adf6-bd3262b36e23.jpg?v=1748663789,9
3608390766284,5075462,apparel,Trousers/pants,Simond Men's MT900 Hiking Pants,Simond Men's MT900 Hiking Pants,W42 L34,Abyss Gray,99.99,99.99,USD,en-US,GF-R4-U7,20,mens-water-repellent-and-wind-resistant-backpacking-pants-mt900-338628,https://cdn.shopify.com/s/files/1/1330/6287/files/8852944-product_image-p2660312_04222d19-d6ac-42d1-adf6-bd3262b36e23.jpg?v=1748663789,9
3608390766307,5075464,apparel,Trousers/pants,Simond Men's MT900 Hiking Pants,Simond Men's MT900 Hiking Pants,W44 L34,Abyss Gray,99.99,99.99,USD,en-US,GB-R1-U1,17,mens-water-repellent-and-wind-resistant-backpacking-pants-mt900-338628,https://cdn.shopify.com/s/files/1/1330/6287/files/8852944-product_image-p2660312_04222d19-d6ac-42d1-adf6-bd3262b36e23.jpg?v=1748663789,9
3608390767977,5075667,apparel,Shorts,Women's Running & Trail Running Breathable Shorts KIPRUN Run 500 Dry-black,Women's Running & Trail Running Breathable Shorts KIPRUN Run 500 Dry-black,XS,Tropical Lime,20.00,20.0,USD,en-US,GB-R1-U2,11,womens-running-trail-running-breathable-shorts-kiprun-run-500-dry-black-351243,https://cdn.shopify.com/s/files/1/1330/6287/files/8852978-product_image-p2645512.jpg?v=1753984517,19
3608390767984,5075668,apparel,Shorts,Women's Running & Trail Running Breathable Shorts KIPRUN Run 500 Dry-black,Women's Running & Trail Running Breathable Shorts KIPRUN Run 500 Dry-black,S,Tropical Lime,20.00,20.0,USD,en-US,GB-R1-U3,10,womens-running-trail-running-breathable-shorts-kiprun-run-500-dry-black-351243,https://cdn.shopify.com/s/files/1/1330/6287/files/8852978-product_image-p2645512.jpg?v=1753984517,19
3608390767991,5075669,apparel,Shorts,Women's Running & Trail Running Breathable Shorts KIPRUN Run 500 Dry-black,Women's Running & Trail Running Breathable Shorts KIPRUN Run 500 Dry-black,M,Tropical Lime,20.00,20.0,USD,en-US,GB-R1-U4,19,womens-running-trail-running-breathable-shorts-kiprun-run-500-dry-black-351243,https://cdn.shopify.com/s/files/1/1330/6287/files/8852978-product_image-p2645512.jpg?v=1753984517,19
3608390768004,5075670,apparel,Shorts,Women's Running & Trail Running Breathable Shorts KIPRUN Run 500 Dry-black,Women's Running & Trail Running Breathable Shorts KIPRUN Run 500 Dry-black,L,Tropical Lime,20.00,20.0,USD,en-US,GB-R1-U5,18,womens-running-trail-running-breathable-shorts-kiprun-run-500-dry-black-351243,https://cdn.shopify.com/s/files/1/1330/6287/files/8852978-product_image-p2645512.jpg?v=1753984517,19
3608390768011,5075671,apparel,Shorts,Women's Running & Trail Running Breathable Shorts KIPRUN Run 500 Dry-black,Women's Running & Trail Running Breathable Shorts KIPRUN Run 500 Dry-black,XL,Tropical Lime,20.00,20.0,USD,en-US,GB-R1-U6,10,womens-running-trail-running-breathable-shorts-kiprun-run-500-dry-black-351243,https://cdn.shopify.com/s/files/1/1330/6287/files/8852978-product_image-p2645512.jpg?v=1753984517,19
3608390768028,5075672,apparel,Shorts,Women's Running & Trail Running Breathable Shorts KIPRUN Run 500 Dry-black,Women's Running & Trail Running Breathable Shorts KIPRUN Run 500 Dry-black,2XL,Tropical Lime,20.00,20.0,USD,en-US,GB-R1-U7,16,womens-running-trail-running-breathable-shorts-kiprun-run-500-dry-black-351243,https://cdn.shopify.com/s/files/1/1330/6287/files/8852978-product_image-p2645512.jpg?v=1753984517,19
3608390776177,5076846,apparel,T-shirt,Simond Women’s MT500 Merino Wool T-Shirt,Simond Women’s MT500 Merino Wool T-Shirt,S,Graphite Grey,40.00,40.0,USD,en-US,GB-R2-U1,12,simond-womens-merino-wool-short-sleeved-t-shirt-merino-resist-khaki-327360,https://cdn.shopify.com/s/files/1/1330/6287/files/8919496-product_image-p2816036.jpg?v=1749838915,18
3608390776184,5076847,apparel,T-shirt,Simond Women’s MT500 Merino Wool T-Shirt,Simond Women’s MT500 Merino Wool T-Shirt,M,Graphite Grey,40.00,40.0,USD,en-US,GB-R2-U2,20,simond-womens-merino-wool-short-sleeved-t-shirt-merino-resist-khaki-327360,https://cdn.shopify.com/s/files/1/1330/6287/files/8919496-product_image-p2816036.jpg?v=1749838915,18
3608390776191,5076848,apparel,T-shirt,Simond Women’s MT500 Merino Wool T-Shirt,Simond Women’s MT500 Merino Wool T-Shirt,L,Graphite Grey,40.00,40.0,USD,en-US,GB-R2-U3,10,simond-womens-merino-wool-short-sleeved-t-shirt-merino-resist-khaki-327360,https://cdn.shopify.com/s/files/1/1330/6287/files/8919496-product_image-p2816036.jpg?v=1749838915,18
3608390776788,5034906,bag_pack,Backpack,Simond MT900 UL 50 L Ultralight Backpacking Pack,Simond MT900 UL 50 L Ultralight Backpacking Pack,One Size,Steel Gray,220.00,220.0,USD,en-US,GF-R5-U5,5,simond-ultra-light-50l-backpacking-backpack-mt900-ul-350653,https://cdn.shopify.com/s/files/1/1330/6287/files/8843416-product_image-p2838443.jpg?v=1758320505,19
3608390776900,5076875,apparel,Trousers/pants,Simond Women's MT900 Hiking Pants,Simond Women's MT900 Hiking Pants,W28 L30,Deep Chocolate Truffle,65.00,65.0,USD,en-US,GB-R2-U4,13,simond-womens-mt900-hiking-pants-341279,https://cdn.shopify.com/s/files/1/1330/6287/files/8853218-product_image-p2660415_e5a01f2f-c3d0-41bc-bdbd-708b675d4b60.jpg?v=1748666437,14
3608390776924,5076877,apparel,Trousers/pants,Simond Women's MT900 Hiking Pants,Simond Women's MT900 Hiking Pants,W29 L31,Deep Chocolate Truffle,65.00,65.0,USD,en-US,GB-R2-U5,15,simond-womens-mt900-hiking-pants-341279,https://cdn.shopify.com/s/files/1/1330/6287/files/8853218-product_image-p2660415_e5a01f2f-c3d0-41bc-bdbd-708b675d4b60.jpg?v=1748666437,14
3608390776948,5076880,apparel,Trousers/pants,Simond Women's MT900 Hiking Pants,Simond Women's MT900 Hiking Pants,W31 L31,Deep Chocolate Truffle,65.00,65.0,USD,en-US,GB-R2-U6,19,simond-womens-mt900-hiking-pants-341279,https://cdn.shopify.com/s/files/1/1330/6287/files/8853218-product_image-p2660415_e5a01f2f-c3d0-41bc-bdbd-708b675d4b60.jpg?v=1748666437,14
3608390776962,5076882,apparel,Trousers/pants,Simond Women's MT900 Hiking Pants,Simond Women's MT900 Hiking Pants,W33 L31,Deep Chocolate Truffle,65.00,65.0,USD,en-US,GB-R2-U7,19,simond-womens-mt900-hiking-pants-341279,https://cdn.shopify.com/s/files/1/1330/6287/files/8853218-product_image-p2660415_e5a01f2f-c3d0-41bc-bdbd-708b675d4b60.jpg?v=1748666437,14
3608390776986,5076884,apparel,Trousers/pants,Simond Women's MT900 Hiking Pants,Simond Women's MT900 Hiking Pants,W34 L31,Deep Chocolate Truffle,65.00,65.0,USD,en-US,GB-R3-U1,11,simond-womens-mt900-hiking-pants-341279,https://cdn.shopify.com/s/files/1/1330/6287/files/8853218-product_image-p2660415_e5a01f2f-c3d0-41bc-bdbd-708b675d4b60.jpg?v=1748666437,14
3608390777006,5076886,apparel,Trousers/pants,Simond Women's MT900 Hiking Pants,Simond Women's MT900 Hiking Pants,W36 L31,Deep Chocolate Truffle,65.00,65.0,USD,en-US,GB-R3-U2,13,simond-womens-mt900-hiking-pants-341279,https://cdn.shopify.com/s/files/1/1330/6287/files/8853218-product_image-p2660415_e5a01f2f-c3d0-41bc-bdbd-708b675d4b60.jpg?v=1748666437,14
3608390777402,5076849,apparel,T-shirt,Simond Women’s MT500 Merino Wool T-Shirt,Simond Women’s MT500 Merino Wool T-Shirt,XL,Graphite Grey,40.00,40.0,USD,en-US,GB-R3-U3,18,simond-womens-merino-wool-short-sleeved-t-shirt-merino-resist-khaki-327360,https://cdn.shopify.com/s/files/1/1330/6287/files/8919496-product_image-p2816036.jpg?v=1749838915,18
3608390777419,5076850,apparel,T-shirt,Simond Women’s MT500 Merino Wool T-Shirt,Simond Women’s MT500 Merino Wool T-Shirt,2XL,Graphite Grey,40.00,40.0,USD,en-US,GB-R3-U4,11,simond-womens-merino-wool-short-sleeved-t-shirt-merino-resist-khaki-327360,https://cdn.shopify.com/s/files/1/1330/6287/files/8919496-product_image-p2816036.jpg?v=1749838915,18
3608390779925,5083886,footwear,Shoes,Quechua Kids’ NH100 Lace-Up Hiking Shoes,Quechua Kids’ NH100 Lace-Up Hiking Shoes,W5 / M3.5,Smoked Black,15.00,15.0,USD,en-US,PW-01,7,quechua-childrens-lace-up-hiking-boots-nh100-black-35-38-313055,https://cdn.shopify.com/s/files/1/1330/6287/files/8853305-product_image-p2578640.jpg?v=1745361262,8
3608390779932,5083887,footwear,Shoes,Quechua Kids’ NH100 Lace-Up Hiking Shoes,Quechua Kids’ NH100 Lace-Up Hiking Shoes,W5.5 / M4,Smoked Black,15.00,15.0,USD,en-US,PW-02,10,quechua-childrens-lace-up-hiking-boots-nh100-black-35-38-313055,https://cdn.shopify.com/s/files/1/1330/6287/files/8853305-product_image-p2578640.jpg?v=1745361262,8
3608390779949,5083888,footwear,Shoes,Quechua Kids’ NH100 Lace-Up Hiking Shoes,Quechua Kids’ NH100 Lace-Up Hiking Shoes,W6.5 / M5,Smoked Black,15.00,15.0,USD,en-US,PW-03,7,quechua-childrens-lace-up-hiking-boots-nh100-black-35-38-313055,https://cdn.shopify.com/s/files/1/1330/6287/files/8853305-product_image-p2578640.jpg?v=1745361262,8
3608390779956,5083889,footwear,Shoes,Quechua Kids’ NH100 Lace-Up Hiking Shoes,Quechua Kids’ NH100 Lace-Up Hiking Shoes,W7.5 / M6,Smoked Black,15.00,15.0,USD,en-US,PW-04,10,quechua-childrens-lace-up-hiking-boots-nh100-black-35-38-313055,https://cdn.shopify.com/s/files/1/1330/6287/files/8853305-product_image-p2578640.jpg?v=1745361262,8
3608390785773,5083867,footwear,Shoes,Quechua Kids’ NH100 Velcro Hiking Shoes,Quechua Kids’ NH100 Velcro Hiking Shoes,7.5C,Smoked Black,15.00,15.0,USD,en-US,PW-05,11,quechua-kids-velcro-hiking-shoes-nh100-black-24-to-34-313049,https://cdn.shopify.com/s/files/1/1330/6287/files/CHAUSSURESKIDGARCONMH100PE24-8853302-001---Expireson22-09-2033.jpg?v=1745434978,8
3608390785780,5083868,footwear,Shoes,Quechua Kids’ NH100 Velcro Hiking Shoes,Quechua Kids’ NH100 Velcro Hiking Shoes,8.5C,Smoked Black,15.00,15.0,USD,en-US,PW-06,9,quechua-kids-velcro-hiking-shoes-nh100-black-24-to-34-313049,https://cdn.shopify.com/s/files/1/1330/6287/files/CHAUSSURESKIDGARCONMH100PE24-8853302-001---Expireson22-09-2033.jpg?v=1745434978,8
3608390785797,5083869,footwear,Shoes,Quechua Kids’ NH100 Velcro Hiking Shoes,Quechua Kids’ NH100 Velcro Hiking Shoes,10.5C,Smoked Black,15.00,15.0,USD,en-US,PW-07,13,quechua-kids-velcro-hiking-shoes-nh100-black-24-to-34-313049,https://cdn.shopify.com/s/files/1/1330/6287/files/CHAUSSURESKIDGARCONMH100PE24-8853302-001---Expireson22-09-2033.jpg?v=1745434978,8
3608390786701,5083870,footwear,Shoes,Quechua Kids’ NH100 Velcro Hiking Shoes,Quechua Kids’ NH100 Velcro Hiking Shoes,10C,Smoked Black,15.00,15.0,USD,en-US,PW-08,13,quechua-kids-velcro-hiking-shoes-nh100-black-24-to-34-313049,https://cdn.shopify.com/s/files/1/1330/6287/files/CHAUSSURESKIDGARCONMH100PE24-8853302-001---Expireson22-09-2033.jpg?v=1745434978,8
3608390786718,5083871,footwear,Shoes,Quechua Kids’ NH100 Velcro Hiking Shoes,Quechua Kids’ NH100 Velcro Hiking Shoes,9C,Smoked Black,15.00,15.0,USD,en-US,PE-01,9,quechua-kids-velcro-hiking-shoes-nh100-black-24-to-34-313049,https://cdn.shopify.com/s/files/1/1330/6287/files/CHAUSSURESKIDGARCONMH100PE24-8853302-001---Expireson22-09-2033.jpg?v=1745434978,8
3608390786725,5083872,footwear,Shoes,Quechua Kids’ NH100 Velcro Hiking Shoes,Quechua Kids’ NH100 Velcro Hiking Shoes,11.5C,Smoked Black,15.00,15.0,USD,en-US,PE-02,8,quechua-kids-velcro-hiking-shoes-nh100-black-24-to-34-313049,https://cdn.shopify.com/s/files/1/1330/6287/files/CHAUSSURESKIDGARCONMH100PE24-8853302-001---Expireson22-09-2033.jpg?v=1745434978,8
3608390786732,5083873,footwear,Shoes,Quechua Kids’ NH100 Velcro Hiking Shoes,Quechua Kids’ NH100 Velcro Hiking Shoes,12.5C,Smoked Black,15.00,15.0,USD,en-US,PE-03,12,quechua-kids-velcro-hiking-shoes-nh100-black-24-to-34-313049,https://cdn.shopify.com/s/files/1/1330/6287/files/CHAUSSURESKIDGARCONMH100PE24-8853302-001---Expireson22-09-2033.jpg?v=1745434978,8
3608390786749,5083874,footwear,Shoes,Quechua Kids’ NH100 Velcro Hiking Shoes,Quechua Kids’ NH100 Velcro Hiking Shoes,13C,Smoked Black,15.00,15.0,USD,en-US,PE-04,9,quechua-kids-velcro-hiking-shoes-nh100-black-24-to-34-313049,https://cdn.shopify.com/s/files/1/1330/6287/files/CHAUSSURESKIDGARCONMH100PE24-8853302-001---Expireson22-09-2033.jpg?v=1745434978,8
3608390786756,5083875,footwear,Shoes,Quechua Kids’ NH100 Velcro Hiking Shoes,Quechua Kids’ NH100 Velcro Hiking Shoes,1,Smoked Black,15.00,15.0,USD,en-US,PE-05,6,quechua-kids-velcro-hiking-shoes-nh100-black-24-to-34-313049,https://cdn.shopify.com/s/files/1/1330/6287/files/CHAUSSURESKIDGARCONMH100PE24-8853302-001---Expireson22-09-2033.jpg?v=1745434978,8
3608390786763,5083876,footwear,Shoes,Quechua Kids’ NH100 Velcro Hiking Shoes,Quechua Kids’ NH100 Velcro Hiking Shoes,2,Smoked Black,15.00,15.0,USD,en-US,FB-01,10,quechua-kids-velcro-hiking-shoes-nh100-black-24-to-34-313049,https://cdn.shopify.com/s/files/1/1330/6287/files/CHAUSSURESKIDGARCONMH100PE24-8853302-001---Expireson22-09-2033.jpg?v=1745434978,8
3608390786770,5083877,footwear,Shoes,Quechua Kids’ NH100 Velcro Hiking Shoes,Quechua Kids’ NH100 Velcro Hiking Shoes,2.5,Smoked Black,15.00,15.0,USD,en-US,GA-01,12,quechua-kids-velcro-hiking-shoes-nh100-black-24-to-34-313049,https://cdn.shopify.com/s/files/1/1330/6287/files/CHAUSSURESKIDGARCONMH100PE24-8853302-001---Expireson22-09-2033.jpg?v=1745434978,8
3608390788385,5084556,apparel,Shorts,Forclaz Men's MT500 Hiking Shorts,Forclaz Men's MT500 Hiking Shorts,S,Carbon Gray,44.99,44.99,USD,en-US,GB-R3-U5,21,forclaz-mens-durable-backpacking-shorts-mt500-351375,https://cdn.shopify.com/s/files/1/1330/6287/files/8916612-product_image-p2815614.jpg?v=1747078962,15
3608390788392,5084557,apparel,Shorts,Forclaz Men's MT500 Hiking Shorts,Forclaz Men's MT500 Hiking Shorts,S-M,Carbon Gray,44.99,44.99,USD,en-US,GB-R3-U6,10,forclaz-mens-durable-backpacking-shorts-mt500-351375,https://cdn.shopify.com/s/files/1/1330/6287/files/8916612-product_image-p2815614.jpg?v=1747078962,15
3608390789009,5084558,apparel,Shorts,Forclaz Men's MT500 Hiking Shorts,Forclaz Men's MT500 Hiking Shorts,M,Carbon Gray,44.99,44.99,USD,en-US,GB-R3-U7,14,forclaz-mens-durable-backpacking-shorts-mt500-351375,https://cdn.shopify.com/s/files/1/1330/6287/files/8916612-product_image-p2815614.jpg?v=1747078962,15
3608390789016,5084559,apparel,Shorts,Forclaz Men's MT500 Hiking Shorts,Forclaz Men's MT500 Hiking Shorts,L,Carbon Gray,44.99,44.99,USD,en-US,GB-R4-U1,15,forclaz-mens-durable-backpacking-shorts-mt500-351375,https://cdn.shopify.com/s/files/1/1330/6287/files/8916612-product_image-p2815614.jpg?v=1747078962,15
3608390789023,5084560,apparel,Shorts,Forclaz Men's MT500 Hiking Shorts,Forclaz Men's MT500 Hiking Shorts,XL,Carbon Gray,44.99,44.99,USD,en-US,GB-R4-U2,15,forclaz-mens-durable-backpacking-shorts-mt500-351375,https://cdn.shopify.com/s/files/1/1330/6287/files/8916612-product_image-p2815614.jpg?v=1747078962,15
3608390789030,5084561,apparel,Shorts,Forclaz Men's MT500 Hiking Shorts,Forclaz Men's MT500 Hiking Shorts,XL-2XL,Carbon Gray,44.99,44.99,USD,en-US,GB-R4-U3,21,forclaz-mens-durable-backpacking-shorts-mt500-351375,https://cdn.shopify.com/s/files/1/1330/6287/files/8916612-product_image-p2815614.jpg?v=1747078962,15
3608390789047,5084562,apparel,Shorts,Forclaz Men's MT500 Hiking Shorts,Forclaz Men's MT500 Hiking Shorts,2XL,Carbon Gray,44.99,44.99,USD,en-US,GB-R4-U4,15,forclaz-mens-durable-backpacking-shorts-mt500-351375,https://cdn.shopify.com/s/files/1/1330/6287/files/8916612-product_image-p2815614.jpg?v=1747078962,15
3608390789054,5084563,apparel,Shorts,Forclaz Men's MT500 Hiking Shorts,Forclaz Men's MT500 Hiking Shorts,3XL,Carbon Gray,44.99,44.99,USD,en-US,GB-R4-U5,20,forclaz-mens-durable-backpacking-shorts-mt500-351375,https://cdn.shopify.com/s/files/1/1330/6287/files/8916612-product_image-p2815614.jpg?v=1747078962,15
3608390802074,5086572,apparel,Zip-Off Pants,Simond Men's MT500 2-in-1 Zip-Off Hiking Pants,Simond Men's MT500 2-in-1 Zip-Off Hiking Pants,W29 L33,Graphite Grey,79.99,79.99,USD,en-US,GB-R4-U6,20,simond-mens-mt500-2-in-1-zip-off-hiking-pants-351289,https://cdn.shopify.com/s/files/1/1330/6287/files/8853743-product_image-p2660246_c7097075-aecc-4272-b7fa-fdc2534ef1db.jpg?v=1748664414,22
3608390802098,5086574,apparel,Zip-Off Pants,Simond Men's MT500 2-in-1 Zip-Off Hiking Pants,Simond Men's MT500 2-in-1 Zip-Off Hiking Pants,W31 L33,Graphite Grey,79.99,79.99,USD,en-US,GB-R4-U7,20,simond-mens-mt500-2-in-1-zip-off-hiking-pants-351289,https://cdn.shopify.com/s/files/1/1330/6287/files/8853743-product_image-p2660246_c7097075-aecc-4272-b7fa-fdc2534ef1db.jpg?v=1748664414,22
3608390802531,5086479,apparel,Trousers/pants,Simond Men's MT500 Durable Hiking Pants,Simond Men's MT500 Durable Hiking Pants,W29 L33,Dark Sepia,69.99,69.99,USD,en-US,FR-01,11,simond-forclaz-mens-mt900-durable-hiking-pants-351265,https://cdn.shopify.com/s/files/1/1330/6287/files/8853735-product_image-p2660442.jpg?v=1742382337,9
3608390802555,5086481,apparel,Trousers/pants,Simond Men's MT500 Durable Hiking Pants,Simond Men's MT500 Durable Hiking Pants,W31 L33,Dark Sepia,69.99,69.99,USD,en-US,FR-02,17,simond-forclaz-mens-mt900-durable-hiking-pants-351265,https://cdn.shopify.com/s/files/1/1330/6287/files/8853735-product_image-p2660442.jpg?v=1742382337,9
3608390802579,5086483,apparel,Trousers/pants,Simond Men's MT500 Durable Hiking Pants,Simond Men's MT500 Durable Hiking Pants,W33 L33,Dark Sepia,69.99,69.99,USD,en-US,FR-03,15,simond-forclaz-mens-mt900-durable-hiking-pants-351265,https://cdn.shopify.com/s/files/1/1330/6287/files/8853735-product_image-p2660442.jpg?v=1742382337,9
3608390802593,5086485,apparel,Trousers/pants,Simond Men's MT500 Durable Hiking Pants,Simond Men's MT500 Durable Hiking Pants,W34 L34,Dark Sepia,69.99,69.99,USD,en-US,FR-04,10,simond-forclaz-mens-mt900-durable-hiking-pants-351265,https://cdn.shopify.com/s/files/1/1330/6287/files/8853735-product_image-p2660442.jpg?v=1742382337,9
3608390802616,5086487,apparel,Trousers/pants,Simond Men's MT500 Durable Hiking Pants,Simond Men's MT500 Durable Hiking Pants,W36 L34,Dark Sepia,69.99,69.99,USD,en-US,GF-R1-U1,17,simond-forclaz-mens-mt900-durable-hiking-pants-351265,https://cdn.shopify.com/s/files/1/1330/6287/files/8853735-product_image-p2660442.jpg?v=1742382337,9
3608390802630,5086489,apparel,Trousers/pants,Simond Men's MT500 Durable Hiking Pants,Simond Men's MT500 Durable Hiking Pants,W39 L34,Dark Sepia,69.99,69.99,USD,en-US,GF-R1-U2,19,simond-forclaz-mens-mt900-durable-hiking-pants-351265,https://cdn.shopify.com/s/files/1/1330/6287/files/8853735-product_image-p2660442.jpg?v=1742382337,9
3608390802654,5086492,apparel,Trousers/pants,Simond Men's MT500 Durable Hiking Pants,Simond Men's MT500 Durable Hiking Pants,W42 L34,Dark Sepia,69.99,69.99,USD,en-US,GF-R1-U3,20,simond-forclaz-mens-mt900-durable-hiking-pants-351265,https://cdn.shopify.com/s/files/1/1330/6287/files/8853735-product_image-p2660442.jpg?v=1742382337,9
3608390802678,5086494,apparel,Trousers/pants,Simond Men's MT500 Durable Hiking Pants,Simond Men's MT500 Durable Hiking Pants,W44 L34,Dark Sepia,69.99,69.99,USD,en-US,GF-R1-U4,13,simond-forclaz-mens-mt900-durable-hiking-pants-351265,https://cdn.shopify.com/s/files/1/1330/6287/files/8853735-product_image-p2660442.jpg?v=1742382337,9
3608390803811,5086576,apparel,Zip-Off Pants,Simond Men's MT500 2-in-1 Zip-Off Hiking Pants,Simond Men's MT500 2-in-1 Zip-Off Hiking Pants,W33 L33,Graphite Grey,79.99,79.99,USD,en-US,GF-R1-U5,16,simond-mens-mt500-2-in-1-zip-off-hiking-pants-351289,https://cdn.shopify.com/s/files/1/1330/6287/files/8853743-product_image-p2660246_c7097075-aecc-4272-b7fa-fdc2534ef1db.jpg?v=1748664414,22
3608390803835,5086578,apparel,Zip-Off Pants,Simond Men's MT500 2-in-1 Zip-Off Hiking Pants,Simond Men's MT500 2-in-1 Zip-Off Hiking Pants,W34 L34,Graphite Grey,79.99,79.99,USD,en-US,GF-R1-U6,12,simond-mens-mt500-2-in-1-zip-off-hiking-pants-351289,https://cdn.shopify.com/s/files/1/1330/6287/files/8853743-product_image-p2660246_c7097075-aecc-4272-b7fa-fdc2534ef1db.jpg?v=1748664414,22
3608390803859,5086580,apparel,Zip-Off Pants,Simond Men's MT500 2-in-1 Zip-Off Hiking Pants,Simond Men's MT500 2-in-1 Zip-Off Hiking Pants,W36 L34,Graphite Grey,79.99,79.99,USD,en-US,GF-R1-U7,21,simond-mens-mt500-2-in-1-zip-off-hiking-pants-351289,https://cdn.shopify.com/s/files/1/1330/6287/files/8853743-product_image-p2660246_c7097075-aecc-4272-b7fa-fdc2534ef1db.jpg?v=1748664414,22
3608390803873,5086582,apparel,Zip-Off Pants,Simond Men's MT500 2-in-1 Zip-Off Hiking Pants,Simond Men's MT500 2-in-1 Zip-Off Hiking Pants,W39 L34,Graphite Grey,79.99,79.99,USD,en-US,GF-R2-U1,15,simond-mens-mt500-2-in-1-zip-off-hiking-pants-351289,https://cdn.shopify.com/s/files/1/1330/6287/files/8853743-product_image-p2660246_c7097075-aecc-4272-b7fa-fdc2534ef1db.jpg?v=1748664414,22
3608390803897,5086584,apparel,Zip-Off Pants,Simond Men's MT500 2-in-1 Zip-Off Hiking Pants,Simond Men's MT500 2-in-1 Zip-Off Hiking Pants,W42 L34,Graphite Grey,79.99,79.99,USD,en-US,GF-R2-U2,20,simond-mens-mt500-2-in-1-zip-off-hiking-pants-351289,https://cdn.shopify.com/s/files/1/1330/6287/files/8853743-product_image-p2660246_c7097075-aecc-4272-b7fa-fdc2534ef1db.jpg?v=1748664414,22
3608390803910,5086586,apparel,Zip-Off Pants,Simond Men's MT500 2-in-1 Zip-Off Hiking Pants,Simond Men's MT500 2-in-1 Zip-Off Hiking Pants,W44 L34,Graphite Grey,79.99,79.99,USD,en-US,GF-R2-U3,15,simond-mens-mt500-2-in-1-zip-off-hiking-pants-351289,https://cdn.shopify.com/s/files/1/1330/6287/files/8853743-product_image-p2660246_c7097075-aecc-4272-b7fa-fdc2534ef1db.jpg?v=1748664414,22
3608390804375,5086594,apparel,Zip-Off Pants,Simond Men's MT500 2-in-1 Zip-Off Hiking Pants,Simond Men's MT500 2-in-1 Zip-Off Hiking Pants,W29 L33,Bronze Khaki Green,79.99,79.99,USD,en-US,GF-R2-U4,19,simond-mens-mt500-2-in-1-zip-off-hiking-pants-351289,https://cdn.shopify.com/s/files/1/1330/6287/files/8853743-product_image-p2660246_c7097075-aecc-4272-b7fa-fdc2534ef1db.jpg?v=1748664414,22
3608390804399,5086596,apparel,Zip-Off Pants,Simond Men's MT500 2-in-1 Zip-Off Hiking Pants,Simond Men's MT500 2-in-1 Zip-Off Hiking Pants,W31 L33,Bronze Khaki Green,79.99,79.99,USD,en-US,GF-R2-U5,11,simond-mens-mt500-2-in-1-zip-off-hiking-pants-351289,https://cdn.shopify.com/s/files/1/1330/6287/files/8853743-product_image-p2660246_c7097075-aecc-4272-b7fa-fdc2534ef1db.jpg?v=1748664414,22
3608390804511,5086598,apparel,Zip-Off Pants,Simond Men's MT500 2-in-1 Zip-Off Hiking Pants,Simond Men's MT500 2-in-1 Zip-Off Hiking Pants,W33 L33,Bronze Khaki Green,79.99,79.99,USD,en-US,GF-R2-U6,18,simond-mens-mt500-2-in-1-zip-off-hiking-pants-351289,https://cdn.shopify.com/s/files/1/1330/6287/files/8853743-product_image-p2660246_c7097075-aecc-4272-b7fa-fdc2534ef1db.jpg?v=1748664414,22
3608390804535,5086600,apparel,Zip-Off Pants,Simond Men's MT500 2-in-1 Zip-Off Hiking Pants,Simond Men's MT500 2-in-1 Zip-Off Hiking Pants,W34 L34,Bronze Khaki Green,79.99,79.99,USD,en-US,GF-R2-U7,10,simond-mens-mt500-2-in-1-zip-off-hiking-pants-351289,https://cdn.shopify.com/s/files/1/1330/6287/files/8853743-product_image-p2660246_c7097075-aecc-4272-b7fa-fdc2534ef1db.jpg?v=1748664414,22
3608390804559,5086602,apparel,Zip-Off Pants,Simond Men's MT500 2-in-1 Zip-Off Hiking Pants,Simond Men's MT500 2-in-1 Zip-Off Hiking Pants,W36 L34,Bronze Khaki Green,79.99,79.99,USD,en-US,GF-R3-U1,19,simond-mens-mt500-2-in-1-zip-off-hiking-pants-351289,https://cdn.shopify.com/s/files/1/1330/6287/files/8853743-product_image-p2660246_c7097075-aecc-4272-b7fa-fdc2534ef1db.jpg?v=1748664414,22
3608390804573,5086604,apparel,Zip-Off Pants,Simond Men's MT500 2-in-1 Zip-Off Hiking Pants,Simond Men's MT500 2-in-1 Zip-Off Hiking Pants,W39 L34,Bronze Khaki Green,79.99,79.99,USD,en-US,GF-R3-U2,20,simond-mens-mt500-2-in-1-zip-off-hiking-pants-351289,https://cdn.shopify.com/s/files/1/1330/6287/files/8853743-product_image-p2660246_c7097075-aecc-4272-b7fa-fdc2534ef1db.jpg?v=1748664414,22
3608390804597,5086606,apparel,Zip-Off Pants,Simond Men's MT500 2-in-1 Zip-Off Hiking Pants,Simond Men's MT500 2-in-1 Zip-Off Hiking Pants,W42 L34,Bronze Khaki Green,79.99,79.99,USD,en-US,GF-R3-U3,17,simond-mens-mt500-2-in-1-zip-off-hiking-pants-351289,https://cdn.shopify.com/s/files/1/1330/6287/files/8853743-product_image-p2660246_c7097075-aecc-4272-b7fa-fdc2534ef1db.jpg?v=1748664414,22
3608390804610,5086608,apparel,Zip-Off Pants,Simond Men's MT500 2-in-1 Zip-Off Hiking Pants,Simond Men's MT500 2-in-1 Zip-Off Hiking Pants,W44 L34,Bronze Khaki Green,79.99,79.99,USD,en-US,GF-R3-U4,18,simond-mens-mt500-2-in-1-zip-off-hiking-pants-351289,https://cdn.shopify.com/s/files/1/1330/6287/files/8853743-product_image-p2660246_c7097075-aecc-4272-b7fa-fdc2534ef1db.jpg?v=1748664414,22
3608390840212,5098881,accessories,Towel,Microfiber Swimming Towel Size XL 110 x 175 cm,Microfiber Swimming Towel Size XL 110 x 175 cm,XL,Frozen cedar,24.99,24.99,USD,en-US,GB-R5-U4,12,microfiber-swimming-towel-size-xl-110-x-175-cm,https://cdn.shopify.com/s/files/1/1330/6287/files/default_8e6d7be6-5c01-448a-a519-ad5795dd3b62.jpg?v=1775494049,7
3608390840663,5099350,accessories,Water bottle waist pack,Kiprun 900 Trail Running Hydration Belt,Kiprun 900 Trail Running Hydration Belt,XS / S,Light Gray,40.00,40.0,USD,en-US,GB-R5-U5,13,kiprun-900-unisex-trail-running-hydration-belt-329994,https://cdn.shopify.com/s/files/1/1330/6287/files/8857773-KIPRUNCEINTURELIGHTTRAILGRISORANGE24PE25-8857773-000---Expireson28-03-2035.jpg?v=1774354980,23
3608390840670,5099351,accessories,Water bottle waist pack,Kiprun 900 Trail Running Hydration Belt,Kiprun 900 Trail Running Hydration Belt,M / L,Light Gray,40.00,40.0,USD,en-US,GB-R5-U6,24,kiprun-900-unisex-trail-running-hydration-belt-329994,https://cdn.shopify.com/s/files/1/1330/6287/files/8857773-KIPRUNCEINTURELIGHTTRAILGRISORANGE24PE25-8857773-000---Expireson28-03-2035.jpg?v=1774354980,23
3608390841608,5099352,accessories,Water bottle waist pack,Kiprun 900 Trail Running Hydration Belt,Kiprun 900 Trail Running Hydration Belt,XL / 2XL,Light Gray,40.00,40.0,USD,en-US,GB-R5-U7,12,kiprun-900-unisex-trail-running-hydration-belt-329994,https://cdn.shopify.com/s/files/1/1330/6287/files/8857773-KIPRUNCEINTURELIGHTTRAILGRISORANGE24PE25-8857773-000---Expireson28-03-2035.jpg?v=1774354980,23
3608390858910,5098835,accessories,Water bag,Kiprun 900 Unisex 20+5L Trail Running Bag + 2L Water Bladder Included,Kiprun 900 Unisex 20+5L Trail Running Bag + 2L Water Bladder Included,One Size,Dark Green Gray,220.00,220.0,USD,en-US,ACC-01,22,kiprun-900-unisex-20-5l-trail-running-bag-343432,https://cdn.shopify.com/s/files/1/1330/6287/files/8857657-default_13bafb7d-2b70-43ba-8a92-b5b569ff19e1.jpg?v=1774355290,10
3608390860272,5075733,apparel,Shorts,Women's Running & Trail Running Breathable Shorts KIPRUN Run 500 Dry-black,Women's Running & Trail Running Breathable Shorts KIPRUN Run 500 Dry-black,XS,Smoked Black,29.99,29.99,USD,en-US,GF-R3-U5,13,womens-running-trail-running-breathable-shorts-kiprun-run-500-dry-black-351243,https://cdn.shopify.com/s/files/1/1330/6287/files/8852978-product_image-p2645512.jpg?v=1753984517,19
3608390860289,5075734,apparel,Shorts,Women's Running & Trail Running Breathable Shorts KIPRUN Run 500 Dry-black,Women's Running & Trail Running Breathable Shorts KIPRUN Run 500 Dry-black,S,Smoked Black,29.99,29.99,USD,en-US,GF-R3-U6,12,womens-running-trail-running-breathable-shorts-kiprun-run-500-dry-black-351243,https://cdn.shopify.com/s/files/1/1330/6287/files/8852978-product_image-p2645512.jpg?v=1753984517,19
3608390860296,5075735,apparel,Shorts,Women's Running & Trail Running Breathable Shorts KIPRUN Run 500 Dry-black,Women's Running & Trail Running Breathable Shorts KIPRUN Run 500 Dry-black,M,Smoked Black,29.99,29.99,USD,en-US,GF-R3-U7,20,womens-running-trail-running-breathable-shorts-kiprun-run-500-dry-black-351243,https://cdn.shopify.com/s/files/1/1330/6287/files/8852978-product_image-p2645512.jpg?v=1753984517,19
3608390861408,5075736,apparel,Shorts,Women's Running & Trail Running Breathable Shorts KIPRUN Run 500 Dry-black,Women's Running & Trail Running Breathable Shorts KIPRUN Run 500 Dry-black,L,Smoked Black,29.99,29.99,USD,en-US,GF-R4-U1,10,womens-running-trail-running-breathable-shorts-kiprun-run-500-dry-black-351243,https://cdn.shopify.com/s/files/1/1330/6287/files/8852978-product_image-p2645512.jpg?v=1753984517,19
3608390861415,5075737,apparel,Shorts,Women's Running & Trail Running Breathable Shorts KIPRUN Run 500 Dry-black,Women's Running & Trail Running Breathable Shorts KIPRUN Run 500 Dry-black,XL,Smoked Black,29.99,29.99,USD,en-US,GF-R4-U2,10,womens-running-trail-running-breathable-shorts-kiprun-run-500-dry-black-351243,https://cdn.shopify.com/s/files/1/1330/6287/files/8852978-product_image-p2645512.jpg?v=1753984517,19
3608390861422,5075738,apparel,Shorts,Women's Running & Trail Running Breathable Shorts KIPRUN Run 500 Dry-black,Women's Running & Trail Running Breathable Shorts KIPRUN Run 500 Dry-black,2XL,Smoked Black,29.99,29.99,USD,en-US,GF-R4-U3,12,womens-running-trail-running-breathable-shorts-kiprun-run-500-dry-black-351243,https://cdn.shopify.com/s/files/1/1330/6287/files/8852978-product_image-p2645512.jpg?v=1753984517,19
3608390862221,5102104,outdoor,Home trainer,Van Rysel RCR Smart Trainer with Zwift Cog and Click,Van Rysel RCR Smart Trainer with Zwift Cog and Click,OS,,999.00,999.0,USD,en-US,GB-R7-U2,1,van-rysel-rcr-home-trainer-with-zwift-cog-and-click-347879-fw25,https://cdn.shopify.com/s/files/1/1330/6287/files/8861638-product_image-p2994247.jpg?v=1755553639,13
3608390866366,5104619,apparel,T-shirt,Kiprun Men's Run 500 Comfort Seamless Running T-shirt,Kiprun Men's Run 500 Comfort Seamless Running T-shirt,S,Smoked Black,20.00,20.0,USD,en-US,GF-R4-U4,20,mens-kiprun-run-500-comfort-seamless-running-t-shirt-black-340992,https://cdn.shopify.com/s/files/1/1330/6287/files/8861685-product_image-p2617528.jpg?v=1740790010,7
3608390866373,5104620,apparel,T-shirt,Kiprun Men's Run 500 Comfort Seamless Running T-shirt,Kiprun Men's Run 500 Comfort Seamless Running T-shirt,M,Smoked Black,20.00,20.0,USD,en-US,GF-R4-U5,14,mens-kiprun-run-500-comfort-seamless-running-t-shirt-black-340992,https://cdn.shopify.com/s/files/1/1330/6287/files/8861685-product_image-p2617528.jpg?v=1740790010,7
3608390866380,5104621,apparel,T-shirt,Kiprun Men's Run 500 Comfort Seamless Running T-shirt,Kiprun Men's Run 500 Comfort Seamless Running T-shirt,L,Smoked Black,20.00,20.0,USD,en-US,GF-R4-U6,18,mens-kiprun-run-500-comfort-seamless-running-t-shirt-black-340992,https://cdn.shopify.com/s/files/1/1330/6287/files/8861685-product_image-p2617528.jpg?v=1740790010,7
3608390866397,5104622,apparel,T-shirt,Kiprun Men's Run 500 Comfort Seamless Running T-shirt,Kiprun Men's Run 500 Comfort Seamless Running T-shirt,XL,Smoked Black,20.00,20.0,USD,en-US,GF-R4-U7,14,mens-kiprun-run-500-comfort-seamless-running-t-shirt-black-340992,https://cdn.shopify.com/s/files/1/1330/6287/files/8861685-product_image-p2617528.jpg?v=1740790010,7
3608390866441,5101373,apparel,T-shirt,Kiprun Men's Run 500 Dry Running T-shirt,Kiprun Men's Run 500 Dry Running T-shirt,S,Dark Green Gray,24.99,24.99,USD,en-US,GB-R1-U1,10,mens-running-breathable-t-shirt-kiprun-run-500-dry-yellow-lemon-339765,https://cdn.shopify.com/s/files/1/1330/6287/files/8861543-product_image-p2609103.jpg?v=1744659089,17
3608390866458,5101374,apparel,T-shirt,Kiprun Men's Run 500 Dry Running T-shirt,Kiprun Men's Run 500 Dry Running T-shirt,M,Dark Green Gray,24.99,24.99,USD,en-US,GB-R1-U2,15,mens-running-breathable-t-shirt-kiprun-run-500-dry-yellow-lemon-339765,https://cdn.shopify.com/s/files/1/1330/6287/files/8861543-product_image-p2609103.jpg?v=1744659089,17
3608390866465,5101375,apparel,T-shirt,Kiprun Men's Run 500 Dry Running T-shirt,Kiprun Men's Run 500 Dry Running T-shirt,L,Dark Green Gray,24.99,24.99,USD,en-US,GB-R1-U3,15,mens-running-breathable-t-shirt-kiprun-run-500-dry-yellow-lemon-339765,https://cdn.shopify.com/s/files/1/1330/6287/files/8861543-product_image-p2609103.jpg?v=1744659089,17
3608390866472,5101376,apparel,T-shirt,Kiprun Men's Run 500 Dry Running T-shirt,Kiprun Men's Run 500 Dry Running T-shirt,XL,Dark Green Gray,24.99,24.99,USD,en-US,GB-R1-U4,18,mens-running-breathable-t-shirt-kiprun-run-500-dry-yellow-lemon-339765,https://cdn.shopify.com/s/files/1/1330/6287/files/8861543-product_image-p2609103.jpg?v=1744659089,17
3608390866489,5101377,apparel,T-shirt,Kiprun Men's Run 500 Dry Running T-shirt,Kiprun Men's Run 500 Dry Running T-shirt,2XL,Dark Green Gray,24.99,24.99,USD,en-US,GB-R1-U5,13,mens-running-breathable-t-shirt-kiprun-run-500-dry-yellow-lemon-339765,https://cdn.shopify.com/s/files/1/1330/6287/files/8861543-product_image-p2609103.jpg?v=1744659089,17
3608390866939,5103763,apparel,T-shirt,Kiprun Men's Run 500 Dry Running T-shirt,Kiprun Men's Run 500 Dry Running T-shirt,S,Tropical Lime,20.00,20.0,USD,en-US,GB-R1-U6,9,mens-running-breathable-t-shirt-kiprun-run-500-dry-yellow-lemon-339765,https://cdn.shopify.com/s/files/1/1330/6287/files/8861543-product_image-p2609103.jpg?v=1744659089,17
3608390866946,5103764,apparel,T-shirt,Kiprun Men's Run 500 Dry Running T-shirt,Kiprun Men's Run 500 Dry Running T-shirt,M,Tropical Lime,20.00,20.0,USD,en-US,GB-R1-U7,14,mens-running-breathable-t-shirt-kiprun-run-500-dry-yellow-lemon-339765,https://cdn.shopify.com/s/files/1/1330/6287/files/8861543-product_image-p2609103.jpg?v=1744659089,17
3608390866953,5103765,apparel,T-shirt,Kiprun Men's Run 500 Dry Running T-shirt,Kiprun Men's Run 500 Dry Running T-shirt,L,Tropical Lime,20.00,20.0,USD,en-US,GB-R2-U1,15,mens-running-breathable-t-shirt-kiprun-run-500-dry-yellow-lemon-339765,https://cdn.shopify.com/s/files/1/1330/6287/files/8861543-product_image-p2609103.jpg?v=1744659089,17
3608390866960,5103766,apparel,T-shirt,Kiprun Men's Run 500 Dry Running T-shirt,Kiprun Men's Run 500 Dry Running T-shirt,XL,Tropical Lime,20.00,20.0,USD,en-US,GB-R2-U2,15,mens-running-breathable-t-shirt-kiprun-run-500-dry-yellow-lemon-339765,https://cdn.shopify.com/s/files/1/1330/6287/files/8861543-product_image-p2609103.jpg?v=1744659089,17
3608390866977,5103767,apparel,T-shirt,Kiprun Men's Run 500 Dry Running T-shirt,Kiprun Men's Run 500 Dry Running T-shirt,2XL,Tropical Lime,20.00,20.0,USD,en-US,GB-R2-U3,11,mens-running-breathable-t-shirt-kiprun-run-500-dry-yellow-lemon-339765,https://cdn.shopify.com/s/files/1/1330/6287/files/8861543-product_image-p2609103.jpg?v=1744659089,17
3608390867004,5104623,apparel,T-shirt,Kiprun Men's Run 500 Comfort Seamless Running T-shirt,Kiprun Men's Run 500 Comfort Seamless Running T-shirt,2XL,Smoked Black,20.00,20.0,USD,en-US,GB-R2-U4,16,mens-kiprun-run-500-comfort-seamless-running-t-shirt-black-340992,https://cdn.shopify.com/s/files/1/1330/6287/files/8861685-product_image-p2617528.jpg?v=1740790010,7
3608390878130,4838755,footwear,Shoes,Quechua Women's NH900 Warm Waterproof Leather Snow Hiking Boots,Quechua Women's NH900 Warm Waterproof Leather Snow Hiking Boots,5.5,Deep Shale,100.00,100.0,USD,en-US,GA-02,11,quechua-womens-warm-and-waterproof-snow-hiking-boots-nh900-brown-leather-346302-fw25,https://cdn.shopify.com/s/files/1/1330/6287/files/8800119-product_image-p2702208.jpg?v=1755549696,8
3608390878147,4838756,footwear,Shoes,Quechua Women's NH900 Warm Waterproof Leather Snow Hiking Boots,Quechua Women's NH900 Warm Waterproof Leather Snow Hiking Boots,6.5,Deep Shale,100.00,100.0,USD,en-US,PW-01,11,quechua-womens-warm-and-waterproof-snow-hiking-boots-nh900-brown-leather-346302-fw25,https://cdn.shopify.com/s/files/1/1330/6287/files/8800119-product_image-p2702208.jpg?v=1755549696,8
3608390878154,4838757,footwear,Shoes,Quechua Women's NH900 Warm Waterproof Leather Snow Hiking Boots,Quechua Women's NH900 Warm Waterproof Leather Snow Hiking Boots,7.5,Deep Shale,100.00,100.0,USD,en-US,PW-02,10,quechua-womens-warm-and-waterproof-snow-hiking-boots-nh900-brown-leather-346302-fw25,https://cdn.shopify.com/s/files/1/1330/6287/files/8800119-product_image-p2702208.jpg?v=1755549696,8
3608390878161,4838758,footwear,Shoes,Quechua Women's NH900 Warm Waterproof Leather Snow Hiking Boots,Quechua Women's NH900 Warm Waterproof Leather Snow Hiking Boots,8,Deep Shale,100.00,100.0,USD,en-US,PW-03,12,quechua-womens-warm-and-waterproof-snow-hiking-boots-nh900-brown-leather-346302-fw25,https://cdn.shopify.com/s/files/1/1330/6287/files/8800119-product_image-p2702208.jpg?v=1755549696,8
3608390878178,4838759,footwear,Shoes,Quechua Women's NH900 Warm Waterproof Leather Snow Hiking Boots,Quechua Women's NH900 Warm Waterproof Leather Snow Hiking Boots,9,Deep Shale,100.00,100.0,USD,en-US,PW-04,9,quechua-womens-warm-and-waterproof-snow-hiking-boots-nh900-brown-leather-346302-fw25,https://cdn.shopify.com/s/files/1/1330/6287/files/8800119-product_image-p2702208.jpg?v=1755549696,8
3608390878185,4838760,footwear,Shoes,Quechua Women's NH900 Warm Waterproof Leather Snow Hiking Boots,Quechua Women's NH900 Warm Waterproof Leather Snow Hiking Boots,9.5,Deep Shale,100.00,100.0,USD,en-US,PW-05,9,quechua-womens-warm-and-waterproof-snow-hiking-boots-nh900-brown-leather-346302-fw25,https://cdn.shopify.com/s/files/1/1330/6287/files/8800119-product_image-p2702208.jpg?v=1755549696,8
3608390878192,4838761,footwear,Shoes,Quechua Women's NH900 Warm Waterproof Leather Snow Hiking Boots,Quechua Women's NH900 Warm Waterproof Leather Snow Hiking Boots,10.5,Deep Shale,100.00,100.0,USD,en-US,PW-06,7,quechua-womens-warm-and-waterproof-snow-hiking-boots-nh900-brown-leather-346302-fw25,https://cdn.shopify.com/s/files/1/1330/6287/files/8800119-product_image-p2702208.jpg?v=1755549696,8
3608390880034,4838669,footwear,Shoes,Quechua Women's Warm Waterproof Snow Hiking Boots - NH100 Mid,Quechua Women's Warm Waterproof Snow Hiking Boots - NH100 Mid,5.5,Smoked Black,45.00,45.0,USD,en-US,PW-07,10,quechua-womens-warm-waterproof-snow-hiking-boots-nh100-mid-black-346370,https://cdn.shopify.com/s/files/1/1330/6287/files/8800108-product_image-p2702143.jpg?v=1762559442,8
3608390880041,4838670,footwear,Shoes,Quechua Women's Warm Waterproof Snow Hiking Boots - NH100 Mid,Quechua Women's Warm Waterproof Snow Hiking Boots - NH100 Mid,6.5,Smoked Black,45.00,45.0,USD,en-US,PW-08,11,quechua-womens-warm-waterproof-snow-hiking-boots-nh100-mid-black-346370,https://cdn.shopify.com/s/files/1/1330/6287/files/8800108-product_image-p2702143.jpg?v=1762559442,8
3608390880058,4838671,footwear,Shoes,Quechua Women's Warm Waterproof Snow Hiking Boots - NH100 Mid,Quechua Women's Warm Waterproof Snow Hiking Boots - NH100 Mid,7.5,Smoked Black,45.00,45.0,USD,en-US,PE-01,6,quechua-womens-warm-waterproof-snow-hiking-boots-nh100-mid-black-346370,https://cdn.shopify.com/s/files/1/1330/6287/files/8800108-product_image-p2702143.jpg?v=1762559442,8
3608390880065,4838672,footwear,Shoes,Quechua Women's Warm Waterproof Snow Hiking Boots - NH100 Mid,Quechua Women's Warm Waterproof Snow Hiking Boots - NH100 Mid,8,Smoked Black,45.00,45.0,USD,en-US,PE-02,7,quechua-womens-warm-waterproof-snow-hiking-boots-nh100-mid-black-346370,https://cdn.shopify.com/s/files/1/1330/6287/files/8800108-product_image-p2702143.jpg?v=1762559442,8
3608390880072,4838673,footwear,Shoes,Quechua Women's Warm Waterproof Snow Hiking Boots - NH100 Mid,Quechua Women's Warm Waterproof Snow Hiking Boots - NH100 Mid,9,Smoked Black,45.00,45.0,USD,en-US,PE-03,13,quechua-womens-warm-waterproof-snow-hiking-boots-nh100-mid-black-346370,https://cdn.shopify.com/s/files/1/1330/6287/files/8800108-product_image-p2702143.jpg?v=1762559442,8
3608390880089,4838674,footwear,Shoes,Quechua Women's Warm Waterproof Snow Hiking Boots - NH100 Mid,Quechua Women's Warm Waterproof Snow Hiking Boots - NH100 Mid,9.5,Smoked Black,45.00,45.0,USD,en-US,PE-04,10,quechua-womens-warm-waterproof-snow-hiking-boots-nh100-mid-black-346370,https://cdn.shopify.com/s/files/1/1330/6287/files/8800108-product_image-p2702143.jpg?v=1762559442,8
3608390880096,4838675,footwear,Shoes,Quechua Women's Warm Waterproof Snow Hiking Boots - NH100 Mid,Quechua Women's Warm Waterproof Snow Hiking Boots - NH100 Mid,10.5,Smoked Black,45.00,45.0,USD,en-US,PE-05,13,quechua-womens-warm-waterproof-snow-hiking-boots-nh100-mid-black-346370,https://cdn.shopify.com/s/files/1/1330/6287/files/8800108-product_image-p2702143.jpg?v=1762559442,8
3608390880300,4838676,footwear,Shoes,Quechua Women's Warm Waterproof Snow Hiking Boots - NH100 Mid,Quechua Women's Warm Waterproof Snow Hiking Boots - NH100 Mid,11,Smoked Black,45.00,45.0,USD,en-US,FB-01,10,quechua-womens-warm-waterproof-snow-hiking-boots-nh100-mid-black-346370,https://cdn.shopify.com/s/files/1/1330/6287/files/8800108-product_image-p2702143.jpg?v=1762559442,8
3608390895731,4894512,apparel,Baselayer bottom,Wedze Kids' BL500 Thermal Ski Base Layer Bottom,Wedze Kids' BL500 Thermal Ski Base Layer Bottom,4 Years,Smoked Black,16.99,16.99,USD,en-US,GB-R2-U5,16,wedze-kids-ski-thermal-base-layer-bl-500-bottom-black-347938-fw25,https://cdn.shopify.com/s/files/1/1330/6287/files/8809002-product_image-p2700965.jpg?v=1757451506,9
3608390895748,4894513,apparel,Baselayer bottom,Wedze Kids' BL500 Thermal Ski Base Layer Bottom,Wedze Kids' BL500 Thermal Ski Base Layer Bottom,6 Years,Smoked Black,16.99,16.99,USD,en-US,GB-R2-U6,21,wedze-kids-ski-thermal-base-layer-bl-500-bottom-black-347938-fw25,https://cdn.shopify.com/s/files/1/1330/6287/files/8809002-product_image-p2700965.jpg?v=1757451506,9
3608390895755,4894514,apparel,Baselayer bottom,Wedze Kids' BL500 Thermal Ski Base Layer Bottom,Wedze Kids' BL500 Thermal Ski Base Layer Bottom,8 Years,Smoked Black,16.99,16.99,USD,en-US,GB-R2-U7,20,wedze-kids-ski-thermal-base-layer-bl-500-bottom-black-347938-fw25,https://cdn.shopify.com/s/files/1/1330/6287/files/8809002-product_image-p2700965.jpg?v=1757451506,9
3608390895762,4894515,apparel,Baselayer bottom,Wedze Kids' BL500 Thermal Ski Base Layer Bottom,Wedze Kids' BL500 Thermal Ski Base Layer Bottom,10 Years,Smoked Black,16.99,16.99,USD,en-US,GB-R3-U1,15,wedze-kids-ski-thermal-base-layer-bl-500-bottom-black-347938-fw25,https://cdn.shopify.com/s/files/1/1330/6287/files/8809002-product_image-p2700965.jpg?v=1757451506,9
3608390895779,4894516,apparel,Baselayer bottom,Wedze Kids' BL500 Thermal Ski Base Layer Bottom,Wedze Kids' BL500 Thermal Ski Base Layer Bottom,12 Years,Smoked Black,16.99,16.99,USD,en-US,GB-R3-U2,18,wedze-kids-ski-thermal-base-layer-bl-500-bottom-black-347938-fw25,https://cdn.shopify.com/s/files/1/1330/6287/files/8809002-product_image-p2700965.jpg?v=1757451506,9
3608390895786,4894517,apparel,Baselayer bottom,Wedze Kids' BL500 Thermal Ski Base Layer Bottom,Wedze Kids' BL500 Thermal Ski Base Layer Bottom,14 Years,Smoked Black,16.99,16.99,USD,en-US,GB-R3-U3,11,wedze-kids-ski-thermal-base-layer-bl-500-bottom-black-347938-fw25,https://cdn.shopify.com/s/files/1/1330/6287/files/8809002-product_image-p2700965.jpg?v=1757451506,9
3608390896806,4894439,apparel,Base layer,Wedze Kids' BL500 Thermal Ski Base Layer Top,Wedze Kids' BL500 Thermal Ski Base Layer Top,4 Years,Smoked Black,16.99,16.99,USD,en-US,GB-R3-U4,11,wedze-kids-ski-thermal-base-layer-bl-500-top-black-347952-fw25,https://cdn.shopify.com/s/files/1/1330/6287/files/8808978-product_image-p2701298.jpg?v=1755553650,10
3608390896813,4894440,apparel,Base layer,Wedze Kids' BL500 Thermal Ski Base Layer Top,Wedze Kids' BL500 Thermal Ski Base Layer Top,6 Years,Smoked Black,16.99,16.99,USD,en-US,GB-R3-U5,14,wedze-kids-ski-thermal-base-layer-bl-500-top-black-347952-fw25,https://cdn.shopify.com/s/files/1/1330/6287/files/8808978-product_image-p2701298.jpg?v=1755553650,10
3608390896820,4894441,apparel,Base layer,Wedze Kids' BL500 Thermal Ski Base Layer Top,Wedze Kids' BL500 Thermal Ski Base Layer Top,8 Years,Smoked Black,16.99,16.99,USD,en-US,GB-R3-U6,14,wedze-kids-ski-thermal-base-layer-bl-500-top-black-347952-fw25,https://cdn.shopify.com/s/files/1/1330/6287/files/8808978-product_image-p2701298.jpg?v=1755553650,10
3608390896837,4894442,apparel,Base layer,Wedze Kids' BL500 Thermal Ski Base Layer Top,Wedze Kids' BL500 Thermal Ski Base Layer Top,10 Years,Smoked Black,16.99,16.99,USD,en-US,GB-R3-U7,19,wedze-kids-ski-thermal-base-layer-bl-500-top-black-347952-fw25,https://cdn.shopify.com/s/files/1/1330/6287/files/8808978-product_image-p2701298.jpg?v=1755553650,10
3608390896844,4894443,apparel,Base layer,Wedze Kids' BL500 Thermal Ski Base Layer Top,Wedze Kids' BL500 Thermal Ski Base Layer Top,12 Years,Smoked Black,16.99,16.99,USD,en-US,GB-R4-U1,19,wedze-kids-ski-thermal-base-layer-bl-500-top-black-347952-fw25,https://cdn.shopify.com/s/files/1/1330/6287/files/8808978-product_image-p2701298.jpg?v=1755553650,10
3608390896851,4894444,apparel,Base layer,Wedze Kids' BL500 Thermal Ski Base Layer Top,Wedze Kids' BL500 Thermal Ski Base Layer Top,14 Years,Smoked Black,16.99,16.99,USD,en-US,GB-R4-U2,15,wedze-kids-ski-thermal-base-layer-bl-500-top-black-347952-fw25,https://cdn.shopify.com/s/files/1/1330/6287/files/8808978-product_image-p2701298.jpg?v=1755553650,10
3608390940226,5075755,apparel,Leggings,Quechua Women’s NH500 Warm Water-Repellent Hiking Leggings,Quechua Women’s NH500 Warm Water-Repellent Hiking Leggings,W26 L28,Smoked Black,79.99,79.99,USD,en-US,GB-R4-U3,18,quechua-womens-warm-water-repellent-hiking-leggings-nh500-black-351208-fw25,https://cdn.shopify.com/s/files/1/1330/6287/files/8853000-product_image-p2717933.jpg?v=1755553667,10
3608390940233,5075756,apparel,Leggings,Quechua Women’s NH500 Warm Water-Repellent Hiking Leggings,Quechua Women’s NH500 Warm Water-Repellent Hiking Leggings,W26 L30,Smoked Black,79.99,79.99,USD,en-US,GB-R4-U4,12,quechua-womens-warm-water-repellent-hiking-leggings-nh500-black-351208-fw25,https://cdn.shopify.com/s/files/1/1330/6287/files/8853000-product_image-p2717933.jpg?v=1755553667,10
3608390940240,5075757,apparel,Leggings,Quechua Women’s NH500 Warm Water-Repellent Hiking Leggings,Quechua Women’s NH500 Warm Water-Repellent Hiking Leggings,W28 L29,Smoked Black,79.99,79.99,USD,en-US,GB-R4-U5,20,quechua-womens-warm-water-repellent-hiking-leggings-nh500-black-351208-fw25,https://cdn.shopify.com/s/files/1/1330/6287/files/8853000-product_image-p2717933.jpg?v=1755553667,10
3608390940257,5075758,apparel,Leggings,Quechua Women’s NH500 Warm Water-Repellent Hiking Leggings,Quechua Women’s NH500 Warm Water-Repellent Hiking Leggings,W28 L31,Smoked Black,79.99,79.99,USD,en-US,GB-R4-U6,21,quechua-womens-warm-water-repellent-hiking-leggings-nh500-black-351208-fw25,https://cdn.shopify.com/s/files/1/1330/6287/files/8853000-product_image-p2717933.jpg?v=1755553667,10
3608390940264,5075759,apparel,Leggings,Quechua Women’s NH500 Warm Water-Repellent Hiking Leggings,Quechua Women’s NH500 Warm Water-Repellent Hiking Leggings,W30 L29,Smoked Black,79.99,79.99,USD,en-US,GB-R4-U7,14,quechua-womens-warm-water-repellent-hiking-leggings-nh500-black-351208-fw25,https://cdn.shopify.com/s/files/1/1330/6287/files/8853000-product_image-p2717933.jpg?v=1755553667,10
3608390940271,5075760,apparel,Leggings,Quechua Women’s NH500 Warm Water-Repellent Hiking Leggings,Quechua Women’s NH500 Warm Water-Repellent Hiking Leggings,W30 L31,Smoked Black,79.99,79.99,USD,en-US,FR-01,10,quechua-womens-warm-water-repellent-hiking-leggings-nh500-black-351208-fw25,https://cdn.shopify.com/s/files/1/1330/6287/files/8853000-product_image-p2717933.jpg?v=1755553667,10
3608390940295,5075762,apparel,Leggings,Quechua Women’s NH500 Warm Water-Repellent Hiking Leggings,Quechua Women’s NH500 Warm Water-Repellent Hiking Leggings,W33 L31,Smoked Black,79.99,79.99,USD,en-US,FR-02,10,quechua-womens-warm-water-repellent-hiking-leggings-nh500-black-351208-fw25,https://cdn.shopify.com/s/files/1/1330/6287/files/8853000-product_image-p2717933.jpg?v=1755553667,10
3608390940301,5075763,apparel,Leggings,Quechua Women’s NH500 Warm Water-Repellent Hiking Leggings,Quechua Women’s NH500 Warm Water-Repellent Hiking Leggings,W35 L29,Smoked Black,79.99,79.99,USD,en-US,FR-03,14,quechua-womens-warm-water-repellent-hiking-leggings-nh500-black-351208-fw25,https://cdn.shopify.com/s/files/1/1330/6287/files/8853000-product_image-p2717933.jpg?v=1755553667,10
3608390940318,5075764,apparel,Leggings,Quechua Women’s NH500 Warm Water-Repellent Hiking Leggings,Quechua Women’s NH500 Warm Water-Repellent Hiking Leggings,W35 L31,Smoked Black,79.99,79.99,USD,en-US,FR-04,12,quechua-womens-warm-water-repellent-hiking-leggings-nh500-black-351208-fw25,https://cdn.shopify.com/s/files/1/1330/6287/files/8853000-product_image-p2717933.jpg?v=1755553667,10
3608390940325,5075765,apparel,Leggings,Quechua Women’s NH500 Warm Water-Repellent Hiking Leggings,Quechua Women’s NH500 Warm Water-Repellent Hiking Leggings,W39 L29,Smoked Black,79.99,79.99,USD,en-US,GF-R1-U1,11,quechua-womens-warm-water-repellent-hiking-leggings-nh500-black-351208-fw25,https://cdn.shopify.com/s/files/1/1330/6287/files/8853000-product_image-p2717933.jpg?v=1755553667,10
3608390941636,5133984,apparel,Down jacket,Simond Men's MT500 Down Puffer Vest,Simond Men's MT500 Down Puffer Vest,S,Bronze Khaki Green,80.00,80.0,USD,en-US,GF-R1-U2,16,mens-hiking-sleeveless-padded-waistcoat-x-warm,https://cdn.shopify.com/s/files/1/1330/6287/files/8317724-product_image-p2598936.jpg?v=1711969533,22
3608390941643,5133985,apparel,Down jacket,Simond Men's MT500 Down Puffer Vest,Simond Men's MT500 Down Puffer Vest,M,Bronze Khaki Green,80.00,80.0,USD,en-US,GF-R1-U3,17,mens-hiking-sleeveless-padded-waistcoat-x-warm,https://cdn.shopify.com/s/files/1/1330/6287/files/8317724-product_image-p2598936.jpg?v=1711969533,22
3608390941650,5133986,apparel,Down jacket,Simond Men's MT500 Down Puffer Vest,Simond Men's MT500 Down Puffer Vest,L,Bronze Khaki Green,80.00,80.0,USD,en-US,GF-R1-U4,21,mens-hiking-sleeveless-padded-waistcoat-x-warm,https://cdn.shopify.com/s/files/1/1330/6287/files/8317724-product_image-p2598936.jpg?v=1711969533,22
3608390941667,5133987,apparel,Down jacket,Simond Men's MT500 Down Puffer Vest,Simond Men's MT500 Down Puffer Vest,XL,Bronze Khaki Green,80.00,80.0,USD,en-US,GF-R1-U5,14,mens-hiking-sleeveless-padded-waistcoat-x-warm,https://cdn.shopify.com/s/files/1/1330/6287/files/8317724-product_image-p2598936.jpg?v=1711969533,22
3608390941674,5133988,apparel,Down jacket,Simond Men's MT500 Down Puffer Vest,Simond Men's MT500 Down Puffer Vest,2XL,Bronze Khaki Green,80.00,80.0,USD,en-US,GF-R1-U6,16,mens-hiking-sleeveless-padded-waistcoat-x-warm,https://cdn.shopify.com/s/files/1/1330/6287/files/8317724-product_image-p2598936.jpg?v=1711969533,22
3608390941681,5133989,apparel,Down jacket,Simond Men's MT500 Down Puffer Vest,Simond Men's MT500 Down Puffer Vest,3XL,Bronze Khaki Green,80.00,80.0,USD,en-US,GF-R1-U7,18,mens-hiking-sleeveless-padded-waistcoat-x-warm,https://cdn.shopify.com/s/files/1/1330/6287/files/8317724-product_image-p2598936.jpg?v=1711969533,22
3608390941728,5133911,apparel,Down jacket,Simond Women's MT100 Hooded Down Puffer Jacket,Simond Women's MT100 Hooded Down Puffer Jacket,XS,Golden Brown,119.00,119.0,USD,en-US,GF-R2-U1,12,simond-trek-100-23-f-down-packable-puffer-backpacking-jacket-167572,https://cdn.shopify.com/s/files/1/1330/6287/files/8858267-product_image-p2688040_15b806ce-a1f3-4bef-abfb-db3d0c705ad6.jpg?v=1757454981,39
3608390941735,5133912,apparel,Down jacket,Simond Women's MT100 Hooded Down Puffer Jacket,Simond Women's MT100 Hooded Down Puffer Jacket,S,Golden Brown,119.00,119.0,USD,en-US,GF-R2-U2,11,simond-trek-100-23-f-down-packable-puffer-backpacking-jacket-167572,https://cdn.shopify.com/s/files/1/1330/6287/files/8858267-product_image-p2688040_15b806ce-a1f3-4bef-abfb-db3d0c705ad6.jpg?v=1757454981,39
3608390941742,5133913,apparel,Down jacket,Simond Women's MT100 Hooded Down Puffer Jacket,Simond Women's MT100 Hooded Down Puffer Jacket,M,Golden Brown,119.00,119.0,USD,en-US,GF-R2-U3,18,simond-trek-100-23-f-down-packable-puffer-backpacking-jacket-167572,https://cdn.shopify.com/s/files/1/1330/6287/files/8858267-product_image-p2688040_15b806ce-a1f3-4bef-abfb-db3d0c705ad6.jpg?v=1757454981,39
3608390941759,5133914,apparel,Down jacket,Simond Women's MT100 Hooded Down Puffer Jacket,Simond Women's MT100 Hooded Down Puffer Jacket,L,Golden Brown,119.00,119.0,USD,en-US,GF-R2-U4,12,simond-trek-100-23-f-down-packable-puffer-backpacking-jacket-167572,https://cdn.shopify.com/s/files/1/1330/6287/files/8858267-product_image-p2688040_15b806ce-a1f3-4bef-abfb-db3d0c705ad6.jpg?v=1757454981,39
3608390941766,5133915,apparel,Down jacket,Simond Women's MT100 Hooded Down Puffer Jacket,Simond Women's MT100 Hooded Down Puffer Jacket,XL,Golden Brown,119.00,119.0,USD,en-US,GF-R2-U5,13,simond-trek-100-23-f-down-packable-puffer-backpacking-jacket-167572,https://cdn.shopify.com/s/files/1/1330/6287/files/8858267-product_image-p2688040_15b806ce-a1f3-4bef-abfb-db3d0c705ad6.jpg?v=1757454981,39
3608390941773,5133916,apparel,Down jacket,Simond Women's MT100 Hooded Down Puffer Jacket,Simond Women's MT100 Hooded Down Puffer Jacket,2XL,Golden Brown,119.00,119.0,USD,en-US,GF-R2-U6,17,simond-trek-100-23-f-down-packable-puffer-backpacking-jacket-167572,https://cdn.shopify.com/s/files/1/1330/6287/files/8858267-product_image-p2688040_15b806ce-a1f3-4bef-abfb-db3d0c705ad6.jpg?v=1757454981,39
3608390942244,5133887,apparel,Down jacket,Simond Women's MT100 Hooded Down Puffer Jacket,Simond Women's MT100 Hooded Down Puffer Jacket,XS,Asphalt Blue,119.00,119.0,USD,en-US,GF-R2-U7,10,simond-trek-100-23-f-down-packable-puffer-backpacking-jacket-167572,https://cdn.shopify.com/s/files/1/1330/6287/files/8858267-product_image-p2688040_15b806ce-a1f3-4bef-abfb-db3d0c705ad6.jpg?v=1757454981,39
3608390942251,5133888,apparel,Down jacket,Simond Women's MT100 Hooded Down Puffer Jacket,Simond Women's MT100 Hooded Down Puffer Jacket,S,Asphalt Blue,119.00,119.0,USD,en-US,GF-R3-U1,9,simond-trek-100-23-f-down-packable-puffer-backpacking-jacket-167572,https://cdn.shopify.com/s/files/1/1330/6287/files/8858267-product_image-p2688040_15b806ce-a1f3-4bef-abfb-db3d0c705ad6.jpg?v=1757454981,39
3608390942268,5133889,apparel,Down jacket,Simond Women's MT100 Hooded Down Puffer Jacket,Simond Women's MT100 Hooded Down Puffer Jacket,M,Asphalt Blue,119.00,119.0,USD,en-US,GF-R3-U2,18,simond-trek-100-23-f-down-packable-puffer-backpacking-jacket-167572,https://cdn.shopify.com/s/files/1/1330/6287/files/8858267-product_image-p2688040_15b806ce-a1f3-4bef-abfb-db3d0c705ad6.jpg?v=1757454981,39
3608390942275,5133890,apparel,Down jacket,Simond Women's MT100 Hooded Down Puffer Jacket,Simond Women's MT100 Hooded Down Puffer Jacket,L,Asphalt Blue,119.00,119.0,USD,en-US,GF-R3-U3,17,simond-trek-100-23-f-down-packable-puffer-backpacking-jacket-167572,https://cdn.shopify.com/s/files/1/1330/6287/files/8858267-product_image-p2688040_15b806ce-a1f3-4bef-abfb-db3d0c705ad6.jpg?v=1757454981,39
3608390942282,5133891,apparel,Down jacket,Simond Women's MT100 Hooded Down Puffer Jacket,Simond Women's MT100 Hooded Down Puffer Jacket,XL,Asphalt Blue,119.00,119.0,USD,en-US,GF-R3-U4,13,simond-trek-100-23-f-down-packable-puffer-backpacking-jacket-167572,https://cdn.shopify.com/s/files/1/1330/6287/files/8858267-product_image-p2688040_15b806ce-a1f3-4bef-abfb-db3d0c705ad6.jpg?v=1757454981,39
3608390942299,5133892,apparel,Down jacket,Simond Women's MT100 Hooded Down Puffer Jacket,Simond Women's MT100 Hooded Down Puffer Jacket,2XL,Asphalt Blue,119.00,119.0,USD,en-US,GF-R3-U5,12,simond-trek-100-23-f-down-packable-puffer-backpacking-jacket-167572,https://cdn.shopify.com/s/files/1/1330/6287/files/8858267-product_image-p2688040_15b806ce-a1f3-4bef-abfb-db3d0c705ad6.jpg?v=1757454981,39
3608390942305,5133871,apparel,Down jacket,Forclaz Women’s MT100 Down Puffer Jacket,Forclaz Women’s MT100 Down Puffer Jacket,XS,Black,99.00,99.0,USD,en-US,GF-R3-U6,14,forclaz-mountain-backpacking-down-jacket-mt100-335256,https://cdn.shopify.com/s/files/1/1330/6287/files/8858265-product_image-p2688020.jpg?v=1740184320,7
3608390942312,5133872,apparel,Down jacket,Forclaz Women’s MT100 Down Puffer Jacket,Forclaz Women’s MT100 Down Puffer Jacket,S,Black,99.00,99.0,USD,en-US,GF-R3-U7,11,forclaz-mountain-backpacking-down-jacket-mt100-335256,https://cdn.shopify.com/s/files/1/1330/6287/files/8858265-product_image-p2688020.jpg?v=1740184320,7
3608390942329,5133873,apparel,Down jacket,Forclaz Women’s MT100 Down Puffer Jacket,Forclaz Women’s MT100 Down Puffer Jacket,M,Black,99.00,99.0,USD,en-US,GF-R4-U1,10,forclaz-mountain-backpacking-down-jacket-mt100-335256,https://cdn.shopify.com/s/files/1/1330/6287/files/8858265-product_image-p2688020.jpg?v=1740184320,7
3608390942336,5133874,apparel,Down jacket,Forclaz Women’s MT100 Down Puffer Jacket,Forclaz Women’s MT100 Down Puffer Jacket,L,Black,99.00,99.0,USD,en-US,GF-R4-U2,14,forclaz-mountain-backpacking-down-jacket-mt100-335256,https://cdn.shopify.com/s/files/1/1330/6287/files/8858265-product_image-p2688020.jpg?v=1740184320,7
3608390942343,5133875,apparel,Down jacket,Forclaz Women’s MT100 Down Puffer Jacket,Forclaz Women’s MT100 Down Puffer Jacket,XL,Black,99.00,99.0,USD,en-US,GF-R4-U3,17,forclaz-mountain-backpacking-down-jacket-mt100-335256,https://cdn.shopify.com/s/files/1/1330/6287/files/8858265-product_image-p2688020.jpg?v=1740184320,7
3608390942350,5133876,apparel,Down jacket,Forclaz Women’s MT100 Down Puffer Jacket,Forclaz Women’s MT100 Down Puffer Jacket,2XL,Black,99.00,99.0,USD,en-US,GF-R4-U4,18,forclaz-mountain-backpacking-down-jacket-mt100-335256,https://cdn.shopify.com/s/files/1/1330/6287/files/8858265-product_image-p2688020.jpg?v=1740184320,7
3608390942442,5134054,apparel,Down jacket,Simond Men's MT100 Hooded Down Puffer Jacket,Simond Men's MT100 Hooded Down Puffer Jacket,S,Smoked Black,119.00,119.0,USD,en-US,GF-R4-U5,17,simond-mt100-hooded-down-puffer-jacket-167571,https://cdn.shopify.com/s/files/1/1330/6287/files/8858286-product_image-p2688048_dea6fdbb-43f3-4b78-8e1b-94ab328aec0e.jpg?v=1755033808,41
3608390942459,5134055,apparel,Down jacket,Simond Men's MT100 Hooded Down Puffer Jacket,Simond Men's MT100 Hooded Down Puffer Jacket,M,Smoked Black,119.00,119.0,USD,en-US,GF-R4-U6,18,simond-mt100-hooded-down-puffer-jacket-167571,https://cdn.shopify.com/s/files/1/1330/6287/files/8858286-product_image-p2688048_dea6fdbb-43f3-4b78-8e1b-94ab328aec0e.jpg?v=1755033808,41
3608390942466,5134056,apparel,Down jacket,Simond Men's MT100 Hooded Down Puffer Jacket,Simond Men's MT100 Hooded Down Puffer Jacket,L,Smoked Black,119.00,119.0,USD,en-US,GF-R4-U7,15,simond-mt100-hooded-down-puffer-jacket-167571,https://cdn.shopify.com/s/files/1/1330/6287/files/8858286-product_image-p2688048_dea6fdbb-43f3-4b78-8e1b-94ab328aec0e.jpg?v=1755033808,41
3608390942473,5134057,apparel,Down jacket,Simond Men's MT100 Hooded Down Puffer Jacket,Simond Men's MT100 Hooded Down Puffer Jacket,XL,Smoked Black,119.00,119.0,USD,en-US,GB-R1-U1,19,simond-mt100-hooded-down-puffer-jacket-167571,https://cdn.shopify.com/s/files/1/1330/6287/files/8858286-product_image-p2688048_dea6fdbb-43f3-4b78-8e1b-94ab328aec0e.jpg?v=1755033808,41
3608390942480,5134058,apparel,Down jacket,Simond Men's MT100 Hooded Down Puffer Jacket,Simond Men's MT100 Hooded Down Puffer Jacket,2XL,Smoked Black,119.00,119.0,USD,en-US,GB-R1-U2,15,simond-mt100-hooded-down-puffer-jacket-167571,https://cdn.shopify.com/s/files/1/1330/6287/files/8858286-product_image-p2688048_dea6fdbb-43f3-4b78-8e1b-94ab328aec0e.jpg?v=1755033808,41
3608390942497,5134059,apparel,Down jacket,Simond Men's MT100 Hooded Down Puffer Jacket,Simond Men's MT100 Hooded Down Puffer Jacket,3XL,Smoked Black,119.00,119.0,USD,en-US,GB-R1-U3,19,simond-mt100-hooded-down-puffer-jacket-167571,https://cdn.shopify.com/s/files/1/1330/6287/files/8858286-product_image-p2688048_dea6fdbb-43f3-4b78-8e1b-94ab328aec0e.jpg?v=1755033808,41
3608390942503,5133895,apparel,Down jacket,Simond Women's MT100 Hooded Down Puffer Jacket,Simond Women's MT100 Hooded Down Puffer Jacket,XS,Black,60.00,60.0,USD,en-US,GB-R1-U4,20,simond-trek-100-23-f-down-packable-puffer-backpacking-jacket-167572,https://cdn.shopify.com/s/files/1/1330/6287/files/8858267-product_image-p2688040_15b806ce-a1f3-4bef-abfb-db3d0c705ad6.jpg?v=1757454981,39
3608390942510,5133896,apparel,Down jacket,Simond Women's MT100 Hooded Down Puffer Jacket,Simond Women's MT100 Hooded Down Puffer Jacket,S,Black,60.00,60.0,USD,en-US,GB-R1-U5,11,simond-trek-100-23-f-down-packable-puffer-backpacking-jacket-167572,https://cdn.shopify.com/s/files/1/1330/6287/files/8858267-product_image-p2688040_15b806ce-a1f3-4bef-abfb-db3d0c705ad6.jpg?v=1757454981,39
3608390942527,5133897,apparel,Down jacket,Simond Women's MT100 Hooded Down Puffer Jacket,Simond Women's MT100 Hooded Down Puffer Jacket,M,Black,60.00,60.0,USD,en-US,GB-R1-U6,14,simond-trek-100-23-f-down-packable-puffer-backpacking-jacket-167572,https://cdn.shopify.com/s/files/1/1330/6287/files/8858267-product_image-p2688040_15b806ce-a1f3-4bef-abfb-db3d0c705ad6.jpg?v=1757454981,39
3608390942534,5133898,apparel,Down jacket,Simond Women's MT100 Hooded Down Puffer Jacket,Simond Women's MT100 Hooded Down Puffer Jacket,L,Black,60.00,60.0,USD,en-US,GB-R1-U7,12,simond-trek-100-23-f-down-packable-puffer-backpacking-jacket-167572,https://cdn.shopify.com/s/files/1/1330/6287/files/8858267-product_image-p2688040_15b806ce-a1f3-4bef-abfb-db3d0c705ad6.jpg?v=1757454981,39
3608390942541,5133899,apparel,Down jacket,Simond Women's MT100 Hooded Down Puffer Jacket,Simond Women's MT100 Hooded Down Puffer Jacket,XL,Black,60.00,60.0,USD,en-US,GB-R2-U1,15,simond-trek-100-23-f-down-packable-puffer-backpacking-jacket-167572,https://cdn.shopify.com/s/files/1/1330/6287/files/8858267-product_image-p2688040_15b806ce-a1f3-4bef-abfb-db3d0c705ad6.jpg?v=1757454981,39
3608390942558,5133900,apparel,Down jacket,Simond Women's MT100 Hooded Down Puffer Jacket,Simond Women's MT100 Hooded Down Puffer Jacket,2XL,Black,60.00,60.0,USD,en-US,GB-R2-U2,14,simond-trek-100-23-f-down-packable-puffer-backpacking-jacket-167572,https://cdn.shopify.com/s/files/1/1330/6287/files/8858267-product_image-p2688040_15b806ce-a1f3-4bef-abfb-db3d0c705ad6.jpg?v=1757454981,39
3608390942794,5134046,apparel,Down jacket,Simond Men's MT100 Hooded Down Puffer Jacket,Simond Men's MT100 Hooded Down Puffer Jacket,S,Asphalt Blue,119.00,119.0,USD,en-US,GB-R2-U3,20,simond-mt100-hooded-down-puffer-jacket-167571,https://cdn.shopify.com/s/files/1/1330/6287/files/8858286-product_image-p2688048_dea6fdbb-43f3-4b78-8e1b-94ab328aec0e.jpg?v=1755033808,41
3608390944002,5134047,apparel,Down jacket,Simond Men's MT100 Hooded Down Puffer Jacket,Simond Men's MT100 Hooded Down Puffer Jacket,M,Asphalt Blue,119.00,119.0,USD,en-US,GB-R2-U4,14,simond-mt100-hooded-down-puffer-jacket-167571,https://cdn.shopify.com/s/files/1/1330/6287/files/8858286-product_image-p2688048_dea6fdbb-43f3-4b78-8e1b-94ab328aec0e.jpg?v=1755033808,41
3608390944019,5134048,apparel,Down jacket,Simond Men's MT100 Hooded Down Puffer Jacket,Simond Men's MT100 Hooded Down Puffer Jacket,L,Asphalt Blue,119.00,119.0,USD,en-US,GB-R2-U5,13,simond-mt100-hooded-down-puffer-jacket-167571,https://cdn.shopify.com/s/files/1/1330/6287/files/8858286-product_image-p2688048_dea6fdbb-43f3-4b78-8e1b-94ab328aec0e.jpg?v=1755033808,41
3608390944026,5134049,apparel,Down jacket,Simond Men's MT100 Hooded Down Puffer Jacket,Simond Men's MT100 Hooded Down Puffer Jacket,XL,Asphalt Blue,119.00,119.0,USD,en-US,GB-R2-U6,16,simond-mt100-hooded-down-puffer-jacket-167571,https://cdn.shopify.com/s/files/1/1330/6287/files/8858286-product_image-p2688048_dea6fdbb-43f3-4b78-8e1b-94ab328aec0e.jpg?v=1755033808,41
3608390944033,5134050,apparel,Down jacket,Simond Men's MT100 Hooded Down Puffer Jacket,Simond Men's MT100 Hooded Down Puffer Jacket,2XL,Asphalt Blue,119.00,119.0,USD,en-US,GB-R2-U7,11,simond-mt100-hooded-down-puffer-jacket-167571,https://cdn.shopify.com/s/files/1/1330/6287/files/8858286-product_image-p2688048_dea6fdbb-43f3-4b78-8e1b-94ab328aec0e.jpg?v=1755033808,41
3608390944040,5134051,apparel,Down jacket,Simond Men's MT100 Hooded Down Puffer Jacket,Simond Men's MT100 Hooded Down Puffer Jacket,3XL,Asphalt Blue,119.00,119.0,USD,en-US,GB-R3-U1,19,simond-mt100-hooded-down-puffer-jacket-167571,https://cdn.shopify.com/s/files/1/1330/6287/files/8858286-product_image-p2688048_dea6fdbb-43f3-4b78-8e1b-94ab328aec0e.jpg?v=1755033808,41
3608390944514,5134094,apparel,Down jacket,Simond Men's MT500 Hooded Down Puffer Jacket,Simond Men's MT500 Hooded Down Puffer Jacket,S,Black,179.00,179.0,USD,en-US,GB-R3-U2,17,forclaz-mens-mt500-hooded-down-puffer-jacket-331151,https://cdn.shopify.com/s/files/1/1330/6287/files/8666110-product_image-p2920891.jpg?v=1762800025,50
3608390944521,5134095,apparel,Down jacket,Simond Men's MT500 Hooded Down Puffer Jacket,Simond Men's MT500 Hooded Down Puffer Jacket,M,Black,179.00,179.0,USD,en-US,GB-R3-U3,19,forclaz-mens-mt500-hooded-down-puffer-jacket-331151,https://cdn.shopify.com/s/files/1/1330/6287/files/8666110-product_image-p2920891.jpg?v=1762800025,50
3608390944538,5134096,apparel,Down jacket,Simond Men's MT500 Hooded Down Puffer Jacket,Simond Men's MT500 Hooded Down Puffer Jacket,L,Black,179.00,179.0,USD,en-US,GB-R3-U4,19,forclaz-mens-mt500-hooded-down-puffer-jacket-331151,https://cdn.shopify.com/s/files/1/1330/6287/files/8666110-product_image-p2920891.jpg?v=1762800025,50
3608390944545,5134097,apparel,Down jacket,Simond Men's MT500 Hooded Down Puffer Jacket,Simond Men's MT500 Hooded Down Puffer Jacket,XL,Black,179.00,179.0,USD,en-US,GB-R3-U5,10,forclaz-mens-mt500-hooded-down-puffer-jacket-331151,https://cdn.shopify.com/s/files/1/1330/6287/files/8666110-product_image-p2920891.jpg?v=1762800025,50
3608390944552,5134098,apparel,Down jacket,Simond Men's MT500 Hooded Down Puffer Jacket,Simond Men's MT500 Hooded Down Puffer Jacket,2XL,Black,179.00,179.0,USD,en-US,GB-R3-U6,13,forclaz-mens-mt500-hooded-down-puffer-jacket-331151,https://cdn.shopify.com/s/files/1/1330/6287/files/8666110-product_image-p2920891.jpg?v=1762800025,50
3608390944569,5134099,apparel,Down jacket,Simond Men's MT500 Hooded Down Puffer Jacket,Simond Men's MT500 Hooded Down Puffer Jacket,3XL,Black,179.00,179.0,USD,en-US,GB-R3-U7,17,forclaz-mens-mt500-hooded-down-puffer-jacket-331151,https://cdn.shopify.com/s/files/1/1330/6287/files/8666110-product_image-p2920891.jpg?v=1762800025,50
3608390966592,5143875,apparel,Cycling shorts,Van Rysel Women's RCR 3 Cycling Bib Shorts,Van Rysel Women's RCR 3 Cycling Bib Shorts,XS,Smoked Black,109.00,109.0,USD,en-US,GB-R4-U1,9,van-rysel-womens-road-cycling-summer-bib-shorts-racer-3-black-352462,https://cdn.shopify.com/s/files/1/1330/6287/files/8867459-product_image-p2868066.jpg?v=1746556004,10
3608390968800,5143876,apparel,Cycling shorts,Van Rysel Women's RCR 3 Cycling Bib Shorts,Van Rysel Women's RCR 3 Cycling Bib Shorts,S,Smoked Black,109.00,109.0,USD,en-US,GB-R4-U2,18,van-rysel-womens-road-cycling-summer-bib-shorts-racer-3-black-352462,https://cdn.shopify.com/s/files/1/1330/6287/files/8867459-product_image-p2868066.jpg?v=1746556004,10
3608390968817,5143877,apparel,Cycling shorts,Van Rysel Women's RCR 3 Cycling Bib Shorts,Van Rysel Women's RCR 3 Cycling Bib Shorts,L,Smoked Black,109.00,109.0,USD,en-US,GB-R4-U3,18,van-rysel-womens-road-cycling-summer-bib-shorts-racer-3-black-352462,https://cdn.shopify.com/s/files/1/1330/6287/files/8867459-product_image-p2868066.jpg?v=1746556004,10
3608390968824,5143878,apparel,Cycling shorts,Van Rysel Women's RCR 3 Cycling Bib Shorts,Van Rysel Women's RCR 3 Cycling Bib Shorts,M,Smoked Black,109.00,109.0,USD,en-US,GB-R4-U4,11,van-rysel-womens-road-cycling-summer-bib-shorts-racer-3-black-352462,https://cdn.shopify.com/s/files/1/1330/6287/files/8867459-product_image-p2868066.jpg?v=1746556004,10
3608390968855,5143882,apparel,Cycling shorts,Van Rysel Women's RCR 3 Cycling Bib Shorts,Van Rysel Women's RCR 3 Cycling Bib Shorts,XL,Smoked Black,109.00,109.0,USD,en-US,GB-R4-U5,16,van-rysel-womens-road-cycling-summer-bib-shorts-racer-3-black-352462,https://cdn.shopify.com/s/files/1/1330/6287/files/8867459-product_image-p2868066.jpg?v=1746556004,10
3608390988839,5145645,bag_pack,Backpack,Quechua NH100 Arpenaz 30 L Hiking Backpack,Quechua NH100 Arpenaz 30 L Hiking Backpack,30 L,Black,20.00,20.0,USD,en-US,GF-R5-U6,7,quechua-nh-arpenaz-100-30-l-hiking-backpack-301675,https://cdn.shopify.com/s/files/1/1330/6287/files/8871283-product_image-p2562055.jpg?v=1704894734,22
3608390988846,5145647,bag_pack,Backpack,Quechua NH100 Arpenaz 30 L Hiking Backpack,Quechua NH100 Arpenaz 30 L Hiking Backpack,30 L,Dark Petrol Blue,22.00,22.0,USD,en-US,GF-R5-U7,5,quechua-nh-arpenaz-100-30-l-hiking-backpack-301675,https://cdn.shopify.com/s/files/1/1330/6287/files/8871283-product_image-p2562055.jpg?v=1704894734,22
3608391006525,5148115,accessories,Socks,Wedze Adult 500 Merino Wool Ski Socks,Wedze Adult 500 Merino Wool Ski Socks,W5 - 6.5 M5.5 - 5,Royal Blue,24.99,24.99,USD,en-US,ACC-02,22,wedze-adult-merino-wool-ski-socks-500-black-and-yellow-350897-fw25,https://cdn.shopify.com/s/files/1/1330/6287/files/8871616-product_image-p2695623.jpg?v=1755553656,14
3608391006532,5148116,accessories,Socks,Wedze Adult 500 Merino Wool Ski Socks,Wedze Adult 500 Merino Wool Ski Socks,W7.5 - 9 M6 - 7.5,Royal Blue,24.99,24.99,USD,en-US,ACC-03,21,wedze-adult-merino-wool-ski-socks-500-black-and-yellow-350897-fw25,https://cdn.shopify.com/s/files/1/1330/6287/files/8871616-product_image-p2695623.jpg?v=1755553656,14
3608391007362,5102866,apparel,Ski pants,Wedze Men’s 100 Warm Waterproof Snow Pants,Wedze Men’s 100 Warm Waterproof Snow Pants,S,Smoked Black,69.99,69.99,USD,en-US,GB-R4-U6,10,wedze-mens-warm-and-comfortable-ski-pants-snb-100-black-351812-fw25,https://cdn.shopify.com/s/files/1/1330/6287/files/8861301-product_image-p2704585_61d864e5-0128-4a59-b80c-26949d5576a2.jpg?v=1755553704,9
3608391007379,5102867,apparel,Ski pants,Wedze Men’s 100 Warm Waterproof Snow Pants,Wedze Men’s 100 Warm Waterproof Snow Pants,M,Smoked Black,69.99,69.99,USD,en-US,GB-R4-U7,17,wedze-mens-warm-and-comfortable-ski-pants-snb-100-black-351812-fw25,https://cdn.shopify.com/s/files/1/1330/6287/files/8861301-product_image-p2704585_61d864e5-0128-4a59-b80c-26949d5576a2.jpg?v=1755553704,9
3608391007386,5102868,apparel,Ski pants,Wedze Men’s 100 Warm Waterproof Snow Pants,Wedze Men’s 100 Warm Waterproof Snow Pants,L,Smoked Black,69.99,69.99,USD,en-US,FR-01,15,wedze-mens-warm-and-comfortable-ski-pants-snb-100-black-351812-fw25,https://cdn.shopify.com/s/files/1/1330/6287/files/8861301-product_image-p2704585_61d864e5-0128-4a59-b80c-26949d5576a2.jpg?v=1755553704,9
3608391007393,5102869,apparel,Ski pants,Wedze Men’s 100 Warm Waterproof Snow Pants,Wedze Men’s 100 Warm Waterproof Snow Pants,XL,Smoked Black,69.99,69.99,USD,en-US,FR-02,11,wedze-mens-warm-and-comfortable-ski-pants-snb-100-black-351812-fw25,https://cdn.shopify.com/s/files/1/1330/6287/files/8861301-product_image-p2704585_61d864e5-0128-4a59-b80c-26949d5576a2.jpg?v=1755553704,9
3608391008109,5148117,accessories,Socks,Wedze Adult 500 Merino Wool Ski Socks,Wedze Adult 500 Merino Wool Ski Socks,W9.5 - 11 M8 - 9.5,Royal Blue,24.99,24.99,USD,en-US,ACC-04,18,wedze-adult-merino-wool-ski-socks-500-black-and-yellow-350897-fw25,https://cdn.shopify.com/s/files/1/1330/6287/files/8871616-product_image-p2695623.jpg?v=1755553656,14
3608391008116,5148118,accessories,Socks,Wedze Adult 500 Merino Wool Ski Socks,Wedze Adult 500 Merino Wool Ski Socks,M10.5 - 12,Royal Blue,24.99,24.99,USD,en-US,CO-IR,24,wedze-adult-merino-wool-ski-socks-500-black-and-yellow-350897-fw25,https://cdn.shopify.com/s/files/1/1330/6287/files/8871616-product_image-p2695623.jpg?v=1755553656,14
3608391008505,5102870,apparel,Ski pants,Wedze Men’s 100 Warm Waterproof Snow Pants,Wedze Men’s 100 Warm Waterproof Snow Pants,2XL,Smoked Black,69.99,69.99,USD,en-US,FR-03,18,wedze-mens-warm-and-comfortable-ski-pants-snb-100-black-351812-fw25,https://cdn.shopify.com/s/files/1/1330/6287/files/8861301-product_image-p2704585_61d864e5-0128-4a59-b80c-26949d5576a2.jpg?v=1755553704,9
3608391008512,5102871,apparel,Ski pants,Wedze Men’s 100 Warm Waterproof Snow Pants,Wedze Men’s 100 Warm Waterproof Snow Pants,3XL,Smoked Black,69.99,69.99,USD,en-US,FR-04,17,wedze-mens-warm-and-comfortable-ski-pants-snb-100-black-351812-fw25,https://cdn.shopify.com/s/files/1/1330/6287/files/8861301-product_image-p2704585_61d864e5-0128-4a59-b80c-26949d5576a2.jpg?v=1755553704,9
3608391010393,5102873,apparel,Ski pants,Wedze Women’s 100 Warm Waterproof Snow Pants,Wedze Women’s 100 Warm Waterproof Snow Pants,XS - S,Smoked Black,69.99,69.99,USD,en-US,GF-R1-U1,19,wedze-womens-warm-and-comfortable-snowboard-pants-snb-100-black-351748-fw25,https://cdn.shopify.com/s/files/1/1330/6287/files/8861302-product_image-p2708311.jpg?v=1755553699,7
3608391011109,5102874,apparel,Ski pants,Wedze Women’s 100 Warm Waterproof Snow Pants,Wedze Women’s 100 Warm Waterproof Snow Pants,S,Smoked Black,69.99,69.99,USD,en-US,GF-R1-U2,10,wedze-womens-warm-and-comfortable-snowboard-pants-snb-100-black-351748-fw25,https://cdn.shopify.com/s/files/1/1330/6287/files/8861302-product_image-p2708311.jpg?v=1755553699,7
3608391011116,5102875,apparel,Ski pants,Wedze Women’s 100 Warm Waterproof Snow Pants,Wedze Women’s 100 Warm Waterproof Snow Pants,M,Smoked Black,69.99,69.99,USD,en-US,GF-R1-U3,14,wedze-womens-warm-and-comfortable-snowboard-pants-snb-100-black-351748-fw25,https://cdn.shopify.com/s/files/1/1330/6287/files/8861302-product_image-p2708311.jpg?v=1755553699,7
3608391011123,5102876,apparel,Ski pants,Wedze Women’s 100 Warm Waterproof Snow Pants,Wedze Women’s 100 Warm Waterproof Snow Pants,L,Smoked Black,69.99,69.99,USD,en-US,GF-R1-U4,9,wedze-womens-warm-and-comfortable-snowboard-pants-snb-100-black-351748-fw25,https://cdn.shopify.com/s/files/1/1330/6287/files/8861302-product_image-p2708311.jpg?v=1755553699,7
3608391011130,5102877,apparel,Ski pants,Wedze Women’s 100 Warm Waterproof Snow Pants,Wedze Women’s 100 Warm Waterproof Snow Pants,L / XL,Smoked Black,69.99,69.99,USD,en-US,GF-R1-U5,15,wedze-womens-warm-and-comfortable-snowboard-pants-snb-100-black-351748-fw25,https://cdn.shopify.com/s/files/1/1330/6287/files/8861302-product_image-p2708311.jpg?v=1755553699,7
3608391011147,5102878,apparel,Ski pants,Wedze Women’s 100 Warm Waterproof Snow Pants,Wedze Women’s 100 Warm Waterproof Snow Pants,XL,Smoked Black,69.99,69.99,USD,en-US,GF-R1-U6,13,wedze-womens-warm-and-comfortable-snowboard-pants-snb-100-black-351748-fw25,https://cdn.shopify.com/s/files/1/1330/6287/files/8861302-product_image-p2708311.jpg?v=1755553699,7
3608391011154,5102879,apparel,Ski pants,Wedze Women’s 100 Warm Waterproof Snow Pants,Wedze Women’s 100 Warm Waterproof Snow Pants,2XL,Smoked Black,69.99,69.99,USD,en-US,GF-R1-U7,18,wedze-womens-warm-and-comfortable-snowboard-pants-snb-100-black-351748-fw25,https://cdn.shopify.com/s/files/1/1330/6287/files/8861302-product_image-p2708311.jpg?v=1755553699,7
3608391011703,5148874,apparel,Jacket,Wedze Women's 500 Waterproof Ski Jacket,Wedze Women's 500 Waterproof Ski Jacket,S,Ice Blue,149.00,149.0,USD,en-US,GF-R2-U1,13,wedze-womens-warm-and-waterproof-ski-jacket-500-glacier-blue-346390-fw25,https://cdn.shopify.com/s/files/1/1330/6287/files/8807731-product_image-p2611416.jpg?v=1755553619,23
3608391011710,5148875,apparel,Jacket,Wedze Women's 500 Waterproof Ski Jacket,Wedze Women's 500 Waterproof Ski Jacket,M,Ice Blue,149.00,149.0,USD,en-US,GF-R2-U2,16,wedze-womens-warm-and-waterproof-ski-jacket-500-glacier-blue-346390-fw25,https://cdn.shopify.com/s/files/1/1330/6287/files/8807731-product_image-p2611416.jpg?v=1755553619,23
3608391011727,5148876,apparel,Jacket,Wedze Women's 500 Waterproof Ski Jacket,Wedze Women's 500 Waterproof Ski Jacket,L,Ice Blue,149.00,149.0,USD,en-US,GF-R2-U3,9,wedze-womens-warm-and-waterproof-ski-jacket-500-glacier-blue-346390-fw25,https://cdn.shopify.com/s/files/1/1330/6287/files/8807731-product_image-p2611416.jpg?v=1755553619,23
3608391011734,5148877,apparel,Jacket,Wedze Women's 500 Waterproof Ski Jacket,Wedze Women's 500 Waterproof Ski Jacket,XL,Ice Blue,149.00,149.0,USD,en-US,GF-R2-U4,15,wedze-womens-warm-and-waterproof-ski-jacket-500-glacier-blue-346390-fw25,https://cdn.shopify.com/s/files/1/1330/6287/files/8807731-product_image-p2611416.jpg?v=1755553619,23
3608391011741,5148878,apparel,Jacket,Wedze Women's 500 Waterproof Ski Jacket,Wedze Women's 500 Waterproof Ski Jacket,2XL,Ice Blue,149.00,149.0,USD,en-US,GF-R2-U5,13,wedze-womens-warm-and-waterproof-ski-jacket-500-glacier-blue-346390-fw25,https://cdn.shopify.com/s/files/1/1330/6287/files/8807731-product_image-p2611416.jpg?v=1755553619,23
3608391016302,5149470,accessories,Gloves,Wedze Adult 500 Waterproof Ski Gloves,Wedze Adult 500 Waterproof Ski Gloves,S,Smoked Black,49.99,49.99,USD,en-US,GB-R5-U1,16,wedze-adult-warm-ski-gloves-500-black-347696-fw25,https://cdn.shopify.com/s/files/1/1330/6287/files/8871728-product_image-p2910779.jpg?v=1755553636,7
3608391016319,5149471,accessories,Gloves,Wedze Adult 500 Waterproof Ski Gloves,Wedze Adult 500 Waterproof Ski Gloves,M,Smoked Black,49.99,49.99,USD,en-US,GB-R5-U2,16,wedze-adult-warm-ski-gloves-500-black-347696-fw25,https://cdn.shopify.com/s/files/1/1330/6287/files/8871728-product_image-p2910779.jpg?v=1755553636,7
3608391016326,5149472,accessories,Gloves,Wedze Adult 500 Waterproof Ski Gloves,Wedze Adult 500 Waterproof Ski Gloves,L,Smoked Black,49.99,49.99,USD,en-US,GB-R5-U3,22,wedze-adult-warm-ski-gloves-500-black-347696-fw25,https://cdn.shopify.com/s/files/1/1330/6287/files/8871728-product_image-p2910779.jpg?v=1755553636,7
3608391016333,5149473,accessories,Gloves,Wedze Adult 500 Waterproof Ski Gloves,Wedze Adult 500 Waterproof Ski Gloves,XL,Smoked Black,49.99,49.99,USD,en-US,GB-R5-U4,22,wedze-adult-warm-ski-gloves-500-black-347696-fw25,https://cdn.shopify.com/s/files/1/1330/6287/files/8871728-product_image-p2910779.jpg?v=1755553636,7
3608391016340,5149474,accessories,Gloves,Wedze Adult 500 Waterproof Ski Gloves,Wedze Adult 500 Waterproof Ski Gloves,2XL,Smoked Black,49.99,49.99,USD,en-US,GB-R5-U5,14,wedze-adult-warm-ski-gloves-500-black-347696-fw25,https://cdn.shopify.com/s/files/1/1330/6287/files/8871728-product_image-p2910779.jpg?v=1755553636,7
3608391016357,5149475,accessories,Gloves,Wedze Adult 500 Waterproof Ski Gloves,Wedze Adult 500 Waterproof Ski Gloves,3XL,Smoked Black,49.99,49.99,USD,en-US,GB-R5-U6,15,wedze-adult-warm-ski-gloves-500-black-347696-fw25,https://cdn.shopify.com/s/files/1/1330/6287/files/8871728-product_image-p2910779.jpg?v=1755553636,7
3608391021528,5156177,accessories,Socks,Wedze Adult 500 Merino Wool Ski Socks,Wedze Adult 500 Merino Wool Ski Socks,W5 - 6.5 M5.5 - 5,Sun Gold,24.99,24.99,USD,en-US,GB-R5-U7,20,wedze-adult-merino-wool-ski-socks-500-black-and-yellow-350897-fw25,https://cdn.shopify.com/s/files/1/1330/6287/files/8871616-product_image-p2695623.jpg?v=1755553656,14
3608391021535,5156178,accessories,Socks,Wedze Adult 500 Merino Wool Ski Socks,Wedze Adult 500 Merino Wool Ski Socks,W7.5 - 9 M6 - 7.5,Sun Gold,24.99,24.99,USD,en-US,ACC-01,12,wedze-adult-merino-wool-ski-socks-500-black-and-yellow-350897-fw25,https://cdn.shopify.com/s/files/1/1330/6287/files/8871616-product_image-p2695623.jpg?v=1755553656,14
3608391021542,5156179,accessories,Socks,Wedze Adult 500 Merino Wool Ski Socks,Wedze Adult 500 Merino Wool Ski Socks,W9.5 - 11 M8 - 9.5,Sun Gold,24.99,24.99,USD,en-US,ACC-02,24,wedze-adult-merino-wool-ski-socks-500-black-and-yellow-350897-fw25,https://cdn.shopify.com/s/files/1/1330/6287/files/8871616-product_image-p2695623.jpg?v=1755553656,14
3608391021559,5156180,accessories,Socks,Wedze Adult 500 Merino Wool Ski Socks,Wedze Adult 500 Merino Wool Ski Socks,M10.5 - 12,Sun Gold,24.99,24.99,USD,en-US,ACC-03,23,wedze-adult-merino-wool-ski-socks-500-black-and-yellow-350897-fw25,https://cdn.shopify.com/s/files/1/1330/6287/files/8871616-product_image-p2695623.jpg?v=1755553656,14
3608391040338,5158340,apparel,Base layer,Wedze Men’s BL900 Wool Thermal Ski Base Layer Top,Wedze Men’s BL900 Wool Thermal Ski Base Layer Top,XS / S,Smoked Black,99.99,99.99,USD,en-US,GF-R2-U6,21,wedze-mens-breathable-wool-thermal-ski-base-layer-top-bl900-black-306067-fw25,https://cdn.shopify.com/s/files/1/1330/6287/files/8872311-product_image-p2709588.jpg?v=1755553515,6
3608391040345,5158341,apparel,Base layer,Wedze Men’s BL900 Wool Thermal Ski Base Layer Top,Wedze Men’s BL900 Wool Thermal Ski Base Layer Top,M / L,Smoked Black,99.99,99.99,USD,en-US,GF-R2-U7,11,wedze-mens-breathable-wool-thermal-ski-base-layer-top-bl900-black-306067-fw25,https://cdn.shopify.com/s/files/1/1330/6287/files/8872311-product_image-p2709588.jpg?v=1755553515,6
3608391040352,5158342,apparel,Base layer,Wedze Men’s BL900 Wool Thermal Ski Base Layer Top,Wedze Men’s BL900 Wool Thermal Ski Base Layer Top,XL / 2XL,Smoked Black,99.99,99.99,USD,en-US,GF-R3-U1,19,wedze-mens-breathable-wool-thermal-ski-base-layer-top-bl900-black-306067-fw25,https://cdn.shopify.com/s/files/1/1330/6287/files/8872311-product_image-p2709588.jpg?v=1755553515,6
3608391043391,5158776,apparel,Base layer,Wedze Women’s BL900 Merino Wool Ski Base Layer Top,Wedze Women’s BL900 Merino Wool Ski Base Layer Top,2XS / XS,No Dye,99.99,99.99,USD,en-US,GF-R3-U2,14,wedze-womens-seamless-merino-wool-ski-base-layer-top-bl900-beige-pink-306129-fw25,https://cdn.shopify.com/s/files/1/1330/6287/files/8872398-product_image-p2728029.jpg?v=1755553521,7
3608391045005,5158777,apparel,Base layer,Wedze Women’s BL900 Merino Wool Ski Base Layer Top,Wedze Women’s BL900 Merino Wool Ski Base Layer Top,S / M,No Dye,99.99,99.99,USD,en-US,GF-R3-U3,9,wedze-womens-seamless-merino-wool-ski-base-layer-top-bl900-beige-pink-306129-fw25,https://cdn.shopify.com/s/files/1/1330/6287/files/8872398-product_image-p2728029.jpg?v=1755553521,7
3608391045012,5158779,apparel,Base layer,Wedze Women’s BL900 Merino Wool Ski Base Layer Top,Wedze Women’s BL900 Merino Wool Ski Base Layer Top,L / XL,No Dye,99.99,99.99,USD,en-US,GF-R3-U4,19,wedze-womens-seamless-merino-wool-ski-base-layer-top-bl900-beige-pink-306129-fw25,https://cdn.shopify.com/s/files/1/1330/6287/files/8872398-product_image-p2728029.jpg?v=1755553521,7
3608391066031,5165742,apparel,Padded Jacket,Wedze Kids' 100 Waterproof Puffer Ski Jacket,Wedze Kids' 100 Waterproof Puffer Ski Jacket,6 Years,Blue Gray,64.99,64.99,USD,en-US,GF-R3-U5,18,wedze-kids-warm-and-waterproof-padded-ski-jacket-100-warm-blue-325597-fw25,https://cdn.shopify.com/s/files/1/1330/6287/files/8872871-product_image-p2700907.jpg?v=1755553551,9
3608391066048,5165743,apparel,Padded Jacket,Wedze Kids' 100 Waterproof Puffer Ski Jacket,Wedze Kids' 100 Waterproof Puffer Ski Jacket,8 Years,Blue Gray,64.99,64.99,USD,en-US,GF-R3-U6,13,wedze-kids-warm-and-waterproof-padded-ski-jacket-100-warm-blue-325597-fw25,https://cdn.shopify.com/s/files/1/1330/6287/files/8872871-product_image-p2700907.jpg?v=1755553551,9
3608391066055,5165744,apparel,Padded Jacket,Wedze Kids' 100 Waterproof Puffer Ski Jacket,Wedze Kids' 100 Waterproof Puffer Ski Jacket,10 Years,Blue Gray,64.99,64.99,USD,en-US,GF-R3-U7,12,wedze-kids-warm-and-waterproof-padded-ski-jacket-100-warm-blue-325597-fw25,https://cdn.shopify.com/s/files/1/1330/6287/files/8872871-product_image-p2700907.jpg?v=1755553551,9
3608391076252,5166855,apparel,Base layer,Wedze Women’s BL500 Seamless Ski Base Layer Top,Wedze Women’s BL500 Seamless Ski Base Layer Top,S,Smoked Black,49.99,49.99,USD,en-US,GF-R4-U1,10,wedze-womens-comfortable-soft-seamless-base-layer-ski-top-bl-500-pink-black-306128-fw25,https://cdn.shopify.com/s/files/1/1330/6287/files/8873107-product_image-p2708637.jpg?v=1755553518,5
3608391076269,5166856,apparel,Base layer,Wedze Women’s BL500 Seamless Ski Base Layer Top,Wedze Women’s BL500 Seamless Ski Base Layer Top,M,Smoked Black,49.99,49.99,USD,en-US,GF-R4-U2,17,wedze-womens-comfortable-soft-seamless-base-layer-ski-top-bl-500-pink-black-306128-fw25,https://cdn.shopify.com/s/files/1/1330/6287/files/8873107-product_image-p2708637.jpg?v=1755553518,5
3608391076276,5166857,apparel,Base layer,Wedze Women’s BL500 Seamless Ski Base Layer Top,Wedze Women’s BL500 Seamless Ski Base Layer Top,L,Smoked Black,49.99,49.99,USD,en-US,GF-R4-U3,18,wedze-womens-comfortable-soft-seamless-base-layer-ski-top-bl-500-pink-black-306128-fw25,https://cdn.shopify.com/s/files/1/1330/6287/files/8873107-product_image-p2708637.jpg?v=1755553518,5
3608391076283,5166858,apparel,Base layer,Wedze Women’s BL500 Seamless Ski Base Layer Top,Wedze Women’s BL500 Seamless Ski Base Layer Top,XL,Smoked Black,49.99,49.99,USD,en-US,GF-R4-U4,11,wedze-womens-comfortable-soft-seamless-base-layer-ski-top-bl-500-pink-black-306128-fw25,https://cdn.shopify.com/s/files/1/1330/6287/files/8873107-product_image-p2708637.jpg?v=1755553518,5
3608391080921,5174058,apparel,Padded Jacket,Wedze Kids' 100 Waterproof Puffer Ski Jacket,Wedze Kids' 100 Waterproof Puffer Ski Jacket,12 Years,Blue Gray,64.99,64.99,USD,en-US,GF-R4-U5,17,wedze-kids-warm-and-waterproof-padded-ski-jacket-100-warm-blue-325597-fw25,https://cdn.shopify.com/s/files/1/1330/6287/files/8872871-product_image-p2700907.jpg?v=1755553551,9
3608391080938,5174059,apparel,Padded Jacket,Wedze Kids' 100 Waterproof Puffer Ski Jacket,Wedze Kids' 100 Waterproof Puffer Ski Jacket,14 Years,Blue Gray,64.99,64.99,USD,en-US,GF-R4-U6,11,wedze-kids-warm-and-waterproof-padded-ski-jacket-100-warm-blue-325597-fw25,https://cdn.shopify.com/s/files/1/1330/6287/files/8872871-product_image-p2700907.jpg?v=1755553551,9
3608391114015,5177939,footwear,Snow boots,Quechua Women's NH100 Warm Waterproof Mid Snow Hiking Boots,Quechua Women's NH100 Warm Waterproof Mid Snow Hiking Boots,5.5,Smoked Black,49.99,49.99,USD,en-US,GA-01,6,quechua-womens-warm-and-waterproof-snow-hiking-boots-nh100-mid-black-346334-fw25,https://cdn.shopify.com/s/files/1/1330/6287/files/8873835-product_image-p2904938.jpg?v=1755553615,8
3608391114503,5177940,footwear,Snow boots,Quechua Women's NH100 Warm Waterproof Mid Snow Hiking Boots,Quechua Women's NH100 Warm Waterproof Mid Snow Hiking Boots,6.5,Smoked Black,49.99,49.99,USD,en-US,GA-02,7,quechua-womens-warm-and-waterproof-snow-hiking-boots-nh100-mid-black-346334-fw25,https://cdn.shopify.com/s/files/1/1330/6287/files/8873835-product_image-p2904938.jpg?v=1755553615,8
3608391114510,5177941,footwear,Snow boots,Quechua Women's NH100 Warm Waterproof Mid Snow Hiking Boots,Quechua Women's NH100 Warm Waterproof Mid Snow Hiking Boots,7.5,Smoked Black,49.99,49.99,USD,en-US,PW-01,12,quechua-womens-warm-and-waterproof-snow-hiking-boots-nh100-mid-black-346334-fw25,https://cdn.shopify.com/s/files/1/1330/6287/files/8873835-product_image-p2904938.jpg?v=1755553615,8
3608391114527,5177943,footwear,Snow boots,Quechua Women's NH100 Warm Waterproof Mid Snow Hiking Boots,Quechua Women's NH100 Warm Waterproof Mid Snow Hiking Boots,8,Smoked Black,49.99,49.99,USD,en-US,PW-02,10,quechua-womens-warm-and-waterproof-snow-hiking-boots-nh100-mid-black-346334-fw25,https://cdn.shopify.com/s/files/1/1330/6287/files/8873835-product_image-p2904938.jpg?v=1755553615,8
3608391114534,5177944,footwear,Snow boots,Quechua Women's NH100 Warm Waterproof Mid Snow Hiking Boots,Quechua Women's NH100 Warm Waterproof Mid Snow Hiking Boots,9,Smoked Black,49.99,49.99,USD,en-US,PW-03,8,quechua-womens-warm-and-waterproof-snow-hiking-boots-nh100-mid-black-346334-fw25,https://cdn.shopify.com/s/files/1/1330/6287/files/8873835-product_image-p2904938.jpg?v=1755553615,8
3608391114541,5177945,footwear,Snow boots,Quechua Women's NH100 Warm Waterproof Mid Snow Hiking Boots,Quechua Women's NH100 Warm Waterproof Mid Snow Hiking Boots,9.5,Smoked Black,49.99,49.99,USD,en-US,PW-04,7,quechua-womens-warm-and-waterproof-snow-hiking-boots-nh100-mid-black-346334-fw25,https://cdn.shopify.com/s/files/1/1330/6287/files/8873835-product_image-p2904938.jpg?v=1755553615,8
3608391114558,5177946,footwear,Snow boots,Quechua Women's NH100 Warm Waterproof Mid Snow Hiking Boots,Quechua Women's NH100 Warm Waterproof Mid Snow Hiking Boots,10.5,Smoked Black,49.99,49.99,USD,en-US,PW-05,12,quechua-womens-warm-and-waterproof-snow-hiking-boots-nh100-mid-black-346334-fw25,https://cdn.shopify.com/s/files/1/1330/6287/files/8873835-product_image-p2904938.jpg?v=1755553615,8
3608391128661,4865708,accessories,Socks,Quechua SH500 Merino Wool Winter Mid Socks - 2 Pairs,Quechua SH500 Merino Wool Winter Mid Socks - 2 Pairs,3.5 - M6,Asphalt Blue,29.99,29.99,USD,en-US,ACC-04,16,quechua-sh500-merino-wool-winter-mid-socks-2-pairs-347161,https://cdn.shopify.com/s/files/1/1330/6287/files/8803668-product_image-p2746784.jpg?v=1755818946,7
3608391128678,4865709,accessories,Socks,Quechua SH500 Merino Wool Winter Mid Socks - 2 Pairs,Quechua SH500 Merino Wool Winter Mid Socks - 2 Pairs,6.5 - M9,Asphalt Blue,29.99,29.99,USD,en-US,CO-IR,17,quechua-sh500-merino-wool-winter-mid-socks-2-pairs-347161,https://cdn.shopify.com/s/files/1/1330/6287/files/8803668-product_image-p2746784.jpg?v=1755818946,7
3608391128685,4865710,accessories,Socks,Quechua SH500 Merino Wool Winter Mid Socks - 2 Pairs,Quechua SH500 Merino Wool Winter Mid Socks - 2 Pairs,9.5 - M12,Asphalt Blue,29.99,29.99,USD,en-US,GB-R5-U1,23,quechua-sh500-merino-wool-winter-mid-socks-2-pairs-347161,https://cdn.shopify.com/s/files/1/1330/6287/files/8803668-product_image-p2746784.jpg?v=1755818946,7
3608391128692,4865711,accessories,Socks,Quechua SH500 Merino Wool Winter Mid Socks - 2 Pairs,Quechua SH500 Merino Wool Winter Mid Socks - 2 Pairs,13 - M15,Asphalt Blue,29.99,29.99,USD,en-US,GB-R5-U2,19,quechua-sh500-merino-wool-winter-mid-socks-2-pairs-347161,https://cdn.shopify.com/s/files/1/1330/6287/files/8803668-product_image-p2746784.jpg?v=1755818946,7
3608391173609,5189936,apparel,Trousers/pants,Quechua Men’s NH500 Water-Repellent Snow Hiking Pants,Quechua Men’s NH500 Water-Repellent Snow Hiking Pants,W29 L31,Black,89.99,89.99,USD,en-US,GF-R4-U7,19,quechua-mens-warm-water-repellent-snow-hiking-pants-sh500-mountain-324677-fw25,https://cdn.shopify.com/s/files/1/1330/6287/files/8881425-product_image-p2294533.jpg?v=1755553546,9
3608391173616,5189937,apparel,Trousers/pants,Quechua Men’s NH500 Water-Repellent Snow Hiking Pants,Quechua Men’s NH500 Water-Repellent Snow Hiking Pants,W29 L33,Black,89.99,89.99,USD,en-US,GB-R1-U1,20,quechua-mens-warm-water-repellent-snow-hiking-pants-sh500-mountain-324677-fw25,https://cdn.shopify.com/s/files/1/1330/6287/files/8881425-product_image-p2294533.jpg?v=1755553546,9
3608391173906,5189938,apparel,Trousers/pants,Quechua Men’s NH500 Water-Repellent Snow Hiking Pants,Quechua Men’s NH500 Water-Repellent Snow Hiking Pants,W31 L31,Black,89.99,89.99,USD,en-US,GB-R1-U2,11,quechua-mens-warm-water-repellent-snow-hiking-pants-sh500-mountain-324677-fw25,https://cdn.shopify.com/s/files/1/1330/6287/files/8881425-product_image-p2294533.jpg?v=1755553546,9
3608391173913,5189939,apparel,Trousers/pants,Quechua Men’s NH500 Water-Repellent Snow Hiking Pants,Quechua Men’s NH500 Water-Repellent Snow Hiking Pants,W31 L33,Black,89.99,89.99,USD,en-US,GB-R1-U3,13,quechua-mens-warm-water-repellent-snow-hiking-pants-sh500-mountain-324677-fw25,https://cdn.shopify.com/s/files/1/1330/6287/files/8881425-product_image-p2294533.jpg?v=1755553546,9
3608391173920,5189941,apparel,Trousers/pants,Quechua Men’s NH500 Water-Repellent Snow Hiking Pants,Quechua Men’s NH500 Water-Repellent Snow Hiking Pants,W33 L31,Black,89.99,89.99,USD,en-US,GB-R1-U4,21,quechua-mens-warm-water-repellent-snow-hiking-pants-sh500-mountain-324677-fw25,https://cdn.shopify.com/s/files/1/1330/6287/files/8881425-product_image-p2294533.jpg?v=1755553546,9
3608391173937,5189942,apparel,Trousers/pants,Quechua Men’s NH500 Water-Repellent Snow Hiking Pants,Quechua Men’s NH500 Water-Repellent Snow Hiking Pants,W33 L33,Black,89.99,89.99,USD,en-US,GB-R1-U5,21,quechua-mens-warm-water-repellent-snow-hiking-pants-sh500-mountain-324677-fw25,https://cdn.shopify.com/s/files/1/1330/6287/files/8881425-product_image-p2294533.jpg?v=1755553546,9
3608391173944,5189943,apparel,Trousers/pants,Quechua Men’s NH500 Water-Repellent Snow Hiking Pants,Quechua Men’s NH500 Water-Repellent Snow Hiking Pants,W34 L32,Black,89.99,89.99,USD,en-US,GB-R1-U6,15,quechua-mens-warm-water-repellent-snow-hiking-pants-sh500-mountain-324677-fw25,https://cdn.shopify.com/s/files/1/1330/6287/files/8881425-product_image-p2294533.jpg?v=1755553546,9
3608391173951,5189944,apparel,Trousers/pants,Quechua Men’s NH500 Water-Repellent Snow Hiking Pants,Quechua Men’s NH500 Water-Repellent Snow Hiking Pants,W34 L34,Black,89.99,89.99,USD,en-US,GB-R1-U7,21,quechua-mens-warm-water-repellent-snow-hiking-pants-sh500-mountain-324677-fw25,https://cdn.shopify.com/s/files/1/1330/6287/files/8881425-product_image-p2294533.jpg?v=1755553546,9
3608391173968,5189945,apparel,Trousers/pants,Quechua Men’s NH500 Water-Repellent Snow Hiking Pants,Quechua Men’s NH500 Water-Repellent Snow Hiking Pants,W36 L32,Black,89.99,89.99,USD,en-US,GB-R2-U1,10,quechua-mens-warm-water-repellent-snow-hiking-pants-sh500-mountain-324677-fw25,https://cdn.shopify.com/s/files/1/1330/6287/files/8881425-product_image-p2294533.jpg?v=1755553546,9
3608391173975,5189946,apparel,Trousers/pants,Quechua Men’s NH500 Water-Repellent Snow Hiking Pants,Quechua Men’s NH500 Water-Repellent Snow Hiking Pants,W36 L34,Black,89.99,89.99,USD,en-US,GB-R2-U2,19,quechua-mens-warm-water-repellent-snow-hiking-pants-sh500-mountain-324677-fw25,https://cdn.shopify.com/s/files/1/1330/6287/files/8881425-product_image-p2294533.jpg?v=1755553546,9
3608391173999,5189948,apparel,Trousers/pants,Quechua Men’s NH500 Water-Repellent Snow Hiking Pants,Quechua Men’s NH500 Water-Repellent Snow Hiking Pants,W39 L34,Black,89.99,89.99,USD,en-US,GB-R2-U3,20,quechua-mens-warm-water-repellent-snow-hiking-pants-sh500-mountain-324677-fw25,https://cdn.shopify.com/s/files/1/1330/6287/files/8881425-product_image-p2294533.jpg?v=1755553546,9
3608391174002,5189949,apparel,Trousers/pants,Quechua Men’s NH500 Water-Repellent Snow Hiking Pants,Quechua Men’s NH500 Water-Repellent Snow Hiking Pants,W42 L32,Black,89.99,89.99,USD,en-US,GB-R2-U4,16,quechua-mens-warm-water-repellent-snow-hiking-pants-sh500-mountain-324677-fw25,https://cdn.shopify.com/s/files/1/1330/6287/files/8881425-product_image-p2294533.jpg?v=1755553546,9
3608391174019,5189950,apparel,Trousers/pants,Quechua Men’s NH500 Water-Repellent Snow Hiking Pants,Quechua Men’s NH500 Water-Repellent Snow Hiking Pants,W42 L34,Black,89.99,89.99,USD,en-US,GB-R2-U5,14,quechua-mens-warm-water-repellent-snow-hiking-pants-sh500-mountain-324677-fw25,https://cdn.shopify.com/s/files/1/1330/6287/files/8881425-product_image-p2294533.jpg?v=1755553546,9
3608391174026,5189951,apparel,Trousers/pants,Quechua Men’s NH500 Water-Repellent Snow Hiking Pants,Quechua Men’s NH500 Water-Repellent Snow Hiking Pants,W44 L32,Black,89.99,89.99,USD,en-US,GB-R2-U6,9,quechua-mens-warm-water-repellent-snow-hiking-pants-sh500-mountain-324677-fw25,https://cdn.shopify.com/s/files/1/1330/6287/files/8881425-product_image-p2294533.jpg?v=1755553546,9
3608391174033,5189952,apparel,Trousers/pants,Quechua Men’s NH500 Water-Repellent Snow Hiking Pants,Quechua Men’s NH500 Water-Repellent Snow Hiking Pants,W44 L34,Black,89.99,89.99,USD,en-US,GB-R2-U7,16,quechua-mens-warm-water-repellent-snow-hiking-pants-sh500-mountain-324677-fw25,https://cdn.shopify.com/s/files/1/1330/6287/files/8881425-product_image-p2294533.jpg?v=1755553546,9
3608391190002,5034572,apparel,Windbreaker,Kiprun Men's Run 100 Windproof Running & Trail Jacket,Kiprun Men's Run 100 Windproof Running & Trail Jacket,S,Smoked Black,25.00,25.0,USD,en-US,GB-R3-U1,18,kalenji-mens-kiprun-run-100-windproof-running-trail-running-jacket-black-350661,https://cdn.shopify.com/s/files/1/1330/6287/files/8843362-product_image-p2709158.jpg?v=1741974183,6
3608391190019,5034573,apparel,Windbreaker,Kiprun Men's Run 100 Windproof Running & Trail Jacket,Kiprun Men's Run 100 Windproof Running & Trail Jacket,M,Smoked Black,25.00,25.0,USD,en-US,GB-R3-U2,15,kalenji-mens-kiprun-run-100-windproof-running-trail-running-jacket-black-350661,https://cdn.shopify.com/s/files/1/1330/6287/files/8843362-product_image-p2709158.jpg?v=1741974183,6
3608391190026,5034574,apparel,Windbreaker,Kiprun Men's Run 100 Windproof Running & Trail Jacket,Kiprun Men's Run 100 Windproof Running & Trail Jacket,L,Smoked Black,25.00,25.0,USD,en-US,GB-R3-U3,17,kalenji-mens-kiprun-run-100-windproof-running-trail-running-jacket-black-350661,https://cdn.shopify.com/s/files/1/1330/6287/files/8843362-product_image-p2709158.jpg?v=1741974183,6
3608391190033,5034575,apparel,Windbreaker,Kiprun Men's Run 100 Windproof Running & Trail Jacket,Kiprun Men's Run 100 Windproof Running & Trail Jacket,XL,Smoked Black,25.00,25.0,USD,en-US,GB-R3-U4,17,kalenji-mens-kiprun-run-100-windproof-running-trail-running-jacket-black-350661,https://cdn.shopify.com/s/files/1/1330/6287/files/8843362-product_image-p2709158.jpg?v=1741974183,6
3608391190040,5034576,apparel,Windbreaker,Kiprun Men's Run 100 Windproof Running & Trail Jacket,Kiprun Men's Run 100 Windproof Running & Trail Jacket,2XL,Smoked Black,25.00,25.0,USD,en-US,GB-R3-U5,18,kalenji-mens-kiprun-run-100-windproof-running-trail-running-jacket-black-350661,https://cdn.shopify.com/s/files/1/1330/6287/files/8843362-product_image-p2709158.jpg?v=1741974183,6
3608391192648,5203801,apparel,Short-sleeved jersey,Van Rysel Unisex RCR 2 Short-Sleeved Cycling Jersey,Van Rysel Unisex RCR 2 Short-Sleeved Cycling Jersey,M,Deep Sea Turquoise,89.99,89.99,USD,en-US,GB-R3-U6,19,van-rysel-unisex-road-cycling-short-sleeved-summer-jersey-racer-2-337652,https://cdn.shopify.com/s/files/1/1330/6287/files/8733012-product_image-p2647610.jpg?v=1747691352,63
3608391192655,5203802,apparel,Short-sleeved jersey,Van Rysel Unisex RCR 2 Short-Sleeved Cycling Jersey,Van Rysel Unisex RCR 2 Short-Sleeved Cycling Jersey,S,Deep Sea Turquoise,89.99,89.99,USD,en-US,GB-R3-U7,16,van-rysel-unisex-road-cycling-short-sleeved-summer-jersey-racer-2-337652,https://cdn.shopify.com/s/files/1/1330/6287/files/8733012-product_image-p2647610.jpg?v=1747691352,63
3608391192679,5203804,apparel,Short-sleeved jersey,Van Rysel Unisex RCR 2 Short-Sleeved Cycling Jersey,Van Rysel Unisex RCR 2 Short-Sleeved Cycling Jersey,L,Deep Sea Turquoise,89.99,89.99,USD,en-US,GB-R4-U1,12,van-rysel-unisex-road-cycling-short-sleeved-summer-jersey-racer-2-337652,https://cdn.shopify.com/s/files/1/1330/6287/files/8733012-product_image-p2647610.jpg?v=1747691352,63
3608391192686,5203805,apparel,Short-sleeved jersey,Van Rysel Unisex RCR 2 Short-Sleeved Cycling Jersey,Van Rysel Unisex RCR 2 Short-Sleeved Cycling Jersey,XL,Deep Sea Turquoise,89.99,89.99,USD,en-US,GB-R4-U2,17,van-rysel-unisex-road-cycling-short-sleeved-summer-jersey-racer-2-337652,https://cdn.shopify.com/s/files/1/1330/6287/files/8733012-product_image-p2647610.jpg?v=1747691352,63
3608391397081,4850842,apparel,Sweatshirt,Quechua Men's NH500 Hybrid Hiking Sweatshirt,Quechua Men's NH500 Hybrid Hiking Sweatshirt,XL,Smoked Black,69.99,69.99,USD,en-US,GB-R4-U3,17,quechua-mens-hybrid-hiking-sweatshirt-nh500-black-346702-fw25,https://cdn.shopify.com/s/files/1/1330/6287/files/8801260-product_image-p2717957.jpg?v=1755549722,5
3608391405120,4850843,apparel,Sweatshirt,Quechua Men's NH500 Hybrid Hiking Sweatshirt,Quechua Men's NH500 Hybrid Hiking Sweatshirt,2XL,Smoked Black,69.99,69.99,USD,en-US,GB-R4-U4,18,quechua-mens-hybrid-hiking-sweatshirt-nh500-black-346702-fw25,https://cdn.shopify.com/s/files/1/1330/6287/files/8801260-product_image-p2717957.jpg?v=1755549722,5
3608391405144,4850839,apparel,Sweatshirt,Quechua Men's NH500 Hybrid Hiking Sweatshirt,Quechua Men's NH500 Hybrid Hiking Sweatshirt,S,Smoked Black,69.99,69.99,USD,en-US,GB-R4-U5,15,quechua-mens-hybrid-hiking-sweatshirt-nh500-black-346702-fw25,https://cdn.shopify.com/s/files/1/1330/6287/files/8801260-product_image-p2717957.jpg?v=1755549722,5
3608391408411,4850844,apparel,Sweatshirt,Quechua Men's NH500 Hybrid Hiking Sweatshirt,Quechua Men's NH500 Hybrid Hiking Sweatshirt,3XL,Smoked Black,69.99,69.99,USD,en-US,GB-R4-U6,21,quechua-mens-hybrid-hiking-sweatshirt-nh500-black-346702-fw25,https://cdn.shopify.com/s/files/1/1330/6287/files/8801260-product_image-p2717957.jpg?v=1755549722,5
3608391410605,4850840,apparel,Sweatshirt,Quechua Men's NH500 Hybrid Hiking Sweatshirt,Quechua Men's NH500 Hybrid Hiking Sweatshirt,M,Smoked Black,69.99,69.99,USD,en-US,GB-R4-U7,19,quechua-mens-hybrid-hiking-sweatshirt-nh500-black-346702-fw25,https://cdn.shopify.com/s/files/1/1330/6287/files/8801260-product_image-p2717957.jpg?v=1755549722,5
3608391439996,4850841,apparel,Sweatshirt,Quechua Men's NH500 Hybrid Hiking Sweatshirt,Quechua Men's NH500 Hybrid Hiking Sweatshirt,L,Smoked Black,69.99,69.99,USD,en-US,FR-01,10,quechua-mens-hybrid-hiking-sweatshirt-nh500-black-346702-fw25,https://cdn.shopify.com/s/files/1/1330/6287/files/8801260-product_image-p2717957.jpg?v=1755549722,5
3608391451318,4875097,apparel,Down jacket,Simond Men's MT900 Hooded Down Puffer Jacket,Simond Men's MT900 Hooded Down Puffer Jacket,S,Mahogany,249.00,249.0,USD,en-US,FR-02,17,simond-mens-hooded-down-jacket-4-f-mt900-338708-fw25,https://cdn.shopify.com/s/files/1/1330/6287/files/8736478-product_image-p2920890.jpg?v=1758324635,20
3608391451431,4864020,apparel,Trousers/pants,Quechua Women’s NH500 Warm Water Repellent Hiking Pants,Quechua Women’s NH500 Warm Water Repellent Hiking Pants,W29 L31,Smoked Black,119.00,119.0,USD,en-US,FR-03,9,quechua-womens-warm-and-water-repellent-hiking-pants-sh500-black-346913-fw25,https://cdn.shopify.com/s/files/1/1330/6287/files/8802211-product_image-p2717979.jpg?v=1755549725,10
3608391455750,4864027,apparel,Trousers/pants,Quechua Women’s NH500 Warm Water Repellent Hiking Pants,Quechua Women’s NH500 Warm Water Repellent Hiking Pants,W36 L29,Smoked Black,119.00,119.0,USD,en-US,FR-04,21,quechua-womens-warm-and-water-repellent-hiking-pants-sh500-black-346913-fw25,https://cdn.shopify.com/s/files/1/1330/6287/files/8802211-product_image-p2717979.jpg?v=1755549725,10
3608391459772,4864022,apparel,Trousers/pants,Quechua Women’s NH500 Warm Water Repellent Hiking Pants,Quechua Women’s NH500 Warm Water Repellent Hiking Pants,W31 L31,Smoked Black,119.00,119.0,USD,en-US,GF-R1-U1,18,quechua-womens-warm-and-water-repellent-hiking-pants-sh500-black-346913-fw25,https://cdn.shopify.com/s/files/1/1330/6287/files/8802211-product_image-p2717979.jpg?v=1755549725,10
3608391460631,4864016,apparel,Trousers/pants,Quechua Women’s NH500 Warm Water Repellent Hiking Pants,Quechua Women’s NH500 Warm Water Repellent Hiking Pants,W26 L30,Smoked Black,119.00,119.0,USD,en-US,GF-R1-U2,18,quechua-womens-warm-and-water-repellent-hiking-pants-sh500-black-346913-fw25,https://cdn.shopify.com/s/files/1/1330/6287/files/8802211-product_image-p2717979.jpg?v=1755549725,10
3608391463816,4864028,apparel,Trousers/pants,Quechua Women’s NH500 Warm Water Repellent Hiking Pants,Quechua Women’s NH500 Warm Water Repellent Hiking Pants,W36 L31,Smoked Black,119.00,119.0,USD,en-US,GF-R1-U3,15,quechua-womens-warm-and-water-repellent-hiking-pants-sh500-black-346913-fw25,https://cdn.shopify.com/s/files/1/1330/6287/files/8802211-product_image-p2717979.jpg?v=1755549725,10
3608391466046,4864015,apparel,Trousers/pants,Quechua Women’s NH500 Warm Water Repellent Hiking Pants,Quechua Women’s NH500 Warm Water Repellent Hiking Pants,W26 L28,Smoked Black,119.00,119.0,USD,en-US,GF-R1-U4,12,quechua-womens-warm-and-water-repellent-hiking-pants-sh500-black-346913-fw25,https://cdn.shopify.com/s/files/1/1330/6287/files/8802211-product_image-p2717979.jpg?v=1755549725,10
3608391466640,4864019,apparel,Trousers/pants,Quechua Women’s NH500 Warm Water Repellent Hiking Pants,Quechua Women’s NH500 Warm Water Repellent Hiking Pants,W29 L29,Smoked Black,119.00,119.0,USD,en-US,GF-R1-U5,10,quechua-womens-warm-and-water-repellent-hiking-pants-sh500-black-346913-fw25,https://cdn.shopify.com/s/files/1/1330/6287/files/8802211-product_image-p2717979.jpg?v=1755549725,10
3608391469955,4864023,apparel,Trousers/pants,Quechua Women’s NH500 Warm Water Repellent Hiking Pants,Quechua Women’s NH500 Warm Water Repellent Hiking Pants,W33 L29,Smoked Black,119.00,119.0,USD,en-US,GF-R1-U6,20,quechua-womens-warm-and-water-repellent-hiking-pants-sh500-black-346913-fw25,https://cdn.shopify.com/s/files/1/1330/6287/files/8802211-product_image-p2717979.jpg?v=1755549725,10
3608391472542,4875099,apparel,Down jacket,Simond Men's MT900 Hooded Down Puffer Jacket,Simond Men's MT900 Hooded Down Puffer Jacket,L,Mahogany,249.00,249.0,USD,en-US,GF-R1-U7,15,simond-mens-hooded-down-jacket-4-f-mt900-338708-fw25,https://cdn.shopify.com/s/files/1/1330/6287/files/8736478-product_image-p2920890.jpg?v=1758324635,20
3608391474959,4875102,apparel,Down jacket,Simond Men's MT900 Hooded Down Puffer Jacket,Simond Men's MT900 Hooded Down Puffer Jacket,3XL,Mahogany,249.00,249.0,USD,en-US,GF-R2-U1,10,simond-mens-hooded-down-jacket-4-f-mt900-338708-fw25,https://cdn.shopify.com/s/files/1/1330/6287/files/8736478-product_image-p2920890.jpg?v=1758324635,20
3608391476816,4864017,apparel,Trousers/pants,Quechua Women’s NH500 Warm Water Repellent Hiking Pants,Quechua Women’s NH500 Warm Water Repellent Hiking Pants,W28 L28,Smoked Black,119.00,119.0,USD,en-US,GF-R2-U2,20,quechua-womens-warm-and-water-repellent-hiking-pants-sh500-black-346913-fw25,https://cdn.shopify.com/s/files/1/1330/6287/files/8802211-product_image-p2717979.jpg?v=1755549725,10
3608391477356,4875098,apparel,Down jacket,Simond Men's MT900 Hooded Down Puffer Jacket,Simond Men's MT900 Hooded Down Puffer Jacket,M,Mahogany,249.00,249.0,USD,en-US,GF-R2-U3,12,simond-mens-hooded-down-jacket-4-f-mt900-338708-fw25,https://cdn.shopify.com/s/files/1/1330/6287/files/8736478-product_image-p2920890.jpg?v=1758324635,20
3608391485252,4875100,apparel,Down jacket,Simond Men's MT900 Hooded Down Puffer Jacket,Simond Men's MT900 Hooded Down Puffer Jacket,XL,Mahogany,249.00,249.0,USD,en-US,GF-R2-U4,15,simond-mens-hooded-down-jacket-4-f-mt900-338708-fw25,https://cdn.shopify.com/s/files/1/1330/6287/files/8736478-product_image-p2920890.jpg?v=1758324635,20
3608391488765,4884401,apparel,Trousers/pants,Kiprun Men's 100 Warm Running Pants,Kiprun Men's 100 Warm Running Pants,W44 L32,Black,25.00,25.0,USD,en-US,GF-R2-U5,20,mens-kiprun-run-100-warm-running-pants-black-344306-fw25,https://cdn.shopify.com/s/files/1/1330/6287/files/Pant_Warm_100_M_Black_-_8807977_-_000_---_Expires_on_04-07-2032.jpg?v=1757457905,9
3608391493707,4864021,apparel,Trousers/pants,Quechua Women’s NH500 Warm Water Repellent Hiking Pants,Quechua Women’s NH500 Warm Water Repellent Hiking Pants,W31 L29,Smoked Black,119.00,119.0,USD,en-US,GF-R2-U6,18,quechua-womens-warm-and-water-repellent-hiking-pants-sh500-black-346913-fw25,https://cdn.shopify.com/s/files/1/1330/6287/files/8802211-product_image-p2717979.jpg?v=1755549725,10
3608391503970,4864018,apparel,Trousers/pants,Quechua Women’s NH500 Warm Water Repellent Hiking Pants,Quechua Women’s NH500 Warm Water Repellent Hiking Pants,W28 L30,Smoked Black,119.00,119.0,USD,en-US,GF-R2-U7,16,quechua-womens-warm-and-water-repellent-hiking-pants-sh500-black-346913-fw25,https://cdn.shopify.com/s/files/1/1330/6287/files/8802211-product_image-p2717979.jpg?v=1755549725,10
3608391504588,4864024,apparel,Trousers/pants,Quechua Women’s NH500 Warm Water Repellent Hiking Pants,Quechua Women’s NH500 Warm Water Repellent Hiking Pants,W33 L31,Smoked Black,119.00,119.0,USD,en-US,GF-R3-U1,21,quechua-womens-warm-and-water-repellent-hiking-pants-sh500-black-346913-fw25,https://cdn.shopify.com/s/files/1/1330/6287/files/8802211-product_image-p2717979.jpg?v=1755549725,10
3608391504861,4864025,apparel,Trousers/pants,Quechua Women’s NH500 Warm Water Repellent Hiking Pants,Quechua Women’s NH500 Warm Water Repellent Hiking Pants,W34 L29,Smoked Black,119.00,119.0,USD,en-US,GF-R3-U2,17,quechua-womens-warm-and-water-repellent-hiking-pants-sh500-black-346913-fw25,https://cdn.shopify.com/s/files/1/1330/6287/files/8802211-product_image-p2717979.jpg?v=1755549725,10
3608391506582,4875101,apparel,Down jacket,Simond Men's MT900 Hooded Down Puffer Jacket,Simond Men's MT900 Hooded Down Puffer Jacket,2XL,Mahogany,249.00,249.0,USD,en-US,GF-R3-U3,20,simond-mens-hooded-down-jacket-4-f-mt900-338708-fw25,https://cdn.shopify.com/s/files/1/1330/6287/files/8736478-product_image-p2920890.jpg?v=1758324635,20
3608391507206,4864026,apparel,Trousers/pants,Quechua Women’s NH500 Warm Water Repellent Hiking Pants,Quechua Women’s NH500 Warm Water Repellent Hiking Pants,W34 L31,Smoked Black,119.00,119.0,USD,en-US,GF-R3-U4,14,quechua-womens-warm-and-water-repellent-hiking-pants-sh500-black-346913-fw25,https://cdn.shopify.com/s/files/1/1330/6287/files/8802211-product_image-p2717979.jpg?v=1755549725,10
3608391515836,4944657,apparel,Long-sleeved jersey,Van Rysel Unisex RCR 2 Long-Sleeved Fleece-Lined Cycling Jersey,Van Rysel Unisex RCR 2 Long-Sleeved Fleece-Lined Cycling Jersey,L,Snowy White,60.00,60.0,USD,en-US,GF-R3-U5,16,van-rysel-unisex-mid-season-long-sleeved-road-cycling-jersey-racer-2-347689-fw25,https://cdn.shopify.com/s/files/1/1330/6287/files/8819702-product_image-p2993309.jpg?v=1755553630,11
3608391526962,4944656,apparel,Long-sleeved jersey,Van Rysel Unisex RCR 2 Long-Sleeved Fleece-Lined Cycling Jersey,Van Rysel Unisex RCR 2 Long-Sleeved Fleece-Lined Cycling Jersey,S,Snowy White,60.00,60.0,USD,en-US,GF-R3-U6,20,van-rysel-unisex-mid-season-long-sleeved-road-cycling-jersey-racer-2-347689-fw25,https://cdn.shopify.com/s/files/1/1330/6287/files/8819702-product_image-p2993309.jpg?v=1755553630,11
3608391533250,4944658,apparel,Long-sleeved jersey,Van Rysel Unisex RCR 2 Long-Sleeved Fleece-Lined Cycling Jersey,Van Rysel Unisex RCR 2 Long-Sleeved Fleece-Lined Cycling Jersey,M,Snowy White,60.00,60.0,USD,en-US,GF-R3-U7,12,van-rysel-unisex-mid-season-long-sleeved-road-cycling-jersey-racer-2-347689-fw25,https://cdn.shopify.com/s/files/1/1330/6287/files/8819702-product_image-p2993309.jpg?v=1755553630,11
3608391534660,4944659,apparel,Long-sleeved jersey,Van Rysel Unisex RCR 2 Long-Sleeved Fleece-Lined Cycling Jersey,Van Rysel Unisex RCR 2 Long-Sleeved Fleece-Lined Cycling Jersey,XL,Snowy White,60.00,60.0,USD,en-US,GF-R4-U1,17,van-rysel-unisex-mid-season-long-sleeved-road-cycling-jersey-racer-2-347689-fw25,https://cdn.shopify.com/s/files/1/1330/6287/files/8819702-product_image-p2993309.jpg?v=1755553630,11
3608391608521,4954142,accessories,Gloves,Simond Adult MT500 Warm Touchscreen Gloves,Simond Adult MT500 Warm Touchscreen Gloves,S,Graphite Black,34.99,34.99,USD,en-US,GB-R5-U3,18,simond-adults-warm-and-tactile-backpacking-gloves-mt500-black-346762,https://cdn.shopify.com/s/files/1/1330/6287/files/8820390-product_image-p2678195.jpg?v=1758663172,9
3608391608538,4954143,accessories,Gloves,Simond Adult MT500 Warm Touchscreen Gloves,Simond Adult MT500 Warm Touchscreen Gloves,M,Graphite Black,34.99,34.99,USD,en-US,GB-R5-U4,14,simond-adults-warm-and-tactile-backpacking-gloves-mt500-black-346762,https://cdn.shopify.com/s/files/1/1330/6287/files/8820390-product_image-p2678195.jpg?v=1758663172,9
3608391608545,4954144,accessories,Gloves,Simond Adult MT500 Warm Touchscreen Gloves,Simond Adult MT500 Warm Touchscreen Gloves,L,Graphite Black,34.99,34.99,USD,en-US,GB-R5-U5,13,simond-adults-warm-and-tactile-backpacking-gloves-mt500-black-346762,https://cdn.shopify.com/s/files/1/1330/6287/files/8820390-product_image-p2678195.jpg?v=1758663172,9
3608391608552,4954145,accessories,Gloves,Simond Adult MT500 Warm Touchscreen Gloves,Simond Adult MT500 Warm Touchscreen Gloves,XL,Graphite Black,34.99,34.99,USD,en-US,GB-R5-U6,19,simond-adults-warm-and-tactile-backpacking-gloves-mt500-black-346762,https://cdn.shopify.com/s/files/1/1330/6287/files/8820390-product_image-p2678195.jpg?v=1758663172,9
3608391608569,4954146,accessories,Gloves,Simond Adult MT500 Warm Touchscreen Gloves,Simond Adult MT500 Warm Touchscreen Gloves,2XL,Graphite Black,34.99,34.99,USD,en-US,GB-R5-U7,17,simond-adults-warm-and-tactile-backpacking-gloves-mt500-black-346762,https://cdn.shopify.com/s/files/1/1330/6287/files/8820390-product_image-p2678195.jpg?v=1758663172,9
3608391623234,5223932,accessories,Headlamp,Simond HL500 USB 300 Lumen Headlamp,Simond HL500 USB 300 Lumen Headlamp,One Size,Smoked Black,30.00,30.0,USD,en-US,ACC-01,12,simond-rechargeable-headlamp-300-lumens-hl500-usb-v3-turquoise-339061,https://cdn.shopify.com/s/files/1/1330/6287/files/8883094-product_image-p2572902.jpg?v=1744911315,10
3608391625863,5224122,apparel,Jacket,Van Rysel Men's RCR 2 Cycling Winter Jacket,Van Rysel Men's RCR 2 Cycling Winter Jacket,S,Bright Indigo,159.99,159.99,USD,en-US,GF-R4-U2,20,van-rysel-mens-road-cycling-winter-jacket-rcr-2-blue-345268-fw25,https://cdn.shopify.com/s/files/1/1330/6287/files/8883134-product_image-p2993335.jpg?v=1755553604,10
3608391625870,5224123,apparel,Jacket,Van Rysel Men's RCR 2 Cycling Winter Jacket,Van Rysel Men's RCR 2 Cycling Winter Jacket,M,Bright Indigo,159.99,159.99,USD,en-US,GF-R4-U3,18,van-rysel-mens-road-cycling-winter-jacket-rcr-2-blue-345268-fw25,https://cdn.shopify.com/s/files/1/1330/6287/files/8883134-product_image-p2993335.jpg?v=1755553604,10
3608391625887,5224124,apparel,Jacket,Van Rysel Men's RCR 2 Cycling Winter Jacket,Van Rysel Men's RCR 2 Cycling Winter Jacket,XL,Bright Indigo,159.99,159.99,USD,en-US,GF-R4-U4,15,van-rysel-mens-road-cycling-winter-jacket-rcr-2-blue-345268-fw25,https://cdn.shopify.com/s/files/1/1330/6287/files/8883134-product_image-p2993335.jpg?v=1755553604,10
3608391625894,5224125,apparel,Jacket,Van Rysel Men's RCR 2 Cycling Winter Jacket,Van Rysel Men's RCR 2 Cycling Winter Jacket,L,Bright Indigo,159.99,159.99,USD,en-US,GF-R4-U5,10,van-rysel-mens-road-cycling-winter-jacket-rcr-2-blue-345268-fw25,https://cdn.shopify.com/s/files/1/1330/6287/files/8883134-product_image-p2993335.jpg?v=1755553604,10
3608391628598,5224600,outdoor,Home trainer,Van Rysel D100 Home Trainer with Zwift Cog and Click,Van Rysel D100 Home Trainer with Zwift Cog and Click,OS,,299.00,299.0,USD,en-US,GB-R7-U3,1,van-rysel-d100-home-trainer-with-zwift-cog-and-click-355194,https://cdn.shopify.com/s/files/1/1330/6287/files/8883242-product_image-p2769028.jpg?v=1757104613,12
3608391628994,5154029,accessories,Cap,Kiprun V2 Breathable Running Cap,Kiprun V2 Breathable Running Cap,One Size,Snowy White,10.00,10.0,USD,en-US,ACC-02,20,mens-womens-kiprun-v2-running-cap-black-352661,https://cdn.shopify.com/s/files/1/1330/6287/files/8871356-product_image-p2788253.jpg?v=1744325543,21
3608391629502,5154030,accessories,Cap,Kiprun V2 Breathable Running Cap,Kiprun V2 Breathable Running Cap,One Size,Smoked Black,10.00,10.0,USD,en-US,ACC-03,20,mens-womens-kiprun-v2-running-cap-black-352661,https://cdn.shopify.com/s/files/1/1330/6287/files/8871356-product_image-p2788253.jpg?v=1744325543,21
3608391638061,5225492,outdoor,Sleeping bag,Simond MT500 23°F Polyester Sleeping Bag,Simond MT500 23°F Polyester Sleeping Bag,"M / 5'3""–5'6",Dark Sepia,95.00,95.0,USD,en-US,GB-R7-U4,1,simond-us-backpacking-sleeping-bag-mt500-23-f-synthetic-346375,https://cdn.shopify.com/s/files/1/1330/6287/files/SIMONDSACDECOUCHAGEMT5005CNEWPE24-8799902-002---Expireson28-02-2034.jpg?v=1744654398,7
3608391638078,5225493,outdoor,Sleeping bag,Simond MT500 23°F Polyester Sleeping Bag,Simond MT500 23°F Polyester Sleeping Bag,"XL / 6'1""–6'6""",Dark Sepia,95.00,95.0,USD,en-US,GB-R7-U5,1,simond-us-backpacking-sleeping-bag-mt500-23-f-synthetic-346375,https://cdn.shopify.com/s/files/1/1330/6287/files/SIMONDSACDECOUCHAGEMT5005CNEWPE24-8799902-002---Expireson28-02-2034.jpg?v=1744654398,7
3608391638085,5225494,outdoor,Sleeping bag,Simond MT500 23°F Polyester Sleeping Bag,Simond MT500 23°F Polyester Sleeping Bag,"L / 5'7""–6'0""",Dark Sepia,95.00,95.0,USD,en-US,GB-R7-U6,1,simond-us-backpacking-sleeping-bag-mt500-23-f-synthetic-346375,https://cdn.shopify.com/s/files/1/1330/6287/files/SIMONDSACDECOUCHAGEMT5005CNEWPE24-8799902-002---Expireson28-02-2034.jpg?v=1744654398,7
3608391639921,5225506,outdoor,Sleeping bag,Simond MT500 32°F Polyester Sleeping Bag,Simond MT500 32°F Polyester Sleeping Bag,"M / 5'2""–5'6""",Green,80.00,80.0,USD,en-US,GB-R7-U7,1,simond-backpacking-sleeping-bag-mt500-32-f-synthetic-346447,https://cdn.shopify.com/s/files/1/1330/6287/files/8883413-product_image-p2585160.jpg?v=1744325493,6
3608391639938,5225507,outdoor,Sleeping bag,Simond MT500 32°F Polyester Sleeping Bag,Simond MT500 32°F Polyester Sleeping Bag,"XL / 6'1""–6'6""",Green,80.00,80.0,USD,en-US,GB-R8-U1,1,simond-backpacking-sleeping-bag-mt500-32-f-synthetic-346447,https://cdn.shopify.com/s/files/1/1330/6287/files/8883413-product_image-p2585160.jpg?v=1744325493,6
3608391639945,5225508,outdoor,Sleeping bag,Simond MT500 32°F Polyester Sleeping Bag,Simond MT500 32°F Polyester Sleeping Bag,"L / 5'7""–6'0""",Green,80.00,80.0,USD,en-US,GB-R8-U2,2,simond-backpacking-sleeping-bag-mt500-32-f-synthetic-346447,https://cdn.shopify.com/s/files/1/1330/6287/files/8883413-product_image-p2585160.jpg?v=1744325493,6
3608391640293,5225785,outdoor,Inflatable mattress,Forclaz MT500 Air Sleeping Pad - L,Forclaz MT500 Air Sleeping Pad - L,L,Default Color,50.00,50.0,USD,en-US,GB-R8-U3,1,forclaz-mt500-air-mattress-189392,https://cdn.shopify.com/s/files/1/1330/6287/files/8883438-product_image-p2399021.jpg?v=1741976467,9
3608391641023,5225524,outdoor,Sleeping bag,Simond MT500 41°F Polyester Sleeping Bag,Simond MT500 41°F Polyester Sleeping Bag,"L / 5'6""–6'0""",Smoked Black,65.00,65.0,USD,en-US,GB-R8-U4,1,simond-backpacking-sleeping-bag-mt500-41-f-synthetic-346446,https://cdn.shopify.com/s/files/1/1330/6287/files/8883414-product_image-p2585147.jpg?v=1744654367,5
3608391641207,5225525,outdoor,Sleeping bag,Simond MT500 41°F Polyester Sleeping Bag,Simond MT500 41°F Polyester Sleeping Bag,"M / 5'2""–5'5""",Smoked Black,65.00,65.0,USD,en-US,GB-R8-U5,1,simond-backpacking-sleeping-bag-mt500-41-f-synthetic-346446,https://cdn.shopify.com/s/files/1/1330/6287/files/8883414-product_image-p2585147.jpg?v=1744654367,5
3608391641214,5225526,outdoor,Sleeping bag,Simond MT500 41°F Polyester Sleeping Bag,Simond MT500 41°F Polyester Sleeping Bag,"XL / 6'0""–6'6""",Smoked Black,65.00,65.0,USD,en-US,GB-R8-U6,1,simond-backpacking-sleeping-bag-mt500-41-f-synthetic-346446,https://cdn.shopify.com/s/files/1/1330/6287/files/8883414-product_image-p2585147.jpg?v=1744654367,5
3608391641481,5225796,outdoor,Inflatable mattress,Forclaz MT500 Air Sleeping Pad - XL,Forclaz MT500 Air Sleeping Pad - XL,XL,Default Color,55.00,55.0,USD,en-US,GB-R8-U7,2,forclaz-mt500-air-mattress-189394,https://cdn.shopify.com/s/files/1/1330/6287/files/8883439-product_image-p2399021.jpg?v=1718736556,9
3608391647797,5230913,apparel,Parka,Quechua Men’s NH500 Waterproof Winter Parka,Quechua Men’s NH500 Waterproof Winter Parka,S,Asphalt Blue,189.00,189.0,USD,en-US,GF-R4-U6,12,quechua-mens-waterproof-hiking-parka-14-f-nh500-blue-336306-fw25,https://cdn.shopify.com/s/files/1/1330/6287/files/8883628-product_image-p2359972.jpg?v=1755553559,11
3608391648800,5230914,apparel,Parka,Quechua Men’s NH500 Waterproof Winter Parka,Quechua Men’s NH500 Waterproof Winter Parka,M,Asphalt Blue,189.00,189.0,USD,en-US,GF-R4-U7,16,quechua-mens-waterproof-hiking-parka-14-f-nh500-blue-336306-fw25,https://cdn.shopify.com/s/files/1/1330/6287/files/8883628-product_image-p2359972.jpg?v=1755553559,11
3608391648817,5230915,apparel,Parka,Quechua Men’s NH500 Waterproof Winter Parka,Quechua Men’s NH500 Waterproof Winter Parka,L,Asphalt Blue,189.00,189.0,USD,en-US,GB-R1-U1,11,quechua-mens-waterproof-hiking-parka-14-f-nh500-blue-336306-fw25,https://cdn.shopify.com/s/files/1/1330/6287/files/8883628-product_image-p2359972.jpg?v=1755553559,11
3608391648824,5230916,apparel,Parka,Quechua Men’s NH500 Waterproof Winter Parka,Quechua Men’s NH500 Waterproof Winter Parka,XL,Asphalt Blue,189.00,189.0,USD,en-US,GB-R1-U2,14,quechua-mens-waterproof-hiking-parka-14-f-nh500-blue-336306-fw25,https://cdn.shopify.com/s/files/1/1330/6287/files/8883628-product_image-p2359972.jpg?v=1755553559,11
3608391648831,5230917,apparel,Parka,Quechua Men’s NH500 Waterproof Winter Parka,Quechua Men’s NH500 Waterproof Winter Parka,2XL,Asphalt Blue,189.00,189.0,USD,en-US,GB-R1-U3,19,quechua-mens-waterproof-hiking-parka-14-f-nh500-blue-336306-fw25,https://cdn.shopify.com/s/files/1/1330/6287/files/8883628-product_image-p2359972.jpg?v=1755553559,11
3608391648848,5230918,apparel,Parka,Quechua Men’s NH500 Waterproof Winter Parka,Quechua Men’s NH500 Waterproof Winter Parka,3XL,Asphalt Blue,189.00,189.0,USD,en-US,GB-R1-U4,14,quechua-mens-waterproof-hiking-parka-14-f-nh500-blue-336306-fw25,https://cdn.shopify.com/s/files/1/1330/6287/files/8883628-product_image-p2359972.jpg?v=1755553559,11
3608391655297,5154690,apparel,Jacket,Quechua Women’s NH500 Waterproof Hiking Rain Jacket,Quechua Women’s NH500 Waterproof Hiking Rain Jacket,XS,Black,50.00,50.0,USD,en-US,GB-R1-U5,21,quechua-womens-hiking-waterproof-jacket-nh500-green-352547,https://cdn.shopify.com/s/files/1/1330/6287/files/8871469-product_image-p2844202.jpg?v=1746725600,26
3608391655631,5154698,apparel,Jacket,Quechua Women’s NH500 Waterproof Hiking Rain Jacket,Quechua Women’s NH500 Waterproof Hiking Rain Jacket,XS,Cedar,50.00,50.0,USD,en-US,GB-R1-U6,15,quechua-womens-hiking-waterproof-jacket-nh500-green-352547,https://cdn.shopify.com/s/files/1/1330/6287/files/8871469-product_image-p2844202.jpg?v=1746725600,26
3608391655648,5154699,apparel,Jacket,Quechua Women’s NH500 Waterproof Hiking Rain Jacket,Quechua Women’s NH500 Waterproof Hiking Rain Jacket,S,Cedar,50.00,50.0,USD,en-US,GB-R1-U7,11,quechua-womens-hiking-waterproof-jacket-nh500-green-352547,https://cdn.shopify.com/s/files/1/1330/6287/files/8871469-product_image-p2844202.jpg?v=1746725600,26
3608391655655,5154700,apparel,Jacket,Quechua Women’s NH500 Waterproof Hiking Rain Jacket,Quechua Women’s NH500 Waterproof Hiking Rain Jacket,M,Cedar,50.00,50.0,USD,en-US,GB-R2-U1,15,quechua-womens-hiking-waterproof-jacket-nh500-green-352547,https://cdn.shopify.com/s/files/1/1330/6287/files/8871469-product_image-p2844202.jpg?v=1746725600,26
3608391655662,5154701,apparel,Jacket,Quechua Women’s NH500 Waterproof Hiking Rain Jacket,Quechua Women’s NH500 Waterproof Hiking Rain Jacket,L,Cedar,50.00,50.0,USD,en-US,GB-R2-U2,12,quechua-womens-hiking-waterproof-jacket-nh500-green-352547,https://cdn.shopify.com/s/files/1/1330/6287/files/8871469-product_image-p2844202.jpg?v=1746725600,26
3608391655679,5154702,apparel,Jacket,Quechua Women’s NH500 Waterproof Hiking Rain Jacket,Quechua Women’s NH500 Waterproof Hiking Rain Jacket,XL,Cedar,50.00,50.0,USD,en-US,GB-R2-U3,16,quechua-womens-hiking-waterproof-jacket-nh500-green-352547,https://cdn.shopify.com/s/files/1/1330/6287/files/8871469-product_image-p2844202.jpg?v=1746725600,26
3608391655686,5154703,apparel,Jacket,Quechua Women’s NH500 Waterproof Hiking Rain Jacket,Quechua Women’s NH500 Waterproof Hiking Rain Jacket,2XL,Cedar,50.00,50.0,USD,en-US,GB-R2-U4,16,quechua-womens-hiking-waterproof-jacket-nh500-green-352547,https://cdn.shopify.com/s/files/1/1330/6287/files/8871469-product_image-p2844202.jpg?v=1746725600,26
3608391655808,5154692,apparel,Jacket,Quechua Women’s NH500 Waterproof Hiking Rain Jacket,Quechua Women’s NH500 Waterproof Hiking Rain Jacket,S,Black,50.00,50.0,USD,en-US,GB-R2-U5,18,quechua-womens-hiking-waterproof-jacket-nh500-green-352547,https://cdn.shopify.com/s/files/1/1330/6287/files/8871469-product_image-p2844202.jpg?v=1746725600,26
3608391655815,5154693,apparel,Jacket,Quechua Women’s NH500 Waterproof Hiking Rain Jacket,Quechua Women’s NH500 Waterproof Hiking Rain Jacket,M,Black,50.00,50.0,USD,en-US,GB-R2-U6,19,quechua-womens-hiking-waterproof-jacket-nh500-green-352547,https://cdn.shopify.com/s/files/1/1330/6287/files/8871469-product_image-p2844202.jpg?v=1746725600,26
3608391655822,5154694,apparel,Jacket,Quechua Women’s NH500 Waterproof Hiking Rain Jacket,Quechua Women’s NH500 Waterproof Hiking Rain Jacket,L,Black,50.00,50.0,USD,en-US,GB-R2-U7,19,quechua-womens-hiking-waterproof-jacket-nh500-green-352547,https://cdn.shopify.com/s/files/1/1330/6287/files/8871469-product_image-p2844202.jpg?v=1746725600,26
3608391655839,5154695,apparel,Jacket,Quechua Women’s NH500 Waterproof Hiking Rain Jacket,Quechua Women’s NH500 Waterproof Hiking Rain Jacket,XL,Black,50.00,50.0,USD,en-US,GB-R3-U1,20,quechua-womens-hiking-waterproof-jacket-nh500-green-352547,https://cdn.shopify.com/s/files/1/1330/6287/files/8871469-product_image-p2844202.jpg?v=1746725600,26
3608391655846,5154696,apparel,Jacket,Quechua Women’s NH500 Waterproof Hiking Rain Jacket,Quechua Women’s NH500 Waterproof Hiking Rain Jacket,2XL,Black,50.00,50.0,USD,en-US,GB-R3-U2,14,quechua-womens-hiking-waterproof-jacket-nh500-green-352547,https://cdn.shopify.com/s/files/1/1330/6287/files/8871469-product_image-p2844202.jpg?v=1746725600,26
3608391656157,5234350,apparel,Trousers/pants,Quechua Women’s NH100 Water-Repellent Fleece-Lined Winter Hiking Pants,Quechua Women’s NH100 Water-Repellent Fleece-Lined Winter Hiking Pants,W26 L30,Black,35.00,35.0,USD,en-US,GB-R3-U3,21,quechua-womens-sh100-fleece-lined-winter-pants-311957-fw25,https://cdn.shopify.com/s/files/1/1330/6287/files/8884099-product_image-p2583597.jpg?v=1755553529,7
3608391656171,5234352,apparel,Trousers/pants,Quechua Women’s NH100 Water-Repellent Fleece-Lined Winter Hiking Pants,Quechua Women’s NH100 Water-Repellent Fleece-Lined Winter Hiking Pants,W28 L30,Black,35.00,35.0,USD,en-US,GB-R3-U4,21,quechua-womens-sh100-fleece-lined-winter-pants-311957-fw25,https://cdn.shopify.com/s/files/1/1330/6287/files/8884099-product_image-p2583597.jpg?v=1755553529,7
3608391656195,5234354,apparel,Trousers/pants,Quechua Women’s NH100 Water-Repellent Fleece-Lined Winter Hiking Pants,Quechua Women’s NH100 Water-Repellent Fleece-Lined Winter Hiking Pants,W29 L31,Black,35.00,35.0,USD,en-US,GB-R3-U5,18,quechua-womens-sh100-fleece-lined-winter-pants-311957-fw25,https://cdn.shopify.com/s/files/1/1330/6287/files/8884099-product_image-p2583597.jpg?v=1755553529,7
3608391658717,5234356,apparel,Trousers/pants,Quechua Women’s NH100 Water-Repellent Fleece-Lined Winter Hiking Pants,Quechua Women’s NH100 Water-Repellent Fleece-Lined Winter Hiking Pants,W31 L31,Black,35.00,35.0,USD,en-US,GB-R3-U6,12,quechua-womens-sh100-fleece-lined-winter-pants-311957-fw25,https://cdn.shopify.com/s/files/1/1330/6287/files/8884099-product_image-p2583597.jpg?v=1755553529,7
3608391658731,5234358,apparel,Trousers/pants,Quechua Women’s NH100 Water-Repellent Fleece-Lined Winter Hiking Pants,Quechua Women’s NH100 Water-Repellent Fleece-Lined Winter Hiking Pants,W33 L31,Black,35.00,35.0,USD,en-US,GB-R3-U7,19,quechua-womens-sh100-fleece-lined-winter-pants-311957-fw25,https://cdn.shopify.com/s/files/1/1330/6287/files/8884099-product_image-p2583597.jpg?v=1755553529,7
3608391658755,5234360,apparel,Trousers/pants,Quechua Women’s NH100 Water-Repellent Fleece-Lined Winter Hiking Pants,Quechua Women’s NH100 Water-Repellent Fleece-Lined Winter Hiking Pants,W34 L31,Black,35.00,35.0,USD,en-US,GB-R4-U1,20,quechua-womens-sh100-fleece-lined-winter-pants-311957-fw25,https://cdn.shopify.com/s/files/1/1330/6287/files/8884099-product_image-p2583597.jpg?v=1755553529,7
3608391658762,5234361,apparel,Trousers/pants,Quechua Women’s NH100 Water-Repellent Fleece-Lined Winter Hiking Pants,Quechua Women’s NH100 Water-Repellent Fleece-Lined Winter Hiking Pants,W36 L29,Black,35.00,35.0,USD,en-US,GB-R4-U2,10,quechua-womens-sh100-fleece-lined-winter-pants-311957-fw25,https://cdn.shopify.com/s/files/1/1330/6287/files/8884099-product_image-p2583597.jpg?v=1755553529,7
3608391658779,5234362,apparel,Trousers/pants,Quechua Women’s NH100 Water-Repellent Fleece-Lined Winter Hiking Pants,Quechua Women’s NH100 Water-Repellent Fleece-Lined Winter Hiking Pants,W36 L31,Black,35.00,35.0,USD,en-US,GB-R4-U3,16,quechua-womens-sh100-fleece-lined-winter-pants-311957-fw25,https://cdn.shopify.com/s/files/1/1330/6287/files/8884099-product_image-p2583597.jpg?v=1755553529,7
3608391658793,5234364,apparel,Trousers/pants,Quechua Women’s NH100 Water-Repellent Fleece-Lined Winter Hiking Pants,Quechua Women’s NH100 Water-Repellent Fleece-Lined Winter Hiking Pants,W39 L31,Black,35.00,35.0,USD,en-US,GB-R4-U4,19,quechua-womens-sh100-fleece-lined-winter-pants-311957-fw25,https://cdn.shopify.com/s/files/1/1330/6287/files/8884099-product_image-p2583597.jpg?v=1755553529,7
3608391759131,5264481,apparel,Softshell,Simond Men’s MT900 Windproof Softshell Jacket,Simond Men’s MT900 Windproof Softshell Jacket,S,Bronze Brown,95.00,95.0,USD,en-US,GB-R4-U5,12,simond-mens-windwarm-mt900-302018-fw25,https://cdn.shopify.com/s/files/1/1330/6287/files/8891825-product_image-p2688108.jpg?v=1755711894,8
3608391759148,5264482,apparel,Softshell,Simond Men’s MT900 Windproof Softshell Jacket,Simond Men’s MT900 Windproof Softshell Jacket,M,Bronze Brown,95.00,95.0,USD,en-US,GB-R4-U6,17,simond-mens-windwarm-mt900-302018-fw25,https://cdn.shopify.com/s/files/1/1330/6287/files/8891825-product_image-p2688108.jpg?v=1755711894,8
3608391759155,5264483,apparel,Softshell,Simond Men’s MT900 Windproof Softshell Jacket,Simond Men’s MT900 Windproof Softshell Jacket,L,Bronze Brown,95.00,95.0,USD,en-US,GB-R4-U7,10,simond-mens-windwarm-mt900-302018-fw25,https://cdn.shopify.com/s/files/1/1330/6287/files/8891825-product_image-p2688108.jpg?v=1755711894,8
3608391759162,5264484,apparel,Softshell,Simond Men’s MT900 Windproof Softshell Jacket,Simond Men’s MT900 Windproof Softshell Jacket,XL,Bronze Brown,95.00,95.0,USD,en-US,FR-01,21,simond-mens-windwarm-mt900-302018-fw25,https://cdn.shopify.com/s/files/1/1330/6287/files/8891825-product_image-p2688108.jpg?v=1755711894,8
3608391759179,5264485,apparel,Softshell,Simond Men’s MT900 Windproof Softshell Jacket,Simond Men’s MT900 Windproof Softshell Jacket,2XL,Bronze Brown,95.00,95.0,USD,en-US,FR-02,15,simond-mens-windwarm-mt900-302018-fw25,https://cdn.shopify.com/s/files/1/1330/6287/files/8891825-product_image-p2688108.jpg?v=1755711894,8
3608391786144,5276078,apparel,Pullover,Quechua Men's NH500 Half-Zip Hiking Pullover,Quechua Men's NH500 Half-Zip Hiking Pullover,S,Lunar Beige,59.99,59.99,USD,en-US,FR-03,9,quechua-mens-hiking-pullover-nh500-half-zip-green-356314-fw25,https://cdn.shopify.com/s/files/1/1330/6287/files/8946114-product_image-p2939259.jpg?v=1755561596,12
3608391786151,5276079,apparel,Pullover,Quechua Men's NH500 Half-Zip Hiking Pullover,Quechua Men's NH500 Half-Zip Hiking Pullover,L,Lunar Beige,59.99,59.99,USD,en-US,FR-04,17,quechua-mens-hiking-pullover-nh500-half-zip-green-356314-fw25,https://cdn.shopify.com/s/files/1/1330/6287/files/8946114-product_image-p2939259.jpg?v=1755561596,12
3608391786168,5276080,apparel,Pullover,Quechua Men's NH500 Half-Zip Hiking Pullover,Quechua Men's NH500 Half-Zip Hiking Pullover,2XL,Lunar Beige,59.99,59.99,USD,en-US,GF-R1-U1,13,quechua-mens-hiking-pullover-nh500-half-zip-green-356314-fw25,https://cdn.shopify.com/s/files/1/1330/6287/files/8946114-product_image-p2939259.jpg?v=1755561596,12
3608391786175,5276081,apparel,Pullover,Quechua Men's NH500 Half-Zip Hiking Pullover,Quechua Men's NH500 Half-Zip Hiking Pullover,3XL,Lunar Beige,59.99,59.99,USD,en-US,GF-R1-U2,11,quechua-mens-hiking-pullover-nh500-half-zip-green-356314-fw25,https://cdn.shopify.com/s/files/1/1330/6287/files/8946114-product_image-p2939259.jpg?v=1755561596,12
3608391786182,5276082,apparel,Pullover,Quechua Men's NH500 Half-Zip Hiking Pullover,Quechua Men's NH500 Half-Zip Hiking Pullover,XL,Lunar Beige,59.99,59.99,USD,en-US,GF-R1-U3,14,quechua-mens-hiking-pullover-nh500-half-zip-green-356314-fw25,https://cdn.shopify.com/s/files/1/1330/6287/files/8946114-product_image-p2939259.jpg?v=1755561596,12
3608391786199,5276083,apparel,Pullover,Quechua Men's NH500 Half-Zip Hiking Pullover,Quechua Men's NH500 Half-Zip Hiking Pullover,M,Lunar Beige,59.99,59.99,USD,en-US,GF-R1-U4,13,quechua-mens-hiking-pullover-nh500-half-zip-green-356314-fw25,https://cdn.shopify.com/s/files/1/1330/6287/files/8946114-product_image-p2939259.jpg?v=1755561596,12
3608391795962,5283901,apparel,Down jacket,Simond Men's MT100 Down Puffer Jacket,Simond Men's MT100 Down Puffer Jacket,S,Black,99.00,99.0,USD,en-US,GF-R1-U5,17,forclaz-mens-backpacking-down-jacket-266-f-mt100-black-356260-fw25,https://cdn.shopify.com/s/files/1/1330/6287/files/8901459-product_image-p2920889.jpg?v=1755553777,7
3608391795979,5283902,apparel,Down jacket,Simond Men's MT100 Down Puffer Jacket,Simond Men's MT100 Down Puffer Jacket,M,Black,99.00,99.0,USD,en-US,GF-R1-U6,11,forclaz-mens-backpacking-down-jacket-266-f-mt100-black-356260-fw25,https://cdn.shopify.com/s/files/1/1330/6287/files/8901459-product_image-p2920889.jpg?v=1755553777,7
3608391795986,5283903,apparel,Down jacket,Simond Men's MT100 Down Puffer Jacket,Simond Men's MT100 Down Puffer Jacket,L,Black,99.00,99.0,USD,en-US,GF-R1-U7,21,forclaz-mens-backpacking-down-jacket-266-f-mt100-black-356260-fw25,https://cdn.shopify.com/s/files/1/1330/6287/files/8901459-product_image-p2920889.jpg?v=1755553777,7
3608391795993,5283904,apparel,Down jacket,Simond Men's MT100 Down Puffer Jacket,Simond Men's MT100 Down Puffer Jacket,XL,Black,99.00,99.0,USD,en-US,GF-R2-U1,17,forclaz-mens-backpacking-down-jacket-266-f-mt100-black-356260-fw25,https://cdn.shopify.com/s/files/1/1330/6287/files/8901459-product_image-p2920889.jpg?v=1755553777,7
3608391796105,5283905,apparel,Down jacket,Simond Men's MT100 Down Puffer Jacket,Simond Men's MT100 Down Puffer Jacket,2XL,Black,99.00,99.0,USD,en-US,GF-R2-U2,14,forclaz-mens-backpacking-down-jacket-266-f-mt100-black-356260-fw25,https://cdn.shopify.com/s/files/1/1330/6287/files/8901459-product_image-p2920889.jpg?v=1755553777,7
3608391796112,5283906,apparel,Down jacket,Simond Men's MT100 Down Puffer Jacket,Simond Men's MT100 Down Puffer Jacket,3XL,Black,99.00,99.0,USD,en-US,GF-R2-U3,14,forclaz-mens-backpacking-down-jacket-266-f-mt100-black-356260-fw25,https://cdn.shopify.com/s/files/1/1330/6287/files/8901459-product_image-p2920889.jpg?v=1755553777,7
3608391808808,4964922,outdoor,Road bike,Van Rysel RCR-F PRO DURA ACE DI2,Van Rysel RCR-F PRO DURA ACE DI2,XS,Carbon,11599.00,11599.0,USD,en-US,GF-R6-U1,1,van-rysel-rcr-f-pro-dura-ace-di2,https://cdn.shopify.com/s/files/1/1330/6287/files/default_5a91c13f-9016-4884-81fa-4319405fcb3c.jpg?v=1775490860,8
3608391808815,4964923,outdoor,Road bike,Van Rysel RCR-F PRO DURA ACE DI2,Van Rysel RCR-F PRO DURA ACE DI2,S,Carbon,11599.00,11599.0,USD,en-US,GF-R6-U2,2,van-rysel-rcr-f-pro-dura-ace-di2,https://cdn.shopify.com/s/files/1/1330/6287/files/default_5a91c13f-9016-4884-81fa-4319405fcb3c.jpg?v=1775490860,8
3608391808822,4964924,outdoor,Road bike,Van Rysel RCR-F PRO DURA ACE DI2,Van Rysel RCR-F PRO DURA ACE DI2,M,Carbon,11599.00,11599.0,USD,en-US,GF-R6-U3,2,van-rysel-rcr-f-pro-dura-ace-di2,https://cdn.shopify.com/s/files/1/1330/6287/files/default_5a91c13f-9016-4884-81fa-4319405fcb3c.jpg?v=1775490860,8
3608391808839,4964925,outdoor,Road bike,Van Rysel RCR-F PRO DURA ACE DI2,Van Rysel RCR-F PRO DURA ACE DI2,L,Carbon,11599.00,11599.0,USD,en-US,GF-R6-U4,1,van-rysel-rcr-f-pro-dura-ace-di2,https://cdn.shopify.com/s/files/1/1330/6287/files/default_5a91c13f-9016-4884-81fa-4319405fcb3c.jpg?v=1775490860,8
3608391808846,4964926,outdoor,Road bike,Van Rysel RCR-F PRO DURA ACE DI2,Van Rysel RCR-F PRO DURA ACE DI2,XL,Carbon,11599.00,11599.0,USD,en-US,GF-R6-U5,2,van-rysel-rcr-f-pro-dura-ace-di2,https://cdn.shopify.com/s/files/1/1330/6287/files/default_5a91c13f-9016-4884-81fa-4319405fcb3c.jpg?v=1775490860,8
3608391812263,5187528,accessories,Socks,Quechua Kids' Hike 100 Hiking Socks 2-Pack,Quechua Kids' Hike 100 Hiking Socks 2-Pack,10 - M12.5C,Pale Gray,5.00,5.0,USD,en-US,ACC-04,19,quechua-junior-hiking-socks-hike-100-grey-354170,https://cdn.shopify.com/s/files/1/1330/6287/files/8881152-product_image-p2823553.jpg?v=1749836113,8
3608391812287,5187531,accessories,Socks,Quechua Kids' Hike 100 Hiking Socks 2-Pack,Quechua Kids' Hike 100 Hiking Socks 2-Pack,3.5 - M6,Pale Gray,5.00,5.0,USD,en-US,CO-IR,14,quechua-junior-hiking-socks-hike-100-grey-354170,https://cdn.shopify.com/s/files/1/1330/6287/files/8881152-product_image-p2823553.jpg?v=1749836113,8
3608391812522,5187600,accessories,Socks,Quechua Kids’ Hike 500 Crew Hiking Socks 2-Pack,Quechua Kids’ Hike 500 Crew Hiking Socks 2-Pack,10 - M12.5C,Verdigris,10.00,10.0,USD,en-US,GB-R5-U1,15,quechua-junior-high-hiking-socks-hike-500-green-354180,https://cdn.shopify.com/s/files/1/1330/6287/files/8881169-product_image-p2823567.jpg?v=1746484229,9
3608391812539,5187601,accessories,Socks,Quechua Kids’ Hike 500 Crew Hiking Socks 2-Pack,Quechua Kids’ Hike 500 Crew Hiking Socks 2-Pack,13C - M2.5,Verdigris,10.00,10.0,USD,en-US,GB-R5-U2,15,quechua-junior-high-hiking-socks-hike-500-green-354180,https://cdn.shopify.com/s/files/1/1330/6287/files/8881169-product_image-p2823567.jpg?v=1746484229,9
3608391812546,5187602,accessories,Socks,Quechua Kids’ Hike 500 Crew Hiking Socks 2-Pack,Quechua Kids’ Hike 500 Crew Hiking Socks 2-Pack,3.5 - M6,Verdigris,10.00,10.0,USD,en-US,GB-R5-U3,23,quechua-junior-high-hiking-socks-hike-500-green-354180,https://cdn.shopify.com/s/files/1/1330/6287/files/8881169-product_image-p2823567.jpg?v=1746484229,9
3608391817626,5304359,apparel,T-shirt,Simond Men’s Merino Resist Short Sleeve T-Shirt,Simond Men’s Merino Resist Short Sleeve T-Shirt,S,Graphite Grey,54.99,54.99,USD,en-US,GF-R2-U4,14,simond-mens-short-sleeved-t-shirt-merino-resist-brown-356413,https://cdn.shopify.com/s/files/1/1330/6287/files/8902056-product_image-p2871300.jpg?v=1747079013,18
3608391817633,5304360,apparel,T-shirt,Simond Men’s Merino Resist Short Sleeve T-Shirt,Simond Men’s Merino Resist Short Sleeve T-Shirt,M,Graphite Grey,54.99,54.99,USD,en-US,GF-R2-U5,12,simond-mens-short-sleeved-t-shirt-merino-resist-brown-356413,https://cdn.shopify.com/s/files/1/1330/6287/files/8902056-product_image-p2871300.jpg?v=1747079013,18
3608391817640,5304361,apparel,T-shirt,Simond Men’s Merino Resist Short Sleeve T-Shirt,Simond Men’s Merino Resist Short Sleeve T-Shirt,L,Graphite Grey,54.99,54.99,USD,en-US,GF-R2-U6,15,simond-mens-short-sleeved-t-shirt-merino-resist-brown-356413,https://cdn.shopify.com/s/files/1/1330/6287/files/8902056-product_image-p2871300.jpg?v=1747079013,18
3608391817657,5304362,apparel,T-shirt,Simond Men’s Merino Resist Short Sleeve T-Shirt,Simond Men’s Merino Resist Short Sleeve T-Shirt,XL,Graphite Grey,54.99,54.99,USD,en-US,GF-R2-U7,19,simond-mens-short-sleeved-t-shirt-merino-resist-brown-356413,https://cdn.shopify.com/s/files/1/1330/6287/files/8902056-product_image-p2871300.jpg?v=1747079013,18
3608391817664,5304363,apparel,T-shirt,Simond Men’s Merino Resist Short Sleeve T-Shirt,Simond Men’s Merino Resist Short Sleeve T-Shirt,2XL,Graphite Grey,54.99,54.99,USD,en-US,GF-R3-U1,17,simond-mens-short-sleeved-t-shirt-merino-resist-brown-356413,https://cdn.shopify.com/s/files/1/1330/6287/files/8902056-product_image-p2871300.jpg?v=1747079013,18
3608391818722,5304438,accessories,Socks,Quechua NH100 Mid Winter Hiking Socks,Quechua NH100 Mid Winter Hiking Socks,3.5 - M6,Light Gray,10.00,10.0,USD,en-US,GB-R5-U4,22,quechua-mixed-winter-hiking-socks-sh100-mid-grey-356942-fw25,https://cdn.shopify.com/s/files/1/1330/6287/files/8902060-product_image-p2904586.jpg?v=1755553788,12
3608391818739,5304439,accessories,Socks,Quechua NH100 Mid Winter Hiking Socks,Quechua NH100 Mid Winter Hiking Socks,6.5 - M9,Light Gray,10.00,10.0,USD,en-US,GB-R5-U5,12,quechua-mixed-winter-hiking-socks-sh100-mid-grey-356942-fw25,https://cdn.shopify.com/s/files/1/1330/6287/files/8902060-product_image-p2904586.jpg?v=1755553788,12
3608391818746,5304440,accessories,Socks,Quechua NH100 Mid Winter Hiking Socks,Quechua NH100 Mid Winter Hiking Socks,9.5 - M12,Light Gray,10.00,10.0,USD,en-US,GB-R5-U6,17,quechua-mixed-winter-hiking-socks-sh100-mid-grey-356942-fw25,https://cdn.shopify.com/s/files/1/1330/6287/files/8902060-product_image-p2904586.jpg?v=1755553788,12
3608391818753,5304441,accessories,Socks,Quechua NH100 Mid Winter Hiking Socks,Quechua NH100 Mid Winter Hiking Socks,13 - M15,Light Gray,10.00,10.0,USD,en-US,GB-R5-U7,22,quechua-mixed-winter-hiking-socks-sh100-mid-grey-356942-fw25,https://cdn.shopify.com/s/files/1/1330/6287/files/8902060-product_image-p2904586.jpg?v=1755553788,12
3608391819453,5284390,apparel,Long-sleeved t-shirt,Simond Men's Merino Resist Long-Sleeve T-Shirt,Simond Men's Merino Resist Long-Sleeve T-Shirt,S,Dark Sepia,50.00,50.0,USD,en-US,GF-R3-U2,13,simond-mens-long-sleeved-t-shirt-merino-resist-navy-blue-356377,https://cdn.shopify.com/s/files/1/1330/6287/files/8901519-product_image-p2815697.jpg?v=1744157959,14
3608391819477,5284392,apparel,Long-sleeved t-shirt,Simond Men's Merino Resist Long-Sleeve T-Shirt,Simond Men's Merino Resist Long-Sleeve T-Shirt,M,Dark Sepia,50.00,50.0,USD,en-US,GF-R3-U3,17,simond-mens-long-sleeved-t-shirt-merino-resist-navy-blue-356377,https://cdn.shopify.com/s/files/1/1330/6287/files/8901519-product_image-p2815697.jpg?v=1744157959,14
3608391819491,5284394,apparel,Long-sleeved t-shirt,Simond Men's Merino Resist Long-Sleeve T-Shirt,Simond Men's Merino Resist Long-Sleeve T-Shirt,L,Dark Sepia,50.00,50.0,USD,en-US,GF-R3-U4,19,simond-mens-long-sleeved-t-shirt-merino-resist-navy-blue-356377,https://cdn.shopify.com/s/files/1/1330/6287/files/8901519-product_image-p2815697.jpg?v=1744157959,14
3608391819514,5284396,apparel,Long-sleeved t-shirt,Simond Men's Merino Resist Long-Sleeve T-Shirt,Simond Men's Merino Resist Long-Sleeve T-Shirt,XL,Dark Sepia,50.00,50.0,USD,en-US,GF-R3-U5,16,simond-mens-long-sleeved-t-shirt-merino-resist-navy-blue-356377,https://cdn.shopify.com/s/files/1/1330/6287/files/8901519-product_image-p2815697.jpg?v=1744157959,14
3608391819538,5284398,apparel,Long-sleeved t-shirt,Simond Men's Merino Resist Long-Sleeve T-Shirt,Simond Men's Merino Resist Long-Sleeve T-Shirt,2XL,Dark Sepia,50.00,50.0,USD,en-US,GF-R3-U6,19,simond-mens-long-sleeved-t-shirt-merino-resist-navy-blue-356377,https://cdn.shopify.com/s/files/1/1330/6287/files/8901519-product_image-p2815697.jpg?v=1744157959,14
3608391819644,5284370,apparel,Long-sleeved t-shirt,Simond Men's Merino Resist Long-Sleeve T-Shirt,Simond Men's Merino Resist Long-Sleeve T-Shirt,S,Eclipse Blue,45.00,45.0,USD,en-US,GF-R3-U7,11,simond-mens-long-sleeved-t-shirt-merino-resist-navy-blue-356377,https://cdn.shopify.com/s/files/1/1330/6287/files/8901519-product_image-p2815697.jpg?v=1744157959,14
3608391819668,5284372,apparel,Long-sleeved t-shirt,Simond Men's Merino Resist Long-Sleeve T-Shirt,Simond Men's Merino Resist Long-Sleeve T-Shirt,M,Eclipse Blue,45.00,45.0,USD,en-US,GF-R4-U1,9,simond-mens-long-sleeved-t-shirt-merino-resist-navy-blue-356377,https://cdn.shopify.com/s/files/1/1330/6287/files/8901519-product_image-p2815697.jpg?v=1744157959,14
3608391819682,5284374,apparel,Long-sleeved t-shirt,Simond Men's Merino Resist Long-Sleeve T-Shirt,Simond Men's Merino Resist Long-Sleeve T-Shirt,L,Eclipse Blue,45.00,45.0,USD,en-US,GF-R4-U2,11,simond-mens-long-sleeved-t-shirt-merino-resist-navy-blue-356377,https://cdn.shopify.com/s/files/1/1330/6287/files/8901519-product_image-p2815697.jpg?v=1744157959,14
3608391819705,5284376,apparel,Long-sleeved t-shirt,Simond Men's Merino Resist Long-Sleeve T-Shirt,Simond Men's Merino Resist Long-Sleeve T-Shirt,XL,Eclipse Blue,45.00,45.0,USD,en-US,GF-R4-U3,13,simond-mens-long-sleeved-t-shirt-merino-resist-navy-blue-356377,https://cdn.shopify.com/s/files/1/1330/6287/files/8901519-product_image-p2815697.jpg?v=1744157959,14
3608391819729,5284378,apparel,Long-sleeved t-shirt,Simond Men's Merino Resist Long-Sleeve T-Shirt,Simond Men's Merino Resist Long-Sleeve T-Shirt,2XL,Eclipse Blue,45.00,45.0,USD,en-US,GF-R4-U4,16,simond-mens-long-sleeved-t-shirt-merino-resist-navy-blue-356377,https://cdn.shopify.com/s/files/1/1330/6287/files/8901519-product_image-p2815697.jpg?v=1744157959,14
3608391819873,5304380,apparel,T-shirt,Simond Men’s Merino Resist Short Sleeve T-Shirt,Simond Men’s Merino Resist Short Sleeve T-Shirt,S,Dark Sepia,45.00,45.0,USD,en-US,GF-R4-U5,11,simond-mens-short-sleeved-t-shirt-merino-resist-brown-356413,https://cdn.shopify.com/s/files/1/1330/6287/files/8902056-product_image-p2871300.jpg?v=1747079013,18
3608391819880,5304381,apparel,T-shirt,Simond Men’s Merino Resist Short Sleeve T-Shirt,Simond Men’s Merino Resist Short Sleeve T-Shirt,M,Dark Sepia,45.00,45.0,USD,en-US,GF-R4-U6,15,simond-mens-short-sleeved-t-shirt-merino-resist-brown-356413,https://cdn.shopify.com/s/files/1/1330/6287/files/8902056-product_image-p2871300.jpg?v=1747079013,18
3608391819897,5304382,apparel,T-shirt,Simond Men’s Merino Resist Short Sleeve T-Shirt,Simond Men’s Merino Resist Short Sleeve T-Shirt,L,Dark Sepia,45.00,45.0,USD,en-US,GF-R4-U7,17,simond-mens-short-sleeved-t-shirt-merino-resist-brown-356413,https://cdn.shopify.com/s/files/1/1330/6287/files/8902056-product_image-p2871300.jpg?v=1747079013,18
3608391820305,5304383,apparel,T-shirt,Simond Men’s Merino Resist Short Sleeve T-Shirt,Simond Men’s Merino Resist Short Sleeve T-Shirt,XL,Dark Sepia,45.00,45.0,USD,en-US,GB-R1-U1,15,simond-mens-short-sleeved-t-shirt-merino-resist-brown-356413,https://cdn.shopify.com/s/files/1/1330/6287/files/8902056-product_image-p2871300.jpg?v=1747079013,18
3608391820312,5304384,apparel,T-shirt,Simond Men’s Merino Resist Short Sleeve T-Shirt,Simond Men’s Merino Resist Short Sleeve T-Shirt,2XL,Dark Sepia,45.00,45.0,USD,en-US,GB-R1-U2,15,simond-mens-short-sleeved-t-shirt-merino-resist-brown-356413,https://cdn.shopify.com/s/files/1/1330/6287/files/8902056-product_image-p2871300.jpg?v=1747079013,18
3608391820848,5304434,accessories,Socks,Quechua NH100 Mid Winter Hiking Socks,Quechua NH100 Mid Winter Hiking Socks,3.5 - M6,Blue,10.00,10.0,USD,en-US,ACC-01,18,quechua-mixed-winter-hiking-socks-sh100-mid-grey-356942-fw25,https://cdn.shopify.com/s/files/1/1330/6287/files/8902060-product_image-p2904586.jpg?v=1755553788,12
3608391820855,5304435,accessories,Socks,Quechua NH100 Mid Winter Hiking Socks,Quechua NH100 Mid Winter Hiking Socks,6.5 - M9,Blue,10.00,10.0,USD,en-US,ACC-02,21,quechua-mixed-winter-hiking-socks-sh100-mid-grey-356942-fw25,https://cdn.shopify.com/s/files/1/1330/6287/files/8902060-product_image-p2904586.jpg?v=1755553788,12
3608391820862,5304436,accessories,Socks,Quechua NH100 Mid Winter Hiking Socks,Quechua NH100 Mid Winter Hiking Socks,9.5 - M12,Blue,10.00,10.0,USD,en-US,ACC-03,17,quechua-mixed-winter-hiking-socks-sh100-mid-grey-356942-fw25,https://cdn.shopify.com/s/files/1/1330/6287/files/8902060-product_image-p2904586.jpg?v=1755553788,12
3608391820879,5304437,accessories,Socks,Quechua NH100 Mid Winter Hiking Socks,Quechua NH100 Mid Winter Hiking Socks,13 - M15,Blue,10.00,10.0,USD,en-US,ACC-04,16,quechua-mixed-winter-hiking-socks-sh100-mid-grey-356942-fw25,https://cdn.shopify.com/s/files/1/1330/6287/files/8902060-product_image-p2904586.jpg?v=1755553788,12
3608391901912,5319238,apparel,Tank,Kiprun Run 500 Women's Cropped Running Tank Top,Kiprun Run 500 Women's Cropped Running Tank Top,XS,Light Jade,12.00,12.0,USD,en-US,GB-R1-U3,12,womens-running-breathable-cropped-tank-top-kiprun-run-500-340009,https://cdn.shopify.com/s/files/1/1330/6287/files/8903229-product_image-p2789193.jpg?v=1744905268,5
3608391901929,5319239,apparel,Tank,Kiprun Run 500 Women's Cropped Running Tank Top,Kiprun Run 500 Women's Cropped Running Tank Top,S,Light Jade,12.00,12.0,USD,en-US,GB-R1-U4,17,womens-running-breathable-cropped-tank-top-kiprun-run-500-340009,https://cdn.shopify.com/s/files/1/1330/6287/files/8903229-product_image-p2789193.jpg?v=1744905268,5
3608391901936,5319240,apparel,Tank,Kiprun Run 500 Women's Cropped Running Tank Top,Kiprun Run 500 Women's Cropped Running Tank Top,M,Light Jade,12.00,12.0,USD,en-US,GB-R1-U5,16,womens-running-breathable-cropped-tank-top-kiprun-run-500-340009,https://cdn.shopify.com/s/files/1/1330/6287/files/8903229-product_image-p2789193.jpg?v=1744905268,5
3608391901943,5319241,apparel,Tank,Kiprun Run 500 Women's Cropped Running Tank Top,Kiprun Run 500 Women's Cropped Running Tank Top,L,Light Jade,12.00,12.0,USD,en-US,GB-R1-U6,17,womens-running-breathable-cropped-tank-top-kiprun-run-500-340009,https://cdn.shopify.com/s/files/1/1330/6287/files/8903229-product_image-p2789193.jpg?v=1744905268,5
3608391901950,5319242,apparel,Tank,Kiprun Run 500 Women's Cropped Running Tank Top,Kiprun Run 500 Women's Cropped Running Tank Top,XL,Light Jade,12.00,12.0,USD,en-US,GB-R1-U7,10,womens-running-breathable-cropped-tank-top-kiprun-run-500-340009,https://cdn.shopify.com/s/files/1/1330/6287/files/8903229-product_image-p2789193.jpg?v=1744905268,5
3608391903657,5326039,outdoor,Road bike,Van Rysel RCR-F Pro Dura-Ace Di2 Team Edition,Van Rysel RCR-F Pro Dura-Ace Di2 Team Edition,XS,Blue,11999.00,11999.0,USD,en-US,GF-R6-U6,3,van-rysel-road-bike-shimano-dura-ace-di2-12v-rcr-f-pro-ag2r-la-mondiale-357753,https://cdn.shopify.com/s/files/1/1330/6287/files/RCRF2_DURA_ACE_DI2_PWR_TEAM_25_PE25_AH25_-_8826383_8911244_-_001_---_Expires_on_10-12-2033.jpg?v=1759987221,18
3608391903664,5326040,outdoor,Road bike,Van Rysel RCR-F Pro Dura-Ace Di2 Team Edition,Van Rysel RCR-F Pro Dura-Ace Di2 Team Edition,S,Blue,11999.00,11999.0,USD,en-US,GF-R6-U7,1,van-rysel-road-bike-shimano-dura-ace-di2-12v-rcr-f-pro-ag2r-la-mondiale-357753,https://cdn.shopify.com/s/files/1/1330/6287/files/RCRF2_DURA_ACE_DI2_PWR_TEAM_25_PE25_AH25_-_8826383_8911244_-_001_---_Expires_on_10-12-2033.jpg?v=1759987221,18
3608391903671,5326041,outdoor,Road bike,Van Rysel RCR-F Pro Dura-Ace Di2 Team Edition,Van Rysel RCR-F Pro Dura-Ace Di2 Team Edition,M,Blue,11999.00,11999.0,USD,en-US,GF-R7-U1,1,van-rysel-road-bike-shimano-dura-ace-di2-12v-rcr-f-pro-ag2r-la-mondiale-357753,https://cdn.shopify.com/s/files/1/1330/6287/files/RCRF2_DURA_ACE_DI2_PWR_TEAM_25_PE25_AH25_-_8826383_8911244_-_001_---_Expires_on_10-12-2033.jpg?v=1759987221,18
3608391903688,5326042,outdoor,Road bike,Van Rysel RCR-F Pro Dura-Ace Di2 Team Edition,Van Rysel RCR-F Pro Dura-Ace Di2 Team Edition,L,Blue,11999.00,11999.0,USD,en-US,GF-R7-U2,2,van-rysel-road-bike-shimano-dura-ace-di2-12v-rcr-f-pro-ag2r-la-mondiale-357753,https://cdn.shopify.com/s/files/1/1330/6287/files/RCRF2_DURA_ACE_DI2_PWR_TEAM_25_PE25_AH25_-_8826383_8911244_-_001_---_Expires_on_10-12-2033.jpg?v=1759987221,18
3608391903695,5326043,outdoor,Road bike,Van Rysel RCR-F Pro Dura-Ace Di2 Team Edition,Van Rysel RCR-F Pro Dura-Ace Di2 Team Edition,XL,Blue,11999.00,11999.0,USD,en-US,GF-R7-U3,1,van-rysel-road-bike-shimano-dura-ace-di2-12v-rcr-f-pro-ag2r-la-mondiale-357753,https://cdn.shopify.com/s/files/1/1330/6287/files/RCRF2_DURA_ACE_DI2_PWR_TEAM_25_PE25_AH25_-_8826383_8911244_-_001_---_Expires_on_10-12-2033.jpg?v=1759987221,18
3608391904548,5326034,outdoor,Road bike,Van Rysel RCR-F Pro Ultegra Di2,Van Rysel RCR-F Pro Ultegra Di2,XS,Electric Purple,7499.00,7499.0,USD,en-US,GF-R7-U4,2,van-rysel-rcr-f-pro-ultegra-di2-357578,https://cdn.shopify.com/s/files/1/1330/6287/files/VAN_RYSEL_RCRF2_PRO_ULTEGRA_DI2_PWR_PURPLE_FLOW_PE25_-_8892050_8913526_-_001_-_-_Expires_on_24-03-2035.jpg?v=1760089074,15
3608391904555,5326035,outdoor,Road bike,Van Rysel RCR-F Pro Ultegra Di2,Van Rysel RCR-F Pro Ultegra Di2,S,Electric Purple,7499.00,7499.0,USD,en-US,GF-R7-U5,2,van-rysel-rcr-f-pro-ultegra-di2-357578,https://cdn.shopify.com/s/files/1/1330/6287/files/VAN_RYSEL_RCRF2_PRO_ULTEGRA_DI2_PWR_PURPLE_FLOW_PE25_-_8892050_8913526_-_001_-_-_Expires_on_24-03-2035.jpg?v=1760089074,15
3608391904562,5326036,outdoor,Road bike,Van Rysel RCR-F Pro Ultegra Di2,Van Rysel RCR-F Pro Ultegra Di2,M,Electric Purple,7499.00,7499.0,USD,en-US,GF-R7-U6,3,van-rysel-rcr-f-pro-ultegra-di2-357578,https://cdn.shopify.com/s/files/1/1330/6287/files/VAN_RYSEL_RCRF2_PRO_ULTEGRA_DI2_PWR_PURPLE_FLOW_PE25_-_8892050_8913526_-_001_-_-_Expires_on_24-03-2035.jpg?v=1760089074,15
3608391904579,5326037,outdoor,Road bike,Van Rysel RCR-F Pro Ultegra Di2,Van Rysel RCR-F Pro Ultegra Di2,L,Electric Purple,7499.00,7499.0,USD,en-US,GF-R7-U7,2,van-rysel-rcr-f-pro-ultegra-di2-357578,https://cdn.shopify.com/s/files/1/1330/6287/files/VAN_RYSEL_RCRF2_PRO_ULTEGRA_DI2_PWR_PURPLE_FLOW_PE25_-_8892050_8913526_-_001_-_-_Expires_on_24-03-2035.jpg?v=1760089074,15
3608391904586,5326038,outdoor,Road bike,Van Rysel RCR-F Pro Ultegra Di2,Van Rysel RCR-F Pro Ultegra Di2,XL,Electric Purple,7499.00,7499.0,USD,en-US,GF-R8-U1,1,van-rysel-rcr-f-pro-ultegra-di2-357578,https://cdn.shopify.com/s/files/1/1330/6287/files/VAN_RYSEL_RCRF2_PRO_ULTEGRA_DI2_PWR_PURPLE_FLOW_PE25_-_8892050_8913526_-_001_-_-_Expires_on_24-03-2035.jpg?v=1760089074,15
3608391913076,5334290,apparel,Jacket,Quechua Women's MH500 Lightweight Waterproof Hiking Jacket,Quechua Women's MH500 Lightweight Waterproof Hiking Jacket,S,Deep Sea Turquoise,149.00,149.0,USD,en-US,GB-R2-U1,11,quechua-womens-hiking-jacket-mh500-green-357759,https://cdn.shopify.com/s/files/1/1330/6287/files/8911403-product_image-p2860387.jpg?v=1746484294,29
3608391913793,5334356,accessories,Water bag,Kiprun 10L Running Hydration Vest -  1L Water Bladder Included,Kiprun 10L Running Hydration Vest -  1L Water Bladder Included,XS / S,Smoked Black,145.00,145.0,USD,en-US,CO-IR,14,kiprun-bag-900-unisex-trail-running-10-l-bag-black-312087,https://cdn.shopify.com/s/files/1/1330/6287/files/8911422-product_image-p2806393_e62a8e42-0111-42e9-ac26-e1385a02ff90.jpg?v=1747270540,25
3608391914301,5334293,apparel,Jacket,Quechua Women's MH500 Lightweight Waterproof Hiking Jacket,Quechua Women's MH500 Lightweight Waterproof Hiking Jacket,M,Deep Sea Turquoise,149.00,149.0,USD,en-US,GB-R2-U2,13,quechua-womens-hiking-jacket-mh500-green-357759,https://cdn.shopify.com/s/files/1/1330/6287/files/8911403-product_image-p2860387.jpg?v=1746484294,29
3608391914318,5334294,apparel,Jacket,Quechua Women's MH500 Lightweight Waterproof Hiking Jacket,Quechua Women's MH500 Lightweight Waterproof Hiking Jacket,L,Deep Sea Turquoise,149.00,149.0,USD,en-US,GB-R2-U3,10,quechua-womens-hiking-jacket-mh500-green-357759,https://cdn.shopify.com/s/files/1/1330/6287/files/8911403-product_image-p2860387.jpg?v=1746484294,29
3608391914325,5334295,apparel,Jacket,Quechua Women's MH500 Lightweight Waterproof Hiking Jacket,Quechua Women's MH500 Lightweight Waterproof Hiking Jacket,XL,Deep Sea Turquoise,149.00,149.0,USD,en-US,GB-R2-U4,12,quechua-womens-hiking-jacket-mh500-green-357759,https://cdn.shopify.com/s/files/1/1330/6287/files/8911403-product_image-p2860387.jpg?v=1746484294,29
3608391914332,5334296,apparel,Jacket,Quechua Women's MH500 Lightweight Waterproof Hiking Jacket,Quechua Women's MH500 Lightweight Waterproof Hiking Jacket,2XL,Deep Sea Turquoise,149.00,149.0,USD,en-US,GB-R2-U5,17,quechua-womens-hiking-jacket-mh500-green-357759,https://cdn.shopify.com/s/files/1/1330/6287/files/8911403-product_image-p2860387.jpg?v=1746484294,29
3608391914622,5334358,accessories,Water bag,Kiprun 10L Running Hydration Vest -  1L Water Bladder Included,Kiprun 10L Running Hydration Vest -  1L Water Bladder Included,XS / S,Light Gray,80.00,80.0,USD,en-US,GB-R5-U1,17,kiprun-bag-900-unisex-trail-running-10-l-bag-black-312087,https://cdn.shopify.com/s/files/1/1330/6287/files/8911422-product_image-p2806393_e62a8e42-0111-42e9-ac26-e1385a02ff90.jpg?v=1747270540,25
3608391914639,5334359,accessories,Water bag,Kiprun 10L Running Hydration Vest -  1L Water Bladder Included,Kiprun 10L Running Hydration Vest -  1L Water Bladder Included,M / L,Light Gray,80.00,80.0,USD,en-US,GB-R5-U2,13,kiprun-bag-900-unisex-trail-running-10-l-bag-black-312087,https://cdn.shopify.com/s/files/1/1330/6287/files/8911422-product_image-p2806393_e62a8e42-0111-42e9-ac26-e1385a02ff90.jpg?v=1747270540,25
3608391914646,5334376,accessories,Water bag,Kiprun 10L Running Hydration Vest -  1L Water Bladder Included,Kiprun 10L Running Hydration Vest -  1L Water Bladder Included,XL,Light Gray,80.00,80.0,USD,en-US,GB-R5-U3,23,kiprun-bag-900-unisex-trail-running-10-l-bag-black-312087,https://cdn.shopify.com/s/files/1/1330/6287/files/8911422-product_image-p2806393_e62a8e42-0111-42e9-ac26-e1385a02ff90.jpg?v=1747270540,25
3608391915506,5334357,accessories,Water bag,Kiprun 10L Running Hydration Vest -  1L Water Bladder Included,Kiprun 10L Running Hydration Vest -  1L Water Bladder Included,M / L,Smoked Black,145.00,145.0,USD,en-US,GB-R5-U4,20,kiprun-bag-900-unisex-trail-running-10-l-bag-black-312087,https://cdn.shopify.com/s/files/1/1330/6287/files/8911422-product_image-p2806393_e62a8e42-0111-42e9-ac26-e1385a02ff90.jpg?v=1747270540,25
3608391915513,5334377,accessories,Water bag,Kiprun 10L Running Hydration Vest -  1L Water Bladder Included,Kiprun 10L Running Hydration Vest -  1L Water Bladder Included,XL,Smoked Black,145.00,145.0,USD,en-US,GB-R5-U5,16,kiprun-bag-900-unisex-trail-running-10-l-bag-black-312087,https://cdn.shopify.com/s/files/1/1330/6287/files/8911422-product_image-p2806393_e62a8e42-0111-42e9-ac26-e1385a02ff90.jpg?v=1747270540,25
3608391920982,5335091,apparel,Jacket,Quechua Women's MH100 Lightweight Waterproof Hiking Jacket,Quechua Women's MH100 Lightweight Waterproof Hiking Jacket,S,Pearl Beige,60.00,60.0,USD,en-US,GB-R2-U6,12,quechua-womens-hiking-jacket-mh100-beige-351385,https://cdn.shopify.com/s/files/1/1330/6287/files/8911566-product_image-p2862706.jpg?v=1746484986,13
3608391920999,5335092,apparel,Jacket,Quechua Women's MH100 Lightweight Waterproof Hiking Jacket,Quechua Women's MH100 Lightweight Waterproof Hiking Jacket,M,Pearl Beige,60.00,60.0,USD,en-US,GB-R2-U7,12,quechua-womens-hiking-jacket-mh100-beige-351385,https://cdn.shopify.com/s/files/1/1330/6287/files/8911566-product_image-p2862706.jpg?v=1746484986,13
3608391921309,5335093,apparel,Jacket,Quechua Women's MH100 Lightweight Waterproof Hiking Jacket,Quechua Women's MH100 Lightweight Waterproof Hiking Jacket,L,Pearl Beige,60.00,60.0,USD,en-US,GB-R3-U1,18,quechua-womens-hiking-jacket-mh100-beige-351385,https://cdn.shopify.com/s/files/1/1330/6287/files/8911566-product_image-p2862706.jpg?v=1746484986,13
3608391921316,5335094,apparel,Jacket,Quechua Women's MH100 Lightweight Waterproof Hiking Jacket,Quechua Women's MH100 Lightweight Waterproof Hiking Jacket,XL,Pearl Beige,60.00,60.0,USD,en-US,GB-R3-U2,12,quechua-womens-hiking-jacket-mh100-beige-351385,https://cdn.shopify.com/s/files/1/1330/6287/files/8911566-product_image-p2862706.jpg?v=1746484986,13
3608391921323,5335095,apparel,Jacket,Quechua Women's MH100 Lightweight Waterproof Hiking Jacket,Quechua Women's MH100 Lightweight Waterproof Hiking Jacket,2XL,Pearl Beige,60.00,60.0,USD,en-US,GB-R3-U3,21,quechua-womens-hiking-jacket-mh100-beige-351385,https://cdn.shopify.com/s/files/1/1330/6287/files/8911566-product_image-p2862706.jpg?v=1746484986,13
3608391921330,5335096,apparel,Jacket,Quechua Women's MH100 Lightweight Waterproof Hiking Jacket,Quechua Women's MH100 Lightweight Waterproof Hiking Jacket,3XL,Pearl Beige,60.00,60.0,USD,en-US,GB-R3-U4,17,quechua-womens-hiking-jacket-mh100-beige-351385,https://cdn.shopify.com/s/files/1/1330/6287/files/8911566-product_image-p2862706.jpg?v=1746484986,13
3608391922016,5335216,accessories,Water bag,KIPRUN 8L Women's trail running bag - Beige purple,KIPRUN 8L Women's trail running bag - Beige purple,2XS / XS,Linen,80.00,80.0,USD,en-US,GB-R5-U6,11,kiprun-womens-8l-trail-running-hydration-vest-338986,https://cdn.shopify.com/s/files/1/1330/6287/files/8911584-product_image-p2806371.jpg?v=1758753828,12
3608391922023,5335217,accessories,Water bag,KIPRUN 8L Women's trail running bag - Beige purple,KIPRUN 8L Women's trail running bag - Beige purple,SM,Linen,80.00,80.0,USD,en-US,GB-R5-U7,22,kiprun-womens-8l-trail-running-hydration-vest-338986,https://cdn.shopify.com/s/files/1/1330/6287/files/8911584-product_image-p2806371.jpg?v=1758753828,12
3608391922030,5335218,accessories,Water bag,KIPRUN 8L Women's trail running bag - Beige purple,KIPRUN 8L Women's trail running bag - Beige purple,L / XL,Linen,80.00,80.0,USD,en-US,ACC-01,18,kiprun-womens-8l-trail-running-hydration-vest-338986,https://cdn.shopify.com/s/files/1/1330/6287/files/8911584-product_image-p2806371.jpg?v=1758753828,12
3608392017346,5365259,accessories,Belt,Kiprun Running Belt V2,Kiprun Running Belt V2,One Size,Slate Blue,10.00,10.0,USD,en-US,ACC-02,16,kiprun-basic-running-phone-belt-334226-fw25,https://cdn.shopify.com/s/files/1/1330/6287/files/8669125-product_image-p2713533_fe51d1dd-ef85-4b4a-b8c9-264efefd0ca4.jpg?v=1762556982,14
3608392018831,5365302,accessories,Cap,Kiprun Ultra-Light 5-Panel Running Cap,Kiprun Ultra-Light 5-Panel Running Cap,One Size,Graphite Grey,24.99,24.99,USD,en-US,ACC-03,18,unisex-running-cap-kiprun-5-panels-carbon-grey-344027,https://cdn.shopify.com/s/files/1/1330/6287/files/8852482-context_image-p2599876.jpg?v=1749852400,60
3608392095153,5378047,apparel,Shorts,Kiprun Women's Run 500 2-in-1 Compression Running Shorts,Kiprun Women's Run 500 2-in-1 Compression Running Shorts,XS,Smoked Black,25.00,25.0,USD,en-US,GB-R3-U5,14,kiprun-womens-2in1-run-500-shorts-340033,https://cdn.shopify.com/s/files/1/1330/6287/files/8914425-product_image-p2789693.jpg?v=1746484157,12
3608392095160,5378048,apparel,Shorts,Kiprun Women's Run 500 2-in-1 Compression Running Shorts,Kiprun Women's Run 500 2-in-1 Compression Running Shorts,S,Smoked Black,25.00,25.0,USD,en-US,GB-R3-U6,21,kiprun-womens-2in1-run-500-shorts-340033,https://cdn.shopify.com/s/files/1/1330/6287/files/8914425-product_image-p2789693.jpg?v=1746484157,12
3608392095177,5378049,apparel,Shorts,Kiprun Women's Run 500 2-in-1 Compression Running Shorts,Kiprun Women's Run 500 2-in-1 Compression Running Shorts,M,Smoked Black,25.00,25.0,USD,en-US,GB-R3-U7,11,kiprun-womens-2in1-run-500-shorts-340033,https://cdn.shopify.com/s/files/1/1330/6287/files/8914425-product_image-p2789693.jpg?v=1746484157,12
3608392095184,5378050,apparel,Shorts,Kiprun Women's Run 500 2-in-1 Compression Running Shorts,Kiprun Women's Run 500 2-in-1 Compression Running Shorts,L,Smoked Black,25.00,25.0,USD,en-US,GB-R4-U1,15,kiprun-womens-2in1-run-500-shorts-340033,https://cdn.shopify.com/s/files/1/1330/6287/files/8914425-product_image-p2789693.jpg?v=1746484157,12
3608392095191,5378051,apparel,Shorts,Kiprun Women's Run 500 2-in-1 Compression Running Shorts,Kiprun Women's Run 500 2-in-1 Compression Running Shorts,XL,Smoked Black,25.00,25.0,USD,en-US,GB-R4-U2,11,kiprun-womens-2in1-run-500-shorts-340033,https://cdn.shopify.com/s/files/1/1330/6287/files/8914425-product_image-p2789693.jpg?v=1746484157,12
3608392149757,2637713,apparel,Windbreaker,Van Rysel Men's Ultralight Cycling Wind Vest,Van Rysel Men's Ultralight Cycling Wind Vest,2XL,Smoked Black,59.99,59.99,USD,en-US,GB-R4-U3,20,van-rysel-mens-road-cycling-ultra-light-sleeveless-windproof-gilet-black-304048,https://cdn.shopify.com/s/files/1/1330/6287/files/8524479-product_image-p2868122.jpg?v=1747077855,7
3608392149764,2637715,apparel,Windbreaker,Van Rysel Men's Ultralight Cycling Wind Vest,Van Rysel Men's Ultralight Cycling Wind Vest,L,Smoked Black,59.99,59.99,USD,en-US,GB-R4-U4,17,van-rysel-mens-road-cycling-ultra-light-sleeveless-windproof-gilet-black-304048,https://cdn.shopify.com/s/files/1/1330/6287/files/8524479-product_image-p2868122.jpg?v=1747077855,7
3608392149771,2637716,apparel,Windbreaker,Van Rysel Men's Ultralight Cycling Wind Vest,Van Rysel Men's Ultralight Cycling Wind Vest,M,Smoked Black,59.99,59.99,USD,en-US,GB-R4-U5,12,van-rysel-mens-road-cycling-ultra-light-sleeveless-windproof-gilet-black-304048,https://cdn.shopify.com/s/files/1/1330/6287/files/8524479-product_image-p2868122.jpg?v=1747077855,7
3608392149788,2637717,apparel,Windbreaker,Van Rysel Men's Ultralight Cycling Wind Vest,Van Rysel Men's Ultralight Cycling Wind Vest,S,Smoked Black,59.99,59.99,USD,en-US,GB-R4-U6,16,van-rysel-mens-road-cycling-ultra-light-sleeveless-windproof-gilet-black-304048,https://cdn.shopify.com/s/files/1/1330/6287/files/8524479-product_image-p2868122.jpg?v=1747077855,7
3608392149795,2637718,apparel,Windbreaker,Van Rysel Men's Ultralight Cycling Wind Vest,Van Rysel Men's Ultralight Cycling Wind Vest,XL,Smoked Black,59.99,59.99,USD,en-US,GB-R4-U7,13,van-rysel-mens-road-cycling-ultra-light-sleeveless-windproof-gilet-black-304048,https://cdn.shopify.com/s/files/1/1330/6287/files/8524479-product_image-p2868122.jpg?v=1747077855,7
3608392154188,4010182,apparel,Trousers/pants,Quechua Women's NH500 Water-Repellent Snow Hiking Pants,Quechua Women's NH500 Water-Repellent Snow Hiking Pants,W26 L30,Black,89.99,89.99,USD,en-US,FR-01,21,quechua-womens-warm-water-repellent-snow-hiking-pants-sh500-mountain-324683-fw25,https://cdn.shopify.com/s/files/1/1330/6287/files/8582596-product_image-p2611394.jpg?v=1755561114,24
3608392154904,4010184,apparel,Trousers/pants,Quechua Women's NH500 Water-Repellent Snow Hiking Pants,Quechua Women's NH500 Water-Repellent Snow Hiking Pants,W28 L30,Black,89.99,89.99,USD,en-US,FR-02,10,quechua-womens-warm-water-repellent-snow-hiking-pants-sh500-mountain-324683-fw25,https://cdn.shopify.com/s/files/1/1330/6287/files/8582596-product_image-p2611394.jpg?v=1755561114,24
3608392154928,4010187,apparel,Trousers/pants,Quechua Women's NH500 Water-Repellent Snow Hiking Pants,Quechua Women's NH500 Water-Repellent Snow Hiking Pants,W29 L31,Black,89.99,89.99,USD,en-US,FR-03,10,quechua-womens-warm-water-repellent-snow-hiking-pants-sh500-mountain-324683-fw25,https://cdn.shopify.com/s/files/1/1330/6287/files/8582596-product_image-p2611394.jpg?v=1755561114,24
3608392154942,4010189,apparel,Trousers/pants,Quechua Women's NH500 Water-Repellent Snow Hiking Pants,Quechua Women's NH500 Water-Repellent Snow Hiking Pants,W31 L31,Black,89.99,89.99,USD,en-US,FR-04,18,quechua-womens-warm-water-repellent-snow-hiking-pants-sh500-mountain-324683-fw25,https://cdn.shopify.com/s/files/1/1330/6287/files/8582596-product_image-p2611394.jpg?v=1755561114,24
3608392154966,4010191,apparel,Trousers/pants,Quechua Women's NH500 Water-Repellent Snow Hiking Pants,Quechua Women's NH500 Water-Repellent Snow Hiking Pants,W33 L31,Black,89.99,89.99,USD,en-US,GF-R1-U1,11,quechua-womens-warm-water-repellent-snow-hiking-pants-sh500-mountain-324683-fw25,https://cdn.shopify.com/s/files/1/1330/6287/files/8582596-product_image-p2611394.jpg?v=1755561114,24
3608392154980,4010193,apparel,Trousers/pants,Quechua Women's NH500 Water-Repellent Snow Hiking Pants,Quechua Women's NH500 Water-Repellent Snow Hiking Pants,W34 L31,Black,89.99,89.99,USD,en-US,GF-R1-U2,12,quechua-womens-warm-water-repellent-snow-hiking-pants-sh500-mountain-324683-fw25,https://cdn.shopify.com/s/files/1/1330/6287/files/8582596-product_image-p2611394.jpg?v=1755561114,24
3608392155000,4010195,apparel,Trousers/pants,Quechua Women's NH500 Water-Repellent Snow Hiking Pants,Quechua Women's NH500 Water-Repellent Snow Hiking Pants,W36 L31,Black,89.99,89.99,USD,en-US,GF-R1-U3,13,quechua-womens-warm-water-repellent-snow-hiking-pants-sh500-mountain-324683-fw25,https://cdn.shopify.com/s/files/1/1330/6287/files/8582596-product_image-p2611394.jpg?v=1755561114,24
3608392155031,4010198,apparel,Trousers/pants,Quechua Women's NH500 Water-Repellent Snow Hiking Pants,Quechua Women's NH500 Water-Repellent Snow Hiking Pants,W42 L29,Black,89.99,89.99,USD,en-US,GF-R1-U4,9,quechua-womens-warm-water-repellent-snow-hiking-pants-sh500-mountain-324683-fw25,https://cdn.shopify.com/s/files/1/1330/6287/files/8582596-product_image-p2611394.jpg?v=1755561114,24
3608392174452,5391018,footwear,Shoes,Quechua Men’s MH500 Light Hiking Shoes,Quechua Men’s MH500 Light Hiking Shoes,8,Light Gray,75.00,75.0,USD,en-US,PW-06,12,quechua-mens-mountain-hiking-boots-mh500-light-light-grey-336330,https://cdn.shopify.com/s/files/1/1330/6287/files/QUECHUA_MH500_LIGHT_H_SS25_-_8917985_-_003_---_Expires_on_13-01-2034.jpg?v=1746491081,9
3608392174469,5391019,footwear,Shoes,Quechua Men’s MH500 Light Hiking Shoes,Quechua Men’s MH500 Light Hiking Shoes,9,Light Gray,75.00,75.0,USD,en-US,PW-07,13,quechua-mens-mountain-hiking-boots-mh500-light-light-grey-336330,https://cdn.shopify.com/s/files/1/1330/6287/files/QUECHUA_MH500_LIGHT_H_SS25_-_8917985_-_003_---_Expires_on_13-01-2034.jpg?v=1746491081,9
3608392174476,5391020,footwear,Shoes,Quechua Men’s MH500 Light Hiking Shoes,Quechua Men’s MH500 Light Hiking Shoes,9.5,Light Gray,75.00,75.0,USD,en-US,PW-08,7,quechua-mens-mountain-hiking-boots-mh500-light-light-grey-336330,https://cdn.shopify.com/s/files/1/1330/6287/files/QUECHUA_MH500_LIGHT_H_SS25_-_8917985_-_003_---_Expires_on_13-01-2034.jpg?v=1746491081,9
3608392174483,5391021,footwear,Shoes,Quechua Men’s MH500 Light Hiking Shoes,Quechua Men’s MH500 Light Hiking Shoes,10.5,Light Gray,75.00,75.0,USD,en-US,PE-01,12,quechua-mens-mountain-hiking-boots-mh500-light-light-grey-336330,https://cdn.shopify.com/s/files/1/1330/6287/files/QUECHUA_MH500_LIGHT_H_SS25_-_8917985_-_003_---_Expires_on_13-01-2034.jpg?v=1746491081,9
3608392174490,5391022,footwear,Shoes,Quechua Men’s MH500 Light Hiking Shoes,Quechua Men’s MH500 Light Hiking Shoes,11.5,Light Gray,75.00,75.0,USD,en-US,PE-02,9,quechua-mens-mountain-hiking-boots-mh500-light-light-grey-336330,https://cdn.shopify.com/s/files/1/1330/6287/files/QUECHUA_MH500_LIGHT_H_SS25_-_8917985_-_003_---_Expires_on_13-01-2034.jpg?v=1746491081,9
3608392174940,5391033,footwear,Shoes,Quechua Women's MH500 Light Hiking Shoes,Quechua Women's MH500 Light Hiking Shoes,5,Sweet Purple,80.00,80.0,USD,en-US,PE-03,9,quechua-womens-mountain-hiking-boots-mh500-336219,https://cdn.shopify.com/s/files/1/1330/6287/files/8917987-product_image-p2861643.jpg?v=1746489667,14
3608392174957,5391034,footwear,Shoes,Quechua Women's MH500 Light Hiking Shoes,Quechua Women's MH500 Light Hiking Shoes,6,Sweet Purple,80.00,80.0,USD,en-US,PE-04,8,quechua-womens-mountain-hiking-boots-mh500-336219,https://cdn.shopify.com/s/files/1/1330/6287/files/8917987-product_image-p2861643.jpg?v=1746489667,14
3608392174964,5391035,footwear,Shoes,Quechua Women's MH500 Light Hiking Shoes,Quechua Women's MH500 Light Hiking Shoes,7,Sweet Purple,80.00,80.0,USD,en-US,PE-05,9,quechua-womens-mountain-hiking-boots-mh500-336219,https://cdn.shopify.com/s/files/1/1330/6287/files/8917987-product_image-p2861643.jpg?v=1746489667,14
3608392174971,5391036,footwear,Shoes,Quechua Women's MH500 Light Hiking Shoes,Quechua Women's MH500 Light Hiking Shoes,7.5,Sweet Purple,80.00,80.0,USD,en-US,FB-01,8,quechua-womens-mountain-hiking-boots-mh500-336219,https://cdn.shopify.com/s/files/1/1330/6287/files/8917987-product_image-p2861643.jpg?v=1746489667,14
3608392174988,5391035,footwear,Shoes,Quechua Women's MH500 Light Hiking Shoes,Quechua Women's MH500 Light Hiking Shoes,8,Sweet Purple,109.00,109.0,USD,en-US,GA-01,10,quechua-womens-mountain-hiking-boots-mh500-336219,https://cdn.shopify.com/s/files/1/1330/6287/files/8917987-product_image-p2861643.jpg?v=1746489667,14
3608392174995,5391038,footwear,Shoes,Quechua Women's MH500 Light Hiking Shoes,Quechua Women's MH500 Light Hiking Shoes,9,Sweet Purple,80.00,80.0,USD,en-US,GA-02,9,quechua-womens-mountain-hiking-boots-mh500-336219,https://cdn.shopify.com/s/files/1/1330/6287/files/8917987-product_image-p2861643.jpg?v=1746489667,14
3608392175008,5391023,footwear,Shoes,Quechua Men’s MH500 Light Hiking Shoes,Quechua Men’s MH500 Light Hiking Shoes,12,Light Gray,75.00,75.0,USD,en-US,PW-01,7,quechua-mens-mountain-hiking-boots-mh500-light-light-grey-336330,https://cdn.shopify.com/s/files/1/1330/6287/files/QUECHUA_MH500_LIGHT_H_SS25_-_8917985_-_003_---_Expires_on_13-01-2034.jpg?v=1746491081,9
3608392214912,5183782,accessories,Cap,Quechua MT500 Ventilated Hiking Cap,Quechua MT500 Ventilated Hiking Cap,One Size,Asphalt Blue,10.00,10.0,USD,en-US,ACC-04,23,forclaz-mt500-hiking-cap-grey-353902,https://cdn.shopify.com/s/files/1/1330/6287/files/8873877-product_image-p2862071.jpg?v=1744157912,10
3608392216633,5404211,accessories,Cap,Quechua MT500 Ventilated Hiking Cap,Quechua MT500 Ventilated Hiking Cap,One Size,Lunar Gray,12.00,12.0,USD,en-US,CO-IR,13,forclaz-mt500-hiking-cap-grey-353902,https://cdn.shopify.com/s/files/1/1330/6287/files/8873877-product_image-p2862071.jpg?v=1744157912,10
3608392217821,5404435,apparel,Jacket,Wedze Men's Warm Ski Jacket 500,Wedze Men's Warm Ski Jacket 500,3XL,Golden Olive Green,149.00,149.0,USD,en-US,GF-R1-U5,10,wedze-mens-warm-ski-jacket-500-346314-fw25,https://cdn.shopify.com/s/files/1/1330/6287/files/8830516-product_image-p2577367.jpg?v=1758825686,25
3608392226397,5404893,bag_pack,Backpack,Quechua Kids' MH500 18L Hiking Backpack,Quechua Kids' MH500 18L Hiking Backpack,One Size,Pink,30.00,30.0,USD,en-US,PE-06,8,quechua-kids-hiking-backpack-mh500-122867p,https://cdn.shopify.com/s/files/1/1330/6287/files/8916583-product_image-p2823654.jpg?v=1744911962,5
3608392228940,5405077,apparel,Shorts,Forclaz Men's MT500 Hiking Shorts,Forclaz Men's MT500 Hiking Shorts,S,Dark Sepia,30.00,30.0,USD,en-US,GF-R1-U6,17,forclaz-mens-durable-backpacking-shorts-mt500-351375,https://cdn.shopify.com/s/files/1/1330/6287/files/8916612-product_image-p2815614.jpg?v=1747078962,15
3608392228957,5405078,apparel,Shorts,Forclaz Men's MT500 Hiking Shorts,Forclaz Men's MT500 Hiking Shorts,S-M,Dark Sepia,30.00,30.0,USD,en-US,GF-R1-U7,21,forclaz-mens-durable-backpacking-shorts-mt500-351375,https://cdn.shopify.com/s/files/1/1330/6287/files/8916612-product_image-p2815614.jpg?v=1747078962,15
3608392228964,5405079,apparel,Shorts,Forclaz Men's MT500 Hiking Shorts,Forclaz Men's MT500 Hiking Shorts,M,Dark Sepia,30.00,30.0,USD,en-US,GF-R2-U1,11,forclaz-mens-durable-backpacking-shorts-mt500-351375,https://cdn.shopify.com/s/files/1/1330/6287/files/8916612-product_image-p2815614.jpg?v=1747078962,15
3608392228971,5405080,apparel,Shorts,Forclaz Men's MT500 Hiking Shorts,Forclaz Men's MT500 Hiking Shorts,L,Dark Sepia,30.00,30.0,USD,en-US,GF-R2-U2,18,forclaz-mens-durable-backpacking-shorts-mt500-351375,https://cdn.shopify.com/s/files/1/1330/6287/files/8916612-product_image-p2815614.jpg?v=1747078962,15
3608392228988,5405081,apparel,Shorts,Forclaz Men's MT500 Hiking Shorts,Forclaz Men's MT500 Hiking Shorts,L-XL,Dark Sepia,30.00,30.0,USD,en-US,GF-R2-U3,10,forclaz-mens-durable-backpacking-shorts-mt500-351375,https://cdn.shopify.com/s/files/1/1330/6287/files/8916612-product_image-p2815614.jpg?v=1747078962,15
3608392229503,5405083,apparel,Shorts,Forclaz Men's MT500 Hiking Shorts,Forclaz Men's MT500 Hiking Shorts,2XL,Dark Sepia,30.00,30.0,USD,en-US,GF-R2-U4,10,forclaz-mens-durable-backpacking-shorts-mt500-351375,https://cdn.shopify.com/s/files/1/1330/6287/files/8916612-product_image-p2815614.jpg?v=1747078962,15
3608392244568,5406884,accessories,Neck warmer,Simond Trek 500 Merino Wool Multi-Position Hiking Neck Gaiter,Simond Trek 500 Merino Wool Multi-Position Hiking Neck Gaiter,One Size,Ultra Black,24.99,24.99,USD,en-US,GB-R5-U1,14,mountain-backpacking-multiposition-tube-scarf-merino-wool-trek-500-183231,https://cdn.shopify.com/s/files/1/1330/6287/files/8916431-product_image-p2837035.jpg?v=1747158554,9
3608392244735,5406858,accessories,Beanie,Simond Adult MT500 Merino Wool Beanie,Simond Adult MT500 Merino Wool Beanie,One Size,Golden Olive Green,17.00,17.0,USD,en-US,GB-R5-U2,14,forclaz-adult-mt500-merino-wool-hat-302969,https://cdn.shopify.com/s/files/1/1330/6287/files/8916867-product_image-p2837031.jpg?v=1746640920,6
3608392244742,5406885,accessories,Neck warmer,Simond Trek 500 Merino Wool Multi-Position Hiking Neck Gaiter,Simond Trek 500 Merino Wool Multi-Position Hiking Neck Gaiter,One Size,Golden Olive Green,17.00,17.0,USD,en-US,GB-R5-U3,20,mountain-backpacking-multiposition-tube-scarf-merino-wool-trek-500-183231,https://cdn.shopify.com/s/files/1/1330/6287/files/8916431-product_image-p2837035.jpg?v=1747158554,9
3608392244957,5406883,accessories,Neck warmer,Simond Trek 500 Merino Wool Multi-Position Hiking Neck Gaiter,Simond Trek 500 Merino Wool Multi-Position Hiking Neck Gaiter,One Size,Deep Chocolate Truffle,24.99,24.99,USD,en-US,GB-R5-U4,12,mountain-backpacking-multiposition-tube-scarf-merino-wool-trek-500-183231,https://cdn.shopify.com/s/files/1/1330/6287/files/8916431-product_image-p2837035.jpg?v=1747158554,9
3608392248696,5407228,apparel,T-shirt,Simond Women’s MT500 Merino Wool T-Shirt,Simond Women’s MT500 Merino Wool T-Shirt,XS,Bronze Khaki Green,35.00,35.0,USD,en-US,GF-R2-U5,12,simond-womens-merino-wool-short-sleeved-t-shirt-merino-resist-khaki-327360,https://cdn.shopify.com/s/files/1/1330/6287/files/8919496-product_image-p2816036.jpg?v=1749838915,18
3608392248801,5407229,apparel,T-shirt,Simond Women’s MT500 Merino Wool T-Shirt,Simond Women’s MT500 Merino Wool T-Shirt,S,Bronze Khaki Green,35.00,35.0,USD,en-US,GF-R2-U6,12,simond-womens-merino-wool-short-sleeved-t-shirt-merino-resist-khaki-327360,https://cdn.shopify.com/s/files/1/1330/6287/files/8919496-product_image-p2816036.jpg?v=1749838915,18
3608392248818,5407230,apparel,T-shirt,Simond Women’s MT500 Merino Wool T-Shirt,Simond Women’s MT500 Merino Wool T-Shirt,M,Bronze Khaki Green,35.00,35.0,USD,en-US,GF-R2-U7,18,simond-womens-merino-wool-short-sleeved-t-shirt-merino-resist-khaki-327360,https://cdn.shopify.com/s/files/1/1330/6287/files/8919496-product_image-p2816036.jpg?v=1749838915,18
3608392248825,5407231,apparel,T-shirt,Simond Women’s MT500 Merino Wool T-Shirt,Simond Women’s MT500 Merino Wool T-Shirt,L,Bronze Khaki Green,35.00,35.0,USD,en-US,GF-R3-U1,20,simond-womens-merino-wool-short-sleeved-t-shirt-merino-resist-khaki-327360,https://cdn.shopify.com/s/files/1/1330/6287/files/8919496-product_image-p2816036.jpg?v=1749838915,18
3608392248832,5407232,apparel,T-shirt,Simond Women’s MT500 Merino Wool T-Shirt,Simond Women’s MT500 Merino Wool T-Shirt,XL,Bronze Khaki Green,35.00,35.0,USD,en-US,GF-R3-U2,15,simond-womens-merino-wool-short-sleeved-t-shirt-merino-resist-khaki-327360,https://cdn.shopify.com/s/files/1/1330/6287/files/8919496-product_image-p2816036.jpg?v=1749838915,18
3608392248849,5407233,apparel,T-shirt,Simond Women’s MT500 Merino Wool T-Shirt,Simond Women’s MT500 Merino Wool T-Shirt,2XL,Bronze Khaki Green,35.00,35.0,USD,en-US,GF-R3-U3,16,simond-womens-merino-wool-short-sleeved-t-shirt-merino-resist-khaki-327360,https://cdn.shopify.com/s/files/1/1330/6287/files/8919496-product_image-p2816036.jpg?v=1749838915,18
3608392249372,5407392,apparel,Long-sleeved t-shirt,Simond Men's MT500 Long-sleeve 100% Merino Wool T-shirt,Simond Men's MT500 Long-sleeve 100% Merino Wool T-shirt,S,Chocolate Truffle,60.00,60.0,USD,en-US,GF-R3-U4,18,mens-mt500-long-sleeve-100-merino-wool-t-shirt-11829,https://cdn.shopify.com/s/files/1/1330/6287/files/8670229-product_image-p2865915_2ecfe882-09ec-4d7d-a6a5-15411f02720f.jpg?v=1748579195,15
3608392249389,5407393,apparel,Long-sleeved t-shirt,Simond Men's MT500 Long-sleeve 100% Merino Wool T-shirt,Simond Men's MT500 Long-sleeve 100% Merino Wool T-shirt,M,Chocolate Truffle,60.00,60.0,USD,en-US,GF-R3-U5,16,mens-mt500-long-sleeve-100-merino-wool-t-shirt-11829,https://cdn.shopify.com/s/files/1/1330/6287/files/8670229-product_image-p2865915_2ecfe882-09ec-4d7d-a6a5-15411f02720f.jpg?v=1748579195,15
3608392249396,5407394,apparel,Long-sleeved t-shirt,Simond Men's MT500 Long-sleeve 100% Merino Wool T-shirt,Simond Men's MT500 Long-sleeve 100% Merino Wool T-shirt,L,Chocolate Truffle,60.00,60.0,USD,en-US,GF-R3-U6,13,mens-mt500-long-sleeve-100-merino-wool-t-shirt-11829,https://cdn.shopify.com/s/files/1/1330/6287/files/8670229-product_image-p2865915_2ecfe882-09ec-4d7d-a6a5-15411f02720f.jpg?v=1748579195,15
3608392250705,5407395,apparel,Long-sleeved t-shirt,Simond Men's MT500 Long-sleeve 100% Merino Wool T-shirt,Simond Men's MT500 Long-sleeve 100% Merino Wool T-shirt,XL,Chocolate Truffle,60.00,60.0,USD,en-US,GF-R3-U7,21,mens-mt500-long-sleeve-100-merino-wool-t-shirt-11829,https://cdn.shopify.com/s/files/1/1330/6287/files/8670229-product_image-p2865915_2ecfe882-09ec-4d7d-a6a5-15411f02720f.jpg?v=1748579195,15
3608392250712,5407396,apparel,Long-sleeved t-shirt,Simond Men's MT500 Long-sleeve 100% Merino Wool T-shirt,Simond Men's MT500 Long-sleeve 100% Merino Wool T-shirt,2XL,Chocolate Truffle,60.00,60.0,USD,en-US,GF-R4-U1,19,mens-mt500-long-sleeve-100-merino-wool-t-shirt-11829,https://cdn.shopify.com/s/files/1/1330/6287/files/8670229-product_image-p2865915_2ecfe882-09ec-4d7d-a6a5-15411f02720f.jpg?v=1748579195,15
3608392254000,5405877,apparel,Shorts,Simond Women’s Travel 900 Hiking Shorts,Simond Women’s Travel 900 Hiking Shorts,XS-S,Bronze Brown,30.00,30.0,USD,en-US,GF-R4-U2,11,forclaz-womens-short-backpacking-shorts-mt900-brown-307237,https://cdn.shopify.com/s/files/1/1330/6287/files/8916755-product_image-p2815928.jpg?v=1744054394,8
3608392254017,5405878,apparel,Shorts,Simond Women’s Travel 900 Hiking Shorts,Simond Women’s Travel 900 Hiking Shorts,S,Bronze Brown,30.00,30.0,USD,en-US,GF-R4-U3,21,forclaz-womens-short-backpacking-shorts-mt900-brown-307237,https://cdn.shopify.com/s/files/1/1330/6287/files/8916755-product_image-p2815928.jpg?v=1744054394,8
3608392254024,5405879,apparel,Shorts,Simond Women’s Travel 900 Hiking Shorts,Simond Women’s Travel 900 Hiking Shorts,M,Bronze Brown,30.00,30.0,USD,en-US,GF-R4-U4,9,forclaz-womens-short-backpacking-shorts-mt900-brown-307237,https://cdn.shopify.com/s/files/1/1330/6287/files/8916755-product_image-p2815928.jpg?v=1744054394,8
3608392254031,5405880,apparel,Shorts,Simond Women’s Travel 900 Hiking Shorts,Simond Women’s Travel 900 Hiking Shorts,M-L,Bronze Brown,30.00,30.0,USD,en-US,GF-R4-U5,13,forclaz-womens-short-backpacking-shorts-mt900-brown-307237,https://cdn.shopify.com/s/files/1/1330/6287/files/8916755-product_image-p2815928.jpg?v=1744054394,8
3608392254048,5405881,apparel,Shorts,Simond Women’s Travel 900 Hiking Shorts,Simond Women’s Travel 900 Hiking Shorts,L,Bronze Brown,30.00,30.0,USD,en-US,GF-R4-U6,10,forclaz-womens-short-backpacking-shorts-mt900-brown-307237,https://cdn.shopify.com/s/files/1/1330/6287/files/8916755-product_image-p2815928.jpg?v=1744054394,8
3608392254055,5405882,apparel,Shorts,Simond Women’s Travel 900 Hiking Shorts,Simond Women’s Travel 900 Hiking Shorts,XL,Bronze Brown,30.00,30.0,USD,en-US,GF-R4-U7,18,forclaz-womens-short-backpacking-shorts-mt900-brown-307237,https://cdn.shopify.com/s/files/1/1330/6287/files/8916755-product_image-p2815928.jpg?v=1744054394,8
3608392258091,5414052,apparel,Long-sleeved t-shirt,Simond Men's Travel 500 Merino Wool Long-sleeve Shirt,Simond Men's Travel 500 Merino Wool Long-sleeve Shirt,M,Golden Olive Green,40.00,40.0,USD,en-US,GB-R1-U1,19,simond-mens-travel-500-merino-wool-long-sleeve-shirt-4523,https://cdn.shopify.com/s/files/1/1330/6287/files/8504630-product_image-p2510724_d57b8b0a-2307-41bc-adc0-0f620716b28e.jpg?v=1771014098,14
3608392258305,5414053,apparel,Long-sleeved t-shirt,Simond Men's Travel 500 Merino Wool Long-sleeve Shirt,Simond Men's Travel 500 Merino Wool Long-sleeve Shirt,L,Golden Olive Green,40.00,40.0,USD,en-US,GB-R1-U2,18,simond-mens-travel-500-merino-wool-long-sleeve-shirt-4523,https://cdn.shopify.com/s/files/1/1330/6287/files/8504630-product_image-p2510724_d57b8b0a-2307-41bc-adc0-0f620716b28e.jpg?v=1771014098,14
3608392258312,5414054,apparel,Long-sleeved t-shirt,Simond Men's Travel 500 Merino Wool Long-sleeve Shirt,Simond Men's Travel 500 Merino Wool Long-sleeve Shirt,XL,Golden Olive Green,40.00,40.0,USD,en-US,GB-R1-U3,21,simond-mens-travel-500-merino-wool-long-sleeve-shirt-4523,https://cdn.shopify.com/s/files/1/1330/6287/files/8504630-product_image-p2510724_d57b8b0a-2307-41bc-adc0-0f620716b28e.jpg?v=1771014098,14
3608392266850,5414623,apparel,Long-sleeved t-shirt,Simond Women's Travel 100 Merino Wool Long-sleeve Shirt,Simond Women's Travel 100 Merino Wool Long-sleeve Shirt,XS,Golden Olive Green,40.00,40.0,USD,en-US,GB-R1-U4,12,womens-hiking-long-sleeve-t-shirt-techwool-155,https://cdn.shopify.com/s/files/1/1330/6287/files/8316437-product_image-p2660430_2d351676-9ffd-4d18-a4f6-0455f26a2aad.jpg?v=1755805972,13
3608392266867,5414624,apparel,Long-sleeved t-shirt,Simond Women's Travel 100 Merino Wool Long-sleeve Shirt,Simond Women's Travel 100 Merino Wool Long-sleeve Shirt,S,Golden Olive Green,40.00,40.0,USD,en-US,GB-R1-U5,16,womens-hiking-long-sleeve-t-shirt-techwool-155,https://cdn.shopify.com/s/files/1/1330/6287/files/8316437-product_image-p2660430_2d351676-9ffd-4d18-a4f6-0455f26a2aad.jpg?v=1755805972,13
3608392266874,5414625,apparel,Long-sleeved t-shirt,Simond Women's Travel 100 Merino Wool Long-sleeve Shirt,Simond Women's Travel 100 Merino Wool Long-sleeve Shirt,M,Golden Olive Green,40.00,40.0,USD,en-US,GB-R1-U6,15,womens-hiking-long-sleeve-t-shirt-techwool-155,https://cdn.shopify.com/s/files/1/1330/6287/files/8316437-product_image-p2660430_2d351676-9ffd-4d18-a4f6-0455f26a2aad.jpg?v=1755805972,13
3608392266881,5414626,apparel,Long-sleeved t-shirt,Simond Women's Travel 100 Merino Wool Long-sleeve Shirt,Simond Women's Travel 100 Merino Wool Long-sleeve Shirt,L,Golden Olive Green,40.00,40.0,USD,en-US,GB-R1-U7,17,womens-hiking-long-sleeve-t-shirt-techwool-155,https://cdn.shopify.com/s/files/1/1330/6287/files/8316437-product_image-p2660430_2d351676-9ffd-4d18-a4f6-0455f26a2aad.jpg?v=1755805972,13
3608392266898,5414627,apparel,Long-sleeved t-shirt,Simond Women's Travel 100 Merino Wool Long-sleeve Shirt,Simond Women's Travel 100 Merino Wool Long-sleeve Shirt,XL,Golden Olive Green,40.00,40.0,USD,en-US,GB-R2-U1,11,womens-hiking-long-sleeve-t-shirt-techwool-155,https://cdn.shopify.com/s/files/1/1330/6287/files/8316437-product_image-p2660430_2d351676-9ffd-4d18-a4f6-0455f26a2aad.jpg?v=1755805972,13
3608392318795,5419819,bag_pack,Backpack,Quechua NH500 Escape 16L+4 Rolltop Hiking Backpack,Quechua NH500 Escape 16L+4 Rolltop Hiking Backpack,16L,Lunar Beige,49.99,49.99,USD,en-US,PE-07,7,quechua-escape-rolltop-16-l4-hiking-backpack-blue-358339,https://cdn.shopify.com/s/files/1/1330/6287/files/8920375-product_image-p2837411.jpg?v=1743786775,24
3608392320019,5419817,bag_pack,Backpack,Quechua NH500 Escape 16L+4 Rolltop Hiking Backpack,Quechua NH500 Escape 16L+4 Rolltop Hiking Backpack,16L,Deep Sea Turquoise,30.00,30.0,USD,en-US,PE-08,8,quechua-escape-rolltop-16-l4-hiking-backpack-blue-358339,https://cdn.shopify.com/s/files/1/1330/6287/files/8920375-product_image-p2837411.jpg?v=1743786775,24
3608392336034,5413375,outdoor,Folding chair,Quechua MH500 Compact Camp Chair,Quechua MH500 Compact Camp Chair,One Size,Alpine Green,45.00,45.0,USD,en-US,GF-R8-U2,1,camping-folding-chair-mh500-173601,https://cdn.shopify.com/s/files/1/1330/6287/files/41676143820862.jpg?v=1743794966,11
3608392356209,5425651,accessories,Socks,Wedze Adult 500 Warm Wool Ski Socks,Wedze Adult 500 Warm Wool Ski Socks,W5-7.5 / M3.5-6,Smoked Black,19.99,19.99,USD,en-US,GB-R5-U5,15,wedze-adults-warm-and-comfortable-ski-socks-500-black-359933-fw25,https://cdn.shopify.com/s/files/1/1330/6287/files/CHAUSSETTESKI500ECONOIR-8927348-001---Expireson01-09-2035.jpg?v=1762290168,4
3608392356216,5425653,accessories,Socks,Wedze Adult 500 Warm Wool Ski Socks,Wedze Adult 500 Warm Wool Ski Socks,W8-10.5 / M6.5-9,Smoked Black,19.99,19.99,USD,en-US,GB-R5-U6,11,wedze-adults-warm-and-comfortable-ski-socks-500-black-359933-fw25,https://cdn.shopify.com/s/files/1/1330/6287/files/CHAUSSETTESKI500ECONOIR-8927348-001---Expireson01-09-2035.jpg?v=1762290168,4
3608392356223,5425654,accessories,Socks,Wedze Adult 500 Warm Wool Ski Socks,Wedze Adult 500 Warm Wool Ski Socks,W11-14 / M9.5-12,Smoked Black,19.99,19.99,USD,en-US,GB-R5-U7,15,wedze-adults-warm-and-comfortable-ski-socks-500-black-359933-fw25,https://cdn.shopify.com/s/files/1/1330/6287/files/CHAUSSETTESKI500ECONOIR-8927348-001---Expireson01-09-2035.jpg?v=1762290168,4
3608392356230,5425655,accessories,Socks,Wedze Adult 500 Warm Wool Ski Socks,Wedze Adult 500 Warm Wool Ski Socks,W15-18 / M13-15,Smoked Black,19.99,19.99,USD,en-US,ACC-01,12,wedze-adults-warm-and-comfortable-ski-socks-500-black-359933-fw25,https://cdn.shopify.com/s/files/1/1330/6287/files/CHAUSSETTESKI500ECONOIR-8927348-001---Expireson01-09-2035.jpg?v=1762290168,4
3608392378423,5434259,accessories,Beanie,Simond Adult MT500 Merino Wool Beanie,Simond Adult MT500 Merino Wool Beanie,One Size,Ultra Black,24.99,24.99,USD,en-US,ACC-02,24,forclaz-adult-mt500-merino-wool-hat-302969,https://cdn.shopify.com/s/files/1/1330/6287/files/8916867-product_image-p2837031.jpg?v=1746640920,6
3608392398513,5436129,accessories,Headband,Simond Merino Wool Backpacking Headband - MT500,Simond Merino Wool Backpacking Headband - MT500,One Size,Ultra Black,19.99,19.99,USD,en-US,ACC-03,19,simond-merino-wool-backpacking-headband-mt500-black-329167,https://cdn.shopify.com/s/files/1/1330/6287/files/8928181-product_image-p2837023.jpg?v=1762798720,3
3608392435362,5445461,accessories,Towel,Ultra Compact Swimming Microfiber towel - XL 110 x 175 cm,Ultra Compact Swimming Microfiber towel - XL 110 x 175 cm,XL,Smoked Black,24.99,24.99,USD,en-US,ACC-04,22,ultra-compact-swimming-microfiber-towel-xl-110-x-175-cm,https://cdn.shopify.com/s/files/1/1330/6287/files/default_5af9d3b6-a717-4b23-bddd-3ea4e47c2fba.jpg?v=1775496606,4
3608392435478,5445521,apparel,Long-sleeved t-shirt,Simond Women's Merino Resist Long-Sleeve T-Shirt,Simond Women's Merino Resist Long-Sleeve T-Shirt,XS,Chocolate Truffle,45.00,45.0,USD,en-US,GB-R2-U2,17,forclaz-womens-merino-wool-long-sleeved-t-shirt-merino-resist-blue-356395,https://cdn.shopify.com/s/files/1/1330/6287/files/8926405-product_image-p2816069.jpg?v=1744157994,16
3608392436413,5445525,apparel,Long-sleeved t-shirt,Simond Women's Merino Resist Long-Sleeve T-Shirt,Simond Women's Merino Resist Long-Sleeve T-Shirt,M,Chocolate Truffle,45.00,45.0,USD,en-US,GB-R2-U3,14,forclaz-womens-merino-wool-long-sleeved-t-shirt-merino-resist-blue-356395,https://cdn.shopify.com/s/files/1/1330/6287/files/8926405-product_image-p2816069.jpg?v=1744157994,16
3608392436437,5445527,apparel,Long-sleeved t-shirt,Simond Women's Merino Resist Long-Sleeve T-Shirt,Simond Women's Merino Resist Long-Sleeve T-Shirt,L,Chocolate Truffle,45.00,45.0,USD,en-US,GB-R2-U4,14,forclaz-womens-merino-wool-long-sleeved-t-shirt-merino-resist-blue-356395,https://cdn.shopify.com/s/files/1/1330/6287/files/8926405-product_image-p2816069.jpg?v=1744157994,16
3608392436451,5445529,apparel,Long-sleeved t-shirt,Simond Women's Merino Resist Long-Sleeve T-Shirt,Simond Women's Merino Resist Long-Sleeve T-Shirt,XL,Chocolate Truffle,45.00,45.0,USD,en-US,GB-R2-U5,14,forclaz-womens-merino-wool-long-sleeved-t-shirt-merino-resist-blue-356395,https://cdn.shopify.com/s/files/1/1330/6287/files/8926405-product_image-p2816069.jpg?v=1744157994,16
3608392436635,5445501,apparel,Long-sleeved t-shirt,Simond Women's Merino Resist Long-Sleeve T-Shirt,Simond Women's Merino Resist Long-Sleeve T-Shirt,XS,Eclipse Blue,45.00,45.0,USD,en-US,GB-R2-U6,20,forclaz-womens-merino-wool-long-sleeved-t-shirt-merino-resist-blue-356395,https://cdn.shopify.com/s/files/1/1330/6287/files/8926405-product_image-p2816069.jpg?v=1744157994,16
3608392436659,5445503,apparel,Long-sleeved t-shirt,Simond Women's Merino Resist Long-Sleeve T-Shirt,Simond Women's Merino Resist Long-Sleeve T-Shirt,S,Eclipse Blue,45.00,45.0,USD,en-US,GB-R2-U7,14,forclaz-womens-merino-wool-long-sleeved-t-shirt-merino-resist-blue-356395,https://cdn.shopify.com/s/files/1/1330/6287/files/8926405-product_image-p2816069.jpg?v=1744157994,16
3608392436673,5445505,apparel,Long-sleeved t-shirt,Simond Women's Merino Resist Long-Sleeve T-Shirt,Simond Women's Merino Resist Long-Sleeve T-Shirt,M,Eclipse Blue,45.00,45.0,USD,en-US,GB-R3-U1,11,forclaz-womens-merino-wool-long-sleeved-t-shirt-merino-resist-blue-356395,https://cdn.shopify.com/s/files/1/1330/6287/files/8926405-product_image-p2816069.jpg?v=1744157994,16
3608392436697,5445507,apparel,Long-sleeved t-shirt,Simond Women's Merino Resist Long-Sleeve T-Shirt,Simond Women's Merino Resist Long-Sleeve T-Shirt,L,Eclipse Blue,45.00,45.0,USD,en-US,GB-R3-U2,21,forclaz-womens-merino-wool-long-sleeved-t-shirt-merino-resist-blue-356395,https://cdn.shopify.com/s/files/1/1330/6287/files/8926405-product_image-p2816069.jpg?v=1744157994,16
3608392436710,5445509,apparel,Long-sleeved t-shirt,Simond Women's Merino Resist Long-Sleeve T-Shirt,Simond Women's Merino Resist Long-Sleeve T-Shirt,XL,Eclipse Blue,45.00,45.0,USD,en-US,GB-R3-U3,11,forclaz-womens-merino-wool-long-sleeved-t-shirt-merino-resist-blue-356395,https://cdn.shopify.com/s/files/1/1330/6287/files/8926405-product_image-p2816069.jpg?v=1744157994,16
3608392441561,5275184,accessories,Fingerless gloves,Van Rysel 900 Cycling Gloves,Van Rysel 900 Cycling Gloves,S,Magnolia,20.00,20.0,USD,en-US,CO-IR,20,van-rysel-900-cycling-gloves-white-356209,https://cdn.shopify.com/s/files/1/1330/6287/files/8901066-product_image-p2893641.jpg?v=1746484282,2
3608392441585,5275186,accessories,Fingerless gloves,Van Rysel 900 Cycling Gloves,Van Rysel 900 Cycling Gloves,L,Magnolia,20.00,20.0,USD,en-US,GB-R5-U1,12,van-rysel-900-cycling-gloves-white-356209,https://cdn.shopify.com/s/files/1/1330/6287/files/8901066-product_image-p2893641.jpg?v=1746484282,2
3608392441592,5275187,accessories,Fingerless gloves,Van Rysel 900 Cycling Gloves,Van Rysel 900 Cycling Gloves,XL,Magnolia,20.00,20.0,USD,en-US,GB-R5-U2,18,van-rysel-900-cycling-gloves-white-356209,https://cdn.shopify.com/s/files/1/1330/6287/files/8901066-product_image-p2893641.jpg?v=1746484282,2
3608392441998,5275236,accessories,Fingerless gloves,Van Rysel RCR Road Cycling Gloves,Van Rysel RCR Road Cycling Gloves,S,Smoked Black,39.99,39.99,USD,en-US,GB-R5-U3,21,van-rysel-road-cycling-gloves-rcr-black-356247,https://cdn.shopify.com/s/files/1/1330/6287/files/8901073-product_image-p2928089.jpg?v=1749853836,14
3608392442407,5275188,accessories,Fingerless gloves,Van Rysel 900 Cycling Gloves,Van Rysel 900 Cycling Gloves,2XL,Magnolia,20.00,20.0,USD,en-US,GB-R5-U4,21,van-rysel-900-cycling-gloves-white-356209,https://cdn.shopify.com/s/files/1/1330/6287/files/8901066-product_image-p2893641.jpg?v=1746484282,2
3608392442605,5275237,accessories,Fingerless gloves,Van Rysel RCR Road Cycling Gloves,Van Rysel RCR Road Cycling Gloves,L,Smoked Black,39.99,39.99,USD,en-US,GB-R5-U5,23,van-rysel-road-cycling-gloves-rcr-black-356247,https://cdn.shopify.com/s/files/1/1330/6287/files/8901073-product_image-p2928089.jpg?v=1749853836,14
3608392442612,5275238,accessories,Fingerless gloves,Van Rysel RCR Road Cycling Gloves,Van Rysel RCR Road Cycling Gloves,M,Smoked Black,39.99,39.99,USD,en-US,GB-R5-U6,22,van-rysel-road-cycling-gloves-rcr-black-356247,https://cdn.shopify.com/s/files/1/1330/6287/files/8901073-product_image-p2928089.jpg?v=1749853836,14
3608392442629,5275239,accessories,Fingerless gloves,Van Rysel RCR Road Cycling Gloves,Van Rysel RCR Road Cycling Gloves,XL,Smoked Black,39.99,39.99,USD,en-US,GB-R5-U7,24,van-rysel-road-cycling-gloves-rcr-black-356247,https://cdn.shopify.com/s/files/1/1330/6287/files/8901073-product_image-p2928089.jpg?v=1749853836,14
3608392442636,5275240,accessories,Fingerless gloves,Van Rysel RCR Road Cycling Gloves,Van Rysel RCR Road Cycling Gloves,2XL,Smoked Black,39.99,39.99,USD,en-US,ACC-01,13,van-rysel-road-cycling-gloves-rcr-black-356247,https://cdn.shopify.com/s/files/1/1330/6287/files/8901073-product_image-p2928089.jpg?v=1749853836,14
3608392464195,5448745,accessories,Socks,Quechua Kids' Hike 100 Hiking Socks 2-Pack,Quechua Kids' Hike 100 Hiking Socks 2-Pack,7C - 9C,Pale Gray,5.00,5.0,USD,en-US,ACC-02,13,quechua-junior-hiking-socks-hike-100-grey-354170,https://cdn.shopify.com/s/files/1/1330/6287/files/8881152-product_image-p2823553.jpg?v=1749836113,8
3608392477201,5449873,apparel,Cycling bib shorts,Van Rysel Men's RCR 4 Cycling Bib Shorts,Van Rysel Men's RCR 4 Cycling Bib Shorts,S,Smoked Black,75.00,75.0,USD,en-US,GB-R3-U4,16,van-rysel-mens-road-cycling-summer-shorts-rcr-4-black-361030,https://cdn.shopify.com/s/files/1/1330/6287/files/8926798-product_image-p2868012.jpg?v=1746486992,10
3608392477218,5449874,apparel,Cycling bib shorts,Van Rysel Men's RCR 4 Cycling Bib Shorts,Van Rysel Men's RCR 4 Cycling Bib Shorts,M,Smoked Black,75.00,75.0,USD,en-US,GB-R3-U5,16,van-rysel-mens-road-cycling-summer-shorts-rcr-4-black-361030,https://cdn.shopify.com/s/files/1/1330/6287/files/8926798-product_image-p2868012.jpg?v=1746486992,10
3608392477225,5449875,apparel,Cycling bib shorts,Van Rysel Men's RCR 4 Cycling Bib Shorts,Van Rysel Men's RCR 4 Cycling Bib Shorts,L,Smoked Black,75.00,75.0,USD,en-US,GB-R3-U6,12,van-rysel-mens-road-cycling-summer-shorts-rcr-4-black-361030,https://cdn.shopify.com/s/files/1/1330/6287/files/8926798-product_image-p2868012.jpg?v=1746486992,10
3608392477232,5449876,apparel,Cycling bib shorts,Van Rysel Men's RCR 4 Cycling Bib Shorts,Van Rysel Men's RCR 4 Cycling Bib Shorts,XL,Smoked Black,75.00,75.0,USD,en-US,GB-R3-U7,19,van-rysel-mens-road-cycling-summer-shorts-rcr-4-black-361030,https://cdn.shopify.com/s/files/1/1330/6287/files/8926798-product_image-p2868012.jpg?v=1746486992,10
3608392477249,5449877,apparel,Cycling bib shorts,Van Rysel Men's RCR 4 Cycling Bib Shorts,Van Rysel Men's RCR 4 Cycling Bib Shorts,2XL,Smoked Black,75.00,75.0,USD,en-US,GB-R4-U1,20,van-rysel-mens-road-cycling-summer-shorts-rcr-4-black-361030,https://cdn.shopify.com/s/files/1/1330/6287/files/8926798-product_image-p2868012.jpg?v=1746486992,10
3608392549618,5463304,apparel,Fleece,Quechua Men’s NH900 Sherpa Hiking Fleece,Quechua Men’s NH900 Sherpa Hiking Fleece,S,Lunar Beige,90.00,90.0,USD,en-US,GB-R4-U2,15,quechua-mens-hiking-warm-sherpa-fleece-jacket-sh900-beige-360886-fw25,https://cdn.shopify.com/s/files/1/1330/6287/files/8930917-product_image-p2939120.jpg?v=1755561626,12
3608392549625,5463305,apparel,Fleece,Quechua Men’s NH900 Sherpa Hiking Fleece,Quechua Men’s NH900 Sherpa Hiking Fleece,M,Lunar Beige,90.00,90.0,USD,en-US,GB-R4-U3,17,quechua-mens-hiking-warm-sherpa-fleece-jacket-sh900-beige-360886-fw25,https://cdn.shopify.com/s/files/1/1330/6287/files/8930917-product_image-p2939120.jpg?v=1755561626,12
3608392549632,5463306,apparel,Fleece,Quechua Men’s NH900 Sherpa Hiking Fleece,Quechua Men’s NH900 Sherpa Hiking Fleece,L,Lunar Beige,90.00,90.0,USD,en-US,GB-R4-U4,12,quechua-mens-hiking-warm-sherpa-fleece-jacket-sh900-beige-360886-fw25,https://cdn.shopify.com/s/files/1/1330/6287/files/8930917-product_image-p2939120.jpg?v=1755561626,12
3608392549649,5463307,apparel,Fleece,Quechua Men’s NH900 Sherpa Hiking Fleece,Quechua Men’s NH900 Sherpa Hiking Fleece,XL,Lunar Beige,90.00,90.0,USD,en-US,GB-R4-U5,12,quechua-mens-hiking-warm-sherpa-fleece-jacket-sh900-beige-360886-fw25,https://cdn.shopify.com/s/files/1/1330/6287/files/8930917-product_image-p2939120.jpg?v=1755561626,12
3608392549656,5463308,apparel,Fleece,Quechua Men’s NH900 Sherpa Hiking Fleece,Quechua Men’s NH900 Sherpa Hiking Fleece,2XL,Lunar Beige,90.00,90.0,USD,en-US,GB-R4-U6,12,quechua-mens-hiking-warm-sherpa-fleece-jacket-sh900-beige-360886-fw25,https://cdn.shopify.com/s/files/1/1330/6287/files/8930917-product_image-p2939120.jpg?v=1755561626,12
3608392549663,5463309,apparel,Fleece,Quechua Men’s NH900 Sherpa Hiking Fleece,Quechua Men’s NH900 Sherpa Hiking Fleece,3XL,Lunar Beige,90.00,90.0,USD,en-US,GB-R4-U7,20,quechua-mens-hiking-warm-sherpa-fleece-jacket-sh900-beige-360886-fw25,https://cdn.shopify.com/s/files/1/1330/6287/files/8930917-product_image-p2939120.jpg?v=1755561626,12
3608392569647,5475815,apparel,Fleece,Quechua Women's NH900 Sherpa Hiking Fleece,Quechua Women's NH900 Sherpa Hiking Fleece,S,Verdigris,129.00,129.0,USD,en-US,FR-01,19,quechua-womens-hiking-warm-fleece-sh900-green-360476-fw25,https://cdn.shopify.com/s/files/1/1330/6287/files/8928723-product_image-p2937288.jpg?v=1755553819,6
3608392569654,5475816,apparel,Fleece,Quechua Women's NH900 Sherpa Hiking Fleece,Quechua Women's NH900 Sherpa Hiking Fleece,M,Verdigris,129.00,129.0,USD,en-US,FR-02,18,quechua-womens-hiking-warm-fleece-sh900-green-360476-fw25,https://cdn.shopify.com/s/files/1/1330/6287/files/8928723-product_image-p2937288.jpg?v=1755553819,6
3608392569661,5475817,apparel,Fleece,Quechua Women's NH900 Sherpa Hiking Fleece,Quechua Women's NH900 Sherpa Hiking Fleece,L,Verdigris,129.00,129.0,USD,en-US,FR-03,20,quechua-womens-hiking-warm-fleece-sh900-green-360476-fw25,https://cdn.shopify.com/s/files/1/1330/6287/files/8928723-product_image-p2937288.jpg?v=1755553819,6
3608392569678,5475818,apparel,Fleece,Quechua Women's NH900 Sherpa Hiking Fleece,Quechua Women's NH900 Sherpa Hiking Fleece,XL,Verdigris,129.00,129.0,USD,en-US,FR-04,17,quechua-womens-hiking-warm-fleece-sh900-green-360476-fw25,https://cdn.shopify.com/s/files/1/1330/6287/files/8928723-product_image-p2937288.jpg?v=1755553819,6
3608392569685,5475819,apparel,Fleece,Quechua Women's NH900 Sherpa Hiking Fleece,Quechua Women's NH900 Sherpa Hiking Fleece,2XL,Verdigris,129.00,129.0,USD,en-US,GF-R1-U1,18,quechua-womens-hiking-warm-fleece-sh900-green-360476-fw25,https://cdn.shopify.com/s/files/1/1330/6287/files/8928723-product_image-p2937288.jpg?v=1755553819,6
3608392569692,5475820,apparel,Fleece,Quechua Women's NH900 Sherpa Hiking Fleece,Quechua Women's NH900 Sherpa Hiking Fleece,3XL,Verdigris,129.00,129.0,USD,en-US,GF-R1-U2,14,quechua-womens-hiking-warm-fleece-sh900-green-360476-fw25,https://cdn.shopify.com/s/files/1/1330/6287/files/8928723-product_image-p2937288.jpg?v=1755553819,6
3608392603617,5484461,apparel,Short-sleeved jersey,Van Rysel Road Cycling Replica Jersey - AG2R La Mondiale Team,Van Rysel Road Cycling Replica Jersey - AG2R La Mondiale Team,S,Default Color,99.99,99.99,USD,en-US,GF-R1-U3,15,van-rysel-road-cycling-replica-jersey-ag2r-la-mondiale-team-355348,https://cdn.shopify.com/s/files/1/1330/6287/files/8931606-product_image-p2824467.jpg?v=1744932398,13
3608392603624,5484462,apparel,Short-sleeved jersey,Van Rysel Road Cycling Replica Jersey - AG2R La Mondiale Team,Van Rysel Road Cycling Replica Jersey - AG2R La Mondiale Team,M,Default Color,99.99,99.99,USD,en-US,GF-R1-U4,20,van-rysel-road-cycling-replica-jersey-ag2r-la-mondiale-team-355348,https://cdn.shopify.com/s/files/1/1330/6287/files/8931606-product_image-p2824467.jpg?v=1744932398,13
3608392603631,5484463,apparel,Short-sleeved jersey,Van Rysel Road Cycling Replica Jersey - AG2R La Mondiale Team,Van Rysel Road Cycling Replica Jersey - AG2R La Mondiale Team,L,Default Color,99.99,99.99,USD,en-US,GF-R1-U5,19,van-rysel-road-cycling-replica-jersey-ag2r-la-mondiale-team-355348,https://cdn.shopify.com/s/files/1/1330/6287/files/8931606-product_image-p2824467.jpg?v=1744932398,13
3608392603648,5484464,apparel,Short-sleeved jersey,Van Rysel Road Cycling Replica Jersey - AG2R La Mondiale Team,Van Rysel Road Cycling Replica Jersey - AG2R La Mondiale Team,XL,Default Color,99.99,99.99,USD,en-US,GF-R1-U6,12,van-rysel-road-cycling-replica-jersey-ag2r-la-mondiale-team-355348,https://cdn.shopify.com/s/files/1/1330/6287/files/8931606-product_image-p2824467.jpg?v=1744932398,13
3608392603655,5484465,apparel,Short-sleeved jersey,Van Rysel Road Cycling Replica Jersey - AG2R La Mondiale Team,Van Rysel Road Cycling Replica Jersey - AG2R La Mondiale Team,2XL,Default Color,99.99,99.99,USD,en-US,GF-R1-U7,13,van-rysel-road-cycling-replica-jersey-ag2r-la-mondiale-team-355348,https://cdn.shopify.com/s/files/1/1330/6287/files/8931606-product_image-p2824467.jpg?v=1744932398,13
3608392616020,5485697,bag_pack,Belt bag,2 pocket Waterproof BumBag,2 pocket Waterproof BumBag,OS,Khaki Gray,29.99,29.99,USD,en-US,GF-R5-U1,5,2-pocket-waterproof-bumbag,https://cdn.shopify.com/s/files/1/1330/6287/files/default_0d7fb7f8-f7a6-4c4d-8b84-b3e66c14e190.jpg?v=1775495660,7
3608392677595,5491591,outdoor,Road bike,Van Rysel RCR Pro Force AXS,Van Rysel RCR Pro Force AXS,XS,Midnight Blue,6999.00,6999.0,USD,en-US,GF-R8-U3,1,van-rysel-rcr-pro-force-pwr-blue-362495,https://cdn.shopify.com/s/files/1/1330/6287/files/VANRYSELRCRPROFORCEPWRAXSMIDNIGHTBLUEPE24-8892142-001---Expireson15-07-2033.jpg?v=1760092000,10
3608392678301,5491592,outdoor,Road bike,Van Rysel RCR Pro Force AXS,Van Rysel RCR Pro Force AXS,L,Midnight Blue,6999.00,6999.0,USD,en-US,GF-R8-U4,1,van-rysel-rcr-pro-force-pwr-blue-362495,https://cdn.shopify.com/s/files/1/1330/6287/files/VANRYSELRCRPROFORCEPWRAXSMIDNIGHTBLUEPE24-8892142-001---Expireson15-07-2033.jpg?v=1760092000,10
3608392678318,5491593,outdoor,Road bike,Van Rysel RCR Pro Force AXS,Van Rysel RCR Pro Force AXS,XL,Midnight Blue,6999.00,6999.0,USD,en-US,GF-R8-U5,1,van-rysel-rcr-pro-force-pwr-blue-362495,https://cdn.shopify.com/s/files/1/1330/6287/files/VANRYSELRCRPROFORCEPWRAXSMIDNIGHTBLUEPE24-8892142-001---Expireson15-07-2033.jpg?v=1760092000,10
3608392678325,5501881,outdoor,Road bike,Van Rysel RCR Pro Force AXS,Van Rysel RCR Pro Force AXS,S,Midnight Blue,6999.00,6999.0,USD,en-US,GF-R8-U6,1,van-rysel-rcr-pro-force-pwr-blue-362495,https://cdn.shopify.com/s/files/1/1330/6287/files/VANRYSELRCRPROFORCEPWRAXSMIDNIGHTBLUEPE24-8892142-001---Expireson15-07-2033.jpg?v=1760092000,10
3608392678332,5503502,outdoor,Road bike,Van Rysel RCR Pro Force AXS,Van Rysel RCR Pro Force AXS,M,Midnight Blue,6999.00,6999.0,USD,en-US,GF-R8-U7,1,van-rysel-rcr-pro-force-pwr-blue-362495,https://cdn.shopify.com/s/files/1/1330/6287/files/VANRYSELRCRPROFORCEPWRAXSMIDNIGHTBLUEPE24-8892142-001---Expireson15-07-2033.jpg?v=1760092000,10
3608392695988,2686357,apparel,Ski pants,Wedze Men's 500 Warm Waterproof Snow Pants,Wedze Men's 500 Warm Waterproof Snow Pants,3XL,Smoked Black,119.00,119.0,USD,en-US,GF-R2-U1,12,wedze-mens-warm-ski-pants-regular-500-black-141936-fw25,https://cdn.shopify.com/s/files/1/1330/6287/products/8545714-product_image-1691901.jpg?v=1693307856,8
3608392744020,,outdoor,Road bike,Van Rysel RCR Pro Replica Dura Ace Road Bike - Di2 AG2R Team,Van Rysel RCR Pro Replica Dura Ace Road Bike - Di2 AG2R Team,XS,Charcoal,11599.00,11599.0,USD,en-US,GB-R6-U1,3,van-rysel-rcr-pro-replica-dura-ace-road-bike-di2-ag2r-team-355688,https://cdn.shopify.com/s/files/1/1330/6287/files/8885221-product_image-p2693528.webp?v=1726087541,16
3608392744037,,outdoor,Road bike,Van Rysel RCR Pro Replica Dura Ace Road Bike - Di2 AG2R Team,Van Rysel RCR Pro Replica Dura Ace Road Bike - Di2 AG2R Team,S,Charcoal,11599.00,11599.0,USD,en-US,GB-R6-U2,2,van-rysel-rcr-pro-replica-dura-ace-road-bike-di2-ag2r-team-355688,https://cdn.shopify.com/s/files/1/1330/6287/files/8885221-product_image-p2693528.webp?v=1726087541,16
3608392744044,,outdoor,Road bike,Van Rysel RCR Pro Replica Dura Ace Road Bike - Di2 AG2R Team,Van Rysel RCR Pro Replica Dura Ace Road Bike - Di2 AG2R Team,M,Charcoal,11599.00,11599.0,USD,en-US,GB-R6-U3,2,van-rysel-rcr-pro-replica-dura-ace-road-bike-di2-ag2r-team-355688,https://cdn.shopify.com/s/files/1/1330/6287/files/8885221-product_image-p2693528.webp?v=1726087541,16
3608392744051,,outdoor,Road bike,Van Rysel RCR Pro Replica Dura Ace Road Bike - Di2 AG2R Team,Van Rysel RCR Pro Replica Dura Ace Road Bike - Di2 AG2R Team,L,Charcoal,11599.00,11599.0,USD,en-US,GB-R6-U4,1,van-rysel-rcr-pro-replica-dura-ace-road-bike-di2-ag2r-team-355688,https://cdn.shopify.com/s/files/1/1330/6287/files/8885221-product_image-p2693528.webp?v=1726087541,16
3608392744068,,outdoor,Road bike,Van Rysel RCR Pro Replica Dura Ace Road Bike - Di2 AG2R Team,Van Rysel RCR Pro Replica Dura Ace Road Bike - Di2 AG2R Team,XL,Charcoal,11599.00,11599.0,USD,en-US,GB-R6-U5,2,van-rysel-rcr-pro-replica-dura-ace-road-bike-di2-ag2r-team-355688,https://cdn.shopify.com/s/files/1/1330/6287/files/8885221-product_image-p2693528.webp?v=1726087541,16
3608392757631,5509391,apparel,Ski suit,Wedze Kids' 100 Warm Waterproof Snowsuit,Wedze Kids' 100 Warm Waterproof Snowsuit,10-11 Years / 55''-59'',Black,74.99,74.99,USD,en-US,GF-R2-U2,20,wedze-kids-warm-ski-suit-5-13-years-ski100-black-355560-fw25,https://cdn.shopify.com/s/files/1/1330/6287/files/8938121-product_image-p2911633.jpg?v=1755561555,10
3608392757648,5509392,apparel,Ski suit,Wedze Kids' 100 Warm Waterproof Snowsuit,Wedze Kids' 100 Warm Waterproof Snowsuit,12-13 Years / 59''-63'',Black,74.99,74.99,USD,en-US,GF-R2-U3,18,wedze-kids-warm-ski-suit-5-13-years-ski100-black-355560-fw25,https://cdn.shopify.com/s/files/1/1330/6287/files/8938121-product_image-p2911633.jpg?v=1755561555,10
3608392758300,5509425,apparel,Jacket,Wedze Kids' 100 Warm Waterproof Ski Jacket,Wedze Kids' 100 Warm Waterproof Ski Jacket,"5-6 Years / 3'7""-4'",Carbon Gray,49.99,49.99,USD,en-US,GF-R2-U4,19,wedze-kids-warm-ski-jacket-5-13-years-ski100-blue-and-grey-352802-fw25,https://cdn.shopify.com/s/files/1/1330/6287/files/8938129-product_image-p2912012.jpg?v=1755561450,9
3608392758317,5509426,apparel,Jacket,Wedze Kids' 100 Warm Waterproof Ski Jacket,Wedze Kids' 100 Warm Waterproof Ski Jacket,7-8 Years / 48''-51'',Carbon Gray,49.99,49.99,USD,en-US,GF-R2-U5,16,wedze-kids-warm-ski-jacket-5-13-years-ski100-blue-and-grey-352802-fw25,https://cdn.shopify.com/s/files/1/1330/6287/files/8938129-product_image-p2912012.jpg?v=1755561450,9
3608392758324,5509431,apparel,Jacket,Wedze Kids' 100 Warm Waterproof Ski Jacket,Wedze Kids' 100 Warm Waterproof Ski Jacket,8-9 Years / 52''-55'',Carbon Gray,49.99,49.99,USD,en-US,GF-R2-U6,13,wedze-kids-warm-ski-jacket-5-13-years-ski100-blue-and-grey-352802-fw25,https://cdn.shopify.com/s/files/1/1330/6287/files/8938129-product_image-p2912012.jpg?v=1755561450,9
3608392758331,5509432,apparel,Jacket,Wedze Kids' 100 Warm Waterproof Ski Jacket,Wedze Kids' 100 Warm Waterproof Ski Jacket,10-11 Years / 55''-59'',Carbon Gray,49.99,49.99,USD,en-US,GF-R2-U7,9,wedze-kids-warm-ski-jacket-5-13-years-ski100-blue-and-grey-352802-fw25,https://cdn.shopify.com/s/files/1/1330/6287/files/8938129-product_image-p2912012.jpg?v=1755561450,9
3608392758348,5509433,apparel,Jacket,Wedze Kids' 100 Warm Waterproof Ski Jacket,Wedze Kids' 100 Warm Waterproof Ski Jacket,12-13 Years / 59''-63'',Carbon Gray,49.99,49.99,USD,en-US,GF-R3-U1,11,wedze-kids-warm-ski-jacket-5-13-years-ski100-blue-and-grey-352802-fw25,https://cdn.shopify.com/s/files/1/1330/6287/files/8938129-product_image-p2912012.jpg?v=1755561450,9
3608392794292,5475667,footwear,Shoes,Quechua Men's NH500 Warm Waterproof Mid Leather Hiking Boots,Quechua Men's NH500 Warm Waterproof Mid Leather Hiking Boots,11.5,Golden Chestnut,80.00,80.0,USD,en-US,PW-02,9,quechua-mens-warm-leather-hiking-boots-nh500-mid-leather-hybrid-brown-350703-fw25,https://cdn.shopify.com/s/files/1/1330/6287/files/8928705-product_image-p2904624.jpg?v=1767026953,7
3608392796104,5475668,footwear,Shoes,Quechua Men's NH500 Warm Waterproof Mid Leather Hiking Boots,Quechua Men's NH500 Warm Waterproof Mid Leather Hiking Boots,10.5,Golden Chestnut,80.00,80.0,USD,en-US,PW-03,9,quechua-mens-warm-leather-hiking-boots-nh500-mid-leather-hybrid-brown-350703-fw25,https://cdn.shopify.com/s/files/1/1330/6287/files/8928705-product_image-p2904624.jpg?v=1767026953,7
3608392796111,5475669,footwear,Shoes,Quechua Men's NH500 Warm Waterproof Mid Leather Hiking Boots,Quechua Men's NH500 Warm Waterproof Mid Leather Hiking Boots,9.5,Golden Chestnut,80.00,80.0,USD,en-US,PW-04,12,quechua-mens-warm-leather-hiking-boots-nh500-mid-leather-hybrid-brown-350703-fw25,https://cdn.shopify.com/s/files/1/1330/6287/files/8928705-product_image-p2904624.jpg?v=1767026953,7
3608392796128,5475670,footwear,Shoes,Quechua Men's NH500 Warm Waterproof Mid Leather Hiking Boots,Quechua Men's NH500 Warm Waterproof Mid Leather Hiking Boots,9,Golden Chestnut,80.00,80.0,USD,en-US,PW-05,13,quechua-mens-warm-leather-hiking-boots-nh500-mid-leather-hybrid-brown-350703-fw25,https://cdn.shopify.com/s/files/1/1330/6287/files/8928705-product_image-p2904624.jpg?v=1767026953,7
3608392796135,5475671,footwear,Shoes,Quechua Men's NH500 Warm Waterproof Mid Leather Hiking Boots,Quechua Men's NH500 Warm Waterproof Mid Leather Hiking Boots,12,Golden Chestnut,80.00,80.0,USD,en-US,PW-06,8,quechua-mens-warm-leather-hiking-boots-nh500-mid-leather-hybrid-brown-350703-fw25,https://cdn.shopify.com/s/files/1/1330/6287/files/8928705-product_image-p2904624.jpg?v=1767026953,7
3608392796142,5475672,footwear,Shoes,Quechua Men's NH500 Warm Waterproof Mid Leather Hiking Boots,Quechua Men's NH500 Warm Waterproof Mid Leather Hiking Boots,13,Golden Chestnut,80.00,80.0,USD,en-US,PW-07,13,quechua-mens-warm-leather-hiking-boots-nh500-mid-leather-hybrid-brown-350703-fw25,https://cdn.shopify.com/s/files/1/1330/6287/files/8928705-product_image-p2904624.jpg?v=1767026953,7
3608392796159,5475673,footwear,Shoes,Quechua Men's NH500 Warm Waterproof Mid Leather Hiking Boots,Quechua Men's NH500 Warm Waterproof Mid Leather Hiking Boots,8,Golden Chestnut,80.00,80.0,USD,en-US,PW-08,8,quechua-mens-warm-leather-hiking-boots-nh500-mid-leather-hybrid-brown-350703-fw25,https://cdn.shopify.com/s/files/1/1330/6287/files/8928705-product_image-p2904624.jpg?v=1767026953,7
3608392796166,5475674,footwear,Shoes,Quechua Men's NH500 Warm Waterproof Mid Leather Hiking Boots,Quechua Men's NH500 Warm Waterproof Mid Leather Hiking Boots,7.5,Golden Chestnut,80.00,80.0,USD,en-US,PE-01,6,quechua-mens-warm-leather-hiking-boots-nh500-mid-leather-hybrid-brown-350703-fw25,https://cdn.shopify.com/s/files/1/1330/6287/files/8928705-product_image-p2904624.jpg?v=1767026953,7
3608392796173,5475675,footwear,Shoes,Quechua Men's NH500 Warm Waterproof Mid Leather Hiking Boots,Quechua Men's NH500 Warm Waterproof Mid Leather Hiking Boots,6.5,Golden Chestnut,80.00,80.0,USD,en-US,PE-02,13,quechua-mens-warm-leather-hiking-boots-nh500-mid-leather-hybrid-brown-350703-fw25,https://cdn.shopify.com/s/files/1/1330/6287/files/8928705-product_image-p2904624.jpg?v=1767026953,7
3608392796548,5057675,footwear,Snow boots,Quechua Men’s NH100 Warm Waterproof Easy-On Snow Hiking Boots,Quechua Men’s NH100 Warm Waterproof Easy-On Snow Hiking Boots,6.5,Smoked Black,45.00,45.0,USD,en-US,PE-03,12,quechua-mens-waterproof-snow-hiking-boots-nh100-high-top-zip-black-351123-fw25,https://cdn.shopify.com/s/files/1/1330/6287/files/8851794-product_image-p2904869.jpg?v=1755553663,8
3608392796555,5057676,footwear,Snow boots,Quechua Men’s NH100 Warm Waterproof Easy-On Snow Hiking Boots,Quechua Men’s NH100 Warm Waterproof Easy-On Snow Hiking Boots,7.5,Smoked Black,45.00,45.0,USD,en-US,PE-04,12,quechua-mens-waterproof-snow-hiking-boots-nh100-high-top-zip-black-351123-fw25,https://cdn.shopify.com/s/files/1/1330/6287/files/8851794-product_image-p2904869.jpg?v=1755553663,8
3608392796562,5057677,footwear,Snow boots,Quechua Men’s NH100 Warm Waterproof Easy-On Snow Hiking Boots,Quechua Men’s NH100 Warm Waterproof Easy-On Snow Hiking Boots,8,Smoked Black,45.00,45.0,USD,en-US,PE-05,9,quechua-mens-waterproof-snow-hiking-boots-nh100-high-top-zip-black-351123-fw25,https://cdn.shopify.com/s/files/1/1330/6287/files/8851794-product_image-p2904869.jpg?v=1755553663,8
3608392796579,5057678,footwear,Snow boots,Quechua Men’s NH100 Warm Waterproof Easy-On Snow Hiking Boots,Quechua Men’s NH100 Warm Waterproof Easy-On Snow Hiking Boots,9,Smoked Black,45.00,45.0,USD,en-US,FB-01,10,quechua-mens-waterproof-snow-hiking-boots-nh100-high-top-zip-black-351123-fw25,https://cdn.shopify.com/s/files/1/1330/6287/files/8851794-product_image-p2904869.jpg?v=1755553663,8
3608392796586,5057679,footwear,Snow boots,Quechua Men’s NH100 Warm Waterproof Easy-On Snow Hiking Boots,Quechua Men’s NH100 Warm Waterproof Easy-On Snow Hiking Boots,9.5,Smoked Black,45.00,45.0,USD,en-US,GA-01,11,quechua-mens-waterproof-snow-hiking-boots-nh100-high-top-zip-black-351123-fw25,https://cdn.shopify.com/s/files/1/1330/6287/files/8851794-product_image-p2904869.jpg?v=1755553663,8
3608392796593,5057680,footwear,Snow boots,Quechua Men’s NH100 Warm Waterproof Easy-On Snow Hiking Boots,Quechua Men’s NH100 Warm Waterproof Easy-On Snow Hiking Boots,10.5,Smoked Black,45.00,45.0,USD,en-US,GA-02,13,quechua-mens-waterproof-snow-hiking-boots-nh100-high-top-zip-black-351123-fw25,https://cdn.shopify.com/s/files/1/1330/6287/files/8851794-product_image-p2904869.jpg?v=1755553663,8
3608392796906,5057681,footwear,Snow boots,Quechua Men’s NH100 Warm Waterproof Easy-On Snow Hiking Boots,Quechua Men’s NH100 Warm Waterproof Easy-On Snow Hiking Boots,11.5,Smoked Black,45.00,45.0,USD,en-US,PW-01,10,quechua-mens-waterproof-snow-hiking-boots-nh100-high-top-zip-black-351123-fw25,https://cdn.shopify.com/s/files/1/1330/6287/files/8851794-product_image-p2904869.jpg?v=1755553663,8
3608392796913,5057682,footwear,Snow boots,Quechua Men’s NH100 Warm Waterproof Easy-On Snow Hiking Boots,Quechua Men’s NH100 Warm Waterproof Easy-On Snow Hiking Boots,12,Smoked Black,45.00,45.0,USD,en-US,PW-02,10,quechua-mens-waterproof-snow-hiking-boots-nh100-high-top-zip-black-351123-fw25,https://cdn.shopify.com/s/files/1/1330/6287/files/8851794-product_image-p2904869.jpg?v=1755553663,8
3608392796920,5057683,footwear,Snow boots,Quechua Men’s NH100 Warm Waterproof Easy-On Snow Hiking Boots,Quechua Men’s NH100 Warm Waterproof Easy-On Snow Hiking Boots,13,Smoked Black,45.00,45.0,USD,en-US,PW-03,7,quechua-mens-waterproof-snow-hiking-boots-nh100-high-top-zip-black-351123-fw25,https://cdn.shopify.com/s/files/1/1330/6287/files/8851794-product_image-p2904869.jpg?v=1755553663,8
3608392804090,5517919,apparel,Long-sleeved jersey,Van Rysel Unisex RCR 2 Long-Sleeved Fleece-Lined Cycling Jersey,Van Rysel Unisex RCR 2 Long-Sleeved Fleece-Lined Cycling Jersey,S,Abyss Gray,60.00,60.0,USD,en-US,GF-R3-U2,16,van-rysel-unisex-mid-season-long-sleeved-road-cycling-jersey-racer-2-347689-fw25-1,https://cdn.shopify.com/s/files/1/1330/6287/files/8939891-product_image-p2993385.jpg?v=1755561417,7
3608392804700,5517920,apparel,Long-sleeved jersey,Van Rysel Unisex RCR 2 Long-Sleeved Fleece-Lined Cycling Jersey,Van Rysel Unisex RCR 2 Long-Sleeved Fleece-Lined Cycling Jersey,M,Abyss Gray,60.00,60.0,USD,en-US,GF-R3-U3,16,van-rysel-unisex-mid-season-long-sleeved-road-cycling-jersey-racer-2-347689-fw25-1,https://cdn.shopify.com/s/files/1/1330/6287/files/8939891-product_image-p2993385.jpg?v=1755561417,7
3608392804717,5517921,apparel,Long-sleeved jersey,Van Rysel Unisex RCR 2 Long-Sleeved Fleece-Lined Cycling Jersey,Van Rysel Unisex RCR 2 Long-Sleeved Fleece-Lined Cycling Jersey,XL,Abyss Gray,60.00,60.0,USD,en-US,GF-R3-U4,15,van-rysel-unisex-mid-season-long-sleeved-road-cycling-jersey-racer-2-347689-fw25-1,https://cdn.shopify.com/s/files/1/1330/6287/files/8939891-product_image-p2993385.jpg?v=1755561417,7
3608392804724,5517922,apparel,Long-sleeved jersey,Van Rysel Unisex RCR 2 Long-Sleeved Fleece-Lined Cycling Jersey,Van Rysel Unisex RCR 2 Long-Sleeved Fleece-Lined Cycling Jersey,L,Abyss Gray,60.00,60.0,USD,en-US,GF-R3-U5,19,van-rysel-unisex-mid-season-long-sleeved-road-cycling-jersey-racer-2-347689-fw25-1,https://cdn.shopify.com/s/files/1/1330/6287/files/8939891-product_image-p2993385.jpg?v=1755561417,7
3608392804731,5517923,apparel,Long-sleeved jersey,Van Rysel Unisex RCR 2 Long-Sleeved Fleece-Lined Cycling Jersey,Van Rysel Unisex RCR 2 Long-Sleeved Fleece-Lined Cycling Jersey,2XL,Abyss Gray,60.00,60.0,USD,en-US,GF-R3-U6,11,van-rysel-unisex-mid-season-long-sleeved-road-cycling-jersey-racer-2-347689-fw25-1,https://cdn.shopify.com/s/files/1/1330/6287/files/8939891-product_image-p2993385.jpg?v=1755561417,7
3608392810947,4538037,footwear,Snow boots,Quechua Kids' NH100 Warm Waterproof Snow Boots,Quechua Kids' NH100 Warm Waterproof Snow Boots,7.5C,Smoked Black,28.00,28.0,USD,en-US,PW-04,10,quechua-kids-snow-boots-uk-sizes-jnr-7-45-sh100-warm-black-339525-fw25,https://cdn.shopify.com/s/files/1/1330/6287/files/8740035-product_image-p2904732.jpg?v=1759159682,8
3608392810954,4538038,footwear,Snow boots,Quechua Kids' NH100 Warm Waterproof Snow Boots,Quechua Kids' NH100 Warm Waterproof Snow Boots,8.5C,Smoked Black,28.00,28.0,USD,en-US,PW-05,7,quechua-kids-snow-boots-uk-sizes-jnr-7-45-sh100-warm-black-339525-fw25,https://cdn.shopify.com/s/files/1/1330/6287/files/8740035-product_image-p2904732.jpg?v=1759159682,8
3608392810961,4538039,footwear,Snow boots,Quechua Kids' NH100 Warm Waterproof Snow Boots,Quechua Kids' NH100 Warm Waterproof Snow Boots,9C,Smoked Black,28.00,28.0,USD,en-US,PW-06,8,quechua-kids-snow-boots-uk-sizes-jnr-7-45-sh100-warm-black-339525-fw25,https://cdn.shopify.com/s/files/1/1330/6287/files/8740035-product_image-p2904732.jpg?v=1759159682,8
3608392810978,4538040,footwear,Snow boots,Quechua Kids' NH100 Warm Waterproof Snow Boots,Quechua Kids' NH100 Warm Waterproof Snow Boots,10C,Smoked Black,28.00,28.0,USD,en-US,PW-07,7,quechua-kids-snow-boots-uk-sizes-jnr-7-45-sh100-warm-black-339525-fw25,https://cdn.shopify.com/s/files/1/1330/6287/files/8740035-product_image-p2904732.jpg?v=1759159682,8
3608392810985,4538041,footwear,Snow boots,Quechua Kids' NH100 Warm Waterproof Snow Boots,Quechua Kids' NH100 Warm Waterproof Snow Boots,10.5C,Smoked Black,28.00,28.0,USD,en-US,PW-08,10,quechua-kids-snow-boots-uk-sizes-jnr-7-45-sh100-warm-black-339525-fw25,https://cdn.shopify.com/s/files/1/1330/6287/files/8740035-product_image-p2904732.jpg?v=1759159682,8
3608392810992,4538042,footwear,Snow boots,Quechua Kids' NH100 Warm Waterproof Snow Boots,Quechua Kids' NH100 Warm Waterproof Snow Boots,11.5C,Smoked Black,28.00,28.0,USD,en-US,PE-01,8,quechua-kids-snow-boots-uk-sizes-jnr-7-45-sh100-warm-black-339525-fw25,https://cdn.shopify.com/s/files/1/1330/6287/files/8740035-product_image-p2904732.jpg?v=1759159682,8
3608392811500,4538043,footwear,Snow boots,Quechua Kids' NH100 Warm Waterproof Snow Boots,Quechua Kids' NH100 Warm Waterproof Snow Boots,12.5C,Smoked Black,28.00,28.0,USD,en-US,PE-02,6,quechua-kids-snow-boots-uk-sizes-jnr-7-45-sh100-warm-black-339525-fw25,https://cdn.shopify.com/s/files/1/1330/6287/files/8740035-product_image-p2904732.jpg?v=1759159682,8
3608392811517,4538044,footwear,Snow boots,Quechua Kids' NH100 Warm Waterproof Snow Boots,Quechua Kids' NH100 Warm Waterproof Snow Boots,13C,Smoked Black,28.00,28.0,USD,en-US,PE-03,10,quechua-kids-snow-boots-uk-sizes-jnr-7-45-sh100-warm-black-339525-fw25,https://cdn.shopify.com/s/files/1/1330/6287/files/8740035-product_image-p2904732.jpg?v=1759159682,8
3608392811524,4538045,footwear,Snow boots,Quechua Kids' NH100 Warm Waterproof Snow Boots,Quechua Kids' NH100 Warm Waterproof Snow Boots,1,Smoked Black,28.00,28.0,USD,en-US,PE-04,6,quechua-kids-snow-boots-uk-sizes-jnr-7-45-sh100-warm-black-339525-fw25,https://cdn.shopify.com/s/files/1/1330/6287/files/8740035-product_image-p2904732.jpg?v=1759159682,8
3608392811531,4538046,footwear,Snow boots,Quechua Kids' NH100 Warm Waterproof Snow Boots,Quechua Kids' NH100 Warm Waterproof Snow Boots,2,Smoked Black,28.00,28.0,USD,en-US,PE-05,8,quechua-kids-snow-boots-uk-sizes-jnr-7-45-sh100-warm-black-339525-fw25,https://cdn.shopify.com/s/files/1/1330/6287/files/8740035-product_image-p2904732.jpg?v=1759159682,8
3608392811548,4538047,footwear,Snow boots,Quechua Kids' NH100 Warm Waterproof Snow Boots,Quechua Kids' NH100 Warm Waterproof Snow Boots,2.5,Smoked Black,28.00,28.0,USD,en-US,FB-01,8,quechua-kids-snow-boots-uk-sizes-jnr-7-45-sh100-warm-black-339525-fw25,https://cdn.shopify.com/s/files/1/1330/6287/files/8740035-product_image-p2904732.jpg?v=1759159682,8
3608392811555,4538048,footwear,Snow boots,Quechua Kids' NH100 Warm Waterproof Snow Boots,Quechua Kids' NH100 Warm Waterproof Snow Boots,W5 / M3.5,Smoked Black,28.00,28.0,USD,en-US,GA-01,12,quechua-kids-snow-boots-uk-sizes-jnr-7-45-sh100-warm-black-339525-fw25,https://cdn.shopify.com/s/files/1/1330/6287/files/8740035-product_image-p2904732.jpg?v=1759159682,8
3608392811562,4538049,footwear,Snow boots,Quechua Kids' NH100 Warm Waterproof Snow Boots,Quechua Kids' NH100 Warm Waterproof Snow Boots,W5.5 / M4,Smoked Black,28.00,28.0,USD,en-US,GA-02,12,quechua-kids-snow-boots-uk-sizes-jnr-7-45-sh100-warm-black-339525-fw25,https://cdn.shopify.com/s/files/1/1330/6287/files/8740035-product_image-p2904732.jpg?v=1759159682,8
3608392811579,4538050,footwear,Snow boots,Quechua Kids' NH100 Warm Waterproof Snow Boots,Quechua Kids' NH100 Warm Waterproof Snow Boots,W6.5 / M5,Smoked Black,28.00,28.0,USD,en-US,PW-01,9,quechua-kids-snow-boots-uk-sizes-jnr-7-45-sh100-warm-black-339525-fw25,https://cdn.shopify.com/s/files/1/1330/6287/files/8740035-product_image-p2904732.jpg?v=1759159682,8
3608392811586,4538051,footwear,Snow boots,Quechua Kids' NH100 Warm Waterproof Snow Boots,Quechua Kids' NH100 Warm Waterproof Snow Boots,W7.5 / M6,Smoked Black,28.00,28.0,USD,en-US,PW-02,11,quechua-kids-snow-boots-uk-sizes-jnr-7-45-sh100-warm-black-339525-fw25,https://cdn.shopify.com/s/files/1/1330/6287/files/8740035-product_image-p2904732.jpg?v=1759159682,8
3608392812019,5525007,accessories,Beanie,Wedze Kids' Fisherman Knit Beanie,Wedze Kids' Fisherman Knit Beanie,One Size,Fluo Neon Pink,12.99,12.99,USD,en-US,ACC-03,15,childrens-ski-fisherman-hat-fw25,https://cdn.shopify.com/s/files/1/1330/6287/files/8940437-BONNET_FISHERMAN_500_JR_ROSE_C13B_AH26_-_8940437_-_001_---_Expires_on_21-08-2035.jpg?v=1758662519,19
3608392812392,5533078,accessories,Beanie,Wedze Rider 500 Reversible Knit Beanie,Wedze Rider 500 Reversible Knit Beanie,M 21.9'-22.9',Sweet Pink,17.99,17.99,USD,en-US,ACC-04,17,wedze-adult-reversible-hat-rider-500-pink-353824-fw25,https://cdn.shopify.com/s/files/1/1330/6287/files/8940552-WEDZE_BONNET_RIDER_500_BLACK_AH26_-_8940552_-_001_---_Expires_on_18-08-2035.jpg?v=1758661560,17
3608392812750,5530700,accessories,Beanie,Wedze Rider 500 Reversible Knit Beanie,Wedze Rider 500 Reversible Knit Beanie,M 21.9'-22.9',Smoked Black,17.99,17.99,USD,en-US,CO-IR,24,wedze-adult-reversible-hat-rider-500-pink-353824-fw25,https://cdn.shopify.com/s/files/1/1330/6287/files/8940552-WEDZE_BONNET_RIDER_500_BLACK_AH26_-_8940552_-_001_---_Expires_on_18-08-2035.jpg?v=1758661560,17
3608392813207,5532242,accessories,Beanie,Wedze Rider 500 Reversible Knit Beanie,Wedze Rider 500 Reversible Knit Beanie,M 21.9'-22.9',Hazelnut,17.99,17.99,USD,en-US,GB-R5-U1,18,wedze-adult-reversible-hat-rider-500-pink-353824-fw25,https://cdn.shopify.com/s/files/1/1330/6287/files/8940552-WEDZE_BONNET_RIDER_500_BLACK_AH26_-_8940552_-_001_---_Expires_on_18-08-2035.jpg?v=1758661560,17
3608392874444,5526050,apparel,Ski suit,Wedze Kids' 500 Adjustable Waterproof Snowsuit,Wedze Kids' 500 Adjustable Waterproof Snowsuit,"12-8 Months / 2'3""-2'7""",Ash Blue,69.99,69.99,USD,en-US,GF-R3-U7,10,wedze-toddlers-warm-and-adjustable-ski-suit-500-1-5-years-turquoise-353082-fw25,https://cdn.shopify.com/s/files/1/1330/6287/files/8942377-product_image-p2945542.jpg?v=1755561487,6
3608392874451,5526051,apparel,Ski suit,Wedze Kids' 500 Adjustable Waterproof Snowsuit,Wedze Kids' 500 Adjustable Waterproof Snowsuit,"24 Months-3 Years / 2'7""-3'1""",Ash Blue,69.99,69.99,USD,en-US,GF-R4-U1,20,wedze-toddlers-warm-and-adjustable-ski-suit-500-1-5-years-turquoise-353082-fw25,https://cdn.shopify.com/s/files/1/1330/6287/files/8942377-product_image-p2945542.jpg?v=1755561487,6
3608392874468,5526052,apparel,Ski suit,Wedze Kids' 500 Adjustable Waterproof Snowsuit,Wedze Kids' 500 Adjustable Waterproof Snowsuit,"3-5years/3'4""-3'7""",Ash Blue,69.99,69.99,USD,en-US,GF-R4-U2,14,wedze-toddlers-warm-and-adjustable-ski-suit-500-1-5-years-turquoise-353082-fw25,https://cdn.shopify.com/s/files/1/1330/6287/files/8942377-product_image-p2945542.jpg?v=1755561487,6
3608392926297,5476037,apparel,Jacket,Kiprun Men's 500 Waterproof Trail Running Jacket,Kiprun Men's 500 Waterproof Trail Running Jacket,S,Steel Blue,80.00,80.0,USD,en-US,GF-R4-U3,12,mens-waterproof-trail-running-jacket-kiprun-run-500-blue-352765-fw25,https://cdn.shopify.com/s/files/1/1330/6287/files/8928737-product_image-p2906904.jpg?v=1755553730,11
3608392926303,5476038,apparel,Jacket,Kiprun Men's 500 Waterproof Trail Running Jacket,Kiprun Men's 500 Waterproof Trail Running Jacket,M,Steel Blue,80.00,80.0,USD,en-US,GF-R4-U4,18,mens-waterproof-trail-running-jacket-kiprun-run-500-blue-352765-fw25,https://cdn.shopify.com/s/files/1/1330/6287/files/8928737-product_image-p2906904.jpg?v=1755553730,11
3608392926310,5476039,apparel,Jacket,Kiprun Men's 500 Waterproof Trail Running Jacket,Kiprun Men's 500 Waterproof Trail Running Jacket,L,Steel Blue,80.00,80.0,USD,en-US,GF-R4-U5,18,mens-waterproof-trail-running-jacket-kiprun-run-500-blue-352765-fw25,https://cdn.shopify.com/s/files/1/1330/6287/files/8928737-product_image-p2906904.jpg?v=1755553730,11
3608392926327,5476040,apparel,Jacket,Kiprun Men's 500 Waterproof Trail Running Jacket,Kiprun Men's 500 Waterproof Trail Running Jacket,XL,Steel Blue,80.00,80.0,USD,en-US,GF-R4-U6,17,mens-waterproof-trail-running-jacket-kiprun-run-500-blue-352765-fw25,https://cdn.shopify.com/s/files/1/1330/6287/files/8928737-product_image-p2906904.jpg?v=1755553730,11
3608392926334,5476041,apparel,Jacket,Kiprun Men's 500 Waterproof Trail Running Jacket,Kiprun Men's 500 Waterproof Trail Running Jacket,2XL,Steel Blue,80.00,80.0,USD,en-US,GF-R4-U7,20,mens-waterproof-trail-running-jacket-kiprun-run-500-blue-352765-fw25,https://cdn.shopify.com/s/files/1/1330/6287/files/8928737-product_image-p2906904.jpg?v=1755553730,11
3608392938832,5474736,apparel,Long-sleeved t-shirt,Kiprun Men's 100 Long-Sleeved Half-Zip Running T-shirt,Kiprun Men's 100 Long-Sleeved Half-Zip Running T-shirt,S,Smoked Black,10.00,10.0,USD,en-US,GB-R1-U1,16,kiprun-run-100-mens-warm-and-breathable-half-zip-long-sleeved-t-shirt-black-357727-fw25,https://cdn.shopify.com/s/files/1/1330/6287/files/8928494-product_image-p2906512.jpg?v=1755553793,7
3608392938849,5474737,apparel,Long-sleeved t-shirt,Kiprun Men's 100 Long-Sleeved Half-Zip Running T-shirt,Kiprun Men's 100 Long-Sleeved Half-Zip Running T-shirt,M,Smoked Black,10.00,10.0,USD,en-US,GB-R1-U2,19,kiprun-run-100-mens-warm-and-breathable-half-zip-long-sleeved-t-shirt-black-357727-fw25,https://cdn.shopify.com/s/files/1/1330/6287/files/8928494-product_image-p2906512.jpg?v=1755553793,7
3608392938856,5474738,apparel,Long-sleeved t-shirt,Kiprun Men's 100 Long-Sleeved Half-Zip Running T-shirt,Kiprun Men's 100 Long-Sleeved Half-Zip Running T-shirt,L,Smoked Black,10.00,10.0,USD,en-US,GB-R1-U3,14,kiprun-run-100-mens-warm-and-breathable-half-zip-long-sleeved-t-shirt-black-357727-fw25,https://cdn.shopify.com/s/files/1/1330/6287/files/8928494-product_image-p2906512.jpg?v=1755553793,7
3608392938863,5474739,apparel,Long-sleeved t-shirt,Kiprun Men's 100 Long-Sleeved Half-Zip Running T-shirt,Kiprun Men's 100 Long-Sleeved Half-Zip Running T-shirt,XL,Smoked Black,10.00,10.0,USD,en-US,GB-R1-U4,21,kiprun-run-100-mens-warm-and-breathable-half-zip-long-sleeved-t-shirt-black-357727-fw25,https://cdn.shopify.com/s/files/1/1330/6287/files/8928494-product_image-p2906512.jpg?v=1755553793,7
3608392938870,5474740,apparel,Long-sleeved t-shirt,Kiprun Men's 100 Long-Sleeved Half-Zip Running T-shirt,Kiprun Men's 100 Long-Sleeved Half-Zip Running T-shirt,2XL,Smoked Black,10.00,10.0,USD,en-US,GB-R1-U5,15,kiprun-run-100-mens-warm-and-breathable-half-zip-long-sleeved-t-shirt-black-357727-fw25,https://cdn.shopify.com/s/files/1/1330/6287/files/8928494-product_image-p2906512.jpg?v=1755553793,7
3608392951480,5539276,apparel,Padded Jacket,Quechua Kids’ MH500 Hybrid Hiking Puffer Jacket,Quechua Kids’ MH500 Hybrid Hiking Puffer Jacket,12-13 Years / 59''-63'',Mauve,40.00,40.0,USD,en-US,GB-R1-U6,10,quechua-kids-padded-hiking-jacket-7-15-years-hybrid-341868-fw25,https://cdn.shopify.com/s/files/1/1330/6287/files/8945655-product_image-p2941663.jpg?v=1755561387,7
3608392951497,5539277,apparel,Padded Jacket,Quechua Kids’ MH500 Hybrid Hiking Puffer Jacket,Quechua Kids’ MH500 Hybrid Hiking Puffer Jacket,10-11 Years / 55''-58'',Mauve,40.00,40.0,USD,en-US,GB-R1-U7,11,quechua-kids-padded-hiking-jacket-7-15-years-hybrid-341868-fw25,https://cdn.shopify.com/s/files/1/1330/6287/files/8945655-product_image-p2941663.jpg?v=1755561387,7
3608392952005,5539278,apparel,Padded Jacket,Quechua Kids’ MH500 Hybrid Hiking Puffer Jacket,Quechua Kids’ MH500 Hybrid Hiking Puffer Jacket,7-8 Years / 48''-51'',Mauve,40.00,40.0,USD,en-US,GB-R2-U1,20,quechua-kids-padded-hiking-jacket-7-15-years-hybrid-341868-fw25,https://cdn.shopify.com/s/files/1/1330/6287/files/8945655-product_image-p2941663.jpg?v=1755561387,7
3608392952012,5539279,apparel,Padded Jacket,Quechua Kids’ MH500 Hybrid Hiking Puffer Jacket,Quechua Kids’ MH500 Hybrid Hiking Puffer Jacket,8-9 Years / 52''-55'',Mauve,40.00,40.0,USD,en-US,GB-R2-U2,20,quechua-kids-padded-hiking-jacket-7-15-years-hybrid-341868-fw25,https://cdn.shopify.com/s/files/1/1330/6287/files/8945655-product_image-p2941663.jpg?v=1755561387,7
3608392952029,5545114,apparel,Padded Jacket,Quechua Kids’ MH500 Hybrid Hiking Puffer Jacket,Quechua Kids’ MH500 Hybrid Hiking Puffer Jacket,14-15 Years / 63''-65'',Mauve,40.00,40.0,USD,en-US,GB-R2-U3,11,quechua-kids-padded-hiking-jacket-7-15-years-hybrid-341868-fw25,https://cdn.shopify.com/s/files/1/1330/6287/files/8945655-product_image-p2941663.jpg?v=1755561387,7
3608392966286,5554270,apparel,Pullover,Quechua Men's NH500 Half-Zip Hiking Pullover,Quechua Men's NH500 Half-Zip Hiking Pullover,M,Deep Sea Turquoise,40.00,40.0,USD,en-US,GB-R2-U4,21,quechua-mens-hiking-pullover-nh500-half-zip-green-356314-fw25,https://cdn.shopify.com/s/files/1/1330/6287/files/8946114-product_image-p2939259.jpg?v=1755561596,12
3608392966293,5554271,apparel,Pullover,Quechua Men's NH500 Half-Zip Hiking Pullover,Quechua Men's NH500 Half-Zip Hiking Pullover,XL,Deep Sea Turquoise,40.00,40.0,USD,en-US,GB-R2-U5,13,quechua-mens-hiking-pullover-nh500-half-zip-green-356314-fw25,https://cdn.shopify.com/s/files/1/1330/6287/files/8946114-product_image-p2939259.jpg?v=1755561596,12
3608392966804,5554272,apparel,Pullover,Quechua Men's NH500 Half-Zip Hiking Pullover,Quechua Men's NH500 Half-Zip Hiking Pullover,3XL,Deep Sea Turquoise,40.00,40.0,USD,en-US,GB-R2-U6,13,quechua-mens-hiking-pullover-nh500-half-zip-green-356314-fw25,https://cdn.shopify.com/s/files/1/1330/6287/files/8946114-product_image-p2939259.jpg?v=1755561596,12
3608392966828,5554275,apparel,Pullover,Quechua Men's NH500 Half-Zip Hiking Pullover,Quechua Men's NH500 Half-Zip Hiking Pullover,2XL,Deep Sea Turquoise,40.00,40.0,USD,en-US,GB-R2-U7,20,quechua-mens-hiking-pullover-nh500-half-zip-green-356314-fw25,https://cdn.shopify.com/s/files/1/1330/6287/files/8946114-product_image-p2939259.jpg?v=1755561596,12
3608392966835,5554276,apparel,Pullover,Quechua Men's NH500 Half-Zip Hiking Pullover,Quechua Men's NH500 Half-Zip Hiking Pullover,L,Deep Sea Turquoise,40.00,40.0,USD,en-US,GB-R3-U1,11,quechua-mens-hiking-pullover-nh500-half-zip-green-356314-fw25,https://cdn.shopify.com/s/files/1/1330/6287/files/8946114-product_image-p2939259.jpg?v=1755561596,12
3608392966842,5554277,apparel,Pullover,Quechua Men's NH500 Half-Zip Hiking Pullover,Quechua Men's NH500 Half-Zip Hiking Pullover,S,Deep Sea Turquoise,40.00,40.0,USD,en-US,GB-R3-U2,12,quechua-mens-hiking-pullover-nh500-half-zip-green-356314-fw25,https://cdn.shopify.com/s/files/1/1330/6287/files/8946114-product_image-p2939259.jpg?v=1755561596,12
3608393003782,5395754,apparel,Fleece,Quechua Men's MH500 Full-Zip Hiking Fleece,Quechua Men's MH500 Full-Zip Hiking Fleece,S,Sand,60.00,60.0,USD,en-US,GB-R3-U3,21,quechua-mens-mountain-hiking-fleece-jacket-mh500-full-zip-black-358741-fw25,https://cdn.shopify.com/s/files/1/1330/6287/files/8917587-product_image-p2938992.jpg?v=1755553809,16
3608393003799,5395755,apparel,Fleece,Quechua Men's MH500 Full-Zip Hiking Fleece,Quechua Men's MH500 Full-Zip Hiking Fleece,M,Sand,60.00,60.0,USD,en-US,GB-R3-U4,20,quechua-mens-mountain-hiking-fleece-jacket-mh500-full-zip-black-358741-fw25,https://cdn.shopify.com/s/files/1/1330/6287/files/8917587-product_image-p2938992.jpg?v=1755553809,16
3608393003805,5395756,apparel,Fleece,Quechua Men's MH500 Full-Zip Hiking Fleece,Quechua Men's MH500 Full-Zip Hiking Fleece,L,Sand,60.00,60.0,USD,en-US,GB-R3-U5,13,quechua-mens-mountain-hiking-fleece-jacket-mh500-full-zip-black-358741-fw25,https://cdn.shopify.com/s/files/1/1330/6287/files/8917587-product_image-p2938992.jpg?v=1755553809,16
3608393003812,5395757,apparel,Fleece,Quechua Men's MH500 Full-Zip Hiking Fleece,Quechua Men's MH500 Full-Zip Hiking Fleece,XL,Sand,60.00,60.0,USD,en-US,GB-R3-U6,18,quechua-mens-mountain-hiking-fleece-jacket-mh500-full-zip-black-358741-fw25,https://cdn.shopify.com/s/files/1/1330/6287/files/8917587-product_image-p2938992.jpg?v=1755553809,16
3608393003829,5395758,apparel,Fleece,Quechua Men's MH500 Full-Zip Hiking Fleece,Quechua Men's MH500 Full-Zip Hiking Fleece,2XL,Sand,60.00,60.0,USD,en-US,GB-R3-U7,20,quechua-mens-mountain-hiking-fleece-jacket-mh500-full-zip-black-358741-fw25,https://cdn.shopify.com/s/files/1/1330/6287/files/8917587-product_image-p2938992.jpg?v=1755553809,16
3608393003836,5395759,apparel,Fleece,Quechua Men's MH500 Full-Zip Hiking Fleece,Quechua Men's MH500 Full-Zip Hiking Fleece,3XL,Sand,60.00,60.0,USD,en-US,GB-R4-U1,13,quechua-mens-mountain-hiking-fleece-jacket-mh500-full-zip-black-358741-fw25,https://cdn.shopify.com/s/files/1/1330/6287/files/8917587-product_image-p2938992.jpg?v=1755553809,16
3608393003928,5395763,apparel,Fleece,Quechua Men's MH500 Full-Zip Hiking Fleece,Quechua Men's MH500 Full-Zip Hiking Fleece,S,Dark Green Gray,89.99,89.99,USD,en-US,GB-R4-U2,13,quechua-mens-mountain-hiking-fleece-jacket-mh500-full-zip-black-358741-fw25,https://cdn.shopify.com/s/files/1/1330/6287/files/8917587-product_image-p2938992.jpg?v=1755553809,16
3608393003935,5395764,apparel,Fleece,Quechua Men's MH500 Full-Zip Hiking Fleece,Quechua Men's MH500 Full-Zip Hiking Fleece,M,Dark Green Gray,89.99,89.99,USD,en-US,GB-R4-U3,10,quechua-mens-mountain-hiking-fleece-jacket-mh500-full-zip-black-358741-fw25,https://cdn.shopify.com/s/files/1/1330/6287/files/8917587-product_image-p2938992.jpg?v=1755553809,16
3608393003942,5395765,apparel,Fleece,Quechua Men's MH500 Full-Zip Hiking Fleece,Quechua Men's MH500 Full-Zip Hiking Fleece,L,Dark Green Gray,89.99,89.99,USD,en-US,GB-R4-U4,14,quechua-mens-mountain-hiking-fleece-jacket-mh500-full-zip-black-358741-fw25,https://cdn.shopify.com/s/files/1/1330/6287/files/8917587-product_image-p2938992.jpg?v=1755553809,16
3608393003959,5395766,apparel,Fleece,Quechua Men's MH500 Full-Zip Hiking Fleece,Quechua Men's MH500 Full-Zip Hiking Fleece,XL,Dark Green Gray,89.99,89.99,USD,en-US,GB-R4-U5,14,quechua-mens-mountain-hiking-fleece-jacket-mh500-full-zip-black-358741-fw25,https://cdn.shopify.com/s/files/1/1330/6287/files/8917587-product_image-p2938992.jpg?v=1755553809,16
3608393003966,5395767,apparel,Fleece,Quechua Men's MH500 Full-Zip Hiking Fleece,Quechua Men's MH500 Full-Zip Hiking Fleece,2XL,Dark Green Gray,89.99,89.99,USD,en-US,GB-R4-U6,15,quechua-mens-mountain-hiking-fleece-jacket-mh500-full-zip-black-358741-fw25,https://cdn.shopify.com/s/files/1/1330/6287/files/8917587-product_image-p2938992.jpg?v=1755553809,16
3608393003973,5395768,apparel,Fleece,Quechua Men's MH500 Full-Zip Hiking Fleece,Quechua Men's MH500 Full-Zip Hiking Fleece,3XL,Dark Green Gray,89.99,89.99,USD,en-US,GB-R4-U7,11,quechua-mens-mountain-hiking-fleece-jacket-mh500-full-zip-black-358741-fw25,https://cdn.shopify.com/s/files/1/1330/6287/files/8917587-product_image-p2938992.jpg?v=1755553809,16
3608393006929,5395813,apparel,Fleece,Quechua Women’s MH500 Full-Zip Hiking Fleece,Quechua Women’s MH500 Full-Zip Hiking Fleece,S,Pearl Beige,60.00,60.0,USD,en-US,FR-01,12,quechua-womens-mountain-hiking-fleece-jacket-mh500-full-zip-red-358684-fw25,https://cdn.shopify.com/s/files/1/1330/6287/files/8917595-product_image-p2937497.jpg?v=1755553804,15
3608393006936,5395814,apparel,Fleece,Quechua Women’s MH500 Full-Zip Hiking Fleece,Quechua Women’s MH500 Full-Zip Hiking Fleece,M,Pearl Beige,60.00,60.0,USD,en-US,FR-02,18,quechua-womens-mountain-hiking-fleece-jacket-mh500-full-zip-red-358684-fw25,https://cdn.shopify.com/s/files/1/1330/6287/files/8917595-product_image-p2937497.jpg?v=1755553804,15
3608393006943,5395815,apparel,Fleece,Quechua Women’s MH500 Full-Zip Hiking Fleece,Quechua Women’s MH500 Full-Zip Hiking Fleece,L,Pearl Beige,60.00,60.0,USD,en-US,FR-03,19,quechua-womens-mountain-hiking-fleece-jacket-mh500-full-zip-red-358684-fw25,https://cdn.shopify.com/s/files/1/1330/6287/files/8917595-product_image-p2937497.jpg?v=1755553804,15
3608393006950,5395816,apparel,Fleece,Quechua Women’s MH500 Full-Zip Hiking Fleece,Quechua Women’s MH500 Full-Zip Hiking Fleece,XL,Pearl Beige,60.00,60.0,USD,en-US,FR-04,10,quechua-womens-mountain-hiking-fleece-jacket-mh500-full-zip-red-358684-fw25,https://cdn.shopify.com/s/files/1/1330/6287/files/8917595-product_image-p2937497.jpg?v=1755553804,15
3608393006967,5395817,apparel,Fleece,Quechua Women’s MH500 Full-Zip Hiking Fleece,Quechua Women’s MH500 Full-Zip Hiking Fleece,2XL,Pearl Beige,60.00,60.0,USD,en-US,GF-R1-U1,13,quechua-womens-mountain-hiking-fleece-jacket-mh500-full-zip-red-358684-fw25,https://cdn.shopify.com/s/files/1/1330/6287/files/8917595-product_image-p2937497.jpg?v=1755553804,15
3608393015914,5551323,apparel,Fleece,Quechua Men’s MH500 Half-Zip Hiking Fleece,Quechua Men’s MH500 Half-Zip Hiking Fleece,S,Sand,20.00,20.0,USD,en-US,GF-R1-U2,10,quechua-mens-mountain-hiking-fleece-jacket-mh500-half-zip-beige-341167-fw25,https://cdn.shopify.com/s/files/1/1330/6287/files/8947852-product_image-p2939105.jpg?v=1755561364,5
3608393015921,5551324,apparel,Fleece,Quechua Men’s MH500 Half-Zip Hiking Fleece,Quechua Men’s MH500 Half-Zip Hiking Fleece,M,Sand,20.00,20.0,USD,en-US,GF-R1-U3,13,quechua-mens-mountain-hiking-fleece-jacket-mh500-half-zip-beige-341167-fw25,https://cdn.shopify.com/s/files/1/1330/6287/files/8947852-product_image-p2939105.jpg?v=1755561364,5
3608393015938,5551325,apparel,Fleece,Quechua Men’s MH500 Half-Zip Hiking Fleece,Quechua Men’s MH500 Half-Zip Hiking Fleece,XL,Sand,20.00,20.0,USD,en-US,GF-R1-U4,16,quechua-mens-mountain-hiking-fleece-jacket-mh500-half-zip-beige-341167-fw25,https://cdn.shopify.com/s/files/1/1330/6287/files/8947852-product_image-p2939105.jpg?v=1755561364,5
3608393015945,5551326,apparel,Fleece,Quechua Men’s MH500 Half-Zip Hiking Fleece,Quechua Men’s MH500 Half-Zip Hiking Fleece,L,Sand,20.00,20.0,USD,en-US,GF-R1-U5,12,quechua-mens-mountain-hiking-fleece-jacket-mh500-half-zip-beige-341167-fw25,https://cdn.shopify.com/s/files/1/1330/6287/files/8947852-product_image-p2939105.jpg?v=1755561364,5
3608393015952,5551327,apparel,Fleece,Quechua Men’s MH500 Half-Zip Hiking Fleece,Quechua Men’s MH500 Half-Zip Hiking Fleece,2XL,Sand,20.00,20.0,USD,en-US,GF-R1-U6,21,quechua-mens-mountain-hiking-fleece-jacket-mh500-half-zip-beige-341167-fw25,https://cdn.shopify.com/s/files/1/1330/6287/files/8947852-product_image-p2939105.jpg?v=1755561364,5
3608393015969,5551328,apparel,Fleece,Quechua Men’s MH500 Half-Zip Hiking Fleece,Quechua Men’s MH500 Half-Zip Hiking Fleece,3XL,Sand,20.00,20.0,USD,en-US,GF-R1-U7,18,quechua-mens-mountain-hiking-fleece-jacket-mh500-half-zip-beige-341167-fw25,https://cdn.shopify.com/s/files/1/1330/6287/files/8947852-product_image-p2939105.jpg?v=1755561364,5
3608393111678,4010362,apparel,Trousers/pants,Quechua Men’s NH500 Water-Repellent Snow Hiking Pants,Quechua Men’s NH500 Water-Repellent Snow Hiking Pants,W33 L31,Bronze Khaki Green,89.99,89.99,USD,en-US,GF-R2-U1,17,quechua-mens-warm-water-repellent-snow-hiking-pants-sh500-mountain-324677-fw25-1-fw25,https://cdn.shopify.com/s/files/1/1330/6287/files/8582604-product_image-p2294472.jpg?v=1755621470,4
3608393111685,4010364,apparel,Trousers/pants,Quechua Men’s NH500 Water-Repellent Snow Hiking Pants,Quechua Men’s NH500 Water-Repellent Snow Hiking Pants,W34 L32,Bronze Khaki Green,89.99,89.99,USD,en-US,GF-R2-U2,17,quechua-mens-warm-water-repellent-snow-hiking-pants-sh500-mountain-324677-fw25-1-fw25,https://cdn.shopify.com/s/files/1/1330/6287/files/8582604-product_image-p2294472.jpg?v=1755621470,4
3608393111692,4010360,apparel,Trousers/pants,Quechua Men’s NH500 Water-Repellent Snow Hiking Pants,Quechua Men’s NH500 Water-Repellent Snow Hiking Pants,W31 L31,Bronze Khaki Green,89.99,89.99,USD,en-US,GF-R2-U3,14,quechua-mens-warm-water-repellent-snow-hiking-pants-sh500-mountain-324677-fw25-1-fw25,https://cdn.shopify.com/s/files/1/1330/6287/files/8582604-product_image-p2294472.jpg?v=1755621470,4
3608393111951,5588962,outdoor,tent,Quechua Arpenaz Fresh & Black Family Camping Tent 4 Person 1 Bedroom,Quechua Arpenaz Fresh & Black Family Camping Tent 4 Person 1 Bedroom,4 Person,Unspecified,250.00,250.0,USD,en-US,GB-R6-U6,1,quechua-arpenaz-fresh-black-camping-tent-4-person-8954292,https://cdn.shopify.com/s/files/1/1330/6287/files/8954292-product_image-p2425908.jpg?v=1751064604,17
3608393112828,4010373,apparel,Trousers/pants,Quechua Men’s NH500 Water-Repellent Snow Hiking Pants,Quechua Men’s NH500 Water-Repellent Snow Hiking Pants,W44 L34,Bronze Khaki Green,89.99,89.99,USD,en-US,GF-R2-U4,14,quechua-mens-warm-water-repellent-snow-hiking-pants-sh500-mountain-324677-fw25-1-fw25,https://cdn.shopify.com/s/files/1/1330/6287/files/8582604-product_image-p2294472.jpg?v=1755621470,4
3608393112835,4010366,apparel,Trousers/pants,Quechua Men’s NH500 Water-Repellent Snow Hiking Pants,Quechua Men’s NH500 Water-Repellent Snow Hiking Pants,W36 L32,Bronze Khaki Green,89.99,89.99,USD,en-US,GF-R2-U5,20,quechua-mens-warm-water-repellent-snow-hiking-pants-sh500-mountain-324677-fw25-1-fw25,https://cdn.shopify.com/s/files/1/1330/6287/files/8582604-product_image-p2294472.jpg?v=1755621470,4
3608393112842,4010370,apparel,Trousers/pants,Quechua Men’s NH500 Water-Repellent Snow Hiking Pants,Quechua Men’s NH500 Water-Repellent Snow Hiking Pants,W42 L32,Bronze Khaki Green,89.99,89.99,USD,en-US,GF-R2-U6,14,quechua-mens-warm-water-repellent-snow-hiking-pants-sh500-mountain-324677-fw25-1-fw25,https://cdn.shopify.com/s/files/1/1330/6287/files/8582604-product_image-p2294472.jpg?v=1755621470,4
3608393112859,4010358,apparel,Trousers/pants,Quechua Men’s NH500 Water-Repellent Snow Hiking Pants,Quechua Men’s NH500 Water-Repellent Snow Hiking Pants,W29 L31,Bronze Khaki Green,89.99,89.99,USD,en-US,GF-R2-U7,16,quechua-mens-warm-water-repellent-snow-hiking-pants-sh500-mountain-324677-fw25-1-fw25,https://cdn.shopify.com/s/files/1/1330/6287/files/8582604-product_image-p2294472.jpg?v=1755621470,4
3608393121806,5590879,apparel,Fleece,Quechua Women's MH100 Sherpa Fleece Pullover,Quechua Women's MH100 Sherpa Fleece Pullover,S,No Dye,59.99,59.99,USD,en-US,GF-R3-U1,11,quechua-womens-sherpa-mountain-hiking-fleece-mh100-1-2-zip-beige-370103-fw25,https://cdn.shopify.com/s/files/1/1330/6287/files/QUECHUAPOLAIREMH100TRENDYGREIGEFAH25-8954747-010---Expireson01-05-2030.jpg?v=1765811404,13
3608393121813,5590880,apparel,Fleece,Quechua Women's MH100 Sherpa Fleece Pullover,Quechua Women's MH100 Sherpa Fleece Pullover,M,No Dye,59.99,59.99,USD,en-US,GF-R3-U2,17,quechua-womens-sherpa-mountain-hiking-fleece-mh100-1-2-zip-beige-370103-fw25,https://cdn.shopify.com/s/files/1/1330/6287/files/QUECHUAPOLAIREMH100TRENDYGREIGEFAH25-8954747-010---Expireson01-05-2030.jpg?v=1765811404,13
3608393121820,5590881,apparel,Fleece,Quechua Women's MH100 Sherpa Fleece Pullover,Quechua Women's MH100 Sherpa Fleece Pullover,L,No Dye,59.99,59.99,USD,en-US,GF-R3-U3,21,quechua-womens-sherpa-mountain-hiking-fleece-mh100-1-2-zip-beige-370103-fw25,https://cdn.shopify.com/s/files/1/1330/6287/files/QUECHUAPOLAIREMH100TRENDYGREIGEFAH25-8954747-010---Expireson01-05-2030.jpg?v=1765811404,13
3608393121837,5590883,apparel,Fleece,Quechua Women's MH100 Sherpa Fleece Pullover,Quechua Women's MH100 Sherpa Fleece Pullover,XL,No Dye,59.99,59.99,USD,en-US,GF-R3-U4,10,quechua-womens-sherpa-mountain-hiking-fleece-mh100-1-2-zip-beige-370103-fw25,https://cdn.shopify.com/s/files/1/1330/6287/files/QUECHUAPOLAIREMH100TRENDYGREIGEFAH25-8954747-010---Expireson01-05-2030.jpg?v=1765811404,13
3608393121844,5590884,apparel,Fleece,Quechua Women's MH100 Sherpa Fleece Pullover,Quechua Women's MH100 Sherpa Fleece Pullover,2XL,No Dye,59.99,59.99,USD,en-US,GF-R3-U5,19,quechua-womens-sherpa-mountain-hiking-fleece-mh100-1-2-zip-beige-370103-fw25,https://cdn.shopify.com/s/files/1/1330/6287/files/QUECHUAPOLAIREMH100TRENDYGREIGEFAH25-8954747-010---Expireson01-05-2030.jpg?v=1765811404,13
3608393121851,5590885,apparel,Fleece,Quechua Women's MH100 Sherpa Fleece Pullover,Quechua Women's MH100 Sherpa Fleece Pullover,3XL,No Dye,59.99,59.99,USD,en-US,GF-R3-U6,17,quechua-womens-sherpa-mountain-hiking-fleece-mh100-1-2-zip-beige-370103-fw25,https://cdn.shopify.com/s/files/1/1330/6287/files/QUECHUAPOLAIREMH100TRENDYGREIGEFAH25-8954747-010---Expireson01-05-2030.jpg?v=1765811404,13
3608393124760,5395712,bag_pack,Backpack,10L Laptop Backpack,10L Laptop Backpack,OS,Sage,39.99,39.99,USD,en-US,GF-R5-U2,8,10l-laptop-backpack-1,https://cdn.shopify.com/s/files/1/1330/6287/files/default_64279381-381d-4838-91db-50eea3ac1f0f.jpg?v=1775496505,7
3608393124777,5486137,bag_pack,Backpack,10L Laptop Backpack,10L Laptop Backpack,OS,Smoked Black,39.99,39.99,USD,en-US,GF-R5-U3,7,10l-laptop-backpack,https://cdn.shopify.com/s/files/1/1330/6287/files/default_564643bd-0656-4809-9e9b-bb74b14b73e1.jpg?v=1775496490,5
3608393139566,5624254,bag_pack,Backpack,Quechua 100 Arpenaz 20L Hiking Backpack,Quechua 100 Arpenaz 20L Hiking Backpack,20 L,Golden Brown,32.99,32.99,USD,en-US,GF-R5-U4,6,quechua-100-arpenaz-20l-hiking-backpack-368816,https://cdn.shopify.com/s/files/1/1330/6287/files/8955900-default_3fa08060-5458-4e3b-85fd-1fbea6d0c35b.jpg?v=1772665580,34
3608393140470,4002642,apparel,Softshell,Forclaz Men's 500 Windbreaker Softshell Jacket,Forclaz Men's 500 Windbreaker Softshell Jacket,2XL,Bronze Khaki Green,70.00,70.0,USD,en-US,GF-R3-U7,21,forclaz-mens-softshell-mt-500-windwarm-khaki-324230-fw25,https://cdn.shopify.com/s/files/1/1330/6287/files/8580220-product_image-p2718264.jpg?v=1755561064,10
3608393140487,4002643,apparel,Softshell,Forclaz Men's 500 Windbreaker Softshell Jacket,Forclaz Men's 500 Windbreaker Softshell Jacket,3XL,Bronze Khaki Green,70.00,70.0,USD,en-US,GF-R4-U1,13,forclaz-mens-softshell-mt-500-windwarm-khaki-324230-fw25,https://cdn.shopify.com/s/files/1/1330/6287/files/8580220-product_image-p2718264.jpg?v=1755561064,10
3608393140494,4002645,apparel,Softshell,Forclaz Men's 500 Windbreaker Softshell Jacket,Forclaz Men's 500 Windbreaker Softshell Jacket,L,Bronze Khaki Green,70.00,70.0,USD,en-US,GF-R4-U2,20,forclaz-mens-softshell-mt-500-windwarm-khaki-324230-fw25,https://cdn.shopify.com/s/files/1/1330/6287/files/8580220-product_image-p2718264.jpg?v=1755561064,10
3608393140609,4002646,apparel,Softshell,Forclaz Men's 500 Windbreaker Softshell Jacket,Forclaz Men's 500 Windbreaker Softshell Jacket,M,Bronze Khaki Green,70.00,70.0,USD,en-US,GF-R4-U3,14,forclaz-mens-softshell-mt-500-windwarm-khaki-324230-fw25,https://cdn.shopify.com/s/files/1/1330/6287/files/8580220-product_image-p2718264.jpg?v=1755561064,10
3608393140616,4002647,apparel,Softshell,Forclaz Men's 500 Windbreaker Softshell Jacket,Forclaz Men's 500 Windbreaker Softshell Jacket,S,Bronze Khaki Green,70.00,70.0,USD,en-US,GF-R4-U4,18,forclaz-mens-softshell-mt-500-windwarm-khaki-324230-fw25,https://cdn.shopify.com/s/files/1/1330/6287/files/8580220-product_image-p2718264.jpg?v=1755561064,10
3608393140623,4002648,apparel,Softshell,Forclaz Men's 500 Windbreaker Softshell Jacket,Forclaz Men's 500 Windbreaker Softshell Jacket,XL,Bronze Khaki Green,70.00,70.0,USD,en-US,GF-R4-U5,12,forclaz-mens-softshell-mt-500-windwarm-khaki-324230-fw25,https://cdn.shopify.com/s/files/1/1330/6287/files/8580220-product_image-p2718264.jpg?v=1755561064,10
3608393141835,4392022,apparel,Down jacket,Simond Men's MT500 Hooded Down Puffer Jacket,Simond Men's MT500 Hooded Down Puffer Jacket,3XL,No Dye,125.00,125.0,USD,en-US,GF-R4-U6,12,forclaz-mens-mt500-hooded-down-puffer-jacket-331151,https://cdn.shopify.com/s/files/1/1330/6287/files/8666110-product_image-p2920891.jpg?v=1762800025,50
3608393142689,4512979,apparel,Down jacket,Simond Women’s MT900 Hooded Down Puffer Jacket,Simond Women’s MT900 Hooded Down Puffer Jacket,XS,Carbon Gray,170.00,170.0,USD,en-US,GF-R4-U7,16,simond-womens-mt900-hooded-down-puffer-jacket-338697,https://cdn.shopify.com/s/files/1/1330/6287/files/8736242-product_image-p2688023.jpg?v=1757698454,25
3608393142696,4512980,apparel,Down jacket,Simond Women’s MT900 Hooded Down Puffer Jacket,Simond Women’s MT900 Hooded Down Puffer Jacket,S,Carbon Gray,170.00,170.0,USD,en-US,GB-R1-U1,20,simond-womens-mt900-hooded-down-puffer-jacket-338697,https://cdn.shopify.com/s/files/1/1330/6287/files/8736242-product_image-p2688023.jpg?v=1757698454,25
3608393142702,4512981,apparel,Down jacket,Simond Women’s MT900 Hooded Down Puffer Jacket,Simond Women’s MT900 Hooded Down Puffer Jacket,M,Carbon Gray,170.00,170.0,USD,en-US,GB-R1-U2,17,simond-womens-mt900-hooded-down-puffer-jacket-338697,https://cdn.shopify.com/s/files/1/1330/6287/files/8736242-product_image-p2688023.jpg?v=1757698454,25
3608393142719,4512982,apparel,Down jacket,Simond Women’s MT900 Hooded Down Puffer Jacket,Simond Women’s MT900 Hooded Down Puffer Jacket,L,Carbon Gray,170.00,170.0,USD,en-US,GB-R1-U3,12,simond-womens-mt900-hooded-down-puffer-jacket-338697,https://cdn.shopify.com/s/files/1/1330/6287/files/8736242-product_image-p2688023.jpg?v=1757698454,25
3608393142726,4512983,apparel,Down jacket,Simond Women’s MT900 Hooded Down Puffer Jacket,Simond Women’s MT900 Hooded Down Puffer Jacket,XL,Carbon Gray,170.00,170.0,USD,en-US,GB-R1-U4,15,simond-womens-mt900-hooded-down-puffer-jacket-338697,https://cdn.shopify.com/s/files/1/1330/6287/files/8736242-product_image-p2688023.jpg?v=1757698454,25
3608393142733,4512984,apparel,Down jacket,Simond Women’s MT900 Hooded Down Puffer Jacket,Simond Women’s MT900 Hooded Down Puffer Jacket,2XL,Carbon Gray,170.00,170.0,USD,en-US,GB-R1-U5,17,simond-womens-mt900-hooded-down-puffer-jacket-338697,https://cdn.shopify.com/s/files/1/1330/6287/files/8736242-product_image-p2688023.jpg?v=1757698454,25
3608393142740,4512991,apparel,Down jacket,Simond Women’s MT900 Hooded Down Puffer Jacket,Simond Women’s MT900 Hooded Down Puffer Jacket,XS,Deep Chocolate Truffle,249.00,249.0,USD,en-US,GB-R1-U6,15,simond-womens-mt900-hooded-down-puffer-jacket-338697,https://cdn.shopify.com/s/files/1/1330/6287/files/8736242-product_image-p2688023.jpg?v=1757698454,25
3608393142757,4512992,apparel,Down jacket,Simond Women’s MT900 Hooded Down Puffer Jacket,Simond Women’s MT900 Hooded Down Puffer Jacket,S,Deep Chocolate Truffle,249.00,249.0,USD,en-US,GB-R1-U7,18,simond-womens-mt900-hooded-down-puffer-jacket-338697,https://cdn.shopify.com/s/files/1/1330/6287/files/8736242-product_image-p2688023.jpg?v=1757698454,25
3608393142764,4512993,apparel,Down jacket,Simond Women’s MT900 Hooded Down Puffer Jacket,Simond Women’s MT900 Hooded Down Puffer Jacket,M,Deep Chocolate Truffle,249.00,249.0,USD,en-US,GB-R2-U1,19,simond-womens-mt900-hooded-down-puffer-jacket-338697,https://cdn.shopify.com/s/files/1/1330/6287/files/8736242-product_image-p2688023.jpg?v=1757698454,25
3608393142771,4512994,apparel,Down jacket,Simond Women’s MT900 Hooded Down Puffer Jacket,Simond Women’s MT900 Hooded Down Puffer Jacket,L,Deep Chocolate Truffle,249.00,249.0,USD,en-US,GB-R2-U2,14,simond-womens-mt900-hooded-down-puffer-jacket-338697,https://cdn.shopify.com/s/files/1/1330/6287/files/8736242-product_image-p2688023.jpg?v=1757698454,25
3608393142788,4512995,apparel,Down jacket,Simond Women’s MT900 Hooded Down Puffer Jacket,Simond Women’s MT900 Hooded Down Puffer Jacket,XL,Deep Chocolate Truffle,249.00,249.0,USD,en-US,GB-R2-U3,11,simond-womens-mt900-hooded-down-puffer-jacket-338697,https://cdn.shopify.com/s/files/1/1330/6287/files/8736242-product_image-p2688023.jpg?v=1757698454,25
3608393142795,4512996,apparel,Down jacket,Simond Women’s MT900 Hooded Down Puffer Jacket,Simond Women’s MT900 Hooded Down Puffer Jacket,2XL,Deep Chocolate Truffle,249.00,249.0,USD,en-US,GB-R2-U4,16,simond-womens-mt900-hooded-down-puffer-jacket-338697,https://cdn.shopify.com/s/files/1/1330/6287/files/8736242-product_image-p2688023.jpg?v=1757698454,25
3608393143938,4722392,apparel,Short-sleeved jersey,Van Rysel Unisex EDR ULTRA Cycling Jersey,Van Rysel Unisex EDR ULTRA Cycling Jersey,S,Linen,99.99,99.99,USD,en-US,GB-R2-U5,11,van-rysel-unisex-edr-ultra-cycling-jersey,https://cdn.shopify.com/s/files/1/1330/6287/files/default_9b77c109-1e84-4b2e-abdd-feb585529561.jpg?v=1775496552,8
3608393143945,4722393,apparel,Short-sleeved jersey,Van Rysel Unisex EDR ULTRA Cycling Jersey,Van Rysel Unisex EDR ULTRA Cycling Jersey,L,Linen,99.99,99.99,USD,en-US,GB-R2-U6,16,van-rysel-unisex-edr-ultra-cycling-jersey,https://cdn.shopify.com/s/files/1/1330/6287/files/default_9b77c109-1e84-4b2e-abdd-feb585529561.jpg?v=1775496552,8
3608393143952,4722394,apparel,Short-sleeved jersey,Van Rysel Unisex EDR ULTRA Cycling Jersey,Van Rysel Unisex EDR ULTRA Cycling Jersey,M,Linen,99.99,99.99,USD,en-US,GB-R2-U7,12,van-rysel-unisex-edr-ultra-cycling-jersey,https://cdn.shopify.com/s/files/1/1330/6287/files/default_9b77c109-1e84-4b2e-abdd-feb585529561.jpg?v=1775496552,8
3608393143969,4722395,apparel,Short-sleeved jersey,Van Rysel Unisex EDR ULTRA Cycling Jersey,Van Rysel Unisex EDR ULTRA Cycling Jersey,XL,Linen,99.99,99.99,USD,en-US,GB-R3-U1,10,van-rysel-unisex-edr-ultra-cycling-jersey,https://cdn.shopify.com/s/files/1/1330/6287/files/default_9b77c109-1e84-4b2e-abdd-feb585529561.jpg?v=1775496552,8
3608393143976,4722396,apparel,Short-sleeved jersey,Van Rysel Unisex EDR ULTRA Cycling Jersey,Van Rysel Unisex EDR ULTRA Cycling Jersey,2XL,Linen,99.99,99.99,USD,en-US,GB-R3-U2,15,van-rysel-unisex-edr-ultra-cycling-jersey,https://cdn.shopify.com/s/files/1/1330/6287/files/default_9b77c109-1e84-4b2e-abdd-feb585529561.jpg?v=1775496552,8
3608393144409,4866415,apparel,Trousers/pants,Quechua Men's Hiking Pants NH100,Quechua Men's Hiking Pants NH100,W29 L33,Carbon Gray,20.00,20.0,USD,en-US,GB-R3-U3,11,quechua-mens-hiking-pants-nh100-347183,https://cdn.shopify.com/s/files/1/1330/6287/files/8803965-product_image-p2852838.jpg?v=1744325529,6
3608393144423,4866417,apparel,Trousers/pants,Quechua Men's Hiking Pants NH100,Quechua Men's Hiking Pants NH100,W31 L33,Carbon Gray,20.00,20.0,USD,en-US,GB-R3-U4,16,quechua-mens-hiking-pants-nh100-347183,https://cdn.shopify.com/s/files/1/1330/6287/files/8803965-product_image-p2852838.jpg?v=1744325529,6
3608393144447,4866419,apparel,Trousers/pants,Quechua Men's Hiking Pants NH100,Quechua Men's Hiking Pants NH100,W33 L33,Carbon Gray,20.00,20.0,USD,en-US,GB-R3-U5,19,quechua-mens-hiking-pants-nh100-347183,https://cdn.shopify.com/s/files/1/1330/6287/files/8803965-product_image-p2852838.jpg?v=1744325529,6
3608393144461,4866421,apparel,Trousers/pants,Quechua Men's Hiking Pants NH100,Quechua Men's Hiking Pants NH100,W34 L34,Carbon Gray,20.00,20.0,USD,en-US,GB-R3-U6,14,quechua-mens-hiking-pants-nh100-347183,https://cdn.shopify.com/s/files/1/1330/6287/files/8803965-product_image-p2852838.jpg?v=1744325529,6
3608393144485,4866423,apparel,Trousers/pants,Quechua Men's Hiking Pants NH100,Quechua Men's Hiking Pants NH100,W36 L34,Carbon Gray,20.00,20.0,USD,en-US,GB-R3-U7,14,quechua-mens-hiking-pants-nh100-347183,https://cdn.shopify.com/s/files/1/1330/6287/files/8803965-product_image-p2852838.jpg?v=1744325529,6
3608393144508,4866425,apparel,Trousers/pants,Quechua Men's Hiking Pants NH100,Quechua Men's Hiking Pants NH100,W39 L34,Carbon Gray,20.00,20.0,USD,en-US,GB-R4-U1,21,quechua-mens-hiking-pants-nh100-347183,https://cdn.shopify.com/s/files/1/1330/6287/files/8803965-product_image-p2852838.jpg?v=1744325529,6
3608393144522,4866427,apparel,Trousers/pants,Quechua Men's Hiking Pants NH100,Quechua Men's Hiking Pants NH100,W42 L34,Carbon Gray,20.00,20.0,USD,en-US,GB-R4-U2,10,quechua-mens-hiking-pants-nh100-347183,https://cdn.shopify.com/s/files/1/1330/6287/files/8803965-product_image-p2852838.jpg?v=1744325529,6
3608393159922,5624261,bag_pack,Backpack,Quechua 100 Arpenaz 20L Hiking Backpack,Quechua 100 Arpenaz 20L Hiking Backpack,20 L,Beetroot,32.99,32.99,USD,en-US,GF-R5-U5,8,quechua-100-arpenaz-20l-hiking-backpack-368816,https://cdn.shopify.com/s/files/1/1330/6287/files/8955900-default_3fa08060-5458-4e3b-85fd-1fbea6d0c35b.jpg?v=1772665580,34
3608393160652,5624252,bag_pack,Backpack,Quechua 100 Arpenaz 20L Hiking Backpack,Quechua 100 Arpenaz 20L Hiking Backpack,20 L,Carbon Gray,32.99,32.99,USD,en-US,GF-R5-U6,9,quechua-100-arpenaz-20l-hiking-backpack-368816,https://cdn.shopify.com/s/files/1/1330/6287/files/8955900-default_3fa08060-5458-4e3b-85fd-1fbea6d0c35b.jpg?v=1772665580,34
3608393160690,5624300,outdoor,Road bike,Van Rysel EDR AF CLARIS,Van Rysel EDR AF CLARIS,XS,Dark Grey,1199.00,1199.0,USD,en-US,GB-R6-U7,2,van-rysel-edr-af-claris,https://cdn.shopify.com/s/files/1/1330/6287/files/default_cad5e3c9-3822-4e0d-95ca-5765e960a405.jpg?v=1775491122,3
3608393161604,5624301,outdoor,Road bike,Van Rysel EDR AF CLARIS,Van Rysel EDR AF CLARIS,S,Dark Grey,1199.00,1199.0,USD,en-US,GB-R7-U1,1,van-rysel-edr-af-claris,https://cdn.shopify.com/s/files/1/1330/6287/files/default_cad5e3c9-3822-4e0d-95ca-5765e960a405.jpg?v=1775491122,3
3608393161611,5624303,outdoor,Road bike,Van Rysel EDR AF CLARIS,Van Rysel EDR AF CLARIS,M,Dark Grey,1199.00,1199.0,USD,en-US,GB-R7-U2,3,van-rysel-edr-af-claris,https://cdn.shopify.com/s/files/1/1330/6287/files/default_cad5e3c9-3822-4e0d-95ca-5765e960a405.jpg?v=1775491122,3
3608393161628,5624304,outdoor,Road bike,Van Rysel EDR AF CLARIS,Van Rysel EDR AF CLARIS,L,Dark Grey,1199.00,1199.0,USD,en-US,GB-R7-U3,1,van-rysel-edr-af-claris,https://cdn.shopify.com/s/files/1/1330/6287/files/default_cad5e3c9-3822-4e0d-95ca-5765e960a405.jpg?v=1775491122,3
3608393161635,5624305,outdoor,Road bike,Van Rysel EDR AF CLARIS,Van Rysel EDR AF CLARIS,XL,Dark Grey,1199.00,1199.0,USD,en-US,GB-R7-U4,2,van-rysel-edr-af-claris,https://cdn.shopify.com/s/files/1/1330/6287/files/default_cad5e3c9-3822-4e0d-95ca-5765e960a405.jpg?v=1775491122,3
3608393163943,4075775,footwear,Snowshoe,Quechua NH100 Easy Velcro Snowshoes,Quechua NH100 Easy Velcro Snowshoes,XS / S,Light Gray Blue,119.00,119.0,USD,en-US,PW-03,8,quechua-sh100-easy-large-deck-snowshoes-307353-fw25-fw25,https://cdn.shopify.com/s/files/1/1330/6287/files/961893-product_image-p2606706.jpg?v=1755638592,32
3608393163950,4075780,footwear,Snowshoe,Quechua NH100 Easy Velcro Snowshoes,Quechua NH100 Easy Velcro Snowshoes,S / M,Inkpot Blue,119.00,119.0,USD,en-US,PW-04,10,quechua-sh100-easy-large-deck-snowshoes-307353-fw25-fw25,https://cdn.shopify.com/s/files/1/1330/6287/files/961893-product_image-p2606706.jpg?v=1755638592,32
3608393232267,5625174,outdoor,tent,Quechua 2 Second Easy Fresh & Black Waterproof Pop Up Camping Tent 3 Person,Quechua 2 Second Easy Fresh & Black Waterproof Pop Up Camping Tent 3 Person,3 Person,Snowy White,359.00,359.0,USD,en-US,GB-R7-U5,1,quechua-fresh-black-2-seconds-easy-waterproof-pop-up-camping-tent-3-person-331608,https://cdn.shopify.com/s/files/1/1330/6287/files/8640907-product_image-p2182779.jpg?v=1754004042,30
3608393232502,5625145,outdoor,Tent,Quechua 2 Second Easy Fresh & Black Waterproof Pop Up Camping Tent 2 Person,Quechua 2 Second Easy Fresh & Black Waterproof Pop Up Camping Tent 2 Person,2 Person,Snowy White,160.00,160.0,USD,en-US,GB-R7-U6,2,quechua-2-second-easy-fresh-black-waterproof-pop-up-camping-tent-2-person-324503,https://cdn.shopify.com/s/files/1/1330/6287/files/8957947-product_image-p2068555.jpg?v=1752014823,14
3608393246684,5629349,outdoor,Road bike,Van Rysel RCR 105 DI2,Van Rysel RCR 105 DI2,S,Smoked Black,4999.00,4999.0,USD,en-US,GB-R7-U7,1,van-rysel-rcr-105-di2-357620,https://cdn.shopify.com/s/files/1/1330/6287/files/RCR_105_DI2_BLACK_-_8883076_-_001_---_Expires_on_12-11-2033_011e783c-f957-4ba1-b298-b51525620f56.jpg?v=1760088595,11
3608393310316,5637065,outdoor,Road bike,Van Rysel RCR PRO TEAM FRAME KIT,Van Rysel RCR PRO TEAM FRAME KIT,S,Team Edition Legacy,3999.00,3999.0,USD,en-US,GB-R8-U1,2,van-rysel-rcr-pro-team-frame-kit-356409,https://cdn.shopify.com/s/files/1/1330/6287/files/VAN_RYSEL_USA_RCR_PRO_FRAME_KIT_RAW_CN_FR_-_8894079_-_000_---_Expires_on_11-12-2033_2.jpg?v=1760989675,19
3608393310323,5637067,outdoor,Road bike,Van Rysel RCR PRO TEAM FRAME KIT,Van Rysel RCR PRO TEAM FRAME KIT,M,Team Edition Legacy,3999.00,3999.0,USD,en-US,GB-R8-U2,2,van-rysel-rcr-pro-team-frame-kit-356409,https://cdn.shopify.com/s/files/1/1330/6287/files/VAN_RYSEL_USA_RCR_PRO_FRAME_KIT_RAW_CN_FR_-_8894079_-_000_---_Expires_on_11-12-2033_2.jpg?v=1760989675,19
3608393310330,5637068,outdoor,Road bike,Van Rysel RCR PRO TEAM FRAME KIT,Van Rysel RCR PRO TEAM FRAME KIT,L,Team Edition Legacy,3999.00,3999.0,USD,en-US,GB-R8-U3,1,van-rysel-rcr-pro-team-frame-kit-356409,https://cdn.shopify.com/s/files/1/1330/6287/files/VAN_RYSEL_USA_RCR_PRO_FRAME_KIT_RAW_CN_FR_-_8894079_-_000_---_Expires_on_11-12-2033_2.jpg?v=1760989675,19
3608393312709,5639104,outdoor,Road bike,Van Rysel RCR PRO TEAM FRAME KIT,Van Rysel RCR PRO TEAM FRAME KIT,XL,Team Edition Legacy,3999.00,3999.0,USD,en-US,GB-R8-U4,1,van-rysel-rcr-pro-team-frame-kit-356409,https://cdn.shopify.com/s/files/1/1330/6287/files/VAN_RYSEL_USA_RCR_PRO_FRAME_KIT_RAW_CN_FR_-_8894079_-_000_---_Expires_on_11-12-2033_2.jpg?v=1760989675,19
3608393312716,5639105,outdoor,Road bike,Van Rysel RCR PRO TEAM FRAME KIT,Van Rysel RCR PRO TEAM FRAME KIT,XS,Team Edition Legacy,3999.00,3999.0,USD,en-US,GB-R8-U5,1,van-rysel-rcr-pro-team-frame-kit-356409,https://cdn.shopify.com/s/files/1/1330/6287/files/VAN_RYSEL_USA_RCR_PRO_FRAME_KIT_RAW_CN_FR_-_8894079_-_000_---_Expires_on_11-12-2033_2.jpg?v=1760989675,19
3608393389848,5664473,apparel,Padded Jacket,Quechua Kids’ MH100 Insulated Puffer Jacket,Quechua Kids’ MH100 Insulated Puffer Jacket,7-8 Years / 48''-51'',Cedar,30.00,30.0,USD,en-US,GB-R4-U3,17,quechua-kids-light-padded-jacket-7-15-years-mh100-blue-372855-fw25,https://cdn.shopify.com/s/files/1/1330/6287/files/8967953-product_image-p2941434.jpg?v=1755561690,14
3608393389855,5664474,apparel,Padded Jacket,Quechua Kids’ MH100 Insulated Puffer Jacket,Quechua Kids’ MH100 Insulated Puffer Jacket,8-9 Years / 52''-55'',Cedar,30.00,30.0,USD,en-US,GB-R4-U4,18,quechua-kids-light-padded-jacket-7-15-years-mh100-blue-372855-fw25,https://cdn.shopify.com/s/files/1/1330/6287/files/8967953-product_image-p2941434.jpg?v=1755561690,14
3608393389862,5664475,apparel,Padded Jacket,Quechua Kids’ MH100 Insulated Puffer Jacket,Quechua Kids’ MH100 Insulated Puffer Jacket,10-11 Years / 55''-59'',Cedar,30.00,30.0,USD,en-US,GB-R4-U5,19,quechua-kids-light-padded-jacket-7-15-years-mh100-blue-372855-fw25,https://cdn.shopify.com/s/files/1/1330/6287/files/8967953-product_image-p2941434.jpg?v=1755561690,14
3608393389879,5664476,apparel,Padded Jacket,Quechua Kids’ MH100 Insulated Puffer Jacket,Quechua Kids’ MH100 Insulated Puffer Jacket,12-13 Years / 59''-63'',Cedar,30.00,30.0,USD,en-US,GB-R4-U6,14,quechua-kids-light-padded-jacket-7-15-years-mh100-blue-372855-fw25,https://cdn.shopify.com/s/files/1/1330/6287/files/8967953-product_image-p2941434.jpg?v=1755561690,14
3608393389886,5664477,apparel,Padded Jacket,Quechua Kids’ MH100 Insulated Puffer Jacket,Quechua Kids’ MH100 Insulated Puffer Jacket,14-15 Years / 63''-68'',Cedar,30.00,30.0,USD,en-US,GB-R4-U7,12,quechua-kids-light-padded-jacket-7-15-years-mh100-blue-372855-fw25,https://cdn.shopify.com/s/files/1/1330/6287/files/8967953-product_image-p2941434.jpg?v=1755561690,14
3608393393586,5664478,apparel,Padded Jacket,Quechua Kids’ MH100 Insulated Puffer Jacket,Quechua Kids’ MH100 Insulated Puffer Jacket,7-8 Years / 48''-51'',Steel Blue,30.00,30.0,USD,en-US,FR-01,19,quechua-kids-light-padded-jacket-7-15-years-mh100-blue-372855-fw25,https://cdn.shopify.com/s/files/1/1330/6287/files/8967953-product_image-p2941434.jpg?v=1755561690,14
3608393393593,5664479,apparel,Padded Jacket,Quechua Kids’ MH100 Insulated Puffer Jacket,Quechua Kids’ MH100 Insulated Puffer Jacket,8-9 Years / 52''-55'',Steel Blue,30.00,30.0,USD,en-US,FR-02,14,quechua-kids-light-padded-jacket-7-15-years-mh100-blue-372855-fw25,https://cdn.shopify.com/s/files/1/1330/6287/files/8967953-product_image-p2941434.jpg?v=1755561690,14
3608393395108,5664480,apparel,Padded Jacket,Quechua Kids’ MH100 Insulated Puffer Jacket,Quechua Kids’ MH100 Insulated Puffer Jacket,10-11 Years / 55''-59'',Steel Blue,30.00,30.0,USD,en-US,FR-03,15,quechua-kids-light-padded-jacket-7-15-years-mh100-blue-372855-fw25,https://cdn.shopify.com/s/files/1/1330/6287/files/8967953-product_image-p2941434.jpg?v=1755561690,14
3608393395115,5664481,apparel,Padded Jacket,Quechua Kids’ MH100 Insulated Puffer Jacket,Quechua Kids’ MH100 Insulated Puffer Jacket,12-13 Years / 59''-63'',Steel Blue,30.00,30.0,USD,en-US,FR-04,15,quechua-kids-light-padded-jacket-7-15-years-mh100-blue-372855-fw25,https://cdn.shopify.com/s/files/1/1330/6287/files/8967953-product_image-p2941434.jpg?v=1755561690,14
3608393395122,5664482,apparel,Padded Jacket,Quechua Kids’ MH100 Insulated Puffer Jacket,Quechua Kids’ MH100 Insulated Puffer Jacket,14-15 Years / 63''-68'',Steel Blue,30.00,30.0,USD,en-US,GF-R1-U1,15,quechua-kids-light-padded-jacket-7-15-years-mh100-blue-372855-fw25,https://cdn.shopify.com/s/files/1/1330/6287/files/8967953-product_image-p2941434.jpg?v=1755561690,14
3608393421289,5395910,bag_pack,Sport bag,28L Sports Bag with Waterproof Pocket,28L Sports Bag with Waterproof Pocket,OS,Smoked Black,44.99,44.99,USD,en-US,GF-R5-U7,8,28l-sports-bag-with-waterproof-pocket,https://cdn.shopify.com/s/files/1/1330/6287/files/default_7773082d-ea4e-43db-aa98-d17eb642bcff.jpg?v=1775495694,8
3608393445940,5395829,bag_pack,Backpack,29L Rolltop Backpack,29L Rolltop Backpack,OS,Smoked Black,89.99,89.99,USD,en-US,PE-06,10,29l-rolltop-backpack-1,https://cdn.shopify.com/s/files/1/1330/6287/files/default_356517bf-6867-4dc6-a736-69eddf1eaf18.jpg?v=1775496455,12
3608393453822,5585513,footwear,Shoes,Kiprun Kipstorm Lab Unisex Carbon Plate Running Shoes,Kiprun Kipstorm Lab Unisex Carbon Plate Running Shoes,8,Pink,350.00,350.0,USD,en-US,PW-05,7,kiprun-kipstorm-lab-mens-carbon-plate-running-shoes-369831,https://cdn.shopify.com/s/files/1/1330/6287/files/8953316-default_5906aca4-4777-4ab2-97fb-0912600f32dd.jpg?v=1774444411,16
3608393453839,5585514,footwear,Shoes,Kiprun Kipstorm Lab Unisex Carbon Plate Running Shoes,Kiprun Kipstorm Lab Unisex Carbon Plate Running Shoes,9,Pink,350.00,350.0,USD,en-US,PW-06,7,kiprun-kipstorm-lab-mens-carbon-plate-running-shoes-369831,https://cdn.shopify.com/s/files/1/1330/6287/files/8953316-default_5906aca4-4777-4ab2-97fb-0912600f32dd.jpg?v=1774444411,16
3608393453846,5585515,footwear,Shoes,Kiprun Kipstorm Lab Unisex Carbon Plate Running Shoes,Kiprun Kipstorm Lab Unisex Carbon Plate Running Shoes,9.5,Pink,350.00,350.0,USD,en-US,PW-07,13,kiprun-kipstorm-lab-mens-carbon-plate-running-shoes-369831,https://cdn.shopify.com/s/files/1/1330/6287/files/8953316-default_5906aca4-4777-4ab2-97fb-0912600f32dd.jpg?v=1774444411,16
3608393453853,5585516,footwear,Shoes,Kiprun Kipstorm Lab Unisex Carbon Plate Running Shoes,Kiprun Kipstorm Lab Unisex Carbon Plate Running Shoes,10,Pink,350.00,350.0,USD,en-US,PW-08,9,kiprun-kipstorm-lab-mens-carbon-plate-running-shoes-369831,https://cdn.shopify.com/s/files/1/1330/6287/files/8953316-default_5906aca4-4777-4ab2-97fb-0912600f32dd.jpg?v=1774444411,16
3608393453891,5585520,footwear,Shoes,Kiprun Kipstorm Lab Unisex Carbon Plate Running Shoes,Kiprun Kipstorm Lab Unisex Carbon Plate Running Shoes,6.5,Pink,350.00,350.0,USD,en-US,PE-01,8,kiprun-kipstorm-lab-mens-carbon-plate-running-shoes-369831,https://cdn.shopify.com/s/files/1/1330/6287/files/8953316-default_5906aca4-4777-4ab2-97fb-0912600f32dd.jpg?v=1774444411,16
3608393477118,5668885,footwear,Shoes,Kiprun Kipsummit Men's Trail Running Shoes,Kiprun Kipsummit Men's Trail Running Shoes,7,Black Orange,130.00,130.0,USD,en-US,PE-02,12,kiprun-kipsummit-mens-trail-running-shoes-361994,https://cdn.shopify.com/s/files/1/1330/6287/files/8970094-001.jpg?v=1774446129,27
3608393477125,5668886,footwear,Shoes,Kiprun Kipsummit Men's Trail Running Shoes,Kiprun Kipsummit Men's Trail Running Shoes,8,Black Orange,130.00,130.0,USD,en-US,PE-03,11,kiprun-kipsummit-mens-trail-running-shoes-361994,https://cdn.shopify.com/s/files/1/1330/6287/files/8970094-001.jpg?v=1774446129,27
3608393477132,5668887,footwear,Shoes,Kiprun Kipsummit Men's Trail Running Shoes,Kiprun Kipsummit Men's Trail Running Shoes,9,Black Orange,130.00,130.0,USD,en-US,PE-04,11,kiprun-kipsummit-mens-trail-running-shoes-361994,https://cdn.shopify.com/s/files/1/1330/6287/files/8970094-001.jpg?v=1774446129,27
3608393477149,5668888,footwear,Shoes,Kiprun Kipsummit Men's Trail Running Shoes,Kiprun Kipsummit Men's Trail Running Shoes,9.5,Black Orange,130.00,130.0,USD,en-US,PE-05,8,kiprun-kipsummit-mens-trail-running-shoes-361994,https://cdn.shopify.com/s/files/1/1330/6287/files/8970094-001.jpg?v=1774446129,27
3608393477156,5668889,footwear,Shoes,Kiprun Kipsummit Men's Trail Running Shoes,Kiprun Kipsummit Men's Trail Running Shoes,10,Black Orange,130.00,130.0,USD,en-US,FB-01,7,kiprun-kipsummit-mens-trail-running-shoes-361994,https://cdn.shopify.com/s/files/1/1330/6287/files/8970094-001.jpg?v=1774446129,27
3608393477163,5668890,footwear,Shoes,Kiprun Kipsummit Men's Trail Running Shoes,Kiprun Kipsummit Men's Trail Running Shoes,11,Black Orange,130.00,130.0,USD,en-US,GA-01,12,kiprun-kipsummit-mens-trail-running-shoes-361994,https://cdn.shopify.com/s/files/1/1330/6287/files/8970094-001.jpg?v=1774446129,27
3608393477170,5668891,footwear,Shoes,Kiprun Kipsummit Men's Trail Running Shoes,Kiprun Kipsummit Men's Trail Running Shoes,12,Black Orange,130.00,130.0,USD,en-US,GA-02,12,kiprun-kipsummit-mens-trail-running-shoes-361994,https://cdn.shopify.com/s/files/1/1330/6287/files/8970094-001.jpg?v=1774446129,27
3608393477187,5668892,footwear,Shoes,Kiprun Kipsummit Men's Trail Running Shoes,Kiprun Kipsummit Men's Trail Running Shoes,13,Black Orange,130.00,130.0,USD,en-US,PW-01,7,kiprun-kipsummit-mens-trail-running-shoes-361994,https://cdn.shopify.com/s/files/1/1330/6287/files/8970094-001.jpg?v=1774446129,27
3608393477200,5668894,footwear,Shoes,Kiprun Kipsummit Men's Trail Running Shoes,Kiprun Kipsummit Men's Trail Running Shoes,7,Dark Green ,130.00,130.0,USD,en-US,PW-02,12,kiprun-kipsummit-mens-trail-running-shoes-361994,https://cdn.shopify.com/s/files/1/1330/6287/files/8970094-001.jpg?v=1774446129,27
3608393477217,5668895,footwear,Shoes,Kiprun Kipsummit Men's Trail Running Shoes,Kiprun Kipsummit Men's Trail Running Shoes,8,Dark Green ,130.00,130.0,USD,en-US,PW-03,12,kiprun-kipsummit-mens-trail-running-shoes-361994,https://cdn.shopify.com/s/files/1/1330/6287/files/8970094-001.jpg?v=1774446129,27
3608393477224,5668896,footwear,Shoes,Kiprun Kipsummit Men's Trail Running Shoes,Kiprun Kipsummit Men's Trail Running Shoes,9,Dark Green ,130.00,130.0,USD,en-US,PW-04,8,kiprun-kipsummit-mens-trail-running-shoes-361994,https://cdn.shopify.com/s/files/1/1330/6287/files/8970094-001.jpg?v=1774446129,27
3608393477231,5668897,footwear,Shoes,Kiprun Kipsummit Men's Trail Running Shoes,Kiprun Kipsummit Men's Trail Running Shoes,10,Dark Green ,130.00,130.0,USD,en-US,PW-05,11,kiprun-kipsummit-mens-trail-running-shoes-361994,https://cdn.shopify.com/s/files/1/1330/6287/files/8970094-001.jpg?v=1774446129,27
3608393477248,5668898,footwear,Shoes,Kiprun Kipsummit Men's Trail Running Shoes,Kiprun Kipsummit Men's Trail Running Shoes,11,Dark Green ,130.00,130.0,USD,en-US,PW-06,7,kiprun-kipsummit-mens-trail-running-shoes-361994,https://cdn.shopify.com/s/files/1/1330/6287/files/8970094-001.jpg?v=1774446129,27
3608393477255,5668899,footwear,Shoes,Kiprun Kipsummit Men's Trail Running Shoes,Kiprun Kipsummit Men's Trail Running Shoes,12,Dark Green ,130.00,130.0,USD,en-US,PW-07,12,kiprun-kipsummit-mens-trail-running-shoes-361994,https://cdn.shopify.com/s/files/1/1330/6287/files/8970094-001.jpg?v=1774446129,27
3608393477262,5681441,footwear,Shoes,Kiprun Kipsummit Men's Trail Running Shoes,Kiprun Kipsummit Men's Trail Running Shoes,9.5,Dark Green ,130.00,130.0,USD,en-US,PW-08,10,kiprun-kipsummit-mens-trail-running-shoes-361994,https://cdn.shopify.com/s/files/1/1330/6287/files/8970094-001.jpg?v=1774446129,27
3608393477279,5683520,footwear,Shoes,Kiprun Kipsummit Men's Trail Running Shoes,Kiprun Kipsummit Men's Trail Running Shoes,13,Dark Green ,130.00,130.0,USD,en-US,PE-01,11,kiprun-kipsummit-mens-trail-running-shoes-361994,https://cdn.shopify.com/s/files/1/1330/6287/files/8970094-001.jpg?v=1774446129,27
3608393477385,5668966,footwear,Shoes,Kiprun Kipsummit Max Men's Trail Running Shoes,Kiprun Kipsummit Max Men's Trail Running Shoes,7,Dark Orange,150.00,150.0,USD,en-US,PE-02,6,kiprun-kipsummit-max-mens-trail-running-shoes-362206,https://cdn.shopify.com/s/files/1/1330/6287/files/8970304-001.jpg?v=1774548700,19
3608393477392,5668967,footwear,Shoes,Kiprun Kipsummit Max Men's Trail Running Shoes,Kiprun Kipsummit Max Men's Trail Running Shoes,9,Dark Orange,150.00,150.0,USD,en-US,PE-03,11,kiprun-kipsummit-max-mens-trail-running-shoes-362206,https://cdn.shopify.com/s/files/1/1330/6287/files/8970304-001.jpg?v=1774548700,19
3608393477767,5668942,footwear,Shoes,Kiprun Kipsummit Women's Trail Running Shoes,Kiprun Kipsummit Women's Trail Running Shoes,5.5,Dark Green ,130.00,130.0,USD,en-US,PE-04,11,kiprun-kipsummit-womens-trail-running-shoes-361996,https://cdn.shopify.com/s/files/1/1330/6287/files/8970301-001.jpg?v=1774445415,18
3608393477774,5668943,footwear,Shoes,Kiprun Kipsummit Women's Trail Running Shoes,Kiprun Kipsummit Women's Trail Running Shoes,6,Dark Green ,130.00,130.0,USD,en-US,PE-05,8,kiprun-kipsummit-womens-trail-running-shoes-361996,https://cdn.shopify.com/s/files/1/1330/6287/files/8970301-001.jpg?v=1774445415,18
3608393477781,5668944,footwear,Shoes,Kiprun Kipsummit Women's Trail Running Shoes,Kiprun Kipsummit Women's Trail Running Shoes,7,Dark Green ,130.00,130.0,USD,en-US,FB-01,8,kiprun-kipsummit-womens-trail-running-shoes-361996,https://cdn.shopify.com/s/files/1/1330/6287/files/8970301-001.jpg?v=1774445415,18
3608393477798,5668945,footwear,Shoes,Kiprun Kipsummit Women's Trail Running Shoes,Kiprun Kipsummit Women's Trail Running Shoes,8,Dark Green ,130.00,130.0,USD,en-US,GA-01,11,kiprun-kipsummit-womens-trail-running-shoes-361996,https://cdn.shopify.com/s/files/1/1330/6287/files/8970301-001.jpg?v=1774445415,18
3608393477804,5668946,footwear,Shoes,Kiprun Kipsummit Women's Trail Running Shoes,Kiprun Kipsummit Women's Trail Running Shoes,9,Dark Green ,130.00,130.0,USD,en-US,GA-02,8,kiprun-kipsummit-womens-trail-running-shoes-361996,https://cdn.shopify.com/s/files/1/1330/6287/files/8970301-001.jpg?v=1774445415,18
3608393477811,5668947,footwear,Shoes,Kiprun Kipsummit Women's Trail Running Shoes,Kiprun Kipsummit Women's Trail Running Shoes,9.5,Dark Green ,130.00,130.0,USD,en-US,PW-01,10,kiprun-kipsummit-womens-trail-running-shoes-361996,https://cdn.shopify.com/s/files/1/1330/6287/files/8970301-001.jpg?v=1774445415,18
3608393477828,5668948,footwear,Shoes,Kiprun Kipsummit Women's Trail Running Shoes,Kiprun Kipsummit Women's Trail Running Shoes,10,Dark Green ,130.00,130.0,USD,en-US,PW-02,7,kiprun-kipsummit-womens-trail-running-shoes-361996,https://cdn.shopify.com/s/files/1/1330/6287/files/8970301-001.jpg?v=1774445415,18
3608393478405,5668968,footwear,Shoes,Kiprun Kipsummit Max Men's Trail Running Shoes,Kiprun Kipsummit Max Men's Trail Running Shoes,9.5,Dark Orange,150.00,150.0,USD,en-US,PW-03,12,kiprun-kipsummit-max-mens-trail-running-shoes-362206,https://cdn.shopify.com/s/files/1/1330/6287/files/8970304-001.jpg?v=1774548700,19
3608393478412,5668969,footwear,Shoes,Kiprun Kipsummit Max Men's Trail Running Shoes,Kiprun Kipsummit Max Men's Trail Running Shoes,10,Dark Orange,150.00,150.0,USD,en-US,PW-04,9,kiprun-kipsummit-max-mens-trail-running-shoes-362206,https://cdn.shopify.com/s/files/1/1330/6287/files/8970304-001.jpg?v=1774548700,19
3608393478429,5668970,footwear,Shoes,Kiprun Kipsummit Max Men's Trail Running Shoes,Kiprun Kipsummit Max Men's Trail Running Shoes,11,Dark Orange,150.00,150.0,USD,en-US,PW-05,12,kiprun-kipsummit-max-mens-trail-running-shoes-362206,https://cdn.shopify.com/s/files/1/1330/6287/files/8970304-001.jpg?v=1774548700,19
3608393478436,5668971,footwear,Shoes,Kiprun Kipsummit Max Men's Trail Running Shoes,Kiprun Kipsummit Max Men's Trail Running Shoes,12,Dark Orange,150.00,150.0,USD,en-US,PW-06,6,kiprun-kipsummit-max-mens-trail-running-shoes-362206,https://cdn.shopify.com/s/files/1/1330/6287/files/8970304-001.jpg?v=1774548700,19
3608393478443,5668972,footwear,Shoes,Kiprun Kipsummit Max Men's Trail Running Shoes,Kiprun Kipsummit Max Men's Trail Running Shoes,13,Dark Orange,150.00,150.0,USD,en-US,PW-07,10,kiprun-kipsummit-max-mens-trail-running-shoes-362206,https://cdn.shopify.com/s/files/1/1330/6287/files/8970304-001.jpg?v=1774548700,19
3608393478450,5680737,footwear,Shoes,Kiprun Kipsummit Max Men's Trail Running Shoes,Kiprun Kipsummit Max Men's Trail Running Shoes,8,Dark Orange,150.00,150.0,USD,en-US,PW-08,9,kiprun-kipsummit-max-mens-trail-running-shoes-362206,https://cdn.shopify.com/s/files/1/1330/6287/files/8970304-001.jpg?v=1774548700,19
3608393496416,5683219,footwear,Shoes,Kiprun Kipstorm Lab Unisex Carbon Plate Running Shoes,Kiprun Kipstorm Lab Unisex Carbon Plate Running Shoes,5,Pink,350.00,350.0,USD,en-US,PE-01,6,kiprun-kipstorm-lab-mens-carbon-plate-running-shoes-369831,https://cdn.shopify.com/s/files/1/1330/6287/files/8953316-default_5906aca4-4777-4ab2-97fb-0912600f32dd.jpg?v=1774444411,16
3608393506788,5671938,accessories,Water bag,Kiprun 500 8L Trail Running Bag + 1L Water Bladder,Kiprun 500 8L Trail Running Bag + 1L Water Bladder,One Size,Smoked Black,99.99,99.99,USD,en-US,GB-R5-U2,18,kiprun-500-8l-trail-running-bag-1l-water-bladder-352164,https://cdn.shopify.com/s/files/1/1330/6287/files/8970864-default_28764a84-2c04-40cd-8813-1f418351af2f.jpg?v=1774356729,12
3608393568519,5678356,bag_pack,Backpack,Quechua MH100 Kids’ 5L Hiking Backpack,Quechua MH100 Kids’ 5L Hiking Backpack,OS,Steel Blue,19.99,19.99,USD,en-US,PE-07,10,quechua-mh100-kids-5l-hiking-backpack,https://cdn.shopify.com/s/files/1/1330/6287/files/default_c81d8af1-1fc9-4af3-b332-c136eb8c72ec.jpg?v=1775495678,8
3608393569165,5678779,apparel,Short-sleeved jersey,Van Rysel Unisex RCR-R 2 Short-Sleeved Cycling Jersey,Van Rysel Unisex RCR-R 2 Short-Sleeved Cycling Jersey,S,Cypress Green,99.99,99.99,USD,en-US,GF-R1-U2,20,van-rysel-unisex-rcr-r-2-short-sleeved-cycling-jersey-cypress-green-8969585,https://cdn.shopify.com/s/files/1/1330/6287/files/default_2764d81f-6d0f-49d0-a917-eeb35c748cd2.jpg?v=1775496954,8
3608393569172,5678780,apparel,Short-sleeved jersey,Van Rysel Unisex RCR-R 2 Short-Sleeved Cycling Jersey,Van Rysel Unisex RCR-R 2 Short-Sleeved Cycling Jersey,XL,Cypress Green,99.99,99.99,USD,en-US,GF-R1-U3,13,van-rysel-unisex-rcr-r-2-short-sleeved-cycling-jersey-cypress-green-8969585,https://cdn.shopify.com/s/files/1/1330/6287/files/default_2764d81f-6d0f-49d0-a917-eeb35c748cd2.jpg?v=1775496954,8
3608393569189,5678781,apparel,Short-sleeved jersey,Van Rysel Unisex RCR-R 2 Short-Sleeved Cycling Jersey,Van Rysel Unisex RCR-R 2 Short-Sleeved Cycling Jersey,M,Cypress Green,99.99,99.99,USD,en-US,GF-R1-U4,10,van-rysel-unisex-rcr-r-2-short-sleeved-cycling-jersey-cypress-green-8969585,https://cdn.shopify.com/s/files/1/1330/6287/files/default_2764d81f-6d0f-49d0-a917-eeb35c748cd2.jpg?v=1775496954,8
3608393569196,5679207,apparel,Short-sleeved jersey,Van Rysel Unisex RCR-R 2 Short-Sleeved Cycling Jersey,Van Rysel Unisex RCR-R 2 Short-Sleeved Cycling Jersey,L,Cypress Green,99.99,99.99,USD,en-US,GF-R1-U5,17,van-rysel-unisex-rcr-r-2-short-sleeved-cycling-jersey-cypress-green-8969585,https://cdn.shopify.com/s/files/1/1330/6287/files/default_2764d81f-6d0f-49d0-a917-eeb35c748cd2.jpg?v=1775496954,8
3608393571298,5678791,apparel,Short-sleeved jersey,Van Rysel Unisex RCR-R 2 Short-Sleeved Cycling Jersey,Van Rysel Unisex RCR-R 2 Short-Sleeved Cycling Jersey,L,Snowy White,99.99,99.99,USD,en-US,GF-R1-U6,13,van-rysel-unisex-rcr-r-2-short-sleeved-cycling-jersey-snowy-white-8969588,https://cdn.shopify.com/s/files/1/1330/6287/files/default_e945b712-55d6-46e4-a038-149822cc93eb.jpg?v=1775496937,8
3608393571588,5678854,apparel,Cycling bib shorts,Van Rysel Men's RCR-R 5 Road Cycling Shorts,Van Rysel Men's RCR-R 5 Road Cycling Shorts,S,Smoked Black,119.00,119.0,USD,en-US,GF-R1-U7,15,van-rysel-mens-rcr-r-5-road-cycling-shorts,https://cdn.shopify.com/s/files/1/1330/6287/files/default_720450d7-cb0b-4813-8c9a-8a5a3030460f.jpg?v=1775494080,7
3608393571595,5678855,apparel,Cycling bib shorts,Van Rysel Men's RCR-R 5 Road Cycling Shorts,Van Rysel Men's RCR-R 5 Road Cycling Shorts,2XL,Smoked Black,119.00,119.0,USD,en-US,GF-R2-U1,21,van-rysel-mens-rcr-r-5-road-cycling-shorts,https://cdn.shopify.com/s/files/1/1330/6287/files/default_720450d7-cb0b-4813-8c9a-8a5a3030460f.jpg?v=1775494080,7
3608393572004,5678792,apparel,Short-sleeved jersey,Van Rysel Unisex RCR-R 2 Short-Sleeved Cycling Jersey,Van Rysel Unisex RCR-R 2 Short-Sleeved Cycling Jersey,XL,Snowy White,99.99,99.99,USD,en-US,GF-R2-U2,16,van-rysel-unisex-rcr-r-2-short-sleeved-cycling-jersey-snowy-white-8969588,https://cdn.shopify.com/s/files/1/1330/6287/files/default_e945b712-55d6-46e4-a038-149822cc93eb.jpg?v=1775496937,8
3608393572011,5678793,apparel,Short-sleeved jersey,Van Rysel Unisex RCR-R 2 Short-Sleeved Cycling Jersey,Van Rysel Unisex RCR-R 2 Short-Sleeved Cycling Jersey,XS,Snowy White,99.99,99.99,USD,en-US,GF-R2-U3,14,van-rysel-unisex-rcr-r-2-short-sleeved-cycling-jersey-snowy-white-8969588,https://cdn.shopify.com/s/files/1/1330/6287/files/default_e945b712-55d6-46e4-a038-149822cc93eb.jpg?v=1775496937,8
3608393572028,5688876,apparel,Short-sleeved jersey,Van Rysel Unisex RCR-R 2 Short-Sleeved Cycling Jersey,Van Rysel Unisex RCR-R 2 Short-Sleeved Cycling Jersey,S,Snowy White,99.99,99.99,USD,en-US,GF-R2-U4,17,van-rysel-unisex-rcr-r-2-short-sleeved-cycling-jersey-snowy-white-8969588,https://cdn.shopify.com/s/files/1/1330/6287/files/default_e945b712-55d6-46e4-a038-149822cc93eb.jpg?v=1775496937,8
3608393572035,5690093,apparel,Short-sleeved jersey,Van Rysel Unisex RCR-R 2 Short-Sleeved Cycling Jersey,Van Rysel Unisex RCR-R 2 Short-Sleeved Cycling Jersey,2XL,Snowy White,99.99,99.99,USD,en-US,GF-R2-U5,16,van-rysel-unisex-rcr-r-2-short-sleeved-cycling-jersey-snowy-white-8969588,https://cdn.shopify.com/s/files/1/1330/6287/files/default_e945b712-55d6-46e4-a038-149822cc93eb.jpg?v=1775496937,8
3608393572059,5691762,apparel,Short-sleeved jersey,Van Rysel Unisex RCR-R 2 Short-Sleeved Cycling Jersey,Van Rysel Unisex RCR-R 2 Short-Sleeved Cycling Jersey,M,Snowy White,99.99,99.99,USD,en-US,GF-R2-U6,13,van-rysel-unisex-rcr-r-2-short-sleeved-cycling-jersey-snowy-white-8969588,https://cdn.shopify.com/s/files/1/1330/6287/files/default_e945b712-55d6-46e4-a038-149822cc93eb.jpg?v=1775496937,8
3608393572301,5680477,apparel,Short-sleeved jersey,Van Rysel Unisex RCR-R 2 Short-Sleeved Cycling Jersey,Van Rysel Unisex RCR-R 2 Short-Sleeved Cycling Jersey,2XL,Cypress Green,99.99,99.99,USD,en-US,GF-R2-U7,10,van-rysel-unisex-rcr-r-2-short-sleeved-cycling-jersey-cypress-green-8969585,https://cdn.shopify.com/s/files/1/1330/6287/files/default_2764d81f-6d0f-49d0-a917-eeb35c748cd2.jpg?v=1775496954,8
3608393572318,5691374,apparel,Short-sleeved jersey,Van Rysel Unisex RCR-R 2 Short-Sleeved Cycling Jersey,Van Rysel Unisex RCR-R 2 Short-Sleeved Cycling Jersey,XS,Cypress Green,99.99,99.99,USD,en-US,GF-R3-U1,19,van-rysel-unisex-rcr-r-2-short-sleeved-cycling-jersey-cypress-green-8969585,https://cdn.shopify.com/s/files/1/1330/6287/files/default_2764d81f-6d0f-49d0-a917-eeb35c748cd2.jpg?v=1775496954,8
3608393572615,5692269,apparel,Cycling bib shorts,Van Rysel Men's RCR-R 5 Road Cycling Shorts,Van Rysel Men's RCR-R 5 Road Cycling Shorts,M,Smoked Black,119.00,119.0,USD,en-US,GF-R3-U2,16,van-rysel-mens-rcr-r-5-road-cycling-shorts,https://cdn.shopify.com/s/files/1/1330/6287/files/default_720450d7-cb0b-4813-8c9a-8a5a3030460f.jpg?v=1775494080,7
3608393572622,5692370,apparel,Cycling bib shorts,Van Rysel Men's RCR-R 5 Road Cycling Shorts,Van Rysel Men's RCR-R 5 Road Cycling Shorts,L,Smoked Black,119.00,119.0,USD,en-US,GF-R3-U3,11,van-rysel-mens-rcr-r-5-road-cycling-shorts,https://cdn.shopify.com/s/files/1/1330/6287/files/default_720450d7-cb0b-4813-8c9a-8a5a3030460f.jpg?v=1775494080,7
3608393572639,5692769,apparel,Cycling bib shorts,Van Rysel Men's RCR-R 5 Road Cycling Shorts,Van Rysel Men's RCR-R 5 Road Cycling Shorts,XL,Smoked Black,119.00,119.0,USD,en-US,GF-R3-U4,12,van-rysel-mens-rcr-r-5-road-cycling-shorts,https://cdn.shopify.com/s/files/1/1330/6287/files/default_720450d7-cb0b-4813-8c9a-8a5a3030460f.jpg?v=1775494080,7
3608393596321,5694611,apparel,Cycling bib shorts,Van Rysel Men's EDR Cycling Shorts,Van Rysel Men's EDR Cycling Shorts,S,Cacao Brown,99.99,99.99,USD,en-US,GF-R3-U5,19,van-rysel-mens-edr-cycling-shorts,https://cdn.shopify.com/s/files/1/1330/6287/files/default_b113ca21-eb83-4916-a4d6-fc40e5a4df82.jpg?v=1775496567,6
3608393596338,5694612,apparel,Cycling bib shorts,Van Rysel Men's EDR Cycling Shorts,Van Rysel Men's EDR Cycling Shorts,L,Cacao Brown,99.99,99.99,USD,en-US,GF-R3-U6,18,van-rysel-mens-edr-cycling-shorts,https://cdn.shopify.com/s/files/1/1330/6287/files/default_b113ca21-eb83-4916-a4d6-fc40e5a4df82.jpg?v=1775496567,6
3608393596345,5694613,apparel,Cycling bib shorts,Van Rysel Men's EDR Cycling Shorts,Van Rysel Men's EDR Cycling Shorts,2XL,Cacao Brown,99.99,99.99,USD,en-US,GF-R3-U7,9,van-rysel-mens-edr-cycling-shorts,https://cdn.shopify.com/s/files/1/1330/6287/files/default_b113ca21-eb83-4916-a4d6-fc40e5a4df82.jpg?v=1775496567,6
3608393596352,5694614,apparel,Cycling bib shorts,Van Rysel Men's EDR Cycling Shorts,Van Rysel Men's EDR Cycling Shorts,M,Cacao Brown,99.99,99.99,USD,en-US,GF-R4-U1,10,van-rysel-mens-edr-cycling-shorts,https://cdn.shopify.com/s/files/1/1330/6287/files/default_b113ca21-eb83-4916-a4d6-fc40e5a4df82.jpg?v=1775496567,6
3608393596369,5694615,apparel,Cycling bib shorts,Van Rysel Men's EDR Cycling Shorts,Van Rysel Men's EDR Cycling Shorts,XL,Cacao Brown,99.99,99.99,USD,en-US,GF-R4-U2,20,van-rysel-mens-edr-cycling-shorts,https://cdn.shopify.com/s/files/1/1330/6287/files/default_b113ca21-eb83-4916-a4d6-fc40e5a4df82.jpg?v=1775496567,6
3608393601070,5695251,apparel,Ski suit,Wedze Kids' 100 Warm Waterproof Snowsuit,Wedze Kids' 100 Warm Waterproof Snowsuit,"5-6 Years / 3'7""-4'",Black,74.99,74.99,USD,en-US,GF-R4-U3,21,wedze-kids-warm-ski-suit-5-13-years-ski100-black-355560-fw25,https://cdn.shopify.com/s/files/1/1330/6287/files/8938121-product_image-p2911633.jpg?v=1755561555,10
3608393601087,5695252,apparel,Ski suit,Wedze Kids' 100 Warm Waterproof Snowsuit,Wedze Kids' 100 Warm Waterproof Snowsuit,7-8 Years / 48''-51'',Black,74.99,74.99,USD,en-US,GF-R4-U4,20,wedze-kids-warm-ski-suit-5-13-years-ski100-black-355560-fw25,https://cdn.shopify.com/s/files/1/1330/6287/files/8938121-product_image-p2911633.jpg?v=1755561555,10
3608393601094,5695253,apparel,Ski suit,Wedze Kids' 100 Warm Waterproof Snowsuit,Wedze Kids' 100 Warm Waterproof Snowsuit,8-9 Years / 52''-55'',Black,74.99,74.99,USD,en-US,GF-R4-U5,17,wedze-kids-warm-ski-suit-5-13-years-ski100-black-355560-fw25,https://cdn.shopify.com/s/files/1/1330/6287/files/8938121-product_image-p2911633.jpg?v=1755561555,10
3608393602459,5538474,accessories,Cap,Kiprun Ultra-Light 5-Panel Running Cap,Kiprun Ultra-Light 5-Panel Running Cap,One Size,Fuchsia Pink,24.99,24.99,USD,en-US,GB-R5-U3,17,unisex-running-cap-kiprun-5-panels-carbon-grey-344027,https://cdn.shopify.com/s/files/1/1330/6287/files/8852482-context_image-p2599876.jpg?v=1749852400,60
3608393605726,5537069,accessories,Cap,Kiprun Ultra-Light 5-Panel Running Cap,Kiprun Ultra-Light 5-Panel Running Cap,One Size,Dark Petrol Blue,24.99,24.99,USD,en-US,GB-R5-U4,13,unisex-running-cap-kiprun-5-panels-carbon-grey-344027,https://cdn.shopify.com/s/files/1/1330/6287/files/8852482-context_image-p2599876.jpg?v=1749852400,60
3608393625977,5686968,accessories,Thermos,Quechua MH900 Double-Wall Insulated 800 ml Water Bottle,Quechua MH900 Double-Wall Insulated 800 ml Water Bottle,One Size,Frozen cedar,26.99,26.99,USD,en-US,GB-R5-U5,16,hiking-flask-insulated-stainless-steel-08-l-mh500-301275,https://cdn.shopify.com/s/files/1/1330/6287/products/8554867-product_image-1969019.jpg?v=1688037450,23
3608393627032,5687608,bag_pack,Backpack,Quechua NH100 Arpenaz 10 L Hiking Backpack,Quechua NH100 Arpenaz 10 L Hiking Backpack,10 L,Golden Brown,19.99,19.99,USD,en-US,PE-08,9,quechua-hiking-10l-backpack-arpenaz-nh100-344147,https://cdn.shopify.com/s/files/1/1330/6287/files/8775634-product_image-p2621212.jpg?v=1712059796,54
3608393754530,4517720,footwear,Shoes,Quechua Men's NH100 Warm Waterproof Mid Snow Hiking Boots,Quechua Men's NH100 Warm Waterproof Mid Snow Hiking Boots,6.5,Smoked Black,50.00,50.0,USD,en-US,PE-02,7,quechua-mens-warm-waterproof-snow-hiking-boots-nh100-mid-black-338961-fw25,https://cdn.shopify.com/s/files/1/1330/6287/files/8737445-product_image-p2779013.jpg?v=1759159657,8
3608393754547,4517721,footwear,Shoes,Quechua Men's NH100 Warm Waterproof Mid Snow Hiking Boots,Quechua Men's NH100 Warm Waterproof Mid Snow Hiking Boots,7.5,Smoked Black,50.00,50.0,USD,en-US,PE-03,9,quechua-mens-warm-waterproof-snow-hiking-boots-nh100-mid-black-338961-fw25,https://cdn.shopify.com/s/files/1/1330/6287/files/8737445-product_image-p2779013.jpg?v=1759159657,8
3608393754554,4517722,footwear,Shoes,Quechua Men's NH100 Warm Waterproof Mid Snow Hiking Boots,Quechua Men's NH100 Warm Waterproof Mid Snow Hiking Boots,8,Smoked Black,50.00,50.0,USD,en-US,PE-04,7,quechua-mens-warm-waterproof-snow-hiking-boots-nh100-mid-black-338961-fw25,https://cdn.shopify.com/s/files/1/1330/6287/files/8737445-product_image-p2779013.jpg?v=1759159657,8
3608393754561,4517723,footwear,Shoes,Quechua Men's NH100 Warm Waterproof Mid Snow Hiking Boots,Quechua Men's NH100 Warm Waterproof Mid Snow Hiking Boots,9,Smoked Black,50.00,50.0,USD,en-US,PE-05,11,quechua-mens-warm-waterproof-snow-hiking-boots-nh100-mid-black-338961-fw25,https://cdn.shopify.com/s/files/1/1330/6287/files/8737445-product_image-p2779013.jpg?v=1759159657,8
3608393754578,4517724,footwear,Shoes,Quechua Men's NH100 Warm Waterproof Mid Snow Hiking Boots,Quechua Men's NH100 Warm Waterproof Mid Snow Hiking Boots,9.5,Smoked Black,50.00,50.0,USD,en-US,FB-01,12,quechua-mens-warm-waterproof-snow-hiking-boots-nh100-mid-black-338961-fw25,https://cdn.shopify.com/s/files/1/1330/6287/files/8737445-product_image-p2779013.jpg?v=1759159657,8
3608393754585,4517725,footwear,Shoes,Quechua Men's NH100 Warm Waterproof Mid Snow Hiking Boots,Quechua Men's NH100 Warm Waterproof Mid Snow Hiking Boots,10.5,Smoked Black,50.00,50.0,USD,en-US,GA-01,13,quechua-mens-warm-waterproof-snow-hiking-boots-nh100-mid-black-338961-fw25,https://cdn.shopify.com/s/files/1/1330/6287/files/8737445-product_image-p2779013.jpg?v=1759159657,8
3608393754592,4517726,footwear,Shoes,Quechua Men's NH100 Warm Waterproof Mid Snow Hiking Boots,Quechua Men's NH100 Warm Waterproof Mid Snow Hiking Boots,11.5,Smoked Black,50.00,50.0,USD,en-US,GA-02,12,quechua-mens-warm-waterproof-snow-hiking-boots-nh100-mid-black-338961-fw25,https://cdn.shopify.com/s/files/1/1330/6287/files/8737445-product_image-p2779013.jpg?v=1759159657,8
3608393754608,4517727,footwear,Shoes,Quechua Men's NH100 Warm Waterproof Mid Snow Hiking Boots,Quechua Men's NH100 Warm Waterproof Mid Snow Hiking Boots,12,Smoked Black,50.00,50.0,USD,en-US,PW-01,10,quechua-mens-warm-waterproof-snow-hiking-boots-nh100-mid-black-338961-fw25,https://cdn.shopify.com/s/files/1/1330/6287/files/8737445-product_image-p2779013.jpg?v=1759159657,8
3608393754615,4517728,footwear,Shoes,Quechua Men's NH100 Warm Waterproof Mid Snow Hiking Boots,Quechua Men's NH100 Warm Waterproof Mid Snow Hiking Boots,13,Smoked Black,50.00,50.0,USD,en-US,PW-02,9,quechua-mens-warm-waterproof-snow-hiking-boots-nh100-mid-black-338961-fw25,https://cdn.shopify.com/s/files/1/1330/6287/files/8737445-product_image-p2779013.jpg?v=1759159657,8
3608393806468,5723430,bag_pack,Backpack,Quechua 100 Arpenaz 20L Hiking Backpack,Quechua 100 Arpenaz 20L Hiking Backpack,20 L,Green,32.99,32.99,USD,en-US,GF-R5-U1,5,quechua-100-arpenaz-20l-hiking-backpack-368816,https://cdn.shopify.com/s/files/1/1330/6287/files/8955900-default_3fa08060-5458-4e3b-85fd-1fbea6d0c35b.jpg?v=1772665580,34
3608393819291,5722028,apparel,T-shirt,SIMOND Men's Travel 500 Merino Wool T-Shirt,SIMOND Men's Travel 500 Merino Wool T-Shirt,S,Yellow Ochre,49.99,49.99,USD,en-US,GF-R4-U6,13,simond-men-s-travel-500-merino-wool-t-shirt-yellow-ochre-8976906,https://cdn.shopify.com/s/files/1/1330/6287/files/default_8121ebca-f39d-4c51-9b9a-4cc91131280e.jpg?v=1775497411,13
3608393820501,5722029,apparel,T-shirt,SIMOND Men's Travel 500 Merino Wool T-Shirt,SIMOND Men's Travel 500 Merino Wool T-Shirt,M,Yellow Ochre,49.99,49.99,USD,en-US,GF-R4-U7,18,simond-men-s-travel-500-merino-wool-t-shirt-yellow-ochre-8976906,https://cdn.shopify.com/s/files/1/1330/6287/files/default_8121ebca-f39d-4c51-9b9a-4cc91131280e.jpg?v=1775497411,13
3608393820518,5722030,apparel,T-shirt,SIMOND Men's Travel 500 Merino Wool T-Shirt,SIMOND Men's Travel 500 Merino Wool T-Shirt,L,Yellow Ochre,49.99,49.99,USD,en-US,GB-R1-U1,14,simond-men-s-travel-500-merino-wool-t-shirt-yellow-ochre-8976906,https://cdn.shopify.com/s/files/1/1330/6287/files/default_8121ebca-f39d-4c51-9b9a-4cc91131280e.jpg?v=1775497411,13
3608393820525,5722031,apparel,T-shirt,SIMOND Men's Travel 500 Merino Wool T-Shirt,SIMOND Men's Travel 500 Merino Wool T-Shirt,XL,Yellow Ochre,49.99,49.99,USD,en-US,GB-R1-U2,11,simond-men-s-travel-500-merino-wool-t-shirt-yellow-ochre-8976906,https://cdn.shopify.com/s/files/1/1330/6287/files/default_8121ebca-f39d-4c51-9b9a-4cc91131280e.jpg?v=1775497411,13
3608393820532,5722032,apparel,T-shirt,SIMOND Men's Travel 500 Merino Wool T-Shirt,SIMOND Men's Travel 500 Merino Wool T-Shirt,2XL,Yellow Ochre,49.99,49.99,USD,en-US,GB-R1-U3,18,simond-men-s-travel-500-merino-wool-t-shirt-yellow-ochre-8976906,https://cdn.shopify.com/s/files/1/1330/6287/files/default_8121ebca-f39d-4c51-9b9a-4cc91131280e.jpg?v=1775497411,13
3608393855497,5730081,bag_pack,Travel bag,Simond 500 Extend 30-40 L Duffel Bag,Simond 500 Extend 30-40 L Duffel Bag,30-40 L,Abyss Gray,79.99,79.99,USD,en-US,GF-R5-U2,7,simond-500-extend-30-40-l-duffel-bag-338461,https://cdn.shopify.com/s/files/1/1330/6287/files/8735952-product_image-p2606547_66d45522-95f9-4abf-b4c8-7ea532e16b44.jpg?v=1748577836,48
3608393857101,5730110,bag_pack,Travel bag,Simond 500 Extend 40-60 L Duffel Bag,Simond 500 Extend 40-60 L Duffel Bag,40 L,Bright Indigo,99.99,99.99,USD,en-US,GF-R5-U3,8,simond-500-extend-40-60-l-duffel-bag-156359,https://cdn.shopify.com/s/files/1/1330/6287/files/8383299-product_image-p2439908_a0618d9f-e032-4310-aad9-4a4e2b5cc349.jpg?v=1748542814,32
3608393862556,5727456,apparel,T-shirt,SIMOND Women's Travel 500 Merino Wool T-Shirt,SIMOND Women's Travel 500 Merino Wool T-Shirt,XS,Golden Olive Green,49.99,49.99,USD,en-US,GB-R1-U4,20,simond-women-s-travel-500-merino-wool-t-shirt-golden-olive-green-8977842,https://cdn.shopify.com/s/files/1/1330/6287/files/default_243338bc-279b-4a9b-aac4-e92d236cb71d.jpg?v=1775497335,8
3608393862563,5727457,apparel,T-shirt,SIMOND Women's Travel 500 Merino Wool T-Shirt,SIMOND Women's Travel 500 Merino Wool T-Shirt,S,Golden Olive Green,49.99,49.99,USD,en-US,GB-R1-U5,11,simond-women-s-travel-500-merino-wool-t-shirt-golden-olive-green-8977842,https://cdn.shopify.com/s/files/1/1330/6287/files/default_243338bc-279b-4a9b-aac4-e92d236cb71d.jpg?v=1775497335,8
3608393862570,5727458,apparel,T-shirt,SIMOND Women's Travel 500 Merino Wool T-Shirt,SIMOND Women's Travel 500 Merino Wool T-Shirt,M,Golden Olive Green,49.99,49.99,USD,en-US,GB-R1-U6,12,simond-women-s-travel-500-merino-wool-t-shirt-golden-olive-green-8977842,https://cdn.shopify.com/s/files/1/1330/6287/files/default_243338bc-279b-4a9b-aac4-e92d236cb71d.jpg?v=1775497335,8
3608393862587,5727459,apparel,T-shirt,SIMOND Women's Travel 500 Merino Wool T-Shirt,SIMOND Women's Travel 500 Merino Wool T-Shirt,L,Golden Olive Green,49.99,49.99,USD,en-US,GB-R1-U7,21,simond-women-s-travel-500-merino-wool-t-shirt-golden-olive-green-8977842,https://cdn.shopify.com/s/files/1/1330/6287/files/default_243338bc-279b-4a9b-aac4-e92d236cb71d.jpg?v=1775497335,8
3608393862594,5727460,apparel,T-shirt,SIMOND Women's Travel 500 Merino Wool T-Shirt,SIMOND Women's Travel 500 Merino Wool T-Shirt,XL,Golden Olive Green,49.99,49.99,USD,en-US,GB-R2-U1,15,simond-women-s-travel-500-merino-wool-t-shirt-golden-olive-green-8977842,https://cdn.shopify.com/s/files/1/1330/6287/files/default_243338bc-279b-4a9b-aac4-e92d236cb71d.jpg?v=1775497335,8
3608393863508,5727461,apparel,T-shirt,SIMOND Women's Travel 500 Merino Wool T-Shirt,SIMOND Women's Travel 500 Merino Wool T-Shirt,2XL,Golden Olive Green,49.99,49.99,USD,en-US,GB-R2-U2,9,simond-women-s-travel-500-merino-wool-t-shirt-golden-olive-green-8977842,https://cdn.shopify.com/s/files/1/1330/6287/files/default_243338bc-279b-4a9b-aac4-e92d236cb71d.jpg?v=1775497335,8
3608393869111,5733428,bag_pack,Travel bag,Simond 500 Extend 40-60 L Duffel Bag V2,Simond 500 Extend 40-60 L Duffel Bag V2,OS,Bronze Khaki Green,99.99,99.99,USD,en-US,GF-R5-U4,9,simond-500-extend-40-60-l-duffel-bag-v2-bronze-khaki-green-8979167,https://cdn.shopify.com/s/files/1/1330/6287/files/default_578c92e4-7d1d-482b-a19a-290939a7dd29.jpg?v=1775496908,8
3608393874726,5734961,bag_pack,Travel bag,Simond 500 Extend 30-40 L Duffel Bag,Simond 500 Extend 30-40 L Duffel Bag,30-40 L,Laurel Green,79.99,79.99,USD,en-US,GF-R5-U5,6,simond-500-extend-30-40-l-duffel-bag-338461,https://cdn.shopify.com/s/files/1/1330/6287/files/8735952-product_image-p2606547_66d45522-95f9-4abf-b4c8-7ea532e16b44.jpg?v=1748577836,48
3608393906991,5075896,apparel,T-shirt,SIMOND Women's Travel 500 Merino Wool T-Shirt,SIMOND Women's Travel 500 Merino Wool T-Shirt,XS,Midnight Blue,49.99,49.99,USD,en-US,GB-R2-U3,10,simond-women-s-travel-500-merino-wool-t-shirt-midnight-blue-8853036,https://cdn.shopify.com/s/files/1/1330/6287/files/default_4d4d9151-dd30-4fad-974e-ca2f4832a11a.jpg?v=1775497382,8
3608393907806,5075897,apparel,T-shirt,SIMOND Women's Travel 500 Merino Wool T-Shirt,SIMOND Women's Travel 500 Merino Wool T-Shirt,S,Midnight Blue,49.99,49.99,USD,en-US,GB-R2-U4,12,simond-women-s-travel-500-merino-wool-t-shirt-midnight-blue-8853036,https://cdn.shopify.com/s/files/1/1330/6287/files/default_4d4d9151-dd30-4fad-974e-ca2f4832a11a.jpg?v=1775497382,8
3608393907813,5075898,apparel,T-shirt,SIMOND Women's Travel 500 Merino Wool T-Shirt,SIMOND Women's Travel 500 Merino Wool T-Shirt,M,Midnight Blue,49.99,49.99,USD,en-US,GB-R2-U5,13,simond-women-s-travel-500-merino-wool-t-shirt-midnight-blue-8853036,https://cdn.shopify.com/s/files/1/1330/6287/files/default_4d4d9151-dd30-4fad-974e-ca2f4832a11a.jpg?v=1775497382,8
3608393907820,5075900,apparel,T-shirt,SIMOND Women's Travel 500 Merino Wool T-Shirt,SIMOND Women's Travel 500 Merino Wool T-Shirt,L,Midnight Blue,49.99,49.99,USD,en-US,GB-R2-U6,14,simond-women-s-travel-500-merino-wool-t-shirt-midnight-blue-8853036,https://cdn.shopify.com/s/files/1/1330/6287/files/default_4d4d9151-dd30-4fad-974e-ca2f4832a11a.jpg?v=1775497382,8
3608393907837,5075901,apparel,T-shirt,SIMOND Women's Travel 500 Merino Wool T-Shirt,SIMOND Women's Travel 500 Merino Wool T-Shirt,XL,Midnight Blue,49.99,49.99,USD,en-US,GB-R2-U7,18,simond-women-s-travel-500-merino-wool-t-shirt-midnight-blue-8853036,https://cdn.shopify.com/s/files/1/1330/6287/files/default_4d4d9151-dd30-4fad-974e-ca2f4832a11a.jpg?v=1775497382,8
3608393907844,5075903,apparel,T-shirt,SIMOND Women's Travel 500 Merino Wool T-Shirt,SIMOND Women's Travel 500 Merino Wool T-Shirt,2XL,Midnight Blue,49.99,49.99,USD,en-US,GB-R3-U1,15,simond-women-s-travel-500-merino-wool-t-shirt-midnight-blue-8853036,https://cdn.shopify.com/s/files/1/1330/6287/files/default_4d4d9151-dd30-4fad-974e-ca2f4832a11a.jpg?v=1775497382,8
3608393922243,5637507,footwear,Shoes,Kiprun Kipride Max Men's Running Shoes,Kiprun Kipride Max Men's Running Shoes,7,Black,160.00,160.0,USD,en-US,PW-03,7,kiprun-kipride-max-mens-running-shoes-362185,https://cdn.shopify.com/s/files/1/1330/6287/files/8960548-KIPRUNKIPRIDEMAXHNOIRPE6PE26-8960548-001---Expireson28-10-2035.jpg?v=1774547980,16
3608393922250,5637508,footwear,Shoes,Kiprun Kipride Max Men's Running Shoes,Kiprun Kipride Max Men's Running Shoes,8,Black,160.00,160.0,USD,en-US,PW-04,8,kiprun-kipride-max-mens-running-shoes-362185,https://cdn.shopify.com/s/files/1/1330/6287/files/8960548-KIPRUNKIPRIDEMAXHNOIRPE6PE26-8960548-001---Expireson28-10-2035.jpg?v=1774547980,16
3608393922267,5637509,footwear,Shoes,Kiprun Kipride Max Men's Running Shoes,Kiprun Kipride Max Men's Running Shoes,9,Black,160.00,160.0,USD,en-US,PW-05,11,kiprun-kipride-max-mens-running-shoes-362185,https://cdn.shopify.com/s/files/1/1330/6287/files/8960548-KIPRUNKIPRIDEMAXHNOIRPE6PE26-8960548-001---Expireson28-10-2035.jpg?v=1774547980,16
3608393922274,5637510,footwear,Shoes,Kiprun Kipride Max Men's Running Shoes,Kiprun Kipride Max Men's Running Shoes,9.5,Black,160.00,160.0,USD,en-US,PW-06,10,kiprun-kipride-max-mens-running-shoes-362185,https://cdn.shopify.com/s/files/1/1330/6287/files/8960548-KIPRUNKIPRIDEMAXHNOIRPE6PE26-8960548-001---Expireson28-10-2035.jpg?v=1774547980,16
3608393923875,5518789,footwear,Shoes,Kiprun Kipride Max Men's Running Shoes,Kiprun Kipride Max Men's Running Shoes,7,Purple ,160.00,160.0,USD,en-US,PW-07,9,kiprun-kipride-max-mens-running-shoes-362185,https://cdn.shopify.com/s/files/1/1330/6287/files/8960548-KIPRUNKIPRIDEMAXHNOIRPE6PE26-8960548-001---Expireson28-10-2035.jpg?v=1774547980,16
3608393923882,5518790,footwear,Shoes,Kiprun Kipride Max Men's Running Shoes,Kiprun Kipride Max Men's Running Shoes,8,Purple ,160.00,160.0,USD,en-US,PW-08,7,kiprun-kipride-max-mens-running-shoes-362185,https://cdn.shopify.com/s/files/1/1330/6287/files/8960548-KIPRUNKIPRIDEMAXHNOIRPE6PE26-8960548-001---Expireson28-10-2035.jpg?v=1774547980,16
3608393923899,5518791,footwear,Shoes,Kiprun Kipride Max Men's Running Shoes,Kiprun Kipride Max Men's Running Shoes,9,Purple ,160.00,160.0,USD,en-US,PE-01,10,kiprun-kipride-max-mens-running-shoes-362185,https://cdn.shopify.com/s/files/1/1330/6287/files/8960548-KIPRUNKIPRIDEMAXHNOIRPE6PE26-8960548-001---Expireson28-10-2035.jpg?v=1774547980,16
3608393924308,5637513,footwear,Shoes,Kiprun Kipride Max Men's Running Shoes,Kiprun Kipride Max Men's Running Shoes,10,Black,160.00,160.0,USD,en-US,PE-02,12,kiprun-kipride-max-mens-running-shoes-362185,https://cdn.shopify.com/s/files/1/1330/6287/files/8960548-KIPRUNKIPRIDEMAXHNOIRPE6PE26-8960548-001---Expireson28-10-2035.jpg?v=1774547980,16
3608393924315,5637514,footwear,Shoes,Kiprun Kipride Max Men's Running Shoes,Kiprun Kipride Max Men's Running Shoes,10.5,Black,160.00,160.0,USD,en-US,PE-03,8,kiprun-kipride-max-mens-running-shoes-362185,https://cdn.shopify.com/s/files/1/1330/6287/files/8960548-KIPRUNKIPRIDEMAXHNOIRPE6PE26-8960548-001---Expireson28-10-2035.jpg?v=1774547980,16
3608393924322,5637516,footwear,Shoes,Kiprun Kipride Max Men's Running Shoes,Kiprun Kipride Max Men's Running Shoes,11,Black,160.00,160.0,USD,en-US,PE-04,11,kiprun-kipride-max-mens-running-shoes-362185,https://cdn.shopify.com/s/files/1/1330/6287/files/8960548-KIPRUNKIPRIDEMAXHNOIRPE6PE26-8960548-001---Expireson28-10-2035.jpg?v=1774547980,16
3608393924339,5637517,footwear,Shoes,Kiprun Kipride Max Men's Running Shoes,Kiprun Kipride Max Men's Running Shoes,12,Black,160.00,160.0,USD,en-US,PE-05,9,kiprun-kipride-max-mens-running-shoes-362185,https://cdn.shopify.com/s/files/1/1330/6287/files/8960548-KIPRUNKIPRIDEMAXHNOIRPE6PE26-8960548-001---Expireson28-10-2035.jpg?v=1774547980,16
3608393924346,5637518,footwear,Shoes,Kiprun Kipride Max Men's Running Shoes,Kiprun Kipride Max Men's Running Shoes,13,Black,160.00,160.0,USD,en-US,FB-01,9,kiprun-kipride-max-mens-running-shoes-362185,https://cdn.shopify.com/s/files/1/1330/6287/files/8960548-KIPRUNKIPRIDEMAXHNOIRPE6PE26-8960548-001---Expireson28-10-2035.jpg?v=1774547980,16
3608393925114,5518793,footwear,Shoes,Kiprun Kipride Max Men's Running Shoes,Kiprun Kipride Max Men's Running Shoes,9.5,Purple ,160.00,160.0,USD,en-US,GA-01,9,kiprun-kipride-max-mens-running-shoes-362185,https://cdn.shopify.com/s/files/1/1330/6287/files/8960548-KIPRUNKIPRIDEMAXHNOIRPE6PE26-8960548-001---Expireson28-10-2035.jpg?v=1774547980,16
3608393925138,5518795,footwear,Shoes,Kiprun Kipride Max Men's Running Shoes,Kiprun Kipride Max Men's Running Shoes,10,Purple ,160.00,160.0,USD,en-US,GA-02,6,kiprun-kipride-max-mens-running-shoes-362185,https://cdn.shopify.com/s/files/1/1330/6287/files/8960548-KIPRUNKIPRIDEMAXHNOIRPE6PE26-8960548-001---Expireson28-10-2035.jpg?v=1774547980,16
3608393925145,5518796,footwear,Shoes,Kiprun Kipride Max Men's Running Shoes,Kiprun Kipride Max Men's Running Shoes,10.5,Purple ,160.00,160.0,USD,en-US,PW-01,7,kiprun-kipride-max-mens-running-shoes-362185,https://cdn.shopify.com/s/files/1/1330/6287/files/8960548-KIPRUNKIPRIDEMAXHNOIRPE6PE26-8960548-001---Expireson28-10-2035.jpg?v=1774547980,16
3608393925152,5518797,footwear,Shoes,Kiprun Kipride Max Men's Running Shoes,Kiprun Kipride Max Men's Running Shoes,11,Purple ,160.00,160.0,USD,en-US,PW-02,8,kiprun-kipride-max-mens-running-shoes-362185,https://cdn.shopify.com/s/files/1/1330/6287/files/8960548-KIPRUNKIPRIDEMAXHNOIRPE6PE26-8960548-001---Expireson28-10-2035.jpg?v=1774547980,16
3608393925169,5518798,footwear,Shoes,Kiprun Kipride Max Men's Running Shoes,Kiprun Kipride Max Men's Running Shoes,12,Purple ,160.00,160.0,USD,en-US,PW-03,9,kiprun-kipride-max-mens-running-shoes-362185,https://cdn.shopify.com/s/files/1/1330/6287/files/8960548-KIPRUNKIPRIDEMAXHNOIRPE6PE26-8960548-001---Expireson28-10-2035.jpg?v=1774547980,16
3608393925176,5518799,footwear,Shoes,Kiprun Kipride Max Men's Running Shoes,Kiprun Kipride Max Men's Running Shoes,13,Purple ,160.00,160.0,USD,en-US,PW-04,13,kiprun-kipride-max-mens-running-shoes-362185,https://cdn.shopify.com/s/files/1/1330/6287/files/8960548-KIPRUNKIPRIDEMAXHNOIRPE6PE26-8960548-001---Expireson28-10-2035.jpg?v=1774547980,16
3608393936325,5638068,footwear,Shoes,Kiprun Kipride Max Women's Running Shoes,Kiprun Kipride Max Women's Running Shoes,5.5,Fuschia,170.00,170.0,USD,en-US,PW-05,7,kiprun-kipride-max-womens-running-shoes-362221,https://cdn.shopify.com/s/files/1/1330/6287/files/8960644-001.jpg?v=1774560257,16
3608393936332,5638069,footwear,Shoes,Kiprun Kipride Max Women's Running Shoes,Kiprun Kipride Max Women's Running Shoes,6,Fuschia,170.00,170.0,USD,en-US,PW-06,7,kiprun-kipride-max-womens-running-shoes-362221,https://cdn.shopify.com/s/files/1/1330/6287/files/8960644-001.jpg?v=1774560257,16
3608393936349,5638070,footwear,Shoes,Kiprun Kipride Max Women's Running Shoes,Kiprun Kipride Max Women's Running Shoes,7,Fuschia,170.00,170.0,USD,en-US,PW-07,7,kiprun-kipride-max-womens-running-shoes-362221,https://cdn.shopify.com/s/files/1/1330/6287/files/8960644-001.jpg?v=1774560257,16
3608393936356,5638071,footwear,Shoes,Kiprun Kipride Max Women's Running Shoes,Kiprun Kipride Max Women's Running Shoes,8,Fuschia,170.00,170.0,USD,en-US,PW-08,9,kiprun-kipride-max-womens-running-shoes-362221,https://cdn.shopify.com/s/files/1/1330/6287/files/8960644-001.jpg?v=1774560257,16
3608393936363,5638072,footwear,Shoes,Kiprun Kipride Max Women's Running Shoes,Kiprun Kipride Max Women's Running Shoes,9,Fuschia,170.00,170.0,USD,en-US,PE-01,11,kiprun-kipride-max-womens-running-shoes-362221,https://cdn.shopify.com/s/files/1/1330/6287/files/8960644-001.jpg?v=1774560257,16
3608393936370,5638073,footwear,Shoes,Kiprun Kipride Max Women's Running Shoes,Kiprun Kipride Max Women's Running Shoes,9.5,Fuschia,170.00,170.0,USD,en-US,PE-02,10,kiprun-kipride-max-womens-running-shoes-362221,https://cdn.shopify.com/s/files/1/1330/6287/files/8960644-001.jpg?v=1774560257,16
3608393936387,5638074,footwear,Shoes,Kiprun Kipride Max Women's Running Shoes,Kiprun Kipride Max Women's Running Shoes,10,Fuschia,170.00,170.0,USD,en-US,PE-03,12,kiprun-kipride-max-womens-running-shoes-362221,https://cdn.shopify.com/s/files/1/1330/6287/files/8960644-001.jpg?v=1774560257,16
3608393936622,5638062,footwear,Shoes,Kiprun Kipride Max Women's Running Shoes,Kiprun Kipride Max Women's Running Shoes,5.5,Grey Pink ,160.00,160.0,USD,en-US,PE-04,12,kiprun-kipride-max-womens-running-shoes-362221,https://cdn.shopify.com/s/files/1/1330/6287/files/8960644-001.jpg?v=1774560257,16
3608393936639,5638063,footwear,Shoes,Kiprun Kipride Max Women's Running Shoes,Kiprun Kipride Max Women's Running Shoes,6,Grey Pink ,160.00,160.0,USD,en-US,PE-05,9,kiprun-kipride-max-womens-running-shoes-362221,https://cdn.shopify.com/s/files/1/1330/6287/files/8960644-001.jpg?v=1774560257,16
3608393936646,5638064,footwear,Shoes,Kiprun Kipride Max Women's Running Shoes,Kiprun Kipride Max Women's Running Shoes,7,Grey Pink ,160.00,160.0,USD,en-US,FB-01,11,kiprun-kipride-max-womens-running-shoes-362221,https://cdn.shopify.com/s/files/1/1330/6287/files/8960644-001.jpg?v=1774560257,16
3608393936653,5638065,footwear,Shoes,Kiprun Kipride Max Women's Running Shoes,Kiprun Kipride Max Women's Running Shoes,8,Grey Pink ,160.00,160.0,USD,en-US,GA-01,7,kiprun-kipride-max-womens-running-shoes-362221,https://cdn.shopify.com/s/files/1/1330/6287/files/8960644-001.jpg?v=1774560257,16
3608393936660,5638066,footwear,Shoes,Kiprun Kipride Max Women's Running Shoes,Kiprun Kipride Max Women's Running Shoes,9.5,Grey Pink ,160.00,160.0,USD,en-US,GA-02,8,kiprun-kipride-max-womens-running-shoes-362221,https://cdn.shopify.com/s/files/1/1330/6287/files/8960644-001.jpg?v=1774560257,16
3608393936677,5638067,footwear,Shoes,Kiprun Kipride Max Women's Running Shoes,Kiprun Kipride Max Women's Running Shoes,10,Grey Pink ,160.00,160.0,USD,en-US,PW-01,7,kiprun-kipride-max-womens-running-shoes-362221,https://cdn.shopify.com/s/files/1/1330/6287/files/8960644-001.jpg?v=1774560257,16
3608393936684,5645279,footwear,Shoes,Kiprun Kipride Max Women's Running Shoes,Kiprun Kipride Max Women's Running Shoes,9,Grey Pink ,160.00,160.0,USD,en-US,PW-02,8,kiprun-kipride-max-womens-running-shoes-362221,https://cdn.shopify.com/s/files/1/1330/6287/files/8960644-001.jpg?v=1774560257,16
3608393962256,5640411,footwear,Shoes,Kiprun Kipstorm Tempo Men's Running Shoes,Kiprun Kipstorm Tempo Men's Running Shoes,9,White Orange,170.00,170.0,USD,en-US,PW-03,7,kiprun-kipstorm-tempo-mens-running-shoes-362245,https://cdn.shopify.com/s/files/1/1330/6287/files/8961354-001.jpg?v=1774560693,16
3608393962263,5640412,footwear,Shoes,Kiprun Kipstorm Tempo Men's Running Shoes,Kiprun Kipstorm Tempo Men's Running Shoes,9.5,White Orange,170.00,170.0,USD,en-US,PW-04,10,kiprun-kipstorm-tempo-mens-running-shoes-362245,https://cdn.shopify.com/s/files/1/1330/6287/files/8961354-001.jpg?v=1774560693,16
3608393962287,5640414,footwear,Shoes,Kiprun Kipstorm Tempo Men's Running Shoes,Kiprun Kipstorm Tempo Men's Running Shoes,10.5,White Orange,170.00,170.0,USD,en-US,PW-05,8,kiprun-kipstorm-tempo-mens-running-shoes-362245,https://cdn.shopify.com/s/files/1/1330/6287/files/8961354-001.jpg?v=1774560693,16
3608393962294,5640415,footwear,Shoes,Kiprun Kipstorm Tempo Men's Running Shoes,Kiprun Kipstorm Tempo Men's Running Shoes,11,White Orange,170.00,170.0,USD,en-US,PW-06,8,kiprun-kipstorm-tempo-mens-running-shoes-362245,https://cdn.shopify.com/s/files/1/1330/6287/files/8961354-001.jpg?v=1774560693,16
3608393962607,5640416,footwear,Shoes,Kiprun Kipstorm Tempo Men's Running Shoes,Kiprun Kipstorm Tempo Men's Running Shoes,12,White Orange,170.00,170.0,USD,en-US,PW-07,8,kiprun-kipstorm-tempo-mens-running-shoes-362245,https://cdn.shopify.com/s/files/1/1330/6287/files/8961354-001.jpg?v=1774560693,16
3608393962614,5640417,footwear,Shoes,Kiprun Kipstorm Tempo Men's Running Shoes,Kiprun Kipstorm Tempo Men's Running Shoes,13,White Orange,170.00,170.0,USD,en-US,PW-08,13,kiprun-kipstorm-tempo-mens-running-shoes-362245,https://cdn.shopify.com/s/files/1/1330/6287/files/8961354-001.jpg?v=1774560693,16
3608393962621,5650673,footwear,Shoes,Kiprun Kipstorm Tempo Men's Running Shoes,Kiprun Kipstorm Tempo Men's Running Shoes,10,White Orange,170.00,170.0,USD,en-US,PE-01,8,kiprun-kipstorm-tempo-mens-running-shoes-362245,https://cdn.shopify.com/s/files/1/1330/6287/files/8961354-001.jpg?v=1774560693,16
3608393962638,5652598,footwear,Shoes,Kiprun Kipstorm Tempo Men's Running Shoes,Kiprun Kipstorm Tempo Men's Running Shoes,8,White Orange,170.00,170.0,USD,en-US,PE-02,8,kiprun-kipstorm-tempo-mens-running-shoes-362245,https://cdn.shopify.com/s/files/1/1330/6287/files/8961354-001.jpg?v=1774560693,16
3608393962652,5653598,footwear,Shoes,Kiprun Kipstorm Tempo Men's Running Shoes,Kiprun Kipstorm Tempo Men's Running Shoes,7,White Orange,170.00,170.0,USD,en-US,PE-03,8,kiprun-kipstorm-tempo-mens-running-shoes-362245,https://cdn.shopify.com/s/files/1/1330/6287/files/8961354-001.jpg?v=1774560693,16
3608393962935,5649354,footwear,Shoes,Kiprun Kipstorm Tempo Women's Running Shoes,Kiprun Kipstorm Tempo Women's Running Shoes,5.5,White Pink,170.00,170.0,USD,en-US,PE-04,9,kiprun-kipstorm-tempo-womens-running-shoes-362176,https://cdn.shopify.com/s/files/1/1330/6287/files/8967608-001.jpg?v=1774446543,8
3608393962942,5649355,footwear,Shoes,Kiprun Kipstorm Tempo Women's Running Shoes,Kiprun Kipstorm Tempo Women's Running Shoes,6,White Pink,170.00,170.0,USD,en-US,PE-05,13,kiprun-kipstorm-tempo-womens-running-shoes-362176,https://cdn.shopify.com/s/files/1/1330/6287/files/8967608-001.jpg?v=1774446543,8
3608393962959,5649356,footwear,Shoes,Kiprun Kipstorm Tempo Women's Running Shoes,Kiprun Kipstorm Tempo Women's Running Shoes,7,White Pink,170.00,170.0,USD,en-US,FB-01,9,kiprun-kipstorm-tempo-womens-running-shoes-362176,https://cdn.shopify.com/s/files/1/1330/6287/files/8967608-001.jpg?v=1774446543,8
3608393962966,5649357,footwear,Shoes,Kiprun Kipstorm Tempo Women's Running Shoes,Kiprun Kipstorm Tempo Women's Running Shoes,8,White Pink,170.00,170.0,USD,en-US,GA-01,12,kiprun-kipstorm-tempo-womens-running-shoes-362176,https://cdn.shopify.com/s/files/1/1330/6287/files/8967608-001.jpg?v=1774446543,8
3608393962973,5649358,footwear,Shoes,Kiprun Kipstorm Tempo Women's Running Shoes,Kiprun Kipstorm Tempo Women's Running Shoes,9,White Pink,170.00,170.0,USD,en-US,GA-02,12,kiprun-kipstorm-tempo-womens-running-shoes-362176,https://cdn.shopify.com/s/files/1/1330/6287/files/8967608-001.jpg?v=1774446543,8
3608393962980,5649359,footwear,Shoes,Kiprun Kipstorm Tempo Women's Running Shoes,Kiprun Kipstorm Tempo Women's Running Shoes,9.5,White Pink,170.00,170.0,USD,en-US,PW-01,11,kiprun-kipstorm-tempo-womens-running-shoes-362176,https://cdn.shopify.com/s/files/1/1330/6287/files/8967608-001.jpg?v=1774446543,8
3608393962997,5649360,footwear,Shoes,Kiprun Kipstorm Tempo Women's Running Shoes,Kiprun Kipstorm Tempo Women's Running Shoes,10,White Pink,170.00,170.0,USD,en-US,PW-02,7,kiprun-kipstorm-tempo-womens-running-shoes-362176,https://cdn.shopify.com/s/files/1/1330/6287/files/8967608-001.jpg?v=1774446543,8
3608393970473,5640546,footwear,Shoes,Kiprun Kipstorm Elite Men's Carbon Plate Running Shoes,Kiprun Kipstorm Elite Men's Carbon Plate Running Shoes,7,Yellow,255.00,255.0,USD,en-US,PW-03,7,kiprun-kipstorm-elite-mens-carbon-plate-running-shoes-362113,https://cdn.shopify.com/s/files/1/1330/6287/files/8961381_001.jpg?v=1774900832,9
3608393970497,5640548,footwear,Shoes,Kiprun Kipstorm Elite Men's Carbon Plate Running Shoes,Kiprun Kipstorm Elite Men's Carbon Plate Running Shoes,9.5,Yellow,255.00,255.0,USD,en-US,PW-04,10,kiprun-kipstorm-elite-mens-carbon-plate-running-shoes-362113,https://cdn.shopify.com/s/files/1/1330/6287/files/8961381_001.jpg?v=1774900832,9
3608393971418,5671043,footwear,Shoes,Kiprun Kipstorm Elite Women's Carbon Plate Running Shoes,Kiprun Kipstorm Elite Women's Carbon Plate Running Shoes,5.5,Yellow,255.00,255.0,USD,en-US,PW-05,8,kiprun-kipstorm-elite-womens-carbon-plate-running-shoes-362244,https://cdn.shopify.com/s/files/1/1330/6287/files/8961381_001.jpg?v=1774900832,14
3608393971425,5671044,footwear,Shoes,Kiprun Kipstorm Elite Women's Carbon Plate Running Shoes,Kiprun Kipstorm Elite Women's Carbon Plate Running Shoes,6,Yellow,255.00,255.0,USD,en-US,PW-06,9,kiprun-kipstorm-elite-womens-carbon-plate-running-shoes-362244,https://cdn.shopify.com/s/files/1/1330/6287/files/8961381_001.jpg?v=1774900832,14
3608393971432,5671045,footwear,Shoes,Kiprun Kipstorm Elite Women's Carbon Plate Running Shoes,Kiprun Kipstorm Elite Women's Carbon Plate Running Shoes,7,Yellow,255.00,255.0,USD,en-US,PW-07,10,kiprun-kipstorm-elite-womens-carbon-plate-running-shoes-362244,https://cdn.shopify.com/s/files/1/1330/6287/files/8961381_001.jpg?v=1774900832,14
3608393971449,5671046,footwear,Shoes,Kiprun Kipstorm Elite Women's Carbon Plate Running Shoes,Kiprun Kipstorm Elite Women's Carbon Plate Running Shoes,8,Yellow,255.00,255.0,USD,en-US,PW-08,6,kiprun-kipstorm-elite-womens-carbon-plate-running-shoes-362244,https://cdn.shopify.com/s/files/1/1330/6287/files/8961381_001.jpg?v=1774900832,14
3608393971456,5671047,footwear,Shoes,Kiprun Kipstorm Elite Women's Carbon Plate Running Shoes,Kiprun Kipstorm Elite Women's Carbon Plate Running Shoes,9,Yellow,255.00,255.0,USD,en-US,PE-01,11,kiprun-kipstorm-elite-womens-carbon-plate-running-shoes-362244,https://cdn.shopify.com/s/files/1/1330/6287/files/8961381_001.jpg?v=1774900832,14
3608393971463,5671050,footwear,Shoes,Kiprun Kipstorm Elite Women's Carbon Plate Running Shoes,Kiprun Kipstorm Elite Women's Carbon Plate Running Shoes,9.5,Yellow,255.00,255.0,USD,en-US,PE-02,6,kiprun-kipstorm-elite-womens-carbon-plate-running-shoes-362244,https://cdn.shopify.com/s/files/1/1330/6287/files/8961381_001.jpg?v=1774900832,14
3608393971470,5671051,footwear,Shoes,Kiprun Kipstorm Elite Women's Carbon Plate Running Shoes,Kiprun Kipstorm Elite Women's Carbon Plate Running Shoes,10,Yellow,255.00,255.0,USD,en-US,PE-03,9,kiprun-kipstorm-elite-womens-carbon-plate-running-shoes-362244,https://cdn.shopify.com/s/files/1/1330/6287/files/8961381_001.jpg?v=1774900832,14
3608393971616,5640550,footwear,Shoes,Kiprun Kipstorm Elite Men's Carbon Plate Running Shoes,Kiprun Kipstorm Elite Men's Carbon Plate Running Shoes,10,Yellow,255.00,255.0,USD,en-US,PE-04,9,kiprun-kipstorm-elite-mens-carbon-plate-running-shoes-362113,https://cdn.shopify.com/s/files/1/1330/6287/files/8961381_001.jpg?v=1774900832,9
3608393971623,5640551,footwear,Shoes,Kiprun Kipstorm Elite Men's Carbon Plate Running Shoes,Kiprun Kipstorm Elite Men's Carbon Plate Running Shoes,11,Yellow,255.00,255.0,USD,en-US,PE-05,9,kiprun-kipstorm-elite-mens-carbon-plate-running-shoes-362113,https://cdn.shopify.com/s/files/1/1330/6287/files/8961381_001.jpg?v=1774900832,9
3608393971630,5640552,footwear,Shoes,Kiprun Kipstorm Elite Men's Carbon Plate Running Shoes,Kiprun Kipstorm Elite Men's Carbon Plate Running Shoes,12,Yellow,255.00,255.0,USD,en-US,FB-01,7,kiprun-kipstorm-elite-mens-carbon-plate-running-shoes-362113,https://cdn.shopify.com/s/files/1/1330/6287/files/8961381_001.jpg?v=1774900832,9
3608393971647,5640553,footwear,Shoes,Kiprun Kipstorm Elite Men's Carbon Plate Running Shoes,Kiprun Kipstorm Elite Men's Carbon Plate Running Shoes,13,Yellow,255.00,255.0,USD,en-US,GA-01,8,kiprun-kipstorm-elite-mens-carbon-plate-running-shoes-362113,https://cdn.shopify.com/s/files/1/1330/6287/files/8961381_001.jpg?v=1774900832,9
3608393971654,5653434,footwear,Shoes,Kiprun Kipstorm Elite Men's Carbon Plate Running Shoes,Kiprun Kipstorm Elite Men's Carbon Plate Running Shoes,8,Yellow,255.00,255.0,USD,en-US,GA-02,6,kiprun-kipstorm-elite-mens-carbon-plate-running-shoes-362113,https://cdn.shopify.com/s/files/1/1330/6287/files/8961381_001.jpg?v=1774900832,9
3608393971661,5654145,footwear,Shoes,Kiprun Kipstorm Elite Men's Carbon Plate Running Shoes,Kiprun Kipstorm Elite Men's Carbon Plate Running Shoes,9,Yellow,255.00,255.0,USD,en-US,PW-01,12,kiprun-kipstorm-elite-mens-carbon-plate-running-shoes-362113,https://cdn.shopify.com/s/files/1/1330/6287/files/8961381_001.jpg?v=1774900832,9
3608393981189,4528158,apparel,Down jacket,Simond Men's MT900 Hooded Down Puffer Jacket,Simond Men's MT900 Hooded Down Puffer Jacket,S,Abyss Gray,249.00,249.0,USD,en-US,GB-R3-U2,18,simond-mens-hooded-down-jacket-4-f-mt900-338708-fw25,https://cdn.shopify.com/s/files/1/1330/6287/files/8736478-product_image-p2920890.jpg?v=1758324635,20
3608393981196,4528159,apparel,Down jacket,Simond Men's MT900 Hooded Down Puffer Jacket,Simond Men's MT900 Hooded Down Puffer Jacket,M,Abyss Gray,249.00,249.0,USD,en-US,GB-R3-U3,17,simond-mens-hooded-down-jacket-4-f-mt900-338708-fw25,https://cdn.shopify.com/s/files/1/1330/6287/files/8736478-product_image-p2920890.jpg?v=1758324635,20
3608393981202,4528160,apparel,Down jacket,Simond Men's MT900 Hooded Down Puffer Jacket,Simond Men's MT900 Hooded Down Puffer Jacket,L,Abyss Gray,249.00,249.0,USD,en-US,GB-R3-U4,13,simond-mens-hooded-down-jacket-4-f-mt900-338708-fw25,https://cdn.shopify.com/s/files/1/1330/6287/files/8736478-product_image-p2920890.jpg?v=1758324635,20
3608393981219,4528161,apparel,Down jacket,Simond Men's MT900 Hooded Down Puffer Jacket,Simond Men's MT900 Hooded Down Puffer Jacket,XL,Abyss Gray,249.00,249.0,USD,en-US,GB-R3-U5,15,simond-mens-hooded-down-jacket-4-f-mt900-338708-fw25,https://cdn.shopify.com/s/files/1/1330/6287/files/8736478-product_image-p2920890.jpg?v=1758324635,20
3608393981226,4528162,apparel,Down jacket,Simond Men's MT900 Hooded Down Puffer Jacket,Simond Men's MT900 Hooded Down Puffer Jacket,2XL,Abyss Gray,249.00,249.0,USD,en-US,GB-R3-U6,15,simond-mens-hooded-down-jacket-4-f-mt900-338708-fw25,https://cdn.shopify.com/s/files/1/1330/6287/files/8736478-product_image-p2920890.jpg?v=1758324635,20
3608393981233,4528163,apparel,Down jacket,Simond Men's MT900 Hooded Down Puffer Jacket,Simond Men's MT900 Hooded Down Puffer Jacket,3XL,Abyss Gray,249.00,249.0,USD,en-US,GB-R3-U7,15,simond-mens-hooded-down-jacket-4-f-mt900-338708-fw25,https://cdn.shopify.com/s/files/1/1330/6287/files/8736478-product_image-p2920890.jpg?v=1758324635,20
3608393990051,5752297,footwear,Shoes,Kiprun Kipsummit Max Men's Trail Running Shoes,Kiprun Kipsummit Max Men's Trail Running Shoes,10.5,Dark Orange,150.00,150.0,USD,en-US,PW-02,10,kiprun-kipsummit-max-mens-trail-running-shoes-362206,https://cdn.shopify.com/s/files/1/1330/6287/files/8970304-001.jpg?v=1774548700,19
3608393999986,4010372,apparel,Trousers/pants,Quechua Men’s NH500 Water-Repellent Snow Hiking Pants,Quechua Men’s NH500 Water-Repellent Snow Hiking Pants,W44 L32,Bronze Khaki Green,89.99,89.99,USD,en-US,GB-R4-U1,12,quechua-mens-warm-water-repellent-snow-hiking-pants-sh500-mountain-324677-fw25-1-fw25,https://cdn.shopify.com/s/files/1/1330/6287/files/8582604-product_image-p2294472.jpg?v=1755621470,4
3608394017689,5763546,footwear,Shoes,Kiprun Kipstorm Lab Unisex Carbon Plate Running Shoes,Kiprun Kipstorm Lab Unisex Carbon Plate Running Shoes,10.5,Pink,350.00,350.0,USD,en-US,PW-03,10,kiprun-kipstorm-lab-mens-carbon-plate-running-shoes-369831,https://cdn.shopify.com/s/files/1/1330/6287/files/8953316-default_5906aca4-4777-4ab2-97fb-0912600f32dd.jpg?v=1774444411,16
3608394075450,4010248,apparel,Trousers/pants,Quechua Women's NH500 Water-Repellent Snow Hiking Pants,Quechua Women's NH500 Water-Repellent Snow Hiking Pants,W26 L28,Asphalt Blue,89.99,89.99,USD,en-US,GB-R4-U2,21,quechua-womens-warm-water-repellent-snow-hiking-pants-sh500-mountain-324683-fw25,https://cdn.shopify.com/s/files/1/1330/6287/files/8582596-product_image-p2611394.jpg?v=1755561114,24
3608394075474,4010250,apparel,Trousers/pants,Quechua Women's NH500 Water-Repellent Snow Hiking Pants,Quechua Women's NH500 Water-Repellent Snow Hiking Pants,W28 L28,Asphalt Blue,89.99,89.99,USD,en-US,GB-R4-U3,17,quechua-womens-warm-water-repellent-snow-hiking-pants-sh500-mountain-324683-fw25,https://cdn.shopify.com/s/files/1/1330/6287/files/8582596-product_image-p2611394.jpg?v=1755561114,24
3608394075481,4010252,apparel,Trousers/pants,Quechua Women's NH500 Water-Repellent Snow Hiking Pants,Quechua Women's NH500 Water-Repellent Snow Hiking Pants,W29 L29,Asphalt Blue,89.99,89.99,USD,en-US,GB-R4-U4,15,quechua-womens-warm-water-repellent-snow-hiking-pants-sh500-mountain-324683-fw25,https://cdn.shopify.com/s/files/1/1330/6287/files/8582596-product_image-p2611394.jpg?v=1755561114,24
3608394075498,4010254,apparel,Trousers/pants,Quechua Women's NH500 Water-Repellent Snow Hiking Pants,Quechua Women's NH500 Water-Repellent Snow Hiking Pants,W31 L29,Asphalt Blue,89.99,89.99,USD,en-US,GB-R4-U5,14,quechua-womens-warm-water-repellent-snow-hiking-pants-sh500-mountain-324683-fw25,https://cdn.shopify.com/s/files/1/1330/6287/files/8582596-product_image-p2611394.jpg?v=1755561114,24
3608394075504,4010256,apparel,Trousers/pants,Quechua Women's NH500 Water-Repellent Snow Hiking Pants,Quechua Women's NH500 Water-Repellent Snow Hiking Pants,W33 L29,Asphalt Blue,89.99,89.99,USD,en-US,GB-R4-U6,13,quechua-womens-warm-water-repellent-snow-hiking-pants-sh500-mountain-324683-fw25,https://cdn.shopify.com/s/files/1/1330/6287/files/8582596-product_image-p2611394.jpg?v=1755561114,24
3608394075511,4010258,apparel,Trousers/pants,Quechua Women's NH500 Water-Repellent Snow Hiking Pants,Quechua Women's NH500 Water-Repellent Snow Hiking Pants,W34 L29,Asphalt Blue,89.99,89.99,USD,en-US,GB-R4-U7,11,quechua-womens-warm-water-repellent-snow-hiking-pants-sh500-mountain-324683-fw25,https://cdn.shopify.com/s/files/1/1330/6287/files/8582596-product_image-p2611394.jpg?v=1755561114,24
3608394075528,4010260,apparel,Trousers/pants,Quechua Women's NH500 Water-Repellent Snow Hiking Pants,Quechua Women's NH500 Water-Repellent Snow Hiking Pants,W36 L29,Asphalt Blue,89.99,89.99,USD,en-US,FR-01,21,quechua-womens-warm-water-repellent-snow-hiking-pants-sh500-mountain-324683-fw25,https://cdn.shopify.com/s/files/1/1330/6287/files/8582596-product_image-p2611394.jpg?v=1755561114,24
3608394088139,5772456,apparel,Short-sleeved jersey,Van Rysel 2026 RCR-R Decathlon CMA CGM Replica Team Jersey,Van Rysel 2026 RCR-R Decathlon CMA CGM Replica Team Jersey,S,Teal Blue,99.99,99.99,USD,en-US,FR-02,19,van-rysel-2026-rcr-r-decathlon-cma-cgm-replica-team-jersey,https://cdn.shopify.com/s/files/1/1330/6287/files/default_f9b03b22-5fb6-4d54-b6d1-0c3fd927ce84.jpg?v=1775494122,5
3608394088146,5772458,apparel,Short-sleeved jersey,Van Rysel 2026 RCR-R Decathlon CMA CGM Replica Team Jersey,Van Rysel 2026 RCR-R Decathlon CMA CGM Replica Team Jersey,M,Teal Blue,99.99,99.99,USD,en-US,FR-03,19,van-rysel-2026-rcr-r-decathlon-cma-cgm-replica-team-jersey,https://cdn.shopify.com/s/files/1/1330/6287/files/default_f9b03b22-5fb6-4d54-b6d1-0c3fd927ce84.jpg?v=1775494122,5
3608394088153,5772459,apparel,Short-sleeved jersey,Van Rysel 2026 RCR-R Decathlon CMA CGM Replica Team Jersey,Van Rysel 2026 RCR-R Decathlon CMA CGM Replica Team Jersey,L,Teal Blue,99.99,99.99,USD,en-US,FR-04,10,van-rysel-2026-rcr-r-decathlon-cma-cgm-replica-team-jersey,https://cdn.shopify.com/s/files/1/1330/6287/files/default_f9b03b22-5fb6-4d54-b6d1-0c3fd927ce84.jpg?v=1775494122,5
3608394088160,5772460,apparel,Short-sleeved jersey,Van Rysel 2026 RCR-R Decathlon CMA CGM Replica Team Jersey,Van Rysel 2026 RCR-R Decathlon CMA CGM Replica Team Jersey,XL,Teal Blue,99.99,99.99,USD,en-US,GF-R1-U1,21,van-rysel-2026-rcr-r-decathlon-cma-cgm-replica-team-jersey,https://cdn.shopify.com/s/files/1/1330/6287/files/default_f9b03b22-5fb6-4d54-b6d1-0c3fd927ce84.jpg?v=1775494122,5
3608394088177,5772461,apparel,Short-sleeved jersey,Van Rysel 2026 RCR-R Decathlon CMA CGM Replica Team Jersey,Van Rysel 2026 RCR-R Decathlon CMA CGM Replica Team Jersey,2XL,Teal Blue,99.99,99.99,USD,en-US,GF-R1-U2,13,van-rysel-2026-rcr-r-decathlon-cma-cgm-replica-team-jersey,https://cdn.shopify.com/s/files/1/1330/6287/files/default_f9b03b22-5fb6-4d54-b6d1-0c3fd927ce84.jpg?v=1775494122,5
3608394088931,5772570,footwear,Shoes,Kiprun Kipsummit Race Men's Carbon Plate Trail Running Shoes,Kiprun Kipsummit Race Men's Carbon Plate Trail Running Shoes,7,Yellow,250.00,250.0,USD,en-US,PW-04,11,kiprun-kipsummit-race-mens-carbon-plate-trail-running-shoes-361989,https://cdn.shopify.com/s/files/1/1330/6287/files/8987902_001.jpg?v=1774900585,15
3608394088948,5772571,footwear,Shoes,Kiprun Kipsummit Race Men's Carbon Plate Trail Running Shoes,Kiprun Kipsummit Race Men's Carbon Plate Trail Running Shoes,8,Yellow,250.00,250.0,USD,en-US,PW-05,11,kiprun-kipsummit-race-mens-carbon-plate-trail-running-shoes-361989,https://cdn.shopify.com/s/files/1/1330/6287/files/8987902_001.jpg?v=1774900585,15
3608394088955,5772572,footwear,Shoes,Kiprun Kipsummit Race Men's Carbon Plate Trail Running Shoes,Kiprun Kipsummit Race Men's Carbon Plate Trail Running Shoes,9,Yellow,250.00,250.0,USD,en-US,PW-06,6,kiprun-kipsummit-race-mens-carbon-plate-trail-running-shoes-361989,https://cdn.shopify.com/s/files/1/1330/6287/files/8987902_001.jpg?v=1774900585,15
3608394088979,5772574,footwear,Shoes,Kiprun Kipsummit Race Men's Carbon Plate Trail Running Shoes,Kiprun Kipsummit Race Men's Carbon Plate Trail Running Shoes,9.5,Yellow,250.00,250.0,USD,en-US,PW-07,10,kiprun-kipsummit-race-mens-carbon-plate-trail-running-shoes-361989,https://cdn.shopify.com/s/files/1/1330/6287/files/8987902_001.jpg?v=1774900585,15
3608394088993,5772576,footwear,Shoes,Kiprun Kipsummit Race Men's Carbon Plate Trail Running Shoes,Kiprun Kipsummit Race Men's Carbon Plate Trail Running Shoes,10,Yellow,250.00,250.0,USD,en-US,PW-08,7,kiprun-kipsummit-race-mens-carbon-plate-trail-running-shoes-361989,https://cdn.shopify.com/s/files/1/1330/6287/files/8987902_001.jpg?v=1774900585,15
3608394089648,5772593,footwear,Shoes,Kiprun Kipsummit Race Women's Carbon Plate Trail Running Shoes,Kiprun Kipsummit Race Women's Carbon Plate Trail Running Shoes,7,Yellow,250.00,250.0,USD,en-US,PE-01,12,kiprun-kipsummit-race-womens-carbon-plate-trail-running-shoes-361899,https://cdn.shopify.com/s/files/1/1330/6287/files/8987902_001.jpg?v=1774900585,16
3608394089655,5772594,footwear,Shoes,Kiprun Kipsummit Race Women's Carbon Plate Trail Running Shoes,Kiprun Kipsummit Race Women's Carbon Plate Trail Running Shoes,8,Yellow,250.00,250.0,USD,en-US,PE-02,7,kiprun-kipsummit-race-womens-carbon-plate-trail-running-shoes-361899,https://cdn.shopify.com/s/files/1/1330/6287/files/8987902_001.jpg?v=1774900585,16
3608394089662,5772595,footwear,Shoes,Kiprun Kipsummit Race Women's Carbon Plate Trail Running Shoes,Kiprun Kipsummit Race Women's Carbon Plate Trail Running Shoes,8.5,Yellow,250.00,250.0,USD,en-US,PE-03,6,kiprun-kipsummit-race-womens-carbon-plate-trail-running-shoes-361899,https://cdn.shopify.com/s/files/1/1330/6287/files/8987902_001.jpg?v=1774900585,16
3608394089679,5772596,footwear,Shoes,Kiprun Kipsummit Race Women's Carbon Plate Trail Running Shoes,Kiprun Kipsummit Race Women's Carbon Plate Trail Running Shoes,9,Yellow,250.00,250.0,USD,en-US,PE-04,8,kiprun-kipsummit-race-womens-carbon-plate-trail-running-shoes-361899,https://cdn.shopify.com/s/files/1/1330/6287/files/8987902_001.jpg?v=1774900585,16
3608394089686,5772602,footwear,Shoes,Kiprun Kipsummit Race Women's Carbon Plate Trail Running Shoes,Kiprun Kipsummit Race Women's Carbon Plate Trail Running Shoes,9.5,Yellow,250.00,250.0,USD,en-US,PE-05,7,kiprun-kipsummit-race-womens-carbon-plate-trail-running-shoes-361899,https://cdn.shopify.com/s/files/1/1330/6287/files/8987902_001.jpg?v=1774900585,16
3608394089693,5772603,footwear,Shoes,Kiprun Kipsummit Race Women's Carbon Plate Trail Running Shoes,Kiprun Kipsummit Race Women's Carbon Plate Trail Running Shoes,10,Yellow,250.00,250.0,USD,en-US,FB-01,9,kiprun-kipsummit-race-womens-carbon-plate-trail-running-shoes-361899,https://cdn.shopify.com/s/files/1/1330/6287/files/8987902_001.jpg?v=1774900585,16
3608394089709,5772577,footwear,Shoes,Kiprun Kipsummit Race Men's Carbon Plate Trail Running Shoes,Kiprun Kipsummit Race Men's Carbon Plate Trail Running Shoes,10.5,Yellow,250.00,250.0,USD,en-US,GA-01,13,kiprun-kipsummit-race-mens-carbon-plate-trail-running-shoes-361989,https://cdn.shopify.com/s/files/1/1330/6287/files/8987902_001.jpg?v=1774900585,15
3608394089716,5772578,footwear,Shoes,Kiprun Kipsummit Race Men's Carbon Plate Trail Running Shoes,Kiprun Kipsummit Race Men's Carbon Plate Trail Running Shoes,11,Yellow,250.00,250.0,USD,en-US,GA-02,6,kiprun-kipsummit-race-mens-carbon-plate-trail-running-shoes-361989,https://cdn.shopify.com/s/files/1/1330/6287/files/8987902_001.jpg?v=1774900585,15
3608394089723,5772586,footwear,Shoes,Kiprun Kipsummit Race Men's Carbon Plate Trail Running Shoes,Kiprun Kipsummit Race Men's Carbon Plate Trail Running Shoes,12,Yellow,250.00,250.0,USD,en-US,PW-01,8,kiprun-kipsummit-race-mens-carbon-plate-trail-running-shoes-361989,https://cdn.shopify.com/s/files/1/1330/6287/files/8987902_001.jpg?v=1774900585,15
3608394089907,5772604,footwear,Shoes,Kiprun Kipsummit Race Women's Carbon Plate Trail Running Shoes,Kiprun Kipsummit Race Women's Carbon Plate Trail Running Shoes,10.5,Yellow,250.00,250.0,USD,en-US,PW-02,9,kiprun-kipsummit-race-womens-carbon-plate-trail-running-shoes-361899,https://cdn.shopify.com/s/files/1/1330/6287/files/8987902_001.jpg?v=1774900585,16
3608394089914,5772606,footwear,Shoes,Kiprun Kipsummit Race Women's Carbon Plate Trail Running Shoes,Kiprun Kipsummit Race Women's Carbon Plate Trail Running Shoes,11,Yellow,250.00,250.0,USD,en-US,PW-03,6,kiprun-kipsummit-race-womens-carbon-plate-trail-running-shoes-361899,https://cdn.shopify.com/s/files/1/1330/6287/files/8987902_001.jpg?v=1774900585,16
3608394089921,5772607,footwear,Shoes,Kiprun Kipsummit Race Women's Carbon Plate Trail Running Shoes,Kiprun Kipsummit Race Women's Carbon Plate Trail Running Shoes,11.5,Yellow,250.00,250.0,USD,en-US,PW-04,12,kiprun-kipsummit-race-womens-carbon-plate-trail-running-shoes-361899,https://cdn.shopify.com/s/files/1/1330/6287/files/8987902_001.jpg?v=1774900585,16
3608394089938,5772608,footwear,Shoes,Kiprun Kipsummit Race Women's Carbon Plate Trail Running Shoes,Kiprun Kipsummit Race Women's Carbon Plate Trail Running Shoes,12,Yellow,250.00,250.0,USD,en-US,PW-05,12,kiprun-kipsummit-race-womens-carbon-plate-trail-running-shoes-361899,https://cdn.shopify.com/s/files/1/1330/6287/files/8987902_001.jpg?v=1774900585,16
3608394133921,5790718,footwear,Shoes,Kiprun Kipride Max Men's Running Shoes,Kiprun Kipride Max Men's Running Shoes,8.5,Purple ,160.00,160.0,USD,en-US,PW-06,6,kiprun-kipride-max-mens-running-shoes-362185,https://cdn.shopify.com/s/files/1/1330/6287/files/8960548-KIPRUNKIPRIDEMAXHNOIRPE6PE26-8960548-001---Expireson28-10-2035.jpg?v=1774547980,16
3608394133938,5794141,footwear,Shoes,Kiprun Kipride Max Men's Running Shoes,Kiprun Kipride Max Men's Running Shoes,11.5,Purple ,160.00,160.0,USD,en-US,PW-07,7,kiprun-kipride-max-mens-running-shoes-362185,https://cdn.shopify.com/s/files/1/1330/6287/files/8960548-KIPRUNKIPRIDEMAXHNOIRPE6PE26-8960548-001---Expireson28-10-2035.jpg?v=1774547980,16
3608394135284,5779653,footwear,Shoes,Kiprun Kipride Max Men's Running Shoes,Kiprun Kipride Max Men's Running Shoes,11.5,Black,160.00,160.0,USD,en-US,PW-08,9,kiprun-kipride-max-mens-running-shoes-362185,https://cdn.shopify.com/s/files/1/1330/6287/files/8960548-KIPRUNKIPRIDEMAXHNOIRPE6PE26-8960548-001---Expireson28-10-2035.jpg?v=1774547980,16
3608394135345,5792088,footwear,Shoes,Kiprun Kipride Max Men's Running Shoes,Kiprun Kipride Max Men's Running Shoes,8.5,Black,160.00,160.0,USD,en-US,PE-01,7,kiprun-kipride-max-mens-running-shoes-362185,https://cdn.shopify.com/s/files/1/1330/6287/files/8960548-KIPRUNKIPRIDEMAXHNOIRPE6PE26-8960548-001---Expireson28-10-2035.jpg?v=1774547980,16
3608394135376,5793837,footwear,Shoes,Kiprun Kipride Max Women's Running Shoes,Kiprun Kipride Max Women's Running Shoes,6.5,Grey Pink ,160.00,160.0,USD,en-US,PE-02,10,kiprun-kipride-max-womens-running-shoes-362221,https://cdn.shopify.com/s/files/1/1330/6287/files/8960644-001.jpg?v=1774560257,16
3608394135383,5779681,footwear,Shoes,Kiprun Kipride Max Women's Running Shoes,Kiprun Kipride Max Women's Running Shoes,7.5,Grey Pink ,160.00,160.0,USD,en-US,PE-03,7,kiprun-kipride-max-womens-running-shoes-362221,https://cdn.shopify.com/s/files/1/1330/6287/files/8960644-001.jpg?v=1774560257,16
3608394135390,5779682,footwear,Shoes,Kiprun Kipride Max Women's Running Shoes,Kiprun Kipride Max Women's Running Shoes,8.5,Grey Pink ,160.00,160.0,USD,en-US,PE-04,8,kiprun-kipride-max-womens-running-shoes-362221,https://cdn.shopify.com/s/files/1/1330/6287/files/8960644-001.jpg?v=1774560257,16
3608394136366,5791034,footwear,Shoes,Kiprun Kipride Max Women's Running Shoes,Kiprun Kipride Max Women's Running Shoes,6.5,Fuschia,170.00,170.0,USD,en-US,PE-05,6,kiprun-kipride-max-womens-running-shoes-362221,https://cdn.shopify.com/s/files/1/1330/6287/files/8960644-001.jpg?v=1774560257,16
3608394136373,5779680,footwear,Shoes,Kiprun Kipride Max Women's Running Shoes,Kiprun Kipride Max Women's Running Shoes,7.5,Fuschia,170.00,170.0,USD,en-US,FB-01,13,kiprun-kipride-max-womens-running-shoes-362221,https://cdn.shopify.com/s/files/1/1330/6287/files/8960644-001.jpg?v=1774560257,16
3608394136380,5792991,footwear,Shoes,Kiprun Kipride Max Women's Running Shoes,Kiprun Kipride Max Women's Running Shoes,8.5,Fuschia,170.00,170.0,USD,en-US,GA-01,10,kiprun-kipride-max-womens-running-shoes-362221,https://cdn.shopify.com/s/files/1/1330/6287/files/8960644-001.jpg?v=1774560257,16
3608394137073,5792796,footwear,Shoes,Kiprun Kipstorm Tempo Men's Running Shoes,Kiprun Kipstorm Tempo Men's Running Shoes,8.5,White Orange,170.00,170.0,USD,en-US,GA-02,11,kiprun-kipstorm-tempo-mens-running-shoes-362245,https://cdn.shopify.com/s/files/1/1330/6287/files/8961354-001.jpg?v=1774560693,16
3608394137080,5792586,footwear,Shoes,Kiprun Kipstorm Tempo Men's Running Shoes,Kiprun Kipstorm Tempo Men's Running Shoes,11.5,White Orange,170.00,170.0,USD,en-US,PW-01,10,kiprun-kipstorm-tempo-mens-running-shoes-362245,https://cdn.shopify.com/s/files/1/1330/6287/files/8961354-001.jpg?v=1774560693,16
3608394137431,5792311,footwear,Shoes,Kiprun Kipstorm Tempo Women's Running Shoes,Kiprun Kipstorm Tempo Women's Running Shoes,6.5,White Pink,170.00,170.0,USD,en-US,PW-02,7,kiprun-kipstorm-tempo-womens-running-shoes-362176,https://cdn.shopify.com/s/files/1/1330/6287/files/8967608-001.jpg?v=1774446543,8
3608394137448,5779758,footwear,Shoes,Kiprun Kipstorm Tempo Women's Running Shoes,Kiprun Kipstorm Tempo Women's Running Shoes,7.5,White Pink,170.00,170.0,USD,en-US,PW-03,12,kiprun-kipstorm-tempo-womens-running-shoes-362176,https://cdn.shopify.com/s/files/1/1330/6287/files/8967608-001.jpg?v=1774446543,8
3608394137455,5779759,footwear,Shoes,Kiprun Kipstorm Tempo Women's Running Shoes,Kiprun Kipstorm Tempo Women's Running Shoes,8.5,White Pink,170.00,170.0,USD,en-US,PW-04,12,kiprun-kipstorm-tempo-womens-running-shoes-362176,https://cdn.shopify.com/s/files/1/1330/6287/files/8967608-001.jpg?v=1774446543,8
3608394137691,5779833,footwear,Shoes,Kiprun Kipstorm Elite Women's Carbon Plate Running Shoes,Kiprun Kipstorm Elite Women's Carbon Plate Running Shoes,6.5,Yellow,255.00,255.0,USD,en-US,PW-05,7,kiprun-kipstorm-elite-womens-carbon-plate-running-shoes-362244,https://cdn.shopify.com/s/files/1/1330/6287/files/8961381_001.jpg?v=1774900832,14
3608394138636,5793281,footwear,Shoes,Kiprun Kipstorm Elite Men's Carbon Plate Running Shoes,Kiprun Kipstorm Elite Men's Carbon Plate Running Shoes,8.5,Yellow,255.00,255.0,USD,en-US,PW-06,12,kiprun-kipstorm-elite-mens-carbon-plate-running-shoes-362113,https://cdn.shopify.com/s/files/1/1330/6287/files/8961381_001.jpg?v=1774900832,9
3608394138643,5790461,footwear,Shoes,Kiprun Kipstorm Elite Men's Carbon Plate Running Shoes,Kiprun Kipstorm Elite Men's Carbon Plate Running Shoes,10.5,Yellow,255.00,255.0,USD,en-US,PW-07,10,kiprun-kipstorm-elite-mens-carbon-plate-running-shoes-362113,https://cdn.shopify.com/s/files/1/1330/6287/files/8961381_001.jpg?v=1774900832,9
3608394138650,5779821,footwear,Shoes,Kiprun Kipstorm Elite Men's Carbon Plate Running Shoes,Kiprun Kipstorm Elite Men's Carbon Plate Running Shoes,11.5,Yellow,255.00,255.0,USD,en-US,PW-08,8,kiprun-kipstorm-elite-mens-carbon-plate-running-shoes-362113,https://cdn.shopify.com/s/files/1/1330/6287/files/8961381_001.jpg?v=1774900832,9
3608394138902,5779834,footwear,Shoes,Kiprun Kipstorm Elite Women's Carbon Plate Running Shoes,Kiprun Kipstorm Elite Women's Carbon Plate Running Shoes,7.5,Yellow,255.00,255.0,USD,en-US,PE-01,8,kiprun-kipstorm-elite-womens-carbon-plate-running-shoes-362244,https://cdn.shopify.com/s/files/1/1330/6287/files/8961381_001.jpg?v=1774900832,14
3608394138919,5779835,footwear,Shoes,Kiprun Kipstorm Elite Women's Carbon Plate Running Shoes,Kiprun Kipstorm Elite Women's Carbon Plate Running Shoes,8.5,Yellow,255.00,255.0,USD,en-US,PE-02,12,kiprun-kipstorm-elite-womens-carbon-plate-running-shoes-362244,https://cdn.shopify.com/s/files/1/1330/6287/files/8961381_001.jpg?v=1774900832,14
3608394272088,4075773,footwear,Snowshoe,Quechua NH100 Easy Velcro Snowshoes,Quechua NH100 Easy Velcro Snowshoes,M / L,Light Gray Blue,119.00,119.0,USD,en-US,PE-03,11,quechua-sh100-easy-large-deck-snowshoes-307353-fw25-fw25,https://cdn.shopify.com/s/files/1/1330/6287/files/961893-product_image-p2606706.jpg?v=1755638592,32
3608394272095,4075781,footwear,Snowshoe,Quechua NH100 Easy Velcro Snowshoes,Quechua NH100 Easy Velcro Snowshoes,XS / S,Inkpot Blue,119.00,119.0,USD,en-US,PE-04,13,quechua-sh100-easy-large-deck-snowshoes-307353-fw25-fw25,https://cdn.shopify.com/s/files/1/1330/6287/files/961893-product_image-p2606706.jpg?v=1755638592,32
3608394353374,5815546,footwear,Shoes,Kiprun Kipride Men's Running Shoes,Kiprun Kipride Men's Running Shoes,7,Purple,140.00,140.0,USD,en-US,PE-05,6,kiprun-kipride-mens-running-shoes-380020,https://cdn.shopify.com/s/files/1/1330/6287/files/8997616-001.jpg?v=1774561502,16
3608394353381,5815547,footwear,Shoes,Kiprun Kipride Men's Running Shoes,Kiprun Kipride Men's Running Shoes,8,Purple,140.00,140.0,USD,en-US,FB-01,8,kiprun-kipride-mens-running-shoes-380020,https://cdn.shopify.com/s/files/1/1330/6287/files/8997616-001.jpg?v=1774561502,16
3608394353398,5815548,footwear,Shoes,Kiprun Kipride Men's Running Shoes,Kiprun Kipride Men's Running Shoes,8.5,Purple,140.00,140.0,USD,en-US,GA-01,12,kiprun-kipride-mens-running-shoes-380020,https://cdn.shopify.com/s/files/1/1330/6287/files/8997616-001.jpg?v=1774561502,16
3608394353404,5815549,footwear,Shoes,Kiprun Kipride Men's Running Shoes,Kiprun Kipride Men's Running Shoes,9,Purple,140.00,140.0,USD,en-US,GA-02,7,kiprun-kipride-mens-running-shoes-380020,https://cdn.shopify.com/s/files/1/1330/6287/files/8997616-001.jpg?v=1774561502,16
3608394353428,5815551,footwear,Shoes,Kiprun Kipride Men's Running Shoes,Kiprun Kipride Men's Running Shoes,9.5,Purple,140.00,140.0,USD,en-US,PW-01,13,kiprun-kipride-mens-running-shoes-380020,https://cdn.shopify.com/s/files/1/1330/6287/files/8997616-001.jpg?v=1774561502,16
3608394353442,5815553,footwear,Shoes,Kiprun Kipride Men's Running Shoes,Kiprun Kipride Men's Running Shoes,10,Purple,140.00,140.0,USD,en-US,PW-02,7,kiprun-kipride-mens-running-shoes-380020,https://cdn.shopify.com/s/files/1/1330/6287/files/8997616-001.jpg?v=1774561502,16
3608394353459,5815554,footwear,Shoes,Kiprun Kipride Men's Running Shoes,Kiprun Kipride Men's Running Shoes,10.5,Purple,140.00,140.0,USD,en-US,PW-03,9,kiprun-kipride-mens-running-shoes-380020,https://cdn.shopify.com/s/files/1/1330/6287/files/8997616-001.jpg?v=1774561502,16
3608394353466,5815555,footwear,Shoes,Kiprun Kipride Men's Running Shoes,Kiprun Kipride Men's Running Shoes,11,Purple,140.00,140.0,USD,en-US,PW-04,11,kiprun-kipride-mens-running-shoes-380020,https://cdn.shopify.com/s/files/1/1330/6287/files/8997616-001.jpg?v=1774561502,16
3608394353473,5815556,footwear,Shoes,Kiprun Kipride Men's Running Shoes,Kiprun Kipride Men's Running Shoes,11.5,Purple,140.00,140.0,USD,en-US,PW-05,11,kiprun-kipride-mens-running-shoes-380020,https://cdn.shopify.com/s/files/1/1330/6287/files/8997616-001.jpg?v=1774561502,16
3608394353480,5815557,footwear,Shoes,Kiprun Kipride Men's Running Shoes,Kiprun Kipride Men's Running Shoes,12,Purple,140.00,140.0,USD,en-US,PW-06,8,kiprun-kipride-mens-running-shoes-380020,https://cdn.shopify.com/s/files/1/1330/6287/files/8997616-001.jpg?v=1774561502,16
3608394353497,5815558,footwear,Shoes,Kiprun Kipride Men's Running Shoes,Kiprun Kipride Men's Running Shoes,13,Purple,140.00,140.0,USD,en-US,PW-07,7,kiprun-kipride-mens-running-shoes-380020,https://cdn.shopify.com/s/files/1/1330/6287/files/8997616-001.jpg?v=1774561502,16
3608394354098,5816939,footwear,Shoes,Kiprun Kipride Women's Running Shoes,Kiprun Kipride Women's Running Shoes,5.5,Fushia ,140.00,140.0,USD,en-US,PW-08,7,kiprun-kipride-womens-running-shoes-copy,https://cdn.shopify.com/s/files/1/1330/6287/files/8997829-001.jpg?v=1774561099,7
3608394354159,5819256,bag_pack,Backpack,Simond Women's MT500 AIR 55+10L Backpacking Pack,Simond Women's MT500 AIR 55+10L Backpacking Pack,One Size,Mahogany,179.00,179.0,USD,en-US,GF-R5-U6,7,simond-mt500-air-backpacking-55-10-l-backpack-womens-324408,https://cdn.shopify.com/s/files/1/1330/6287/files/8581395-product_image-p2687929_0b1acad9-b62b-421e-aecf-1df97238c6f5.jpg?v=1748672185,20
3608394355507,5815513,footwear,Shoes,Kiprun Kipride Men's Running Shoes,Kiprun Kipride Men's Running Shoes,7,Black ,140.00,140.0,USD,en-US,PE-01,10,kiprun-kipride-mens-running-shoes-380020,https://cdn.shopify.com/s/files/1/1330/6287/files/8997616-001.jpg?v=1774561502,16
3608394355514,5815514,footwear,Shoes,Kiprun Kipride Men's Running Shoes,Kiprun Kipride Men's Running Shoes,8,Black ,140.00,140.0,USD,en-US,PE-02,7,kiprun-kipride-mens-running-shoes-380020,https://cdn.shopify.com/s/files/1/1330/6287/files/8997616-001.jpg?v=1774561502,16
3608394355521,5815515,footwear,Shoes,Kiprun Kipride Men's Running Shoes,Kiprun Kipride Men's Running Shoes,8.5,Black ,140.00,140.0,USD,en-US,PE-03,6,kiprun-kipride-mens-running-shoes-380020,https://cdn.shopify.com/s/files/1/1330/6287/files/8997616-001.jpg?v=1774561502,16
3608394355538,5815516,footwear,Shoes,Kiprun Kipride Men's Running Shoes,Kiprun Kipride Men's Running Shoes,9,Black ,140.00,140.0,USD,en-US,PE-04,10,kiprun-kipride-mens-running-shoes-380020,https://cdn.shopify.com/s/files/1/1330/6287/files/8997616-001.jpg?v=1774561502,16
3608394355552,5815518,footwear,Shoes,Kiprun Kipride Men's Running Shoes,Kiprun Kipride Men's Running Shoes,9.5,Black ,140.00,140.0,USD,en-US,PE-05,12,kiprun-kipride-mens-running-shoes-380020,https://cdn.shopify.com/s/files/1/1330/6287/files/8997616-001.jpg?v=1774561502,16
3608394355576,5815520,footwear,Shoes,Kiprun Kipride Men's Running Shoes,Kiprun Kipride Men's Running Shoes,10,Black ,140.00,140.0,USD,en-US,FB-01,10,kiprun-kipride-mens-running-shoes-380020,https://cdn.shopify.com/s/files/1/1330/6287/files/8997616-001.jpg?v=1774561502,16
3608394355583,5815521,footwear,Shoes,Kiprun Kipride Men's Running Shoes,Kiprun Kipride Men's Running Shoes,10.5,Black ,140.00,140.0,USD,en-US,GA-01,7,kiprun-kipride-mens-running-shoes-380020,https://cdn.shopify.com/s/files/1/1330/6287/files/8997616-001.jpg?v=1774561502,16
3608394355590,5815522,footwear,Shoes,Kiprun Kipride Men's Running Shoes,Kiprun Kipride Men's Running Shoes,11,Black ,140.00,140.0,USD,en-US,GA-02,6,kiprun-kipride-mens-running-shoes-380020,https://cdn.shopify.com/s/files/1/1330/6287/files/8997616-001.jpg?v=1774561502,16
3608394355606,5815523,footwear,Shoes,Kiprun Kipride Men's Running Shoes,Kiprun Kipride Men's Running Shoes,11.5,Black ,140.00,140.0,USD,en-US,PW-01,9,kiprun-kipride-mens-running-shoes-380020,https://cdn.shopify.com/s/files/1/1330/6287/files/8997616-001.jpg?v=1774561502,16
3608394355613,5815524,footwear,Shoes,Kiprun Kipride Men's Running Shoes,Kiprun Kipride Men's Running Shoes,12,Black ,140.00,140.0,USD,en-US,PW-02,11,kiprun-kipride-mens-running-shoes-380020,https://cdn.shopify.com/s/files/1/1330/6287/files/8997616-001.jpg?v=1774561502,16
3608394355620,5815525,footwear,Shoes,Kiprun Kipride Men's Running Shoes,Kiprun Kipride Men's Running Shoes,13,Black ,140.00,140.0,USD,en-US,PW-03,7,kiprun-kipride-mens-running-shoes-380020,https://cdn.shopify.com/s/files/1/1330/6287/files/8997616-001.jpg?v=1774561502,16
3608394355651,5816928,footwear,Shoes,Kiprun Kipride Women's Running Shoes,Kiprun Kipride Women's Running Shoes,5.5,Pink,140.00,140.0,USD,en-US,PW-04,11,kiprun-kipride-womens-running-shoes-379947,https://cdn.shopify.com/s/files/1/1330/6287/files/8997828-001.jpg?v=1774561143,8
3608394355668,5816929,footwear,Shoes,Kiprun Kipride Women's Running Shoes,Kiprun Kipride Women's Running Shoes,6,Pink,140.00,140.0,USD,en-US,PW-05,7,kiprun-kipride-womens-running-shoes-379947,https://cdn.shopify.com/s/files/1/1330/6287/files/8997828-001.jpg?v=1774561143,8
3608394355675,5816930,footwear,Shoes,Kiprun Kipride Women's Running Shoes,Kiprun Kipride Women's Running Shoes,6.5,Pink,140.00,140.0,USD,en-US,PW-06,9,kiprun-kipride-womens-running-shoes-379947,https://cdn.shopify.com/s/files/1/1330/6287/files/8997828-001.jpg?v=1774561143,8
3608394355682,5816931,footwear,Shoes,Kiprun Kipride Women's Running Shoes,Kiprun Kipride Women's Running Shoes,7,Pink,140.00,140.0,USD,en-US,PW-07,9,kiprun-kipride-womens-running-shoes-379947,https://cdn.shopify.com/s/files/1/1330/6287/files/8997828-001.jpg?v=1774561143,8
3608394355699,5816932,footwear,Shoes,Kiprun Kipride Women's Running Shoes,Kiprun Kipride Women's Running Shoes,7.5,Pink,140.00,140.0,USD,en-US,PW-08,9,kiprun-kipride-womens-running-shoes-379947,https://cdn.shopify.com/s/files/1/1330/6287/files/8997828-001.jpg?v=1774561143,8
3608394355705,5816940,footwear,Shoes,Kiprun Kipride Women's Running Shoes,Kiprun Kipride Women's Running Shoes,6,Fushia ,140.00,140.0,USD,en-US,PE-01,11,kiprun-kipride-womens-running-shoes-copy,https://cdn.shopify.com/s/files/1/1330/6287/files/8997829-001.jpg?v=1774561099,7
3608394355712,5816941,footwear,Shoes,Kiprun Kipride Women's Running Shoes,Kiprun Kipride Women's Running Shoes,6.5,Fushia ,140.00,140.0,USD,en-US,PE-02,6,kiprun-kipride-womens-running-shoes-copy,https://cdn.shopify.com/s/files/1/1330/6287/files/8997829-001.jpg?v=1774561099,7
3608394355729,5816942,footwear,Shoes,Kiprun Kipride Women's Running Shoes,Kiprun Kipride Women's Running Shoes,7,Fushia ,140.00,140.0,USD,en-US,PE-03,6,kiprun-kipride-womens-running-shoes-copy,https://cdn.shopify.com/s/files/1/1330/6287/files/8997829-001.jpg?v=1774561099,7
3608394355736,5816943,footwear,Shoes,Kiprun Kipride Women's Running Shoes,Kiprun Kipride Women's Running Shoes,7.5,Fushia ,140.00,140.0,USD,en-US,PE-04,7,kiprun-kipride-womens-running-shoes-copy,https://cdn.shopify.com/s/files/1/1330/6287/files/8997829-001.jpg?v=1774561099,7
3608394355743,5816944,footwear,Shoes,Kiprun Kipride Women's Running Shoes,Kiprun Kipride Women's Running Shoes,8,Fushia ,140.00,140.0,USD,en-US,PE-05,8,kiprun-kipride-womens-running-shoes-copy,https://cdn.shopify.com/s/files/1/1330/6287/files/8997829-001.jpg?v=1774561099,7
3608394355750,5816945,footwear,Shoes,Kiprun Kipride Women's Running Shoes,Kiprun Kipride Women's Running Shoes,8.5,Fushia ,140.00,140.0,USD,en-US,FB-01,9,kiprun-kipride-womens-running-shoes-copy,https://cdn.shopify.com/s/files/1/1330/6287/files/8997829-001.jpg?v=1774561099,7
3608394355767,5816946,footwear,Shoes,Kiprun Kipride Women's Running Shoes,Kiprun Kipride Women's Running Shoes,9,Fushia ,140.00,140.0,USD,en-US,GA-01,13,kiprun-kipride-womens-running-shoes-copy,https://cdn.shopify.com/s/files/1/1330/6287/files/8997829-001.jpg?v=1774561099,7
3608394355781,5816948,footwear,Shoes,Kiprun Kipride Women's Running Shoes,Kiprun Kipride Women's Running Shoes,9.5,Fushia ,140.00,140.0,USD,en-US,GA-02,7,kiprun-kipride-womens-running-shoes-copy,https://cdn.shopify.com/s/files/1/1330/6287/files/8997829-001.jpg?v=1774561099,7
3608394355798,5816949,footwear,Shoes,Kiprun Kipride Women's Running Shoes,Kiprun Kipride Women's Running Shoes,10,Fushia ,140.00,140.0,USD,en-US,PW-01,9,kiprun-kipride-womens-running-shoes-copy,https://cdn.shopify.com/s/files/1/1330/6287/files/8997829-001.jpg?v=1774561099,7
3608394355804,5816933,footwear,Shoes,Kiprun Kipride Women's Running Shoes,Kiprun Kipride Women's Running Shoes,8,Pink,140.00,140.0,USD,en-US,PW-02,9,kiprun-kipride-womens-running-shoes-379947,https://cdn.shopify.com/s/files/1/1330/6287/files/8997828-001.jpg?v=1774561143,8
3608394355811,5816934,footwear,Shoes,Kiprun Kipride Women's Running Shoes,Kiprun Kipride Women's Running Shoes,8.5,Pink,140.00,140.0,USD,en-US,PW-03,10,kiprun-kipride-womens-running-shoes-379947,https://cdn.shopify.com/s/files/1/1330/6287/files/8997828-001.jpg?v=1774561143,8
3608394355828,5816935,footwear,Shoes,Kiprun Kipride Women's Running Shoes,Kiprun Kipride Women's Running Shoes,9,Pink,140.00,140.0,USD,en-US,PW-04,12,kiprun-kipride-womens-running-shoes-379947,https://cdn.shopify.com/s/files/1/1330/6287/files/8997828-001.jpg?v=1774561143,8
3608394355842,5816937,footwear,Shoes,Kiprun Kipride Women's Running Shoes,Kiprun Kipride Women's Running Shoes,9.5,Pink,140.00,140.0,USD,en-US,PW-05,10,kiprun-kipride-womens-running-shoes-379947,https://cdn.shopify.com/s/files/1/1330/6287/files/8997828-001.jpg?v=1774561143,8
3608394355859,5816938,footwear,Shoes,Kiprun Kipride Women's Running Shoes,Kiprun Kipride Women's Running Shoes,10,Pink,140.00,140.0,USD,en-US,PW-06,10,kiprun-kipride-womens-running-shoes-379947,https://cdn.shopify.com/s/files/1/1330/6287/files/8997828-001.jpg?v=1774561143,8
3608394369085,5834238,bag_pack,Backpack,Quechua 100 Arpenaz 27L Hiking Backpack,Quechua 100 Arpenaz 27L Hiking Backpack,27 L,Carbon Gray,39.99,39.99,USD,en-US,GF-R5-U7,9,quechua-100-arpenaz-27-l-hiking-backpack-380447,https://cdn.shopify.com/s/files/1/1330/6287/files/8999005-default_a23f0003-4b84-4a30-b39f-f1691cb52df1.jpg?v=1772721202,18
3608394371040,5834237,bag_pack,Backpack,Quechua 100 Arpenaz 27L Hiking Backpack,Quechua 100 Arpenaz 27L Hiking Backpack,27 L,Cayenne,39.99,39.99,USD,en-US,PE-06,5,quechua-100-arpenaz-27-l-hiking-backpack-380447,https://cdn.shopify.com/s/files/1/1330/6287/files/8999005-default_a23f0003-4b84-4a30-b39f-f1691cb52df1.jpg?v=1772721202,18
3608394400610,5830896,outdoor,Tent,Arpenaz 4.1 Fresh & Black Camping Tent - 4-person,Arpenaz 4.1 Fresh & Black Camping Tent - 4-person,OS,Teal Blue,329.00,329.0,USD,en-US,GB-R8-U6,1,arpenaz-4-1-fresh-black-camping-tent-4-person,https://cdn.shopify.com/s/files/1/1330/6287/files/default_991b64bf-c5ce-4d4d-8453-3387a4003480.jpg?v=1775484939,16
3608394402003,5681813,footwear,Shoes,Kiprun Kipsummit Max Women's Trail Running Shoes,Kiprun Kipsummit Max Women's Trail Running Shoes,7,Dark Green ,150.00,150.0,USD,en-US,PW-07,13,kiprun-kipsummit-max-womens-trail-running-shoes-362234,https://cdn.shopify.com/s/files/1/1330/6287/files/8970313-001.jpg?v=1774548261,9
3608394402010,5681989,footwear,Shoes,Kiprun Kipsummit Max Women's Trail Running Shoes,Kiprun Kipsummit Max Women's Trail Running Shoes,9,Dark Green ,150.00,150.0,USD,en-US,PW-08,11,kiprun-kipsummit-max-womens-trail-running-shoes-362234,https://cdn.shopify.com/s/files/1/1330/6287/files/8970313-001.jpg?v=1774548261,9
3608394402027,5682781,footwear,Shoes,Kiprun Kipsummit Max Women's Trail Running Shoes,Kiprun Kipsummit Max Women's Trail Running Shoes,9.5,Dark Green ,150.00,150.0,USD,en-US,PE-01,10,kiprun-kipsummit-max-womens-trail-running-shoes-362234,https://cdn.shopify.com/s/files/1/1330/6287/files/8970313-001.jpg?v=1774548261,9
3608394402034,5682802,footwear,Shoes,Kiprun Kipsummit Max Women's Trail Running Shoes,Kiprun Kipsummit Max Women's Trail Running Shoes,5.5,Dark Green ,150.00,150.0,USD,en-US,PE-02,10,kiprun-kipsummit-max-womens-trail-running-shoes-362234,https://cdn.shopify.com/s/files/1/1330/6287/files/8970313-001.jpg?v=1774548261,9
3608394402041,5683043,footwear,Shoes,Kiprun Kipsummit Max Women's Trail Running Shoes,Kiprun Kipsummit Max Women's Trail Running Shoes,8,Dark Green ,150.00,150.0,USD,en-US,PE-03,12,kiprun-kipsummit-max-womens-trail-running-shoes-362234,https://cdn.shopify.com/s/files/1/1330/6287/files/8970313-001.jpg?v=1774548261,9
3608394402058,5683257,footwear,Shoes,Kiprun Kipsummit Max Women's Trail Running Shoes,Kiprun Kipsummit Max Women's Trail Running Shoes,10,Dark Green ,150.00,150.0,USD,en-US,PE-04,8,kiprun-kipsummit-max-womens-trail-running-shoes-362234,https://cdn.shopify.com/s/files/1/1330/6287/files/8970313-001.jpg?v=1774548261,9
3608394402065,5683923,footwear,Shoes,Kiprun Kipsummit Max Women's Trail Running Shoes,Kiprun Kipsummit Max Women's Trail Running Shoes,6,Dark Green ,150.00,150.0,USD,en-US,PE-05,8,kiprun-kipsummit-max-womens-trail-running-shoes-362234,https://cdn.shopify.com/s/files/1/1330/6287/files/8970313-001.jpg?v=1774548261,9
3608394411487,5835621,footwear,Shoes,Kiprun Kipsummit Max Men's Trail Running Shoes,Kiprun Kipsummit Max Men's Trail Running Shoes,8,Yellow green,150.00,150.0,USD,en-US,FB-01,13,kiprun-kipsummit-max-mens-trail-running-shoes-362206,https://cdn.shopify.com/s/files/1/1330/6287/files/8970304-001.jpg?v=1774548700,19
3608394411494,5835622,footwear,Shoes,Kiprun Kipsummit Max Men's Trail Running Shoes,Kiprun Kipsummit Max Men's Trail Running Shoes,9,Yellow green,150.00,150.0,USD,en-US,GA-01,12,kiprun-kipsummit-max-mens-trail-running-shoes-362206,https://cdn.shopify.com/s/files/1/1330/6287/files/8970304-001.jpg?v=1774548700,19
3608394413504,5835623,footwear,Shoes,Kiprun Kipsummit Max Men's Trail Running Shoes,Kiprun Kipsummit Max Men's Trail Running Shoes,11,Yellow green,150.00,150.0,USD,en-US,GA-02,6,kiprun-kipsummit-max-mens-trail-running-shoes-362206,https://cdn.shopify.com/s/files/1/1330/6287/files/8970304-001.jpg?v=1774548700,19
3608394413535,5844829,footwear,Shoes,Kiprun Kipsummit Max Men's Trail Running Shoes,Kiprun Kipsummit Max Men's Trail Running Shoes,7,Yellow green,150.00,150.0,USD,en-US,PW-01,8,kiprun-kipsummit-max-mens-trail-running-shoes-362206,https://cdn.shopify.com/s/files/1/1330/6287/files/8970304-001.jpg?v=1774548700,19
3608394413542,5844830,footwear,Shoes,Kiprun Kipsummit Max Men's Trail Running Shoes,Kiprun Kipsummit Max Men's Trail Running Shoes,9.5,Yellow green,150.00,150.0,USD,en-US,PW-02,7,kiprun-kipsummit-max-mens-trail-running-shoes-362206,https://cdn.shopify.com/s/files/1/1330/6287/files/8970304-001.jpg?v=1774548700,19
3608394413559,5844831,footwear,Shoes,Kiprun Kipsummit Max Men's Trail Running Shoes,Kiprun Kipsummit Max Men's Trail Running Shoes,10,Yellow green,150.00,150.0,USD,en-US,PW-03,10,kiprun-kipsummit-max-mens-trail-running-shoes-362206,https://cdn.shopify.com/s/files/1/1330/6287/files/8970304-001.jpg?v=1774548700,19
3608394413566,5844832,footwear,Shoes,Kiprun Kipsummit Max Men's Trail Running Shoes,Kiprun Kipsummit Max Men's Trail Running Shoes,12,Yellow green,150.00,150.0,USD,en-US,PW-04,7,kiprun-kipsummit-max-mens-trail-running-shoes-362206,https://cdn.shopify.com/s/files/1/1330/6287/files/8970304-001.jpg?v=1774548700,19
3608394413573,5844833,footwear,Shoes,Kiprun Kipsummit Max Men's Trail Running Shoes,Kiprun Kipsummit Max Men's Trail Running Shoes,13,Yellow green,150.00,150.0,USD,en-US,PW-05,13,kiprun-kipsummit-max-mens-trail-running-shoes-362206,https://cdn.shopify.com/s/files/1/1330/6287/files/8970304-001.jpg?v=1774548700,19
3608394470422,5849972,outdoor,Tent,2 SECONDS EASY Fresh and Black - 3 Person,2 SECONDS EASY Fresh and Black - 3 Person,OS,Teal Green,359.00,359.0,USD,en-US,GB-R8-U7,3,2-seconds-easy-fresh-and-black-3-person,https://cdn.shopify.com/s/files/1/1330/6287/files/default_117e0451-7b9a-4238-b9a3-ed08834f046a.jpg?v=1775484901,7
3608394509726,5857260,footwear,Shoes,Kiprun Kipsummit Men's Trail Running Shoes,Kiprun Kipsummit Men's Trail Running Shoes,8.5,Dark Green ,130.00,130.0,USD,en-US,PW-06,12,kiprun-kipsummit-mens-trail-running-shoes-361994,https://cdn.shopify.com/s/files/1/1330/6287/files/8970094-001.jpg?v=1774446129,27
3608394509733,5857261,footwear,Shoes,Kiprun Kipsummit Men's Trail Running Shoes,Kiprun Kipsummit Men's Trail Running Shoes,11.5,Dark Green ,130.00,130.0,USD,en-US,PW-07,8,kiprun-kipsummit-mens-trail-running-shoes-361994,https://cdn.shopify.com/s/files/1/1330/6287/files/8970094-001.jpg?v=1774446129,27
3608394510180,5857200,footwear,Shoes,Kiprun Kipsummit Race Men's Carbon Plate Trail Running Shoes,Kiprun Kipsummit Race Men's Carbon Plate Trail Running Shoes,8.5,Yellow,250.00,250.0,USD,en-US,PW-08,7,kiprun-kipsummit-race-mens-carbon-plate-trail-running-shoes-361989,https://cdn.shopify.com/s/files/1/1330/6287/files/8987902_001.jpg?v=1774900585,15
3608394510197,5857201,footwear,Shoes,Kiprun Kipsummit Race Men's Carbon Plate Trail Running Shoes,Kiprun Kipsummit Race Men's Carbon Plate Trail Running Shoes,11.5,Yellow,250.00,250.0,USD,en-US,PE-01,8,kiprun-kipsummit-race-mens-carbon-plate-trail-running-shoes-361989,https://cdn.shopify.com/s/files/1/1330/6287/files/8987902_001.jpg?v=1774900585,15
3608394510371,5857257,footwear,Shoes,Kiprun Kipsummit Men's Trail Running Shoes,Kiprun Kipsummit Men's Trail Running Shoes,8.5,Black Orange,130.00,130.0,USD,en-US,PE-02,7,kiprun-kipsummit-mens-trail-running-shoes-361994,https://cdn.shopify.com/s/files/1/1330/6287/files/8970094-001.jpg?v=1774446129,27
3608394510388,5857258,footwear,Shoes,Kiprun Kipsummit Men's Trail Running Shoes,Kiprun Kipsummit Men's Trail Running Shoes,11.5,Black Orange,130.00,130.0,USD,en-US,PE-03,9,kiprun-kipsummit-mens-trail-running-shoes-361994,https://cdn.shopify.com/s/files/1/1330/6287/files/8970094-001.jpg?v=1774446129,27
3608394510548,5857293,footwear,Shoes,Kiprun Kipsummit Max Men's Trail Running Shoes,Kiprun Kipsummit Max Men's Trail Running Shoes,8.5,Dark Orange,150.00,150.0,USD,en-US,PE-04,11,kiprun-kipsummit-max-mens-trail-running-shoes-362206,https://cdn.shopify.com/s/files/1/1330/6287/files/8970304-001.jpg?v=1774548700,19
3608394510555,5857294,footwear,Shoes,Kiprun Kipsummit Max Men's Trail Running Shoes,Kiprun Kipsummit Max Men's Trail Running Shoes,11.5,Dark Orange,150.00,150.0,USD,en-US,PE-05,7,kiprun-kipsummit-max-mens-trail-running-shoes-362206,https://cdn.shopify.com/s/files/1/1330/6287/files/8970304-001.jpg?v=1774548700,19
3608394510579,5857343,footwear,Shoes,Kiprun Kipsummit Max Women's Trail Running Shoes,Kiprun Kipsummit Max Women's Trail Running Shoes,6.5,Dark Green ,150.00,150.0,USD,en-US,FB-01,12,kiprun-kipsummit-max-womens-trail-running-shoes-362234,https://cdn.shopify.com/s/files/1/1330/6287/files/8970313-001.jpg?v=1774548261,9
3608394510586,5857344,footwear,Shoes,Kiprun Kipsummit Max Women's Trail Running Shoes,Kiprun Kipsummit Max Women's Trail Running Shoes,7.5,Dark Green ,150.00,150.0,USD,en-US,GA-01,10,kiprun-kipsummit-max-womens-trail-running-shoes-362234,https://cdn.shopify.com/s/files/1/1330/6287/files/8970313-001.jpg?v=1774548261,9
3608394510593,5857345,footwear,Shoes,Kiprun Kipsummit Max Women's Trail Running Shoes,Kiprun Kipsummit Max Women's Trail Running Shoes,8.5,Dark Green ,150.00,150.0,USD,en-US,GA-02,9,kiprun-kipsummit-max-womens-trail-running-shoes-362234,https://cdn.shopify.com/s/files/1/1330/6287/files/8970313-001.jpg?v=1774548261,9
3608394510623,5857317,footwear,Shoes,Kiprun Kipsummit Women's Trail Running Shoes,Kiprun Kipsummit Women's Trail Running Shoes,6.5,Dark Green ,130.00,130.0,USD,en-US,PW-01,11,kiprun-kipsummit-womens-trail-running-shoes-361996,https://cdn.shopify.com/s/files/1/1330/6287/files/8970301-001.jpg?v=1774445415,18
3608394510630,5857318,footwear,Shoes,Kiprun Kipsummit Women's Trail Running Shoes,Kiprun Kipsummit Women's Trail Running Shoes,7.5,Dark Green ,130.00,130.0,USD,en-US,PW-02,12,kiprun-kipsummit-womens-trail-running-shoes-361996,https://cdn.shopify.com/s/files/1/1330/6287/files/8970301-001.jpg?v=1774445415,18
3608394510647,5857319,footwear,Shoes,Kiprun Kipsummit Women's Trail Running Shoes,Kiprun Kipsummit Women's Trail Running Shoes,8.5,Dark Green ,130.00,130.0,USD,en-US,PW-03,6,kiprun-kipsummit-womens-trail-running-shoes-361996,https://cdn.shopify.com/s/files/1/1330/6287/files/8970301-001.jpg?v=1774445415,18
3608394552043,5867611,footwear,Shoes,Kiprun Kipstorm Tempo Men's Running Shoes,Kiprun Kipstorm Tempo Men's Running Shoes,7,Grey Pink,170.00,170.0,USD,en-US,PW-04,13,kiprun-kipstorm-tempo-mens-running-shoes-362245,https://cdn.shopify.com/s/files/1/1330/6287/files/8961354-001.jpg?v=1774560693,16
3608394552050,5867612,footwear,Shoes,Kiprun Kipstorm Tempo Men's Running Shoes,Kiprun Kipstorm Tempo Men's Running Shoes,8,Grey Pink,170.00,170.0,USD,en-US,PW-05,13,kiprun-kipstorm-tempo-mens-running-shoes-362245,https://cdn.shopify.com/s/files/1/1330/6287/files/8961354-001.jpg?v=1774560693,16
3608394552067,5867613,footwear,Shoes,Kiprun Kipstorm Tempo Men's Running Shoes,Kiprun Kipstorm Tempo Men's Running Shoes,8.5,Grey Pink,170.00,170.0,USD,en-US,PW-06,12,kiprun-kipstorm-tempo-mens-running-shoes-362245,https://cdn.shopify.com/s/files/1/1330/6287/files/8961354-001.jpg?v=1774560693,16
3608394552074,5867614,footwear,Shoes,Kiprun Kipstorm Tempo Men's Running Shoes,Kiprun Kipstorm Tempo Men's Running Shoes,9,Grey Pink,170.00,170.0,USD,en-US,PW-07,8,kiprun-kipstorm-tempo-mens-running-shoes-362245,https://cdn.shopify.com/s/files/1/1330/6287/files/8961354-001.jpg?v=1774560693,16
3608394552098,5867616,footwear,Shoes,Kiprun Kipstorm Tempo Men's Running Shoes,Kiprun Kipstorm Tempo Men's Running Shoes,9.5,Grey Pink,170.00,170.0,USD,en-US,PW-08,6,kiprun-kipstorm-tempo-mens-running-shoes-362245,https://cdn.shopify.com/s/files/1/1330/6287/files/8961354-001.jpg?v=1774560693,16
3608394552814,5867618,footwear,Shoes,Kiprun Kipstorm Tempo Men's Running Shoes,Kiprun Kipstorm Tempo Men's Running Shoes,10.5,Grey Pink,170.00,170.0,USD,en-US,PE-01,9,kiprun-kipstorm-tempo-mens-running-shoes-362245,https://cdn.shopify.com/s/files/1/1330/6287/files/8961354-001.jpg?v=1774560693,16
3608394552821,5867619,footwear,Shoes,Kiprun Kipstorm Tempo Men's Running Shoes,Kiprun Kipstorm Tempo Men's Running Shoes,11,Grey Pink,170.00,170.0,USD,en-US,PE-02,11,kiprun-kipstorm-tempo-mens-running-shoes-362245,https://cdn.shopify.com/s/files/1/1330/6287/files/8961354-001.jpg?v=1774560693,16
3608394552838,5867620,footwear,Shoes,Kiprun Kipstorm Tempo Men's Running Shoes,Kiprun Kipstorm Tempo Men's Running Shoes,11.5,Grey Pink,170.00,170.0,USD,en-US,PE-03,9,kiprun-kipstorm-tempo-mens-running-shoes-362245,https://cdn.shopify.com/s/files/1/1330/6287/files/8961354-001.jpg?v=1774560693,16
3608394552845,5867621,footwear,Shoes,Kiprun Kipstorm Tempo Men's Running Shoes,Kiprun Kipstorm Tempo Men's Running Shoes,12,Grey Pink,170.00,170.0,USD,en-US,PE-04,11,kiprun-kipstorm-tempo-mens-running-shoes-362245,https://cdn.shopify.com/s/files/1/1330/6287/files/8961354-001.jpg?v=1774560693,16
3608394552883,5874796,footwear,Shoes,Kiprun Kipstorm Tempo Men's Running Shoes,Kiprun Kipstorm Tempo Men's Running Shoes,10,Grey Pink,170.00,170.0,USD,en-US,PE-05,13,kiprun-kipstorm-tempo-mens-running-shoes-362245,https://cdn.shopify.com/s/files/1/1330/6287/files/8961354-001.jpg?v=1774560693,16
3608394552890,5874797,footwear,Shoes,Kiprun Kipstorm Tempo Men's Running Shoes,Kiprun Kipstorm Tempo Men's Running Shoes,13,Grey Pink,170.00,170.0,USD,en-US,FB-01,9,kiprun-kipstorm-tempo-mens-running-shoes-362245,https://cdn.shopify.com/s/files/1/1330/6287/files/8961354-001.jpg?v=1774560693,16
3608394571983,5868533,footwear,Shoes,Kiprun Kipsummit Men's Trail Running Shoes,Kiprun Kipsummit Men's Trail Running Shoes,7,Yellow ,130.00,130.0,USD,en-US,GA-01,7,kiprun-kipsummit-mens-trail-running-shoes-361994,https://cdn.shopify.com/s/files/1/1330/6287/files/8970094-001.jpg?v=1774446129,27
3608394571990,5868535,footwear,Shoes,Kiprun Kipsummit Men's Trail Running Shoes,Kiprun Kipsummit Men's Trail Running Shoes,8,Yellow ,130.00,130.0,USD,en-US,GA-02,10,kiprun-kipsummit-mens-trail-running-shoes-361994,https://cdn.shopify.com/s/files/1/1330/6287/files/8970094-001.jpg?v=1774446129,27
3608394572881,5835605,footwear,Shoes,Kiprun Kipsummit Women's Trail Running Shoes,Kiprun Kipsummit Women's Trail Running Shoes,5.5,Yellow ,130.00,130.0,USD,en-US,PW-01,9,kiprun-kipsummit-womens-trail-running-shoes-361996,https://cdn.shopify.com/s/files/1/1330/6287/files/8970301-001.jpg?v=1774445415,18
3608394572898,5835606,footwear,Shoes,Kiprun Kipsummit Women's Trail Running Shoes,Kiprun Kipsummit Women's Trail Running Shoes,6,Yellow ,130.00,130.0,USD,en-US,PW-02,11,kiprun-kipsummit-womens-trail-running-shoes-361996,https://cdn.shopify.com/s/files/1/1330/6287/files/8970301-001.jpg?v=1774445415,18
3608394573505,5835607,footwear,Shoes,Kiprun Kipsummit Women's Trail Running Shoes,Kiprun Kipsummit Women's Trail Running Shoes,8,Yellow ,130.00,130.0,USD,en-US,PW-03,7,kiprun-kipsummit-womens-trail-running-shoes-361996,https://cdn.shopify.com/s/files/1/1330/6287/files/8970301-001.jpg?v=1774445415,18
3608394573512,5835608,footwear,Shoes,Kiprun Kipsummit Women's Trail Running Shoes,Kiprun Kipsummit Women's Trail Running Shoes,9,Yellow ,130.00,130.0,USD,en-US,PW-04,7,kiprun-kipsummit-womens-trail-running-shoes-361996,https://cdn.shopify.com/s/files/1/1330/6287/files/8970301-001.jpg?v=1774445415,18
3608394573529,5835609,footwear,Shoes,Kiprun Kipsummit Women's Trail Running Shoes,Kiprun Kipsummit Women's Trail Running Shoes,10,Yellow ,130.00,130.0,USD,en-US,PW-05,7,kiprun-kipsummit-womens-trail-running-shoes-361996,https://cdn.shopify.com/s/files/1/1330/6287/files/8970301-001.jpg?v=1774445415,18
3608394573536,5844813,footwear,Shoes,Kiprun Kipsummit Women's Trail Running Shoes,Kiprun Kipsummit Women's Trail Running Shoes,7,Yellow ,130.00,130.0,USD,en-US,PW-06,12,kiprun-kipsummit-womens-trail-running-shoes-361996,https://cdn.shopify.com/s/files/1/1330/6287/files/8970301-001.jpg?v=1774445415,18
3608394573543,5844814,footwear,Shoes,Kiprun Kipsummit Women's Trail Running Shoes,Kiprun Kipsummit Women's Trail Running Shoes,9.5,Yellow ,130.00,130.0,USD,en-US,PW-07,7,kiprun-kipsummit-womens-trail-running-shoes-361996,https://cdn.shopify.com/s/files/1/1330/6287/files/8970301-001.jpg?v=1774445415,18
3608394573550,5844815,footwear,Shoes,Kiprun Kipsummit Women's Trail Running Shoes,Kiprun Kipsummit Women's Trail Running Shoes,8.5,Yellow ,130.00,130.0,USD,en-US,PW-08,11,kiprun-kipsummit-womens-trail-running-shoes-361996,https://cdn.shopify.com/s/files/1/1330/6287/files/8970301-001.jpg?v=1774445415,18
3608394573567,5844816,footwear,Shoes,Kiprun Kipsummit Women's Trail Running Shoes,Kiprun Kipsummit Women's Trail Running Shoes,7.5,Yellow ,130.00,130.0,USD,en-US,PE-01,12,kiprun-kipsummit-womens-trail-running-shoes-361996,https://cdn.shopify.com/s/files/1/1330/6287/files/8970301-001.jpg?v=1774445415,18
3608394573574,5844817,footwear,Shoes,Kiprun Kipsummit Women's Trail Running Shoes,Kiprun Kipsummit Women's Trail Running Shoes,6.5,Yellow ,130.00,130.0,USD,en-US,PE-02,11,kiprun-kipsummit-womens-trail-running-shoes-361996,https://cdn.shopify.com/s/files/1/1330/6287/files/8970301-001.jpg?v=1774445415,18
3608394573802,5868537,footwear,Shoes,Kiprun Kipsummit Men's Trail Running Shoes,Kiprun Kipsummit Men's Trail Running Shoes,8.5,Yellow ,130.00,130.0,USD,en-US,PE-03,9,kiprun-kipsummit-mens-trail-running-shoes-361994,https://cdn.shopify.com/s/files/1/1330/6287/files/8970094-001.jpg?v=1774446129,27
3608394573826,5868541,footwear,Shoes,Kiprun Kipsummit Men's Trail Running Shoes,Kiprun Kipsummit Men's Trail Running Shoes,11.5,Yellow ,130.00,130.0,USD,en-US,PE-04,11,kiprun-kipsummit-mens-trail-running-shoes-361994,https://cdn.shopify.com/s/files/1/1330/6287/files/8970094-001.jpg?v=1774446129,27
3608394573833,5868544,footwear,Shoes,Kiprun Kipsummit Men's Trail Running Shoes,Kiprun Kipsummit Men's Trail Running Shoes,13,Yellow ,130.00,130.0,USD,en-US,PE-05,13,kiprun-kipsummit-mens-trail-running-shoes-361994,https://cdn.shopify.com/s/files/1/1330/6287/files/8970094-001.jpg?v=1774446129,27
3608394573840,5868546,footwear,Shoes,Kiprun Kipsummit Men's Trail Running Shoes,Kiprun Kipsummit Men's Trail Running Shoes,12,Yellow ,130.00,130.0,USD,en-US,FB-01,10,kiprun-kipsummit-mens-trail-running-shoes-361994,https://cdn.shopify.com/s/files/1/1330/6287/files/8970094-001.jpg?v=1774446129,27
3608394573857,5868547,footwear,Shoes,Kiprun Kipsummit Men's Trail Running Shoes,Kiprun Kipsummit Men's Trail Running Shoes,11,Yellow ,130.00,130.0,USD,en-US,GA-01,6,kiprun-kipsummit-mens-trail-running-shoes-361994,https://cdn.shopify.com/s/files/1/1330/6287/files/8970094-001.jpg?v=1774446129,27
3608394573864,5868548,footwear,Shoes,Kiprun Kipsummit Men's Trail Running Shoes,Kiprun Kipsummit Men's Trail Running Shoes,10,Yellow ,130.00,130.0,USD,en-US,GA-02,13,kiprun-kipsummit-mens-trail-running-shoes-361994,https://cdn.shopify.com/s/files/1/1330/6287/files/8970094-001.jpg?v=1774446129,27
3608394573871,5868549,footwear,Shoes,Kiprun Kipsummit Men's Trail Running Shoes,Kiprun Kipsummit Men's Trail Running Shoes,9,Yellow ,130.00,130.0,USD,en-US,PW-01,11,kiprun-kipsummit-mens-trail-running-shoes-361994,https://cdn.shopify.com/s/files/1/1330/6287/files/8970094-001.jpg?v=1774446129,27
3608394573888,5868550,footwear,Shoes,Kiprun Kipsummit Men's Trail Running Shoes,Kiprun Kipsummit Men's Trail Running Shoes,9.5,Yellow ,130.00,130.0,USD,en-US,PW-02,8,kiprun-kipsummit-mens-trail-running-shoes-361994,https://cdn.shopify.com/s/files/1/1330/6287/files/8970094-001.jpg?v=1774446129,27
3608394573895,5868889,footwear,Shoes,Kiprun Kipsummit Max Men's Trail Running Shoes,Kiprun Kipsummit Max Men's Trail Running Shoes,10.5,Yellow green,150.00,150.0,USD,en-US,PW-03,10,kiprun-kipsummit-max-mens-trail-running-shoes-362206,https://cdn.shopify.com/s/files/1/1330/6287/files/8970304-001.jpg?v=1774548700,19
3608394574755,5868887,footwear,Shoes,Kiprun Kipsummit Max Men's Trail Running Shoes,Kiprun Kipsummit Max Men's Trail Running Shoes,8.5,Yellow green,150.00,150.0,USD,en-US,PW-04,6,kiprun-kipsummit-max-mens-trail-running-shoes-362206,https://cdn.shopify.com/s/files/1/1330/6287/files/8970304-001.jpg?v=1774548700,19
3608394575073,5868891,footwear,Shoes,Kiprun Kipsummit Men's Trail Running Shoes,Kiprun Kipsummit Men's Trail Running Shoes,10.5,Yellow ,130.00,130.0,USD,en-US,PW-05,6,kiprun-kipsummit-mens-trail-running-shoes-361994,https://cdn.shopify.com/s/files/1/1330/6287/files/8970094-001.jpg?v=1774446129,27
3608394575233,5868888,footwear,Shoes,Kiprun Kipsummit Max Men's Trail Running Shoes,Kiprun Kipsummit Max Men's Trail Running Shoes,11.5,Yellow green,150.00,150.0,USD,en-US,PW-06,6,kiprun-kipsummit-max-mens-trail-running-shoes-362206,https://cdn.shopify.com/s/files/1/1330/6287/files/8970304-001.jpg?v=1774548700,19
3608394575387,5869234,footwear,Shoes,Kiprun Kipsummit Men's Trail Running Shoes,Kiprun Kipsummit Men's Trail Running Shoes,10.5,Dark Green ,130.00,130.0,USD,en-US,PW-07,7,kiprun-kipsummit-mens-trail-running-shoes-361994,https://cdn.shopify.com/s/files/1/1330/6287/files/8970094-001.jpg?v=1774446129,27
3608394575622,5869158,footwear,Shoes,Kiprun Kipsummit Men's Trail Running Shoes,Kiprun Kipsummit Men's Trail Running Shoes,10.5,Black Orange,130.00,130.0,USD,en-US,PW-08,7,kiprun-kipsummit-mens-trail-running-shoes-361994,https://cdn.shopify.com/s/files/1/1330/6287/files/8970094-001.jpg?v=1774446129,27
3608394948259,5395831,bag_pack,Backpack,29L Rolltop Backpack,29L Rolltop Backpack,OS,Sage,89.99,89.99,USD,en-US,PE-07,10,29l-rolltop-backpack,https://cdn.shopify.com/s/files/1/1330/6287/files/default_3b1ecf29-2078-4d7e-af20-b388a03a9764.jpg?v=1775496347,10
3608409840172,4184205,outdoor,Foam mat,Van Rysel Flanders Cycling Trainer Mat,Van Rysel Flanders Cycling Trainer Mat,One Size,Unspecified,79.99,79.99,USD,en-US,GF-R6-U1,2,van-rysel-flanders-turbo-trainer-mat-329739-fw25,https://cdn.shopify.com/s/files/1/1330/6287/products/8610591-product_image-1921846.jpg?v=1686435752,6
3608409844101,2771158,outdoor,Home trainer,Van Rysel D500 Smart Trainer with Zwift Cog and Click,Van Rysel D500 Smart Trainer with Zwift Cog and Click,OS,,499.00,499.0,USD,en-US,GF-R6-U2,1,van-rysel-home-trainer-connected-with-zwift-cog-and-click-d500-301243-fw25,https://cdn.shopify.com/s/files/1/1330/6287/files/8551028-product_image-p2994261.jpg?v=1755560674,13
3608409846396,2665039,apparel,Jacket,Van Rysel Men's Ultralight Waterproof Cycling Jacket,Van Rysel Men's Ultralight Waterproof Cycling Jacket,S,Black,55.00,55.0,USD,en-US,GF-R1-U3,9,rainproof-jacket-ultralight-racer-305439,https://cdn.shopify.com/s/files/1/1330/6287/files/VAN_RYSEL_RAIN_JACKET_ROADR_900_LIGHT_M_JACKET_BLK_AH24_-_8529358_-_001_---_Expires_on_24-09-2029.jpg?v=1744256603,13
3608409846402,2665038,apparel,Jacket,Van Rysel Men's Ultralight Waterproof Cycling Jacket,Van Rysel Men's Ultralight Waterproof Cycling Jacket,M,Black,55.00,55.0,USD,en-US,GF-R1-U4,19,rainproof-jacket-ultralight-racer-305439,https://cdn.shopify.com/s/files/1/1330/6287/files/VAN_RYSEL_RAIN_JACKET_ROADR_900_LIGHT_M_JACKET_BLK_AH24_-_8529358_-_001_---_Expires_on_24-09-2029.jpg?v=1744256603,13
3608409846419,2665040,apparel,Jacket,Van Rysel Men's Ultralight Waterproof Cycling Jacket,Van Rysel Men's Ultralight Waterproof Cycling Jacket,XL,Black,55.00,55.0,USD,en-US,GF-R1-U5,16,rainproof-jacket-ultralight-racer-305439,https://cdn.shopify.com/s/files/1/1330/6287/files/VAN_RYSEL_RAIN_JACKET_ROADR_900_LIGHT_M_JACKET_BLK_AH24_-_8529358_-_001_---_Expires_on_24-09-2029.jpg?v=1744256603,13
3608409846426,2665037,apparel,Jacket,Van Rysel Men's Ultralight Waterproof Cycling Jacket,Van Rysel Men's Ultralight Waterproof Cycling Jacket,L,Black,55.00,55.0,USD,en-US,GF-R1-U6,18,rainproof-jacket-ultralight-racer-305439,https://cdn.shopify.com/s/files/1/1330/6287/files/VAN_RYSEL_RAIN_JACKET_ROADR_900_LIGHT_M_JACKET_BLK_AH24_-_8529358_-_001_---_Expires_on_24-09-2029.jpg?v=1744256603,13
3608409846433,2665036,apparel,Jacket,Van Rysel Men's Ultralight Waterproof Cycling Jacket,Van Rysel Men's Ultralight Waterproof Cycling Jacket,2XL,Black,55.00,55.0,USD,en-US,GF-R1-U7,16,rainproof-jacket-ultralight-racer-305439,https://cdn.shopify.com/s/files/1/1330/6287/files/VAN_RYSEL_RAIN_JACKET_ROADR_900_LIGHT_M_JACKET_BLK_AH24_-_8529358_-_001_---_Expires_on_24-09-2029.jpg?v=1744256603,13
3608409900951,2177858,apparel,Rain Jacket,Van Rysel Women's Ultralight Waterproof Cycling Jacket,Van Rysel Women's Ultralight Waterproof Cycling Jacket,S,Black,60.00,60.0,USD,en-US,GF-R2-U1,21,van-rysel-900-ultralight-reflective-rain-cycling-jacket-womens-145546,https://cdn.shopify.com/s/files/1/1330/6287/files/8381000-product_image-p2647450.jpg?v=1744656549,5
3608409900968,2177859,apparel,Rain Jacket,Van Rysel Women's Ultralight Waterproof Cycling Jacket,Van Rysel Women's Ultralight Waterproof Cycling Jacket,M,Black,60.00,60.0,USD,en-US,GF-R2-U2,10,van-rysel-900-ultralight-reflective-rain-cycling-jacket-womens-145546,https://cdn.shopify.com/s/files/1/1330/6287/files/8381000-product_image-p2647450.jpg?v=1744656549,5
3608409900975,2177857,apparel,Rain Jacket,Van Rysel Women's Ultralight Waterproof Cycling Jacket,Van Rysel Women's Ultralight Waterproof Cycling Jacket,XS,Black,60.00,60.0,USD,en-US,GF-R2-U3,14,van-rysel-900-ultralight-reflective-rain-cycling-jacket-womens-145546,https://cdn.shopify.com/s/files/1/1330/6287/files/8381000-product_image-p2647450.jpg?v=1744656549,5
3608409900982,2177860,apparel,Rain Jacket,Van Rysel Women's Ultralight Waterproof Cycling Jacket,Van Rysel Women's Ultralight Waterproof Cycling Jacket,M - L,Black,60.00,60.0,USD,en-US,GF-R2-U4,15,van-rysel-900-ultralight-reflective-rain-cycling-jacket-womens-145546,https://cdn.shopify.com/s/files/1/1330/6287/files/8381000-product_image-p2647450.jpg?v=1744656549,5
3608409900999,2177861,apparel,Rain Jacket,Van Rysel Women's Ultralight Waterproof Cycling Jacket,Van Rysel Women's Ultralight Waterproof Cycling Jacket,L,Black,60.00,60.0,USD,en-US,GF-R2-U5,17,van-rysel-900-ultralight-reflective-rain-cycling-jacket-womens-145546,https://cdn.shopify.com/s/files/1/1330/6287/files/8381000-product_image-p2647450.jpg?v=1744656549,5
3608409910639,2044126,apparel,Base layer,Van Rysel Men's Ultralight Mesh Base Layer,Van Rysel Men's Ultralight Mesh Base Layer,XS,Snowy White,39.99,39.99,USD,en-US,GF-R2-U6,17,cycling-summer-training-base-layer-623,https://cdn.shopify.com/s/files/1/1330/6287/files/VAN_RYSEL_SV_500_SANS_MANCHE_BLANC_PE22_-_8296143_-_000_---_Expires_on_09-03-2026.jpg?v=1744257301,10
3608409950109,1779032,apparel,Base layer,Van Rysel Men's Ultralight Mesh Base Layer,Van Rysel Men's Ultralight Mesh Base Layer,XL,Snowy White,39.99,39.99,USD,en-US,GF-R2-U7,14,cycling-summer-training-base-layer-623,https://cdn.shopify.com/s/files/1/1330/6287/files/VAN_RYSEL_SV_500_SANS_MANCHE_BLANC_PE22_-_8296143_-_000_---_Expires_on_09-03-2026.jpg?v=1744257301,10
3608409950116,1779033,apparel,Base layer,Van Rysel Men's Ultralight Mesh Base Layer,Van Rysel Men's Ultralight Mesh Base Layer,2XL,Snowy White,39.99,39.99,USD,en-US,GF-R3-U1,11,cycling-summer-training-base-layer-623,https://cdn.shopify.com/s/files/1/1330/6287/files/VAN_RYSEL_SV_500_SANS_MANCHE_BLANC_PE22_-_8296143_-_000_---_Expires_on_09-03-2026.jpg?v=1744257301,10
3608409950123,1779030,apparel,Base layer,Van Rysel Men's Ultralight Mesh Base Layer,Van Rysel Men's Ultralight Mesh Base Layer,M,Snowy White,39.99,39.99,USD,en-US,GF-R3-U2,13,cycling-summer-training-base-layer-623,https://cdn.shopify.com/s/files/1/1330/6287/files/VAN_RYSEL_SV_500_SANS_MANCHE_BLANC_PE22_-_8296143_-_000_---_Expires_on_09-03-2026.jpg?v=1744257301,10
3608409950130,1779031,apparel,Base layer,Van Rysel Men's Ultralight Mesh Base Layer,Van Rysel Men's Ultralight Mesh Base Layer,L,Snowy White,39.99,39.99,USD,en-US,GF-R3-U3,17,cycling-summer-training-base-layer-623,https://cdn.shopify.com/s/files/1/1330/6287/files/VAN_RYSEL_SV_500_SANS_MANCHE_BLANC_PE22_-_8296143_-_000_---_Expires_on_09-03-2026.jpg?v=1744257301,10
3608409950147,1779029,apparel,Base layer,Van Rysel Men's Ultralight Mesh Base Layer,Van Rysel Men's Ultralight Mesh Base Layer,S,Snowy White,39.99,39.99,USD,en-US,GF-R3-U4,19,cycling-summer-training-base-layer-623,https://cdn.shopify.com/s/files/1/1330/6287/files/VAN_RYSEL_SV_500_SANS_MANCHE_BLANC_PE22_-_8296143_-_000_---_Expires_on_09-03-2026.jpg?v=1744257301,10
3608429644644,4925304,apparel,T-shirt,Kiprun Women's Run 100 Dry Running T-shirt,Kiprun Women's Run 100 Dry Running T-shirt,XS,Smoked Black,10.00,10.0,USD,en-US,GF-R3-U5,10,kalenji-womens-kiprun-run-100-running-t-shirt-black-346523,https://cdn.shopify.com/s/files/1/1330/6287/files/8817407-product_image-p2600498.jpg?v=1744912382,10
3608429644668,4925305,apparel,T-shirt,Kiprun Women's Run 100 Dry Running T-shirt,Kiprun Women's Run 100 Dry Running T-shirt,S,Smoked Black,10.00,10.0,USD,en-US,GF-R3-U6,18,kalenji-womens-kiprun-run-100-running-t-shirt-black-346523,https://cdn.shopify.com/s/files/1/1330/6287/files/8817407-product_image-p2600498.jpg?v=1744912382,10
3608429644682,4925306,apparel,T-shirt,Kiprun Women's Run 100 Dry Running T-shirt,Kiprun Women's Run 100 Dry Running T-shirt,M,Smoked Black,10.00,10.0,USD,en-US,GF-R3-U7,21,kalenji-womens-kiprun-run-100-running-t-shirt-black-346523,https://cdn.shopify.com/s/files/1/1330/6287/files/8817407-product_image-p2600498.jpg?v=1744912382,10
3608429644705,4925307,apparel,T-shirt,Kiprun Women's Run 100 Dry Running T-shirt,Kiprun Women's Run 100 Dry Running T-shirt,L,Smoked Black,10.00,10.0,USD,en-US,GF-R4-U1,12,kalenji-womens-kiprun-run-100-running-t-shirt-black-346523,https://cdn.shopify.com/s/files/1/1330/6287/files/8817407-product_image-p2600498.jpg?v=1744912382,10
3608429644729,4925308,apparel,T-shirt,Kiprun Women's Run 100 Dry Running T-shirt,Kiprun Women's Run 100 Dry Running T-shirt,XL,Smoked Black,10.00,10.0,USD,en-US,GF-R4-U2,13,kalenji-womens-kiprun-run-100-running-t-shirt-black-346523,https://cdn.shopify.com/s/files/1/1330/6287/files/8817407-product_image-p2600498.jpg?v=1744912382,10
3608429644743,4925309,apparel,T-shirt,Kiprun Women's Run 100 Dry Running T-shirt,Kiprun Women's Run 100 Dry Running T-shirt,2XL,Smoked Black,10.00,10.0,USD,en-US,GF-R4-U3,18,kalenji-womens-kiprun-run-100-running-t-shirt-black-346523,https://cdn.shopify.com/s/files/1/1330/6287/files/8817407-product_image-p2600498.jpg?v=1744912382,10
3608429644767,4925310,apparel,T-shirt,Kiprun Women's Run 100 Dry Running T-shirt,Kiprun Women's Run 100 Dry Running T-shirt,3XL,Smoked Black,10.00,10.0,USD,en-US,GF-R4-U4,19,kalenji-womens-kiprun-run-100-running-t-shirt-black-346523,https://cdn.shopify.com/s/files/1/1330/6287/files/8817407-product_image-p2600498.jpg?v=1744912382,10
3608429644781,4925311,apparel,T-shirt,Kiprun Women's Run 100 Dry Running T-shirt,Kiprun Women's Run 100 Dry Running T-shirt,4XL,Smoked Black,10.00,10.0,USD,en-US,GF-R4-U5,18,kalenji-womens-kiprun-run-100-running-t-shirt-black-346523,https://cdn.shopify.com/s/files/1/1330/6287/files/8817407-product_image-p2600498.jpg?v=1744912382,10
3608429646013,4884400,apparel,Trousers/pants,Kiprun Men's 100 Warm Running Pants,Kiprun Men's 100 Warm Running Pants,W41 L34,Black,25.00,25.0,USD,en-US,GF-R4-U6,21,mens-kiprun-run-100-warm-running-pants-black-344306-fw25,https://cdn.shopify.com/s/files/1/1330/6287/files/Pant_Warm_100_M_Black_-_8807977_-_000_---_Expires_on_04-07-2032.jpg?v=1757457905,9
3608429646020,4884398,apparel,Trousers/pants,Kiprun Men's 100 Warm Running Pants,Kiprun Men's 100 Warm Running Pants,W37 L34,Black,25.00,25.0,USD,en-US,GF-R4-U7,17,mens-kiprun-run-100-warm-running-pants-black-344306-fw25,https://cdn.shopify.com/s/files/1/1330/6287/files/Pant_Warm_100_M_Black_-_8807977_-_000_---_Expires_on_04-07-2032.jpg?v=1757457905,9
3608429646037,4884402,apparel,Trousers/pants,Kiprun Men's 100 Warm Running Pants,Kiprun Men's 100 Warm Running Pants,W44 L34,Black,25.00,25.0,USD,en-US,GB-R1-U1,11,mens-kiprun-run-100-warm-running-pants-black-344306-fw25,https://cdn.shopify.com/s/files/1/1330/6287/files/Pant_Warm_100_M_Black_-_8807977_-_000_---_Expires_on_04-07-2032.jpg?v=1757457905,9
3608429646044,4884392,apparel,Trousers/pants,Kiprun Men's 100 Warm Running Pants,Kiprun Men's 100 Warm Running Pants,W30 L33,Black,25.00,25.0,USD,en-US,GB-R1-U2,15,mens-kiprun-run-100-warm-running-pants-black-344306-fw25,https://cdn.shopify.com/s/files/1/1330/6287/files/Pant_Warm_100_M_Black_-_8807977_-_000_---_Expires_on_04-07-2032.jpg?v=1757457905,9
3608429646051,4884396,apparel,Trousers/pants,Kiprun Men's 100 Warm Running Pants,Kiprun Men's 100 Warm Running Pants,W34 L34,Black,25.00,25.0,USD,en-US,GB-R1-U3,17,mens-kiprun-run-100-warm-running-pants-black-344306-fw25,https://cdn.shopify.com/s/files/1/1330/6287/files/Pant_Warm_100_M_Black_-_8807977_-_000_---_Expires_on_04-07-2032.jpg?v=1757457905,9
3608429646068,4884394,apparel,Trousers/pants,Kiprun Men's 100 Warm Running Pants,Kiprun Men's 100 Warm Running Pants,W32 L33,Black,25.00,25.0,USD,en-US,GB-R1-U4,21,mens-kiprun-run-100-warm-running-pants-black-344306-fw25,https://cdn.shopify.com/s/files/1/1330/6287/files/Pant_Warm_100_M_Black_-_8807977_-_000_---_Expires_on_04-07-2032.jpg?v=1757457905,9
3608429646716,4924327,apparel,Windbreaker,Kiprun Women's Run 100 Windproof Running & Trail Jacket,Kiprun Women's Run 100 Windproof Running & Trail Jacket,L,Smoked Black,20.00,20.0,USD,en-US,GB-R1-U5,17,kalenji-kiprun-womens-run-100-windproof-running-trail-jacket-344411,https://cdn.shopify.com/s/files/1/1330/6287/files/8817239-product_image-p2516898.jpg?v=1742418399,11
3608429646723,4924328,apparel,Windbreaker,Kiprun Women's Run 100 Windproof Running & Trail Jacket,Kiprun Women's Run 100 Windproof Running & Trail Jacket,XL,Smoked Black,20.00,20.0,USD,en-US,GB-R1-U6,9,kalenji-kiprun-womens-run-100-windproof-running-trail-jacket-344411,https://cdn.shopify.com/s/files/1/1330/6287/files/8817239-product_image-p2516898.jpg?v=1742418399,11
3608429646730,4924325,apparel,Windbreaker,Kiprun Women's Run 100 Windproof Running & Trail Jacket,Kiprun Women's Run 100 Windproof Running & Trail Jacket,S,Smoked Black,20.00,20.0,USD,en-US,GB-R1-U7,17,kalenji-kiprun-womens-run-100-windproof-running-trail-jacket-344411,https://cdn.shopify.com/s/files/1/1330/6287/files/8817239-product_image-p2516898.jpg?v=1742418399,11
3608429646747,4924326,apparel,Windbreaker,Kiprun Women's Run 100 Windproof Running & Trail Jacket,Kiprun Women's Run 100 Windproof Running & Trail Jacket,M,Smoked Black,20.00,20.0,USD,en-US,GB-R2-U1,15,kalenji-kiprun-womens-run-100-windproof-running-trail-jacket-344411,https://cdn.shopify.com/s/files/1/1330/6287/files/8817239-product_image-p2516898.jpg?v=1742418399,11
3608429646754,4924329,apparel,Windbreaker,Kiprun Women's Run 100 Windproof Running & Trail Jacket,Kiprun Women's Run 100 Windproof Running & Trail Jacket,2XL,Smoked Black,20.00,20.0,USD,en-US,GB-R2-U2,17,kalenji-kiprun-womens-run-100-windproof-running-trail-jacket-344411,https://cdn.shopify.com/s/files/1/1330/6287/files/8817239-product_image-p2516898.jpg?v=1742418399,11
3608429646761,4924330,apparel,Windbreaker,Kiprun Women's Run 100 Windproof Running & Trail Jacket,Kiprun Women's Run 100 Windproof Running & Trail Jacket,3XL,Smoked Black,20.00,20.0,USD,en-US,GB-R2-U3,9,kalenji-kiprun-womens-run-100-windproof-running-trail-jacket-344411,https://cdn.shopify.com/s/files/1/1330/6287/files/8817239-product_image-p2516898.jpg?v=1742418399,11
3608429655312,4564124,accessories,Gloves,Kiprun 100 V2 Touchscreen Running Gloves,Kiprun 100 V2 Touchscreen Running Gloves,XL,Smoked Black,14.99,14.99,USD,en-US,GB-R5-U6,13,kiprun-warm-100-v2-unisex-touchscreen-running-gloves-black-340758-fw25,https://cdn.shopify.com/s/files/1/1330/6287/files/8759626-product_image-p2514033.jpg?v=1755549516,7
3608429655329,4564125,accessories,Gloves,Kiprun 100 V2 Touchscreen Running Gloves,Kiprun 100 V2 Touchscreen Running Gloves,M,Smoked Black,14.99,14.99,USD,en-US,GB-R5-U7,20,kiprun-warm-100-v2-unisex-touchscreen-running-gloves-black-340758-fw25,https://cdn.shopify.com/s/files/1/1330/6287/files/8759626-product_image-p2514033.jpg?v=1755549516,7
3608429655336,4564122,accessories,Gloves,Kiprun 100 V2 Touchscreen Running Gloves,Kiprun 100 V2 Touchscreen Running Gloves,L,Smoked Black,14.99,14.99,USD,en-US,ACC-01,13,kiprun-warm-100-v2-unisex-touchscreen-running-gloves-black-340758-fw25,https://cdn.shopify.com/s/files/1/1330/6287/files/8759626-product_image-p2514033.jpg?v=1755549516,7
3608429655343,4564123,accessories,Gloves,Kiprun 100 V2 Touchscreen Running Gloves,Kiprun 100 V2 Touchscreen Running Gloves,2XL,Smoked Black,14.99,14.99,USD,en-US,ACC-02,18,kiprun-warm-100-v2-unisex-touchscreen-running-gloves-black-340758-fw25,https://cdn.shopify.com/s/files/1/1330/6287/files/8759626-product_image-p2514033.jpg?v=1755549516,7
3608429655350,4564121,accessories,Gloves,Kiprun 100 V2 Touchscreen Running Gloves,Kiprun 100 V2 Touchscreen Running Gloves,S,Smoked Black,14.99,14.99,USD,en-US,ACC-03,13,kiprun-warm-100-v2-unisex-touchscreen-running-gloves-black-340758-fw25,https://cdn.shopify.com/s/files/1/1330/6287/files/8759626-product_image-p2514033.jpg?v=1755549516,7
3608429657613,4683436,accessories,Water bag,Kiprun Essential 5L Trail Running Hydration Vest -  1L Water Bladder Included,Kiprun Essential 5L Trail Running Hydration Vest -  1L Water Bladder Included,One Size,Black,59.99,59.99,USD,en-US,ACC-04,19,unisex-5l-black-trail-running-bag-with-1l-water-bladder-168331,https://cdn.shopify.com/s/files/1/1330/6287/files/8771848-product_image-p2398951.jpg?v=1744146528,9
3608429661627,4564027,accessories,Gloves,Kiprun Adult Evolutiv V2 Convertable Running Gloves with Mittens,Kiprun Adult Evolutiv V2 Convertable Running Gloves with Mittens,S,Smoked Black,24.99,24.99,USD,en-US,CO-IR,21,evolutive-gloves-with-additional-mitten-cover-black-340804-fw25,https://cdn.shopify.com/s/files/1/1330/6287/files/8759614-product_image-p2698477.jpg?v=1755549598,10
3608429661634,4564028,accessories,Gloves,Kiprun Adult Evolutiv V2 Convertable Running Gloves with Mittens,Kiprun Adult Evolutiv V2 Convertable Running Gloves with Mittens,L,Smoked Black,24.99,24.99,USD,en-US,GB-R5-U1,17,evolutive-gloves-with-additional-mitten-cover-black-340804-fw25,https://cdn.shopify.com/s/files/1/1330/6287/files/8759614-product_image-p2698477.jpg?v=1755549598,10
3608429661719,4564031,accessories,Gloves,Kiprun Adult Evolutiv V2 Convertable Running Gloves with Mittens,Kiprun Adult Evolutiv V2 Convertable Running Gloves with Mittens,M,Smoked Black,24.99,24.99,USD,en-US,GB-R5-U2,12,evolutive-gloves-with-additional-mitten-cover-black-340804-fw25,https://cdn.shopify.com/s/files/1/1330/6287/files/8759614-product_image-p2698477.jpg?v=1755549598,10
3608429661733,4564030,accessories,Gloves,Kiprun Adult Evolutiv V2 Convertable Running Gloves with Mittens,Kiprun Adult Evolutiv V2 Convertable Running Gloves with Mittens,XL,Smoked Black,24.99,24.99,USD,en-US,GB-R5-U3,13,evolutive-gloves-with-additional-mitten-cover-black-340804-fw25,https://cdn.shopify.com/s/files/1/1330/6287/files/8759614-product_image-p2698477.jpg?v=1755549598,10
3608429665441,4424749,accessories,Belt,Kiprun Running Belt V2,Kiprun Running Belt V2,One Size,Black Olive,10.00,10.0,USD,en-US,GB-R5-U4,15,kiprun-basic-running-phone-belt-334226-fw25,https://cdn.shopify.com/s/files/1/1330/6287/files/8669125-product_image-p2713533_fe51d1dd-ef85-4b4a-b8c9-264efefd0ca4.jpg?v=1762556982,14
3608429667209,4579640,apparel,Shorts,Kiprun Men's Run 500 Breathable Dry+ Running Shorts,Kiprun Men's Run 500 Breathable Dry+ Running Shorts,XL,Smoked Black,29.99,29.99,USD,en-US,GB-R2-U4,16,kiprun-mens-running-breathable-shorts-dry-black-333374,https://cdn.shopify.com/s/files/1/1330/6287/files/8751038-product_image-p2788602.jpg?v=1749835126,18
3608429667216,4579641,apparel,Shorts,Kiprun Men's Run 500 Breathable Dry+ Running Shorts,Kiprun Men's Run 500 Breathable Dry+ Running Shorts,2XL,Smoked Black,29.99,29.99,USD,en-US,GB-R2-U5,9,kiprun-mens-running-breathable-shorts-dry-black-333374,https://cdn.shopify.com/s/files/1/1330/6287/files/8751038-product_image-p2788602.jpg?v=1749835126,18
3608429667223,4579638,apparel,Shorts,Kiprun Men's Run 500 Breathable Dry+ Running Shorts,Kiprun Men's Run 500 Breathable Dry+ Running Shorts,M,Smoked Black,29.99,29.99,USD,en-US,GB-R2-U6,20,kiprun-mens-running-breathable-shorts-dry-black-333374,https://cdn.shopify.com/s/files/1/1330/6287/files/8751038-product_image-p2788602.jpg?v=1749835126,18
3608429667230,4579639,apparel,Shorts,Kiprun Men's Run 500 Breathable Dry+ Running Shorts,Kiprun Men's Run 500 Breathable Dry+ Running Shorts,L,Smoked Black,29.99,29.99,USD,en-US,GB-R2-U7,17,kiprun-mens-running-breathable-shorts-dry-black-333374,https://cdn.shopify.com/s/files/1/1330/6287/files/8751038-product_image-p2788602.jpg?v=1749835126,18
3608429667261,4579637,apparel,Shorts,Kiprun Men's Run 500 Breathable Dry+ Running Shorts,Kiprun Men's Run 500 Breathable Dry+ Running Shorts,S,Smoked Black,29.99,29.99,USD,en-US,GB-R3-U1,15,kiprun-mens-running-breathable-shorts-dry-black-333374,https://cdn.shopify.com/s/files/1/1330/6287/files/8751038-product_image-p2788602.jpg?v=1749835126,18
3608429678304,4168811,accessories,Water bag,Kiprun 5 L Trail Running Bag - 1 L Water Bladder Included,Kiprun 5 L Trail Running Bag - 1 L Water Bladder Included,One Size,Black,74.99,74.99,USD,en-US,GB-R5-U5,15,bag-trail-running-5l-blue-312059,https://cdn.shopify.com/s/files/1/1330/6287/files/8607680-product_image-p2713547.jpg?v=1758751193,11
3608429698708,4239486,accessories,Water pouch,Kiprun 1L Trail Running Water Bladder,Kiprun 1L Trail Running Water Bladder,1 Liter,Unspecified,12.00,12.0,USD,en-US,GB-R5-U6,10,water-bladder-1-litre-trail-running-330829,https://cdn.shopify.com/s/files/1/1330/6287/products/8618968-product_image-2315070.jpg?v=1675685941,7
3608429702252,2730763,accessories,Flask,Kiprun Trail Running Soft Flask 500ml/17oz,Kiprun Trail Running Soft Flask 500ml/17oz,16.9 oz,Unspecified,22.99,22.99,USD,en-US,GB-R5-U7,23,kiprun-500ml-17-fl-oz-trail-running-flexible-extruded-water-bottle-307953,https://cdn.shopify.com/s/files/1/1330/6287/files/8553392-product_image-p2438438.jpg?v=1744915594,13
3608429804710,2501397,apparel,T-shirt,Kiprun Men's Run 100 Dry Running T-Shirt,Kiprun Men's Run 100 Dry Running T-Shirt,3XL,Smoked Black,10.00,10.0,USD,en-US,GB-R3-U2,15,dry-breathable-running-t-shirt-165437,https://cdn.shopify.com/s/files/1/1330/6287/files/DECATHLONTSHIRTRUNDRYHNOIRSS25PE25-8488034_8817443-069---Expireson06-11-2028.jpg?v=1741973834,7
3608429804727,2501396,apparel,T-shirt,Kiprun Men's Run 100 Dry Running T-Shirt,Kiprun Men's Run 100 Dry Running T-Shirt,2XL,Smoked Black,10.00,10.0,USD,en-US,GB-R3-U3,10,dry-breathable-running-t-shirt-165437,https://cdn.shopify.com/s/files/1/1330/6287/files/DECATHLONTSHIRTRUNDRYHNOIRSS25PE25-8488034_8817443-069---Expireson06-11-2028.jpg?v=1741973834,7
3608429804741,2501395,apparel,T-shirt,Kiprun Men's Run 100 Dry Running T-Shirt,Kiprun Men's Run 100 Dry Running T-Shirt,XL,Smoked Black,10.00,10.0,USD,en-US,GB-R3-U4,12,dry-breathable-running-t-shirt-165437,https://cdn.shopify.com/s/files/1/1330/6287/files/DECATHLONTSHIRTRUNDRYHNOIRSS25PE25-8488034_8817443-069---Expireson06-11-2028.jpg?v=1741973834,7
3608429804765,2501394,apparel,T-shirt,Kiprun Men's Run 100 Dry Running T-Shirt,Kiprun Men's Run 100 Dry Running T-Shirt,L,Smoked Black,10.00,10.0,USD,en-US,GB-R3-U5,11,dry-breathable-running-t-shirt-165437,https://cdn.shopify.com/s/files/1/1330/6287/files/DECATHLONTSHIRTRUNDRYHNOIRSS25PE25-8488034_8817443-069---Expireson06-11-2028.jpg?v=1741973834,7
3608429804789,2501393,apparel,T-shirt,Kiprun Men's Run 100 Dry Running T-Shirt,Kiprun Men's Run 100 Dry Running T-Shirt,M,Smoked Black,10.00,10.0,USD,en-US,GB-R3-U6,19,dry-breathable-running-t-shirt-165437,https://cdn.shopify.com/s/files/1/1330/6287/files/DECATHLONTSHIRTRUNDRYHNOIRSS25PE25-8488034_8817443-069---Expireson06-11-2028.jpg?v=1741973834,7
3608429804796,2501392,apparel,T-shirt,Kiprun Men's Run 100 Dry Running T-Shirt,Kiprun Men's Run 100 Dry Running T-Shirt,S,Smoked Black,10.00,10.0,USD,en-US,GB-R3-U7,10,dry-breathable-running-t-shirt-165437,https://cdn.shopify.com/s/files/1/1330/6287/files/DECATHLONTSHIRTRUNDRYHNOIRSS25PE25-8488034_8817443-069---Expireson06-11-2028.jpg?v=1741973834,7
3608429812296,2354258,apparel,Long-sleeved jersey,Women's 100 Long-Sleeved Half-Zip Running T-shirt,Women's 100 Long-Sleeved Half-Zip Running T-shirt,2XS,Smoked Black,15.00,15.0,USD,en-US,GB-R4-U1,20,run-warm-long-sleeve-running-jersey-152557-fw25,https://cdn.shopify.com/s/files/1/1330/6287/products/8394789-product_image-2049013.jpg?v=1694087594,6
3608429817000,2342114,apparel,Long-sleeved jersey,Women's 100 Long-Sleeved Half-Zip Running T-shirt,Women's 100 Long-Sleeved Half-Zip Running T-shirt,S,Smoked Black,15.00,15.0,USD,en-US,GB-R4-U2,20,run-warm-long-sleeve-running-jersey-152557-fw25,https://cdn.shopify.com/s/files/1/1330/6287/products/8394789-product_image-2049013.jpg?v=1694087594,6
3608429817017,2342113,apparel,Long-sleeved jersey,Women's 100 Long-Sleeved Half-Zip Running T-shirt,Women's 100 Long-Sleeved Half-Zip Running T-shirt,XS,Smoked Black,15.00,15.0,USD,en-US,GB-R4-U3,18,run-warm-long-sleeve-running-jersey-152557-fw25,https://cdn.shopify.com/s/files/1/1330/6287/products/8394789-product_image-2049013.jpg?v=1694087594,6
3608429817024,2342116,apparel,Long-sleeved jersey,Women's 100 Long-Sleeved Half-Zip Running T-shirt,Women's 100 Long-Sleeved Half-Zip Running T-shirt,M - L,Smoked Black,15.00,15.0,USD,en-US,GB-R4-U4,12,run-warm-long-sleeve-running-jersey-152557-fw25,https://cdn.shopify.com/s/files/1/1330/6287/products/8394789-product_image-2049013.jpg?v=1694087594,6
3608429817031,2342115,apparel,Long-sleeved jersey,Women's 100 Long-Sleeved Half-Zip Running T-shirt,Women's 100 Long-Sleeved Half-Zip Running T-shirt,M,Smoked Black,15.00,15.0,USD,en-US,GB-R4-U5,17,run-warm-long-sleeve-running-jersey-152557-fw25,https://cdn.shopify.com/s/files/1/1330/6287/products/8394789-product_image-2049013.jpg?v=1694087594,6
3608429817048,2342118,apparel,Long-sleeved jersey,Women's 100 Long-Sleeved Half-Zip Running T-shirt,Women's 100 Long-Sleeved Half-Zip Running T-shirt,L - XL,Smoked Black,15.00,15.0,USD,en-US,GB-R4-U6,20,run-warm-long-sleeve-running-jersey-152557-fw25,https://cdn.shopify.com/s/files/1/1330/6287/products/8394789-product_image-2049013.jpg?v=1694087594,6
3608429817055,2342117,apparel,Long-sleeved jersey,Women's 100 Long-Sleeved Half-Zip Running T-shirt,Women's 100 Long-Sleeved Half-Zip Running T-shirt,L,Smoked Black,15.00,15.0,USD,en-US,GB-R4-U7,10,run-warm-long-sleeve-running-jersey-152557-fw25,https://cdn.shopify.com/s/files/1/1330/6287/products/8394789-product_image-2049013.jpg?v=1694087594,6
3608429817062,2342119,apparel,Long-sleeved jersey,Women's 100 Long-Sleeved Half-Zip Running T-shirt,Women's 100 Long-Sleeved Half-Zip Running T-shirt,XL,Smoked Black,15.00,15.0,USD,en-US,FR-01,17,run-warm-long-sleeve-running-jersey-152557-fw25,https://cdn.shopify.com/s/files/1/1330/6287/products/8394789-product_image-2049013.jpg?v=1694087594,6
3608429843764,2111280,accessories,Beanie,Kiprun Seamless Running Beanie,Kiprun Seamless Running Beanie,Adult,Smoked Black,14.99,14.99,USD,en-US,ACC-01,12,kiprun-unisex-seamless-running-hat-black-157211-fw25,https://cdn.shopify.com/s/files/1/1330/6287/files/8368935-product_image-p2698482.jpg?v=1755553493,9
3608429923060,1779337,accessories,Socks,Kiprun Run 100 Mid Socks 3-Pack,Kiprun Run 100 Mid Socks 3-Pack,9.5 - M12,Black,8.99,8.99,USD,en-US,ACC-02,19,ekiden-running-socks-adult-3-pack-11690,https://cdn.shopify.com/s/files/1/1330/6287/files/KIPRUNCHAUSSETTESEKIDENNOIREPE25SS25-8296178-001---Expireson22-10-2033.jpg?v=1741396533,6
3608429923077,1779336,accessories,Socks,Kiprun Run 100 Mid Socks 3-Pack,Kiprun Run 100 Mid Socks 3-Pack,6.5 - M9,Black,8.99,8.99,USD,en-US,ACC-03,17,ekiden-running-socks-adult-3-pack-11690,https://cdn.shopify.com/s/files/1/1330/6287/files/KIPRUNCHAUSSETTESEKIDENNOIREPE25SS25-8296178-001---Expireson22-10-2033.jpg?v=1741396533,6
3608429923084,1779339,accessories,Socks,Kiprun Run 100 Mid Socks 3-Pack,Kiprun Run 100 Mid Socks 3-Pack,13 - M15,Black,8.99,8.99,USD,en-US,ACC-04,17,ekiden-running-socks-adult-3-pack-11690,https://cdn.shopify.com/s/files/1/1330/6287/files/KIPRUNCHAUSSETTESEKIDENNOIREPE25SS25-8296178-001---Expireson22-10-2033.jpg?v=1741396533,6
3608429923114,1779335,accessories,Socks,Kiprun Run 100 Mid Socks 3-Pack,Kiprun Run 100 Mid Socks 3-Pack,3.5 - M6,Black,8.99,8.99,USD,en-US,CO-IR,20,ekiden-running-socks-adult-3-pack-11690,https://cdn.shopify.com/s/files/1/1330/6287/files/KIPRUNCHAUSSETTESEKIDENNOIREPE25SS25-8296178-001---Expireson22-10-2033.jpg?v=1741396533,6
3608430034977,5881481,outdoor,Mattress,Quechua Ultimate Comfort Self-Inflating Camping Mattress,Quechua Ultimate Comfort Self-Inflating Camping Mattress,OS,Zinc Gray,159.00,159.0,USD,en-US,GF-R6-U3,1,quechua-ultimate-comfort-self-inflating-camping-mattress,https://cdn.shopify.com/s/files/1/1330/6287/files/default_cbc8f44d-bf8b-4545-8e85-fe4c453b71f9.jpg?v=1775494163,7
3608439227516,2758216,footwear,Shoes,Quechua Women's NH50 Low Hiking Shoes,Quechua Women's NH50 Low Hiking Shoes,7.5,Carbon Gray,30.00,30.0,USD,en-US,PE-01,10,womens-hiking-boots-nh50-low-308248,https://cdn.shopify.com/s/files/1/1330/6287/files/8553549-product_image-p2617654.jpg?v=1704797399,7
3608439227523,2758217,footwear,Shoes,Quechua Women's NH50 Low Hiking Shoes,Quechua Women's NH50 Low Hiking Shoes,8,Carbon Gray,30.00,30.0,USD,en-US,PE-02,9,womens-hiking-boots-nh50-low-308248,https://cdn.shopify.com/s/files/1/1330/6287/files/8553549-product_image-p2617654.jpg?v=1704797399,7
3608439227530,2758214,footwear,Shoes,Quechua Women's NH50 Low Hiking Shoes,Quechua Women's NH50 Low Hiking Shoes,5.5,Carbon Gray,30.00,30.0,USD,en-US,PE-03,10,womens-hiking-boots-nh50-low-308248,https://cdn.shopify.com/s/files/1/1330/6287/files/8553549-product_image-p2617654.jpg?v=1704797399,7
3608439227547,2758215,footwear,Shoes,Quechua Women's NH50 Low Hiking Shoes,Quechua Women's NH50 Low Hiking Shoes,6.5,Carbon Gray,30.00,30.0,USD,en-US,PE-04,8,womens-hiking-boots-nh50-low-308248,https://cdn.shopify.com/s/files/1/1330/6287/files/8553549-product_image-p2617654.jpg?v=1704797399,7
3608439227554,2758220,footwear,Shoes,Quechua Women's NH50 Low Hiking Shoes,Quechua Women's NH50 Low Hiking Shoes,10.5,Carbon Gray,30.00,30.0,USD,en-US,PE-05,9,womens-hiking-boots-nh50-low-308248,https://cdn.shopify.com/s/files/1/1330/6287/files/8553549-product_image-p2617654.jpg?v=1704797399,7
3608439227561,2758218,footwear,Shoes,Quechua Women's NH50 Low Hiking Shoes,Quechua Women's NH50 Low Hiking Shoes,9,Carbon Gray,30.00,30.0,USD,en-US,FB-01,6,womens-hiking-boots-nh50-low-308248,https://cdn.shopify.com/s/files/1/1330/6287/files/8553549-product_image-p2617654.jpg?v=1704797399,7
3608439227578,2758219,footwear,Shoes,Quechua Women's NH50 Low Hiking Shoes,Quechua Women's NH50 Low Hiking Shoes,9.5,Carbon Gray,30.00,30.0,USD,en-US,GA-01,8,womens-hiking-boots-nh50-low-308248,https://cdn.shopify.com/s/files/1/1330/6287/files/8553549-product_image-p2617654.jpg?v=1704797399,7
3608439227622,4569378,apparel,Fleece,Quechua Men's MH500 Full Zip Fleece Hiking Jacket,Quechua Men's MH500 Full Zip Fleece Hiking Jacket,XL,Abyss Gray,44.99,44.99,USD,en-US,FR-02,21,quechua-mens-mountain-hiking-fleece-jacket-mh500-full-zip-grey-341204-fw25,https://cdn.shopify.com/s/files/1/1330/6287/files/8758029-PACKSHOT_SS24_QUECHUAPOLAIRE_MH_320_BLEU_GRIS_SS24Fleece_collection_2425_-_8758029_-_002_---_Expires_on_31-12-2028.jpg?v=1757531124,7
3608439227639,4569379,apparel,Fleece,Quechua Men's MH500 Full Zip Fleece Hiking Jacket,Quechua Men's MH500 Full Zip Fleece Hiking Jacket,2XL,Abyss Gray,44.99,44.99,USD,en-US,FR-03,13,quechua-mens-mountain-hiking-fleece-jacket-mh500-full-zip-grey-341204-fw25,https://cdn.shopify.com/s/files/1/1330/6287/files/8758029-PACKSHOT_SS24_QUECHUAPOLAIRE_MH_320_BLEU_GRIS_SS24Fleece_collection_2425_-_8758029_-_002_---_Expires_on_31-12-2028.jpg?v=1757531124,7
3608439227646,4569376,apparel,Fleece,Quechua Men's MH500 Full Zip Fleece Hiking Jacket,Quechua Men's MH500 Full Zip Fleece Hiking Jacket,M,Abyss Gray,44.99,44.99,USD,en-US,FR-04,20,quechua-mens-mountain-hiking-fleece-jacket-mh500-full-zip-grey-341204-fw25,https://cdn.shopify.com/s/files/1/1330/6287/files/8758029-PACKSHOT_SS24_QUECHUAPOLAIRE_MH_320_BLEU_GRIS_SS24Fleece_collection_2425_-_8758029_-_002_---_Expires_on_31-12-2028.jpg?v=1757531124,7
3608439227653,4569377,apparel,Fleece,Quechua Men's MH500 Full Zip Fleece Hiking Jacket,Quechua Men's MH500 Full Zip Fleece Hiking Jacket,L,Abyss Gray,44.99,44.99,USD,en-US,GF-R1-U1,18,quechua-mens-mountain-hiking-fleece-jacket-mh500-full-zip-grey-341204-fw25,https://cdn.shopify.com/s/files/1/1330/6287/files/8758029-PACKSHOT_SS24_QUECHUAPOLAIRE_MH_320_BLEU_GRIS_SS24Fleece_collection_2425_-_8758029_-_002_---_Expires_on_31-12-2028.jpg?v=1757531124,7
3608439227677,4569380,apparel,Fleece,Quechua Men's MH500 Full Zip Fleece Hiking Jacket,Quechua Men's MH500 Full Zip Fleece Hiking Jacket,3XL,Abyss Gray,44.99,44.99,USD,en-US,GF-R1-U2,12,quechua-mens-mountain-hiking-fleece-jacket-mh500-full-zip-grey-341204-fw25,https://cdn.shopify.com/s/files/1/1330/6287/files/8758029-PACKSHOT_SS24_QUECHUAPOLAIRE_MH_320_BLEU_GRIS_SS24Fleece_collection_2425_-_8758029_-_002_---_Expires_on_31-12-2028.jpg?v=1757531124,7
3608439227691,4569375,apparel,Fleece,Quechua Men's MH500 Full Zip Fleece Hiking Jacket,Quechua Men's MH500 Full Zip Fleece Hiking Jacket,S,Abyss Gray,44.99,44.99,USD,en-US,GF-R1-U3,12,quechua-mens-mountain-hiking-fleece-jacket-mh500-full-zip-grey-341204-fw25,https://cdn.shopify.com/s/files/1/1330/6287/files/8758029-PACKSHOT_SS24_QUECHUAPOLAIRE_MH_320_BLEU_GRIS_SS24Fleece_collection_2425_-_8758029_-_002_---_Expires_on_31-12-2028.jpg?v=1757531124,7
3608439227998,4820313,apparel,Rain Poncho,Quechua Kids’ MH100 Rain Poncho – Ages 2–6,Quechua Kids’ MH100 Rain Poncho – Ages 2–6,"4-6 Years / 3'4""-4'",Verdigris,15.99,15.99,USD,en-US,GF-R1-U4,19,quechua-rain-cape-mh100-age-2-6-green-345380,https://cdn.shopify.com/s/files/1/1330/6287/files/8797552-product_image-p2627283.jpg?v=1745452098,11
3608439228001,4817651,apparel,Rain Poncho,Quechua Kids’ MH100 Rain Poncho – Ages 2–6,Quechua Kids’ MH100 Rain Poncho – Ages 2–6,"2 - 4 Years / 2'9"" - 3'3""",Verdigris,15.99,15.99,USD,en-US,GF-R1-U5,10,quechua-rain-cape-mh100-age-2-6-green-345380,https://cdn.shopify.com/s/files/1/1330/6287/files/8797552-product_image-p2627283.jpg?v=1745452098,11
3608439229787,4386815,footwear,Shoes,Quechua Men's NH500 Warm Waterproof Mid Snow Hiking Boots,Quechua Men's NH500 Warm Waterproof Mid Snow Hiking Boots,8,Smoked Black,129.00,129.0,USD,en-US,GA-02,7,quechua-mens-warm-and-waterproof-hiking-boots-sh500-mountain-mid-335920-fw25,https://cdn.shopify.com/s/files/1/1330/6287/files/8665669-product_image-p2579083.jpg?v=1755289973,7
3608439229794,4386816,footwear,Shoes,Quechua Men's NH500 Warm Waterproof Mid Snow Hiking Boots,Quechua Men's NH500 Warm Waterproof Mid Snow Hiking Boots,9,Smoked Black,129.00,129.0,USD,en-US,PW-01,6,quechua-mens-warm-and-waterproof-hiking-boots-sh500-mountain-mid-335920-fw25,https://cdn.shopify.com/s/files/1/1330/6287/files/8665669-product_image-p2579083.jpg?v=1755289973,7
3608439229800,4386817,footwear,Shoes,Quechua Men's NH500 Warm Waterproof Mid Snow Hiking Boots,Quechua Men's NH500 Warm Waterproof Mid Snow Hiking Boots,9.5,Smoked Black,129.00,129.0,USD,en-US,PW-02,9,quechua-mens-warm-and-waterproof-hiking-boots-sh500-mountain-mid-335920-fw25,https://cdn.shopify.com/s/files/1/1330/6287/files/8665669-product_image-p2579083.jpg?v=1755289973,7
3608439229817,4386818,footwear,Shoes,Quechua Men's NH500 Warm Waterproof Mid Snow Hiking Boots,Quechua Men's NH500 Warm Waterproof Mid Snow Hiking Boots,10.5,Smoked Black,129.00,129.0,USD,en-US,PW-03,6,quechua-mens-warm-and-waterproof-hiking-boots-sh500-mountain-mid-335920-fw25,https://cdn.shopify.com/s/files/1/1330/6287/files/8665669-product_image-p2579083.jpg?v=1755289973,7
3608439229824,4386813,footwear,Shoes,Quechua Men's NH500 Warm Waterproof Mid Snow Hiking Boots,Quechua Men's NH500 Warm Waterproof Mid Snow Hiking Boots,6.5,Smoked Black,129.00,129.0,USD,en-US,PW-04,8,quechua-mens-warm-and-waterproof-hiking-boots-sh500-mountain-mid-335920-fw25,https://cdn.shopify.com/s/files/1/1330/6287/files/8665669-product_image-p2579083.jpg?v=1755289973,7
3608439229831,4386814,footwear,Shoes,Quechua Men's NH500 Warm Waterproof Mid Snow Hiking Boots,Quechua Men's NH500 Warm Waterproof Mid Snow Hiking Boots,7.5,Smoked Black,129.00,129.0,USD,en-US,PW-05,11,quechua-mens-warm-and-waterproof-hiking-boots-sh500-mountain-mid-335920-fw25,https://cdn.shopify.com/s/files/1/1330/6287/files/8665669-product_image-p2579083.jpg?v=1755289973,7
3608439229848,4386819,footwear,Shoes,Quechua Men's NH500 Warm Waterproof Mid Snow Hiking Boots,Quechua Men's NH500 Warm Waterproof Mid Snow Hiking Boots,11.5,Smoked Black,129.00,129.0,USD,en-US,PW-06,10,quechua-mens-warm-and-waterproof-hiking-boots-sh500-mountain-mid-335920-fw25,https://cdn.shopify.com/s/files/1/1330/6287/files/8665669-product_image-p2579083.jpg?v=1755289973,7
3608439229855,4386820,footwear,Shoes,Quechua Men's NH500 Warm Waterproof Mid Snow Hiking Boots,Quechua Men's NH500 Warm Waterproof Mid Snow Hiking Boots,12,Smoked Black,129.00,129.0,USD,en-US,PW-07,6,quechua-mens-warm-and-waterproof-hiking-boots-sh500-mountain-mid-335920-fw25,https://cdn.shopify.com/s/files/1/1330/6287/files/8665669-product_image-p2579083.jpg?v=1755289973,7
3608439229862,4386821,footwear,Shoes,Quechua Men's NH500 Warm Waterproof Mid Snow Hiking Boots,Quechua Men's NH500 Warm Waterproof Mid Snow Hiking Boots,13,Smoked Black,129.00,129.0,USD,en-US,PW-08,7,quechua-mens-warm-and-waterproof-hiking-boots-sh500-mountain-mid-335920-fw25,https://cdn.shopify.com/s/files/1/1330/6287/files/8665669-product_image-p2579083.jpg?v=1755289973,7
3608439230806,4864685,footwear,Snow boots,Quechua Women's NH500 Warm Waterproof High Lace Snow Boots,Quechua Women's NH500 Warm Waterproof High Lace Snow Boots,10.5,Linen,75.00,75.0,USD,en-US,PE-01,6,quechua-womens-sh500-waterproof-snow-boots-340155-fw25,https://cdn.shopify.com/s/files/1/1330/6287/files/8802419-product_image-p2579364.jpg?v=1755549503,11
3608439230813,4864682,footwear,Snow boots,Quechua Women's NH500 Warm Waterproof High Lace Snow Boots,Quechua Women's NH500 Warm Waterproof High Lace Snow Boots,8,Linen,75.00,75.0,USD,en-US,PE-02,8,quechua-womens-sh500-waterproof-snow-boots-340155-fw25,https://cdn.shopify.com/s/files/1/1330/6287/files/8802419-product_image-p2579364.jpg?v=1755549503,11
3608439230820,4864681,footwear,Snow boots,Quechua Women's NH500 Warm Waterproof High Lace Snow Boots,Quechua Women's NH500 Warm Waterproof High Lace Snow Boots,7.5,Linen,75.00,75.0,USD,en-US,PE-03,11,quechua-womens-sh500-waterproof-snow-boots-340155-fw25,https://cdn.shopify.com/s/files/1/1330/6287/files/8802419-product_image-p2579364.jpg?v=1755549503,11
3608439230837,4864684,footwear,Snow boots,Quechua Women's NH500 Warm Waterproof High Lace Snow Boots,Quechua Women's NH500 Warm Waterproof High Lace Snow Boots,9.5,Linen,75.00,75.0,USD,en-US,PE-04,7,quechua-womens-sh500-waterproof-snow-boots-340155-fw25,https://cdn.shopify.com/s/files/1/1330/6287/files/8802419-product_image-p2579364.jpg?v=1755549503,11
3608439230844,4864683,footwear,Snow boots,Quechua Women's NH500 Warm Waterproof High Lace Snow Boots,Quechua Women's NH500 Warm Waterproof High Lace Snow Boots,9,Linen,75.00,75.0,USD,en-US,PE-05,11,quechua-womens-sh500-waterproof-snow-boots-340155-fw25,https://cdn.shopify.com/s/files/1/1330/6287/files/8802419-product_image-p2579364.jpg?v=1755549503,11
3608439230851,4864680,footwear,Snow boots,Quechua Women's NH500 Warm Waterproof High Lace Snow Boots,Quechua Women's NH500 Warm Waterproof High Lace Snow Boots,6.5,Linen,75.00,75.0,USD,en-US,FB-01,6,quechua-womens-sh500-waterproof-snow-boots-340155-fw25,https://cdn.shopify.com/s/files/1/1330/6287/files/8802419-product_image-p2579364.jpg?v=1755549503,11
3608439230868,4864679,footwear,Snow boots,Quechua Women's NH500 Warm Waterproof High Lace Snow Boots,Quechua Women's NH500 Warm Waterproof High Lace Snow Boots,5.5,Linen,75.00,75.0,USD,en-US,GA-01,9,quechua-womens-sh500-waterproof-snow-boots-340155-fw25,https://cdn.shopify.com/s/files/1/1330/6287/files/8802419-product_image-p2579364.jpg?v=1755549503,11
3608439231742,4927573,apparel,Fleece,Quechua Women’s MH100 Lightweight Hiking Fleece,Quechua Women’s MH100 Lightweight Hiking Fleece,3XL,Unspecified,15.00,15.0,USD,en-US,GF-R1-U6,11,quechua-womens-mountain-walking-fleece-mh100-312282-fw25,https://cdn.shopify.com/s/files/1/1330/6287/files/8817715-product_image-p2937371.jpg?v=1755553540,8
3608439231766,4927572,apparel,Fleece,Quechua Women’s MH100 Lightweight Hiking Fleece,Quechua Women’s MH100 Lightweight Hiking Fleece,2XL,Unspecified,15.00,15.0,USD,en-US,GF-R1-U7,12,quechua-womens-mountain-walking-fleece-mh100-312282-fw25,https://cdn.shopify.com/s/files/1/1330/6287/files/8817715-product_image-p2937371.jpg?v=1755553540,8
3608439231841,4927569,apparel,Fleece,Quechua Women’s MH100 Lightweight Hiking Fleece,Quechua Women’s MH100 Lightweight Hiking Fleece,M,Unspecified,15.00,15.0,USD,en-US,GF-R2-U1,21,quechua-womens-mountain-walking-fleece-mh100-312282-fw25,https://cdn.shopify.com/s/files/1/1330/6287/files/8817715-product_image-p2937371.jpg?v=1755553540,8
3608439231865,4927568,apparel,Fleece,Quechua Women’s MH100 Lightweight Hiking Fleece,Quechua Women’s MH100 Lightweight Hiking Fleece,S,Unspecified,15.00,15.0,USD,en-US,GF-R2-U2,15,quechua-womens-mountain-walking-fleece-mh100-312282-fw25,https://cdn.shopify.com/s/files/1/1330/6287/files/8817715-product_image-p2937371.jpg?v=1755553540,8
3608439231889,4927571,apparel,Fleece,Quechua Women’s MH100 Lightweight Hiking Fleece,Quechua Women’s MH100 Lightweight Hiking Fleece,XL,Unspecified,15.00,15.0,USD,en-US,GF-R2-U3,21,quechua-womens-mountain-walking-fleece-mh100-312282-fw25,https://cdn.shopify.com/s/files/1/1330/6287/files/8817715-product_image-p2937371.jpg?v=1755553540,8
3608439231919,4927570,apparel,Fleece,Quechua Women’s MH100 Lightweight Hiking Fleece,Quechua Women’s MH100 Lightweight Hiking Fleece,L,Unspecified,15.00,15.0,USD,en-US,GF-R2-U4,16,quechua-womens-mountain-walking-fleece-mh100-312282-fw25,https://cdn.shopify.com/s/files/1/1330/6287/files/8817715-product_image-p2937371.jpg?v=1755553540,8
3608439233395,4854947,apparel,Parka,Quechua Women's SH500 Waterproof Winter Parka,Quechua Women's SH500 Waterproof Winter Parka,2XL,Black,189.00,189.0,USD,en-US,GF-R2-U5,14,quechua-womens-sh500-waterproof-winter-parka-340342,https://cdn.shopify.com/s/files/1/1330/6287/files/8801622-product_image-p2583909.jpg?v=1728425621,14
3608439233401,4854946,apparel,Parka,Quechua Women's SH500 Waterproof Winter Parka,Quechua Women's SH500 Waterproof Winter Parka,XL,Black,189.00,189.0,USD,en-US,GF-R2-U6,21,quechua-womens-sh500-waterproof-winter-parka-340342,https://cdn.shopify.com/s/files/1/1330/6287/files/8801622-product_image-p2583909.jpg?v=1728425621,14
3608439233418,4854943,apparel,Parka,Quechua Women's SH500 Waterproof Winter Parka,Quechua Women's SH500 Waterproof Winter Parka,S,Black,189.00,189.0,USD,en-US,GF-R2-U7,16,quechua-womens-sh500-waterproof-winter-parka-340342,https://cdn.shopify.com/s/files/1/1330/6287/files/8801622-product_image-p2583909.jpg?v=1728425621,14
3608439233432,4854942,apparel,Parka,Quechua Women's SH500 Waterproof Winter Parka,Quechua Women's SH500 Waterproof Winter Parka,XS,Black,189.00,189.0,USD,en-US,GF-R3-U1,20,quechua-womens-sh500-waterproof-winter-parka-340342,https://cdn.shopify.com/s/files/1/1330/6287/files/8801622-product_image-p2583909.jpg?v=1728425621,14
3608439233456,4854945,apparel,Parka,Quechua Women's SH500 Waterproof Winter Parka,Quechua Women's SH500 Waterproof Winter Parka,L,Black,189.00,189.0,USD,en-US,GF-R3-U2,19,quechua-womens-sh500-waterproof-winter-parka-340342,https://cdn.shopify.com/s/files/1/1330/6287/files/8801622-product_image-p2583909.jpg?v=1728425621,14
3608439233463,4854944,apparel,Parka,Quechua Women's SH500 Waterproof Winter Parka,Quechua Women's SH500 Waterproof Winter Parka,M,Black,189.00,189.0,USD,en-US,GF-R3-U3,10,quechua-womens-sh500-waterproof-winter-parka-340342,https://cdn.shopify.com/s/files/1/1330/6287/files/8801622-product_image-p2583909.jpg?v=1728425621,14
3608439238710,4841008,outdoor,Sleeping bag,Quechua Arpenaz 68°F Sleeping Bag,Quechua Arpenaz 68°F Sleeping Bag,One Size,Turquoise,20.00,20.0,USD,en-US,GF-R6-U4,1,quechua-arpenaz-68-f-sleeping-bag-303115,https://cdn.shopify.com/s/files/1/1330/6287/files/8800273-product_image-p2455218.jpg?v=1715853839,7
3608439238932,4767715,accessories,Socks,Quechua Hike 900 Hiking Socks - 2 Pairs,Quechua Hike 900 Hiking Socks - 2 Pairs,3.5 - M6,Pale Mint,10.00,10.0,USD,en-US,GB-R5-U1,18,quechua-hike-900-hiking-socks-2-pairs-330181,https://cdn.shopify.com/s/files/1/1330/6287/files/8786366-product_image-p2579446.jpg?v=1755805881,6
3608439238949,4767716,accessories,Socks,Quechua Hike 900 Hiking Socks - 2 Pairs,Quechua Hike 900 Hiking Socks - 2 Pairs,6.5 - M9,Pale Mint,10.00,10.0,USD,en-US,GB-R5-U2,10,quechua-hike-900-hiking-socks-2-pairs-330181,https://cdn.shopify.com/s/files/1/1330/6287/files/8786366-product_image-p2579446.jpg?v=1755805881,6
3608439243745,4744908,apparel,Shorts,Quechua Kids’ MH100 Hiking Shorts - Ages 7–15,Quechua Kids’ MH100 Hiking Shorts - Ages 7–15,7-8 Years / 48''-51'',Carbon Gray,10.00,10.0,USD,en-US,GF-R3-U4,13,quechua-childs-hiking-shorts-mh100-7-15-years-156173g,https://cdn.shopify.com/s/files/1/1330/6287/files/8786634-product_image-p2407084.jpg?v=1744915487,7
3608439243752,4744909,apparel,Shorts,Quechua Kids’ MH100 Hiking Shorts - Ages 7–15,Quechua Kids’ MH100 Hiking Shorts - Ages 7–15,8-9 Years / 52''-55'',Carbon Gray,10.00,10.0,USD,en-US,GF-R3-U5,18,quechua-childs-hiking-shorts-mh100-7-15-years-156173g,https://cdn.shopify.com/s/files/1/1330/6287/files/8786634-product_image-p2407084.jpg?v=1744915487,7
3608439243769,4744910,apparel,Shorts,Quechua Kids’ MH100 Hiking Shorts - Ages 7–15,Quechua Kids’ MH100 Hiking Shorts - Ages 7–15,10-11 Years / 55''-59'',Carbon Gray,10.00,10.0,USD,en-US,GF-R3-U6,16,quechua-childs-hiking-shorts-mh100-7-15-years-156173g,https://cdn.shopify.com/s/files/1/1330/6287/files/8786634-product_image-p2407084.jpg?v=1744915487,7
3608439243776,4744911,apparel,Shorts,Quechua Kids’ MH100 Hiking Shorts - Ages 7–15,Quechua Kids’ MH100 Hiking Shorts - Ages 7–15,12-13 Years / 59''-63'',Carbon Gray,10.00,10.0,USD,en-US,GF-R3-U7,15,quechua-childs-hiking-shorts-mh100-7-15-years-156173g,https://cdn.shopify.com/s/files/1/1330/6287/files/8786634-product_image-p2407084.jpg?v=1744915487,7
3608439243783,4744912,apparel,Shorts,Quechua Kids’ MH100 Hiking Shorts - Ages 7–15,Quechua Kids’ MH100 Hiking Shorts - Ages 7–15,14-15 Years / 63''-68'',Carbon Gray,10.00,10.0,USD,en-US,GF-R4-U1,17,quechua-childs-hiking-shorts-mh100-7-15-years-156173g,https://cdn.shopify.com/s/files/1/1330/6287/files/8786634-product_image-p2407084.jpg?v=1744915487,7
3608439244209,4728757,bag_pack,Backpack,Quechua NH100 Arpenaz 10 L Hiking Backpack,Quechua NH100 Arpenaz 10 L Hiking Backpack,10 L,Slate Blue,19.99,19.99,USD,en-US,PE-08,11,quechua-hiking-10l-backpack-arpenaz-nh100-344147,https://cdn.shopify.com/s/files/1/1330/6287/files/8775634-product_image-p2621212.jpg?v=1712059796,54
3608439244223,4773405,bag_pack,Backpack,Quechua NH100 Arpenaz 10 L Hiking Backpack,Quechua NH100 Arpenaz 10 L Hiking Backpack,10 L,Yellow Ochre,5.00,5.0,USD,en-US,GF-R5-U1,8,quechua-hiking-10l-backpack-arpenaz-nh100-344147,https://cdn.shopify.com/s/files/1/1330/6287/files/8775634-product_image-p2621212.jpg?v=1712059796,54
3608439244254,4756884,apparel,Jacket,Quechua Men's NH500 Imper Waterproof Rain Jacket,Quechua Men's NH500 Imper Waterproof Rain Jacket,2XL,Black,50.00,50.0,USD,en-US,GF-R4-U2,11,quechua-mens-nh500-waterproof-rain-jacket-334354,https://cdn.shopify.com/s/files/1/1330/6287/files/8785166-product_image-p2582643.jpg?v=1747176468,31
3608439244278,4756881,apparel,Jacket,Quechua Men's NH500 Imper Waterproof Rain Jacket,Quechua Men's NH500 Imper Waterproof Rain Jacket,M,Black,50.00,50.0,USD,en-US,GF-R4-U3,21,quechua-mens-nh500-waterproof-rain-jacket-334354,https://cdn.shopify.com/s/files/1/1330/6287/files/8785166-product_image-p2582643.jpg?v=1747176468,31
3608439244285,4756880,apparel,Jacket,Quechua Men's NH500 Imper Waterproof Rain Jacket,Quechua Men's NH500 Imper Waterproof Rain Jacket,S,Black,50.00,50.0,USD,en-US,GF-R4-U4,20,quechua-mens-nh500-waterproof-rain-jacket-334354,https://cdn.shopify.com/s/files/1/1330/6287/files/8785166-product_image-p2582643.jpg?v=1747176468,31
3608439244292,4756883,apparel,Jacket,Quechua Men's NH500 Imper Waterproof Rain Jacket,Quechua Men's NH500 Imper Waterproof Rain Jacket,XL,Black,50.00,50.0,USD,en-US,GF-R4-U5,20,quechua-mens-nh500-waterproof-rain-jacket-334354,https://cdn.shopify.com/s/files/1/1330/6287/files/8785166-product_image-p2582643.jpg?v=1747176468,31
3608439244308,4756882,apparel,Jacket,Quechua Men's NH500 Imper Waterproof Rain Jacket,Quechua Men's NH500 Imper Waterproof Rain Jacket,L,Black,50.00,50.0,USD,en-US,GF-R4-U6,21,quechua-mens-nh500-waterproof-rain-jacket-334354,https://cdn.shopify.com/s/files/1/1330/6287/files/8785166-product_image-p2582643.jpg?v=1747176468,31
3608439245046,4340145,outdoor,Shower,Quechua 10 L Solar Pressure Camping Shower,Quechua 10 L Solar Pressure Camping Shower,10 L,Black,99.99,99.99,USD,en-US,GF-R6-U5,1,quechua-10-l-solar-camping-shower-bag-334620,https://cdn.shopify.com/s/files/1/1330/6287/files/8650195-product_image-p2621201.jpg?v=1711972360,10
3608439246425,4548274,footwear,Shoes,Quechua Men's NH100 Mid Hiking Boots,Quechua Men's NH100 Mid Hiking Boots,10.5,Black,35.00,35.0,USD,en-US,GA-02,10,mens-hiking-boots-nh100-mid-339888,https://cdn.shopify.com/s/files/1/1330/6287/files/8756701-product_image-p2583208.jpg?v=1712146234,8
3608439246463,4548276,footwear,Shoes,Quechua Men's NH100 Mid Hiking Boots,Quechua Men's NH100 Mid Hiking Boots,12,Black,35.00,35.0,USD,en-US,PW-01,11,mens-hiking-boots-nh100-mid-339888,https://cdn.shopify.com/s/files/1/1330/6287/files/8756701-product_image-p2583208.jpg?v=1712146234,8
3608439246487,4548275,footwear,Shoes,Quechua Men's NH100 Mid Hiking Boots,Quechua Men's NH100 Mid Hiking Boots,11.5,Black,35.00,35.0,USD,en-US,PW-02,6,mens-hiking-boots-nh100-mid-339888,https://cdn.shopify.com/s/files/1/1330/6287/files/8756701-product_image-p2583208.jpg?v=1712146234,8
3608439246500,4548270,footwear,Shoes,Quechua Men's NH100 Mid Hiking Boots,Quechua Men's NH100 Mid Hiking Boots,9,Black,35.00,35.0,USD,en-US,PW-03,7,mens-hiking-boots-nh100-mid-339888,https://cdn.shopify.com/s/files/1/1330/6287/files/8756701-product_image-p2583208.jpg?v=1712146234,8
3608439246524,4548269,footwear,Shoes,Quechua Men's NH100 Mid Hiking Boots,Quechua Men's NH100 Mid Hiking Boots,8,Black,35.00,35.0,USD,en-US,PW-04,12,mens-hiking-boots-nh100-mid-339888,https://cdn.shopify.com/s/files/1/1330/6287/files/8756701-product_image-p2583208.jpg?v=1712146234,8
3608439246555,4548271,footwear,Shoes,Quechua Men's NH100 Mid Hiking Boots,Quechua Men's NH100 Mid Hiking Boots,9.5,Black,35.00,35.0,USD,en-US,PW-05,8,mens-hiking-boots-nh100-mid-339888,https://cdn.shopify.com/s/files/1/1330/6287/files/8756701-product_image-p2583208.jpg?v=1712146234,8
3608439246609,4548268,footwear,Shoes,Quechua Men's NH100 Mid Hiking Boots,Quechua Men's NH100 Mid Hiking Boots,7.5,Black,35.00,35.0,USD,en-US,PW-06,12,mens-hiking-boots-nh100-mid-339888,https://cdn.shopify.com/s/files/1/1330/6287/files/8756701-product_image-p2583208.jpg?v=1712146234,8
3608439246616,4548267,footwear,Shoes,Quechua Men's NH100 Mid Hiking Boots,Quechua Men's NH100 Mid Hiking Boots,6.5,Black,35.00,35.0,USD,en-US,PW-07,11,mens-hiking-boots-nh100-mid-339888,https://cdn.shopify.com/s/files/1/1330/6287/files/8756701-product_image-p2583208.jpg?v=1712146234,8
3608439248030,4651986,apparel,Trousers/pants,Quechua Men's MH100 Hiking Pants,Quechua Men's MH100 Hiking Pants,W29 L33,Abyss Gray,44.99,44.99,USD,en-US,GF-R4-U7,17,mens-hiking-pants-mh100-341636,https://cdn.shopify.com/s/files/1/1330/6287/files/8767072-product_image-p2437490.jpg?v=1725966252,6
3608439248153,4652002,apparel,Trousers/pants,Quechua Men's MH100 Hiking Pants,Quechua Men's MH100 Hiking Pants,W46 L34,Abyss Gray,44.99,44.99,USD,en-US,GB-R1-U1,18,mens-hiking-pants-mh100-341636,https://cdn.shopify.com/s/files/1/1330/6287/files/8767072-product_image-p2437490.jpg?v=1725966252,6
3608439248177,4652000,apparel,Trousers/pants,Quechua Men's MH100 Hiking Pants,Quechua Men's MH100 Hiking Pants,W44 L34,Abyss Gray,44.99,44.99,USD,en-US,GB-R1-U2,21,mens-hiking-pants-mh100-341636,https://cdn.shopify.com/s/files/1/1330/6287/files/8767072-product_image-p2437490.jpg?v=1725966252,6
3608439248191,4651998,apparel,Trousers/pants,Quechua Men's MH100 Hiking Pants,Quechua Men's MH100 Hiking Pants,W42 L34,Abyss Gray,44.99,44.99,USD,en-US,GB-R1-U3,13,mens-hiking-pants-mh100-341636,https://cdn.shopify.com/s/files/1/1330/6287/files/8767072-product_image-p2437490.jpg?v=1725966252,6
3608439248214,4651996,apparel,Trousers/pants,Quechua Men's MH100 Hiking Pants,Quechua Men's MH100 Hiking Pants,W39 L34,Abyss Gray,44.99,44.99,USD,en-US,GB-R1-U4,20,mens-hiking-pants-mh100-341636,https://cdn.shopify.com/s/files/1/1330/6287/files/8767072-product_image-p2437490.jpg?v=1725966252,6
3608439248221,4651994,apparel,Trousers/pants,Quechua Men's MH100 Hiking Pants,Quechua Men's MH100 Hiking Pants,W36 L34,Abyss Gray,44.99,44.99,USD,en-US,GB-R1-U5,18,mens-hiking-pants-mh100-341636,https://cdn.shopify.com/s/files/1/1330/6287/files/8767072-product_image-p2437490.jpg?v=1725966252,6
3608439248238,4651992,apparel,Trousers/pants,Quechua Men's MH100 Hiking Pants,Quechua Men's MH100 Hiking Pants,W34 L34,Abyss Gray,44.99,44.99,USD,en-US,GB-R1-U6,21,mens-hiking-pants-mh100-341636,https://cdn.shopify.com/s/files/1/1330/6287/files/8767072-product_image-p2437490.jpg?v=1725966252,6
3608439248245,4651990,apparel,Trousers/pants,Quechua Men's MH100 Hiking Pants,Quechua Men's MH100 Hiking Pants,W33 L33,Abyss Gray,44.99,44.99,USD,en-US,GB-R1-U7,11,mens-hiking-pants-mh100-341636,https://cdn.shopify.com/s/files/1/1330/6287/files/8767072-product_image-p2437490.jpg?v=1725966252,6
3608439248252,4651988,apparel,Trousers/pants,Quechua Men's MH100 Hiking Pants,Quechua Men's MH100 Hiking Pants,W31 L33,Abyss Gray,44.99,44.99,USD,en-US,GB-R2-U1,19,mens-hiking-pants-mh100-341636,https://cdn.shopify.com/s/files/1/1330/6287/files/8767072-product_image-p2437490.jpg?v=1725966252,6
3608439249327,4757793,apparel,Jacket,Quechua Men's MH500 Hiking Lightweight Waterproof Jacket,Quechua Men's MH500 Hiking Lightweight Waterproof Jacket,3XL,Dark Green Gray,149.00,149.0,USD,en-US,GB-R2-U2,19,quechua-mh500-waterproof-hiking-jacket-mens-301681,https://cdn.shopify.com/s/files/1/1330/6287/files/8785247-product_image-p2583866_49c0ff2e-3d22-4f6e-b0f3-593848e9a0cb.jpg?v=1744324152,30
3608439249334,4757792,apparel,Jacket,Quechua Men's MH500 Hiking Lightweight Waterproof Jacket,Quechua Men's MH500 Hiking Lightweight Waterproof Jacket,2XL,Dark Green Gray,149.00,149.0,USD,en-US,GB-R2-U3,19,quechua-mh500-waterproof-hiking-jacket-mens-301681,https://cdn.shopify.com/s/files/1/1330/6287/files/8785247-product_image-p2583866_49c0ff2e-3d22-4f6e-b0f3-593848e9a0cb.jpg?v=1744324152,30
3608439249341,4757791,apparel,Jacket,Quechua Men's MH500 Hiking Lightweight Waterproof Jacket,Quechua Men's MH500 Hiking Lightweight Waterproof Jacket,XL,Dark Green Gray,149.00,149.0,USD,en-US,GB-R2-U4,17,quechua-mh500-waterproof-hiking-jacket-mens-301681,https://cdn.shopify.com/s/files/1/1330/6287/files/8785247-product_image-p2583866_49c0ff2e-3d22-4f6e-b0f3-593848e9a0cb.jpg?v=1744324152,30
3608439249358,4757790,apparel,Jacket,Quechua Men's MH500 Hiking Lightweight Waterproof Jacket,Quechua Men's MH500 Hiking Lightweight Waterproof Jacket,L,Dark Green Gray,149.00,149.0,USD,en-US,GB-R2-U5,10,quechua-mh500-waterproof-hiking-jacket-mens-301681,https://cdn.shopify.com/s/files/1/1330/6287/files/8785247-product_image-p2583866_49c0ff2e-3d22-4f6e-b0f3-593848e9a0cb.jpg?v=1744324152,30
3608439249365,4757789,apparel,Jacket,Quechua Men's MH500 Hiking Lightweight Waterproof Jacket,Quechua Men's MH500 Hiking Lightweight Waterproof Jacket,M,Dark Green Gray,149.00,149.0,USD,en-US,GB-R2-U6,14,quechua-mh500-waterproof-hiking-jacket-mens-301681,https://cdn.shopify.com/s/files/1/1330/6287/files/8785247-product_image-p2583866_49c0ff2e-3d22-4f6e-b0f3-593848e9a0cb.jpg?v=1744324152,30
3608439249372,4757788,apparel,Jacket,Quechua Men's MH500 Hiking Lightweight Waterproof Jacket,Quechua Men's MH500 Hiking Lightweight Waterproof Jacket,S,Dark Green Gray,149.00,149.0,USD,en-US,GB-R2-U7,21,quechua-mh500-waterproof-hiking-jacket-mens-301681,https://cdn.shopify.com/s/files/1/1330/6287/files/8785247-product_image-p2583866_49c0ff2e-3d22-4f6e-b0f3-593848e9a0cb.jpg?v=1744324152,30
3608439249914,4841023,outdoor,Mattress,Quechua Ultimate Comfort Self-Inflating Mattress,Quechua Ultimate Comfort Self-Inflating Mattress,One Size,Unspecified,100.00,100.0,USD,en-US,GF-R6-U6,1,quechua-ultimate-comfort-self-inflating-mattress-307396,https://cdn.shopify.com/s/files/1/1330/6287/files/8800275-product_image-p2583204.jpg?v=1704964945,13
3608439249952,4833696,apparel,Overalls,Quechua Men's NH500 Waterproof Over Pants,Quechua Men's NH500 Waterproof Over Pants,W30 L33,Black,34.99,34.99,USD,en-US,GB-R3-U1,14,mens-waterproof-hiking-over-pants-nh500-imper-345947,https://cdn.shopify.com/s/files/1/1330/6287/files/8796550-product_image-p2621215.jpg?v=1755805959,9
3608439249969,4833694,apparel,Overalls,Quechua Men's NH500 Waterproof Over Pants,Quechua Men's NH500 Waterproof Over Pants,W28 L33,Black,34.99,34.99,USD,en-US,GB-R3-U2,21,mens-waterproof-hiking-over-pants-nh500-imper-345947,https://cdn.shopify.com/s/files/1/1330/6287/files/8796550-product_image-p2621215.jpg?v=1755805959,9
3608439249976,4833706,apparel,Overalls,Quechua Men's NH500 Waterproof Over Pants,Quechua Men's NH500 Waterproof Over Pants,W44 L34,Black,34.99,34.99,USD,en-US,GB-R3-U3,10,mens-waterproof-hiking-over-pants-nh500-imper-345947,https://cdn.shopify.com/s/files/1/1330/6287/files/8796550-product_image-p2621215.jpg?v=1755805959,9
3608439249983,4833704,apparel,Overalls,Quechua Men's NH500 Waterproof Over Pants,Quechua Men's NH500 Waterproof Over Pants,W41 L34,Black,34.99,34.99,USD,en-US,GB-R3-U4,14,mens-waterproof-hiking-over-pants-nh500-imper-345947,https://cdn.shopify.com/s/files/1/1330/6287/files/8796550-product_image-p2621215.jpg?v=1755805959,9
3608439249990,4833702,apparel,Overalls,Quechua Men's NH500 Waterproof Over Pants,Quechua Men's NH500 Waterproof Over Pants,W37 L34,Black,34.99,34.99,USD,en-US,GB-R3-U5,20,mens-waterproof-hiking-over-pants-nh500-imper-345947,https://cdn.shopify.com/s/files/1/1330/6287/files/8796550-product_image-p2621215.jpg?v=1755805959,9
3608439250002,4833700,apparel,Overalls,Quechua Men's NH500 Waterproof Over Pants,Quechua Men's NH500 Waterproof Over Pants,W34 L34,Black,34.99,34.99,USD,en-US,GB-R3-U6,20,mens-waterproof-hiking-over-pants-nh500-imper-345947,https://cdn.shopify.com/s/files/1/1330/6287/files/8796550-product_image-p2621215.jpg?v=1755805959,9
3608439250019,4833698,apparel,Overalls,Quechua Men's NH500 Waterproof Over Pants,Quechua Men's NH500 Waterproof Over Pants,W32 L33,Black,34.99,34.99,USD,en-US,GB-R3-U7,11,mens-waterproof-hiking-over-pants-nh500-imper-345947,https://cdn.shopify.com/s/files/1/1330/6287/files/8796550-product_image-p2621215.jpg?v=1755805959,9
3608439250590,4773410,bag_pack,Backpack,Quechua NH100 Arpenaz 20 L Hiking Backpack,Quechua NH100 Arpenaz 20 L Hiking Backpack,20 L,Ochre,12.00,12.0,USD,en-US,GF-R5-U2,10,quechua-nh-arpenaz-100-20-l-hiking-backpack-301674,https://cdn.shopify.com/s/files/1/1330/6287/files/8731516-product_image-p2583621.jpg?v=1743794179,33
3608439252969,4557488,outdoor,Camp bed,"Quechua 24"" Camp Bed - 1 Person","Quechua 24"" Camp Bed - 1 Person",One Size,Green,55.00,55.0,USD,en-US,GF-R6-U7,2,quechua-24-camp-bed-1-person-340395,https://cdn.shopify.com/s/files/1/1330/6287/files/8755737-product_image-p2583114.jpg?v=1712146260,11
3608439255434,4728754,bag_pack,Backpack,Quechua NH100 Arpenaz 10 L Hiking Backpack,Quechua NH100 Arpenaz 10 L Hiking Backpack,10 L,Black,19.99,19.99,USD,en-US,GF-R5-U3,7,quechua-hiking-10l-backpack-arpenaz-nh100-344147,https://cdn.shopify.com/s/files/1/1330/6287/files/8775634-product_image-p2621212.jpg?v=1712059796,54
3608439256851,4744756,apparel,Jacket,Quechua Kids’ MH150 Waterproof Hiking Jacket – Ages 7–15,Quechua Kids’ MH150 Waterproof Hiking Jacket – Ages 7–15,10-11 Years / 55''-59'',Carbon Gray,15.00,15.0,USD,en-US,GB-R4-U1,19,quechua-waterproof-hiking-jacket-mh100-zip-child-7-15-years-127766c,https://cdn.shopify.com/s/files/1/1330/6287/files/QUECHUAVESTEMH150TWGARCONGRISFONCE-8786618-001---Expireson02-10-2026.jpg?v=1745451595,6
3608439256868,4744757,apparel,Jacket,Quechua Kids’ MH150 Waterproof Hiking Jacket – Ages 7–15,Quechua Kids’ MH150 Waterproof Hiking Jacket – Ages 7–15,12-13 Years / 59''-63'',Carbon Gray,15.00,15.0,USD,en-US,GB-R4-U2,11,quechua-waterproof-hiking-jacket-mh100-zip-child-7-15-years-127766c,https://cdn.shopify.com/s/files/1/1330/6287/files/QUECHUAVESTEMH150TWGARCONGRISFONCE-8786618-001---Expireson02-10-2026.jpg?v=1745451595,6
3608439256875,4744759,apparel,Jacket,Quechua Kids’ MH150 Waterproof Hiking Jacket – Ages 7–15,Quechua Kids’ MH150 Waterproof Hiking Jacket – Ages 7–15,14-15 Years / 63''-68'',Carbon Gray,15.00,15.0,USD,en-US,GB-R4-U3,16,quechua-waterproof-hiking-jacket-mh100-zip-child-7-15-years-127766c,https://cdn.shopify.com/s/files/1/1330/6287/files/QUECHUAVESTEMH150TWGARCONGRISFONCE-8786618-001---Expireson02-10-2026.jpg?v=1745451595,6
3608439257278,4744754,apparel,Jacket,Quechua Kids’ MH150 Waterproof Hiking Jacket – Ages 7–15,Quechua Kids’ MH150 Waterproof Hiking Jacket – Ages 7–15,7-8 Years / 48''-51'',Carbon Gray,15.00,15.0,USD,en-US,GB-R4-U4,10,quechua-waterproof-hiking-jacket-mh100-zip-child-7-15-years-127766c,https://cdn.shopify.com/s/files/1/1330/6287/files/QUECHUAVESTEMH150TWGARCONGRISFONCE-8786618-001---Expireson02-10-2026.jpg?v=1745451595,6
3608439257292,4744755,apparel,Jacket,Quechua Kids’ MH150 Waterproof Hiking Jacket – Ages 7–15,Quechua Kids’ MH150 Waterproof Hiking Jacket – Ages 7–15,8-9 Years / 52''-55'',Carbon Gray,15.00,15.0,USD,en-US,GB-R4-U5,17,quechua-waterproof-hiking-jacket-mh100-zip-child-7-15-years-127766c,https://cdn.shopify.com/s/files/1/1330/6287/files/QUECHUAVESTEMH150TWGARCONGRISFONCE-8786618-001---Expireson02-10-2026.jpg?v=1745451595,6
3608439258329,4743552,footwear,Snow boots,Quechua Men's NH500 Warm Waterproof Snow Boots,Quechua Men's NH500 Warm Waterproof Snow Boots,9,Smoked Black,75.00,75.0,USD,en-US,PW-08,7,quechua-warm-waterproof-snow-boots-sh500-lace-up-mens-344259-fw25,https://cdn.shopify.com/s/files/1/1330/6287/files/8785598-product_image-p2579689.jpg?v=1755549678,11
3608439258336,4743551,footwear,Snow boots,Quechua Men's NH500 Warm Waterproof Snow Boots,Quechua Men's NH500 Warm Waterproof Snow Boots,8,Smoked Black,75.00,75.0,USD,en-US,PE-01,11,quechua-warm-waterproof-snow-boots-sh500-lace-up-mens-344259-fw25,https://cdn.shopify.com/s/files/1/1330/6287/files/8785598-product_image-p2579689.jpg?v=1755549678,11
3608439258343,4743554,footwear,Snow boots,Quechua Men's NH500 Warm Waterproof Snow Boots,Quechua Men's NH500 Warm Waterproof Snow Boots,10.5,Smoked Black,75.00,75.0,USD,en-US,PE-02,7,quechua-warm-waterproof-snow-boots-sh500-lace-up-mens-344259-fw25,https://cdn.shopify.com/s/files/1/1330/6287/files/8785598-product_image-p2579689.jpg?v=1755549678,11
3608439258350,4743553,footwear,Snow boots,Quechua Men's NH500 Warm Waterproof Snow Boots,Quechua Men's NH500 Warm Waterproof Snow Boots,9.5,Smoked Black,75.00,75.0,USD,en-US,PE-03,9,quechua-warm-waterproof-snow-boots-sh500-lace-up-mens-344259-fw25,https://cdn.shopify.com/s/files/1/1330/6287/files/8785598-product_image-p2579689.jpg?v=1755549678,11
3608439258367,4743550,footwear,Snow boots,Quechua Men's NH500 Warm Waterproof Snow Boots,Quechua Men's NH500 Warm Waterproof Snow Boots,7.5,Smoked Black,75.00,75.0,USD,en-US,PE-04,7,quechua-warm-waterproof-snow-boots-sh500-lace-up-mens-344259-fw25,https://cdn.shopify.com/s/files/1/1330/6287/files/8785598-product_image-p2579689.jpg?v=1755549678,11
3608439258374,4743548,footwear,Snow boots,Quechua Men's NH500 Warm Waterproof Snow Boots,Quechua Men's NH500 Warm Waterproof Snow Boots,6.5,Smoked Black,75.00,75.0,USD,en-US,PE-05,7,quechua-warm-waterproof-snow-boots-sh500-lace-up-mens-344259-fw25,https://cdn.shopify.com/s/files/1/1330/6287/files/8785598-product_image-p2579689.jpg?v=1755549678,11
3608439258381,4743556,footwear,Snow boots,Quechua Men's NH500 Warm Waterproof Snow Boots,Quechua Men's NH500 Warm Waterproof Snow Boots,12,Smoked Black,75.00,75.0,USD,en-US,FB-01,7,quechua-warm-waterproof-snow-boots-sh500-lace-up-mens-344259-fw25,https://cdn.shopify.com/s/files/1/1330/6287/files/8785598-product_image-p2579689.jpg?v=1755549678,11
3608439258398,4743555,footwear,Snow boots,Quechua Men's NH500 Warm Waterproof Snow Boots,Quechua Men's NH500 Warm Waterproof Snow Boots,11.5,Smoked Black,75.00,75.0,USD,en-US,GA-01,8,quechua-warm-waterproof-snow-boots-sh500-lace-up-mens-344259-fw25,https://cdn.shopify.com/s/files/1/1330/6287/files/8785598-product_image-p2579689.jpg?v=1755549678,11
3608439258411,4743558,footwear,Snow boots,Quechua Men's NH500 Warm Waterproof Snow Boots,Quechua Men's NH500 Warm Waterproof Snow Boots,13,Smoked Black,75.00,75.0,USD,en-US,GA-02,10,quechua-warm-waterproof-snow-boots-sh500-lace-up-mens-344259-fw25,https://cdn.shopify.com/s/files/1/1330/6287/files/8785598-product_image-p2579689.jpg?v=1755549678,11
3608439258701,4264187,apparel,Jacket,Quechua Women's NH500 Waterproof Winter Jacket,Quechua Women's NH500 Waterproof Winter Jacket,3XL,Black,99.99,99.99,USD,en-US,GB-R4-U6,10,womens-hiking-waterproof-winter-jacket-sh500-14-f-331301,https://cdn.shopify.com/s/files/1/1330/6287/files/8640297-product_image-p2718258.jpg?v=1742382239,8
3608439259845,4513648,outdoor,Mattress,Quechua Air Basic Inflatable Mattress - 1 Person,Quechua Air Basic Inflatable Mattress - 1 Person,One Size,Default Color,29.99,29.99,USD,en-US,GF-R7-U1,1,quechua-basic-28-air-mattress-inflatable-camping-bed-1-person-310045,https://cdn.shopify.com/s/files/1/1330/6287/files/8736583-product_image-p1762879.jpg?v=1709554222,5
3608439259906,4513650,outdoor,Mattress,Quechua Air Basic Inflatable Mattress - 2 Person,Quechua Air Basic Inflatable Mattress - 2 Person,One Size,Putty,30.00,30.0,USD,en-US,GF-R7-U2,2,quechua-air-basic-inflatable-mattress-2-person-310021,https://cdn.shopify.com/s/files/1/1330/6287/files/8736585-product_image-p1762881.jpg?v=1708945777,5
3608439260063,4646131,outdoor,Pillow,Quechua Comfort Camping Pillow,Quechua Comfort Camping Pillow,OS,Dark Petrol Blue,14.00,14.0,USD,en-US,GF-R7-U3,2,quechua-comfort-camping-pillow,https://cdn.shopify.com/s/files/1/1330/6287/files/default_1e1ab4f3-06c2-4702-a3b9-913f0b49b50b.jpg?v=1775490984,5
3608439263965,4513670,outdoor,Mattress,Quechua Ultimate Comfort Self-Inflating Mattress - 2 Person,Quechua Ultimate Comfort Self-Inflating Mattress - 2 Person,One Size,Gray,160.00,160.0,USD,en-US,GF-R7-U4,2,quechua-ultimate-comfort-self-inflating-mattress-2-person-329980,https://cdn.shopify.com/s/files/1/1330/6287/files/8736598-product_image-p1956684.jpg?v=1705576664,9
3608439263972,4513667,outdoor,Mattress,Quechua Self-Inflating Camping Mattress,Quechua Self-Inflating Camping Mattress,OS,Teal Blue,49.99,49.99,USD,en-US,GF-R7-U5,1,quechua-self-inflating-camping-mattress-teal-blue-8736595,https://cdn.shopify.com/s/files/1/1330/6287/files/default_6bc498ff-2684-45dc-b947-ea4af7b1ffbe.jpg?v=1775569540,5
3608439274350,4270203,footwear,Shoes,Quechua Women's MH500 Waterproof Hiking Shoes,Quechua Women's MH500 Waterproof Hiking Shoes,9,Asphalt Blue,80.00,80.0,USD,en-US,PW-01,11,quechua-womens-mh500-waterproof-hiking-shoes-330906,https://cdn.shopify.com/s/files/1/1330/6287/files/8641388-product_image-p2579147.jpg?v=1740180565,12
3608439274367,4270205,footwear,Shoes,Quechua Women's MH500 Waterproof Hiking Shoes,Quechua Women's MH500 Waterproof Hiking Shoes,9.5,Asphalt Blue,80.00,80.0,USD,en-US,PW-02,11,quechua-womens-mh500-waterproof-hiking-shoes-330906,https://cdn.shopify.com/s/files/1/1330/6287/files/8641388-product_image-p2579147.jpg?v=1740180565,12
3608439274374,4270206,footwear,Shoes,Quechua Women's MH500 Waterproof Hiking Shoes,Quechua Women's MH500 Waterproof Hiking Shoes,10.5,Asphalt Blue,80.00,80.0,USD,en-US,PW-03,13,quechua-womens-mh500-waterproof-hiking-shoes-330906,https://cdn.shopify.com/s/files/1/1330/6287/files/8641388-product_image-p2579147.jpg?v=1740180565,12
3608439274411,4270197,footwear,Shoes,Quechua Women's MH500 Waterproof Hiking Shoes,Quechua Women's MH500 Waterproof Hiking Shoes,5.5,Asphalt Blue,80.00,80.0,USD,en-US,PW-04,11,quechua-womens-mh500-waterproof-hiking-shoes-330906,https://cdn.shopify.com/s/files/1/1330/6287/files/8641388-product_image-p2579147.jpg?v=1740180565,12
3608439274442,4270199,footwear,Shoes,Quechua Women's MH500 Waterproof Hiking Shoes,Quechua Women's MH500 Waterproof Hiking Shoes,7.5,Asphalt Blue,80.00,80.0,USD,en-US,PW-05,8,quechua-womens-mh500-waterproof-hiking-shoes-330906,https://cdn.shopify.com/s/files/1/1330/6287/files/8641388-product_image-p2579147.jpg?v=1740180565,12
3608439274466,4270198,footwear,Shoes,Quechua Women's MH500 Waterproof Hiking Shoes,Quechua Women's MH500 Waterproof Hiking Shoes,6.5,Asphalt Blue,80.00,80.0,USD,en-US,PW-06,10,quechua-womens-mh500-waterproof-hiking-shoes-330906,https://cdn.shopify.com/s/files/1/1330/6287/files/8641388-product_image-p2579147.jpg?v=1740180565,12
3608439274480,4270201,footwear,Shoes,Quechua Women's MH500 Waterproof Hiking Shoes,Quechua Women's MH500 Waterproof Hiking Shoes,8,Asphalt Blue,80.00,80.0,USD,en-US,PW-07,11,quechua-womens-mh500-waterproof-hiking-shoes-330906,https://cdn.shopify.com/s/files/1/1330/6287/files/8641388-product_image-p2579147.jpg?v=1740180565,12
3608439283062,4236782,footwear,Shoes,Quechua Men's MH500 Waterproof Hiking Shoes,Quechua Men's MH500 Waterproof Hiking Shoes,9,Default Color,70.00,70.0,USD,en-US,PW-08,7,quechua-mens-mh500-waterproof-hiking-shoes-330812,https://cdn.shopify.com/s/files/1/1330/6287/files/8618759-product_image-p2315780_2a5b96b2-f26e-4ba1-8391-68142d88902c.jpg?v=1742379051,7
3608439283079,4236781,footwear,Shoes,Quechua Men's MH500 Waterproof Hiking Shoes,Quechua Men's MH500 Waterproof Hiking Shoes,8,Default Color,70.00,70.0,USD,en-US,PE-01,7,quechua-mens-mh500-waterproof-hiking-shoes-330812,https://cdn.shopify.com/s/files/1/1330/6287/files/8618759-product_image-p2315780_2a5b96b2-f26e-4ba1-8391-68142d88902c.jpg?v=1742379051,7
3608439283086,4236784,footwear,Shoes,Quechua Men's MH500 Waterproof Hiking Shoes,Quechua Men's MH500 Waterproof Hiking Shoes,9.5,Default Color,70.00,70.0,USD,en-US,PE-02,11,quechua-mens-mh500-waterproof-hiking-shoes-330812,https://cdn.shopify.com/s/files/1/1330/6287/files/8618759-product_image-p2315780_2a5b96b2-f26e-4ba1-8391-68142d88902c.jpg?v=1742379051,7
3608439283093,4236786,footwear,Shoes,Quechua Men's MH500 Waterproof Hiking Shoes,Quechua Men's MH500 Waterproof Hiking Shoes,10.5,Default Color,70.00,70.0,USD,en-US,PE-03,11,quechua-mens-mh500-waterproof-hiking-shoes-330812,https://cdn.shopify.com/s/files/1/1330/6287/files/8618759-product_image-p2315780_2a5b96b2-f26e-4ba1-8391-68142d88902c.jpg?v=1742379051,7
3608439283109,4236788,footwear,Shoes,Quechua Men's MH500 Waterproof Hiking Shoes,Quechua Men's MH500 Waterproof Hiking Shoes,11.5,Default Color,70.00,70.0,USD,en-US,PE-04,13,quechua-mens-mh500-waterproof-hiking-shoes-330812,https://cdn.shopify.com/s/files/1/1330/6287/files/8618759-product_image-p2315780_2a5b96b2-f26e-4ba1-8391-68142d88902c.jpg?v=1742379051,7
3608439283116,4236790,footwear,Shoes,Quechua Men's MH500 Waterproof Hiking Shoes,Quechua Men's MH500 Waterproof Hiking Shoes,13,Default Color,70.00,70.0,USD,en-US,PE-05,7,quechua-mens-mh500-waterproof-hiking-shoes-330812,https://cdn.shopify.com/s/files/1/1330/6287/files/8618759-product_image-p2315780_2a5b96b2-f26e-4ba1-8391-68142d88902c.jpg?v=1742379051,7
3608439283123,4236789,footwear,Shoes,Quechua Men's MH500 Waterproof Hiking Shoes,Quechua Men's MH500 Waterproof Hiking Shoes,12,Default Color,70.00,70.0,USD,en-US,FB-01,8,quechua-mens-mh500-waterproof-hiking-shoes-330812,https://cdn.shopify.com/s/files/1/1330/6287/files/8618759-product_image-p2315780_2a5b96b2-f26e-4ba1-8391-68142d88902c.jpg?v=1742379051,7
3608439283130,4236780,footwear,Shoes,Quechua Men's MH500 Waterproof Hiking Shoes,Quechua Men's MH500 Waterproof Hiking Shoes,7.5,Default Color,70.00,70.0,USD,en-US,GA-01,12,quechua-mens-mh500-waterproof-hiking-shoes-330812,https://cdn.shopify.com/s/files/1/1330/6287/files/8618759-product_image-p2315780_2a5b96b2-f26e-4ba1-8391-68142d88902c.jpg?v=1742379051,7
3608439283390,4455436,apparel,Jacket,Quechua Men's NH500 Imper Waterproof Rain Jacket,Quechua Men's NH500 Imper Waterproof Rain Jacket,L,Slate Blue,50.00,50.0,USD,en-US,GB-R4-U7,17,quechua-mens-nh500-waterproof-rain-jacket-334354,https://cdn.shopify.com/s/files/1/1330/6287/files/8785166-product_image-p2582643.jpg?v=1747176468,31
3608439283406,4455437,apparel,Jacket,Quechua Men's NH500 Imper Waterproof Rain Jacket,Quechua Men's NH500 Imper Waterproof Rain Jacket,S,Slate Blue,50.00,50.0,USD,en-US,FR-01,9,quechua-mens-nh500-waterproof-rain-jacket-334354,https://cdn.shopify.com/s/files/1/1330/6287/files/8785166-product_image-p2582643.jpg?v=1747176468,31
3608439283420,4455435,apparel,Jacket,Quechua Men's NH500 Imper Waterproof Rain Jacket,Quechua Men's NH500 Imper Waterproof Rain Jacket,2XL,Slate Blue,50.00,50.0,USD,en-US,FR-02,13,quechua-mens-nh500-waterproof-rain-jacket-334354,https://cdn.shopify.com/s/files/1/1330/6287/files/8785166-product_image-p2582643.jpg?v=1747176468,31
3608439283437,4455432,apparel,Jacket,Quechua Men's NH500 Imper Waterproof Rain Jacket,Quechua Men's NH500 Imper Waterproof Rain Jacket,XL,Slate Blue,50.00,50.0,USD,en-US,FR-03,17,quechua-mens-nh500-waterproof-rain-jacket-334354,https://cdn.shopify.com/s/files/1/1330/6287/files/8785166-product_image-p2582643.jpg?v=1747176468,31
3608439283475,4455431,apparel,Jacket,Quechua Men's NH500 Imper Waterproof Rain Jacket,Quechua Men's NH500 Imper Waterproof Rain Jacket,M,Slate Blue,50.00,50.0,USD,en-US,FR-04,12,quechua-mens-nh500-waterproof-rain-jacket-334354,https://cdn.shopify.com/s/files/1/1330/6287/files/8785166-product_image-p2582643.jpg?v=1747176468,31
3608439287374,4336817,accessories,Socks,Quechua Socks Hike 100 Low 2-Pack - black,Quechua Socks Hike 100 Low 2-Pack - black,3.5 - M6,Black,7.00,7.0,USD,en-US,GB-R5-U3,12,socks-hike-100-low-2-pack-black-334387,https://cdn.shopify.com/s/files/1/1330/6287/files/8649546-product_image-p2578986.jpg?v=1755805919,5
3608439287411,4336789,accessories,Socks,Quechua Hike 50 High Socks 2-Pack,Quechua Hike 50 High Socks 2-Pack,6.5 - M9,Gray,5.00,5.0,USD,en-US,GB-R5-U4,16,sock-hike-50-high-pack-of-2-pairs-grey-334348,https://cdn.shopify.com/s/files/1/1330/6287/files/8649539-product_image-p2621200.jpg?v=1755805897,5
3608439287435,4336788,accessories,Socks,Quechua Hike 50 High Socks 2-Pack,Quechua Hike 50 High Socks 2-Pack,3.5 - M6,Gray,5.00,5.0,USD,en-US,GB-R5-U5,16,sock-hike-50-high-pack-of-2-pairs-grey-334348,https://cdn.shopify.com/s/files/1/1330/6287/files/8649539-product_image-p2621200.jpg?v=1755805897,5
3608439287442,4336819,accessories,Socks,Quechua Socks Hike 100 Low 2-Pack - black,Quechua Socks Hike 100 Low 2-Pack - black,9.5 - M12,Black,7.00,7.0,USD,en-US,GB-R5-U6,15,socks-hike-100-low-2-pack-black-334387,https://cdn.shopify.com/s/files/1/1330/6287/files/8649546-product_image-p2578986.jpg?v=1755805919,5
3608439287459,4336818,accessories,Socks,Quechua Socks Hike 100 Low 2-Pack - black,Quechua Socks Hike 100 Low 2-Pack - black,6.5 - M9,Black,7.00,7.0,USD,en-US,GB-R5-U7,12,socks-hike-100-low-2-pack-black-334387,https://cdn.shopify.com/s/files/1/1330/6287/files/8649546-product_image-p2578986.jpg?v=1755805919,5
3608439287466,4336854,accessories,Socks,Quechua Hike 100 Mid Socks 2-Pack,Quechua Hike 100 Mid Socks 2-Pack,W5 - 7 / M3.5 - 6,Black,5.00,5.0,USD,en-US,ACC-01,15,quechua-hike-100-mid-sock-2-pack-334349,https://cdn.shopify.com/s/files/1/1330/6287/files/8649552-product_image-p2579562.jpg?v=1755805903,5
3608439287473,4336855,accessories,Socks,Quechua Hike 100 Mid Socks 2-Pack,Quechua Hike 100 Mid Socks 2-Pack,W8 - 10 / M6.5 - 9,Black,5.00,5.0,USD,en-US,ACC-02,12,quechua-hike-100-mid-sock-2-pack-334349,https://cdn.shopify.com/s/files/1/1330/6287/files/8649552-product_image-p2579562.jpg?v=1755805903,5
3608439287497,4388377,accessories,Socks,Quechua Sock Hike 100 High 2-Pack - black,Quechua Sock Hike 100 High 2-Pack - black,9.5 - M12,Black,10.00,10.0,USD,en-US,ACC-03,18,sock-hike-100-high-2-pack-black-334359,https://cdn.shopify.com/s/files/1/1330/6287/files/8665857-product_image-p2579378.jpg?v=1755805911,5
3608439287503,4388376,accessories,Socks,Quechua Sock Hike 100 High 2-Pack - black,Quechua Sock Hike 100 High 2-Pack - black,6.5 - M9,Black,10.00,10.0,USD,en-US,ACC-04,11,sock-hike-100-high-2-pack-black-334359,https://cdn.shopify.com/s/files/1/1330/6287/files/8665857-product_image-p2579378.jpg?v=1755805911,5
3608439287527,4336856,accessories,Socks,Quechua Hike 100 Mid Socks 2-Pack,Quechua Hike 100 Mid Socks 2-Pack,W11 - 13 / M9.5 - 12,Black,5.00,5.0,USD,en-US,CO-IR,16,quechua-hike-100-mid-sock-2-pack-334349,https://cdn.shopify.com/s/files/1/1330/6287/files/8649552-product_image-p2579562.jpg?v=1755805903,5
3608439287565,4388375,accessories,Socks,Quechua Sock Hike 100 High 2-Pack - black,Quechua Sock Hike 100 High 2-Pack - black,3.5 - M6,Black,10.00,10.0,USD,en-US,GB-R5-U1,18,sock-hike-100-high-2-pack-black-334359,https://cdn.shopify.com/s/files/1/1330/6287/files/8665857-product_image-p2579378.jpg?v=1755805911,5
3608439287664,4336790,accessories,Socks,Quechua Hike 50 High Socks 2-Pack,Quechua Hike 50 High Socks 2-Pack,9.5 - M12,Gray,5.00,5.0,USD,en-US,GB-R5-U2,23,sock-hike-50-high-pack-of-2-pairs-grey-334348,https://cdn.shopify.com/s/files/1/1330/6287/files/8649539-product_image-p2621200.jpg?v=1755805897,5
3608439287862,4335209,bag_pack,Backpack,Quechua NH500 Escape 32 L Hiking Backpack,Quechua NH500 Escape 32 L Hiking Backpack,32 L,Black,89.99,89.99,USD,en-US,GF-R5-U4,9,hiking-backpack-32l-nh-escape-500-334334,https://cdn.shopify.com/s/files/1/1330/6287/files/8649351-product_image-p2192201.jpg?v=1714475988,9
3608439288609,4486689,bag_pack,Bag protector,Forclaz Quechua 20 40L Rain Cover for Hiking Backpacks,Forclaz Quechua 20 40L Rain Cover for Hiking Backpacks,One Size,Lime Yellow,19.99,19.99,USD,en-US,GF-R5-U5,10,quechua-20-40l-rain-cover-for-hiking-backpacks-337980,https://cdn.shopify.com/s/files/1/1330/6287/files/8734213-product_image-p2572835.jpg?v=1700658393,4
3608439288654,4336364,bag_pack,Backpack,Quechua NH500 Escape 16 L Hiking Backpack,Quechua NH500 Escape 16 L Hiking Backpack,16 L,Frozen cedar,49.99,49.99,USD,en-US,GF-R5-U6,7,quechua-nh-escape-500-16-l-hiking-backpack-334520,https://cdn.shopify.com/s/files/1/1330/6287/files/8844302-product_image-p2629947.jpg?v=1709138155,36
3608439288661,4336362,bag_pack,Backpack,Quechua NH500 Escape 16 L Hiking Backpack,Quechua NH500 Escape 16 L Hiking Backpack,16 L,Carbon Gray,49.99,49.99,USD,en-US,GF-R5-U7,10,quechua-nh-escape-500-16-l-hiking-backpack-334520,https://cdn.shopify.com/s/files/1/1330/6287/files/8844302-product_image-p2629947.jpg?v=1709138155,36
3608439288715,4527559,bag_pack,Backpack,Quechua NH500 Escape Rolltop 23 L Backpack,Quechua NH500 Escape Rolltop 23 L Backpack,23 L,Yellow Ochre,40.00,40.0,USD,en-US,PE-06,7,hiking-backpack-23l-nh-escape-500-rolltop-334561,https://cdn.shopify.com/s/files/1/1330/6287/files/8736382-product_image-p2183126.jpg?v=1718731497,30
3608439288838,4455299,bag_pack,Backpack,Quechua NH100 Arpenaz 20 L Hiking Backpack,Quechua NH100 Arpenaz 20 L Hiking Backpack,20 L,Dark Blue,12.00,12.0,USD,en-US,PE-07,9,quechua-nh-arpenaz-100-20-l-hiking-backpack-301674,https://cdn.shopify.com/s/files/1/1330/6287/files/8731516-product_image-p2583621.jpg?v=1743794179,33
3608439288845,4528056,bag_pack,Backpack,Quechua NH Escape 500 Rolltop 32 L Backpack,Quechua NH Escape 500 Rolltop 32 L Backpack,32 L,Carbon Gray,50.00,50.0,USD,en-US,PE-08,6,hiking-backpack-32l-nh-escape-500-rolltop-334630,https://cdn.shopify.com/s/files/1/1330/6287/files/8736456-product_image-p2183168.jpg?v=1718731536,17
3608439288883,4527555,bag_pack,Backpack,Quechua NH500 Escape Rolltop 23 L Backpack,Quechua NH500 Escape Rolltop 23 L Backpack,23 L,Carbon Gray,40.00,40.0,USD,en-US,GF-R5-U1,5,hiking-backpack-23l-nh-escape-500-rolltop-334561,https://cdn.shopify.com/s/files/1/1330/6287/files/8736382-product_image-p2183126.jpg?v=1718731497,30
3608439291616,4273716,apparel,Overalls,Quechua Kids’ MH100 Waterproof Hiking Overpants – Ages 2–6,Quechua Kids’ MH100 Waterproof Hiking Overpants – Ages 2–6,"5-6 Years / 3'7""-4'",Asphalt Blue,15.00,15.0,USD,en-US,GF-R1-U1,11,quechua-kids-hiking-waterproof-overpants-mh100-2-6-years-331855,https://cdn.shopify.com/s/files/1/1330/6287/files/8642167-product_image-p2583159.jpg?v=1744910607,3
3608439291623,4273715,apparel,Overalls,Quechua Kids’ MH100 Waterproof Hiking Overpants – Ages 2–6,Quechua Kids’ MH100 Waterproof Hiking Overpants – Ages 2–6,4-5 Years / 41''-44'',Asphalt Blue,15.00,15.0,USD,en-US,GF-R1-U2,10,quechua-kids-hiking-waterproof-overpants-mh100-2-6-years-331855,https://cdn.shopify.com/s/files/1/1330/6287/files/8642167-product_image-p2583159.jpg?v=1744910607,3
3608439291630,4273718,apparel,Overalls,Quechua Kids’ MH100 Waterproof Hiking Overpants – Ages 2–6,Quechua Kids’ MH100 Waterproof Hiking Overpants – Ages 2–6,3 - 4 Years / 36'' - 40'',Asphalt Blue,15.00,15.0,USD,en-US,GF-R1-U3,18,quechua-kids-hiking-waterproof-overpants-mh100-2-6-years-331855,https://cdn.shopify.com/s/files/1/1330/6287/files/8642167-product_image-p2583159.jpg?v=1744910607,3
3608439291647,4273717,apparel,Overalls,Quechua Kids’ MH100 Waterproof Hiking Overpants – Ages 2–6,Quechua Kids’ MH100 Waterproof Hiking Overpants – Ages 2–6,"2 - 3 Years / 2'9"" - 3'1""",Asphalt Blue,15.00,15.0,USD,en-US,GF-R1-U4,20,quechua-kids-hiking-waterproof-overpants-mh100-2-6-years-331855,https://cdn.shopify.com/s/files/1/1330/6287/files/8642167-product_image-p2583159.jpg?v=1744910607,3
3608439293115,4484575,apparel,Trousers/pants,Quechua Women's Mountain Walking Pants MH100,Quechua Women's Mountain Walking Pants MH100,US W32 L31 / EU L,Dark Blue,25.00,25.0,USD,en-US,GF-R1-U5,12,quechua-mh100-hiking-pants-womens-330939,https://cdn.shopify.com/s/files/1/1330/6287/files/8733947-product_image-p2583606.jpg?v=1712058910,15
3608439293122,4484573,apparel,Trousers/pants,Quechua Women's Mountain Walking Pants MH100,Quechua Women's Mountain Walking Pants MH100,US W30 L 31 / EU M,Dark Blue,25.00,25.0,USD,en-US,GF-R1-U6,17,quechua-mh100-hiking-pants-womens-330939,https://cdn.shopify.com/s/files/1/1330/6287/files/8733947-product_image-p2583606.jpg?v=1712058910,15
3608439293139,4484571,apparel,Trousers/pants,Quechua Women's Mountain Walking Pants MH100,Quechua Women's Mountain Walking Pants MH100,US W28 L31 / EU S,Dark Blue,25.00,25.0,USD,en-US,GF-R1-U7,18,quechua-mh100-hiking-pants-womens-330939,https://cdn.shopify.com/s/files/1/1330/6287/files/8733947-product_image-p2583606.jpg?v=1712058910,15
3608439293146,4432244,apparel,T-shirt,Quechua Women's MH100 T-Shirt,Quechua Women's MH100 T-Shirt,3XL,Pale Mint,15.00,15.0,USD,en-US,GF-R2-U1,15,quechua-womens-mountain-walking-short-sleeved-t-shirt-mh100-172246,https://cdn.shopify.com/s/files/1/1330/6287/files/8664630-product_image-p2583848.jpg?v=1741262562,13
3608439293153,4484568,apparel,Trousers/pants,Quechua Women's Mountain Walking Pants MH100,Quechua Women's Mountain Walking Pants MH100,US W27 L28 / EU XS-S,Dark Blue,25.00,25.0,USD,en-US,GF-R2-U2,17,quechua-mh100-hiking-pants-womens-330939,https://cdn.shopify.com/s/files/1/1330/6287/files/8733947-product_image-p2583606.jpg?v=1712058910,15
3608439293177,4432243,apparel,T-shirt,Quechua Women's MH100 T-Shirt,Quechua Women's MH100 T-Shirt,2XL,Pale Mint,15.00,15.0,USD,en-US,GF-R2-U3,11,quechua-womens-mountain-walking-short-sleeved-t-shirt-mh100-172246,https://cdn.shopify.com/s/files/1/1330/6287/files/8664630-product_image-p2583848.jpg?v=1741262562,13
3608439293184,4484581,apparel,Trousers/pants,Quechua Women's Mountain Walking Pants MH100,Quechua Women's Mountain Walking Pants MH100,US W38 L31 / EU 2XL,Dark Blue,25.00,25.0,USD,en-US,GF-R2-U4,14,quechua-mh100-hiking-pants-womens-330939,https://cdn.shopify.com/s/files/1/1330/6287/files/8733947-product_image-p2583606.jpg?v=1712058910,15
3608439293191,4432242,apparel,T-shirt,Quechua Women's MH100 T-Shirt,Quechua Women's MH100 T-Shirt,XL,Pale Mint,15.00,15.0,USD,en-US,GF-R2-U5,11,quechua-womens-mountain-walking-short-sleeved-t-shirt-mh100-172246,https://cdn.shopify.com/s/files/1/1330/6287/files/8664630-product_image-p2583848.jpg?v=1741262562,13
3608439293207,4432240,apparel,T-shirt,Quechua Women's MH100 T-Shirt,Quechua Women's MH100 T-Shirt,L,Pale Mint,15.00,15.0,USD,en-US,GF-R2-U6,19,quechua-womens-mountain-walking-short-sleeved-t-shirt-mh100-172246,https://cdn.shopify.com/s/files/1/1330/6287/files/8664630-product_image-p2583848.jpg?v=1741262562,13
3608439293214,4484579,apparel,Trousers/pants,Quechua Women's Mountain Walking Pants MH100,Quechua Women's Mountain Walking Pants MH100,US W36 L31 / EU XL,Dark Blue,25.00,25.0,USD,en-US,GF-R2-U7,19,quechua-mh100-hiking-pants-womens-330939,https://cdn.shopify.com/s/files/1/1330/6287/files/8733947-product_image-p2583606.jpg?v=1712058910,15
3608439293221,4432239,apparel,T-shirt,Quechua Women's MH100 T-Shirt,Quechua Women's MH100 T-Shirt,M,Pale Mint,15.00,15.0,USD,en-US,GF-R3-U1,15,quechua-womens-mountain-walking-short-sleeved-t-shirt-mh100-172246,https://cdn.shopify.com/s/files/1/1330/6287/files/8664630-product_image-p2583848.jpg?v=1741262562,13
3608439293238,4432238,apparel,T-shirt,Quechua Women's MH100 T-Shirt,Quechua Women's MH100 T-Shirt,S,Pale Mint,15.00,15.0,USD,en-US,GF-R3-U2,13,quechua-womens-mountain-walking-short-sleeved-t-shirt-mh100-172246,https://cdn.shopify.com/s/files/1/1330/6287/files/8664630-product_image-p2583848.jpg?v=1741262562,13
3608439293245,4484577,apparel,Trousers/pants,Quechua Women's Mountain Walking Pants MH100,Quechua Women's Mountain Walking Pants MH100,US W34 L31 / EU L-XL,Dark Blue,25.00,25.0,USD,en-US,GF-R3-U3,18,quechua-mh100-hiking-pants-womens-330939,https://cdn.shopify.com/s/files/1/1330/6287/files/8733947-product_image-p2583606.jpg?v=1712058910,15
3608439293252,4432237,apparel,T-shirt,Quechua Women's MH100 T-Shirt,Quechua Women's MH100 T-Shirt,XS,Pale Mint,15.00,15.0,USD,en-US,GF-R3-U4,21,quechua-womens-mountain-walking-short-sleeved-t-shirt-mh100-172246,https://cdn.shopify.com/s/files/1/1330/6287/files/8664630-product_image-p2583848.jpg?v=1741262562,13
3608439294211,4273723,apparel,Overalls,Quechua Kids’ MH100 Waterproof Hiking Overpants – Ages 7–15,Quechua Kids’ MH100 Waterproof Hiking Overpants – Ages 7–15,14-15 Years / 63''-68'',Asphalt Blue,10.00,10.0,USD,en-US,GF-R3-U5,17,quechua-mh100-waterproof-hiking-overpants-kids-331843,https://cdn.shopify.com/s/files/1/1330/6287/files/8642168-product_image-p712401.jpg?v=1745451693,6
3608439294228,4273721,apparel,Overalls,Quechua Kids’ MH100 Waterproof Hiking Overpants – Ages 7–15,Quechua Kids’ MH100 Waterproof Hiking Overpants – Ages 7–15,10-11 Years / 55''-59'',Asphalt Blue,10.00,10.0,USD,en-US,GF-R3-U6,14,quechua-mh100-waterproof-hiking-overpants-kids-331843,https://cdn.shopify.com/s/files/1/1330/6287/files/8642168-product_image-p712401.jpg?v=1745451693,6
3608439294235,4273722,apparel,Overalls,Quechua Kids’ MH100 Waterproof Hiking Overpants – Ages 7–15,Quechua Kids’ MH100 Waterproof Hiking Overpants – Ages 7–15,12-13 Years / 59''-63'',Asphalt Blue,10.00,10.0,USD,en-US,GF-R3-U7,18,quechua-mh100-waterproof-hiking-overpants-kids-331843,https://cdn.shopify.com/s/files/1/1330/6287/files/8642168-product_image-p712401.jpg?v=1745451693,6
3608439294242,4273719,apparel,Overalls,Quechua Kids’ MH100 Waterproof Hiking Overpants – Ages 7–15,Quechua Kids’ MH100 Waterproof Hiking Overpants – Ages 7–15,7-8 Years / 48''-51'',Asphalt Blue,10.00,10.0,USD,en-US,GF-R4-U1,11,quechua-mh100-waterproof-hiking-overpants-kids-331843,https://cdn.shopify.com/s/files/1/1330/6287/files/8642168-product_image-p712401.jpg?v=1745451693,6
3608439294259,4273720,apparel,Overalls,Quechua Kids’ MH100 Waterproof Hiking Overpants – Ages 7–15,Quechua Kids’ MH100 Waterproof Hiking Overpants – Ages 7–15,8-9 Years / 52''-55'',Asphalt Blue,10.00,10.0,USD,en-US,GF-R4-U2,21,quechua-mh100-waterproof-hiking-overpants-kids-331843,https://cdn.shopify.com/s/files/1/1330/6287/files/8642168-product_image-p712401.jpg?v=1745451693,6
3608439294464,4435748,outdoor,Pillow,Quechua Air Basic Inflatable Camping Pillow,Quechua Air Basic Inflatable Camping Pillow,One Size,Dark Petrol Blue,11.99,11.99,USD,en-US,GF-R7-U6,1,quechua-air-basic-inflatable-camping-pillow-12883,https://cdn.shopify.com/s/files/1/1330/6287/files/8677189-product_image-p2583120.jpg?v=1712228941,6
3608439298479,4270095,accessories,Socks,Quechua SH500 Mid 2-Pair Winter Hiking Warm Socks,Quechua SH500 Mid 2-Pair Winter Hiking Warm Socks,W8-10.5 / M6.5-9,Black,24.99,24.99,USD,en-US,GB-R5-U3,19,quechua-sh500-mid-hiking-socks-2-pairs-307024,https://cdn.shopify.com/s/files/1/1330/6287/files/8641372-product_image-p2611053.jpg?v=1755814034,6
3608439298486,4270096,accessories,Socks,Quechua SH500 Mid 2-Pair Winter Hiking Warm Socks,Quechua SH500 Mid 2-Pair Winter Hiking Warm Socks,W11-14 / M9.5-12,Black,24.99,24.99,USD,en-US,GB-R5-U4,15,quechua-sh500-mid-hiking-socks-2-pairs-307024,https://cdn.shopify.com/s/files/1/1330/6287/files/8641372-product_image-p2611053.jpg?v=1755814034,6
3608439298493,4270094,accessories,Socks,Quechua SH500 Mid 2-Pair Winter Hiking Warm Socks,Quechua SH500 Mid 2-Pair Winter Hiking Warm Socks,W5-7.5 / M3.5-6,Black,24.99,24.99,USD,en-US,GB-R5-U5,11,quechua-sh500-mid-hiking-socks-2-pairs-307024,https://cdn.shopify.com/s/files/1/1330/6287/files/8641372-product_image-p2611053.jpg?v=1755814034,6
3608439302671,4267359,footwear,Shoes,Quechua Men's NH100 Warm Waterproof Mid Hiking Boots,Quechua Men's NH100 Warm Waterproof Mid Hiking Boots,13,Black,40.00,40.0,USD,en-US,GA-02,13,mens-warm-and-waterproof-hiking-boots-sh100-mid-height-133825,https://cdn.shopify.com/s/files/1/1330/6287/files/8640887-product_image-p2579245.jpg?v=1742382174,13
3608439302688,4267358,footwear,Shoes,Quechua Men's NH100 Warm Waterproof Mid Hiking Boots,Quechua Men's NH100 Warm Waterproof Mid Hiking Boots,12,Black,40.00,40.0,USD,en-US,PW-01,11,mens-warm-and-waterproof-hiking-boots-sh100-mid-height-133825,https://cdn.shopify.com/s/files/1/1330/6287/files/8640887-product_image-p2579245.jpg?v=1742382174,13
3608439302695,4267357,footwear,Shoes,Quechua Men's NH100 Warm Waterproof Mid Hiking Boots,Quechua Men's NH100 Warm Waterproof Mid Hiking Boots,11.5,Black,40.00,40.0,USD,en-US,PW-02,11,mens-warm-and-waterproof-hiking-boots-sh100-mid-height-133825,https://cdn.shopify.com/s/files/1/1330/6287/files/8640887-product_image-p2579245.jpg?v=1742382174,13
3608439302701,4267356,footwear,Shoes,Quechua Men's NH100 Warm Waterproof Mid Hiking Boots,Quechua Men's NH100 Warm Waterproof Mid Hiking Boots,10.5,Black,40.00,40.0,USD,en-US,PW-03,8,mens-warm-and-waterproof-hiking-boots-sh100-mid-height-133825,https://cdn.shopify.com/s/files/1/1330/6287/files/8640887-product_image-p2579245.jpg?v=1742382174,13
3608439302718,4267355,footwear,Shoes,Quechua Men's NH100 Warm Waterproof Mid Hiking Boots,Quechua Men's NH100 Warm Waterproof Mid Hiking Boots,9.5,Black,40.00,40.0,USD,en-US,PW-04,8,mens-warm-and-waterproof-hiking-boots-sh100-mid-height-133825,https://cdn.shopify.com/s/files/1/1330/6287/files/8640887-product_image-p2579245.jpg?v=1742382174,13
3608439302725,4267354,footwear,Shoes,Quechua Men's NH100 Warm Waterproof Mid Hiking Boots,Quechua Men's NH100 Warm Waterproof Mid Hiking Boots,9,Black,40.00,40.0,USD,en-US,PW-05,12,mens-warm-and-waterproof-hiking-boots-sh100-mid-height-133825,https://cdn.shopify.com/s/files/1/1330/6287/files/8640887-product_image-p2579245.jpg?v=1742382174,13
3608439302732,4267353,footwear,Shoes,Quechua Men's NH100 Warm Waterproof Mid Hiking Boots,Quechua Men's NH100 Warm Waterproof Mid Hiking Boots,8,Black,40.00,40.0,USD,en-US,PW-06,8,mens-warm-and-waterproof-hiking-boots-sh100-mid-height-133825,https://cdn.shopify.com/s/files/1/1330/6287/files/8640887-product_image-p2579245.jpg?v=1742382174,13
3608439302749,4267352,footwear,Shoes,Quechua Men's NH100 Warm Waterproof Mid Hiking Boots,Quechua Men's NH100 Warm Waterproof Mid Hiking Boots,7.5,Black,40.00,40.0,USD,en-US,PW-07,8,mens-warm-and-waterproof-hiking-boots-sh100-mid-height-133825,https://cdn.shopify.com/s/files/1/1330/6287/files/8640887-product_image-p2579245.jpg?v=1742382174,13
3608439302756,4267351,footwear,Shoes,Quechua Men's NH100 Warm Waterproof Mid Hiking Boots,Quechua Men's NH100 Warm Waterproof Mid Hiking Boots,6.5,Black,40.00,40.0,USD,en-US,PW-08,13,mens-warm-and-waterproof-hiking-boots-sh100-mid-height-133825,https://cdn.shopify.com/s/files/1/1330/6287/files/8640887-product_image-p2579245.jpg?v=1742382174,13
3608439306792,4405604,apparel,Fleece,Quechua Men's MH100 Hiking Fleece,Quechua Men's MH100 Hiking Fleece,S,Slate Blue,24.99,24.99,USD,en-US,GF-R4-U3,15,mens-hiking-fleece-mh100-312361,https://cdn.shopify.com/s/files/1/1330/6287/files/8670150-product_image-p2607075.jpg?v=1740180532,15
3608439306808,4405609,apparel,Fleece,Quechua Men's MH100 Hiking Fleece,Quechua Men's MH100 Hiking Fleece,3XL,Slate Blue,24.99,24.99,USD,en-US,GF-R4-U4,18,mens-hiking-fleece-mh100-312361,https://cdn.shopify.com/s/files/1/1330/6287/files/8670150-product_image-p2607075.jpg?v=1740180532,15
3608439306815,4405610,apparel,Fleece,Quechua Men's MH100 Hiking Fleece,Quechua Men's MH100 Hiking Fleece,4XL,Slate Blue,24.99,24.99,USD,en-US,GF-R4-U5,21,mens-hiking-fleece-mh100-312361,https://cdn.shopify.com/s/files/1/1330/6287/files/8670150-product_image-p2607075.jpg?v=1740180532,15
3608439306822,4405607,apparel,Fleece,Quechua Men's MH100 Hiking Fleece,Quechua Men's MH100 Hiking Fleece,XL,Slate Blue,24.99,24.99,USD,en-US,GF-R4-U6,19,mens-hiking-fleece-mh100-312361,https://cdn.shopify.com/s/files/1/1330/6287/files/8670150-product_image-p2607075.jpg?v=1740180532,15
3608439306839,4405608,apparel,Fleece,Quechua Men's MH100 Hiking Fleece,Quechua Men's MH100 Hiking Fleece,2XL,Slate Blue,24.99,24.99,USD,en-US,GF-R4-U7,19,mens-hiking-fleece-mh100-312361,https://cdn.shopify.com/s/files/1/1330/6287/files/8670150-product_image-p2607075.jpg?v=1740180532,15
3608439306846,4405605,apparel,Fleece,Quechua Men's MH100 Hiking Fleece,Quechua Men's MH100 Hiking Fleece,M,Slate Blue,24.99,24.99,USD,en-US,GB-R1-U1,9,mens-hiking-fleece-mh100-312361,https://cdn.shopify.com/s/files/1/1330/6287/files/8670150-product_image-p2607075.jpg?v=1740180532,15
3608439306853,4405606,apparel,Fleece,Quechua Men's MH100 Hiking Fleece,Quechua Men's MH100 Hiking Fleece,L,Slate Blue,24.99,24.99,USD,en-US,GB-R1-U2,20,mens-hiking-fleece-mh100-312361,https://cdn.shopify.com/s/files/1/1330/6287/files/8670150-product_image-p2607075.jpg?v=1740180532,15
3608439307010,4270728,apparel,Fleece,Quechua Women's NH100 U-Warm Hooded Fleece,Quechua Women's NH100 U-Warm Hooded Fleece,M,Steel Blue,55.00,55.0,USD,en-US,GB-R1-U3,19,quechua-womens-sh100-u-warm-fleece-jacket-305153-fw25-fw25,https://cdn.shopify.com/s/files/1/1330/6287/files/8641489-product_image-p2718220.jpg?v=1755621462,9
3608439307027,4270729,apparel,Fleece,Quechua Women's NH100 U-Warm Hooded Fleece,Quechua Women's NH100 U-Warm Hooded Fleece,S,Steel Blue,55.00,55.0,USD,en-US,GB-R1-U4,21,quechua-womens-sh100-u-warm-fleece-jacket-305153-fw25-fw25,https://cdn.shopify.com/s/files/1/1330/6287/files/8641489-product_image-p2718220.jpg?v=1755621462,9
3608439307034,4270727,apparel,Fleece,Quechua Women's NH100 U-Warm Hooded Fleece,Quechua Women's NH100 U-Warm Hooded Fleece,L,Steel Blue,55.00,55.0,USD,en-US,GB-R1-U5,20,quechua-womens-sh100-u-warm-fleece-jacket-305153-fw25-fw25,https://cdn.shopify.com/s/files/1/1330/6287/files/8641489-product_image-p2718220.jpg?v=1755621462,9
3608439307041,4270730,apparel,Fleece,Quechua Women's NH100 U-Warm Hooded Fleece,Quechua Women's NH100 U-Warm Hooded Fleece,XL,Steel Blue,55.00,55.0,USD,en-US,GB-R1-U6,11,quechua-womens-sh100-u-warm-fleece-jacket-305153-fw25-fw25,https://cdn.shopify.com/s/files/1/1330/6287/files/8641489-product_image-p2718220.jpg?v=1755621462,9
3608439307065,4270721,apparel,Fleece,Quechua Women's NH100 U-Warm Hooded Fleece,Quechua Women's NH100 U-Warm Hooded Fleece,2XL,Steel Blue,55.00,55.0,USD,en-US,GB-R1-U7,18,quechua-womens-sh100-u-warm-fleece-jacket-305153-fw25-fw25,https://cdn.shopify.com/s/files/1/1330/6287/files/8641489-product_image-p2718220.jpg?v=1755621462,9
3608439309342,4264181,apparel,Jacket,Quechua Women's NH500 Waterproof Winter Hiking Jacket,Quechua Women's NH500 Waterproof Winter Hiking Jacket,M,Light Gray Blue,99.99,99.99,USD,en-US,GB-R2-U1,18,quechua-womens-hiking-waterproof-winter-jacket-sh500-14-f-331299-fw25-fw25,https://cdn.shopify.com/s/files/1/1330/6287/files/8640296-product_image-p2718256.jpg?v=1755621479,9
3608439309366,4264180,apparel,Jacket,Quechua Women's NH500 Waterproof Winter Hiking Jacket,Quechua Women's NH500 Waterproof Winter Hiking Jacket,L,Light Gray Blue,99.99,99.99,USD,en-US,GB-R2-U2,9,quechua-womens-hiking-waterproof-winter-jacket-sh500-14-f-331299-fw25-fw25,https://cdn.shopify.com/s/files/1/1330/6287/files/8640296-product_image-p2718256.jpg?v=1755621479,9
3608439309380,4264183,apparel,Jacket,Quechua Women's NH500 Waterproof Winter Hiking Jacket,Quechua Women's NH500 Waterproof Winter Hiking Jacket,XL,Light Gray Blue,99.99,99.99,USD,en-US,GB-R2-U3,10,quechua-womens-hiking-waterproof-winter-jacket-sh500-14-f-331299-fw25-fw25,https://cdn.shopify.com/s/files/1/1330/6287/files/8640296-product_image-p2718256.jpg?v=1755621479,9
3608439309397,4264182,apparel,Jacket,Quechua Women's NH500 Waterproof Winter Hiking Jacket,Quechua Women's NH500 Waterproof Winter Hiking Jacket,S,Light Gray Blue,99.99,99.99,USD,en-US,GB-R2-U4,17,quechua-womens-hiking-waterproof-winter-jacket-sh500-14-f-331299-fw25-fw25,https://cdn.shopify.com/s/files/1/1330/6287/files/8640296-product_image-p2718256.jpg?v=1755621479,9
3608439309403,4264175,apparel,Jacket,Quechua Women's NH500 Waterproof Winter Hiking Jacket,Quechua Women's NH500 Waterproof Winter Hiking Jacket,2XL,Light Gray Blue,99.99,99.99,USD,en-US,GB-R2-U5,17,quechua-womens-hiking-waterproof-winter-jacket-sh500-14-f-331299-fw25-fw25,https://cdn.shopify.com/s/files/1/1330/6287/files/8640296-product_image-p2718256.jpg?v=1755621479,9
3608439312809,4182089,footwear,Shoes,Quechua Women's NH100 Waterproof Mid Hiking Boots,Quechua Women's NH100 Waterproof Mid Hiking Boots,5.5,Blue Gray,35.00,35.0,USD,en-US,PE-01,13,quechua-womens-nh100-waterproof-mid-hiking-boots-171860,https://cdn.shopify.com/s/files/1/1330/6287/files/8609979-product_image-p2583099.jpg?v=1712143114,4
3608439312816,4179676,footwear,Shoes,Quechua Women's NH100 Waterproof Mid Hiking Boots,Quechua Women's NH100 Waterproof Mid Hiking Boots,10.5,Blue Gray,35.00,35.0,USD,en-US,PE-02,13,quechua-womens-nh100-waterproof-mid-hiking-boots-171860,https://cdn.shopify.com/s/files/1/1330/6287/files/8609979-product_image-p2583099.jpg?v=1712143114,4
3608439312823,4179675,footwear,Shoes,Quechua Women's NH100 Waterproof Mid Hiking Boots,Quechua Women's NH100 Waterproof Mid Hiking Boots,9,Blue Gray,35.00,35.0,USD,en-US,PE-03,13,quechua-womens-nh100-waterproof-mid-hiking-boots-171860,https://cdn.shopify.com/s/files/1/1330/6287/files/8609979-product_image-p2583099.jpg?v=1712143114,4
3608439312830,4179674,footwear,Shoes,Quechua Women's NH100 Waterproof Mid Hiking Boots,Quechua Women's NH100 Waterproof Mid Hiking Boots,8,Blue Gray,35.00,35.0,USD,en-US,PE-04,6,quechua-womens-nh100-waterproof-mid-hiking-boots-171860,https://cdn.shopify.com/s/files/1/1330/6287/files/8609979-product_image-p2583099.jpg?v=1712143114,4
3608439312861,4182092,footwear,Shoes,Quechua Women's NH100 Waterproof Mid Hiking Boots,Quechua Women's NH100 Waterproof Mid Hiking Boots,9.5,Blue Gray,35.00,35.0,USD,en-US,PE-05,9,quechua-womens-nh100-waterproof-mid-hiking-boots-171860,https://cdn.shopify.com/s/files/1/1330/6287/files/8609979-product_image-p2583099.jpg?v=1712143114,4
3608439312878,4182091,footwear,Shoes,Quechua Women's NH100 Waterproof Mid Hiking Boots,Quechua Women's NH100 Waterproof Mid Hiking Boots,7.5,Blue Gray,35.00,35.0,USD,en-US,FB-01,7,quechua-womens-nh100-waterproof-mid-hiking-boots-171860,https://cdn.shopify.com/s/files/1/1330/6287/files/8609979-product_image-p2583099.jpg?v=1712143114,4
3608439312885,4182090,footwear,Shoes,Quechua Women's NH100 Waterproof Mid Hiking Boots,Quechua Women's NH100 Waterproof Mid Hiking Boots,6.5,Blue Gray,35.00,35.0,USD,en-US,GA-01,6,quechua-womens-nh100-waterproof-mid-hiking-boots-171860,https://cdn.shopify.com/s/files/1/1330/6287/files/8609979-product_image-p2583099.jpg?v=1712143114,4
3608439312953,4264185,apparel,Jacket,Quechua Women's NH500 Waterproof Winter Jacket,Quechua Women's NH500 Waterproof Winter Jacket,2XL,Black,40.00,40.0,USD,en-US,GB-R2-U6,10,womens-hiking-waterproof-winter-jacket-sh500-14-f-331301,https://cdn.shopify.com/s/files/1/1330/6287/files/8640297-product_image-p2718258.jpg?v=1742382239,8
3608439313004,4264194,apparel,Jacket,Quechua Women's NH500 Waterproof Winter Jacket,Quechua Women's NH500 Waterproof Winter Jacket,XS,Black,99.99,99.99,USD,en-US,GB-R2-U7,15,womens-hiking-waterproof-winter-jacket-sh500-14-f-331301,https://cdn.shopify.com/s/files/1/1330/6287/files/8640297-product_image-p2718258.jpg?v=1742382239,8
3608439313011,4264193,apparel,Jacket,Quechua Women's NH500 Waterproof Winter Jacket,Quechua Women's NH500 Waterproof Winter Jacket,XL,Black,99.99,99.99,USD,en-US,GB-R3-U1,18,womens-hiking-waterproof-winter-jacket-sh500-14-f-331301,https://cdn.shopify.com/s/files/1/1330/6287/files/8640297-product_image-p2718258.jpg?v=1742382239,8
3608439313035,4264190,apparel,Jacket,Quechua Women's NH500 Waterproof Winter Jacket,Quechua Women's NH500 Waterproof Winter Jacket,L,Black,99.99,99.99,USD,en-US,GB-R3-U2,19,womens-hiking-waterproof-winter-jacket-sh500-14-f-331301,https://cdn.shopify.com/s/files/1/1330/6287/files/8640297-product_image-p2718258.jpg?v=1742382239,8
3608439313042,4264192,apparel,Jacket,Quechua Women's NH500 Waterproof Winter Jacket,Quechua Women's NH500 Waterproof Winter Jacket,S,Black,99.99,99.99,USD,en-US,GB-R3-U3,12,womens-hiking-waterproof-winter-jacket-sh500-14-f-331301,https://cdn.shopify.com/s/files/1/1330/6287/files/8640297-product_image-p2718258.jpg?v=1742382239,8
3608439313066,4264191,apparel,Jacket,Quechua Women's NH500 Waterproof Winter Jacket,Quechua Women's NH500 Waterproof Winter Jacket,M,Black,99.99,99.99,USD,en-US,GB-R3-U4,10,womens-hiking-waterproof-winter-jacket-sh500-14-f-331301,https://cdn.shopify.com/s/files/1/1330/6287/files/8640297-product_image-p2718258.jpg?v=1742382239,8
3608439313271,4075774,footwear,Snowshoe,Quechua NH100 Easy Velcro Snowshoes,Quechua NH100 Easy Velcro Snowshoes,S / M,Light Gray Blue,50.00,50.0,USD,en-US,GA-02,12,quechua-sh100-easy-large-deck-snowshoes-307353-fw25-fw25,https://cdn.shopify.com/s/files/1/1330/6287/files/961893-product_image-p2606706.jpg?v=1755638592,32
3608439313288,4075779,footwear,Snowshoe,Quechua NH100 Easy Velcro Snowshoes,Quechua NH100 Easy Velcro Snowshoes,M / L,Inkpot Blue,50.00,50.0,USD,en-US,PW-01,9,quechua-sh100-easy-large-deck-snowshoes-307353-fw25-fw25,https://cdn.shopify.com/s/files/1/1330/6287/files/961893-product_image-p2606706.jpg?v=1755638592,32
3608439314636,4013297,bag_pack,Backpack,Quechua NH100 Arpenaz 20 L Hiking Backpack,Quechua NH100 Arpenaz 20 L Hiking Backpack,20 L,Storm Gray,15.00,15.0,USD,en-US,GF-R5-U2,10,quechua-nh-arpenaz-100-20-l-hiking-backpack-301674,https://cdn.shopify.com/s/files/1/1330/6287/files/8731516-product_image-p2583621.jpg?v=1743794179,33
3608439316692,4234210,accessories,Socks,Quechua Hike 500 Mid Hiking Socks - 2 Pairs,Quechua Hike 500 Mid Hiking Socks - 2 Pairs,3.5 - M6,Graphite Black,10.00,10.0,USD,en-US,GB-R5-U6,12,quechua-hike-500-mid-hiking-socks-2-pairs-e330181,https://cdn.shopify.com/s/files/1/1330/6287/files/8616568-product_image-p2579632.jpg?v=1755805980,6
3608439316708,4234212,accessories,Socks,Quechua Hike 500 Mid Hiking Socks - 2 Pairs,Quechua Hike 500 Mid Hiking Socks - 2 Pairs,9.5 - M12,Graphite Black,10.00,10.0,USD,en-US,GB-R5-U7,18,quechua-hike-500-mid-hiking-socks-2-pairs-e330181,https://cdn.shopify.com/s/files/1/1330/6287/files/8616568-product_image-p2579632.jpg?v=1755805980,6
3608439316715,4234211,accessories,Socks,Quechua Hike 500 Mid Hiking Socks - 2 Pairs,Quechua Hike 500 Mid Hiking Socks - 2 Pairs,6.5 - M9,Graphite Black,10.00,10.0,USD,en-US,ACC-01,19,quechua-hike-500-mid-hiking-socks-2-pairs-e330181,https://cdn.shopify.com/s/files/1/1330/6287/files/8616568-product_image-p2579632.jpg?v=1755805980,6
3608439318481,4195021,accessories,Thermos,Quechua MH900 Double-Wall Insulated 500 ml Water Bottle,Quechua MH900 Double-Wall Insulated 500 ml Water Bottle,One Size,Pearl Beige,24.99,24.99,USD,en-US,ACC-02,18,quechua-mh500-stainless-steel-double-wall-isothermal-hiking-water-bottle-17oz-301267,https://cdn.shopify.com/s/files/1/1330/6287/files/8612271-product_image-p2902222_424f74a9-600e-480c-886d-53eab47c9caf.jpg?v=1744158073,13
3608439322907,4194524,footwear,Shoes,Quechua Women's MH100 Hiking Shoes,Quechua Women's MH100 Hiking Shoes,9.5,Pewter,45.00,45.0,USD,en-US,PW-02,12,womens-mountain-walking-shoes-mh100-grey-green-156123,https://cdn.shopify.com/s/files/1/1330/6287/files/8612193-product_image-p1920394.jpg?v=1700656000,6
3608439322921,4194523,footwear,Shoes,Quechua Women's MH100 Hiking Shoes,Quechua Women's MH100 Hiking Shoes,9,Pewter,45.00,45.0,USD,en-US,PW-03,9,womens-mountain-walking-shoes-mh100-grey-green-156123,https://cdn.shopify.com/s/files/1/1330/6287/files/8612193-product_image-p1920394.jpg?v=1700656000,6
3608439322945,4194522,footwear,Shoes,Quechua Women's MH100 Hiking Shoes,Quechua Women's MH100 Hiking Shoes,8,Pewter,45.00,45.0,USD,en-US,PW-04,8,womens-mountain-walking-shoes-mh100-grey-green-156123,https://cdn.shopify.com/s/files/1/1330/6287/files/8612193-product_image-p1920394.jpg?v=1700656000,6
3608439322969,4194521,footwear,Shoes,Quechua Women's MH100 Hiking Shoes,Quechua Women's MH100 Hiking Shoes,7.5,Pewter,45.00,45.0,USD,en-US,PW-05,10,womens-mountain-walking-shoes-mh100-grey-green-156123,https://cdn.shopify.com/s/files/1/1330/6287/files/8612193-product_image-p1920394.jpg?v=1700656000,6
3608439322983,4194520,footwear,Shoes,Quechua Women's MH100 Hiking Shoes,Quechua Women's MH100 Hiking Shoes,6.5,Pewter,45.00,45.0,USD,en-US,PW-06,9,womens-mountain-walking-shoes-mh100-grey-green-156123,https://cdn.shopify.com/s/files/1/1330/6287/files/8612193-product_image-p1920394.jpg?v=1700656000,6
3608439323003,4194519,footwear,Shoes,Quechua Women's MH100 Hiking Shoes,Quechua Women's MH100 Hiking Shoes,5.5,Pewter,45.00,45.0,USD,en-US,PW-07,8,womens-mountain-walking-shoes-mh100-grey-green-156123,https://cdn.shopify.com/s/files/1/1330/6287/files/8612193-product_image-p1920394.jpg?v=1700656000,6
3608439325526,4194319,apparel,Jacket,Quechua Men's MH500 Hiking Lightweight Waterproof Jacket,Quechua Men's MH500 Hiking Lightweight Waterproof Jacket,L,Black,149.00,149.0,USD,en-US,GB-R3-U5,14,quechua-mh500-waterproof-hiking-jacket-mens-301681,https://cdn.shopify.com/s/files/1/1330/6287/files/8785247-product_image-p2583866_49c0ff2e-3d22-4f6e-b0f3-593848e9a0cb.jpg?v=1744324152,30
3608439325533,4194316,apparel,Jacket,Quechua Men's MH500 Hiking Lightweight Waterproof Jacket,Quechua Men's MH500 Hiking Lightweight Waterproof Jacket,2XL,Black,149.00,149.0,USD,en-US,GB-R3-U6,20,quechua-mh500-waterproof-hiking-jacket-mens-301681,https://cdn.shopify.com/s/files/1/1330/6287/files/8785247-product_image-p2583866_49c0ff2e-3d22-4f6e-b0f3-593848e9a0cb.jpg?v=1744324152,30
3608439325557,4194322,apparel,Jacket,Quechua Men's MH500 Hiking Lightweight Waterproof Jacket,Quechua Men's MH500 Hiking Lightweight Waterproof Jacket,XL,Black,149.00,149.0,USD,en-US,GB-R3-U7,14,quechua-mh500-waterproof-hiking-jacket-mens-301681,https://cdn.shopify.com/s/files/1/1330/6287/files/8785247-product_image-p2583866_49c0ff2e-3d22-4f6e-b0f3-593848e9a0cb.jpg?v=1744324152,30
3608439325571,4194321,apparel,Jacket,Quechua Men's MH500 Hiking Lightweight Waterproof Jacket,Quechua Men's MH500 Hiking Lightweight Waterproof Jacket,S,Black,149.00,149.0,USD,en-US,GB-R4-U1,18,quechua-mh500-waterproof-hiking-jacket-mens-301681,https://cdn.shopify.com/s/files/1/1330/6287/files/8785247-product_image-p2583866_49c0ff2e-3d22-4f6e-b0f3-593848e9a0cb.jpg?v=1744324152,30
3608439325595,4194320,apparel,Jacket,Quechua Men's MH500 Hiking Lightweight Waterproof Jacket,Quechua Men's MH500 Hiking Lightweight Waterproof Jacket,M,Black,149.00,149.0,USD,en-US,GB-R4-U2,16,quechua-mh500-waterproof-hiking-jacket-mens-301681,https://cdn.shopify.com/s/files/1/1330/6287/files/8785247-product_image-p2583866_49c0ff2e-3d22-4f6e-b0f3-593848e9a0cb.jpg?v=1744324152,30
3608439326516,4052741,apparel,Jacket,Quechua Women's MH500 Lightweight Waterproof Hiking Jacket,Quechua Women's MH500 Lightweight Waterproof Hiking Jacket,2XL,Cedar,100.00,100.0,USD,en-US,GB-R4-U3,16,quechua-womens-hiking-jacket-mh500-green-357759,https://cdn.shopify.com/s/files/1/1330/6287/files/8911403-product_image-p2860387.jpg?v=1746484294,29
3608439326523,4052745,apparel,Jacket,Quechua Women's MH500 Lightweight Waterproof Hiking Jacket,Quechua Women's MH500 Lightweight Waterproof Hiking Jacket,M,Cedar,100.00,100.0,USD,en-US,GB-R4-U4,19,quechua-womens-hiking-jacket-mh500-green-357759,https://cdn.shopify.com/s/files/1/1330/6287/files/8911403-product_image-p2860387.jpg?v=1746484294,29
3608439326530,4052744,apparel,Jacket,Quechua Women's MH500 Lightweight Waterproof Hiking Jacket,Quechua Women's MH500 Lightweight Waterproof Hiking Jacket,L,Cedar,100.00,100.0,USD,en-US,GB-R4-U5,13,quechua-womens-hiking-jacket-mh500-green-357759,https://cdn.shopify.com/s/files/1/1330/6287/files/8911403-product_image-p2860387.jpg?v=1746484294,29
3608439326547,4052747,apparel,Jacket,Quechua Women's MH500 Lightweight Waterproof Hiking Jacket,Quechua Women's MH500 Lightweight Waterproof Hiking Jacket,XL,Cedar,100.00,100.0,USD,en-US,GB-R4-U6,15,quechua-womens-hiking-jacket-mh500-green-357759,https://cdn.shopify.com/s/files/1/1330/6287/files/8911403-product_image-p2860387.jpg?v=1746484294,29
3608439326554,4052746,apparel,Jacket,Quechua Women's MH500 Lightweight Waterproof Hiking Jacket,Quechua Women's MH500 Lightweight Waterproof Hiking Jacket,S,Cedar,100.00,100.0,USD,en-US,GB-R4-U7,12,quechua-womens-hiking-jacket-mh500-green-357759,https://cdn.shopify.com/s/files/1/1330/6287/files/8911403-product_image-p2860387.jpg?v=1746484294,29
3608439326561,4052748,apparel,Jacket,Quechua Women's MH500 Lightweight Waterproof Hiking Jacket,Quechua Women's MH500 Lightweight Waterproof Hiking Jacket,XS,Cedar,100.00,100.0,USD,en-US,FR-01,21,quechua-womens-hiking-jacket-mh500-green-357759,https://cdn.shopify.com/s/files/1/1330/6287/files/8911403-product_image-p2860387.jpg?v=1746484294,29
3608439331848,4126990,footwear,Shoes,Quechua Women's Waterproof Hiking Boots - NH100 Mid WP,Quechua Women's Waterproof Hiking Boots - NH100 Mid WP,9.5,Carbon Gray,45.00,45.0,USD,en-US,PW-08,12,quechua-womens-waterproof-hiking-boots-nh100-mid-wp-171852,https://cdn.shopify.com/s/files/1/1330/6287/files/8602931-product_image-p2582573.jpg?v=1712143105,8
3608439331855,4126987,footwear,Shoes,Quechua Women's Waterproof Hiking Boots - NH100 Mid WP,Quechua Women's Waterproof Hiking Boots - NH100 Mid WP,7.5,Carbon Gray,45.00,45.0,USD,en-US,PE-01,6,quechua-womens-waterproof-hiking-boots-nh100-mid-wp-171852,https://cdn.shopify.com/s/files/1/1330/6287/files/8602931-product_image-p2582573.jpg?v=1712143105,8
3608439331862,4126986,footwear,Shoes,Quechua Women's Waterproof Hiking Boots - NH100 Mid WP,Quechua Women's Waterproof Hiking Boots - NH100 Mid WP,6.5,Carbon Gray,45.00,45.0,USD,en-US,PE-02,6,quechua-womens-waterproof-hiking-boots-nh100-mid-wp-171852,https://cdn.shopify.com/s/files/1/1330/6287/files/8602931-product_image-p2582573.jpg?v=1712143105,8
3608439331879,4126989,footwear,Shoes,Quechua Women's Waterproof Hiking Boots - NH100 Mid WP,Quechua Women's Waterproof Hiking Boots - NH100 Mid WP,9,Carbon Gray,45.00,45.0,USD,en-US,PE-03,13,quechua-womens-waterproof-hiking-boots-nh100-mid-wp-171852,https://cdn.shopify.com/s/files/1/1330/6287/files/8602931-product_image-p2582573.jpg?v=1712143105,8
3608439331886,4126988,footwear,Shoes,Quechua Women's Waterproof Hiking Boots - NH100 Mid WP,Quechua Women's Waterproof Hiking Boots - NH100 Mid WP,8,Carbon Gray,45.00,45.0,USD,en-US,PE-04,12,quechua-womens-waterproof-hiking-boots-nh100-mid-wp-171852,https://cdn.shopify.com/s/files/1/1330/6287/files/8602931-product_image-p2582573.jpg?v=1712143105,8
3608439331893,4126985,footwear,Shoes,Quechua Women's Waterproof Hiking Boots - NH100 Mid WP,Quechua Women's Waterproof Hiking Boots - NH100 Mid WP,5.5,Carbon Gray,45.00,45.0,USD,en-US,PE-05,8,quechua-womens-waterproof-hiking-boots-nh100-mid-wp-171852,https://cdn.shopify.com/s/files/1/1330/6287/files/8602931-product_image-p2582573.jpg?v=1712143105,8
3608439332869,4108976,outdoor,Hammock,Quechua Comfort Compact Hammock - 2 Person,Quechua Comfort Compact Hammock - 2 Person,One Size,Dark Cinnamon,35.00,35.0,USD,en-US,GF-R7-U7,1,comfort-138-x-69-hammock-2-person-327691,https://cdn.shopify.com/s/files/1/1330/6287/files/8601390-product_image-p1985599.jpg?v=1700658011,13
3608439333071,2970265,outdoor,Tent poles,Quechua 2-Second Easy 2 Person Tent Replacement Half-Structure Kit,Quechua 2-Second Easy 2 Person Tent Replacement Half-Structure Kit,One Size,Unspecified,24.99,24.99,USD,en-US,GF-R8-U1,1,quechua-2-second-easy-2-person-tent-replacement-half-structure-kit-313342,https://cdn.shopify.com/s/files/1/1330/6287/files/8576883-product_image-p1883044.jpg?v=1700657649,2
3608439336508,4006585,outdoor,Shelter,Quechua Air Seconds Inflatable Camping Shelter 6 Person *Factory Seconds*,Quechua Air Seconds Inflatable Camping Shelter 6 Person *Factory Seconds*,6 Person,Unspecified,200.00,200.0,USD,en-US,GF-R8-U2,3,quechua-air-seconds-inflatable-waterproof-camping-living-room-6-person-324488,https://cdn.shopify.com/s/files/1/1330/6287/files/8581569-product_image-p1749652.jpg?v=1702989591,15
3608439340116,4006890,footwear,Snow boots,Quechua Women's SH100 X-Warm Waterproof Mid Snow Boots,Quechua Women's SH100 X-Warm Waterproof Mid Snow Boots,9,Black,40.00,40.0,USD,en-US,FB-01,10,quechua-sh100-x-warm-waterproof-mid-snow-boots-womens-312022,https://cdn.shopify.com/s/files/1/1330/6287/files/8581754-product_image-p2579631.jpg?v=1712058112,5
3608439340123,4006891,footwear,Snow boots,Quechua Women's SH100 X-Warm Waterproof Mid Snow Boots,Quechua Women's SH100 X-Warm Waterproof Mid Snow Boots,9.5,Black,40.00,40.0,USD,en-US,GA-01,9,quechua-sh100-x-warm-waterproof-mid-snow-boots-womens-312022,https://cdn.shopify.com/s/files/1/1330/6287/files/8581754-product_image-p2579631.jpg?v=1712058112,5
3608439340130,4006888,footwear,Snow boots,Quechua Women's SH100 X-Warm Waterproof Mid Snow Boots,Quechua Women's SH100 X-Warm Waterproof Mid Snow Boots,7.5,Black,40.00,40.0,USD,en-US,GA-02,13,quechua-sh100-x-warm-waterproof-mid-snow-boots-womens-312022,https://cdn.shopify.com/s/files/1/1330/6287/files/8581754-product_image-p2579631.jpg?v=1712058112,5
3608439340147,4006889,footwear,Snow boots,Quechua Women's SH100 X-Warm Waterproof Mid Snow Boots,Quechua Women's SH100 X-Warm Waterproof Mid Snow Boots,8,Black,40.00,40.0,USD,en-US,PW-01,11,quechua-sh100-x-warm-waterproof-mid-snow-boots-womens-312022,https://cdn.shopify.com/s/files/1/1330/6287/files/8581754-product_image-p2579631.jpg?v=1712058112,5
3608439340154,4006886,footwear,Snow boots,Quechua Women's SH100 X-Warm Waterproof Mid Snow Boots,Quechua Women's SH100 X-Warm Waterproof Mid Snow Boots,5.5,Black,40.00,40.0,USD,en-US,PW-02,13,quechua-sh100-x-warm-waterproof-mid-snow-boots-womens-312022,https://cdn.shopify.com/s/files/1/1330/6287/files/8581754-product_image-p2579631.jpg?v=1712058112,5
3608439340161,4006887,footwear,Snow boots,Quechua Women's SH100 X-Warm Waterproof Mid Snow Boots,Quechua Women's SH100 X-Warm Waterproof Mid Snow Boots,6.5,Black,40.00,40.0,USD,en-US,PW-03,10,quechua-sh100-x-warm-waterproof-mid-snow-boots-womens-312022,https://cdn.shopify.com/s/files/1/1330/6287/files/8581754-product_image-p2579631.jpg?v=1712058112,5
3608439341663,4012160,apparel,Fleece,Quechua Women's SH500 U-Warm Fleece Jacket,Quechua Women's SH500 U-Warm Fleece Jacket,XS,Default Color,50.00,50.0,USD,en-US,FR-02,17,quechua-womens-sh100-u-warm-fleece-jacket-305153,https://cdn.shopify.com/s/files/1/1330/6287/files/8582921-product_image-p2718214.jpg?v=1715857578,10
3608439341670,4012159,apparel,Fleece,Quechua Women's SH500 U-Warm Fleece Jacket,Quechua Women's SH500 U-Warm Fleece Jacket,XL,Default Color,50.00,50.0,USD,en-US,FR-03,10,quechua-womens-sh100-u-warm-fleece-jacket-305153,https://cdn.shopify.com/s/files/1/1330/6287/files/8582921-product_image-p2718214.jpg?v=1715857578,10
3608439341687,4012158,apparel,Fleece,Quechua Women's SH500 U-Warm Fleece Jacket,Quechua Women's SH500 U-Warm Fleece Jacket,S,Default Color,50.00,50.0,USD,en-US,FR-04,13,quechua-womens-sh100-u-warm-fleece-jacket-305153,https://cdn.shopify.com/s/files/1/1330/6287/files/8582921-product_image-p2718214.jpg?v=1715857578,10
3608439341694,4012157,apparel,Fleece,Quechua Women's SH500 U-Warm Fleece Jacket,Quechua Women's SH500 U-Warm Fleece Jacket,M,Default Color,50.00,50.0,USD,en-US,GF-R1-U1,14,quechua-womens-sh100-u-warm-fleece-jacket-305153,https://cdn.shopify.com/s/files/1/1330/6287/files/8582921-product_image-p2718214.jpg?v=1715857578,10
3608439341700,4012156,apparel,Fleece,Quechua Women's SH500 U-Warm Fleece Jacket,Quechua Women's SH500 U-Warm Fleece Jacket,L,Default Color,50.00,50.0,USD,en-US,GF-R1-U2,16,quechua-womens-sh100-u-warm-fleece-jacket-305153,https://cdn.shopify.com/s/files/1/1330/6287/files/8582921-product_image-p2718214.jpg?v=1715857578,10
3608439341717,4012154,apparel,Fleece,Quechua Women's SH500 U-Warm Fleece Jacket,Quechua Women's SH500 U-Warm Fleece Jacket,2XL,Default Color,50.00,50.0,USD,en-US,GF-R1-U3,16,quechua-womens-sh100-u-warm-fleece-jacket-305153,https://cdn.shopify.com/s/files/1/1330/6287/files/8582921-product_image-p2718214.jpg?v=1715857578,10
3608439344374,2951927,footwear,Snow boots,Quechua Men's SH100 U-Warm Waterproof Snow Boots,Quechua Men's SH100 U-Warm Waterproof Snow Boots,7.5,Black,40.00,40.0,USD,en-US,PW-04,13,mens-warm-waterproof-snow-hiking-boots-sh100-zip-311993,https://cdn.shopify.com/s/files/1/1330/6287/files/8558224-product_image-p2579258.jpg?v=1712058104,5
3608439344480,2951929,footwear,Snow boots,Quechua Men's SH100 U-Warm Waterproof Snow Boots,Quechua Men's SH100 U-Warm Waterproof Snow Boots,9,Black,40.00,40.0,USD,en-US,PW-05,10,mens-warm-waterproof-snow-hiking-boots-sh100-zip-311993,https://cdn.shopify.com/s/files/1/1330/6287/files/8558224-product_image-p2579258.jpg?v=1712058104,5
3608439344497,2951928,footwear,Snow boots,Quechua Men's SH100 U-Warm Waterproof Snow Boots,Quechua Men's SH100 U-Warm Waterproof Snow Boots,8,Black,40.00,40.0,USD,en-US,PW-06,11,mens-warm-waterproof-snow-hiking-boots-sh100-zip-311993,https://cdn.shopify.com/s/files/1/1330/6287/files/8558224-product_image-p2579258.jpg?v=1712058104,5
3608439344503,2951931,footwear,Snow boots,Quechua Men's SH100 U-Warm Waterproof Snow Boots,Quechua Men's SH100 U-Warm Waterproof Snow Boots,10.5,Black,40.00,40.0,USD,en-US,PW-07,11,mens-warm-waterproof-snow-hiking-boots-sh100-zip-311993,https://cdn.shopify.com/s/files/1/1330/6287/files/8558224-product_image-p2579258.jpg?v=1712058104,5
3608439344510,2951930,footwear,Snow boots,Quechua Men's SH100 U-Warm Waterproof Snow Boots,Quechua Men's SH100 U-Warm Waterproof Snow Boots,9.5,Black,40.00,40.0,USD,en-US,PW-08,6,mens-warm-waterproof-snow-hiking-boots-sh100-zip-311993,https://cdn.shopify.com/s/files/1/1330/6287/files/8558224-product_image-p2579258.jpg?v=1712058104,5
3608439344527,2951933,footwear,Snow boots,Quechua Men's SH100 U-Warm Waterproof Snow Boots,Quechua Men's SH100 U-Warm Waterproof Snow Boots,12,Black,40.00,40.0,USD,en-US,PE-01,12,mens-warm-waterproof-snow-hiking-boots-sh100-zip-311993,https://cdn.shopify.com/s/files/1/1330/6287/files/8558224-product_image-p2579258.jpg?v=1712058104,5
3608439344534,2951932,footwear,Snow boots,Quechua Men's SH100 U-Warm Waterproof Snow Boots,Quechua Men's SH100 U-Warm Waterproof Snow Boots,11.5,Black,40.00,40.0,USD,en-US,PE-02,10,mens-warm-waterproof-snow-hiking-boots-sh100-zip-311993,https://cdn.shopify.com/s/files/1/1330/6287/files/8558224-product_image-p2579258.jpg?v=1712058104,5
3608439344558,2951934,footwear,Snow boots,Quechua Men's SH100 U-Warm Waterproof Snow Boots,Quechua Men's SH100 U-Warm Waterproof Snow Boots,13,Black,40.00,40.0,USD,en-US,PE-03,11,mens-warm-waterproof-snow-hiking-boots-sh100-zip-311993,https://cdn.shopify.com/s/files/1/1330/6287/files/8558224-product_image-p2579258.jpg?v=1712058104,5
3608439344565,2951926,footwear,Snow boots,Quechua Men's SH100 U-Warm Waterproof Snow Boots,Quechua Men's SH100 U-Warm Waterproof Snow Boots,6.5,Black,40.00,40.0,USD,en-US,PE-04,10,mens-warm-waterproof-snow-hiking-boots-sh100-zip-311993,https://cdn.shopify.com/s/files/1/1330/6287/files/8558224-product_image-p2579258.jpg?v=1712058104,5
3608439344763,2715914,footwear,Shoes,Quechua Women's SH100 X-Warm Waterproof Mid Hiking Boots,Quechua Women's SH100 X-Warm Waterproof Mid Hiking Boots,6.5,Asphalt Blue,55.00,55.0,USD,en-US,PE-05,13,quechua-womens-sh100-x-warm-waterproof-mid-hiking-boots-307238,https://cdn.shopify.com/s/files/1/1330/6287/files/8545370-product_image-p2579388.jpg?v=1712057576,23
3608439345005,2713551,footwear,Shoes,Quechua Men's SH100 X-Warm Waterproof Hiking Boots,Quechua Men's SH100 X-Warm Waterproof Hiking Boots,9.5,Dark Cinnamon,55.00,55.0,USD,en-US,FB-01,8,quechua-mens-sh100-x-warm-waterproof-hiking-boots-307054,https://cdn.shopify.com/s/files/1/1330/6287/files/8544960-product_image-p2579042.jpg?v=1712057514,7
3608439345012,2713552,footwear,Shoes,Quechua Men's SH100 X-Warm Waterproof Hiking Boots,Quechua Men's SH100 X-Warm Waterproof Hiking Boots,10.5,Dark Cinnamon,55.00,55.0,USD,en-US,GA-01,10,quechua-mens-sh100-x-warm-waterproof-hiking-boots-307054,https://cdn.shopify.com/s/files/1/1330/6287/files/8544960-product_image-p2579042.jpg?v=1712057514,7
3608439345029,2713548,footwear,Shoes,Quechua Men's SH100 X-Warm Waterproof Hiking Boots,Quechua Men's SH100 X-Warm Waterproof Hiking Boots,8,Dark Cinnamon,55.00,55.0,USD,en-US,GA-02,13,quechua-mens-sh100-x-warm-waterproof-hiking-boots-307054,https://cdn.shopify.com/s/files/1/1330/6287/files/8544960-product_image-p2579042.jpg?v=1712057514,7
3608439345036,2713549,footwear,Shoes,Quechua Men's SH100 X-Warm Waterproof Hiking Boots,Quechua Men's SH100 X-Warm Waterproof Hiking Boots,9,Dark Cinnamon,55.00,55.0,USD,en-US,PW-01,12,quechua-mens-sh100-x-warm-waterproof-hiking-boots-307054,https://cdn.shopify.com/s/files/1/1330/6287/files/8544960-product_image-p2579042.jpg?v=1712057514,7
3608439345043,2713546,footwear,Shoes,Quechua Men's SH100 X-Warm Waterproof Hiking Boots,Quechua Men's SH100 X-Warm Waterproof Hiking Boots,6.5,Dark Cinnamon,55.00,55.0,USD,en-US,PW-02,8,quechua-mens-sh100-x-warm-waterproof-hiking-boots-307054,https://cdn.shopify.com/s/files/1/1330/6287/files/8544960-product_image-p2579042.jpg?v=1712057514,7
3608439345067,2713547,footwear,Shoes,Quechua Men's SH100 X-Warm Waterproof Hiking Boots,Quechua Men's SH100 X-Warm Waterproof Hiking Boots,7.5,Dark Cinnamon,55.00,55.0,USD,en-US,PW-03,13,quechua-mens-sh100-x-warm-waterproof-hiking-boots-307054,https://cdn.shopify.com/s/files/1/1330/6287/files/8544960-product_image-p2579042.jpg?v=1712057514,7
3608439345104,2713555,footwear,Shoes,Quechua Men's SH100 X-Warm Waterproof Hiking Boots,Quechua Men's SH100 X-Warm Waterproof Hiking Boots,13,Dark Cinnamon,55.00,55.0,USD,en-US,PW-04,9,quechua-mens-sh100-x-warm-waterproof-hiking-boots-307054,https://cdn.shopify.com/s/files/1/1330/6287/files/8544960-product_image-p2579042.jpg?v=1712057514,7
3608439345128,2713553,footwear,Shoes,Quechua Men's SH100 X-Warm Waterproof Hiking Boots,Quechua Men's SH100 X-Warm Waterproof Hiking Boots,11.5,Dark Cinnamon,55.00,55.0,USD,en-US,PW-05,7,quechua-mens-sh100-x-warm-waterproof-hiking-boots-307054,https://cdn.shopify.com/s/files/1/1330/6287/files/8544960-product_image-p2579042.jpg?v=1712057514,7
3608439345135,2713554,footwear,Shoes,Quechua Men's SH100 X-Warm Waterproof Hiking Boots,Quechua Men's SH100 X-Warm Waterproof Hiking Boots,12,Dark Cinnamon,55.00,55.0,USD,en-US,PW-06,11,quechua-mens-sh100-x-warm-waterproof-hiking-boots-307054,https://cdn.shopify.com/s/files/1/1330/6287/files/8544960-product_image-p2579042.jpg?v=1712057514,7
3608439346163,4163887,apparel,Fleece,Quechua Men's MH120 Hiking Fleece,Quechua Men's MH120 Hiking Fleece,S,Black,34.99,34.99,USD,en-US,GF-R1-U4,10,quechua-mens-mh120-hiking-fleece-176453,https://cdn.shopify.com/s/files/1/1330/6287/files/8606098-product_image-p2607248.jpg?v=1706185330,10
3608439346187,4163888,apparel,Fleece,Quechua Men's MH120 Hiking Fleece,Quechua Men's MH120 Hiking Fleece,XL,Black,34.99,34.99,USD,en-US,GF-R1-U5,14,quechua-mens-mh120-hiking-fleece-176453,https://cdn.shopify.com/s/files/1/1330/6287/files/8606098-product_image-p2607248.jpg?v=1706185330,10
3608439346224,4163883,apparel,Fleece,Quechua Men's MH120 Hiking Fleece,Quechua Men's MH120 Hiking Fleece,3XL,Black,34.99,34.99,USD,en-US,GF-R1-U6,15,quechua-mens-mh120-hiking-fleece-176453,https://cdn.shopify.com/s/files/1/1330/6287/files/8606098-product_image-p2607248.jpg?v=1706185330,10
3608439346248,4163884,apparel,Fleece,Quechua Men's MH120 Hiking Fleece,Quechua Men's MH120 Hiking Fleece,4XL,Black,34.99,34.99,USD,en-US,GF-R1-U7,21,quechua-mens-mh120-hiking-fleece-176453,https://cdn.shopify.com/s/files/1/1330/6287/files/8606098-product_image-p2607248.jpg?v=1706185330,10
3608439346262,4163885,apparel,Fleece,Quechua Men's MH120 Hiking Fleece,Quechua Men's MH120 Hiking Fleece,L,Black,34.99,34.99,USD,en-US,GF-R2-U1,9,quechua-mens-mh120-hiking-fleece-176453,https://cdn.shopify.com/s/files/1/1330/6287/files/8606098-product_image-p2607248.jpg?v=1706185330,10
3608439346286,4163886,apparel,Fleece,Quechua Men's MH120 Hiking Fleece,Quechua Men's MH120 Hiking Fleece,M,Black,34.99,34.99,USD,en-US,GF-R2-U2,14,quechua-mens-mh120-hiking-fleece-176453,https://cdn.shopify.com/s/files/1/1330/6287/files/8606098-product_image-p2607248.jpg?v=1706185330,10
3608439346309,4163882,apparel,Fleece,Quechua Men's MH120 Hiking Fleece,Quechua Men's MH120 Hiking Fleece,2XL,Black,34.99,34.99,USD,en-US,GF-R2-U3,14,quechua-mens-mh120-hiking-fleece-176453,https://cdn.shopify.com/s/files/1/1330/6287/files/8606098-product_image-p2607248.jpg?v=1706185330,10
3608439346347,4094280,apparel,Fleece,Quechua Men's MH100 Hiking Fleece,Quechua Men's MH100 Hiking Fleece,2XL,Black,24.99,24.99,USD,en-US,GF-R2-U4,10,mens-hiking-fleece-mh100-312361,https://cdn.shopify.com/s/files/1/1330/6287/files/8670150-product_image-p2607075.jpg?v=1740180532,15
3608439346354,4094281,apparel,Fleece,Quechua Men's MH100 Hiking Fleece,Quechua Men's MH100 Hiking Fleece,3XL,Black,24.99,24.99,USD,en-US,GF-R2-U5,15,mens-hiking-fleece-mh100-312361,https://cdn.shopify.com/s/files/1/1330/6287/files/8670150-product_image-p2607075.jpg?v=1740180532,15
3608439346569,4094320,apparel,Fleece,Quechua Men's MH100 Hiking Fleece,Quechua Men's MH100 Hiking Fleece,S,Black,24.99,24.99,USD,en-US,GF-R2-U6,17,mens-hiking-fleece-mh100-312361,https://cdn.shopify.com/s/files/1/1330/6287/files/8670150-product_image-p2607075.jpg?v=1740180532,15
3608439346576,4094321,apparel,Fleece,Quechua Men's MH100 Hiking Fleece,Quechua Men's MH100 Hiking Fleece,XL,Black,24.99,24.99,USD,en-US,GF-R2-U7,21,mens-hiking-fleece-mh100-312361,https://cdn.shopify.com/s/files/1/1330/6287/files/8670150-product_image-p2607075.jpg?v=1740180532,15
3608439346583,4094318,apparel,Fleece,Quechua Men's MH100 Hiking Fleece,Quechua Men's MH100 Hiking Fleece,L,Black,24.99,24.99,USD,en-US,GF-R3-U1,15,mens-hiking-fleece-mh100-312361,https://cdn.shopify.com/s/files/1/1330/6287/files/8670150-product_image-p2607075.jpg?v=1740180532,15
3608439346590,4094319,apparel,Fleece,Quechua Men's MH100 Hiking Fleece,Quechua Men's MH100 Hiking Fleece,M,Black,24.99,24.99,USD,en-US,GF-R3-U2,18,mens-hiking-fleece-mh100-312361,https://cdn.shopify.com/s/files/1/1330/6287/files/8670150-product_image-p2607075.jpg?v=1740180532,15
3608439346606,4094282,apparel,Fleece,Quechua Men's MH100 Hiking Fleece,Quechua Men's MH100 Hiking Fleece,4XL,Black,24.99,24.99,USD,en-US,GF-R3-U3,16,mens-hiking-fleece-mh100-312361,https://cdn.shopify.com/s/files/1/1330/6287/files/8670150-product_image-p2607075.jpg?v=1740180532,15
3608439348167,4102164,footwear,Shoes,Quechua Kids’ NH100 Lace-Up Hiking Shoes,Quechua Kids’ NH100 Lace-Up Hiking Shoes,W5 / M3.5,Steel Blue,14.00,14.0,USD,en-US,PW-07,12,quechua-mh100-low-hiking-boots-kids-313073,https://cdn.shopify.com/s/files/1/1330/6287/products/8600278-product_image-1869856.jpg?v=1745451797,6
3608439348174,4102165,footwear,Shoes,Quechua Kids’ NH100 Lace-Up Hiking Shoes,Quechua Kids’ NH100 Lace-Up Hiking Shoes,W5.5 / M4,Steel Blue,14.00,14.0,USD,en-US,PW-08,7,quechua-mh100-low-hiking-boots-kids-313073,https://cdn.shopify.com/s/files/1/1330/6287/products/8600278-product_image-1869856.jpg?v=1745451797,6
3608439348181,4102167,footwear,Shoes,Quechua Kids’ NH100 Lace-Up Hiking Shoes,Quechua Kids’ NH100 Lace-Up Hiking Shoes,W7.5 / M6,Steel Blue,14.00,14.0,USD,en-US,PE-01,9,quechua-mh100-low-hiking-boots-kids-313073,https://cdn.shopify.com/s/files/1/1330/6287/products/8600278-product_image-1869856.jpg?v=1745451797,6
3608439348198,4102166,footwear,Shoes,Quechua Kids’ NH100 Lace-Up Hiking Shoes,Quechua Kids’ NH100 Lace-Up Hiking Shoes,W6.5 / M5,Steel Blue,14.00,14.0,USD,en-US,PE-02,6,quechua-mh100-low-hiking-boots-kids-313073,https://cdn.shopify.com/s/files/1/1330/6287/products/8600278-product_image-1869856.jpg?v=1745451797,6
3608439348471,4006571,outdoor,Tent,Quechua Arpenaz Family Camping Tent 6 Person 3 Room *Factory Seconds*,Quechua Arpenaz Family Camping Tent 6 Person 3 Room *Factory Seconds*,6 Person,Blue,300.00,300.0,USD,en-US,GF-R8-U3,2,quechua-arpenaz-waterproof-family-camping-tent-6-person-3-room-324522,https://cdn.shopify.com/s/files/1/1330/6287/files/8581553-product_image-p202952.jpg?v=1700657885,15
3608439349409,4006566,outdoor,Shelter,Quechua 2 Second Pop Up Sun Shelter Tent,Quechua 2 Second Pop Up Sun Shelter Tent,1 Person,Unspecified,25.00,25.0,USD,en-US,GF-R8-U4,1,small-shelter-2-seconds,https://cdn.shopify.com/s/files/1/1330/6287/files/8581548-product_image-p1759669.jpg?v=1702989574,8
3608439350757,2755815,accessories,Thermos,Quechua MH900 Double-Wall Insulated 800 ml Water Bottle,Quechua MH900 Double-Wall Insulated 800 ml Water Bottle,One Size,Dark Petrol Blue,20.00,20.0,USD,en-US,ACC-03,18,hiking-flask-insulated-stainless-steel-08-l-mh500-301275,https://cdn.shopify.com/s/files/1/1330/6287/products/8554867-product_image-1969019.jpg?v=1688037450,23
3608439360145,2923834,outdoor,Bed base,"Quechua Camp Bed Air 79"" Inflatable Camping Bed Base","Quechua Camp Bed Air 79"" Inflatable Camping Bed Base",One Size,Cappucino,149.00,149.0,USD,en-US,GF-R8-U5,1,camping-inflatable-bed-base-single-camp-bed-air-79-309887,https://cdn.shopify.com/s/files/1/1330/6287/files/8595949-product_image-p2583182.jpg?v=1755891015,11
3608439362620,2779823,bag_pack,Backpack,Quechua NH50 Arpenaz 10 L Hiking Backpack,Quechua NH50 Arpenaz 10 L Hiking Backpack,10 L,Black,4.00,4.0,USD,en-US,GF-R5-U3,7,quechua-nh-arpenaz-50-10-l-hiking-backpack-301684,https://cdn.shopify.com/s/files/1/1330/6287/files/8502149-product_image-p2583201.jpg?v=1755813424,22
3608439362989,4047131,bag_pack,Backpack,Quechua Kids' MH100 5L Hiking Backpack,Quechua Kids' MH100 5L Hiking Backpack,One Size,Steel Blue,10.00,10.0,USD,en-US,GF-R5-U4,11,quechua-mh100-hiking-5-l-backpack-kids-308368,https://cdn.shopify.com/s/files/1/1330/6287/files/8588848-product_image-p1760782.jpg?v=1745435167,11
3608439363122,2945020,apparel,Zip-Off Pants,Quechua Kids' MH500 Convertible Hiking Pants - Ages 2-6,Quechua Kids' MH500 Convertible Hiking Pants - Ages 2-6,4-5 Years / 41''-44'',Storm Gray,20.00,20.0,USD,en-US,GF-R3-U4,13,kids-hiking-convertible-pants-mh500-311916,https://cdn.shopify.com/s/files/1/1330/6287/files/8559014-product_image-p2583093.jpg?v=1746485348,11
3608439363139,2945021,apparel,Zip-Off Pants,Quechua Kids' MH500 Convertible Hiking Pants - Ages 2-6,Quechua Kids' MH500 Convertible Hiking Pants - Ages 2-6,"5-6 Years / 3'7""-4'",Storm Gray,20.00,20.0,USD,en-US,GF-R3-U5,13,kids-hiking-convertible-pants-mh500-311916,https://cdn.shopify.com/s/files/1/1330/6287/files/8559014-product_image-p2583093.jpg?v=1746485348,11
3608439363160,2945022,apparel,Zip-Off Pants,Quechua Kids' MH500 Convertible Hiking Pants - Ages 2-6,Quechua Kids' MH500 Convertible Hiking Pants - Ages 2-6,"2 - 3 Years / 2'9"" - 3'1""",Storm Gray,20.00,20.0,USD,en-US,GF-R3-U6,19,kids-hiking-convertible-pants-mh500-311916,https://cdn.shopify.com/s/files/1/1330/6287/files/8559014-product_image-p2583093.jpg?v=1746485348,11
3608439363177,2945023,apparel,Zip-Off Pants,Quechua Kids' MH500 Convertible Hiking Pants - Ages 2-6,Quechua Kids' MH500 Convertible Hiking Pants - Ages 2-6,3 - 4 Years / 36'' - 40'',Storm Gray,20.00,20.0,USD,en-US,GF-R3-U7,14,kids-hiking-convertible-pants-mh500-311916,https://cdn.shopify.com/s/files/1/1330/6287/files/8559014-product_image-p2583093.jpg?v=1746485348,11
3608439366086,2938498,footwear,Shoes,Quechua Men's MH100 Hiking Shoes,Quechua Men's MH100 Hiking Shoes,7.5,Carbon Gray,45.00,45.0,USD,en-US,PE-03,6,quechua-mens-mh100-hiking-shoes-307854,https://cdn.shopify.com/s/files/1/1330/6287/files/8555093-product_image-p2578982.jpg?v=1750888789,9
3608439366093,2938497,footwear,Shoes,Quechua Men's MH100 Hiking Shoes,Quechua Men's MH100 Hiking Shoes,6.5,Carbon Gray,45.00,45.0,USD,en-US,PE-04,13,quechua-mens-mh100-hiking-shoes-307854,https://cdn.shopify.com/s/files/1/1330/6287/files/8555093-product_image-p2578982.jpg?v=1750888789,9
3608439366109,2938499,footwear,Shoes,Quechua Men's MH100 Hiking Shoes,Quechua Men's MH100 Hiking Shoes,8,Carbon Gray,45.00,45.0,USD,en-US,PE-05,11,quechua-mens-mh100-hiking-shoes-307854,https://cdn.shopify.com/s/files/1/1330/6287/files/8555093-product_image-p2578982.jpg?v=1750888789,9
3608439366116,2938500,footwear,Shoes,Quechua Men's MH100 Hiking Shoes,Quechua Men's MH100 Hiking Shoes,9,Carbon Gray,45.00,45.0,USD,en-US,FB-01,13,quechua-mens-mh100-hiking-shoes-307854,https://cdn.shopify.com/s/files/1/1330/6287/files/8555093-product_image-p2578982.jpg?v=1750888789,9
3608439366123,2938501,footwear,Shoes,Quechua Men's MH100 Hiking Shoes,Quechua Men's MH100 Hiking Shoes,9.5,Carbon Gray,45.00,45.0,USD,en-US,GA-01,12,quechua-mens-mh100-hiking-shoes-307854,https://cdn.shopify.com/s/files/1/1330/6287/files/8555093-product_image-p2578982.jpg?v=1750888789,9
3608439366130,2938502,footwear,Shoes,Quechua Men's MH100 Hiking Shoes,Quechua Men's MH100 Hiking Shoes,10.5,Carbon Gray,45.00,45.0,USD,en-US,GA-02,10,quechua-mens-mh100-hiking-shoes-307854,https://cdn.shopify.com/s/files/1/1330/6287/files/8555093-product_image-p2578982.jpg?v=1750888789,9
3608439366147,2938503,footwear,Shoes,Quechua Men's MH100 Hiking Shoes,Quechua Men's MH100 Hiking Shoes,11.5,Carbon Gray,45.00,45.0,USD,en-US,PW-01,9,quechua-mens-mh100-hiking-shoes-307854,https://cdn.shopify.com/s/files/1/1330/6287/files/8555093-product_image-p2578982.jpg?v=1750888789,9
3608439366154,2938504,footwear,Shoes,Quechua Men's MH100 Hiking Shoes,Quechua Men's MH100 Hiking Shoes,12,Carbon Gray,45.00,45.0,USD,en-US,PW-02,9,quechua-mens-mh100-hiking-shoes-307854,https://cdn.shopify.com/s/files/1/1330/6287/files/8555093-product_image-p2578982.jpg?v=1750888789,9
3608439366161,2938505,footwear,Shoes,Quechua Men's MH100 Hiking Shoes,Quechua Men's MH100 Hiking Shoes,13,Carbon Gray,45.00,45.0,USD,en-US,PW-03,7,quechua-mens-mh100-hiking-shoes-307854,https://cdn.shopify.com/s/files/1/1330/6287/files/8555093-product_image-p2578982.jpg?v=1750888789,9
3608439366802,4043983,apparel,Trousers/pants,Quechua Women's NH100 Hiking Pants,Quechua Women's NH100 Hiking Pants,W36 L31,Smoked Black,18.00,18.0,USD,en-US,GF-R4-U1,11,quechua-womens-nh100-hiking-pants-308204,https://cdn.shopify.com/s/files/1/1330/6287/files/8588308-product_image-p2582538.jpg?v=1740098949,6
3608439366833,4043977,apparel,Trousers/pants,Quechua Women's NH100 Hiking Pants,Quechua Women's NH100 Hiking Pants,W31 L31,Smoked Black,18.00,18.0,USD,en-US,GF-R4-U2,14,quechua-womens-nh100-hiking-pants-308204,https://cdn.shopify.com/s/files/1/1330/6287/files/8588308-product_image-p2582538.jpg?v=1740098949,6
3608439366857,4043975,apparel,Trousers/pants,Quechua Women's NH100 Hiking Pants,Quechua Women's NH100 Hiking Pants,W29 L31,Smoked Black,18.00,18.0,USD,en-US,GF-R4-U3,18,quechua-womens-nh100-hiking-pants-308204,https://cdn.shopify.com/s/files/1/1330/6287/files/8588308-product_image-p2582538.jpg?v=1740098949,6
3608439366888,4043981,apparel,Trousers/pants,Quechua Women's NH100 Hiking Pants,Quechua Women's NH100 Hiking Pants,W34 L31,Smoked Black,18.00,18.0,USD,en-US,GF-R4-U4,20,quechua-womens-nh100-hiking-pants-308204,https://cdn.shopify.com/s/files/1/1330/6287/files/8588308-product_image-p2582538.jpg?v=1740098949,6
3608439366918,4043979,apparel,Trousers/pants,Quechua Women's NH100 Hiking Pants,Quechua Women's NH100 Hiking Pants,W33 L31,Smoked Black,18.00,18.0,USD,en-US,GF-R4-U5,10,quechua-womens-nh100-hiking-pants-308204,https://cdn.shopify.com/s/files/1/1330/6287/files/8588308-product_image-p2582538.jpg?v=1740098949,6
3608439366932,4043973,apparel,Trousers/pants,Quechua Women's NH100 Hiking Pants,Quechua Women's NH100 Hiking Pants,W28 L30,Smoked Black,18.00,18.0,USD,en-US,GF-R4-U6,9,quechua-womens-nh100-hiking-pants-308204,https://cdn.shopify.com/s/files/1/1330/6287/files/8588308-product_image-p2582538.jpg?v=1740098949,6
3608439366949,4043971,apparel,Trousers/pants,Quechua Women's NH100 Hiking Pants,Quechua Women's NH100 Hiking Pants,W26 L30,Smoked Black,18.00,18.0,USD,en-US,GF-R4-U7,10,quechua-womens-nh100-hiking-pants-308204,https://cdn.shopify.com/s/files/1/1330/6287/files/8588308-product_image-p2582538.jpg?v=1740098949,6
3608439367946,2754924,apparel,Skort,Quechua Women's NH500 Hiking Skort,Quechua Women's NH500 Hiking Skort,L,Carbon Gray,25.00,25.0,USD,en-US,GB-R1-U1,19,quechua-womens-nh500-hiking-skort-308169,https://cdn.shopify.com/s/files/1/1330/6287/files/8554686-product_image-p2593155.jpg?v=1702904871,6
3608439367960,2754925,apparel,Skort,Quechua Women's NH500 Hiking Skort,Quechua Women's NH500 Hiking Skort,L / XL,Carbon Gray,25.00,25.0,USD,en-US,GB-R1-U2,14,quechua-womens-nh500-hiking-skort-308169,https://cdn.shopify.com/s/files/1/1330/6287/files/8554686-product_image-p2593155.jpg?v=1702904871,6
3608439367977,2754926,apparel,Skort,Quechua Women's NH500 Hiking Skort,Quechua Women's NH500 Hiking Skort,XL,Carbon Gray,25.00,25.0,USD,en-US,GB-R1-U3,19,quechua-womens-nh500-hiking-skort-308169,https://cdn.shopify.com/s/files/1/1330/6287/files/8554686-product_image-p2593155.jpg?v=1702904871,6
3608439367991,2754927,apparel,Skort,Quechua Women's NH500 Hiking Skort,Quechua Women's NH500 Hiking Skort,2XL,Carbon Gray,25.00,25.0,USD,en-US,GB-R1-U4,16,quechua-womens-nh500-hiking-skort-308169,https://cdn.shopify.com/s/files/1/1330/6287/files/8554686-product_image-p2593155.jpg?v=1702904871,6
3608439368042,2754920,apparel,Skort,Quechua Women's NH500 Hiking Skort,Quechua Women's NH500 Hiking Skort,XS - S,Carbon Gray,25.00,25.0,USD,en-US,GB-R1-U5,17,quechua-womens-nh500-hiking-skort-308169,https://cdn.shopify.com/s/files/1/1330/6287/files/8554686-product_image-p2593155.jpg?v=1702904871,6
3608439368066,2754921,apparel,Skort,Quechua Women's NH500 Hiking Skort,Quechua Women's NH500 Hiking Skort,S,Carbon Gray,25.00,25.0,USD,en-US,GB-R1-U6,10,quechua-womens-nh500-hiking-skort-308169,https://cdn.shopify.com/s/files/1/1330/6287/files/8554686-product_image-p2593155.jpg?v=1702904871,6
3608439368080,2754922,apparel,Skort,Quechua Women's NH500 Hiking Skort,Quechua Women's NH500 Hiking Skort,M,Carbon Gray,25.00,25.0,USD,en-US,GB-R1-U7,21,quechua-womens-nh500-hiking-skort-308169,https://cdn.shopify.com/s/files/1/1330/6287/files/8554686-product_image-p2593155.jpg?v=1702904871,6
3608439371790,2964056,footwear,Shoes,Quechua Kids’ NH100 Velcro Hiking Shoes,Quechua Kids’ NH100 Velcro Hiking Shoes,12.5C,Strawberry Pink,14.00,14.0,USD,en-US,PW-04,12,quechua-mh100-low-rip-tab-hiking-boots-kids-size-11c-to-3-313072,https://cdn.shopify.com/s/files/1/1330/6287/files/8576133-product_image-p1869861.jpg?v=1745451152,11
3608439371806,2964057,footwear,Shoes,Quechua Kids’ NH100 Velcro Hiking Shoes,Quechua Kids’ NH100 Velcro Hiking Shoes,13C,Strawberry Pink,14.00,14.0,USD,en-US,PW-05,7,quechua-mh100-low-rip-tab-hiking-boots-kids-size-11c-to-3-313072,https://cdn.shopify.com/s/files/1/1330/6287/files/8576133-product_image-p1869861.jpg?v=1745451152,11
3608439371813,2964058,footwear,Shoes,Quechua Kids’ NH100 Velcro Hiking Shoes,Quechua Kids’ NH100 Velcro Hiking Shoes,1,Strawberry Pink,14.00,14.0,USD,en-US,PW-06,11,quechua-mh100-low-rip-tab-hiking-boots-kids-size-11c-to-3-313072,https://cdn.shopify.com/s/files/1/1330/6287/files/8576133-product_image-p1869861.jpg?v=1745451152,11
3608439371837,2964059,footwear,Shoes,Quechua Kids’ NH100 Velcro Hiking Shoes,Quechua Kids’ NH100 Velcro Hiking Shoes,2,Strawberry Pink,14.00,14.0,USD,en-US,PW-07,10,quechua-mh100-low-rip-tab-hiking-boots-kids-size-11c-to-3-313072,https://cdn.shopify.com/s/files/1/1330/6287/files/8576133-product_image-p1869861.jpg?v=1745451152,11
3608439371851,2964053,footwear,Shoes,Quechua Kids’ NH100 Velcro Hiking Shoes,Quechua Kids’ NH100 Velcro Hiking Shoes,10C,Strawberry Pink,14.00,14.0,USD,en-US,PW-08,10,quechua-mh100-low-rip-tab-hiking-boots-kids-size-11c-to-3-313072,https://cdn.shopify.com/s/files/1/1330/6287/files/8576133-product_image-p1869861.jpg?v=1745451152,11
3608439371868,2964052,footwear,Shoes,Quechua Kids’ NH100 Velcro Hiking Shoes,Quechua Kids’ NH100 Velcro Hiking Shoes,9C,Strawberry Pink,14.00,14.0,USD,en-US,PE-01,10,quechua-mh100-low-rip-tab-hiking-boots-kids-size-11c-to-3-313072,https://cdn.shopify.com/s/files/1/1330/6287/files/8576133-product_image-p1869861.jpg?v=1745451152,11
3608439371875,2964055,footwear,Shoes,Quechua Kids’ NH100 Velcro Hiking Shoes,Quechua Kids’ NH100 Velcro Hiking Shoes,11.5C,Strawberry Pink,14.00,14.0,USD,en-US,PE-02,9,quechua-mh100-low-rip-tab-hiking-boots-kids-size-11c-to-3-313072,https://cdn.shopify.com/s/files/1/1330/6287/files/8576133-product_image-p1869861.jpg?v=1745451152,11
3608439371882,2964054,footwear,Shoes,Quechua Kids’ NH100 Velcro Hiking Shoes,Quechua Kids’ NH100 Velcro Hiking Shoes,10.5C,Strawberry Pink,14.00,14.0,USD,en-US,PE-03,12,quechua-mh100-low-rip-tab-hiking-boots-kids-size-11c-to-3-313072,https://cdn.shopify.com/s/files/1/1330/6287/files/8576133-product_image-p1869861.jpg?v=1745451152,11
3608439371899,2964051,footwear,Shoes,Quechua Kids’ NH100 Velcro Hiking Shoes,Quechua Kids’ NH100 Velcro Hiking Shoes,8.5C,Strawberry Pink,14.00,14.0,USD,en-US,PE-04,7,quechua-mh100-low-rip-tab-hiking-boots-kids-size-11c-to-3-313072,https://cdn.shopify.com/s/files/1/1330/6287/files/8576133-product_image-p1869861.jpg?v=1745451152,11
3608439374920,2728609,footwear,Shoes,Quechua Men's MH100 Waterproof Mid Hiking Boots,Quechua Men's MH100 Waterproof Mid Hiking Boots,9.5,Black,60.00,60.0,USD,en-US,PE-05,12,quechua-mens-mh100-waterproof-mid-hiking-boots-307814,https://cdn.shopify.com/s/files/1/1330/6287/files/8553119-product_image-p2579131.jpg?v=1712144249,6
3608439374937,2728610,footwear,Shoes,Quechua Men's MH100 Waterproof Mid Hiking Boots,Quechua Men's MH100 Waterproof Mid Hiking Boots,10.5,Black,60.00,60.0,USD,en-US,FB-01,6,quechua-mens-mh100-waterproof-mid-hiking-boots-307814,https://cdn.shopify.com/s/files/1/1330/6287/files/8553119-product_image-p2579131.jpg?v=1712144249,6
3608439374944,2728611,footwear,Shoes,Quechua Men's MH100 Waterproof Mid Hiking Boots,Quechua Men's MH100 Waterproof Mid Hiking Boots,11.5,Black,60.00,60.0,USD,en-US,GA-01,8,quechua-mens-mh100-waterproof-mid-hiking-boots-307814,https://cdn.shopify.com/s/files/1/1330/6287/files/8553119-product_image-p2579131.jpg?v=1712144249,6
3608439374951,2728613,footwear,Shoes,Quechua Men's MH100 Waterproof Mid Hiking Boots,Quechua Men's MH100 Waterproof Mid Hiking Boots,12,Black,60.00,60.0,USD,en-US,GA-02,12,quechua-mens-mh100-waterproof-mid-hiking-boots-307814,https://cdn.shopify.com/s/files/1/1330/6287/files/8553119-product_image-p2579131.jpg?v=1712144249,6
3608439374968,2728614,footwear,Shoes,Quechua Men's MH100 Waterproof Mid Hiking Boots,Quechua Men's MH100 Waterproof Mid Hiking Boots,13,Black,60.00,60.0,USD,en-US,PW-01,11,quechua-mens-mh100-waterproof-mid-hiking-boots-307814,https://cdn.shopify.com/s/files/1/1330/6287/files/8553119-product_image-p2579131.jpg?v=1712144249,6
3608439374975,2728615,footwear,Shoes,Quechua Men's MH100 Waterproof Mid Hiking Boots,Quechua Men's MH100 Waterproof Mid Hiking Boots,13.5,Black,60.00,60.0,USD,en-US,PW-02,13,quechua-mens-mh100-waterproof-mid-hiking-boots-307814,https://cdn.shopify.com/s/files/1/1330/6287/files/8553119-product_image-p2579131.jpg?v=1712144249,6
3608439374982,2728608,footwear,Shoes,Quechua Men's MH100 Waterproof Mid Hiking Boots,Quechua Men's MH100 Waterproof Mid Hiking Boots,9,Black,60.00,60.0,USD,en-US,PW-03,9,quechua-mens-mh100-waterproof-mid-hiking-boots-307814,https://cdn.shopify.com/s/files/1/1330/6287/files/8553119-product_image-p2579131.jpg?v=1712144249,6
3608439374999,2728607,footwear,Shoes,Quechua Men's MH100 Waterproof Mid Hiking Boots,Quechua Men's MH100 Waterproof Mid Hiking Boots,8,Black,60.00,60.0,USD,en-US,PW-04,8,quechua-mens-mh100-waterproof-mid-hiking-boots-307814,https://cdn.shopify.com/s/files/1/1330/6287/files/8553119-product_image-p2579131.jpg?v=1712144249,6
3608439375002,2728606,footwear,Shoes,Quechua Men's MH100 Waterproof Mid Hiking Boots,Quechua Men's MH100 Waterproof Mid Hiking Boots,7.5,Black,60.00,60.0,USD,en-US,PW-05,7,quechua-mens-mh100-waterproof-mid-hiking-boots-307814,https://cdn.shopify.com/s/files/1/1330/6287/files/8553119-product_image-p2579131.jpg?v=1712144249,6
3608439375019,2728605,footwear,Shoes,Quechua Men's MH100 Waterproof Mid Hiking Boots,Quechua Men's MH100 Waterproof Mid Hiking Boots,6.5,Black,60.00,60.0,USD,en-US,PW-06,6,quechua-mens-mh100-waterproof-mid-hiking-boots-307814,https://cdn.shopify.com/s/files/1/1330/6287/files/8553119-product_image-p2579131.jpg?v=1712144249,6
3608439378904,2422432,apparel,Fleece,Quechua Women's MH120 Fleece Jacket,Quechua Women's MH120 Fleece Jacket,M,Black,34.99,34.99,USD,en-US,GB-R2-U1,10,womens-hiking-fleece-jacket-mh120-302556-302526,https://cdn.shopify.com/s/files/1/1330/6287/files/8550837-product_image-p2718231.jpg?v=1740184301,19
3608439378911,2422431,apparel,Fleece,Quechua Women's MH120 Fleece Jacket,Quechua Women's MH120 Fleece Jacket,L,Black,34.99,34.99,USD,en-US,GB-R2-U2,14,womens-hiking-fleece-jacket-mh120-302556-302526,https://cdn.shopify.com/s/files/1/1330/6287/files/8550837-product_image-p2718231.jpg?v=1740184301,19
3608439378928,2422434,apparel,Fleece,Quechua Women's MH120 Fleece Jacket,Quechua Women's MH120 Fleece Jacket,XL,Black,34.99,34.99,USD,en-US,GB-R2-U3,19,womens-hiking-fleece-jacket-mh120-302556-302526,https://cdn.shopify.com/s/files/1/1330/6287/files/8550837-product_image-p2718231.jpg?v=1740184301,19
3608439378935,2422433,apparel,Fleece,Quechua Women's MH120 Fleece Jacket,Quechua Women's MH120 Fleece Jacket,S,Black,34.99,34.99,USD,en-US,GB-R2-U4,15,womens-hiking-fleece-jacket-mh120-302556-302526,https://cdn.shopify.com/s/files/1/1330/6287/files/8550837-product_image-p2718231.jpg?v=1740184301,19
3608439378942,2422435,apparel,Fleece,Quechua Women's MH120 Fleece Jacket,Quechua Women's MH120 Fleece Jacket,XS,Black,34.99,34.99,USD,en-US,GB-R2-U5,13,womens-hiking-fleece-jacket-mh120-302556-302526,https://cdn.shopify.com/s/files/1/1330/6287/files/8550837-product_image-p2718231.jpg?v=1740184301,19
3608439378959,2422427,apparel,Fleece,Quechua Women's MH120 Fleece Jacket,Quechua Women's MH120 Fleece Jacket,2XL,Black,34.99,34.99,USD,en-US,GB-R2-U6,21,womens-hiking-fleece-jacket-mh120-302556-302526,https://cdn.shopify.com/s/files/1/1330/6287/files/8550837-product_image-p2718231.jpg?v=1740184301,19
3608439381119,2647011,apparel,Fleece,Quechua Men's NH500 Warm Hiking Fleece Jacket,Quechua Men's NH500 Warm Hiking Fleece Jacket,XL,Black,55.00,55.0,USD,en-US,GB-R2-U7,11,sh100-u-warm-fleece-hiking-jacket-mens-304984,https://cdn.shopify.com/s/files/1/1330/6287/files/8526050-product_image-p2607189.jpg?v=1742382192,18
3608439381171,2647006,apparel,Fleece,Quechua Men's NH500 Warm Hiking Fleece Jacket,Quechua Men's NH500 Warm Hiking Fleece Jacket,2XL,Black,55.00,55.0,USD,en-US,GB-R3-U1,20,sh100-u-warm-fleece-hiking-jacket-mens-304984,https://cdn.shopify.com/s/files/1/1330/6287/files/8526050-product_image-p2607189.jpg?v=1742382192,18
3608439381188,2647008,apparel,Fleece,Quechua Men's NH500 Warm Hiking Fleece Jacket,Quechua Men's NH500 Warm Hiking Fleece Jacket,L,Black,55.00,55.0,USD,en-US,GB-R3-U2,9,sh100-u-warm-fleece-hiking-jacket-mens-304984,https://cdn.shopify.com/s/files/1/1330/6287/files/8526050-product_image-p2607189.jpg?v=1742382192,18
3608439381195,2647007,apparel,Fleece,Quechua Men's NH500 Warm Hiking Fleece Jacket,Quechua Men's NH500 Warm Hiking Fleece Jacket,3XL,Black,55.00,55.0,USD,en-US,GB-R3-U3,18,sh100-u-warm-fleece-hiking-jacket-mens-304984,https://cdn.shopify.com/s/files/1/1330/6287/files/8526050-product_image-p2607189.jpg?v=1742382192,18
3608439381201,2647010,apparel,Fleece,Quechua Men's NH500 Warm Hiking Fleece Jacket,Quechua Men's NH500 Warm Hiking Fleece Jacket,S,Black,55.00,55.0,USD,en-US,GB-R3-U4,13,sh100-u-warm-fleece-hiking-jacket-mens-304984,https://cdn.shopify.com/s/files/1/1330/6287/files/8526050-product_image-p2607189.jpg?v=1742382192,18
3608439381218,2647009,apparel,Fleece,Quechua Men's NH500 Warm Hiking Fleece Jacket,Quechua Men's NH500 Warm Hiking Fleece Jacket,M,Black,55.00,55.0,USD,en-US,GB-R3-U5,21,sh100-u-warm-fleece-hiking-jacket-mens-304984,https://cdn.shopify.com/s/files/1/1330/6287/files/8526050-product_image-p2607189.jpg?v=1742382192,18
3608439382901,2956244,apparel,Fleece,Quechua Women's MH120 Fleece Jacket,Quechua Women's MH120 Fleece Jacket,S,Light Gray,34.99,34.99,USD,en-US,GB-R3-U6,16,quechua-womens-mh120-fleece-jacket-e302526-fw25,https://cdn.shopify.com/s/files/1/1330/6287/files/8569508-product_image-p2937417.jpg?v=1755639332,11
3608439382918,2956245,apparel,Fleece,Quechua Women's MH120 Fleece Jacket,Quechua Women's MH120 Fleece Jacket,XL,Light Gray,34.99,34.99,USD,en-US,GB-R3-U7,18,quechua-womens-mh120-fleece-jacket-e302526-fw25,https://cdn.shopify.com/s/files/1/1330/6287/files/8569508-product_image-p2937417.jpg?v=1755639332,11
3608439382925,2956242,apparel,Fleece,Quechua Women's MH120 Fleece Jacket,Quechua Women's MH120 Fleece Jacket,L,Light Gray,34.99,34.99,USD,en-US,GB-R4-U1,15,quechua-womens-mh120-fleece-jacket-e302526-fw25,https://cdn.shopify.com/s/files/1/1330/6287/files/8569508-product_image-p2937417.jpg?v=1755639332,11
3608439382932,2956243,apparel,Fleece,Quechua Women's MH120 Fleece Jacket,Quechua Women's MH120 Fleece Jacket,M,Light Gray,34.99,34.99,USD,en-US,GB-R4-U2,16,quechua-womens-mh120-fleece-jacket-e302526-fw25,https://cdn.shopify.com/s/files/1/1330/6287/files/8569508-product_image-p2937417.jpg?v=1755639332,11
3608439382949,2956246,apparel,Fleece,Quechua Women's MH120 Fleece Jacket,Quechua Women's MH120 Fleece Jacket,XS,Light Gray,34.99,34.99,USD,en-US,GB-R4-U3,11,quechua-womens-mh120-fleece-jacket-e302526-fw25,https://cdn.shopify.com/s/files/1/1330/6287/files/8569508-product_image-p2937417.jpg?v=1755639332,11
3608439382956,2956236,apparel,Fleece,Quechua Women's MH120 Fleece Jacket,Quechua Women's MH120 Fleece Jacket,2XL,Light Gray,34.99,34.99,USD,en-US,GB-R4-U4,12,quechua-womens-mh120-fleece-jacket-e302526-fw25,https://cdn.shopify.com/s/files/1/1330/6287/files/8569508-product_image-p2937417.jpg?v=1755639332,11
3608439385025,2778462,apparel,Fleece,Quechua Women's MH120 Fleece Jacket,Quechua Women's MH120 Fleece Jacket,L,Dark Petrol Blue,34.99,34.99,USD,en-US,GB-R4-U5,12,womens-hiking-fleece-jacket-mh120-302556-302526,https://cdn.shopify.com/s/files/1/1330/6287/files/8550837-product_image-p2718231.jpg?v=1740184301,19
3608439385032,2778464,apparel,Fleece,Quechua Women's MH120 Fleece Jacket,Quechua Women's MH120 Fleece Jacket,S,Dark Petrol Blue,34.99,34.99,USD,en-US,GB-R4-U6,14,womens-hiking-fleece-jacket-mh120-302556-302526,https://cdn.shopify.com/s/files/1/1330/6287/files/8550837-product_image-p2718231.jpg?v=1740184301,19
3608439385049,2778463,apparel,Fleece,Quechua Women's MH120 Fleece Jacket,Quechua Women's MH120 Fleece Jacket,M,Dark Petrol Blue,34.99,34.99,USD,en-US,GB-R4-U7,9,womens-hiking-fleece-jacket-mh120-302556-302526,https://cdn.shopify.com/s/files/1/1330/6287/files/8550837-product_image-p2718231.jpg?v=1740184301,19
3608439385056,2778467,apparel,Fleece,Quechua Women's MH120 Fleece Jacket,Quechua Women's MH120 Fleece Jacket,XS,Dark Petrol Blue,34.99,34.99,USD,en-US,FR-01,11,womens-hiking-fleece-jacket-mh120-302556-302526,https://cdn.shopify.com/s/files/1/1330/6287/files/8550837-product_image-p2718231.jpg?v=1740184301,19
3608439385063,2778465,apparel,Fleece,Quechua Women's MH120 Fleece Jacket,Quechua Women's MH120 Fleece Jacket,XL,Dark Petrol Blue,34.99,34.99,USD,en-US,FR-02,14,womens-hiking-fleece-jacket-mh120-302556-302526,https://cdn.shopify.com/s/files/1/1330/6287/files/8550837-product_image-p2718231.jpg?v=1740184301,19
3608439385131,2778457,apparel,Fleece,Quechua Women's MH120 Fleece Jacket,Quechua Women's MH120 Fleece Jacket,2XL,Dark Petrol Blue,34.99,34.99,USD,en-US,FR-03,13,womens-hiking-fleece-jacket-mh120-302556-302526,https://cdn.shopify.com/s/files/1/1330/6287/files/8550837-product_image-p2718231.jpg?v=1740184301,19
3608439388996,2839745,apparel,3 in 1 jacket,Forclaz Men's Travel 500 3-in-1 Waterproof Jacket,Forclaz Men's Travel 500 3-in-1 Waterproof Jacket,2XL,Carbon Gray,199.00,199.0,USD,en-US,FR-04,18,mens-3-in-1-waterproof-travel-trekking-jacket-travel-500-10-degrees-celcius-black-147553,https://cdn.shopify.com/s/files/1/1330/6287/files/8540394-product_image-p2070139.jpg?v=1718730177,27
3608439389009,2839754,apparel,3 in 1 jacket,Forclaz Men's Travel 500 3-in-1 Waterproof Jacket,Forclaz Men's Travel 500 3-in-1 Waterproof Jacket,XL,Carbon Gray,199.00,199.0,USD,en-US,GF-R1-U1,17,mens-3-in-1-waterproof-travel-trekking-jacket-travel-500-10-degrees-celcius-black-147553,https://cdn.shopify.com/s/files/1/1330/6287/files/8540394-product_image-p2070139.jpg?v=1718730177,27
3608439389016,2839753,apparel,3 in 1 jacket,Forclaz Men's Travel 500 3-in-1 Waterproof Jacket,Forclaz Men's Travel 500 3-in-1 Waterproof Jacket,S,Carbon Gray,199.00,199.0,USD,en-US,GF-R1-U2,13,mens-3-in-1-waterproof-travel-trekking-jacket-travel-500-10-degrees-celcius-black-147553,https://cdn.shopify.com/s/files/1/1330/6287/files/8540394-product_image-p2070139.jpg?v=1718730177,27
3608439389023,2839752,apparel,3 in 1 jacket,Forclaz Men's Travel 500 3-in-1 Waterproof Jacket,Forclaz Men's Travel 500 3-in-1 Waterproof Jacket,M,Carbon Gray,199.00,199.0,USD,en-US,GF-R1-U3,13,mens-3-in-1-waterproof-travel-trekking-jacket-travel-500-10-degrees-celcius-black-147553,https://cdn.shopify.com/s/files/1/1330/6287/files/8540394-product_image-p2070139.jpg?v=1718730177,27
3608439389030,2839751,apparel,3 in 1 jacket,Forclaz Men's Travel 500 3-in-1 Waterproof Jacket,Forclaz Men's Travel 500 3-in-1 Waterproof Jacket,L,Carbon Gray,199.00,199.0,USD,en-US,GF-R1-U4,19,mens-3-in-1-waterproof-travel-trekking-jacket-travel-500-10-degrees-celcius-black-147553,https://cdn.shopify.com/s/files/1/1330/6287/files/8540394-product_image-p2070139.jpg?v=1718730177,27
3608439389047,2839747,apparel,3 in 1 jacket,Forclaz Men's Travel 500 3-in-1 Waterproof Jacket,Forclaz Men's Travel 500 3-in-1 Waterproof Jacket,3XL,Carbon Gray,199.00,199.0,USD,en-US,GF-R1-U5,17,mens-3-in-1-waterproof-travel-trekking-jacket-travel-500-10-degrees-celcius-black-147553,https://cdn.shopify.com/s/files/1/1330/6287/files/8540394-product_image-p2070139.jpg?v=1718730177,27
3608439389108,2611395,outdoor,Tent,Quechua Arpenaz Family Camping Tent 4 Person *Factory Seconds*,Quechua Arpenaz Family Camping Tent 4 Person *Factory Seconds*,4 Person,Light Gray,150.00,150.0,USD,en-US,GF-R8-U6,2,quechua-arpenaz-waterproof-family-camping-tent-4-person-304288,https://cdn.shopify.com/s/files/1/1330/6287/files/8518840-product_image-p1339466.jpg?v=1700656915,6
3608439396250,2705916,outdoor,Foot pump,Quechua Foot Pump,Quechua Foot Pump,One Size,Black,15.00,15.0,USD,en-US,GF-R8-U7,1,foot-pump,https://cdn.shopify.com/s/files/1/1330/6287/files/8543062-product_image-p2699875.jpg?v=1723116245,4
3608439400285,2668620,apparel,Zip-Off Pants,Quechua Kids’ MH500 Convertible Hiking Pants - Ages 7-15,Quechua Kids’ MH500 Convertible Hiking Pants - Ages 7-15,8-9 Years / 52''-55'',Carbon Gray,30.00,30.0,USD,en-US,GF-R1-U6,13,quechua-mh500-convertible-hiking-pants-kids-copy,https://cdn.shopify.com/s/files/1/1330/6287/files/8530007-product_image-p2583663.jpg?v=1744905561,10
3608439400292,2668621,apparel,Zip-Off Pants,Quechua Kids’ MH500 Convertible Hiking Pants - Ages 7-15,Quechua Kids’ MH500 Convertible Hiking Pants - Ages 7-15,10-11 Years / 55''-59'',Carbon Gray,30.00,30.0,USD,en-US,GF-R1-U7,13,quechua-mh500-convertible-hiking-pants-kids-copy,https://cdn.shopify.com/s/files/1/1330/6287/files/8530007-product_image-p2583663.jpg?v=1744905561,10
3608439400308,2668619,apparel,Zip-Off Pants,Quechua Kids’ MH500 Convertible Hiking Pants - Ages 7-15,Quechua Kids’ MH500 Convertible Hiking Pants - Ages 7-15,7-8 Years / 48''-51'',Carbon Gray,30.00,30.0,USD,en-US,GF-R2-U1,21,quechua-mh500-convertible-hiking-pants-kids-copy,https://cdn.shopify.com/s/files/1/1330/6287/files/8530007-product_image-p2583663.jpg?v=1744905561,10
3608439400315,2668623,apparel,Zip-Off Pants,Quechua Kids’ MH500 Convertible Hiking Pants - Ages 7-15,Quechua Kids’ MH500 Convertible Hiking Pants - Ages 7-15,14-15 Years / 63''-68'',Carbon Gray,30.00,30.0,USD,en-US,GF-R2-U2,13,quechua-mh500-convertible-hiking-pants-kids-copy,https://cdn.shopify.com/s/files/1/1330/6287/files/8530007-product_image-p2583663.jpg?v=1744905561,10
3608439400322,2668622,apparel,Zip-Off Pants,Quechua Kids’ MH500 Convertible Hiking Pants - Ages 7-15,Quechua Kids’ MH500 Convertible Hiking Pants - Ages 7-15,12-13 Years / 59''-63'',Carbon Gray,30.00,30.0,USD,en-US,GF-R2-U3,17,quechua-mh500-convertible-hiking-pants-kids-copy,https://cdn.shopify.com/s/files/1/1330/6287/files/8530007-product_image-p2583663.jpg?v=1744905561,10
3608439404870,2470579,footwear,Shoes,Quechua Women's Waterproof Hiking Boots NH100 Low WP,Quechua Women's Waterproof Hiking Boots NH100 Low WP,5.5,Carbon Gray,40.00,40.0,USD,en-US,PW-07,8,womens-nature-hiking-shoes-nh150,https://cdn.shopify.com/s/files/1/1330/6287/files/8504213-product_image-p1612497.jpg?v=1701865537,8
3608439404887,2470589,footwear,Shoes,Quechua Women's Waterproof Hiking Boots NH100 Low WP,Quechua Women's Waterproof Hiking Boots NH100 Low WP,9.5,Carbon Gray,40.00,40.0,USD,en-US,PW-08,10,womens-nature-hiking-shoes-nh150,https://cdn.shopify.com/s/files/1/1330/6287/files/8504213-product_image-p1612497.jpg?v=1701865537,8
3608439404894,2470591,footwear,Shoes,Quechua Women's Waterproof Hiking Boots NH100 Low WP,Quechua Women's Waterproof Hiking Boots NH100 Low WP,10.5,Carbon Gray,40.00,40.0,USD,en-US,PE-01,12,womens-nature-hiking-shoes-nh150,https://cdn.shopify.com/s/files/1/1330/6287/files/8504213-product_image-p1612497.jpg?v=1701865537,8
3608439404900,2470585,footwear,Shoes,Quechua Women's Waterproof Hiking Boots NH100 Low WP,Quechua Women's Waterproof Hiking Boots NH100 Low WP,8,Carbon Gray,40.00,40.0,USD,en-US,PE-02,9,womens-nature-hiking-shoes-nh150,https://cdn.shopify.com/s/files/1/1330/6287/files/8504213-product_image-p1612497.jpg?v=1701865537,8
3608439404917,2470587,footwear,Shoes,Quechua Women's Waterproof Hiking Boots NH100 Low WP,Quechua Women's Waterproof Hiking Boots NH100 Low WP,9,Carbon Gray,40.00,40.0,USD,en-US,PE-03,8,womens-nature-hiking-shoes-nh150,https://cdn.shopify.com/s/files/1/1330/6287/files/8504213-product_image-p1612497.jpg?v=1701865537,8
3608439404924,2470581,footwear,Shoes,Quechua Women's Waterproof Hiking Boots NH100 Low WP,Quechua Women's Waterproof Hiking Boots NH100 Low WP,6.5,Carbon Gray,40.00,40.0,USD,en-US,PE-04,10,womens-nature-hiking-shoes-nh150,https://cdn.shopify.com/s/files/1/1330/6287/files/8504213-product_image-p1612497.jpg?v=1701865537,8
3608439404931,2470583,footwear,Shoes,Quechua Women's Waterproof Hiking Boots NH100 Low WP,Quechua Women's Waterproof Hiking Boots NH100 Low WP,7.5,Carbon Gray,40.00,40.0,USD,en-US,PE-05,13,womens-nature-hiking-shoes-nh150,https://cdn.shopify.com/s/files/1/1330/6287/files/8504213-product_image-p1612497.jpg?v=1701865537,8
3608439412813,2487053,bag_pack,Backpack,Quechua NH50 Arpenaz 10 L Hiking Backpack,Quechua NH50 Arpenaz 10 L Hiking Backpack,10 L,Abyss Gray,9.99,9.99,USD,en-US,GF-R5-U5,8,quechua-nh-arpenaz-50-10-l-hiking-backpack-301684,https://cdn.shopify.com/s/files/1/1330/6287/files/8502149-product_image-p2583201.jpg?v=1755813424,22
3608439412820,2663481,bag_pack,Backpack,Quechua NH100 Arpenaz 20 L Hiking Backpack,Quechua NH100 Arpenaz 20 L Hiking Backpack,20 L,Smoked Black,12.00,12.0,USD,en-US,GF-R5-U6,10,quechua-nh-arpenaz-100-20-l-hiking-backpack-301674,https://cdn.shopify.com/s/files/1/1330/6287/files/8731516-product_image-p2583621.jpg?v=1743794179,33
3608439437632,2560931,apparel,3 in 1 jacket,Forclaz Men's Travel 500 3-in-1 Waterproof Jacket,Forclaz Men's Travel 500 3-in-1 Waterproof Jacket,S,Cinnamon,199.00,199.0,USD,en-US,GF-R2-U4,16,mens-3-in-1-waterproof-travel-trekking-jacket-travel-500-10-degrees-celcius-black-147553,https://cdn.shopify.com/s/files/1/1330/6287/files/8540394-product_image-p2070139.jpg?v=1718730177,27
3608439437656,2560933,apparel,3 in 1 jacket,Forclaz Men's Travel 500 3-in-1 Waterproof Jacket,Forclaz Men's Travel 500 3-in-1 Waterproof Jacket,M,Cinnamon,199.00,199.0,USD,en-US,GF-R2-U5,17,mens-3-in-1-waterproof-travel-trekking-jacket-travel-500-10-degrees-celcius-black-147553,https://cdn.shopify.com/s/files/1/1330/6287/files/8540394-product_image-p2070139.jpg?v=1718730177,27
3608439437670,2560934,apparel,3 in 1 jacket,Forclaz Men's Travel 500 3-in-1 Waterproof Jacket,Forclaz Men's Travel 500 3-in-1 Waterproof Jacket,L,Cinnamon,199.00,199.0,USD,en-US,GF-R2-U6,17,mens-3-in-1-waterproof-travel-trekking-jacket-travel-500-10-degrees-celcius-black-147553,https://cdn.shopify.com/s/files/1/1330/6287/files/8540394-product_image-p2070139.jpg?v=1718730177,27
3608439437694,2560935,apparel,3 in 1 jacket,Forclaz Men's Travel 500 3-in-1 Waterproof Jacket,Forclaz Men's Travel 500 3-in-1 Waterproof Jacket,XL,Cinnamon,199.00,199.0,USD,en-US,GF-R2-U7,17,mens-3-in-1-waterproof-travel-trekking-jacket-travel-500-10-degrees-celcius-black-147553,https://cdn.shopify.com/s/files/1/1330/6287/files/8540394-product_image-p2070139.jpg?v=1718730177,27
3608439437731,2560937,apparel,3 in 1 jacket,Forclaz Men's Travel 500 3-in-1 Waterproof Jacket,Forclaz Men's Travel 500 3-in-1 Waterproof Jacket,3XL,Cinnamon,199.00,199.0,USD,en-US,GF-R3-U1,10,mens-3-in-1-waterproof-travel-trekking-jacket-travel-500-10-degrees-celcius-black-147553,https://cdn.shopify.com/s/files/1/1330/6287/files/8540394-product_image-p2070139.jpg?v=1718730177,27
3608439437748,2560936,apparel,3 in 1 jacket,Forclaz Men's Travel 500 3-in-1 Waterproof Jacket,Forclaz Men's Travel 500 3-in-1 Waterproof Jacket,2XL,Cinnamon,199.00,199.0,USD,en-US,GF-R3-U2,17,mens-3-in-1-waterproof-travel-trekking-jacket-travel-500-10-degrees-celcius-black-147553,https://cdn.shopify.com/s/files/1/1330/6287/files/8540394-product_image-p2070139.jpg?v=1718730177,27
3608439438110,2478026,apparel,Long-sleeved t-shirt,Simond Men's Travel 500 Merino Wool Long-sleeve Shirt,Simond Men's Travel 500 Merino Wool Long-sleeve Shirt,2XL,Slate Blue,40.00,40.0,USD,en-US,GF-R3-U3,13,simond-mens-travel-500-merino-wool-long-sleeve-shirt-4523,https://cdn.shopify.com/s/files/1/1330/6287/files/8504630-product_image-p2510724_d57b8b0a-2307-41bc-adc0-0f620716b28e.jpg?v=1771014098,14
3608439438127,2478033,apparel,Long-sleeved t-shirt,Simond Men's Travel 500 Merino Wool Long-sleeve Shirt,Simond Men's Travel 500 Merino Wool Long-sleeve Shirt,M,Slate Blue,40.00,40.0,USD,en-US,GF-R3-U4,14,simond-mens-travel-500-merino-wool-long-sleeve-shirt-4523,https://cdn.shopify.com/s/files/1/1330/6287/files/8504630-product_image-p2510724_d57b8b0a-2307-41bc-adc0-0f620716b28e.jpg?v=1771014098,14
3608439438134,2478032,apparel,Long-sleeved t-shirt,Simond Men's Travel 500 Merino Wool Long-sleeve Shirt,Simond Men's Travel 500 Merino Wool Long-sleeve Shirt,L,Slate Blue,40.00,40.0,USD,en-US,GF-R3-U5,20,simond-mens-travel-500-merino-wool-long-sleeve-shirt-4523,https://cdn.shopify.com/s/files/1/1330/6287/files/8504630-product_image-p2510724_d57b8b0a-2307-41bc-adc0-0f620716b28e.jpg?v=1771014098,14
3608439438141,2478035,apparel,Long-sleeved t-shirt,Simond Men's Travel 500 Merino Wool Long-sleeve Shirt,Simond Men's Travel 500 Merino Wool Long-sleeve Shirt,XL,Slate Blue,40.00,40.0,USD,en-US,GF-R3-U6,9,simond-mens-travel-500-merino-wool-long-sleeve-shirt-4523,https://cdn.shopify.com/s/files/1/1330/6287/files/8504630-product_image-p2510724_d57b8b0a-2307-41bc-adc0-0f620716b28e.jpg?v=1771014098,14
3608439438158,2478034,apparel,Long-sleeved t-shirt,Simond Men's Travel 500 Merino Wool Long-sleeve Shirt,Simond Men's Travel 500 Merino Wool Long-sleeve Shirt,S,Slate Blue,40.00,40.0,USD,en-US,GF-R3-U7,13,simond-mens-travel-500-merino-wool-long-sleeve-shirt-4523,https://cdn.shopify.com/s/files/1/1330/6287/files/8504630-product_image-p2510724_d57b8b0a-2307-41bc-adc0-0f620716b28e.jpg?v=1771014098,14
3608439438271,2421807,outdoor,tent,Quechua 2 Second Fresh & Black Waterproof Pop Up Camping Tent 3 Person,Quechua 2 Second Fresh & Black Waterproof Pop Up Camping Tent 3 Person,3 Person,White,110.00,110.0,USD,en-US,GB-R6-U1,1,quechua-2-second-fresh-black-waterproof-camping-tent-3-person,https://cdn.shopify.com/s/files/1/1330/6287/files/8505871-product_image-p192895.jpg?v=1755814011,16
3608439445460,2432099,footwear,Sandals,Forclaz MT500 Lightweight Packable Hiking Sandals,Forclaz MT500 Lightweight Packable Hiking Sandals,W8/M6.5,Carbon Gray,40.00,40.0,USD,en-US,FB-01,7,forclaz-trek-500-hiking-sandals-adult-174331,https://cdn.shopify.com/s/files/1/1330/6287/files/SANDALE_TREK_500_20198506214TCIPSHOT001_-_8506214_-_001_---_Expires_on_01-10-2026.jpg?v=1750465154,9
3608439445477,2432100,footwear,Sandals,Forclaz MT500 Lightweight Packable Hiking Sandals,Forclaz MT500 Lightweight Packable Hiking Sandals,W9/M7,Carbon Gray,40.00,40.0,USD,en-US,GA-01,8,forclaz-trek-500-hiking-sandals-adult-174331,https://cdn.shopify.com/s/files/1/1330/6287/files/SANDALE_TREK_500_20198506214TCIPSHOT001_-_8506214_-_001_---_Expires_on_01-10-2026.jpg?v=1750465154,9
3608439445484,2432097,footwear,Sandals,Forclaz MT500 Lightweight Packable Hiking Sandals,Forclaz MT500 Lightweight Packable Hiking Sandals,W6/M5,Carbon Gray,40.00,40.0,USD,en-US,GA-02,9,forclaz-trek-500-hiking-sandals-adult-174331,https://cdn.shopify.com/s/files/1/1330/6287/files/SANDALE_TREK_500_20198506214TCIPSHOT001_-_8506214_-_001_---_Expires_on_01-10-2026.jpg?v=1750465154,9
3608439445491,2432098,footwear,Sandals,Forclaz MT500 Lightweight Packable Hiking Sandals,Forclaz MT500 Lightweight Packable Hiking Sandals,W7/M6,Carbon Gray,40.00,40.0,USD,en-US,PW-01,12,forclaz-trek-500-hiking-sandals-adult-174331,https://cdn.shopify.com/s/files/1/1330/6287/files/SANDALE_TREK_500_20198506214TCIPSHOT001_-_8506214_-_001_---_Expires_on_01-10-2026.jpg?v=1750465154,9
3608439445507,2432104,footwear,Sandals,Forclaz MT500 Lightweight Packable Hiking Sandals,Forclaz MT500 Lightweight Packable Hiking Sandals,W12/M10,Carbon Gray,40.00,40.0,USD,en-US,PW-02,10,forclaz-trek-500-hiking-sandals-adult-174331,https://cdn.shopify.com/s/files/1/1330/6287/files/SANDALE_TREK_500_20198506214TCIPSHOT001_-_8506214_-_001_---_Expires_on_01-10-2026.jpg?v=1750465154,9
3608439445514,2432103,footwear,Sandals,Forclaz MT500 Lightweight Packable Hiking Sandals,Forclaz MT500 Lightweight Packable Hiking Sandals,W11/M9.5,Carbon Gray,40.00,40.0,USD,en-US,PW-03,9,forclaz-trek-500-hiking-sandals-adult-174331,https://cdn.shopify.com/s/files/1/1330/6287/files/SANDALE_TREK_500_20198506214TCIPSHOT001_-_8506214_-_001_---_Expires_on_01-10-2026.jpg?v=1750465154,9
3608439445521,2432102,footwear,Sandals,Forclaz MT500 Lightweight Packable Hiking Sandals,Forclaz MT500 Lightweight Packable Hiking Sandals,W10/M9,Carbon Gray,40.00,40.0,USD,en-US,PW-04,12,forclaz-trek-500-hiking-sandals-adult-174331,https://cdn.shopify.com/s/files/1/1330/6287/files/SANDALE_TREK_500_20198506214TCIPSHOT001_-_8506214_-_001_---_Expires_on_01-10-2026.jpg?v=1750465154,9
3608439445538,2432101,footwear,Sandals,Forclaz MT500 Lightweight Packable Hiking Sandals,Forclaz MT500 Lightweight Packable Hiking Sandals,W9.5/M8,Carbon Gray,40.00,40.0,USD,en-US,PW-05,13,forclaz-trek-500-hiking-sandals-adult-174331,https://cdn.shopify.com/s/files/1/1330/6287/files/SANDALE_TREK_500_20198506214TCIPSHOT001_-_8506214_-_001_---_Expires_on_01-10-2026.jpg?v=1750465154,9
3608439445552,2432106,footwear,Sandals,Forclaz MT500 Lightweight Packable Hiking Sandals,Forclaz MT500 Lightweight Packable Hiking Sandals,W14/M12,Carbon Gray,40.00,40.0,USD,en-US,PW-06,10,forclaz-trek-500-hiking-sandals-adult-174331,https://cdn.shopify.com/s/files/1/1330/6287/files/SANDALE_TREK_500_20198506214TCIPSHOT001_-_8506214_-_001_---_Expires_on_01-10-2026.jpg?v=1750465154,9
3608439445569,2432105,footwear,Sandals,Forclaz MT500 Lightweight Packable Hiking Sandals,Forclaz MT500 Lightweight Packable Hiking Sandals,W13/M11.5,Carbon Gray,40.00,40.0,USD,en-US,PW-07,10,forclaz-trek-500-hiking-sandals-adult-174331,https://cdn.shopify.com/s/files/1/1330/6287/files/SANDALE_TREK_500_20198506214TCIPSHOT001_-_8506214_-_001_---_Expires_on_01-10-2026.jpg?v=1750465154,9
3608439450198,2566890,accessories,Hiking pole,Forclaz MT100 Comfort Hiking Pole (Single Pole),Forclaz MT100 Comfort Hiking Pole (Single Pole),One Size,Black,19.99,19.99,USD,en-US,ACC-04,23,hiking-pole-arpenaz-200,https://cdn.shopify.com/s/files/1/1330/6287/files/8493796-product_image-p2675317.jpg?v=1714561480,9
3608439450211,2557561,accessories,Hiking pole,Forclaz MT500 Hiking Pole (Single Pole),Forclaz MT500 Hiking Pole (Single Pole),One Size,Dark Olive Green,34.99,34.99,USD,en-US,CO-IR,23,hiking-pole-500,https://cdn.shopify.com/s/files/1/1330/6287/files/8492573-product_image-p2675321.jpg?v=1712143182,4
3608439451430,2471152,apparel,T-shirt,Quechua Men's Hiking Synthetic Short-Sleeved T-Shirt MH100,Quechua Men's Hiking Synthetic Short-Sleeved T-Shirt MH100,5XL,Carbon Gray,10.00,10.0,USD,en-US,GF-R4-U1,17,mens-hiking-synthetic-short-sleeved-t-shirt-mh100-106632,https://cdn.shopify.com/s/files/1/1330/6287/files/8316244-product_image-p2239578.jpg?v=1740180496,10
3608439453243,2414532,apparel,Overalls,Quechua Women's Raincut Waterproof Over-Pants,Quechua Women's Raincut Waterproof Over-Pants,W28 L31,Black,34.99,34.99,USD,en-US,GF-R4-U2,16,quechua-womens-raincut-waterproof-over-pants-193191,https://cdn.shopify.com/s/files/1/1330/6287/files/8408195-product_image-p2582484.jpg?v=1755805812,6
3608439453267,2414531,apparel,Overalls,Quechua Women's Raincut Waterproof Over-Pants,Quechua Women's Raincut Waterproof Over-Pants,W26 L30,Black,34.99,34.99,USD,en-US,GF-R4-U3,11,quechua-womens-raincut-waterproof-over-pants-193191,https://cdn.shopify.com/s/files/1/1330/6287/files/8408195-product_image-p2582484.jpg?v=1755805812,6
3608439453298,2414534,apparel,Overalls,Quechua Women's Raincut Waterproof Over-Pants,Quechua Women's Raincut Waterproof Over-Pants,W33 L31,Black,34.99,34.99,USD,en-US,GF-R4-U4,20,quechua-womens-raincut-waterproof-over-pants-193191,https://cdn.shopify.com/s/files/1/1330/6287/files/8408195-product_image-p2582484.jpg?v=1755805812,6
3608439453328,2414533,apparel,Overalls,Quechua Women's Raincut Waterproof Over-Pants,Quechua Women's Raincut Waterproof Over-Pants,W30 L31,Black,34.99,34.99,USD,en-US,GF-R4-U5,20,quechua-womens-raincut-waterproof-over-pants-193191,https://cdn.shopify.com/s/files/1/1330/6287/files/8408195-product_image-p2582484.jpg?v=1755805812,6
3608439453342,2414536,apparel,Overalls,Quechua Women's Raincut Waterproof Over-Pants,Quechua Women's Raincut Waterproof Over-Pants,W38 L31,Black,34.99,34.99,USD,en-US,GF-R4-U6,15,quechua-womens-raincut-waterproof-over-pants-193191,https://cdn.shopify.com/s/files/1/1330/6287/files/8408195-product_image-p2582484.jpg?v=1755805812,6
3608439453366,2414535,apparel,Overalls,Quechua Women's Raincut Waterproof Over-Pants,Quechua Women's Raincut Waterproof Over-Pants,W35 L31,Black,34.99,34.99,USD,en-US,GF-R4-U7,18,quechua-womens-raincut-waterproof-over-pants-193191,https://cdn.shopify.com/s/files/1/1330/6287/files/8408195-product_image-p2582484.jpg?v=1755805812,6
3608439453472,2414530,apparel,Overalls,Quechua Women's Raincut Waterproof Over-Pants,Quechua Women's Raincut Waterproof Over-Pants,W24 L30,Black,34.99,34.99,USD,en-US,GB-R1-U1,13,quechua-womens-raincut-waterproof-over-pants-193191,https://cdn.shopify.com/s/files/1/1330/6287/files/8408195-product_image-p2582484.jpg?v=1755805812,6
3608439455490,2563459,apparel,T-shirt,Quechua Women's MH100 T-Shirt,Quechua Women's MH100 T-Shirt,XL,Teal Green,5.00,5.0,USD,en-US,GB-R1-U2,20,quechua-womens-mountain-walking-short-sleeved-t-shirt-mh100-172246,https://cdn.shopify.com/s/files/1/1330/6287/files/8664630-product_image-p2583848.jpg?v=1741262562,13
3608439455506,2563458,apparel,T-shirt,Quechua Women's MH100 T-Shirt,Quechua Women's MH100 T-Shirt,L,Teal Green,5.00,5.0,USD,en-US,GB-R1-U3,13,quechua-womens-mountain-walking-short-sleeved-t-shirt-mh100-172246,https://cdn.shopify.com/s/files/1/1330/6287/files/8664630-product_image-p2583848.jpg?v=1741262562,13
3608439455513,2563460,apparel,T-shirt,Quechua Women's MH100 T-Shirt,Quechua Women's MH100 T-Shirt,2XL,Teal Green,5.00,5.0,USD,en-US,GB-R1-U4,20,quechua-womens-mountain-walking-short-sleeved-t-shirt-mh100-172246,https://cdn.shopify.com/s/files/1/1330/6287/files/8664630-product_image-p2583848.jpg?v=1741262562,13
3608439455520,2563455,apparel,T-shirt,Quechua Women's MH100 T-Shirt,Quechua Women's MH100 T-Shirt,XS,Teal Green,5.00,5.0,USD,en-US,GB-R1-U5,13,quechua-womens-mountain-walking-short-sleeved-t-shirt-mh100-172246,https://cdn.shopify.com/s/files/1/1330/6287/files/8664630-product_image-p2583848.jpg?v=1741262562,13
3608439455537,2563457,apparel,T-shirt,Quechua Women's MH100 T-Shirt,Quechua Women's MH100 T-Shirt,M,Teal Green,5.00,5.0,USD,en-US,GB-R1-U6,13,quechua-womens-mountain-walking-short-sleeved-t-shirt-mh100-172246,https://cdn.shopify.com/s/files/1/1330/6287/files/8664630-product_image-p2583848.jpg?v=1741262562,13
3608439455544,2563456,apparel,T-shirt,Quechua Women's MH100 T-Shirt,Quechua Women's MH100 T-Shirt,S,Teal Green,5.00,5.0,USD,en-US,GB-R1-U7,20,quechua-womens-mountain-walking-short-sleeved-t-shirt-mh100-172246,https://cdn.shopify.com/s/files/1/1330/6287/files/8664630-product_image-p2583848.jpg?v=1741262562,13
3608439456947,2556253,apparel,Jacket,Quechua Women's MH100 Waterproof Hiking Rain Jacket,Quechua Women's MH100 Waterproof Hiking Rain Jacket,2XL,Gray,40.00,40.0,USD,en-US,GB-R2-U1,12,womens-mountain-hiking-waterproof-jacket-mh100,https://cdn.shopify.com/s/files/1/1330/6287/files/8492378-product_image-p2583802.jpg?v=1703074557,12
3608439456954,2556252,apparel,Jacket,Quechua Women's MH100 Waterproof Hiking Rain Jacket,Quechua Women's MH100 Waterproof Hiking Rain Jacket,XL,Gray,40.00,40.0,USD,en-US,GB-R2-U2,12,womens-mountain-hiking-waterproof-jacket-mh100,https://cdn.shopify.com/s/files/1/1330/6287/files/8492378-product_image-p2583802.jpg?v=1703074557,12
3608439456961,2556248,apparel,Jacket,Quechua Women's MH100 Waterproof Hiking Rain Jacket,Quechua Women's MH100 Waterproof Hiking Rain Jacket,S,Gray,40.00,40.0,USD,en-US,GB-R2-U3,17,womens-mountain-hiking-waterproof-jacket-mh100,https://cdn.shopify.com/s/files/1/1330/6287/files/8492378-product_image-p2583802.jpg?v=1703074557,12
3608439456978,2556247,apparel,Jacket,Quechua Women's MH100 Waterproof Hiking Rain Jacket,Quechua Women's MH100 Waterproof Hiking Rain Jacket,XS,Gray,40.00,40.0,USD,en-US,GB-R2-U4,21,womens-mountain-hiking-waterproof-jacket-mh100,https://cdn.shopify.com/s/files/1/1330/6287/files/8492378-product_image-p2583802.jpg?v=1703074557,12
3608439456985,2556251,apparel,Jacket,Quechua Women's MH100 Waterproof Hiking Rain Jacket,Quechua Women's MH100 Waterproof Hiking Rain Jacket,L,Gray,40.00,40.0,USD,en-US,GB-R2-U5,14,womens-mountain-hiking-waterproof-jacket-mh100,https://cdn.shopify.com/s/files/1/1330/6287/files/8492378-product_image-p2583802.jpg?v=1703074557,12
3608439456992,2556249,apparel,Jacket,Quechua Women's MH100 Waterproof Hiking Rain Jacket,Quechua Women's MH100 Waterproof Hiking Rain Jacket,M,Gray,40.00,40.0,USD,en-US,GB-R2-U6,14,womens-mountain-hiking-waterproof-jacket-mh100,https://cdn.shopify.com/s/files/1/1330/6287/files/8492378-product_image-p2583802.jpg?v=1703074557,12
3608439457005,2556246,apparel,Jacket,Quechua Women's MH100 Waterproof Hiking Rain Jacket,Quechua Women's MH100 Waterproof Hiking Rain Jacket,2XS,Gray,40.00,40.0,USD,en-US,GB-R2-U7,17,womens-mountain-hiking-waterproof-jacket-mh100,https://cdn.shopify.com/s/files/1/1330/6287/files/8492378-product_image-p2583802.jpg?v=1703074557,12
3608439457012,2563483,apparel,Jacket,Quechua Women's MH100 Waterproof Hiking Rain Jacket,Quechua Women's MH100 Waterproof Hiking Rain Jacket,XS,Black,40.00,40.0,USD,en-US,GB-R3-U1,14,womens-mountain-hiking-waterproof-jacket-mh100,https://cdn.shopify.com/s/files/1/1330/6287/files/8492378-product_image-p2583802.jpg?v=1703074557,12
3608439457029,2563482,apparel,Jacket,Quechua Women's MH100 Waterproof Hiking Rain Jacket,Quechua Women's MH100 Waterproof Hiking Rain Jacket,2XS,Black,40.00,40.0,USD,en-US,GB-R3-U2,10,womens-mountain-hiking-waterproof-jacket-mh100,https://cdn.shopify.com/s/files/1/1330/6287/files/8492378-product_image-p2583802.jpg?v=1703074557,12
3608439457036,2563485,apparel,Jacket,Quechua Women's MH100 Waterproof Hiking Rain Jacket,Quechua Women's MH100 Waterproof Hiking Rain Jacket,M,Black,40.00,40.0,USD,en-US,GB-R3-U3,19,womens-mountain-hiking-waterproof-jacket-mh100,https://cdn.shopify.com/s/files/1/1330/6287/files/8492378-product_image-p2583802.jpg?v=1703074557,12
3608439457043,2563484,apparel,Jacket,Quechua Women's MH100 Waterproof Hiking Rain Jacket,Quechua Women's MH100 Waterproof Hiking Rain Jacket,S,Black,40.00,40.0,USD,en-US,GB-R3-U4,17,womens-mountain-hiking-waterproof-jacket-mh100,https://cdn.shopify.com/s/files/1/1330/6287/files/8492378-product_image-p2583802.jpg?v=1703074557,12
3608439457050,2563487,apparel,Jacket,Quechua Women's MH100 Waterproof Hiking Rain Jacket,Quechua Women's MH100 Waterproof Hiking Rain Jacket,XL,Black,40.00,40.0,USD,en-US,GB-R3-U5,10,womens-mountain-hiking-waterproof-jacket-mh100,https://cdn.shopify.com/s/files/1/1330/6287/files/8492378-product_image-p2583802.jpg?v=1703074557,12
3608439457067,2563486,apparel,Jacket,Quechua Women's MH100 Waterproof Hiking Rain Jacket,Quechua Women's MH100 Waterproof Hiking Rain Jacket,L,Black,40.00,40.0,USD,en-US,GB-R3-U6,19,womens-mountain-hiking-waterproof-jacket-mh100,https://cdn.shopify.com/s/files/1/1330/6287/files/8492378-product_image-p2583802.jpg?v=1703074557,12
3608439460524,2558419,outdoor,Foam mat,Forclaz Trek 100 Folding Foam Hiking Mattress,Forclaz Trek 100 Folding Foam Hiking Mattress,L,Granite Green,39.99,39.99,USD,en-US,GB-R6-U2,2,backpacking-foam-folding-mattress-trek-100-174619,https://cdn.shopify.com/s/files/1/1330/6287/files/8492712-product_image-p2422856.jpg?v=1701346667,9
3608439462788,2558434,outdoor,Cookset,Quechua MH100 1.6 L Stainless Steel 2-Person Camping Cookset,Quechua MH100 1.6 L Stainless Steel 2-Person Camping Cookset,One Size,Dark Gray,24.99,24.99,USD,en-US,GB-R6-U3,2,camping-cook-set-stainless-2-person-mh100,https://cdn.shopify.com/s/files/1/1330/6287/files/8492725-product_image-p2578992.jpg?v=1712143243,11
3608439483486,2354661,apparel,Down jacket,Forclaz Women's MT100 Down Puffer Vest,Forclaz Women's MT100 Down Puffer Vest,XL,Black,55.00,55.0,USD,en-US,GB-R3-U7,21,forclaz-womens-mt100-down-puffer-vest-169342,https://cdn.shopify.com/s/files/1/1330/6287/files/8397279-product_image-p2607120.jpg?v=1712056459,18
3608439483493,2354662,apparel,Down jacket,Forclaz Women's MT100 Down Puffer Vest,Forclaz Women's MT100 Down Puffer Vest,2XL,Black,55.00,55.0,USD,en-US,GB-R4-U1,18,forclaz-womens-mt100-down-puffer-vest-169342,https://cdn.shopify.com/s/files/1/1330/6287/files/8397279-product_image-p2607120.jpg?v=1712056459,18
3608439483509,2354659,apparel,Down jacket,Forclaz Women's MT100 Down Puffer Vest,Forclaz Women's MT100 Down Puffer Vest,M,Black,55.00,55.0,USD,en-US,GB-R4-U2,17,forclaz-womens-mt100-down-puffer-vest-169342,https://cdn.shopify.com/s/files/1/1330/6287/files/8397279-product_image-p2607120.jpg?v=1712056459,18
3608439483516,2354660,apparel,Down jacket,Forclaz Women's MT100 Down Puffer Vest,Forclaz Women's MT100 Down Puffer Vest,L,Black,55.00,55.0,USD,en-US,GB-R4-U3,14,forclaz-womens-mt100-down-puffer-vest-169342,https://cdn.shopify.com/s/files/1/1330/6287/files/8397279-product_image-p2607120.jpg?v=1712056459,18
3608439483523,2354656,apparel,Down jacket,Forclaz Women's MT100 Down Puffer Vest,Forclaz Women's MT100 Down Puffer Vest,XS,Black,55.00,55.0,USD,en-US,GB-R4-U4,19,forclaz-womens-mt100-down-puffer-vest-169342,https://cdn.shopify.com/s/files/1/1330/6287/files/8397279-product_image-p2607120.jpg?v=1712056459,18
3608439483530,2354657,apparel,Down jacket,Forclaz Women's MT100 Down Puffer Vest,Forclaz Women's MT100 Down Puffer Vest,S,Black,55.00,55.0,USD,en-US,GB-R4-U5,14,forclaz-womens-mt100-down-puffer-vest-169342,https://cdn.shopify.com/s/files/1/1330/6287/files/8397279-product_image-p2607120.jpg?v=1712056459,18
3608439486685,2353542,footwear,Shoes,Quechua Women's MH100 Waterproof Mid Hiking Shoes,Quechua Women's MH100 Waterproof Mid Hiking Shoes,7.5,Dark Petrol Blue,40.00,40.0,USD,en-US,PW-08,11,quechua-womens-mh100-waterproof-mid-hiking-shoes-133726-133727,https://cdn.shopify.com/s/files/1/1330/6287/files/8397086-product_image-p1568309.jpg?v=1716203002,13
3608439486692,2353543,footwear,Shoes,Quechua Women's MH100 Waterproof Mid Hiking Shoes,Quechua Women's MH100 Waterproof Mid Hiking Shoes,8,Dark Petrol Blue,40.00,40.0,USD,en-US,PE-01,13,quechua-womens-mh100-waterproof-mid-hiking-shoes-133726-133727,https://cdn.shopify.com/s/files/1/1330/6287/files/8397086-product_image-p1568309.jpg?v=1716203002,13
3608439486708,2353544,footwear,Shoes,Quechua Women's MH100 Waterproof Mid Hiking Shoes,Quechua Women's MH100 Waterproof Mid Hiking Shoes,9,Dark Petrol Blue,40.00,40.0,USD,en-US,PE-02,9,quechua-womens-mh100-waterproof-mid-hiking-shoes-133726-133727,https://cdn.shopify.com/s/files/1/1330/6287/files/8397086-product_image-p1568309.jpg?v=1716203002,13
3608439486715,2353545,footwear,Shoes,Quechua Women's MH100 Waterproof Mid Hiking Shoes,Quechua Women's MH100 Waterproof Mid Hiking Shoes,9.5,Dark Petrol Blue,40.00,40.0,USD,en-US,PE-03,6,quechua-womens-mh100-waterproof-mid-hiking-shoes-133726-133727,https://cdn.shopify.com/s/files/1/1330/6287/files/8397086-product_image-p1568309.jpg?v=1716203002,13
3608439486722,2353540,footwear,Shoes,Quechua Women's MH100 Waterproof Mid Hiking Shoes,Quechua Women's MH100 Waterproof Mid Hiking Shoes,5.5,Dark Petrol Blue,40.00,40.0,USD,en-US,PE-04,12,quechua-womens-mh100-waterproof-mid-hiking-shoes-133726-133727,https://cdn.shopify.com/s/files/1/1330/6287/files/8397086-product_image-p1568309.jpg?v=1716203002,13
3608439486739,2353541,footwear,Shoes,Quechua Women's MH100 Waterproof Mid Hiking Shoes,Quechua Women's MH100 Waterproof Mid Hiking Shoes,6.5,Dark Petrol Blue,40.00,40.0,USD,en-US,PE-05,7,quechua-womens-mh100-waterproof-mid-hiking-shoes-133726-133727,https://cdn.shopify.com/s/files/1/1330/6287/files/8397086-product_image-p1568309.jpg?v=1716203002,13
3608439488689,2349292,accessories,Glove liner,Quechua Adult MT500 Backpacking Silk Liner Gloves,Quechua Adult MT500 Backpacking Silk Liner Gloves,2XL,Black,15.00,15.0,USD,en-US,GB-R5-U1,23,mountain-trekking-liner-gloves-trek-550-fw25,https://cdn.shopify.com/s/files/1/1330/6287/files/8396267-product_image-p18974101.jpg?v=1757450179,3
3608439488696,2349291,accessories,Glove liner,Quechua Adult MT500 Backpacking Silk Liner Gloves,Quechua Adult MT500 Backpacking Silk Liner Gloves,XL,Black,15.00,15.0,USD,en-US,GB-R5-U2,18,mountain-trekking-liner-gloves-trek-550-fw25,https://cdn.shopify.com/s/files/1/1330/6287/files/8396267-product_image-p18974101.jpg?v=1757450179,3
3608439488702,2349290,accessories,Glove liner,Quechua Adult MT500 Backpacking Silk Liner Gloves,Quechua Adult MT500 Backpacking Silk Liner Gloves,L,Black,15.00,15.0,USD,en-US,GB-R5-U3,23,mountain-trekking-liner-gloves-trek-550-fw25,https://cdn.shopify.com/s/files/1/1330/6287/files/8396267-product_image-p18974101.jpg?v=1757450179,3
3608439488719,2349289,accessories,Glove liner,Quechua Adult MT500 Backpacking Silk Liner Gloves,Quechua Adult MT500 Backpacking Silk Liner Gloves,M,Black,15.00,15.0,USD,en-US,GB-R5-U4,23,mountain-trekking-liner-gloves-trek-550-fw25,https://cdn.shopify.com/s/files/1/1330/6287/files/8396267-product_image-p18974101.jpg?v=1757450179,3
3608439488726,2349288,accessories,Glove liner,Quechua Adult MT500 Backpacking Silk Liner Gloves,Quechua Adult MT500 Backpacking Silk Liner Gloves,S,Black,15.00,15.0,USD,en-US,GB-R5-U5,21,mountain-trekking-liner-gloves-trek-550-fw25,https://cdn.shopify.com/s/files/1/1330/6287/files/8396267-product_image-p18974101.jpg?v=1757450179,3
3608439488733,2349287,accessories,Glove liner,Quechua Adult MT500 Backpacking Silk Liner Gloves,Quechua Adult MT500 Backpacking Silk Liner Gloves,XS,Black,15.00,15.0,USD,en-US,GB-R5-U6,23,mountain-trekking-liner-gloves-trek-550-fw25,https://cdn.shopify.com/s/files/1/1330/6287/files/8396267-product_image-p18974101.jpg?v=1757450179,3
3608439509896,2191613,apparel,Jacket,Quechua Women's Raincut Full Zip Windproof and Water-repellent Rain Jacket,Quechua Women's Raincut Full Zip Windproof and Water-repellent Rain Jacket,XS,White,29.99,29.99,USD,en-US,GB-R4-U6,21,quechua-womens-raincut-full-zip-windproof-and-water-repellent-rain-jacket-134585,https://cdn.shopify.com/s/files/1/1330/6287/files/8383702-product_image-p2643938.jpg?v=1704715995,7
3608439509919,2191616,apparel,Jacket,Quechua Women's Raincut Full Zip Windproof and Water-repellent Rain Jacket,Quechua Women's Raincut Full Zip Windproof and Water-repellent Rain Jacket,L,White,29.99,29.99,USD,en-US,GB-R4-U7,13,quechua-womens-raincut-full-zip-windproof-and-water-repellent-rain-jacket-134585,https://cdn.shopify.com/s/files/1/1330/6287/files/8383702-product_image-p2643938.jpg?v=1704715995,7
3608439509926,2191617,apparel,Jacket,Quechua Women's Raincut Full Zip Windproof and Water-repellent Rain Jacket,Quechua Women's Raincut Full Zip Windproof and Water-repellent Rain Jacket,XL,White,29.99,29.99,USD,en-US,FR-01,17,quechua-womens-raincut-full-zip-windproof-and-water-repellent-rain-jacket-134585,https://cdn.shopify.com/s/files/1/1330/6287/files/8383702-product_image-p2643938.jpg?v=1704715995,7
3608439509933,2191614,apparel,Jacket,Quechua Women's Raincut Full Zip Windproof and Water-repellent Rain Jacket,Quechua Women's Raincut Full Zip Windproof and Water-repellent Rain Jacket,S,White,29.99,29.99,USD,en-US,FR-02,15,quechua-womens-raincut-full-zip-windproof-and-water-repellent-rain-jacket-134585,https://cdn.shopify.com/s/files/1/1330/6287/files/8383702-product_image-p2643938.jpg?v=1704715995,7
3608439509940,2191615,apparel,Jacket,Quechua Women's Raincut Full Zip Windproof and Water-repellent Rain Jacket,Quechua Women's Raincut Full Zip Windproof and Water-repellent Rain Jacket,M,White,29.99,29.99,USD,en-US,FR-03,12,quechua-womens-raincut-full-zip-windproof-and-water-repellent-rain-jacket-134585,https://cdn.shopify.com/s/files/1/1330/6287/files/8383702-product_image-p2643938.jpg?v=1704715995,7
3608439511875,2189141,bag_pack,Travel bag,Simond 500 Extend 40-60 L Duffel Bag,Simond 500 Extend 40-60 L Duffel Bag,40 L,Teal Green,60.00,60.0,USD,en-US,GF-R5-U7,10,simond-500-extend-40-60-l-duffel-bag-156359,https://cdn.shopify.com/s/files/1/1330/6287/files/8383299-product_image-p2439908_a0618d9f-e032-4310-aad9-4a4e2b5cc349.jpg?v=1748542814,32
3608439511899,2189140,bag_pack,Travel bag,Simond 500 Extend 40-60 L Duffel Bag,Simond 500 Extend 40-60 L Duffel Bag,40 L,Bronze Khaki Green,60.00,60.0,USD,en-US,PE-06,8,simond-500-extend-40-60-l-duffel-bag-156359,https://cdn.shopify.com/s/files/1/1330/6287/files/8383299-product_image-p2439908_a0618d9f-e032-4310-aad9-4a4e2b5cc349.jpg?v=1748542814,32
3608439551260,2095208,footwear,Shoes,Quechua Men's NH100 Warm Waterproof High Hiking Boots,Quechua Men's NH100 Warm Waterproof High Hiking Boots,6.5,Smoked Black,55.00,55.0,USD,en-US,FB-01,10,mens-warm-and-waterproof-hiking-boots-sh100-high-143765,https://cdn.shopify.com/s/files/1/1330/6287/files/8367617-product_image-p2579580.jpg?v=1755558701,10
3608439551277,2095209,footwear,Shoes,Quechua Men's NH100 Warm Waterproof High Hiking Boots,Quechua Men's NH100 Warm Waterproof High Hiking Boots,7.5,Smoked Black,55.00,55.0,USD,en-US,GA-01,11,mens-warm-and-waterproof-hiking-boots-sh100-high-143765,https://cdn.shopify.com/s/files/1/1330/6287/files/8367617-product_image-p2579580.jpg?v=1755558701,10
3608439551284,2095210,footwear,Shoes,Quechua Men's NH100 Warm Waterproof High Hiking Boots,Quechua Men's NH100 Warm Waterproof High Hiking Boots,8,Smoked Black,55.00,55.0,USD,en-US,GA-02,10,mens-warm-and-waterproof-hiking-boots-sh100-high-143765,https://cdn.shopify.com/s/files/1/1330/6287/files/8367617-product_image-p2579580.jpg?v=1755558701,10
3608439551291,2095211,footwear,Shoes,Quechua Men's NH100 Warm Waterproof High Hiking Boots,Quechua Men's NH100 Warm Waterproof High Hiking Boots,9,Smoked Black,55.00,55.0,USD,en-US,PW-01,11,mens-warm-and-waterproof-hiking-boots-sh100-high-143765,https://cdn.shopify.com/s/files/1/1330/6287/files/8367617-product_image-p2579580.jpg?v=1755558701,10
3608439551338,2095216,footwear,Shoes,Quechua Men's NH100 Warm Waterproof High Hiking Boots,Quechua Men's NH100 Warm Waterproof High Hiking Boots,13,Smoked Black,55.00,55.0,USD,en-US,PW-02,6,mens-warm-and-waterproof-hiking-boots-sh100-high-143765,https://cdn.shopify.com/s/files/1/1330/6287/files/8367617-product_image-p2579580.jpg?v=1755558701,10
3608439551345,2095213,footwear,Shoes,Quechua Men's NH100 Warm Waterproof High Hiking Boots,Quechua Men's NH100 Warm Waterproof High Hiking Boots,10.5,Smoked Black,55.00,55.0,USD,en-US,PW-03,7,mens-warm-and-waterproof-hiking-boots-sh100-high-143765,https://cdn.shopify.com/s/files/1/1330/6287/files/8367617-product_image-p2579580.jpg?v=1755558701,10
3608439551352,2095212,footwear,Shoes,Quechua Men's NH100 Warm Waterproof High Hiking Boots,Quechua Men's NH100 Warm Waterproof High Hiking Boots,9.5,Smoked Black,55.00,55.0,USD,en-US,PW-04,9,mens-warm-and-waterproof-hiking-boots-sh100-high-143765,https://cdn.shopify.com/s/files/1/1330/6287/files/8367617-product_image-p2579580.jpg?v=1755558701,10
3608439551369,2095215,footwear,Shoes,Quechua Men's NH100 Warm Waterproof High Hiking Boots,Quechua Men's NH100 Warm Waterproof High Hiking Boots,12,Smoked Black,55.00,55.0,USD,en-US,PW-05,7,mens-warm-and-waterproof-hiking-boots-sh100-high-143765,https://cdn.shopify.com/s/files/1/1330/6287/files/8367617-product_image-p2579580.jpg?v=1755558701,10
3608439551376,2095214,footwear,Shoes,Quechua Men's NH100 Warm Waterproof High Hiking Boots,Quechua Men's NH100 Warm Waterproof High Hiking Boots,11.5,Smoked Black,55.00,55.0,USD,en-US,PW-06,13,mens-warm-and-waterproof-hiking-boots-sh100-high-143765,https://cdn.shopify.com/s/files/1/1330/6287/files/8367617-product_image-p2579580.jpg?v=1755558701,10
3608439553189,2094206,footwear,Shoes,Quechua Women's SH100 MID Warm and Waterproof Hiking Boots,Quechua Women's SH100 MID Warm and Waterproof Hiking Boots,5.5,Black,35.00,35.0,USD,en-US,PW-07,11,womens-snow-hiking-warm-boots-sh100,https://cdn.shopify.com/s/files/1/1330/6287/files/8367538-product_image-p1647641.jpg?v=1703074288,12
3608439553196,2094207,footwear,Shoes,Quechua Women's SH100 MID Warm and Waterproof Hiking Boots,Quechua Women's SH100 MID Warm and Waterproof Hiking Boots,6.5,Black,35.00,35.0,USD,en-US,PW-08,7,womens-snow-hiking-warm-boots-sh100,https://cdn.shopify.com/s/files/1/1330/6287/files/8367538-product_image-p1647641.jpg?v=1703074288,12
3608439553202,2094208,footwear,Shoes,Quechua Women's SH100 MID Warm and Waterproof Hiking Boots,Quechua Women's SH100 MID Warm and Waterproof Hiking Boots,7.5,Black,35.00,35.0,USD,en-US,PE-01,9,womens-snow-hiking-warm-boots-sh100,https://cdn.shopify.com/s/files/1/1330/6287/files/8367538-product_image-p1647641.jpg?v=1703074288,12
3608439553219,2094209,footwear,Shoes,Quechua Women's SH100 MID Warm and Waterproof Hiking Boots,Quechua Women's SH100 MID Warm and Waterproof Hiking Boots,8,Black,35.00,35.0,USD,en-US,PE-02,11,womens-snow-hiking-warm-boots-sh100,https://cdn.shopify.com/s/files/1/1330/6287/files/8367538-product_image-p1647641.jpg?v=1703074288,12
3608439553226,2094210,footwear,Shoes,Quechua Women's SH100 MID Warm and Waterproof Hiking Boots,Quechua Women's SH100 MID Warm and Waterproof Hiking Boots,9,Black,35.00,35.0,USD,en-US,PE-03,7,womens-snow-hiking-warm-boots-sh100,https://cdn.shopify.com/s/files/1/1330/6287/files/8367538-product_image-p1647641.jpg?v=1703074288,12
3608439553233,2094211,footwear,Shoes,Quechua Women's SH100 MID Warm and Waterproof Hiking Boots,Quechua Women's SH100 MID Warm and Waterproof Hiking Boots,9.5,Black,35.00,35.0,USD,en-US,PE-04,8,womens-snow-hiking-warm-boots-sh100,https://cdn.shopify.com/s/files/1/1330/6287/files/8367538-product_image-p1647641.jpg?v=1703074288,12
3608439553240,2094212,footwear,Shoes,Quechua Women's SH100 MID Warm and Waterproof Hiking Boots,Quechua Women's SH100 MID Warm and Waterproof Hiking Boots,10.5,Black,35.00,35.0,USD,en-US,PE-05,13,womens-snow-hiking-warm-boots-sh100,https://cdn.shopify.com/s/files/1/1330/6287/files/8367538-product_image-p1647641.jpg?v=1703074288,12
3608439597503,1832644,footwear,Snow boots,Quechua Women's SH100 Warm Waterproof Mid Snow Boots,Quechua Women's SH100 Warm Waterproof Mid Snow Boots,10.5 - 11,Steel Gray,25.00,25.0,USD,en-US,FB-01,12,womens-warm-waterproof-snow-hiking-boots-sh100-mid-108086,https://cdn.shopify.com/s/files/1/1330/6287/files/8344698-product_image-p1647622.jpg?v=1703074105,5
3608439597510,1832643,footwear,Snow boots,Quechua Women's SH100 Warm Waterproof Mid Snow Boots,Quechua Women's SH100 Warm Waterproof Mid Snow Boots,9 - 9.5,Steel Gray,25.00,25.0,USD,en-US,GA-01,11,womens-warm-waterproof-snow-hiking-boots-sh100-mid-108086,https://cdn.shopify.com/s/files/1/1330/6287/files/8344698-product_image-p1647622.jpg?v=1703074105,5
3608439597527,1832642,footwear,Snow boots,Quechua Women's SH100 Warm Waterproof Mid Snow Boots,Quechua Women's SH100 Warm Waterproof Mid Snow Boots,7.5 - 8,Steel Gray,25.00,25.0,USD,en-US,GA-02,9,womens-warm-waterproof-snow-hiking-boots-sh100-mid-108086,https://cdn.shopify.com/s/files/1/1330/6287/files/8344698-product_image-p1647622.jpg?v=1703074105,5
3608439597534,1832641,footwear,Snow boots,Quechua Women's SH100 Warm Waterproof Mid Snow Boots,Quechua Women's SH100 Warm Waterproof Mid Snow Boots,5.5 - 6.5,Steel Gray,25.00,25.0,USD,en-US,PW-01,7,womens-warm-waterproof-snow-hiking-boots-sh100-mid-108086,https://cdn.shopify.com/s/files/1/1330/6287/files/8344698-product_image-p1647622.jpg?v=1703074105,5
3608439605567,894035,footwear,Snow boots,Men's SH100 Warm Waterproof Snow Boots,Men's SH100 Warm Waterproof Snow Boots,10.5 - 11.5,Carbon Gray,25.00,25.0,USD,en-US,PW-02,7,mens-warm-waterproof-snow-boots-sh100-108105,https://cdn.shopify.com/s/files/1/1330/6287/files/8344304-product_image-p2047836.jpg?v=1703074101,7
3608439605574,894031,footwear,Snow boots,Men's SH100 Warm Waterproof Snow Boots,Men's SH100 Warm Waterproof Snow Boots,9 - 9.5,Carbon Gray,25.00,25.0,USD,en-US,PW-03,12,mens-warm-waterproof-snow-boots-sh100-108105,https://cdn.shopify.com/s/files/1/1330/6287/files/8344304-product_image-p2047836.jpg?v=1703074101,7
3608439605581,894037,footwear,Snow boots,Men's SH100 Warm Waterproof Snow Boots,Men's SH100 Warm Waterproof Snow Boots,12 - 13,Carbon Gray,25.00,25.0,USD,en-US,PW-04,6,mens-warm-waterproof-snow-boots-sh100-108105,https://cdn.shopify.com/s/files/1/1330/6287/files/8344304-product_image-p2047836.jpg?v=1703074101,7
3608439605598,894030,footwear,Snow boots,Men's SH100 Warm Waterproof Snow Boots,Men's SH100 Warm Waterproof Snow Boots,7.5 - 8,Carbon Gray,25.00,25.0,USD,en-US,PW-05,10,mens-warm-waterproof-snow-boots-sh100-108105,https://cdn.shopify.com/s/files/1/1330/6287/files/8344304-product_image-p2047836.jpg?v=1703074101,7
3608439605604,894029,footwear,Snow boots,Men's SH100 Warm Waterproof Snow Boots,Men's SH100 Warm Waterproof Snow Boots,6 - 6.5,Carbon Gray,25.00,25.0,USD,en-US,PW-06,9,mens-warm-waterproof-snow-boots-sh100-108105,https://cdn.shopify.com/s/files/1/1330/6287/files/8344304-product_image-p2047836.jpg?v=1703074101,7
3608439667671,375674,apparel,Down jacket,Simond Men's MT500 Down Puffer Jacket,Simond Men's MT500 Down Puffer Jacket,M,Black,149.00,149.0,USD,en-US,FR-04,16,mens-mountain-trekking-down-jacket-mt500-10-degrees-celcius-12077,https://cdn.shopify.com/s/files/1/1330/6287/files/8611349-product_image-p2920873_dcee697e-fff3-4056-bc17-13187e98513d.jpg?v=1757361220,20
3608439667688,375668,apparel,Down jacket,Simond Men's MT500 Down Puffer Jacket,Simond Men's MT500 Down Puffer Jacket,S,Black,149.00,149.0,USD,en-US,GF-R1-U1,14,mens-mountain-trekking-down-jacket-mt500-10-degrees-celcius-12077,https://cdn.shopify.com/s/files/1/1330/6287/files/8611349-product_image-p2920873_dcee697e-fff3-4056-bc17-13187e98513d.jpg?v=1757361220,20
3608439667701,375682,apparel,Down jacket,Simond Men's MT500 Down Puffer Jacket,Simond Men's MT500 Down Puffer Jacket,3XL,Black,149.00,149.0,USD,en-US,GF-R1-U2,20,mens-mountain-trekking-down-jacket-mt500-10-degrees-celcius-12077,https://cdn.shopify.com/s/files/1/1330/6287/files/8611349-product_image-p2920873_dcee697e-fff3-4056-bc17-13187e98513d.jpg?v=1757361220,20
3608439667718,375680,apparel,Down jacket,Simond Men's MT500 Down Puffer Jacket,Simond Men's MT500 Down Puffer Jacket,2XL,Black,149.00,149.0,USD,en-US,GF-R1-U3,10,mens-mountain-trekking-down-jacket-mt500-10-degrees-celcius-12077,https://cdn.shopify.com/s/files/1/1330/6287/files/8611349-product_image-p2920873_dcee697e-fff3-4056-bc17-13187e98513d.jpg?v=1757361220,20
3608439667725,375678,apparel,Down jacket,Simond Men's MT500 Down Puffer Jacket,Simond Men's MT500 Down Puffer Jacket,XL,Black,149.00,149.0,USD,en-US,GF-R1-U4,21,mens-mountain-trekking-down-jacket-mt500-10-degrees-celcius-12077,https://cdn.shopify.com/s/files/1/1330/6287/files/8611349-product_image-p2920873_dcee697e-fff3-4056-bc17-13187e98513d.jpg?v=1757361220,20
3608439667732,375675,apparel,Down jacket,Simond Men's MT500 Down Puffer Jacket,Simond Men's MT500 Down Puffer Jacket,L,Black,149.00,149.0,USD,en-US,GF-R1-U5,12,mens-mountain-trekking-down-jacket-mt500-10-degrees-celcius-12077,https://cdn.shopify.com/s/files/1/1330/6287/files/8611349-product_image-p2920873_dcee697e-fff3-4056-bc17-13187e98513d.jpg?v=1757361220,20
3608439670732,364808,apparel,Down jacket,Simond Men's MT500 Down Puffer Vest,Simond Men's MT500 Down Puffer Vest,2XL,Black,119.00,119.0,USD,en-US,GF-R1-U6,16,mens-hiking-sleeveless-padded-waistcoat-x-warm,https://cdn.shopify.com/s/files/1/1330/6287/files/8317724-product_image-p2598936.jpg?v=1711969533,22
3608439670749,364818,apparel,Down jacket,Simond Men's MT500 Down Puffer Vest,Simond Men's MT500 Down Puffer Vest,3XL,Black,119.00,119.0,USD,en-US,GF-R1-U7,17,mens-hiking-sleeveless-padded-waistcoat-x-warm,https://cdn.shopify.com/s/files/1/1330/6287/files/8317724-product_image-p2598936.jpg?v=1711969533,22
3608439670756,364803,apparel,Down jacket,Simond Men's MT500 Down Puffer Vest,Simond Men's MT500 Down Puffer Vest,L,Black,119.00,119.0,USD,en-US,GF-R2-U1,11,mens-hiking-sleeveless-padded-waistcoat-x-warm,https://cdn.shopify.com/s/files/1/1330/6287/files/8317724-product_image-p2598936.jpg?v=1711969533,22
3608439670763,364806,apparel,Down jacket,Simond Men's MT500 Down Puffer Vest,Simond Men's MT500 Down Puffer Vest,XL,Black,119.00,119.0,USD,en-US,GF-R2-U2,20,mens-hiking-sleeveless-padded-waistcoat-x-warm,https://cdn.shopify.com/s/files/1/1330/6287/files/8317724-product_image-p2598936.jpg?v=1711969533,22
3608439670770,364794,apparel,Down jacket,Simond Men's MT500 Down Puffer Vest,Simond Men's MT500 Down Puffer Vest,S,Black,119.00,119.0,USD,en-US,GF-R2-U3,17,mens-hiking-sleeveless-padded-waistcoat-x-warm,https://cdn.shopify.com/s/files/1/1330/6287/files/8317724-product_image-p2598936.jpg?v=1711969533,22
3608439670787,364796,apparel,Down jacket,Simond Men's MT500 Down Puffer Vest,Simond Men's MT500 Down Puffer Vest,M,Black,119.00,119.0,USD,en-US,GF-R2-U4,13,mens-hiking-sleeveless-padded-waistcoat-x-warm,https://cdn.shopify.com/s/files/1/1330/6287/files/8317724-product_image-p2598936.jpg?v=1711969533,22
3608439685880,343284,apparel,Long-sleeved t-shirt,Simond Women's Travel 100 Merino Wool Long-sleeve Shirt,Simond Women's Travel 100 Merino Wool Long-sleeve Shirt,S,Black,40.00,40.0,USD,en-US,GF-R2-U5,20,womens-hiking-long-sleeve-t-shirt-techwool-155,https://cdn.shopify.com/s/files/1/1330/6287/files/8316437-product_image-p2660430_2d351676-9ffd-4d18-a4f6-0455f26a2aad.jpg?v=1755805972,13
3608439685897,343292,apparel,Long-sleeved t-shirt,Simond Women's Travel 100 Merino Wool Long-sleeve Shirt,Simond Women's Travel 100 Merino Wool Long-sleeve Shirt,M,Black,40.00,40.0,USD,en-US,GF-R2-U6,18,womens-hiking-long-sleeve-t-shirt-techwool-155,https://cdn.shopify.com/s/files/1/1330/6287/files/8316437-product_image-p2660430_2d351676-9ffd-4d18-a4f6-0455f26a2aad.jpg?v=1755805972,13
3608439685903,343301,apparel,Long-sleeved t-shirt,Simond Women's Travel 100 Merino Wool Long-sleeve Shirt,Simond Women's Travel 100 Merino Wool Long-sleeve Shirt,L,Black,40.00,40.0,USD,en-US,GF-R2-U7,11,womens-hiking-long-sleeve-t-shirt-techwool-155,https://cdn.shopify.com/s/files/1/1330/6287/files/8316437-product_image-p2660430_2d351676-9ffd-4d18-a4f6-0455f26a2aad.jpg?v=1755805972,13
3608439685927,343307,apparel,Long-sleeved t-shirt,Simond Women's Travel 100 Merino Wool Long-sleeve Shirt,Simond Women's Travel 100 Merino Wool Long-sleeve Shirt,XL,Black,40.00,40.0,USD,en-US,GF-R3-U1,11,womens-hiking-long-sleeve-t-shirt-techwool-155,https://cdn.shopify.com/s/files/1/1330/6287/files/8316437-product_image-p2660430_2d351676-9ffd-4d18-a4f6-0455f26a2aad.jpg?v=1755805972,13
3608439686177,343277,apparel,Long-sleeved t-shirt,Simond Women's Travel 100 Merino Wool Long-sleeve Shirt,Simond Women's Travel 100 Merino Wool Long-sleeve Shirt,XS,Black,40.00,40.0,USD,en-US,GF-R3-U2,20,womens-hiking-long-sleeve-t-shirt-techwool-155,https://cdn.shopify.com/s/files/1/1330/6287/files/8316437-product_image-p2660430_2d351676-9ffd-4d18-a4f6-0455f26a2aad.jpg?v=1755805972,13
3608439687914,338310,apparel,T-shirt,Quechua Men's Hiking Synthetic Short-Sleeved T-Shirt MH100,Quechua Men's Hiking Synthetic Short-Sleeved T-Shirt MH100,4XL,Carbon Gray,10.00,10.0,USD,en-US,GF-R3-U3,14,mens-hiking-synthetic-short-sleeved-t-shirt-mh100-106632,https://cdn.shopify.com/s/files/1/1330/6287/files/8316244-product_image-p2239578.jpg?v=1740180496,10
3608439687921,338308,apparel,T-shirt,Quechua Men's Hiking Synthetic Short-Sleeved T-Shirt MH100,Quechua Men's Hiking Synthetic Short-Sleeved T-Shirt MH100,3XL,Carbon Gray,10.00,10.0,USD,en-US,GF-R3-U4,17,mens-hiking-synthetic-short-sleeved-t-shirt-mh100-106632,https://cdn.shopify.com/s/files/1/1330/6287/files/8316244-product_image-p2239578.jpg?v=1740180496,10
3608439687976,338302,apparel,T-shirt,Quechua Men's Hiking Synthetic Short-Sleeved T-Shirt MH100,Quechua Men's Hiking Synthetic Short-Sleeved T-Shirt MH100,2XL,Carbon Gray,10.00,10.0,USD,en-US,GF-R3-U5,15,mens-hiking-synthetic-short-sleeved-t-shirt-mh100-106632,https://cdn.shopify.com/s/files/1/1330/6287/files/8316244-product_image-p2239578.jpg?v=1740180496,10
3608439687983,338299,apparel,T-shirt,Quechua Men's Hiking Synthetic Short-Sleeved T-Shirt MH100,Quechua Men's Hiking Synthetic Short-Sleeved T-Shirt MH100,XL,Carbon Gray,10.00,10.0,USD,en-US,GF-R3-U6,19,mens-hiking-synthetic-short-sleeved-t-shirt-mh100-106632,https://cdn.shopify.com/s/files/1/1330/6287/files/8316244-product_image-p2239578.jpg?v=1740180496,10
3608439688003,338292,apparel,T-shirt,Quechua Men's Hiking Synthetic Short-Sleeved T-Shirt MH100,Quechua Men's Hiking Synthetic Short-Sleeved T-Shirt MH100,L,Carbon Gray,10.00,10.0,USD,en-US,GF-R3-U7,14,mens-hiking-synthetic-short-sleeved-t-shirt-mh100-106632,https://cdn.shopify.com/s/files/1/1330/6287/files/8316244-product_image-p2239578.jpg?v=1740180496,10
3608439688027,338287,apparel,T-shirt,Quechua Men's Hiking Synthetic Short-Sleeved T-Shirt MH100,Quechua Men's Hiking Synthetic Short-Sleeved T-Shirt MH100,M,Carbon Gray,10.00,10.0,USD,en-US,GF-R4-U1,19,mens-hiking-synthetic-short-sleeved-t-shirt-mh100-106632,https://cdn.shopify.com/s/files/1/1330/6287/files/8316244-product_image-p2239578.jpg?v=1740180496,10
3608439688034,338286,apparel,T-shirt,Quechua Men's Hiking Synthetic Short-Sleeved T-Shirt MH100,Quechua Men's Hiking Synthetic Short-Sleeved T-Shirt MH100,S,Carbon Gray,10.00,10.0,USD,en-US,GF-R4-U2,18,mens-hiking-synthetic-short-sleeved-t-shirt-mh100-106632,https://cdn.shopify.com/s/files/1/1330/6287/files/8316244-product_image-p2239578.jpg?v=1740180496,10
3608439934582,1406398,apparel,Fleece,Quechua Men's MH120 Fleece Vest,Quechua Men's MH120 Fleece Vest,2XL,Black,20.00,20.0,USD,en-US,GF-R4-U3,19,quechua-mh120-fleece-hiking-vest-mens-12483,https://cdn.shopify.com/s/files/1/1330/6287/files/8189216-product_image-p2607136.jpg?v=1712228909,8
3608439934971,1406394,apparel,Fleece,Quechua Men's MH120 Fleece Vest,Quechua Men's MH120 Fleece Vest,M,Black,20.00,20.0,USD,en-US,GF-R4-U4,14,quechua-mh120-fleece-hiking-vest-mens-12483,https://cdn.shopify.com/s/files/1/1330/6287/files/8189216-product_image-p2607136.jpg?v=1712228909,8
3608439935053,1406395,apparel,Fleece,Quechua Men's MH120 Fleece Vest,Quechua Men's MH120 Fleece Vest,L,Black,20.00,20.0,USD,en-US,GF-R4-U5,21,quechua-mh120-fleece-hiking-vest-mens-12483,https://cdn.shopify.com/s/files/1/1330/6287/files/8189216-product_image-p2607136.jpg?v=1712228909,8
3608439935084,1406397,apparel,Fleece,Quechua Men's MH120 Fleece Vest,Quechua Men's MH120 Fleece Vest,XL,Black,20.00,20.0,USD,en-US,GF-R4-U6,21,quechua-mh120-fleece-hiking-vest-mens-12483,https://cdn.shopify.com/s/files/1/1330/6287/files/8189216-product_image-p2607136.jpg?v=1712228909,8
3608439935121,1406393,apparel,Fleece,Quechua Men's MH120 Fleece Vest,Quechua Men's MH120 Fleece Vest,S,Black,20.00,20.0,USD,en-US,GF-R4-U7,21,quechua-mh120-fleece-hiking-vest-mens-12483,https://cdn.shopify.com/s/files/1/1330/6287/files/8189216-product_image-p2607136.jpg?v=1712228909,8
3608449803700,4883244,apparel,Jacket,Wedze Men's Warm Ski Jacket 500,Wedze Men's Warm Ski Jacket 500,M,Smoked Black,149.00,149.0,USD,en-US,GB-R1-U1,21,wedze-mens-warm-ski-jacket-500-346314-fw25,https://cdn.shopify.com/s/files/1/1330/6287/files/8830516-product_image-p2577367.jpg?v=1758825686,25
3608449803717,4883243,apparel,Jacket,Wedze Men's Warm Ski Jacket 500,Wedze Men's Warm Ski Jacket 500,S,Smoked Black,149.00,149.0,USD,en-US,GB-R1-U2,14,wedze-mens-warm-ski-jacket-500-346314-fw25,https://cdn.shopify.com/s/files/1/1330/6287/files/8830516-product_image-p2577367.jpg?v=1758825686,25
3608449803731,4883248,apparel,Jacket,Wedze Men's Warm Ski Jacket 500,Wedze Men's Warm Ski Jacket 500,3XL,Smoked Black,149.00,149.0,USD,en-US,GB-R1-U3,10,wedze-mens-warm-ski-jacket-500-346314-fw25,https://cdn.shopify.com/s/files/1/1330/6287/files/8830516-product_image-p2577367.jpg?v=1758825686,25
3608449803748,4883247,apparel,Jacket,Wedze Men's Warm Ski Jacket 500,Wedze Men's Warm Ski Jacket 500,2XL,Smoked Black,149.00,149.0,USD,en-US,GB-R1-U4,12,wedze-mens-warm-ski-jacket-500-346314-fw25,https://cdn.shopify.com/s/files/1/1330/6287/files/8830516-product_image-p2577367.jpg?v=1758825686,25
3608449803755,4883246,apparel,Jacket,Wedze Men's Warm Ski Jacket 500,Wedze Men's Warm Ski Jacket 500,XL,Smoked Black,149.00,149.0,USD,en-US,GB-R1-U5,15,wedze-mens-warm-ski-jacket-500-346314-fw25,https://cdn.shopify.com/s/files/1/1330/6287/files/8830516-product_image-p2577367.jpg?v=1758825686,25
3608449803762,4883245,apparel,Jacket,Wedze Men's Warm Ski Jacket 500,Wedze Men's Warm Ski Jacket 500,L,Smoked Black,149.00,149.0,USD,en-US,GB-R1-U6,10,wedze-mens-warm-ski-jacket-500-346314-fw25,https://cdn.shopify.com/s/files/1/1330/6287/files/8830516-product_image-p2577367.jpg?v=1758825686,25
3608449804271,4883302,apparel,Jacket,Wedze Women's 500 Waterproof Ski Jacket,Wedze Women's 500 Waterproof Ski Jacket,S,Smoked Black,149.00,149.0,USD,en-US,GB-R1-U7,11,wedze-womens-warm-and-waterproof-ski-jacket-500-glacier-blue-346390-fw25,https://cdn.shopify.com/s/files/1/1330/6287/files/8807731-product_image-p2611416.jpg?v=1755553619,23
3608449804295,4883300,apparel,Jacket,Wedze Women's 500 Waterproof Ski Jacket,Wedze Women's 500 Waterproof Ski Jacket,2XL,Smoked Black,149.00,149.0,USD,en-US,GB-R2-U1,17,wedze-womens-warm-and-waterproof-ski-jacket-500-glacier-blue-346390-fw25,https://cdn.shopify.com/s/files/1/1330/6287/files/8807731-product_image-p2611416.jpg?v=1755553619,23
3608449804301,4883299,apparel,Jacket,Wedze Women's 500 Waterproof Ski Jacket,Wedze Women's 500 Waterproof Ski Jacket,XL,Smoked Black,149.00,149.0,USD,en-US,GB-R2-U2,10,wedze-womens-warm-and-waterproof-ski-jacket-500-glacier-blue-346390-fw25,https://cdn.shopify.com/s/files/1/1330/6287/files/8807731-product_image-p2611416.jpg?v=1755553619,23
3608449804318,4883298,apparel,Jacket,Wedze Women's 500 Waterproof Ski Jacket,Wedze Women's 500 Waterproof Ski Jacket,L,Smoked Black,149.00,149.0,USD,en-US,GB-R2-U3,11,wedze-womens-warm-and-waterproof-ski-jacket-500-glacier-blue-346390-fw25,https://cdn.shopify.com/s/files/1/1330/6287/files/8807731-product_image-p2611416.jpg?v=1755553619,23
3608449804325,4883297,apparel,Jacket,Wedze Women's 500 Waterproof Ski Jacket,Wedze Women's 500 Waterproof Ski Jacket,M,Smoked Black,149.00,149.0,USD,en-US,GB-R2-U4,15,wedze-womens-warm-and-waterproof-ski-jacket-500-glacier-blue-346390-fw25,https://cdn.shopify.com/s/files/1/1330/6287/files/8807731-product_image-p2611416.jpg?v=1755553619,23
3608449805117,4560145,apparel,Base layer,Wedze Women's BL500 Ski Base Layer Top,Wedze Women's BL500 Ski Base Layer Top,XL,Black,24.99,24.99,USD,en-US,GB-R2-U5,21,wedze-womens-bl500-ski-base-layer-top-340538,https://cdn.shopify.com/s/files/1/1330/6287/files/8759463-product_image-p2577379.jpg?v=1755814043,7
3608449805124,4560146,apparel,Base layer,Wedze Women's BL500 Ski Base Layer Top,Wedze Women's BL500 Ski Base Layer Top,2XL,Black,24.99,24.99,USD,en-US,GB-R2-U6,10,wedze-womens-bl500-ski-base-layer-top-340538,https://cdn.shopify.com/s/files/1/1330/6287/files/8759463-product_image-p2577379.jpg?v=1755814043,7
3608449805131,4560143,apparel,Base layer,Wedze Women's BL500 Ski Base Layer Top,Wedze Women's BL500 Ski Base Layer Top,M,Black,24.99,24.99,USD,en-US,GB-R2-U7,14,wedze-womens-bl500-ski-base-layer-top-340538,https://cdn.shopify.com/s/files/1/1330/6287/files/8759463-product_image-p2577379.jpg?v=1755814043,7
3608449805148,4560144,apparel,Base layer,Wedze Women's BL500 Ski Base Layer Top,Wedze Women's BL500 Ski Base Layer Top,L,Black,24.99,24.99,USD,en-US,GB-R3-U1,10,wedze-womens-bl500-ski-base-layer-top-340538,https://cdn.shopify.com/s/files/1/1330/6287/files/8759463-product_image-p2577379.jpg?v=1755814043,7
3608449805155,4560141,apparel,Base layer,Wedze Women's BL500 Ski Base Layer Top,Wedze Women's BL500 Ski Base Layer Top,XS,Black,24.99,24.99,USD,en-US,GB-R3-U2,17,wedze-womens-bl500-ski-base-layer-top-340538,https://cdn.shopify.com/s/files/1/1330/6287/files/8759463-product_image-p2577379.jpg?v=1755814043,7
3608449805162,4560142,apparel,Base layer,Wedze Women's BL500 Ski Base Layer Top,Wedze Women's BL500 Ski Base Layer Top,S,Black,24.99,24.99,USD,en-US,GB-R3-U3,10,wedze-womens-bl500-ski-base-layer-top-340538,https://cdn.shopify.com/s/files/1/1330/6287/files/8759463-product_image-p2577379.jpg?v=1755814043,7
3608449805179,4560181,apparel,Baselayer bottom,Wedze Women's BL500 Ski Base Layer Bottoms,Wedze Women's BL500 Ski Base Layer Bottoms,2XL,Black,24.99,24.99,USD,en-US,GB-R3-U4,17,womens-ski-base-layer-bottoms-bl-500-black-340556,https://cdn.shopify.com/s/files/1/1330/6287/files/8759474-product_image-p2579859.jpg?v=1755805942,4
3608449805186,4560179,apparel,Baselayer bottom,Wedze Women's BL500 Ski Base Layer Bottoms,Wedze Women's BL500 Ski Base Layer Bottoms,L,Black,24.99,24.99,USD,en-US,GB-R3-U5,10,womens-ski-base-layer-bottoms-bl-500-black-340556,https://cdn.shopify.com/s/files/1/1330/6287/files/8759474-product_image-p2579859.jpg?v=1755805942,4
3608449805193,4560180,apparel,Baselayer bottom,Wedze Women's BL500 Ski Base Layer Bottoms,Wedze Women's BL500 Ski Base Layer Bottoms,XL,Black,24.99,24.99,USD,en-US,GB-R3-U6,11,womens-ski-base-layer-bottoms-bl-500-black-340556,https://cdn.shopify.com/s/files/1/1330/6287/files/8759474-product_image-p2579859.jpg?v=1755805942,4
3608449805209,4560177,apparel,Baselayer bottom,Wedze Women's BL500 Ski Base Layer Bottoms,Wedze Women's BL500 Ski Base Layer Bottoms,S,Black,24.99,24.99,USD,en-US,GB-R3-U7,21,womens-ski-base-layer-bottoms-bl-500-black-340556,https://cdn.shopify.com/s/files/1/1330/6287/files/8759474-product_image-p2579859.jpg?v=1755805942,4
3608449805216,4560178,apparel,Baselayer bottom,Wedze Women's BL500 Ski Base Layer Bottoms,Wedze Women's BL500 Ski Base Layer Bottoms,M,Black,24.99,24.99,USD,en-US,GB-R4-U1,10,womens-ski-base-layer-bottoms-bl-500-black-340556,https://cdn.shopify.com/s/files/1/1330/6287/files/8759474-product_image-p2579859.jpg?v=1755805942,4
3608449805223,4560176,apparel,Baselayer bottom,Wedze Women's BL500 Ski Base Layer Bottoms,Wedze Women's BL500 Ski Base Layer Bottoms,XS,Black,24.99,24.99,USD,en-US,GB-R4-U2,19,womens-ski-base-layer-bottoms-bl-500-black-340556,https://cdn.shopify.com/s/files/1/1330/6287/files/8759474-product_image-p2579859.jpg?v=1755805942,4
3608449805926,4560115,apparel,Base layer,Wedze Men's BL 500 Thermal Ski Base Layer,Wedze Men's BL 500 Thermal Ski Base Layer,XL,Black,24.99,24.99,USD,en-US,GB-R4-U3,17,wedze-mens-bl-500-thermal-ski-base-layer-340499,https://cdn.shopify.com/s/files/1/1330/6287/files/8759460-product_image-p2579321.jpg?v=1742382268,12
3608449805933,4560116,apparel,Base layer,Wedze Men's BL 500 Thermal Ski Base Layer,Wedze Men's BL 500 Thermal Ski Base Layer,2XL,Black,19.99,19.99,USD,en-US,GB-R4-U4,15,wedze-mens-bl-500-thermal-ski-base-layer-340499,https://cdn.shopify.com/s/files/1/1330/6287/files/8759460-product_image-p2579321.jpg?v=1742382268,12
3608449805940,4560113,apparel,Base layer,Wedze Men's BL 500 Thermal Ski Base Layer,Wedze Men's BL 500 Thermal Ski Base Layer,M,Black,24.99,24.99,USD,en-US,GB-R4-U5,21,wedze-mens-bl-500-thermal-ski-base-layer-340499,https://cdn.shopify.com/s/files/1/1330/6287/files/8759460-product_image-p2579321.jpg?v=1742382268,12
3608449805957,4560114,apparel,Base layer,Wedze Men's BL 500 Thermal Ski Base Layer,Wedze Men's BL 500 Thermal Ski Base Layer,L,Black,24.99,24.99,USD,en-US,GB-R4-U6,16,wedze-mens-bl-500-thermal-ski-base-layer-340499,https://cdn.shopify.com/s/files/1/1330/6287/files/8759460-product_image-p2579321.jpg?v=1742382268,12
3608449805964,4560111,apparel,Base layer,Wedze Men's BL 500 Thermal Ski Base Layer,Wedze Men's BL 500 Thermal Ski Base Layer,XS,Black,19.99,19.99,USD,en-US,GB-R4-U7,13,wedze-mens-bl-500-thermal-ski-base-layer-340499,https://cdn.shopify.com/s/files/1/1330/6287/files/8759460-product_image-p2579321.jpg?v=1742382268,12
3608449805995,4560112,apparel,Base layer,Wedze Men's BL 500 Thermal Ski Base Layer,Wedze Men's BL 500 Thermal Ski Base Layer,S,Black,24.99,24.99,USD,en-US,FR-01,19,wedze-mens-bl-500-thermal-ski-base-layer-340499,https://cdn.shopify.com/s/files/1/1330/6287/files/8759460-product_image-p2579321.jpg?v=1742382268,12
3608449806251,4560172,apparel,Baselayer bottom,Wedze Men's BL500 Ski Base Layer Bottoms,Wedze Men's BL500 Ski Base Layer Bottoms,XL,Smoked Black,24.99,24.99,USD,en-US,FR-02,19,mens-ski-base-layer-bottoms-bl-500-black-340509,https://cdn.shopify.com/s/files/1/1330/6287/files/8759473-product_image-p2579633.jpg?v=1755818932,6
3608449806268,4560173,apparel,Baselayer bottom,Wedze Men's BL500 Ski Base Layer Bottoms,Wedze Men's BL500 Ski Base Layer Bottoms,2XL,Smoked Black,24.99,24.99,USD,en-US,FR-03,12,mens-ski-base-layer-bottoms-bl-500-black-340509,https://cdn.shopify.com/s/files/1/1330/6287/files/8759473-product_image-p2579633.jpg?v=1755818932,6
3608449806282,4560170,apparel,Baselayer bottom,Wedze Men's BL500 Ski Base Layer Bottoms,Wedze Men's BL500 Ski Base Layer Bottoms,M,Smoked Black,24.99,24.99,USD,en-US,FR-04,17,mens-ski-base-layer-bottoms-bl-500-black-340509,https://cdn.shopify.com/s/files/1/1330/6287/files/8759473-product_image-p2579633.jpg?v=1755818932,6
3608449806305,4560171,apparel,Baselayer bottom,Wedze Men's BL500 Ski Base Layer Bottoms,Wedze Men's BL500 Ski Base Layer Bottoms,L,Smoked Black,24.99,24.99,USD,en-US,GF-R1-U1,13,mens-ski-base-layer-bottoms-bl-500-black-340509,https://cdn.shopify.com/s/files/1/1330/6287/files/8759473-product_image-p2579633.jpg?v=1755818932,6
3608449806329,4560168,apparel,Baselayer bottom,Wedze Men's BL500 Ski Base Layer Bottoms,Wedze Men's BL500 Ski Base Layer Bottoms,XS,Smoked Black,24.99,24.99,USD,en-US,GF-R1-U2,17,mens-ski-base-layer-bottoms-bl-500-black-340509,https://cdn.shopify.com/s/files/1/1330/6287/files/8759473-product_image-p2579633.jpg?v=1755818932,6
3608449806343,4560169,apparel,Baselayer bottom,Wedze Men's BL500 Ski Base Layer Bottoms,Wedze Men's BL500 Ski Base Layer Bottoms,S,Smoked Black,24.99,24.99,USD,en-US,GF-R1-U3,15,mens-ski-base-layer-bottoms-bl-500-black-340509,https://cdn.shopify.com/s/files/1/1330/6287/files/8759473-product_image-p2579633.jpg?v=1755818932,6
3608449806466,4873826,apparel,Jacket,Wedze Men's 100 Mid-Length Warm Ski Jacket,Wedze Men's 100 Mid-Length Warm Ski Jacket,XL,Snowy White,119.99,119.99,USD,en-US,GF-R1-U4,15,wedze-mens-mid-length-warm-ski-jacket-100-black-white-332684-fw25,https://cdn.shopify.com/s/files/1/1330/6287/files/8755209-product_image-p2577393.jpg?v=1755549439,23
3608449806473,4873827,apparel,Jacket,Wedze Men's 100 Mid-Length Warm Ski Jacket,Wedze Men's 100 Mid-Length Warm Ski Jacket,2XL,Snowy White,119.99,119.99,USD,en-US,GF-R1-U5,20,wedze-mens-mid-length-warm-ski-jacket-100-black-white-332684-fw25,https://cdn.shopify.com/s/files/1/1330/6287/files/8755209-product_image-p2577393.jpg?v=1755549439,23
3608449806480,4873824,apparel,Jacket,Wedze Men's 100 Mid-Length Warm Ski Jacket,Wedze Men's 100 Mid-Length Warm Ski Jacket,M,Snowy White,119.99,119.99,USD,en-US,GF-R1-U6,14,wedze-mens-mid-length-warm-ski-jacket-100-black-white-332684-fw25,https://cdn.shopify.com/s/files/1/1330/6287/files/8755209-product_image-p2577393.jpg?v=1755549439,23
3608449806497,4873825,apparel,Jacket,Wedze Men's 100 Mid-Length Warm Ski Jacket,Wedze Men's 100 Mid-Length Warm Ski Jacket,L,Snowy White,119.99,119.99,USD,en-US,GF-R1-U7,18,wedze-mens-mid-length-warm-ski-jacket-100-black-white-332684-fw25,https://cdn.shopify.com/s/files/1/1330/6287/files/8755209-product_image-p2577393.jpg?v=1755549439,23
3608449806503,4873828,apparel,Jacket,Wedze Men's 100 Mid-Length Warm Ski Jacket,Wedze Men's 100 Mid-Length Warm Ski Jacket,3XL,Snowy White,119.99,119.99,USD,en-US,GF-R2-U1,12,wedze-mens-mid-length-warm-ski-jacket-100-black-white-332684-fw25,https://cdn.shopify.com/s/files/1/1330/6287/files/8755209-product_image-p2577393.jpg?v=1755549439,23
3608449806527,4873823,apparel,Jacket,Wedze Men's 100 Mid-Length Warm Ski Jacket,Wedze Men's 100 Mid-Length Warm Ski Jacket,S,Snowy White,119.99,119.99,USD,en-US,GF-R2-U2,20,wedze-mens-mid-length-warm-ski-jacket-100-black-white-332684-fw25,https://cdn.shopify.com/s/files/1/1330/6287/files/8755209-product_image-p2577393.jpg?v=1755549439,23
3608449814010,4273814,apparel,Jacket,Wedze Men's 100 Waterproof Ski Jacket,Wedze Men's 100 Waterproof Ski Jacket,2XL,Smoked Black,79.99,79.99,USD,en-US,GF-R2-U3,18,wedze-mens-ski-jacket-100-black-308435-fw25,https://cdn.shopify.com/s/files/1/1330/6287/files/8642198-product_image-p2577371.jpg?v=1755289815,9
3608449814027,4273816,apparel,Jacket,Wedze Men's 100 Waterproof Ski Jacket,Wedze Men's 100 Waterproof Ski Jacket,3XL,Smoked Black,79.99,79.99,USD,en-US,GF-R2-U4,20,wedze-mens-ski-jacket-100-black-308435-fw25,https://cdn.shopify.com/s/files/1/1330/6287/files/8642198-product_image-p2577371.jpg?v=1755289815,9
3608449814034,4273820,apparel,Jacket,Wedze Men's 100 Waterproof Ski Jacket,Wedze Men's 100 Waterproof Ski Jacket,L,Smoked Black,79.99,79.99,USD,en-US,GF-R2-U5,15,wedze-mens-ski-jacket-100-black-308435-fw25,https://cdn.shopify.com/s/files/1/1330/6287/files/8642198-product_image-p2577371.jpg?v=1755289815,9
3608449814041,4273822,apparel,Jacket,Wedze Men's 100 Waterproof Ski Jacket,Wedze Men's 100 Waterproof Ski Jacket,S,Smoked Black,79.99,79.99,USD,en-US,GF-R2-U6,20,wedze-mens-ski-jacket-100-black-308435-fw25,https://cdn.shopify.com/s/files/1/1330/6287/files/8642198-product_image-p2577371.jpg?v=1755289815,9
3608449814058,4273821,apparel,Jacket,Wedze Men's 100 Waterproof Ski Jacket,Wedze Men's 100 Waterproof Ski Jacket,M,Smoked Black,79.99,79.99,USD,en-US,GF-R2-U7,20,wedze-mens-ski-jacket-100-black-308435-fw25,https://cdn.shopify.com/s/files/1/1330/6287/files/8642198-product_image-p2577371.jpg?v=1755289815,9
3608449814072,4273823,apparel,Jacket,Wedze Men's 100 Waterproof Ski Jacket,Wedze Men's 100 Waterproof Ski Jacket,XL,Smoked Black,79.99,79.99,USD,en-US,GF-R3-U1,14,wedze-mens-ski-jacket-100-black-308435-fw25,https://cdn.shopify.com/s/files/1/1330/6287/files/8642198-product_image-p2577371.jpg?v=1755289815,9
3608449818612,4272079,apparel,Jacket,Wedze Women's 100 Waterproof Ski Jacket,Wedze Women's 100 Waterproof Ski Jacket,L,Smoked Black,79.99,79.99,USD,en-US,GF-R3-U2,12,wedze-womens-ski-jacket-100-black-328197-fw25,https://cdn.shopify.com/s/files/1/1330/6287/files/8641855-product_image-p2598842.jpg?v=1755285291,10
3608449818629,4272080,apparel,Jacket,Wedze Women's 100 Waterproof Ski Jacket,Wedze Women's 100 Waterproof Ski Jacket,M,Smoked Black,79.99,79.99,USD,en-US,GF-R3-U3,18,wedze-womens-ski-jacket-100-black-328197-fw25,https://cdn.shopify.com/s/files/1/1330/6287/files/8641855-product_image-p2598842.jpg?v=1755285291,10
3608449818636,4272081,apparel,Jacket,Wedze Women's 100 Waterproof Ski Jacket,Wedze Women's 100 Waterproof Ski Jacket,S,Smoked Black,79.99,79.99,USD,en-US,GF-R3-U4,15,wedze-womens-ski-jacket-100-black-328197-fw25,https://cdn.shopify.com/s/files/1/1330/6287/files/8641855-product_image-p2598842.jpg?v=1755285291,10
3608449818643,4272082,apparel,Jacket,Wedze Women's 100 Waterproof Ski Jacket,Wedze Women's 100 Waterproof Ski Jacket,XL,Smoked Black,79.99,79.99,USD,en-US,GF-R3-U5,16,wedze-womens-ski-jacket-100-black-328197-fw25,https://cdn.shopify.com/s/files/1/1330/6287/files/8641855-product_image-p2598842.jpg?v=1755285291,10
3608449818827,2912221,apparel,Ski pants,Wedze Kids' 100 Warm Waterproof Snow Pants,Wedze Kids' 100 Warm Waterproof Snow Pants,14 Years,Carbon Gray,34.99,34.99,USD,en-US,GF-R3-U6,11,kids-kids-warm-and-waterproof-ski-trousers-100-dark-grey-310633-fw25,https://cdn.shopify.com/s/files/1/1330/6287/files/8562660-product_image-p2598951.jpg?v=1755560854,7
3608449818834,2912220,apparel,Ski pants,Wedze Kids' 100 Warm Waterproof Snow Pants,Wedze Kids' 100 Warm Waterproof Snow Pants,12 Years,Carbon Gray,34.99,34.99,USD,en-US,GF-R3-U7,21,kids-kids-warm-and-waterproof-ski-trousers-100-dark-grey-310633-fw25,https://cdn.shopify.com/s/files/1/1330/6287/files/8562660-product_image-p2598951.jpg?v=1755560854,7
3608449818841,2912219,apparel,Ski pants,Wedze Kids' 100 Warm Waterproof Snow Pants,Wedze Kids' 100 Warm Waterproof Snow Pants,10 Years,Carbon Gray,34.99,34.99,USD,en-US,GF-R4-U1,14,kids-kids-warm-and-waterproof-ski-trousers-100-dark-grey-310633-fw25,https://cdn.shopify.com/s/files/1/1330/6287/files/8562660-product_image-p2598951.jpg?v=1755560854,7
3608449818858,2912223,apparel,Ski pants,Wedze Kids' 100 Warm Waterproof Snow Pants,Wedze Kids' 100 Warm Waterproof Snow Pants,8 Years,Carbon Gray,34.99,34.99,USD,en-US,GF-R4-U2,11,kids-kids-warm-and-waterproof-ski-trousers-100-dark-grey-310633-fw25,https://cdn.shopify.com/s/files/1/1330/6287/files/8562660-product_image-p2598951.jpg?v=1755560854,7
3608449818865,2912222,apparel,Ski pants,Wedze Kids' 100 Warm Waterproof Snow Pants,Wedze Kids' 100 Warm Waterproof Snow Pants,6 Years,Carbon Gray,34.99,34.99,USD,en-US,GF-R4-U3,11,kids-kids-warm-and-waterproof-ski-trousers-100-dark-grey-310633-fw25,https://cdn.shopify.com/s/files/1/1330/6287/files/8562660-product_image-p2598951.jpg?v=1755560854,7
3608449837323,2769780,accessories,Beanie,Wedze Kids' Fisherman Knit Beanie,Wedze Kids' Fisherman Knit Beanie,One Size,Steel Blue,12.99,12.99,USD,en-US,GB-R5-U7,14,childrens-ski-fisherman-hat-fw25,https://cdn.shopify.com/s/files/1/1330/6287/files/8940437-BONNET_FISHERMAN_500_JR_ROSE_C13B_AH26_-_8940437_-_001_---_Expires_on_21-08-2035.jpg?v=1758662519,19
3608449843270,2686355,apparel,Ski pants,Wedze Men's 500 Warm Waterproof Snow Pants,Wedze Men's 500 Warm Waterproof Snow Pants,2XL,Smoked Black,119.00,119.0,USD,en-US,GF-R4-U4,18,wedze-mens-warm-ski-pants-regular-500-black-141936-fw25,https://cdn.shopify.com/s/files/1/1330/6287/products/8545714-product_image-1691901.jpg?v=1693307856,8
3608449843331,2686359,apparel,Ski pants,Wedze Men's 500 Warm Waterproof Snow Pants,Wedze Men's 500 Warm Waterproof Snow Pants,M,Smoked Black,119.00,119.0,USD,en-US,GF-R4-U5,20,wedze-mens-warm-ski-pants-regular-500-black-141936-fw25,https://cdn.shopify.com/s/files/1/1330/6287/products/8545714-product_image-1691901.jpg?v=1693307856,8
3608449843355,2686360,apparel,Ski pants,Wedze Men's 500 Warm Waterproof Snow Pants,Wedze Men's 500 Warm Waterproof Snow Pants,S,Smoked Black,119.00,119.0,USD,en-US,GF-R4-U6,17,wedze-mens-warm-ski-pants-regular-500-black-141936-fw25,https://cdn.shopify.com/s/files/1/1330/6287/products/8545714-product_image-1691901.jpg?v=1693307856,8
3608449843362,2686361,apparel,Ski pants,Wedze Men's 500 Warm Waterproof Snow Pants,Wedze Men's 500 Warm Waterproof Snow Pants,XL,Smoked Black,119.00,119.0,USD,en-US,GF-R4-U7,9,wedze-mens-warm-ski-pants-regular-500-black-141936-fw25,https://cdn.shopify.com/s/files/1/1330/6287/products/8545714-product_image-1691901.jpg?v=1693307856,8
3608449843485,2686358,apparel,Ski pants,Wedze Men's 500 Warm Waterproof Snow Pants,Wedze Men's 500 Warm Waterproof Snow Pants,L,Smoked Black,119.00,119.0,USD,en-US,GB-R1-U1,16,wedze-mens-warm-ski-pants-regular-500-black-141936-fw25,https://cdn.shopify.com/s/files/1/1330/6287/products/8545714-product_image-1691901.jpg?v=1693307856,8
3608449847032,2456185,apparel,Baselayer bottom,Wedze Women's BL100 Ski Base Layer Bottom,Wedze Women's BL100 Ski Base Layer Bottom,2XL,Default Color,12.99,12.99,USD,en-US,GB-R1-U2,9,100-base-layer-ski-pants-womens-302807,https://cdn.shopify.com/s/files/1/1330/6287/files/8510033-product_image-p1691648.jpg?v=1755805821,7
3608449847049,2456191,apparel,Baselayer bottom,Wedze Women's BL100 Ski Base Layer Bottom,Wedze Women's BL100 Ski Base Layer Bottom,XS,Default Color,12.99,12.99,USD,en-US,GB-R1-U3,14,100-base-layer-ski-pants-womens-302807,https://cdn.shopify.com/s/files/1/1330/6287/files/8510033-product_image-p1691648.jpg?v=1755805821,7
3608449847056,2456175,apparel,Base layer,Wedze Women's BL100 Thermal Base Layer Top,Wedze Women's BL100 Thermal Base Layer Top,XL,Black,12.99,12.99,USD,en-US,GB-R1-U4,17,100-base-layer-ski-top-womens-302806,https://cdn.shopify.com/s/files/1/1330/6287/products/8510031-product_image-1691845.jpg?v=1693308330,11
3608449847063,2456190,apparel,Baselayer bottom,Wedze Women's BL100 Ski Base Layer Bottom,Wedze Women's BL100 Ski Base Layer Bottom,XL,Default Color,12.99,12.99,USD,en-US,GB-R1-U5,10,100-base-layer-ski-pants-womens-302807,https://cdn.shopify.com/s/files/1/1330/6287/files/8510033-product_image-p1691648.jpg?v=1755805821,7
3608449847070,2456176,apparel,Base layer,Wedze Women's BL100 Thermal Base Layer Top,Wedze Women's BL100 Thermal Base Layer Top,XS,Black,12.99,12.99,USD,en-US,GB-R1-U6,14,100-base-layer-ski-top-womens-302806,https://cdn.shopify.com/s/files/1/1330/6287/products/8510031-product_image-1691845.jpg?v=1693308330,11
3608449847087,2456189,apparel,Baselayer bottom,Wedze Women's BL100 Ski Base Layer Bottom,Wedze Women's BL100 Ski Base Layer Bottom,S,Default Color,12.99,12.99,USD,en-US,GB-R1-U7,11,100-base-layer-ski-pants-womens-302807,https://cdn.shopify.com/s/files/1/1330/6287/files/8510033-product_image-p1691648.jpg?v=1755805821,7
3608449847094,2456187,apparel,Baselayer bottom,Wedze Women's BL100 Ski Base Layer Bottom,Wedze Women's BL100 Ski Base Layer Bottom,L,Default Color,12.99,12.99,USD,en-US,GB-R2-U1,12,100-base-layer-ski-pants-womens-302807,https://cdn.shopify.com/s/files/1/1330/6287/files/8510033-product_image-p1691648.jpg?v=1755805821,7
3608449847100,2456170,apparel,Base layer,Wedze Women's BL100 Thermal Base Layer Top,Wedze Women's BL100 Thermal Base Layer Top,2XL,Black,12.99,12.99,USD,en-US,GB-R2-U2,21,100-base-layer-ski-top-womens-302806,https://cdn.shopify.com/s/files/1/1330/6287/products/8510031-product_image-1691845.jpg?v=1693308330,11
3608449847117,2456173,apparel,Base layer,Wedze Women's BL100 Thermal Base Layer Top,Wedze Women's BL100 Thermal Base Layer Top,M,Black,12.99,12.99,USD,en-US,GB-R2-U3,13,100-base-layer-ski-top-womens-302806,https://cdn.shopify.com/s/files/1/1330/6287/products/8510031-product_image-1691845.jpg?v=1693308330,11
3608449847124,2456174,apparel,Base layer,Wedze Women's BL100 Thermal Base Layer Top,Wedze Women's BL100 Thermal Base Layer Top,S,Black,12.99,12.99,USD,en-US,GB-R2-U4,13,100-base-layer-ski-top-womens-302806,https://cdn.shopify.com/s/files/1/1330/6287/products/8510031-product_image-1691845.jpg?v=1693308330,11
3608449847131,2456172,apparel,Base layer,Wedze Women's BL100 Thermal Base Layer Top,Wedze Women's BL100 Thermal Base Layer Top,L,Black,12.99,12.99,USD,en-US,GB-R2-U5,14,100-base-layer-ski-top-womens-302806,https://cdn.shopify.com/s/files/1/1330/6287/products/8510031-product_image-1691845.jpg?v=1693308330,11
3608449847148,2456188,apparel,Baselayer bottom,Wedze Women's BL100 Ski Base Layer Bottom,Wedze Women's BL100 Ski Base Layer Bottom,M,Default Color,12.99,12.99,USD,en-US,GB-R2-U6,14,100-base-layer-ski-pants-womens-302807,https://cdn.shopify.com/s/files/1/1330/6287/files/8510033-product_image-p1691648.jpg?v=1755805821,7
3608449847155,2456158,apparel,Base layer,Wedze Men's BL100 Base Layer Top,Wedze Men's BL100 Base Layer Top,L,Black,12.99,12.99,USD,en-US,GB-R2-U7,13,100-base-layer-ski-top-mens-302821,https://cdn.shopify.com/s/files/1/1330/6287/files/8510029-product_image-p1691723.jpg?v=1703074952,4
3608449847162,2456159,apparel,Base layer,Wedze Men's BL100 Base Layer Top,Wedze Men's BL100 Base Layer Top,M,Black,12.99,12.99,USD,en-US,GB-R3-U1,19,100-base-layer-ski-top-mens-302821,https://cdn.shopify.com/s/files/1/1330/6287/files/8510029-product_image-p1691723.jpg?v=1703074952,4
3608449847179,2456156,apparel,Base layer,Wedze Men's BL100 Base Layer Top,Wedze Men's BL100 Base Layer Top,2XL,Black,12.99,12.99,USD,en-US,GB-R3-U2,17,100-base-layer-ski-top-mens-302821,https://cdn.shopify.com/s/files/1/1330/6287/files/8510029-product_image-p1691723.jpg?v=1703074952,4
3608449847186,2456157,apparel,Base layer,Wedze Men's BL100 Base Layer Top,Wedze Men's BL100 Base Layer Top,3XL,Black,12.99,12.99,USD,en-US,GB-R3-U3,13,100-base-layer-ski-top-mens-302821,https://cdn.shopify.com/s/files/1/1330/6287/files/8510029-product_image-p1691723.jpg?v=1703074952,4
3608449847193,2456162,apparel,Base layer,Wedze Men's BL100 Base Layer Top,Wedze Men's BL100 Base Layer Top,XS,Black,12.99,12.99,USD,en-US,GB-R3-U4,15,100-base-layer-ski-top-mens-302821,https://cdn.shopify.com/s/files/1/1330/6287/files/8510029-product_image-p1691723.jpg?v=1703074952,4
3608449847209,2456161,apparel,Base layer,Wedze Men's BL100 Base Layer Top,Wedze Men's BL100 Base Layer Top,XL,Black,12.99,12.99,USD,en-US,GB-R3-U5,10,100-base-layer-ski-top-mens-302821,https://cdn.shopify.com/s/files/1/1330/6287/files/8510029-product_image-p1691723.jpg?v=1703074952,4
3608449847216,2456160,apparel,Base layer,Wedze Men's BL100 Base Layer Top,Wedze Men's BL100 Base Layer Top,S,Black,12.99,12.99,USD,en-US,GB-R3-U6,13,100-base-layer-ski-top-mens-302821,https://cdn.shopify.com/s/files/1/1330/6287/files/8510029-product_image-p1691723.jpg?v=1703074952,4
3608449847223,2456163,apparel,Baselayer bottom,Wedze Men's BL100 Ski Base Layer Bottoms,Wedze Men's BL100 Ski Base Layer Bottoms,2XL,Black,12.99,12.99,USD,en-US,GB-R3-U7,9,m-ski-thermal-base-layer-bottoms-bl-100-black-302822,https://cdn.shopify.com/s/files/1/1330/6287/files/8510030-product_image-p2583111.jpg?v=1712143869,3
3608449847230,2456164,apparel,Baselayer bottom,Wedze Men's BL100 Ski Base Layer Bottoms,Wedze Men's BL100 Ski Base Layer Bottoms,3XL,Black,12.99,12.99,USD,en-US,GB-R4-U1,21,m-ski-thermal-base-layer-bottoms-bl-100-black-302822,https://cdn.shopify.com/s/files/1/1330/6287/files/8510030-product_image-p2583111.jpg?v=1712143869,3
3608449847247,2456165,apparel,Baselayer bottom,Wedze Men's BL100 Ski Base Layer Bottoms,Wedze Men's BL100 Ski Base Layer Bottoms,L,Black,12.99,12.99,USD,en-US,GB-R4-U2,10,m-ski-thermal-base-layer-bottoms-bl-100-black-302822,https://cdn.shopify.com/s/files/1/1330/6287/files/8510030-product_image-p2583111.jpg?v=1712143869,3
3608449847254,2456166,apparel,Baselayer bottom,Wedze Men's BL100 Ski Base Layer Bottoms,Wedze Men's BL100 Ski Base Layer Bottoms,M,Black,12.99,12.99,USD,en-US,GB-R4-U3,20,m-ski-thermal-base-layer-bottoms-bl-100-black-302822,https://cdn.shopify.com/s/files/1/1330/6287/files/8510030-product_image-p2583111.jpg?v=1712143869,3
3608449847261,2456167,apparel,Baselayer bottom,Wedze Men's BL100 Ski Base Layer Bottoms,Wedze Men's BL100 Ski Base Layer Bottoms,S,Black,12.99,12.99,USD,en-US,GB-R4-U4,16,m-ski-thermal-base-layer-bottoms-bl-100-black-302822,https://cdn.shopify.com/s/files/1/1330/6287/files/8510030-product_image-p2583111.jpg?v=1712143869,3
3608449847278,2456168,apparel,Baselayer bottom,Wedze Men's BL100 Ski Base Layer Bottoms,Wedze Men's BL100 Ski Base Layer Bottoms,XL,Black,12.99,12.99,USD,en-US,GB-R4-U5,21,m-ski-thermal-base-layer-bottoms-bl-100-black-302822,https://cdn.shopify.com/s/files/1/1330/6287/files/8510030-product_image-p2583111.jpg?v=1712143869,3
3608449847285,2456169,apparel,Baselayer bottom,Wedze Men's BL100 Ski Base Layer Bottoms,Wedze Men's BL100 Ski Base Layer Bottoms,XS,Black,12.99,12.99,USD,en-US,GB-R4-U6,16,m-ski-thermal-base-layer-bottoms-bl-100-black-302822,https://cdn.shopify.com/s/files/1/1330/6287/files/8510030-product_image-p2583111.jpg?v=1712143869,3
3608449864305,2614376,accessories,Beanie,Wedze Kids' Fisherman Knit Beanie,Wedze Kids' Fisherman Knit Beanie,One Size,Pebble Gray,12.99,12.99,USD,en-US,ACC-01,16,childrens-ski-fisherman-hat-fw25,https://cdn.shopify.com/s/files/1/1330/6287/files/8940437-BONNET_FISHERMAN_500_JR_ROSE_C13B_AH26_-_8940437_-_001_---_Expires_on_21-08-2035.jpg?v=1758662519,19
3608449886956,2130173,accessories,Beanie,Wedze Firstheat Fleece Ski Beanie,Wedze Firstheat Fleece Ski Beanie,One Size,Black,4.99,4.99,USD,en-US,ACC-02,22,wedze-firstheat-beanie-ski-hat-165131,https://cdn.shopify.com/s/files/1/1330/6287/files/8372211-product_image-p2579511.jpg?v=1755805353,1
3608449915571,885265,apparel,Baselayer bottom,Wedze Kids' BL100 Thermal Ski Base Layer Bottom,Wedze Kids' BL100 Thermal Ski Base Layer Bottom,14 Years,Smoked Black,9.99,9.99,USD,en-US,GB-R4-U7,17,kids-ski-base-layer-bottoms-100-fw25,https://cdn.shopify.com/s/files/1/1330/6287/products/8343743-product_image-125703.jpg?v=1757369178,8
3608449915588,885264,apparel,Baselayer bottom,Wedze Kids' BL100 Thermal Ski Base Layer Bottom,Wedze Kids' BL100 Thermal Ski Base Layer Bottom,12 Years,Smoked Black,9.99,9.99,USD,en-US,FR-01,16,kids-ski-base-layer-bottoms-100-fw25,https://cdn.shopify.com/s/files/1/1330/6287/products/8343743-product_image-125703.jpg?v=1757369178,8
3608449915595,885261,apparel,Baselayer bottom,Wedze Kids' BL100 Thermal Ski Base Layer Bottom,Wedze Kids' BL100 Thermal Ski Base Layer Bottom,10 Years,Smoked Black,9.99,9.99,USD,en-US,FR-02,15,kids-ski-base-layer-bottoms-100-fw25,https://cdn.shopify.com/s/files/1/1330/6287/products/8343743-product_image-125703.jpg?v=1757369178,8
3608449915601,885260,apparel,Baselayer bottom,Wedze Kids' BL100 Thermal Ski Base Layer Bottom,Wedze Kids' BL100 Thermal Ski Base Layer Bottom,8 Years,Smoked Black,9.99,9.99,USD,en-US,FR-03,11,kids-ski-base-layer-bottoms-100-fw25,https://cdn.shopify.com/s/files/1/1330/6287/products/8343743-product_image-125703.jpg?v=1757369178,8
3608449915618,885258,apparel,Baselayer bottom,Wedze Kids' BL100 Thermal Ski Base Layer Bottom,Wedze Kids' BL100 Thermal Ski Base Layer Bottom,6 Years,Smoked Black,9.99,9.99,USD,en-US,FR-04,19,kids-ski-base-layer-bottoms-100-fw25,https://cdn.shopify.com/s/files/1/1330/6287/products/8343743-product_image-125703.jpg?v=1757369178,8
3608449915625,885256,apparel,Baselayer bottom,Wedze Kids' BL100 Thermal Ski Base Layer Bottom,Wedze Kids' BL100 Thermal Ski Base Layer Bottom,4 Years,Smoked Black,9.99,9.99,USD,en-US,GF-R1-U1,12,kids-ski-base-layer-bottoms-100-fw25,https://cdn.shopify.com/s/files/1/1330/6287/products/8343743-product_image-125703.jpg?v=1757369178,8
3608449915694,885269,apparel,Base layer,Wedze Kids' BL100 Thermal Ski Base Layer Top,Wedze Kids' BL100 Thermal Ski Base Layer Top,6 Years,Smoked Black,9.99,9.99,USD,en-US,GF-R1-U2,12,kids-ski-base-layer-top-100-fw25,https://cdn.shopify.com/s/files/1/1330/6287/products/8343744-product_image-159260.jpg?v=1693394008,6
3608449915700,885266,apparel,Base layer,Wedze Kids' BL100 Thermal Ski Base Layer Top,Wedze Kids' BL100 Thermal Ski Base Layer Top,4 Years,Smoked Black,9.99,9.99,USD,en-US,GF-R1-U3,9,kids-ski-base-layer-top-100-fw25,https://cdn.shopify.com/s/files/1/1330/6287/products/8343744-product_image-159260.jpg?v=1693394008,6
3608449915748,885276,apparel,Base layer,Wedze Kids' BL100 Thermal Ski Base Layer Top,Wedze Kids' BL100 Thermal Ski Base Layer Top,12 Years,Smoked Black,9.99,9.99,USD,en-US,GF-R1-U4,21,kids-ski-base-layer-top-100-fw25,https://cdn.shopify.com/s/files/1/1330/6287/products/8343744-product_image-159260.jpg?v=1693394008,6
3608449915762,885277,apparel,Base layer,Wedze Kids' BL100 Thermal Ski Base Layer Top,Wedze Kids' BL100 Thermal Ski Base Layer Top,14 Years,Smoked Black,9.99,9.99,USD,en-US,GF-R1-U5,10,kids-ski-base-layer-top-100-fw25,https://cdn.shopify.com/s/files/1/1330/6287/products/8343744-product_image-159260.jpg?v=1693394008,6
3608449915786,885273,apparel,Base layer,Wedze Kids' BL100 Thermal Ski Base Layer Top,Wedze Kids' BL100 Thermal Ski Base Layer Top,8 Years,Smoked Black,9.99,9.99,USD,en-US,GF-R1-U6,12,kids-ski-base-layer-top-100-fw25,https://cdn.shopify.com/s/files/1/1330/6287/products/8343744-product_image-159260.jpg?v=1693394008,6
3608449915793,885274,apparel,Base layer,Wedze Kids' BL100 Thermal Ski Base Layer Top,Wedze Kids' BL100 Thermal Ski Base Layer Top,10 Years,Smoked Black,9.99,9.99,USD,en-US,GF-R1-U7,18,kids-ski-base-layer-top-100-fw25,https://cdn.shopify.com/s/files/1/1330/6287/products/8343744-product_image-159260.jpg?v=1693394008,6
