id,personSessionId,zoneCode,zoneName,firstLook,lastLook,firstDwell,lastDwell,viewTimeSeconds,dwellTimeSeconds,recordedAt
7258,b6786d7f-9d17-4719-ad39-a6ca064a63ac,GB-R1-U7,"Gondola R1 Back U7",2026-07-31T03:23:44.241Z,2026-07-31T03:24:35.041Z,2026-07-31T03:23:44.241Z,2026-07-31T03:24:35.041Z,50.8,50.8,2026-07-31T03:23:44.241Z
7259,43877932-b778-4cdb-bee1-354f77b763aa,GB-R2-U6,"Gondola R2 Back U6",2026-07-31T03:23:28.944Z,2026-07-31T03:24:48.344Z,2026-07-31T03:23:28.944Z,2026-07-31T03:24:48.344Z,79.4,79.4,2026-07-31T03:23:28.944Z
7255,d153620b-2299-4c6b-be6a-a2755f2f2229,GB-R3-U5,"Gondola R3 Back U5",2026-07-31T03:23:20.263Z,2026-07-31T03:24:15.263Z,2026-07-31T03:23:20.263Z,2026-07-31T03:24:15.263Z,55.0,55.0,2026-07-31T03:23:20.263Z
7257,ce26fc35-f54b-4812-9d7e-354bc8ee9d9f,GB-R4-U2,"Gondola R4 Back U2",2026-07-31T03:23:10.740Z,2026-07-31T03:24:33.540Z,2026-07-31T03:23:10.740Z,2026-07-31T03:24:33.540Z,82.8,82.8,2026-07-31T03:23:10.740Z
7254,1e04764a-ce08-4a38-a254-7581317b8ad5,GF-R3-U6,"Gondola R3 Front U6",2026-07-31T03:23:07.795Z,2026-07-31T03:24:03.395Z,2026-07-31T03:23:07.795Z,2026-07-31T03:24:03.395Z,55.6,55.6,2026-07-31T03:23:07.795Z
7256,d1d9950d-8acd-423d-b51b-90582550a4ad,GF-R1-U3,"Gondola R1 Front U3",2026-07-31T03:22:56.930Z,2026-07-31T03:24:18.730Z,2026-07-31T03:22:56.930Z,2026-07-31T03:24:18.730Z,81.8,81.8,2026-07-31T03:22:56.930Z
7253,b6786d7f-9d17-4719-ad39-a6ca064a63ac,GB-R1-U4,"Gondola R1 Back U4",2026-07-31T03:22:34.840Z,2026-07-31T03:23:43.240Z,2026-07-31T03:22:34.840Z,2026-07-31T03:23:43.240Z,68.4,68.4,2026-07-31T03:22:34.840Z
7251,eff441b7-e479-4c21-a790-3fae524af5df,FB-01,"Footwear Bench Seat",2026-07-31T03:22:33.815Z,2026-07-31T03:23:25.015Z,2026-07-31T03:22:33.815Z,2026-07-31T03:23:25.015Z,51.2,51.2,2026-07-31T03:22:33.815Z
7250,9744e314-af7c-4ad9-99c4-f629536e5ca3,GB-R3-U1,"Gondola R3 Back U1",2026-07-31T03:22:33.774Z,2026-07-31T03:23:24.374Z,2026-07-31T03:22:33.774Z,2026-07-31T03:23:24.374Z,50.6,50.6,2026-07-31T03:22:33.774Z
7247,6b6c9d80-511e-4a9d-8627-ff7919980105,GF-R1-U6,"Gondola R1 Front U6",2026-07-31T03:22:29.041Z,2026-07-31T03:23:07.641Z,2026-07-31T03:22:29.041Z,2026-07-31T03:23:07.641Z,38.6,38.6,2026-07-31T03:22:29.041Z
7252,43877932-b778-4cdb-bee1-354f77b763aa,GF-R2-U1,"Gondola R2 Front U1",2026-07-31T03:22:23.743Z,2026-07-31T03:23:27.943Z,2026-07-31T03:22:23.743Z,2026-07-31T03:23:27.943Z,64.2,64.2,2026-07-31T03:22:23.743Z
7248,ce26fc35-f54b-4812-9d7e-354bc8ee9d9f,FB-01,"Footwear Bench Seat",2026-07-31T03:22:12.139Z,2026-07-31T03:23:09.739Z,2026-07-31T03:22:12.139Z,2026-07-31T03:23:09.739Z,57.6,57.6,2026-07-31T03:22:12.139Z
7249,d153620b-2299-4c6b-be6a-a2755f2f2229,GPS-02,"GPS Display Case 2",2026-07-31T03:22:09.462Z,2026-07-31T03:23:19.262Z,2026-07-31T03:22:09.462Z,2026-07-31T03:23:19.262Z,69.8,69.8,2026-07-31T03:22:09.462Z
7246,1e04764a-ce08-4a38-a254-7581317b8ad5,GB-R3-U2,"Gondola R3 Back U2",2026-07-31T03:21:55.794Z,2026-07-31T03:23:06.794Z,2026-07-31T03:21:55.794Z,2026-07-31T03:23:06.794Z,71.0,71.0,2026-07-31T03:21:55.794Z
7243,15f8430a-b246-4478-bb6f-6c544add9ff8,ACC-03,"Accessories Bay 3",2026-07-31T03:21:51.298Z,2026-07-31T03:22:43.698Z,2026-07-31T03:21:51.298Z,2026-07-31T03:22:43.698Z,52.4,52.4,2026-07-31T03:21:51.298Z
7245,52140e93-1a9a-4653-9041-ba160a711bf5,GF-R3-U3,"Gondola R3 Front U3",2026-07-31T03:21:43.097Z,2026-07-31T03:23:06.097Z,2026-07-31T03:21:43.097Z,2026-07-31T03:23:06.097Z,83.0,83.0,2026-07-31T03:21:43.097Z
7237,9744e314-af7c-4ad9-99c4-f629536e5ca3,GB-R3-U7,"Gondola R3 Back U7",2026-07-31T03:21:41.573Z,2026-07-31T03:22:32.773Z,2026-07-31T03:21:41.573Z,2026-07-31T03:22:32.773Z,51.2,51.2,2026-07-31T03:21:41.573Z
7244,d1d9950d-8acd-423d-b51b-90582550a4ad,GF-R3-U5,"Gondola R3 Front U5",2026-07-31T03:21:36.129Z,2026-07-31T03:22:55.929Z,2026-07-31T03:21:36.129Z,2026-07-31T03:22:55.929Z,79.8,79.8,2026-07-31T03:21:36.129Z
7234,43877932-b778-4cdb-bee1-354f77b763aa,GF-R2-U7,"Gondola R2 Front U7",2026-07-31T03:21:33.142Z,2026-07-31T03:22:22.742Z,2026-07-31T03:21:33.142Z,2026-07-31T03:22:22.742Z,49.6,49.6,2026-07-31T03:21:33.142Z
7229,40b96ab4-a0fc-4561-bb99-bd14b771e5d1,PW-04,"West Wall Bay 4",2026-07-31T03:21:32.040Z,2026-07-31T03:22:04.440Z,2026-07-31T03:21:32.040Z,2026-07-31T03:22:04.440Z,32.4,32.4,2026-07-31T03:21:32.040Z
7232,019f5842-8dc1-4ea3-acdf-41eb9fac42dc,PE-05,"East Wall Bay 5",2026-07-31T03:21:29.981Z,2026-07-31T03:22:09.581Z,2026-07-31T03:21:29.981Z,2026-07-31T03:22:09.581Z,39.6,39.6,2026-07-31T03:21:29.981Z
7241,e0687f2f-2f1f-49e3-ae67-3576de0ea768,GF-R1-U5,"Gondola R1 Front U5",2026-07-31T03:21:24.784Z,2026-07-31T03:22:40.184Z,2026-07-31T03:21:24.784Z,2026-07-31T03:22:40.184Z,75.4,75.4,2026-07-31T03:21:24.784Z
7242,878d1f12-eb68-4fe4-9b5b-994d75a180c4,GA-01,"Treadmill 1",2026-07-31T03:21:23.884Z,2026-07-31T03:22:40.284Z,2026-07-31T03:21:23.884Z,2026-07-31T03:22:40.284Z,76.4,76.4,2026-07-31T03:21:23.884Z
7226,3902343a-33dc-44f5-8072-3516f7a506fe,GF-R4-U5,"Gondola R4 Front U5",2026-07-31T03:21:18.659Z,2026-07-31T03:21:52.659Z,2026-07-31T03:21:18.659Z,2026-07-31T03:21:52.659Z,34.0,34.0,2026-07-31T03:21:18.659Z
7238,2a25937d-c90b-4ead-8c20-ba56661a9341,GF-R2-U3,"Gondola R2 Front U3",2026-07-31T03:21:17.138Z,2026-07-31T03:22:32.738Z,2026-07-31T03:21:17.138Z,2026-07-31T03:22:32.738Z,75.6,75.6,2026-07-31T03:21:17.138Z
7236,eff441b7-e479-4c21-a790-3fae524af5df,FB-01,"Footwear Bench Seat",2026-07-31T03:21:15.014Z,2026-07-31T03:22:32.814Z,2026-07-31T03:21:15.014Z,2026-07-31T03:22:32.814Z,77.8,77.8,2026-07-31T03:21:15.014Z
7240,7ca23509-6204-416c-9ba8-621a0a000caf,GB-R1-U3,"Gondola R1 Back U3",2026-07-31T03:21:12.887Z,2026-07-31T03:22:33.887Z,2026-07-31T03:21:12.887Z,2026-07-31T03:22:33.887Z,81.0,81.0,2026-07-31T03:21:12.887Z
7239,b6786d7f-9d17-4719-ad39-a6ca064a63ac,GF-R1-U3,"Gondola R1 Front U3",2026-07-31T03:21:12.639Z,2026-07-31T03:22:33.839Z,2026-07-31T03:21:12.639Z,2026-07-31T03:22:33.839Z,81.2,81.2,2026-07-31T03:21:12.639Z
7228,1e04764a-ce08-4a38-a254-7581317b8ad5,GB-R2-U4,"Gondola R2 Back U4",2026-07-31T03:21:10.993Z,2026-07-31T03:21:54.793Z,2026-07-31T03:21:10.993Z,2026-07-31T03:21:54.793Z,43.8,43.8,2026-07-31T03:21:10.993Z
7231,d153620b-2299-4c6b-be6a-a2755f2f2229,GB-R6-U6,"Gondola R6 Back U6",2026-07-31T03:21:10.661Z,2026-07-31T03:22:08.461Z,2026-07-31T03:21:10.661Z,2026-07-31T03:22:08.461Z,57.8,57.8,2026-07-31T03:21:10.661Z
7223,08cf66bf-5937-4d6d-9287-015b3ac9c64e,GF-R4-U7,"Gondola R4 Front U7",2026-07-31T03:21:09.081Z,2026-07-31T03:21:42.681Z,2026-07-31T03:21:09.081Z,2026-07-31T03:21:42.681Z,33.6,33.6,2026-07-31T03:21:09.081Z
7230,de3acfcf-1c97-48dd-9884-bf0f4114d1d0,PE-01,"East Wall Bay 1",2026-07-31T03:21:07.497Z,2026-07-31T03:22:05.497Z,2026-07-31T03:21:07.497Z,2026-07-31T03:22:05.497Z,58.0,58.0,2026-07-31T03:21:07.497Z
7235,6b6c9d80-511e-4a9d-8627-ff7919980105,GB-R1-U7,"Gondola R1 Back U7",2026-07-31T03:21:06.240Z,2026-07-31T03:22:28.040Z,2026-07-31T03:21:06.240Z,2026-07-31T03:22:28.040Z,81.8,81.8,2026-07-31T03:21:06.240Z
7225,95ebee1b-ac18-4f4f-b0f6-07c442f523de,GF-R6-U3,"Gondola R6 Front U3",2026-07-31T03:21:00.709Z,2026-07-31T03:21:52.109Z,2026-07-31T03:21:00.709Z,2026-07-31T03:21:52.109Z,51.4,51.4,2026-07-31T03:21:00.709Z
7227,0db890db-93c9-442d-b9f1-8f4703f73777,GF-R1-U3,"Gondola R1 Front U3",2026-07-31T03:20:52.554Z,2026-07-31T03:21:53.554Z,2026-07-31T03:20:52.554Z,2026-07-31T03:21:53.554Z,61.0,61.0,2026-07-31T03:20:52.554Z
7206,b6786d7f-9d17-4719-ad39-a6ca064a63ac,GF-R4-U1,"Gondola R4 Front U1",2026-07-31T03:20:46.838Z,2026-07-31T03:21:11.638Z,2026-07-31T03:20:46.838Z,2026-07-31T03:21:11.638Z,24.8,24.8,2026-07-31T03:20:46.838Z
7233,ce26fc35-f54b-4812-9d7e-354bc8ee9d9f,GF-R1-U1,"Gondola R1 Front U1",2026-07-31T03:20:43.538Z,2026-07-31T03:22:11.138Z,2026-07-31T03:20:43.538Z,2026-07-31T03:22:11.138Z,87.6,87.6,2026-07-31T03:20:43.538Z
7207,7ca23509-6204-416c-9ba8-621a0a000caf,GB-R1-U2,"Gondola R1 Back U2",2026-07-31T03:20:36.286Z,2026-07-31T03:21:11.886Z,2026-07-31T03:20:36.286Z,2026-07-31T03:21:11.886Z,35.6,35.6,2026-07-31T03:20:36.286Z
7199,381f62b2-9792-4085-bb27-1859988b8175,GF-R5-U1,"Gondola R5 Front U1",2026-07-31T03:20:33.415Z,2026-07-31T03:21:04.215Z,2026-07-31T03:20:33.415Z,2026-07-31T03:21:04.215Z,30.8,30.8,2026-07-31T03:20:33.415Z
7200,6b6c9d80-511e-4a9d-8627-ff7919980105,PI-01,"Promo Island 1",2026-07-31T03:20:29.039Z,2026-07-31T03:21:05.239Z,2026-07-31T03:20:29.039Z,2026-07-31T03:21:05.239Z,36.2,36.2,2026-07-31T03:20:29.039Z
7222,52140e93-1a9a-4653-9041-ba160a711bf5,GF-R3-U2,"Gondola R3 Front U2",2026-07-31T03:20:28.696Z,2026-07-31T03:21:42.096Z,2026-07-31T03:20:28.696Z,2026-07-31T03:21:42.096Z,73.4,73.4,2026-07-31T03:20:28.696Z
7224,15f8430a-b246-4478-bb6f-6c544add9ff8,PW-06,"West Wall Bay 6",2026-07-31T03:20:27.097Z,2026-07-31T03:21:50.297Z,2026-07-31T03:20:27.097Z,2026-07-31T03:21:50.297Z,83.2,83.2,2026-07-31T03:20:27.097Z
7203,d153620b-2299-4c6b-be6a-a2755f2f2229,GF-R6-U5,"Gondola R6 Front U5",2026-07-31T03:20:26.060Z,2026-07-31T03:21:09.660Z,2026-07-31T03:20:26.060Z,2026-07-31T03:21:09.660Z,43.6,43.6,2026-07-31T03:20:26.060Z
7221,9744e314-af7c-4ad9-99c4-f629536e5ca3,GB-R3-U2,"Gondola R3 Back U2",2026-07-31T03:20:25.372Z,2026-07-31T03:21:40.572Z,2026-07-31T03:20:25.372Z,2026-07-31T03:21:40.572Z,75.2,75.2,2026-07-31T03:20:25.372Z
7218,43877932-b778-4cdb-bee1-354f77b763aa,GF-R5-U5,"Gondola R5 Front U5",2026-07-31T03:20:22.741Z,2026-07-31T03:21:32.141Z,2026-07-31T03:20:22.741Z,2026-07-31T03:21:32.141Z,69.4,69.4,2026-07-31T03:20:22.741Z
7213,878d1f12-eb68-4fe4-9b5b-994d75a180c4,GF-R1-U6,"Gondola R1 Front U6",2026-07-31T03:20:22.683Z,2026-07-31T03:21:22.883Z,2026-07-31T03:20:22.683Z,2026-07-31T03:21:22.883Z,60.2,60.2,2026-07-31T03:20:22.683Z
7209,d2b21539-9898-4ff2-b56e-eef644afad74,GB-R2-U5,"Gondola R2 Back U5",2026-07-31T03:20:22.372Z,2026-07-31T03:21:13.372Z,2026-07-31T03:20:22.372Z,2026-07-31T03:21:13.372Z,51.0,51.0,2026-07-31T03:20:22.372Z
7211,3902343a-33dc-44f5-8072-3516f7a506fe,GF-R4-U1,"Gondola R4 Front U1",2026-07-31T03:20:21.458Z,2026-07-31T03:21:17.658Z,2026-07-31T03:20:21.458Z,2026-07-31T03:21:17.658Z,56.2,56.2,2026-07-31T03:20:21.458Z
7216,270d626f-ad31-4d04-8ba1-3c0869b510a4,GPS-01,"GPS Display Case 1",2026-07-31T03:20:18.717Z,2026-07-31T03:21:26.717Z,2026-07-31T03:20:18.717Z,2026-07-31T03:21:26.717Z,68.0,68.0,2026-07-31T03:20:18.717Z
7215,e0687f2f-2f1f-49e3-ae67-3576de0ea768,GB-R4-U6,"Gondola R4 Back U6",2026-07-31T03:20:15.783Z,2026-07-31T03:21:23.783Z,2026-07-31T03:20:15.783Z,2026-07-31T03:21:23.783Z,68.0,68.0,2026-07-31T03:20:15.783Z
7219,40b96ab4-a0fc-4561-bb99-bd14b771e5d1,PW-04,"West Wall Bay 4",2026-07-31T03:20:14.239Z,2026-07-31T03:21:31.039Z,2026-07-31T03:20:14.239Z,2026-07-31T03:21:31.039Z,76.8,76.8,2026-07-31T03:20:14.239Z
7197,0db890db-93c9-442d-b9f1-8f4703f73777,PW-06,"West Wall Bay 6",2026-07-31T03:20:12.953Z,2026-07-31T03:20:51.553Z,2026-07-31T03:20:12.953Z,2026-07-31T03:20:51.553Z,38.6,38.6,2026-07-31T03:20:12.953Z
7210,2a25937d-c90b-4ead-8c20-ba56661a9341,GB-R2-U7,"Gondola R2 Back U7",2026-07-31T03:20:10.537Z,2026-07-31T03:21:16.137Z,2026-07-31T03:20:10.537Z,2026-07-31T03:21:16.137Z,65.6,65.6,2026-07-31T03:20:10.537Z
7208,eff441b7-e479-4c21-a790-3fae524af5df,FB-01,"Footwear Bench Seat",2026-07-31T03:20:08.013Z,2026-07-31T03:21:14.013Z,2026-07-31T03:20:08.013Z,2026-07-31T03:21:14.013Z,66.0,66.0,2026-07-31T03:20:08.013Z
7220,d1d9950d-8acd-423d-b51b-90582550a4ad,GF-R3-U7,"Gondola R3 Front U7",2026-07-31T03:20:07.328Z,2026-07-31T03:21:35.128Z,2026-07-31T03:20:07.328Z,2026-07-31T03:21:35.128Z,87.8,87.8,2026-07-31T03:20:07.328Z
7204,1e04764a-ce08-4a38-a254-7581317b8ad5,GF-R2-U4,"Gondola R2 Front U4",2026-07-31T03:20:06.592Z,2026-07-31T03:21:09.992Z,2026-07-31T03:20:06.592Z,2026-07-31T03:21:09.992Z,63.4,63.4,2026-07-31T03:20:06.592Z
7214,019f5842-8dc1-4ea3-acdf-41eb9fac42dc,GF-R6-U7,"Gondola R6 Front U7",2026-07-31T03:20:05.459Z,2026-07-31T03:21:23.259Z,2026-07-31T03:20:05.459Z,2026-07-31T03:21:23.259Z,77.8,77.8,2026-07-31T03:20:05.459Z
7217,d0065d0b-4a8d-428e-b371-ab6941b703a8,GF-R3-U2,"Gondola R3 Front U2",2026-07-31T03:20:03.629Z,2026-07-31T03:21:31.829Z,2026-07-31T03:20:03.629Z,2026-07-31T03:21:31.829Z,88.2,88.2,2026-07-31T03:20:03.629Z
7201,de3acfcf-1c97-48dd-9884-bf0f4114d1d0,GB-R6-U4,"Gondola R6 Back U4",2026-07-31T03:19:58.896Z,2026-07-31T03:21:06.496Z,2026-07-31T03:19:58.896Z,2026-07-31T03:21:06.496Z,67.6,67.6,2026-07-31T03:19:58.896Z
7212,44ad48d4-c803-480f-b04d-7d16a68d5fc2,GF-R1-U2,"Gondola R1 Front U2",2026-07-31T03:19:57.332Z,2026-07-31T03:21:20.732Z,2026-07-31T03:19:57.332Z,2026-07-31T03:21:20.732Z,83.4,83.4,2026-07-31T03:19:57.332Z
7185,7883b87d-d496-453b-9e52-8ab08a1da539,GF-R1-U6,"Gondola R1 Front U6",2026-07-31T03:19:56.796Z,2026-07-31T03:20:29.396Z,2026-07-31T03:19:56.796Z,2026-07-31T03:20:29.396Z,32.6,32.6,2026-07-31T03:19:56.796Z
7205,948f0ece-0a14-41e2-9db0-3b8ef7756445,PE-03,"East Wall Bay 3",2026-07-31T03:19:54.873Z,2026-07-31T03:21:09.873Z,2026-07-31T03:19:54.873Z,2026-07-31T03:21:09.873Z,75.0,75.0,2026-07-31T03:19:54.873Z
7183,52140e93-1a9a-4653-9041-ba160a711bf5,GB-R3-U4,"Gondola R3 Back U4",2026-07-31T03:19:52.695Z,2026-07-31T03:20:27.695Z,2026-07-31T03:19:52.695Z,2026-07-31T03:20:27.695Z,35.0,35.0,2026-07-31T03:19:52.695Z
7177,edd1679c-ac40-445a-a687-496177007971,GF-R5-U7,"Gondola R5 Front U7",2026-07-31T03:19:51.562Z,2026-07-31T03:20:22.362Z,2026-07-31T03:19:51.562Z,2026-07-31T03:20:22.362Z,30.8,30.8,2026-07-31T03:19:51.562Z
7196,e6b616f4-ab72-449c-a4b3-2e363a5920f3,PE-05,"East Wall Bay 5",2026-07-31T03:19:51.536Z,2026-07-31T03:20:49.936Z,2026-07-31T03:19:51.536Z,2026-07-31T03:20:49.936Z,58.4,58.4,2026-07-31T03:19:51.536Z
7198,95ebee1b-ac18-4f4f-b0f6-07c442f523de,PE-03,"East Wall Bay 3",2026-07-31T03:19:46.508Z,2026-07-31T03:20:59.708Z,2026-07-31T03:19:46.508Z,2026-07-31T03:20:59.708Z,73.2,73.2,2026-07-31T03:19:46.508Z
7180,0626e582-61ba-49c8-aaa1-960494170705,GF-R5-U4,"Gondola R5 Front U4",2026-07-31T03:19:46.387Z,2026-07-31T03:20:26.587Z,2026-07-31T03:19:46.387Z,2026-07-31T03:20:26.587Z,40.2,40.2,2026-07-31T03:19:46.387Z
7173,3902343a-33dc-44f5-8072-3516f7a506fe,GB-R4-U7,"Gondola R4 Back U7",2026-07-31T03:19:46.257Z,2026-07-31T03:20:20.457Z,2026-07-31T03:19:46.257Z,2026-07-31T03:20:20.457Z,34.2,34.2,2026-07-31T03:19:46.257Z
7148,35dcb771-9404-4284-aaa9-d6cf69f90608,RR-02,"Apparel Round Rack 2",2026-07-31T03:19:40.703Z,2026-07-31T03:19:47.503Z,2026-07-31T03:19:40.703Z,2026-07-31T03:19:47.503Z,6.8,6.8,2026-07-31T03:19:40.703Z
7202,08cf66bf-5937-4d6d-9287-015b3ac9c64e,GF-R3-U4,"Gondola R3 Front U4",2026-07-31T03:19:38.480Z,2026-07-31T03:21:08.080Z,2026-07-31T03:19:38.480Z,2026-07-31T03:21:08.080Z,89.6,89.6,2026-07-31T03:19:38.480Z
7169,40b96ab4-a0fc-4561-bb99-bd14b771e5d1,GF-R5-U6,"Gondola R5 Front U6",2026-07-31T03:19:37.238Z,2026-07-31T03:20:13.238Z,2026-07-31T03:19:37.238Z,2026-07-31T03:20:13.238Z,36.0,36.0,2026-07-31T03:19:37.238Z
7165,d0065d0b-4a8d-428e-b371-ab6941b703a8,GF-R3-U2,"Gondola R3 Front U2",2026-07-31T03:19:32.428Z,2026-07-31T03:20:02.628Z,2026-07-31T03:19:32.428Z,2026-07-31T03:20:02.628Z,30.2,30.2,2026-07-31T03:19:32.428Z
7171,e0687f2f-2f1f-49e3-ae67-3576de0ea768,GF-R4-U4,"Gondola R4 Front U4",2026-07-31T03:19:31.582Z,2026-07-31T03:20:14.782Z,2026-07-31T03:19:31.582Z,2026-07-31T03:20:14.782Z,43.2,43.2,2026-07-31T03:19:31.582Z
7195,94109efc-6b18-4661-8d05-47339b38ab3e,GB-R4-U5,"Gondola R4 Back U5",2026-07-31T03:19:27.673Z,2026-07-31T03:20:46.673Z,2026-07-31T03:19:27.673Z,2026-07-31T03:20:46.673Z,79.0,79.0,2026-07-31T03:19:27.673Z
7186,9c899e49-9350-4553-99fc-b92eb60f636f,GF-R3-U4,"Gondola R3 Front U4",2026-07-31T03:19:27.407Z,2026-07-31T03:20:30.207Z,2026-07-31T03:19:27.407Z,2026-07-31T03:20:30.207Z,62.8,62.8,2026-07-31T03:19:27.407Z
7192,66d706c9-5be3-43d9-924b-518d19d88762,GB-R3-U6,"Gondola R3 Back U6",2026-07-31T03:19:24.967Z,2026-07-31T03:20:39.367Z,2026-07-31T03:19:24.967Z,2026-07-31T03:20:39.367Z,74.4,74.4,2026-07-31T03:19:24.967Z
7175,43877932-b778-4cdb-bee1-354f77b763aa,PW-02,"West Wall Bay 2",2026-07-31T03:19:23.940Z,2026-07-31T03:20:21.740Z,2026-07-31T03:19:23.940Z,2026-07-31T03:20:21.740Z,57.8,57.8,2026-07-31T03:19:23.940Z
7181,d153620b-2299-4c6b-be6a-a2755f2f2229,PE-01,"East Wall Bay 1",2026-07-31T03:19:23.659Z,2026-07-31T03:20:25.059Z,2026-07-31T03:19:23.659Z,2026-07-31T03:20:25.059Z,61.4,61.4,2026-07-31T03:19:23.659Z
7188,06ac5f62-ac1f-4f0a-99cf-de0786bb6a14,GB-R1-U4,"Gondola R1 Back U4",2026-07-31T03:19:23.216Z,2026-07-31T03:20:33.216Z,2026-07-31T03:19:23.216Z,2026-07-31T03:20:33.216Z,70.0,70.0,2026-07-31T03:19:23.216Z
7170,0db890db-93c9-442d-b9f1-8f4703f73777,GB-R1-U2,"Gondola R1 Back U2",2026-07-31T03:19:22.552Z,2026-07-31T03:20:11.952Z,2026-07-31T03:19:22.552Z,2026-07-31T03:20:11.952Z,49.4,49.4,2026-07-31T03:19:22.552Z
7182,99f2bed2-f52c-4714-87c9-e6f7b0b47598,GF-R4-U2,"Gondola R4 Front U2",2026-07-31T03:19:21.206Z,2026-07-31T03:20:27.806Z,2026-07-31T03:19:21.206Z,2026-07-31T03:20:27.806Z,66.6,66.6,2026-07-31T03:19:21.206Z
7178,d2b21539-9898-4ff2-b56e-eef644afad74,GF-R3-U4,"Gondola R3 Front U4",2026-07-31T03:19:21.171Z,2026-07-31T03:20:21.371Z,2026-07-31T03:19:21.171Z,2026-07-31T03:20:21.371Z,60.2,60.2,2026-07-31T03:19:21.171Z
7193,ce26fc35-f54b-4812-9d7e-354bc8ee9d9f,GB-R1-U2,"Gondola R1 Back U2",2026-07-31T03:19:20.337Z,2026-07-31T03:20:42.537Z,2026-07-31T03:19:20.337Z,2026-07-31T03:20:42.537Z,82.2,82.2,2026-07-31T03:19:20.337Z
7176,c3659024-718b-4974-b01b-d3a325054753,GF-R5-U5,"Gondola R5 Front U5",2026-07-31T03:19:19.204Z,2026-07-31T03:20:20.804Z,2026-07-31T03:19:19.204Z,2026-07-31T03:20:20.804Z,61.6,61.6,2026-07-31T03:19:19.204Z
7194,b6786d7f-9d17-4719-ad39-a6ca064a63ac,PE-03,"East Wall Bay 3",2026-07-31T03:19:18.637Z,2026-07-31T03:20:45.837Z,2026-07-31T03:19:18.637Z,2026-07-31T03:20:45.837Z,87.2,87.2,2026-07-31T03:19:18.637Z
7191,b75776da-74ba-4345-9084-dad42be1e4a8,GF-R1-U3,"Gondola R1 Front U3",2026-07-31T03:19:15.886Z,2026-07-31T03:20:35.686Z,2026-07-31T03:19:15.886Z,2026-07-31T03:20:35.686Z,79.8,79.8,2026-07-31T03:19:15.886Z
7189,381f62b2-9792-4085-bb27-1859988b8175,GB-R5-U7,"Gondola R5 Back U7",2026-07-31T03:19:15.814Z,2026-07-31T03:20:32.414Z,2026-07-31T03:19:15.814Z,2026-07-31T03:20:32.414Z,76.6,76.6,2026-07-31T03:19:15.814Z
7184,15f8430a-b246-4478-bb6f-6c544add9ff8,PE-05,"East Wall Bay 5",2026-07-31T03:19:13.096Z,2026-07-31T03:20:26.096Z,2026-07-31T03:19:13.096Z,2026-07-31T03:20:26.096Z,73.0,73.0,2026-07-31T03:19:13.096Z
7187,6b6c9d80-511e-4a9d-8627-ff7919980105,PI-03,"Promo Island 3",2026-07-31T03:19:12.638Z,2026-07-31T03:20:28.038Z,2026-07-31T03:19:12.638Z,2026-07-31T03:20:28.038Z,75.4,75.4,2026-07-31T03:19:12.638Z
7179,9744e314-af7c-4ad9-99c4-f629536e5ca3,GF-R2-U3,"Gondola R2 Front U3",2026-07-31T03:19:11.971Z,2026-07-31T03:20:24.371Z,2026-07-31T03:19:11.971Z,2026-07-31T03:20:24.371Z,72.4,72.4,2026-07-31T03:19:11.971Z
7174,878d1f12-eb68-4fe4-9b5b-994d75a180c4,GB-R1-U1,"Gondola R1 Back U1",2026-07-31T03:19:10.082Z,2026-07-31T03:20:21.682Z,2026-07-31T03:19:10.082Z,2026-07-31T03:20:21.682Z,71.6,71.6,2026-07-31T03:19:10.082Z
7161,ae53f1f8-4843-45a9-9887-503c1fb2abb6,GF-R3-U7,"Gondola R3 Front U7",2026-07-31T03:19:08.986Z,2026-07-31T03:19:58.986Z,2026-07-31T03:19:08.986Z,2026-07-31T03:19:58.986Z,50.0,50.0,2026-07-31T03:19:08.986Z
7150,684840b8-0ff0-42d7-94bb-296ebe9ab2a9,PW-01,"West Wall Bay 1",2026-07-31T03:19:08.915Z,2026-07-31T03:19:48.115Z,2026-07-31T03:19:08.915Z,2026-07-31T03:19:48.115Z,39.2,39.2,2026-07-31T03:19:08.915Z
7190,7ca23509-6204-416c-9ba8-621a0a000caf,GB-R6-U2,"Gondola R6 Back U2",2026-07-31T03:19:08.885Z,2026-07-31T03:20:35.285Z,2026-07-31T03:19:08.885Z,2026-07-31T03:20:35.285Z,86.4,86.4,2026-07-31T03:19:08.885Z
7159,de92159d-73b6-4eb6-b621-0c827fe74297,GB-R3-U4,"Gondola R3 Back U4",2026-07-31T03:19:07.496Z,2026-07-31T03:19:58.696Z,2026-07-31T03:19:07.496Z,2026-07-31T03:19:58.696Z,51.2,51.2,2026-07-31T03:19:07.496Z
7162,eff441b7-e479-4c21-a790-3fae524af5df,GF-R5-U1,"Gondola R5 Front U1",2026-07-31T03:19:05.703Z,2026-07-31T03:19:59.503Z,2026-07-31T03:19:05.703Z,2026-07-31T03:19:59.503Z,53.8,53.8,2026-07-31T03:19:05.703Z
7160,1a0a6611-2fd8-41ca-96be-9b9f88fa39c8,GF-R5-U2,"Gondola R5 Front U2",2026-07-31T03:19:05.389Z,2026-07-31T03:19:57.589Z,2026-07-31T03:19:05.389Z,2026-07-31T03:19:57.589Z,52.2,52.2,2026-07-31T03:19:05.389Z
7164,019f5842-8dc1-4ea3-acdf-41eb9fac42dc,GF-R4-U4,"Gondola R4 Front U4",2026-07-31T03:19:03.058Z,2026-07-31T03:20:04.458Z,2026-07-31T03:19:03.058Z,2026-07-31T03:20:04.458Z,61.4,61.4,2026-07-31T03:19:03.058Z
7156,44ad48d4-c803-480f-b04d-7d16a68d5fc2,GB-R1-U1,"Gondola R1 Back U1",2026-07-31T03:19:02.731Z,2026-07-31T03:19:56.331Z,2026-07-31T03:19:02.731Z,2026-07-31T03:19:56.331Z,53.6,53.6,2026-07-31T03:19:02.731Z
7167,1e04764a-ce08-4a38-a254-7581317b8ad5,GB-R1-U6,"Gondola R1 Back U6",2026-07-31T03:19:01.991Z,2026-07-31T03:20:05.591Z,2026-07-31T03:19:01.991Z,2026-07-31T03:20:05.591Z,63.6,63.6,2026-07-31T03:19:01.991Z
7140,40b96ab4-a0fc-4561-bb99-bd14b771e5d1,FB-01,"Footwear Bench Seat",2026-07-31T03:19:00.437Z,2026-07-31T03:19:36.237Z,2026-07-31T03:19:00.437Z,2026-07-31T03:19:36.237Z,35.8,35.8,2026-07-31T03:19:00.437Z
7166,d1d9950d-8acd-423d-b51b-90582550a4ad,GF-R5-U4,"Gondola R5 Front U4",2026-07-31T03:18:58.727Z,2026-07-31T03:20:06.327Z,2026-07-31T03:18:58.727Z,2026-07-31T03:20:06.327Z,67.6,67.6,2026-07-31T03:18:58.727Z
7138,f0a55334-bb4a-4cee-b138-ce3849557465,GB-R5-U3,"Gondola R5 Back U3",2026-07-31T03:18:57.899Z,2026-07-31T03:19:34.299Z,2026-07-31T03:18:57.899Z,2026-07-31T03:19:34.299Z,36.4,36.4,2026-07-31T03:18:57.899Z
7147,0626e582-61ba-49c8-aaa1-960494170705,GF-R5-U7,"Gondola R5 Front U7",2026-07-31T03:18:57.786Z,2026-07-31T03:19:45.386Z,2026-07-31T03:18:57.786Z,2026-07-31T03:19:45.386Z,47.6,47.6,2026-07-31T03:18:57.786Z
7146,3902343a-33dc-44f5-8072-3516f7a506fe,GB-R5-U7,"Gondola R5 Back U7",2026-07-31T03:18:57.056Z,2026-07-31T03:19:45.256Z,2026-07-31T03:18:57.056Z,2026-07-31T03:19:45.256Z,48.2,48.2,2026-07-31T03:18:57.056Z
7124,37f5647a-f9de-45f7-a37f-7b82d5dc94c2,RR-02,"Apparel Round Rack 2",2026-07-31T03:18:53.138Z,2026-07-31T03:19:20.138Z,2026-07-31T03:18:53.138Z,2026-07-31T03:19:20.138Z,27.0,27.0,2026-07-31T03:18:53.138Z
7135,3cde4178-7396-45cd-aa4c-22e01ea520a0,GB-R1-U3,"Gondola R1 Back U3",2026-07-31T03:18:52.945Z,2026-07-31T03:19:28.545Z,2026-07-31T03:18:52.945Z,2026-07-31T03:19:28.545Z,35.6,35.6,2026-07-31T03:18:52.945Z
7172,270d626f-ad31-4d04-8ba1-3c0869b510a4,GB-R3-U6,"Gondola R3 Back U6",2026-07-31T03:18:51.716Z,2026-07-31T03:20:17.716Z,2026-07-31T03:18:51.716Z,2026-07-31T03:20:17.716Z,86.0,86.0,2026-07-31T03:18:51.716Z
7152,52140e93-1a9a-4653-9041-ba160a711bf5,GF-R4-U6,"Gondola R4 Front U6",2026-07-31T03:18:51.294Z,2026-07-31T03:19:51.694Z,2026-07-31T03:18:51.294Z,2026-07-31T03:19:51.694Z,60.4,60.4,2026-07-31T03:18:51.294Z
7142,80c373c9-59c4-4703-bd6e-ea515d0c8130,GPS-02,"GPS Display Case 2",2026-07-31T03:18:49.836Z,2026-07-31T03:19:37.036Z,2026-07-31T03:18:49.836Z,2026-07-31T03:19:37.036Z,47.2,47.2,2026-07-31T03:18:49.836Z
7151,d480ecb9-c268-4379-91cb-3535d384a184,GF-R4-U1,"Gondola R4 Front U1",2026-07-31T03:18:46.235Z,2026-07-31T03:19:48.435Z,2026-07-31T03:18:46.235Z,2026-07-31T03:19:48.435Z,62.2,62.2,2026-07-31T03:18:46.235Z
7168,2a25937d-c90b-4ead-8c20-ba56661a9341,GF-R5-U3,"Gondola R5 Front U3",2026-07-31T03:18:40.336Z,2026-07-31T03:20:09.536Z,2026-07-31T03:18:40.336Z,2026-07-31T03:20:09.536Z,89.2,89.2,2026-07-31T03:18:40.336Z
7158,de3acfcf-1c97-48dd-9884-bf0f4114d1d0,GB-R6-U7,"Gondola R6 Back U7",2026-07-31T03:18:40.095Z,2026-07-31T03:19:57.895Z,2026-07-31T03:18:40.095Z,2026-07-31T03:19:57.895Z,77.8,77.8,2026-07-31T03:18:40.095Z
7155,7883b87d-d496-453b-9e52-8ab08a1da539,GF-R4-U4,"Gondola R4 Front U4",2026-07-31T03:18:39.795Z,2026-07-31T03:19:55.795Z,2026-07-31T03:18:39.795Z,2026-07-31T03:19:55.795Z,76.0,76.0,2026-07-31T03:18:39.795Z
7125,d2b21539-9898-4ff2-b56e-eef644afad74,GF-R3-U7,"Gondola R3 Front U7",2026-07-31T03:18:39.370Z,2026-07-31T03:19:20.170Z,2026-07-31T03:18:39.370Z,2026-07-31T03:19:20.170Z,40.8,40.8,2026-07-31T03:18:39.370Z
7157,948f0ece-0a14-41e2-9db0-3b8ef7756445,GB-R4-U6,"Gondola R4 Back U6",2026-07-31T03:18:37.672Z,2026-07-31T03:19:53.872Z,2026-07-31T03:18:37.672Z,2026-07-31T03:19:53.872Z,76.2,76.2,2026-07-31T03:18:37.672Z
7127,0db890db-93c9-442d-b9f1-8f4703f73777,PI-03,"Promo Island 3",2026-07-31T03:18:36.751Z,2026-07-31T03:19:21.551Z,2026-07-31T03:18:36.751Z,2026-07-31T03:19:21.551Z,44.8,44.8,2026-07-31T03:18:36.751Z
7122,381f62b2-9792-4085-bb27-1859988b8175,GF-R5-U7,"Gondola R5 Front U7",2026-07-31T03:18:35.213Z,2026-07-31T03:19:14.813Z,2026-07-31T03:18:35.213Z,2026-07-31T03:19:14.813Z,39.6,39.6,2026-07-31T03:18:35.213Z
7144,6fbde406-8d3a-461e-bd72-0d434c545d88,GB-R1-U1,"Gondola R1 Back U1",2026-07-31T03:18:34.489Z,2026-07-31T03:19:39.689Z,2026-07-31T03:18:34.489Z,2026-07-31T03:19:39.689Z,65.2,65.2,2026-07-31T03:18:34.489Z
7163,96385250-9009-43a2-84b9-13542e6aaddb,GF-R4-U7,"Gondola R4 Front U7",2026-07-31T03:18:32.146Z,2026-07-31T03:20:01.746Z,2026-07-31T03:18:32.146Z,2026-07-31T03:20:01.746Z,89.6,89.6,2026-07-31T03:18:32.146Z
7153,edd1679c-ac40-445a-a687-496177007971,GF-R5-U7,"Gondola R5 Front U7",2026-07-31T03:18:30.761Z,2026-07-31T03:19:50.561Z,2026-07-31T03:18:30.761Z,2026-07-31T03:19:50.561Z,79.8,79.8,2026-07-31T03:18:30.761Z
7154,e6b616f4-ab72-449c-a4b3-2e363a5920f3,GF-R2-U3,"Gondola R2 Front U3",2026-07-31T03:18:27.535Z,2026-07-31T03:19:50.535Z,2026-07-31T03:18:27.535Z,2026-07-31T03:19:50.535Z,83.0,83.0,2026-07-31T03:18:27.535Z
7141,08cf66bf-5937-4d6d-9287-015b3ac9c64e,GF-R3-U1,"Gondola R3 Front U1",2026-07-31T03:18:25.879Z,2026-07-31T03:19:37.479Z,2026-07-31T03:18:25.879Z,2026-07-31T03:19:37.479Z,71.6,71.6,2026-07-31T03:18:25.879Z
7134,94109efc-6b18-4661-8d05-47339b38ab3e,GF-R4-U3,"Gondola R4 Front U3",2026-07-31T03:18:25.072Z,2026-07-31T03:19:26.672Z,2026-07-31T03:18:25.072Z,2026-07-31T03:19:26.672Z,61.6,61.6,2026-07-31T03:18:25.072Z
7115,878d1f12-eb68-4fe4-9b5b-994d75a180c4,GF-R1-U2,"Gondola R1 Front U2",2026-07-31T03:18:23.681Z,2026-07-31T03:19:09.081Z,2026-07-31T03:18:23.681Z,2026-07-31T03:19:09.081Z,45.4,45.4,2026-07-31T03:18:23.681Z
7143,35dcb771-9404-4284-aaa9-d6cf69f90608,RR-02,"Apparel Round Rack 2",2026-07-31T03:18:23.502Z,2026-07-31T03:19:39.702Z,2026-07-31T03:18:23.502Z,2026-07-31T03:19:39.702Z,76.2,76.2,2026-07-31T03:18:23.502Z
7145,a28607df-6850-4bd0-805f-12cef2f613f8,GB-R5-U5,"Gondola R5 Back U5",2026-07-31T03:18:20.151Z,2026-07-31T03:19:40.951Z,2026-07-31T03:18:20.151Z,2026-07-31T03:19:40.951Z,80.8,80.8,2026-07-31T03:18:20.151Z
7128,06ac5f62-ac1f-4f0a-99cf-de0786bb6a14,GF-R1-U4,"Gondola R1 Front U4",2026-07-31T03:18:19.815Z,2026-07-31T03:19:22.215Z,2026-07-31T03:18:19.815Z,2026-07-31T03:19:22.215Z,62.4,62.4,2026-07-31T03:18:19.815Z
7109,e29d7ee1-f457-477f-bb90-752482f0afa2,GB-R2-U4,"Gondola R2 Back U4",2026-07-31T03:18:19.476Z,2026-07-31T03:19:04.276Z,2026-07-31T03:18:19.476Z,2026-07-31T03:19:04.276Z,44.8,44.8,2026-07-31T03:18:19.476Z
7149,95ebee1b-ac18-4f4f-b0f6-07c442f523de,GB-R4-U6,"Gondola R4 Back U6",2026-07-31T03:18:18.307Z,2026-07-31T03:19:45.507Z,2026-07-31T03:18:18.307Z,2026-07-31T03:19:45.507Z,87.2,87.2,2026-07-31T03:18:18.307Z
7137,b501d721-61c2-473d-88a1-49e9c8bc8953,GF-R1-U5,"Gondola R1 Front U5",2026-07-31T03:18:17.133Z,2026-07-31T03:19:29.133Z,2026-07-31T03:18:17.133Z,2026-07-31T03:19:29.133Z,72.0,72.0,2026-07-31T03:18:17.133Z
7139,d0065d0b-4a8d-428e-b371-ab6941b703a8,GF-R3-U2,"Gondola R3 Front U2",2026-07-31T03:18:16.827Z,2026-07-31T03:19:31.427Z,2026-07-31T03:18:16.827Z,2026-07-31T03:19:31.427Z,74.6,74.6,2026-07-31T03:18:16.827Z
7117,47f3e7b5-27f6-4b5f-a74d-d8d2eb37a852,GB-R3-U2,"Gondola R3 Back U2",2026-07-31T03:18:16.168Z,2026-07-31T03:19:14.968Z,2026-07-31T03:18:16.168Z,2026-07-31T03:19:14.968Z,58.8,58.8,2026-07-31T03:18:16.168Z
7110,684840b8-0ff0-42d7-94bb-296ebe9ab2a9,PI-01,"Promo Island 1",2026-07-31T03:18:15.114Z,2026-07-31T03:19:07.914Z,2026-07-31T03:18:15.114Z,2026-07-31T03:19:07.914Z,52.8,52.8,2026-07-31T03:18:15.114Z
7107,eff441b7-e479-4c21-a790-3fae524af5df,GF-R4-U1,"Gondola R4 Front U1",2026-07-31T03:18:11.702Z,2026-07-31T03:19:04.702Z,2026-07-31T03:18:11.702Z,2026-07-31T03:19:04.702Z,53.0,53.0,2026-07-31T03:18:11.702Z
7132,d153620b-2299-4c6b-be6a-a2755f2f2229,GB-R5-U7,"Gondola R5 Back U7",2026-07-31T03:18:11.258Z,2026-07-31T03:19:22.658Z,2026-07-31T03:18:11.258Z,2026-07-31T03:19:22.658Z,71.4,71.4,2026-07-31T03:18:11.258Z
7130,43877932-b778-4cdb-bee1-354f77b763aa,GF-R5-U5,"Gondola R5 Front U5",2026-07-31T03:18:10.939Z,2026-07-31T03:19:22.939Z,2026-07-31T03:18:10.939Z,2026-07-31T03:19:22.939Z,72.0,72.0,2026-07-31T03:18:10.939Z
7088,3ab3b41d-c03b-4f58-8b33-3359320bcd20,GB-R5-U1,"Gondola R5 Back U1",2026-07-31T03:18:10.632Z,2026-07-31T03:18:43.032Z,2026-07-31T03:18:10.632Z,2026-07-31T03:18:43.032Z,32.4,32.4,2026-07-31T03:18:10.632Z
7103,d1d9950d-8acd-423d-b51b-90582550a4ad,GB-R5-U7,"Gondola R5 Back U7",2026-07-31T03:18:09.526Z,2026-07-31T03:18:57.726Z,2026-07-31T03:18:09.526Z,2026-07-31T03:18:57.726Z,48.2,48.2,2026-07-31T03:18:09.526Z
7096,3902343a-33dc-44f5-8072-3516f7a506fe,GF-R5-U3,"Gondola R5 Front U3",2026-07-31T03:18:09.455Z,2026-07-31T03:18:56.055Z,2026-07-31T03:18:09.455Z,2026-07-31T03:18:56.055Z,46.6,46.6,2026-07-31T03:18:09.455Z
7106,8cf2b33a-c972-4d8c-af11-c2f05494c9d4,GB-R1-U5,"Gondola R1 Back U5",2026-07-31T03:18:08.969Z,2026-07-31T03:19:01.769Z,2026-07-31T03:18:08.969Z,2026-07-31T03:19:01.769Z,52.8,52.8,2026-07-31T03:18:08.969Z
7131,66d706c9-5be3-43d9-924b-518d19d88762,GF-R3-U3,"Gondola R3 Front U3",2026-07-31T03:18:08.566Z,2026-07-31T03:19:23.966Z,2026-07-31T03:18:08.566Z,2026-07-31T03:19:23.966Z,75.4,75.4,2026-07-31T03:18:08.566Z
7091,80c373c9-59c4-4703-bd6e-ea515d0c8130,GPS-03,"GPS Display Case 3",2026-07-31T03:18:08.235Z,2026-07-31T03:18:48.835Z,2026-07-31T03:18:08.235Z,2026-07-31T03:18:48.835Z,40.6,40.6,2026-07-31T03:18:08.235Z
7126,30f2929d-bfb0-4bb6-9d5e-39e4a25e3803,PW-06,"West Wall Bay 6",2026-07-31T03:18:06.630Z,2026-07-31T03:19:18.630Z,2026-07-31T03:18:06.630Z,2026-07-31T03:19:18.630Z,72.0,72.0,2026-07-31T03:18:06.630Z
7136,e0687f2f-2f1f-49e3-ae67-3576de0ea768,GF-R4-U5,"Gondola R4 Front U5",2026-07-31T03:18:06.181Z,2026-07-31T03:19:30.581Z,2026-07-31T03:18:06.181Z,2026-07-31T03:19:30.581Z,84.4,84.4,2026-07-31T03:18:06.181Z
7094,3cde4178-7396-45cd-aa4c-22e01ea520a0,PE-06,"East Wall Bay 6",2026-07-31T03:18:06.144Z,2026-07-31T03:18:51.944Z,2026-07-31T03:18:06.144Z,2026-07-31T03:18:51.944Z,45.8,45.8,2026-07-31T03:18:06.144Z
7123,ce26fc35-f54b-4812-9d7e-354bc8ee9d9f,PE-06,"East Wall Bay 6",2026-07-31T03:18:04.736Z,2026-07-31T03:19:19.336Z,2026-07-31T03:18:04.736Z,2026-07-31T03:19:19.336Z,74.6,74.6,2026-07-31T03:18:04.736Z
7133,9c899e49-9350-4553-99fc-b92eb60f636f,GF-R3-U6,"Gondola R3 Front U6",2026-07-31T03:18:03.606Z,2026-07-31T03:19:26.406Z,2026-07-31T03:18:03.606Z,2026-07-31T03:19:26.406Z,82.8,82.8,2026-07-31T03:18:03.606Z
7113,9744e314-af7c-4ad9-99c4-f629536e5ca3,GF-R6-U5,"Gondola R6 Front U5",2026-07-31T03:18:02.370Z,2026-07-31T03:19:10.970Z,2026-07-31T03:18:02.370Z,2026-07-31T03:19:10.970Z,68.6,68.6,2026-07-31T03:18:02.370Z
7116,2dd6e235-b8cf-4e2b-85e8-49d78c3bea4d,GF-R6-U2,"Gondola R6 Front U2",2026-07-31T03:18:01.880Z,2026-07-31T03:19:13.880Z,2026-07-31T03:18:01.880Z,2026-07-31T03:19:13.880Z,72.0,72.0,2026-07-31T03:18:01.880Z
7105,44ad48d4-c803-480f-b04d-7d16a68d5fc2,GB-R1-U5,"Gondola R1 Back U5",2026-07-31T03:17:59.930Z,2026-07-31T03:19:01.730Z,2026-07-31T03:17:59.930Z,2026-07-31T03:19:01.730Z,61.8,61.8,2026-07-31T03:17:59.930Z
7120,b6786d7f-9d17-4719-ad39-a6ca064a63ac,GF-R4-U4,"Gondola R4 Front U4",2026-07-31T03:17:59.636Z,2026-07-31T03:19:17.636Z,2026-07-31T03:17:59.636Z,2026-07-31T03:19:17.636Z,78.0,78.0,2026-07-31T03:17:59.636Z
7118,b75776da-74ba-4345-9084-dad42be1e4a8,PW-06,"West Wall Bay 6",2026-07-31T03:17:59.285Z,2026-07-31T03:19:14.885Z,2026-07-31T03:17:59.285Z,2026-07-31T03:19:14.885Z,75.6,75.6,2026-07-31T03:17:59.285Z
7099,40b96ab4-a0fc-4561-bb99-bd14b771e5d1,GB-R1-U6,"Gondola R1 Back U6",2026-07-31T03:17:58.636Z,2026-07-31T03:18:59.436Z,2026-07-31T03:17:58.636Z,2026-07-31T03:18:59.436Z,60.8,60.8,2026-07-31T03:17:58.636Z
7102,1e04764a-ce08-4a38-a254-7581317b8ad5,GB-R1-U3,"Gondola R1 Back U3",2026-07-31T03:17:58.390Z,2026-07-31T03:19:00.990Z,2026-07-31T03:17:58.390Z,2026-07-31T03:19:00.990Z,62.6,62.6,2026-07-31T03:17:58.390Z
7098,ca6b8c43-7647-4ae5-9e47-af94f38c069d,PW-04,"West Wall Bay 4",2026-07-31T03:17:58.266Z,2026-07-31T03:18:57.666Z,2026-07-31T03:17:58.266Z,2026-07-31T03:18:57.666Z,59.4,59.4,2026-07-31T03:17:58.266Z
7129,99f2bed2-f52c-4714-87c9-e6f7b0b47598,GB-R4-U3,"Gondola R4 Back U3",2026-07-31T03:17:56.805Z,2026-07-31T03:19:20.205Z,2026-07-31T03:17:56.805Z,2026-07-31T03:19:20.205Z,83.4,83.4,2026-07-31T03:17:56.805Z
7119,15f8430a-b246-4478-bb6f-6c544add9ff8,GF-R2-U3,"Gondola R2 Front U3",2026-07-31T03:17:56.695Z,2026-07-31T03:19:12.095Z,2026-07-31T03:17:56.695Z,2026-07-31T03:19:12.095Z,75.4,75.4,2026-07-31T03:17:56.695Z
7093,270d626f-ad31-4d04-8ba1-3c0869b510a4,PW-04,"West Wall Bay 4",2026-07-31T03:17:55.715Z,2026-07-31T03:18:50.715Z,2026-07-31T03:17:55.715Z,2026-07-31T03:18:50.715Z,55.0,55.0,2026-07-31T03:17:55.715Z
7095,37f5647a-f9de-45f7-a37f-7b82d5dc94c2,RR-02,"Apparel Round Rack 2",2026-07-31T03:17:52.937Z,2026-07-31T03:18:52.137Z,2026-07-31T03:17:52.937Z,2026-07-31T03:18:52.137Z,59.2,59.2,2026-07-31T03:17:52.937Z
7100,0626e582-61ba-49c8-aaa1-960494170705,GF-R1-U7,"Gondola R1 Front U7",2026-07-31T03:17:51.385Z,2026-07-31T03:18:56.785Z,2026-07-31T03:17:51.385Z,2026-07-31T03:18:56.785Z,65.4,65.4,2026-07-31T03:17:51.385Z
7114,6b6c9d80-511e-4a9d-8627-ff7919980105,PE-05,"East Wall Bay 5",2026-07-31T03:17:51.037Z,2026-07-31T03:19:11.637Z,2026-07-31T03:17:51.037Z,2026-07-31T03:19:11.637Z,80.6,80.6,2026-07-31T03:17:51.037Z
7121,c3659024-718b-4974-b01b-d3a325054753,PW-02,"West Wall Bay 2",2026-07-31T03:17:50.203Z,2026-07-31T03:19:18.203Z,2026-07-31T03:17:50.203Z,2026-07-31T03:19:18.203Z,88.0,88.0,2026-07-31T03:17:50.203Z
7111,7ca23509-6204-416c-9ba8-621a0a000caf,GB-R6-U5,"Gondola R6 Back U5",2026-07-31T03:17:49.484Z,2026-07-31T03:19:07.884Z,2026-07-31T03:17:49.484Z,2026-07-31T03:19:07.884Z,78.4,78.4,2026-07-31T03:17:49.484Z
7101,1a0a6611-2fd8-41ca-96be-9b9f88fa39c8,GF-R1-U5,"Gondola R1 Front U5",2026-07-31T03:17:48.188Z,2026-07-31T03:18:59.388Z,2026-07-31T03:17:48.188Z,2026-07-31T03:18:59.388Z,71.2,71.2,2026-07-31T03:17:48.188Z
7112,ae53f1f8-4843-45a9-9887-503c1fb2abb6,GB-R3-U1,"Gondola R3 Back U1",2026-07-31T03:17:47.985Z,2026-07-31T03:19:07.985Z,2026-07-31T03:17:47.985Z,2026-07-31T03:19:07.985Z,80.0,80.0,2026-07-31T03:17:47.985Z
7108,de92159d-73b6-4eb6-b621-0c827fe74297,GF-R3-U7,"Gondola R3 Front U7",2026-07-31T03:17:44.895Z,2026-07-31T03:19:06.495Z,2026-07-31T03:17:44.895Z,2026-07-31T03:19:06.495Z,81.6,81.6,2026-07-31T03:17:44.895Z
7092,52140e93-1a9a-4653-9041-ba160a711bf5,GB-R4-U5,"Gondola R4 Back U5",2026-07-31T03:17:40.093Z,2026-07-31T03:18:50.293Z,2026-07-31T03:17:40.093Z,2026-07-31T03:18:50.293Z,70.2,70.2,2026-07-31T03:17:40.093Z
7104,019f5842-8dc1-4ea3-acdf-41eb9fac42dc,GF-R4-U7,"Gondola R4 Front U7",2026-07-31T03:17:35.257Z,2026-07-31T03:19:02.057Z,2026-07-31T03:17:35.257Z,2026-07-31T03:19:02.057Z,86.8,86.8,2026-07-31T03:17:35.257Z
7097,f7ef5c08-6b78-4f60-87d7-767de7bff737,GF-R6-U2,"Gondola R6 Front U2",2026-07-31T03:17:34.890Z,2026-07-31T03:18:55.490Z,2026-07-31T03:17:34.890Z,2026-07-31T03:18:55.490Z,80.6,80.6,2026-07-31T03:17:34.890Z
7089,d480ecb9-c268-4379-91cb-3535d384a184,GF-R4-U6,"Gondola R4 Front U6",2026-07-31T03:17:31.634Z,2026-07-31T03:18:45.234Z,2026-07-31T03:17:31.634Z,2026-07-31T03:18:45.234Z,73.6,73.6,2026-07-31T03:17:31.634Z
7090,8807a742-aa34-49f8-a1a8-710b4ec439e7,GB-R3-U1,"Gondola R3 Back U1",2026-07-31T03:17:23.012Z,2026-07-31T03:18:45.812Z,2026-07-31T03:17:23.012Z,2026-07-31T03:18:45.812Z,82.8,82.8,2026-07-31T03:17:23.012Z
7085,7f266dbe-fe6d-45bc-b6ff-5e1620337d89,GF-R3-U2,"Gondola R3 Front U2",2026-07-31T03:15:18.255Z,2026-07-31T03:15:48.255Z,2026-07-31T03:15:18.255Z,2026-07-31T03:15:48.255Z,30.0,30.0,2026-07-31T03:15:18.255Z
7079,3855f3b1-7f8b-4362-ba23-4403c2156365,GB-R6-U2,"Gondola R6 Back U2",2026-07-31T03:15:10.134Z,2026-07-31T03:15:43.534Z,2026-07-31T03:15:10.134Z,2026-07-31T03:15:43.534Z,33.4,33.4,2026-07-31T03:15:10.134Z
7084,2f14edee-eef0-4e37-880d-c3ea5472f880,GF-R4-U1,"Gondola R4 Front U1",2026-07-31T03:15:07.252Z,2026-07-31T03:15:46.852Z,2026-07-31T03:15:07.252Z,2026-07-31T03:15:46.852Z,39.6,39.6,2026-07-31T03:15:07.252Z
7073,f0a55334-bb4a-4cee-b138-ce3849557465,PE-04,"East Wall Bay 4",2026-07-31T03:15:07.002Z,2026-07-31T03:15:42.602Z,2026-07-31T03:15:07.002Z,2026-07-31T03:15:42.602Z,35.6,35.6,2026-07-31T03:15:07.002Z
7048,7ed372e6-3bdf-4ef2-9607-5b263e159ec0,GB-R2-U6,"Gondola R2 Back U6",2026-07-31T03:14:55.972Z,2026-07-31T03:15:27.772Z,2026-07-31T03:14:55.972Z,2026-07-31T03:15:27.772Z,31.8,31.8,2026-07-31T03:14:55.972Z
7040,71c3502d-646f-4257-98c9-a39b50ee409b,GF-R1-U5,"Gondola R1 Front U5",2026-07-31T03:14:55.606Z,2026-07-31T03:15:26.206Z,2026-07-31T03:14:55.606Z,2026-07-31T03:15:26.206Z,30.6,30.6,2026-07-31T03:14:55.606Z
7078,cb9bb6ce-80ca-41cd-aaca-de03e60acea6,GF-R3-U7,"Gondola R3 Front U7",2026-07-31T03:14:54.928Z,2026-07-31T03:15:43.528Z,2026-07-31T03:14:54.928Z,2026-07-31T03:15:43.528Z,48.6,48.6,2026-07-31T03:14:54.928Z
7069,30f2929d-bfb0-4bb6-9d5e-39e4a25e3803,GB-R4-U1,"Gondola R4 Back U1",2026-07-31T03:14:52.627Z,2026-07-31T03:15:40.827Z,2026-07-31T03:14:52.627Z,2026-07-31T03:15:40.827Z,48.2,48.2,2026-07-31T03:14:52.627Z
7067,98657a1d-507e-4f01-a974-206ceab9c972,GB-R4-U2,"Gondola R4 Back U2",2026-07-31T03:14:52.246Z,2026-07-31T03:15:38.646Z,2026-07-31T03:14:52.246Z,2026-07-31T03:15:38.646Z,46.4,46.4,2026-07-31T03:14:52.246Z
7045,4e04b887-863b-48c5-bb9c-6e7bca5e0a30,GB-R3-U1,"Gondola R3 Back U1",2026-07-31T03:14:51.538Z,2026-07-31T03:15:28.138Z,2026-07-31T03:14:51.538Z,2026-07-31T03:15:28.138Z,36.6,36.6,2026-07-31T03:14:51.538Z
7047,c1a06ae1-64e4-44aa-9539-68b074090591,RR-02,"Apparel Round Rack 2",2026-07-31T03:14:50.806Z,2026-07-31T03:15:29.206Z,2026-07-31T03:14:50.806Z,2026-07-31T03:15:29.206Z,38.4,38.4,2026-07-31T03:14:50.806Z
7054,11c655c3-261a-4c70-b4f8-21e46717e157,GB-R3-U1,"Gondola R3 Back U1",2026-07-31T03:14:50.668Z,2026-07-31T03:15:31.668Z,2026-07-31T03:14:50.668Z,2026-07-31T03:15:31.668Z,41.0,41.0,2026-07-31T03:14:50.668Z
7071,e0687f2f-2f1f-49e3-ae67-3576de0ea768,GF-R2-U1,"Gondola R2 Front U1",2026-07-31T03:14:50.578Z,2026-07-31T03:15:41.378Z,2026-07-31T03:14:50.578Z,2026-07-31T03:15:41.378Z,50.8,50.8,2026-07-31T03:14:50.578Z
7055,9c899e49-9350-4553-99fc-b92eb60f636f,GB-R6-U3,"Gondola R6 Back U3",2026-07-31T03:14:50.203Z,2026-07-31T03:15:31.603Z,2026-07-31T03:14:50.203Z,2026-07-31T03:15:31.603Z,41.4,41.4,2026-07-31T03:14:50.203Z
7058,2fabe3e5-8700-41da-9368-262c26715cd0,GB-R4-U6,"Gondola R4 Back U6",2026-07-31T03:14:50.069Z,2026-07-31T03:15:33.069Z,2026-07-31T03:14:50.069Z,2026-07-31T03:15:33.069Z,43.0,43.0,2026-07-31T03:14:50.069Z
7063,c2a4de4b-f8b4-404c-95e6-651768d894e9,GF-R1-U7,"Gondola R1 Front U7",2026-07-31T03:14:48.234Z,2026-07-31T03:15:35.834Z,2026-07-31T03:14:48.234Z,2026-07-31T03:15:35.834Z,47.6,47.6,2026-07-31T03:14:48.234Z
7049,df2429b4-9fb2-411e-8232-e906de211ac3,GF-R5-U5,"Gondola R5 Front U5",2026-07-31T03:14:48.154Z,2026-07-31T03:15:30.554Z,2026-07-31T03:14:48.154Z,2026-07-31T03:15:30.554Z,42.4,42.4,2026-07-31T03:14:48.154Z
7037,0e0e4aa3-4dd1-4a1c-871a-64dad1396af4,GF-R5-U5,"Gondola R5 Front U5",2026-07-31T03:14:48.048Z,2026-07-31T03:15:25.048Z,2026-07-31T03:14:48.048Z,2026-07-31T03:15:25.048Z,37.0,37.0,2026-07-31T03:14:48.048Z
7059,c3659024-718b-4974-b01b-d3a325054753,FB-01,"Footwear Bench Seat",2026-07-31T03:14:46.800Z,2026-07-31T03:15:34.400Z,2026-07-31T03:14:46.800Z,2026-07-31T03:15:34.400Z,47.6,47.6,2026-07-31T03:14:46.800Z
7080,be8f8a6e-9335-4c70-9cb8-e707298ee0b6,GF-R4-U2,"Gondola R4 Front U2",2026-07-31T03:14:44.968Z,2026-07-31T03:15:45.768Z,2026-07-31T03:14:44.968Z,2026-07-31T03:15:45.768Z,60.8,60.8,2026-07-31T03:14:44.968Z
7029,35dcb771-9404-4284-aaa9-d6cf69f90608,GB-R6-U5,"Gondola R6 Back U5",2026-07-31T03:14:43.768Z,2026-07-31T03:15:17.968Z,2026-07-31T03:14:43.768Z,2026-07-31T03:15:17.968Z,34.2,34.2,2026-07-31T03:14:43.768Z
7056,3cde4178-7396-45cd-aa4c-22e01ea520a0,GB-R2-U5,"Gondola R2 Back U5",2026-07-31T03:14:43.411Z,2026-07-31T03:15:33.211Z,2026-07-31T03:14:43.411Z,2026-07-31T03:15:33.211Z,49.8,49.8,2026-07-31T03:14:43.411Z
7023,5996d900-0ec4-46aa-a8a0-49aeb8e4e964,GB-R6-U2,"Gondola R6 Back U2",2026-07-31T03:14:42.911Z,2026-07-31T03:15:15.711Z,2026-07-31T03:14:42.911Z,2026-07-31T03:15:15.711Z,32.8,32.8,2026-07-31T03:14:42.911Z
7086,0e395eaf-c1d0-40c9-ae09-5c9fc79a1b42,GF-R4-U1,"Gondola R4 Front U1",2026-07-31T03:14:39.527Z,2026-07-31T03:15:49.127Z,2026-07-31T03:14:39.527Z,2026-07-31T03:15:49.127Z,69.6,69.6,2026-07-31T03:14:39.527Z
7068,ed4f2938-fc4e-4e53-9864-0f52d1744aa9,FB-01,"Footwear Bench Seat",2026-07-31T03:14:39.043Z,2026-07-31T03:15:38.443Z,2026-07-31T03:14:39.043Z,2026-07-31T03:15:38.443Z,59.4,59.4,2026-07-31T03:14:39.043Z
7065,9f0fd0a3-0b6d-4796-bb7d-a6fc00e53338,GB-R2-U2,"Gondola R2 Back U2",2026-07-31T03:14:38.851Z,2026-07-31T03:15:38.651Z,2026-07-31T03:14:38.851Z,2026-07-31T03:15:38.651Z,59.8,59.8,2026-07-31T03:14:38.851Z
7082,ca5b403d-bae6-4012-b451-b0b0d751cf3d,GF-R4-U6,"Gondola R4 Front U6",2026-07-31T03:14:37.744Z,2026-07-31T03:15:46.544Z,2026-07-31T03:14:37.744Z,2026-07-31T03:15:46.544Z,68.8,68.8,2026-07-31T03:14:37.744Z
7076,376e3887-a42c-4bd6-991c-b6330356b6b4,GB-R2-U3,"Gondola R2 Back U3",2026-07-31T03:14:36.842Z,2026-07-31T03:15:43.642Z,2026-07-31T03:14:36.842Z,2026-07-31T03:15:43.642Z,66.8,66.8,2026-07-31T03:14:36.842Z
7075,6b6c9d80-511e-4a9d-8627-ff7919980105,GB-R5-U7,"Gondola R5 Back U7",2026-07-31T03:14:35.634Z,2026-07-31T03:15:43.234Z,2026-07-31T03:14:35.634Z,2026-07-31T03:15:43.234Z,67.6,67.6,2026-07-31T03:14:35.634Z
7021,3fd9088a-85cb-47eb-9917-1aa9ed5496c6,ACC-02,"Accessories Bay 2",2026-07-31T03:14:35.466Z,2026-07-31T03:15:11.666Z,2026-07-31T03:14:35.466Z,2026-07-31T03:15:11.666Z,36.2,36.2,2026-07-31T03:14:35.466Z
7018,3565d67d-c197-412e-9504-70136638ca85,PW-01,"West Wall Bay 1",2026-07-31T03:14:35.189Z,2026-07-31T03:15:11.589Z,2026-07-31T03:14:35.189Z,2026-07-31T03:15:11.589Z,36.4,36.4,2026-07-31T03:14:35.189Z
7034,5143212e-187e-4919-8fcf-d4b0873d3f7c,PE-04,"East Wall Bay 4",2026-07-31T03:14:32.913Z,2026-07-31T03:15:21.113Z,2026-07-31T03:14:32.913Z,2026-07-31T03:15:21.113Z,48.2,48.2,2026-07-31T03:14:32.913Z
7066,edd1679c-ac40-445a-a687-496177007971,ACC-03,"Accessories Bay 3",2026-07-31T03:14:32.856Z,2026-07-31T03:15:37.456Z,2026-07-31T03:14:32.856Z,2026-07-31T03:15:37.456Z,64.6,64.6,2026-07-31T03:14:32.856Z
7072,56f78002-1364-4e4a-9321-fc318e86280b,GB-R2-U2,"Gondola R2 Back U2",2026-07-31T03:14:32.856Z,2026-07-31T03:15:41.256Z,2026-07-31T03:14:32.856Z,2026-07-31T03:15:41.256Z,68.4,68.4,2026-07-31T03:14:32.856Z
7087,1f557dcb-ca9d-4cc1-841a-8e61158848b3,GB-R1-U1,"Gondola R1 Back U1",2026-07-31T03:14:32.634Z,2026-07-31T03:15:47.034Z,2026-07-31T03:14:32.634Z,2026-07-31T03:15:47.034Z,74.4,74.4,2026-07-31T03:14:32.634Z
7035,facff1eb-e77b-426d-a4b6-d88560cdd1fc,GF-R5-U1,"Gondola R5 Front U1",2026-07-31T03:14:31.741Z,2026-07-31T03:15:23.541Z,2026-07-31T03:14:31.741Z,2026-07-31T03:15:23.541Z,51.8,51.8,2026-07-31T03:14:31.741Z
7036,47960b65-8c2a-4888-9da3-1611dc8a9556,PW-05,"West Wall Bay 5",2026-07-31T03:14:31.038Z,2026-07-31T03:15:24.438Z,2026-07-31T03:14:31.038Z,2026-07-31T03:15:24.438Z,53.4,53.4,2026-07-31T03:14:31.038Z
7020,3af7a441-b736-4d2c-a76a-c8613165dee2,GF-R6-U6,"Gondola R6 Front U6",2026-07-31T03:14:30.967Z,2026-07-31T03:15:14.567Z,2026-07-31T03:14:30.967Z,2026-07-31T03:15:14.567Z,43.6,43.6,2026-07-31T03:14:30.967Z
7061,1356f56c-3bd5-45d9-b715-d97f47592d6b,GF-R4-U7,"Gondola R4 Front U7",2026-07-31T03:14:30.465Z,2026-07-31T03:15:34.865Z,2026-07-31T03:14:30.465Z,2026-07-31T03:15:34.865Z,64.4,64.4,2026-07-31T03:14:30.465Z
7014,b401081e-b4a3-4146-9147-72562584a152,GPS-01,"GPS Display Case 1",2026-07-31T03:14:29.672Z,2026-07-31T03:15:08.272Z,2026-07-31T03:14:29.672Z,2026-07-31T03:15:08.272Z,38.6,38.6,2026-07-31T03:14:29.672Z
7001,5ec596e3-a5bd-4f10-aa0f-4f08da4899a4,GF-R5-U1,"Gondola R5 Front U1",2026-07-31T03:14:29.615Z,2026-07-31T03:15:01.415Z,2026-07-31T03:14:29.615Z,2026-07-31T03:15:01.415Z,31.8,31.8,2026-07-31T03:14:29.615Z
7012,781cd6cb-911b-4a56-9b58-9829adf8f9a3,GF-R1-U4,"Gondola R1 Front U4",2026-07-31T03:14:28.847Z,2026-07-31T03:15:07.447Z,2026-07-31T03:14:28.847Z,2026-07-31T03:15:07.447Z,38.6,38.6,2026-07-31T03:14:28.847Z
7053,de92159d-73b6-4eb6-b621-0c827fe74297,GF-R5-U2,"Gondola R5 Front U2",2026-07-31T03:14:26.092Z,2026-07-31T03:15:29.692Z,2026-07-31T03:14:26.092Z,2026-07-31T03:15:29.692Z,63.6,63.6,2026-07-31T03:14:26.092Z
7028,7f266dbe-fe6d-45bc-b6ff-5e1620337d89,GF-R1-U1,"Gondola R1 Front U1",2026-07-31T03:14:25.854Z,2026-07-31T03:15:17.254Z,2026-07-31T03:14:25.854Z,2026-07-31T03:15:17.254Z,51.4,51.4,2026-07-31T03:14:25.854Z
7041,ac41dce4-3f9f-423a-a8de-946a5c0902b6,GB-R1-U6,"Gondola R1 Back U6",2026-07-31T03:14:25.178Z,2026-07-31T03:15:26.578Z,2026-07-31T03:14:25.178Z,2026-07-31T03:15:26.578Z,61.4,61.4,2026-07-31T03:14:25.178Z
7083,7883b87d-d496-453b-9e52-8ab08a1da539,GB-R5-U6,"Gondola R5 Back U6",2026-07-31T03:14:24.991Z,2026-07-31T03:15:46.591Z,2026-07-31T03:14:24.991Z,2026-07-31T03:15:46.591Z,81.6,81.6,2026-07-31T03:14:24.991Z
7077,b7e17a9c-6af1-4422-932e-c14fd1aaf53a,PE-05,"East Wall Bay 5",2026-07-31T03:14:24.784Z,2026-07-31T03:15:43.184Z,2026-07-31T03:14:24.784Z,2026-07-31T03:15:43.184Z,78.4,78.4,2026-07-31T03:14:24.784Z
7033,a7889305-a303-43de-abfb-b7030dbdd80b,GB-R2-U6,"Gondola R2 Back U6",2026-07-31T03:14:24.207Z,2026-07-31T03:15:18.007Z,2026-07-31T03:14:24.207Z,2026-07-31T03:15:18.007Z,53.8,53.8,2026-07-31T03:14:24.207Z
7081,e6b616f4-ab72-449c-a4b3-2e363a5920f3,GB-R3-U2,"Gondola R3 Back U2",2026-07-31T03:14:24.132Z,2026-07-31T03:15:45.332Z,2026-07-31T03:14:24.132Z,2026-07-31T03:15:45.332Z,81.2,81.2,2026-07-31T03:14:24.132Z
7074,750ccf8a-a9b2-4c8d-bcf1-bacf7cec7e3e,PE-05,"East Wall Bay 5",2026-07-31T03:14:24.050Z,2026-07-31T03:15:43.050Z,2026-07-31T03:14:24.050Z,2026-07-31T03:15:43.050Z,79.0,79.0,2026-07-31T03:14:24.050Z
7062,b75776da-74ba-4345-9084-dad42be1e4a8,GB-R4-U3,"Gondola R4 Back U3",2026-07-31T03:14:23.881Z,2026-07-31T03:15:34.681Z,2026-07-31T03:14:23.881Z,2026-07-31T03:15:34.681Z,70.8,70.8,2026-07-31T03:14:23.881Z
7057,363a6e2c-32e6-445b-89e7-06f516477b6f,GB-R6-U2,"Gondola R6 Back U2",2026-07-31T03:14:23.386Z,2026-07-31T03:15:32.786Z,2026-07-31T03:14:23.386Z,2026-07-31T03:15:32.786Z,69.4,69.4,2026-07-31T03:14:23.386Z
7064,0626e582-61ba-49c8-aaa1-960494170705,GF-R2-U1,"Gondola R2 Front U1",2026-07-31T03:14:23.182Z,2026-07-31T03:15:35.782Z,2026-07-31T03:14:23.182Z,2026-07-31T03:15:35.782Z,72.6,72.6,2026-07-31T03:14:23.182Z
7009,06ac5f62-ac1f-4f0a-99cf-de0786bb6a14,GF-R5-U6,"Gondola R5 Front U6",2026-07-31T03:14:22.467Z,2026-07-31T03:15:02.667Z,2026-07-31T03:14:22.467Z,2026-07-31T03:15:02.667Z,40.2,40.2,2026-07-31T03:14:22.467Z
7051,a32f9fb6-359a-4128-b3b7-ee29d6954939,GB-R5-U3,"Gondola R5 Back U3",2026-07-31T03:14:19.766Z,2026-07-31T03:15:30.166Z,2026-07-31T03:14:19.766Z,2026-07-31T03:15:30.166Z,70.4,70.4,2026-07-31T03:14:19.766Z
7070,948f0ece-0a14-41e2-9db0-3b8ef7756445,PE-02,"East Wall Bay 2",2026-07-31T03:14:19.558Z,2026-07-31T03:15:40.358Z,2026-07-31T03:14:19.558Z,2026-07-31T03:15:40.358Z,80.8,80.8,2026-07-31T03:14:19.558Z
7005,2d6395f4-556d-42a8-85a5-c870dc103ed3,GF-R3-U1,"Gondola R3 Front U1",2026-07-31T03:14:17.784Z,2026-07-31T03:15:02.184Z,2026-07-31T03:14:17.784Z,2026-07-31T03:15:02.184Z,44.4,44.4,2026-07-31T03:14:17.784Z
7046,4a5e55f7-5e5a-4d16-a0f5-d22b05bbb28b,GF-R4-U6,"Gondola R4 Front U6",2026-07-31T03:14:16.291Z,2026-07-31T03:15:27.291Z,2026-07-31T03:14:16.291Z,2026-07-31T03:15:27.291Z,71.0,71.0,2026-07-31T03:14:16.291Z
7026,43877932-b778-4cdb-bee1-354f77b763aa,GF-R1-U1,"Gondola R1 Front U1",2026-07-31T03:14:14.735Z,2026-07-31T03:15:14.135Z,2026-07-31T03:14:14.735Z,2026-07-31T03:15:14.135Z,59.4,59.4,2026-07-31T03:14:14.735Z
6985,0d4ee985-e8af-4168-a6d2-40b65865c365,GB-R6-U3,"Gondola R6 Back U3",2026-07-31T03:14:14.411Z,2026-07-31T03:14:50.411Z,2026-07-31T03:14:14.411Z,2026-07-31T03:14:50.411Z,36.0,36.0,2026-07-31T03:14:14.411Z
7044,afc6c2fb-37aa-4231-b08f-dc392a91928b,GB-R4-U6,"Gondola R4 Back U6",2026-07-31T03:14:13.935Z,2026-07-31T03:15:28.735Z,2026-07-31T03:14:13.935Z,2026-07-31T03:15:28.735Z,74.8,74.8,2026-07-31T03:14:13.935Z
7025,de3acfcf-1c97-48dd-9884-bf0f4114d1d0,GF-R1-U1,"Gondola R1 Front U1",2026-07-31T03:14:13.291Z,2026-07-31T03:15:17.291Z,2026-07-31T03:14:13.291Z,2026-07-31T03:15:17.291Z,64.0,64.0,2026-07-31T03:14:13.291Z
6975,c2a4de4b-f8b4-404c-95e6-651768d894e9,GB-R1-U7,"Gondola R1 Back U7",2026-07-31T03:14:13.233Z,2026-07-31T03:14:47.233Z,2026-07-31T03:14:13.233Z,2026-07-31T03:14:47.233Z,34.0,34.0,2026-07-31T03:14:13.233Z
6932,b75776da-74ba-4345-9084-dad42be1e4a8,GPS-03,"GPS Display Case 3",2026-07-31T03:14:12.480Z,2026-07-31T03:14:22.880Z,2026-07-31T03:14:12.480Z,2026-07-31T03:14:22.880Z,10.4,10.4,2026-07-31T03:14:12.480Z
7039,47f3e7b5-27f6-4b5f-a74d-d8d2eb37a852,GF-R2-U2,"Gondola R2 Front U2",2026-07-31T03:14:09.964Z,2026-07-31T03:15:24.364Z,2026-07-31T03:14:09.964Z,2026-07-31T03:15:24.364Z,74.4,74.4,2026-07-31T03:14:09.964Z
6987,d6a6e2a7-bb21-4c81-9368-e6dc6f356edc,GF-R1-U3,"Gondola R1 Front U3",2026-07-31T03:14:09.374Z,2026-07-31T03:14:52.774Z,2026-07-31T03:14:09.374Z,2026-07-31T03:14:52.774Z,43.4,43.4,2026-07-31T03:14:09.374Z
6966,94109efc-6b18-4661-8d05-47339b38ab3e,RR-02,"Apparel Round Rack 2",2026-07-31T03:14:09.068Z,2026-07-31T03:14:42.468Z,2026-07-31T03:14:09.068Z,2026-07-31T03:14:42.468Z,33.4,33.4,2026-07-31T03:14:09.068Z
7043,38d7f4e0-f3f8-4e9a-9903-fa655475e02d,GF-R4-U4,"Gondola R4 Front U4",2026-07-31T03:14:08.860Z,2026-07-31T03:15:27.660Z,2026-07-31T03:14:08.860Z,2026-07-31T03:15:27.660Z,78.8,78.8,2026-07-31T03:14:08.860Z
7019,07e8cdbe-5d4d-4274-8ced-91e2899a4461,GF-R5-U7,"Gondola R5 Front U7",2026-07-31T03:14:08.439Z,2026-07-31T03:15:11.039Z,2026-07-31T03:14:08.439Z,2026-07-31T03:15:11.039Z,62.6,62.6,2026-07-31T03:14:08.439Z
7015,37f5647a-f9de-45f7-a37f-7b82d5dc94c2,GB-R1-U4,"Gondola R1 Back U4",2026-07-31T03:14:08.078Z,2026-07-31T03:15:07.878Z,2026-07-31T03:14:08.078Z,2026-07-31T03:15:07.878Z,59.8,59.8,2026-07-31T03:14:08.078Z
6999,aabad301-a5d9-4e71-abf5-d4bad3861677,GF-R2-U7,"Gondola R2 Front U7",2026-07-31T03:14:08.053Z,2026-07-31T03:14:58.253Z,2026-07-31T03:14:08.053Z,2026-07-31T03:14:58.253Z,50.2,50.2,2026-07-31T03:14:08.053Z
6970,be8f8a6e-9335-4c70-9cb8-e707298ee0b6,GB-R4-U2,"Gondola R4 Back U2",2026-07-31T03:14:07.567Z,2026-07-31T03:14:43.967Z,2026-07-31T03:14:07.567Z,2026-07-31T03:14:43.967Z,36.4,36.4,2026-07-31T03:14:07.567Z
6981,4e04b887-863b-48c5-bb9c-6e7bca5e0a30,GF-R3-U5,"Gondola R3 Front U5",2026-07-31T03:14:07.537Z,2026-07-31T03:14:50.537Z,2026-07-31T03:14:07.537Z,2026-07-31T03:14:50.537Z,43.0,43.0,2026-07-31T03:14:07.537Z
7008,4d33727c-37ac-49a6-a702-8d124b952f63,GF-R1-U5,"Gondola R1 Front U5",2026-07-31T03:14:07.356Z,2026-07-31T03:15:04.356Z,2026-07-31T03:14:07.356Z,2026-07-31T03:15:04.356Z,57.0,57.0,2026-07-31T03:14:07.356Z
7004,52140e93-1a9a-4653-9041-ba160a711bf5,GB-R2-U6,"Gondola R2 Back U6",2026-07-31T03:14:07.290Z,2026-07-31T03:14:59.890Z,2026-07-31T03:14:07.290Z,2026-07-31T03:14:59.890Z,52.6,52.6,2026-07-31T03:14:07.290Z
7060,c2e4b957-025a-4373-9769-54b952acecce,GB-R3-U4,"Gondola R3 Back U4",2026-07-31T03:14:06.930Z,2026-07-31T03:15:33.330Z,2026-07-31T03:14:06.930Z,2026-07-31T03:15:33.330Z,86.4,86.4,2026-07-31T03:14:06.930Z
6977,9c899e49-9350-4553-99fc-b92eb60f636f,PW-01,"West Wall Bay 1",2026-07-31T03:14:06.802Z,2026-07-31T03:14:49.202Z,2026-07-31T03:14:06.802Z,2026-07-31T03:14:49.202Z,42.4,42.4,2026-07-31T03:14:06.802Z
6980,c1a06ae1-64e4-44aa-9539-68b074090591,PI-01,"Promo Island 1",2026-07-31T03:14:06.405Z,2026-07-31T03:14:49.805Z,2026-07-31T03:14:06.405Z,2026-07-31T03:14:49.805Z,43.4,43.4,2026-07-31T03:14:06.405Z
7031,99f2bed2-f52c-4714-87c9-e6f7b0b47598,GF-R5-U4,"Gondola R5 Front U4",2026-07-31T03:14:05.602Z,2026-07-31T03:15:18.602Z,2026-07-31T03:14:05.602Z,2026-07-31T03:15:18.602Z,73.0,73.0,2026-07-31T03:14:05.602Z
6992,e0c92f1d-eaaf-4caa-8723-a9e3177ce01c,PW-01,"West Wall Bay 1",2026-07-31T03:14:04.812Z,2026-07-31T03:14:52.812Z,2026-07-31T03:14:04.812Z,2026-07-31T03:14:52.812Z,48.0,48.0,2026-07-31T03:14:04.812Z
7027,e1b8e504-22fe-418c-837d-f2d41382ec6f,GF-R6-U4,"Gondola R6 Front U4",2026-07-31T03:14:04.295Z,2026-07-31T03:15:16.495Z,2026-07-31T03:14:04.295Z,2026-07-31T03:15:16.495Z,72.2,72.2,2026-07-31T03:14:04.295Z
6961,c4cb521b-b3f2-4d52-aff1-49f066841b81,FB-01,"Footwear Bench Seat",2026-07-31T03:14:04.090Z,2026-07-31T03:14:35.490Z,2026-07-31T03:14:04.090Z,2026-07-31T03:14:35.490Z,31.4,31.4,2026-07-31T03:14:04.090Z
7052,a6e82f16-e196-40dc-946b-1cf73909e2b5,GF-R5-U4,"Gondola R5 Front U4",2026-07-31T03:14:03.322Z,2026-07-31T03:15:31.322Z,2026-07-31T03:14:03.322Z,2026-07-31T03:15:31.322Z,88.0,88.0,2026-07-31T03:14:03.322Z
7050,cadd0b90-b0a2-490b-92cf-30d16683bba3,GB-R5-U7,"Gondola R5 Back U7",2026-07-31T03:14:03.274Z,2026-07-31T03:15:30.074Z,2026-07-31T03:14:03.274Z,2026-07-31T03:15:30.074Z,86.8,86.8,2026-07-31T03:14:03.274Z
6962,e1ba93af-ba52-437f-9014-90c0a7d3e57d,FB-01,"Footwear Bench Seat",2026-07-31T03:14:03.144Z,2026-07-31T03:14:36.144Z,2026-07-31T03:14:03.144Z,2026-07-31T03:14:36.144Z,33.0,33.0,2026-07-31T03:14:03.144Z
7038,0db890db-93c9-442d-b9f1-8f4703f73777,GB-R4-U5,"Gondola R4 Back U5",2026-07-31T03:14:02.547Z,2026-07-31T03:15:24.547Z,2026-07-31T03:14:02.547Z,2026-07-31T03:15:24.547Z,82.0,82.0,2026-07-31T03:14:02.547Z
6956,5143212e-187e-4919-8fcf-d4b0873d3f7c,GB-R2-U6,"Gondola R2 Back U6",2026-07-31T03:14:01.712Z,2026-07-31T03:14:31.912Z,2026-07-31T03:14:01.712Z,2026-07-31T03:14:31.912Z,30.2,30.2,2026-07-31T03:14:01.712Z
6991,cb9bb6ce-80ca-41cd-aaca-de03e60acea6,GF-R3-U3,"Gondola R3 Front U3",2026-07-31T03:14:01.327Z,2026-07-31T03:14:53.927Z,2026-07-31T03:14:01.327Z,2026-07-31T03:14:53.927Z,52.6,52.6,2026-07-31T03:14:01.327Z
6967,0e395eaf-c1d0-40c9-ae09-5c9fc79a1b42,GF-R4-U6,"Gondola R4 Front U6",2026-07-31T03:14:01.326Z,2026-07-31T03:14:38.526Z,2026-07-31T03:14:01.326Z,2026-07-31T03:14:38.526Z,37.2,37.2,2026-07-31T03:14:01.326Z
6973,0e0e4aa3-4dd1-4a1c-871a-64dad1396af4,GB-R2-U6,"Gondola R2 Back U6",2026-07-31T03:14:01.247Z,2026-07-31T03:14:47.047Z,2026-07-31T03:14:01.247Z,2026-07-31T03:14:47.047Z,45.8,45.8,2026-07-31T03:14:01.247Z
6963,9f0fd0a3-0b6d-4796-bb7d-a6fc00e53338,GB-R5-U7,"Gondola R5 Back U7",2026-07-31T03:14:00.650Z,2026-07-31T03:14:37.850Z,2026-07-31T03:14:00.650Z,2026-07-31T03:14:37.850Z,37.2,37.2,2026-07-31T03:14:00.650Z
6957,3ab3b41d-c03b-4f58-8b33-3359320bcd20,FB-01,"Footwear Bench Seat",2026-07-31T03:14:00.627Z,2026-07-31T03:14:34.427Z,2026-07-31T03:14:00.627Z,2026-07-31T03:14:34.427Z,33.8,33.8,2026-07-31T03:14:00.627Z
7032,ee49db97-3a2d-4644-a6e6-e453f0cc959f,ACC-01,"Accessories Bay 1",2026-07-31T03:13:59.791Z,2026-07-31T03:15:19.791Z,2026-07-31T03:13:59.791Z,2026-07-31T03:15:19.791Z,80.0,80.0,2026-07-31T03:13:59.791Z
7042,a28607df-6850-4bd0-805f-12cef2f613f8,GB-R4-U1,"Gondola R4 Back U1",2026-07-31T03:13:59.547Z,2026-07-31T03:15:28.547Z,2026-07-31T03:13:59.547Z,2026-07-31T03:15:28.547Z,89.0,89.0,2026-07-31T03:13:59.547Z
6994,81d89be5-d7c6-4d52-9727-7ad6ed1d8bb2,GB-R2-U7,"Gondola R2 Back U7",2026-07-31T03:13:58.894Z,2026-07-31T03:14:57.294Z,2026-07-31T03:13:58.894Z,2026-07-31T03:14:57.294Z,58.4,58.4,2026-07-31T03:13:58.894Z
6984,98657a1d-507e-4f01-a974-206ceab9c972,GB-R1-U6,"Gondola R1 Back U6",2026-07-31T03:13:58.245Z,2026-07-31T03:14:51.245Z,2026-07-31T03:13:58.245Z,2026-07-31T03:14:51.245Z,53.0,53.0,2026-07-31T03:13:58.245Z
6953,facff1eb-e77b-426d-a4b6-d88560cdd1fc,GB-R6-U2,"Gondola R6 Back U2",2026-07-31T03:13:56.140Z,2026-07-31T03:14:30.740Z,2026-07-31T03:13:56.140Z,2026-07-31T03:14:30.740Z,34.6,34.6,2026-07-31T03:13:56.140Z
7002,5df61a4f-6cae-4440-8c63-4b7c04096036,GF-R3-U1,"Gondola R3 Front U1",2026-07-31T03:13:55.957Z,2026-07-31T03:15:01.357Z,2026-07-31T03:13:55.957Z,2026-07-31T03:15:01.357Z,65.4,65.4,2026-07-31T03:13:55.957Z
6996,a9a9e6cc-3e6d-4b75-b7e5-fc3579ce84d3,GF-R1-U5,"Gondola R1 Front U5",2026-07-31T03:13:55.835Z,2026-07-31T03:14:57.835Z,2026-07-31T03:13:55.835Z,2026-07-31T03:14:57.835Z,62.0,62.0,2026-07-31T03:13:55.835Z
7030,96385250-9009-43a2-84b9-13542e6aaddb,GB-R3-U7,"Gondola R3 Back U7",2026-07-31T03:13:55.725Z,2026-07-31T03:15:19.325Z,2026-07-31T03:13:55.725Z,2026-07-31T03:15:19.325Z,83.6,83.6,2026-07-31T03:13:55.725Z
6960,3fd9088a-85cb-47eb-9917-1aa9ed5496c6,ACC-03,"Accessories Bay 3",2026-07-31T03:13:55.065Z,2026-07-31T03:14:34.465Z,2026-07-31T03:13:55.065Z,2026-07-31T03:14:34.465Z,39.4,39.4,2026-07-31T03:13:55.065Z
6993,71c3502d-646f-4257-98c9-a39b50ee409b,GB-R1-U6,"Gondola R1 Back U6",2026-07-31T03:13:55.005Z,2026-07-31T03:14:54.605Z,2026-07-31T03:13:55.005Z,2026-07-31T03:14:54.605Z,59.6,59.6,2026-07-31T03:13:55.005Z
6969,ed4f2938-fc4e-4e53-9864-0f52d1744aa9,FB-01,"Footwear Bench Seat",2026-07-31T03:13:54.442Z,2026-07-31T03:14:38.042Z,2026-07-31T03:13:54.442Z,2026-07-31T03:14:38.042Z,43.6,43.6,2026-07-31T03:13:54.442Z
6998,9387a7b5-2a90-41de-9a1f-474c45ce83b3,GB-R4-U6,"Gondola R4 Back U6",2026-07-31T03:13:53.134Z,2026-07-31T03:15:00.534Z,2026-07-31T03:13:53.134Z,2026-07-31T03:15:00.534Z,67.4,67.4,2026-07-31T03:13:53.134Z
6944,e10ba28e-962d-4a08-86f3-975ae69d92a8,GF-R6-U2,"Gondola R6 Front U2",2026-07-31T03:13:52.291Z,2026-07-31T03:14:25.491Z,2026-07-31T03:13:52.291Z,2026-07-31T03:14:25.491Z,33.2,33.2,2026-07-31T03:13:52.291Z
6930,363a6e2c-32e6-445b-89e7-06f516477b6f,PI-01,"Promo Island 1",2026-07-31T03:13:51.785Z,2026-07-31T03:14:22.385Z,2026-07-31T03:13:51.785Z,2026-07-31T03:14:22.385Z,30.6,30.6,2026-07-31T03:13:51.785Z
7024,1bc6dd39-3a47-4b8e-b6f4-cf459b14738b,GB-R3-U4,"Gondola R3 Back U4",2026-07-31T03:13:51.599Z,2026-07-31T03:15:13.799Z,2026-07-31T03:13:51.599Z,2026-07-31T03:15:13.799Z,82.2,82.2,2026-07-31T03:13:51.599Z
6955,4d410a4e-2f35-4fc6-9dd2-957e5db3e28c,GF-R1-U5,"Gondola R1 Front U5",2026-07-31T03:13:50.558Z,2026-07-31T03:14:32.558Z,2026-07-31T03:13:50.558Z,2026-07-31T03:14:32.558Z,42.0,42.0,2026-07-31T03:13:50.558Z
7007,d480ecb9-c268-4379-91cb-3535d384a184,GB-R1-U6,"Gondola R1 Back U6",2026-07-31T03:13:50.230Z,2026-07-31T03:15:02.230Z,2026-07-31T03:13:50.230Z,2026-07-31T03:15:02.230Z,72.0,72.0,2026-07-31T03:13:50.230Z
6997,aadffab8-fb93-4e8b-805a-841d0ecaccd7,PW-01,"West Wall Bay 1",2026-07-31T03:13:49.890Z,2026-07-31T03:14:54.090Z,2026-07-31T03:13:49.890Z,2026-07-31T03:14:54.090Z,64.2,64.2,2026-07-31T03:13:49.890Z
6979,2fabe3e5-8700-41da-9368-262c26715cd0,GB-R4-U4,"Gondola R4 Back U4",2026-07-31T03:13:49.668Z,2026-07-31T03:14:49.068Z,2026-07-31T03:13:49.668Z,2026-07-31T03:14:49.068Z,59.4,59.4,2026-07-31T03:13:49.668Z
6931,1fb99dc3-662d-4ccf-bf98-88223b68cbe7,GF-R5-U7,"Gondola R5 Front U7",2026-07-31T03:13:49.006Z,2026-07-31T03:14:23.206Z,2026-07-31T03:13:49.006Z,2026-07-31T03:14:23.206Z,34.2,34.2,2026-07-31T03:13:49.006Z
7003,c8849ddf-124f-4819-8862-34b5a5c536d4,GF-R6-U1,"Gondola R6 Front U1",2026-07-31T03:13:48.189Z,2026-07-31T03:15:03.189Z,2026-07-31T03:13:48.189Z,2026-07-31T03:15:03.189Z,75.0,75.0,2026-07-31T03:13:48.189Z
7022,747e15a3-8bf2-446b-8129-34a2edabca72,GF-R6-U1,"Gondola R6 Front U1",2026-07-31T03:13:47.689Z,2026-07-31T03:15:13.689Z,2026-07-31T03:13:47.689Z,2026-07-31T03:15:13.689Z,86.0,86.0,2026-07-31T03:13:47.689Z
6989,376163d1-b66e-43ed-9947-5c2c0ab87b18,GPS-03,"GPS Display Case 3",2026-07-31T03:13:46.528Z,2026-07-31T03:14:52.928Z,2026-07-31T03:13:46.528Z,2026-07-31T03:14:52.928Z,66.4,66.4,2026-07-31T03:13:46.528Z
6926,948f0ece-0a14-41e2-9db0-3b8ef7756445,GF-R5-U6,"Gondola R5 Front U6",2026-07-31T03:13:44.557Z,2026-07-31T03:14:18.557Z,2026-07-31T03:13:44.557Z,2026-07-31T03:14:18.557Z,34.0,34.0,2026-07-31T03:13:44.557Z
6948,b401081e-b4a3-4146-9147-72562584a152,GPS-04,"GPS Display Case 4",2026-07-31T03:13:44.271Z,2026-07-31T03:14:28.671Z,2026-07-31T03:13:44.271Z,2026-07-31T03:14:28.671Z,44.4,44.4,2026-07-31T03:13:44.271Z
7013,d0065d0b-4a8d-428e-b371-ab6941b703a8,GPS-01,"GPS Display Case 1",2026-07-31T03:13:44.023Z,2026-07-31T03:15:06.423Z,2026-07-31T03:13:44.023Z,2026-07-31T03:15:06.423Z,82.4,82.4,2026-07-31T03:13:44.023Z
7010,f0a55334-bb4a-4cee-b138-ce3849557465,GF-R3-U6,"Gondola R3 Front U6",2026-07-31T03:13:44.001Z,2026-07-31T03:15:06.001Z,2026-07-31T03:13:44.001Z,2026-07-31T03:15:06.001Z,82.0,82.0,2026-07-31T03:13:44.001Z
6968,bbcb4f0c-da93-464d-a4e8-4c064529e525,GB-R5-U5,"Gondola R5 Back U5",2026-07-31T03:13:43.810Z,2026-07-31T03:14:42.410Z,2026-07-31T03:13:43.810Z,2026-07-31T03:14:42.410Z,58.6,58.6,2026-07-31T03:13:43.810Z
6938,2f14edee-eef0-4e37-880d-c3ea5472f880,GB-R5-U3,"Gondola R5 Back U3",2026-07-31T03:13:42.650Z,2026-07-31T03:14:24.250Z,2026-07-31T03:13:42.650Z,2026-07-31T03:14:24.250Z,41.6,41.6,2026-07-31T03:13:42.650Z
7016,369b04b7-66d6-4e72-b011-c1bc491c00dc,PW-01,"West Wall Bay 1",2026-07-31T03:13:41.967Z,2026-07-31T03:15:09.767Z,2026-07-31T03:13:41.967Z,2026-07-31T03:15:09.767Z,87.8,87.8,2026-07-31T03:13:41.967Z
7017,44ad48d4-c803-480f-b04d-7d16a68d5fc2,GF-R5-U7,"Gondola R5 Front U7",2026-07-31T03:13:41.926Z,2026-07-31T03:15:09.926Z,2026-07-31T03:13:41.926Z,2026-07-31T03:15:09.926Z,88.0,88.0,2026-07-31T03:13:41.926Z
7011,3cb05398-c750-4b1c-b844-8ab5d6220f93,FB-01,"Footwear Bench Seat",2026-07-31T03:13:41.847Z,2026-07-31T03:15:06.647Z,2026-07-31T03:13:41.847Z,2026-07-31T03:15:06.647Z,84.8,84.8,2026-07-31T03:13:41.847Z
6918,82c8303b-89bc-4d0b-bac6-93ca8aa39e25,PW-05,"West Wall Bay 5",2026-07-31T03:13:40.757Z,2026-07-31T03:14:14.357Z,2026-07-31T03:13:40.757Z,2026-07-31T03:14:14.357Z,33.6,33.6,2026-07-31T03:13:40.757Z
6928,2d6395f4-556d-42a8-85a5-c870dc103ed3,GF-R1-U4,"Gondola R1 Front U4",2026-07-31T03:13:40.583Z,2026-07-31T03:14:16.783Z,2026-07-31T03:13:40.583Z,2026-07-31T03:14:16.783Z,36.2,36.2,2026-07-31T03:13:40.583Z
6942,7f266dbe-fe6d-45bc-b6ff-5e1620337d89,GB-R1-U7,"Gondola R1 Back U7",2026-07-31T03:13:39.653Z,2026-07-31T03:14:24.853Z,2026-07-31T03:13:39.653Z,2026-07-31T03:14:24.853Z,45.2,45.2,2026-07-31T03:13:39.653Z
6952,871e3f7f-f07e-4a43-aeb2-7bf9e400e3f2,PW-04,"West Wall Bay 4",2026-07-31T03:13:38.658Z,2026-07-31T03:14:29.658Z,2026-07-31T03:13:38.658Z,2026-07-31T03:14:29.658Z,51.0,51.0,2026-07-31T03:13:38.658Z
6959,6fbde406-8d3a-461e-bd72-0d434c545d88,GB-R3-U5,"Gondola R3 Back U5",2026-07-31T03:13:37.745Z,2026-07-31T03:14:35.145Z,2026-07-31T03:13:37.745Z,2026-07-31T03:14:35.145Z,57.4,57.4,2026-07-31T03:13:37.745Z
6971,35dcb771-9404-4284-aaa9-d6cf69f90608,GF-R3-U2,"Gondola R3 Front U2",2026-07-31T03:13:36.967Z,2026-07-31T03:14:42.767Z,2026-07-31T03:13:36.967Z,2026-07-31T03:14:42.767Z,65.8,65.8,2026-07-31T03:13:36.967Z
6972,f39d10f3-9991-4510-a04e-ceb6c9103c78,GB-R1-U2,"Gondola R1 Back U2",2026-07-31T03:13:35.794Z,2026-07-31T03:14:47.994Z,2026-07-31T03:13:35.794Z,2026-07-31T03:14:47.994Z,72.2,72.2,2026-07-31T03:13:35.794Z
6936,750ccf8a-a9b2-4c8d-bcf1-bacf7cec7e3e,GB-R2-U5,"Gondola R2 Back U5",2026-07-31T03:13:35.249Z,2026-07-31T03:14:23.049Z,2026-07-31T03:13:35.249Z,2026-07-31T03:14:23.049Z,47.8,47.8,2026-07-31T03:13:35.249Z
6933,a7889305-a303-43de-abfb-b7030dbdd80b,PE-05,"East Wall Bay 5",2026-07-31T03:13:34.406Z,2026-07-31T03:14:23.206Z,2026-07-31T03:13:34.406Z,2026-07-31T03:14:23.206Z,48.8,48.8,2026-07-31T03:13:34.406Z
7006,12ef5e49-ecf6-4421-bf68-e3b0c9777f3e,ACC-01,"Accessories Bay 1",2026-07-31T03:13:33.627Z,2026-07-31T03:15:03.027Z,2026-07-31T03:13:33.627Z,2026-07-31T03:15:03.027Z,89.4,89.4,2026-07-31T03:13:33.627Z
7000,b9f4c416-f8b4-4d7c-bfae-2471f42754e0,GB-R6-U2,"Gondola R6 Back U2",2026-07-31T03:13:33.175Z,2026-07-31T03:15:01.575Z,2026-07-31T03:13:33.175Z,2026-07-31T03:15:01.575Z,88.4,88.4,2026-07-31T03:13:33.175Z
6910,38d7f4e0-f3f8-4e9a-9903-fa655475e02d,GF-R4-U3,"Gondola R4 Front U3",2026-07-31T03:13:32.259Z,2026-07-31T03:14:07.859Z,2026-07-31T03:13:32.259Z,2026-07-31T03:14:07.859Z,35.6,35.6,2026-07-31T03:13:32.259Z
6986,62691423-9441-4163-ad9f-8fc386ae4fe7,PE-01,"East Wall Bay 1",2026-07-31T03:13:32.193Z,2026-07-31T03:14:50.793Z,2026-07-31T03:13:32.193Z,2026-07-31T03:14:50.793Z,78.6,78.6,2026-07-31T03:13:32.193Z
6976,39ae365e-6429-4ec6-a2dd-0cfec33995f2,PW-06,"West Wall Bay 6",2026-07-31T03:13:32.079Z,2026-07-31T03:14:43.879Z,2026-07-31T03:13:32.079Z,2026-07-31T03:14:43.879Z,71.8,71.8,2026-07-31T03:13:32.079Z
6983,a049ead9-c121-476d-955f-781061230a91,GB-R4-U7,"Gondola R4 Back U7",2026-07-31T03:13:32.048Z,2026-07-31T03:14:48.448Z,2026-07-31T03:13:32.048Z,2026-07-31T03:14:48.448Z,76.4,76.4,2026-07-31T03:13:32.048Z
6974,bc43eafb-7606-4e5a-a6bf-6723d7c4c70b,GB-R6-U2,"Gondola R6 Back U2",2026-07-31T03:13:30.369Z,2026-07-31T03:14:47.569Z,2026-07-31T03:13:30.369Z,2026-07-31T03:14:47.569Z,77.2,77.2,2026-07-31T03:13:30.369Z
6916,82896cde-bdb3-49db-83e5-dced35a1e8d2,GF-R6-U1,"Gondola R6 Front U1",2026-07-31T03:13:30.278Z,2026-07-31T03:14:12.678Z,2026-07-31T03:13:30.278Z,2026-07-31T03:14:12.678Z,42.4,42.4,2026-07-31T03:13:30.278Z
6995,7ed372e6-3bdf-4ef2-9607-5b263e159ec0,GB-R2-U5,"Gondola R2 Back U5",2026-07-31T03:13:29.171Z,2026-07-31T03:14:54.971Z,2026-07-31T03:13:29.171Z,2026-07-31T03:14:54.971Z,85.8,85.8,2026-07-31T03:13:29.171Z
6954,8a37e9b1-d8eb-40f3-adca-42459c5b0c26,GPS-05,"GPS Display Case 5",2026-07-31T03:13:27.487Z,2026-07-31T03:14:31.287Z,2026-07-31T03:13:27.487Z,2026-07-31T03:14:31.287Z,63.8,63.8,2026-07-31T03:13:27.487Z
6929,0626e582-61ba-49c8-aaa1-960494170705,PE-05,"East Wall Bay 5",2026-07-31T03:13:26.381Z,2026-07-31T03:14:22.181Z,2026-07-31T03:13:26.381Z,2026-07-31T03:14:22.181Z,55.8,55.8,2026-07-31T03:13:26.381Z
6922,583bf92c-eea8-43c9-b060-7494ac13d421,PI-03,"Promo Island 3",2026-07-31T03:13:26.341Z,2026-07-31T03:14:15.541Z,2026-07-31T03:13:26.341Z,2026-07-31T03:14:15.541Z,49.2,49.2,2026-07-31T03:13:26.341Z
6939,ac41dce4-3f9f-423a-a8de-946a5c0902b6,GB-R1-U5,"Gondola R1 Back U5",2026-07-31T03:13:26.177Z,2026-07-31T03:14:24.177Z,2026-07-31T03:13:26.177Z,2026-07-31T03:14:24.177Z,58.0,58.0,2026-07-31T03:13:26.177Z
6978,df2429b4-9fb2-411e-8232-e906de211ac3,GB-R1-U7,"Gondola R1 Back U7",2026-07-31T03:13:25.153Z,2026-07-31T03:14:47.153Z,2026-07-31T03:13:25.153Z,2026-07-31T03:14:47.153Z,82.0,82.0,2026-07-31T03:13:25.153Z
6941,e6b616f4-ab72-449c-a4b3-2e363a5920f3,GF-R6-U4,"Gondola R6 Front U4",2026-07-31T03:13:25.131Z,2026-07-31T03:14:23.131Z,2026-07-31T03:13:25.131Z,2026-07-31T03:14:23.131Z,58.0,58.0,2026-07-31T03:13:25.131Z
6940,7883b87d-d496-453b-9e52-8ab08a1da539,GB-R2-U6,"Gondola R2 Back U6",2026-07-31T03:13:24.990Z,2026-07-31T03:14:23.990Z,2026-07-31T03:13:24.990Z,2026-07-31T03:14:23.990Z,59.0,59.0,2026-07-31T03:13:24.990Z
6949,5ec596e3-a5bd-4f10-aa0f-4f08da4899a4,GF-R4-U6,"Gondola R4 Front U6",2026-07-31T03:13:24.814Z,2026-07-31T03:14:28.614Z,2026-07-31T03:13:24.814Z,2026-07-31T03:14:28.614Z,63.8,63.8,2026-07-31T03:13:24.814Z
6884,a32f9fb6-359a-4128-b3b7-ee29d6954939,GF-R4-U1,"Gondola R4 Front U1",2026-07-31T03:13:24.467Z,2026-07-31T03:13:57.067Z,2026-07-31T03:13:24.467Z,2026-07-31T03:13:57.067Z,32.6,32.6,2026-07-31T03:13:24.467Z
6990,f3c4369a-394d-4670-ac10-90c397def0f3,GF-R1-U2,"Gondola R1 Front U2",2026-07-31T03:13:23.795Z,2026-07-31T03:14:50.595Z,2026-07-31T03:13:23.795Z,2026-07-31T03:14:50.595Z,86.8,86.8,2026-07-31T03:13:23.795Z
6943,de92159d-73b6-4eb6-b621-0c827fe74297,GB-R4-U2,"Gondola R4 Back U2",2026-07-31T03:13:23.691Z,2026-07-31T03:14:25.091Z,2026-07-31T03:13:23.691Z,2026-07-31T03:14:25.091Z,61.4,61.4,2026-07-31T03:13:23.691Z
6937,b7e17a9c-6af1-4422-932e-c14fd1aaf53a,GF-R6-U6,"Gondola R6 Front U6",2026-07-31T03:13:22.583Z,2026-07-31T03:14:23.783Z,2026-07-31T03:13:22.583Z,2026-07-31T03:14:23.783Z,61.2,61.2,2026-07-31T03:13:22.583Z
6988,30f2929d-bfb0-4bb6-9d5e-39e4a25e3803,GB-R4-U3,"Gondola R4 Back U3",2026-07-31T03:13:22.226Z,2026-07-31T03:14:51.626Z,2026-07-31T03:13:22.226Z,2026-07-31T03:14:51.626Z,89.4,89.4,2026-07-31T03:13:22.226Z
6882,96385250-9009-43a2-84b9-13542e6aaddb,GB-R3-U2,"Gondola R3 Back U2",2026-07-31T03:13:21.924Z,2026-07-31T03:13:54.724Z,2026-07-31T03:13:21.924Z,2026-07-31T03:13:54.724Z,32.8,32.8,2026-07-31T03:13:21.924Z
6945,c72a0e1b-7a58-4c1c-ab04-5d235100e623,PE-02,"East Wall Bay 2",2026-07-31T03:13:21.730Z,2026-07-31T03:14:27.330Z,2026-07-31T03:13:21.730Z,2026-07-31T03:14:27.330Z,65.6,65.6,2026-07-31T03:13:21.730Z
6912,d6a6e2a7-bb21-4c81-9368-e6dc6f356edc,GF-R1-U3,"Gondola R1 Front U3",2026-07-31T03:13:20.773Z,2026-07-31T03:14:08.373Z,2026-07-31T03:13:20.773Z,2026-07-31T03:14:08.373Z,47.6,47.6,2026-07-31T03:13:20.773Z
6982,11c655c3-261a-4c70-b4f8-21e46717e157,GF-R6-U4,"Gondola R6 Front U4",2026-07-31T03:13:20.467Z,2026-07-31T03:14:49.667Z,2026-07-31T03:13:20.467Z,2026-07-31T03:14:49.667Z,89.2,89.2,2026-07-31T03:13:20.467Z
6965,4eb312ee-b76b-4a0c-a686-49657430f292,GB-R3-U4,"Gondola R3 Back U4",2026-07-31T03:13:19.245Z,2026-07-31T03:14:38.845Z,2026-07-31T03:13:19.245Z,2026-07-31T03:14:38.845Z,79.6,79.6,2026-07-31T03:13:19.245Z
6891,cb9bb6ce-80ca-41cd-aaca-de03e60acea6,GB-R1-U7,"Gondola R1 Back U7",2026-07-31T03:13:18.326Z,2026-07-31T03:14:00.326Z,2026-07-31T03:13:18.326Z,2026-07-31T03:14:00.326Z,42.0,42.0,2026-07-31T03:13:18.326Z
6888,81d89be5-d7c6-4d52-9727-7ad6ed1d8bb2,PW-05,"West Wall Bay 5",2026-07-31T03:13:18.093Z,2026-07-31T03:13:57.893Z,2026-07-31T03:13:18.093Z,2026-07-31T03:13:57.893Z,39.8,39.8,2026-07-31T03:13:18.093Z
6908,99f2bed2-f52c-4714-87c9-e6f7b0b47598,GB-R3-U4,"Gondola R3 Back U4",2026-07-31T03:13:17.801Z,2026-07-31T03:14:04.601Z,2026-07-31T03:13:17.801Z,2026-07-31T03:14:04.601Z,46.8,46.8,2026-07-31T03:13:17.801Z
6904,e1b8e504-22fe-418c-837d-f2d41382ec6f,GF-R6-U7,"Gondola R6 Front U7",2026-07-31T03:13:17.494Z,2026-07-31T03:14:03.294Z,2026-07-31T03:13:17.494Z,2026-07-31T03:14:03.294Z,45.8,45.8,2026-07-31T03:13:17.494Z
6883,0e395eaf-c1d0-40c9-ae09-5c9fc79a1b42,GF-R6-U1,"Gondola R6 Front U1",2026-07-31T03:13:16.890Z,2026-07-31T03:13:56.490Z,2026-07-31T03:13:16.890Z,2026-07-31T03:13:56.490Z,39.6,39.6,2026-07-31T03:13:16.890Z
6869,1bc6dd39-3a47-4b8e-b6f4-cf459b14738b,FB-01,"Footwear Bench Seat",2026-07-31T03:13:15.967Z,2026-07-31T03:13:48.367Z,2026-07-31T03:13:15.967Z,2026-07-31T03:13:48.367Z,32.4,32.4,2026-07-31T03:13:15.967Z
6919,43877932-b778-4cdb-bee1-354f77b763aa,GB-R1-U3,"Gondola R1 Back U3",2026-07-31T03:13:15.134Z,2026-07-31T03:14:13.734Z,2026-07-31T03:13:15.134Z,2026-07-31T03:14:13.734Z,58.6,58.6,2026-07-31T03:13:15.134Z
6950,18e352cf-407f-43c1-8a58-52c9c5204240,PE-01,"East Wall Bay 1",2026-07-31T03:13:14.705Z,2026-07-31T03:14:29.505Z,2026-07-31T03:13:14.705Z,2026-07-31T03:14:29.505Z,74.8,74.8,2026-07-31T03:13:14.705Z
6915,c2a4de4b-f8b4-404c-95e6-651768d894e9,GF-R4-U3,"Gondola R4 Front U3",2026-07-31T03:13:12.578Z,2026-07-31T03:14:09.178Z,2026-07-31T03:13:12.578Z,2026-07-31T03:14:09.178Z,56.6,56.6,2026-07-31T03:13:12.578Z
6885,81cf4469-662d-4fab-a0d9-1ea39090ba4c,GB-R2-U5,"Gondola R2 Back U5",2026-07-31T03:13:11.575Z,2026-07-31T03:13:57.575Z,2026-07-31T03:13:11.575Z,2026-07-31T03:13:57.575Z,46.0,46.0,2026-07-31T03:13:11.575Z
6934,907c6d7c-ac46-40e6-b449-44bf1b74c6de,PE-03,"East Wall Bay 3",2026-07-31T03:13:09.413Z,2026-07-31T03:14:22.213Z,2026-07-31T03:13:09.413Z,2026-07-31T03:14:22.213Z,72.8,72.8,2026-07-31T03:13:09.413Z
6946,781cd6cb-911b-4a56-9b58-9829adf8f9a3,GF-R4-U5,"Gondola R4 Front U5",2026-07-31T03:13:08.446Z,2026-07-31T03:14:27.846Z,2026-07-31T03:13:08.446Z,2026-07-31T03:14:27.846Z,79.4,79.4,2026-07-31T03:13:08.446Z
6958,9a595fbd-5468-47bf-a30e-15b95ae6b5f2,GB-R3-U1,"Gondola R3 Back U1",2026-07-31T03:13:07.448Z,2026-07-31T03:14:33.248Z,2026-07-31T03:13:07.448Z,2026-07-31T03:14:33.248Z,85.8,85.8,2026-07-31T03:13:07.448Z
6855,dc9516b5-af7b-40e4-8bff-69c934e22955,GB-R2-U7,"Gondola R2 Back U7",2026-07-31T03:13:07.394Z,2026-07-31T03:13:42.194Z,2026-07-31T03:13:07.394Z,2026-07-31T03:13:42.194Z,34.8,34.8,2026-07-31T03:13:07.394Z
6850,896ffd13-9e3e-4880-87ad-85bb7e1c9313,GF-R4-U6,"Gondola R4 Front U6",2026-07-31T03:13:06.911Z,2026-07-31T03:13:38.911Z,2026-07-31T03:13:06.911Z,2026-07-31T03:13:38.911Z,32.0,32.0,2026-07-31T03:13:06.911Z
6964,376e3887-a42c-4bd6-991c-b6330356b6b4,GF-R2-U2,"Gondola R2 Front U2",2026-07-31T03:13:06.241Z,2026-07-31T03:14:35.841Z,2026-07-31T03:13:06.241Z,2026-07-31T03:14:35.841Z,89.6,89.6,2026-07-31T03:13:06.241Z
6900,9f0fd0a3-0b6d-4796-bb7d-a6fc00e53338,GB-R5-U5,"Gondola R5 Back U5",2026-07-31T03:13:05.249Z,2026-07-31T03:13:59.649Z,2026-07-31T03:13:05.249Z,2026-07-31T03:13:59.649Z,54.4,54.4,2026-07-31T03:13:05.249Z
6925,07e45fe1-b86c-41d5-b887-c6ef63dffda1,GF-R6-U3,"Gondola R6 Front U3",2026-07-31T03:13:05.126Z,2026-07-31T03:14:20.126Z,2026-07-31T03:13:05.126Z,2026-07-31T03:14:20.126Z,75.0,75.0,2026-07-31T03:13:05.126Z
6927,ae53f1f8-4843-45a9-9887-503c1fb2abb6,GF-R6-U5,"Gondola R6 Front U5",2026-07-31T03:13:04.781Z,2026-07-31T03:14:21.781Z,2026-07-31T03:13:04.781Z,2026-07-31T03:14:21.781Z,77.0,77.0,2026-07-31T03:13:04.781Z
6923,4a5e55f7-5e5a-4d16-a0f5-d22b05bbb28b,GF-R4-U7,"Gondola R4 Front U7",2026-07-31T03:13:04.690Z,2026-07-31T03:14:15.290Z,2026-07-31T03:13:04.690Z,2026-07-31T03:14:15.290Z,70.6,70.6,2026-07-31T03:13:04.690Z
6903,afc6c2fb-37aa-4231-b08f-dc392a91928b,GF-R5-U1,"Gondola R5 Front U1",2026-07-31T03:13:04.503Z,2026-07-31T03:14:03.703Z,2026-07-31T03:13:04.503Z,2026-07-31T03:14:03.703Z,59.2,59.2,2026-07-31T03:13:04.503Z
6914,de3acfcf-1c97-48dd-9884-bf0f4114d1d0,GF-R1-U4,"Gondola R1 Front U4",2026-07-31T03:13:04.290Z,2026-07-31T03:14:12.290Z,2026-07-31T03:13:04.290Z,2026-07-31T03:14:12.290Z,68.0,68.0,2026-07-31T03:13:04.290Z
6843,ec7da4a9-02ee-4ea5-ad8d-e027b33ad5ba,GF-R5-U2,"Gondola R5 Front U2",2026-07-31T03:13:03.923Z,2026-07-31T03:13:36.123Z,2026-07-31T03:13:03.923Z,2026-07-31T03:13:36.123Z,32.2,32.2,2026-07-31T03:13:03.923Z
6947,1356f56c-3bd5-45d9-b715-d97f47592d6b,GB-R3-U3,"Gondola R3 Back U3",2026-07-31T03:13:03.883Z,2026-07-31T03:14:26.283Z,2026-07-31T03:13:03.883Z,2026-07-31T03:14:26.283Z,82.4,82.4,2026-07-31T03:13:03.883Z
6881,5df61a4f-6cae-4440-8c63-4b7c04096036,PW-06,"West Wall Bay 6",2026-07-31T03:13:03.356Z,2026-07-31T03:13:54.956Z,2026-07-31T03:13:03.356Z,2026-07-31T03:13:54.956Z,51.6,51.6,2026-07-31T03:13:03.356Z
6874,3fd9088a-85cb-47eb-9917-1aa9ed5496c6,GB-R6-U6,"Gondola R6 Back U6",2026-07-31T03:13:03.090Z,2026-07-31T03:13:50.090Z,2026-07-31T03:13:03.090Z,2026-07-31T03:13:50.090Z,47.0,47.0,2026-07-31T03:13:03.090Z
6902,3b06325a-f54d-40e7-a0cf-e2ec7a659b59,GF-R3-U7,"Gondola R3 Front U7",2026-07-31T03:13:03.041Z,2026-07-31T03:14:01.841Z,2026-07-31T03:13:03.041Z,2026-07-31T03:14:01.841Z,58.8,58.8,2026-07-31T03:13:03.041Z
6920,011f7b54-c4f3-4817-b639-13a67ac1d6a3,GF-R4-U5,"Gondola R4 Front U5",2026-07-31T03:13:02.838Z,2026-07-31T03:14:13.038Z,2026-07-31T03:13:02.838Z,2026-07-31T03:14:13.038Z,70.2,70.2,2026-07-31T03:13:02.838Z
6905,0efee6f5-69a7-4321-9ac1-3a40205c40ee,FB-01,"Footwear Bench Seat",2026-07-31T03:13:02.759Z,2026-07-31T03:14:03.959Z,2026-07-31T03:13:02.759Z,2026-07-31T03:14:03.959Z,61.2,61.2,2026-07-31T03:13:02.759Z
6951,7e718ab8-4784-480c-860a-8c2bc8c939c6,PW-03,"West Wall Bay 3",2026-07-31T03:13:01.955Z,2026-07-31T03:14:30.155Z,2026-07-31T03:13:01.955Z,2026-07-31T03:14:30.155Z,88.2,88.2,2026-07-31T03:13:01.955Z
6873,aadffab8-fb93-4e8b-805a-841d0ecaccd7,GB-R6-U4,"Gondola R6 Back U4",2026-07-31T03:13:01.689Z,2026-07-31T03:13:48.889Z,2026-07-31T03:13:01.689Z,2026-07-31T03:13:48.889Z,47.2,47.2,2026-07-31T03:13:01.689Z
6894,0e0e4aa3-4dd1-4a1c-871a-64dad1396af4,GB-R6-U1,"Gondola R6 Back U1",2026-07-31T03:13:00.446Z,2026-07-31T03:14:00.246Z,2026-07-31T03:13:00.446Z,2026-07-31T03:14:00.246Z,59.8,59.8,2026-07-31T03:13:00.446Z
6851,82c8303b-89bc-4d0b-bac6-93ca8aa39e25,PW-05,"West Wall Bay 5",2026-07-31T03:13:00.356Z,2026-07-31T03:13:39.756Z,2026-07-31T03:13:00.356Z,2026-07-31T03:13:39.756Z,39.4,39.4,2026-07-31T03:13:00.356Z
6899,e1ba93af-ba52-437f-9014-90c0a7d3e57d,FB-01,"Footwear Bench Seat",2026-07-31T03:13:00.143Z,2026-07-31T03:14:02.143Z,2026-07-31T03:13:00.143Z,2026-07-31T03:14:02.143Z,62.0,62.0,2026-07-31T03:13:00.143Z
6924,d0f240b3-d617-4e8e-b16a-da1a29e3fa54,GF-R4-U6,"Gondola R4 Front U6",2026-07-31T03:12:57.546Z,2026-07-31T03:14:17.346Z,2026-07-31T03:12:57.546Z,2026-07-31T03:14:17.346Z,79.8,79.8,2026-07-31T03:12:57.546Z
6854,2d6395f4-556d-42a8-85a5-c870dc103ed3,PE-06,"East Wall Bay 6",2026-07-31T03:12:56.182Z,2026-07-31T03:13:39.582Z,2026-07-31T03:12:56.182Z,2026-07-31T03:13:39.582Z,43.4,43.4,2026-07-31T03:12:56.182Z
6859,44ad48d4-c803-480f-b04d-7d16a68d5fc2,PW-02,"West Wall Bay 2",2026-07-31T03:12:55.525Z,2026-07-31T03:13:40.925Z,2026-07-31T03:12:55.525Z,2026-07-31T03:13:40.925Z,45.4,45.4,2026-07-31T03:12:55.525Z
6879,0b5b66cb-4386-4e44-ac16-c55e87c8f82b,GF-R2-U1,"Gondola R2 Front U1",2026-07-31T03:12:55.351Z,2026-07-31T03:13:49.751Z,2026-07-31T03:12:55.351Z,2026-07-31T03:13:49.751Z,54.4,54.4,2026-07-31T03:12:55.351Z
6935,270d626f-ad31-4d04-8ba1-3c0869b510a4,GF-R6-U4,"Gondola R6 Front U4",2026-07-31T03:12:54.911Z,2026-07-31T03:14:23.111Z,2026-07-31T03:12:54.911Z,2026-07-31T03:14:23.111Z,88.2,88.2,2026-07-31T03:12:54.911Z
6913,be8f8a6e-9335-4c70-9cb8-e707298ee0b6,GB-R4-U1,"Gondola R4 Back U1",2026-07-31T03:12:54.166Z,2026-07-31T03:14:06.566Z,2026-07-31T03:12:54.166Z,2026-07-31T03:14:06.566Z,72.4,72.4,2026-07-31T03:12:54.166Z
6887,d10e193d-ae97-4576-91c1-bdca53cfed3f,GB-R5-U3,"Gondola R5 Back U3",2026-07-31T03:12:53.134Z,2026-07-31T03:13:57.734Z,2026-07-31T03:12:53.134Z,2026-07-31T03:13:57.734Z,64.6,64.6,2026-07-31T03:12:53.134Z
6897,0db890db-93c9-442d-b9f1-8f4703f73777,GB-R4-U5,"Gondola R4 Back U5",2026-07-31T03:12:52.946Z,2026-07-31T03:14:01.546Z,2026-07-31T03:12:52.946Z,2026-07-31T03:14:01.546Z,68.6,68.6,2026-07-31T03:12:52.946Z
6921,b75776da-74ba-4345-9084-dad42be1e4a8,GPS-02,"GPS Display Case 2",2026-07-31T03:12:52.479Z,2026-07-31T03:14:11.479Z,2026-07-31T03:12:52.479Z,2026-07-31T03:14:11.479Z,79.0,79.0,2026-07-31T03:12:52.479Z
6835,39ae365e-6429-4ec6-a2dd-0cfec33995f2,PE-04,"East Wall Bay 4",2026-07-31T03:12:52.478Z,2026-07-31T03:13:31.078Z,2026-07-31T03:12:52.478Z,2026-07-31T03:13:31.078Z,38.6,38.6,2026-07-31T03:12:52.478Z
6911,94109efc-6b18-4661-8d05-47339b38ab3e,PE-04,"East Wall Bay 4",2026-07-31T03:12:51.467Z,2026-07-31T03:14:08.067Z,2026-07-31T03:12:51.467Z,2026-07-31T03:14:08.067Z,76.6,76.6,2026-07-31T03:12:51.467Z
6791,376e3887-a42c-4bd6-991c-b6330356b6b4,RR-02,"Apparel Round Rack 2",2026-07-31T03:12:51.440Z,2026-07-31T03:13:05.240Z,2026-07-31T03:12:51.440Z,2026-07-31T03:13:05.240Z,13.8,13.8,2026-07-31T03:12:51.440Z
6872,4d410a4e-2f35-4fc6-9dd2-957e5db3e28c,GPS-01,"GPS Display Case 1",2026-07-31T03:12:50.757Z,2026-07-31T03:13:49.557Z,2026-07-31T03:12:50.757Z,2026-07-31T03:13:49.557Z,58.8,58.8,2026-07-31T03:12:50.757Z
6862,705afdf0-4a89-46a2-a7d7-cd2718ebfd55,GF-R4-U3,"Gondola R4 Front U3",2026-07-31T03:12:50.504Z,2026-07-31T03:13:46.304Z,2026-07-31T03:12:50.504Z,2026-07-31T03:13:46.304Z,55.8,55.8,2026-07-31T03:12:50.504Z
6858,2fabe3e5-8700-41da-9368-262c26715cd0,GPS-06,"GPS Display Case 6",2026-07-31T03:12:50.120Z,2026-07-31T03:13:41.920Z,2026-07-31T03:12:50.120Z,2026-07-31T03:13:41.920Z,51.8,51.8,2026-07-31T03:12:50.120Z
6831,07e8cdbe-5d4d-4274-8ced-91e2899a4461,GB-R1-U2,"Gondola R1 Back U2",2026-07-31T03:12:49.837Z,2026-07-31T03:13:28.837Z,2026-07-31T03:12:49.837Z,2026-07-31T03:13:28.837Z,39.0,39.0,2026-07-31T03:12:49.837Z
6849,eb95af94-6661-4afa-8dcf-aede288ad091,GB-R4-U7,"Gondola R4 Back U7",2026-07-31T03:12:49.578Z,2026-07-31T03:13:39.778Z,2026-07-31T03:12:49.578Z,2026-07-31T03:13:39.778Z,50.2,50.2,2026-07-31T03:12:49.578Z
6846,daf7bbda-2ff0-4ec9-982b-33f2245f7713,GF-R2-U7,"Gondola R2 Front U7",2026-07-31T03:12:48.936Z,2026-07-31T03:13:36.336Z,2026-07-31T03:12:48.936Z,2026-07-31T03:13:36.336Z,47.4,47.4,2026-07-31T03:12:48.936Z
6863,7f527da0-0296-440a-847e-78bd67eaadf0,GB-R1-U7,"Gondola R1 Back U7",2026-07-31T03:12:48.650Z,2026-07-31T03:13:44.250Z,2026-07-31T03:12:48.650Z,2026-07-31T03:13:44.250Z,55.6,55.6,2026-07-31T03:12:48.650Z
6823,0626e582-61ba-49c8-aaa1-960494170705,GF-R6-U3,"Gondola R6 Front U3",2026-07-31T03:12:48.580Z,2026-07-31T03:13:25.380Z,2026-07-31T03:12:48.580Z,2026-07-31T03:13:25.380Z,36.8,36.8,2026-07-31T03:12:48.580Z
6860,f0a55334-bb4a-4cee-b138-ce3849557465,PW-04,"West Wall Bay 4",2026-07-31T03:12:47.800Z,2026-07-31T03:13:43Z,2026-07-31T03:12:47.800Z,2026-07-31T03:13:43Z,55.2,55.2,2026-07-31T03:12:47.800Z
6816,5ec596e3-a5bd-4f10-aa0f-4f08da4899a4,GF-R4-U1,"Gondola R4 Front U1",2026-07-31T03:12:47.413Z,2026-07-31T03:13:23.813Z,2026-07-31T03:12:47.413Z,2026-07-31T03:13:23.813Z,36.4,36.4,2026-07-31T03:12:47.413Z
6815,7883b87d-d496-453b-9e52-8ab08a1da539,GB-R2-U4,"Gondola R2 Back U4",2026-07-31T03:12:46.189Z,2026-07-31T03:13:23.989Z,2026-07-31T03:12:46.189Z,2026-07-31T03:13:23.989Z,37.8,37.8,2026-07-31T03:12:46.189Z
6909,4e04b887-863b-48c5-bb9c-6e7bca5e0a30,GB-R4-U3,"Gondola R4 Back U3",2026-07-31T03:12:46.136Z,2026-07-31T03:14:06.536Z,2026-07-31T03:12:46.136Z,2026-07-31T03:14:06.536Z,80.4,80.4,2026-07-31T03:12:46.136Z
6875,e10ba28e-962d-4a08-86f3-975ae69d92a8,ACC-01,"Accessories Bay 1",2026-07-31T03:12:46.090Z,2026-07-31T03:13:51.290Z,2026-07-31T03:12:46.090Z,2026-07-31T03:13:51.290Z,65.2,65.2,2026-07-31T03:12:46.090Z
6893,a6e82f16-e196-40dc-946b-1cf73909e2b5,GPS-06,"GPS Display Case 6",2026-07-31T03:12:45.659Z,2026-07-31T03:13:58.259Z,2026-07-31T03:12:45.659Z,2026-07-31T03:13:58.259Z,72.6,72.6,2026-07-31T03:12:45.659Z
6878,aabad301-a5d9-4e71-abf5-d4bad3861677,GF-R5-U5,"Gondola R5 Front U5",2026-07-31T03:12:45.569Z,2026-07-31T03:13:52.569Z,2026-07-31T03:12:45.569Z,2026-07-31T03:13:52.569Z,67.0,67.0,2026-07-31T03:12:45.569Z
6822,583bf92c-eea8-43c9-b060-7494ac13d421,PI-03,"Promo Island 3",2026-07-31T03:12:45.540Z,2026-07-31T03:13:25.340Z,2026-07-31T03:12:45.540Z,2026-07-31T03:13:25.340Z,39.8,39.8,2026-07-31T03:12:45.540Z
6827,7ed372e6-3bdf-4ef2-9607-5b263e159ec0,GB-R3-U5,"Gondola R3 Back U5",2026-07-31T03:12:44.970Z,2026-07-31T03:13:28.170Z,2026-07-31T03:12:44.970Z,2026-07-31T03:13:28.170Z,43.2,43.2,2026-07-31T03:12:44.970Z
6811,de92159d-73b6-4eb6-b621-0c827fe74297,GF-R4-U1,"Gondola R4 Front U1",2026-07-31T03:12:44.690Z,2026-07-31T03:13:22.690Z,2026-07-31T03:12:44.690Z,2026-07-31T03:13:22.690Z,38.0,38.0,2026-07-31T03:12:44.690Z
6892,ee49db97-3a2d-4644-a6e6-e453f0cc959f,GF-R6-U6,"Gondola R6 Front U6",2026-07-31T03:12:44.590Z,2026-07-31T03:13:58.790Z,2026-07-31T03:12:44.590Z,2026-07-31T03:13:58.790Z,74.2,74.2,2026-07-31T03:12:44.590Z
6857,da0a0add-4e44-4b9b-a540-4cf74ed555f9,GB-R6-U7,"Gondola R6 Back U7",2026-07-31T03:12:44.558Z,2026-07-31T03:13:41.958Z,2026-07-31T03:12:44.558Z,2026-07-31T03:13:41.958Z,57.4,57.4,2026-07-31T03:12:44.558Z
6830,76320e7b-c573-40c3-bdcd-4c4b30a57c4c,GB-R3-U5,"Gondola R3 Back U5",2026-07-31T03:12:44.125Z,2026-07-31T03:13:28.925Z,2026-07-31T03:12:44.125Z,2026-07-31T03:13:28.925Z,44.8,44.8,2026-07-31T03:12:44.125Z
6906,c4cb521b-b3f2-4d52-aff1-49f066841b81,FB-01,"Footwear Bench Seat",2026-07-31T03:12:42.689Z,2026-07-31T03:14:03.089Z,2026-07-31T03:12:42.689Z,2026-07-31T03:14:03.089Z,80.4,80.4,2026-07-31T03:12:42.689Z
6877,47f3e7b5-27f6-4b5f-a74d-d8d2eb37a852,GB-R6-U6,"Gondola R6 Back U6",2026-07-31T03:12:42.325Z,2026-07-31T03:13:49.725Z,2026-07-31T03:12:42.325Z,2026-07-31T03:13:49.725Z,67.4,67.4,2026-07-31T03:12:42.325Z
6898,5143212e-187e-4919-8fcf-d4b0873d3f7c,GB-R2-U2,"Gondola R2 Back U2",2026-07-31T03:12:41.911Z,2026-07-31T03:14:00.711Z,2026-07-31T03:12:41.911Z,2026-07-31T03:14:00.711Z,78.8,78.8,2026-07-31T03:12:41.911Z
6844,062e0b5a-ebea-49a8-ac70-e894b93d6b17,GF-R6-U4,"Gondola R6 Front U4",2026-07-31T03:12:41.520Z,2026-07-31T03:13:34.120Z,2026-07-31T03:12:41.520Z,2026-07-31T03:13:34.120Z,52.6,52.6,2026-07-31T03:12:41.520Z
6876,a9a9e6cc-3e6d-4b75-b7e5-fc3579ce84d3,GB-R4-U2,"Gondola R4 Back U2",2026-07-31T03:12:41.149Z,2026-07-31T03:13:49.949Z,2026-07-31T03:12:41.149Z,2026-07-31T03:13:49.949Z,68.8,68.8,2026-07-31T03:12:41.149Z
6896,61af50d7-5aea-44ee-9118-14756eeef82c,GB-R1-U1,"Gondola R1 Back U1",2026-07-31T03:12:41.011Z,2026-07-31T03:14:00.211Z,2026-07-31T03:12:41.011Z,2026-07-31T03:14:00.211Z,79.2,79.2,2026-07-31T03:12:41.011Z
6865,376163d1-b66e-43ed-9947-5c2c0ab87b18,GPS-01,"GPS Display Case 1",2026-07-31T03:12:40.927Z,2026-07-31T03:13:45.527Z,2026-07-31T03:12:40.927Z,2026-07-31T03:13:45.527Z,64.6,64.6,2026-07-31T03:12:40.927Z
6794,18e352cf-407f-43c1-8a58-52c9c5204240,PE-03,"East Wall Bay 3",2026-07-31T03:12:40.504Z,2026-07-31T03:13:13.704Z,2026-07-31T03:12:40.504Z,2026-07-31T03:13:13.704Z,33.2,33.2,2026-07-31T03:12:40.504Z
6837,12ef5e49-ecf6-4421-bf68-e3b0c9777f3e,GB-R2-U7,"Gondola R2 Back U7",2026-07-31T03:12:40.226Z,2026-07-31T03:13:32.626Z,2026-07-31T03:12:40.226Z,2026-07-31T03:13:32.626Z,52.4,52.4,2026-07-31T03:12:40.226Z
6907,9c899e49-9350-4553-99fc-b92eb60f636f,GF-R4-U3,"Gondola R4 Front U3",2026-07-31T03:12:40.001Z,2026-07-31T03:14:05.801Z,2026-07-31T03:12:40.001Z,2026-07-31T03:14:05.801Z,85.8,85.8,2026-07-31T03:12:40.001Z
6880,facff1eb-e77b-426d-a4b6-d88560cdd1fc,GB-R6-U6,"Gondola R6 Back U6",2026-07-31T03:12:39.339Z,2026-07-31T03:13:55.139Z,2026-07-31T03:12:39.339Z,2026-07-31T03:13:55.139Z,75.8,75.8,2026-07-31T03:12:39.339Z
6845,172259bf-a9dd-4a94-9538-dbd2bc2d347d,GF-R5-U4,"Gondola R5 Front U4",2026-07-31T03:12:38.328Z,2026-07-31T03:13:37.128Z,2026-07-31T03:12:38.328Z,2026-07-31T03:13:37.128Z,58.8,58.8,2026-07-31T03:12:38.328Z
6799,80f2632d-b199-4bab-9663-b6f6bb4d19c9,GB-R1-U5,"Gondola R1 Back U5",2026-07-31T03:12:37.252Z,2026-07-31T03:13:18.052Z,2026-07-31T03:12:37.252Z,2026-07-31T03:13:18.052Z,40.8,40.8,2026-07-31T03:12:37.252Z
6812,71d22569-7910-48bb-b0fa-00685fd52970,PW-02,"West Wall Bay 2",2026-07-31T03:12:36.655Z,2026-07-31T03:13:21.655Z,2026-07-31T03:12:36.655Z,2026-07-31T03:13:21.655Z,45.0,45.0,2026-07-31T03:12:36.655Z
6890,066f2826-b443-4d32-ba3c-967962271da3,GB-R3-U1,"Gondola R3 Back U1",2026-07-31T03:12:36.450Z,2026-07-31T03:13:58.450Z,2026-07-31T03:12:36.450Z,2026-07-31T03:13:58.450Z,82.0,82.0,2026-07-31T03:12:36.450Z
6856,2f14edee-eef0-4e37-880d-c3ea5472f880,GB-R5-U4,"Gondola R5 Back U4",2026-07-31T03:12:35.449Z,2026-07-31T03:13:41.649Z,2026-07-31T03:12:35.449Z,2026-07-31T03:13:41.649Z,66.2,66.2,2026-07-31T03:12:35.449Z
6886,71c3502d-646f-4257-98c9-a39b50ee409b,GB-R6-U4,"Gondola R6 Back U4",2026-07-31T03:12:35.404Z,2026-07-31T03:13:54.004Z,2026-07-31T03:12:35.404Z,2026-07-31T03:13:54.004Z,78.6,78.6,2026-07-31T03:12:35.404Z
6789,dc9516b5-af7b-40e4-8bff-69c934e22955,ACC-03,"Accessories Bay 3",2026-07-31T03:12:33.993Z,2026-07-31T03:13:06.393Z,2026-07-31T03:12:33.993Z,2026-07-31T03:13:06.393Z,32.4,32.4,2026-07-31T03:12:33.993Z
6901,cadd0b90-b0a2-490b-92cf-30d16683bba3,FB-01,"Footwear Bench Seat",2026-07-31T03:12:33.673Z,2026-07-31T03:14:02.273Z,2026-07-31T03:12:33.673Z,2026-07-31T03:14:02.273Z,88.6,88.6,2026-07-31T03:12:33.673Z
6866,b401081e-b4a3-4146-9147-72562584a152,GPS-04,"GPS Display Case 4",2026-07-31T03:12:32.070Z,2026-07-31T03:13:43.270Z,2026-07-31T03:12:32.070Z,2026-07-31T03:13:43.270Z,71.2,71.2,2026-07-31T03:12:32.070Z
6836,62691423-9441-4163-ad9f-8fc386ae4fe7,GB-R6-U4,"Gondola R6 Back U4",2026-07-31T03:12:31.792Z,2026-07-31T03:13:31.192Z,2026-07-31T03:12:31.792Z,2026-07-31T03:13:31.192Z,59.4,59.4,2026-07-31T03:12:31.792Z
6895,3ab3b41d-c03b-4f58-8b33-3359320bcd20,GB-R1-U2,"Gondola R1 Back U2",2026-07-31T03:12:31.426Z,2026-07-31T03:13:59.626Z,2026-07-31T03:12:31.426Z,2026-07-31T03:13:59.626Z,88.2,88.2,2026-07-31T03:12:31.426Z
6871,d480ecb9-c268-4379-91cb-3535d384a184,PW-06,"West Wall Bay 6",2026-07-31T03:12:30.629Z,2026-07-31T03:13:49.229Z,2026-07-31T03:12:30.629Z,2026-07-31T03:13:49.229Z,78.6,78.6,2026-07-31T03:12:30.629Z
6773,5df61a4f-6cae-4440-8c63-4b7c04096036,GB-R1-U2,"Gondola R1 Back U2",2026-07-31T03:12:30.355Z,2026-07-31T03:13:02.355Z,2026-07-31T03:12:30.355Z,2026-07-31T03:13:02.355Z,32.0,32.0,2026-07-31T03:12:30.355Z
6870,363a6e2c-32e6-445b-89e7-06f516477b6f,GF-R4-U3,"Gondola R4 Front U3",2026-07-31T03:12:29.984Z,2026-07-31T03:13:50.784Z,2026-07-31T03:12:29.984Z,2026-07-31T03:13:50.784Z,80.8,80.8,2026-07-31T03:12:29.984Z
6813,6678c5da-cfe6-4936-9308-f907e115d766,GB-R6-U1,"Gondola R6 Back U1",2026-07-31T03:12:28.438Z,2026-07-31T03:13:22.238Z,2026-07-31T03:12:28.438Z,2026-07-31T03:13:22.238Z,53.8,53.8,2026-07-31T03:12:28.438Z
6819,e6b616f4-ab72-449c-a4b3-2e363a5920f3,GB-R6-U5,"Gondola R6 Back U5",2026-07-31T03:12:28.330Z,2026-07-31T03:13:24.130Z,2026-07-31T03:12:28.330Z,2026-07-31T03:13:24.130Z,55.8,55.8,2026-07-31T03:12:28.330Z
6826,ed4f2938-fc4e-4e53-9864-0f52d1744aa9,GB-R3-U4,"Gondola R3 Back U4",2026-07-31T03:12:28.125Z,2026-07-31T03:13:28.125Z,2026-07-31T03:12:28.125Z,2026-07-31T03:13:28.125Z,60.0,60.0,2026-07-31T03:12:28.125Z
6814,924b47a7-0629-4d0e-978b-8601ee6d8f02,GB-R1-U5,"Gondola R1 Back U5",2026-07-31T03:12:27.483Z,2026-07-31T03:13:23.683Z,2026-07-31T03:12:27.483Z,2026-07-31T03:13:23.683Z,56.2,56.2,2026-07-31T03:12:27.483Z
6829,82896cde-bdb3-49db-83e5-dced35a1e8d2,GF-R6-U2,"Gondola R6 Front U2",2026-07-31T03:12:26.477Z,2026-07-31T03:13:29.277Z,2026-07-31T03:12:26.477Z,2026-07-31T03:13:29.277Z,62.8,62.8,2026-07-31T03:12:26.477Z
6847,7f266dbe-fe6d-45bc-b6ff-5e1620337d89,GB-R1-U7,"Gondola R1 Back U7",2026-07-31T03:12:26.252Z,2026-07-31T03:13:38.652Z,2026-07-31T03:12:26.252Z,2026-07-31T03:13:38.652Z,72.4,72.4,2026-07-31T03:12:26.252Z
6817,f3c4369a-394d-4670-ac10-90c397def0f3,GF-R1-U7,"Gondola R1 Front U7",2026-07-31T03:12:24.194Z,2026-07-31T03:13:22.794Z,2026-07-31T03:12:24.194Z,2026-07-31T03:13:22.794Z,58.6,58.6,2026-07-31T03:12:24.194Z
6852,871e3f7f-f07e-4a43-aeb2-7bf9e400e3f2,GB-R3-U3,"Gondola R3 Back U3",2026-07-31T03:12:23.657Z,2026-07-31T03:13:37.657Z,2026-07-31T03:12:23.657Z,2026-07-31T03:13:37.657Z,74.0,74.0,2026-07-31T03:12:23.657Z
6792,7d49f45e-9dbe-4a31-bb8e-0ba62d804edc,GF-R6-U2,"Gondola R6 Front U2",2026-07-31T03:12:22.975Z,2026-07-31T03:13:08.575Z,2026-07-31T03:12:22.975Z,2026-07-31T03:13:08.575Z,45.6,45.6,2026-07-31T03:12:22.975Z
6779,07e45fe1-b86c-41d5-b887-c6ef63dffda1,GF-R6-U3,"Gondola R6 Front U3",2026-07-31T03:12:22.525Z,2026-07-31T03:13:04.125Z,2026-07-31T03:12:22.525Z,2026-07-31T03:13:04.125Z,41.6,41.6,2026-07-31T03:12:22.525Z
6806,b501d721-61c2-473d-88a1-49e9c8bc8953,GF-R5-U5,"Gondola R5 Front U5",2026-07-31T03:12:22.128Z,2026-07-31T03:13:18.328Z,2026-07-31T03:12:22.128Z,2026-07-31T03:13:18.328Z,56.2,56.2,2026-07-31T03:12:22.128Z
6759,44ad48d4-c803-480f-b04d-7d16a68d5fc2,GF-R4-U5,"Gondola R4 Front U5",2026-07-31T03:12:22.124Z,2026-07-31T03:12:54.524Z,2026-07-31T03:12:22.124Z,2026-07-31T03:12:54.524Z,32.4,32.4,2026-07-31T03:12:22.124Z
6868,39005132-11b6-44c6-b9de-27580e3f80ad,PW-01,"West Wall Bay 1",2026-07-31T03:12:21.857Z,2026-07-31T03:13:47.457Z,2026-07-31T03:12:21.857Z,2026-07-31T03:13:47.457Z,85.6,85.6,2026-07-31T03:12:21.857Z
6807,30f2929d-bfb0-4bb6-9d5e-39e4a25e3803,GB-R3-U7,"Gondola R3 Back U7",2026-07-31T03:12:21.425Z,2026-07-31T03:13:21.225Z,2026-07-31T03:12:21.425Z,2026-07-31T03:13:21.225Z,59.8,59.8,2026-07-31T03:12:21.425Z
6867,1fb99dc3-662d-4ccf-bf98-88223b68cbe7,GF-R5-U2,"Gondola R5 Front U2",2026-07-31T03:12:20.405Z,2026-07-31T03:13:48.005Z,2026-07-31T03:12:20.405Z,2026-07-31T03:13:48.005Z,87.6,87.6,2026-07-31T03:12:20.405Z
6763,b1f7b0d5-a473-43c2-9e69-03461548ebfc,GF-R1-U1,"Gondola R1 Front U1",2026-07-31T03:12:20.386Z,2026-07-31T03:12:52.386Z,2026-07-31T03:12:20.386Z,2026-07-31T03:12:52.386Z,32.0,32.0,2026-07-31T03:12:20.386Z
6795,c2e4b957-025a-4373-9769-54b952acecce,PE-04,"East Wall Bay 4",2026-07-31T03:12:19.728Z,2026-07-31T03:13:14.928Z,2026-07-31T03:12:19.728Z,2026-07-31T03:13:14.928Z,55.2,55.2,2026-07-31T03:12:19.728Z
6832,a049ead9-c121-476d-955f-781061230a91,GF-R1-U3,"Gondola R1 Front U3",2026-07-31T03:12:19.447Z,2026-07-31T03:13:31.047Z,2026-07-31T03:12:19.447Z,2026-07-31T03:13:31.047Z,71.6,71.6,2026-07-31T03:12:19.447Z
6784,ae53f1f8-4843-45a9-9887-503c1fb2abb6,GF-R6-U2,"Gondola R6 Front U2",2026-07-31T03:12:19.380Z,2026-07-31T03:13:03.780Z,2026-07-31T03:12:19.380Z,2026-07-31T03:13:03.780Z,44.4,44.4,2026-07-31T03:12:19.380Z
6796,0e395eaf-c1d0-40c9-ae09-5c9fc79a1b42,GB-R6-U2,"Gondola R6 Back U2",2026-07-31T03:12:18.289Z,2026-07-31T03:13:15.889Z,2026-07-31T03:12:18.289Z,2026-07-31T03:13:15.889Z,57.6,57.6,2026-07-31T03:12:18.289Z
6767,82c8303b-89bc-4d0b-bac6-93ca8aa39e25,GB-R2-U7,"Gondola R2 Back U7",2026-07-31T03:12:17.555Z,2026-07-31T03:12:59.355Z,2026-07-31T03:12:17.555Z,2026-07-31T03:12:59.355Z,41.8,41.8,2026-07-31T03:12:17.555Z
6861,948f0ece-0a14-41e2-9db0-3b8ef7756445,GB-R5-U7,"Gondola R5 Back U7",2026-07-31T03:12:17.356Z,2026-07-31T03:13:43.556Z,2026-07-31T03:12:17.356Z,2026-07-31T03:13:43.556Z,86.2,86.2,2026-07-31T03:12:17.356Z
6772,3b06325a-f54d-40e7-a0cf-e2ec7a659b59,GB-R4-U3,"Gondola R4 Back U3",2026-07-31T03:12:17.240Z,2026-07-31T03:13:02.040Z,2026-07-31T03:12:17.240Z,2026-07-31T03:13:02.040Z,44.8,44.8,2026-07-31T03:12:17.240Z
6838,f845413a-456e-4042-8cb5-3c451c6c4021,GB-R6-U4,"Gondola R6 Back U4",2026-07-31T03:12:17.126Z,2026-07-31T03:13:31.726Z,2026-07-31T03:12:17.126Z,2026-07-31T03:13:31.726Z,74.6,74.6,2026-07-31T03:12:17.126Z
6841,750ccf8a-a9b2-4c8d-bcf1-bacf7cec7e3e,GF-R1-U3,"Gondola R1 Front U3",2026-07-31T03:12:16.648Z,2026-07-31T03:13:34.248Z,2026-07-31T03:12:16.648Z,2026-07-31T03:13:34.248Z,77.6,77.6,2026-07-31T03:12:16.648Z
6752,07e8cdbe-5d4d-4274-8ced-91e2899a4461,GF-R6-U5,"Gondola R6 Front U5",2026-07-31T03:12:16.436Z,2026-07-31T03:12:48.836Z,2026-07-31T03:12:16.436Z,2026-07-31T03:12:48.836Z,32.4,32.4,2026-07-31T03:12:16.436Z
6802,81d89be5-d7c6-4d52-9727-7ad6ed1d8bb2,PW-01,"West Wall Bay 1",2026-07-31T03:12:15.692Z,2026-07-31T03:13:17.092Z,2026-07-31T03:12:15.692Z,2026-07-31T03:13:17.092Z,61.4,61.4,2026-07-31T03:12:15.692Z
6760,2d6395f4-556d-42a8-85a5-c870dc103ed3,PE-05,"East Wall Bay 5",2026-07-31T03:12:15.381Z,2026-07-31T03:12:55.181Z,2026-07-31T03:12:15.381Z,2026-07-31T03:12:55.181Z,39.8,39.8,2026-07-31T03:12:15.381Z
6834,38d7f4e0-f3f8-4e9a-9903-fa655475e02d,PE-03,"East Wall Bay 3",2026-07-31T03:12:14.658Z,2026-07-31T03:13:31.258Z,2026-07-31T03:12:14.658Z,2026-07-31T03:13:31.258Z,76.6,76.6,2026-07-31T03:12:14.658Z
6853,3cb05398-c750-4b1c-b844-8ab5d6220f93,FB-01,"Footwear Bench Seat",2026-07-31T03:12:14.446Z,2026-07-31T03:13:40.846Z,2026-07-31T03:12:14.446Z,2026-07-31T03:13:40.846Z,86.4,86.4,2026-07-31T03:12:14.446Z
6765,d0f240b3-d617-4e8e-b16a-da1a29e3fa54,GB-R4-U1,"Gondola R4 Back U1",2026-07-31T03:12:13.745Z,2026-07-31T03:12:56.545Z,2026-07-31T03:12:13.745Z,2026-07-31T03:12:56.545Z,42.8,42.8,2026-07-31T03:12:13.745Z
6737,da0a0add-4e44-4b9b-a540-4cf74ed555f9,GF-R4-U5,"Gondola R4 Front U5",2026-07-31T03:12:13.557Z,2026-07-31T03:12:43.557Z,2026-07-31T03:12:13.557Z,2026-07-31T03:12:43.557Z,30.0,30.0,2026-07-31T03:12:13.557Z
6808,96385250-9009-43a2-84b9-13542e6aaddb,PI-01,"Promo Island 1",2026-07-31T03:12:13.523Z,2026-07-31T03:13:20.923Z,2026-07-31T03:12:13.523Z,2026-07-31T03:13:20.923Z,67.4,67.4,2026-07-31T03:12:13.523Z
6809,b7e17a9c-6af1-4422-932e-c14fd1aaf53a,GF-R6-U5,"Gondola R6 Front U5",2026-07-31T03:12:12.982Z,2026-07-31T03:13:21.582Z,2026-07-31T03:12:12.982Z,2026-07-31T03:13:21.582Z,68.6,68.6,2026-07-31T03:12:12.982Z
6734,a6e82f16-e196-40dc-946b-1cf73909e2b5,GPS-04,"GPS Display Case 4",2026-07-31T03:12:12.858Z,2026-07-31T03:12:44.658Z,2026-07-31T03:12:12.858Z,2026-07-31T03:12:44.658Z,31.8,31.8,2026-07-31T03:12:12.858Z
6818,a1da5ce4-c1c7-434f-9291-7199495c8a39,GF-R6-U6,"Gondola R6 Front U6",2026-07-31T03:12:12.726Z,2026-07-31T03:13:24.526Z,2026-07-31T03:12:12.726Z,2026-07-31T03:13:24.526Z,71.8,71.8,2026-07-31T03:12:12.726Z
6801,cb9bb6ce-80ca-41cd-aaca-de03e60acea6,GB-R4-U1,"Gondola R4 Back U1",2026-07-31T03:12:12.525Z,2026-07-31T03:13:17.325Z,2026-07-31T03:12:12.525Z,2026-07-31T03:13:17.325Z,64.8,64.8,2026-07-31T03:12:12.525Z
6790,d6e7868f-0208-4cc6-8aa8-4b1003ae4240,GB-R4-U2,"Gondola R4 Back U2",2026-07-31T03:12:12.249Z,2026-07-31T03:13:08.049Z,2026-07-31T03:12:12.249Z,2026-07-31T03:13:08.049Z,55.8,55.8,2026-07-31T03:12:12.249Z
6842,f39d10f3-9991-4510-a04e-ceb6c9103c78,GB-R1-U2,"Gondola R1 Back U2",2026-07-31T03:12:12.193Z,2026-07-31T03:13:34.793Z,2026-07-31T03:12:12.193Z,2026-07-31T03:13:34.793Z,82.6,82.6,2026-07-31T03:12:12.193Z
6833,b9f4c416-f8b4-4d7c-bfae-2471f42754e0,GB-R4-U3,"Gondola R4 Back U3",2026-07-31T03:12:11.974Z,2026-07-31T03:13:32.174Z,2026-07-31T03:12:11.974Z,2026-07-31T03:13:32.174Z,80.2,80.2,2026-07-31T03:12:11.974Z
6828,d9cb67ed-d760-4d0a-b7d5-6b05c6a75796,GF-R5-U4,"Gondola R5 Front U4",2026-07-31T03:12:11.669Z,2026-07-31T03:13:28.869Z,2026-07-31T03:12:11.669Z,2026-07-31T03:13:28.869Z,77.2,77.2,2026-07-31T03:12:11.669Z
6774,1356f56c-3bd5-45d9-b715-d97f47592d6b,GB-R3-U3,"Gondola R3 Back U3",2026-07-31T03:12:09.882Z,2026-07-31T03:13:02.882Z,2026-07-31T03:12:09.882Z,2026-07-31T03:13:02.882Z,53.0,53.0,2026-07-31T03:12:09.882Z
6786,781cd6cb-911b-4a56-9b58-9829adf8f9a3,PE-01,"East Wall Bay 1",2026-07-31T03:12:09.745Z,2026-07-31T03:13:04.945Z,2026-07-31T03:12:09.745Z,2026-07-31T03:13:04.945Z,55.2,55.2,2026-07-31T03:12:09.745Z
6766,0e0e4aa3-4dd1-4a1c-871a-64dad1396af4,GF-R4-U3,"Gondola R4 Front U3",2026-07-31T03:12:09.245Z,2026-07-31T03:12:59.445Z,2026-07-31T03:12:09.245Z,2026-07-31T03:12:59.445Z,50.2,50.2,2026-07-31T03:12:09.245Z
6825,ac41dce4-3f9f-423a-a8de-946a5c0902b6,GF-R4-U2,"Gondola R4 Front U2",2026-07-31T03:12:08.176Z,2026-07-31T03:13:25.176Z,2026-07-31T03:12:08.176Z,2026-07-31T03:13:25.176Z,77.0,77.0,2026-07-31T03:12:08.176Z
6839,a7889305-a303-43de-abfb-b7030dbdd80b,GPS-06,"GPS Display Case 6",2026-07-31T03:12:07.805Z,2026-07-31T03:13:33.405Z,2026-07-31T03:12:07.805Z,2026-07-31T03:13:33.405Z,85.6,85.6,2026-07-31T03:12:07.805Z
6787,9a595fbd-5468-47bf-a30e-15b95ae6b5f2,GB-R5-U1,"Gondola R5 Back U1",2026-07-31T03:12:07.047Z,2026-07-31T03:13:06.447Z,2026-07-31T03:12:07.047Z,2026-07-31T03:13:06.447Z,59.4,59.4,2026-07-31T03:12:07.047Z
6824,8a37e9b1-d8eb-40f3-adca-42459c5b0c26,GPS-01,"GPS Display Case 1",2026-07-31T03:12:06.286Z,2026-07-31T03:13:26.486Z,2026-07-31T03:12:06.286Z,2026-07-31T03:13:26.486Z,80.2,80.2,2026-07-31T03:12:06.286Z
6741,5ec596e3-a5bd-4f10-aa0f-4f08da4899a4,GB-R3-U1,"Gondola R3 Back U1",2026-07-31T03:12:05.612Z,2026-07-31T03:12:46.412Z,2026-07-31T03:12:05.612Z,2026-07-31T03:12:46.412Z,40.8,40.8,2026-07-31T03:12:05.612Z
6805,d6a6e2a7-bb21-4c81-9368-e6dc6f356edc,PW-06,"West Wall Bay 6",2026-07-31T03:12:05.372Z,2026-07-31T03:13:19.772Z,2026-07-31T03:12:05.372Z,2026-07-31T03:13:19.772Z,74.4,74.4,2026-07-31T03:12:05.372Z
6820,df2429b4-9fb2-411e-8232-e906de211ac3,GB-R1-U2,"Gondola R1 Back U2",2026-07-31T03:12:04.952Z,2026-07-31T03:13:24.152Z,2026-07-31T03:12:04.952Z,2026-07-31T03:13:24.152Z,79.2,79.2,2026-07-31T03:12:04.952Z
6840,d85cf848-3021-4741-98bd-3808fbc0cce0,GF-R2-U7,"Gondola R2 Front U7",2026-07-31T03:12:04.859Z,2026-07-31T03:13:33.259Z,2026-07-31T03:12:04.859Z,2026-07-31T03:13:33.259Z,88.4,88.4,2026-07-31T03:12:04.859Z
6764,60cab3cc-bbd5-4078-a905-ee86d3a1a5fd,GB-R5-U4,"Gondola R5 Back U4",2026-07-31T03:12:04.658Z,2026-07-31T03:12:56.058Z,2026-07-31T03:12:04.658Z,2026-07-31T03:12:56.058Z,51.4,51.4,2026-07-31T03:12:04.658Z
6727,6d4e241a-911a-4c57-92a7-045a40a5e6b1,GF-R3-U2,"Gondola R3 Front U2",2026-07-31T03:12:03.050Z,2026-07-31T03:12:40.650Z,2026-07-31T03:12:03.050Z,2026-07-31T03:12:40.650Z,37.6,37.6,2026-07-31T03:12:03.050Z
6736,7ed372e6-3bdf-4ef2-9607-5b263e159ec0,GF-R3-U1,"Gondola R3 Front U1",2026-07-31T03:12:02.969Z,2026-07-31T03:12:43.969Z,2026-07-31T03:12:02.969Z,2026-07-31T03:12:43.969Z,41.0,41.0,2026-07-31T03:12:02.969Z
6754,b7185889-ee0c-4dab-9374-74c894c865be,GF-R4-U5,"Gondola R4 Front U5",2026-07-31T03:12:01.745Z,2026-07-31T03:12:51.945Z,2026-07-31T03:12:01.745Z,2026-07-31T03:12:51.945Z,50.2,50.2,2026-07-31T03:12:01.745Z
6738,583bf92c-eea8-43c9-b060-7494ac13d421,GF-R1-U7,"Gondola R1 Front U7",2026-07-31T03:12:01.139Z,2026-07-31T03:12:44.539Z,2026-07-31T03:12:01.139Z,2026-07-31T03:12:44.539Z,43.4,43.4,2026-07-31T03:12:01.139Z
6715,71c3502d-646f-4257-98c9-a39b50ee409b,GF-R6-U5,"Gondola R6 Front U5",2026-07-31T03:12:00.203Z,2026-07-31T03:12:34.403Z,2026-07-31T03:12:00.203Z,2026-07-31T03:12:34.403Z,34.2,34.2,2026-07-31T03:12:00.203Z
6788,129eaa80-f2b9-4d47-b64d-0541b2aa0215,GF-R4-U3,"Gondola R4 Front U3",2026-07-31T03:11:59.728Z,2026-07-31T03:13:07.128Z,2026-07-31T03:11:59.728Z,2026-07-31T03:13:07.128Z,67.4,67.4,2026-07-31T03:11:59.728Z
6733,aabad301-a5d9-4e71-abf5-d4bad3861677,GB-R5-U5,"Gondola R5 Back U5",2026-07-31T03:11:59.368Z,2026-07-31T03:12:44.568Z,2026-07-31T03:11:59.368Z,2026-07-31T03:12:44.568Z,45.2,45.2,2026-07-31T03:11:59.368Z
6798,e1b8e504-22fe-418c-837d-f2d41382ec6f,GB-R2-U6,"Gondola R2 Back U6",2026-07-31T03:11:58.893Z,2026-07-31T03:13:16.493Z,2026-07-31T03:11:58.893Z,2026-07-31T03:13:16.493Z,77.6,77.6,2026-07-31T03:11:58.893Z
6739,10d307e5-50b9-40b3-a02f-6e33946969c8,GF-R6-U1,"Gondola R6 Front U1",2026-07-31T03:11:58.689Z,2026-07-31T03:12:45.089Z,2026-07-31T03:11:58.689Z,2026-07-31T03:12:45.089Z,46.4,46.4,2026-07-31T03:11:58.689Z
6707,c06daaa8-5e15-4522-b86a-64fac3b75cdf,PE-02,"East Wall Bay 2",2026-07-31T03:11:58.662Z,2026-07-31T03:12:28.662Z,2026-07-31T03:11:58.662Z,2026-07-31T03:12:28.662Z,30.0,30.0,2026-07-31T03:11:58.662Z
6771,0efee6f5-69a7-4321-9ac1-3a40205c40ee,FB-01,"Footwear Bench Seat",2026-07-31T03:11:58.558Z,2026-07-31T03:13:01.758Z,2026-07-31T03:11:58.558Z,2026-07-31T03:13:01.758Z,63.2,63.2,2026-07-31T03:11:58.558Z
6800,c5182194-1b8b-4e6a-ac35-96563af0650c,GB-R3-U7,"Gondola R3 Back U7",2026-07-31T03:11:57.800Z,2026-07-31T03:13:16.800Z,2026-07-31T03:11:57.800Z,2026-07-31T03:13:16.800Z,79.0,79.0,2026-07-31T03:11:57.800Z
6712,5df61a4f-6cae-4440-8c63-4b7c04096036,GF-R1-U5,"Gondola R1 Front U5",2026-07-31T03:11:56.954Z,2026-07-31T03:12:29.354Z,2026-07-31T03:11:56.954Z,2026-07-31T03:12:29.354Z,32.4,32.4,2026-07-31T03:11:56.954Z
6729,be598e2c-f2ed-4d4e-8fc2-fc26ef3bb2dd,GB-R6-U4,"Gondola R6 Back U4",2026-07-31T03:11:56.749Z,2026-07-31T03:12:42.349Z,2026-07-31T03:11:56.749Z,2026-07-31T03:12:42.349Z,45.6,45.6,2026-07-31T03:11:56.749Z
6782,afc6c2fb-37aa-4231-b08f-dc392a91928b,PE-02,"East Wall Bay 2",2026-07-31T03:11:56.702Z,2026-07-31T03:13:03.502Z,2026-07-31T03:11:56.702Z,2026-07-31T03:13:03.502Z,66.8,66.8,2026-07-31T03:11:56.702Z
6747,0626e582-61ba-49c8-aaa1-960494170705,PW-01,"West Wall Bay 1",2026-07-31T03:11:56.579Z,2026-07-31T03:12:47.579Z,2026-07-31T03:11:56.579Z,2026-07-31T03:12:47.579Z,51.0,51.0,2026-07-31T03:11:56.579Z
6803,2d4c32b5-a45e-4e05-b310-aa95addb6115,GF-R5-U3,"Gondola R5 Front U3",2026-07-31T03:11:55.627Z,2026-07-31T03:13:19.027Z,2026-07-31T03:11:55.627Z,2026-07-31T03:13:19.027Z,83.4,83.4,2026-07-31T03:11:55.627Z
6751,e368e34b-1e7c-4641-aae3-a72842eb6b7e,GPS-05,"GPS Display Case 5",2026-07-31T03:11:55.356Z,2026-07-31T03:12:49.756Z,2026-07-31T03:11:55.356Z,2026-07-31T03:12:49.756Z,54.4,54.4,2026-07-31T03:11:55.356Z
6810,c72a0e1b-7a58-4c1c-ab04-5d235100e623,GB-R1-U6,"Gondola R1 Back U6",2026-07-31T03:11:55.329Z,2026-07-31T03:13:20.729Z,2026-07-31T03:11:55.329Z,2026-07-31T03:13:20.729Z,85.4,85.4,2026-07-31T03:11:55.329Z
6722,12ef5e49-ecf6-4421-bf68-e3b0c9777f3e,GF-R2-U7,"Gondola R2 Front U7",2026-07-31T03:11:54.025Z,2026-07-31T03:12:39.225Z,2026-07-31T03:11:54.025Z,2026-07-31T03:12:39.225Z,45.2,45.2,2026-07-31T03:11:54.025Z
6783,4b9bf70e-8162-4030-9f03-41b6c2243061,GF-R4-U2,"Gondola R4 Front U2",2026-07-31T03:11:53.689Z,2026-07-31T03:13:03.689Z,2026-07-31T03:11:53.689Z,2026-07-31T03:13:03.689Z,70.0,70.0,2026-07-31T03:11:53.689Z
6768,47960b65-8c2a-4888-9da3-1611dc8a9556,GB-R1-U2,"Gondola R1 Back U2",2026-07-31T03:11:53.236Z,2026-07-31T03:12:59.436Z,2026-07-31T03:11:53.236Z,2026-07-31T03:12:59.436Z,66.2,66.2,2026-07-31T03:11:53.236Z
6745,4e04b887-863b-48c5-bb9c-6e7bca5e0a30,GF-R4-U4,"Gondola R4 Front U4",2026-07-31T03:11:52.935Z,2026-07-31T03:12:45.135Z,2026-07-31T03:11:52.935Z,2026-07-31T03:12:45.135Z,52.2,52.2,2026-07-31T03:11:52.935Z
6793,907c6d7c-ac46-40e6-b449-44bf1b74c6de,GF-R5-U7,"Gondola R5 Front U7",2026-07-31T03:11:52.812Z,2026-07-31T03:13:08.412Z,2026-07-31T03:11:52.812Z,2026-07-31T03:13:08.412Z,75.6,75.6,2026-07-31T03:11:52.812Z
6753,376e3887-a42c-4bd6-991c-b6330356b6b4,PI-03,"Promo Island 3",2026-07-31T03:11:51.239Z,2026-07-31T03:12:50.439Z,2026-07-31T03:11:51.239Z,2026-07-31T03:12:50.439Z,59.2,59.2,2026-07-31T03:11:51.239Z
6704,e2bc236f-d2eb-48c5-bce5-94e76fcab613,GB-R1-U3,"Gondola R1 Back U3",2026-07-31T03:11:50.967Z,2026-07-31T03:12:28.367Z,2026-07-31T03:11:50.967Z,2026-07-31T03:12:28.367Z,37.4,37.4,2026-07-31T03:11:50.967Z
6725,172259bf-a9dd-4a94-9538-dbd2bc2d347d,GF-R4-U1,"Gondola R4 Front U1",2026-07-31T03:11:50.127Z,2026-07-31T03:12:37.327Z,2026-07-31T03:11:50.127Z,2026-07-31T03:12:37.327Z,47.2,47.2,2026-07-31T03:11:50.127Z
6699,7f266dbe-fe6d-45bc-b6ff-5e1620337d89,FB-01,"Footwear Bench Seat",2026-07-31T03:11:49.651Z,2026-07-31T03:12:25.251Z,2026-07-31T03:11:49.651Z,2026-07-31T03:12:25.251Z,35.6,35.6,2026-07-31T03:11:49.651Z
6804,8bc01f44-325c-4b9d-a2a9-97b0e7264636,GF-R6-U2,"Gondola R6 Front U2",2026-07-31T03:11:48.023Z,2026-07-31T03:13:17.623Z,2026-07-31T03:11:48.023Z,2026-07-31T03:13:17.623Z,89.6,89.6,2026-07-31T03:11:48.023Z
6723,f8604c33-cd1f-4ed0-8554-b63e410333fa,GB-R4-U2,"Gondola R4 Back U2",2026-07-31T03:11:46.503Z,2026-07-31T03:12:39.503Z,2026-07-31T03:11:46.503Z,2026-07-31T03:12:39.503Z,53.0,53.0,2026-07-31T03:11:46.503Z
6687,c2e4b957-025a-4373-9769-54b952acecce,ACC-02,"Accessories Bay 2",2026-07-31T03:11:45.727Z,2026-07-31T03:12:18.727Z,2026-07-31T03:11:45.727Z,2026-07-31T03:12:18.727Z,33.0,33.0,2026-07-31T03:11:45.727Z
6683,ae53f1f8-4843-45a9-9887-503c1fb2abb6,GF-R2-U3,"Gondola R2 Front U3",2026-07-31T03:11:45.579Z,2026-07-31T03:12:18.379Z,2026-07-31T03:11:45.579Z,2026-07-31T03:12:18.379Z,32.8,32.8,2026-07-31T03:11:45.579Z
6750,eb95af94-6661-4afa-8dcf-aede288ad091,GF-R4-U7,"Gondola R4 Front U7",2026-07-31T03:11:45.377Z,2026-07-31T03:12:48.577Z,2026-07-31T03:11:45.377Z,2026-07-31T03:12:48.577Z,63.2,63.2,2026-07-31T03:11:45.377Z
6703,924b47a7-0629-4d0e-978b-8601ee6d8f02,GB-R1-U7,"Gondola R1 Back U7",2026-07-31T03:11:45.082Z,2026-07-31T03:12:26.482Z,2026-07-31T03:11:45.082Z,2026-07-31T03:12:26.482Z,41.4,41.4,2026-07-31T03:11:45.082Z
6708,62691423-9441-4163-ad9f-8fc386ae4fe7,GB-R2-U7,"Gondola R2 Back U7",2026-07-31T03:11:44.791Z,2026-07-31T03:12:30.791Z,2026-07-31T03:11:44.791Z,2026-07-31T03:12:30.791Z,46.0,46.0,2026-07-31T03:11:44.791Z
6777,264c620c-d6d5-43da-b708-250dd10d906c,GF-R6-U4,"Gondola R6 Front U4",2026-07-31T03:11:44.689Z,2026-07-31T03:13:02.089Z,2026-07-31T03:11:44.689Z,2026-07-31T03:13:02.089Z,77.4,77.4,2026-07-31T03:11:44.689Z
6721,facff1eb-e77b-426d-a4b6-d88560cdd1fc,GF-R6-U5,"Gondola R6 Front U5",2026-07-31T03:11:44.138Z,2026-07-31T03:12:38.338Z,2026-07-31T03:11:44.138Z,2026-07-31T03:12:38.338Z,54.2,54.2,2026-07-31T03:11:44.138Z
6770,e1ba93af-ba52-437f-9014-90c0a7d3e57d,FB-01,"Footwear Bench Seat",2026-07-31T03:11:43.542Z,2026-07-31T03:12:59.142Z,2026-07-31T03:11:43.542Z,2026-07-31T03:12:59.142Z,75.6,75.6,2026-07-31T03:11:43.542Z
6694,07e45fe1-b86c-41d5-b887-c6ef63dffda1,PI-01,"Promo Island 1",2026-07-31T03:11:43.324Z,2026-07-31T03:12:21.524Z,2026-07-31T03:11:43.324Z,2026-07-31T03:12:21.524Z,38.2,38.2,2026-07-31T03:11:43.324Z
6776,7960f32c-4ada-4cb6-8de4-21e26fa07110,GB-R3-U5,"Gondola R3 Back U5",2026-07-31T03:11:43.224Z,2026-07-31T03:13:03.224Z,2026-07-31T03:11:43.224Z,2026-07-31T03:13:03.224Z,80.0,80.0,2026-07-31T03:11:43.224Z
6757,ea3bc5da-aa26-4885-bb6b-e70de7e2dc74,GPS-02,"GPS Display Case 2",2026-07-31T03:11:43.078Z,2026-07-31T03:12:51.478Z,2026-07-31T03:11:43.078Z,2026-07-31T03:12:51.478Z,68.4,68.4,2026-07-31T03:11:43.078Z
6696,e0ec17d8-c87a-4c73-b697-dfcf51b41fab,GB-R4-U3,"Gondola R4 Back U3",2026-07-31T03:11:42.523Z,2026-07-31T03:12:21.123Z,2026-07-31T03:11:42.523Z,2026-07-31T03:12:21.123Z,38.6,38.6,2026-07-31T03:11:42.523Z
6682,3b06325a-f54d-40e7-a0cf-e2ec7a659b59,GB-R4-U6,"Gondola R4 Back U6",2026-07-31T03:11:42.439Z,2026-07-31T03:12:16.239Z,2026-07-31T03:11:42.439Z,2026-07-31T03:12:16.239Z,33.8,33.8,2026-07-31T03:11:42.439Z
6761,0b5b66cb-4386-4e44-ac16-c55e87c8f82b,GB-R2-U1,"Gondola R2 Back U1",2026-07-31T03:11:42.350Z,2026-07-31T03:12:54.350Z,2026-07-31T03:11:42.350Z,2026-07-31T03:12:54.350Z,72.0,72.0,2026-07-31T03:11:42.350Z
6693,26257037-0bc5-49c4-818d-f1b753efe84c,GF-R6-U4,"Gondola R6 Front U4",2026-07-31T03:11:41.856Z,2026-07-31T03:12:20.856Z,2026-07-31T03:11:41.856Z,2026-07-31T03:12:20.856Z,39.0,39.0,2026-07-31T03:11:41.856Z
6797,81cf4469-662d-4fab-a0d9-1ea39090ba4c,GF-R2-U4,"Gondola R2 Front U4",2026-07-31T03:11:41.774Z,2026-07-31T03:13:10.574Z,2026-07-31T03:11:41.774Z,2026-07-31T03:13:10.574Z,88.8,88.8,2026-07-31T03:11:41.774Z
6762,28608520-2a90-4c1e-a976-a56729d350ba,GB-R6-U1,"Gondola R6 Back U1",2026-07-31T03:11:41.401Z,2026-07-31T03:12:55.801Z,2026-07-31T03:11:41.401Z,2026-07-31T03:12:55.801Z,74.4,74.4,2026-07-31T03:11:41.401Z
6700,f3c4369a-394d-4670-ac10-90c397def0f3,GB-R5-U7,"Gondola R5 Back U7",2026-07-31T03:11:40.993Z,2026-07-31T03:12:23.193Z,2026-07-31T03:11:40.993Z,2026-07-31T03:12:23.193Z,42.2,42.2,2026-07-31T03:11:40.993Z
6732,a9a9e6cc-3e6d-4b75-b7e5-fc3579ce84d3,GB-R4-U2,"Gondola R4 Back U2",2026-07-31T03:11:40.948Z,2026-07-31T03:12:40.148Z,2026-07-31T03:11:40.948Z,2026-07-31T03:12:40.148Z,59.2,59.2,2026-07-31T03:11:40.948Z
6714,cadd0b90-b0a2-490b-92cf-30d16683bba3,GB-R4-U5,"Gondola R4 Back U5",2026-07-31T03:11:40.672Z,2026-07-31T03:12:32.672Z,2026-07-31T03:11:40.672Z,2026-07-31T03:12:32.672Z,52.0,52.0,2026-07-31T03:11:40.672Z
6698,61dca4c2-28b3-47ed-9eaf-c690ed4444a2,GF-R4-U7,"Gondola R4 Front U7",2026-07-31T03:11:40.092Z,2026-07-31T03:12:21.892Z,2026-07-31T03:11:40.092Z,2026-07-31T03:12:21.892Z,41.8,41.8,2026-07-31T03:11:40.092Z
6713,2f14edee-eef0-4e37-880d-c3ea5472f880,GB-R5-U5,"Gondola R5 Back U5",2026-07-31T03:11:39.648Z,2026-07-31T03:12:34.448Z,2026-07-31T03:11:39.648Z,2026-07-31T03:12:34.448Z,54.8,54.8,2026-07-31T03:11:39.648Z
6758,39ae365e-6429-4ec6-a2dd-0cfec33995f2,PE-04,"East Wall Bay 4",2026-07-31T03:11:39.277Z,2026-07-31T03:12:51.477Z,2026-07-31T03:11:39.277Z,2026-07-31T03:12:51.477Z,72.2,72.2,2026-07-31T03:11:39.277Z
6744,7f527da0-0296-440a-847e-78bd67eaadf0,GF-R1-U3,"Gondola R1 Front U3",2026-07-31T03:11:38.849Z,2026-07-31T03:12:47.649Z,2026-07-31T03:11:38.849Z,2026-07-31T03:12:47.649Z,68.8,68.8,2026-07-31T03:11:38.849Z
6781,ca34ec24-dbe8-4e06-987a-ca69d2d45f23,PE-06,"East Wall Bay 6",2026-07-31T03:11:38.689Z,2026-07-31T03:13:03.289Z,2026-07-31T03:11:38.689Z,2026-07-31T03:13:03.289Z,84.6,84.6,2026-07-31T03:11:38.689Z
6785,9f0fd0a3-0b6d-4796-bb7d-a6fc00e53338,GF-R5-U5,"Gondola R5 Front U5",2026-07-31T03:11:38.648Z,2026-07-31T03:13:04.248Z,2026-07-31T03:11:38.648Z,2026-07-31T03:13:04.248Z,85.6,85.6,2026-07-31T03:11:38.648Z
6711,dc9516b5-af7b-40e4-8bff-69c934e22955,ACC-03,"Accessories Bay 3",2026-07-31T03:11:37.792Z,2026-07-31T03:12:32.992Z,2026-07-31T03:11:37.792Z,2026-07-31T03:12:32.992Z,55.2,55.2,2026-07-31T03:11:37.792Z
6743,daf7bbda-2ff0-4ec9-982b-33f2245f7713,GB-R5-U7,"Gondola R5 Back U7",2026-07-31T03:11:37.735Z,2026-07-31T03:12:47.935Z,2026-07-31T03:11:37.735Z,2026-07-31T03:12:47.935Z,70.2,70.2,2026-07-31T03:11:37.735Z
6778,c1a06ae1-64e4-44aa-9539-68b074090591,GB-R2-U7,"Gondola R2 Back U7",2026-07-31T03:11:37.603Z,2026-07-31T03:13:03.803Z,2026-07-31T03:11:37.603Z,2026-07-31T03:13:03.803Z,86.2,86.2,2026-07-31T03:11:37.603Z
6769,7e718ab8-4784-480c-860a-8c2bc8c939c6,GF-R4-U5,"Gondola R4 Front U5",2026-07-31T03:11:37.554Z,2026-07-31T03:13:00.954Z,2026-07-31T03:11:37.554Z,2026-07-31T03:13:00.954Z,83.4,83.4,2026-07-31T03:11:37.554Z
6724,376163d1-b66e-43ed-9947-5c2c0ab87b18,GPS-05,"GPS Display Case 5",2026-07-31T03:11:37.126Z,2026-07-31T03:12:39.926Z,2026-07-31T03:11:37.126Z,2026-07-31T03:12:39.926Z,62.8,62.8,2026-07-31T03:11:37.126Z
6756,2fabe3e5-8700-41da-9368-262c26715cd0,GPS-06,"GPS Display Case 6",2026-07-31T03:11:36.919Z,2026-07-31T03:12:49.119Z,2026-07-31T03:11:36.919Z,2026-07-31T03:12:49.119Z,72.2,72.2,2026-07-31T03:11:36.919Z
6689,fc4db922-36ac-4c9a-9f38-c6bbccfa3101,GF-R5-U7,"Gondola R5 Front U7",2026-07-31T03:11:36.352Z,2026-07-31T03:12:19.352Z,2026-07-31T03:11:36.352Z,2026-07-31T03:12:19.352Z,43.0,43.0,2026-07-31T03:11:36.352Z
6748,cd687d24-d937-4607-a326-b7b29b40cd6a,FB-01,"Footwear Bench Seat",2026-07-31T03:11:35.745Z,2026-07-31T03:12:48.345Z,2026-07-31T03:11:35.745Z,2026-07-31T03:12:48.345Z,72.6,72.6,2026-07-31T03:11:35.745Z
6676,3cb05398-c750-4b1c-b844-8ab5d6220f93,FB-01,"Footwear Bench Seat",2026-07-31T03:11:34.245Z,2026-07-31T03:12:13.445Z,2026-07-31T03:11:34.245Z,2026-07-31T03:12:13.445Z,39.2,39.2,2026-07-31T03:11:34.245Z
6668,f39d10f3-9991-4510-a04e-ceb6c9103c78,GB-R6-U4,"Gondola R6 Back U4",2026-07-31T03:11:33.992Z,2026-07-31T03:12:11.192Z,2026-07-31T03:11:33.992Z,2026-07-31T03:12:11.192Z,37.2,37.2,2026-07-31T03:11:33.992Z
6659,d6a6e2a7-bb21-4c81-9368-e6dc6f356edc,PW-03,"West Wall Bay 3",2026-07-31T03:11:33.371Z,2026-07-31T03:12:04.371Z,2026-07-31T03:11:33.371Z,2026-07-31T03:12:04.371Z,31.0,31.0,2026-07-31T03:11:33.371Z
6706,011f7b54-c4f3-4817-b639-13a67ac1d6a3,GPS-05,"GPS Display Case 5",2026-07-31T03:11:33.236Z,2026-07-31T03:12:29.836Z,2026-07-31T03:11:33.236Z,2026-07-31T03:12:29.836Z,56.6,56.6,2026-07-31T03:11:33.236Z
6775,ec7da4a9-02ee-4ea5-ad8d-e027b33ad5ba,GB-R5-U5,"Gondola R5 Back U5",2026-07-31T03:11:33.122Z,2026-07-31T03:13:02.922Z,2026-07-31T03:11:33.122Z,2026-07-31T03:13:02.922Z,89.8,89.8,2026-07-31T03:11:33.122Z
6749,705afdf0-4a89-46a2-a7d7-cd2718ebfd55,PE-02,"East Wall Bay 2",2026-07-31T03:11:32.903Z,2026-07-31T03:12:49.503Z,2026-07-31T03:11:32.903Z,2026-07-31T03:12:49.503Z,76.6,76.6,2026-07-31T03:11:32.903Z
6674,d9fe2367-55ab-4f37-a0a0-2d69eb68e7ce,GA-01,"Treadmill 1",2026-07-31T03:11:32.467Z,2026-07-31T03:12:12.467Z,2026-07-31T03:11:32.467Z,2026-07-31T03:12:12.467Z,40.0,40.0,2026-07-31T03:11:32.467Z
6658,1b8c0f7d-66c3-41d2-8d39-194713be1347,GF-R2-U2,"Gondola R2 Front U2",2026-07-31T03:11:31.183Z,2026-07-31T03:12:03.983Z,2026-07-31T03:11:31.183Z,2026-07-31T03:12:03.983Z,32.8,32.8,2026-07-31T03:11:31.183Z
6731,76320e7b-c573-40c3-bdcd-4c4b30a57c4c,GF-R6-U1,"Gondola R6 Front U1",2026-07-31T03:11:31.124Z,2026-07-31T03:12:43.124Z,2026-07-31T03:11:31.124Z,2026-07-31T03:12:43.124Z,72.0,72.0,2026-07-31T03:11:31.124Z
6720,80f2632d-b199-4bab-9663-b6f6bb4d19c9,GF-R1-U6,"Gondola R1 Front U6",2026-07-31T03:11:30.851Z,2026-07-31T03:12:36.251Z,2026-07-31T03:11:30.851Z,2026-07-31T03:12:36.251Z,65.4,65.4,2026-07-31T03:11:30.851Z
6653,d85cf848-3021-4741-98bd-3808fbc0cce0,PE-06,"East Wall Bay 6",2026-07-31T03:11:30.458Z,2026-07-31T03:12:03.858Z,2026-07-31T03:11:30.458Z,2026-07-31T03:12:03.858Z,33.4,33.4,2026-07-31T03:11:30.458Z
6652,6d4e241a-911a-4c57-92a7-045a40a5e6b1,GF-R3-U2,"Gondola R3 Front U2",2026-07-31T03:11:29.849Z,2026-07-31T03:12:02.049Z,2026-07-31T03:11:29.849Z,2026-07-31T03:12:02.049Z,32.2,32.2,2026-07-31T03:11:29.849Z
6717,71d22569-7910-48bb-b0fa-00685fd52970,GF-R5-U2,"Gondola R5 Front U2",2026-07-31T03:11:29.054Z,2026-07-31T03:12:35.654Z,2026-07-31T03:11:29.054Z,2026-07-31T03:12:35.654Z,66.6,66.6,2026-07-31T03:11:29.054Z
6665,1356f56c-3bd5-45d9-b715-d97f47592d6b,GF-R3-U5,"Gondola R3 Front U5",2026-07-31T03:11:28.881Z,2026-07-31T03:12:08.881Z,2026-07-31T03:11:28.881Z,2026-07-31T03:12:08.881Z,40.0,40.0,2026-07-31T03:11:28.881Z
6679,07e8cdbe-5d4d-4274-8ced-91e2899a4461,GF-R2-U1,"Gondola R2 Front U1",2026-07-31T03:11:28.435Z,2026-07-31T03:12:15.435Z,2026-07-31T03:11:28.435Z,2026-07-31T03:12:15.435Z,47.0,47.0,2026-07-31T03:11:28.435Z
6728,062e0b5a-ebea-49a8-ac70-e894b93d6b17,GB-R6-U6,"Gondola R6 Back U6",2026-07-31T03:11:28.319Z,2026-07-31T03:12:40.519Z,2026-07-31T03:11:28.319Z,2026-07-31T03:12:40.519Z,72.2,72.2,2026-07-31T03:11:28.319Z
6735,3e6a918b-1730-4f66-bbd4-9f66c6470522,GB-R5-U1,"Gondola R5 Back U1",2026-07-31T03:11:27.041Z,2026-07-31T03:12:43.241Z,2026-07-31T03:11:27.041Z,2026-07-31T03:12:43.241Z,76.2,76.2,2026-07-31T03:11:27.041Z
6672,b7e17a9c-6af1-4422-932e-c14fd1aaf53a,GB-R1-U7,"Gondola R1 Back U7",2026-07-31T03:11:26.981Z,2026-07-31T03:12:11.981Z,2026-07-31T03:11:26.981Z,2026-07-31T03:12:11.981Z,45.0,45.0,2026-07-31T03:11:26.981Z
6666,ac41dce4-3f9f-423a-a8de-946a5c0902b6,GB-R4-U3,"Gondola R4 Back U3",2026-07-31T03:11:26.975Z,2026-07-31T03:12:07.175Z,2026-07-31T03:11:26.975Z,2026-07-31T03:12:07.175Z,40.2,40.2,2026-07-31T03:11:26.975Z
6692,7d49f45e-9dbe-4a31-bb8e-0ba62d804edc,GF-R6-U1,"Gondola R6 Front U1",2026-07-31T03:11:26.974Z,2026-07-31T03:12:21.974Z,2026-07-31T03:11:26.974Z,2026-07-31T03:12:21.974Z,55.0,55.0,2026-07-31T03:11:26.974Z
6660,c0cf6146-fd1c-4a97-b297-91de75e2cd73,GB-R3-U1,"Gondola R3 Back U1",2026-07-31T03:11:26.602Z,2026-07-31T03:12:05.002Z,2026-07-31T03:11:26.602Z,2026-07-31T03:12:05.002Z,38.4,38.4,2026-07-31T03:11:26.602Z
6740,12aea611-2278-4e0b-945d-c797a85bf2a9,GB-R6-U5,"Gondola R6 Back U5",2026-07-31T03:11:26.189Z,2026-07-31T03:12:43.589Z,2026-07-31T03:11:26.189Z,2026-07-31T03:12:43.589Z,77.4,77.4,2026-07-31T03:11:26.189Z
6669,cb9bb6ce-80ca-41cd-aaca-de03e60acea6,GF-R4-U2,"Gondola R4 Front U2",2026-07-31T03:11:25.724Z,2026-07-31T03:12:11.524Z,2026-07-31T03:11:25.724Z,2026-07-31T03:12:11.524Z,45.8,45.8,2026-07-31T03:11:25.724Z
6726,61af50d7-5aea-44ee-9118-14756eeef82c,GB-R1-U3,"Gondola R1 Back U3",2026-07-31T03:11:25.410Z,2026-07-31T03:12:40.010Z,2026-07-31T03:11:25.410Z,2026-07-31T03:12:40.010Z,74.6,74.6,2026-07-31T03:11:25.410Z
6746,dc860061-11d5-4b14-b73d-b142004f5fa2,PW-05,"West Wall Bay 5",2026-07-31T03:11:24.772Z,2026-07-31T03:12:47.572Z,2026-07-31T03:11:24.772Z,2026-07-31T03:12:47.572Z,82.8,82.8,2026-07-31T03:11:24.772Z
6681,f845413a-456e-4042-8cb5-3c451c6c4021,GF-R6-U6,"Gondola R6 Front U6",2026-07-31T03:11:23.325Z,2026-07-31T03:12:16.125Z,2026-07-31T03:11:23.325Z,2026-07-31T03:12:16.125Z,52.8,52.8,2026-07-31T03:11:23.325Z
6755,9abbaaf9-f069-4a8d-8aaa-d604c56d26bb,PW-01,"West Wall Bay 1",2026-07-31T03:11:23.023Z,2026-07-31T03:12:50.623Z,2026-07-31T03:11:23.023Z,2026-07-31T03:12:50.623Z,87.6,87.6,2026-07-31T03:11:23.023Z
6690,30f2929d-bfb0-4bb6-9d5e-39e4a25e3803,PW-04,"West Wall Bay 4",2026-07-31T03:11:22.624Z,2026-07-31T03:12:20.424Z,2026-07-31T03:11:22.624Z,2026-07-31T03:12:20.424Z,57.8,57.8,2026-07-31T03:11:22.624Z
6650,ba12ede0-feb4-4793-aa8e-2a726903328c,GB-R3-U6,"Gondola R3 Back U6",2026-07-31T03:11:21.768Z,2026-07-31T03:12:01.968Z,2026-07-31T03:11:21.768Z,2026-07-31T03:12:01.968Z,40.2,40.2,2026-07-31T03:11:21.768Z
6637,be598e2c-f2ed-4d4e-8fc2-fc26ef3bb2dd,GB-R6-U3,"Gondola R6 Back U3",2026-07-31T03:11:21.148Z,2026-07-31T03:11:55.748Z,2026-07-31T03:11:21.148Z,2026-07-31T03:11:55.748Z,34.6,34.6,2026-07-31T03:11:21.148Z
6709,3ab3b41d-c03b-4f58-8b33-3359320bcd20,GF-R1-U2,"Gondola R1 Front U2",2026-07-31T03:11:19.625Z,2026-07-31T03:12:30.425Z,2026-07-31T03:11:19.625Z,2026-07-31T03:12:30.425Z,70.8,70.8,2026-07-31T03:11:19.625Z
6701,ed4f2938-fc4e-4e53-9864-0f52d1744aa9,GB-R3-U6,"Gondola R3 Back U6",2026-07-31T03:11:19.124Z,2026-07-31T03:12:27.124Z,2026-07-31T03:11:19.124Z,2026-07-31T03:12:27.124Z,68.0,68.0,2026-07-31T03:11:19.124Z
6742,d420530f-70a2-4604-8e2c-f867da1aa7bd,GB-R6-U4,"Gondola R6 Back U4",2026-07-31T03:11:18.907Z,2026-07-31T03:12:46.907Z,2026-07-31T03:11:18.907Z,2026-07-31T03:12:46.907Z,88.0,88.0,2026-07-31T03:11:18.907Z
6649,583bf92c-eea8-43c9-b060-7494ac13d421,PE-06,"East Wall Bay 6",2026-07-31T03:11:18.738Z,2026-07-31T03:12:00.138Z,2026-07-31T03:11:18.738Z,2026-07-31T03:12:00.138Z,41.4,41.4,2026-07-31T03:11:18.738Z
6730,47f3e7b5-27f6-4b5f-a74d-d8d2eb37a852,GB-R6-U6,"Gondola R6 Back U6",2026-07-31T03:11:16.924Z,2026-07-31T03:12:41.324Z,2026-07-31T03:11:16.924Z,2026-07-31T03:12:41.324Z,84.4,84.4,2026-07-31T03:11:16.924Z
6719,3ffcedc2-944c-4f35-b31c-adff1c2907bd,GB-R3-U3,"Gondola R3 Back U3",2026-07-31T03:11:16.411Z,2026-07-31T03:12:36.411Z,2026-07-31T03:11:16.411Z,2026-07-31T03:12:36.411Z,80.0,80.0,2026-07-31T03:11:16.411Z
6644,afc6c2fb-37aa-4231-b08f-dc392a91928b,FB-01,"Footwear Bench Seat",2026-07-31T03:11:16.301Z,2026-07-31T03:11:55.701Z,2026-07-31T03:11:16.301Z,2026-07-31T03:11:55.701Z,39.4,39.4,2026-07-31T03:11:16.301Z
6648,20c1dd98-e3ae-40e3-b180-0357984886da,GF-R5-U2,"Gondola R5 Front U2",2026-07-31T03:11:16.209Z,2026-07-31T03:12:02.009Z,2026-07-31T03:11:16.209Z,2026-07-31T03:12:02.009Z,45.8,45.8,2026-07-31T03:11:16.209Z
6680,2d6395f4-556d-42a8-85a5-c870dc103ed3,GF-R2-U3,"Gondola R2 Front U3",2026-07-31T03:11:16.180Z,2026-07-31T03:12:14.380Z,2026-07-31T03:11:16.180Z,2026-07-31T03:12:14.380Z,58.2,58.2,2026-07-31T03:11:16.180Z
6695,b501d721-61c2-473d-88a1-49e9c8bc8953,GF-R6-U5,"Gondola R6 Front U5",2026-07-31T03:11:16.127Z,2026-07-31T03:12:21.127Z,2026-07-31T03:11:16.127Z,2026-07-31T03:12:21.127Z,65.0,65.0,2026-07-31T03:11:16.127Z
6633,3d0c7f02-63a0-4dfa-a976-bc526eb822ae,GF-R2-U1,"Gondola R2 Front U1",2026-07-31T03:11:15.937Z,2026-07-31T03:11:51.737Z,2026-07-31T03:11:15.937Z,2026-07-31T03:11:51.737Z,35.8,35.8,2026-07-31T03:11:15.937Z
6716,80cdc0a3-3bb7-4686-9442-3ec2c1f08031,GF-R6-U5,"Gondola R6 Front U5",2026-07-31T03:11:15.735Z,2026-07-31T03:12:36.535Z,2026-07-31T03:11:15.735Z,2026-07-31T03:12:36.535Z,80.8,80.8,2026-07-31T03:11:15.735Z
6667,b9f4c416-f8b4-4d7c-bfae-2471f42754e0,GB-R4-U1,"Gondola R4 Back U1",2026-07-31T03:11:15.573Z,2026-07-31T03:12:10.973Z,2026-07-31T03:11:15.573Z,2026-07-31T03:12:10.973Z,55.4,55.4,2026-07-31T03:11:15.573Z
6705,ee501595-ae80-4c28-bb14-ca1770919dd3,GF-R6-U4,"Gondola R6 Front U4",2026-07-31T03:11:15.076Z,2026-07-31T03:12:25.476Z,2026-07-31T03:11:15.076Z,2026-07-31T03:12:25.476Z,70.4,70.4,2026-07-31T03:11:15.076Z
6651,4f8bfe92-b177-4ea7-949c-5395fd404db9,GF-R6-U4,"Gondola R6 Front U4",2026-07-31T03:11:14.802Z,2026-07-31T03:11:58.202Z,2026-07-31T03:11:14.802Z,2026-07-31T03:11:58.202Z,43.4,43.4,2026-07-31T03:11:14.802Z
6686,56483984-b2b6-49da-907b-f501ea7202a9,PW-01,"West Wall Bay 1",2026-07-31T03:11:14.568Z,2026-07-31T03:12:18.568Z,2026-07-31T03:11:14.568Z,2026-07-31T03:12:18.568Z,64.0,64.0,2026-07-31T03:11:14.568Z
6623,c2e4b957-025a-4373-9769-54b952acecce,ACC-01,"Accessories Bay 1",2026-07-31T03:11:13.926Z,2026-07-31T03:11:44.726Z,2026-07-31T03:11:13.926Z,2026-07-31T03:11:44.726Z,30.8,30.8,2026-07-31T03:11:13.926Z
6624,8df64137-bbf5-4b9c-89c3-ec9b0fff10e6,PE-05,"East Wall Bay 5",2026-07-31T03:11:13.712Z,2026-07-31T03:11:47.112Z,2026-07-31T03:11:13.712Z,2026-07-31T03:11:47.112Z,33.4,33.4,2026-07-31T03:11:13.712Z
6702,77f87946-db4d-41bc-8a6a-89f57440f5f2,GB-R5-U7,"Gondola R5 Back U7",2026-07-31T03:11:13.002Z,2026-07-31T03:12:27.002Z,2026-07-31T03:11:13.002Z,2026-07-31T03:12:27.002Z,74.0,74.0,2026-07-31T03:11:13.002Z
6684,82c8303b-89bc-4d0b-bac6-93ca8aa39e25,GF-R6-U1,"Gondola R6 Front U1",2026-07-31T03:11:12.154Z,2026-07-31T03:12:16.554Z,2026-07-31T03:11:12.154Z,2026-07-31T03:12:16.554Z,64.4,64.4,2026-07-31T03:11:12.154Z
6678,6678c5da-cfe6-4936-9308-f907e115d766,GB-R3-U5,"Gondola R3 Back U5",2026-07-31T03:11:09.731Z,2026-07-31T03:12:12.931Z,2026-07-31T03:11:09.731Z,2026-07-31T03:12:12.931Z,63.2,63.2,2026-07-31T03:11:09.731Z
6685,c80f01a0-cb9e-4aa9-afe4-d65ce37b56ba,GB-R1-U2,"Gondola R1 Back U2",2026-07-31T03:11:08.046Z,2026-07-31T03:12:18.446Z,2026-07-31T03:11:08.046Z,2026-07-31T03:12:18.446Z,70.4,70.4,2026-07-31T03:11:08.046Z
6688,1fb99dc3-662d-4ccf-bf98-88223b68cbe7,GF-R5-U6,"Gondola R5 Front U6",2026-07-31T03:11:08.004Z,2026-07-31T03:12:19.404Z,2026-07-31T03:11:08.004Z,2026-07-31T03:12:19.404Z,71.4,71.4,2026-07-31T03:11:08.004Z
6655,d6e7868f-0208-4cc6-8aa8-4b1003ae4240,FB-01,"Footwear Bench Seat",2026-07-31T03:11:07.501Z,2026-07-31T03:12:03.501Z,2026-07-31T03:11:07.501Z,2026-07-31T03:12:03.501Z,56.0,56.0,2026-07-31T03:11:07.501Z
6710,b401081e-b4a3-4146-9147-72562584a152,GF-R4-U5,"Gondola R4 Front U5",2026-07-31T03:11:06.869Z,2026-07-31T03:12:31.069Z,2026-07-31T03:11:06.869Z,2026-07-31T03:12:31.069Z,84.2,84.2,2026-07-31T03:11:06.869Z
6657,60cab3cc-bbd5-4078-a905-ee86d3a1a5fd,GPS-05,"GPS Display Case 5",2026-07-31T03:11:06.657Z,2026-07-31T03:12:03.657Z,2026-07-31T03:11:06.657Z,2026-07-31T03:12:03.657Z,57.0,57.0,2026-07-31T03:11:06.657Z
6718,066f2826-b443-4d32-ba3c-967962271da3,GB-R3-U5,"Gondola R3 Back U5",2026-07-31T03:11:06.649Z,2026-07-31T03:12:35.449Z,2026-07-31T03:11:06.649Z,2026-07-31T03:12:35.449Z,88.8,88.8,2026-07-31T03:11:06.649Z
6628,376e3887-a42c-4bd6-991c-b6330356b6b4,GF-R1-U2,"Gondola R1 Front U2",2026-07-31T03:11:06.038Z,2026-07-31T03:11:50.238Z,2026-07-31T03:11:06.038Z,2026-07-31T03:11:50.238Z,44.2,44.2,2026-07-31T03:11:06.038Z
6677,81d89be5-d7c6-4d52-9727-7ad6ed1d8bb2,PW-04,"West Wall Bay 4",2026-07-31T03:11:05.891Z,2026-07-31T03:12:14.691Z,2026-07-31T03:11:05.891Z,2026-07-31T03:12:14.691Z,68.8,68.8,2026-07-31T03:11:05.891Z
6673,490f4fb7-a546-4f30-b94a-f7bfd78a7515,GB-R3-U1,"Gondola R3 Back U1",2026-07-31T03:11:05.356Z,2026-07-31T03:12:12.556Z,2026-07-31T03:11:05.356Z,2026-07-31T03:12:12.556Z,67.2,67.2,2026-07-31T03:11:05.356Z
6608,39ae365e-6429-4ec6-a2dd-0cfec33995f2,GF-R4-U2,"Gondola R4 Front U2",2026-07-31T03:11:04.276Z,2026-07-31T03:11:38.276Z,2026-07-31T03:11:04.276Z,2026-07-31T03:11:38.276Z,34.0,34.0,2026-07-31T03:11:04.276Z
6602,376163d1-b66e-43ed-9947-5c2c0ab87b18,PI-03,"Promo Island 3",2026-07-31T03:11:03.125Z,2026-07-31T03:11:36.125Z,2026-07-31T03:11:03.125Z,2026-07-31T03:11:36.125Z,33.0,33.0,2026-07-31T03:11:03.125Z
6632,df8ac53f-a409-432f-81fb-4a76ec3df76e,GF-R6-U1,"Gondola R6 Front U1",2026-07-31T03:11:02.162Z,2026-07-31T03:11:51.562Z,2026-07-31T03:11:02.162Z,2026-07-31T03:11:51.562Z,49.4,49.4,2026-07-31T03:11:02.162Z
6604,61dca4c2-28b3-47ed-9eaf-c690ed4444a2,GB-R4-U3,"Gondola R4 Back U3",2026-07-31T03:11:02.091Z,2026-07-31T03:11:39.091Z,2026-07-31T03:11:02.091Z,2026-07-31T03:11:39.091Z,37.0,37.0,2026-07-31T03:11:02.091Z
6594,fc4db922-36ac-4c9a-9f38-c6bbccfa3101,GF-R5-U1,"Gondola R5 Front U1",2026-07-31T03:11:01.751Z,2026-07-31T03:11:35.351Z,2026-07-31T03:11:01.751Z,2026-07-31T03:11:35.351Z,33.6,33.6,2026-07-31T03:11:01.751Z
6612,a9a9e6cc-3e6d-4b75-b7e5-fc3579ce84d3,GB-R4-U4,"Gondola R4 Back U4",2026-07-31T03:11:00.747Z,2026-07-31T03:11:39.947Z,2026-07-31T03:11:00.747Z,2026-07-31T03:11:39.947Z,39.2,39.2,2026-07-31T03:11:00.747Z
6641,c06daaa8-5e15-4522-b86a-64fac3b75cdf,GF-R3-U1,"Gondola R3 Front U1",2026-07-31T03:10:59.261Z,2026-07-31T03:11:57.661Z,2026-07-31T03:10:59.261Z,2026-07-31T03:11:57.661Z,58.4,58.4,2026-07-31T03:10:59.261Z
6625,d29b41cf-b426-43bc-b966-e89987767ac2,GF-R2-U1,"Gondola R2 Front U1",2026-07-31T03:10:58.578Z,2026-07-31T03:11:44.578Z,2026-07-31T03:10:58.578Z,2026-07-31T03:11:44.578Z,46.0,46.0,2026-07-31T03:10:58.578Z
6607,2f14edee-eef0-4e37-880d-c3ea5472f880,GF-R1-U3,"Gondola R1 Front U3",2026-07-31T03:10:58.047Z,2026-07-31T03:11:38.647Z,2026-07-31T03:10:58.047Z,2026-07-31T03:11:38.647Z,40.6,40.6,2026-07-31T03:10:58.047Z
6697,a42851bc-a084-48e6-8ce5-d1a70341b99a,FB-01,"Footwear Bench Seat",2026-07-31T03:10:56.856Z,2026-07-31T03:12:22.656Z,2026-07-31T03:10:56.856Z,2026-07-31T03:12:22.656Z,85.8,85.8,2026-07-31T03:10:56.856Z
6591,d6a6e2a7-bb21-4c81-9368-e6dc6f356edc,GF-R4-U1,"Gondola R4 Front U1",2026-07-31T03:10:56.370Z,2026-07-31T03:11:32.370Z,2026-07-31T03:10:56.370Z,2026-07-31T03:11:32.370Z,36.0,36.0,2026-07-31T03:10:56.370Z
6577,71d22569-7910-48bb-b0fa-00685fd52970,GF-R2-U1,"Gondola R2 Front U1",2026-07-31T03:10:56.253Z,2026-07-31T03:11:28.053Z,2026-07-31T03:10:56.253Z,2026-07-31T03:11:28.053Z,31.8,31.8,2026-07-31T03:10:56.253Z
6691,b1f7b0d5-a473-43c2-9e69-03461548ebfc,GB-R1-U6,"Gondola R1 Back U6",2026-07-31T03:10:56.185Z,2026-07-31T03:12:19.385Z,2026-07-31T03:10:56.185Z,2026-07-31T03:12:19.385Z,83.2,83.2,2026-07-31T03:10:56.185Z
6600,c1a06ae1-64e4-44aa-9539-68b074090591,GF-R3-U6,"Gondola R3 Front U6",2026-07-31T03:10:55.202Z,2026-07-31T03:11:36.602Z,2026-07-31T03:10:55.202Z,2026-07-31T03:11:36.602Z,41.4,41.4,2026-07-31T03:10:55.202Z
6616,facff1eb-e77b-426d-a4b6-d88560cdd1fc,GF-R1-U5,"Gondola R1 Front U5",2026-07-31T03:10:55.137Z,2026-07-31T03:11:43.137Z,2026-07-31T03:10:55.137Z,2026-07-31T03:11:43.137Z,48.0,48.0,2026-07-31T03:10:55.137Z
6654,5dfd34f3-1990-426f-aea6-0169eac33753,PE-04,"East Wall Bay 4",2026-07-31T03:10:54.411Z,2026-07-31T03:12:04.611Z,2026-07-31T03:10:54.411Z,2026-07-31T03:12:04.611Z,70.2,70.2,2026-07-31T03:10:54.411Z
6631,313e21d8-41a4-46fe-9690-4a96a35dddbc,GF-R4-U1,"Gondola R4 Front U1",2026-07-31T03:10:54.134Z,2026-07-31T03:11:51.934Z,2026-07-31T03:10:54.134Z,2026-07-31T03:11:51.934Z,57.8,57.8,2026-07-31T03:10:54.134Z
6675,38d7f4e0-f3f8-4e9a-9903-fa655475e02d,GF-R6-U2,"Gondola R6 Front U2",2026-07-31T03:10:52.657Z,2026-07-31T03:12:13.657Z,2026-07-31T03:10:52.657Z,2026-07-31T03:12:13.657Z,81.0,81.0,2026-07-31T03:10:52.657Z
6664,e2f850b2-c500-474d-a5ba-80f8d5d16566,GF-R4-U1,"Gondola R4 Front U1",2026-07-31T03:10:52.192Z,2026-07-31T03:12:05.392Z,2026-07-31T03:10:52.192Z,2026-07-31T03:12:05.392Z,73.2,73.2,2026-07-31T03:10:52.192Z
6579,1356f56c-3bd5-45d9-b715-d97f47592d6b,GF-R6-U1,"Gondola R6 Front U1",2026-07-31T03:10:51.080Z,2026-07-31T03:11:27.880Z,2026-07-31T03:10:51.080Z,2026-07-31T03:11:27.880Z,36.8,36.8,2026-07-31T03:10:51.080Z
6622,eb95af94-6661-4afa-8dcf-aede288ad091,GF-R4-U7,"Gondola R4 Front U7",2026-07-31T03:10:50.976Z,2026-07-31T03:11:44.376Z,2026-07-31T03:10:50.976Z,2026-07-31T03:11:44.376Z,53.4,53.4,2026-07-31T03:10:50.976Z
6646,d59554a0-f275-4a08-8541-cd2a72f6037b,GB-R6-U5,"Gondola R6 Back U5",2026-07-31T03:10:50.967Z,2026-07-31T03:11:58.367Z,2026-07-31T03:10:50.967Z,2026-07-31T03:11:58.367Z,67.4,67.4,2026-07-31T03:10:50.967Z
6671,d9cb67ed-d760-4d0a-b7d5-6b05c6a75796,GF-R6-U1,"Gondola R6 Front U1",2026-07-31T03:10:50.668Z,2026-07-31T03:12:10.668Z,2026-07-31T03:10:50.668Z,2026-07-31T03:12:10.668Z,80.0,80.0,2026-07-31T03:10:50.668Z
6662,8a37e9b1-d8eb-40f3-adca-42459c5b0c26,FB-01,"Footwear Bench Seat",2026-07-31T03:10:49.485Z,2026-07-31T03:12:05.285Z,2026-07-31T03:10:49.485Z,2026-07-31T03:12:05.285Z,75.8,75.8,2026-07-31T03:10:49.485Z
6603,9f0fd0a3-0b6d-4796-bb7d-a6fc00e53338,GB-R1-U5,"Gondola R1 Back U5",2026-07-31T03:10:48.847Z,2026-07-31T03:11:37.647Z,2026-07-31T03:10:48.847Z,2026-07-31T03:11:37.647Z,48.8,48.8,2026-07-31T03:10:48.847Z
6609,cadd0b90-b0a2-490b-92cf-30d16683bba3,PW-03,"West Wall Bay 3",2026-07-31T03:10:48.271Z,2026-07-31T03:11:39.671Z,2026-07-31T03:10:48.271Z,2026-07-31T03:11:39.671Z,51.4,51.4,2026-07-31T03:10:48.271Z
6597,7e718ab8-4784-480c-860a-8c2bc8c939c6,GF-R4-U3,"Gondola R4 Front U3",2026-07-31T03:10:47.953Z,2026-07-31T03:11:36.553Z,2026-07-31T03:10:47.953Z,2026-07-31T03:11:36.553Z,48.6,48.6,2026-07-31T03:10:47.953Z
6670,a6e82f16-e196-40dc-946b-1cf73909e2b5,GPS-03,"GPS Display Case 3",2026-07-31T03:10:47.657Z,2026-07-31T03:12:11.857Z,2026-07-31T03:10:47.657Z,2026-07-31T03:12:11.857Z,84.2,84.2,2026-07-31T03:10:47.657Z
6642,5df61a4f-6cae-4440-8c63-4b7c04096036,GF-R6-U4,"Gondola R6 Front U4",2026-07-31T03:10:46.953Z,2026-07-31T03:11:55.953Z,2026-07-31T03:10:46.953Z,2026-07-31T03:11:55.953Z,69.0,69.0,2026-07-31T03:10:46.953Z
6620,62691423-9441-4163-ad9f-8fc386ae4fe7,GF-R2-U2,"Gondola R2 Front U2",2026-07-31T03:10:46.590Z,2026-07-31T03:11:43.790Z,2026-07-31T03:10:46.590Z,2026-07-31T03:11:43.790Z,57.2,57.2,2026-07-31T03:10:46.590Z
6656,df2429b4-9fb2-411e-8232-e906de211ac3,GB-R3-U7,"Gondola R3 Back U7",2026-07-31T03:10:46.151Z,2026-07-31T03:12:03.951Z,2026-07-31T03:10:46.151Z,2026-07-31T03:12:03.951Z,77.8,77.8,2026-07-31T03:10:46.151Z
6587,a1da5ce4-c1c7-434f-9291-7199495c8a39,GB-R5-U5,"Gondola R5 Back U5",2026-07-31T03:10:45.924Z,2026-07-31T03:11:31.124Z,2026-07-31T03:10:45.924Z,2026-07-31T03:11:31.124Z,45.2,45.2,2026-07-31T03:10:45.924Z
6611,3b06325a-f54d-40e7-a0cf-e2ec7a659b59,GB-R4-U2,"Gondola R4 Back U2",2026-07-31T03:10:45.438Z,2026-07-31T03:11:41.438Z,2026-07-31T03:10:45.438Z,2026-07-31T03:11:41.438Z,56.0,56.0,2026-07-31T03:10:45.438Z
6567,be598e2c-f2ed-4d4e-8fc2-fc26ef3bb2dd,GB-R1-U2,"Gondola R1 Back U2",2026-07-31T03:10:45.347Z,2026-07-31T03:11:20.147Z,2026-07-31T03:10:45.347Z,2026-07-31T03:11:20.147Z,34.8,34.8,2026-07-31T03:10:45.347Z
6645,129eaa80-f2b9-4d47-b64d-0541b2aa0215,PE-03,"East Wall Bay 3",2026-07-31T03:10:45.327Z,2026-07-31T03:11:58.727Z,2026-07-31T03:10:45.327Z,2026-07-31T03:11:58.727Z,73.4,73.4,2026-07-31T03:10:45.327Z
6626,7f266dbe-fe6d-45bc-b6ff-5e1620337d89,FB-01,"Footwear Bench Seat",2026-07-31T03:10:44.650Z,2026-07-31T03:11:48.650Z,2026-07-31T03:10:44.650Z,2026-07-31T03:11:48.650Z,64.0,64.0,2026-07-31T03:10:44.650Z
6629,172259bf-a9dd-4a94-9538-dbd2bc2d347d,RR-02,"Apparel Round Rack 2",2026-07-31T03:10:42.526Z,2026-07-31T03:11:49.126Z,2026-07-31T03:10:42.526Z,2026-07-31T03:11:49.126Z,66.6,66.6,2026-07-31T03:10:42.526Z
6647,71c3502d-646f-4257-98c9-a39b50ee409b,GB-R4-U3,"Gondola R4 Back U3",2026-07-31T03:10:42.202Z,2026-07-31T03:11:59.202Z,2026-07-31T03:10:42.202Z,2026-07-31T03:11:59.202Z,77.0,77.0,2026-07-31T03:10:42.202Z
6661,a7889305-a303-43de-abfb-b7030dbdd80b,GPS-02,"GPS Display Case 2",2026-07-31T03:10:42.004Z,2026-07-31T03:12:06.804Z,2026-07-31T03:10:42.004Z,2026-07-31T03:12:06.804Z,84.8,84.8,2026-07-31T03:10:42.004Z
6546,8df64137-bbf5-4b9c-89c3-ec9b0fff10e6,GB-R2-U7,"Gondola R2 Back U7",2026-07-31T03:10:41.711Z,2026-07-31T03:11:12.711Z,2026-07-31T03:10:41.711Z,2026-07-31T03:11:12.711Z,31.0,31.0,2026-07-31T03:10:41.711Z
6640,7e88ab32-44ee-434b-b1bc-3ed0d6269aab,GF-R6-U6,"Gondola R6 Front U6",2026-07-31T03:10:41.578Z,2026-07-31T03:11:55.578Z,2026-07-31T03:10:41.578Z,2026-07-31T03:11:55.578Z,74.0,74.0,2026-07-31T03:10:41.578Z
6639,2d4c32b5-a45e-4e05-b310-aa95addb6115,GB-R5-U1,"Gondola R5 Back U1",2026-07-31T03:10:41.426Z,2026-07-31T03:11:54.626Z,2026-07-31T03:10:41.426Z,2026-07-31T03:11:54.626Z,73.2,73.2,2026-07-31T03:10:41.426Z
6569,61af50d7-5aea-44ee-9118-14756eeef82c,GB-R1-U4,"Gondola R1 Back U4",2026-07-31T03:10:41.409Z,2026-07-31T03:11:24.409Z,2026-07-31T03:10:41.409Z,2026-07-31T03:11:24.409Z,43.0,43.0,2026-07-31T03:10:41.409Z
6643,0efee6f5-69a7-4321-9ac1-3a40205c40ee,FB-01,"Footwear Bench Seat",2026-07-31T03:10:41.357Z,2026-07-31T03:11:57.557Z,2026-07-31T03:10:41.357Z,2026-07-31T03:11:57.557Z,76.2,76.2,2026-07-31T03:10:41.357Z
6564,7d49f45e-9dbe-4a31-bb8e-0ba62d804edc,GB-R5-U2,"Gondola R5 Back U2",2026-07-31T03:10:41.038Z,2026-07-31T03:11:19.238Z,2026-07-31T03:10:41.038Z,2026-07-31T03:11:19.238Z,38.2,38.2,2026-07-31T03:10:41.038Z
6565,07982474-1c71-41ef-ab13-3483a269aa9c,GB-R3-U6,"Gondola R3 Back U6",2026-07-31T03:10:40.218Z,2026-07-31T03:11:18.418Z,2026-07-31T03:10:40.218Z,2026-07-31T03:11:18.418Z,38.2,38.2,2026-07-31T03:10:40.218Z
6630,587df34f-118c-46bc-bdf1-73dfcc05164e,GB-R3-U7,"Gondola R3 Back U7",2026-07-31T03:10:38.556Z,2026-07-31T03:11:51.556Z,2026-07-31T03:10:38.556Z,2026-07-31T03:11:51.556Z,73.0,73.0,2026-07-31T03:10:38.556Z
6663,9a595fbd-5468-47bf-a30e-15b95ae6b5f2,GB-R2-U6,"Gondola R2 Back U6",2026-07-31T03:10:37.646Z,2026-07-31T03:12:06.046Z,2026-07-31T03:10:37.646Z,2026-07-31T03:12:06.046Z,88.4,88.4,2026-07-31T03:10:37.646Z
6560,3ab3b41d-c03b-4f58-8b33-3359320bcd20,GF-R1-U3,"Gondola R1 Front U3",2026-07-31T03:10:36.424Z,2026-07-31T03:11:18.624Z,2026-07-31T03:10:36.424Z,2026-07-31T03:11:18.624Z,42.2,42.2,2026-07-31T03:10:36.424Z
6617,ba7ec933-338f-4338-8b8a-6f9514af4e29,GF-R6-U2,"Gondola R6 Front U2",2026-07-31T03:10:35.800Z,2026-07-31T03:11:40.400Z,2026-07-31T03:10:35.800Z,2026-07-31T03:11:40.400Z,64.6,64.6,2026-07-31T03:10:35.800Z
6596,dc9516b5-af7b-40e4-8bff-69c934e22955,GB-R3-U1,"Gondola R3 Back U1",2026-07-31T03:10:35.591Z,2026-07-31T03:11:36.791Z,2026-07-31T03:10:35.591Z,2026-07-31T03:11:36.791Z,61.2,61.2,2026-07-31T03:10:35.591Z
6636,c72a0e1b-7a58-4c1c-ab04-5d235100e623,PE-06,"East Wall Bay 6",2026-07-31T03:10:35.128Z,2026-07-31T03:11:54.328Z,2026-07-31T03:10:35.128Z,2026-07-31T03:11:54.328Z,79.2,79.2,2026-07-31T03:10:35.128Z
6615,9b228ed2-cea1-451c-89f2-913d36d248a2,PI-01,"Promo Island 1",2026-07-31T03:10:34.523Z,2026-07-31T03:11:42.323Z,2026-07-31T03:10:34.523Z,2026-07-31T03:11:42.323Z,67.8,67.8,2026-07-31T03:10:34.523Z
6599,c27465fe-8c1d-4c56-85f1-c326deab4933,GPS-03,"GPS Display Case 3",2026-07-31T03:10:33.529Z,2026-07-31T03:11:36.529Z,2026-07-31T03:10:33.529Z,2026-07-31T03:11:36.529Z,63.0,63.0,2026-07-31T03:10:33.529Z
6584,1b8c0f7d-66c3-41d2-8d39-194713be1347,GB-R5-U2,"Gondola R5 Back U2",2026-07-31T03:10:33.382Z,2026-07-31T03:11:30.182Z,2026-07-31T03:10:33.382Z,2026-07-31T03:11:30.182Z,56.8,56.8,2026-07-31T03:10:33.382Z
6605,7f527da0-0296-440a-847e-78bd67eaadf0,PE-06,"East Wall Bay 6",2026-07-31T03:10:33.248Z,2026-07-31T03:11:37.848Z,2026-07-31T03:10:33.248Z,2026-07-31T03:11:37.848Z,64.6,64.6,2026-07-31T03:10:33.248Z
6613,0b5b66cb-4386-4e44-ac16-c55e87c8f82b,GF-R2-U4,"Gondola R2 Front U4",2026-07-31T03:10:32.349Z,2026-07-31T03:11:41.349Z,2026-07-31T03:10:32.349Z,2026-07-31T03:11:41.349Z,69.0,69.0,2026-07-31T03:10:32.349Z
6588,011f7b54-c4f3-4817-b639-13a67ac1d6a3,GF-R6-U7,"Gondola R6 Front U7",2026-07-31T03:10:32.235Z,2026-07-31T03:11:32.235Z,2026-07-31T03:10:32.235Z,2026-07-31T03:11:32.235Z,60.0,60.0,2026-07-31T03:10:32.235Z
6627,91fcc283-6501-42d2-980f-e60df04f4fb7,PW-01,"West Wall Bay 1",2026-07-31T03:10:32.225Z,2026-07-31T03:11:46.825Z,2026-07-31T03:10:32.225Z,2026-07-31T03:11:46.825Z,74.6,74.6,2026-07-31T03:10:32.225Z
6621,924b47a7-0629-4d0e-978b-8601ee6d8f02,PW-06,"West Wall Bay 6",2026-07-31T03:10:31.881Z,2026-07-31T03:11:44.081Z,2026-07-31T03:10:31.881Z,2026-07-31T03:11:44.081Z,72.2,72.2,2026-07-31T03:10:31.881Z
6618,9ee67ade-8a80-4efc-acd4-80d3c5ff9604,GB-R6-U7,"Gondola R6 Back U7",2026-07-31T03:10:31.857Z,2026-07-31T03:11:43.657Z,2026-07-31T03:10:31.857Z,2026-07-31T03:11:43.657Z,71.8,71.8,2026-07-31T03:10:31.857Z
6574,3e6a918b-1730-4f66-bbd4-9f66c6470522,GB-R5-U5,"Gondola R5 Back U5",2026-07-31T03:10:31.640Z,2026-07-31T03:11:26.040Z,2026-07-31T03:10:31.640Z,2026-07-31T03:11:26.040Z,54.4,54.4,2026-07-31T03:10:31.640Z
6638,b6b77280-c010-4792-91da-a1f3f339742e,GB-R2-U6,"Gondola R2 Back U6",2026-07-31T03:10:31.411Z,2026-07-31T03:11:51.811Z,2026-07-31T03:10:31.411Z,2026-07-31T03:11:51.811Z,80.4,80.4,2026-07-31T03:10:31.411Z
6526,61dca4c2-28b3-47ed-9eaf-c690ed4444a2,GF-R2-U3,"Gondola R2 Front U3",2026-07-31T03:10:31.090Z,2026-07-31T03:11:01.090Z,2026-07-31T03:10:31.090Z,2026-07-31T03:11:01.090Z,30.0,30.0,2026-07-31T03:10:31.090Z
6554,80cdc0a3-3bb7-4686-9442-3ec2c1f08031,GB-R6-U7,"Gondola R6 Back U7",2026-07-31T03:10:30.134Z,2026-07-31T03:11:14.734Z,2026-07-31T03:10:30.134Z,2026-07-31T03:11:14.734Z,44.6,44.6,2026-07-31T03:10:30.134Z
6585,6d4e241a-911a-4c57-92a7-045a40a5e6b1,ACC-01,"Accessories Bay 1",2026-07-31T03:10:29.848Z,2026-07-31T03:11:28.848Z,2026-07-31T03:10:29.848Z,2026-07-31T03:11:28.848Z,59.0,59.0,2026-07-31T03:10:29.848Z
6536,066f2826-b443-4d32-ba3c-967962271da3,GPS-01,"GPS Display Case 1",2026-07-31T03:10:29.448Z,2026-07-31T03:11:05.648Z,2026-07-31T03:10:29.448Z,2026-07-31T03:11:05.648Z,36.2,36.2,2026-07-31T03:10:29.448Z
6538,acd53e3b-d41b-491c-9fba-217328330f41,GF-R1-U4,"Gondola R1 Front U4",2026-07-31T03:10:29.245Z,2026-07-31T03:11:07.045Z,2026-07-31T03:10:29.245Z,2026-07-31T03:11:07.045Z,37.8,37.8,2026-07-31T03:10:29.245Z
6537,81d89be5-d7c6-4d52-9727-7ad6ed1d8bb2,PE-04,"East Wall Bay 4",2026-07-31T03:10:29.090Z,2026-07-31T03:11:04.890Z,2026-07-31T03:10:29.090Z,2026-07-31T03:11:04.890Z,35.8,35.8,2026-07-31T03:10:29.090Z
6635,47960b65-8c2a-4888-9da3-1611dc8a9556,GB-R1-U5,"Gondola R1 Back U5",2026-07-31T03:10:28.235Z,2026-07-31T03:11:52.235Z,2026-07-31T03:10:28.235Z,2026-07-31T03:11:52.235Z,84.0,84.0,2026-07-31T03:10:28.235Z
6606,2fabe3e5-8700-41da-9368-262c26715cd0,GPS-02,"GPS Display Case 2",2026-07-31T03:10:28.118Z,2026-07-31T03:11:35.918Z,2026-07-31T03:10:28.118Z,2026-07-31T03:11:35.918Z,67.8,67.8,2026-07-31T03:10:28.118Z
6619,7960f32c-4ada-4cb6-8de4-21e26fa07110,GB-R4-U6,"Gondola R4 Back U6",2026-07-31T03:10:28.023Z,2026-07-31T03:11:42.223Z,2026-07-31T03:10:28.023Z,2026-07-31T03:11:42.223Z,74.2,74.2,2026-07-31T03:10:28.023Z
6544,82c8303b-89bc-4d0b-bac6-93ca8aa39e25,GF-R6-U4,"Gondola R6 Front U4",2026-07-31T03:10:27.353Z,2026-07-31T03:11:11.153Z,2026-07-31T03:10:27.353Z,2026-07-31T03:11:11.153Z,43.8,43.8,2026-07-31T03:10:27.353Z
6589,ec7da4a9-02ee-4ea5-ad8d-e027b33ad5ba,GF-R5-U1,"Gondola R5 Front U1",2026-07-31T03:10:26.721Z,2026-07-31T03:11:32.121Z,2026-07-31T03:10:26.721Z,2026-07-31T03:11:32.121Z,65.4,65.4,2026-07-31T03:10:26.721Z
6614,e1ba93af-ba52-437f-9014-90c0a7d3e57d,GB-R6-U7,"Gondola R6 Back U7",2026-07-31T03:10:26.668Z,2026-07-31T03:11:40.468Z,2026-07-31T03:10:26.668Z,2026-07-31T03:11:40.468Z,73.8,73.8,2026-07-31T03:10:26.668Z
6545,20c1dd98-e3ae-40e3-b180-0357984886da,GF-R6-U6,"Gondola R6 Front U6",2026-07-31T03:10:26.637Z,2026-07-31T03:11:08.637Z,2026-07-31T03:10:26.637Z,2026-07-31T03:11:08.637Z,42.0,42.0,2026-07-31T03:10:26.637Z
6547,77f87946-db4d-41bc-8a6a-89f57440f5f2,GB-R5-U3,"Gondola R5 Back U3",2026-07-31T03:10:26.601Z,2026-07-31T03:11:12.001Z,2026-07-31T03:10:26.601Z,2026-07-31T03:11:12.001Z,45.4,45.4,2026-07-31T03:10:26.601Z
6561,ed4f2938-fc4e-4e53-9864-0f52d1744aa9,GF-R3-U4,"Gondola R3 Front U4",2026-07-31T03:10:26.523Z,2026-07-31T03:11:18.123Z,2026-07-31T03:10:26.523Z,2026-07-31T03:11:18.123Z,51.6,51.6,2026-07-31T03:10:26.523Z
6586,705afdf0-4a89-46a2-a7d7-cd2718ebfd55,GB-R5-U4,"Gondola R5 Back U4",2026-07-31T03:10:26.102Z,2026-07-31T03:11:31.902Z,2026-07-31T03:10:26.102Z,2026-07-31T03:11:31.902Z,65.8,65.8,2026-07-31T03:10:26.102Z
6592,ff864637-eccf-465f-b9d8-ba31a8132450,GB-R6-U1,"Gondola R6 Back U1",2026-07-31T03:10:25.372Z,2026-07-31T03:11:32.772Z,2026-07-31T03:10:25.372Z,2026-07-31T03:11:32.772Z,67.4,67.4,2026-07-31T03:10:25.372Z
6576,ac41dce4-3f9f-423a-a8de-946a5c0902b6,GB-R2-U3,"Gondola R2 Back U3",2026-07-31T03:10:25.174Z,2026-07-31T03:11:25.974Z,2026-07-31T03:10:25.174Z,2026-07-31T03:11:25.974Z,60.8,60.8,2026-07-31T03:10:25.174Z
6634,12ef5e49-ecf6-4421-bf68-e3b0c9777f3e,PW-06,"West Wall Bay 6",2026-07-31T03:10:25.024Z,2026-07-31T03:11:53.024Z,2026-07-31T03:10:25.024Z,2026-07-31T03:11:53.024Z,88.0,88.0,2026-07-31T03:10:25.024Z
6610,f3c4369a-394d-4670-ac10-90c397def0f3,GB-R5-U5,"Gondola R5 Back U5",2026-07-31T03:10:24.792Z,2026-07-31T03:11:39.992Z,2026-07-31T03:10:24.792Z,2026-07-31T03:11:39.992Z,75.2,75.2,2026-07-31T03:10:24.792Z
6590,3cb05398-c750-4b1c-b844-8ab5d6220f93,PE-01,"East Wall Bay 1",2026-07-31T03:10:24.644Z,2026-07-31T03:11:33.244Z,2026-07-31T03:10:24.644Z,2026-07-31T03:11:33.244Z,68.6,68.6,2026-07-31T03:10:24.644Z
6601,b36b5273-8ec0-4b2d-bbc1-790f0385a92a,GB-R4-U2,"Gondola R4 Back U2",2026-07-31T03:10:24.124Z,2026-07-31T03:11:35.924Z,2026-07-31T03:10:24.124Z,2026-07-31T03:11:35.924Z,71.8,71.8,2026-07-31T03:10:24.124Z
6527,2f14edee-eef0-4e37-880d-c3ea5472f880,GB-R1-U7,"Gondola R1 Back U7",2026-07-31T03:10:24.046Z,2026-07-31T03:10:57.046Z,2026-07-31T03:10:24.046Z,2026-07-31T03:10:57.046Z,33.0,33.0,2026-07-31T03:10:24.046Z
6593,f39d10f3-9991-4510-a04e-ceb6c9103c78,PW-02,"West Wall Bay 2",2026-07-31T03:10:23.591Z,2026-07-31T03:11:32.991Z,2026-07-31T03:10:23.591Z,2026-07-31T03:11:32.991Z,69.4,69.4,2026-07-31T03:10:23.591Z
6524,71d22569-7910-48bb-b0fa-00685fd52970,GF-R4-U6,"Gondola R4 Front U6",2026-07-31T03:10:22.852Z,2026-07-31T03:10:55.252Z,2026-07-31T03:10:22.852Z,2026-07-31T03:10:55.252Z,32.4,32.4,2026-07-31T03:10:22.852Z
6522,c06daaa8-5e15-4522-b86a-64fac3b75cdf,GB-R3-U4,"Gondola R3 Back U4",2026-07-31T03:10:22.660Z,2026-07-31T03:10:58.260Z,2026-07-31T03:10:22.660Z,2026-07-31T03:10:58.260Z,35.6,35.6,2026-07-31T03:10:22.660Z
6551,c2e4b957-025a-4373-9769-54b952acecce,GPS-06,"GPS Display Case 6",2026-07-31T03:10:22.325Z,2026-07-31T03:11:12.925Z,2026-07-31T03:10:22.325Z,2026-07-31T03:11:12.925Z,50.6,50.6,2026-07-31T03:10:22.325Z
6550,3d0c7f02-63a0-4dfa-a976-bc526eb822ae,GB-R2-U6,"Gondola R2 Back U6",2026-07-31T03:10:21.536Z,2026-07-31T03:11:14.936Z,2026-07-31T03:10:21.536Z,2026-07-31T03:11:14.936Z,53.4,53.4,2026-07-31T03:10:21.536Z
6477,c72a0e1b-7a58-4c1c-ab04-5d235100e623,ACC-01,"Accessories Bay 1",2026-07-31T03:10:21.527Z,2026-07-31T03:10:34.127Z,2026-07-31T03:10:21.527Z,2026-07-31T03:10:34.127Z,12.6,12.6,2026-07-31T03:10:21.527Z
6548,4f8bfe92-b177-4ea7-949c-5395fd404db9,GF-R6-U5,"Gondola R6 Front U5",2026-07-31T03:10:20.601Z,2026-07-31T03:11:13.801Z,2026-07-31T03:10:20.601Z,2026-07-31T03:11:13.801Z,53.2,53.2,2026-07-31T03:10:20.601Z
6511,e2f850b2-c500-474d-a5ba-80f8d5d16566,GB-R4-U7,"Gondola R4 Back U7",2026-07-31T03:10:20.591Z,2026-07-31T03:10:51.191Z,2026-07-31T03:10:20.591Z,2026-07-31T03:10:51.191Z,30.6,30.6,2026-07-31T03:10:20.591Z
6570,dc860061-11d5-4b14-b73d-b142004f5fa2,GF-R1-U6,"Gondola R1 Front U6",2026-07-31T03:10:20.571Z,2026-07-31T03:11:23.771Z,2026-07-31T03:10:20.571Z,2026-07-31T03:11:23.771Z,63.2,63.2,2026-07-31T03:10:20.571Z
6566,5770160d-3072-4202-8202-2504aeb973d5,GPS-02,"GPS Display Case 2",2026-07-31T03:10:19.651Z,2026-07-31T03:11:21.451Z,2026-07-31T03:10:19.651Z,2026-07-31T03:11:21.451Z,61.8,61.8,2026-07-31T03:10:19.651Z
6598,e1b8e504-22fe-418c-837d-f2d41382ec6f,GPS-04,"GPS Display Case 4",2026-07-31T03:10:19.368Z,2026-07-31T03:11:32.768Z,2026-07-31T03:10:19.368Z,2026-07-31T03:11:32.768Z,73.4,73.4,2026-07-31T03:10:19.368Z
6553,afc6c2fb-37aa-4231-b08f-dc392a91928b,FB-01,"Footwear Bench Seat",2026-07-31T03:10:19.300Z,2026-07-31T03:11:15.300Z,2026-07-31T03:10:19.300Z,2026-07-31T03:11:15.300Z,56.0,56.0,2026-07-31T03:10:19.300Z
6540,60cab3cc-bbd5-4078-a905-ee86d3a1a5fd,PE-05,"East Wall Bay 5",2026-07-31T03:10:18.856Z,2026-07-31T03:11:05.656Z,2026-07-31T03:10:18.856Z,2026-07-31T03:11:05.656Z,46.8,46.8,2026-07-31T03:10:18.856Z
6559,920a119d-4d16-4576-ae87-02d3c7287a1d,GF-R6-U4,"Gondola R6 Front U4",2026-07-31T03:10:18.702Z,2026-07-31T03:11:17.702Z,2026-07-31T03:10:18.702Z,2026-07-31T03:11:17.702Z,59.0,59.0,2026-07-31T03:10:18.702Z
6507,d9cb67ed-d760-4d0a-b7d5-6b05c6a75796,GF-R6-U3,"Gondola R6 Front U3",2026-07-31T03:10:18.467Z,2026-07-31T03:10:49.667Z,2026-07-31T03:10:18.467Z,2026-07-31T03:10:49.667Z,31.2,31.2,2026-07-31T03:10:18.467Z
6543,d6e7868f-0208-4cc6-8aa8-4b1003ae4240,GB-R1-U6,"Gondola R1 Back U6",2026-07-31T03:10:18.300Z,2026-07-31T03:11:06.500Z,2026-07-31T03:10:18.300Z,2026-07-31T03:11:06.500Z,48.2,48.2,2026-07-31T03:10:18.300Z
6575,062e0b5a-ebea-49a8-ac70-e894b93d6b17,GB-R1-U3,"Gondola R1 Back U3",2026-07-31T03:10:18.118Z,2026-07-31T03:11:27.318Z,2026-07-31T03:10:18.118Z,2026-07-31T03:11:27.318Z,69.2,69.2,2026-07-31T03:10:18.118Z
6558,b501d721-61c2-473d-88a1-49e9c8bc8953,GB-R6-U4,"Gondola R6 Back U4",2026-07-31T03:10:16.726Z,2026-07-31T03:11:15.126Z,2026-07-31T03:10:16.726Z,2026-07-31T03:11:15.126Z,58.4,58.4,2026-07-31T03:10:16.726Z
6571,cb9bb6ce-80ca-41cd-aaca-de03e60acea6,GF-R4-U2,"Gondola R4 Front U2",2026-07-31T03:10:15.523Z,2026-07-31T03:11:24.723Z,2026-07-31T03:10:15.523Z,2026-07-31T03:11:24.723Z,69.2,69.2,2026-07-31T03:10:15.523Z
6568,f845413a-456e-4042-8cb5-3c451c6c4021,GB-R6-U2,"Gondola R6 Back U2",2026-07-31T03:10:15.324Z,2026-07-31T03:11:22.324Z,2026-07-31T03:10:15.324Z,2026-07-31T03:11:22.324Z,67.0,67.0,2026-07-31T03:10:15.324Z
6521,05d46f6d-bc21-4195-a3b8-8691a887bcc1,PE-01,"East Wall Bay 1",2026-07-31T03:10:15.125Z,2026-07-31T03:10:54.525Z,2026-07-31T03:10:15.125Z,2026-07-31T03:10:54.525Z,39.4,39.4,2026-07-31T03:10:15.125Z
6572,30f2929d-bfb0-4bb6-9d5e-39e4a25e3803,GF-R3-U6,"Gondola R3 Front U6",2026-07-31T03:10:15.023Z,2026-07-31T03:11:21.623Z,2026-07-31T03:10:15.023Z,2026-07-31T03:11:21.623Z,66.6,66.6,2026-07-31T03:10:15.023Z
6580,07e8cdbe-5d4d-4274-8ced-91e2899a4461,GB-R2-U1,"Gondola R2 Back U1",2026-07-31T03:10:14.634Z,2026-07-31T03:11:27.434Z,2026-07-31T03:10:14.634Z,2026-07-31T03:11:27.434Z,72.8,72.8,2026-07-31T03:10:14.634Z
6578,b7e17a9c-6af1-4422-932e-c14fd1aaf53a,PE-03,"East Wall Bay 3",2026-07-31T03:10:13.980Z,2026-07-31T03:11:25.980Z,2026-07-31T03:10:13.980Z,2026-07-31T03:11:25.980Z,72.0,72.0,2026-07-31T03:10:13.980Z
6563,d420530f-70a2-4604-8e2c-f867da1aa7bd,GF-R6-U1,"Gondola R6 Front U1",2026-07-31T03:10:13.906Z,2026-07-31T03:11:17.906Z,2026-07-31T03:10:13.906Z,2026-07-31T03:11:17.906Z,64.0,64.0,2026-07-31T03:10:13.906Z
6528,376163d1-b66e-43ed-9947-5c2c0ab87b18,PI-01,"Promo Island 1",2026-07-31T03:10:13.524Z,2026-07-31T03:11:02.124Z,2026-07-31T03:10:13.524Z,2026-07-31T03:11:02.124Z,48.6,48.6,2026-07-31T03:10:13.524Z
6581,d85cf848-3021-4741-98bd-3808fbc0cce0,GF-R5-U4,"Gondola R5 Front U4",2026-07-31T03:10:12.657Z,2026-07-31T03:11:29.457Z,2026-07-31T03:10:12.657Z,2026-07-31T03:11:29.457Z,76.8,76.8,2026-07-31T03:10:12.657Z
6523,a9a9e6cc-3e6d-4b75-b7e5-fc3579ce84d3,GB-R2-U1,"Gondola R2 Back U1",2026-07-31T03:10:11.946Z,2026-07-31T03:10:59.746Z,2026-07-31T03:10:11.946Z,2026-07-31T03:10:59.746Z,47.8,47.8,2026-07-31T03:10:11.946Z
6514,ecac1c34-2840-4380-b758-8d91a5e5bd82,GF-R3-U6,"Gondola R3 Front U6",2026-07-31T03:10:11.917Z,2026-07-31T03:10:52.917Z,2026-07-31T03:10:11.917Z,2026-07-31T03:10:52.917Z,41.0,41.0,2026-07-31T03:10:11.917Z
6510,d9d389b6-ec18-4255-b9cd-c104524ffd81,GB-R6-U4,"Gondola R6 Back U4",2026-07-31T03:10:11.189Z,2026-07-31T03:10:51.389Z,2026-07-31T03:10:11.189Z,2026-07-31T03:10:51.389Z,40.2,40.2,2026-07-31T03:10:11.189Z
6534,df8ac53f-a409-432f-81fb-4a76ec3df76e,GB-R6-U1,"Gondola R6 Back U1",2026-07-31T03:10:10.561Z,2026-07-31T03:11:01.161Z,2026-07-31T03:10:10.561Z,2026-07-31T03:11:01.161Z,50.6,50.6,2026-07-31T03:10:10.561Z
6504,a6e82f16-e196-40dc-946b-1cf73909e2b5,GB-R2-U2,"Gondola R2 Back U2",2026-07-31T03:10:09.856Z,2026-07-31T03:10:46.656Z,2026-07-31T03:10:09.856Z,2026-07-31T03:10:46.656Z,36.8,36.8,2026-07-31T03:10:09.856Z
6541,6678c5da-cfe6-4936-9308-f907e115d766,GB-R3-U3,"Gondola R3 Back U3",2026-07-31T03:10:09.530Z,2026-07-31T03:11:08.730Z,2026-07-31T03:10:09.530Z,2026-07-31T03:11:08.730Z,59.2,59.2,2026-07-31T03:10:09.530Z
6595,daf7bbda-2ff0-4ec9-982b-33f2245f7713,GB-R5-U1,"Gondola R5 Back U1",2026-07-31T03:10:08.334Z,2026-07-31T03:11:36.734Z,2026-07-31T03:10:08.334Z,2026-07-31T03:11:36.734Z,88.4,88.4,2026-07-31T03:10:08.334Z
6484,c416fe79-5c5a-4ee6-b30b-48511254abe9,PI-01,"Promo Island 1",2026-07-31T03:10:08.220Z,2026-07-31T03:10:39.820Z,2026-07-31T03:10:08.220Z,2026-07-31T03:10:39.820Z,31.6,31.6,2026-07-31T03:10:08.220Z
6491,a7889305-a303-43de-abfb-b7030dbdd80b,GPS-04,"GPS Display Case 4",2026-07-31T03:10:08.203Z,2026-07-31T03:10:41.003Z,2026-07-31T03:10:08.203Z,2026-07-31T03:10:41.003Z,32.8,32.8,2026-07-31T03:10:08.203Z
6520,b1f7b0d5-a473-43c2-9e69-03461548ebfc,GF-R1-U1,"Gondola R1 Front U1",2026-07-31T03:10:08.184Z,2026-07-31T03:10:55.184Z,2026-07-31T03:10:08.184Z,2026-07-31T03:10:55.184Z,47.0,47.0,2026-07-31T03:10:08.184Z
6539,1fb99dc3-662d-4ccf-bf98-88223b68cbe7,GF-R6-U4,"Gondola R6 Front U4",2026-07-31T03:10:08.003Z,2026-07-31T03:11:07.003Z,2026-07-31T03:10:08.003Z,2026-07-31T03:11:07.003Z,59.0,59.0,2026-07-31T03:10:08.003Z
6513,38d7f4e0-f3f8-4e9a-9903-fa655475e02d,GB-R6-U5,"Gondola R6 Back U5",2026-07-31T03:10:07.856Z,2026-07-31T03:10:51.656Z,2026-07-31T03:10:07.856Z,2026-07-31T03:10:51.656Z,43.8,43.8,2026-07-31T03:10:07.856Z
6582,76320e7b-c573-40c3-bdcd-4c4b30a57c4c,GB-R6-U4,"Gondola R6 Back U4",2026-07-31T03:10:07.523Z,2026-07-31T03:11:30.123Z,2026-07-31T03:10:07.523Z,2026-07-31T03:11:30.123Z,82.6,82.6,2026-07-31T03:10:07.523Z
6518,81cf4469-662d-4fab-a0d9-1ea39090ba4c,GB-R3-U7,"Gondola R3 Back U7",2026-07-31T03:10:06.772Z,2026-07-31T03:10:52.172Z,2026-07-31T03:10:06.772Z,2026-07-31T03:10:52.172Z,45.4,45.4,2026-07-31T03:10:06.772Z
6476,61af50d7-5aea-44ee-9118-14756eeef82c,PE-02,"East Wall Bay 2",2026-07-31T03:10:06.549Z,2026-07-31T03:10:37.549Z,2026-07-31T03:10:06.549Z,2026-07-31T03:10:37.549Z,31.0,31.0,2026-07-31T03:10:06.549Z
6583,80f2632d-b199-4bab-9663-b6f6bb4d19c9,GB-R1-U6,"Gondola R1 Back U6",2026-07-31T03:10:06.450Z,2026-07-31T03:11:29.850Z,2026-07-31T03:10:06.450Z,2026-07-31T03:11:29.850Z,83.4,83.4,2026-07-31T03:10:06.450Z
6503,62691423-9441-4163-ad9f-8fc386ae4fe7,PW-05,"West Wall Bay 5",2026-07-31T03:10:06.389Z,2026-07-31T03:10:45.589Z,2026-07-31T03:10:06.389Z,2026-07-31T03:10:45.589Z,39.2,39.2,2026-07-31T03:10:06.389Z
6562,583bf92c-eea8-43c9-b060-7494ac13d421,GB-R1-U4,"Gondola R1 Back U4",2026-07-31T03:10:06.137Z,2026-07-31T03:11:17.737Z,2026-07-31T03:10:06.137Z,2026-07-31T03:11:17.737Z,71.6,71.6,2026-07-31T03:10:06.137Z
6508,e9241d5d-5b2b-42de-890b-6dd786dcb7d7,GB-R2-U2,"Gondola R2 Back U2",2026-07-31T03:10:05.233Z,2026-07-31T03:10:51.433Z,2026-07-31T03:10:05.233Z,2026-07-31T03:10:51.433Z,46.2,46.2,2026-07-31T03:10:05.233Z
6480,bb4e8990-4722-4948-89b0-1271520a7bd2,GF-R2-U1,"Gondola R2 Front U1",2026-07-31T03:10:04.655Z,2026-07-31T03:10:39.055Z,2026-07-31T03:10:04.655Z,2026-07-31T03:10:39.055Z,34.4,34.4,2026-07-31T03:10:04.655Z
6479,587df34f-118c-46bc-bdf1-73dfcc05164e,GB-R3-U2,"Gondola R3 Back U2",2026-07-31T03:10:04.355Z,2026-07-31T03:10:37.555Z,2026-07-31T03:10:04.355Z,2026-07-31T03:10:37.555Z,33.2,33.2,2026-07-31T03:10:04.355Z
6533,b64c178f-4392-462b-91e8-f97208990726,GF-R1-U6,"Gondola R1 Front U6",2026-07-31T03:10:03.719Z,2026-07-31T03:11:04.319Z,2026-07-31T03:10:03.719Z,2026-07-31T03:11:04.319Z,60.6,60.6,2026-07-31T03:10:03.719Z
6497,7f266dbe-fe6d-45bc-b6ff-5e1620337d89,FB-01,"Footwear Bench Seat",2026-07-31T03:10:03.049Z,2026-07-31T03:10:43.649Z,2026-07-31T03:10:03.049Z,2026-07-31T03:10:43.649Z,40.6,40.6,2026-07-31T03:10:03.049Z
6496,7e718ab8-4784-480c-860a-8c2bc8c939c6,GF-R2-U3,"Gondola R2 Front U3",2026-07-31T03:10:03.048Z,2026-07-31T03:10:40.448Z,2026-07-31T03:10:03.048Z,2026-07-31T03:10:40.448Z,37.4,37.4,2026-07-31T03:10:03.048Z
6470,3ab3b41d-c03b-4f58-8b33-3359320bcd20,GB-R3-U4,"Gondola R3 Back U4",2026-07-31T03:10:02.023Z,2026-07-31T03:10:35.423Z,2026-07-31T03:10:02.023Z,2026-07-31T03:10:35.423Z,33.4,33.4,2026-07-31T03:10:02.023Z
6483,07982474-1c71-41ef-ab13-3483a269aa9c,GF-R6-U7,"Gondola R6 Front U7",2026-07-31T03:10:01.817Z,2026-07-31T03:10:39.217Z,2026-07-31T03:10:01.817Z,2026-07-31T03:10:39.217Z,37.4,37.4,2026-07-31T03:10:01.817Z
6531,7e50da82-e090-4855-a993-92798eb07427,GB-R6-U6,"Gondola R6 Back U6",2026-07-31T03:10:01.569Z,2026-07-31T03:11:00.969Z,2026-07-31T03:10:01.569Z,2026-07-31T03:11:00.969Z,59.4,59.4,2026-07-31T03:10:01.569Z
6557,bb115d1c-169c-4478-b3e3-b6388b98b216,GF-R6-U1,"Gondola R6 Front U1",2026-07-31T03:10:00.801Z,2026-07-31T03:11:17.401Z,2026-07-31T03:10:00.801Z,2026-07-31T03:11:17.401Z,76.6,76.6,2026-07-31T03:10:00.801Z
6889,2d6395f4-556d-42a8-85a5-c870dc103ed3,GF-R2-U6,"Gondola R2 Front U6",2026-07-31T03:10:00.779Z,2026-07-31T03:11:15.179Z,2026-07-31T03:10:00.779Z,2026-07-31T03:11:15.179Z,74.4,74.4,2026-07-31T03:10:00.779Z
6505,9f0fd0a3-0b6d-4796-bb7d-a6fc00e53338,GF-R3-U7,"Gondola R3 Front U7",2026-07-31T03:10:00.446Z,2026-07-31T03:10:47.846Z,2026-07-31T03:10:00.446Z,2026-07-31T03:10:47.846Z,47.4,47.4,2026-07-31T03:10:00.446Z
6821,cadd0b90-b0a2-490b-92cf-30d16683bba3,PE-03,"East Wall Bay 3",2026-07-31T03:09:59.870Z,2026-07-31T03:10:47.270Z,2026-07-31T03:09:59.870Z,2026-07-31T03:10:47.270Z,47.4,47.4,2026-07-31T03:09:59.870Z
6555,47f3e7b5-27f6-4b5f-a74d-d8d2eb37a852,GB-R6-U4,"Gondola R6 Back U4",2026-07-31T03:09:59.523Z,2026-07-31T03:11:15.923Z,2026-07-31T03:09:59.523Z,2026-07-31T03:11:15.923Z,76.4,76.4,2026-07-31T03:09:59.523Z
6532,376e3887-a42c-4bd6-991c-b6330356b6b4,GF-R1-U2,"Gondola R1 Front U2",2026-07-31T03:09:58.637Z,2026-07-31T03:11:05.037Z,2026-07-31T03:09:58.637Z,2026-07-31T03:11:05.037Z,66.4,66.4,2026-07-31T03:09:58.637Z
6501,be598e2c-f2ed-4d4e-8fc2-fc26ef3bb2dd,PW-06,"West Wall Bay 6",2026-07-31T03:09:58.346Z,2026-07-31T03:10:44.346Z,2026-07-31T03:09:58.346Z,2026-07-31T03:10:44.346Z,46.0,46.0,2026-07-31T03:09:58.346Z
6499,3b4fea40-2e00-4f0c-932d-22a51c7b4a1f,GB-R4-U4,"Gondola R4 Back U4",2026-07-31T03:09:58.286Z,2026-07-31T03:10:42.086Z,2026-07-31T03:09:58.286Z,2026-07-31T03:10:42.086Z,43.8,43.8,2026-07-31T03:09:58.286Z
6489,71c3502d-646f-4257-98c9-a39b50ee409b,GB-R4-U3,"Gondola R4 Back U3",2026-07-31T03:09:58.201Z,2026-07-31T03:10:41.201Z,2026-07-31T03:09:58.201Z,2026-07-31T03:10:41.201Z,43.0,43.0,2026-07-31T03:09:58.201Z
6573,c0cf6146-fd1c-4a97-b297-91de75e2cd73,GF-R6-U1,"Gondola R6 Front U1",2026-07-31T03:09:58.201Z,2026-07-31T03:11:25.601Z,2026-07-31T03:09:58.201Z,2026-07-31T03:11:25.601Z,87.4,87.4,2026-07-31T03:09:58.201Z
6467,0efee6f5-69a7-4321-9ac1-3a40205c40ee,GF-R2-U3,"Gondola R2 Front U3",2026-07-31T03:09:53.058Z,2026-07-31T03:10:34.058Z,2026-07-31T03:09:53.058Z,2026-07-31T03:10:34.058Z,41.0,41.0,2026-07-31T03:09:53.058Z
6549,56483984-b2b6-49da-907b-f501ea7202a9,GB-R6-U7,"Gondola R6 Back U7",2026-07-31T03:09:52.967Z,2026-07-31T03:11:13.567Z,2026-07-31T03:09:52.967Z,2026-07-31T03:11:13.567Z,80.6,80.6,2026-07-31T03:09:52.967Z
6486,2d4c32b5-a45e-4e05-b310-aa95addb6115,GB-R2-U5,"Gondola R2 Back U5",2026-07-31T03:09:51.025Z,2026-07-31T03:10:40.425Z,2026-07-31T03:09:51.025Z,2026-07-31T03:10:40.425Z,49.4,49.4,2026-07-31T03:09:51.025Z
6506,3b06325a-f54d-40e7-a0cf-e2ec7a659b59,GF-R1-U4,"Gondola R1 Front U4",2026-07-31T03:09:49.437Z,2026-07-31T03:10:44.437Z,2026-07-31T03:09:49.437Z,2026-07-31T03:10:44.437Z,55.0,55.0,2026-07-31T03:09:49.437Z
6530,ea4521e8-3461-486f-afdf-7754dca3c340,GA-01,"Treadmill 1",2026-07-31T03:09:49.293Z,2026-07-31T03:11:03.893Z,2026-07-31T03:09:49.293Z,2026-07-31T03:11:03.893Z,74.6,74.6,2026-07-31T03:09:49.293Z
6552,b9f4c416-f8b4-4d7c-bfae-2471f42754e0,GB-R4-U1,"Gondola R4 Back U1",2026-07-31T03:09:49.172Z,2026-07-31T03:11:14.572Z,2026-07-31T03:09:49.172Z,2026-07-31T03:11:14.572Z,85.4,85.4,2026-07-31T03:09:49.172Z
6556,f2562de8-9e0b-4892-baf7-852dfbe5d748,PW-01,"West Wall Bay 1",2026-07-31T03:09:47.800Z,2026-07-31T03:11:17.400Z,2026-07-31T03:09:47.800Z,2026-07-31T03:11:17.400Z,89.6,89.6,2026-07-31T03:09:47.800Z
6462,3ac82748-30b8-42ad-bd39-1d58365d35e0,GB-R3-U5,"Gondola R3 Back U5",2026-07-31T03:09:47.473Z,2026-07-31T03:10:27.473Z,2026-07-31T03:09:47.473Z,2026-07-31T03:10:27.473Z,40.0,40.0,2026-07-31T03:09:47.473Z
6515,4fcf41ef-c9f9-4101-bb2e-5512b4d30839,GF-R3-U2,"Gondola R3 Front U2",2026-07-31T03:09:45.474Z,2026-07-31T03:10:51.074Z,2026-07-31T03:09:45.474Z,2026-07-31T03:10:51.074Z,65.6,65.6,2026-07-31T03:09:45.474Z
6517,c1a06ae1-64e4-44aa-9539-68b074090591,GF-R3-U1,"Gondola R3 Front U1",2026-07-31T03:09:44.601Z,2026-07-31T03:10:54.201Z,2026-07-31T03:09:44.601Z,2026-07-31T03:10:54.201Z,69.6,69.6,2026-07-31T03:09:44.601Z
6542,d16357a7-0879-421e-9834-57e13b44eea1,GB-R1-U6,"Gondola R1 Back U6",2026-07-31T03:09:42.149Z,2026-07-31T03:11:10.549Z,2026-07-31T03:09:42.149Z,2026-07-31T03:11:10.549Z,88.4,88.4,2026-07-31T03:09:42.149Z
6482,011f7b54-c4f3-4817-b639-13a67ac1d6a3,GB-R6-U4,"Gondola R6 Back U4",2026-07-31T03:09:40.634Z,2026-07-31T03:10:31.234Z,2026-07-31T03:09:40.634Z,2026-07-31T03:10:31.234Z,50.6,50.6,2026-07-31T03:09:40.634Z
6495,c078b4b7-50ee-456d-89e3-c3237593ca00,GF-R6-U4,"Gondola R6 Front U4",2026-07-31T03:09:40.480Z,2026-07-31T03:10:42.680Z,2026-07-31T03:09:40.480Z,2026-07-31T03:10:42.680Z,62.2,62.2,2026-07-31T03:09:40.480Z
6485,8df64137-bbf5-4b9c-89c3-ec9b0fff10e6,FB-01,"Footwear Bench Seat",2026-07-31T03:09:39.148Z,2026-07-31T03:10:38.148Z,2026-07-31T03:09:39.148Z,2026-07-31T03:10:38.148Z,59.0,59.0,2026-07-31T03:09:39.148Z
6474,c27465fe-8c1d-4c56-85f1-c326deab4933,GB-R1-U3,"Gondola R1 Back U3",2026-07-31T03:09:38.928Z,2026-07-31T03:10:32.528Z,2026-07-31T03:09:38.928Z,2026-07-31T03:10:32.528Z,53.6,53.6,2026-07-31T03:09:38.928Z
6454,f3c4369a-394d-4670-ac10-90c397def0f3,GF-R5-U4,"Gondola R5 Front U4",2026-07-31T03:09:38.791Z,2026-07-31T03:10:23.791Z,2026-07-31T03:09:38.791Z,2026-07-31T03:10:23.791Z,45.0,45.0,2026-07-31T03:09:38.791Z
6529,39ae365e-6429-4ec6-a2dd-0cfec33995f2,GF-R4-U5,"Gondola R4 Front U5",2026-07-31T03:09:38.475Z,2026-07-31T03:11:03.275Z,2026-07-31T03:09:38.475Z,2026-07-31T03:11:03.275Z,84.8,84.8,2026-07-31T03:09:38.475Z
6472,dc9516b5-af7b-40e4-8bff-69c934e22955,GF-R3-U2,"Gondola R3 Front U2",2026-07-31T03:09:38.390Z,2026-07-31T03:10:34.590Z,2026-07-31T03:09:38.390Z,2026-07-31T03:10:34.590Z,56.2,56.2,2026-07-31T03:09:38.390Z
6443,dfd03c35-b8dd-4869-b99a-d5604e505b3a,GB-R5-U7,"Gondola R5 Back U7",2026-07-31T03:09:37.959Z,2026-07-31T03:10:20.559Z,2026-07-31T03:09:37.959Z,2026-07-31T03:10:20.559Z,42.6,42.6,2026-07-31T03:09:37.959Z
6535,b401081e-b4a3-4146-9147-72562584a152,GF-R4-U6,"Gondola R4 Front U6",2026-07-31T03:09:37.668Z,2026-07-31T03:11:05.868Z,2026-07-31T03:09:37.668Z,2026-07-31T03:11:05.868Z,88.2,88.2,2026-07-31T03:09:37.668Z
6452,12ef5e49-ecf6-4421-bf68-e3b0c9777f3e,PE-06,"East Wall Bay 6",2026-07-31T03:09:37.023Z,2026-07-31T03:10:24.023Z,2026-07-31T03:09:37.023Z,2026-07-31T03:10:24.023Z,47.0,47.0,2026-07-31T03:09:37.023Z
6498,df2429b4-9fb2-411e-8232-e906de211ac3,GF-R3-U7,"Gondola R3 Front U7",2026-07-31T03:09:36.950Z,2026-07-31T03:10:45.150Z,2026-07-31T03:09:36.950Z,2026-07-31T03:10:45.150Z,68.2,68.2,2026-07-31T03:09:36.950Z
6453,3cb05398-c750-4b1c-b844-8ab5d6220f93,PE-01,"East Wall Bay 1",2026-07-31T03:09:36.843Z,2026-07-31T03:10:23.643Z,2026-07-31T03:09:36.843Z,2026-07-31T03:10:23.643Z,46.8,46.8,2026-07-31T03:09:36.843Z
6468,1b8c0f7d-66c3-41d2-8d39-194713be1347,GB-R6-U2,"Gondola R6 Back U2",2026-07-31T03:09:36.581Z,2026-07-31T03:10:32.381Z,2026-07-31T03:09:36.581Z,2026-07-31T03:10:32.381Z,55.8,55.8,2026-07-31T03:09:36.581Z
6473,066f2826-b443-4d32-ba3c-967962271da3,GPS-04,"GPS Display Case 4",2026-07-31T03:09:36.247Z,2026-07-31T03:10:28.447Z,2026-07-31T03:09:36.247Z,2026-07-31T03:10:28.447Z,52.2,52.2,2026-07-31T03:09:36.247Z
6430,b7e17a9c-6af1-4422-932e-c14fd1aaf53a,GB-R4-U7,"Gondola R4 Back U7",2026-07-31T03:09:35.579Z,2026-07-31T03:10:12.979Z,2026-07-31T03:09:35.579Z,2026-07-31T03:10:12.979Z,37.4,37.4,2026-07-31T03:09:35.579Z
6461,20c1dd98-e3ae-40e3-b180-0357984886da,FB-01,"Footwear Bench Seat",2026-07-31T03:09:34.836Z,2026-07-31T03:10:25.636Z,2026-07-31T03:09:34.836Z,2026-07-31T03:10:25.636Z,50.8,50.8,2026-07-31T03:09:34.836Z
6488,7d49f45e-9dbe-4a31-bb8e-0ba62d804edc,PW-02,"West Wall Bay 2",2026-07-31T03:09:34.637Z,2026-07-31T03:10:40.037Z,2026-07-31T03:09:34.637Z,2026-07-31T03:10:40.037Z,65.4,65.4,2026-07-31T03:09:34.637Z
6455,ac41dce4-3f9f-423a-a8de-946a5c0902b6,PW-05,"West Wall Bay 5",2026-07-31T03:09:33.973Z,2026-07-31T03:10:24.173Z,2026-07-31T03:09:33.973Z,2026-07-31T03:10:24.173Z,50.2,50.2,2026-07-31T03:09:33.973Z
6516,facff1eb-e77b-426d-a4b6-d88560cdd1fc,GB-R1-U1,"Gondola R1 Back U1",2026-07-31T03:09:33.136Z,2026-07-31T03:10:54.136Z,2026-07-31T03:09:33.136Z,2026-07-31T03:10:54.136Z,81.0,81.0,2026-07-31T03:09:33.136Z
6512,1356f56c-3bd5-45d9-b715-d97f47592d6b,GB-R6-U1,"Gondola R6 Back U1",2026-07-31T03:09:33.079Z,2026-07-31T03:10:50.079Z,2026-07-31T03:09:33.079Z,2026-07-31T03:10:50.079Z,77.0,77.0,2026-07-31T03:09:33.079Z
6427,a9a9e6cc-3e6d-4b75-b7e5-fc3579ce84d3,PE-05,"East Wall Bay 5",2026-07-31T03:09:32.745Z,2026-07-31T03:10:10.945Z,2026-07-31T03:09:32.745Z,2026-07-31T03:10:10.945Z,38.2,38.2,2026-07-31T03:09:32.745Z
6525,fc4db922-36ac-4c9a-9f38-c6bbccfa3101,GB-R5-U6,"Gondola R5 Back U6",2026-07-31T03:09:32.350Z,2026-07-31T03:11:00.750Z,2026-07-31T03:09:32.350Z,2026-07-31T03:11:00.750Z,88.4,88.4,2026-07-31T03:09:32.350Z
6450,2f14edee-eef0-4e37-880d-c3ea5472f880,GF-R1-U6,"Gondola R1 Front U6",2026-07-31T03:09:32.245Z,2026-07-31T03:10:23.045Z,2026-07-31T03:09:32.245Z,2026-07-31T03:10:23.045Z,50.8,50.8,2026-07-31T03:09:32.245Z
6502,8a37e9b1-d8eb-40f3-adca-42459c5b0c26,GF-R2-U3,"Gondola R2 Front U3",2026-07-31T03:09:31.290Z,2026-07-31T03:10:44.090Z,2026-07-31T03:09:31.290Z,2026-07-31T03:10:44.090Z,72.8,72.8,2026-07-31T03:09:31.290Z
6519,d6a6e2a7-bb21-4c81-9368-e6dc6f356edc,GF-R4-U3,"Gondola R4 Front U3",2026-07-31T03:09:31.169Z,2026-07-31T03:10:55.369Z,2026-07-31T03:09:31.169Z,2026-07-31T03:10:55.369Z,84.2,84.2,2026-07-31T03:09:31.169Z
6492,bfa0c125-cc3d-4a3a-b298-a791cc11d62e,PE-03,"East Wall Bay 3",2026-07-31T03:09:31.116Z,2026-07-31T03:10:41.516Z,2026-07-31T03:09:31.116Z,2026-07-31T03:10:41.516Z,70.4,70.4,2026-07-31T03:09:31.116Z
6420,b1f7b0d5-a473-43c2-9e69-03461548ebfc,GB-R3-U1,"Gondola R3 Back U1",2026-07-31T03:09:30.383Z,2026-07-31T03:10:07.183Z,2026-07-31T03:09:30.383Z,2026-07-31T03:10:07.183Z,36.8,36.8,2026-07-31T03:09:30.383Z
6487,172259bf-a9dd-4a94-9538-dbd2bc2d347d,GB-R1-U2,"Gondola R1 Back U2",2026-07-31T03:09:30.325Z,2026-07-31T03:10:41.525Z,2026-07-31T03:09:30.325Z,2026-07-31T03:10:41.525Z,71.2,71.2,2026-07-31T03:09:30.325Z
6442,c72a0e1b-7a58-4c1c-ab04-5d235100e623,ACC-02,"Accessories Bay 2",2026-07-31T03:09:30.126Z,2026-07-31T03:10:20.526Z,2026-07-31T03:09:30.126Z,2026-07-31T03:10:20.526Z,50.4,50.4,2026-07-31T03:09:30.126Z
6431,d420530f-70a2-4604-8e2c-f867da1aa7bd,GF-R4-U5,"Gondola R4 Front U5",2026-07-31T03:09:29.905Z,2026-07-31T03:10:12.905Z,2026-07-31T03:09:29.905Z,2026-07-31T03:10:12.905Z,43.0,43.0,2026-07-31T03:09:29.905Z
6509,5df61a4f-6cae-4440-8c63-4b7c04096036,GB-R6-U4,"Gondola R6 Back U4",2026-07-31T03:09:28.152Z,2026-07-31T03:10:45.952Z,2026-07-31T03:09:28.152Z,2026-07-31T03:10:45.952Z,77.8,77.8,2026-07-31T03:09:28.152Z
6439,e1b8e504-22fe-418c-837d-f2d41382ec6f,GPS-01,"GPS Display Case 1",2026-07-31T03:09:27.967Z,2026-07-31T03:10:18.367Z,2026-07-31T03:09:27.967Z,2026-07-31T03:10:18.367Z,50.4,50.4,2026-07-31T03:09:27.967Z
6419,583bf92c-eea8-43c9-b060-7494ac13d421,GF-R4-U3,"Gondola R4 Front U3",2026-07-31T03:09:27.736Z,2026-07-31T03:10:05.136Z,2026-07-31T03:09:27.736Z,2026-07-31T03:10:05.136Z,37.4,37.4,2026-07-31T03:09:27.736Z
6446,b15c9e35-ddc8-4913-8e1a-f2428fc62a62,FB-01,"Footwear Bench Seat",2026-07-31T03:09:26.919Z,2026-07-31T03:10:22.319Z,2026-07-31T03:09:26.919Z,2026-07-31T03:10:22.319Z,55.4,55.4,2026-07-31T03:09:26.919Z
6400,376e3887-a42c-4bd6-991c-b6330356b6b4,GF-R1-U7,"Gondola R1 Front U7",2026-07-31T03:09:26.836Z,2026-07-31T03:09:57.636Z,2026-07-31T03:09:26.836Z,2026-07-31T03:09:57.636Z,30.8,30.8,2026-07-31T03:09:26.836Z
6405,bb115d1c-169c-4478-b3e3-b6388b98b216,GF-R6-U4,"Gondola R6 Front U4",2026-07-31T03:09:26.800Z,2026-07-31T03:09:59.800Z,2026-07-31T03:09:26.800Z,2026-07-31T03:09:59.800Z,33.0,33.0,2026-07-31T03:09:26.800Z
6481,9a595fbd-5468-47bf-a30e-15b95ae6b5f2,GB-R2-U7,"Gondola R2 Back U7",2026-07-31T03:09:26.245Z,2026-07-31T03:10:36.645Z,2026-07-31T03:09:26.245Z,2026-07-31T03:10:36.645Z,70.4,70.4,2026-07-31T03:09:26.245Z
6395,c416fe79-5c5a-4ee6-b30b-48511254abe9,PW-02,"West Wall Bay 2",2026-07-31T03:09:24.271Z,2026-07-31T03:09:54.871Z,2026-07-31T03:09:24.271Z,2026-07-31T03:09:54.871Z,30.6,30.6,2026-07-31T03:09:24.271Z
6425,df8ac53f-a409-432f-81fb-4a76ec3df76e,GF-R6-U3,"Gondola R6 Front U3",2026-07-31T03:09:23.560Z,2026-07-31T03:10:09.560Z,2026-07-31T03:09:23.560Z,2026-07-31T03:10:09.560Z,46.0,46.0,2026-07-31T03:09:23.560Z
6457,82c8303b-89bc-4d0b-bac6-93ca8aa39e25,PW-01,"West Wall Bay 1",2026-07-31T03:09:23.552Z,2026-07-31T03:10:26.352Z,2026-07-31T03:09:23.552Z,2026-07-31T03:10:26.352Z,62.8,62.8,2026-07-31T03:09:23.552Z
6426,ecac1c34-2840-4380-b758-8d91a5e5bd82,GB-R3-U6,"Gondola R3 Back U6",2026-07-31T03:09:22.316Z,2026-07-31T03:10:10.916Z,2026-07-31T03:09:22.316Z,2026-07-31T03:10:10.916Z,48.6,48.6,2026-07-31T03:09:22.316Z
6413,bb4e8990-4722-4948-89b0-1271520a7bd2,GF-R2-U4,"Gondola R2 Front U4",2026-07-31T03:09:22.054Z,2026-07-31T03:10:03.654Z,2026-07-31T03:09:22.054Z,2026-07-31T03:10:03.654Z,41.6,41.6,2026-07-31T03:09:22.054Z
6406,2d6395f4-556d-42a8-85a5-c870dc103ed3,GPS-06,"GPS Display Case 6",2026-07-31T03:09:21.578Z,2026-07-31T03:09:59.778Z,2026-07-31T03:09:21.578Z,2026-07-31T03:09:59.778Z,38.2,38.2,2026-07-31T03:09:21.578Z
6463,e1ba93af-ba52-437f-9014-90c0a7d3e57d,GB-R5-U4,"Gondola R5 Back U4",2026-07-31T03:09:21.467Z,2026-07-31T03:10:25.667Z,2026-07-31T03:09:21.467Z,2026-07-31T03:10:25.667Z,64.2,64.2,2026-07-31T03:09:21.467Z
6423,1fb99dc3-662d-4ccf-bf98-88223b68cbe7,PE-03,"East Wall Bay 3",2026-07-31T03:09:20.802Z,2026-07-31T03:10:07.002Z,2026-07-31T03:09:20.802Z,2026-07-31T03:10:07.002Z,46.2,46.2,2026-07-31T03:09:20.802Z
6500,a1da5ce4-c1c7-434f-9291-7199495c8a39,GF-R5-U2,"Gondola R5 Front U2",2026-07-31T03:09:20.523Z,2026-07-31T03:10:44.923Z,2026-07-31T03:09:20.523Z,2026-07-31T03:10:44.923Z,84.4,84.4,2026-07-31T03:09:20.523Z
6417,80f2632d-b199-4bab-9663-b6f6bb4d19c9,GF-R6-U6,"Gondola R6 Front U6",2026-07-31T03:09:19.049Z,2026-07-31T03:10:05.449Z,2026-07-31T03:09:19.049Z,2026-07-31T03:10:05.449Z,46.4,46.4,2026-07-31T03:09:19.049Z
6465,7f527da0-0296-440a-847e-78bd67eaadf0,GB-R6-U7,"Gondola R6 Back U7",2026-07-31T03:09:19.047Z,2026-07-31T03:10:32.247Z,2026-07-31T03:09:19.047Z,2026-07-31T03:10:32.247Z,73.2,73.2,2026-07-31T03:09:19.047Z
6449,f39d10f3-9991-4510-a04e-ceb6c9103c78,GF-R5-U7,"Gondola R5 Front U7",2026-07-31T03:09:16.990Z,2026-07-31T03:10:22.590Z,2026-07-31T03:09:16.990Z,2026-07-31T03:10:22.590Z,65.6,65.6,2026-07-31T03:09:16.990Z
6434,b501d721-61c2-473d-88a1-49e9c8bc8953,GF-R6-U5,"Gondola R6 Front U5",2026-07-31T03:09:16.725Z,2026-07-31T03:10:15.725Z,2026-07-31T03:09:16.725Z,2026-07-31T03:10:15.725Z,59.0,59.0,2026-07-31T03:09:16.725Z
6458,705afdf0-4a89-46a2-a7d7-cd2718ebfd55,GF-R3-U7,"Gondola R3 Front U7",2026-07-31T03:09:16.701Z,2026-07-31T03:10:25.101Z,2026-07-31T03:09:16.701Z,2026-07-31T03:10:25.101Z,68.4,68.4,2026-07-31T03:09:16.701Z
6494,eb95af94-6661-4afa-8dcf-aede288ad091,PW-02,"West Wall Bay 2",2026-07-31T03:09:15.572Z,2026-07-31T03:10:41.972Z,2026-07-31T03:09:15.572Z,2026-07-31T03:10:41.972Z,86.4,86.4,2026-07-31T03:09:15.572Z
6441,4f8bfe92-b177-4ea7-949c-5395fd404db9,GB-R6-U6,"Gondola R6 Back U6",2026-07-31T03:09:14.800Z,2026-07-31T03:10:19.600Z,2026-07-31T03:09:14.800Z,2026-07-31T03:10:19.600Z,64.8,64.8,2026-07-31T03:09:14.800Z
6397,be598e2c-f2ed-4d4e-8fc2-fc26ef3bb2dd,GF-R4-U2,"Gondola R4 Front U2",2026-07-31T03:09:14.745Z,2026-07-31T03:09:57.345Z,2026-07-31T03:09:14.745Z,2026-07-31T03:09:57.345Z,42.6,42.6,2026-07-31T03:09:14.745Z
6444,3d0c7f02-63a0-4dfa-a976-bc526eb822ae,PW-05,"West Wall Bay 5",2026-07-31T03:09:14.335Z,2026-07-31T03:10:20.535Z,2026-07-31T03:09:14.335Z,2026-07-31T03:10:20.535Z,66.2,66.2,2026-07-31T03:09:14.335Z
6448,b36b5273-8ec0-4b2d-bbc1-790f0385a92a,GB-R6-U7,"Gondola R6 Back U7",2026-07-31T03:09:13.523Z,2026-07-31T03:10:23.123Z,2026-07-31T03:09:13.523Z,2026-07-31T03:10:23.123Z,69.6,69.6,2026-07-31T03:09:13.523Z
6433,05d46f6d-bc21-4195-a3b8-8691a887bcc1,GF-R4-U5,"Gondola R4 Front U5",2026-07-31T03:09:12.924Z,2026-07-31T03:10:14.124Z,2026-07-31T03:09:12.924Z,2026-07-31T03:10:14.124Z,61.2,61.2,2026-07-31T03:09:12.924Z
6466,e2f850b2-c500-474d-a5ba-80f8d5d16566,GB-R6-U4,"Gondola R6 Back U4",2026-07-31T03:09:12.190Z,2026-07-31T03:10:19.590Z,2026-07-31T03:09:12.190Z,2026-07-31T03:10:19.590Z,67.4,67.4,2026-07-31T03:09:12.190Z
6460,ec7da4a9-02ee-4ea5-ad8d-e027b33ad5ba,GB-R3-U1,"Gondola R3 Back U1",2026-07-31T03:09:11.320Z,2026-07-31T03:10:25.720Z,2026-07-31T03:09:11.320Z,2026-07-31T03:10:25.720Z,74.4,74.4,2026-07-31T03:09:11.320Z
6456,ff864637-eccf-465f-b9d8-ba31a8132450,GPS-04,"GPS Display Case 4",2026-07-31T03:09:10.971Z,2026-07-31T03:10:24.371Z,2026-07-31T03:09:10.971Z,2026-07-31T03:10:24.371Z,73.4,73.4,2026-07-31T03:09:10.971Z
6388,ea4521e8-3461-486f-afdf-7754dca3c340,GF-R5-U2,"Gondola R5 Front U2",2026-07-31T03:09:10.092Z,2026-07-31T03:09:48.292Z,2026-07-31T03:09:10.092Z,2026-07-31T03:09:48.292Z,38.2,38.2,2026-07-31T03:09:10.092Z
6435,b0ff7eea-5358-44af-b55d-5a9bfdc8ddb9,GB-R4-U3,"Gondola R4 Back U3",2026-07-31T03:09:09.729Z,2026-07-31T03:10:15.729Z,2026-07-31T03:09:09.729Z,2026-07-31T03:10:15.729Z,66.0,66.0,2026-07-31T03:09:09.729Z
6384,4fcf41ef-c9f9-4101-bb2e-5512b4d30839,GF-R3-U6,"Gondola R3 Front U6",2026-07-31T03:09:09.673Z,2026-07-31T03:09:44.473Z,2026-07-31T03:09:09.673Z,2026-07-31T03:09:44.473Z,34.8,34.8,2026-07-31T03:09:09.673Z
6410,7e718ab8-4784-480c-860a-8c2bc8c939c6,PE-06,"East Wall Bay 6",2026-07-31T03:09:08.847Z,2026-07-31T03:10:02.047Z,2026-07-31T03:09:08.847Z,2026-07-31T03:10:02.047Z,53.2,53.2,2026-07-31T03:09:08.847Z
6478,129eaa80-f2b9-4d47-b64d-0541b2aa0215,GB-R6-U2,"Gondola R6 Back U2",2026-07-31T03:09:08.259Z,2026-07-31T03:10:30.059Z,2026-07-31T03:09:08.259Z,2026-07-31T03:10:30.059Z,81.8,81.8,2026-07-31T03:09:08.259Z
6428,d85cf848-3021-4741-98bd-3808fbc0cce0,GF-R5-U1,"Gondola R5 Front U1",2026-07-31T03:09:07.856Z,2026-07-31T03:10:11.656Z,2026-07-31T03:09:07.856Z,2026-07-31T03:10:11.656Z,63.8,63.8,2026-07-31T03:09:07.856Z
6387,b9f4c416-f8b4-4d7c-bfae-2471f42754e0,GB-R3-U7,"Gondola R3 Back U7",2026-07-31T03:09:07.771Z,2026-07-31T03:09:48.171Z,2026-07-31T03:09:07.771Z,2026-07-31T03:09:48.171Z,40.4,40.4,2026-07-31T03:09:07.771Z
6379,8df64137-bbf5-4b9c-89c3-ec9b0fff10e6,GB-R6-U2,"Gondola R6 Back U2",2026-07-31T03:09:07.747Z,2026-07-31T03:09:38.147Z,2026-07-31T03:09:07.747Z,2026-07-31T03:09:38.147Z,30.4,30.4,2026-07-31T03:09:07.747Z
6437,062e0b5a-ebea-49a8-ac70-e894b93d6b17,GF-R1-U2,"Gondola R1 Front U2",2026-07-31T03:09:06.717Z,2026-07-31T03:10:17.117Z,2026-07-31T03:09:06.717Z,2026-07-31T03:10:17.117Z,70.4,70.4,2026-07-31T03:09:06.717Z
6464,47960b65-8c2a-4888-9da3-1611dc8a9556,GB-R1-U6,"Gondola R1 Back U6",2026-07-31T03:09:06.634Z,2026-07-31T03:10:27.234Z,2026-07-31T03:09:06.634Z,2026-07-31T03:10:27.234Z,80.6,80.6,2026-07-31T03:09:06.634Z
6402,f845413a-456e-4042-8cb5-3c451c6c4021,GB-R2-U5,"Gondola R2 Back U5",2026-07-31T03:09:06.523Z,2026-07-31T03:09:57.923Z,2026-07-31T03:09:06.523Z,2026-07-31T03:09:57.923Z,51.4,51.4,2026-07-31T03:09:06.523Z
6415,34bdd4c4-675e-4ae8-9144-14ff533371c0,GB-R2-U7,"Gondola R2 Back U7",2026-07-31T03:09:06.143Z,2026-07-31T03:10:05.943Z,2026-07-31T03:09:06.143Z,2026-07-31T03:10:05.943Z,59.8,59.8,2026-07-31T03:09:06.143Z
6429,899d65fa-b707-43e0-9d64-e7ce8adaacfb,PW-05,"West Wall Bay 5",2026-07-31T03:09:05.915Z,2026-07-31T03:10:12.515Z,2026-07-31T03:09:05.915Z,2026-07-31T03:10:12.515Z,66.6,66.6,2026-07-31T03:09:05.915Z
6418,a7889305-a303-43de-abfb-b7030dbdd80b,GB-R6-U7,"Gondola R6 Back U7",2026-07-31T03:09:05.802Z,2026-07-31T03:10:07.202Z,2026-07-31T03:09:05.802Z,2026-07-31T03:10:07.202Z,61.4,61.4,2026-07-31T03:09:05.802Z
6394,69a53150-85fa-46ac-ba03-8ecbf848e22f,GB-R4-U7,"Gondola R4 Back U7",2026-07-31T03:09:05.392Z,2026-07-31T03:09:52.392Z,2026-07-31T03:09:05.392Z,2026-07-31T03:09:52.392Z,47.0,47.0,2026-07-31T03:09:05.392Z
6459,a9fc8c3c-2f6f-4af9-b68c-f121286f2b8b,GB-R5-U6,"Gondola R5 Back U6",2026-07-31T03:09:04.535Z,2026-07-31T03:10:25.935Z,2026-07-31T03:09:04.535Z,2026-07-31T03:10:25.935Z,81.4,81.4,2026-07-31T03:09:04.535Z
6438,5770160d-3072-4202-8202-2504aeb973d5,GF-R4-U1,"Gondola R4 Front U1",2026-07-31T03:09:03.850Z,2026-07-31T03:10:18.650Z,2026-07-31T03:09:03.850Z,2026-07-31T03:10:18.650Z,74.8,74.8,2026-07-31T03:09:03.850Z
6411,b64c178f-4392-462b-91e8-f97208990726,GB-R1-U3,"Gondola R1 Back U3",2026-07-31T03:09:03.318Z,2026-07-31T03:10:02.718Z,2026-07-31T03:09:03.318Z,2026-07-31T03:10:02.718Z,59.4,59.4,2026-07-31T03:09:03.318Z
6451,21a55c27-dc0d-499d-85b1-d196debc6c56,GF-R6-U1,"Gondola R6 Front U1",2026-07-31T03:09:02.092Z,2026-07-31T03:10:22.692Z,2026-07-31T03:09:02.092Z,2026-07-31T03:10:22.692Z,80.6,80.6,2026-07-31T03:09:02.092Z
6378,48ca74af-0e9f-426f-8cc5-7940371ebdff,GF-R6-U4,"Gondola R6 Front U4",2026-07-31T03:09:01.512Z,2026-07-31T03:09:39.112Z,2026-07-31T03:09:01.512Z,2026-07-31T03:09:39.112Z,37.6,37.6,2026-07-31T03:09:01.512Z
6445,c2e4b957-025a-4373-9769-54b952acecce,GPS-06,"GPS Display Case 6",2026-07-31T03:09:00.124Z,2026-07-31T03:10:21.324Z,2026-07-31T03:09:00.124Z,2026-07-31T03:10:21.324Z,81.2,81.2,2026-07-31T03:09:00.124Z
6396,11cdbc2e-bded-4010-a094-15312a0f6299,PW-01,"West Wall Bay 1",2026-07-31T03:08:59.912Z,2026-07-31T03:09:56.512Z,2026-07-31T03:08:59.912Z,2026-07-31T03:09:56.512Z,56.6,56.6,2026-07-31T03:08:59.912Z
6368,20c1dd98-e3ae-40e3-b180-0357984886da,FB-01,"Footwear Bench Seat",2026-07-31T03:08:59.035Z,2026-07-31T03:09:33.835Z,2026-07-31T03:08:59.035Z,2026-07-31T03:09:33.835Z,34.8,34.8,2026-07-31T03:08:59.035Z
6361,3e6a918b-1730-4f66-bbd4-9f66c6470522,PW-06,"West Wall Bay 6",2026-07-31T03:08:58.800Z,2026-07-31T03:09:31.400Z,2026-07-31T03:08:58.800Z,2026-07-31T03:09:31.400Z,32.6,32.6,2026-07-31T03:08:58.800Z
6399,71c3502d-646f-4257-98c9-a39b50ee409b,GB-R4-U6,"Gondola R4 Back U6",2026-07-31T03:08:58.800Z,2026-07-31T03:09:57.200Z,2026-07-31T03:08:58.800Z,2026-07-31T03:09:57.200Z,58.4,58.4,2026-07-31T03:08:58.800Z
6403,cadd0b90-b0a2-490b-92cf-30d16683bba3,GF-R6-U5,"Gondola R6 Front U5",2026-07-31T03:08:57.669Z,2026-07-31T03:09:58.869Z,2026-07-31T03:08:57.669Z,2026-07-31T03:09:58.869Z,61.2,61.2,2026-07-31T03:08:57.669Z
6447,c06daaa8-5e15-4522-b86a-64fac3b75cdf,GB-R3-U5,"Gondola R3 Back U5",2026-07-31T03:08:56.659Z,2026-07-31T03:10:21.659Z,2026-07-31T03:08:56.659Z,2026-07-31T03:10:21.659Z,85.0,85.0,2026-07-31T03:08:56.659Z
6383,28fdfeff-059f-49b6-860a-e938e6520826,GB-R2-U7,"Gondola R2 Back U7",2026-07-31T03:08:56.356Z,2026-07-31T03:09:44.556Z,2026-07-31T03:08:56.356Z,2026-07-31T03:09:44.556Z,48.2,48.2,2026-07-31T03:08:56.356Z
6421,daf7bbda-2ff0-4ec9-982b-33f2245f7713,GB-R4-U6,"Gondola R4 Back U6",2026-07-31T03:08:55.333Z,2026-07-31T03:10:07.333Z,2026-07-31T03:08:55.333Z,2026-07-31T03:10:07.333Z,72.0,72.0,2026-07-31T03:08:55.333Z
6351,77f87946-db4d-41bc-8a6a-89f57440f5f2,GB-R6-U6,"Gondola R6 Back U6",2026-07-31T03:08:55.224Z,2026-07-31T03:09:28.424Z,2026-07-31T03:08:55.224Z,2026-07-31T03:09:28.424Z,33.2,33.2,2026-07-31T03:08:55.224Z
6356,239c61fc-8e1c-468e-8d54-9b088c51f42e,GB-R5-U6,"Gondola R5 Back U6",2026-07-31T03:08:54.689Z,2026-07-31T03:09:30.489Z,2026-07-31T03:08:54.689Z,2026-07-31T03:09:30.489Z,35.8,35.8,2026-07-31T03:08:54.689Z
6436,920a119d-4d16-4576-ae87-02d3c7287a1d,GB-R3-U1,"Gondola R3 Back U1",2026-07-31T03:08:54.301Z,2026-07-31T03:10:17.701Z,2026-07-31T03:08:54.301Z,2026-07-31T03:10:17.701Z,83.4,83.4,2026-07-31T03:08:54.301Z
6432,376163d1-b66e-43ed-9947-5c2c0ab87b18,PW-05,"West Wall Bay 5",2026-07-31T03:08:54.123Z,2026-07-31T03:10:12.523Z,2026-07-31T03:08:54.123Z,2026-07-31T03:10:12.523Z,78.4,78.4,2026-07-31T03:08:54.123Z
6370,b401081e-b4a3-4146-9147-72562584a152,GF-R4-U5,"Gondola R4 Front U5",2026-07-31T03:08:53.467Z,2026-07-31T03:09:36.667Z,2026-07-31T03:08:53.467Z,2026-07-31T03:09:36.667Z,43.2,43.2,2026-07-31T03:08:53.467Z
6363,fc4db922-36ac-4c9a-9f38-c6bbccfa3101,GF-R3-U3,"Gondola R3 Front U3",2026-07-31T03:08:53.349Z,2026-07-31T03:09:31.349Z,2026-07-31T03:08:53.349Z,2026-07-31T03:09:31.349Z,38.0,38.0,2026-07-31T03:08:53.349Z
6422,62691423-9441-4163-ad9f-8fc386ae4fe7,GB-R1-U4,"Gondola R1 Back U4",2026-07-31T03:08:53.188Z,2026-07-31T03:10:05.388Z,2026-07-31T03:08:53.188Z,2026-07-31T03:10:05.388Z,72.2,72.2,2026-07-31T03:08:53.188Z
6360,facff1eb-e77b-426d-a4b6-d88560cdd1fc,PW-06,"West Wall Bay 6",2026-07-31T03:08:51.735Z,2026-07-31T03:09:32.135Z,2026-07-31T03:08:51.735Z,2026-07-31T03:09:32.135Z,40.4,40.4,2026-07-31T03:08:51.735Z
6440,dc860061-11d5-4b14-b73d-b142004f5fa2,GB-R6-U2,"Gondola R6 Back U2",2026-07-31T03:08:51.170Z,2026-07-31T03:10:19.570Z,2026-07-31T03:08:51.170Z,2026-07-31T03:10:19.570Z,88.4,88.4,2026-07-31T03:08:51.170Z
6343,82c8303b-89bc-4d0b-bac6-93ca8aa39e25,GB-R1-U3,"Gondola R1 Back U3",2026-07-31T03:08:50.751Z,2026-07-31T03:09:22.551Z,2026-07-31T03:08:50.751Z,2026-07-31T03:09:22.551Z,31.8,31.8,2026-07-31T03:08:50.751Z
6340,8c8eb176-c037-4598-ad8a-d8f7705f1e7d,ACC-03,"Accessories Bay 3",2026-07-31T03:08:50.482Z,2026-07-31T03:09:20.482Z,2026-07-31T03:08:50.482Z,2026-07-31T03:09:20.482Z,30.0,30.0,2026-07-31T03:08:50.482Z
6362,d6a6e2a7-bb21-4c81-9368-e6dc6f356edc,GB-R5-U1,"Gondola R5 Back U1",2026-07-31T03:08:49.568Z,2026-07-31T03:09:30.168Z,2026-07-31T03:08:49.568Z,2026-07-31T03:09:30.168Z,40.6,40.6,2026-07-31T03:08:49.568Z
6408,7e50da82-e090-4855-a993-92798eb07427,PW-01,"West Wall Bay 1",2026-07-31T03:08:48.568Z,2026-07-31T03:10:00.568Z,2026-07-31T03:08:48.568Z,2026-07-31T03:10:00.568Z,72.0,72.0,2026-07-31T03:08:48.568Z
6350,924b47a7-0629-4d0e-978b-8601ee6d8f02,PW-02,"West Wall Bay 2",2026-07-31T03:08:48.279Z,2026-07-31T03:09:27.679Z,2026-07-31T03:08:48.279Z,2026-07-31T03:09:27.679Z,39.4,39.4,2026-07-31T03:08:48.279Z
6359,1356f56c-3bd5-45d9-b715-d97f47592d6b,PE-01,"East Wall Bay 1",2026-07-31T03:08:48.078Z,2026-07-31T03:09:32.078Z,2026-07-31T03:08:48.078Z,2026-07-31T03:09:32.078Z,44.0,44.0,2026-07-31T03:08:48.078Z
6338,80f2632d-b199-4bab-9663-b6f6bb4d19c9,GB-R6-U7,"Gondola R6 Back U7",2026-07-31T03:08:47.848Z,2026-07-31T03:09:18.048Z,2026-07-31T03:08:47.848Z,2026-07-31T03:09:18.048Z,30.2,30.2,2026-07-31T03:08:47.848Z
6412,e9241d5d-5b2b-42de-890b-6dd786dcb7d7,GB-R2-U7,"Gondola R2 Back U7",2026-07-31T03:08:47.232Z,2026-07-31T03:10:04.232Z,2026-07-31T03:08:47.232Z,2026-07-31T03:10:04.232Z,77.0,77.0,2026-07-31T03:08:47.232Z
6416,81cf4469-662d-4fab-a0d9-1ea39090ba4c,GF-R4-U2,"Gondola R4 Front U2",2026-07-31T03:08:47.171Z,2026-07-31T03:10:05.771Z,2026-07-31T03:08:47.171Z,2026-07-31T03:10:05.771Z,78.6,78.6,2026-07-31T03:08:47.171Z
6414,61af50d7-5aea-44ee-9118-14756eeef82c,GB-R5-U4,"Gondola R5 Back U4",2026-07-31T03:08:47.148Z,2026-07-31T03:10:05.548Z,2026-07-31T03:08:47.148Z,2026-07-31T03:10:05.548Z,78.4,78.4,2026-07-31T03:08:47.148Z
6346,b15c9e35-ddc8-4913-8e1a-f2428fc62a62,FB-01,"Footwear Bench Seat",2026-07-31T03:08:46.518Z,2026-07-31T03:09:25.918Z,2026-07-31T03:08:46.518Z,2026-07-31T03:09:25.918Z,39.4,39.4,2026-07-31T03:08:46.518Z
6389,3b06325a-f54d-40e7-a0cf-e2ec7a659b59,PE-05,"East Wall Bay 5",2026-07-31T03:08:46.036Z,2026-07-31T03:09:48.436Z,2026-07-31T03:08:46.036Z,2026-07-31T03:09:48.436Z,62.4,62.4,2026-07-31T03:08:46.036Z
6348,376e3887-a42c-4bd6-991c-b6330356b6b4,GF-R4-U6,"Gondola R4 Front U6",2026-07-31T03:08:45.835Z,2026-07-31T03:09:25.835Z,2026-07-31T03:08:45.835Z,2026-07-31T03:09:25.835Z,40.0,40.0,2026-07-31T03:08:45.835Z
6424,6678c5da-cfe6-4936-9308-f907e115d766,GF-R3-U3,"Gondola R3 Front U3",2026-07-31T03:08:45.529Z,2026-07-31T03:10:08.529Z,2026-07-31T03:08:45.529Z,2026-07-31T03:10:08.529Z,83.0,83.0,2026-07-31T03:08:45.529Z
6349,583bf92c-eea8-43c9-b060-7494ac13d421,GF-R5-U3,"Gondola R5 Front U3",2026-07-31T03:08:44.735Z,2026-07-31T03:09:26.735Z,2026-07-31T03:08:44.735Z,2026-07-31T03:09:26.735Z,42.0,42.0,2026-07-31T03:08:44.735Z
6404,9f0fd0a3-0b6d-4796-bb7d-a6fc00e53338,GF-R3-U3,"Gondola R3 Front U3",2026-07-31T03:08:42.245Z,2026-07-31T03:09:59.445Z,2026-07-31T03:08:42.245Z,2026-07-31T03:09:59.445Z,77.2,77.2,2026-07-31T03:08:42.245Z
6334,30d98899-c659-4239-bbde-3e007e6afab1,GF-R1-U5,"Gondola R1 Front U5",2026-07-31T03:08:41.939Z,2026-07-31T03:09:18.139Z,2026-07-31T03:08:41.939Z,2026-07-31T03:09:18.139Z,36.2,36.2,2026-07-31T03:08:41.939Z
6382,c1a06ae1-64e4-44aa-9539-68b074090591,GB-R3-U3,"Gondola R3 Back U3",2026-07-31T03:08:41.800Z,2026-07-31T03:09:43.600Z,2026-07-31T03:08:41.800Z,2026-07-31T03:09:43.600Z,61.8,61.8,2026-07-31T03:08:41.800Z
6371,066f2826-b443-4d32-ba3c-967962271da3,GPS-01,"GPS Display Case 1",2026-07-31T03:08:41.046Z,2026-07-31T03:09:35.246Z,2026-07-31T03:08:41.046Z,2026-07-31T03:09:35.246Z,54.2,54.2,2026-07-31T03:08:41.046Z
6364,7d49f45e-9dbe-4a31-bb8e-0ba62d804edc,GF-R2-U6,"Gondola R2 Front U6",2026-07-31T03:08:40.836Z,2026-07-31T03:09:33.636Z,2026-07-31T03:08:40.836Z,2026-07-31T03:09:33.636Z,52.8,52.8,2026-07-31T03:08:40.836Z
6352,d420530f-70a2-4604-8e2c-f867da1aa7bd,GB-R4-U7,"Gondola R4 Back U7",2026-07-31T03:08:40.504Z,2026-07-31T03:09:28.904Z,2026-07-31T03:08:40.504Z,2026-07-31T03:09:28.904Z,48.4,48.4,2026-07-31T03:08:40.504Z
6330,b501d721-61c2-473d-88a1-49e9c8bc8953,GB-R2-U3,"Gondola R2 Back U3",2026-07-31T03:08:40.324Z,2026-07-31T03:09:15.724Z,2026-07-31T03:08:40.324Z,2026-07-31T03:09:15.724Z,35.4,35.4,2026-07-31T03:08:40.324Z
6401,c0cf6146-fd1c-4a97-b297-91de75e2cd73,GF-R6-U5,"Gondola R6 Front U5",2026-07-31T03:08:39.800Z,2026-07-31T03:09:57.200Z,2026-07-31T03:08:39.800Z,2026-07-31T03:09:57.200Z,77.4,77.4,2026-07-31T03:08:39.800Z
6380,d16357a7-0879-421e-9834-57e13b44eea1,GF-R6-U5,"Gondola R6 Front U5",2026-07-31T03:08:37.948Z,2026-07-31T03:09:41.148Z,2026-07-31T03:08:37.948Z,2026-07-31T03:09:41.148Z,63.2,63.2,2026-07-31T03:08:37.948Z
6373,dfd03c35-b8dd-4869-b99a-d5604e505b3a,GB-R5-U1,"Gondola R5 Back U1",2026-07-31T03:08:37.158Z,2026-07-31T03:09:36.958Z,2026-07-31T03:08:37.158Z,2026-07-31T03:09:36.958Z,59.8,59.8,2026-07-31T03:08:37.158Z
6385,cd2d03d6-0d99-4e5c-988c-faabf949cd5e,GB-R3-U7,"Gondola R3 Back U7",2026-07-31T03:08:36.229Z,2026-07-31T03:09:46.029Z,2026-07-31T03:08:36.229Z,2026-07-31T03:09:46.029Z,69.8,69.8,2026-07-31T03:08:36.229Z
6337,1fb99dc3-662d-4ccf-bf98-88223b68cbe7,GB-R4-U6,"Gondola R4 Back U6",2026-07-31T03:08:36.201Z,2026-07-31T03:09:19.801Z,2026-07-31T03:08:36.201Z,2026-07-31T03:09:19.801Z,43.6,43.6,2026-07-31T03:08:36.201Z
6321,ea4521e8-3461-486f-afdf-7754dca3c340,GF-R2-U3,"Gondola R2 Front U3",2026-07-31T03:08:36.091Z,2026-07-31T03:09:09.091Z,2026-07-31T03:08:36.091Z,2026-07-31T03:09:09.091Z,33.0,33.0,2026-07-31T03:08:36.091Z
6391,2d4c32b5-a45e-4e05-b310-aa95addb6115,GF-R2-U1,"Gondola R2 Front U1",2026-07-31T03:08:36.024Z,2026-07-31T03:09:50.024Z,2026-07-31T03:08:36.024Z,2026-07-31T03:09:50.024Z,74.0,74.0,2026-07-31T03:08:36.024Z
6392,91fcc283-6501-42d2-980f-e60df04f4fb7,PE-01,"East Wall Bay 1",2026-07-31T03:08:36.023Z,2026-07-31T03:09:50.623Z,2026-07-31T03:08:36.023Z,2026-07-31T03:09:50.623Z,74.6,74.6,2026-07-31T03:08:36.023Z
6323,4fcf41ef-c9f9-4101-bb2e-5512b4d30839,PW-05,"West Wall Bay 5",2026-07-31T03:08:35.272Z,2026-07-31T03:09:08.672Z,2026-07-31T03:08:35.272Z,2026-07-31T03:09:08.672Z,33.4,33.4,2026-07-31T03:08:35.272Z
6398,3b4fea40-2e00-4f0c-932d-22a51c7b4a1f,PE-02,"East Wall Bay 2",2026-07-31T03:08:34.485Z,2026-07-31T03:09:57.285Z,2026-07-31T03:08:34.485Z,2026-07-31T03:09:57.285Z,82.8,82.8,2026-07-31T03:08:34.485Z
6407,31516904-dbf9-4e56-84e8-6ab70e404e81,GB-R3-U5,"Gondola R3 Back U5",2026-07-31T03:08:34.078Z,2026-07-31T03:10:01.078Z,2026-07-31T03:08:34.078Z,2026-07-31T03:10:01.078Z,87.0,87.0,2026-07-31T03:08:34.078Z
6409,07982474-1c71-41ef-ab13-3483a269aa9c,GF-R6-U2,"Gondola R6 Front U2",2026-07-31T03:08:34.016Z,2026-07-31T03:10:00.816Z,2026-07-31T03:08:34.016Z,2026-07-31T03:10:00.816Z,86.8,86.8,2026-07-31T03:08:34.016Z
6342,d719b0ed-8c6d-4d40-ae8a-45da68d0502b,PW-01,"West Wall Bay 1",2026-07-31T03:08:33.411Z,2026-07-31T03:09:22.211Z,2026-07-31T03:08:33.411Z,2026-07-31T03:09:22.211Z,48.8,48.8,2026-07-31T03:08:33.411Z
6327,e2f850b2-c500-474d-a5ba-80f8d5d16566,GB-R6-U3,"Gondola R6 Back U3",2026-07-31T03:08:33.189Z,2026-07-31T03:09:11.189Z,2026-07-31T03:08:33.189Z,2026-07-31T03:09:11.189Z,38.0,38.0,2026-07-31T03:08:33.189Z
6355,b1f7b0d5-a473-43c2-9e69-03461548ebfc,PE-04,"East Wall Bay 4",2026-07-31T03:08:32.982Z,2026-07-31T03:09:29.382Z,2026-07-31T03:08:32.982Z,2026-07-31T03:09:29.382Z,56.4,56.4,2026-07-31T03:08:32.982Z
6376,c27465fe-8c1d-4c56-85f1-c326deab4933,GB-R1-U4,"Gondola R1 Back U4",2026-07-31T03:08:32.927Z,2026-07-31T03:09:37.927Z,2026-07-31T03:08:32.927Z,2026-07-31T03:09:37.927Z,65.0,65.0,2026-07-31T03:08:32.927Z
6357,8a37e9b1-d8eb-40f3-adca-42459c5b0c26,GF-R2-U6,"Gondola R2 Front U6",2026-07-31T03:08:31.689Z,2026-07-31T03:09:30.289Z,2026-07-31T03:08:31.689Z,2026-07-31T03:09:30.289Z,58.6,58.6,2026-07-31T03:08:31.689Z
6381,c078b4b7-50ee-456d-89e3-c3237593ca00,GB-R6-U5,"Gondola R6 Back U5",2026-07-31T03:08:31.479Z,2026-07-31T03:09:39.479Z,2026-07-31T03:08:31.479Z,2026-07-31T03:09:39.479Z,68.0,68.0,2026-07-31T03:08:31.479Z
6358,bfa0c125-cc3d-4a3a-b298-a791cc11d62e,GB-R4-U7,"Gondola R4 Back U7",2026-07-31T03:08:29.315Z,2026-07-31T03:09:30.115Z,2026-07-31T03:08:29.315Z,2026-07-31T03:09:30.115Z,60.8,60.8,2026-07-31T03:08:29.315Z
6390,05c462eb-d7da-4bcf-8a02-6ca16c92d198,GB-R6-U6,"Gondola R6 Back U6",2026-07-31T03:08:28.996Z,2026-07-31T03:09:48.596Z,2026-07-31T03:08:28.996Z,2026-07-31T03:09:48.596Z,79.6,79.6,2026-07-31T03:08:28.996Z
6386,3ac82748-30b8-42ad-bd39-1d58365d35e0,GF-R3-U2,"Gondola R3 Front U2",2026-07-31T03:08:28.272Z,2026-07-31T03:09:46.472Z,2026-07-31T03:08:28.272Z,2026-07-31T03:09:46.472Z,78.2,78.2,2026-07-31T03:08:28.272Z
6308,48ca74af-0e9f-426f-8cc5-7940371ebdff,GF-R6-U1,"Gondola R6 Front U1",2026-07-31T03:08:27.911Z,2026-07-31T03:09:00.511Z,2026-07-31T03:08:27.911Z,2026-07-31T03:09:00.511Z,32.6,32.6,2026-07-31T03:08:27.911Z
6347,92aa7b18-eace-422c-94f7-371a2a1efe85,GF-R6-U6,"Gondola R6 Front U6",2026-07-31T03:08:27.818Z,2026-07-31T03:09:26.018Z,2026-07-31T03:08:27.818Z,2026-07-31T03:09:26.018Z,58.2,58.2,2026-07-31T03:08:27.818Z
6329,eb95af94-6661-4afa-8dcf-aede288ad091,GB-R5-U2,"Gondola R5 Back U2",2026-07-31T03:08:27.771Z,2026-07-31T03:09:14.571Z,2026-07-31T03:08:27.771Z,2026-07-31T03:09:14.571Z,46.8,46.8,2026-07-31T03:08:27.771Z
6326,05d46f6d-bc21-4195-a3b8-8691a887bcc1,GF-R6-U1,"Gondola R6 Front U1",2026-07-31T03:08:27.523Z,2026-07-31T03:09:11.923Z,2026-07-31T03:08:27.523Z,2026-07-31T03:09:11.923Z,44.4,44.4,2026-07-31T03:08:27.523Z
6393,0efee6f5-69a7-4321-9ac1-3a40205c40ee,PW-04,"West Wall Bay 4",2026-07-31T03:08:26.857Z,2026-07-31T03:09:52.057Z,2026-07-31T03:08:26.857Z,2026-07-31T03:09:52.057Z,85.2,85.2,2026-07-31T03:08:26.857Z
6320,129eaa80-f2b9-4d47-b64d-0541b2aa0215,GF-R6-U2,"Gondola R6 Front U2",2026-07-31T03:08:26.458Z,2026-07-31T03:09:07.258Z,2026-07-31T03:08:26.458Z,2026-07-31T03:09:07.258Z,40.8,40.8,2026-07-31T03:08:26.458Z
6365,ac41dce4-3f9f-423a-a8de-946a5c0902b6,GB-R2-U2,"Gondola R2 Back U2",2026-07-31T03:08:26.372Z,2026-07-31T03:09:32.972Z,2026-07-31T03:08:26.372Z,2026-07-31T03:09:32.972Z,66.6,66.6,2026-07-31T03:08:26.372Z
6366,727fb17e-1c36-4a9b-9873-bb054bea07ae,GF-R6-U7,"Gondola R6 Front U7",2026-07-31T03:08:25.013Z,2026-07-31T03:09:34.613Z,2026-07-31T03:08:25.013Z,2026-07-31T03:09:34.613Z,69.6,69.6,2026-07-31T03:08:25.013Z
6333,563f24f2-6de4-4642-a727-cda4994a6d10,GPS-02,"GPS Display Case 2",2026-07-31T03:08:23.213Z,2026-07-31T03:09:15.813Z,2026-07-31T03:08:23.213Z,2026-07-31T03:09:15.813Z,52.6,52.6,2026-07-31T03:08:23.213Z
6344,df8ac53f-a409-432f-81fb-4a76ec3df76e,GF-R2-U5,"Gondola R2 Front U5",2026-07-31T03:08:22.359Z,2026-07-31T03:09:22.559Z,2026-07-31T03:08:22.359Z,2026-07-31T03:09:22.559Z,60.2,60.2,2026-07-31T03:08:22.359Z
6375,dc9516b5-af7b-40e4-8bff-69c934e22955,GPS-02,"GPS Display Case 2",2026-07-31T03:08:22.189Z,2026-07-31T03:09:37.389Z,2026-07-31T03:08:22.189Z,2026-07-31T03:09:37.389Z,75.2,75.2,2026-07-31T03:08:22.189Z
6316,7e718ab8-4784-480c-860a-8c2bc8c939c6,PE-06,"East Wall Bay 6",2026-07-31T03:08:21.446Z,2026-07-31T03:09:07.846Z,2026-07-31T03:08:21.446Z,2026-07-31T03:09:07.846Z,46.4,46.4,2026-07-31T03:08:21.446Z
6296,ef0184de-28c1-4a99-98d9-748020bd950a,GF-R3-U3,"Gondola R3 Front U3",2026-07-31T03:08:19.835Z,2026-07-31T03:08:52.235Z,2026-07-31T03:08:19.835Z,2026-07-31T03:08:52.235Z,32.4,32.4,2026-07-31T03:08:19.835Z
6372,1b8c0f7d-66c3-41d2-8d39-194713be1347,GB-R4-U4,"Gondola R4 Back U4",2026-07-31T03:08:19.380Z,2026-07-31T03:09:35.580Z,2026-07-31T03:08:19.380Z,2026-07-31T03:09:35.580Z,76.2,76.2,2026-07-31T03:08:19.380Z
6290,dc860061-11d5-4b14-b73d-b142004f5fa2,GF-R6-U6,"Gondola R6 Front U6",2026-07-31T03:08:18.969Z,2026-07-31T03:08:50.169Z,2026-07-31T03:08:18.969Z,2026-07-31T03:08:50.169Z,31.2,31.2,2026-07-31T03:08:18.969Z
6322,3d0c7f02-63a0-4dfa-a976-bc526eb822ae,GPS-06,"GPS Display Case 6",2026-07-31T03:08:17.136Z,2026-07-31T03:09:09.336Z,2026-07-31T03:08:17.136Z,2026-07-31T03:09:09.336Z,52.2,52.2,2026-07-31T03:08:17.136Z
6367,587df34f-118c-46bc-bdf1-73dfcc05164e,GB-R6-U7,"Gondola R6 Back U7",2026-07-31T03:08:15.269Z,2026-07-31T03:09:33.469Z,2026-07-31T03:08:15.269Z,2026-07-31T03:09:33.469Z,78.2,78.2,2026-07-31T03:08:15.269Z
6318,533c05fa-4747-4573-a4e6-e994da9656ce,PE-01,"East Wall Bay 1",2026-07-31T03:08:14.479Z,2026-07-31T03:09:08.479Z,2026-07-31T03:08:14.479Z,2026-07-31T03:09:08.479Z,54.0,54.0,2026-07-31T03:08:14.479Z
6353,172259bf-a9dd-4a94-9538-dbd2bc2d347d,GB-R1-U1,"Gondola R1 Back U1",2026-07-31T03:08:13.924Z,2026-07-31T03:09:29.324Z,2026-07-31T03:08:13.924Z,2026-07-31T03:09:29.324Z,75.4,75.4,2026-07-31T03:08:13.924Z
6305,20c1dd98-e3ae-40e3-b180-0357984886da,FB-01,"Footwear Bench Seat",2026-07-31T03:08:13.634Z,2026-07-31T03:08:58.034Z,2026-07-31T03:08:13.634Z,2026-07-31T03:08:58.034Z,44.4,44.4,2026-07-31T03:08:13.634Z
6335,7f527da0-0296-440a-847e-78bd67eaadf0,GF-R6-U5,"Gondola R6 Front U5",2026-07-31T03:08:13.446Z,2026-07-31T03:09:18.046Z,2026-07-31T03:08:13.446Z,2026-07-31T03:09:18.046Z,64.6,64.6,2026-07-31T03:08:13.446Z
6276,583bf92c-eea8-43c9-b060-7494ac13d421,GB-R5-U2,"Gondola R5 Back U2",2026-07-31T03:08:13.134Z,2026-07-31T03:08:43.734Z,2026-07-31T03:08:13.134Z,2026-07-31T03:08:43.734Z,30.6,30.6,2026-07-31T03:08:13.134Z
6374,3cb05398-c750-4b1c-b844-8ab5d6220f93,GF-R6-U2,"Gondola R6 Front U2",2026-07-31T03:08:13.042Z,2026-07-31T03:09:35.842Z,2026-07-31T03:08:13.042Z,2026-07-31T03:09:35.842Z,82.8,82.8,2026-07-31T03:08:13.042Z
6377,39ae365e-6429-4ec6-a2dd-0cfec33995f2,GF-R4-U6,"Gondola R4 Front U6",2026-07-31T03:08:12.474Z,2026-07-31T03:09:37.474Z,2026-07-31T03:08:12.474Z,2026-07-31T03:09:37.474Z,85.0,85.0,2026-07-31T03:08:12.474Z
6354,c72a0e1b-7a58-4c1c-ab04-5d235100e623,GB-R2-U1,"Gondola R2 Back U1",2026-07-31T03:08:11.525Z,2026-07-31T03:09:29.125Z,2026-07-31T03:08:11.525Z,2026-07-31T03:09:29.125Z,77.6,77.6,2026-07-31T03:08:11.525Z
6332,f39d10f3-9991-4510-a04e-ceb6c9103c78,PE-04,"East Wall Bay 4",2026-07-31T03:08:11.189Z,2026-07-31T03:09:15.989Z,2026-07-31T03:08:11.189Z,2026-07-31T03:09:15.989Z,64.8,64.8,2026-07-31T03:08:11.189Z
6281,61af50d7-5aea-44ee-9118-14756eeef82c,GB-R5-U3,"Gondola R5 Back U3",2026-07-31T03:08:10.747Z,2026-07-31T03:08:46.147Z,2026-07-31T03:08:10.747Z,2026-07-31T03:08:46.147Z,35.4,35.4,2026-07-31T03:08:10.747Z
6273,7d49f45e-9dbe-4a31-bb8e-0ba62d804edc,GF-R2-U2,"Gondola R2 Front U2",2026-07-31T03:08:09.835Z,2026-07-31T03:08:39.835Z,2026-07-31T03:08:09.835Z,2026-07-31T03:08:39.835Z,30.0,30.0,2026-07-31T03:08:09.835Z
6279,b15c9e35-ddc8-4913-8e1a-f2428fc62a62,FB-01,"Footwear Bench Seat",2026-07-31T03:08:09.717Z,2026-07-31T03:08:45.517Z,2026-07-31T03:08:09.717Z,2026-07-31T03:08:45.517Z,35.8,35.8,2026-07-31T03:08:09.717Z
6288,8c8eb176-c037-4598-ad8a-d8f7705f1e7d,ACC-02,"Accessories Bay 2",2026-07-31T03:08:09.681Z,2026-07-31T03:08:49.481Z,2026-07-31T03:08:09.681Z,2026-07-31T03:08:49.481Z,39.8,39.8,2026-07-31T03:08:09.681Z
6369,b7e17a9c-6af1-4422-932e-c14fd1aaf53a,GF-R4-U7,"Gondola R4 Front U7",2026-07-31T03:08:09.578Z,2026-07-31T03:09:34.578Z,2026-07-31T03:08:09.578Z,2026-07-31T03:09:34.578Z,85.0,85.0,2026-07-31T03:08:09.578Z
6317,974d2d8a-69f4-477a-92d0-24ee3c87f8e2,GF-R6-U3,"Gondola R6 Front U3",2026-07-31T03:08:09.490Z,2026-07-31T03:09:07.690Z,2026-07-31T03:08:09.490Z,2026-07-31T03:09:07.690Z,58.2,58.2,2026-07-31T03:08:09.490Z
6301,cadd0b90-b0a2-490b-92cf-30d16683bba3,GF-R6-U7,"Gondola R6 Front U7",2026-07-31T03:08:09.468Z,2026-07-31T03:08:56.668Z,2026-07-31T03:08:09.468Z,2026-07-31T03:08:56.668Z,47.2,47.2,2026-07-31T03:08:09.468Z
6336,c434d0f6-e006-43e7-9914-df3f96cdccaf,FB-01,"Footwear Bench Seat",2026-07-31T03:08:08.411Z,2026-07-31T03:09:19.811Z,2026-07-31T03:08:08.411Z,2026-07-31T03:09:19.811Z,71.4,71.4,2026-07-31T03:08:08.411Z
6274,0dfe6e00-2fa8-4cdd-a66a-3e6a86b90bd3,GB-R6-U4,"Gondola R6 Back U4",2026-07-31T03:08:08.326Z,2026-07-31T03:08:40.926Z,2026-07-31T03:08:08.326Z,2026-07-31T03:08:40.926Z,32.6,32.6,2026-07-31T03:08:08.326Z
6289,82c8303b-89bc-4d0b-bac6-93ca8aa39e25,GF-R1-U1,"Gondola R1 Front U1",2026-07-31T03:08:07.950Z,2026-07-31T03:08:49.750Z,2026-07-31T03:08:07.950Z,2026-07-31T03:08:49.750Z,41.8,41.8,2026-07-31T03:08:07.950Z
6341,ecac1c34-2840-4380-b758-8d91a5e5bd82,GB-R5-U2,"Gondola R5 Back U2",2026-07-31T03:08:05.915Z,2026-07-31T03:09:21.315Z,2026-07-31T03:08:05.915Z,2026-07-31T03:09:21.315Z,75.4,75.4,2026-07-31T03:08:05.915Z
6303,c06daaa8-5e15-4522-b86a-64fac3b75cdf,GF-R6-U2,"Gondola R6 Front U2",2026-07-31T03:08:05.658Z,2026-07-31T03:08:55.658Z,2026-07-31T03:08:05.658Z,2026-07-31T03:08:55.658Z,50.0,50.0,2026-07-31T03:08:05.658Z
6287,2df1e704-3771-4684-93d2-243acb0f96e0,GF-R6-U1,"Gondola R6 Front U1",2026-07-31T03:08:05.657Z,2026-07-31T03:08:47.657Z,2026-07-31T03:08:05.657Z,2026-07-31T03:08:47.657Z,42.0,42.0,2026-07-31T03:08:05.657Z
6270,30d98899-c659-4239-bbde-3e007e6afab1,GPS-05,"GPS Display Case 5",2026-07-31T03:08:05.592Z,2026-07-31T03:08:36.792Z,2026-07-31T03:08:05.592Z,2026-07-31T03:08:36.792Z,31.2,31.2,2026-07-31T03:08:05.592Z
6298,daf7bbda-2ff0-4ec9-982b-33f2245f7713,GF-R4-U6,"Gondola R4 Front U6",2026-07-31T03:08:04.332Z,2026-07-31T03:08:54.332Z,2026-07-31T03:08:04.332Z,2026-07-31T03:08:54.332Z,50.0,50.0,2026-07-31T03:08:04.332Z
6267,1fb99dc3-662d-4ccf-bf98-88223b68cbe7,GPS-03,"GPS Display Case 3",2026-07-31T03:08:03.800Z,2026-07-31T03:08:35.200Z,2026-07-31T03:08:03.800Z,2026-07-31T03:08:35.200Z,31.4,31.4,2026-07-31T03:08:03.800Z
6331,705afdf0-4a89-46a2-a7d7-cd2718ebfd55,GB-R3-U7,"Gondola R3 Back U7",2026-07-31T03:08:03.300Z,2026-07-31T03:09:15.700Z,2026-07-31T03:08:03.300Z,2026-07-31T03:09:15.700Z,72.4,72.4,2026-07-31T03:08:03.300Z
6313,899d65fa-b707-43e0-9d64-e7ce8adaacfb,GB-R5-U1,"Gondola R5 Back U1",2026-07-31T03:08:03.114Z,2026-07-31T03:09:04.914Z,2026-07-31T03:08:03.114Z,2026-07-31T03:09:04.914Z,61.8,61.8,2026-07-31T03:08:03.114Z
6314,34bdd4c4-675e-4ae8-9144-14ff533371c0,GB-R2-U4,"Gondola R2 Back U4",2026-07-31T03:08:02.742Z,2026-07-31T03:09:05.142Z,2026-07-31T03:08:02.742Z,2026-07-31T03:09:05.142Z,62.4,62.4,2026-07-31T03:08:02.742Z
6312,a7889305-a303-43de-abfb-b7030dbdd80b,GF-R6-U7,"Gondola R6 Front U7",2026-07-31T03:08:02.401Z,2026-07-31T03:09:04.801Z,2026-07-31T03:08:02.401Z,2026-07-31T03:09:04.801Z,62.4,62.4,2026-07-31T03:08:02.401Z
6345,c416fe79-5c5a-4ee6-b30b-48511254abe9,PE-02,"East Wall Bay 2",2026-07-31T03:08:02.270Z,2026-07-31T03:09:23.270Z,2026-07-31T03:08:02.270Z,2026-07-31T03:09:23.270Z,81.0,81.0,2026-07-31T03:08:02.270Z
6328,0b5b66cb-4386-4e44-ac16-c55e87c8f82b,FB-01,"Footwear Bench Seat",2026-07-31T03:08:02.168Z,2026-07-31T03:09:13.168Z,2026-07-31T03:08:02.168Z,2026-07-31T03:09:13.168Z,71.0,71.0,2026-07-31T03:08:02.168Z
6280,80f2632d-b199-4bab-9663-b6f6bb4d19c9,GF-R6-U5,"Gondola R6 Front U5",2026-07-31T03:08:01.247Z,2026-07-31T03:08:46.847Z,2026-07-31T03:08:01.247Z,2026-07-31T03:08:46.847Z,45.6,45.6,2026-07-31T03:08:01.247Z
6268,cd2d03d6-0d99-4e5c-988c-faabf949cd5e,GF-R3-U6,"Gondola R3 Front U6",2026-07-31T03:07:59.228Z,2026-07-31T03:08:35.228Z,2026-07-31T03:07:59.228Z,2026-07-31T03:08:35.228Z,36.0,36.0,2026-07-31T03:07:59.228Z
6263,3b4fea40-2e00-4f0c-932d-22a51c7b4a1f,GB-R5-U1,"Gondola R5 Back U1",2026-07-31T03:07:56.484Z,2026-07-31T03:08:33.484Z,2026-07-31T03:07:56.484Z,2026-07-31T03:08:33.484Z,37.0,37.0,2026-07-31T03:07:56.484Z
6311,a9fc8c3c-2f6f-4af9-b68c-f121286f2b8b,GF-R6-U5,"Gondola R6 Front U5",2026-07-31T03:07:56.134Z,2026-07-31T03:09:03.534Z,2026-07-31T03:07:56.134Z,2026-07-31T03:09:03.534Z,67.4,67.4,2026-07-31T03:07:56.134Z
6339,bb4e8990-4722-4948-89b0-1271520a7bd2,GB-R2-U3,"Gondola R2 Back U3",2026-07-31T03:07:55.853Z,2026-07-31T03:09:21.053Z,2026-07-31T03:07:55.853Z,2026-07-31T03:09:21.053Z,85.2,85.2,2026-07-31T03:07:55.853Z
6262,07982474-1c71-41ef-ab13-3483a269aa9c,GB-R6-U3,"Gondola R6 Back U3",2026-07-31T03:07:55.415Z,2026-07-31T03:08:33.015Z,2026-07-31T03:07:55.415Z,2026-07-31T03:08:33.015Z,37.6,37.6,2026-07-31T03:07:55.415Z
6315,8df64137-bbf5-4b9c-89c3-ec9b0fff10e6,GF-R6-U1,"Gondola R6 Front U1",2026-07-31T03:07:54.946Z,2026-07-31T03:09:06.746Z,2026-07-31T03:07:54.946Z,2026-07-31T03:09:06.746Z,71.8,71.8,2026-07-31T03:07:54.946Z
6319,b0ff7eea-5358-44af-b55d-5a9bfdc8ddb9,GB-R4-U4,"Gondola R4 Back U4",2026-07-31T03:07:53.728Z,2026-07-31T03:09:08.728Z,2026-07-31T03:07:53.728Z,2026-07-31T03:09:08.728Z,75.0,75.0,2026-07-31T03:07:53.728Z
6324,ec7da4a9-02ee-4ea5-ad8d-e027b33ad5ba,GF-R3-U2,"Gondola R3 Front U2",2026-07-31T03:07:52.919Z,2026-07-31T03:09:10.319Z,2026-07-31T03:07:52.919Z,2026-07-31T03:09:10.319Z,77.4,77.4,2026-07-31T03:07:52.919Z
6259,d0a1231a-c391-44b7-af5f-3112d80dbdc0,GB-R2-U3,"Gondola R2 Back U3",2026-07-31T03:07:52.801Z,2026-07-31T03:08:29.401Z,2026-07-31T03:07:52.801Z,2026-07-31T03:08:29.401Z,36.6,36.6,2026-07-31T03:07:52.801Z
6304,c2e4b957-025a-4373-9769-54b952acecce,GB-R6-U5,"Gondola R6 Back U5",2026-07-31T03:07:52.523Z,2026-07-31T03:08:59.123Z,2026-07-31T03:07:52.523Z,2026-07-31T03:08:59.123Z,66.6,66.6,2026-07-31T03:07:52.523Z
6257,bfa0c125-cc3d-4a3a-b298-a791cc11d62e,GB-R6-U6,"Gondola R6 Back U6",2026-07-31T03:07:50.714Z,2026-07-31T03:08:28.314Z,2026-07-31T03:07:50.714Z,2026-07-31T03:08:28.314Z,37.6,37.6,2026-07-31T03:07:50.714Z
6256,3ac82748-30b8-42ad-bd39-1d58365d35e0,PW-04,"West Wall Bay 4",2026-07-31T03:07:49.471Z,2026-07-31T03:08:27.271Z,2026-07-31T03:07:49.471Z,2026-07-31T03:08:27.271Z,37.8,37.8,2026-07-31T03:07:49.471Z
6222,c06daaa8-5e15-4522-b86a-64fac3b75cdf,PI-03,"Promo Island 3",2026-07-31T03:07:49.257Z,2026-07-31T03:08:04.657Z,2026-07-31T03:07:49.257Z,2026-07-31T03:08:04.657Z,15.4,15.4,2026-07-31T03:07:49.257Z
6309,21a55c27-dc0d-499d-85b1-d196debc6c56,GF-R6-U6,"Gondola R6 Front U6",2026-07-31T03:07:48.891Z,2026-07-31T03:09:01.091Z,2026-07-31T03:07:48.891Z,2026-07-31T03:09:01.091Z,72.2,72.2,2026-07-31T03:07:48.891Z
6253,92aa7b18-eace-422c-94f7-371a2a1efe85,GB-R6-U5,"Gondola R6 Back U5",2026-07-31T03:07:48.417Z,2026-07-31T03:08:26.817Z,2026-07-31T03:07:48.417Z,2026-07-31T03:08:26.817Z,38.4,38.4,2026-07-31T03:07:48.417Z
6275,d420530f-70a2-4604-8e2c-f867da1aa7bd,GB-R4-U3,"Gondola R4 Back U3",2026-07-31T03:07:47.903Z,2026-07-31T03:08:39.503Z,2026-07-31T03:07:47.903Z,2026-07-31T03:08:39.503Z,51.6,51.6,2026-07-31T03:07:47.903Z
6284,924b47a7-0629-4d0e-978b-8601ee6d8f02,GB-R5-U4,"Gondola R5 Back U4",2026-07-31T03:07:45.078Z,2026-07-31T03:08:47.278Z,2026-07-31T03:07:45.078Z,2026-07-31T03:08:47.278Z,62.2,62.2,2026-07-31T03:07:45.078Z
6325,ff864637-eccf-465f-b9d8-ba31a8132450,GB-R1-U2,"Gondola R1 Back U2",2026-07-31T03:07:43.370Z,2026-07-31T03:09:09.970Z,2026-07-31T03:07:43.370Z,2026-07-31T03:09:09.970Z,86.6,86.6,2026-07-31T03:07:43.370Z
6243,1b8c0f7d-66c3-41d2-8d39-194713be1347,PE-03,"East Wall Bay 3",2026-07-31T03:07:42.779Z,2026-07-31T03:08:18.379Z,2026-07-31T03:07:42.779Z,2026-07-31T03:08:18.379Z,35.6,35.6,2026-07-31T03:07:42.779Z
6250,129eaa80-f2b9-4d47-b64d-0541b2aa0215,GB-R6-U3,"Gondola R6 Back U3",2026-07-31T03:07:42.657Z,2026-07-31T03:08:25.457Z,2026-07-31T03:07:42.657Z,2026-07-31T03:08:25.457Z,42.8,42.8,2026-07-31T03:07:42.657Z
6310,5770160d-3072-4202-8202-2504aeb973d5,GF-R4-U6,"Gondola R4 Front U6",2026-07-31T03:07:41.449Z,2026-07-31T03:09:02.849Z,2026-07-31T03:07:41.449Z,2026-07-31T03:09:02.849Z,81.4,81.4,2026-07-31T03:07:41.449Z
6246,563f24f2-6de4-4642-a727-cda4994a6d10,GPS-03,"GPS Display Case 3",2026-07-31T03:07:39.612Z,2026-07-31T03:08:22.212Z,2026-07-31T03:07:39.612Z,2026-07-31T03:08:22.212Z,42.6,42.6,2026-07-31T03:07:39.612Z
6272,b501d721-61c2-473d-88a1-49e9c8bc8953,GF-R2-U7,"Gondola R2 Front U7",2026-07-31T03:07:39.523Z,2026-07-31T03:08:39.323Z,2026-07-31T03:07:39.523Z,2026-07-31T03:08:39.323Z,59.8,59.8,2026-07-31T03:07:39.523Z
6283,7e50da82-e090-4855-a993-92798eb07427,GF-R6-U3,"Gondola R6 Front U3",2026-07-31T03:07:38.967Z,2026-07-31T03:08:47.567Z,2026-07-31T03:07:38.967Z,2026-07-31T03:08:47.567Z,68.6,68.6,2026-07-31T03:07:38.967Z
6295,920a119d-4d16-4576-ae87-02d3c7287a1d,GB-R5-U3,"Gondola R5 Back U3",2026-07-31T03:07:38.300Z,2026-07-31T03:08:53.300Z,2026-07-31T03:07:38.300Z,2026-07-31T03:08:53.300Z,75.0,75.0,2026-07-31T03:07:38.300Z
6209,c372c90f-2c14-43cb-96b9-2d7021040ada,ACC-03,"Accessories Bay 3",2026-07-31T03:07:37.149Z,2026-07-31T03:07:57.349Z,2026-07-31T03:07:37.149Z,2026-07-31T03:07:57.349Z,20.2,20.2,2026-07-31T03:07:37.149Z
6269,d16357a7-0879-421e-9834-57e13b44eea1,GF-R3-U1,"Gondola R3 Front U1",2026-07-31T03:07:37.147Z,2026-07-31T03:08:36.947Z,2026-07-31T03:07:37.147Z,2026-07-31T03:08:36.947Z,59.8,59.8,2026-07-31T03:07:37.147Z
6261,c27465fe-8c1d-4c56-85f1-c326deab4933,GB-R6-U4,"Gondola R6 Back U4",2026-07-31T03:07:34.526Z,2026-07-31T03:08:31.926Z,2026-07-31T03:07:34.526Z,2026-07-31T03:08:31.926Z,57.4,57.4,2026-07-31T03:07:34.526Z
6233,7f527da0-0296-440a-847e-78bd67eaadf0,FB-01,"Footwear Bench Seat",2026-07-31T03:07:34.245Z,2026-07-31T03:08:12.445Z,2026-07-31T03:07:34.245Z,2026-07-31T03:08:12.445Z,38.2,38.2,2026-07-31T03:07:34.245Z
6302,e39fbe0b-e480-4706-ba9a-900e08f68583,GF-R4-U7,"Gondola R4 Front U7",2026-07-31T03:07:33.982Z,2026-07-31T03:08:57.382Z,2026-07-31T03:07:33.982Z,2026-07-31T03:08:57.382Z,83.4,83.4,2026-07-31T03:07:33.982Z
6307,11cdbc2e-bded-4010-a094-15312a0f6299,GF-R6-U1,"Gondola R6 Front U1",2026-07-31T03:07:32.911Z,2026-07-31T03:08:58.911Z,2026-07-31T03:07:32.911Z,2026-07-31T03:08:58.911Z,86.0,86.0,2026-07-31T03:07:32.911Z
6285,81cf4469-662d-4fab-a0d9-1ea39090ba4c,GF-R4-U4,"Gondola R4 Front U4",2026-07-31T03:07:32.570Z,2026-07-31T03:08:46.170Z,2026-07-31T03:07:32.570Z,2026-07-31T03:08:46.170Z,73.6,73.6,2026-07-31T03:07:32.570Z
6299,b64c178f-4392-462b-91e8-f97208990726,CO-IR,"Impulse Rack",2026-07-31T03:07:31.436Z,2026-07-31T03:08:54.836Z,2026-07-31T03:07:31.436Z,2026-07-31T03:08:54.836Z,83.4,83.4,2026-07-31T03:07:31.436Z
6300,f32ee4b6-c25f-464a-aea7-808825e4ee96,GF-R2-U2,"Gondola R2 Front U2",2026-07-31T03:07:31.411Z,2026-07-31T03:08:55.811Z,2026-07-31T03:07:31.411Z,2026-07-31T03:08:55.811Z,84.4,84.4,2026-07-31T03:07:31.411Z
6292,376163d1-b66e-43ed-9947-5c2c0ab87b18,GB-R2-U2,"Gondola R2 Back U2",2026-07-31T03:07:31.322Z,2026-07-31T03:08:53.122Z,2026-07-31T03:07:31.322Z,2026-07-31T03:08:53.122Z,81.8,81.8,2026-07-31T03:07:31.322Z
6294,62691423-9441-4163-ad9f-8fc386ae4fe7,GB-R1-U7,"Gondola R1 Back U7",2026-07-31T03:07:30.787Z,2026-07-31T03:08:52.187Z,2026-07-31T03:07:30.787Z,2026-07-31T03:08:52.187Z,81.4,81.4,2026-07-31T03:07:30.787Z
6282,e9241d5d-5b2b-42de-890b-6dd786dcb7d7,GF-R2-U4,"Gondola R2 Front U4",2026-07-31T03:07:29.831Z,2026-07-31T03:08:46.231Z,2026-07-31T03:07:29.831Z,2026-07-31T03:08:46.231Z,76.4,76.4,2026-07-31T03:07:29.831Z
6226,7d49f45e-9dbe-4a31-bb8e-0ba62d804edc,GB-R2-U2,"Gondola R2 Back U2",2026-07-31T03:07:29.634Z,2026-07-31T03:08:08.834Z,2026-07-31T03:07:29.634Z,2026-07-31T03:08:08.834Z,39.2,39.2,2026-07-31T03:07:29.634Z
6306,1fe6ffe9-f8dd-417c-b9a5-766d0ed8c511,PE-02,"East Wall Bay 2",2026-07-31T03:07:29.247Z,2026-07-31T03:08:58.647Z,2026-07-31T03:07:29.247Z,2026-07-31T03:08:58.647Z,89.4,89.4,2026-07-31T03:07:29.247Z
6286,d6a6e2a7-bb21-4c81-9368-e6dc6f356edc,PW-04,"West Wall Bay 4",2026-07-31T03:07:28.967Z,2026-07-31T03:08:48.567Z,2026-07-31T03:07:28.967Z,2026-07-31T03:08:48.567Z,79.6,79.6,2026-07-31T03:07:28.967Z
6278,3b06325a-f54d-40e7-a0cf-e2ec7a659b59,GB-R2-U2,"Gondola R2 Back U2",2026-07-31T03:07:28.435Z,2026-07-31T03:08:45.035Z,2026-07-31T03:07:28.435Z,2026-07-31T03:08:45.035Z,76.6,76.6,2026-07-31T03:07:28.435Z
6235,b8bef51f-04ad-4a28-a5c9-5c80838ae9e9,PE-02,"East Wall Bay 2",2026-07-31T03:07:28.105Z,2026-07-31T03:08:14.305Z,2026-07-31T03:07:28.105Z,2026-07-31T03:08:14.305Z,46.2,46.2,2026-07-31T03:07:28.105Z
6297,77f87946-db4d-41bc-8a6a-89f57440f5f2,GF-R6-U2,"Gondola R6 Front U2",2026-07-31T03:07:28.023Z,2026-07-31T03:08:54.223Z,2026-07-31T03:07:28.023Z,2026-07-31T03:08:54.223Z,86.2,86.2,2026-07-31T03:07:28.023Z
6277,376e3887-a42c-4bd6-991c-b6330356b6b4,GF-R4-U5,"Gondola R4 Front U5",2026-07-31T03:07:27.634Z,2026-07-31T03:08:44.834Z,2026-07-31T03:07:27.634Z,2026-07-31T03:08:44.834Z,77.2,77.2,2026-07-31T03:07:27.634Z
6293,fc4db922-36ac-4c9a-9f38-c6bbccfa3101,GF-R3-U3,"Gondola R3 Front U3",2026-07-31T03:07:26.748Z,2026-07-31T03:08:52.348Z,2026-07-31T03:07:26.748Z,2026-07-31T03:08:52.348Z,85.6,85.6,2026-07-31T03:07:26.748Z
6239,dc860061-11d5-4b14-b73d-b142004f5fa2,PE-01,"East Wall Bay 1",2026-07-31T03:07:24.568Z,2026-07-31T03:08:17.968Z,2026-07-31T03:07:24.568Z,2026-07-31T03:08:17.968Z,53.4,53.4,2026-07-31T03:07:24.568Z
6255,69a53150-85fa-46ac-ba03-8ecbf848e22f,GPS-05,"GPS Display Case 5",2026-07-31T03:07:24.134Z,2026-07-31T03:08:28.534Z,2026-07-31T03:07:24.134Z,2026-07-31T03:08:28.534Z,64.4,64.4,2026-07-31T03:07:24.134Z
6231,61af50d7-5aea-44ee-9118-14756eeef82c,GF-R6-U4,"Gondola R6 Front U4",2026-07-31T03:07:23.946Z,2026-07-31T03:08:09.746Z,2026-07-31T03:07:23.946Z,2026-07-31T03:08:09.746Z,45.8,45.8,2026-07-31T03:07:23.946Z
6291,facff1eb-e77b-426d-a4b6-d88560cdd1fc,GB-R3-U6,"Gondola R3 Back U6",2026-07-31T03:07:23.134Z,2026-07-31T03:08:50.734Z,2026-07-31T03:07:23.134Z,2026-07-31T03:08:50.734Z,87.6,87.6,2026-07-31T03:07:23.134Z
6206,d0a1231a-c391-44b7-af5f-3112d80dbdc0,GF-R6-U1,"Gondola R6 Front U1",2026-07-31T03:07:21.800Z,2026-07-31T03:07:51.800Z,2026-07-31T03:07:21.800Z,2026-07-31T03:07:51.800Z,30.0,30.0,2026-07-31T03:07:21.800Z
6217,899d65fa-b707-43e0-9d64-e7ce8adaacfb,GF-R5-U4,"Gondola R5 Front U4",2026-07-31T03:07:21.713Z,2026-07-31T03:08:02.113Z,2026-07-31T03:07:21.713Z,2026-07-31T03:08:02.113Z,40.4,40.4,2026-07-31T03:07:21.713Z
6266,ea4521e8-3461-486f-afdf-7754dca3c340,GB-R2-U4,"Gondola R2 Back U4",2026-07-31T03:07:20.490Z,2026-07-31T03:08:35.090Z,2026-07-31T03:07:20.490Z,2026-07-31T03:08:35.090Z,74.6,74.6,2026-07-31T03:07:20.490Z
6220,b15c9e35-ddc8-4913-8e1a-f2428fc62a62,GB-R1-U1,"Gondola R1 Back U1",2026-07-31T03:07:19.871Z,2026-07-31T03:08:05.471Z,2026-07-31T03:07:19.871Z,2026-07-31T03:08:05.471Z,45.6,45.6,2026-07-31T03:07:19.871Z
6216,34bdd4c4-675e-4ae8-9144-14ff533371c0,GB-R2-U6,"Gondola R2 Back U6",2026-07-31T03:07:19.341Z,2026-07-31T03:08:01.741Z,2026-07-31T03:07:19.341Z,2026-07-31T03:08:01.741Z,42.4,42.4,2026-07-31T03:07:19.341Z
6237,7c3c2e15-2ad9-47f2-ac49-10cccc83ec61,GF-R6-U1,"Gondola R6 Front U1",2026-07-31T03:07:18.401Z,2026-07-31T03:08:14.601Z,2026-07-31T03:07:18.401Z,2026-07-31T03:08:14.601Z,56.2,56.2,2026-07-31T03:07:18.401Z
6241,5e920e4f-7f6b-4eca-ab50-3e7486f79df9,PW-01,"West Wall Bay 1",2026-07-31T03:07:17.578Z,2026-07-31T03:08:17.578Z,2026-07-31T03:07:17.578Z,2026-07-31T03:08:17.578Z,60.0,60.0,2026-07-31T03:07:17.578Z
6247,dfd03c35-b8dd-4869-b99a-d5604e505b3a,GF-R3-U3,"Gondola R3 Front U3",2026-07-31T03:07:17.380Z,2026-07-31T03:08:23.780Z,2026-07-31T03:07:17.380Z,2026-07-31T03:08:23.780Z,66.4,66.4,2026-07-31T03:07:17.380Z
6258,05c462eb-d7da-4bcf-8a02-6ca16c92d198,GB-R6-U2,"Gondola R6 Back U2",2026-07-31T03:07:15.995Z,2026-07-31T03:08:27.995Z,2026-07-31T03:07:15.995Z,2026-07-31T03:08:27.995Z,72.0,72.0,2026-07-31T03:07:15.995Z
6252,eb95af94-6661-4afa-8dcf-aede288ad091,GB-R5-U6,"Gondola R5 Back U6",2026-07-31T03:07:15.170Z,2026-07-31T03:08:26.770Z,2026-07-31T03:07:15.170Z,2026-07-31T03:08:26.770Z,71.6,71.6,2026-07-31T03:07:15.170Z
6254,e2f850b2-c500-474d-a5ba-80f8d5d16566,GF-R3-U4,"Gondola R3 Front U4",2026-07-31T03:07:14.745Z,2026-07-31T03:08:26.945Z,2026-07-31T03:07:14.745Z,2026-07-31T03:08:26.945Z,72.2,72.2,2026-07-31T03:07:14.745Z
6264,2d4c32b5-a45e-4e05-b310-aa95addb6115,GF-R2-U6,"Gondola R2 Front U6",2026-07-31T03:07:14.623Z,2026-07-31T03:08:35.023Z,2026-07-31T03:07:14.623Z,2026-07-31T03:08:35.023Z,80.4,80.4,2026-07-31T03:07:14.623Z
6244,7e718ab8-4784-480c-860a-8c2bc8c939c6,GF-R1-U3,"Gondola R1 Front U3",2026-07-31T03:07:13.245Z,2026-07-31T03:08:20.445Z,2026-07-31T03:07:13.245Z,2026-07-31T03:08:20.445Z,67.2,67.2,2026-07-31T03:07:13.245Z
6271,066f2826-b443-4d32-ba3c-967962271da3,GB-R2-U2,"Gondola R2 Back U2",2026-07-31T03:07:12.245Z,2026-07-31T03:08:40.045Z,2026-07-31T03:07:12.245Z,2026-07-31T03:08:40.045Z,87.8,87.8,2026-07-31T03:07:12.245Z
6214,a7889305-a303-43de-abfb-b7030dbdd80b,GB-R6-U5,"Gondola R6 Back U5",2026-07-31T03:07:11.800Z,2026-07-31T03:08:01.400Z,2026-07-31T03:07:11.800Z,2026-07-31T03:08:01.400Z,49.6,49.6,2026-07-31T03:07:11.800Z
6232,172259bf-a9dd-4a94-9538-dbd2bc2d347d,PW-06,"West Wall Bay 6",2026-07-31T03:07:11.523Z,2026-07-31T03:08:12.923Z,2026-07-31T03:07:11.523Z,2026-07-31T03:08:12.923Z,61.4,61.4,2026-07-31T03:07:11.523Z
6260,c078b4b7-50ee-456d-89e3-c3237593ca00,GF-R6-U1,"Gondola R6 Front U1",2026-07-31T03:07:10.078Z,2026-07-31T03:08:30.478Z,2026-07-31T03:07:10.078Z,2026-07-31T03:08:30.478Z,80.4,80.4,2026-07-31T03:07:10.078Z
6219,de43df16-ecad-4416-b321-d1461f2337f7,GF-R6-U3,"Gondola R6 Front U3",2026-07-31T03:07:10.012Z,2026-07-31T03:08:04.812Z,2026-07-31T03:07:10.012Z,2026-07-31T03:08:04.812Z,54.8,54.8,2026-07-31T03:07:10.012Z
6223,82c8303b-89bc-4d0b-bac6-93ca8aa39e25,GB-R1-U6,"Gondola R1 Back U6",2026-07-31T03:07:09.349Z,2026-07-31T03:08:06.949Z,2026-07-31T03:07:09.349Z,2026-07-31T03:08:06.949Z,57.6,57.6,2026-07-31T03:07:09.349Z
6194,ff864637-eccf-465f-b9d8-ba31a8132450,GF-R1-U3,"Gondola R1 Front U3",2026-07-31T03:07:08.969Z,2026-07-31T03:07:42.369Z,2026-07-31T03:07:08.969Z,2026-07-31T03:07:42.369Z,33.4,33.4,2026-07-31T03:07:08.969Z
6240,ef0184de-28c1-4a99-98d9-748020bd950a,PE-05,"East Wall Bay 5",2026-07-31T03:07:08.634Z,2026-07-31T03:08:18.834Z,2026-07-31T03:07:08.634Z,2026-07-31T03:08:18.834Z,70.2,70.2,2026-07-31T03:07:08.634Z
6230,c72a0e1b-7a58-4c1c-ab04-5d235100e623,GB-R2-U2,"Gondola R2 Back U2",2026-07-31T03:07:06.924Z,2026-07-31T03:08:10.524Z,2026-07-31T03:07:06.924Z,2026-07-31T03:08:10.524Z,63.6,63.6,2026-07-31T03:07:06.924Z
6215,47843aa9-6bf6-413d-9440-fe975c2c5a1a,PI-03,"Promo Island 3",2026-07-31T03:07:05.911Z,2026-07-31T03:08:02.311Z,2026-07-31T03:07:05.911Z,2026-07-31T03:08:02.311Z,56.4,56.4,2026-07-31T03:07:05.911Z
6265,4fcf41ef-c9f9-4101-bb2e-5512b4d30839,GF-R2-U6,"Gondola R2 Front U6",2026-07-31T03:07:05.871Z,2026-07-31T03:08:34.271Z,2026-07-31T03:07:05.871Z,2026-07-31T03:08:34.271Z,88.4,88.4,2026-07-31T03:07:05.871Z
6251,0efee6f5-69a7-4321-9ac1-3a40205c40ee,GB-R3-U4,"Gondola R3 Back U4",2026-07-31T03:07:05.856Z,2026-07-31T03:08:25.856Z,2026-07-31T03:07:05.856Z,2026-07-31T03:08:25.856Z,80.0,80.0,2026-07-31T03:07:05.856Z
6218,30d98899-c659-4239-bbde-3e007e6afab1,GPS-06,"GPS Display Case 6",2026-07-31T03:07:05.791Z,2026-07-31T03:08:04.591Z,2026-07-31T03:07:05.791Z,2026-07-31T03:08:04.591Z,58.8,58.8,2026-07-31T03:07:05.791Z
6227,974d2d8a-69f4-477a-92d0-24ee3c87f8e2,GB-R6-U5,"Gondola R6 Back U5",2026-07-31T03:07:05.689Z,2026-07-31T03:08:08.489Z,2026-07-31T03:07:05.689Z,2026-07-31T03:08:08.489Z,62.8,62.8,2026-07-31T03:07:05.689Z
6224,cadd0b90-b0a2-490b-92cf-30d16683bba3,GB-R6-U2,"Gondola R6 Back U2",2026-07-31T03:07:05.467Z,2026-07-31T03:08:08.467Z,2026-07-31T03:07:05.467Z,2026-07-31T03:08:08.467Z,63.0,63.0,2026-07-31T03:07:05.467Z
6242,c67febb6-2bd9-42f2-8589-4fdf8841708d,GF-R3-U4,"Gondola R3 Front U4",2026-07-31T03:07:02.911Z,2026-07-31T03:08:19.511Z,2026-07-31T03:07:02.911Z,2026-07-31T03:08:19.511Z,76.6,76.6,2026-07-31T03:07:02.911Z
6245,df8ac53f-a409-432f-81fb-4a76ec3df76e,GF-R2-U6,"Gondola R2 Front U6",2026-07-31T03:07:01.758Z,2026-07-31T03:08:21.358Z,2026-07-31T03:07:01.758Z,2026-07-31T03:08:21.358Z,79.6,79.6,2026-07-31T03:07:01.758Z
6191,563f24f2-6de4-4642-a727-cda4994a6d10,GPS-01,"GPS Display Case 1",2026-07-31T03:06:59.011Z,2026-07-31T03:07:38.611Z,2026-07-31T03:06:59.011Z,2026-07-31T03:07:38.611Z,39.6,39.6,2026-07-31T03:06:59.011Z
6249,727fb17e-1c36-4a9b-9873-bb054bea07ae,PW-01,"West Wall Bay 1",2026-07-31T03:06:57.412Z,2026-07-31T03:08:24.012Z,2026-07-31T03:06:57.412Z,2026-07-31T03:08:24.012Z,86.6,86.6,2026-07-31T03:06:57.412Z
6229,3cb05398-c750-4b1c-b844-8ab5d6220f93,GF-R1-U3,"Gondola R1 Front U3",2026-07-31T03:06:57.078Z,2026-07-31T03:08:08.678Z,2026-07-31T03:06:57.078Z,2026-07-31T03:08:08.678Z,71.6,71.6,2026-07-31T03:06:57.078Z
6238,3d0c7f02-63a0-4dfa-a976-bc526eb822ae,GPS-05,"GPS Display Case 5",2026-07-31T03:06:55.335Z,2026-07-31T03:08:16.135Z,2026-07-31T03:06:55.335Z,2026-07-31T03:08:16.135Z,80.8,80.8,2026-07-31T03:06:55.335Z
6248,699a1aab-7865-4f87-9849-4247c4872535,PW-01,"West Wall Bay 1",2026-07-31T03:06:54.689Z,2026-07-31T03:08:23.489Z,2026-07-31T03:06:54.689Z,2026-07-31T03:08:23.489Z,88.8,88.8,2026-07-31T03:06:54.689Z
6234,533c05fa-4747-4573-a4e6-e994da9656ce,GF-R6-U1,"Gondola R6 Front U1",2026-07-31T03:06:52.078Z,2026-07-31T03:08:13.478Z,2026-07-31T03:06:52.078Z,2026-07-31T03:08:13.478Z,81.4,81.4,2026-07-31T03:06:52.078Z
6212,ecac1c34-2840-4380-b758-8d91a5e5bd82,GPS-04,"GPS Display Case 4",2026-07-31T03:06:51.446Z,2026-07-31T03:08:00.846Z,2026-07-31T03:06:51.446Z,2026-07-31T03:08:00.846Z,69.4,69.4,2026-07-31T03:06:51.446Z
6210,c4d15a2c-15c5-4bb2-aa43-1869237f8397,GB-R3-U2,"Gondola R3 Back U2",2026-07-31T03:06:49.435Z,2026-07-31T03:07:58.835Z,2026-07-31T03:06:49.435Z,2026-07-31T03:07:58.835Z,69.4,69.4,2026-07-31T03:06:49.435Z
6225,0dfe6e00-2fa8-4cdd-a66a-3e6a86b90bd3,GF-R6-U7,"Gondola R6 Front U7",2026-07-31T03:06:49.125Z,2026-07-31T03:08:07.325Z,2026-07-31T03:06:49.125Z,2026-07-31T03:08:07.325Z,78.2,78.2,2026-07-31T03:06:49.125Z
6178,b8bef51f-04ad-4a28-a5c9-5c80838ae9e9,PE-02,"East Wall Bay 2",2026-07-31T03:06:48.904Z,2026-07-31T03:07:27.104Z,2026-07-31T03:06:48.904Z,2026-07-31T03:07:27.104Z,38.2,38.2,2026-07-31T03:06:48.904Z
6236,587df34f-118c-46bc-bdf1-73dfcc05164e,GF-R6-U4,"Gondola R6 Front U4",2026-07-31T03:06:48.268Z,2026-07-31T03:08:14.268Z,2026-07-31T03:06:48.268Z,2026-07-31T03:08:14.268Z,86.0,86.0,2026-07-31T03:06:48.268Z
6228,8c8eb176-c037-4598-ad8a-d8f7705f1e7d,GF-R2-U6,"Gondola R2 Front U6",2026-07-31T03:06:47.880Z,2026-07-31T03:08:08.680Z,2026-07-31T03:06:47.880Z,2026-07-31T03:08:08.680Z,80.8,80.8,2026-07-31T03:06:47.880Z
6202,3ac82748-30b8-42ad-bd39-1d58365d35e0,GB-R5-U5,"Gondola R5 Back U5",2026-07-31T03:06:47.270Z,2026-07-31T03:07:48.470Z,2026-07-31T03:06:47.270Z,2026-07-31T03:07:48.470Z,61.2,61.2,2026-07-31T03:06:47.270Z
6204,bfa0c125-cc3d-4a3a-b298-a791cc11d62e,GF-R3-U4,"Gondola R3 Front U4",2026-07-31T03:06:47.113Z,2026-07-31T03:07:49.713Z,2026-07-31T03:06:47.113Z,2026-07-31T03:07:49.713Z,62.6,62.6,2026-07-31T03:06:47.113Z
6221,2df1e704-3771-4684-93d2-243acb0f96e0,GB-R6-U7,"Gondola R6 Back U7",2026-07-31T03:06:46.856Z,2026-07-31T03:08:04.656Z,2026-07-31T03:06:46.856Z,2026-07-31T03:08:04.656Z,77.8,77.8,2026-07-31T03:06:46.856Z
6165,dfd03c35-b8dd-4869-b99a-d5604e505b3a,GB-R3-U1,"Gondola R3 Back U1",2026-07-31T03:06:45.179Z,2026-07-31T03:07:16.379Z,2026-07-31T03:06:45.179Z,2026-07-31T03:07:16.379Z,31.2,31.2,2026-07-31T03:06:45.179Z
6183,b64c178f-4392-462b-91e8-f97208990726,CO-02,"Checkout Counter 2",2026-07-31T03:06:44.435Z,2026-07-31T03:07:30.435Z,2026-07-31T03:06:44.435Z,2026-07-31T03:07:30.435Z,46.0,46.0,2026-07-31T03:06:44.435Z
6196,1b8c0f7d-66c3-41d2-8d39-194713be1347,GF-R4-U6,"Gondola R4 Front U6",2026-07-31T03:06:42.578Z,2026-07-31T03:07:41.778Z,2026-07-31T03:06:42.578Z,2026-07-31T03:07:41.778Z,59.2,59.2,2026-07-31T03:06:42.578Z
6199,21a55c27-dc0d-499d-85b1-d196debc6c56,PW-01,"West Wall Bay 1",2026-07-31T03:06:41.890Z,2026-07-31T03:07:47.890Z,2026-07-31T03:06:41.890Z,2026-07-31T03:07:47.890Z,66.0,66.0,2026-07-31T03:06:41.890Z
6168,ea4521e8-3461-486f-afdf-7754dca3c340,GB-R2-U2,"Gondola R2 Back U2",2026-07-31T03:06:39.689Z,2026-07-31T03:07:19.489Z,2026-07-31T03:06:39.689Z,2026-07-31T03:07:19.489Z,39.8,39.8,2026-07-31T03:06:39.689Z
6213,0b5b66cb-4386-4e44-ac16-c55e87c8f82b,FB-01,"Footwear Bench Seat",2026-07-31T03:06:36.967Z,2026-07-31T03:08:01.167Z,2026-07-31T03:06:36.967Z,2026-07-31T03:08:01.167Z,84.2,84.2,2026-07-31T03:06:36.967Z
6180,91a7d546-7ae1-4eca-9279-0635d84b6d10,GF-R6-U5,"Gondola R6 Front U5",2026-07-31T03:06:36.701Z,2026-07-31T03:07:26.701Z,2026-07-31T03:06:36.701Z,2026-07-31T03:07:26.701Z,50.0,50.0,2026-07-31T03:06:36.701Z
6197,f3d8df80-4b9b-4660-9578-498d536fcacc,GB-R1-U5,"Gondola R1 Back U5",2026-07-31T03:06:36.390Z,2026-07-31T03:07:43.990Z,2026-07-31T03:06:36.390Z,2026-07-31T03:07:43.990Z,67.6,67.6,2026-07-31T03:06:36.390Z
6207,b0ff7eea-5358-44af-b55d-5a9bfdc8ddb9,GF-R4-U4,"Gondola R4 Front U4",2026-07-31T03:06:36.327Z,2026-07-31T03:07:52.727Z,2026-07-31T03:06:36.327Z,2026-07-31T03:07:52.727Z,76.4,76.4,2026-07-31T03:06:36.327Z
6198,d420530f-70a2-4604-8e2c-f867da1aa7bd,GB-R1-U4,"Gondola R1 Back U4",2026-07-31T03:06:35.902Z,2026-07-31T03:07:46.902Z,2026-07-31T03:06:35.902Z,2026-07-31T03:07:46.902Z,71.0,71.0,2026-07-31T03:06:35.902Z
6195,129eaa80-f2b9-4d47-b64d-0541b2aa0215,PI-03,"Promo Island 3",2026-07-31T03:06:35.856Z,2026-07-31T03:07:41.656Z,2026-07-31T03:06:35.856Z,2026-07-31T03:07:41.656Z,65.8,65.8,2026-07-31T03:06:35.856Z
6192,b6ef9d8d-d5ad-4891-9970-9a6a89d9ece5,GF-R6-U1,"Gondola R6 Front U1",2026-07-31T03:06:35.791Z,2026-07-31T03:07:39.191Z,2026-07-31T03:06:35.791Z,2026-07-31T03:07:39.191Z,63.4,63.4,2026-07-31T03:06:35.791Z
6166,34bdd4c4-675e-4ae8-9144-14ff533371c0,GB-R1-U4,"Gondola R1 Back U4",2026-07-31T03:06:35.569Z,2026-07-31T03:07:16.169Z,2026-07-31T03:06:35.569Z,2026-07-31T03:07:16.169Z,40.6,40.6,2026-07-31T03:06:35.569Z
6157,4fcf41ef-c9f9-4101-bb2e-5512b4d30839,GF-R6-U1,"Gondola R6 Front U1",2026-07-31T03:06:34.670Z,2026-07-31T03:07:04.870Z,2026-07-31T03:06:34.670Z,2026-07-31T03:07:04.870Z,30.2,30.2,2026-07-31T03:06:34.670Z
6211,c416fe79-5c5a-4ee6-b30b-48511254abe9,GF-R5-U4,"Gondola R5 Front U4",2026-07-31T03:06:34.669Z,2026-07-31T03:08:01.269Z,2026-07-31T03:06:34.669Z,2026-07-31T03:08:01.269Z,86.6,86.6,2026-07-31T03:06:34.669Z
6182,376163d1-b66e-43ed-9947-5c2c0ab87b18,GB-R2-U1,"Gondola R2 Back U1",2026-07-31T03:06:33.521Z,2026-07-31T03:07:30.321Z,2026-07-31T03:06:33.521Z,2026-07-31T03:07:30.321Z,56.8,56.8,2026-07-31T03:06:33.521Z
6203,92aa7b18-eace-422c-94f7-371a2a1efe85,PW-06,"West Wall Bay 6",2026-07-31T03:06:32.616Z,2026-07-31T03:07:47.416Z,2026-07-31T03:06:32.616Z,2026-07-31T03:07:47.416Z,74.8,74.8,2026-07-31T03:06:32.616Z
6172,dc860061-11d5-4b14-b73d-b142004f5fa2,GB-R5-U7,"Gondola R5 Back U7",2026-07-31T03:06:31.967Z,2026-07-31T03:07:23.567Z,2026-07-31T03:06:31.967Z,2026-07-31T03:07:23.567Z,51.6,51.6,2026-07-31T03:06:31.967Z
6190,c372c90f-2c14-43cb-96b9-2d7021040ada,ACC-01,"Accessories Bay 1",2026-07-31T03:06:31.948Z,2026-07-31T03:07:36.148Z,2026-07-31T03:06:31.948Z,2026-07-31T03:07:36.148Z,64.2,64.2,2026-07-31T03:06:31.948Z
6200,9a7758f5-95b1-40cd-849c-feb7382ee1f0,GB-R3-U6,"Gondola R3 Back U6",2026-07-31T03:06:30.929Z,2026-07-31T03:07:47.129Z,2026-07-31T03:06:30.929Z,2026-07-31T03:07:47.129Z,76.2,76.2,2026-07-31T03:06:30.929Z
6175,e9241d5d-5b2b-42de-890b-6dd786dcb7d7,GB-R3-U1,"Gondola R3 Back U1",2026-07-31T03:06:30.802Z,2026-07-31T03:07:25.802Z,2026-07-31T03:06:30.802Z,2026-07-31T03:07:25.802Z,55.0,55.0,2026-07-31T03:06:30.802Z
6208,8df64137-bbf5-4b9c-89c3-ec9b0fff10e6,GF-R6-U1,"Gondola R6 Front U1",2026-07-31T03:06:29.745Z,2026-07-31T03:07:53.945Z,2026-07-31T03:06:29.745Z,2026-07-31T03:07:53.945Z,84.2,84.2,2026-07-31T03:06:29.745Z
6186,c27465fe-8c1d-4c56-85f1-c326deab4933,GB-R6-U6,"Gondola R6 Back U6",2026-07-31T03:06:29.325Z,2026-07-31T03:07:33.525Z,2026-07-31T03:06:29.325Z,2026-07-31T03:07:33.525Z,64.2,64.2,2026-07-31T03:06:29.325Z
6167,7c3c2e15-2ad9-47f2-ac49-10cccc83ec61,GB-R6-U3,"Gondola R6 Back U3",2026-07-31T03:06:27.800Z,2026-07-31T03:07:17.400Z,2026-07-31T03:06:27.800Z,2026-07-31T03:07:17.400Z,49.6,49.6,2026-07-31T03:06:27.800Z
6201,c06daaa8-5e15-4522-b86a-64fac3b75cdf,PI-01,"Promo Island 1",2026-07-31T03:06:26.856Z,2026-07-31T03:07:48.256Z,2026-07-31T03:06:26.856Z,2026-07-31T03:07:48.256Z,81.4,81.4,2026-07-31T03:06:26.856Z
6188,73af109e-61f4-4684-896e-078235ad046a,GB-R1-U2,"Gondola R1 Back U2",2026-07-31T03:06:24.764Z,2026-07-31T03:07:32.964Z,2026-07-31T03:06:24.764Z,2026-07-31T03:07:32.964Z,68.2,68.2,2026-07-31T03:06:24.764Z
6170,23502953-0709-4049-bff9-fd85def469f0,PE-01,"East Wall Bay 1",2026-07-31T03:06:22.136Z,2026-07-31T03:07:19.736Z,2026-07-31T03:06:22.136Z,2026-07-31T03:07:19.736Z,57.6,57.6,2026-07-31T03:06:22.136Z
6205,07982474-1c71-41ef-ab13-3483a269aa9c,GB-R1-U4,"Gondola R1 Back U4",2026-07-31T03:06:21.724Z,2026-07-31T03:07:49.924Z,2026-07-31T03:06:21.724Z,2026-07-31T03:07:49.924Z,88.2,88.2,2026-07-31T03:06:21.724Z
6161,ff864637-eccf-465f-b9d8-ba31a8132450,PI-03,"Promo Island 3",2026-07-31T03:06:20.568Z,2026-07-31T03:07:07.968Z,2026-07-31T03:06:20.568Z,2026-07-31T03:07:07.968Z,47.4,47.4,2026-07-31T03:06:20.568Z
6159,ef0184de-28c1-4a99-98d9-748020bd950a,GB-R2-U6,"Gondola R2 Back U6",2026-07-31T03:06:18.433Z,2026-07-31T03:07:07.633Z,2026-07-31T03:06:18.433Z,2026-07-31T03:07:07.633Z,49.2,49.2,2026-07-31T03:06:18.433Z
6171,899d65fa-b707-43e0-9d64-e7ce8adaacfb,GF-R5-U3,"Gondola R5 Front U3",2026-07-31T03:06:18.112Z,2026-07-31T03:07:20.712Z,2026-07-31T03:06:18.112Z,2026-07-31T03:07:20.712Z,62.6,62.6,2026-07-31T03:06:18.112Z
6187,e39fbe0b-e480-4706-ba9a-900e08f68583,GB-R2-U6,"Gondola R2 Back U6",2026-07-31T03:06:15.781Z,2026-07-31T03:07:32.981Z,2026-07-31T03:06:15.781Z,2026-07-31T03:07:32.981Z,77.2,77.2,2026-07-31T03:06:15.781Z
6181,cd2d03d6-0d99-4e5c-988c-faabf949cd5e,GB-R5-U3,"Gondola R5 Back U3",2026-07-31T03:06:15.514Z,2026-07-31T03:07:29.114Z,2026-07-31T03:06:15.514Z,2026-07-31T03:07:29.114Z,73.6,73.6,2026-07-31T03:06:15.514Z
6169,b15c9e35-ddc8-4913-8e1a-f2428fc62a62,PE-06,"East Wall Bay 6",2026-07-31T03:06:15.270Z,2026-07-31T03:07:18.870Z,2026-07-31T03:06:15.270Z,2026-07-31T03:07:18.870Z,63.6,63.6,2026-07-31T03:06:15.270Z
6150,7f7037f2-9b96-4813-b17e-11139ec1be24,GB-R5-U6,"Gondola R5 Back U6",2026-07-31T03:06:15.134Z,2026-07-31T03:06:51.934Z,2026-07-31T03:06:15.134Z,2026-07-31T03:06:51.934Z,36.8,36.8,2026-07-31T03:06:15.134Z
6177,3b06325a-f54d-40e7-a0cf-e2ec7a659b59,GB-R2-U3,"Gondola R2 Back U3",2026-07-31T03:06:14.634Z,2026-07-31T03:07:27.434Z,2026-07-31T03:06:14.634Z,2026-07-31T03:07:27.434Z,72.8,72.8,2026-07-31T03:06:14.634Z
6185,81cf4469-662d-4fab-a0d9-1ea39090ba4c,PW-03,"West Wall Bay 3",2026-07-31T03:06:14.569Z,2026-07-31T03:07:31.569Z,2026-07-31T03:06:14.569Z,2026-07-31T03:07:31.569Z,77.0,77.0,2026-07-31T03:06:14.569Z
6193,5770160d-3072-4202-8202-2504aeb973d5,GF-R1-U2,"Gondola R1 Front U2",2026-07-31T03:06:14.248Z,2026-07-31T03:07:40.448Z,2026-07-31T03:06:14.248Z,2026-07-31T03:07:40.448Z,86.2,86.2,2026-07-31T03:06:14.248Z
6153,727fb17e-1c36-4a9b-9873-bb054bea07ae,GF-R4-U4,"Gondola R4 Front U4",2026-07-31T03:06:13.411Z,2026-07-31T03:06:56.411Z,2026-07-31T03:06:13.411Z,2026-07-31T03:06:56.411Z,43.0,43.0,2026-07-31T03:06:13.411Z
6145,b8bef51f-04ad-4a28-a5c9-5c80838ae9e9,PW-05,"West Wall Bay 5",2026-07-31T03:06:13.303Z,2026-07-31T03:06:47.903Z,2026-07-31T03:06:13.303Z,2026-07-31T03:06:47.903Z,34.6,34.6,2026-07-31T03:06:13.303Z
6176,fc4db922-36ac-4c9a-9f38-c6bbccfa3101,GF-R3-U7,"Gondola R3 Front U7",2026-07-31T03:06:11.747Z,2026-07-31T03:07:25.747Z,2026-07-31T03:06:11.747Z,2026-07-31T03:07:25.747Z,74.0,74.0,2026-07-31T03:06:11.747Z
6189,d16357a7-0879-421e-9834-57e13b44eea1,PW-04,"West Wall Bay 4",2026-07-31T03:06:06.346Z,2026-07-31T03:07:36.146Z,2026-07-31T03:06:06.346Z,2026-07-31T03:07:36.146Z,89.8,89.8,2026-07-31T03:06:06.346Z
6156,df8ac53f-a409-432f-81fb-4a76ec3df76e,GB-R2-U7,"Gondola R2 Back U7",2026-07-31T03:06:05.757Z,2026-07-31T03:07:00.757Z,2026-07-31T03:06:05.757Z,2026-07-31T03:07:00.757Z,55.0,55.0,2026-07-31T03:06:05.757Z
6152,aab3016e-640a-4b40-b779-5b4ebefd2f84,GB-R2-U6,"Gondola R2 Back U6",2026-07-31T03:06:05.002Z,2026-07-31T03:06:56.002Z,2026-07-31T03:06:05.002Z,2026-07-31T03:06:56.002Z,51.0,51.0,2026-07-31T03:06:05.002Z
6158,30d98899-c659-4239-bbde-3e007e6afab1,GPS-01,"GPS Display Case 1",2026-07-31T03:06:03.790Z,2026-07-31T03:07:04.790Z,2026-07-31T03:06:03.790Z,2026-07-31T03:07:04.790Z,61.0,61.0,2026-07-31T03:06:03.790Z
6140,bfa0c125-cc3d-4a3a-b298-a791cc11d62e,GB-R3-U2,"Gondola R3 Back U2",2026-07-31T03:06:03.112Z,2026-07-31T03:06:46.112Z,2026-07-31T03:06:03.112Z,2026-07-31T03:06:46.112Z,43.0,43.0,2026-07-31T03:06:03.112Z
6179,1fe6ffe9-f8dd-417c-b9a5-766d0ed8c511,GB-R5-U2,"Gondola R5 Back U2",2026-07-31T03:06:03.046Z,2026-07-31T03:07:28.246Z,2026-07-31T03:06:03.046Z,2026-07-31T03:07:28.246Z,85.2,85.2,2026-07-31T03:06:03.046Z
6184,62691423-9441-4163-ad9f-8fc386ae4fe7,GF-R1-U2,"Gondola R1 Front U2",2026-07-31T03:06:02.186Z,2026-07-31T03:07:29.786Z,2026-07-31T03:06:02.186Z,2026-07-31T03:07:29.786Z,87.6,87.6,2026-07-31T03:06:02.186Z
6135,b0ff7eea-5358-44af-b55d-5a9bfdc8ddb9,GB-R6-U2,"Gondola R6 Back U2",2026-07-31T03:06:00.526Z,2026-07-31T03:06:35.326Z,2026-07-31T03:06:00.526Z,2026-07-31T03:06:35.326Z,34.8,34.8,2026-07-31T03:06:00.526Z
6162,de43df16-ecad-4416-b321-d1461f2337f7,GF-R6-U2,"Gondola R6 Front U2",2026-07-31T03:05:59.411Z,2026-07-31T03:07:09.011Z,2026-07-31T03:05:59.411Z,2026-07-31T03:07:09.011Z,69.6,69.6,2026-07-31T03:05:59.411Z
6174,e50c01f2-c13d-4f32-8b43-dbb6589ae080,GF-R6-U7,"Gondola R6 Front U7",2026-07-31T03:05:58.880Z,2026-07-31T03:07:24.480Z,2026-07-31T03:05:58.880Z,2026-07-31T03:07:24.480Z,85.6,85.6,2026-07-31T03:05:58.880Z
6129,a5c61f5d-9591-40fd-995a-852f676a091b,GB-R4-U4,"Gondola R4 Back U4",2026-07-31T03:05:58.128Z,2026-07-31T03:06:29.928Z,2026-07-31T03:05:58.128Z,2026-07-31T03:06:29.928Z,31.8,31.8,2026-07-31T03:05:58.128Z
6136,b6ef9d8d-d5ad-4891-9970-9a6a89d9ece5,GF-R6-U4,"Gondola R6 Front U4",2026-07-31T03:05:57.790Z,2026-07-31T03:06:34.790Z,2026-07-31T03:05:57.790Z,2026-07-31T03:06:34.790Z,37.0,37.0,2026-07-31T03:05:57.790Z
6164,eb95af94-6661-4afa-8dcf-aede288ad091,GF-R3-U7,"Gondola R3 Front U7",2026-07-31T03:05:57.569Z,2026-07-31T03:07:14.169Z,2026-07-31T03:05:57.569Z,2026-07-31T03:07:14.169Z,76.6,76.6,2026-07-31T03:05:57.569Z
6163,2d4c32b5-a45e-4e05-b310-aa95addb6115,GB-R4-U7,"Gondola R4 Back U7",2026-07-31T03:05:56.979Z,2026-07-31T03:07:09.979Z,2026-07-31T03:05:56.979Z,2026-07-31T03:07:09.979Z,73.0,73.0,2026-07-31T03:05:56.979Z
6128,e9241d5d-5b2b-42de-890b-6dd786dcb7d7,GB-R1-U4,"Gondola R1 Back U4",2026-07-31T03:05:55.001Z,2026-07-31T03:06:29.801Z,2026-07-31T03:05:55.001Z,2026-07-31T03:06:29.801Z,34.8,34.8,2026-07-31T03:05:55.001Z
6173,61af50d7-5aea-44ee-9118-14756eeef82c,GF-R6-U3,"Gondola R6 Front U3",2026-07-31T03:05:54.745Z,2026-07-31T03:07:22.945Z,2026-07-31T03:05:54.745Z,2026-07-31T03:07:22.945Z,88.2,88.2,2026-07-31T03:05:54.745Z
6139,b64c178f-4392-462b-91e8-f97208990726,CO-03,"Checkout Counter 3",2026-07-31T03:05:52.634Z,2026-07-31T03:06:43.434Z,2026-07-31T03:05:52.634Z,2026-07-31T03:06:43.434Z,50.8,50.8,2026-07-31T03:05:52.634Z
6142,ad4ccc5f-4fce-4a84-8780-3ebcc78e8cf7,GF-R4-U6,"Gondola R4 Front U6",2026-07-31T03:05:51.578Z,2026-07-31T03:06:44.178Z,2026-07-31T03:05:51.578Z,2026-07-31T03:06:44.178Z,52.6,52.6,2026-07-31T03:05:51.578Z
6134,f3d8df80-4b9b-4660-9578-498d536fcacc,GB-R1-U1,"Gondola R1 Back U1",2026-07-31T03:05:50.789Z,2026-07-31T03:06:35.389Z,2026-07-31T03:05:50.789Z,2026-07-31T03:06:35.389Z,44.6,44.6,2026-07-31T03:05:50.789Z
6141,3ac82748-30b8-42ad-bd39-1d58365d35e0,GF-R5-U5,"Gondola R5 Front U5",2026-07-31T03:05:50.669Z,2026-07-31T03:06:46.269Z,2026-07-31T03:05:50.669Z,2026-07-31T03:06:46.269Z,55.6,55.6,2026-07-31T03:05:50.669Z
6160,81262143-c13b-4037-8ec0-fccbfe30c749,GF-R2-U3,"Gondola R2 Front U3",2026-07-31T03:05:49.523Z,2026-07-31T03:07:05.923Z,2026-07-31T03:05:49.523Z,2026-07-31T03:07:05.923Z,76.4,76.4,2026-07-31T03:05:49.523Z
6149,3bc0421b-7ad7-4f3c-aff8-9ad613a60f57,GPS-06,"GPS Display Case 6",2026-07-31T03:05:49.245Z,2026-07-31T03:06:50.445Z,2026-07-31T03:05:49.245Z,2026-07-31T03:06:50.445Z,61.2,61.2,2026-07-31T03:05:49.245Z
6119,475c29ca-b18b-4f60-b98d-b8ddec92b2c1,RR-02,"Apparel Round Rack 2",2026-07-31T03:05:48.967Z,2026-07-31T03:06:19.567Z,2026-07-31T03:05:48.967Z,2026-07-31T03:06:19.567Z,30.6,30.6,2026-07-31T03:05:48.967Z
6127,c27465fe-8c1d-4c56-85f1-c326deab4933,GB-R6-U5,"Gondola R6 Back U5",2026-07-31T03:05:48.724Z,2026-07-31T03:06:28.324Z,2026-07-31T03:05:48.724Z,2026-07-31T03:06:28.324Z,39.6,39.6,2026-07-31T03:05:48.724Z
6118,6112b5bb-8547-494b-ac61-3e559df65d72,GF-R6-U5,"Gondola R6 Front U5",2026-07-31T03:05:47.135Z,2026-07-31T03:06:21.135Z,2026-07-31T03:05:47.135Z,2026-07-31T03:06:21.135Z,34.0,34.0,2026-07-31T03:05:47.135Z
6143,8d591460-bfa6-411a-b8f4-613d7273a578,GB-R6-U4,"Gondola R6 Back U4",2026-07-31T03:05:47.035Z,2026-07-31T03:06:47.435Z,2026-07-31T03:05:47.035Z,2026-07-31T03:06:47.435Z,60.4,60.4,2026-07-31T03:05:47.035Z
6148,0dfe6e00-2fa8-4cdd-a66a-3e6a86b90bd3,PE-05,"East Wall Bay 5",2026-07-31T03:05:45.124Z,2026-07-31T03:06:48.124Z,2026-07-31T03:05:45.124Z,2026-07-31T03:06:48.124Z,63.0,63.0,2026-07-31T03:05:45.124Z
6112,af81c6ce-cc85-4d6a-bd0b-3d2de66dd818,GF-R1-U2,"Gondola R1 Front U2",2026-07-31T03:05:43.247Z,2026-07-31T03:06:13.247Z,2026-07-31T03:05:43.247Z,2026-07-31T03:06:13.247Z,30.0,30.0,2026-07-31T03:05:43.247Z
6120,73af109e-61f4-4684-896e-078235ad046a,GB-R3-U4,"Gondola R3 Back U4",2026-07-31T03:05:42.250Z,2026-07-31T03:06:19.850Z,2026-07-31T03:05:42.250Z,2026-07-31T03:06:19.850Z,37.6,37.6,2026-07-31T03:05:42.250Z
6151,449a9d3e-2f08-4177-9098-248f403c50da,GB-R3-U6,"Gondola R3 Back U6",2026-07-31T03:05:41.134Z,2026-07-31T03:06:54.334Z,2026-07-31T03:05:41.134Z,2026-07-31T03:06:54.334Z,73.2,73.2,2026-07-31T03:05:41.134Z
6115,e39fbe0b-e480-4706-ba9a-900e08f68583,GB-R2-U1,"Gondola R2 Back U1",2026-07-31T03:05:40.980Z,2026-07-31T03:06:14.780Z,2026-07-31T03:05:40.980Z,2026-07-31T03:06:14.780Z,33.8,33.8,2026-07-31T03:05:40.980Z
6146,272a8ea6-5687-4026-baaf-29c3528ace6a,GB-R1-U2,"Gondola R1 Back U2",2026-07-31T03:05:40.467Z,2026-07-31T03:06:47.267Z,2026-07-31T03:05:40.467Z,2026-07-31T03:06:47.267Z,66.8,66.8,2026-07-31T03:05:40.467Z
6147,0e5d54d6-41cb-400c-8ef2-58129d0ab9e8,GB-R6-U1,"Gondola R6 Back U1",2026-07-31T03:05:38.634Z,2026-07-31T03:06:48.434Z,2026-07-31T03:05:38.634Z,2026-07-31T03:06:48.434Z,69.8,69.8,2026-07-31T03:05:38.634Z
6138,21a55c27-dc0d-499d-85b1-d196debc6c56,FB-01,"Footwear Bench Seat",2026-07-31T03:05:36.889Z,2026-07-31T03:06:40.889Z,2026-07-31T03:05:36.889Z,2026-07-31T03:06:40.889Z,64.0,64.0,2026-07-31T03:05:36.889Z
6131,c416fe79-5c5a-4ee6-b30b-48511254abe9,GB-R4-U5,"Gondola R4 Back U5",2026-07-31T03:05:32.868Z,2026-07-31T03:06:33.668Z,2026-07-31T03:05:32.868Z,2026-07-31T03:06:33.668Z,60.8,60.8,2026-07-31T03:05:32.868Z
6104,aab3016e-640a-4b40-b779-5b4ebefd2f84,GF-R6-U2,"Gondola R6 Front U2",2026-07-31T03:05:31.001Z,2026-07-31T03:06:04.001Z,2026-07-31T03:05:31.001Z,2026-07-31T03:06:04.001Z,33.0,33.0,2026-07-31T03:05:31.001Z
6155,563f24f2-6de4-4642-a727-cda4994a6d10,PE-03,"East Wall Bay 3",2026-07-31T03:05:29.610Z,2026-07-31T03:06:58.010Z,2026-07-31T03:05:29.610Z,2026-07-31T03:06:58.010Z,88.4,88.4,2026-07-31T03:05:29.610Z
6154,d099265e-d184-47ed-8981-68d187c22154,GF-R6-U1,"Gondola R6 Front U1",2026-07-31T03:05:29.346Z,2026-07-31T03:06:57.346Z,2026-07-31T03:05:29.346Z,2026-07-31T03:06:57.346Z,88.0,88.0,2026-07-31T03:05:29.346Z
6144,8c8eb176-c037-4598-ad8a-d8f7705f1e7d,GB-R4-U6,"Gondola R4 Back U6",2026-07-31T03:05:26.679Z,2026-07-31T03:06:46.879Z,2026-07-31T03:05:26.679Z,2026-07-31T03:06:46.879Z,80.2,80.2,2026-07-31T03:05:26.679Z
6103,b0ff7eea-5358-44af-b55d-5a9bfdc8ddb9,GB-R3-U4,"Gondola R3 Back U4",2026-07-31T03:05:26.125Z,2026-07-31T03:05:59.525Z,2026-07-31T03:05:26.125Z,2026-07-31T03:05:59.525Z,33.4,33.4,2026-07-31T03:05:26.125Z
6125,6b67ea95-da39-4565-b6df-62c9c681b77a,FB-01,"Footwear Bench Seat",2026-07-31T03:05:25.911Z,2026-07-31T03:06:02.111Z,2026-07-31T03:05:25.911Z,2026-07-31T03:06:02.111Z,36.2,36.2,2026-07-31T03:05:25.911Z
6126,17ecc6d0-cfb8-4fbd-b25f-936e3a0e6155,FB-01,"Footwear Bench Seat",2026-07-31T03:05:25.911Z,2026-07-31T03:06:02.111Z,2026-07-31T03:05:25.911Z,2026-07-31T03:06:02.111Z,36.2,36.2,2026-07-31T03:05:25.911Z
6133,4fcf41ef-c9f9-4101-bb2e-5512b4d30839,CO-02,"Checkout Counter 2",2026-07-31T03:05:23.269Z,2026-07-31T03:06:33.669Z,2026-07-31T03:05:23.269Z,2026-07-31T03:06:33.669Z,70.4,70.4,2026-07-31T03:05:23.269Z
6114,cd2d03d6-0d99-4e5c-988c-faabf949cd5e,GF-R5-U4,"Gondola R5 Front U4",2026-07-31T03:05:22.313Z,2026-07-31T03:06:14.513Z,2026-07-31T03:05:22.313Z,2026-07-31T03:06:14.513Z,52.2,52.2,2026-07-31T03:05:22.313Z
6113,81cf4469-662d-4fab-a0d9-1ea39090ba4c,GF-R1-U1,"Gondola R1 Front U1",2026-07-31T03:05:19.968Z,2026-07-31T03:06:13.568Z,2026-07-31T03:05:19.968Z,2026-07-31T03:06:13.568Z,53.6,53.6,2026-07-31T03:05:19.968Z
6132,c372c90f-2c14-43cb-96b9-2d7021040ada,GB-R5-U7,"Gondola R5 Back U7",2026-07-31T03:05:19.147Z,2026-07-31T03:06:30.947Z,2026-07-31T03:05:19.147Z,2026-07-31T03:06:30.947Z,71.8,71.8,2026-07-31T03:05:19.147Z
6130,eba3487c-f2ba-4e4c-bfc4-92c669998b7a,GB-R4-U4,"Gondola R4 Back U4",2026-07-31T03:05:17.968Z,2026-07-31T03:06:34.568Z,2026-07-31T03:05:17.968Z,2026-07-31T03:06:34.568Z,76.6,76.6,2026-07-31T03:05:17.968Z
6095,08312343-efad-4196-83a5-fbb1b6848f18,GF-R1-U2,"Gondola R1 Front U2",2026-07-31T03:05:17.800Z,2026-07-31T03:05:54Z,2026-07-31T03:05:17.800Z,2026-07-31T03:05:54Z,36.2,36.2,2026-07-31T03:05:17.800Z
6093,6112b5bb-8547-494b-ac61-3e559df65d72,GB-R3-U1,"Gondola R3 Back U1",2026-07-31T03:05:14.134Z,2026-07-31T03:05:46.134Z,2026-07-31T03:05:14.134Z,2026-07-31T03:05:46.134Z,32.0,32.0,2026-07-31T03:05:14.134Z
6121,a9af65a2-7d4d-4940-9d32-2d06113a5d2e,GB-R1-U1,"Gondola R1 Back U1",2026-07-31T03:05:13.523Z,2026-07-31T03:06:20.723Z,2026-07-31T03:05:13.523Z,2026-07-31T03:06:20.723Z,67.2,67.2,2026-07-31T03:05:13.523Z
6108,48559e5a-8436-4838-9cbf-1c14f08441f4,GPS-06,"GPS Display Case 6",2026-07-31T03:05:07.680Z,2026-07-31T03:06:07.880Z,2026-07-31T03:05:07.680Z,2026-07-31T03:06:07.880Z,60.2,60.2,2026-07-31T03:05:07.680Z
6110,4e05bf8e-678c-4b90-a31c-b82a8ec60cda,GB-R6-U4,"Gondola R6 Back U4",2026-07-31T03:05:07.245Z,2026-07-31T03:06:06.245Z,2026-07-31T03:05:07.245Z,2026-07-31T03:06:06.245Z,59.0,59.0,2026-07-31T03:05:07.245Z
6099,2cc90221-8c2f-4aac-b769-1bb1b6598c0f,GB-R3-U4,"Gondola R3 Back U4",2026-07-31T03:05:07.189Z,2026-07-31T03:05:56.789Z,2026-07-31T03:05:07.189Z,2026-07-31T03:05:56.789Z,49.6,49.6,2026-07-31T03:05:07.189Z
6137,a434e53a-3198-45b7-b2db-a746ce59a2ea,GF-R6-U1,"Gondola R6 Front U1",2026-07-31T03:05:06.300Z,2026-07-31T03:06:35.700Z,2026-07-31T03:05:06.300Z,2026-07-31T03:06:35.700Z,89.4,89.4,2026-07-31T03:05:06.300Z
6094,d7d541d5-3f88-4d1f-9f0c-b231e383dcfe,GB-R1-U2,"Gondola R1 Back U2",2026-07-31T03:05:06.068Z,2026-07-31T03:05:49.668Z,2026-07-31T03:05:06.068Z,2026-07-31T03:05:49.668Z,43.6,43.6,2026-07-31T03:05:06.068Z
6116,b15c9e35-ddc8-4913-8e1a-f2428fc62a62,GB-R1-U6,"Gondola R1 Back U6",2026-07-31T03:05:03.269Z,2026-07-31T03:06:14.269Z,2026-07-31T03:05:03.269Z,2026-07-31T03:06:14.269Z,71.0,71.0,2026-07-31T03:05:03.269Z
6105,1abeca57-5118-4100-a534-9c1d5d49a9a6,GB-R4-U6,"Gondola R4 Back U6",2026-07-31T03:05:03.189Z,2026-07-31T03:06:02.789Z,2026-07-31T03:05:03.189Z,2026-07-31T03:06:02.789Z,59.6,59.6,2026-07-31T03:05:03.189Z
6096,4f85f173-cd31-4ecc-b5ab-82910a8a5998,GF-R3-U1,"Gondola R3 Front U1",2026-07-31T03:05:02.968Z,2026-07-31T03:05:56.568Z,2026-07-31T03:05:02.968Z,2026-07-31T03:05:56.568Z,53.6,53.6,2026-07-31T03:05:02.968Z
6107,eed3e6eb-346d-4f69-b4e7-02f7d6fbcaf6,GF-R4-U6,"Gondola R4 Front U6",2026-07-31T03:05:02.745Z,2026-07-31T03:06:05.345Z,2026-07-31T03:05:02.745Z,2026-07-31T03:06:05.345Z,62.6,62.6,2026-07-31T03:05:02.745Z
6111,6c55b157-a463-4f21-beb8-e12efb1cc9b5,ACC-01,"Accessories Bay 1",2026-07-31T03:05:02.546Z,2026-07-31T03:06:10.746Z,2026-07-31T03:05:02.546Z,2026-07-31T03:06:10.746Z,68.2,68.2,2026-07-31T03:05:02.546Z
6117,8d2b9a45-be0e-4a3c-a845-f473efdd4cea,GB-R6-U3,"Gondola R6 Back U3",2026-07-31T03:04:59.511Z,2026-07-31T03:06:17.111Z,2026-07-31T03:04:59.511Z,2026-07-31T03:06:17.111Z,77.6,77.6,2026-07-31T03:04:59.511Z
6109,953c0aeb-f99e-4f9b-9492-66da376b8432,GB-R4-U3,"Gondola R4 Back U3",2026-07-31T03:04:59.302Z,2026-07-31T03:06:12.302Z,2026-07-31T03:04:59.302Z,2026-07-31T03:06:12.302Z,73.0,73.0,2026-07-31T03:04:59.302Z
6100,a20041e9-a4e7-4fc6-9eea-387c6c265d3f,GF-R6-U1,"Gondola R6 Front U1",2026-07-31T03:04:58.757Z,2026-07-31T03:05:59.557Z,2026-07-31T03:04:58.757Z,2026-07-31T03:05:59.557Z,60.8,60.8,2026-07-31T03:04:58.757Z
6092,da0fb1df-7466-4313-aaae-17bd53de73d1,GB-R3-U4,"Gondola R3 Back U4",2026-07-31T03:04:54.523Z,2026-07-31T03:05:47.723Z,2026-07-31T03:04:54.523Z,2026-07-31T03:05:47.723Z,53.2,53.2,2026-07-31T03:04:54.523Z
6090,676a2f85-cb37-4c3d-a79a-1ffc16510883,GF-R6-U1,"Gondola R6 Front U1",2026-07-31T03:04:49.634Z,2026-07-31T03:05:46.034Z,2026-07-31T03:04:49.634Z,2026-07-31T03:05:46.034Z,56.4,56.4,2026-07-31T03:04:49.634Z
6075,1d79ee5f-bab3-483a-a6aa-9b86e60c2ffb,CO-02,"Checkout Counter 2",2026-07-31T03:04:46.468Z,2026-07-31T03:05:22.268Z,2026-07-31T03:04:46.468Z,2026-07-31T03:05:22.268Z,35.8,35.8,2026-07-31T03:04:46.468Z
6088,d506f26e-d1fd-4e98-9f52-6dc87e622582,GB-R6-U4,"Gondola R6 Back U4",2026-07-31T03:04:44.724Z,2026-07-31T03:05:43.724Z,2026-07-31T03:04:44.724Z,2026-07-31T03:05:43.724Z,59.0,59.0,2026-07-31T03:04:44.724Z
6097,458ca89e-b46b-40ec-ab85-b83038600ca7,GB-R4-U1,"Gondola R4 Back U1",2026-07-31T03:04:42.578Z,2026-07-31T03:05:55.978Z,2026-07-31T03:04:42.578Z,2026-07-31T03:05:55.978Z,73.4,73.4,2026-07-31T03:04:42.578Z
6101,d87b35cb-48a9-468e-87f2-ba62f3d448d9,PE-01,"East Wall Bay 1",2026-07-31T03:04:41.235Z,2026-07-31T03:05:59.035Z,2026-07-31T03:04:41.235Z,2026-07-31T03:05:59.035Z,77.8,77.8,2026-07-31T03:04:41.235Z
6098,164ec16c-bbbc-43bb-826e-87e57fe82d99,GB-R6-U3,"Gondola R6 Back U3",2026-07-31T03:04:40.679Z,2026-07-31T03:05:57.879Z,2026-07-31T03:04:40.679Z,2026-07-31T03:05:57.879Z,77.2,77.2,2026-07-31T03:04:40.679Z
6083,0950a65e-eb62-402a-ac82-4d2079f288d8,GB-R4-U5,"Gondola R4 Back U5",2026-07-31T03:04:40.488Z,2026-07-31T03:05:35.888Z,2026-07-31T03:04:40.488Z,2026-07-31T03:05:35.888Z,55.4,55.4,2026-07-31T03:04:40.488Z
6102,dc69f6bd-60f4-4e62-8635-772bfe9684b1,GF-R5-U3,"Gondola R5 Front U3",2026-07-31T03:04:40.445Z,2026-07-31T03:06:02.045Z,2026-07-31T03:04:40.445Z,2026-07-31T03:06:02.045Z,81.6,81.6,2026-07-31T03:04:40.445Z
6106,78bf484e-73d9-4184-b055-cbb79e127ca0,PE-02,"East Wall Bay 2",2026-07-31T03:04:40.356Z,2026-07-31T03:06:04.756Z,2026-07-31T03:04:40.356Z,2026-07-31T03:06:04.756Z,84.4,84.4,2026-07-31T03:04:40.356Z
6084,52362fff-715c-432f-a9d9-5a37fbae220e,GB-R3-U4,"Gondola R3 Back U4",2026-07-31T03:04:38.779Z,2026-07-31T03:05:39.979Z,2026-07-31T03:04:38.779Z,2026-07-31T03:05:39.979Z,61.2,61.2,2026-07-31T03:04:38.779Z
6087,a0e58bcb-0dcb-40ec-9ced-34554d5e57c5,GF-R6-U4,"Gondola R6 Front U4",2026-07-31T03:04:36.201Z,2026-07-31T03:05:39.401Z,2026-07-31T03:04:36.201Z,2026-07-31T03:05:39.401Z,63.2,63.2,2026-07-31T03:04:36.201Z
6072,eba3487c-f2ba-4e4c-bfc4-92c669998b7a,GF-R4-U6,"Gondola R4 Front U6",2026-07-31T03:04:35.967Z,2026-07-31T03:05:16.967Z,2026-07-31T03:04:35.967Z,2026-07-31T03:05:16.967Z,41.0,41.0,2026-07-31T03:04:35.967Z
6078,3b41b091-eebc-4fb0-8591-eafd5fe4c7bd,GF-R2-U2,"Gondola R2 Front U2",2026-07-31T03:04:34.078Z,2026-07-31T03:05:23.878Z,2026-07-31T03:04:34.078Z,2026-07-31T03:05:23.878Z,49.8,49.8,2026-07-31T03:04:34.078Z
6077,8de3c555-7d2b-49ae-8b02-ffa7f9a71b92,GB-R3-U6,"Gondola R3 Back U6",2026-07-31T03:04:33.924Z,2026-07-31T03:05:25.124Z,2026-07-31T03:04:33.924Z,2026-07-31T03:05:25.124Z,51.2,51.2,2026-07-31T03:04:33.924Z
6082,e3809203-1fba-4844-baac-8dee6f24610a,GF-R3-U2,"Gondola R3 Front U2",2026-07-31T03:04:32.800Z,2026-07-31T03:05:30Z,2026-07-31T03:04:32.800Z,2026-07-31T03:05:30Z,57.2,57.2,2026-07-31T03:04:32.800Z
6081,7c1cd075-17a7-4aad-98ea-9b35ade1d93c,GF-R4-U1,"Gondola R4 Front U1",2026-07-31T03:04:32.467Z,2026-07-31T03:05:31.867Z,2026-07-31T03:04:32.467Z,2026-07-31T03:05:31.867Z,59.4,59.4,2026-07-31T03:04:32.467Z
6070,da0254b4-bf71-491c-a4b1-8baa940a8a60,GPS-03,"GPS Display Case 3",2026-07-31T03:04:31.679Z,2026-07-31T03:05:06.679Z,2026-07-31T03:04:31.679Z,2026-07-31T03:05:06.679Z,35.0,35.0,2026-07-31T03:04:31.679Z
6079,c86ccd0c-3888-455c-bddd-d181d6b00152,PW-01,"West Wall Bay 1",2026-07-31T03:04:27.745Z,2026-07-31T03:05:28.345Z,2026-07-31T03:04:27.745Z,2026-07-31T03:05:28.345Z,60.6,60.6,2026-07-31T03:04:27.745Z
6089,2d2b1265-53d9-4cbf-a674-47dc268d0e52,GF-R5-U2,"Gondola R5 Front U2",2026-07-31T03:04:27.300Z,2026-07-31T03:05:41.700Z,2026-07-31T03:04:27.300Z,2026-07-31T03:05:41.700Z,74.4,74.4,2026-07-31T03:04:27.300Z
6071,5083d7bb-5ddb-4a48-b915-8f934a55b84f,PW-02,"West Wall Bay 2",2026-07-31T03:04:27.146Z,2026-07-31T03:05:18.146Z,2026-07-31T03:04:27.146Z,2026-07-31T03:05:18.146Z,51.0,51.0,2026-07-31T03:04:27.146Z
6091,f92a526b-e201-494c-8419-8d53eb6f9fad,GB-R1-U1,"Gondola R1 Back U1",2026-07-31T03:04:21.523Z,2026-07-31T03:05:44.123Z,2026-07-31T03:04:21.523Z,2026-07-31T03:05:44.123Z,82.6,82.6,2026-07-31T03:04:21.523Z
6086,fde1ef4c-a4c4-4aa0-b4a7-4a8959f1b60e,GF-R3-U4,"Gondola R3 Front U4",2026-07-31T03:04:20.449Z,2026-07-31T03:05:41.249Z,2026-07-31T03:04:20.449Z,2026-07-31T03:05:41.249Z,80.8,80.8,2026-07-31T03:04:20.449Z
6074,4431ce1f-9a8a-4848-b40d-271dd7b95720,GF-R1-U1,"Gondola R1 Front U1",2026-07-31T03:04:19.967Z,2026-07-31T03:05:18.967Z,2026-07-31T03:04:19.967Z,2026-07-31T03:05:18.967Z,59.0,59.0,2026-07-31T03:04:19.967Z
6080,81877d94-cc50-4835-81c5-187534296c6d,GB-R4-U1,"Gondola R4 Back U1",2026-07-31T03:04:19.078Z,2026-07-31T03:05:25.678Z,2026-07-31T03:04:19.078Z,2026-07-31T03:05:25.678Z,66.6,66.6,2026-07-31T03:04:19.078Z
6066,bb95fe0b-0d19-4646-af4c-3f9c1a7cc7e8,PW-01,"West Wall Bay 1",2026-07-31T03:04:17.078Z,2026-07-31T03:05:03.678Z,2026-07-31T03:04:17.078Z,2026-07-31T03:05:03.678Z,46.6,46.6,2026-07-31T03:04:17.078Z
6073,c068765f-bc4b-4d33-9009-b6b68d7301b9,PW-01,"West Wall Bay 1",2026-07-31T03:04:17.068Z,2026-07-31T03:05:20.068Z,2026-07-31T03:04:17.068Z,2026-07-31T03:05:20.068Z,63.0,63.0,2026-07-31T03:04:17.068Z
6069,d7d541d5-3f88-4d1f-9f0c-b231e383dcfe,GF-R1-U7,"Gondola R1 Front U7",2026-07-31T03:04:16.467Z,2026-07-31T03:05:05.067Z,2026-07-31T03:04:16.467Z,2026-07-31T03:05:05.067Z,48.6,48.6,2026-07-31T03:04:16.467Z
6085,cbdbad10-c672-48e6-9bf3-91f8d34ff535,GF-R6-U5,"Gondola R6 Front U5",2026-07-31T03:04:13.245Z,2026-07-31T03:05:32.045Z,2026-07-31T03:04:13.245Z,2026-07-31T03:05:32.045Z,78.8,78.8,2026-07-31T03:04:13.245Z
6065,4f85f173-cd31-4ecc-b5ab-82910a8a5998,GF-R3-U4,"Gondola R3 Front U4",2026-07-31T03:04:09.967Z,2026-07-31T03:05:01.967Z,2026-07-31T03:04:09.967Z,2026-07-31T03:05:01.967Z,52.0,52.0,2026-07-31T03:04:09.967Z
6067,c77c3987-8e2b-459c-82fa-24c4cca89ba7,GF-R4-U2,"Gondola R4 Front U2",2026-07-31T03:04:09.468Z,2026-07-31T03:05:02.268Z,2026-07-31T03:04:09.468Z,2026-07-31T03:05:02.268Z,52.8,52.8,2026-07-31T03:04:09.468Z
6076,a5c48cc1-432e-454a-999e-eb06a8946335,PE-02,"East Wall Bay 2",2026-07-31T03:04:07.712Z,2026-07-31T03:05:21.312Z,2026-07-31T03:04:07.712Z,2026-07-31T03:05:21.312Z,73.6,73.6,2026-07-31T03:04:07.712Z
6061,953c0aeb-f99e-4f9b-9492-66da376b8432,GF-R4-U5,"Gondola R4 Front U5",2026-07-31T03:04:06.301Z,2026-07-31T03:04:58.301Z,2026-07-31T03:04:06.301Z,2026-07-31T03:04:58.301Z,52.0,52.0,2026-07-31T03:04:06.301Z
6060,c871173d-1922-4d04-9f7f-9569bc423dc7,GF-R6-U5,"Gondola R6 Front U5",2026-07-31T03:04:01.523Z,2026-07-31T03:04:51.923Z,2026-07-31T03:04:01.523Z,2026-07-31T03:04:51.923Z,50.4,50.4,2026-07-31T03:04:01.523Z
6050,164ec16c-bbbc-43bb-826e-87e57fe82d99,GF-R4-U4,"Gondola R4 Front U4",2026-07-31T03:04:00.078Z,2026-07-31T03:04:39.678Z,2026-07-31T03:04:00.078Z,2026-07-31T03:04:39.678Z,39.6,39.6,2026-07-31T03:04:00.078Z
6062,6c55b157-a463-4f21-beb8-e12efb1cc9b5,GF-R4-U4,"Gondola R4 Front U4",2026-07-31T03:03:56.745Z,2026-07-31T03:05:01.545Z,2026-07-31T03:03:56.745Z,2026-07-31T03:05:01.545Z,64.8,64.8,2026-07-31T03:03:56.745Z
6068,edd1569c-5759-4b18-8ea1-5a512c200e83,GF-R6-U5,"Gondola R6 Front U5",2026-07-31T03:03:56.124Z,2026-07-31T03:05:03.724Z,2026-07-31T03:03:56.124Z,2026-07-31T03:05:03.724Z,67.6,67.6,2026-07-31T03:03:56.124Z
6122,fae4482a-5b1c-4d6f-8c1f-194b58fc694e,PW-01,"West Wall Bay 1",2026-07-31T03:03:55.356Z,2026-07-31T03:04:57.756Z,2026-07-31T03:03:55.356Z,2026-07-31T03:04:57.756Z,62.4,62.4,2026-07-31T03:03:55.356Z
6123,395e9a5c-005a-4bc4-85f8-8a4daa920ac7,PW-01,"West Wall Bay 1",2026-07-31T03:03:55.356Z,2026-07-31T03:04:57.756Z,2026-07-31T03:03:55.356Z,2026-07-31T03:04:57.756Z,62.4,62.4,2026-07-31T03:03:55.356Z
6044,dc69f6bd-60f4-4e62-8635-772bfe9684b1,GB-R4-U3,"Gondola R4 Back U3",2026-07-31T03:03:52.321Z,2026-07-31T03:04:34.921Z,2026-07-31T03:03:52.321Z,2026-07-31T03:04:34.921Z,42.6,42.6,2026-07-31T03:03:52.321Z
6064,1d79ee5f-bab3-483a-a6aa-9b86e60c2ffb,CO-01,"Checkout Counter 1",2026-07-31T03:03:49.467Z,2026-07-31T03:04:45.467Z,2026-07-31T03:03:49.467Z,2026-07-31T03:04:45.467Z,56.0,56.0,2026-07-31T03:03:49.467Z
6036,da0254b4-bf71-491c-a4b1-8baa940a8a60,GB-R1-U5,"Gondola R1 Back U5",2026-07-31T03:03:45.967Z,2026-07-31T03:04:20.367Z,2026-07-31T03:03:45.967Z,2026-07-31T03:04:20.367Z,34.4,34.4,2026-07-31T03:03:45.967Z
6055,d87b35cb-48a9-468e-87f2-ba62f3d448d9,GF-R6-U1,"Gondola R6 Front U1",2026-07-31T03:03:43.634Z,2026-07-31T03:04:40.234Z,2026-07-31T03:03:43.634Z,2026-07-31T03:04:40.234Z,56.6,56.6,2026-07-31T03:03:43.634Z
6058,d506f26e-d1fd-4e98-9f52-6dc87e622582,GB-R5-U6,"Gondola R5 Back U6",2026-07-31T03:03:43.523Z,2026-07-31T03:04:43.723Z,2026-07-31T03:03:43.523Z,2026-07-31T03:04:43.723Z,60.2,60.2,2026-07-31T03:03:43.523Z
6025,953c0aeb-f99e-4f9b-9492-66da376b8432,PW-03,"West Wall Bay 3",2026-07-31T03:03:35.300Z,2026-07-31T03:04:05.300Z,2026-07-31T03:03:35.300Z,2026-07-31T03:04:05.300Z,30.0,30.0,2026-07-31T03:03:35.300Z
6026,bd15ab34-51b2-4ffd-8001-abe80a61d798,PW-03,"West Wall Bay 3",2026-07-31T03:03:35.300Z,2026-07-31T03:04:05.300Z,2026-07-31T03:03:35.300Z,2026-07-31T03:04:05.300Z,30.0,30.0,2026-07-31T03:03:35.300Z
6030,85bc8f75-a741-4cb8-891b-7200782836d4,GF-R6-U7,"Gondola R6 Front U7",2026-07-31T03:03:31.911Z,2026-07-31T03:04:08.711Z,2026-07-31T03:03:31.911Z,2026-07-31T03:04:08.711Z,36.8,36.8,2026-07-31T03:03:31.911Z
6032,ac868cb5-18d4-4b0a-a05f-61fda151c6b9,GF-R6-U7,"Gondola R6 Front U7",2026-07-31T03:03:31.911Z,2026-07-31T03:04:08.711Z,2026-07-31T03:03:31.911Z,2026-07-31T03:04:08.711Z,36.8,36.8,2026-07-31T03:03:31.911Z
6039,fde1ef4c-a4c4-4aa0-b4a7-4a8959f1b60e,GB-R3-U5,"Gondola R3 Back U5",2026-07-31T03:03:25.248Z,2026-07-31T03:04:19.448Z,2026-07-31T03:03:25.248Z,2026-07-31T03:04:19.448Z,54.2,54.2,2026-07-31T03:03:25.248Z
6049,52362fff-715c-432f-a9d9-5a37fbae220e,GF-R5-U5,"Gondola R5 Front U5",2026-07-31T03:03:18.578Z,2026-07-31T03:04:37.778Z,2026-07-31T03:03:18.578Z,2026-07-31T03:04:37.778Z,79.2,79.2,2026-07-31T03:03:18.578Z
6034,c068765f-bc4b-4d33-9009-b6b68d7301b9,GF-R4-U1,"Gondola R4 Front U1",2026-07-31T03:03:18.467Z,2026-07-31T03:04:16.067Z,2026-07-31T03:03:18.467Z,2026-07-31T03:04:16.067Z,57.6,57.6,2026-07-31T03:03:18.467Z
6027,c77c3987-8e2b-459c-82fa-24c4cca89ba7,GB-R4-U4,"Gondola R4 Back U4",2026-07-31T03:03:16.467Z,2026-07-31T03:04:08.467Z,2026-07-31T03:03:16.467Z,2026-07-31T03:04:08.467Z,52.0,52.0,2026-07-31T03:03:16.467Z
6022,dc69f6bd-60f4-4e62-8635-772bfe9684b1,GB-R4-U6,"Gondola R4 Back U6",2026-07-31T03:03:15.520Z,2026-07-31T03:03:51.320Z,2026-07-31T03:03:15.520Z,2026-07-31T03:03:51.320Z,35.8,35.8,2026-07-31T03:03:15.520Z
6042,d18b6f5c-bb50-4151-b3b2-a0e3febbb5bc,PW-01,"West Wall Bay 1",2026-07-31T03:03:13.800Z,2026-07-31T03:04:35.200Z,2026-07-31T03:03:13.800Z,2026-07-31T03:04:35.200Z,81.4,81.4,2026-07-31T03:03:13.800Z
6021,8acf2aad-528f-4729-a24a-d31a447fbb34,GB-R6-U3,"Gondola R6 Back U3",2026-07-31T03:03:13.523Z,2026-07-31T03:03:55.123Z,2026-07-31T03:03:13.523Z,2026-07-31T03:03:55.123Z,41.6,41.6,2026-07-31T03:03:13.523Z
