style_color_size,style_no,brand,brand_name,year,season,season_name,item,item_name,classification_key,serial,division,color,color_name,color_ko,family,swatch,size
T221DC001P0085,T221DC001P,T,TBJ,22,1,SPRING,DC,DENIM COAT,denim.dc,001,P,00,WHITE,화이트,White,#f5f5f5,85
T221DC001P0090,T221DC001P,T,TBJ,22,1,SPRING,DC,DENIM COAT,denim.dc,001,P,00,WHITE,화이트,White,#f5f5f5,90
T221DC001P0095,T221DC001P,T,TBJ,22,1,SPRING,DC,DENIM COAT,denim.dc,001,P,00,WHITE,화이트,White,#f5f5f5,95
T221DC001P00100,T221DC001P,T,TBJ,22,1,SPRING,DC,DENIM COAT,denim.dc,001,P,00,WHITE,화이트,White,#f5f5f5,100
T221DC001P00105,T221DC001P,T,TBJ,22,1,SPRING,DC,DENIM COAT,denim.dc,001,P,00,WHITE,화이트,White,#f5f5f5,105
T221DC001P00F,T221DC001P,T,TBJ,22,1,SPRING,DC,DENIM COAT,denim.dc,001,P,00,WHITE,화이트,White,#f5f5f5,F
T221DC002P0685,T221DC002P,T,TBJ,22,1,SPRING,DC,DENIM COAT,denim.dc,002,P,06,NAVY,네이비,Blue,#1f4e8c,85
T221DC002P0690,T221DC002P,T,TBJ,22,1,SPRING,DC,DENIM COAT,denim.dc,002,P,06,NAVY,네이비,Blue,#1f4e8c,90
T221DC002P0695,T221DC002P,T,TBJ,22,1,SPRING,DC,DENIM COAT,denim.dc,002,P,06,NAVY,네이비,Blue,#1f4e8c,95
T221DC002P06100,T221DC002P,T,TBJ,22,1,SPRING,DC,DENIM COAT,denim.dc,002,P,06,NAVY,네이비,Blue,#1f4e8c,100
T221DC002P06105,T221DC002P,T,TBJ,22,1,SPRING,DC,DENIM COAT,denim.dc,002,P,06,NAVY,네이비,Blue,#1f4e8c,105
T221DC002P06F,T221DC002P,T,TBJ,22,1,SPRING,DC,DENIM COAT,denim.dc,002,P,06,NAVY,네이비,Blue,#1f4e8c,F
T221DC003P1985,T221DC003P,T,TBJ,22,1,SPRING,DC,DENIM COAT,denim.dc,003,P,19,BLACK,블랙,Black,#1a1a1a,85
T221DC003P1990,T221DC003P,T,TBJ,22,1,SPRING,DC,DENIM COAT,denim.dc,003,P,19,BLACK,블랙,Black,#1a1a1a,90
T221DC003P1995,T221DC003P,T,TBJ,22,1,SPRING,DC,DENIM COAT,denim.dc,003,P,19,BLACK,블랙,Black,#1a1a1a,95
T221DC003P19100,T221DC003P,T,TBJ,22,1,SPRING,DC,DENIM COAT,denim.dc,003,P,19,BLACK,블랙,Black,#1a1a1a,100
T221DC003P19105,T221DC003P,T,TBJ,22,1,SPRING,DC,DENIM COAT,denim.dc,003,P,19,BLACK,블랙,Black,#1a1a1a,105
T221DC003P19F,T221DC003P,T,TBJ,22,1,SPRING,DC,DENIM COAT,denim.dc,003,P,19,BLACK,블랙,Black,#1a1a1a,F
T221DC004P1285,T221DC004P,T,TBJ,22,1,SPRING,DC,DENIM COAT,denim.dc,004,P,12,GREY,그레이,Gray,#808080,85
T221DC004P1290,T221DC004P,T,TBJ,22,1,SPRING,DC,DENIM COAT,denim.dc,004,P,12,GREY,그레이,Gray,#808080,90
T221DC004P1295,T221DC004P,T,TBJ,22,1,SPRING,DC,DENIM COAT,denim.dc,004,P,12,GREY,그레이,Gray,#808080,95
T221DC004P12100,T221DC004P,T,TBJ,22,1,SPRING,DC,DENIM COAT,denim.dc,004,P,12,GREY,그레이,Gray,#808080,100
T221DC004P12105,T221DC004P,T,TBJ,22,1,SPRING,DC,DENIM COAT,denim.dc,004,P,12,GREY,그레이,Gray,#808080,105
T221DC004P12F,T221DC004P,T,TBJ,22,1,SPRING,DC,DENIM COAT,denim.dc,004,P,12,GREY,그레이,Gray,#808080,F
T221DC005P3185,T221DC005P,T,TBJ,22,1,SPRING,DC,DENIM COAT,denim.dc,005,P,31,PINK,핑크,Pink,#e84d8a,85
T221DC005P3190,T221DC005P,T,TBJ,22,1,SPRING,DC,DENIM COAT,denim.dc,005,P,31,PINK,핑크,Pink,#e84d8a,90
T221DC005P3195,T221DC005P,T,TBJ,22,1,SPRING,DC,DENIM COAT,denim.dc,005,P,31,PINK,핑크,Pink,#e84d8a,95
T221DC005P31100,T221DC005P,T,TBJ,22,1,SPRING,DC,DENIM COAT,denim.dc,005,P,31,PINK,핑크,Pink,#e84d8a,100
T221DC005P31105,T221DC005P,T,TBJ,22,1,SPRING,DC,DENIM COAT,denim.dc,005,P,31,PINK,핑크,Pink,#e84d8a,105
T221DC005P31F,T221DC005P,T,TBJ,22,1,SPRING,DC,DENIM COAT,denim.dc,005,P,31,PINK,핑크,Pink,#e84d8a,F
T221DC006P5185,T221DC006P,T,TBJ,22,1,SPRING,DC,DENIM COAT,denim.dc,006,P,51,GREEN,그린,Green,#3f7d3a,85
T221DC006P5190,T221DC006P,T,TBJ,22,1,SPRING,DC,DENIM COAT,denim.dc,006,P,51,GREEN,그린,Green,#3f7d3a,90
T221DC006P5195,T221DC006P,T,TBJ,22,1,SPRING,DC,DENIM COAT,denim.dc,006,P,51,GREEN,그린,Green,#3f7d3a,95
T221DC006P51100,T221DC006P,T,TBJ,22,1,SPRING,DC,DENIM COAT,denim.dc,006,P,51,GREEN,그린,Green,#3f7d3a,100
T221DC006P51105,T221DC006P,T,TBJ,22,1,SPRING,DC,DENIM COAT,denim.dc,006,P,51,GREEN,그린,Green,#3f7d3a,105
T221DC006P51F,T221DC006P,T,TBJ,22,1,SPRING,DC,DENIM COAT,denim.dc,006,P,51,GREEN,그린,Green,#3f7d3a,F
T221DJ007P0085,T221DJ007P,T,TBJ,22,1,SPRING,DJ,DENIM JACKET,denim.dj,007,P,00,WHITE,화이트,White,#f5f5f5,85
T221DJ007P0090,T221DJ007P,T,TBJ,22,1,SPRING,DJ,DENIM JACKET,denim.dj,007,P,00,WHITE,화이트,White,#f5f5f5,90
T221DJ007P0095,T221DJ007P,T,TBJ,22,1,SPRING,DJ,DENIM JACKET,denim.dj,007,P,00,WHITE,화이트,White,#f5f5f5,95
T221DJ007P00100,T221DJ007P,T,TBJ,22,1,SPRING,DJ,DENIM JACKET,denim.dj,007,P,00,WHITE,화이트,White,#f5f5f5,100
T221DJ007P00105,T221DJ007P,T,TBJ,22,1,SPRING,DJ,DENIM JACKET,denim.dj,007,P,00,WHITE,화이트,White,#f5f5f5,105
T221DJ007P00F,T221DJ007P,T,TBJ,22,1,SPRING,DJ,DENIM JACKET,denim.dj,007,P,00,WHITE,화이트,White,#f5f5f5,F
T221DJ008P0685,T221DJ008P,T,TBJ,22,1,SPRING,DJ,DENIM JACKET,denim.dj,008,P,06,NAVY,네이비,Blue,#1f4e8c,85
T221DJ008P0690,T221DJ008P,T,TBJ,22,1,SPRING,DJ,DENIM JACKET,denim.dj,008,P,06,NAVY,네이비,Blue,#1f4e8c,90
T221DJ008P0695,T221DJ008P,T,TBJ,22,1,SPRING,DJ,DENIM JACKET,denim.dj,008,P,06,NAVY,네이비,Blue,#1f4e8c,95
T221DJ008P06100,T221DJ008P,T,TBJ,22,1,SPRING,DJ,DENIM JACKET,denim.dj,008,P,06,NAVY,네이비,Blue,#1f4e8c,100
T221DJ008P06105,T221DJ008P,T,TBJ,22,1,SPRING,DJ,DENIM JACKET,denim.dj,008,P,06,NAVY,네이비,Blue,#1f4e8c,105
T221DJ008P06F,T221DJ008P,T,TBJ,22,1,SPRING,DJ,DENIM JACKET,denim.dj,008,P,06,NAVY,네이비,Blue,#1f4e8c,F
T221DJ009P1985,T221DJ009P,T,TBJ,22,1,SPRING,DJ,DENIM JACKET,denim.dj,009,P,19,BLACK,블랙,Black,#1a1a1a,85
T221DJ009P1990,T221DJ009P,T,TBJ,22,1,SPRING,DJ,DENIM JACKET,denim.dj,009,P,19,BLACK,블랙,Black,#1a1a1a,90
T221DJ009P1995,T221DJ009P,T,TBJ,22,1,SPRING,DJ,DENIM JACKET,denim.dj,009,P,19,BLACK,블랙,Black,#1a1a1a,95
T221DJ009P19100,T221DJ009P,T,TBJ,22,1,SPRING,DJ,DENIM JACKET,denim.dj,009,P,19,BLACK,블랙,Black,#1a1a1a,100
T221DJ009P19105,T221DJ009P,T,TBJ,22,1,SPRING,DJ,DENIM JACKET,denim.dj,009,P,19,BLACK,블랙,Black,#1a1a1a,105
T221DJ009P19F,T221DJ009P,T,TBJ,22,1,SPRING,DJ,DENIM JACKET,denim.dj,009,P,19,BLACK,블랙,Black,#1a1a1a,F
T221DJ010P1285,T221DJ010P,T,TBJ,22,1,SPRING,DJ,DENIM JACKET,denim.dj,010,P,12,GREY,그레이,Gray,#808080,85
T221DJ010P1290,T221DJ010P,T,TBJ,22,1,SPRING,DJ,DENIM JACKET,denim.dj,010,P,12,GREY,그레이,Gray,#808080,90
T221DJ010P1295,T221DJ010P,T,TBJ,22,1,SPRING,DJ,DENIM JACKET,denim.dj,010,P,12,GREY,그레이,Gray,#808080,95
T221DJ010P12100,T221DJ010P,T,TBJ,22,1,SPRING,DJ,DENIM JACKET,denim.dj,010,P,12,GREY,그레이,Gray,#808080,100
T221DJ010P12105,T221DJ010P,T,TBJ,22,1,SPRING,DJ,DENIM JACKET,denim.dj,010,P,12,GREY,그레이,Gray,#808080,105
T221DJ010P12F,T221DJ010P,T,TBJ,22,1,SPRING,DJ,DENIM JACKET,denim.dj,010,P,12,GREY,그레이,Gray,#808080,F
T221DJ011P3185,T221DJ011P,T,TBJ,22,1,SPRING,DJ,DENIM JACKET,denim.dj,011,P,31,PINK,핑크,Pink,#e84d8a,85
T221DJ011P3190,T221DJ011P,T,TBJ,22,1,SPRING,DJ,DENIM JACKET,denim.dj,011,P,31,PINK,핑크,Pink,#e84d8a,90
T221DJ011P3195,T221DJ011P,T,TBJ,22,1,SPRING,DJ,DENIM JACKET,denim.dj,011,P,31,PINK,핑크,Pink,#e84d8a,95
T221DJ011P31100,T221DJ011P,T,TBJ,22,1,SPRING,DJ,DENIM JACKET,denim.dj,011,P,31,PINK,핑크,Pink,#e84d8a,100
T221DJ011P31105,T221DJ011P,T,TBJ,22,1,SPRING,DJ,DENIM JACKET,denim.dj,011,P,31,PINK,핑크,Pink,#e84d8a,105
T221DJ011P31F,T221DJ011P,T,TBJ,22,1,SPRING,DJ,DENIM JACKET,denim.dj,011,P,31,PINK,핑크,Pink,#e84d8a,F
T221DJ012P5185,T221DJ012P,T,TBJ,22,1,SPRING,DJ,DENIM JACKET,denim.dj,012,P,51,GREEN,그린,Green,#3f7d3a,85
T221DJ012P5190,T221DJ012P,T,TBJ,22,1,SPRING,DJ,DENIM JACKET,denim.dj,012,P,51,GREEN,그린,Green,#3f7d3a,90
T221DJ012P5195,T221DJ012P,T,TBJ,22,1,SPRING,DJ,DENIM JACKET,denim.dj,012,P,51,GREEN,그린,Green,#3f7d3a,95
T221DJ012P51100,T221DJ012P,T,TBJ,22,1,SPRING,DJ,DENIM JACKET,denim.dj,012,P,51,GREEN,그린,Green,#3f7d3a,100
T221DJ012P51105,T221DJ012P,T,TBJ,22,1,SPRING,DJ,DENIM JACKET,denim.dj,012,P,51,GREEN,그린,Green,#3f7d3a,105
T221DJ012P51F,T221DJ012P,T,TBJ,22,1,SPRING,DJ,DENIM JACKET,denim.dj,012,P,51,GREEN,그린,Green,#3f7d3a,F
T221DP013P0028,T221DP013P,T,TBJ,22,1,SPRING,DP,DENIM PANTS,denim.dp,013,P,00,WHITE,화이트,White,#f5f5f5,28
T221DP013P0030,T221DP013P,T,TBJ,22,1,SPRING,DP,DENIM PANTS,denim.dp,013,P,00,WHITE,화이트,White,#f5f5f5,30
T221DP013P0032,T221DP013P,T,TBJ,22,1,SPRING,DP,DENIM PANTS,denim.dp,013,P,00,WHITE,화이트,White,#f5f5f5,32
T221DP013P0034,T221DP013P,T,TBJ,22,1,SPRING,DP,DENIM PANTS,denim.dp,013,P,00,WHITE,화이트,White,#f5f5f5,34
T221DP013P0036,T221DP013P,T,TBJ,22,1,SPRING,DP,DENIM PANTS,denim.dp,013,P,00,WHITE,화이트,White,#f5f5f5,36
T221DP013P00F,T221DP013P,T,TBJ,22,1,SPRING,DP,DENIM PANTS,denim.dp,013,P,00,WHITE,화이트,White,#f5f5f5,F
T221DP014P0628,T221DP014P,T,TBJ,22,1,SPRING,DP,DENIM PANTS,denim.dp,014,P,06,NAVY,네이비,Blue,#1f4e8c,28
T221DP014P0630,T221DP014P,T,TBJ,22,1,SPRING,DP,DENIM PANTS,denim.dp,014,P,06,NAVY,네이비,Blue,#1f4e8c,30
T221DP014P0632,T221DP014P,T,TBJ,22,1,SPRING,DP,DENIM PANTS,denim.dp,014,P,06,NAVY,네이비,Blue,#1f4e8c,32
T221DP014P0634,T221DP014P,T,TBJ,22,1,SPRING,DP,DENIM PANTS,denim.dp,014,P,06,NAVY,네이비,Blue,#1f4e8c,34
T221DP014P0636,T221DP014P,T,TBJ,22,1,SPRING,DP,DENIM PANTS,denim.dp,014,P,06,NAVY,네이비,Blue,#1f4e8c,36
T221DP014P06F,T221DP014P,T,TBJ,22,1,SPRING,DP,DENIM PANTS,denim.dp,014,P,06,NAVY,네이비,Blue,#1f4e8c,F
T221DP015P1928,T221DP015P,T,TBJ,22,1,SPRING,DP,DENIM PANTS,denim.dp,015,P,19,BLACK,블랙,Black,#1a1a1a,28
T221DP015P1930,T221DP015P,T,TBJ,22,1,SPRING,DP,DENIM PANTS,denim.dp,015,P,19,BLACK,블랙,Black,#1a1a1a,30
T221DP015P1932,T221DP015P,T,TBJ,22,1,SPRING,DP,DENIM PANTS,denim.dp,015,P,19,BLACK,블랙,Black,#1a1a1a,32
T221DP015P1934,T221DP015P,T,TBJ,22,1,SPRING,DP,DENIM PANTS,denim.dp,015,P,19,BLACK,블랙,Black,#1a1a1a,34
T221DP015P1936,T221DP015P,T,TBJ,22,1,SPRING,DP,DENIM PANTS,denim.dp,015,P,19,BLACK,블랙,Black,#1a1a1a,36
T221DP015P19F,T221DP015P,T,TBJ,22,1,SPRING,DP,DENIM PANTS,denim.dp,015,P,19,BLACK,블랙,Black,#1a1a1a,F
T221DP016P1228,T221DP016P,T,TBJ,22,1,SPRING,DP,DENIM PANTS,denim.dp,016,P,12,GREY,그레이,Gray,#808080,28
T221DP016P1230,T221DP016P,T,TBJ,22,1,SPRING,DP,DENIM PANTS,denim.dp,016,P,12,GREY,그레이,Gray,#808080,30
T221DP016P1232,T221DP016P,T,TBJ,22,1,SPRING,DP,DENIM PANTS,denim.dp,016,P,12,GREY,그레이,Gray,#808080,32
T221DP016P1234,T221DP016P,T,TBJ,22,1,SPRING,DP,DENIM PANTS,denim.dp,016,P,12,GREY,그레이,Gray,#808080,34
T221DP016P1236,T221DP016P,T,TBJ,22,1,SPRING,DP,DENIM PANTS,denim.dp,016,P,12,GREY,그레이,Gray,#808080,36
T221DP016P12F,T221DP016P,T,TBJ,22,1,SPRING,DP,DENIM PANTS,denim.dp,016,P,12,GREY,그레이,Gray,#808080,F
T221DP017P3128,T221DP017P,T,TBJ,22,1,SPRING,DP,DENIM PANTS,denim.dp,017,P,31,PINK,핑크,Pink,#e84d8a,28
T221DP017P3130,T221DP017P,T,TBJ,22,1,SPRING,DP,DENIM PANTS,denim.dp,017,P,31,PINK,핑크,Pink,#e84d8a,30
T221DP017P3132,T221DP017P,T,TBJ,22,1,SPRING,DP,DENIM PANTS,denim.dp,017,P,31,PINK,핑크,Pink,#e84d8a,32
T221DP017P3134,T221DP017P,T,TBJ,22,1,SPRING,DP,DENIM PANTS,denim.dp,017,P,31,PINK,핑크,Pink,#e84d8a,34
T221DP017P3136,T221DP017P,T,TBJ,22,1,SPRING,DP,DENIM PANTS,denim.dp,017,P,31,PINK,핑크,Pink,#e84d8a,36
T221DP017P31F,T221DP017P,T,TBJ,22,1,SPRING,DP,DENIM PANTS,denim.dp,017,P,31,PINK,핑크,Pink,#e84d8a,F
T221DP018P5128,T221DP018P,T,TBJ,22,1,SPRING,DP,DENIM PANTS,denim.dp,018,P,51,GREEN,그린,Green,#3f7d3a,28
T221DP018P5130,T221DP018P,T,TBJ,22,1,SPRING,DP,DENIM PANTS,denim.dp,018,P,51,GREEN,그린,Green,#3f7d3a,30
T221DP018P5132,T221DP018P,T,TBJ,22,1,SPRING,DP,DENIM PANTS,denim.dp,018,P,51,GREEN,그린,Green,#3f7d3a,32
T221DP018P5134,T221DP018P,T,TBJ,22,1,SPRING,DP,DENIM PANTS,denim.dp,018,P,51,GREEN,그린,Green,#3f7d3a,34
T221DP018P5136,T221DP018P,T,TBJ,22,1,SPRING,DP,DENIM PANTS,denim.dp,018,P,51,GREEN,그린,Green,#3f7d3a,36
T221DP018P51F,T221DP018P,T,TBJ,22,1,SPRING,DP,DENIM PANTS,denim.dp,018,P,51,GREEN,그린,Green,#3f7d3a,F
T221JK019P0085,T221JK019P,T,TBJ,22,1,SPRING,JK,WOVEN JACKET,woven.jk,019,P,00,WHITE,화이트,White,#f5f5f5,85
T221JK019P0090,T221JK019P,T,TBJ,22,1,SPRING,JK,WOVEN JACKET,woven.jk,019,P,00,WHITE,화이트,White,#f5f5f5,90
T221JK019P0095,T221JK019P,T,TBJ,22,1,SPRING,JK,WOVEN JACKET,woven.jk,019,P,00,WHITE,화이트,White,#f5f5f5,95
T221JK019P00100,T221JK019P,T,TBJ,22,1,SPRING,JK,WOVEN JACKET,woven.jk,019,P,00,WHITE,화이트,White,#f5f5f5,100
T221JK019P00105,T221JK019P,T,TBJ,22,1,SPRING,JK,WOVEN JACKET,woven.jk,019,P,00,WHITE,화이트,White,#f5f5f5,105
T221JK019P00F,T221JK019P,T,TBJ,22,1,SPRING,JK,WOVEN JACKET,woven.jk,019,P,00,WHITE,화이트,White,#f5f5f5,F
T221JK020P0685,T221JK020P,T,TBJ,22,1,SPRING,JK,WOVEN JACKET,woven.jk,020,P,06,NAVY,네이비,Blue,#1f4e8c,85
T221JK020P0690,T221JK020P,T,TBJ,22,1,SPRING,JK,WOVEN JACKET,woven.jk,020,P,06,NAVY,네이비,Blue,#1f4e8c,90
T221JK020P0695,T221JK020P,T,TBJ,22,1,SPRING,JK,WOVEN JACKET,woven.jk,020,P,06,NAVY,네이비,Blue,#1f4e8c,95
T221JK020P06100,T221JK020P,T,TBJ,22,1,SPRING,JK,WOVEN JACKET,woven.jk,020,P,06,NAVY,네이비,Blue,#1f4e8c,100
T221JK020P06105,T221JK020P,T,TBJ,22,1,SPRING,JK,WOVEN JACKET,woven.jk,020,P,06,NAVY,네이비,Blue,#1f4e8c,105
T221JK020P06F,T221JK020P,T,TBJ,22,1,SPRING,JK,WOVEN JACKET,woven.jk,020,P,06,NAVY,네이비,Blue,#1f4e8c,F
T221JK021P1985,T221JK021P,T,TBJ,22,1,SPRING,JK,WOVEN JACKET,woven.jk,021,P,19,BLACK,블랙,Black,#1a1a1a,85
T221JK021P1990,T221JK021P,T,TBJ,22,1,SPRING,JK,WOVEN JACKET,woven.jk,021,P,19,BLACK,블랙,Black,#1a1a1a,90
T221JK021P1995,T221JK021P,T,TBJ,22,1,SPRING,JK,WOVEN JACKET,woven.jk,021,P,19,BLACK,블랙,Black,#1a1a1a,95
T221JK021P19100,T221JK021P,T,TBJ,22,1,SPRING,JK,WOVEN JACKET,woven.jk,021,P,19,BLACK,블랙,Black,#1a1a1a,100
T221JK021P19105,T221JK021P,T,TBJ,22,1,SPRING,JK,WOVEN JACKET,woven.jk,021,P,19,BLACK,블랙,Black,#1a1a1a,105
T221JK021P19F,T221JK021P,T,TBJ,22,1,SPRING,JK,WOVEN JACKET,woven.jk,021,P,19,BLACK,블랙,Black,#1a1a1a,F
T221JK022P1285,T221JK022P,T,TBJ,22,1,SPRING,JK,WOVEN JACKET,woven.jk,022,P,12,GREY,그레이,Gray,#808080,85
T221JK022P1290,T221JK022P,T,TBJ,22,1,SPRING,JK,WOVEN JACKET,woven.jk,022,P,12,GREY,그레이,Gray,#808080,90
T221JK022P1295,T221JK022P,T,TBJ,22,1,SPRING,JK,WOVEN JACKET,woven.jk,022,P,12,GREY,그레이,Gray,#808080,95
T221JK022P12100,T221JK022P,T,TBJ,22,1,SPRING,JK,WOVEN JACKET,woven.jk,022,P,12,GREY,그레이,Gray,#808080,100
T221JK022P12105,T221JK022P,T,TBJ,22,1,SPRING,JK,WOVEN JACKET,woven.jk,022,P,12,GREY,그레이,Gray,#808080,105
T221JK022P12F,T221JK022P,T,TBJ,22,1,SPRING,JK,WOVEN JACKET,woven.jk,022,P,12,GREY,그레이,Gray,#808080,F
T221JK023P3185,T221JK023P,T,TBJ,22,1,SPRING,JK,WOVEN JACKET,woven.jk,023,P,31,PINK,핑크,Pink,#e84d8a,85
T221JK023P3190,T221JK023P,T,TBJ,22,1,SPRING,JK,WOVEN JACKET,woven.jk,023,P,31,PINK,핑크,Pink,#e84d8a,90
T221JK023P3195,T221JK023P,T,TBJ,22,1,SPRING,JK,WOVEN JACKET,woven.jk,023,P,31,PINK,핑크,Pink,#e84d8a,95
T221JK023P31100,T221JK023P,T,TBJ,22,1,SPRING,JK,WOVEN JACKET,woven.jk,023,P,31,PINK,핑크,Pink,#e84d8a,100
T221JK023P31105,T221JK023P,T,TBJ,22,1,SPRING,JK,WOVEN JACKET,woven.jk,023,P,31,PINK,핑크,Pink,#e84d8a,105
T221JK023P31F,T221JK023P,T,TBJ,22,1,SPRING,JK,WOVEN JACKET,woven.jk,023,P,31,PINK,핑크,Pink,#e84d8a,F
T221JK024P5185,T221JK024P,T,TBJ,22,1,SPRING,JK,WOVEN JACKET,woven.jk,024,P,51,GREEN,그린,Green,#3f7d3a,85
T221JK024P5190,T221JK024P,T,TBJ,22,1,SPRING,JK,WOVEN JACKET,woven.jk,024,P,51,GREEN,그린,Green,#3f7d3a,90
T221JK024P5195,T221JK024P,T,TBJ,22,1,SPRING,JK,WOVEN JACKET,woven.jk,024,P,51,GREEN,그린,Green,#3f7d3a,95
T221JK024P51100,T221JK024P,T,TBJ,22,1,SPRING,JK,WOVEN JACKET,woven.jk,024,P,51,GREEN,그린,Green,#3f7d3a,100
T221JK024P51105,T221JK024P,T,TBJ,22,1,SPRING,JK,WOVEN JACKET,woven.jk,024,P,51,GREEN,그린,Green,#3f7d3a,105
T221JK024P51F,T221JK024P,T,TBJ,22,1,SPRING,JK,WOVEN JACKET,woven.jk,024,P,51,GREEN,그린,Green,#3f7d3a,F
T221SH025P0085,T221SH025P,T,TBJ,22,1,SPRING,SH,WOVEN SHIRT,woven.sh,025,P,00,WHITE,화이트,White,#f5f5f5,85
T221SH025P0090,T221SH025P,T,TBJ,22,1,SPRING,SH,WOVEN SHIRT,woven.sh,025,P,00,WHITE,화이트,White,#f5f5f5,90
T221SH025P0095,T221SH025P,T,TBJ,22,1,SPRING,SH,WOVEN SHIRT,woven.sh,025,P,00,WHITE,화이트,White,#f5f5f5,95
T221SH025P00100,T221SH025P,T,TBJ,22,1,SPRING,SH,WOVEN SHIRT,woven.sh,025,P,00,WHITE,화이트,White,#f5f5f5,100
T221SH025P00105,T221SH025P,T,TBJ,22,1,SPRING,SH,WOVEN SHIRT,woven.sh,025,P,00,WHITE,화이트,White,#f5f5f5,105
T221SH025P00F,T221SH025P,T,TBJ,22,1,SPRING,SH,WOVEN SHIRT,woven.sh,025,P,00,WHITE,화이트,White,#f5f5f5,F
T221SH026P0685,T221SH026P,T,TBJ,22,1,SPRING,SH,WOVEN SHIRT,woven.sh,026,P,06,NAVY,네이비,Blue,#1f4e8c,85
T221SH026P0690,T221SH026P,T,TBJ,22,1,SPRING,SH,WOVEN SHIRT,woven.sh,026,P,06,NAVY,네이비,Blue,#1f4e8c,90
T221SH026P0695,T221SH026P,T,TBJ,22,1,SPRING,SH,WOVEN SHIRT,woven.sh,026,P,06,NAVY,네이비,Blue,#1f4e8c,95
T221SH026P06100,T221SH026P,T,TBJ,22,1,SPRING,SH,WOVEN SHIRT,woven.sh,026,P,06,NAVY,네이비,Blue,#1f4e8c,100
T221SH026P06105,T221SH026P,T,TBJ,22,1,SPRING,SH,WOVEN SHIRT,woven.sh,026,P,06,NAVY,네이비,Blue,#1f4e8c,105
T221SH026P06F,T221SH026P,T,TBJ,22,1,SPRING,SH,WOVEN SHIRT,woven.sh,026,P,06,NAVY,네이비,Blue,#1f4e8c,F
T221SH027P1985,T221SH027P,T,TBJ,22,1,SPRING,SH,WOVEN SHIRT,woven.sh,027,P,19,BLACK,블랙,Black,#1a1a1a,85
T221SH027P1990,T221SH027P,T,TBJ,22,1,SPRING,SH,WOVEN SHIRT,woven.sh,027,P,19,BLACK,블랙,Black,#1a1a1a,90
T221SH027P1995,T221SH027P,T,TBJ,22,1,SPRING,SH,WOVEN SHIRT,woven.sh,027,P,19,BLACK,블랙,Black,#1a1a1a,95
T221SH027P19100,T221SH027P,T,TBJ,22,1,SPRING,SH,WOVEN SHIRT,woven.sh,027,P,19,BLACK,블랙,Black,#1a1a1a,100
T221SH027P19105,T221SH027P,T,TBJ,22,1,SPRING,SH,WOVEN SHIRT,woven.sh,027,P,19,BLACK,블랙,Black,#1a1a1a,105
T221SH027P19F,T221SH027P,T,TBJ,22,1,SPRING,SH,WOVEN SHIRT,woven.sh,027,P,19,BLACK,블랙,Black,#1a1a1a,F
T221SH028P1285,T221SH028P,T,TBJ,22,1,SPRING,SH,WOVEN SHIRT,woven.sh,028,P,12,GREY,그레이,Gray,#808080,85
T221SH028P1290,T221SH028P,T,TBJ,22,1,SPRING,SH,WOVEN SHIRT,woven.sh,028,P,12,GREY,그레이,Gray,#808080,90
T221SH028P1295,T221SH028P,T,TBJ,22,1,SPRING,SH,WOVEN SHIRT,woven.sh,028,P,12,GREY,그레이,Gray,#808080,95
T221SH028P12100,T221SH028P,T,TBJ,22,1,SPRING,SH,WOVEN SHIRT,woven.sh,028,P,12,GREY,그레이,Gray,#808080,100
T221SH028P12105,T221SH028P,T,TBJ,22,1,SPRING,SH,WOVEN SHIRT,woven.sh,028,P,12,GREY,그레이,Gray,#808080,105
T221SH028P12F,T221SH028P,T,TBJ,22,1,SPRING,SH,WOVEN SHIRT,woven.sh,028,P,12,GREY,그레이,Gray,#808080,F
T221SH029P3185,T221SH029P,T,TBJ,22,1,SPRING,SH,WOVEN SHIRT,woven.sh,029,P,31,PINK,핑크,Pink,#e84d8a,85
T221SH029P3190,T221SH029P,T,TBJ,22,1,SPRING,SH,WOVEN SHIRT,woven.sh,029,P,31,PINK,핑크,Pink,#e84d8a,90
T221SH029P3195,T221SH029P,T,TBJ,22,1,SPRING,SH,WOVEN SHIRT,woven.sh,029,P,31,PINK,핑크,Pink,#e84d8a,95
T221SH029P31100,T221SH029P,T,TBJ,22,1,SPRING,SH,WOVEN SHIRT,woven.sh,029,P,31,PINK,핑크,Pink,#e84d8a,100
T221SH029P31105,T221SH029P,T,TBJ,22,1,SPRING,SH,WOVEN SHIRT,woven.sh,029,P,31,PINK,핑크,Pink,#e84d8a,105
T221SH029P31F,T221SH029P,T,TBJ,22,1,SPRING,SH,WOVEN SHIRT,woven.sh,029,P,31,PINK,핑크,Pink,#e84d8a,F
T221SH030P5185,T221SH030P,T,TBJ,22,1,SPRING,SH,WOVEN SHIRT,woven.sh,030,P,51,GREEN,그린,Green,#3f7d3a,85
T221SH030P5190,T221SH030P,T,TBJ,22,1,SPRING,SH,WOVEN SHIRT,woven.sh,030,P,51,GREEN,그린,Green,#3f7d3a,90
T221SH030P5195,T221SH030P,T,TBJ,22,1,SPRING,SH,WOVEN SHIRT,woven.sh,030,P,51,GREEN,그린,Green,#3f7d3a,95
T221SH030P51100,T221SH030P,T,TBJ,22,1,SPRING,SH,WOVEN SHIRT,woven.sh,030,P,51,GREEN,그린,Green,#3f7d3a,100
T221SH030P51105,T221SH030P,T,TBJ,22,1,SPRING,SH,WOVEN SHIRT,woven.sh,030,P,51,GREEN,그린,Green,#3f7d3a,105
T221SH030P51F,T221SH030P,T,TBJ,22,1,SPRING,SH,WOVEN SHIRT,woven.sh,030,P,51,GREEN,그린,Green,#3f7d3a,F
T221PT031P0028,T221PT031P,T,TBJ,22,1,SPRING,PT,WOVEN PANTS,woven.pt,031,P,00,WHITE,화이트,White,#f5f5f5,28
T221PT031P0030,T221PT031P,T,TBJ,22,1,SPRING,PT,WOVEN PANTS,woven.pt,031,P,00,WHITE,화이트,White,#f5f5f5,30
T221PT031P0032,T221PT031P,T,TBJ,22,1,SPRING,PT,WOVEN PANTS,woven.pt,031,P,00,WHITE,화이트,White,#f5f5f5,32
T221PT031P0034,T221PT031P,T,TBJ,22,1,SPRING,PT,WOVEN PANTS,woven.pt,031,P,00,WHITE,화이트,White,#f5f5f5,34
T221PT031P0036,T221PT031P,T,TBJ,22,1,SPRING,PT,WOVEN PANTS,woven.pt,031,P,00,WHITE,화이트,White,#f5f5f5,36
T221PT031P00F,T221PT031P,T,TBJ,22,1,SPRING,PT,WOVEN PANTS,woven.pt,031,P,00,WHITE,화이트,White,#f5f5f5,F
T221PT032P0628,T221PT032P,T,TBJ,22,1,SPRING,PT,WOVEN PANTS,woven.pt,032,P,06,NAVY,네이비,Blue,#1f4e8c,28
T221PT032P0630,T221PT032P,T,TBJ,22,1,SPRING,PT,WOVEN PANTS,woven.pt,032,P,06,NAVY,네이비,Blue,#1f4e8c,30
T221PT032P0632,T221PT032P,T,TBJ,22,1,SPRING,PT,WOVEN PANTS,woven.pt,032,P,06,NAVY,네이비,Blue,#1f4e8c,32
T221PT032P0634,T221PT032P,T,TBJ,22,1,SPRING,PT,WOVEN PANTS,woven.pt,032,P,06,NAVY,네이비,Blue,#1f4e8c,34
T221PT032P0636,T221PT032P,T,TBJ,22,1,SPRING,PT,WOVEN PANTS,woven.pt,032,P,06,NAVY,네이비,Blue,#1f4e8c,36
T221PT032P06F,T221PT032P,T,TBJ,22,1,SPRING,PT,WOVEN PANTS,woven.pt,032,P,06,NAVY,네이비,Blue,#1f4e8c,F
T221PT033P1928,T221PT033P,T,TBJ,22,1,SPRING,PT,WOVEN PANTS,woven.pt,033,P,19,BLACK,블랙,Black,#1a1a1a,28
T221PT033P1930,T221PT033P,T,TBJ,22,1,SPRING,PT,WOVEN PANTS,woven.pt,033,P,19,BLACK,블랙,Black,#1a1a1a,30
T221PT033P1932,T221PT033P,T,TBJ,22,1,SPRING,PT,WOVEN PANTS,woven.pt,033,P,19,BLACK,블랙,Black,#1a1a1a,32
T221PT033P1934,T221PT033P,T,TBJ,22,1,SPRING,PT,WOVEN PANTS,woven.pt,033,P,19,BLACK,블랙,Black,#1a1a1a,34
T221PT033P1936,T221PT033P,T,TBJ,22,1,SPRING,PT,WOVEN PANTS,woven.pt,033,P,19,BLACK,블랙,Black,#1a1a1a,36
T221PT033P19F,T221PT033P,T,TBJ,22,1,SPRING,PT,WOVEN PANTS,woven.pt,033,P,19,BLACK,블랙,Black,#1a1a1a,F
T221PT034P1228,T221PT034P,T,TBJ,22,1,SPRING,PT,WOVEN PANTS,woven.pt,034,P,12,GREY,그레이,Gray,#808080,28
T221PT034P1230,T221PT034P,T,TBJ,22,1,SPRING,PT,WOVEN PANTS,woven.pt,034,P,12,GREY,그레이,Gray,#808080,30
T221PT034P1232,T221PT034P,T,TBJ,22,1,SPRING,PT,WOVEN PANTS,woven.pt,034,P,12,GREY,그레이,Gray,#808080,32
T221PT034P1234,T221PT034P,T,TBJ,22,1,SPRING,PT,WOVEN PANTS,woven.pt,034,P,12,GREY,그레이,Gray,#808080,34
T221PT034P1236,T221PT034P,T,TBJ,22,1,SPRING,PT,WOVEN PANTS,woven.pt,034,P,12,GREY,그레이,Gray,#808080,36
T221PT034P12F,T221PT034P,T,TBJ,22,1,SPRING,PT,WOVEN PANTS,woven.pt,034,P,12,GREY,그레이,Gray,#808080,F
T221PT035P3128,T221PT035P,T,TBJ,22,1,SPRING,PT,WOVEN PANTS,woven.pt,035,P,31,PINK,핑크,Pink,#e84d8a,28
T221PT035P3130,T221PT035P,T,TBJ,22,1,SPRING,PT,WOVEN PANTS,woven.pt,035,P,31,PINK,핑크,Pink,#e84d8a,30
T221PT035P3132,T221PT035P,T,TBJ,22,1,SPRING,PT,WOVEN PANTS,woven.pt,035,P,31,PINK,핑크,Pink,#e84d8a,32
T221PT035P3134,T221PT035P,T,TBJ,22,1,SPRING,PT,WOVEN PANTS,woven.pt,035,P,31,PINK,핑크,Pink,#e84d8a,34
T221PT035P3136,T221PT035P,T,TBJ,22,1,SPRING,PT,WOVEN PANTS,woven.pt,035,P,31,PINK,핑크,Pink,#e84d8a,36
T221PT035P31F,T221PT035P,T,TBJ,22,1,SPRING,PT,WOVEN PANTS,woven.pt,035,P,31,PINK,핑크,Pink,#e84d8a,F
T221PT036P5128,T221PT036P,T,TBJ,22,1,SPRING,PT,WOVEN PANTS,woven.pt,036,P,51,GREEN,그린,Green,#3f7d3a,28
T221PT036P5130,T221PT036P,T,TBJ,22,1,SPRING,PT,WOVEN PANTS,woven.pt,036,P,51,GREEN,그린,Green,#3f7d3a,30
T221PT036P5132,T221PT036P,T,TBJ,22,1,SPRING,PT,WOVEN PANTS,woven.pt,036,P,51,GREEN,그린,Green,#3f7d3a,32
T221PT036P5134,T221PT036P,T,TBJ,22,1,SPRING,PT,WOVEN PANTS,woven.pt,036,P,51,GREEN,그린,Green,#3f7d3a,34
T221PT036P5136,T221PT036P,T,TBJ,22,1,SPRING,PT,WOVEN PANTS,woven.pt,036,P,51,GREEN,그린,Green,#3f7d3a,36
T221PT036P51F,T221PT036P,T,TBJ,22,1,SPRING,PT,WOVEN PANTS,woven.pt,036,P,51,GREEN,그린,Green,#3f7d3a,F
T221OP037P0085,T221OP037P,T,TBJ,22,1,SPRING,OP,WOVEN ONE PIECE,woven.op,037,P,00,WHITE,화이트,White,#f5f5f5,85
T221OP037P0090,T221OP037P,T,TBJ,22,1,SPRING,OP,WOVEN ONE PIECE,woven.op,037,P,00,WHITE,화이트,White,#f5f5f5,90
T221OP037P0095,T221OP037P,T,TBJ,22,1,SPRING,OP,WOVEN ONE PIECE,woven.op,037,P,00,WHITE,화이트,White,#f5f5f5,95
T221OP037P00100,T221OP037P,T,TBJ,22,1,SPRING,OP,WOVEN ONE PIECE,woven.op,037,P,00,WHITE,화이트,White,#f5f5f5,100
T221OP037P00105,T221OP037P,T,TBJ,22,1,SPRING,OP,WOVEN ONE PIECE,woven.op,037,P,00,WHITE,화이트,White,#f5f5f5,105
T221OP037P00F,T221OP037P,T,TBJ,22,1,SPRING,OP,WOVEN ONE PIECE,woven.op,037,P,00,WHITE,화이트,White,#f5f5f5,F
T221OP038P0685,T221OP038P,T,TBJ,22,1,SPRING,OP,WOVEN ONE PIECE,woven.op,038,P,06,NAVY,네이비,Blue,#1f4e8c,85
T221OP038P0690,T221OP038P,T,TBJ,22,1,SPRING,OP,WOVEN ONE PIECE,woven.op,038,P,06,NAVY,네이비,Blue,#1f4e8c,90
T221OP038P0695,T221OP038P,T,TBJ,22,1,SPRING,OP,WOVEN ONE PIECE,woven.op,038,P,06,NAVY,네이비,Blue,#1f4e8c,95
T221OP038P06100,T221OP038P,T,TBJ,22,1,SPRING,OP,WOVEN ONE PIECE,woven.op,038,P,06,NAVY,네이비,Blue,#1f4e8c,100
T221OP038P06105,T221OP038P,T,TBJ,22,1,SPRING,OP,WOVEN ONE PIECE,woven.op,038,P,06,NAVY,네이비,Blue,#1f4e8c,105
T221OP038P06F,T221OP038P,T,TBJ,22,1,SPRING,OP,WOVEN ONE PIECE,woven.op,038,P,06,NAVY,네이비,Blue,#1f4e8c,F
T221OP039P1985,T221OP039P,T,TBJ,22,1,SPRING,OP,WOVEN ONE PIECE,woven.op,039,P,19,BLACK,블랙,Black,#1a1a1a,85
T221OP039P1990,T221OP039P,T,TBJ,22,1,SPRING,OP,WOVEN ONE PIECE,woven.op,039,P,19,BLACK,블랙,Black,#1a1a1a,90
T221OP039P1995,T221OP039P,T,TBJ,22,1,SPRING,OP,WOVEN ONE PIECE,woven.op,039,P,19,BLACK,블랙,Black,#1a1a1a,95
T221OP039P19100,T221OP039P,T,TBJ,22,1,SPRING,OP,WOVEN ONE PIECE,woven.op,039,P,19,BLACK,블랙,Black,#1a1a1a,100
T221OP039P19105,T221OP039P,T,TBJ,22,1,SPRING,OP,WOVEN ONE PIECE,woven.op,039,P,19,BLACK,블랙,Black,#1a1a1a,105
T221OP039P19F,T221OP039P,T,TBJ,22,1,SPRING,OP,WOVEN ONE PIECE,woven.op,039,P,19,BLACK,블랙,Black,#1a1a1a,F
T221OP040P1285,T221OP040P,T,TBJ,22,1,SPRING,OP,WOVEN ONE PIECE,woven.op,040,P,12,GREY,그레이,Gray,#808080,85
T221OP040P1290,T221OP040P,T,TBJ,22,1,SPRING,OP,WOVEN ONE PIECE,woven.op,040,P,12,GREY,그레이,Gray,#808080,90
T221OP040P1295,T221OP040P,T,TBJ,22,1,SPRING,OP,WOVEN ONE PIECE,woven.op,040,P,12,GREY,그레이,Gray,#808080,95
T221OP040P12100,T221OP040P,T,TBJ,22,1,SPRING,OP,WOVEN ONE PIECE,woven.op,040,P,12,GREY,그레이,Gray,#808080,100
T221OP040P12105,T221OP040P,T,TBJ,22,1,SPRING,OP,WOVEN ONE PIECE,woven.op,040,P,12,GREY,그레이,Gray,#808080,105
T221OP040P12F,T221OP040P,T,TBJ,22,1,SPRING,OP,WOVEN ONE PIECE,woven.op,040,P,12,GREY,그레이,Gray,#808080,F
T221OP041P3185,T221OP041P,T,TBJ,22,1,SPRING,OP,WOVEN ONE PIECE,woven.op,041,P,31,PINK,핑크,Pink,#e84d8a,85
T221OP041P3190,T221OP041P,T,TBJ,22,1,SPRING,OP,WOVEN ONE PIECE,woven.op,041,P,31,PINK,핑크,Pink,#e84d8a,90
T221OP041P3195,T221OP041P,T,TBJ,22,1,SPRING,OP,WOVEN ONE PIECE,woven.op,041,P,31,PINK,핑크,Pink,#e84d8a,95
T221OP041P31100,T221OP041P,T,TBJ,22,1,SPRING,OP,WOVEN ONE PIECE,woven.op,041,P,31,PINK,핑크,Pink,#e84d8a,100
T221OP041P31105,T221OP041P,T,TBJ,22,1,SPRING,OP,WOVEN ONE PIECE,woven.op,041,P,31,PINK,핑크,Pink,#e84d8a,105
T221OP041P31F,T221OP041P,T,TBJ,22,1,SPRING,OP,WOVEN ONE PIECE,woven.op,041,P,31,PINK,핑크,Pink,#e84d8a,F
T221OP042P5185,T221OP042P,T,TBJ,22,1,SPRING,OP,WOVEN ONE PIECE,woven.op,042,P,51,GREEN,그린,Green,#3f7d3a,85
T221OP042P5190,T221OP042P,T,TBJ,22,1,SPRING,OP,WOVEN ONE PIECE,woven.op,042,P,51,GREEN,그린,Green,#3f7d3a,90
T221OP042P5195,T221OP042P,T,TBJ,22,1,SPRING,OP,WOVEN ONE PIECE,woven.op,042,P,51,GREEN,그린,Green,#3f7d3a,95
T221OP042P51100,T221OP042P,T,TBJ,22,1,SPRING,OP,WOVEN ONE PIECE,woven.op,042,P,51,GREEN,그린,Green,#3f7d3a,100
T221OP042P51105,T221OP042P,T,TBJ,22,1,SPRING,OP,WOVEN ONE PIECE,woven.op,042,P,51,GREEN,그린,Green,#3f7d3a,105
T221OP042P51F,T221OP042P,T,TBJ,22,1,SPRING,OP,WOVEN ONE PIECE,woven.op,042,P,51,GREEN,그린,Green,#3f7d3a,F
T221KC043P0085,T221KC043P,T,TBJ,22,1,SPRING,KC,KNIT CARDIGAN,knit.kc,043,P,00,WHITE,화이트,White,#f5f5f5,85
T221KC043P0090,T221KC043P,T,TBJ,22,1,SPRING,KC,KNIT CARDIGAN,knit.kc,043,P,00,WHITE,화이트,White,#f5f5f5,90
T221KC043P0095,T221KC043P,T,TBJ,22,1,SPRING,KC,KNIT CARDIGAN,knit.kc,043,P,00,WHITE,화이트,White,#f5f5f5,95
T221KC043P00100,T221KC043P,T,TBJ,22,1,SPRING,KC,KNIT CARDIGAN,knit.kc,043,P,00,WHITE,화이트,White,#f5f5f5,100
T221KC043P00105,T221KC043P,T,TBJ,22,1,SPRING,KC,KNIT CARDIGAN,knit.kc,043,P,00,WHITE,화이트,White,#f5f5f5,105
T221KC043P00F,T221KC043P,T,TBJ,22,1,SPRING,KC,KNIT CARDIGAN,knit.kc,043,P,00,WHITE,화이트,White,#f5f5f5,F
T221KC044P0685,T221KC044P,T,TBJ,22,1,SPRING,KC,KNIT CARDIGAN,knit.kc,044,P,06,NAVY,네이비,Blue,#1f4e8c,85
T221KC044P0690,T221KC044P,T,TBJ,22,1,SPRING,KC,KNIT CARDIGAN,knit.kc,044,P,06,NAVY,네이비,Blue,#1f4e8c,90
T221KC044P0695,T221KC044P,T,TBJ,22,1,SPRING,KC,KNIT CARDIGAN,knit.kc,044,P,06,NAVY,네이비,Blue,#1f4e8c,95
T221KC044P06100,T221KC044P,T,TBJ,22,1,SPRING,KC,KNIT CARDIGAN,knit.kc,044,P,06,NAVY,네이비,Blue,#1f4e8c,100
T221KC044P06105,T221KC044P,T,TBJ,22,1,SPRING,KC,KNIT CARDIGAN,knit.kc,044,P,06,NAVY,네이비,Blue,#1f4e8c,105
T221KC044P06F,T221KC044P,T,TBJ,22,1,SPRING,KC,KNIT CARDIGAN,knit.kc,044,P,06,NAVY,네이비,Blue,#1f4e8c,F
T221KC045P1985,T221KC045P,T,TBJ,22,1,SPRING,KC,KNIT CARDIGAN,knit.kc,045,P,19,BLACK,블랙,Black,#1a1a1a,85
T221KC045P1990,T221KC045P,T,TBJ,22,1,SPRING,KC,KNIT CARDIGAN,knit.kc,045,P,19,BLACK,블랙,Black,#1a1a1a,90
T221KC045P1995,T221KC045P,T,TBJ,22,1,SPRING,KC,KNIT CARDIGAN,knit.kc,045,P,19,BLACK,블랙,Black,#1a1a1a,95
T221KC045P19100,T221KC045P,T,TBJ,22,1,SPRING,KC,KNIT CARDIGAN,knit.kc,045,P,19,BLACK,블랙,Black,#1a1a1a,100
T221KC045P19105,T221KC045P,T,TBJ,22,1,SPRING,KC,KNIT CARDIGAN,knit.kc,045,P,19,BLACK,블랙,Black,#1a1a1a,105
T221KC045P19F,T221KC045P,T,TBJ,22,1,SPRING,KC,KNIT CARDIGAN,knit.kc,045,P,19,BLACK,블랙,Black,#1a1a1a,F
T221KC046P1285,T221KC046P,T,TBJ,22,1,SPRING,KC,KNIT CARDIGAN,knit.kc,046,P,12,GREY,그레이,Gray,#808080,85
T221KC046P1290,T221KC046P,T,TBJ,22,1,SPRING,KC,KNIT CARDIGAN,knit.kc,046,P,12,GREY,그레이,Gray,#808080,90
T221KC046P1295,T221KC046P,T,TBJ,22,1,SPRING,KC,KNIT CARDIGAN,knit.kc,046,P,12,GREY,그레이,Gray,#808080,95
T221KC046P12100,T221KC046P,T,TBJ,22,1,SPRING,KC,KNIT CARDIGAN,knit.kc,046,P,12,GREY,그레이,Gray,#808080,100
T221KC046P12105,T221KC046P,T,TBJ,22,1,SPRING,KC,KNIT CARDIGAN,knit.kc,046,P,12,GREY,그레이,Gray,#808080,105
T221KC046P12F,T221KC046P,T,TBJ,22,1,SPRING,KC,KNIT CARDIGAN,knit.kc,046,P,12,GREY,그레이,Gray,#808080,F
T221KC047P3185,T221KC047P,T,TBJ,22,1,SPRING,KC,KNIT CARDIGAN,knit.kc,047,P,31,PINK,핑크,Pink,#e84d8a,85
T221KC047P3190,T221KC047P,T,TBJ,22,1,SPRING,KC,KNIT CARDIGAN,knit.kc,047,P,31,PINK,핑크,Pink,#e84d8a,90
T221KC047P3195,T221KC047P,T,TBJ,22,1,SPRING,KC,KNIT CARDIGAN,knit.kc,047,P,31,PINK,핑크,Pink,#e84d8a,95
T221KC047P31100,T221KC047P,T,TBJ,22,1,SPRING,KC,KNIT CARDIGAN,knit.kc,047,P,31,PINK,핑크,Pink,#e84d8a,100
T221KC047P31105,T221KC047P,T,TBJ,22,1,SPRING,KC,KNIT CARDIGAN,knit.kc,047,P,31,PINK,핑크,Pink,#e84d8a,105
T221KC047P31F,T221KC047P,T,TBJ,22,1,SPRING,KC,KNIT CARDIGAN,knit.kc,047,P,31,PINK,핑크,Pink,#e84d8a,F
T221KC048P5185,T221KC048P,T,TBJ,22,1,SPRING,KC,KNIT CARDIGAN,knit.kc,048,P,51,GREEN,그린,Green,#3f7d3a,85
T221KC048P5190,T221KC048P,T,TBJ,22,1,SPRING,KC,KNIT CARDIGAN,knit.kc,048,P,51,GREEN,그린,Green,#3f7d3a,90
T221KC048P5195,T221KC048P,T,TBJ,22,1,SPRING,KC,KNIT CARDIGAN,knit.kc,048,P,51,GREEN,그린,Green,#3f7d3a,95
T221KC048P51100,T221KC048P,T,TBJ,22,1,SPRING,KC,KNIT CARDIGAN,knit.kc,048,P,51,GREEN,그린,Green,#3f7d3a,100
T221KC048P51105,T221KC048P,T,TBJ,22,1,SPRING,KC,KNIT CARDIGAN,knit.kc,048,P,51,GREEN,그린,Green,#3f7d3a,105
T221KC048P51F,T221KC048P,T,TBJ,22,1,SPRING,KC,KNIT CARDIGAN,knit.kc,048,P,51,GREEN,그린,Green,#3f7d3a,F
T221KT049P0085,T221KT049P,T,TBJ,22,1,SPRING,KT,KNIT P/OVER,knit.kt,049,P,00,WHITE,화이트,White,#f5f5f5,85
T221KT049P0090,T221KT049P,T,TBJ,22,1,SPRING,KT,KNIT P/OVER,knit.kt,049,P,00,WHITE,화이트,White,#f5f5f5,90
T221KT049P0095,T221KT049P,T,TBJ,22,1,SPRING,KT,KNIT P/OVER,knit.kt,049,P,00,WHITE,화이트,White,#f5f5f5,95
T221KT049P00100,T221KT049P,T,TBJ,22,1,SPRING,KT,KNIT P/OVER,knit.kt,049,P,00,WHITE,화이트,White,#f5f5f5,100
T221KT049P00105,T221KT049P,T,TBJ,22,1,SPRING,KT,KNIT P/OVER,knit.kt,049,P,00,WHITE,화이트,White,#f5f5f5,105
T221KT049P00F,T221KT049P,T,TBJ,22,1,SPRING,KT,KNIT P/OVER,knit.kt,049,P,00,WHITE,화이트,White,#f5f5f5,F
T221KT050P0685,T221KT050P,T,TBJ,22,1,SPRING,KT,KNIT P/OVER,knit.kt,050,P,06,NAVY,네이비,Blue,#1f4e8c,85
T221KT050P0690,T221KT050P,T,TBJ,22,1,SPRING,KT,KNIT P/OVER,knit.kt,050,P,06,NAVY,네이비,Blue,#1f4e8c,90
T221KT050P0695,T221KT050P,T,TBJ,22,1,SPRING,KT,KNIT P/OVER,knit.kt,050,P,06,NAVY,네이비,Blue,#1f4e8c,95
T221KT050P06100,T221KT050P,T,TBJ,22,1,SPRING,KT,KNIT P/OVER,knit.kt,050,P,06,NAVY,네이비,Blue,#1f4e8c,100
T221KT050P06105,T221KT050P,T,TBJ,22,1,SPRING,KT,KNIT P/OVER,knit.kt,050,P,06,NAVY,네이비,Blue,#1f4e8c,105
T221KT050P06F,T221KT050P,T,TBJ,22,1,SPRING,KT,KNIT P/OVER,knit.kt,050,P,06,NAVY,네이비,Blue,#1f4e8c,F
T221KT051P1985,T221KT051P,T,TBJ,22,1,SPRING,KT,KNIT P/OVER,knit.kt,051,P,19,BLACK,블랙,Black,#1a1a1a,85
T221KT051P1990,T221KT051P,T,TBJ,22,1,SPRING,KT,KNIT P/OVER,knit.kt,051,P,19,BLACK,블랙,Black,#1a1a1a,90
T221KT051P1995,T221KT051P,T,TBJ,22,1,SPRING,KT,KNIT P/OVER,knit.kt,051,P,19,BLACK,블랙,Black,#1a1a1a,95
T221KT051P19100,T221KT051P,T,TBJ,22,1,SPRING,KT,KNIT P/OVER,knit.kt,051,P,19,BLACK,블랙,Black,#1a1a1a,100
T221KT051P19105,T221KT051P,T,TBJ,22,1,SPRING,KT,KNIT P/OVER,knit.kt,051,P,19,BLACK,블랙,Black,#1a1a1a,105
T221KT051P19F,T221KT051P,T,TBJ,22,1,SPRING,KT,KNIT P/OVER,knit.kt,051,P,19,BLACK,블랙,Black,#1a1a1a,F
T221KT052P1285,T221KT052P,T,TBJ,22,1,SPRING,KT,KNIT P/OVER,knit.kt,052,P,12,GREY,그레이,Gray,#808080,85
T221KT052P1290,T221KT052P,T,TBJ,22,1,SPRING,KT,KNIT P/OVER,knit.kt,052,P,12,GREY,그레이,Gray,#808080,90
T221KT052P1295,T221KT052P,T,TBJ,22,1,SPRING,KT,KNIT P/OVER,knit.kt,052,P,12,GREY,그레이,Gray,#808080,95
T221KT052P12100,T221KT052P,T,TBJ,22,1,SPRING,KT,KNIT P/OVER,knit.kt,052,P,12,GREY,그레이,Gray,#808080,100
T221KT052P12105,T221KT052P,T,TBJ,22,1,SPRING,KT,KNIT P/OVER,knit.kt,052,P,12,GREY,그레이,Gray,#808080,105
T221KT052P12F,T221KT052P,T,TBJ,22,1,SPRING,KT,KNIT P/OVER,knit.kt,052,P,12,GREY,그레이,Gray,#808080,F
T221KT053P3185,T221KT053P,T,TBJ,22,1,SPRING,KT,KNIT P/OVER,knit.kt,053,P,31,PINK,핑크,Pink,#e84d8a,85
T221KT053P3190,T221KT053P,T,TBJ,22,1,SPRING,KT,KNIT P/OVER,knit.kt,053,P,31,PINK,핑크,Pink,#e84d8a,90
T221KT053P3195,T221KT053P,T,TBJ,22,1,SPRING,KT,KNIT P/OVER,knit.kt,053,P,31,PINK,핑크,Pink,#e84d8a,95
T221KT053P31100,T221KT053P,T,TBJ,22,1,SPRING,KT,KNIT P/OVER,knit.kt,053,P,31,PINK,핑크,Pink,#e84d8a,100
T221KT053P31105,T221KT053P,T,TBJ,22,1,SPRING,KT,KNIT P/OVER,knit.kt,053,P,31,PINK,핑크,Pink,#e84d8a,105
T221KT053P31F,T221KT053P,T,TBJ,22,1,SPRING,KT,KNIT P/OVER,knit.kt,053,P,31,PINK,핑크,Pink,#e84d8a,F
T221KT054P5185,T221KT054P,T,TBJ,22,1,SPRING,KT,KNIT P/OVER,knit.kt,054,P,51,GREEN,그린,Green,#3f7d3a,85
T221KT054P5190,T221KT054P,T,TBJ,22,1,SPRING,KT,KNIT P/OVER,knit.kt,054,P,51,GREEN,그린,Green,#3f7d3a,90
T221KT054P5195,T221KT054P,T,TBJ,22,1,SPRING,KT,KNIT P/OVER,knit.kt,054,P,51,GREEN,그린,Green,#3f7d3a,95
T221KT054P51100,T221KT054P,T,TBJ,22,1,SPRING,KT,KNIT P/OVER,knit.kt,054,P,51,GREEN,그린,Green,#3f7d3a,100
T221KT054P51105,T221KT054P,T,TBJ,22,1,SPRING,KT,KNIT P/OVER,knit.kt,054,P,51,GREEN,그린,Green,#3f7d3a,105
T221KT054P51F,T221KT054P,T,TBJ,22,1,SPRING,KT,KNIT P/OVER,knit.kt,054,P,51,GREEN,그린,Green,#3f7d3a,F
T221TS055P0085,T221TS055P,T,TBJ,22,1,SPRING,TS,C&S T-SHIRTS,cut_and_sew.ts,055,P,00,WHITE,화이트,White,#f5f5f5,85
T221TS055P0090,T221TS055P,T,TBJ,22,1,SPRING,TS,C&S T-SHIRTS,cut_and_sew.ts,055,P,00,WHITE,화이트,White,#f5f5f5,90
T221TS055P0095,T221TS055P,T,TBJ,22,1,SPRING,TS,C&S T-SHIRTS,cut_and_sew.ts,055,P,00,WHITE,화이트,White,#f5f5f5,95
T221TS055P00100,T221TS055P,T,TBJ,22,1,SPRING,TS,C&S T-SHIRTS,cut_and_sew.ts,055,P,00,WHITE,화이트,White,#f5f5f5,100
T221TS055P00105,T221TS055P,T,TBJ,22,1,SPRING,TS,C&S T-SHIRTS,cut_and_sew.ts,055,P,00,WHITE,화이트,White,#f5f5f5,105
T221TS055P00F,T221TS055P,T,TBJ,22,1,SPRING,TS,C&S T-SHIRTS,cut_and_sew.ts,055,P,00,WHITE,화이트,White,#f5f5f5,F
T221TS056P0685,T221TS056P,T,TBJ,22,1,SPRING,TS,C&S T-SHIRTS,cut_and_sew.ts,056,P,06,NAVY,네이비,Blue,#1f4e8c,85
T221TS056P0690,T221TS056P,T,TBJ,22,1,SPRING,TS,C&S T-SHIRTS,cut_and_sew.ts,056,P,06,NAVY,네이비,Blue,#1f4e8c,90
T221TS056P0695,T221TS056P,T,TBJ,22,1,SPRING,TS,C&S T-SHIRTS,cut_and_sew.ts,056,P,06,NAVY,네이비,Blue,#1f4e8c,95
T221TS056P06100,T221TS056P,T,TBJ,22,1,SPRING,TS,C&S T-SHIRTS,cut_and_sew.ts,056,P,06,NAVY,네이비,Blue,#1f4e8c,100
T221TS056P06105,T221TS056P,T,TBJ,22,1,SPRING,TS,C&S T-SHIRTS,cut_and_sew.ts,056,P,06,NAVY,네이비,Blue,#1f4e8c,105
T221TS056P06F,T221TS056P,T,TBJ,22,1,SPRING,TS,C&S T-SHIRTS,cut_and_sew.ts,056,P,06,NAVY,네이비,Blue,#1f4e8c,F
T221TS057P1985,T221TS057P,T,TBJ,22,1,SPRING,TS,C&S T-SHIRTS,cut_and_sew.ts,057,P,19,BLACK,블랙,Black,#1a1a1a,85
T221TS057P1990,T221TS057P,T,TBJ,22,1,SPRING,TS,C&S T-SHIRTS,cut_and_sew.ts,057,P,19,BLACK,블랙,Black,#1a1a1a,90
T221TS057P1995,T221TS057P,T,TBJ,22,1,SPRING,TS,C&S T-SHIRTS,cut_and_sew.ts,057,P,19,BLACK,블랙,Black,#1a1a1a,95
T221TS057P19100,T221TS057P,T,TBJ,22,1,SPRING,TS,C&S T-SHIRTS,cut_and_sew.ts,057,P,19,BLACK,블랙,Black,#1a1a1a,100
T221TS057P19105,T221TS057P,T,TBJ,22,1,SPRING,TS,C&S T-SHIRTS,cut_and_sew.ts,057,P,19,BLACK,블랙,Black,#1a1a1a,105
T221TS057P19F,T221TS057P,T,TBJ,22,1,SPRING,TS,C&S T-SHIRTS,cut_and_sew.ts,057,P,19,BLACK,블랙,Black,#1a1a1a,F
T221TS058P1285,T221TS058P,T,TBJ,22,1,SPRING,TS,C&S T-SHIRTS,cut_and_sew.ts,058,P,12,GREY,그레이,Gray,#808080,85
T221TS058P1290,T221TS058P,T,TBJ,22,1,SPRING,TS,C&S T-SHIRTS,cut_and_sew.ts,058,P,12,GREY,그레이,Gray,#808080,90
T221TS058P1295,T221TS058P,T,TBJ,22,1,SPRING,TS,C&S T-SHIRTS,cut_and_sew.ts,058,P,12,GREY,그레이,Gray,#808080,95
T221TS058P12100,T221TS058P,T,TBJ,22,1,SPRING,TS,C&S T-SHIRTS,cut_and_sew.ts,058,P,12,GREY,그레이,Gray,#808080,100
T221TS058P12105,T221TS058P,T,TBJ,22,1,SPRING,TS,C&S T-SHIRTS,cut_and_sew.ts,058,P,12,GREY,그레이,Gray,#808080,105
T221TS058P12F,T221TS058P,T,TBJ,22,1,SPRING,TS,C&S T-SHIRTS,cut_and_sew.ts,058,P,12,GREY,그레이,Gray,#808080,F
T221TS059P3185,T221TS059P,T,TBJ,22,1,SPRING,TS,C&S T-SHIRTS,cut_and_sew.ts,059,P,31,PINK,핑크,Pink,#e84d8a,85
T221TS059P3190,T221TS059P,T,TBJ,22,1,SPRING,TS,C&S T-SHIRTS,cut_and_sew.ts,059,P,31,PINK,핑크,Pink,#e84d8a,90
T221TS059P3195,T221TS059P,T,TBJ,22,1,SPRING,TS,C&S T-SHIRTS,cut_and_sew.ts,059,P,31,PINK,핑크,Pink,#e84d8a,95
T221TS059P31100,T221TS059P,T,TBJ,22,1,SPRING,TS,C&S T-SHIRTS,cut_and_sew.ts,059,P,31,PINK,핑크,Pink,#e84d8a,100
T221TS059P31105,T221TS059P,T,TBJ,22,1,SPRING,TS,C&S T-SHIRTS,cut_and_sew.ts,059,P,31,PINK,핑크,Pink,#e84d8a,105
T221TS059P31F,T221TS059P,T,TBJ,22,1,SPRING,TS,C&S T-SHIRTS,cut_and_sew.ts,059,P,31,PINK,핑크,Pink,#e84d8a,F
T221TS060P5185,T221TS060P,T,TBJ,22,1,SPRING,TS,C&S T-SHIRTS,cut_and_sew.ts,060,P,51,GREEN,그린,Green,#3f7d3a,85
T221TS060P5190,T221TS060P,T,TBJ,22,1,SPRING,TS,C&S T-SHIRTS,cut_and_sew.ts,060,P,51,GREEN,그린,Green,#3f7d3a,90
T221TS060P5195,T221TS060P,T,TBJ,22,1,SPRING,TS,C&S T-SHIRTS,cut_and_sew.ts,060,P,51,GREEN,그린,Green,#3f7d3a,95
T221TS060P51100,T221TS060P,T,TBJ,22,1,SPRING,TS,C&S T-SHIRTS,cut_and_sew.ts,060,P,51,GREEN,그린,Green,#3f7d3a,100
T221TS060P51105,T221TS060P,T,TBJ,22,1,SPRING,TS,C&S T-SHIRTS,cut_and_sew.ts,060,P,51,GREEN,그린,Green,#3f7d3a,105
T221TS060P51F,T221TS060P,T,TBJ,22,1,SPRING,TS,C&S T-SHIRTS,cut_and_sew.ts,060,P,51,GREEN,그린,Green,#3f7d3a,F
T221TP061P0028,T221TP061P,T,TBJ,22,1,SPRING,TP,C&S PANTS,cut_and_sew.tp,061,P,00,WHITE,화이트,White,#f5f5f5,28
T221TP061P0030,T221TP061P,T,TBJ,22,1,SPRING,TP,C&S PANTS,cut_and_sew.tp,061,P,00,WHITE,화이트,White,#f5f5f5,30
T221TP061P0032,T221TP061P,T,TBJ,22,1,SPRING,TP,C&S PANTS,cut_and_sew.tp,061,P,00,WHITE,화이트,White,#f5f5f5,32
T221TP061P0034,T221TP061P,T,TBJ,22,1,SPRING,TP,C&S PANTS,cut_and_sew.tp,061,P,00,WHITE,화이트,White,#f5f5f5,34
T221TP061P0036,T221TP061P,T,TBJ,22,1,SPRING,TP,C&S PANTS,cut_and_sew.tp,061,P,00,WHITE,화이트,White,#f5f5f5,36
T221TP061P00F,T221TP061P,T,TBJ,22,1,SPRING,TP,C&S PANTS,cut_and_sew.tp,061,P,00,WHITE,화이트,White,#f5f5f5,F
T221TP062P0628,T221TP062P,T,TBJ,22,1,SPRING,TP,C&S PANTS,cut_and_sew.tp,062,P,06,NAVY,네이비,Blue,#1f4e8c,28
T221TP062P0630,T221TP062P,T,TBJ,22,1,SPRING,TP,C&S PANTS,cut_and_sew.tp,062,P,06,NAVY,네이비,Blue,#1f4e8c,30
T221TP062P0632,T221TP062P,T,TBJ,22,1,SPRING,TP,C&S PANTS,cut_and_sew.tp,062,P,06,NAVY,네이비,Blue,#1f4e8c,32
T221TP062P0634,T221TP062P,T,TBJ,22,1,SPRING,TP,C&S PANTS,cut_and_sew.tp,062,P,06,NAVY,네이비,Blue,#1f4e8c,34
T221TP062P0636,T221TP062P,T,TBJ,22,1,SPRING,TP,C&S PANTS,cut_and_sew.tp,062,P,06,NAVY,네이비,Blue,#1f4e8c,36
T221TP062P06F,T221TP062P,T,TBJ,22,1,SPRING,TP,C&S PANTS,cut_and_sew.tp,062,P,06,NAVY,네이비,Blue,#1f4e8c,F
T221TP063P1928,T221TP063P,T,TBJ,22,1,SPRING,TP,C&S PANTS,cut_and_sew.tp,063,P,19,BLACK,블랙,Black,#1a1a1a,28
T221TP063P1930,T221TP063P,T,TBJ,22,1,SPRING,TP,C&S PANTS,cut_and_sew.tp,063,P,19,BLACK,블랙,Black,#1a1a1a,30
T221TP063P1932,T221TP063P,T,TBJ,22,1,SPRING,TP,C&S PANTS,cut_and_sew.tp,063,P,19,BLACK,블랙,Black,#1a1a1a,32
T221TP063P1934,T221TP063P,T,TBJ,22,1,SPRING,TP,C&S PANTS,cut_and_sew.tp,063,P,19,BLACK,블랙,Black,#1a1a1a,34
T221TP063P1936,T221TP063P,T,TBJ,22,1,SPRING,TP,C&S PANTS,cut_and_sew.tp,063,P,19,BLACK,블랙,Black,#1a1a1a,36
T221TP063P19F,T221TP063P,T,TBJ,22,1,SPRING,TP,C&S PANTS,cut_and_sew.tp,063,P,19,BLACK,블랙,Black,#1a1a1a,F
T221TP064P1228,T221TP064P,T,TBJ,22,1,SPRING,TP,C&S PANTS,cut_and_sew.tp,064,P,12,GREY,그레이,Gray,#808080,28
T221TP064P1230,T221TP064P,T,TBJ,22,1,SPRING,TP,C&S PANTS,cut_and_sew.tp,064,P,12,GREY,그레이,Gray,#808080,30
T221TP064P1232,T221TP064P,T,TBJ,22,1,SPRING,TP,C&S PANTS,cut_and_sew.tp,064,P,12,GREY,그레이,Gray,#808080,32
T221TP064P1234,T221TP064P,T,TBJ,22,1,SPRING,TP,C&S PANTS,cut_and_sew.tp,064,P,12,GREY,그레이,Gray,#808080,34
T221TP064P1236,T221TP064P,T,TBJ,22,1,SPRING,TP,C&S PANTS,cut_and_sew.tp,064,P,12,GREY,그레이,Gray,#808080,36
T221TP064P12F,T221TP064P,T,TBJ,22,1,SPRING,TP,C&S PANTS,cut_and_sew.tp,064,P,12,GREY,그레이,Gray,#808080,F
T221TP065P3128,T221TP065P,T,TBJ,22,1,SPRING,TP,C&S PANTS,cut_and_sew.tp,065,P,31,PINK,핑크,Pink,#e84d8a,28
T221TP065P3130,T221TP065P,T,TBJ,22,1,SPRING,TP,C&S PANTS,cut_and_sew.tp,065,P,31,PINK,핑크,Pink,#e84d8a,30
T221TP065P3132,T221TP065P,T,TBJ,22,1,SPRING,TP,C&S PANTS,cut_and_sew.tp,065,P,31,PINK,핑크,Pink,#e84d8a,32
T221TP065P3134,T221TP065P,T,TBJ,22,1,SPRING,TP,C&S PANTS,cut_and_sew.tp,065,P,31,PINK,핑크,Pink,#e84d8a,34
T221TP065P3136,T221TP065P,T,TBJ,22,1,SPRING,TP,C&S PANTS,cut_and_sew.tp,065,P,31,PINK,핑크,Pink,#e84d8a,36
T221TP065P31F,T221TP065P,T,TBJ,22,1,SPRING,TP,C&S PANTS,cut_and_sew.tp,065,P,31,PINK,핑크,Pink,#e84d8a,F
T221TP066P5128,T221TP066P,T,TBJ,22,1,SPRING,TP,C&S PANTS,cut_and_sew.tp,066,P,51,GREEN,그린,Green,#3f7d3a,28
T221TP066P5130,T221TP066P,T,TBJ,22,1,SPRING,TP,C&S PANTS,cut_and_sew.tp,066,P,51,GREEN,그린,Green,#3f7d3a,30
T221TP066P5132,T221TP066P,T,TBJ,22,1,SPRING,TP,C&S PANTS,cut_and_sew.tp,066,P,51,GREEN,그린,Green,#3f7d3a,32
T221TP066P5134,T221TP066P,T,TBJ,22,1,SPRING,TP,C&S PANTS,cut_and_sew.tp,066,P,51,GREEN,그린,Green,#3f7d3a,34
T221TP066P5136,T221TP066P,T,TBJ,22,1,SPRING,TP,C&S PANTS,cut_and_sew.tp,066,P,51,GREEN,그린,Green,#3f7d3a,36
T221TP066P51F,T221TP066P,T,TBJ,22,1,SPRING,TP,C&S PANTS,cut_and_sew.tp,066,P,51,GREEN,그린,Green,#3f7d3a,F
T221AB067P00F,T221AB067P,T,TBJ,22,1,SPRING,AB,ACCESSORY BAG,accessory.ab,067,P,00,WHITE,화이트,White,#f5f5f5,F
T221AB068P06F,T221AB068P,T,TBJ,22,1,SPRING,AB,ACCESSORY BAG,accessory.ab,068,P,06,NAVY,네이비,Blue,#1f4e8c,F
T221AB069P19F,T221AB069P,T,TBJ,22,1,SPRING,AB,ACCESSORY BAG,accessory.ab,069,P,19,BLACK,블랙,Black,#1a1a1a,F
T221AB070P12F,T221AB070P,T,TBJ,22,1,SPRING,AB,ACCESSORY BAG,accessory.ab,070,P,12,GREY,그레이,Gray,#808080,F
T221AB071P31F,T221AB071P,T,TBJ,22,1,SPRING,AB,ACCESSORY BAG,accessory.ab,071,P,31,PINK,핑크,Pink,#e84d8a,F
T221AB072P51F,T221AB072P,T,TBJ,22,1,SPRING,AB,ACCESSORY BAG,accessory.ab,072,P,51,GREEN,그린,Green,#3f7d3a,F
T221AP073P00S,T221AP073P,T,TBJ,22,1,SPRING,AP,ACCESSORY CAP,accessory.ap,073,P,00,WHITE,화이트,White,#f5f5f5,S
T221AP073P00M,T221AP073P,T,TBJ,22,1,SPRING,AP,ACCESSORY CAP,accessory.ap,073,P,00,WHITE,화이트,White,#f5f5f5,M
T221AP073P00L,T221AP073P,T,TBJ,22,1,SPRING,AP,ACCESSORY CAP,accessory.ap,073,P,00,WHITE,화이트,White,#f5f5f5,L
T221AP073P00F,T221AP073P,T,TBJ,22,1,SPRING,AP,ACCESSORY CAP,accessory.ap,073,P,00,WHITE,화이트,White,#f5f5f5,F
T221AP074P06S,T221AP074P,T,TBJ,22,1,SPRING,AP,ACCESSORY CAP,accessory.ap,074,P,06,NAVY,네이비,Blue,#1f4e8c,S
T221AP074P06M,T221AP074P,T,TBJ,22,1,SPRING,AP,ACCESSORY CAP,accessory.ap,074,P,06,NAVY,네이비,Blue,#1f4e8c,M
T221AP074P06L,T221AP074P,T,TBJ,22,1,SPRING,AP,ACCESSORY CAP,accessory.ap,074,P,06,NAVY,네이비,Blue,#1f4e8c,L
T221AP074P06F,T221AP074P,T,TBJ,22,1,SPRING,AP,ACCESSORY CAP,accessory.ap,074,P,06,NAVY,네이비,Blue,#1f4e8c,F
T221AP075P19S,T221AP075P,T,TBJ,22,1,SPRING,AP,ACCESSORY CAP,accessory.ap,075,P,19,BLACK,블랙,Black,#1a1a1a,S
T221AP075P19M,T221AP075P,T,TBJ,22,1,SPRING,AP,ACCESSORY CAP,accessory.ap,075,P,19,BLACK,블랙,Black,#1a1a1a,M
T221AP075P19L,T221AP075P,T,TBJ,22,1,SPRING,AP,ACCESSORY CAP,accessory.ap,075,P,19,BLACK,블랙,Black,#1a1a1a,L
T221AP075P19F,T221AP075P,T,TBJ,22,1,SPRING,AP,ACCESSORY CAP,accessory.ap,075,P,19,BLACK,블랙,Black,#1a1a1a,F
T221AP076P12S,T221AP076P,T,TBJ,22,1,SPRING,AP,ACCESSORY CAP,accessory.ap,076,P,12,GREY,그레이,Gray,#808080,S
T221AP076P12M,T221AP076P,T,TBJ,22,1,SPRING,AP,ACCESSORY CAP,accessory.ap,076,P,12,GREY,그레이,Gray,#808080,M
T221AP076P12L,T221AP076P,T,TBJ,22,1,SPRING,AP,ACCESSORY CAP,accessory.ap,076,P,12,GREY,그레이,Gray,#808080,L
T221AP076P12F,T221AP076P,T,TBJ,22,1,SPRING,AP,ACCESSORY CAP,accessory.ap,076,P,12,GREY,그레이,Gray,#808080,F
T221AP077P31S,T221AP077P,T,TBJ,22,1,SPRING,AP,ACCESSORY CAP,accessory.ap,077,P,31,PINK,핑크,Pink,#e84d8a,S
T221AP077P31M,T221AP077P,T,TBJ,22,1,SPRING,AP,ACCESSORY CAP,accessory.ap,077,P,31,PINK,핑크,Pink,#e84d8a,M
T221AP077P31L,T221AP077P,T,TBJ,22,1,SPRING,AP,ACCESSORY CAP,accessory.ap,077,P,31,PINK,핑크,Pink,#e84d8a,L
T221AP077P31F,T221AP077P,T,TBJ,22,1,SPRING,AP,ACCESSORY CAP,accessory.ap,077,P,31,PINK,핑크,Pink,#e84d8a,F
T221AP078P51S,T221AP078P,T,TBJ,22,1,SPRING,AP,ACCESSORY CAP,accessory.ap,078,P,51,GREEN,그린,Green,#3f7d3a,S
T221AP078P51M,T221AP078P,T,TBJ,22,1,SPRING,AP,ACCESSORY CAP,accessory.ap,078,P,51,GREEN,그린,Green,#3f7d3a,M
T221AP078P51L,T221AP078P,T,TBJ,22,1,SPRING,AP,ACCESSORY CAP,accessory.ap,078,P,51,GREEN,그린,Green,#3f7d3a,L
T221AP078P51F,T221AP078P,T,TBJ,22,1,SPRING,AP,ACCESSORY CAP,accessory.ap,078,P,51,GREEN,그린,Green,#3f7d3a,F
T221AS079P00240,T221AS079P,T,TBJ,22,1,SPRING,AS,ACCESSORY SHOES,accessory.as,079,P,00,WHITE,화이트,White,#f5f5f5,240
T221AS079P00250,T221AS079P,T,TBJ,22,1,SPRING,AS,ACCESSORY SHOES,accessory.as,079,P,00,WHITE,화이트,White,#f5f5f5,250
T221AS079P00260,T221AS079P,T,TBJ,22,1,SPRING,AS,ACCESSORY SHOES,accessory.as,079,P,00,WHITE,화이트,White,#f5f5f5,260
T221AS079P00270,T221AS079P,T,TBJ,22,1,SPRING,AS,ACCESSORY SHOES,accessory.as,079,P,00,WHITE,화이트,White,#f5f5f5,270
T221AS079P00280,T221AS079P,T,TBJ,22,1,SPRING,AS,ACCESSORY SHOES,accessory.as,079,P,00,WHITE,화이트,White,#f5f5f5,280
T221AS080P06240,T221AS080P,T,TBJ,22,1,SPRING,AS,ACCESSORY SHOES,accessory.as,080,P,06,NAVY,네이비,Blue,#1f4e8c,240
T221AS080P06250,T221AS080P,T,TBJ,22,1,SPRING,AS,ACCESSORY SHOES,accessory.as,080,P,06,NAVY,네이비,Blue,#1f4e8c,250
T221AS080P06260,T221AS080P,T,TBJ,22,1,SPRING,AS,ACCESSORY SHOES,accessory.as,080,P,06,NAVY,네이비,Blue,#1f4e8c,260
T221AS080P06270,T221AS080P,T,TBJ,22,1,SPRING,AS,ACCESSORY SHOES,accessory.as,080,P,06,NAVY,네이비,Blue,#1f4e8c,270
T221AS080P06280,T221AS080P,T,TBJ,22,1,SPRING,AS,ACCESSORY SHOES,accessory.as,080,P,06,NAVY,네이비,Blue,#1f4e8c,280
T221AS081P19240,T221AS081P,T,TBJ,22,1,SPRING,AS,ACCESSORY SHOES,accessory.as,081,P,19,BLACK,블랙,Black,#1a1a1a,240
T221AS081P19250,T221AS081P,T,TBJ,22,1,SPRING,AS,ACCESSORY SHOES,accessory.as,081,P,19,BLACK,블랙,Black,#1a1a1a,250
T221AS081P19260,T221AS081P,T,TBJ,22,1,SPRING,AS,ACCESSORY SHOES,accessory.as,081,P,19,BLACK,블랙,Black,#1a1a1a,260
T221AS081P19270,T221AS081P,T,TBJ,22,1,SPRING,AS,ACCESSORY SHOES,accessory.as,081,P,19,BLACK,블랙,Black,#1a1a1a,270
T221AS081P19280,T221AS081P,T,TBJ,22,1,SPRING,AS,ACCESSORY SHOES,accessory.as,081,P,19,BLACK,블랙,Black,#1a1a1a,280
T221AS082P12240,T221AS082P,T,TBJ,22,1,SPRING,AS,ACCESSORY SHOES,accessory.as,082,P,12,GREY,그레이,Gray,#808080,240
T221AS082P12250,T221AS082P,T,TBJ,22,1,SPRING,AS,ACCESSORY SHOES,accessory.as,082,P,12,GREY,그레이,Gray,#808080,250
T221AS082P12260,T221AS082P,T,TBJ,22,1,SPRING,AS,ACCESSORY SHOES,accessory.as,082,P,12,GREY,그레이,Gray,#808080,260
T221AS082P12270,T221AS082P,T,TBJ,22,1,SPRING,AS,ACCESSORY SHOES,accessory.as,082,P,12,GREY,그레이,Gray,#808080,270
T221AS082P12280,T221AS082P,T,TBJ,22,1,SPRING,AS,ACCESSORY SHOES,accessory.as,082,P,12,GREY,그레이,Gray,#808080,280
T221AS083P31240,T221AS083P,T,TBJ,22,1,SPRING,AS,ACCESSORY SHOES,accessory.as,083,P,31,PINK,핑크,Pink,#e84d8a,240
T221AS083P31250,T221AS083P,T,TBJ,22,1,SPRING,AS,ACCESSORY SHOES,accessory.as,083,P,31,PINK,핑크,Pink,#e84d8a,250
T221AS083P31260,T221AS083P,T,TBJ,22,1,SPRING,AS,ACCESSORY SHOES,accessory.as,083,P,31,PINK,핑크,Pink,#e84d8a,260
T221AS083P31270,T221AS083P,T,TBJ,22,1,SPRING,AS,ACCESSORY SHOES,accessory.as,083,P,31,PINK,핑크,Pink,#e84d8a,270
T221AS083P31280,T221AS083P,T,TBJ,22,1,SPRING,AS,ACCESSORY SHOES,accessory.as,083,P,31,PINK,핑크,Pink,#e84d8a,280
T221AS084P51240,T221AS084P,T,TBJ,22,1,SPRING,AS,ACCESSORY SHOES,accessory.as,084,P,51,GREEN,그린,Green,#3f7d3a,240
T221AS084P51250,T221AS084P,T,TBJ,22,1,SPRING,AS,ACCESSORY SHOES,accessory.as,084,P,51,GREEN,그린,Green,#3f7d3a,250
T221AS084P51260,T221AS084P,T,TBJ,22,1,SPRING,AS,ACCESSORY SHOES,accessory.as,084,P,51,GREEN,그린,Green,#3f7d3a,260
T221AS084P51270,T221AS084P,T,TBJ,22,1,SPRING,AS,ACCESSORY SHOES,accessory.as,084,P,51,GREEN,그린,Green,#3f7d3a,270
T221AS084P51280,T221AS084P,T,TBJ,22,1,SPRING,AS,ACCESSORY SHOES,accessory.as,084,P,51,GREEN,그린,Green,#3f7d3a,280
T221LR085P0085,T221LR085P,T,TBJ,22,1,SPRING,LR,LEATHER REAL,leather.lr,085,P,00,WHITE,화이트,White,#f5f5f5,85
T221LR085P0090,T221LR085P,T,TBJ,22,1,SPRING,LR,LEATHER REAL,leather.lr,085,P,00,WHITE,화이트,White,#f5f5f5,90
T221LR085P0095,T221LR085P,T,TBJ,22,1,SPRING,LR,LEATHER REAL,leather.lr,085,P,00,WHITE,화이트,White,#f5f5f5,95
T221LR085P00100,T221LR085P,T,TBJ,22,1,SPRING,LR,LEATHER REAL,leather.lr,085,P,00,WHITE,화이트,White,#f5f5f5,100
T221LR085P00105,T221LR085P,T,TBJ,22,1,SPRING,LR,LEATHER REAL,leather.lr,085,P,00,WHITE,화이트,White,#f5f5f5,105
T221LR085P00F,T221LR085P,T,TBJ,22,1,SPRING,LR,LEATHER REAL,leather.lr,085,P,00,WHITE,화이트,White,#f5f5f5,F
T221LR086P0685,T221LR086P,T,TBJ,22,1,SPRING,LR,LEATHER REAL,leather.lr,086,P,06,NAVY,네이비,Blue,#1f4e8c,85
T221LR086P0690,T221LR086P,T,TBJ,22,1,SPRING,LR,LEATHER REAL,leather.lr,086,P,06,NAVY,네이비,Blue,#1f4e8c,90
T221LR086P0695,T221LR086P,T,TBJ,22,1,SPRING,LR,LEATHER REAL,leather.lr,086,P,06,NAVY,네이비,Blue,#1f4e8c,95
T221LR086P06100,T221LR086P,T,TBJ,22,1,SPRING,LR,LEATHER REAL,leather.lr,086,P,06,NAVY,네이비,Blue,#1f4e8c,100
T221LR086P06105,T221LR086P,T,TBJ,22,1,SPRING,LR,LEATHER REAL,leather.lr,086,P,06,NAVY,네이비,Blue,#1f4e8c,105
T221LR086P06F,T221LR086P,T,TBJ,22,1,SPRING,LR,LEATHER REAL,leather.lr,086,P,06,NAVY,네이비,Blue,#1f4e8c,F
T221LR087P1985,T221LR087P,T,TBJ,22,1,SPRING,LR,LEATHER REAL,leather.lr,087,P,19,BLACK,블랙,Black,#1a1a1a,85
T221LR087P1990,T221LR087P,T,TBJ,22,1,SPRING,LR,LEATHER REAL,leather.lr,087,P,19,BLACK,블랙,Black,#1a1a1a,90
T221LR087P1995,T221LR087P,T,TBJ,22,1,SPRING,LR,LEATHER REAL,leather.lr,087,P,19,BLACK,블랙,Black,#1a1a1a,95
T221LR087P19100,T221LR087P,T,TBJ,22,1,SPRING,LR,LEATHER REAL,leather.lr,087,P,19,BLACK,블랙,Black,#1a1a1a,100
T221LR087P19105,T221LR087P,T,TBJ,22,1,SPRING,LR,LEATHER REAL,leather.lr,087,P,19,BLACK,블랙,Black,#1a1a1a,105
T221LR087P19F,T221LR087P,T,TBJ,22,1,SPRING,LR,LEATHER REAL,leather.lr,087,P,19,BLACK,블랙,Black,#1a1a1a,F
T221LR088P1285,T221LR088P,T,TBJ,22,1,SPRING,LR,LEATHER REAL,leather.lr,088,P,12,GREY,그레이,Gray,#808080,85
T221LR088P1290,T221LR088P,T,TBJ,22,1,SPRING,LR,LEATHER REAL,leather.lr,088,P,12,GREY,그레이,Gray,#808080,90
T221LR088P1295,T221LR088P,T,TBJ,22,1,SPRING,LR,LEATHER REAL,leather.lr,088,P,12,GREY,그레이,Gray,#808080,95
T221LR088P12100,T221LR088P,T,TBJ,22,1,SPRING,LR,LEATHER REAL,leather.lr,088,P,12,GREY,그레이,Gray,#808080,100
T221LR088P12105,T221LR088P,T,TBJ,22,1,SPRING,LR,LEATHER REAL,leather.lr,088,P,12,GREY,그레이,Gray,#808080,105
T221LR088P12F,T221LR088P,T,TBJ,22,1,SPRING,LR,LEATHER REAL,leather.lr,088,P,12,GREY,그레이,Gray,#808080,F
T221LR089P3185,T221LR089P,T,TBJ,22,1,SPRING,LR,LEATHER REAL,leather.lr,089,P,31,PINK,핑크,Pink,#e84d8a,85
T221LR089P3190,T221LR089P,T,TBJ,22,1,SPRING,LR,LEATHER REAL,leather.lr,089,P,31,PINK,핑크,Pink,#e84d8a,90
T221LR089P3195,T221LR089P,T,TBJ,22,1,SPRING,LR,LEATHER REAL,leather.lr,089,P,31,PINK,핑크,Pink,#e84d8a,95
T221LR089P31100,T221LR089P,T,TBJ,22,1,SPRING,LR,LEATHER REAL,leather.lr,089,P,31,PINK,핑크,Pink,#e84d8a,100
T221LR089P31105,T221LR089P,T,TBJ,22,1,SPRING,LR,LEATHER REAL,leather.lr,089,P,31,PINK,핑크,Pink,#e84d8a,105
T221LR089P31F,T221LR089P,T,TBJ,22,1,SPRING,LR,LEATHER REAL,leather.lr,089,P,31,PINK,핑크,Pink,#e84d8a,F
T221LR090P5185,T221LR090P,T,TBJ,22,1,SPRING,LR,LEATHER REAL,leather.lr,090,P,51,GREEN,그린,Green,#3f7d3a,85
T221LR090P5190,T221LR090P,T,TBJ,22,1,SPRING,LR,LEATHER REAL,leather.lr,090,P,51,GREEN,그린,Green,#3f7d3a,90
T221LR090P5195,T221LR090P,T,TBJ,22,1,SPRING,LR,LEATHER REAL,leather.lr,090,P,51,GREEN,그린,Green,#3f7d3a,95
T221LR090P51100,T221LR090P,T,TBJ,22,1,SPRING,LR,LEATHER REAL,leather.lr,090,P,51,GREEN,그린,Green,#3f7d3a,100
T221LR090P51105,T221LR090P,T,TBJ,22,1,SPRING,LR,LEATHER REAL,leather.lr,090,P,51,GREEN,그린,Green,#3f7d3a,105
T221LR090P51F,T221LR090P,T,TBJ,22,1,SPRING,LR,LEATHER REAL,leather.lr,090,P,51,GREEN,그린,Green,#3f7d3a,F
O221DC001P0085,O221DC001P,O,ANDEW,22,1,SPRING,DC,DENIM COAT,denim.dc,001,P,00,WHITE,화이트,White,#f5f5f5,85
O221DC001P0090,O221DC001P,O,ANDEW,22,1,SPRING,DC,DENIM COAT,denim.dc,001,P,00,WHITE,화이트,White,#f5f5f5,90
O221DC001P0095,O221DC001P,O,ANDEW,22,1,SPRING,DC,DENIM COAT,denim.dc,001,P,00,WHITE,화이트,White,#f5f5f5,95
O221DC001P00100,O221DC001P,O,ANDEW,22,1,SPRING,DC,DENIM COAT,denim.dc,001,P,00,WHITE,화이트,White,#f5f5f5,100
O221DC001P00105,O221DC001P,O,ANDEW,22,1,SPRING,DC,DENIM COAT,denim.dc,001,P,00,WHITE,화이트,White,#f5f5f5,105
O221DC001P00F,O221DC001P,O,ANDEW,22,1,SPRING,DC,DENIM COAT,denim.dc,001,P,00,WHITE,화이트,White,#f5f5f5,F
O221DC002P0685,O221DC002P,O,ANDEW,22,1,SPRING,DC,DENIM COAT,denim.dc,002,P,06,NAVY,네이비,Blue,#1f4e8c,85
O221DC002P0690,O221DC002P,O,ANDEW,22,1,SPRING,DC,DENIM COAT,denim.dc,002,P,06,NAVY,네이비,Blue,#1f4e8c,90
O221DC002P0695,O221DC002P,O,ANDEW,22,1,SPRING,DC,DENIM COAT,denim.dc,002,P,06,NAVY,네이비,Blue,#1f4e8c,95
O221DC002P06100,O221DC002P,O,ANDEW,22,1,SPRING,DC,DENIM COAT,denim.dc,002,P,06,NAVY,네이비,Blue,#1f4e8c,100
O221DC002P06105,O221DC002P,O,ANDEW,22,1,SPRING,DC,DENIM COAT,denim.dc,002,P,06,NAVY,네이비,Blue,#1f4e8c,105
O221DC002P06F,O221DC002P,O,ANDEW,22,1,SPRING,DC,DENIM COAT,denim.dc,002,P,06,NAVY,네이비,Blue,#1f4e8c,F
O221DC003P1985,O221DC003P,O,ANDEW,22,1,SPRING,DC,DENIM COAT,denim.dc,003,P,19,BLACK,블랙,Black,#1a1a1a,85
O221DC003P1990,O221DC003P,O,ANDEW,22,1,SPRING,DC,DENIM COAT,denim.dc,003,P,19,BLACK,블랙,Black,#1a1a1a,90
O221DC003P1995,O221DC003P,O,ANDEW,22,1,SPRING,DC,DENIM COAT,denim.dc,003,P,19,BLACK,블랙,Black,#1a1a1a,95
O221DC003P19100,O221DC003P,O,ANDEW,22,1,SPRING,DC,DENIM COAT,denim.dc,003,P,19,BLACK,블랙,Black,#1a1a1a,100
O221DC003P19105,O221DC003P,O,ANDEW,22,1,SPRING,DC,DENIM COAT,denim.dc,003,P,19,BLACK,블랙,Black,#1a1a1a,105
O221DC003P19F,O221DC003P,O,ANDEW,22,1,SPRING,DC,DENIM COAT,denim.dc,003,P,19,BLACK,블랙,Black,#1a1a1a,F
O221DC004P1285,O221DC004P,O,ANDEW,22,1,SPRING,DC,DENIM COAT,denim.dc,004,P,12,GREY,그레이,Gray,#808080,85
O221DC004P1290,O221DC004P,O,ANDEW,22,1,SPRING,DC,DENIM COAT,denim.dc,004,P,12,GREY,그레이,Gray,#808080,90
O221DC004P1295,O221DC004P,O,ANDEW,22,1,SPRING,DC,DENIM COAT,denim.dc,004,P,12,GREY,그레이,Gray,#808080,95
O221DC004P12100,O221DC004P,O,ANDEW,22,1,SPRING,DC,DENIM COAT,denim.dc,004,P,12,GREY,그레이,Gray,#808080,100
O221DC004P12105,O221DC004P,O,ANDEW,22,1,SPRING,DC,DENIM COAT,denim.dc,004,P,12,GREY,그레이,Gray,#808080,105
O221DC004P12F,O221DC004P,O,ANDEW,22,1,SPRING,DC,DENIM COAT,denim.dc,004,P,12,GREY,그레이,Gray,#808080,F
O221DC005P3185,O221DC005P,O,ANDEW,22,1,SPRING,DC,DENIM COAT,denim.dc,005,P,31,PINK,핑크,Pink,#e84d8a,85
O221DC005P3190,O221DC005P,O,ANDEW,22,1,SPRING,DC,DENIM COAT,denim.dc,005,P,31,PINK,핑크,Pink,#e84d8a,90
O221DC005P3195,O221DC005P,O,ANDEW,22,1,SPRING,DC,DENIM COAT,denim.dc,005,P,31,PINK,핑크,Pink,#e84d8a,95
O221DC005P31100,O221DC005P,O,ANDEW,22,1,SPRING,DC,DENIM COAT,denim.dc,005,P,31,PINK,핑크,Pink,#e84d8a,100
O221DC005P31105,O221DC005P,O,ANDEW,22,1,SPRING,DC,DENIM COAT,denim.dc,005,P,31,PINK,핑크,Pink,#e84d8a,105
O221DC005P31F,O221DC005P,O,ANDEW,22,1,SPRING,DC,DENIM COAT,denim.dc,005,P,31,PINK,핑크,Pink,#e84d8a,F
O221DC006P5185,O221DC006P,O,ANDEW,22,1,SPRING,DC,DENIM COAT,denim.dc,006,P,51,GREEN,그린,Green,#3f7d3a,85
O221DC006P5190,O221DC006P,O,ANDEW,22,1,SPRING,DC,DENIM COAT,denim.dc,006,P,51,GREEN,그린,Green,#3f7d3a,90
O221DC006P5195,O221DC006P,O,ANDEW,22,1,SPRING,DC,DENIM COAT,denim.dc,006,P,51,GREEN,그린,Green,#3f7d3a,95
O221DC006P51100,O221DC006P,O,ANDEW,22,1,SPRING,DC,DENIM COAT,denim.dc,006,P,51,GREEN,그린,Green,#3f7d3a,100
O221DC006P51105,O221DC006P,O,ANDEW,22,1,SPRING,DC,DENIM COAT,denim.dc,006,P,51,GREEN,그린,Green,#3f7d3a,105
O221DC006P51F,O221DC006P,O,ANDEW,22,1,SPRING,DC,DENIM COAT,denim.dc,006,P,51,GREEN,그린,Green,#3f7d3a,F
O221DJ007P0085,O221DJ007P,O,ANDEW,22,1,SPRING,DJ,DENIM JACKET,denim.dj,007,P,00,WHITE,화이트,White,#f5f5f5,85
O221DJ007P0090,O221DJ007P,O,ANDEW,22,1,SPRING,DJ,DENIM JACKET,denim.dj,007,P,00,WHITE,화이트,White,#f5f5f5,90
O221DJ007P0095,O221DJ007P,O,ANDEW,22,1,SPRING,DJ,DENIM JACKET,denim.dj,007,P,00,WHITE,화이트,White,#f5f5f5,95
O221DJ007P00100,O221DJ007P,O,ANDEW,22,1,SPRING,DJ,DENIM JACKET,denim.dj,007,P,00,WHITE,화이트,White,#f5f5f5,100
O221DJ007P00105,O221DJ007P,O,ANDEW,22,1,SPRING,DJ,DENIM JACKET,denim.dj,007,P,00,WHITE,화이트,White,#f5f5f5,105
O221DJ007P00F,O221DJ007P,O,ANDEW,22,1,SPRING,DJ,DENIM JACKET,denim.dj,007,P,00,WHITE,화이트,White,#f5f5f5,F
O221DJ008P0685,O221DJ008P,O,ANDEW,22,1,SPRING,DJ,DENIM JACKET,denim.dj,008,P,06,NAVY,네이비,Blue,#1f4e8c,85
O221DJ008P0690,O221DJ008P,O,ANDEW,22,1,SPRING,DJ,DENIM JACKET,denim.dj,008,P,06,NAVY,네이비,Blue,#1f4e8c,90
O221DJ008P0695,O221DJ008P,O,ANDEW,22,1,SPRING,DJ,DENIM JACKET,denim.dj,008,P,06,NAVY,네이비,Blue,#1f4e8c,95
O221DJ008P06100,O221DJ008P,O,ANDEW,22,1,SPRING,DJ,DENIM JACKET,denim.dj,008,P,06,NAVY,네이비,Blue,#1f4e8c,100
O221DJ008P06105,O221DJ008P,O,ANDEW,22,1,SPRING,DJ,DENIM JACKET,denim.dj,008,P,06,NAVY,네이비,Blue,#1f4e8c,105
O221DJ008P06F,O221DJ008P,O,ANDEW,22,1,SPRING,DJ,DENIM JACKET,denim.dj,008,P,06,NAVY,네이비,Blue,#1f4e8c,F
O221DJ009P1985,O221DJ009P,O,ANDEW,22,1,SPRING,DJ,DENIM JACKET,denim.dj,009,P,19,BLACK,블랙,Black,#1a1a1a,85
O221DJ009P1990,O221DJ009P,O,ANDEW,22,1,SPRING,DJ,DENIM JACKET,denim.dj,009,P,19,BLACK,블랙,Black,#1a1a1a,90
O221DJ009P1995,O221DJ009P,O,ANDEW,22,1,SPRING,DJ,DENIM JACKET,denim.dj,009,P,19,BLACK,블랙,Black,#1a1a1a,95
O221DJ009P19100,O221DJ009P,O,ANDEW,22,1,SPRING,DJ,DENIM JACKET,denim.dj,009,P,19,BLACK,블랙,Black,#1a1a1a,100
O221DJ009P19105,O221DJ009P,O,ANDEW,22,1,SPRING,DJ,DENIM JACKET,denim.dj,009,P,19,BLACK,블랙,Black,#1a1a1a,105
O221DJ009P19F,O221DJ009P,O,ANDEW,22,1,SPRING,DJ,DENIM JACKET,denim.dj,009,P,19,BLACK,블랙,Black,#1a1a1a,F
O221DJ010P1285,O221DJ010P,O,ANDEW,22,1,SPRING,DJ,DENIM JACKET,denim.dj,010,P,12,GREY,그레이,Gray,#808080,85
O221DJ010P1290,O221DJ010P,O,ANDEW,22,1,SPRING,DJ,DENIM JACKET,denim.dj,010,P,12,GREY,그레이,Gray,#808080,90
O221DJ010P1295,O221DJ010P,O,ANDEW,22,1,SPRING,DJ,DENIM JACKET,denim.dj,010,P,12,GREY,그레이,Gray,#808080,95
O221DJ010P12100,O221DJ010P,O,ANDEW,22,1,SPRING,DJ,DENIM JACKET,denim.dj,010,P,12,GREY,그레이,Gray,#808080,100
O221DJ010P12105,O221DJ010P,O,ANDEW,22,1,SPRING,DJ,DENIM JACKET,denim.dj,010,P,12,GREY,그레이,Gray,#808080,105
O221DJ010P12F,O221DJ010P,O,ANDEW,22,1,SPRING,DJ,DENIM JACKET,denim.dj,010,P,12,GREY,그레이,Gray,#808080,F
O221DJ011P3185,O221DJ011P,O,ANDEW,22,1,SPRING,DJ,DENIM JACKET,denim.dj,011,P,31,PINK,핑크,Pink,#e84d8a,85
O221DJ011P3190,O221DJ011P,O,ANDEW,22,1,SPRING,DJ,DENIM JACKET,denim.dj,011,P,31,PINK,핑크,Pink,#e84d8a,90
O221DJ011P3195,O221DJ011P,O,ANDEW,22,1,SPRING,DJ,DENIM JACKET,denim.dj,011,P,31,PINK,핑크,Pink,#e84d8a,95
O221DJ011P31100,O221DJ011P,O,ANDEW,22,1,SPRING,DJ,DENIM JACKET,denim.dj,011,P,31,PINK,핑크,Pink,#e84d8a,100
O221DJ011P31105,O221DJ011P,O,ANDEW,22,1,SPRING,DJ,DENIM JACKET,denim.dj,011,P,31,PINK,핑크,Pink,#e84d8a,105
O221DJ011P31F,O221DJ011P,O,ANDEW,22,1,SPRING,DJ,DENIM JACKET,denim.dj,011,P,31,PINK,핑크,Pink,#e84d8a,F
O221DJ012P5185,O221DJ012P,O,ANDEW,22,1,SPRING,DJ,DENIM JACKET,denim.dj,012,P,51,GREEN,그린,Green,#3f7d3a,85
O221DJ012P5190,O221DJ012P,O,ANDEW,22,1,SPRING,DJ,DENIM JACKET,denim.dj,012,P,51,GREEN,그린,Green,#3f7d3a,90
O221DJ012P5195,O221DJ012P,O,ANDEW,22,1,SPRING,DJ,DENIM JACKET,denim.dj,012,P,51,GREEN,그린,Green,#3f7d3a,95
O221DJ012P51100,O221DJ012P,O,ANDEW,22,1,SPRING,DJ,DENIM JACKET,denim.dj,012,P,51,GREEN,그린,Green,#3f7d3a,100
O221DJ012P51105,O221DJ012P,O,ANDEW,22,1,SPRING,DJ,DENIM JACKET,denim.dj,012,P,51,GREEN,그린,Green,#3f7d3a,105
O221DJ012P51F,O221DJ012P,O,ANDEW,22,1,SPRING,DJ,DENIM JACKET,denim.dj,012,P,51,GREEN,그린,Green,#3f7d3a,F
O221DP013P0028,O221DP013P,O,ANDEW,22,1,SPRING,DP,DENIM PANTS,denim.dp,013,P,00,WHITE,화이트,White,#f5f5f5,28
O221DP013P0030,O221DP013P,O,ANDEW,22,1,SPRING,DP,DENIM PANTS,denim.dp,013,P,00,WHITE,화이트,White,#f5f5f5,30
O221DP013P0032,O221DP013P,O,ANDEW,22,1,SPRING,DP,DENIM PANTS,denim.dp,013,P,00,WHITE,화이트,White,#f5f5f5,32
O221DP013P0034,O221DP013P,O,ANDEW,22,1,SPRING,DP,DENIM PANTS,denim.dp,013,P,00,WHITE,화이트,White,#f5f5f5,34
O221DP013P0036,O221DP013P,O,ANDEW,22,1,SPRING,DP,DENIM PANTS,denim.dp,013,P,00,WHITE,화이트,White,#f5f5f5,36
O221DP013P00F,O221DP013P,O,ANDEW,22,1,SPRING,DP,DENIM PANTS,denim.dp,013,P,00,WHITE,화이트,White,#f5f5f5,F
O221DP014P0628,O221DP014P,O,ANDEW,22,1,SPRING,DP,DENIM PANTS,denim.dp,014,P,06,NAVY,네이비,Blue,#1f4e8c,28
O221DP014P0630,O221DP014P,O,ANDEW,22,1,SPRING,DP,DENIM PANTS,denim.dp,014,P,06,NAVY,네이비,Blue,#1f4e8c,30
O221DP014P0632,O221DP014P,O,ANDEW,22,1,SPRING,DP,DENIM PANTS,denim.dp,014,P,06,NAVY,네이비,Blue,#1f4e8c,32
O221DP014P0634,O221DP014P,O,ANDEW,22,1,SPRING,DP,DENIM PANTS,denim.dp,014,P,06,NAVY,네이비,Blue,#1f4e8c,34
O221DP014P0636,O221DP014P,O,ANDEW,22,1,SPRING,DP,DENIM PANTS,denim.dp,014,P,06,NAVY,네이비,Blue,#1f4e8c,36
O221DP014P06F,O221DP014P,O,ANDEW,22,1,SPRING,DP,DENIM PANTS,denim.dp,014,P,06,NAVY,네이비,Blue,#1f4e8c,F
O221DP015P1928,O221DP015P,O,ANDEW,22,1,SPRING,DP,DENIM PANTS,denim.dp,015,P,19,BLACK,블랙,Black,#1a1a1a,28
O221DP015P1930,O221DP015P,O,ANDEW,22,1,SPRING,DP,DENIM PANTS,denim.dp,015,P,19,BLACK,블랙,Black,#1a1a1a,30
O221DP015P1932,O221DP015P,O,ANDEW,22,1,SPRING,DP,DENIM PANTS,denim.dp,015,P,19,BLACK,블랙,Black,#1a1a1a,32
O221DP015P1934,O221DP015P,O,ANDEW,22,1,SPRING,DP,DENIM PANTS,denim.dp,015,P,19,BLACK,블랙,Black,#1a1a1a,34
O221DP015P1936,O221DP015P,O,ANDEW,22,1,SPRING,DP,DENIM PANTS,denim.dp,015,P,19,BLACK,블랙,Black,#1a1a1a,36
O221DP015P19F,O221DP015P,O,ANDEW,22,1,SPRING,DP,DENIM PANTS,denim.dp,015,P,19,BLACK,블랙,Black,#1a1a1a,F
O221DP016P1228,O221DP016P,O,ANDEW,22,1,SPRING,DP,DENIM PANTS,denim.dp,016,P,12,GREY,그레이,Gray,#808080,28
O221DP016P1230,O221DP016P,O,ANDEW,22,1,SPRING,DP,DENIM PANTS,denim.dp,016,P,12,GREY,그레이,Gray,#808080,30
O221DP016P1232,O221DP016P,O,ANDEW,22,1,SPRING,DP,DENIM PANTS,denim.dp,016,P,12,GREY,그레이,Gray,#808080,32
O221DP016P1234,O221DP016P,O,ANDEW,22,1,SPRING,DP,DENIM PANTS,denim.dp,016,P,12,GREY,그레이,Gray,#808080,34
O221DP016P1236,O221DP016P,O,ANDEW,22,1,SPRING,DP,DENIM PANTS,denim.dp,016,P,12,GREY,그레이,Gray,#808080,36
O221DP016P12F,O221DP016P,O,ANDEW,22,1,SPRING,DP,DENIM PANTS,denim.dp,016,P,12,GREY,그레이,Gray,#808080,F
O221DP017P3128,O221DP017P,O,ANDEW,22,1,SPRING,DP,DENIM PANTS,denim.dp,017,P,31,PINK,핑크,Pink,#e84d8a,28
O221DP017P3130,O221DP017P,O,ANDEW,22,1,SPRING,DP,DENIM PANTS,denim.dp,017,P,31,PINK,핑크,Pink,#e84d8a,30
O221DP017P3132,O221DP017P,O,ANDEW,22,1,SPRING,DP,DENIM PANTS,denim.dp,017,P,31,PINK,핑크,Pink,#e84d8a,32
O221DP017P3134,O221DP017P,O,ANDEW,22,1,SPRING,DP,DENIM PANTS,denim.dp,017,P,31,PINK,핑크,Pink,#e84d8a,34
O221DP017P3136,O221DP017P,O,ANDEW,22,1,SPRING,DP,DENIM PANTS,denim.dp,017,P,31,PINK,핑크,Pink,#e84d8a,36
O221DP017P31F,O221DP017P,O,ANDEW,22,1,SPRING,DP,DENIM PANTS,denim.dp,017,P,31,PINK,핑크,Pink,#e84d8a,F
O221DP018P5128,O221DP018P,O,ANDEW,22,1,SPRING,DP,DENIM PANTS,denim.dp,018,P,51,GREEN,그린,Green,#3f7d3a,28
O221DP018P5130,O221DP018P,O,ANDEW,22,1,SPRING,DP,DENIM PANTS,denim.dp,018,P,51,GREEN,그린,Green,#3f7d3a,30
O221DP018P5132,O221DP018P,O,ANDEW,22,1,SPRING,DP,DENIM PANTS,denim.dp,018,P,51,GREEN,그린,Green,#3f7d3a,32
O221DP018P5134,O221DP018P,O,ANDEW,22,1,SPRING,DP,DENIM PANTS,denim.dp,018,P,51,GREEN,그린,Green,#3f7d3a,34
O221DP018P5136,O221DP018P,O,ANDEW,22,1,SPRING,DP,DENIM PANTS,denim.dp,018,P,51,GREEN,그린,Green,#3f7d3a,36
O221DP018P51F,O221DP018P,O,ANDEW,22,1,SPRING,DP,DENIM PANTS,denim.dp,018,P,51,GREEN,그린,Green,#3f7d3a,F
O221JK019P0085,O221JK019P,O,ANDEW,22,1,SPRING,JK,WOVEN JACKET,woven.jk,019,P,00,WHITE,화이트,White,#f5f5f5,85
O221JK019P0090,O221JK019P,O,ANDEW,22,1,SPRING,JK,WOVEN JACKET,woven.jk,019,P,00,WHITE,화이트,White,#f5f5f5,90
O221JK019P0095,O221JK019P,O,ANDEW,22,1,SPRING,JK,WOVEN JACKET,woven.jk,019,P,00,WHITE,화이트,White,#f5f5f5,95
O221JK019P00100,O221JK019P,O,ANDEW,22,1,SPRING,JK,WOVEN JACKET,woven.jk,019,P,00,WHITE,화이트,White,#f5f5f5,100
O221JK019P00105,O221JK019P,O,ANDEW,22,1,SPRING,JK,WOVEN JACKET,woven.jk,019,P,00,WHITE,화이트,White,#f5f5f5,105
O221JK019P00F,O221JK019P,O,ANDEW,22,1,SPRING,JK,WOVEN JACKET,woven.jk,019,P,00,WHITE,화이트,White,#f5f5f5,F
O221JK020P0685,O221JK020P,O,ANDEW,22,1,SPRING,JK,WOVEN JACKET,woven.jk,020,P,06,NAVY,네이비,Blue,#1f4e8c,85
O221JK020P0690,O221JK020P,O,ANDEW,22,1,SPRING,JK,WOVEN JACKET,woven.jk,020,P,06,NAVY,네이비,Blue,#1f4e8c,90
O221JK020P0695,O221JK020P,O,ANDEW,22,1,SPRING,JK,WOVEN JACKET,woven.jk,020,P,06,NAVY,네이비,Blue,#1f4e8c,95
O221JK020P06100,O221JK020P,O,ANDEW,22,1,SPRING,JK,WOVEN JACKET,woven.jk,020,P,06,NAVY,네이비,Blue,#1f4e8c,100
O221JK020P06105,O221JK020P,O,ANDEW,22,1,SPRING,JK,WOVEN JACKET,woven.jk,020,P,06,NAVY,네이비,Blue,#1f4e8c,105
O221JK020P06F,O221JK020P,O,ANDEW,22,1,SPRING,JK,WOVEN JACKET,woven.jk,020,P,06,NAVY,네이비,Blue,#1f4e8c,F
O221JK021P1985,O221JK021P,O,ANDEW,22,1,SPRING,JK,WOVEN JACKET,woven.jk,021,P,19,BLACK,블랙,Black,#1a1a1a,85
O221JK021P1990,O221JK021P,O,ANDEW,22,1,SPRING,JK,WOVEN JACKET,woven.jk,021,P,19,BLACK,블랙,Black,#1a1a1a,90
O221JK021P1995,O221JK021P,O,ANDEW,22,1,SPRING,JK,WOVEN JACKET,woven.jk,021,P,19,BLACK,블랙,Black,#1a1a1a,95
O221JK021P19100,O221JK021P,O,ANDEW,22,1,SPRING,JK,WOVEN JACKET,woven.jk,021,P,19,BLACK,블랙,Black,#1a1a1a,100
O221JK021P19105,O221JK021P,O,ANDEW,22,1,SPRING,JK,WOVEN JACKET,woven.jk,021,P,19,BLACK,블랙,Black,#1a1a1a,105
O221JK021P19F,O221JK021P,O,ANDEW,22,1,SPRING,JK,WOVEN JACKET,woven.jk,021,P,19,BLACK,블랙,Black,#1a1a1a,F
O221JK022P1285,O221JK022P,O,ANDEW,22,1,SPRING,JK,WOVEN JACKET,woven.jk,022,P,12,GREY,그레이,Gray,#808080,85
O221JK022P1290,O221JK022P,O,ANDEW,22,1,SPRING,JK,WOVEN JACKET,woven.jk,022,P,12,GREY,그레이,Gray,#808080,90
O221JK022P1295,O221JK022P,O,ANDEW,22,1,SPRING,JK,WOVEN JACKET,woven.jk,022,P,12,GREY,그레이,Gray,#808080,95
O221JK022P12100,O221JK022P,O,ANDEW,22,1,SPRING,JK,WOVEN JACKET,woven.jk,022,P,12,GREY,그레이,Gray,#808080,100
O221JK022P12105,O221JK022P,O,ANDEW,22,1,SPRING,JK,WOVEN JACKET,woven.jk,022,P,12,GREY,그레이,Gray,#808080,105
O221JK022P12F,O221JK022P,O,ANDEW,22,1,SPRING,JK,WOVEN JACKET,woven.jk,022,P,12,GREY,그레이,Gray,#808080,F
O221JK023P3185,O221JK023P,O,ANDEW,22,1,SPRING,JK,WOVEN JACKET,woven.jk,023,P,31,PINK,핑크,Pink,#e84d8a,85
O221JK023P3190,O221JK023P,O,ANDEW,22,1,SPRING,JK,WOVEN JACKET,woven.jk,023,P,31,PINK,핑크,Pink,#e84d8a,90
O221JK023P3195,O221JK023P,O,ANDEW,22,1,SPRING,JK,WOVEN JACKET,woven.jk,023,P,31,PINK,핑크,Pink,#e84d8a,95
O221JK023P31100,O221JK023P,O,ANDEW,22,1,SPRING,JK,WOVEN JACKET,woven.jk,023,P,31,PINK,핑크,Pink,#e84d8a,100
O221JK023P31105,O221JK023P,O,ANDEW,22,1,SPRING,JK,WOVEN JACKET,woven.jk,023,P,31,PINK,핑크,Pink,#e84d8a,105
O221JK023P31F,O221JK023P,O,ANDEW,22,1,SPRING,JK,WOVEN JACKET,woven.jk,023,P,31,PINK,핑크,Pink,#e84d8a,F
O221JK024P5185,O221JK024P,O,ANDEW,22,1,SPRING,JK,WOVEN JACKET,woven.jk,024,P,51,GREEN,그린,Green,#3f7d3a,85
O221JK024P5190,O221JK024P,O,ANDEW,22,1,SPRING,JK,WOVEN JACKET,woven.jk,024,P,51,GREEN,그린,Green,#3f7d3a,90
O221JK024P5195,O221JK024P,O,ANDEW,22,1,SPRING,JK,WOVEN JACKET,woven.jk,024,P,51,GREEN,그린,Green,#3f7d3a,95
O221JK024P51100,O221JK024P,O,ANDEW,22,1,SPRING,JK,WOVEN JACKET,woven.jk,024,P,51,GREEN,그린,Green,#3f7d3a,100
O221JK024P51105,O221JK024P,O,ANDEW,22,1,SPRING,JK,WOVEN JACKET,woven.jk,024,P,51,GREEN,그린,Green,#3f7d3a,105
O221JK024P51F,O221JK024P,O,ANDEW,22,1,SPRING,JK,WOVEN JACKET,woven.jk,024,P,51,GREEN,그린,Green,#3f7d3a,F
O221SH025P0085,O221SH025P,O,ANDEW,22,1,SPRING,SH,WOVEN SHIRT,woven.sh,025,P,00,WHITE,화이트,White,#f5f5f5,85
O221SH025P0090,O221SH025P,O,ANDEW,22,1,SPRING,SH,WOVEN SHIRT,woven.sh,025,P,00,WHITE,화이트,White,#f5f5f5,90
O221SH025P0095,O221SH025P,O,ANDEW,22,1,SPRING,SH,WOVEN SHIRT,woven.sh,025,P,00,WHITE,화이트,White,#f5f5f5,95
O221SH025P00100,O221SH025P,O,ANDEW,22,1,SPRING,SH,WOVEN SHIRT,woven.sh,025,P,00,WHITE,화이트,White,#f5f5f5,100
O221SH025P00105,O221SH025P,O,ANDEW,22,1,SPRING,SH,WOVEN SHIRT,woven.sh,025,P,00,WHITE,화이트,White,#f5f5f5,105
O221SH025P00F,O221SH025P,O,ANDEW,22,1,SPRING,SH,WOVEN SHIRT,woven.sh,025,P,00,WHITE,화이트,White,#f5f5f5,F
O221SH026P0685,O221SH026P,O,ANDEW,22,1,SPRING,SH,WOVEN SHIRT,woven.sh,026,P,06,NAVY,네이비,Blue,#1f4e8c,85
O221SH026P0690,O221SH026P,O,ANDEW,22,1,SPRING,SH,WOVEN SHIRT,woven.sh,026,P,06,NAVY,네이비,Blue,#1f4e8c,90
O221SH026P0695,O221SH026P,O,ANDEW,22,1,SPRING,SH,WOVEN SHIRT,woven.sh,026,P,06,NAVY,네이비,Blue,#1f4e8c,95
O221SH026P06100,O221SH026P,O,ANDEW,22,1,SPRING,SH,WOVEN SHIRT,woven.sh,026,P,06,NAVY,네이비,Blue,#1f4e8c,100
O221SH026P06105,O221SH026P,O,ANDEW,22,1,SPRING,SH,WOVEN SHIRT,woven.sh,026,P,06,NAVY,네이비,Blue,#1f4e8c,105
O221SH026P06F,O221SH026P,O,ANDEW,22,1,SPRING,SH,WOVEN SHIRT,woven.sh,026,P,06,NAVY,네이비,Blue,#1f4e8c,F
O221SH027P1985,O221SH027P,O,ANDEW,22,1,SPRING,SH,WOVEN SHIRT,woven.sh,027,P,19,BLACK,블랙,Black,#1a1a1a,85
O221SH027P1990,O221SH027P,O,ANDEW,22,1,SPRING,SH,WOVEN SHIRT,woven.sh,027,P,19,BLACK,블랙,Black,#1a1a1a,90
O221SH027P1995,O221SH027P,O,ANDEW,22,1,SPRING,SH,WOVEN SHIRT,woven.sh,027,P,19,BLACK,블랙,Black,#1a1a1a,95
O221SH027P19100,O221SH027P,O,ANDEW,22,1,SPRING,SH,WOVEN SHIRT,woven.sh,027,P,19,BLACK,블랙,Black,#1a1a1a,100
O221SH027P19105,O221SH027P,O,ANDEW,22,1,SPRING,SH,WOVEN SHIRT,woven.sh,027,P,19,BLACK,블랙,Black,#1a1a1a,105
O221SH027P19F,O221SH027P,O,ANDEW,22,1,SPRING,SH,WOVEN SHIRT,woven.sh,027,P,19,BLACK,블랙,Black,#1a1a1a,F
O221SH028P1285,O221SH028P,O,ANDEW,22,1,SPRING,SH,WOVEN SHIRT,woven.sh,028,P,12,GREY,그레이,Gray,#808080,85
O221SH028P1290,O221SH028P,O,ANDEW,22,1,SPRING,SH,WOVEN SHIRT,woven.sh,028,P,12,GREY,그레이,Gray,#808080,90
O221SH028P1295,O221SH028P,O,ANDEW,22,1,SPRING,SH,WOVEN SHIRT,woven.sh,028,P,12,GREY,그레이,Gray,#808080,95
O221SH028P12100,O221SH028P,O,ANDEW,22,1,SPRING,SH,WOVEN SHIRT,woven.sh,028,P,12,GREY,그레이,Gray,#808080,100
O221SH028P12105,O221SH028P,O,ANDEW,22,1,SPRING,SH,WOVEN SHIRT,woven.sh,028,P,12,GREY,그레이,Gray,#808080,105
O221SH028P12F,O221SH028P,O,ANDEW,22,1,SPRING,SH,WOVEN SHIRT,woven.sh,028,P,12,GREY,그레이,Gray,#808080,F
O221SH029P3185,O221SH029P,O,ANDEW,22,1,SPRING,SH,WOVEN SHIRT,woven.sh,029,P,31,PINK,핑크,Pink,#e84d8a,85
O221SH029P3190,O221SH029P,O,ANDEW,22,1,SPRING,SH,WOVEN SHIRT,woven.sh,029,P,31,PINK,핑크,Pink,#e84d8a,90
O221SH029P3195,O221SH029P,O,ANDEW,22,1,SPRING,SH,WOVEN SHIRT,woven.sh,029,P,31,PINK,핑크,Pink,#e84d8a,95
O221SH029P31100,O221SH029P,O,ANDEW,22,1,SPRING,SH,WOVEN SHIRT,woven.sh,029,P,31,PINK,핑크,Pink,#e84d8a,100
O221SH029P31105,O221SH029P,O,ANDEW,22,1,SPRING,SH,WOVEN SHIRT,woven.sh,029,P,31,PINK,핑크,Pink,#e84d8a,105
O221SH029P31F,O221SH029P,O,ANDEW,22,1,SPRING,SH,WOVEN SHIRT,woven.sh,029,P,31,PINK,핑크,Pink,#e84d8a,F
O221SH030P5185,O221SH030P,O,ANDEW,22,1,SPRING,SH,WOVEN SHIRT,woven.sh,030,P,51,GREEN,그린,Green,#3f7d3a,85
O221SH030P5190,O221SH030P,O,ANDEW,22,1,SPRING,SH,WOVEN SHIRT,woven.sh,030,P,51,GREEN,그린,Green,#3f7d3a,90
O221SH030P5195,O221SH030P,O,ANDEW,22,1,SPRING,SH,WOVEN SHIRT,woven.sh,030,P,51,GREEN,그린,Green,#3f7d3a,95
O221SH030P51100,O221SH030P,O,ANDEW,22,1,SPRING,SH,WOVEN SHIRT,woven.sh,030,P,51,GREEN,그린,Green,#3f7d3a,100
O221SH030P51105,O221SH030P,O,ANDEW,22,1,SPRING,SH,WOVEN SHIRT,woven.sh,030,P,51,GREEN,그린,Green,#3f7d3a,105
O221SH030P51F,O221SH030P,O,ANDEW,22,1,SPRING,SH,WOVEN SHIRT,woven.sh,030,P,51,GREEN,그린,Green,#3f7d3a,F
O221PT031P0028,O221PT031P,O,ANDEW,22,1,SPRING,PT,WOVEN PANTS,woven.pt,031,P,00,WHITE,화이트,White,#f5f5f5,28
O221PT031P0030,O221PT031P,O,ANDEW,22,1,SPRING,PT,WOVEN PANTS,woven.pt,031,P,00,WHITE,화이트,White,#f5f5f5,30
O221PT031P0032,O221PT031P,O,ANDEW,22,1,SPRING,PT,WOVEN PANTS,woven.pt,031,P,00,WHITE,화이트,White,#f5f5f5,32
O221PT031P0034,O221PT031P,O,ANDEW,22,1,SPRING,PT,WOVEN PANTS,woven.pt,031,P,00,WHITE,화이트,White,#f5f5f5,34
O221PT031P0036,O221PT031P,O,ANDEW,22,1,SPRING,PT,WOVEN PANTS,woven.pt,031,P,00,WHITE,화이트,White,#f5f5f5,36
O221PT031P00F,O221PT031P,O,ANDEW,22,1,SPRING,PT,WOVEN PANTS,woven.pt,031,P,00,WHITE,화이트,White,#f5f5f5,F
O221PT032P0628,O221PT032P,O,ANDEW,22,1,SPRING,PT,WOVEN PANTS,woven.pt,032,P,06,NAVY,네이비,Blue,#1f4e8c,28
O221PT032P0630,O221PT032P,O,ANDEW,22,1,SPRING,PT,WOVEN PANTS,woven.pt,032,P,06,NAVY,네이비,Blue,#1f4e8c,30
O221PT032P0632,O221PT032P,O,ANDEW,22,1,SPRING,PT,WOVEN PANTS,woven.pt,032,P,06,NAVY,네이비,Blue,#1f4e8c,32
O221PT032P0634,O221PT032P,O,ANDEW,22,1,SPRING,PT,WOVEN PANTS,woven.pt,032,P,06,NAVY,네이비,Blue,#1f4e8c,34
O221PT032P0636,O221PT032P,O,ANDEW,22,1,SPRING,PT,WOVEN PANTS,woven.pt,032,P,06,NAVY,네이비,Blue,#1f4e8c,36
O221PT032P06F,O221PT032P,O,ANDEW,22,1,SPRING,PT,WOVEN PANTS,woven.pt,032,P,06,NAVY,네이비,Blue,#1f4e8c,F
O221PT033P1928,O221PT033P,O,ANDEW,22,1,SPRING,PT,WOVEN PANTS,woven.pt,033,P,19,BLACK,블랙,Black,#1a1a1a,28
O221PT033P1930,O221PT033P,O,ANDEW,22,1,SPRING,PT,WOVEN PANTS,woven.pt,033,P,19,BLACK,블랙,Black,#1a1a1a,30
O221PT033P1932,O221PT033P,O,ANDEW,22,1,SPRING,PT,WOVEN PANTS,woven.pt,033,P,19,BLACK,블랙,Black,#1a1a1a,32
O221PT033P1934,O221PT033P,O,ANDEW,22,1,SPRING,PT,WOVEN PANTS,woven.pt,033,P,19,BLACK,블랙,Black,#1a1a1a,34
O221PT033P1936,O221PT033P,O,ANDEW,22,1,SPRING,PT,WOVEN PANTS,woven.pt,033,P,19,BLACK,블랙,Black,#1a1a1a,36
O221PT033P19F,O221PT033P,O,ANDEW,22,1,SPRING,PT,WOVEN PANTS,woven.pt,033,P,19,BLACK,블랙,Black,#1a1a1a,F
O221PT034P1228,O221PT034P,O,ANDEW,22,1,SPRING,PT,WOVEN PANTS,woven.pt,034,P,12,GREY,그레이,Gray,#808080,28
O221PT034P1230,O221PT034P,O,ANDEW,22,1,SPRING,PT,WOVEN PANTS,woven.pt,034,P,12,GREY,그레이,Gray,#808080,30
O221PT034P1232,O221PT034P,O,ANDEW,22,1,SPRING,PT,WOVEN PANTS,woven.pt,034,P,12,GREY,그레이,Gray,#808080,32
O221PT034P1234,O221PT034P,O,ANDEW,22,1,SPRING,PT,WOVEN PANTS,woven.pt,034,P,12,GREY,그레이,Gray,#808080,34
O221PT034P1236,O221PT034P,O,ANDEW,22,1,SPRING,PT,WOVEN PANTS,woven.pt,034,P,12,GREY,그레이,Gray,#808080,36
O221PT034P12F,O221PT034P,O,ANDEW,22,1,SPRING,PT,WOVEN PANTS,woven.pt,034,P,12,GREY,그레이,Gray,#808080,F
O221PT035P3128,O221PT035P,O,ANDEW,22,1,SPRING,PT,WOVEN PANTS,woven.pt,035,P,31,PINK,핑크,Pink,#e84d8a,28
O221PT035P3130,O221PT035P,O,ANDEW,22,1,SPRING,PT,WOVEN PANTS,woven.pt,035,P,31,PINK,핑크,Pink,#e84d8a,30
O221PT035P3132,O221PT035P,O,ANDEW,22,1,SPRING,PT,WOVEN PANTS,woven.pt,035,P,31,PINK,핑크,Pink,#e84d8a,32
O221PT035P3134,O221PT035P,O,ANDEW,22,1,SPRING,PT,WOVEN PANTS,woven.pt,035,P,31,PINK,핑크,Pink,#e84d8a,34
O221PT035P3136,O221PT035P,O,ANDEW,22,1,SPRING,PT,WOVEN PANTS,woven.pt,035,P,31,PINK,핑크,Pink,#e84d8a,36
O221PT035P31F,O221PT035P,O,ANDEW,22,1,SPRING,PT,WOVEN PANTS,woven.pt,035,P,31,PINK,핑크,Pink,#e84d8a,F
O221PT036P5128,O221PT036P,O,ANDEW,22,1,SPRING,PT,WOVEN PANTS,woven.pt,036,P,51,GREEN,그린,Green,#3f7d3a,28
O221PT036P5130,O221PT036P,O,ANDEW,22,1,SPRING,PT,WOVEN PANTS,woven.pt,036,P,51,GREEN,그린,Green,#3f7d3a,30
O221PT036P5132,O221PT036P,O,ANDEW,22,1,SPRING,PT,WOVEN PANTS,woven.pt,036,P,51,GREEN,그린,Green,#3f7d3a,32
O221PT036P5134,O221PT036P,O,ANDEW,22,1,SPRING,PT,WOVEN PANTS,woven.pt,036,P,51,GREEN,그린,Green,#3f7d3a,34
O221PT036P5136,O221PT036P,O,ANDEW,22,1,SPRING,PT,WOVEN PANTS,woven.pt,036,P,51,GREEN,그린,Green,#3f7d3a,36
O221PT036P51F,O221PT036P,O,ANDEW,22,1,SPRING,PT,WOVEN PANTS,woven.pt,036,P,51,GREEN,그린,Green,#3f7d3a,F
O221OP037P0085,O221OP037P,O,ANDEW,22,1,SPRING,OP,WOVEN ONE PIECE,woven.op,037,P,00,WHITE,화이트,White,#f5f5f5,85
O221OP037P0090,O221OP037P,O,ANDEW,22,1,SPRING,OP,WOVEN ONE PIECE,woven.op,037,P,00,WHITE,화이트,White,#f5f5f5,90
O221OP037P0095,O221OP037P,O,ANDEW,22,1,SPRING,OP,WOVEN ONE PIECE,woven.op,037,P,00,WHITE,화이트,White,#f5f5f5,95
O221OP037P00100,O221OP037P,O,ANDEW,22,1,SPRING,OP,WOVEN ONE PIECE,woven.op,037,P,00,WHITE,화이트,White,#f5f5f5,100
O221OP037P00105,O221OP037P,O,ANDEW,22,1,SPRING,OP,WOVEN ONE PIECE,woven.op,037,P,00,WHITE,화이트,White,#f5f5f5,105
O221OP037P00F,O221OP037P,O,ANDEW,22,1,SPRING,OP,WOVEN ONE PIECE,woven.op,037,P,00,WHITE,화이트,White,#f5f5f5,F
O221OP038P0685,O221OP038P,O,ANDEW,22,1,SPRING,OP,WOVEN ONE PIECE,woven.op,038,P,06,NAVY,네이비,Blue,#1f4e8c,85
O221OP038P0690,O221OP038P,O,ANDEW,22,1,SPRING,OP,WOVEN ONE PIECE,woven.op,038,P,06,NAVY,네이비,Blue,#1f4e8c,90
O221OP038P0695,O221OP038P,O,ANDEW,22,1,SPRING,OP,WOVEN ONE PIECE,woven.op,038,P,06,NAVY,네이비,Blue,#1f4e8c,95
O221OP038P06100,O221OP038P,O,ANDEW,22,1,SPRING,OP,WOVEN ONE PIECE,woven.op,038,P,06,NAVY,네이비,Blue,#1f4e8c,100
O221OP038P06105,O221OP038P,O,ANDEW,22,1,SPRING,OP,WOVEN ONE PIECE,woven.op,038,P,06,NAVY,네이비,Blue,#1f4e8c,105
O221OP038P06F,O221OP038P,O,ANDEW,22,1,SPRING,OP,WOVEN ONE PIECE,woven.op,038,P,06,NAVY,네이비,Blue,#1f4e8c,F
O221OP039P1985,O221OP039P,O,ANDEW,22,1,SPRING,OP,WOVEN ONE PIECE,woven.op,039,P,19,BLACK,블랙,Black,#1a1a1a,85
O221OP039P1990,O221OP039P,O,ANDEW,22,1,SPRING,OP,WOVEN ONE PIECE,woven.op,039,P,19,BLACK,블랙,Black,#1a1a1a,90
O221OP039P1995,O221OP039P,O,ANDEW,22,1,SPRING,OP,WOVEN ONE PIECE,woven.op,039,P,19,BLACK,블랙,Black,#1a1a1a,95
O221OP039P19100,O221OP039P,O,ANDEW,22,1,SPRING,OP,WOVEN ONE PIECE,woven.op,039,P,19,BLACK,블랙,Black,#1a1a1a,100
O221OP039P19105,O221OP039P,O,ANDEW,22,1,SPRING,OP,WOVEN ONE PIECE,woven.op,039,P,19,BLACK,블랙,Black,#1a1a1a,105
O221OP039P19F,O221OP039P,O,ANDEW,22,1,SPRING,OP,WOVEN ONE PIECE,woven.op,039,P,19,BLACK,블랙,Black,#1a1a1a,F
O221OP040P1285,O221OP040P,O,ANDEW,22,1,SPRING,OP,WOVEN ONE PIECE,woven.op,040,P,12,GREY,그레이,Gray,#808080,85
O221OP040P1290,O221OP040P,O,ANDEW,22,1,SPRING,OP,WOVEN ONE PIECE,woven.op,040,P,12,GREY,그레이,Gray,#808080,90
O221OP040P1295,O221OP040P,O,ANDEW,22,1,SPRING,OP,WOVEN ONE PIECE,woven.op,040,P,12,GREY,그레이,Gray,#808080,95
O221OP040P12100,O221OP040P,O,ANDEW,22,1,SPRING,OP,WOVEN ONE PIECE,woven.op,040,P,12,GREY,그레이,Gray,#808080,100
O221OP040P12105,O221OP040P,O,ANDEW,22,1,SPRING,OP,WOVEN ONE PIECE,woven.op,040,P,12,GREY,그레이,Gray,#808080,105
O221OP040P12F,O221OP040P,O,ANDEW,22,1,SPRING,OP,WOVEN ONE PIECE,woven.op,040,P,12,GREY,그레이,Gray,#808080,F
O221OP041P3185,O221OP041P,O,ANDEW,22,1,SPRING,OP,WOVEN ONE PIECE,woven.op,041,P,31,PINK,핑크,Pink,#e84d8a,85
O221OP041P3190,O221OP041P,O,ANDEW,22,1,SPRING,OP,WOVEN ONE PIECE,woven.op,041,P,31,PINK,핑크,Pink,#e84d8a,90
O221OP041P3195,O221OP041P,O,ANDEW,22,1,SPRING,OP,WOVEN ONE PIECE,woven.op,041,P,31,PINK,핑크,Pink,#e84d8a,95
O221OP041P31100,O221OP041P,O,ANDEW,22,1,SPRING,OP,WOVEN ONE PIECE,woven.op,041,P,31,PINK,핑크,Pink,#e84d8a,100
O221OP041P31105,O221OP041P,O,ANDEW,22,1,SPRING,OP,WOVEN ONE PIECE,woven.op,041,P,31,PINK,핑크,Pink,#e84d8a,105
O221OP041P31F,O221OP041P,O,ANDEW,22,1,SPRING,OP,WOVEN ONE PIECE,woven.op,041,P,31,PINK,핑크,Pink,#e84d8a,F
O221OP042P5185,O221OP042P,O,ANDEW,22,1,SPRING,OP,WOVEN ONE PIECE,woven.op,042,P,51,GREEN,그린,Green,#3f7d3a,85
O221OP042P5190,O221OP042P,O,ANDEW,22,1,SPRING,OP,WOVEN ONE PIECE,woven.op,042,P,51,GREEN,그린,Green,#3f7d3a,90
O221OP042P5195,O221OP042P,O,ANDEW,22,1,SPRING,OP,WOVEN ONE PIECE,woven.op,042,P,51,GREEN,그린,Green,#3f7d3a,95
O221OP042P51100,O221OP042P,O,ANDEW,22,1,SPRING,OP,WOVEN ONE PIECE,woven.op,042,P,51,GREEN,그린,Green,#3f7d3a,100
O221OP042P51105,O221OP042P,O,ANDEW,22,1,SPRING,OP,WOVEN ONE PIECE,woven.op,042,P,51,GREEN,그린,Green,#3f7d3a,105
O221OP042P51F,O221OP042P,O,ANDEW,22,1,SPRING,OP,WOVEN ONE PIECE,woven.op,042,P,51,GREEN,그린,Green,#3f7d3a,F
O221KC043P0085,O221KC043P,O,ANDEW,22,1,SPRING,KC,KNIT CARDIGAN,knit.kc,043,P,00,WHITE,화이트,White,#f5f5f5,85
O221KC043P0090,O221KC043P,O,ANDEW,22,1,SPRING,KC,KNIT CARDIGAN,knit.kc,043,P,00,WHITE,화이트,White,#f5f5f5,90
O221KC043P0095,O221KC043P,O,ANDEW,22,1,SPRING,KC,KNIT CARDIGAN,knit.kc,043,P,00,WHITE,화이트,White,#f5f5f5,95
O221KC043P00100,O221KC043P,O,ANDEW,22,1,SPRING,KC,KNIT CARDIGAN,knit.kc,043,P,00,WHITE,화이트,White,#f5f5f5,100
O221KC043P00105,O221KC043P,O,ANDEW,22,1,SPRING,KC,KNIT CARDIGAN,knit.kc,043,P,00,WHITE,화이트,White,#f5f5f5,105
O221KC043P00F,O221KC043P,O,ANDEW,22,1,SPRING,KC,KNIT CARDIGAN,knit.kc,043,P,00,WHITE,화이트,White,#f5f5f5,F
O221KC044P0685,O221KC044P,O,ANDEW,22,1,SPRING,KC,KNIT CARDIGAN,knit.kc,044,P,06,NAVY,네이비,Blue,#1f4e8c,85
O221KC044P0690,O221KC044P,O,ANDEW,22,1,SPRING,KC,KNIT CARDIGAN,knit.kc,044,P,06,NAVY,네이비,Blue,#1f4e8c,90
O221KC044P0695,O221KC044P,O,ANDEW,22,1,SPRING,KC,KNIT CARDIGAN,knit.kc,044,P,06,NAVY,네이비,Blue,#1f4e8c,95
O221KC044P06100,O221KC044P,O,ANDEW,22,1,SPRING,KC,KNIT CARDIGAN,knit.kc,044,P,06,NAVY,네이비,Blue,#1f4e8c,100
O221KC044P06105,O221KC044P,O,ANDEW,22,1,SPRING,KC,KNIT CARDIGAN,knit.kc,044,P,06,NAVY,네이비,Blue,#1f4e8c,105
O221KC044P06F,O221KC044P,O,ANDEW,22,1,SPRING,KC,KNIT CARDIGAN,knit.kc,044,P,06,NAVY,네이비,Blue,#1f4e8c,F
O221KC045P1985,O221KC045P,O,ANDEW,22,1,SPRING,KC,KNIT CARDIGAN,knit.kc,045,P,19,BLACK,블랙,Black,#1a1a1a,85
O221KC045P1990,O221KC045P,O,ANDEW,22,1,SPRING,KC,KNIT CARDIGAN,knit.kc,045,P,19,BLACK,블랙,Black,#1a1a1a,90
O221KC045P1995,O221KC045P,O,ANDEW,22,1,SPRING,KC,KNIT CARDIGAN,knit.kc,045,P,19,BLACK,블랙,Black,#1a1a1a,95
O221KC045P19100,O221KC045P,O,ANDEW,22,1,SPRING,KC,KNIT CARDIGAN,knit.kc,045,P,19,BLACK,블랙,Black,#1a1a1a,100
O221KC045P19105,O221KC045P,O,ANDEW,22,1,SPRING,KC,KNIT CARDIGAN,knit.kc,045,P,19,BLACK,블랙,Black,#1a1a1a,105
O221KC045P19F,O221KC045P,O,ANDEW,22,1,SPRING,KC,KNIT CARDIGAN,knit.kc,045,P,19,BLACK,블랙,Black,#1a1a1a,F
O221KC046P1285,O221KC046P,O,ANDEW,22,1,SPRING,KC,KNIT CARDIGAN,knit.kc,046,P,12,GREY,그레이,Gray,#808080,85
O221KC046P1290,O221KC046P,O,ANDEW,22,1,SPRING,KC,KNIT CARDIGAN,knit.kc,046,P,12,GREY,그레이,Gray,#808080,90
O221KC046P1295,O221KC046P,O,ANDEW,22,1,SPRING,KC,KNIT CARDIGAN,knit.kc,046,P,12,GREY,그레이,Gray,#808080,95
O221KC046P12100,O221KC046P,O,ANDEW,22,1,SPRING,KC,KNIT CARDIGAN,knit.kc,046,P,12,GREY,그레이,Gray,#808080,100
O221KC046P12105,O221KC046P,O,ANDEW,22,1,SPRING,KC,KNIT CARDIGAN,knit.kc,046,P,12,GREY,그레이,Gray,#808080,105
O221KC046P12F,O221KC046P,O,ANDEW,22,1,SPRING,KC,KNIT CARDIGAN,knit.kc,046,P,12,GREY,그레이,Gray,#808080,F
O221KC047P3185,O221KC047P,O,ANDEW,22,1,SPRING,KC,KNIT CARDIGAN,knit.kc,047,P,31,PINK,핑크,Pink,#e84d8a,85
O221KC047P3190,O221KC047P,O,ANDEW,22,1,SPRING,KC,KNIT CARDIGAN,knit.kc,047,P,31,PINK,핑크,Pink,#e84d8a,90
O221KC047P3195,O221KC047P,O,ANDEW,22,1,SPRING,KC,KNIT CARDIGAN,knit.kc,047,P,31,PINK,핑크,Pink,#e84d8a,95
O221KC047P31100,O221KC047P,O,ANDEW,22,1,SPRING,KC,KNIT CARDIGAN,knit.kc,047,P,31,PINK,핑크,Pink,#e84d8a,100
O221KC047P31105,O221KC047P,O,ANDEW,22,1,SPRING,KC,KNIT CARDIGAN,knit.kc,047,P,31,PINK,핑크,Pink,#e84d8a,105
O221KC047P31F,O221KC047P,O,ANDEW,22,1,SPRING,KC,KNIT CARDIGAN,knit.kc,047,P,31,PINK,핑크,Pink,#e84d8a,F
O221KC048P5185,O221KC048P,O,ANDEW,22,1,SPRING,KC,KNIT CARDIGAN,knit.kc,048,P,51,GREEN,그린,Green,#3f7d3a,85
O221KC048P5190,O221KC048P,O,ANDEW,22,1,SPRING,KC,KNIT CARDIGAN,knit.kc,048,P,51,GREEN,그린,Green,#3f7d3a,90
O221KC048P5195,O221KC048P,O,ANDEW,22,1,SPRING,KC,KNIT CARDIGAN,knit.kc,048,P,51,GREEN,그린,Green,#3f7d3a,95
O221KC048P51100,O221KC048P,O,ANDEW,22,1,SPRING,KC,KNIT CARDIGAN,knit.kc,048,P,51,GREEN,그린,Green,#3f7d3a,100
O221KC048P51105,O221KC048P,O,ANDEW,22,1,SPRING,KC,KNIT CARDIGAN,knit.kc,048,P,51,GREEN,그린,Green,#3f7d3a,105
O221KC048P51F,O221KC048P,O,ANDEW,22,1,SPRING,KC,KNIT CARDIGAN,knit.kc,048,P,51,GREEN,그린,Green,#3f7d3a,F
O221KT049P0085,O221KT049P,O,ANDEW,22,1,SPRING,KT,KNIT P/OVER,knit.kt,049,P,00,WHITE,화이트,White,#f5f5f5,85
O221KT049P0090,O221KT049P,O,ANDEW,22,1,SPRING,KT,KNIT P/OVER,knit.kt,049,P,00,WHITE,화이트,White,#f5f5f5,90
O221KT049P0095,O221KT049P,O,ANDEW,22,1,SPRING,KT,KNIT P/OVER,knit.kt,049,P,00,WHITE,화이트,White,#f5f5f5,95
O221KT049P00100,O221KT049P,O,ANDEW,22,1,SPRING,KT,KNIT P/OVER,knit.kt,049,P,00,WHITE,화이트,White,#f5f5f5,100
O221KT049P00105,O221KT049P,O,ANDEW,22,1,SPRING,KT,KNIT P/OVER,knit.kt,049,P,00,WHITE,화이트,White,#f5f5f5,105
O221KT049P00F,O221KT049P,O,ANDEW,22,1,SPRING,KT,KNIT P/OVER,knit.kt,049,P,00,WHITE,화이트,White,#f5f5f5,F
O221KT050P0685,O221KT050P,O,ANDEW,22,1,SPRING,KT,KNIT P/OVER,knit.kt,050,P,06,NAVY,네이비,Blue,#1f4e8c,85
O221KT050P0690,O221KT050P,O,ANDEW,22,1,SPRING,KT,KNIT P/OVER,knit.kt,050,P,06,NAVY,네이비,Blue,#1f4e8c,90
O221KT050P0695,O221KT050P,O,ANDEW,22,1,SPRING,KT,KNIT P/OVER,knit.kt,050,P,06,NAVY,네이비,Blue,#1f4e8c,95
O221KT050P06100,O221KT050P,O,ANDEW,22,1,SPRING,KT,KNIT P/OVER,knit.kt,050,P,06,NAVY,네이비,Blue,#1f4e8c,100
O221KT050P06105,O221KT050P,O,ANDEW,22,1,SPRING,KT,KNIT P/OVER,knit.kt,050,P,06,NAVY,네이비,Blue,#1f4e8c,105
O221KT050P06F,O221KT050P,O,ANDEW,22,1,SPRING,KT,KNIT P/OVER,knit.kt,050,P,06,NAVY,네이비,Blue,#1f4e8c,F
O221KT051P1985,O221KT051P,O,ANDEW,22,1,SPRING,KT,KNIT P/OVER,knit.kt,051,P,19,BLACK,블랙,Black,#1a1a1a,85
O221KT051P1990,O221KT051P,O,ANDEW,22,1,SPRING,KT,KNIT P/OVER,knit.kt,051,P,19,BLACK,블랙,Black,#1a1a1a,90
O221KT051P1995,O221KT051P,O,ANDEW,22,1,SPRING,KT,KNIT P/OVER,knit.kt,051,P,19,BLACK,블랙,Black,#1a1a1a,95
O221KT051P19100,O221KT051P,O,ANDEW,22,1,SPRING,KT,KNIT P/OVER,knit.kt,051,P,19,BLACK,블랙,Black,#1a1a1a,100
O221KT051P19105,O221KT051P,O,ANDEW,22,1,SPRING,KT,KNIT P/OVER,knit.kt,051,P,19,BLACK,블랙,Black,#1a1a1a,105
O221KT051P19F,O221KT051P,O,ANDEW,22,1,SPRING,KT,KNIT P/OVER,knit.kt,051,P,19,BLACK,블랙,Black,#1a1a1a,F
O221KT052P1285,O221KT052P,O,ANDEW,22,1,SPRING,KT,KNIT P/OVER,knit.kt,052,P,12,GREY,그레이,Gray,#808080,85
O221KT052P1290,O221KT052P,O,ANDEW,22,1,SPRING,KT,KNIT P/OVER,knit.kt,052,P,12,GREY,그레이,Gray,#808080,90
O221KT052P1295,O221KT052P,O,ANDEW,22,1,SPRING,KT,KNIT P/OVER,knit.kt,052,P,12,GREY,그레이,Gray,#808080,95
O221KT052P12100,O221KT052P,O,ANDEW,22,1,SPRING,KT,KNIT P/OVER,knit.kt,052,P,12,GREY,그레이,Gray,#808080,100
O221KT052P12105,O221KT052P,O,ANDEW,22,1,SPRING,KT,KNIT P/OVER,knit.kt,052,P,12,GREY,그레이,Gray,#808080,105
O221KT052P12F,O221KT052P,O,ANDEW,22,1,SPRING,KT,KNIT P/OVER,knit.kt,052,P,12,GREY,그레이,Gray,#808080,F
O221KT053P3185,O221KT053P,O,ANDEW,22,1,SPRING,KT,KNIT P/OVER,knit.kt,053,P,31,PINK,핑크,Pink,#e84d8a,85
O221KT053P3190,O221KT053P,O,ANDEW,22,1,SPRING,KT,KNIT P/OVER,knit.kt,053,P,31,PINK,핑크,Pink,#e84d8a,90
O221KT053P3195,O221KT053P,O,ANDEW,22,1,SPRING,KT,KNIT P/OVER,knit.kt,053,P,31,PINK,핑크,Pink,#e84d8a,95
O221KT053P31100,O221KT053P,O,ANDEW,22,1,SPRING,KT,KNIT P/OVER,knit.kt,053,P,31,PINK,핑크,Pink,#e84d8a,100
O221KT053P31105,O221KT053P,O,ANDEW,22,1,SPRING,KT,KNIT P/OVER,knit.kt,053,P,31,PINK,핑크,Pink,#e84d8a,105
O221KT053P31F,O221KT053P,O,ANDEW,22,1,SPRING,KT,KNIT P/OVER,knit.kt,053,P,31,PINK,핑크,Pink,#e84d8a,F
O221KT054P5185,O221KT054P,O,ANDEW,22,1,SPRING,KT,KNIT P/OVER,knit.kt,054,P,51,GREEN,그린,Green,#3f7d3a,85
O221KT054P5190,O221KT054P,O,ANDEW,22,1,SPRING,KT,KNIT P/OVER,knit.kt,054,P,51,GREEN,그린,Green,#3f7d3a,90
O221KT054P5195,O221KT054P,O,ANDEW,22,1,SPRING,KT,KNIT P/OVER,knit.kt,054,P,51,GREEN,그린,Green,#3f7d3a,95
O221KT054P51100,O221KT054P,O,ANDEW,22,1,SPRING,KT,KNIT P/OVER,knit.kt,054,P,51,GREEN,그린,Green,#3f7d3a,100
O221KT054P51105,O221KT054P,O,ANDEW,22,1,SPRING,KT,KNIT P/OVER,knit.kt,054,P,51,GREEN,그린,Green,#3f7d3a,105
O221KT054P51F,O221KT054P,O,ANDEW,22,1,SPRING,KT,KNIT P/OVER,knit.kt,054,P,51,GREEN,그린,Green,#3f7d3a,F
O221TS055P0085,O221TS055P,O,ANDEW,22,1,SPRING,TS,C&S T-SHIRTS,cut_and_sew.ts,055,P,00,WHITE,화이트,White,#f5f5f5,85
O221TS055P0090,O221TS055P,O,ANDEW,22,1,SPRING,TS,C&S T-SHIRTS,cut_and_sew.ts,055,P,00,WHITE,화이트,White,#f5f5f5,90
O221TS055P0095,O221TS055P,O,ANDEW,22,1,SPRING,TS,C&S T-SHIRTS,cut_and_sew.ts,055,P,00,WHITE,화이트,White,#f5f5f5,95
O221TS055P00100,O221TS055P,O,ANDEW,22,1,SPRING,TS,C&S T-SHIRTS,cut_and_sew.ts,055,P,00,WHITE,화이트,White,#f5f5f5,100
O221TS055P00105,O221TS055P,O,ANDEW,22,1,SPRING,TS,C&S T-SHIRTS,cut_and_sew.ts,055,P,00,WHITE,화이트,White,#f5f5f5,105
O221TS055P00F,O221TS055P,O,ANDEW,22,1,SPRING,TS,C&S T-SHIRTS,cut_and_sew.ts,055,P,00,WHITE,화이트,White,#f5f5f5,F
O221TS056P0685,O221TS056P,O,ANDEW,22,1,SPRING,TS,C&S T-SHIRTS,cut_and_sew.ts,056,P,06,NAVY,네이비,Blue,#1f4e8c,85
O221TS056P0690,O221TS056P,O,ANDEW,22,1,SPRING,TS,C&S T-SHIRTS,cut_and_sew.ts,056,P,06,NAVY,네이비,Blue,#1f4e8c,90
O221TS056P0695,O221TS056P,O,ANDEW,22,1,SPRING,TS,C&S T-SHIRTS,cut_and_sew.ts,056,P,06,NAVY,네이비,Blue,#1f4e8c,95
O221TS056P06100,O221TS056P,O,ANDEW,22,1,SPRING,TS,C&S T-SHIRTS,cut_and_sew.ts,056,P,06,NAVY,네이비,Blue,#1f4e8c,100
O221TS056P06105,O221TS056P,O,ANDEW,22,1,SPRING,TS,C&S T-SHIRTS,cut_and_sew.ts,056,P,06,NAVY,네이비,Blue,#1f4e8c,105
O221TS056P06F,O221TS056P,O,ANDEW,22,1,SPRING,TS,C&S T-SHIRTS,cut_and_sew.ts,056,P,06,NAVY,네이비,Blue,#1f4e8c,F
O221TS057P1985,O221TS057P,O,ANDEW,22,1,SPRING,TS,C&S T-SHIRTS,cut_and_sew.ts,057,P,19,BLACK,블랙,Black,#1a1a1a,85
O221TS057P1990,O221TS057P,O,ANDEW,22,1,SPRING,TS,C&S T-SHIRTS,cut_and_sew.ts,057,P,19,BLACK,블랙,Black,#1a1a1a,90
O221TS057P1995,O221TS057P,O,ANDEW,22,1,SPRING,TS,C&S T-SHIRTS,cut_and_sew.ts,057,P,19,BLACK,블랙,Black,#1a1a1a,95
O221TS057P19100,O221TS057P,O,ANDEW,22,1,SPRING,TS,C&S T-SHIRTS,cut_and_sew.ts,057,P,19,BLACK,블랙,Black,#1a1a1a,100
O221TS057P19105,O221TS057P,O,ANDEW,22,1,SPRING,TS,C&S T-SHIRTS,cut_and_sew.ts,057,P,19,BLACK,블랙,Black,#1a1a1a,105
O221TS057P19F,O221TS057P,O,ANDEW,22,1,SPRING,TS,C&S T-SHIRTS,cut_and_sew.ts,057,P,19,BLACK,블랙,Black,#1a1a1a,F
O221TS058P1285,O221TS058P,O,ANDEW,22,1,SPRING,TS,C&S T-SHIRTS,cut_and_sew.ts,058,P,12,GREY,그레이,Gray,#808080,85
O221TS058P1290,O221TS058P,O,ANDEW,22,1,SPRING,TS,C&S T-SHIRTS,cut_and_sew.ts,058,P,12,GREY,그레이,Gray,#808080,90
O221TS058P1295,O221TS058P,O,ANDEW,22,1,SPRING,TS,C&S T-SHIRTS,cut_and_sew.ts,058,P,12,GREY,그레이,Gray,#808080,95
O221TS058P12100,O221TS058P,O,ANDEW,22,1,SPRING,TS,C&S T-SHIRTS,cut_and_sew.ts,058,P,12,GREY,그레이,Gray,#808080,100
O221TS058P12105,O221TS058P,O,ANDEW,22,1,SPRING,TS,C&S T-SHIRTS,cut_and_sew.ts,058,P,12,GREY,그레이,Gray,#808080,105
O221TS058P12F,O221TS058P,O,ANDEW,22,1,SPRING,TS,C&S T-SHIRTS,cut_and_sew.ts,058,P,12,GREY,그레이,Gray,#808080,F
O221TS059P3185,O221TS059P,O,ANDEW,22,1,SPRING,TS,C&S T-SHIRTS,cut_and_sew.ts,059,P,31,PINK,핑크,Pink,#e84d8a,85
O221TS059P3190,O221TS059P,O,ANDEW,22,1,SPRING,TS,C&S T-SHIRTS,cut_and_sew.ts,059,P,31,PINK,핑크,Pink,#e84d8a,90
O221TS059P3195,O221TS059P,O,ANDEW,22,1,SPRING,TS,C&S T-SHIRTS,cut_and_sew.ts,059,P,31,PINK,핑크,Pink,#e84d8a,95
O221TS059P31100,O221TS059P,O,ANDEW,22,1,SPRING,TS,C&S T-SHIRTS,cut_and_sew.ts,059,P,31,PINK,핑크,Pink,#e84d8a,100
O221TS059P31105,O221TS059P,O,ANDEW,22,1,SPRING,TS,C&S T-SHIRTS,cut_and_sew.ts,059,P,31,PINK,핑크,Pink,#e84d8a,105
O221TS059P31F,O221TS059P,O,ANDEW,22,1,SPRING,TS,C&S T-SHIRTS,cut_and_sew.ts,059,P,31,PINK,핑크,Pink,#e84d8a,F
O221TS060P5185,O221TS060P,O,ANDEW,22,1,SPRING,TS,C&S T-SHIRTS,cut_and_sew.ts,060,P,51,GREEN,그린,Green,#3f7d3a,85
O221TS060P5190,O221TS060P,O,ANDEW,22,1,SPRING,TS,C&S T-SHIRTS,cut_and_sew.ts,060,P,51,GREEN,그린,Green,#3f7d3a,90
O221TS060P5195,O221TS060P,O,ANDEW,22,1,SPRING,TS,C&S T-SHIRTS,cut_and_sew.ts,060,P,51,GREEN,그린,Green,#3f7d3a,95
O221TS060P51100,O221TS060P,O,ANDEW,22,1,SPRING,TS,C&S T-SHIRTS,cut_and_sew.ts,060,P,51,GREEN,그린,Green,#3f7d3a,100
O221TS060P51105,O221TS060P,O,ANDEW,22,1,SPRING,TS,C&S T-SHIRTS,cut_and_sew.ts,060,P,51,GREEN,그린,Green,#3f7d3a,105
O221TS060P51F,O221TS060P,O,ANDEW,22,1,SPRING,TS,C&S T-SHIRTS,cut_and_sew.ts,060,P,51,GREEN,그린,Green,#3f7d3a,F
O221TP061P0028,O221TP061P,O,ANDEW,22,1,SPRING,TP,C&S PANTS,cut_and_sew.tp,061,P,00,WHITE,화이트,White,#f5f5f5,28
O221TP061P0030,O221TP061P,O,ANDEW,22,1,SPRING,TP,C&S PANTS,cut_and_sew.tp,061,P,00,WHITE,화이트,White,#f5f5f5,30
O221TP061P0032,O221TP061P,O,ANDEW,22,1,SPRING,TP,C&S PANTS,cut_and_sew.tp,061,P,00,WHITE,화이트,White,#f5f5f5,32
O221TP061P0034,O221TP061P,O,ANDEW,22,1,SPRING,TP,C&S PANTS,cut_and_sew.tp,061,P,00,WHITE,화이트,White,#f5f5f5,34
O221TP061P0036,O221TP061P,O,ANDEW,22,1,SPRING,TP,C&S PANTS,cut_and_sew.tp,061,P,00,WHITE,화이트,White,#f5f5f5,36
O221TP061P00F,O221TP061P,O,ANDEW,22,1,SPRING,TP,C&S PANTS,cut_and_sew.tp,061,P,00,WHITE,화이트,White,#f5f5f5,F
O221TP062P0628,O221TP062P,O,ANDEW,22,1,SPRING,TP,C&S PANTS,cut_and_sew.tp,062,P,06,NAVY,네이비,Blue,#1f4e8c,28
O221TP062P0630,O221TP062P,O,ANDEW,22,1,SPRING,TP,C&S PANTS,cut_and_sew.tp,062,P,06,NAVY,네이비,Blue,#1f4e8c,30
O221TP062P0632,O221TP062P,O,ANDEW,22,1,SPRING,TP,C&S PANTS,cut_and_sew.tp,062,P,06,NAVY,네이비,Blue,#1f4e8c,32
O221TP062P0634,O221TP062P,O,ANDEW,22,1,SPRING,TP,C&S PANTS,cut_and_sew.tp,062,P,06,NAVY,네이비,Blue,#1f4e8c,34
O221TP062P0636,O221TP062P,O,ANDEW,22,1,SPRING,TP,C&S PANTS,cut_and_sew.tp,062,P,06,NAVY,네이비,Blue,#1f4e8c,36
O221TP062P06F,O221TP062P,O,ANDEW,22,1,SPRING,TP,C&S PANTS,cut_and_sew.tp,062,P,06,NAVY,네이비,Blue,#1f4e8c,F
O221TP063P1928,O221TP063P,O,ANDEW,22,1,SPRING,TP,C&S PANTS,cut_and_sew.tp,063,P,19,BLACK,블랙,Black,#1a1a1a,28
O221TP063P1930,O221TP063P,O,ANDEW,22,1,SPRING,TP,C&S PANTS,cut_and_sew.tp,063,P,19,BLACK,블랙,Black,#1a1a1a,30
O221TP063P1932,O221TP063P,O,ANDEW,22,1,SPRING,TP,C&S PANTS,cut_and_sew.tp,063,P,19,BLACK,블랙,Black,#1a1a1a,32
O221TP063P1934,O221TP063P,O,ANDEW,22,1,SPRING,TP,C&S PANTS,cut_and_sew.tp,063,P,19,BLACK,블랙,Black,#1a1a1a,34
O221TP063P1936,O221TP063P,O,ANDEW,22,1,SPRING,TP,C&S PANTS,cut_and_sew.tp,063,P,19,BLACK,블랙,Black,#1a1a1a,36
O221TP063P19F,O221TP063P,O,ANDEW,22,1,SPRING,TP,C&S PANTS,cut_and_sew.tp,063,P,19,BLACK,블랙,Black,#1a1a1a,F
O221TP064P1228,O221TP064P,O,ANDEW,22,1,SPRING,TP,C&S PANTS,cut_and_sew.tp,064,P,12,GREY,그레이,Gray,#808080,28
O221TP064P1230,O221TP064P,O,ANDEW,22,1,SPRING,TP,C&S PANTS,cut_and_sew.tp,064,P,12,GREY,그레이,Gray,#808080,30
O221TP064P1232,O221TP064P,O,ANDEW,22,1,SPRING,TP,C&S PANTS,cut_and_sew.tp,064,P,12,GREY,그레이,Gray,#808080,32
O221TP064P1234,O221TP064P,O,ANDEW,22,1,SPRING,TP,C&S PANTS,cut_and_sew.tp,064,P,12,GREY,그레이,Gray,#808080,34
O221TP064P1236,O221TP064P,O,ANDEW,22,1,SPRING,TP,C&S PANTS,cut_and_sew.tp,064,P,12,GREY,그레이,Gray,#808080,36
O221TP064P12F,O221TP064P,O,ANDEW,22,1,SPRING,TP,C&S PANTS,cut_and_sew.tp,064,P,12,GREY,그레이,Gray,#808080,F
O221TP065P3128,O221TP065P,O,ANDEW,22,1,SPRING,TP,C&S PANTS,cut_and_sew.tp,065,P,31,PINK,핑크,Pink,#e84d8a,28
O221TP065P3130,O221TP065P,O,ANDEW,22,1,SPRING,TP,C&S PANTS,cut_and_sew.tp,065,P,31,PINK,핑크,Pink,#e84d8a,30
O221TP065P3132,O221TP065P,O,ANDEW,22,1,SPRING,TP,C&S PANTS,cut_and_sew.tp,065,P,31,PINK,핑크,Pink,#e84d8a,32
O221TP065P3134,O221TP065P,O,ANDEW,22,1,SPRING,TP,C&S PANTS,cut_and_sew.tp,065,P,31,PINK,핑크,Pink,#e84d8a,34
O221TP065P3136,O221TP065P,O,ANDEW,22,1,SPRING,TP,C&S PANTS,cut_and_sew.tp,065,P,31,PINK,핑크,Pink,#e84d8a,36
O221TP065P31F,O221TP065P,O,ANDEW,22,1,SPRING,TP,C&S PANTS,cut_and_sew.tp,065,P,31,PINK,핑크,Pink,#e84d8a,F
O221TP066P5128,O221TP066P,O,ANDEW,22,1,SPRING,TP,C&S PANTS,cut_and_sew.tp,066,P,51,GREEN,그린,Green,#3f7d3a,28
O221TP066P5130,O221TP066P,O,ANDEW,22,1,SPRING,TP,C&S PANTS,cut_and_sew.tp,066,P,51,GREEN,그린,Green,#3f7d3a,30
O221TP066P5132,O221TP066P,O,ANDEW,22,1,SPRING,TP,C&S PANTS,cut_and_sew.tp,066,P,51,GREEN,그린,Green,#3f7d3a,32
O221TP066P5134,O221TP066P,O,ANDEW,22,1,SPRING,TP,C&S PANTS,cut_and_sew.tp,066,P,51,GREEN,그린,Green,#3f7d3a,34
O221TP066P5136,O221TP066P,O,ANDEW,22,1,SPRING,TP,C&S PANTS,cut_and_sew.tp,066,P,51,GREEN,그린,Green,#3f7d3a,36
O221TP066P51F,O221TP066P,O,ANDEW,22,1,SPRING,TP,C&S PANTS,cut_and_sew.tp,066,P,51,GREEN,그린,Green,#3f7d3a,F
O221AB067P00F,O221AB067P,O,ANDEW,22,1,SPRING,AB,ACCESSORY BAG,accessory.ab,067,P,00,WHITE,화이트,White,#f5f5f5,F
O221AB068P06F,O221AB068P,O,ANDEW,22,1,SPRING,AB,ACCESSORY BAG,accessory.ab,068,P,06,NAVY,네이비,Blue,#1f4e8c,F
O221AB069P19F,O221AB069P,O,ANDEW,22,1,SPRING,AB,ACCESSORY BAG,accessory.ab,069,P,19,BLACK,블랙,Black,#1a1a1a,F
O221AB070P12F,O221AB070P,O,ANDEW,22,1,SPRING,AB,ACCESSORY BAG,accessory.ab,070,P,12,GREY,그레이,Gray,#808080,F
O221AB071P31F,O221AB071P,O,ANDEW,22,1,SPRING,AB,ACCESSORY BAG,accessory.ab,071,P,31,PINK,핑크,Pink,#e84d8a,F
O221AB072P51F,O221AB072P,O,ANDEW,22,1,SPRING,AB,ACCESSORY BAG,accessory.ab,072,P,51,GREEN,그린,Green,#3f7d3a,F
O221AP073P00S,O221AP073P,O,ANDEW,22,1,SPRING,AP,ACCESSORY CAP,accessory.ap,073,P,00,WHITE,화이트,White,#f5f5f5,S
O221AP073P00M,O221AP073P,O,ANDEW,22,1,SPRING,AP,ACCESSORY CAP,accessory.ap,073,P,00,WHITE,화이트,White,#f5f5f5,M
O221AP073P00L,O221AP073P,O,ANDEW,22,1,SPRING,AP,ACCESSORY CAP,accessory.ap,073,P,00,WHITE,화이트,White,#f5f5f5,L
O221AP073P00F,O221AP073P,O,ANDEW,22,1,SPRING,AP,ACCESSORY CAP,accessory.ap,073,P,00,WHITE,화이트,White,#f5f5f5,F
O221AP074P06S,O221AP074P,O,ANDEW,22,1,SPRING,AP,ACCESSORY CAP,accessory.ap,074,P,06,NAVY,네이비,Blue,#1f4e8c,S
O221AP074P06M,O221AP074P,O,ANDEW,22,1,SPRING,AP,ACCESSORY CAP,accessory.ap,074,P,06,NAVY,네이비,Blue,#1f4e8c,M
O221AP074P06L,O221AP074P,O,ANDEW,22,1,SPRING,AP,ACCESSORY CAP,accessory.ap,074,P,06,NAVY,네이비,Blue,#1f4e8c,L
O221AP074P06F,O221AP074P,O,ANDEW,22,1,SPRING,AP,ACCESSORY CAP,accessory.ap,074,P,06,NAVY,네이비,Blue,#1f4e8c,F
O221AP075P19S,O221AP075P,O,ANDEW,22,1,SPRING,AP,ACCESSORY CAP,accessory.ap,075,P,19,BLACK,블랙,Black,#1a1a1a,S
O221AP075P19M,O221AP075P,O,ANDEW,22,1,SPRING,AP,ACCESSORY CAP,accessory.ap,075,P,19,BLACK,블랙,Black,#1a1a1a,M
O221AP075P19L,O221AP075P,O,ANDEW,22,1,SPRING,AP,ACCESSORY CAP,accessory.ap,075,P,19,BLACK,블랙,Black,#1a1a1a,L
O221AP075P19F,O221AP075P,O,ANDEW,22,1,SPRING,AP,ACCESSORY CAP,accessory.ap,075,P,19,BLACK,블랙,Black,#1a1a1a,F
O221AP076P12S,O221AP076P,O,ANDEW,22,1,SPRING,AP,ACCESSORY CAP,accessory.ap,076,P,12,GREY,그레이,Gray,#808080,S
O221AP076P12M,O221AP076P,O,ANDEW,22,1,SPRING,AP,ACCESSORY CAP,accessory.ap,076,P,12,GREY,그레이,Gray,#808080,M
O221AP076P12L,O221AP076P,O,ANDEW,22,1,SPRING,AP,ACCESSORY CAP,accessory.ap,076,P,12,GREY,그레이,Gray,#808080,L
O221AP076P12F,O221AP076P,O,ANDEW,22,1,SPRING,AP,ACCESSORY CAP,accessory.ap,076,P,12,GREY,그레이,Gray,#808080,F
O221AP077P31S,O221AP077P,O,ANDEW,22,1,SPRING,AP,ACCESSORY CAP,accessory.ap,077,P,31,PINK,핑크,Pink,#e84d8a,S
O221AP077P31M,O221AP077P,O,ANDEW,22,1,SPRING,AP,ACCESSORY CAP,accessory.ap,077,P,31,PINK,핑크,Pink,#e84d8a,M
O221AP077P31L,O221AP077P,O,ANDEW,22,1,SPRING,AP,ACCESSORY CAP,accessory.ap,077,P,31,PINK,핑크,Pink,#e84d8a,L
O221AP077P31F,O221AP077P,O,ANDEW,22,1,SPRING,AP,ACCESSORY CAP,accessory.ap,077,P,31,PINK,핑크,Pink,#e84d8a,F
O221AP078P51S,O221AP078P,O,ANDEW,22,1,SPRING,AP,ACCESSORY CAP,accessory.ap,078,P,51,GREEN,그린,Green,#3f7d3a,S
O221AP078P51M,O221AP078P,O,ANDEW,22,1,SPRING,AP,ACCESSORY CAP,accessory.ap,078,P,51,GREEN,그린,Green,#3f7d3a,M
O221AP078P51L,O221AP078P,O,ANDEW,22,1,SPRING,AP,ACCESSORY CAP,accessory.ap,078,P,51,GREEN,그린,Green,#3f7d3a,L
O221AP078P51F,O221AP078P,O,ANDEW,22,1,SPRING,AP,ACCESSORY CAP,accessory.ap,078,P,51,GREEN,그린,Green,#3f7d3a,F
O221AS079P00240,O221AS079P,O,ANDEW,22,1,SPRING,AS,ACCESSORY SHOES,accessory.as,079,P,00,WHITE,화이트,White,#f5f5f5,240
O221AS079P00250,O221AS079P,O,ANDEW,22,1,SPRING,AS,ACCESSORY SHOES,accessory.as,079,P,00,WHITE,화이트,White,#f5f5f5,250
O221AS079P00260,O221AS079P,O,ANDEW,22,1,SPRING,AS,ACCESSORY SHOES,accessory.as,079,P,00,WHITE,화이트,White,#f5f5f5,260
O221AS079P00270,O221AS079P,O,ANDEW,22,1,SPRING,AS,ACCESSORY SHOES,accessory.as,079,P,00,WHITE,화이트,White,#f5f5f5,270
O221AS079P00280,O221AS079P,O,ANDEW,22,1,SPRING,AS,ACCESSORY SHOES,accessory.as,079,P,00,WHITE,화이트,White,#f5f5f5,280
O221AS080P06240,O221AS080P,O,ANDEW,22,1,SPRING,AS,ACCESSORY SHOES,accessory.as,080,P,06,NAVY,네이비,Blue,#1f4e8c,240
O221AS080P06250,O221AS080P,O,ANDEW,22,1,SPRING,AS,ACCESSORY SHOES,accessory.as,080,P,06,NAVY,네이비,Blue,#1f4e8c,250
O221AS080P06260,O221AS080P,O,ANDEW,22,1,SPRING,AS,ACCESSORY SHOES,accessory.as,080,P,06,NAVY,네이비,Blue,#1f4e8c,260
O221AS080P06270,O221AS080P,O,ANDEW,22,1,SPRING,AS,ACCESSORY SHOES,accessory.as,080,P,06,NAVY,네이비,Blue,#1f4e8c,270
O221AS080P06280,O221AS080P,O,ANDEW,22,1,SPRING,AS,ACCESSORY SHOES,accessory.as,080,P,06,NAVY,네이비,Blue,#1f4e8c,280
O221AS081P19240,O221AS081P,O,ANDEW,22,1,SPRING,AS,ACCESSORY SHOES,accessory.as,081,P,19,BLACK,블랙,Black,#1a1a1a,240
O221AS081P19250,O221AS081P,O,ANDEW,22,1,SPRING,AS,ACCESSORY SHOES,accessory.as,081,P,19,BLACK,블랙,Black,#1a1a1a,250
O221AS081P19260,O221AS081P,O,ANDEW,22,1,SPRING,AS,ACCESSORY SHOES,accessory.as,081,P,19,BLACK,블랙,Black,#1a1a1a,260
O221AS081P19270,O221AS081P,O,ANDEW,22,1,SPRING,AS,ACCESSORY SHOES,accessory.as,081,P,19,BLACK,블랙,Black,#1a1a1a,270
O221AS081P19280,O221AS081P,O,ANDEW,22,1,SPRING,AS,ACCESSORY SHOES,accessory.as,081,P,19,BLACK,블랙,Black,#1a1a1a,280
O221AS082P12240,O221AS082P,O,ANDEW,22,1,SPRING,AS,ACCESSORY SHOES,accessory.as,082,P,12,GREY,그레이,Gray,#808080,240
O221AS082P12250,O221AS082P,O,ANDEW,22,1,SPRING,AS,ACCESSORY SHOES,accessory.as,082,P,12,GREY,그레이,Gray,#808080,250
O221AS082P12260,O221AS082P,O,ANDEW,22,1,SPRING,AS,ACCESSORY SHOES,accessory.as,082,P,12,GREY,그레이,Gray,#808080,260
O221AS082P12270,O221AS082P,O,ANDEW,22,1,SPRING,AS,ACCESSORY SHOES,accessory.as,082,P,12,GREY,그레이,Gray,#808080,270
O221AS082P12280,O221AS082P,O,ANDEW,22,1,SPRING,AS,ACCESSORY SHOES,accessory.as,082,P,12,GREY,그레이,Gray,#808080,280
O221AS083P31240,O221AS083P,O,ANDEW,22,1,SPRING,AS,ACCESSORY SHOES,accessory.as,083,P,31,PINK,핑크,Pink,#e84d8a,240
O221AS083P31250,O221AS083P,O,ANDEW,22,1,SPRING,AS,ACCESSORY SHOES,accessory.as,083,P,31,PINK,핑크,Pink,#e84d8a,250
O221AS083P31260,O221AS083P,O,ANDEW,22,1,SPRING,AS,ACCESSORY SHOES,accessory.as,083,P,31,PINK,핑크,Pink,#e84d8a,260
O221AS083P31270,O221AS083P,O,ANDEW,22,1,SPRING,AS,ACCESSORY SHOES,accessory.as,083,P,31,PINK,핑크,Pink,#e84d8a,270
O221AS083P31280,O221AS083P,O,ANDEW,22,1,SPRING,AS,ACCESSORY SHOES,accessory.as,083,P,31,PINK,핑크,Pink,#e84d8a,280
O221AS084P51240,O221AS084P,O,ANDEW,22,1,SPRING,AS,ACCESSORY SHOES,accessory.as,084,P,51,GREEN,그린,Green,#3f7d3a,240
O221AS084P51250,O221AS084P,O,ANDEW,22,1,SPRING,AS,ACCESSORY SHOES,accessory.as,084,P,51,GREEN,그린,Green,#3f7d3a,250
O221AS084P51260,O221AS084P,O,ANDEW,22,1,SPRING,AS,ACCESSORY SHOES,accessory.as,084,P,51,GREEN,그린,Green,#3f7d3a,260
O221AS084P51270,O221AS084P,O,ANDEW,22,1,SPRING,AS,ACCESSORY SHOES,accessory.as,084,P,51,GREEN,그린,Green,#3f7d3a,270
O221AS084P51280,O221AS084P,O,ANDEW,22,1,SPRING,AS,ACCESSORY SHOES,accessory.as,084,P,51,GREEN,그린,Green,#3f7d3a,280
O221LR085P0085,O221LR085P,O,ANDEW,22,1,SPRING,LR,LEATHER REAL,leather.lr,085,P,00,WHITE,화이트,White,#f5f5f5,85
O221LR085P0090,O221LR085P,O,ANDEW,22,1,SPRING,LR,LEATHER REAL,leather.lr,085,P,00,WHITE,화이트,White,#f5f5f5,90
O221LR085P0095,O221LR085P,O,ANDEW,22,1,SPRING,LR,LEATHER REAL,leather.lr,085,P,00,WHITE,화이트,White,#f5f5f5,95
O221LR085P00100,O221LR085P,O,ANDEW,22,1,SPRING,LR,LEATHER REAL,leather.lr,085,P,00,WHITE,화이트,White,#f5f5f5,100
O221LR085P00105,O221LR085P,O,ANDEW,22,1,SPRING,LR,LEATHER REAL,leather.lr,085,P,00,WHITE,화이트,White,#f5f5f5,105
O221LR085P00F,O221LR085P,O,ANDEW,22,1,SPRING,LR,LEATHER REAL,leather.lr,085,P,00,WHITE,화이트,White,#f5f5f5,F
O221LR086P0685,O221LR086P,O,ANDEW,22,1,SPRING,LR,LEATHER REAL,leather.lr,086,P,06,NAVY,네이비,Blue,#1f4e8c,85
O221LR086P0690,O221LR086P,O,ANDEW,22,1,SPRING,LR,LEATHER REAL,leather.lr,086,P,06,NAVY,네이비,Blue,#1f4e8c,90
O221LR086P0695,O221LR086P,O,ANDEW,22,1,SPRING,LR,LEATHER REAL,leather.lr,086,P,06,NAVY,네이비,Blue,#1f4e8c,95
O221LR086P06100,O221LR086P,O,ANDEW,22,1,SPRING,LR,LEATHER REAL,leather.lr,086,P,06,NAVY,네이비,Blue,#1f4e8c,100
O221LR086P06105,O221LR086P,O,ANDEW,22,1,SPRING,LR,LEATHER REAL,leather.lr,086,P,06,NAVY,네이비,Blue,#1f4e8c,105
O221LR086P06F,O221LR086P,O,ANDEW,22,1,SPRING,LR,LEATHER REAL,leather.lr,086,P,06,NAVY,네이비,Blue,#1f4e8c,F
O221LR087P1985,O221LR087P,O,ANDEW,22,1,SPRING,LR,LEATHER REAL,leather.lr,087,P,19,BLACK,블랙,Black,#1a1a1a,85
O221LR087P1990,O221LR087P,O,ANDEW,22,1,SPRING,LR,LEATHER REAL,leather.lr,087,P,19,BLACK,블랙,Black,#1a1a1a,90
O221LR087P1995,O221LR087P,O,ANDEW,22,1,SPRING,LR,LEATHER REAL,leather.lr,087,P,19,BLACK,블랙,Black,#1a1a1a,95
O221LR087P19100,O221LR087P,O,ANDEW,22,1,SPRING,LR,LEATHER REAL,leather.lr,087,P,19,BLACK,블랙,Black,#1a1a1a,100
O221LR087P19105,O221LR087P,O,ANDEW,22,1,SPRING,LR,LEATHER REAL,leather.lr,087,P,19,BLACK,블랙,Black,#1a1a1a,105
O221LR087P19F,O221LR087P,O,ANDEW,22,1,SPRING,LR,LEATHER REAL,leather.lr,087,P,19,BLACK,블랙,Black,#1a1a1a,F
O221LR088P1285,O221LR088P,O,ANDEW,22,1,SPRING,LR,LEATHER REAL,leather.lr,088,P,12,GREY,그레이,Gray,#808080,85
O221LR088P1290,O221LR088P,O,ANDEW,22,1,SPRING,LR,LEATHER REAL,leather.lr,088,P,12,GREY,그레이,Gray,#808080,90
O221LR088P1295,O221LR088P,O,ANDEW,22,1,SPRING,LR,LEATHER REAL,leather.lr,088,P,12,GREY,그레이,Gray,#808080,95
O221LR088P12100,O221LR088P,O,ANDEW,22,1,SPRING,LR,LEATHER REAL,leather.lr,088,P,12,GREY,그레이,Gray,#808080,100
O221LR088P12105,O221LR088P,O,ANDEW,22,1,SPRING,LR,LEATHER REAL,leather.lr,088,P,12,GREY,그레이,Gray,#808080,105
O221LR088P12F,O221LR088P,O,ANDEW,22,1,SPRING,LR,LEATHER REAL,leather.lr,088,P,12,GREY,그레이,Gray,#808080,F
O221LR089P3185,O221LR089P,O,ANDEW,22,1,SPRING,LR,LEATHER REAL,leather.lr,089,P,31,PINK,핑크,Pink,#e84d8a,85
O221LR089P3190,O221LR089P,O,ANDEW,22,1,SPRING,LR,LEATHER REAL,leather.lr,089,P,31,PINK,핑크,Pink,#e84d8a,90
O221LR089P3195,O221LR089P,O,ANDEW,22,1,SPRING,LR,LEATHER REAL,leather.lr,089,P,31,PINK,핑크,Pink,#e84d8a,95
O221LR089P31100,O221LR089P,O,ANDEW,22,1,SPRING,LR,LEATHER REAL,leather.lr,089,P,31,PINK,핑크,Pink,#e84d8a,100
O221LR089P31105,O221LR089P,O,ANDEW,22,1,SPRING,LR,LEATHER REAL,leather.lr,089,P,31,PINK,핑크,Pink,#e84d8a,105
O221LR089P31F,O221LR089P,O,ANDEW,22,1,SPRING,LR,LEATHER REAL,leather.lr,089,P,31,PINK,핑크,Pink,#e84d8a,F
O221LR090P5185,O221LR090P,O,ANDEW,22,1,SPRING,LR,LEATHER REAL,leather.lr,090,P,51,GREEN,그린,Green,#3f7d3a,85
O221LR090P5190,O221LR090P,O,ANDEW,22,1,SPRING,LR,LEATHER REAL,leather.lr,090,P,51,GREEN,그린,Green,#3f7d3a,90
O221LR090P5195,O221LR090P,O,ANDEW,22,1,SPRING,LR,LEATHER REAL,leather.lr,090,P,51,GREEN,그린,Green,#3f7d3a,95
O221LR090P51100,O221LR090P,O,ANDEW,22,1,SPRING,LR,LEATHER REAL,leather.lr,090,P,51,GREEN,그린,Green,#3f7d3a,100
O221LR090P51105,O221LR090P,O,ANDEW,22,1,SPRING,LR,LEATHER REAL,leather.lr,090,P,51,GREEN,그린,Green,#3f7d3a,105
O221LR090P51F,O221LR090P,O,ANDEW,22,1,SPRING,LR,LEATHER REAL,leather.lr,090,P,51,GREEN,그린,Green,#3f7d3a,F
B221DC001P00XS,B221DC001P,B,BUCKAROO,22,1,SPRING,DC,DENIM COAT,denim.dc,001,P,00,WHITE,화이트,White,#f5f5f5,XS
B221DC001P00S,B221DC001P,B,BUCKAROO,22,1,SPRING,DC,DENIM COAT,denim.dc,001,P,00,WHITE,화이트,White,#f5f5f5,S
B221DC001P00M,B221DC001P,B,BUCKAROO,22,1,SPRING,DC,DENIM COAT,denim.dc,001,P,00,WHITE,화이트,White,#f5f5f5,M
B221DC001P00L,B221DC001P,B,BUCKAROO,22,1,SPRING,DC,DENIM COAT,denim.dc,001,P,00,WHITE,화이트,White,#f5f5f5,L
B221DC001P00XL,B221DC001P,B,BUCKAROO,22,1,SPRING,DC,DENIM COAT,denim.dc,001,P,00,WHITE,화이트,White,#f5f5f5,XL
B221DC001P00XXL,B221DC001P,B,BUCKAROO,22,1,SPRING,DC,DENIM COAT,denim.dc,001,P,00,WHITE,화이트,White,#f5f5f5,XXL
B221DC001P00F,B221DC001P,B,BUCKAROO,22,1,SPRING,DC,DENIM COAT,denim.dc,001,P,00,WHITE,화이트,White,#f5f5f5,F
B221DC002P06XS,B221DC002P,B,BUCKAROO,22,1,SPRING,DC,DENIM COAT,denim.dc,002,P,06,NAVY,네이비,Blue,#1f4e8c,XS
B221DC002P06S,B221DC002P,B,BUCKAROO,22,1,SPRING,DC,DENIM COAT,denim.dc,002,P,06,NAVY,네이비,Blue,#1f4e8c,S
B221DC002P06M,B221DC002P,B,BUCKAROO,22,1,SPRING,DC,DENIM COAT,denim.dc,002,P,06,NAVY,네이비,Blue,#1f4e8c,M
B221DC002P06L,B221DC002P,B,BUCKAROO,22,1,SPRING,DC,DENIM COAT,denim.dc,002,P,06,NAVY,네이비,Blue,#1f4e8c,L
B221DC002P06XL,B221DC002P,B,BUCKAROO,22,1,SPRING,DC,DENIM COAT,denim.dc,002,P,06,NAVY,네이비,Blue,#1f4e8c,XL
B221DC002P06XXL,B221DC002P,B,BUCKAROO,22,1,SPRING,DC,DENIM COAT,denim.dc,002,P,06,NAVY,네이비,Blue,#1f4e8c,XXL
B221DC002P06F,B221DC002P,B,BUCKAROO,22,1,SPRING,DC,DENIM COAT,denim.dc,002,P,06,NAVY,네이비,Blue,#1f4e8c,F
B221DC003P19XS,B221DC003P,B,BUCKAROO,22,1,SPRING,DC,DENIM COAT,denim.dc,003,P,19,BLACK,블랙,Black,#1a1a1a,XS
B221DC003P19S,B221DC003P,B,BUCKAROO,22,1,SPRING,DC,DENIM COAT,denim.dc,003,P,19,BLACK,블랙,Black,#1a1a1a,S
B221DC003P19M,B221DC003P,B,BUCKAROO,22,1,SPRING,DC,DENIM COAT,denim.dc,003,P,19,BLACK,블랙,Black,#1a1a1a,M
B221DC003P19L,B221DC003P,B,BUCKAROO,22,1,SPRING,DC,DENIM COAT,denim.dc,003,P,19,BLACK,블랙,Black,#1a1a1a,L
B221DC003P19XL,B221DC003P,B,BUCKAROO,22,1,SPRING,DC,DENIM COAT,denim.dc,003,P,19,BLACK,블랙,Black,#1a1a1a,XL
B221DC003P19XXL,B221DC003P,B,BUCKAROO,22,1,SPRING,DC,DENIM COAT,denim.dc,003,P,19,BLACK,블랙,Black,#1a1a1a,XXL
B221DC003P19F,B221DC003P,B,BUCKAROO,22,1,SPRING,DC,DENIM COAT,denim.dc,003,P,19,BLACK,블랙,Black,#1a1a1a,F
B221DC004P12XS,B221DC004P,B,BUCKAROO,22,1,SPRING,DC,DENIM COAT,denim.dc,004,P,12,GREY,그레이,Gray,#808080,XS
B221DC004P12S,B221DC004P,B,BUCKAROO,22,1,SPRING,DC,DENIM COAT,denim.dc,004,P,12,GREY,그레이,Gray,#808080,S
B221DC004P12M,B221DC004P,B,BUCKAROO,22,1,SPRING,DC,DENIM COAT,denim.dc,004,P,12,GREY,그레이,Gray,#808080,M
B221DC004P12L,B221DC004P,B,BUCKAROO,22,1,SPRING,DC,DENIM COAT,denim.dc,004,P,12,GREY,그레이,Gray,#808080,L
B221DC004P12XL,B221DC004P,B,BUCKAROO,22,1,SPRING,DC,DENIM COAT,denim.dc,004,P,12,GREY,그레이,Gray,#808080,XL
B221DC004P12XXL,B221DC004P,B,BUCKAROO,22,1,SPRING,DC,DENIM COAT,denim.dc,004,P,12,GREY,그레이,Gray,#808080,XXL
B221DC004P12F,B221DC004P,B,BUCKAROO,22,1,SPRING,DC,DENIM COAT,denim.dc,004,P,12,GREY,그레이,Gray,#808080,F
B221DC005P31XS,B221DC005P,B,BUCKAROO,22,1,SPRING,DC,DENIM COAT,denim.dc,005,P,31,PINK,핑크,Pink,#e84d8a,XS
B221DC005P31S,B221DC005P,B,BUCKAROO,22,1,SPRING,DC,DENIM COAT,denim.dc,005,P,31,PINK,핑크,Pink,#e84d8a,S
B221DC005P31M,B221DC005P,B,BUCKAROO,22,1,SPRING,DC,DENIM COAT,denim.dc,005,P,31,PINK,핑크,Pink,#e84d8a,M
B221DC005P31L,B221DC005P,B,BUCKAROO,22,1,SPRING,DC,DENIM COAT,denim.dc,005,P,31,PINK,핑크,Pink,#e84d8a,L
B221DC005P31XL,B221DC005P,B,BUCKAROO,22,1,SPRING,DC,DENIM COAT,denim.dc,005,P,31,PINK,핑크,Pink,#e84d8a,XL
B221DC005P31XXL,B221DC005P,B,BUCKAROO,22,1,SPRING,DC,DENIM COAT,denim.dc,005,P,31,PINK,핑크,Pink,#e84d8a,XXL
B221DC005P31F,B221DC005P,B,BUCKAROO,22,1,SPRING,DC,DENIM COAT,denim.dc,005,P,31,PINK,핑크,Pink,#e84d8a,F
B221DC006P51XS,B221DC006P,B,BUCKAROO,22,1,SPRING,DC,DENIM COAT,denim.dc,006,P,51,GREEN,그린,Green,#3f7d3a,XS
B221DC006P51S,B221DC006P,B,BUCKAROO,22,1,SPRING,DC,DENIM COAT,denim.dc,006,P,51,GREEN,그린,Green,#3f7d3a,S
B221DC006P51M,B221DC006P,B,BUCKAROO,22,1,SPRING,DC,DENIM COAT,denim.dc,006,P,51,GREEN,그린,Green,#3f7d3a,M
B221DC006P51L,B221DC006P,B,BUCKAROO,22,1,SPRING,DC,DENIM COAT,denim.dc,006,P,51,GREEN,그린,Green,#3f7d3a,L
B221DC006P51XL,B221DC006P,B,BUCKAROO,22,1,SPRING,DC,DENIM COAT,denim.dc,006,P,51,GREEN,그린,Green,#3f7d3a,XL
B221DC006P51XXL,B221DC006P,B,BUCKAROO,22,1,SPRING,DC,DENIM COAT,denim.dc,006,P,51,GREEN,그린,Green,#3f7d3a,XXL
B221DC006P51F,B221DC006P,B,BUCKAROO,22,1,SPRING,DC,DENIM COAT,denim.dc,006,P,51,GREEN,그린,Green,#3f7d3a,F
B221DJ007P00XS,B221DJ007P,B,BUCKAROO,22,1,SPRING,DJ,DENIM JACKET,denim.dj,007,P,00,WHITE,화이트,White,#f5f5f5,XS
B221DJ007P00S,B221DJ007P,B,BUCKAROO,22,1,SPRING,DJ,DENIM JACKET,denim.dj,007,P,00,WHITE,화이트,White,#f5f5f5,S
B221DJ007P00M,B221DJ007P,B,BUCKAROO,22,1,SPRING,DJ,DENIM JACKET,denim.dj,007,P,00,WHITE,화이트,White,#f5f5f5,M
B221DJ007P00L,B221DJ007P,B,BUCKAROO,22,1,SPRING,DJ,DENIM JACKET,denim.dj,007,P,00,WHITE,화이트,White,#f5f5f5,L
B221DJ007P00XL,B221DJ007P,B,BUCKAROO,22,1,SPRING,DJ,DENIM JACKET,denim.dj,007,P,00,WHITE,화이트,White,#f5f5f5,XL
B221DJ007P00XXL,B221DJ007P,B,BUCKAROO,22,1,SPRING,DJ,DENIM JACKET,denim.dj,007,P,00,WHITE,화이트,White,#f5f5f5,XXL
B221DJ007P00F,B221DJ007P,B,BUCKAROO,22,1,SPRING,DJ,DENIM JACKET,denim.dj,007,P,00,WHITE,화이트,White,#f5f5f5,F
B221DJ008P06XS,B221DJ008P,B,BUCKAROO,22,1,SPRING,DJ,DENIM JACKET,denim.dj,008,P,06,NAVY,네이비,Blue,#1f4e8c,XS
B221DJ008P06S,B221DJ008P,B,BUCKAROO,22,1,SPRING,DJ,DENIM JACKET,denim.dj,008,P,06,NAVY,네이비,Blue,#1f4e8c,S
B221DJ008P06M,B221DJ008P,B,BUCKAROO,22,1,SPRING,DJ,DENIM JACKET,denim.dj,008,P,06,NAVY,네이비,Blue,#1f4e8c,M
B221DJ008P06L,B221DJ008P,B,BUCKAROO,22,1,SPRING,DJ,DENIM JACKET,denim.dj,008,P,06,NAVY,네이비,Blue,#1f4e8c,L
B221DJ008P06XL,B221DJ008P,B,BUCKAROO,22,1,SPRING,DJ,DENIM JACKET,denim.dj,008,P,06,NAVY,네이비,Blue,#1f4e8c,XL
B221DJ008P06XXL,B221DJ008P,B,BUCKAROO,22,1,SPRING,DJ,DENIM JACKET,denim.dj,008,P,06,NAVY,네이비,Blue,#1f4e8c,XXL
B221DJ008P06F,B221DJ008P,B,BUCKAROO,22,1,SPRING,DJ,DENIM JACKET,denim.dj,008,P,06,NAVY,네이비,Blue,#1f4e8c,F
B221DJ009P19XS,B221DJ009P,B,BUCKAROO,22,1,SPRING,DJ,DENIM JACKET,denim.dj,009,P,19,BLACK,블랙,Black,#1a1a1a,XS
B221DJ009P19S,B221DJ009P,B,BUCKAROO,22,1,SPRING,DJ,DENIM JACKET,denim.dj,009,P,19,BLACK,블랙,Black,#1a1a1a,S
B221DJ009P19M,B221DJ009P,B,BUCKAROO,22,1,SPRING,DJ,DENIM JACKET,denim.dj,009,P,19,BLACK,블랙,Black,#1a1a1a,M
B221DJ009P19L,B221DJ009P,B,BUCKAROO,22,1,SPRING,DJ,DENIM JACKET,denim.dj,009,P,19,BLACK,블랙,Black,#1a1a1a,L
B221DJ009P19XL,B221DJ009P,B,BUCKAROO,22,1,SPRING,DJ,DENIM JACKET,denim.dj,009,P,19,BLACK,블랙,Black,#1a1a1a,XL
B221DJ009P19XXL,B221DJ009P,B,BUCKAROO,22,1,SPRING,DJ,DENIM JACKET,denim.dj,009,P,19,BLACK,블랙,Black,#1a1a1a,XXL
B221DJ009P19F,B221DJ009P,B,BUCKAROO,22,1,SPRING,DJ,DENIM JACKET,denim.dj,009,P,19,BLACK,블랙,Black,#1a1a1a,F
B221DJ010P12XS,B221DJ010P,B,BUCKAROO,22,1,SPRING,DJ,DENIM JACKET,denim.dj,010,P,12,GREY,그레이,Gray,#808080,XS
B221DJ010P12S,B221DJ010P,B,BUCKAROO,22,1,SPRING,DJ,DENIM JACKET,denim.dj,010,P,12,GREY,그레이,Gray,#808080,S
B221DJ010P12M,B221DJ010P,B,BUCKAROO,22,1,SPRING,DJ,DENIM JACKET,denim.dj,010,P,12,GREY,그레이,Gray,#808080,M
B221DJ010P12L,B221DJ010P,B,BUCKAROO,22,1,SPRING,DJ,DENIM JACKET,denim.dj,010,P,12,GREY,그레이,Gray,#808080,L
B221DJ010P12XL,B221DJ010P,B,BUCKAROO,22,1,SPRING,DJ,DENIM JACKET,denim.dj,010,P,12,GREY,그레이,Gray,#808080,XL
B221DJ010P12XXL,B221DJ010P,B,BUCKAROO,22,1,SPRING,DJ,DENIM JACKET,denim.dj,010,P,12,GREY,그레이,Gray,#808080,XXL
B221DJ010P12F,B221DJ010P,B,BUCKAROO,22,1,SPRING,DJ,DENIM JACKET,denim.dj,010,P,12,GREY,그레이,Gray,#808080,F
B221DJ011P31XS,B221DJ011P,B,BUCKAROO,22,1,SPRING,DJ,DENIM JACKET,denim.dj,011,P,31,PINK,핑크,Pink,#e84d8a,XS
B221DJ011P31S,B221DJ011P,B,BUCKAROO,22,1,SPRING,DJ,DENIM JACKET,denim.dj,011,P,31,PINK,핑크,Pink,#e84d8a,S
B221DJ011P31M,B221DJ011P,B,BUCKAROO,22,1,SPRING,DJ,DENIM JACKET,denim.dj,011,P,31,PINK,핑크,Pink,#e84d8a,M
B221DJ011P31L,B221DJ011P,B,BUCKAROO,22,1,SPRING,DJ,DENIM JACKET,denim.dj,011,P,31,PINK,핑크,Pink,#e84d8a,L
B221DJ011P31XL,B221DJ011P,B,BUCKAROO,22,1,SPRING,DJ,DENIM JACKET,denim.dj,011,P,31,PINK,핑크,Pink,#e84d8a,XL
B221DJ011P31XXL,B221DJ011P,B,BUCKAROO,22,1,SPRING,DJ,DENIM JACKET,denim.dj,011,P,31,PINK,핑크,Pink,#e84d8a,XXL
B221DJ011P31F,B221DJ011P,B,BUCKAROO,22,1,SPRING,DJ,DENIM JACKET,denim.dj,011,P,31,PINK,핑크,Pink,#e84d8a,F
B221DJ012P51XS,B221DJ012P,B,BUCKAROO,22,1,SPRING,DJ,DENIM JACKET,denim.dj,012,P,51,GREEN,그린,Green,#3f7d3a,XS
B221DJ012P51S,B221DJ012P,B,BUCKAROO,22,1,SPRING,DJ,DENIM JACKET,denim.dj,012,P,51,GREEN,그린,Green,#3f7d3a,S
B221DJ012P51M,B221DJ012P,B,BUCKAROO,22,1,SPRING,DJ,DENIM JACKET,denim.dj,012,P,51,GREEN,그린,Green,#3f7d3a,M
B221DJ012P51L,B221DJ012P,B,BUCKAROO,22,1,SPRING,DJ,DENIM JACKET,denim.dj,012,P,51,GREEN,그린,Green,#3f7d3a,L
B221DJ012P51XL,B221DJ012P,B,BUCKAROO,22,1,SPRING,DJ,DENIM JACKET,denim.dj,012,P,51,GREEN,그린,Green,#3f7d3a,XL
B221DJ012P51XXL,B221DJ012P,B,BUCKAROO,22,1,SPRING,DJ,DENIM JACKET,denim.dj,012,P,51,GREEN,그린,Green,#3f7d3a,XXL
B221DJ012P51F,B221DJ012P,B,BUCKAROO,22,1,SPRING,DJ,DENIM JACKET,denim.dj,012,P,51,GREEN,그린,Green,#3f7d3a,F
B221DP013P0028,B221DP013P,B,BUCKAROO,22,1,SPRING,DP,DENIM PANTS,denim.dp,013,P,00,WHITE,화이트,White,#f5f5f5,28
B221DP013P0030,B221DP013P,B,BUCKAROO,22,1,SPRING,DP,DENIM PANTS,denim.dp,013,P,00,WHITE,화이트,White,#f5f5f5,30
B221DP013P0032,B221DP013P,B,BUCKAROO,22,1,SPRING,DP,DENIM PANTS,denim.dp,013,P,00,WHITE,화이트,White,#f5f5f5,32
B221DP013P0034,B221DP013P,B,BUCKAROO,22,1,SPRING,DP,DENIM PANTS,denim.dp,013,P,00,WHITE,화이트,White,#f5f5f5,34
B221DP013P0036,B221DP013P,B,BUCKAROO,22,1,SPRING,DP,DENIM PANTS,denim.dp,013,P,00,WHITE,화이트,White,#f5f5f5,36
B221DP013P00F,B221DP013P,B,BUCKAROO,22,1,SPRING,DP,DENIM PANTS,denim.dp,013,P,00,WHITE,화이트,White,#f5f5f5,F
B221DP014P0628,B221DP014P,B,BUCKAROO,22,1,SPRING,DP,DENIM PANTS,denim.dp,014,P,06,NAVY,네이비,Blue,#1f4e8c,28
B221DP014P0630,B221DP014P,B,BUCKAROO,22,1,SPRING,DP,DENIM PANTS,denim.dp,014,P,06,NAVY,네이비,Blue,#1f4e8c,30
B221DP014P0632,B221DP014P,B,BUCKAROO,22,1,SPRING,DP,DENIM PANTS,denim.dp,014,P,06,NAVY,네이비,Blue,#1f4e8c,32
B221DP014P0634,B221DP014P,B,BUCKAROO,22,1,SPRING,DP,DENIM PANTS,denim.dp,014,P,06,NAVY,네이비,Blue,#1f4e8c,34
B221DP014P0636,B221DP014P,B,BUCKAROO,22,1,SPRING,DP,DENIM PANTS,denim.dp,014,P,06,NAVY,네이비,Blue,#1f4e8c,36
B221DP014P06F,B221DP014P,B,BUCKAROO,22,1,SPRING,DP,DENIM PANTS,denim.dp,014,P,06,NAVY,네이비,Blue,#1f4e8c,F
B221DP015P1928,B221DP015P,B,BUCKAROO,22,1,SPRING,DP,DENIM PANTS,denim.dp,015,P,19,BLACK,블랙,Black,#1a1a1a,28
B221DP015P1930,B221DP015P,B,BUCKAROO,22,1,SPRING,DP,DENIM PANTS,denim.dp,015,P,19,BLACK,블랙,Black,#1a1a1a,30
B221DP015P1932,B221DP015P,B,BUCKAROO,22,1,SPRING,DP,DENIM PANTS,denim.dp,015,P,19,BLACK,블랙,Black,#1a1a1a,32
B221DP015P1934,B221DP015P,B,BUCKAROO,22,1,SPRING,DP,DENIM PANTS,denim.dp,015,P,19,BLACK,블랙,Black,#1a1a1a,34
B221DP015P1936,B221DP015P,B,BUCKAROO,22,1,SPRING,DP,DENIM PANTS,denim.dp,015,P,19,BLACK,블랙,Black,#1a1a1a,36
B221DP015P19F,B221DP015P,B,BUCKAROO,22,1,SPRING,DP,DENIM PANTS,denim.dp,015,P,19,BLACK,블랙,Black,#1a1a1a,F
B221DP016P1228,B221DP016P,B,BUCKAROO,22,1,SPRING,DP,DENIM PANTS,denim.dp,016,P,12,GREY,그레이,Gray,#808080,28
B221DP016P1230,B221DP016P,B,BUCKAROO,22,1,SPRING,DP,DENIM PANTS,denim.dp,016,P,12,GREY,그레이,Gray,#808080,30
B221DP016P1232,B221DP016P,B,BUCKAROO,22,1,SPRING,DP,DENIM PANTS,denim.dp,016,P,12,GREY,그레이,Gray,#808080,32
B221DP016P1234,B221DP016P,B,BUCKAROO,22,1,SPRING,DP,DENIM PANTS,denim.dp,016,P,12,GREY,그레이,Gray,#808080,34
B221DP016P1236,B221DP016P,B,BUCKAROO,22,1,SPRING,DP,DENIM PANTS,denim.dp,016,P,12,GREY,그레이,Gray,#808080,36
B221DP016P12F,B221DP016P,B,BUCKAROO,22,1,SPRING,DP,DENIM PANTS,denim.dp,016,P,12,GREY,그레이,Gray,#808080,F
B221DP017P3128,B221DP017P,B,BUCKAROO,22,1,SPRING,DP,DENIM PANTS,denim.dp,017,P,31,PINK,핑크,Pink,#e84d8a,28
B221DP017P3130,B221DP017P,B,BUCKAROO,22,1,SPRING,DP,DENIM PANTS,denim.dp,017,P,31,PINK,핑크,Pink,#e84d8a,30
B221DP017P3132,B221DP017P,B,BUCKAROO,22,1,SPRING,DP,DENIM PANTS,denim.dp,017,P,31,PINK,핑크,Pink,#e84d8a,32
B221DP017P3134,B221DP017P,B,BUCKAROO,22,1,SPRING,DP,DENIM PANTS,denim.dp,017,P,31,PINK,핑크,Pink,#e84d8a,34
B221DP017P3136,B221DP017P,B,BUCKAROO,22,1,SPRING,DP,DENIM PANTS,denim.dp,017,P,31,PINK,핑크,Pink,#e84d8a,36
B221DP017P31F,B221DP017P,B,BUCKAROO,22,1,SPRING,DP,DENIM PANTS,denim.dp,017,P,31,PINK,핑크,Pink,#e84d8a,F
B221DP018P5128,B221DP018P,B,BUCKAROO,22,1,SPRING,DP,DENIM PANTS,denim.dp,018,P,51,GREEN,그린,Green,#3f7d3a,28
B221DP018P5130,B221DP018P,B,BUCKAROO,22,1,SPRING,DP,DENIM PANTS,denim.dp,018,P,51,GREEN,그린,Green,#3f7d3a,30
B221DP018P5132,B221DP018P,B,BUCKAROO,22,1,SPRING,DP,DENIM PANTS,denim.dp,018,P,51,GREEN,그린,Green,#3f7d3a,32
B221DP018P5134,B221DP018P,B,BUCKAROO,22,1,SPRING,DP,DENIM PANTS,denim.dp,018,P,51,GREEN,그린,Green,#3f7d3a,34
B221DP018P5136,B221DP018P,B,BUCKAROO,22,1,SPRING,DP,DENIM PANTS,denim.dp,018,P,51,GREEN,그린,Green,#3f7d3a,36
B221DP018P51F,B221DP018P,B,BUCKAROO,22,1,SPRING,DP,DENIM PANTS,denim.dp,018,P,51,GREEN,그린,Green,#3f7d3a,F
B221JK019P00XS,B221JK019P,B,BUCKAROO,22,1,SPRING,JK,WOVEN JACKET,woven.jk,019,P,00,WHITE,화이트,White,#f5f5f5,XS
B221JK019P00S,B221JK019P,B,BUCKAROO,22,1,SPRING,JK,WOVEN JACKET,woven.jk,019,P,00,WHITE,화이트,White,#f5f5f5,S
B221JK019P00M,B221JK019P,B,BUCKAROO,22,1,SPRING,JK,WOVEN JACKET,woven.jk,019,P,00,WHITE,화이트,White,#f5f5f5,M
B221JK019P00L,B221JK019P,B,BUCKAROO,22,1,SPRING,JK,WOVEN JACKET,woven.jk,019,P,00,WHITE,화이트,White,#f5f5f5,L
B221JK019P00XL,B221JK019P,B,BUCKAROO,22,1,SPRING,JK,WOVEN JACKET,woven.jk,019,P,00,WHITE,화이트,White,#f5f5f5,XL
B221JK019P00XXL,B221JK019P,B,BUCKAROO,22,1,SPRING,JK,WOVEN JACKET,woven.jk,019,P,00,WHITE,화이트,White,#f5f5f5,XXL
B221JK019P00F,B221JK019P,B,BUCKAROO,22,1,SPRING,JK,WOVEN JACKET,woven.jk,019,P,00,WHITE,화이트,White,#f5f5f5,F
B221JK020P06XS,B221JK020P,B,BUCKAROO,22,1,SPRING,JK,WOVEN JACKET,woven.jk,020,P,06,NAVY,네이비,Blue,#1f4e8c,XS
B221JK020P06S,B221JK020P,B,BUCKAROO,22,1,SPRING,JK,WOVEN JACKET,woven.jk,020,P,06,NAVY,네이비,Blue,#1f4e8c,S
B221JK020P06M,B221JK020P,B,BUCKAROO,22,1,SPRING,JK,WOVEN JACKET,woven.jk,020,P,06,NAVY,네이비,Blue,#1f4e8c,M
B221JK020P06L,B221JK020P,B,BUCKAROO,22,1,SPRING,JK,WOVEN JACKET,woven.jk,020,P,06,NAVY,네이비,Blue,#1f4e8c,L
B221JK020P06XL,B221JK020P,B,BUCKAROO,22,1,SPRING,JK,WOVEN JACKET,woven.jk,020,P,06,NAVY,네이비,Blue,#1f4e8c,XL
B221JK020P06XXL,B221JK020P,B,BUCKAROO,22,1,SPRING,JK,WOVEN JACKET,woven.jk,020,P,06,NAVY,네이비,Blue,#1f4e8c,XXL
B221JK020P06F,B221JK020P,B,BUCKAROO,22,1,SPRING,JK,WOVEN JACKET,woven.jk,020,P,06,NAVY,네이비,Blue,#1f4e8c,F
B221JK021P19XS,B221JK021P,B,BUCKAROO,22,1,SPRING,JK,WOVEN JACKET,woven.jk,021,P,19,BLACK,블랙,Black,#1a1a1a,XS
B221JK021P19S,B221JK021P,B,BUCKAROO,22,1,SPRING,JK,WOVEN JACKET,woven.jk,021,P,19,BLACK,블랙,Black,#1a1a1a,S
B221JK021P19M,B221JK021P,B,BUCKAROO,22,1,SPRING,JK,WOVEN JACKET,woven.jk,021,P,19,BLACK,블랙,Black,#1a1a1a,M
B221JK021P19L,B221JK021P,B,BUCKAROO,22,1,SPRING,JK,WOVEN JACKET,woven.jk,021,P,19,BLACK,블랙,Black,#1a1a1a,L
B221JK021P19XL,B221JK021P,B,BUCKAROO,22,1,SPRING,JK,WOVEN JACKET,woven.jk,021,P,19,BLACK,블랙,Black,#1a1a1a,XL
B221JK021P19XXL,B221JK021P,B,BUCKAROO,22,1,SPRING,JK,WOVEN JACKET,woven.jk,021,P,19,BLACK,블랙,Black,#1a1a1a,XXL
B221JK021P19F,B221JK021P,B,BUCKAROO,22,1,SPRING,JK,WOVEN JACKET,woven.jk,021,P,19,BLACK,블랙,Black,#1a1a1a,F
B221JK022P12XS,B221JK022P,B,BUCKAROO,22,1,SPRING,JK,WOVEN JACKET,woven.jk,022,P,12,GREY,그레이,Gray,#808080,XS
B221JK022P12S,B221JK022P,B,BUCKAROO,22,1,SPRING,JK,WOVEN JACKET,woven.jk,022,P,12,GREY,그레이,Gray,#808080,S
B221JK022P12M,B221JK022P,B,BUCKAROO,22,1,SPRING,JK,WOVEN JACKET,woven.jk,022,P,12,GREY,그레이,Gray,#808080,M
B221JK022P12L,B221JK022P,B,BUCKAROO,22,1,SPRING,JK,WOVEN JACKET,woven.jk,022,P,12,GREY,그레이,Gray,#808080,L
B221JK022P12XL,B221JK022P,B,BUCKAROO,22,1,SPRING,JK,WOVEN JACKET,woven.jk,022,P,12,GREY,그레이,Gray,#808080,XL
B221JK022P12XXL,B221JK022P,B,BUCKAROO,22,1,SPRING,JK,WOVEN JACKET,woven.jk,022,P,12,GREY,그레이,Gray,#808080,XXL
B221JK022P12F,B221JK022P,B,BUCKAROO,22,1,SPRING,JK,WOVEN JACKET,woven.jk,022,P,12,GREY,그레이,Gray,#808080,F
B221JK023P31XS,B221JK023P,B,BUCKAROO,22,1,SPRING,JK,WOVEN JACKET,woven.jk,023,P,31,PINK,핑크,Pink,#e84d8a,XS
B221JK023P31S,B221JK023P,B,BUCKAROO,22,1,SPRING,JK,WOVEN JACKET,woven.jk,023,P,31,PINK,핑크,Pink,#e84d8a,S
B221JK023P31M,B221JK023P,B,BUCKAROO,22,1,SPRING,JK,WOVEN JACKET,woven.jk,023,P,31,PINK,핑크,Pink,#e84d8a,M
B221JK023P31L,B221JK023P,B,BUCKAROO,22,1,SPRING,JK,WOVEN JACKET,woven.jk,023,P,31,PINK,핑크,Pink,#e84d8a,L
B221JK023P31XL,B221JK023P,B,BUCKAROO,22,1,SPRING,JK,WOVEN JACKET,woven.jk,023,P,31,PINK,핑크,Pink,#e84d8a,XL
B221JK023P31XXL,B221JK023P,B,BUCKAROO,22,1,SPRING,JK,WOVEN JACKET,woven.jk,023,P,31,PINK,핑크,Pink,#e84d8a,XXL
B221JK023P31F,B221JK023P,B,BUCKAROO,22,1,SPRING,JK,WOVEN JACKET,woven.jk,023,P,31,PINK,핑크,Pink,#e84d8a,F
B221JK024P51XS,B221JK024P,B,BUCKAROO,22,1,SPRING,JK,WOVEN JACKET,woven.jk,024,P,51,GREEN,그린,Green,#3f7d3a,XS
B221JK024P51S,B221JK024P,B,BUCKAROO,22,1,SPRING,JK,WOVEN JACKET,woven.jk,024,P,51,GREEN,그린,Green,#3f7d3a,S
B221JK024P51M,B221JK024P,B,BUCKAROO,22,1,SPRING,JK,WOVEN JACKET,woven.jk,024,P,51,GREEN,그린,Green,#3f7d3a,M
B221JK024P51L,B221JK024P,B,BUCKAROO,22,1,SPRING,JK,WOVEN JACKET,woven.jk,024,P,51,GREEN,그린,Green,#3f7d3a,L
B221JK024P51XL,B221JK024P,B,BUCKAROO,22,1,SPRING,JK,WOVEN JACKET,woven.jk,024,P,51,GREEN,그린,Green,#3f7d3a,XL
B221JK024P51XXL,B221JK024P,B,BUCKAROO,22,1,SPRING,JK,WOVEN JACKET,woven.jk,024,P,51,GREEN,그린,Green,#3f7d3a,XXL
B221JK024P51F,B221JK024P,B,BUCKAROO,22,1,SPRING,JK,WOVEN JACKET,woven.jk,024,P,51,GREEN,그린,Green,#3f7d3a,F
B221SH025P00XS,B221SH025P,B,BUCKAROO,22,1,SPRING,SH,WOVEN SHIRT,woven.sh,025,P,00,WHITE,화이트,White,#f5f5f5,XS
B221SH025P00S,B221SH025P,B,BUCKAROO,22,1,SPRING,SH,WOVEN SHIRT,woven.sh,025,P,00,WHITE,화이트,White,#f5f5f5,S
B221SH025P00M,B221SH025P,B,BUCKAROO,22,1,SPRING,SH,WOVEN SHIRT,woven.sh,025,P,00,WHITE,화이트,White,#f5f5f5,M
B221SH025P00L,B221SH025P,B,BUCKAROO,22,1,SPRING,SH,WOVEN SHIRT,woven.sh,025,P,00,WHITE,화이트,White,#f5f5f5,L
B221SH025P00XL,B221SH025P,B,BUCKAROO,22,1,SPRING,SH,WOVEN SHIRT,woven.sh,025,P,00,WHITE,화이트,White,#f5f5f5,XL
B221SH025P00XXL,B221SH025P,B,BUCKAROO,22,1,SPRING,SH,WOVEN SHIRT,woven.sh,025,P,00,WHITE,화이트,White,#f5f5f5,XXL
B221SH025P00F,B221SH025P,B,BUCKAROO,22,1,SPRING,SH,WOVEN SHIRT,woven.sh,025,P,00,WHITE,화이트,White,#f5f5f5,F
B221SH026P06XS,B221SH026P,B,BUCKAROO,22,1,SPRING,SH,WOVEN SHIRT,woven.sh,026,P,06,NAVY,네이비,Blue,#1f4e8c,XS
B221SH026P06S,B221SH026P,B,BUCKAROO,22,1,SPRING,SH,WOVEN SHIRT,woven.sh,026,P,06,NAVY,네이비,Blue,#1f4e8c,S
B221SH026P06M,B221SH026P,B,BUCKAROO,22,1,SPRING,SH,WOVEN SHIRT,woven.sh,026,P,06,NAVY,네이비,Blue,#1f4e8c,M
B221SH026P06L,B221SH026P,B,BUCKAROO,22,1,SPRING,SH,WOVEN SHIRT,woven.sh,026,P,06,NAVY,네이비,Blue,#1f4e8c,L
B221SH026P06XL,B221SH026P,B,BUCKAROO,22,1,SPRING,SH,WOVEN SHIRT,woven.sh,026,P,06,NAVY,네이비,Blue,#1f4e8c,XL
B221SH026P06XXL,B221SH026P,B,BUCKAROO,22,1,SPRING,SH,WOVEN SHIRT,woven.sh,026,P,06,NAVY,네이비,Blue,#1f4e8c,XXL
B221SH026P06F,B221SH026P,B,BUCKAROO,22,1,SPRING,SH,WOVEN SHIRT,woven.sh,026,P,06,NAVY,네이비,Blue,#1f4e8c,F
B221SH027P19XS,B221SH027P,B,BUCKAROO,22,1,SPRING,SH,WOVEN SHIRT,woven.sh,027,P,19,BLACK,블랙,Black,#1a1a1a,XS
B221SH027P19S,B221SH027P,B,BUCKAROO,22,1,SPRING,SH,WOVEN SHIRT,woven.sh,027,P,19,BLACK,블랙,Black,#1a1a1a,S
B221SH027P19M,B221SH027P,B,BUCKAROO,22,1,SPRING,SH,WOVEN SHIRT,woven.sh,027,P,19,BLACK,블랙,Black,#1a1a1a,M
B221SH027P19L,B221SH027P,B,BUCKAROO,22,1,SPRING,SH,WOVEN SHIRT,woven.sh,027,P,19,BLACK,블랙,Black,#1a1a1a,L
B221SH027P19XL,B221SH027P,B,BUCKAROO,22,1,SPRING,SH,WOVEN SHIRT,woven.sh,027,P,19,BLACK,블랙,Black,#1a1a1a,XL
B221SH027P19XXL,B221SH027P,B,BUCKAROO,22,1,SPRING,SH,WOVEN SHIRT,woven.sh,027,P,19,BLACK,블랙,Black,#1a1a1a,XXL
B221SH027P19F,B221SH027P,B,BUCKAROO,22,1,SPRING,SH,WOVEN SHIRT,woven.sh,027,P,19,BLACK,블랙,Black,#1a1a1a,F
B221SH028P12XS,B221SH028P,B,BUCKAROO,22,1,SPRING,SH,WOVEN SHIRT,woven.sh,028,P,12,GREY,그레이,Gray,#808080,XS
B221SH028P12S,B221SH028P,B,BUCKAROO,22,1,SPRING,SH,WOVEN SHIRT,woven.sh,028,P,12,GREY,그레이,Gray,#808080,S
B221SH028P12M,B221SH028P,B,BUCKAROO,22,1,SPRING,SH,WOVEN SHIRT,woven.sh,028,P,12,GREY,그레이,Gray,#808080,M
B221SH028P12L,B221SH028P,B,BUCKAROO,22,1,SPRING,SH,WOVEN SHIRT,woven.sh,028,P,12,GREY,그레이,Gray,#808080,L
B221SH028P12XL,B221SH028P,B,BUCKAROO,22,1,SPRING,SH,WOVEN SHIRT,woven.sh,028,P,12,GREY,그레이,Gray,#808080,XL
B221SH028P12XXL,B221SH028P,B,BUCKAROO,22,1,SPRING,SH,WOVEN SHIRT,woven.sh,028,P,12,GREY,그레이,Gray,#808080,XXL
B221SH028P12F,B221SH028P,B,BUCKAROO,22,1,SPRING,SH,WOVEN SHIRT,woven.sh,028,P,12,GREY,그레이,Gray,#808080,F
B221SH029P31XS,B221SH029P,B,BUCKAROO,22,1,SPRING,SH,WOVEN SHIRT,woven.sh,029,P,31,PINK,핑크,Pink,#e84d8a,XS
B221SH029P31S,B221SH029P,B,BUCKAROO,22,1,SPRING,SH,WOVEN SHIRT,woven.sh,029,P,31,PINK,핑크,Pink,#e84d8a,S
B221SH029P31M,B221SH029P,B,BUCKAROO,22,1,SPRING,SH,WOVEN SHIRT,woven.sh,029,P,31,PINK,핑크,Pink,#e84d8a,M
B221SH029P31L,B221SH029P,B,BUCKAROO,22,1,SPRING,SH,WOVEN SHIRT,woven.sh,029,P,31,PINK,핑크,Pink,#e84d8a,L
B221SH029P31XL,B221SH029P,B,BUCKAROO,22,1,SPRING,SH,WOVEN SHIRT,woven.sh,029,P,31,PINK,핑크,Pink,#e84d8a,XL
B221SH029P31XXL,B221SH029P,B,BUCKAROO,22,1,SPRING,SH,WOVEN SHIRT,woven.sh,029,P,31,PINK,핑크,Pink,#e84d8a,XXL
B221SH029P31F,B221SH029P,B,BUCKAROO,22,1,SPRING,SH,WOVEN SHIRT,woven.sh,029,P,31,PINK,핑크,Pink,#e84d8a,F
B221SH030P51XS,B221SH030P,B,BUCKAROO,22,1,SPRING,SH,WOVEN SHIRT,woven.sh,030,P,51,GREEN,그린,Green,#3f7d3a,XS
B221SH030P51S,B221SH030P,B,BUCKAROO,22,1,SPRING,SH,WOVEN SHIRT,woven.sh,030,P,51,GREEN,그린,Green,#3f7d3a,S
B221SH030P51M,B221SH030P,B,BUCKAROO,22,1,SPRING,SH,WOVEN SHIRT,woven.sh,030,P,51,GREEN,그린,Green,#3f7d3a,M
B221SH030P51L,B221SH030P,B,BUCKAROO,22,1,SPRING,SH,WOVEN SHIRT,woven.sh,030,P,51,GREEN,그린,Green,#3f7d3a,L
B221SH030P51XL,B221SH030P,B,BUCKAROO,22,1,SPRING,SH,WOVEN SHIRT,woven.sh,030,P,51,GREEN,그린,Green,#3f7d3a,XL
B221SH030P51XXL,B221SH030P,B,BUCKAROO,22,1,SPRING,SH,WOVEN SHIRT,woven.sh,030,P,51,GREEN,그린,Green,#3f7d3a,XXL
B221SH030P51F,B221SH030P,B,BUCKAROO,22,1,SPRING,SH,WOVEN SHIRT,woven.sh,030,P,51,GREEN,그린,Green,#3f7d3a,F
B221PT031P0028,B221PT031P,B,BUCKAROO,22,1,SPRING,PT,WOVEN PANTS,woven.pt,031,P,00,WHITE,화이트,White,#f5f5f5,28
B221PT031P0030,B221PT031P,B,BUCKAROO,22,1,SPRING,PT,WOVEN PANTS,woven.pt,031,P,00,WHITE,화이트,White,#f5f5f5,30
B221PT031P0032,B221PT031P,B,BUCKAROO,22,1,SPRING,PT,WOVEN PANTS,woven.pt,031,P,00,WHITE,화이트,White,#f5f5f5,32
B221PT031P0034,B221PT031P,B,BUCKAROO,22,1,SPRING,PT,WOVEN PANTS,woven.pt,031,P,00,WHITE,화이트,White,#f5f5f5,34
B221PT031P0036,B221PT031P,B,BUCKAROO,22,1,SPRING,PT,WOVEN PANTS,woven.pt,031,P,00,WHITE,화이트,White,#f5f5f5,36
B221PT031P00F,B221PT031P,B,BUCKAROO,22,1,SPRING,PT,WOVEN PANTS,woven.pt,031,P,00,WHITE,화이트,White,#f5f5f5,F
B221PT032P0628,B221PT032P,B,BUCKAROO,22,1,SPRING,PT,WOVEN PANTS,woven.pt,032,P,06,NAVY,네이비,Blue,#1f4e8c,28
B221PT032P0630,B221PT032P,B,BUCKAROO,22,1,SPRING,PT,WOVEN PANTS,woven.pt,032,P,06,NAVY,네이비,Blue,#1f4e8c,30
B221PT032P0632,B221PT032P,B,BUCKAROO,22,1,SPRING,PT,WOVEN PANTS,woven.pt,032,P,06,NAVY,네이비,Blue,#1f4e8c,32
B221PT032P0634,B221PT032P,B,BUCKAROO,22,1,SPRING,PT,WOVEN PANTS,woven.pt,032,P,06,NAVY,네이비,Blue,#1f4e8c,34
B221PT032P0636,B221PT032P,B,BUCKAROO,22,1,SPRING,PT,WOVEN PANTS,woven.pt,032,P,06,NAVY,네이비,Blue,#1f4e8c,36
B221PT032P06F,B221PT032P,B,BUCKAROO,22,1,SPRING,PT,WOVEN PANTS,woven.pt,032,P,06,NAVY,네이비,Blue,#1f4e8c,F
B221PT033P1928,B221PT033P,B,BUCKAROO,22,1,SPRING,PT,WOVEN PANTS,woven.pt,033,P,19,BLACK,블랙,Black,#1a1a1a,28
B221PT033P1930,B221PT033P,B,BUCKAROO,22,1,SPRING,PT,WOVEN PANTS,woven.pt,033,P,19,BLACK,블랙,Black,#1a1a1a,30
B221PT033P1932,B221PT033P,B,BUCKAROO,22,1,SPRING,PT,WOVEN PANTS,woven.pt,033,P,19,BLACK,블랙,Black,#1a1a1a,32
B221PT033P1934,B221PT033P,B,BUCKAROO,22,1,SPRING,PT,WOVEN PANTS,woven.pt,033,P,19,BLACK,블랙,Black,#1a1a1a,34
B221PT033P1936,B221PT033P,B,BUCKAROO,22,1,SPRING,PT,WOVEN PANTS,woven.pt,033,P,19,BLACK,블랙,Black,#1a1a1a,36
B221PT033P19F,B221PT033P,B,BUCKAROO,22,1,SPRING,PT,WOVEN PANTS,woven.pt,033,P,19,BLACK,블랙,Black,#1a1a1a,F
B221PT034P1228,B221PT034P,B,BUCKAROO,22,1,SPRING,PT,WOVEN PANTS,woven.pt,034,P,12,GREY,그레이,Gray,#808080,28
B221PT034P1230,B221PT034P,B,BUCKAROO,22,1,SPRING,PT,WOVEN PANTS,woven.pt,034,P,12,GREY,그레이,Gray,#808080,30
B221PT034P1232,B221PT034P,B,BUCKAROO,22,1,SPRING,PT,WOVEN PANTS,woven.pt,034,P,12,GREY,그레이,Gray,#808080,32
B221PT034P1234,B221PT034P,B,BUCKAROO,22,1,SPRING,PT,WOVEN PANTS,woven.pt,034,P,12,GREY,그레이,Gray,#808080,34
B221PT034P1236,B221PT034P,B,BUCKAROO,22,1,SPRING,PT,WOVEN PANTS,woven.pt,034,P,12,GREY,그레이,Gray,#808080,36
B221PT034P12F,B221PT034P,B,BUCKAROO,22,1,SPRING,PT,WOVEN PANTS,woven.pt,034,P,12,GREY,그레이,Gray,#808080,F
B221PT035P3128,B221PT035P,B,BUCKAROO,22,1,SPRING,PT,WOVEN PANTS,woven.pt,035,P,31,PINK,핑크,Pink,#e84d8a,28
B221PT035P3130,B221PT035P,B,BUCKAROO,22,1,SPRING,PT,WOVEN PANTS,woven.pt,035,P,31,PINK,핑크,Pink,#e84d8a,30
B221PT035P3132,B221PT035P,B,BUCKAROO,22,1,SPRING,PT,WOVEN PANTS,woven.pt,035,P,31,PINK,핑크,Pink,#e84d8a,32
B221PT035P3134,B221PT035P,B,BUCKAROO,22,1,SPRING,PT,WOVEN PANTS,woven.pt,035,P,31,PINK,핑크,Pink,#e84d8a,34
B221PT035P3136,B221PT035P,B,BUCKAROO,22,1,SPRING,PT,WOVEN PANTS,woven.pt,035,P,31,PINK,핑크,Pink,#e84d8a,36
B221PT035P31F,B221PT035P,B,BUCKAROO,22,1,SPRING,PT,WOVEN PANTS,woven.pt,035,P,31,PINK,핑크,Pink,#e84d8a,F
B221PT036P5128,B221PT036P,B,BUCKAROO,22,1,SPRING,PT,WOVEN PANTS,woven.pt,036,P,51,GREEN,그린,Green,#3f7d3a,28
B221PT036P5130,B221PT036P,B,BUCKAROO,22,1,SPRING,PT,WOVEN PANTS,woven.pt,036,P,51,GREEN,그린,Green,#3f7d3a,30
B221PT036P5132,B221PT036P,B,BUCKAROO,22,1,SPRING,PT,WOVEN PANTS,woven.pt,036,P,51,GREEN,그린,Green,#3f7d3a,32
B221PT036P5134,B221PT036P,B,BUCKAROO,22,1,SPRING,PT,WOVEN PANTS,woven.pt,036,P,51,GREEN,그린,Green,#3f7d3a,34
B221PT036P5136,B221PT036P,B,BUCKAROO,22,1,SPRING,PT,WOVEN PANTS,woven.pt,036,P,51,GREEN,그린,Green,#3f7d3a,36
B221PT036P51F,B221PT036P,B,BUCKAROO,22,1,SPRING,PT,WOVEN PANTS,woven.pt,036,P,51,GREEN,그린,Green,#3f7d3a,F
B221OP037P00XS,B221OP037P,B,BUCKAROO,22,1,SPRING,OP,WOVEN ONE PIECE,woven.op,037,P,00,WHITE,화이트,White,#f5f5f5,XS
B221OP037P00S,B221OP037P,B,BUCKAROO,22,1,SPRING,OP,WOVEN ONE PIECE,woven.op,037,P,00,WHITE,화이트,White,#f5f5f5,S
B221OP037P00M,B221OP037P,B,BUCKAROO,22,1,SPRING,OP,WOVEN ONE PIECE,woven.op,037,P,00,WHITE,화이트,White,#f5f5f5,M
B221OP037P00L,B221OP037P,B,BUCKAROO,22,1,SPRING,OP,WOVEN ONE PIECE,woven.op,037,P,00,WHITE,화이트,White,#f5f5f5,L
B221OP037P00XL,B221OP037P,B,BUCKAROO,22,1,SPRING,OP,WOVEN ONE PIECE,woven.op,037,P,00,WHITE,화이트,White,#f5f5f5,XL
B221OP037P00XXL,B221OP037P,B,BUCKAROO,22,1,SPRING,OP,WOVEN ONE PIECE,woven.op,037,P,00,WHITE,화이트,White,#f5f5f5,XXL
B221OP037P00F,B221OP037P,B,BUCKAROO,22,1,SPRING,OP,WOVEN ONE PIECE,woven.op,037,P,00,WHITE,화이트,White,#f5f5f5,F
B221OP038P06XS,B221OP038P,B,BUCKAROO,22,1,SPRING,OP,WOVEN ONE PIECE,woven.op,038,P,06,NAVY,네이비,Blue,#1f4e8c,XS
B221OP038P06S,B221OP038P,B,BUCKAROO,22,1,SPRING,OP,WOVEN ONE PIECE,woven.op,038,P,06,NAVY,네이비,Blue,#1f4e8c,S
B221OP038P06M,B221OP038P,B,BUCKAROO,22,1,SPRING,OP,WOVEN ONE PIECE,woven.op,038,P,06,NAVY,네이비,Blue,#1f4e8c,M
B221OP038P06L,B221OP038P,B,BUCKAROO,22,1,SPRING,OP,WOVEN ONE PIECE,woven.op,038,P,06,NAVY,네이비,Blue,#1f4e8c,L
B221OP038P06XL,B221OP038P,B,BUCKAROO,22,1,SPRING,OP,WOVEN ONE PIECE,woven.op,038,P,06,NAVY,네이비,Blue,#1f4e8c,XL
B221OP038P06XXL,B221OP038P,B,BUCKAROO,22,1,SPRING,OP,WOVEN ONE PIECE,woven.op,038,P,06,NAVY,네이비,Blue,#1f4e8c,XXL
B221OP038P06F,B221OP038P,B,BUCKAROO,22,1,SPRING,OP,WOVEN ONE PIECE,woven.op,038,P,06,NAVY,네이비,Blue,#1f4e8c,F
B221OP039P19XS,B221OP039P,B,BUCKAROO,22,1,SPRING,OP,WOVEN ONE PIECE,woven.op,039,P,19,BLACK,블랙,Black,#1a1a1a,XS
B221OP039P19S,B221OP039P,B,BUCKAROO,22,1,SPRING,OP,WOVEN ONE PIECE,woven.op,039,P,19,BLACK,블랙,Black,#1a1a1a,S
B221OP039P19M,B221OP039P,B,BUCKAROO,22,1,SPRING,OP,WOVEN ONE PIECE,woven.op,039,P,19,BLACK,블랙,Black,#1a1a1a,M
B221OP039P19L,B221OP039P,B,BUCKAROO,22,1,SPRING,OP,WOVEN ONE PIECE,woven.op,039,P,19,BLACK,블랙,Black,#1a1a1a,L
B221OP039P19XL,B221OP039P,B,BUCKAROO,22,1,SPRING,OP,WOVEN ONE PIECE,woven.op,039,P,19,BLACK,블랙,Black,#1a1a1a,XL
B221OP039P19XXL,B221OP039P,B,BUCKAROO,22,1,SPRING,OP,WOVEN ONE PIECE,woven.op,039,P,19,BLACK,블랙,Black,#1a1a1a,XXL
B221OP039P19F,B221OP039P,B,BUCKAROO,22,1,SPRING,OP,WOVEN ONE PIECE,woven.op,039,P,19,BLACK,블랙,Black,#1a1a1a,F
B221OP040P12XS,B221OP040P,B,BUCKAROO,22,1,SPRING,OP,WOVEN ONE PIECE,woven.op,040,P,12,GREY,그레이,Gray,#808080,XS
B221OP040P12S,B221OP040P,B,BUCKAROO,22,1,SPRING,OP,WOVEN ONE PIECE,woven.op,040,P,12,GREY,그레이,Gray,#808080,S
B221OP040P12M,B221OP040P,B,BUCKAROO,22,1,SPRING,OP,WOVEN ONE PIECE,woven.op,040,P,12,GREY,그레이,Gray,#808080,M
B221OP040P12L,B221OP040P,B,BUCKAROO,22,1,SPRING,OP,WOVEN ONE PIECE,woven.op,040,P,12,GREY,그레이,Gray,#808080,L
B221OP040P12XL,B221OP040P,B,BUCKAROO,22,1,SPRING,OP,WOVEN ONE PIECE,woven.op,040,P,12,GREY,그레이,Gray,#808080,XL
B221OP040P12XXL,B221OP040P,B,BUCKAROO,22,1,SPRING,OP,WOVEN ONE PIECE,woven.op,040,P,12,GREY,그레이,Gray,#808080,XXL
B221OP040P12F,B221OP040P,B,BUCKAROO,22,1,SPRING,OP,WOVEN ONE PIECE,woven.op,040,P,12,GREY,그레이,Gray,#808080,F
B221OP041P31XS,B221OP041P,B,BUCKAROO,22,1,SPRING,OP,WOVEN ONE PIECE,woven.op,041,P,31,PINK,핑크,Pink,#e84d8a,XS
B221OP041P31S,B221OP041P,B,BUCKAROO,22,1,SPRING,OP,WOVEN ONE PIECE,woven.op,041,P,31,PINK,핑크,Pink,#e84d8a,S
B221OP041P31M,B221OP041P,B,BUCKAROO,22,1,SPRING,OP,WOVEN ONE PIECE,woven.op,041,P,31,PINK,핑크,Pink,#e84d8a,M
B221OP041P31L,B221OP041P,B,BUCKAROO,22,1,SPRING,OP,WOVEN ONE PIECE,woven.op,041,P,31,PINK,핑크,Pink,#e84d8a,L
B221OP041P31XL,B221OP041P,B,BUCKAROO,22,1,SPRING,OP,WOVEN ONE PIECE,woven.op,041,P,31,PINK,핑크,Pink,#e84d8a,XL
B221OP041P31XXL,B221OP041P,B,BUCKAROO,22,1,SPRING,OP,WOVEN ONE PIECE,woven.op,041,P,31,PINK,핑크,Pink,#e84d8a,XXL
B221OP041P31F,B221OP041P,B,BUCKAROO,22,1,SPRING,OP,WOVEN ONE PIECE,woven.op,041,P,31,PINK,핑크,Pink,#e84d8a,F
B221OP042P51XS,B221OP042P,B,BUCKAROO,22,1,SPRING,OP,WOVEN ONE PIECE,woven.op,042,P,51,GREEN,그린,Green,#3f7d3a,XS
B221OP042P51S,B221OP042P,B,BUCKAROO,22,1,SPRING,OP,WOVEN ONE PIECE,woven.op,042,P,51,GREEN,그린,Green,#3f7d3a,S
B221OP042P51M,B221OP042P,B,BUCKAROO,22,1,SPRING,OP,WOVEN ONE PIECE,woven.op,042,P,51,GREEN,그린,Green,#3f7d3a,M
B221OP042P51L,B221OP042P,B,BUCKAROO,22,1,SPRING,OP,WOVEN ONE PIECE,woven.op,042,P,51,GREEN,그린,Green,#3f7d3a,L
B221OP042P51XL,B221OP042P,B,BUCKAROO,22,1,SPRING,OP,WOVEN ONE PIECE,woven.op,042,P,51,GREEN,그린,Green,#3f7d3a,XL
B221OP042P51XXL,B221OP042P,B,BUCKAROO,22,1,SPRING,OP,WOVEN ONE PIECE,woven.op,042,P,51,GREEN,그린,Green,#3f7d3a,XXL
B221OP042P51F,B221OP042P,B,BUCKAROO,22,1,SPRING,OP,WOVEN ONE PIECE,woven.op,042,P,51,GREEN,그린,Green,#3f7d3a,F
B221KC043P00XS,B221KC043P,B,BUCKAROO,22,1,SPRING,KC,KNIT CARDIGAN,knit.kc,043,P,00,WHITE,화이트,White,#f5f5f5,XS
B221KC043P00S,B221KC043P,B,BUCKAROO,22,1,SPRING,KC,KNIT CARDIGAN,knit.kc,043,P,00,WHITE,화이트,White,#f5f5f5,S
B221KC043P00M,B221KC043P,B,BUCKAROO,22,1,SPRING,KC,KNIT CARDIGAN,knit.kc,043,P,00,WHITE,화이트,White,#f5f5f5,M
B221KC043P00L,B221KC043P,B,BUCKAROO,22,1,SPRING,KC,KNIT CARDIGAN,knit.kc,043,P,00,WHITE,화이트,White,#f5f5f5,L
B221KC043P00XL,B221KC043P,B,BUCKAROO,22,1,SPRING,KC,KNIT CARDIGAN,knit.kc,043,P,00,WHITE,화이트,White,#f5f5f5,XL
B221KC043P00XXL,B221KC043P,B,BUCKAROO,22,1,SPRING,KC,KNIT CARDIGAN,knit.kc,043,P,00,WHITE,화이트,White,#f5f5f5,XXL
B221KC043P00F,B221KC043P,B,BUCKAROO,22,1,SPRING,KC,KNIT CARDIGAN,knit.kc,043,P,00,WHITE,화이트,White,#f5f5f5,F
B221KC044P06XS,B221KC044P,B,BUCKAROO,22,1,SPRING,KC,KNIT CARDIGAN,knit.kc,044,P,06,NAVY,네이비,Blue,#1f4e8c,XS
B221KC044P06S,B221KC044P,B,BUCKAROO,22,1,SPRING,KC,KNIT CARDIGAN,knit.kc,044,P,06,NAVY,네이비,Blue,#1f4e8c,S
B221KC044P06M,B221KC044P,B,BUCKAROO,22,1,SPRING,KC,KNIT CARDIGAN,knit.kc,044,P,06,NAVY,네이비,Blue,#1f4e8c,M
B221KC044P06L,B221KC044P,B,BUCKAROO,22,1,SPRING,KC,KNIT CARDIGAN,knit.kc,044,P,06,NAVY,네이비,Blue,#1f4e8c,L
B221KC044P06XL,B221KC044P,B,BUCKAROO,22,1,SPRING,KC,KNIT CARDIGAN,knit.kc,044,P,06,NAVY,네이비,Blue,#1f4e8c,XL
B221KC044P06XXL,B221KC044P,B,BUCKAROO,22,1,SPRING,KC,KNIT CARDIGAN,knit.kc,044,P,06,NAVY,네이비,Blue,#1f4e8c,XXL
B221KC044P06F,B221KC044P,B,BUCKAROO,22,1,SPRING,KC,KNIT CARDIGAN,knit.kc,044,P,06,NAVY,네이비,Blue,#1f4e8c,F
B221KC045P19XS,B221KC045P,B,BUCKAROO,22,1,SPRING,KC,KNIT CARDIGAN,knit.kc,045,P,19,BLACK,블랙,Black,#1a1a1a,XS
B221KC045P19S,B221KC045P,B,BUCKAROO,22,1,SPRING,KC,KNIT CARDIGAN,knit.kc,045,P,19,BLACK,블랙,Black,#1a1a1a,S
B221KC045P19M,B221KC045P,B,BUCKAROO,22,1,SPRING,KC,KNIT CARDIGAN,knit.kc,045,P,19,BLACK,블랙,Black,#1a1a1a,M
B221KC045P19L,B221KC045P,B,BUCKAROO,22,1,SPRING,KC,KNIT CARDIGAN,knit.kc,045,P,19,BLACK,블랙,Black,#1a1a1a,L
B221KC045P19XL,B221KC045P,B,BUCKAROO,22,1,SPRING,KC,KNIT CARDIGAN,knit.kc,045,P,19,BLACK,블랙,Black,#1a1a1a,XL
B221KC045P19XXL,B221KC045P,B,BUCKAROO,22,1,SPRING,KC,KNIT CARDIGAN,knit.kc,045,P,19,BLACK,블랙,Black,#1a1a1a,XXL
B221KC045P19F,B221KC045P,B,BUCKAROO,22,1,SPRING,KC,KNIT CARDIGAN,knit.kc,045,P,19,BLACK,블랙,Black,#1a1a1a,F
B221KC046P12XS,B221KC046P,B,BUCKAROO,22,1,SPRING,KC,KNIT CARDIGAN,knit.kc,046,P,12,GREY,그레이,Gray,#808080,XS
B221KC046P12S,B221KC046P,B,BUCKAROO,22,1,SPRING,KC,KNIT CARDIGAN,knit.kc,046,P,12,GREY,그레이,Gray,#808080,S
B221KC046P12M,B221KC046P,B,BUCKAROO,22,1,SPRING,KC,KNIT CARDIGAN,knit.kc,046,P,12,GREY,그레이,Gray,#808080,M
B221KC046P12L,B221KC046P,B,BUCKAROO,22,1,SPRING,KC,KNIT CARDIGAN,knit.kc,046,P,12,GREY,그레이,Gray,#808080,L
B221KC046P12XL,B221KC046P,B,BUCKAROO,22,1,SPRING,KC,KNIT CARDIGAN,knit.kc,046,P,12,GREY,그레이,Gray,#808080,XL
B221KC046P12XXL,B221KC046P,B,BUCKAROO,22,1,SPRING,KC,KNIT CARDIGAN,knit.kc,046,P,12,GREY,그레이,Gray,#808080,XXL
B221KC046P12F,B221KC046P,B,BUCKAROO,22,1,SPRING,KC,KNIT CARDIGAN,knit.kc,046,P,12,GREY,그레이,Gray,#808080,F
B221KC047P31XS,B221KC047P,B,BUCKAROO,22,1,SPRING,KC,KNIT CARDIGAN,knit.kc,047,P,31,PINK,핑크,Pink,#e84d8a,XS
B221KC047P31S,B221KC047P,B,BUCKAROO,22,1,SPRING,KC,KNIT CARDIGAN,knit.kc,047,P,31,PINK,핑크,Pink,#e84d8a,S
B221KC047P31M,B221KC047P,B,BUCKAROO,22,1,SPRING,KC,KNIT CARDIGAN,knit.kc,047,P,31,PINK,핑크,Pink,#e84d8a,M
B221KC047P31L,B221KC047P,B,BUCKAROO,22,1,SPRING,KC,KNIT CARDIGAN,knit.kc,047,P,31,PINK,핑크,Pink,#e84d8a,L
B221KC047P31XL,B221KC047P,B,BUCKAROO,22,1,SPRING,KC,KNIT CARDIGAN,knit.kc,047,P,31,PINK,핑크,Pink,#e84d8a,XL
B221KC047P31XXL,B221KC047P,B,BUCKAROO,22,1,SPRING,KC,KNIT CARDIGAN,knit.kc,047,P,31,PINK,핑크,Pink,#e84d8a,XXL
B221KC047P31F,B221KC047P,B,BUCKAROO,22,1,SPRING,KC,KNIT CARDIGAN,knit.kc,047,P,31,PINK,핑크,Pink,#e84d8a,F
B221KC048P51XS,B221KC048P,B,BUCKAROO,22,1,SPRING,KC,KNIT CARDIGAN,knit.kc,048,P,51,GREEN,그린,Green,#3f7d3a,XS
B221KC048P51S,B221KC048P,B,BUCKAROO,22,1,SPRING,KC,KNIT CARDIGAN,knit.kc,048,P,51,GREEN,그린,Green,#3f7d3a,S
B221KC048P51M,B221KC048P,B,BUCKAROO,22,1,SPRING,KC,KNIT CARDIGAN,knit.kc,048,P,51,GREEN,그린,Green,#3f7d3a,M
B221KC048P51L,B221KC048P,B,BUCKAROO,22,1,SPRING,KC,KNIT CARDIGAN,knit.kc,048,P,51,GREEN,그린,Green,#3f7d3a,L
B221KC048P51XL,B221KC048P,B,BUCKAROO,22,1,SPRING,KC,KNIT CARDIGAN,knit.kc,048,P,51,GREEN,그린,Green,#3f7d3a,XL
B221KC048P51XXL,B221KC048P,B,BUCKAROO,22,1,SPRING,KC,KNIT CARDIGAN,knit.kc,048,P,51,GREEN,그린,Green,#3f7d3a,XXL
B221KC048P51F,B221KC048P,B,BUCKAROO,22,1,SPRING,KC,KNIT CARDIGAN,knit.kc,048,P,51,GREEN,그린,Green,#3f7d3a,F
B221KT049P00XS,B221KT049P,B,BUCKAROO,22,1,SPRING,KT,KNIT P/OVER,knit.kt,049,P,00,WHITE,화이트,White,#f5f5f5,XS
B221KT049P00S,B221KT049P,B,BUCKAROO,22,1,SPRING,KT,KNIT P/OVER,knit.kt,049,P,00,WHITE,화이트,White,#f5f5f5,S
B221KT049P00M,B221KT049P,B,BUCKAROO,22,1,SPRING,KT,KNIT P/OVER,knit.kt,049,P,00,WHITE,화이트,White,#f5f5f5,M
B221KT049P00L,B221KT049P,B,BUCKAROO,22,1,SPRING,KT,KNIT P/OVER,knit.kt,049,P,00,WHITE,화이트,White,#f5f5f5,L
B221KT049P00XL,B221KT049P,B,BUCKAROO,22,1,SPRING,KT,KNIT P/OVER,knit.kt,049,P,00,WHITE,화이트,White,#f5f5f5,XL
B221KT049P00XXL,B221KT049P,B,BUCKAROO,22,1,SPRING,KT,KNIT P/OVER,knit.kt,049,P,00,WHITE,화이트,White,#f5f5f5,XXL
B221KT049P00F,B221KT049P,B,BUCKAROO,22,1,SPRING,KT,KNIT P/OVER,knit.kt,049,P,00,WHITE,화이트,White,#f5f5f5,F
B221KT050P06XS,B221KT050P,B,BUCKAROO,22,1,SPRING,KT,KNIT P/OVER,knit.kt,050,P,06,NAVY,네이비,Blue,#1f4e8c,XS
B221KT050P06S,B221KT050P,B,BUCKAROO,22,1,SPRING,KT,KNIT P/OVER,knit.kt,050,P,06,NAVY,네이비,Blue,#1f4e8c,S
B221KT050P06M,B221KT050P,B,BUCKAROO,22,1,SPRING,KT,KNIT P/OVER,knit.kt,050,P,06,NAVY,네이비,Blue,#1f4e8c,M
B221KT050P06L,B221KT050P,B,BUCKAROO,22,1,SPRING,KT,KNIT P/OVER,knit.kt,050,P,06,NAVY,네이비,Blue,#1f4e8c,L
B221KT050P06XL,B221KT050P,B,BUCKAROO,22,1,SPRING,KT,KNIT P/OVER,knit.kt,050,P,06,NAVY,네이비,Blue,#1f4e8c,XL
B221KT050P06XXL,B221KT050P,B,BUCKAROO,22,1,SPRING,KT,KNIT P/OVER,knit.kt,050,P,06,NAVY,네이비,Blue,#1f4e8c,XXL
B221KT050P06F,B221KT050P,B,BUCKAROO,22,1,SPRING,KT,KNIT P/OVER,knit.kt,050,P,06,NAVY,네이비,Blue,#1f4e8c,F
B221KT051P19XS,B221KT051P,B,BUCKAROO,22,1,SPRING,KT,KNIT P/OVER,knit.kt,051,P,19,BLACK,블랙,Black,#1a1a1a,XS
B221KT051P19S,B221KT051P,B,BUCKAROO,22,1,SPRING,KT,KNIT P/OVER,knit.kt,051,P,19,BLACK,블랙,Black,#1a1a1a,S
B221KT051P19M,B221KT051P,B,BUCKAROO,22,1,SPRING,KT,KNIT P/OVER,knit.kt,051,P,19,BLACK,블랙,Black,#1a1a1a,M
B221KT051P19L,B221KT051P,B,BUCKAROO,22,1,SPRING,KT,KNIT P/OVER,knit.kt,051,P,19,BLACK,블랙,Black,#1a1a1a,L
B221KT051P19XL,B221KT051P,B,BUCKAROO,22,1,SPRING,KT,KNIT P/OVER,knit.kt,051,P,19,BLACK,블랙,Black,#1a1a1a,XL
B221KT051P19XXL,B221KT051P,B,BUCKAROO,22,1,SPRING,KT,KNIT P/OVER,knit.kt,051,P,19,BLACK,블랙,Black,#1a1a1a,XXL
B221KT051P19F,B221KT051P,B,BUCKAROO,22,1,SPRING,KT,KNIT P/OVER,knit.kt,051,P,19,BLACK,블랙,Black,#1a1a1a,F
B221KT052P12XS,B221KT052P,B,BUCKAROO,22,1,SPRING,KT,KNIT P/OVER,knit.kt,052,P,12,GREY,그레이,Gray,#808080,XS
B221KT052P12S,B221KT052P,B,BUCKAROO,22,1,SPRING,KT,KNIT P/OVER,knit.kt,052,P,12,GREY,그레이,Gray,#808080,S
B221KT052P12M,B221KT052P,B,BUCKAROO,22,1,SPRING,KT,KNIT P/OVER,knit.kt,052,P,12,GREY,그레이,Gray,#808080,M
B221KT052P12L,B221KT052P,B,BUCKAROO,22,1,SPRING,KT,KNIT P/OVER,knit.kt,052,P,12,GREY,그레이,Gray,#808080,L
B221KT052P12XL,B221KT052P,B,BUCKAROO,22,1,SPRING,KT,KNIT P/OVER,knit.kt,052,P,12,GREY,그레이,Gray,#808080,XL
B221KT052P12XXL,B221KT052P,B,BUCKAROO,22,1,SPRING,KT,KNIT P/OVER,knit.kt,052,P,12,GREY,그레이,Gray,#808080,XXL
B221KT052P12F,B221KT052P,B,BUCKAROO,22,1,SPRING,KT,KNIT P/OVER,knit.kt,052,P,12,GREY,그레이,Gray,#808080,F
B221KT053P31XS,B221KT053P,B,BUCKAROO,22,1,SPRING,KT,KNIT P/OVER,knit.kt,053,P,31,PINK,핑크,Pink,#e84d8a,XS
B221KT053P31S,B221KT053P,B,BUCKAROO,22,1,SPRING,KT,KNIT P/OVER,knit.kt,053,P,31,PINK,핑크,Pink,#e84d8a,S
B221KT053P31M,B221KT053P,B,BUCKAROO,22,1,SPRING,KT,KNIT P/OVER,knit.kt,053,P,31,PINK,핑크,Pink,#e84d8a,M
B221KT053P31L,B221KT053P,B,BUCKAROO,22,1,SPRING,KT,KNIT P/OVER,knit.kt,053,P,31,PINK,핑크,Pink,#e84d8a,L
B221KT053P31XL,B221KT053P,B,BUCKAROO,22,1,SPRING,KT,KNIT P/OVER,knit.kt,053,P,31,PINK,핑크,Pink,#e84d8a,XL
B221KT053P31XXL,B221KT053P,B,BUCKAROO,22,1,SPRING,KT,KNIT P/OVER,knit.kt,053,P,31,PINK,핑크,Pink,#e84d8a,XXL
B221KT053P31F,B221KT053P,B,BUCKAROO,22,1,SPRING,KT,KNIT P/OVER,knit.kt,053,P,31,PINK,핑크,Pink,#e84d8a,F
B221KT054P51XS,B221KT054P,B,BUCKAROO,22,1,SPRING,KT,KNIT P/OVER,knit.kt,054,P,51,GREEN,그린,Green,#3f7d3a,XS
B221KT054P51S,B221KT054P,B,BUCKAROO,22,1,SPRING,KT,KNIT P/OVER,knit.kt,054,P,51,GREEN,그린,Green,#3f7d3a,S
B221KT054P51M,B221KT054P,B,BUCKAROO,22,1,SPRING,KT,KNIT P/OVER,knit.kt,054,P,51,GREEN,그린,Green,#3f7d3a,M
B221KT054P51L,B221KT054P,B,BUCKAROO,22,1,SPRING,KT,KNIT P/OVER,knit.kt,054,P,51,GREEN,그린,Green,#3f7d3a,L
B221KT054P51XL,B221KT054P,B,BUCKAROO,22,1,SPRING,KT,KNIT P/OVER,knit.kt,054,P,51,GREEN,그린,Green,#3f7d3a,XL
B221KT054P51XXL,B221KT054P,B,BUCKAROO,22,1,SPRING,KT,KNIT P/OVER,knit.kt,054,P,51,GREEN,그린,Green,#3f7d3a,XXL
B221KT054P51F,B221KT054P,B,BUCKAROO,22,1,SPRING,KT,KNIT P/OVER,knit.kt,054,P,51,GREEN,그린,Green,#3f7d3a,F
B221TS055P00XS,B221TS055P,B,BUCKAROO,22,1,SPRING,TS,C&S T-SHIRTS,cut_and_sew.ts,055,P,00,WHITE,화이트,White,#f5f5f5,XS
B221TS055P00S,B221TS055P,B,BUCKAROO,22,1,SPRING,TS,C&S T-SHIRTS,cut_and_sew.ts,055,P,00,WHITE,화이트,White,#f5f5f5,S
B221TS055P00M,B221TS055P,B,BUCKAROO,22,1,SPRING,TS,C&S T-SHIRTS,cut_and_sew.ts,055,P,00,WHITE,화이트,White,#f5f5f5,M
B221TS055P00L,B221TS055P,B,BUCKAROO,22,1,SPRING,TS,C&S T-SHIRTS,cut_and_sew.ts,055,P,00,WHITE,화이트,White,#f5f5f5,L
B221TS055P00XL,B221TS055P,B,BUCKAROO,22,1,SPRING,TS,C&S T-SHIRTS,cut_and_sew.ts,055,P,00,WHITE,화이트,White,#f5f5f5,XL
B221TS055P00XXL,B221TS055P,B,BUCKAROO,22,1,SPRING,TS,C&S T-SHIRTS,cut_and_sew.ts,055,P,00,WHITE,화이트,White,#f5f5f5,XXL
B221TS055P00F,B221TS055P,B,BUCKAROO,22,1,SPRING,TS,C&S T-SHIRTS,cut_and_sew.ts,055,P,00,WHITE,화이트,White,#f5f5f5,F
B221TS056P06XS,B221TS056P,B,BUCKAROO,22,1,SPRING,TS,C&S T-SHIRTS,cut_and_sew.ts,056,P,06,NAVY,네이비,Blue,#1f4e8c,XS
B221TS056P06S,B221TS056P,B,BUCKAROO,22,1,SPRING,TS,C&S T-SHIRTS,cut_and_sew.ts,056,P,06,NAVY,네이비,Blue,#1f4e8c,S
B221TS056P06M,B221TS056P,B,BUCKAROO,22,1,SPRING,TS,C&S T-SHIRTS,cut_and_sew.ts,056,P,06,NAVY,네이비,Blue,#1f4e8c,M
B221TS056P06L,B221TS056P,B,BUCKAROO,22,1,SPRING,TS,C&S T-SHIRTS,cut_and_sew.ts,056,P,06,NAVY,네이비,Blue,#1f4e8c,L
B221TS056P06XL,B221TS056P,B,BUCKAROO,22,1,SPRING,TS,C&S T-SHIRTS,cut_and_sew.ts,056,P,06,NAVY,네이비,Blue,#1f4e8c,XL
B221TS056P06XXL,B221TS056P,B,BUCKAROO,22,1,SPRING,TS,C&S T-SHIRTS,cut_and_sew.ts,056,P,06,NAVY,네이비,Blue,#1f4e8c,XXL
B221TS056P06F,B221TS056P,B,BUCKAROO,22,1,SPRING,TS,C&S T-SHIRTS,cut_and_sew.ts,056,P,06,NAVY,네이비,Blue,#1f4e8c,F
B221TS057P19XS,B221TS057P,B,BUCKAROO,22,1,SPRING,TS,C&S T-SHIRTS,cut_and_sew.ts,057,P,19,BLACK,블랙,Black,#1a1a1a,XS
B221TS057P19S,B221TS057P,B,BUCKAROO,22,1,SPRING,TS,C&S T-SHIRTS,cut_and_sew.ts,057,P,19,BLACK,블랙,Black,#1a1a1a,S
B221TS057P19M,B221TS057P,B,BUCKAROO,22,1,SPRING,TS,C&S T-SHIRTS,cut_and_sew.ts,057,P,19,BLACK,블랙,Black,#1a1a1a,M
B221TS057P19L,B221TS057P,B,BUCKAROO,22,1,SPRING,TS,C&S T-SHIRTS,cut_and_sew.ts,057,P,19,BLACK,블랙,Black,#1a1a1a,L
B221TS057P19XL,B221TS057P,B,BUCKAROO,22,1,SPRING,TS,C&S T-SHIRTS,cut_and_sew.ts,057,P,19,BLACK,블랙,Black,#1a1a1a,XL
B221TS057P19XXL,B221TS057P,B,BUCKAROO,22,1,SPRING,TS,C&S T-SHIRTS,cut_and_sew.ts,057,P,19,BLACK,블랙,Black,#1a1a1a,XXL
B221TS057P19F,B221TS057P,B,BUCKAROO,22,1,SPRING,TS,C&S T-SHIRTS,cut_and_sew.ts,057,P,19,BLACK,블랙,Black,#1a1a1a,F
B221TS058P12XS,B221TS058P,B,BUCKAROO,22,1,SPRING,TS,C&S T-SHIRTS,cut_and_sew.ts,058,P,12,GREY,그레이,Gray,#808080,XS
B221TS058P12S,B221TS058P,B,BUCKAROO,22,1,SPRING,TS,C&S T-SHIRTS,cut_and_sew.ts,058,P,12,GREY,그레이,Gray,#808080,S
B221TS058P12M,B221TS058P,B,BUCKAROO,22,1,SPRING,TS,C&S T-SHIRTS,cut_and_sew.ts,058,P,12,GREY,그레이,Gray,#808080,M
B221TS058P12L,B221TS058P,B,BUCKAROO,22,1,SPRING,TS,C&S T-SHIRTS,cut_and_sew.ts,058,P,12,GREY,그레이,Gray,#808080,L
B221TS058P12XL,B221TS058P,B,BUCKAROO,22,1,SPRING,TS,C&S T-SHIRTS,cut_and_sew.ts,058,P,12,GREY,그레이,Gray,#808080,XL
B221TS058P12XXL,B221TS058P,B,BUCKAROO,22,1,SPRING,TS,C&S T-SHIRTS,cut_and_sew.ts,058,P,12,GREY,그레이,Gray,#808080,XXL
B221TS058P12F,B221TS058P,B,BUCKAROO,22,1,SPRING,TS,C&S T-SHIRTS,cut_and_sew.ts,058,P,12,GREY,그레이,Gray,#808080,F
B221TS059P31XS,B221TS059P,B,BUCKAROO,22,1,SPRING,TS,C&S T-SHIRTS,cut_and_sew.ts,059,P,31,PINK,핑크,Pink,#e84d8a,XS
B221TS059P31S,B221TS059P,B,BUCKAROO,22,1,SPRING,TS,C&S T-SHIRTS,cut_and_sew.ts,059,P,31,PINK,핑크,Pink,#e84d8a,S
B221TS059P31M,B221TS059P,B,BUCKAROO,22,1,SPRING,TS,C&S T-SHIRTS,cut_and_sew.ts,059,P,31,PINK,핑크,Pink,#e84d8a,M
B221TS059P31L,B221TS059P,B,BUCKAROO,22,1,SPRING,TS,C&S T-SHIRTS,cut_and_sew.ts,059,P,31,PINK,핑크,Pink,#e84d8a,L
B221TS059P31XL,B221TS059P,B,BUCKAROO,22,1,SPRING,TS,C&S T-SHIRTS,cut_and_sew.ts,059,P,31,PINK,핑크,Pink,#e84d8a,XL
B221TS059P31XXL,B221TS059P,B,BUCKAROO,22,1,SPRING,TS,C&S T-SHIRTS,cut_and_sew.ts,059,P,31,PINK,핑크,Pink,#e84d8a,XXL
B221TS059P31F,B221TS059P,B,BUCKAROO,22,1,SPRING,TS,C&S T-SHIRTS,cut_and_sew.ts,059,P,31,PINK,핑크,Pink,#e84d8a,F
B221TS060P51XS,B221TS060P,B,BUCKAROO,22,1,SPRING,TS,C&S T-SHIRTS,cut_and_sew.ts,060,P,51,GREEN,그린,Green,#3f7d3a,XS
B221TS060P51S,B221TS060P,B,BUCKAROO,22,1,SPRING,TS,C&S T-SHIRTS,cut_and_sew.ts,060,P,51,GREEN,그린,Green,#3f7d3a,S
B221TS060P51M,B221TS060P,B,BUCKAROO,22,1,SPRING,TS,C&S T-SHIRTS,cut_and_sew.ts,060,P,51,GREEN,그린,Green,#3f7d3a,M
B221TS060P51L,B221TS060P,B,BUCKAROO,22,1,SPRING,TS,C&S T-SHIRTS,cut_and_sew.ts,060,P,51,GREEN,그린,Green,#3f7d3a,L
B221TS060P51XL,B221TS060P,B,BUCKAROO,22,1,SPRING,TS,C&S T-SHIRTS,cut_and_sew.ts,060,P,51,GREEN,그린,Green,#3f7d3a,XL
B221TS060P51XXL,B221TS060P,B,BUCKAROO,22,1,SPRING,TS,C&S T-SHIRTS,cut_and_sew.ts,060,P,51,GREEN,그린,Green,#3f7d3a,XXL
B221TS060P51F,B221TS060P,B,BUCKAROO,22,1,SPRING,TS,C&S T-SHIRTS,cut_and_sew.ts,060,P,51,GREEN,그린,Green,#3f7d3a,F
B221TP061P0028,B221TP061P,B,BUCKAROO,22,1,SPRING,TP,C&S PANTS,cut_and_sew.tp,061,P,00,WHITE,화이트,White,#f5f5f5,28
B221TP061P0030,B221TP061P,B,BUCKAROO,22,1,SPRING,TP,C&S PANTS,cut_and_sew.tp,061,P,00,WHITE,화이트,White,#f5f5f5,30
B221TP061P0032,B221TP061P,B,BUCKAROO,22,1,SPRING,TP,C&S PANTS,cut_and_sew.tp,061,P,00,WHITE,화이트,White,#f5f5f5,32
B221TP061P0034,B221TP061P,B,BUCKAROO,22,1,SPRING,TP,C&S PANTS,cut_and_sew.tp,061,P,00,WHITE,화이트,White,#f5f5f5,34
B221TP061P0036,B221TP061P,B,BUCKAROO,22,1,SPRING,TP,C&S PANTS,cut_and_sew.tp,061,P,00,WHITE,화이트,White,#f5f5f5,36
B221TP061P00F,B221TP061P,B,BUCKAROO,22,1,SPRING,TP,C&S PANTS,cut_and_sew.tp,061,P,00,WHITE,화이트,White,#f5f5f5,F
B221TP062P0628,B221TP062P,B,BUCKAROO,22,1,SPRING,TP,C&S PANTS,cut_and_sew.tp,062,P,06,NAVY,네이비,Blue,#1f4e8c,28
B221TP062P0630,B221TP062P,B,BUCKAROO,22,1,SPRING,TP,C&S PANTS,cut_and_sew.tp,062,P,06,NAVY,네이비,Blue,#1f4e8c,30
B221TP062P0632,B221TP062P,B,BUCKAROO,22,1,SPRING,TP,C&S PANTS,cut_and_sew.tp,062,P,06,NAVY,네이비,Blue,#1f4e8c,32
B221TP062P0634,B221TP062P,B,BUCKAROO,22,1,SPRING,TP,C&S PANTS,cut_and_sew.tp,062,P,06,NAVY,네이비,Blue,#1f4e8c,34
B221TP062P0636,B221TP062P,B,BUCKAROO,22,1,SPRING,TP,C&S PANTS,cut_and_sew.tp,062,P,06,NAVY,네이비,Blue,#1f4e8c,36
B221TP062P06F,B221TP062P,B,BUCKAROO,22,1,SPRING,TP,C&S PANTS,cut_and_sew.tp,062,P,06,NAVY,네이비,Blue,#1f4e8c,F
B221TP063P1928,B221TP063P,B,BUCKAROO,22,1,SPRING,TP,C&S PANTS,cut_and_sew.tp,063,P,19,BLACK,블랙,Black,#1a1a1a,28
B221TP063P1930,B221TP063P,B,BUCKAROO,22,1,SPRING,TP,C&S PANTS,cut_and_sew.tp,063,P,19,BLACK,블랙,Black,#1a1a1a,30
B221TP063P1932,B221TP063P,B,BUCKAROO,22,1,SPRING,TP,C&S PANTS,cut_and_sew.tp,063,P,19,BLACK,블랙,Black,#1a1a1a,32
B221TP063P1934,B221TP063P,B,BUCKAROO,22,1,SPRING,TP,C&S PANTS,cut_and_sew.tp,063,P,19,BLACK,블랙,Black,#1a1a1a,34
B221TP063P1936,B221TP063P,B,BUCKAROO,22,1,SPRING,TP,C&S PANTS,cut_and_sew.tp,063,P,19,BLACK,블랙,Black,#1a1a1a,36
B221TP063P19F,B221TP063P,B,BUCKAROO,22,1,SPRING,TP,C&S PANTS,cut_and_sew.tp,063,P,19,BLACK,블랙,Black,#1a1a1a,F
B221TP064P1228,B221TP064P,B,BUCKAROO,22,1,SPRING,TP,C&S PANTS,cut_and_sew.tp,064,P,12,GREY,그레이,Gray,#808080,28
B221TP064P1230,B221TP064P,B,BUCKAROO,22,1,SPRING,TP,C&S PANTS,cut_and_sew.tp,064,P,12,GREY,그레이,Gray,#808080,30
B221TP064P1232,B221TP064P,B,BUCKAROO,22,1,SPRING,TP,C&S PANTS,cut_and_sew.tp,064,P,12,GREY,그레이,Gray,#808080,32
B221TP064P1234,B221TP064P,B,BUCKAROO,22,1,SPRING,TP,C&S PANTS,cut_and_sew.tp,064,P,12,GREY,그레이,Gray,#808080,34
B221TP064P1236,B221TP064P,B,BUCKAROO,22,1,SPRING,TP,C&S PANTS,cut_and_sew.tp,064,P,12,GREY,그레이,Gray,#808080,36
B221TP064P12F,B221TP064P,B,BUCKAROO,22,1,SPRING,TP,C&S PANTS,cut_and_sew.tp,064,P,12,GREY,그레이,Gray,#808080,F
B221TP065P3128,B221TP065P,B,BUCKAROO,22,1,SPRING,TP,C&S PANTS,cut_and_sew.tp,065,P,31,PINK,핑크,Pink,#e84d8a,28
B221TP065P3130,B221TP065P,B,BUCKAROO,22,1,SPRING,TP,C&S PANTS,cut_and_sew.tp,065,P,31,PINK,핑크,Pink,#e84d8a,30
B221TP065P3132,B221TP065P,B,BUCKAROO,22,1,SPRING,TP,C&S PANTS,cut_and_sew.tp,065,P,31,PINK,핑크,Pink,#e84d8a,32
B221TP065P3134,B221TP065P,B,BUCKAROO,22,1,SPRING,TP,C&S PANTS,cut_and_sew.tp,065,P,31,PINK,핑크,Pink,#e84d8a,34
B221TP065P3136,B221TP065P,B,BUCKAROO,22,1,SPRING,TP,C&S PANTS,cut_and_sew.tp,065,P,31,PINK,핑크,Pink,#e84d8a,36
B221TP065P31F,B221TP065P,B,BUCKAROO,22,1,SPRING,TP,C&S PANTS,cut_and_sew.tp,065,P,31,PINK,핑크,Pink,#e84d8a,F
B221TP066P5128,B221TP066P,B,BUCKAROO,22,1,SPRING,TP,C&S PANTS,cut_and_sew.tp,066,P,51,GREEN,그린,Green,#3f7d3a,28
B221TP066P5130,B221TP066P,B,BUCKAROO,22,1,SPRING,TP,C&S PANTS,cut_and_sew.tp,066,P,51,GREEN,그린,Green,#3f7d3a,30
B221TP066P5132,B221TP066P,B,BUCKAROO,22,1,SPRING,TP,C&S PANTS,cut_and_sew.tp,066,P,51,GREEN,그린,Green,#3f7d3a,32
B221TP066P5134,B221TP066P,B,BUCKAROO,22,1,SPRING,TP,C&S PANTS,cut_and_sew.tp,066,P,51,GREEN,그린,Green,#3f7d3a,34
B221TP066P5136,B221TP066P,B,BUCKAROO,22,1,SPRING,TP,C&S PANTS,cut_and_sew.tp,066,P,51,GREEN,그린,Green,#3f7d3a,36
B221TP066P51F,B221TP066P,B,BUCKAROO,22,1,SPRING,TP,C&S PANTS,cut_and_sew.tp,066,P,51,GREEN,그린,Green,#3f7d3a,F
B221AB067P00F,B221AB067P,B,BUCKAROO,22,1,SPRING,AB,ACCESSORY BAG,accessory.ab,067,P,00,WHITE,화이트,White,#f5f5f5,F
B221AB068P06F,B221AB068P,B,BUCKAROO,22,1,SPRING,AB,ACCESSORY BAG,accessory.ab,068,P,06,NAVY,네이비,Blue,#1f4e8c,F
B221AB069P19F,B221AB069P,B,BUCKAROO,22,1,SPRING,AB,ACCESSORY BAG,accessory.ab,069,P,19,BLACK,블랙,Black,#1a1a1a,F
B221AB070P12F,B221AB070P,B,BUCKAROO,22,1,SPRING,AB,ACCESSORY BAG,accessory.ab,070,P,12,GREY,그레이,Gray,#808080,F
B221AB071P31F,B221AB071P,B,BUCKAROO,22,1,SPRING,AB,ACCESSORY BAG,accessory.ab,071,P,31,PINK,핑크,Pink,#e84d8a,F
B221AB072P51F,B221AB072P,B,BUCKAROO,22,1,SPRING,AB,ACCESSORY BAG,accessory.ab,072,P,51,GREEN,그린,Green,#3f7d3a,F
B221AP073P00S,B221AP073P,B,BUCKAROO,22,1,SPRING,AP,ACCESSORY CAP,accessory.ap,073,P,00,WHITE,화이트,White,#f5f5f5,S
B221AP073P00M,B221AP073P,B,BUCKAROO,22,1,SPRING,AP,ACCESSORY CAP,accessory.ap,073,P,00,WHITE,화이트,White,#f5f5f5,M
B221AP073P00L,B221AP073P,B,BUCKAROO,22,1,SPRING,AP,ACCESSORY CAP,accessory.ap,073,P,00,WHITE,화이트,White,#f5f5f5,L
B221AP073P00F,B221AP073P,B,BUCKAROO,22,1,SPRING,AP,ACCESSORY CAP,accessory.ap,073,P,00,WHITE,화이트,White,#f5f5f5,F
B221AP074P06S,B221AP074P,B,BUCKAROO,22,1,SPRING,AP,ACCESSORY CAP,accessory.ap,074,P,06,NAVY,네이비,Blue,#1f4e8c,S
B221AP074P06M,B221AP074P,B,BUCKAROO,22,1,SPRING,AP,ACCESSORY CAP,accessory.ap,074,P,06,NAVY,네이비,Blue,#1f4e8c,M
B221AP074P06L,B221AP074P,B,BUCKAROO,22,1,SPRING,AP,ACCESSORY CAP,accessory.ap,074,P,06,NAVY,네이비,Blue,#1f4e8c,L
B221AP074P06F,B221AP074P,B,BUCKAROO,22,1,SPRING,AP,ACCESSORY CAP,accessory.ap,074,P,06,NAVY,네이비,Blue,#1f4e8c,F
B221AP075P19S,B221AP075P,B,BUCKAROO,22,1,SPRING,AP,ACCESSORY CAP,accessory.ap,075,P,19,BLACK,블랙,Black,#1a1a1a,S
B221AP075P19M,B221AP075P,B,BUCKAROO,22,1,SPRING,AP,ACCESSORY CAP,accessory.ap,075,P,19,BLACK,블랙,Black,#1a1a1a,M
B221AP075P19L,B221AP075P,B,BUCKAROO,22,1,SPRING,AP,ACCESSORY CAP,accessory.ap,075,P,19,BLACK,블랙,Black,#1a1a1a,L
B221AP075P19F,B221AP075P,B,BUCKAROO,22,1,SPRING,AP,ACCESSORY CAP,accessory.ap,075,P,19,BLACK,블랙,Black,#1a1a1a,F
B221AP076P12S,B221AP076P,B,BUCKAROO,22,1,SPRING,AP,ACCESSORY CAP,accessory.ap,076,P,12,GREY,그레이,Gray,#808080,S
B221AP076P12M,B221AP076P,B,BUCKAROO,22,1,SPRING,AP,ACCESSORY CAP,accessory.ap,076,P,12,GREY,그레이,Gray,#808080,M
B221AP076P12L,B221AP076P,B,BUCKAROO,22,1,SPRING,AP,ACCESSORY CAP,accessory.ap,076,P,12,GREY,그레이,Gray,#808080,L
B221AP076P12F,B221AP076P,B,BUCKAROO,22,1,SPRING,AP,ACCESSORY CAP,accessory.ap,076,P,12,GREY,그레이,Gray,#808080,F
B221AP077P31S,B221AP077P,B,BUCKAROO,22,1,SPRING,AP,ACCESSORY CAP,accessory.ap,077,P,31,PINK,핑크,Pink,#e84d8a,S
B221AP077P31M,B221AP077P,B,BUCKAROO,22,1,SPRING,AP,ACCESSORY CAP,accessory.ap,077,P,31,PINK,핑크,Pink,#e84d8a,M
B221AP077P31L,B221AP077P,B,BUCKAROO,22,1,SPRING,AP,ACCESSORY CAP,accessory.ap,077,P,31,PINK,핑크,Pink,#e84d8a,L
B221AP077P31F,B221AP077P,B,BUCKAROO,22,1,SPRING,AP,ACCESSORY CAP,accessory.ap,077,P,31,PINK,핑크,Pink,#e84d8a,F
B221AP078P51S,B221AP078P,B,BUCKAROO,22,1,SPRING,AP,ACCESSORY CAP,accessory.ap,078,P,51,GREEN,그린,Green,#3f7d3a,S
B221AP078P51M,B221AP078P,B,BUCKAROO,22,1,SPRING,AP,ACCESSORY CAP,accessory.ap,078,P,51,GREEN,그린,Green,#3f7d3a,M
B221AP078P51L,B221AP078P,B,BUCKAROO,22,1,SPRING,AP,ACCESSORY CAP,accessory.ap,078,P,51,GREEN,그린,Green,#3f7d3a,L
B221AP078P51F,B221AP078P,B,BUCKAROO,22,1,SPRING,AP,ACCESSORY CAP,accessory.ap,078,P,51,GREEN,그린,Green,#3f7d3a,F
B221AS079P00240,B221AS079P,B,BUCKAROO,22,1,SPRING,AS,ACCESSORY SHOES,accessory.as,079,P,00,WHITE,화이트,White,#f5f5f5,240
B221AS079P00250,B221AS079P,B,BUCKAROO,22,1,SPRING,AS,ACCESSORY SHOES,accessory.as,079,P,00,WHITE,화이트,White,#f5f5f5,250
B221AS079P00260,B221AS079P,B,BUCKAROO,22,1,SPRING,AS,ACCESSORY SHOES,accessory.as,079,P,00,WHITE,화이트,White,#f5f5f5,260
B221AS079P00270,B221AS079P,B,BUCKAROO,22,1,SPRING,AS,ACCESSORY SHOES,accessory.as,079,P,00,WHITE,화이트,White,#f5f5f5,270
B221AS079P00280,B221AS079P,B,BUCKAROO,22,1,SPRING,AS,ACCESSORY SHOES,accessory.as,079,P,00,WHITE,화이트,White,#f5f5f5,280
B221AS080P06240,B221AS080P,B,BUCKAROO,22,1,SPRING,AS,ACCESSORY SHOES,accessory.as,080,P,06,NAVY,네이비,Blue,#1f4e8c,240
B221AS080P06250,B221AS080P,B,BUCKAROO,22,1,SPRING,AS,ACCESSORY SHOES,accessory.as,080,P,06,NAVY,네이비,Blue,#1f4e8c,250
B221AS080P06260,B221AS080P,B,BUCKAROO,22,1,SPRING,AS,ACCESSORY SHOES,accessory.as,080,P,06,NAVY,네이비,Blue,#1f4e8c,260
B221AS080P06270,B221AS080P,B,BUCKAROO,22,1,SPRING,AS,ACCESSORY SHOES,accessory.as,080,P,06,NAVY,네이비,Blue,#1f4e8c,270
B221AS080P06280,B221AS080P,B,BUCKAROO,22,1,SPRING,AS,ACCESSORY SHOES,accessory.as,080,P,06,NAVY,네이비,Blue,#1f4e8c,280
B221AS081P19240,B221AS081P,B,BUCKAROO,22,1,SPRING,AS,ACCESSORY SHOES,accessory.as,081,P,19,BLACK,블랙,Black,#1a1a1a,240
B221AS081P19250,B221AS081P,B,BUCKAROO,22,1,SPRING,AS,ACCESSORY SHOES,accessory.as,081,P,19,BLACK,블랙,Black,#1a1a1a,250
B221AS081P19260,B221AS081P,B,BUCKAROO,22,1,SPRING,AS,ACCESSORY SHOES,accessory.as,081,P,19,BLACK,블랙,Black,#1a1a1a,260
B221AS081P19270,B221AS081P,B,BUCKAROO,22,1,SPRING,AS,ACCESSORY SHOES,accessory.as,081,P,19,BLACK,블랙,Black,#1a1a1a,270
B221AS081P19280,B221AS081P,B,BUCKAROO,22,1,SPRING,AS,ACCESSORY SHOES,accessory.as,081,P,19,BLACK,블랙,Black,#1a1a1a,280
B221AS082P12240,B221AS082P,B,BUCKAROO,22,1,SPRING,AS,ACCESSORY SHOES,accessory.as,082,P,12,GREY,그레이,Gray,#808080,240
B221AS082P12250,B221AS082P,B,BUCKAROO,22,1,SPRING,AS,ACCESSORY SHOES,accessory.as,082,P,12,GREY,그레이,Gray,#808080,250
B221AS082P12260,B221AS082P,B,BUCKAROO,22,1,SPRING,AS,ACCESSORY SHOES,accessory.as,082,P,12,GREY,그레이,Gray,#808080,260
B221AS082P12270,B221AS082P,B,BUCKAROO,22,1,SPRING,AS,ACCESSORY SHOES,accessory.as,082,P,12,GREY,그레이,Gray,#808080,270
B221AS082P12280,B221AS082P,B,BUCKAROO,22,1,SPRING,AS,ACCESSORY SHOES,accessory.as,082,P,12,GREY,그레이,Gray,#808080,280
B221AS083P31240,B221AS083P,B,BUCKAROO,22,1,SPRING,AS,ACCESSORY SHOES,accessory.as,083,P,31,PINK,핑크,Pink,#e84d8a,240
B221AS083P31250,B221AS083P,B,BUCKAROO,22,1,SPRING,AS,ACCESSORY SHOES,accessory.as,083,P,31,PINK,핑크,Pink,#e84d8a,250
B221AS083P31260,B221AS083P,B,BUCKAROO,22,1,SPRING,AS,ACCESSORY SHOES,accessory.as,083,P,31,PINK,핑크,Pink,#e84d8a,260
B221AS083P31270,B221AS083P,B,BUCKAROO,22,1,SPRING,AS,ACCESSORY SHOES,accessory.as,083,P,31,PINK,핑크,Pink,#e84d8a,270
B221AS083P31280,B221AS083P,B,BUCKAROO,22,1,SPRING,AS,ACCESSORY SHOES,accessory.as,083,P,31,PINK,핑크,Pink,#e84d8a,280
B221AS084P51240,B221AS084P,B,BUCKAROO,22,1,SPRING,AS,ACCESSORY SHOES,accessory.as,084,P,51,GREEN,그린,Green,#3f7d3a,240
B221AS084P51250,B221AS084P,B,BUCKAROO,22,1,SPRING,AS,ACCESSORY SHOES,accessory.as,084,P,51,GREEN,그린,Green,#3f7d3a,250
B221AS084P51260,B221AS084P,B,BUCKAROO,22,1,SPRING,AS,ACCESSORY SHOES,accessory.as,084,P,51,GREEN,그린,Green,#3f7d3a,260
B221AS084P51270,B221AS084P,B,BUCKAROO,22,1,SPRING,AS,ACCESSORY SHOES,accessory.as,084,P,51,GREEN,그린,Green,#3f7d3a,270
B221AS084P51280,B221AS084P,B,BUCKAROO,22,1,SPRING,AS,ACCESSORY SHOES,accessory.as,084,P,51,GREEN,그린,Green,#3f7d3a,280
B221LR085P00XS,B221LR085P,B,BUCKAROO,22,1,SPRING,LR,LEATHER REAL,leather.lr,085,P,00,WHITE,화이트,White,#f5f5f5,XS
B221LR085P00S,B221LR085P,B,BUCKAROO,22,1,SPRING,LR,LEATHER REAL,leather.lr,085,P,00,WHITE,화이트,White,#f5f5f5,S
B221LR085P00M,B221LR085P,B,BUCKAROO,22,1,SPRING,LR,LEATHER REAL,leather.lr,085,P,00,WHITE,화이트,White,#f5f5f5,M
B221LR085P00L,B221LR085P,B,BUCKAROO,22,1,SPRING,LR,LEATHER REAL,leather.lr,085,P,00,WHITE,화이트,White,#f5f5f5,L
B221LR085P00XL,B221LR085P,B,BUCKAROO,22,1,SPRING,LR,LEATHER REAL,leather.lr,085,P,00,WHITE,화이트,White,#f5f5f5,XL
B221LR085P00XXL,B221LR085P,B,BUCKAROO,22,1,SPRING,LR,LEATHER REAL,leather.lr,085,P,00,WHITE,화이트,White,#f5f5f5,XXL
B221LR085P00F,B221LR085P,B,BUCKAROO,22,1,SPRING,LR,LEATHER REAL,leather.lr,085,P,00,WHITE,화이트,White,#f5f5f5,F
B221LR086P06XS,B221LR086P,B,BUCKAROO,22,1,SPRING,LR,LEATHER REAL,leather.lr,086,P,06,NAVY,네이비,Blue,#1f4e8c,XS
B221LR086P06S,B221LR086P,B,BUCKAROO,22,1,SPRING,LR,LEATHER REAL,leather.lr,086,P,06,NAVY,네이비,Blue,#1f4e8c,S
B221LR086P06M,B221LR086P,B,BUCKAROO,22,1,SPRING,LR,LEATHER REAL,leather.lr,086,P,06,NAVY,네이비,Blue,#1f4e8c,M
B221LR086P06L,B221LR086P,B,BUCKAROO,22,1,SPRING,LR,LEATHER REAL,leather.lr,086,P,06,NAVY,네이비,Blue,#1f4e8c,L
B221LR086P06XL,B221LR086P,B,BUCKAROO,22,1,SPRING,LR,LEATHER REAL,leather.lr,086,P,06,NAVY,네이비,Blue,#1f4e8c,XL
B221LR086P06XXL,B221LR086P,B,BUCKAROO,22,1,SPRING,LR,LEATHER REAL,leather.lr,086,P,06,NAVY,네이비,Blue,#1f4e8c,XXL
B221LR086P06F,B221LR086P,B,BUCKAROO,22,1,SPRING,LR,LEATHER REAL,leather.lr,086,P,06,NAVY,네이비,Blue,#1f4e8c,F
B221LR087P19XS,B221LR087P,B,BUCKAROO,22,1,SPRING,LR,LEATHER REAL,leather.lr,087,P,19,BLACK,블랙,Black,#1a1a1a,XS
B221LR087P19S,B221LR087P,B,BUCKAROO,22,1,SPRING,LR,LEATHER REAL,leather.lr,087,P,19,BLACK,블랙,Black,#1a1a1a,S
B221LR087P19M,B221LR087P,B,BUCKAROO,22,1,SPRING,LR,LEATHER REAL,leather.lr,087,P,19,BLACK,블랙,Black,#1a1a1a,M
B221LR087P19L,B221LR087P,B,BUCKAROO,22,1,SPRING,LR,LEATHER REAL,leather.lr,087,P,19,BLACK,블랙,Black,#1a1a1a,L
B221LR087P19XL,B221LR087P,B,BUCKAROO,22,1,SPRING,LR,LEATHER REAL,leather.lr,087,P,19,BLACK,블랙,Black,#1a1a1a,XL
B221LR087P19XXL,B221LR087P,B,BUCKAROO,22,1,SPRING,LR,LEATHER REAL,leather.lr,087,P,19,BLACK,블랙,Black,#1a1a1a,XXL
B221LR087P19F,B221LR087P,B,BUCKAROO,22,1,SPRING,LR,LEATHER REAL,leather.lr,087,P,19,BLACK,블랙,Black,#1a1a1a,F
B221LR088P12XS,B221LR088P,B,BUCKAROO,22,1,SPRING,LR,LEATHER REAL,leather.lr,088,P,12,GREY,그레이,Gray,#808080,XS
B221LR088P12S,B221LR088P,B,BUCKAROO,22,1,SPRING,LR,LEATHER REAL,leather.lr,088,P,12,GREY,그레이,Gray,#808080,S
B221LR088P12M,B221LR088P,B,BUCKAROO,22,1,SPRING,LR,LEATHER REAL,leather.lr,088,P,12,GREY,그레이,Gray,#808080,M
B221LR088P12L,B221LR088P,B,BUCKAROO,22,1,SPRING,LR,LEATHER REAL,leather.lr,088,P,12,GREY,그레이,Gray,#808080,L
B221LR088P12XL,B221LR088P,B,BUCKAROO,22,1,SPRING,LR,LEATHER REAL,leather.lr,088,P,12,GREY,그레이,Gray,#808080,XL
B221LR088P12XXL,B221LR088P,B,BUCKAROO,22,1,SPRING,LR,LEATHER REAL,leather.lr,088,P,12,GREY,그레이,Gray,#808080,XXL
B221LR088P12F,B221LR088P,B,BUCKAROO,22,1,SPRING,LR,LEATHER REAL,leather.lr,088,P,12,GREY,그레이,Gray,#808080,F
B221LR089P31XS,B221LR089P,B,BUCKAROO,22,1,SPRING,LR,LEATHER REAL,leather.lr,089,P,31,PINK,핑크,Pink,#e84d8a,XS
B221LR089P31S,B221LR089P,B,BUCKAROO,22,1,SPRING,LR,LEATHER REAL,leather.lr,089,P,31,PINK,핑크,Pink,#e84d8a,S
B221LR089P31M,B221LR089P,B,BUCKAROO,22,1,SPRING,LR,LEATHER REAL,leather.lr,089,P,31,PINK,핑크,Pink,#e84d8a,M
B221LR089P31L,B221LR089P,B,BUCKAROO,22,1,SPRING,LR,LEATHER REAL,leather.lr,089,P,31,PINK,핑크,Pink,#e84d8a,L
B221LR089P31XL,B221LR089P,B,BUCKAROO,22,1,SPRING,LR,LEATHER REAL,leather.lr,089,P,31,PINK,핑크,Pink,#e84d8a,XL
B221LR089P31XXL,B221LR089P,B,BUCKAROO,22,1,SPRING,LR,LEATHER REAL,leather.lr,089,P,31,PINK,핑크,Pink,#e84d8a,XXL
B221LR089P31F,B221LR089P,B,BUCKAROO,22,1,SPRING,LR,LEATHER REAL,leather.lr,089,P,31,PINK,핑크,Pink,#e84d8a,F
B221LR090P51XS,B221LR090P,B,BUCKAROO,22,1,SPRING,LR,LEATHER REAL,leather.lr,090,P,51,GREEN,그린,Green,#3f7d3a,XS
B221LR090P51S,B221LR090P,B,BUCKAROO,22,1,SPRING,LR,LEATHER REAL,leather.lr,090,P,51,GREEN,그린,Green,#3f7d3a,S
B221LR090P51M,B221LR090P,B,BUCKAROO,22,1,SPRING,LR,LEATHER REAL,leather.lr,090,P,51,GREEN,그린,Green,#3f7d3a,M
B221LR090P51L,B221LR090P,B,BUCKAROO,22,1,SPRING,LR,LEATHER REAL,leather.lr,090,P,51,GREEN,그린,Green,#3f7d3a,L
B221LR090P51XL,B221LR090P,B,BUCKAROO,22,1,SPRING,LR,LEATHER REAL,leather.lr,090,P,51,GREEN,그린,Green,#3f7d3a,XL
B221LR090P51XXL,B221LR090P,B,BUCKAROO,22,1,SPRING,LR,LEATHER REAL,leather.lr,090,P,51,GREEN,그린,Green,#3f7d3a,XXL
B221LR090P51F,B221LR090P,B,BUCKAROO,22,1,SPRING,LR,LEATHER REAL,leather.lr,090,P,51,GREEN,그린,Green,#3f7d3a,F
N221DC001P00XS,N221DC001P,N,NBA,22,1,SPRING,DC,DENIM COAT,denim.dc,001,P,00,WHITE,화이트,White,#f5f5f5,XS
N221DC001P00S,N221DC001P,N,NBA,22,1,SPRING,DC,DENIM COAT,denim.dc,001,P,00,WHITE,화이트,White,#f5f5f5,S
N221DC001P00M,N221DC001P,N,NBA,22,1,SPRING,DC,DENIM COAT,denim.dc,001,P,00,WHITE,화이트,White,#f5f5f5,M
N221DC001P00L,N221DC001P,N,NBA,22,1,SPRING,DC,DENIM COAT,denim.dc,001,P,00,WHITE,화이트,White,#f5f5f5,L
N221DC001P00XL,N221DC001P,N,NBA,22,1,SPRING,DC,DENIM COAT,denim.dc,001,P,00,WHITE,화이트,White,#f5f5f5,XL
N221DC001P00XXL,N221DC001P,N,NBA,22,1,SPRING,DC,DENIM COAT,denim.dc,001,P,00,WHITE,화이트,White,#f5f5f5,XXL
N221DC001P003XL,N221DC001P,N,NBA,22,1,SPRING,DC,DENIM COAT,denim.dc,001,P,00,WHITE,화이트,White,#f5f5f5,3XL
N221DC001P00F,N221DC001P,N,NBA,22,1,SPRING,DC,DENIM COAT,denim.dc,001,P,00,WHITE,화이트,White,#f5f5f5,F
N221DC002P06XS,N221DC002P,N,NBA,22,1,SPRING,DC,DENIM COAT,denim.dc,002,P,06,NAVY,네이비,Blue,#1f4e8c,XS
N221DC002P06S,N221DC002P,N,NBA,22,1,SPRING,DC,DENIM COAT,denim.dc,002,P,06,NAVY,네이비,Blue,#1f4e8c,S
N221DC002P06M,N221DC002P,N,NBA,22,1,SPRING,DC,DENIM COAT,denim.dc,002,P,06,NAVY,네이비,Blue,#1f4e8c,M
N221DC002P06L,N221DC002P,N,NBA,22,1,SPRING,DC,DENIM COAT,denim.dc,002,P,06,NAVY,네이비,Blue,#1f4e8c,L
N221DC002P06XL,N221DC002P,N,NBA,22,1,SPRING,DC,DENIM COAT,denim.dc,002,P,06,NAVY,네이비,Blue,#1f4e8c,XL
N221DC002P06XXL,N221DC002P,N,NBA,22,1,SPRING,DC,DENIM COAT,denim.dc,002,P,06,NAVY,네이비,Blue,#1f4e8c,XXL
N221DC002P063XL,N221DC002P,N,NBA,22,1,SPRING,DC,DENIM COAT,denim.dc,002,P,06,NAVY,네이비,Blue,#1f4e8c,3XL
N221DC002P06F,N221DC002P,N,NBA,22,1,SPRING,DC,DENIM COAT,denim.dc,002,P,06,NAVY,네이비,Blue,#1f4e8c,F
N221DC003P19XS,N221DC003P,N,NBA,22,1,SPRING,DC,DENIM COAT,denim.dc,003,P,19,BLACK,블랙,Black,#1a1a1a,XS
N221DC003P19S,N221DC003P,N,NBA,22,1,SPRING,DC,DENIM COAT,denim.dc,003,P,19,BLACK,블랙,Black,#1a1a1a,S
N221DC003P19M,N221DC003P,N,NBA,22,1,SPRING,DC,DENIM COAT,denim.dc,003,P,19,BLACK,블랙,Black,#1a1a1a,M
N221DC003P19L,N221DC003P,N,NBA,22,1,SPRING,DC,DENIM COAT,denim.dc,003,P,19,BLACK,블랙,Black,#1a1a1a,L
N221DC003P19XL,N221DC003P,N,NBA,22,1,SPRING,DC,DENIM COAT,denim.dc,003,P,19,BLACK,블랙,Black,#1a1a1a,XL
N221DC003P19XXL,N221DC003P,N,NBA,22,1,SPRING,DC,DENIM COAT,denim.dc,003,P,19,BLACK,블랙,Black,#1a1a1a,XXL
N221DC003P193XL,N221DC003P,N,NBA,22,1,SPRING,DC,DENIM COAT,denim.dc,003,P,19,BLACK,블랙,Black,#1a1a1a,3XL
N221DC003P19F,N221DC003P,N,NBA,22,1,SPRING,DC,DENIM COAT,denim.dc,003,P,19,BLACK,블랙,Black,#1a1a1a,F
N221DC004P12XS,N221DC004P,N,NBA,22,1,SPRING,DC,DENIM COAT,denim.dc,004,P,12,GREY,그레이,Gray,#808080,XS
N221DC004P12S,N221DC004P,N,NBA,22,1,SPRING,DC,DENIM COAT,denim.dc,004,P,12,GREY,그레이,Gray,#808080,S
N221DC004P12M,N221DC004P,N,NBA,22,1,SPRING,DC,DENIM COAT,denim.dc,004,P,12,GREY,그레이,Gray,#808080,M
N221DC004P12L,N221DC004P,N,NBA,22,1,SPRING,DC,DENIM COAT,denim.dc,004,P,12,GREY,그레이,Gray,#808080,L
N221DC004P12XL,N221DC004P,N,NBA,22,1,SPRING,DC,DENIM COAT,denim.dc,004,P,12,GREY,그레이,Gray,#808080,XL
N221DC004P12XXL,N221DC004P,N,NBA,22,1,SPRING,DC,DENIM COAT,denim.dc,004,P,12,GREY,그레이,Gray,#808080,XXL
N221DC004P123XL,N221DC004P,N,NBA,22,1,SPRING,DC,DENIM COAT,denim.dc,004,P,12,GREY,그레이,Gray,#808080,3XL
N221DC004P12F,N221DC004P,N,NBA,22,1,SPRING,DC,DENIM COAT,denim.dc,004,P,12,GREY,그레이,Gray,#808080,F
N221DC005P31XS,N221DC005P,N,NBA,22,1,SPRING,DC,DENIM COAT,denim.dc,005,P,31,PINK,핑크,Pink,#e84d8a,XS
N221DC005P31S,N221DC005P,N,NBA,22,1,SPRING,DC,DENIM COAT,denim.dc,005,P,31,PINK,핑크,Pink,#e84d8a,S
N221DC005P31M,N221DC005P,N,NBA,22,1,SPRING,DC,DENIM COAT,denim.dc,005,P,31,PINK,핑크,Pink,#e84d8a,M
N221DC005P31L,N221DC005P,N,NBA,22,1,SPRING,DC,DENIM COAT,denim.dc,005,P,31,PINK,핑크,Pink,#e84d8a,L
N221DC005P31XL,N221DC005P,N,NBA,22,1,SPRING,DC,DENIM COAT,denim.dc,005,P,31,PINK,핑크,Pink,#e84d8a,XL
N221DC005P31XXL,N221DC005P,N,NBA,22,1,SPRING,DC,DENIM COAT,denim.dc,005,P,31,PINK,핑크,Pink,#e84d8a,XXL
N221DC005P313XL,N221DC005P,N,NBA,22,1,SPRING,DC,DENIM COAT,denim.dc,005,P,31,PINK,핑크,Pink,#e84d8a,3XL
N221DC005P31F,N221DC005P,N,NBA,22,1,SPRING,DC,DENIM COAT,denim.dc,005,P,31,PINK,핑크,Pink,#e84d8a,F
N221DC006P51XS,N221DC006P,N,NBA,22,1,SPRING,DC,DENIM COAT,denim.dc,006,P,51,GREEN,그린,Green,#3f7d3a,XS
N221DC006P51S,N221DC006P,N,NBA,22,1,SPRING,DC,DENIM COAT,denim.dc,006,P,51,GREEN,그린,Green,#3f7d3a,S
N221DC006P51M,N221DC006P,N,NBA,22,1,SPRING,DC,DENIM COAT,denim.dc,006,P,51,GREEN,그린,Green,#3f7d3a,M
N221DC006P51L,N221DC006P,N,NBA,22,1,SPRING,DC,DENIM COAT,denim.dc,006,P,51,GREEN,그린,Green,#3f7d3a,L
N221DC006P51XL,N221DC006P,N,NBA,22,1,SPRING,DC,DENIM COAT,denim.dc,006,P,51,GREEN,그린,Green,#3f7d3a,XL
N221DC006P51XXL,N221DC006P,N,NBA,22,1,SPRING,DC,DENIM COAT,denim.dc,006,P,51,GREEN,그린,Green,#3f7d3a,XXL
N221DC006P513XL,N221DC006P,N,NBA,22,1,SPRING,DC,DENIM COAT,denim.dc,006,P,51,GREEN,그린,Green,#3f7d3a,3XL
N221DC006P51F,N221DC006P,N,NBA,22,1,SPRING,DC,DENIM COAT,denim.dc,006,P,51,GREEN,그린,Green,#3f7d3a,F
N221DJ007P00XS,N221DJ007P,N,NBA,22,1,SPRING,DJ,DENIM JACKET,denim.dj,007,P,00,WHITE,화이트,White,#f5f5f5,XS
N221DJ007P00S,N221DJ007P,N,NBA,22,1,SPRING,DJ,DENIM JACKET,denim.dj,007,P,00,WHITE,화이트,White,#f5f5f5,S
N221DJ007P00M,N221DJ007P,N,NBA,22,1,SPRING,DJ,DENIM JACKET,denim.dj,007,P,00,WHITE,화이트,White,#f5f5f5,M
N221DJ007P00L,N221DJ007P,N,NBA,22,1,SPRING,DJ,DENIM JACKET,denim.dj,007,P,00,WHITE,화이트,White,#f5f5f5,L
N221DJ007P00XL,N221DJ007P,N,NBA,22,1,SPRING,DJ,DENIM JACKET,denim.dj,007,P,00,WHITE,화이트,White,#f5f5f5,XL
N221DJ007P00XXL,N221DJ007P,N,NBA,22,1,SPRING,DJ,DENIM JACKET,denim.dj,007,P,00,WHITE,화이트,White,#f5f5f5,XXL
N221DJ007P003XL,N221DJ007P,N,NBA,22,1,SPRING,DJ,DENIM JACKET,denim.dj,007,P,00,WHITE,화이트,White,#f5f5f5,3XL
N221DJ007P00F,N221DJ007P,N,NBA,22,1,SPRING,DJ,DENIM JACKET,denim.dj,007,P,00,WHITE,화이트,White,#f5f5f5,F
N221DJ008P06XS,N221DJ008P,N,NBA,22,1,SPRING,DJ,DENIM JACKET,denim.dj,008,P,06,NAVY,네이비,Blue,#1f4e8c,XS
N221DJ008P06S,N221DJ008P,N,NBA,22,1,SPRING,DJ,DENIM JACKET,denim.dj,008,P,06,NAVY,네이비,Blue,#1f4e8c,S
N221DJ008P06M,N221DJ008P,N,NBA,22,1,SPRING,DJ,DENIM JACKET,denim.dj,008,P,06,NAVY,네이비,Blue,#1f4e8c,M
N221DJ008P06L,N221DJ008P,N,NBA,22,1,SPRING,DJ,DENIM JACKET,denim.dj,008,P,06,NAVY,네이비,Blue,#1f4e8c,L
N221DJ008P06XL,N221DJ008P,N,NBA,22,1,SPRING,DJ,DENIM JACKET,denim.dj,008,P,06,NAVY,네이비,Blue,#1f4e8c,XL
N221DJ008P06XXL,N221DJ008P,N,NBA,22,1,SPRING,DJ,DENIM JACKET,denim.dj,008,P,06,NAVY,네이비,Blue,#1f4e8c,XXL
N221DJ008P063XL,N221DJ008P,N,NBA,22,1,SPRING,DJ,DENIM JACKET,denim.dj,008,P,06,NAVY,네이비,Blue,#1f4e8c,3XL
N221DJ008P06F,N221DJ008P,N,NBA,22,1,SPRING,DJ,DENIM JACKET,denim.dj,008,P,06,NAVY,네이비,Blue,#1f4e8c,F
N221DJ009P19XS,N221DJ009P,N,NBA,22,1,SPRING,DJ,DENIM JACKET,denim.dj,009,P,19,BLACK,블랙,Black,#1a1a1a,XS
N221DJ009P19S,N221DJ009P,N,NBA,22,1,SPRING,DJ,DENIM JACKET,denim.dj,009,P,19,BLACK,블랙,Black,#1a1a1a,S
N221DJ009P19M,N221DJ009P,N,NBA,22,1,SPRING,DJ,DENIM JACKET,denim.dj,009,P,19,BLACK,블랙,Black,#1a1a1a,M
N221DJ009P19L,N221DJ009P,N,NBA,22,1,SPRING,DJ,DENIM JACKET,denim.dj,009,P,19,BLACK,블랙,Black,#1a1a1a,L
N221DJ009P19XL,N221DJ009P,N,NBA,22,1,SPRING,DJ,DENIM JACKET,denim.dj,009,P,19,BLACK,블랙,Black,#1a1a1a,XL
N221DJ009P19XXL,N221DJ009P,N,NBA,22,1,SPRING,DJ,DENIM JACKET,denim.dj,009,P,19,BLACK,블랙,Black,#1a1a1a,XXL
N221DJ009P193XL,N221DJ009P,N,NBA,22,1,SPRING,DJ,DENIM JACKET,denim.dj,009,P,19,BLACK,블랙,Black,#1a1a1a,3XL
N221DJ009P19F,N221DJ009P,N,NBA,22,1,SPRING,DJ,DENIM JACKET,denim.dj,009,P,19,BLACK,블랙,Black,#1a1a1a,F
N221DJ010P12XS,N221DJ010P,N,NBA,22,1,SPRING,DJ,DENIM JACKET,denim.dj,010,P,12,GREY,그레이,Gray,#808080,XS
N221DJ010P12S,N221DJ010P,N,NBA,22,1,SPRING,DJ,DENIM JACKET,denim.dj,010,P,12,GREY,그레이,Gray,#808080,S
N221DJ010P12M,N221DJ010P,N,NBA,22,1,SPRING,DJ,DENIM JACKET,denim.dj,010,P,12,GREY,그레이,Gray,#808080,M
N221DJ010P12L,N221DJ010P,N,NBA,22,1,SPRING,DJ,DENIM JACKET,denim.dj,010,P,12,GREY,그레이,Gray,#808080,L
N221DJ010P12XL,N221DJ010P,N,NBA,22,1,SPRING,DJ,DENIM JACKET,denim.dj,010,P,12,GREY,그레이,Gray,#808080,XL
N221DJ010P12XXL,N221DJ010P,N,NBA,22,1,SPRING,DJ,DENIM JACKET,denim.dj,010,P,12,GREY,그레이,Gray,#808080,XXL
N221DJ010P123XL,N221DJ010P,N,NBA,22,1,SPRING,DJ,DENIM JACKET,denim.dj,010,P,12,GREY,그레이,Gray,#808080,3XL
N221DJ010P12F,N221DJ010P,N,NBA,22,1,SPRING,DJ,DENIM JACKET,denim.dj,010,P,12,GREY,그레이,Gray,#808080,F
N221DJ011P31XS,N221DJ011P,N,NBA,22,1,SPRING,DJ,DENIM JACKET,denim.dj,011,P,31,PINK,핑크,Pink,#e84d8a,XS
N221DJ011P31S,N221DJ011P,N,NBA,22,1,SPRING,DJ,DENIM JACKET,denim.dj,011,P,31,PINK,핑크,Pink,#e84d8a,S
N221DJ011P31M,N221DJ011P,N,NBA,22,1,SPRING,DJ,DENIM JACKET,denim.dj,011,P,31,PINK,핑크,Pink,#e84d8a,M
N221DJ011P31L,N221DJ011P,N,NBA,22,1,SPRING,DJ,DENIM JACKET,denim.dj,011,P,31,PINK,핑크,Pink,#e84d8a,L
N221DJ011P31XL,N221DJ011P,N,NBA,22,1,SPRING,DJ,DENIM JACKET,denim.dj,011,P,31,PINK,핑크,Pink,#e84d8a,XL
N221DJ011P31XXL,N221DJ011P,N,NBA,22,1,SPRING,DJ,DENIM JACKET,denim.dj,011,P,31,PINK,핑크,Pink,#e84d8a,XXL
N221DJ011P313XL,N221DJ011P,N,NBA,22,1,SPRING,DJ,DENIM JACKET,denim.dj,011,P,31,PINK,핑크,Pink,#e84d8a,3XL
N221DJ011P31F,N221DJ011P,N,NBA,22,1,SPRING,DJ,DENIM JACKET,denim.dj,011,P,31,PINK,핑크,Pink,#e84d8a,F
N221DJ012P51XS,N221DJ012P,N,NBA,22,1,SPRING,DJ,DENIM JACKET,denim.dj,012,P,51,GREEN,그린,Green,#3f7d3a,XS
N221DJ012P51S,N221DJ012P,N,NBA,22,1,SPRING,DJ,DENIM JACKET,denim.dj,012,P,51,GREEN,그린,Green,#3f7d3a,S
N221DJ012P51M,N221DJ012P,N,NBA,22,1,SPRING,DJ,DENIM JACKET,denim.dj,012,P,51,GREEN,그린,Green,#3f7d3a,M
N221DJ012P51L,N221DJ012P,N,NBA,22,1,SPRING,DJ,DENIM JACKET,denim.dj,012,P,51,GREEN,그린,Green,#3f7d3a,L
N221DJ012P51XL,N221DJ012P,N,NBA,22,1,SPRING,DJ,DENIM JACKET,denim.dj,012,P,51,GREEN,그린,Green,#3f7d3a,XL
N221DJ012P51XXL,N221DJ012P,N,NBA,22,1,SPRING,DJ,DENIM JACKET,denim.dj,012,P,51,GREEN,그린,Green,#3f7d3a,XXL
N221DJ012P513XL,N221DJ012P,N,NBA,22,1,SPRING,DJ,DENIM JACKET,denim.dj,012,P,51,GREEN,그린,Green,#3f7d3a,3XL
N221DJ012P51F,N221DJ012P,N,NBA,22,1,SPRING,DJ,DENIM JACKET,denim.dj,012,P,51,GREEN,그린,Green,#3f7d3a,F
N221DP013P0071,N221DP013P,N,NBA,22,1,SPRING,DP,DENIM PANTS,denim.dp,013,P,00,WHITE,화이트,White,#f5f5f5,71
N221DP013P0076,N221DP013P,N,NBA,22,1,SPRING,DP,DENIM PANTS,denim.dp,013,P,00,WHITE,화이트,White,#f5f5f5,76
N221DP013P0081,N221DP013P,N,NBA,22,1,SPRING,DP,DENIM PANTS,denim.dp,013,P,00,WHITE,화이트,White,#f5f5f5,81
N221DP013P0086,N221DP013P,N,NBA,22,1,SPRING,DP,DENIM PANTS,denim.dp,013,P,00,WHITE,화이트,White,#f5f5f5,86
N221DP013P0091,N221DP013P,N,NBA,22,1,SPRING,DP,DENIM PANTS,denim.dp,013,P,00,WHITE,화이트,White,#f5f5f5,91
N221DP013P00F,N221DP013P,N,NBA,22,1,SPRING,DP,DENIM PANTS,denim.dp,013,P,00,WHITE,화이트,White,#f5f5f5,F
N221DP014P0671,N221DP014P,N,NBA,22,1,SPRING,DP,DENIM PANTS,denim.dp,014,P,06,NAVY,네이비,Blue,#1f4e8c,71
N221DP014P0676,N221DP014P,N,NBA,22,1,SPRING,DP,DENIM PANTS,denim.dp,014,P,06,NAVY,네이비,Blue,#1f4e8c,76
N221DP014P0681,N221DP014P,N,NBA,22,1,SPRING,DP,DENIM PANTS,denim.dp,014,P,06,NAVY,네이비,Blue,#1f4e8c,81
N221DP014P0686,N221DP014P,N,NBA,22,1,SPRING,DP,DENIM PANTS,denim.dp,014,P,06,NAVY,네이비,Blue,#1f4e8c,86
N221DP014P0691,N221DP014P,N,NBA,22,1,SPRING,DP,DENIM PANTS,denim.dp,014,P,06,NAVY,네이비,Blue,#1f4e8c,91
N221DP014P06F,N221DP014P,N,NBA,22,1,SPRING,DP,DENIM PANTS,denim.dp,014,P,06,NAVY,네이비,Blue,#1f4e8c,F
N221DP015P1971,N221DP015P,N,NBA,22,1,SPRING,DP,DENIM PANTS,denim.dp,015,P,19,BLACK,블랙,Black,#1a1a1a,71
N221DP015P1976,N221DP015P,N,NBA,22,1,SPRING,DP,DENIM PANTS,denim.dp,015,P,19,BLACK,블랙,Black,#1a1a1a,76
N221DP015P1981,N221DP015P,N,NBA,22,1,SPRING,DP,DENIM PANTS,denim.dp,015,P,19,BLACK,블랙,Black,#1a1a1a,81
N221DP015P1986,N221DP015P,N,NBA,22,1,SPRING,DP,DENIM PANTS,denim.dp,015,P,19,BLACK,블랙,Black,#1a1a1a,86
N221DP015P1991,N221DP015P,N,NBA,22,1,SPRING,DP,DENIM PANTS,denim.dp,015,P,19,BLACK,블랙,Black,#1a1a1a,91
N221DP015P19F,N221DP015P,N,NBA,22,1,SPRING,DP,DENIM PANTS,denim.dp,015,P,19,BLACK,블랙,Black,#1a1a1a,F
N221DP016P1271,N221DP016P,N,NBA,22,1,SPRING,DP,DENIM PANTS,denim.dp,016,P,12,GREY,그레이,Gray,#808080,71
N221DP016P1276,N221DP016P,N,NBA,22,1,SPRING,DP,DENIM PANTS,denim.dp,016,P,12,GREY,그레이,Gray,#808080,76
N221DP016P1281,N221DP016P,N,NBA,22,1,SPRING,DP,DENIM PANTS,denim.dp,016,P,12,GREY,그레이,Gray,#808080,81
N221DP016P1286,N221DP016P,N,NBA,22,1,SPRING,DP,DENIM PANTS,denim.dp,016,P,12,GREY,그레이,Gray,#808080,86
N221DP016P1291,N221DP016P,N,NBA,22,1,SPRING,DP,DENIM PANTS,denim.dp,016,P,12,GREY,그레이,Gray,#808080,91
N221DP016P12F,N221DP016P,N,NBA,22,1,SPRING,DP,DENIM PANTS,denim.dp,016,P,12,GREY,그레이,Gray,#808080,F
N221DP017P3171,N221DP017P,N,NBA,22,1,SPRING,DP,DENIM PANTS,denim.dp,017,P,31,PINK,핑크,Pink,#e84d8a,71
N221DP017P3176,N221DP017P,N,NBA,22,1,SPRING,DP,DENIM PANTS,denim.dp,017,P,31,PINK,핑크,Pink,#e84d8a,76
N221DP017P3181,N221DP017P,N,NBA,22,1,SPRING,DP,DENIM PANTS,denim.dp,017,P,31,PINK,핑크,Pink,#e84d8a,81
N221DP017P3186,N221DP017P,N,NBA,22,1,SPRING,DP,DENIM PANTS,denim.dp,017,P,31,PINK,핑크,Pink,#e84d8a,86
N221DP017P3191,N221DP017P,N,NBA,22,1,SPRING,DP,DENIM PANTS,denim.dp,017,P,31,PINK,핑크,Pink,#e84d8a,91
N221DP017P31F,N221DP017P,N,NBA,22,1,SPRING,DP,DENIM PANTS,denim.dp,017,P,31,PINK,핑크,Pink,#e84d8a,F
N221DP018P5171,N221DP018P,N,NBA,22,1,SPRING,DP,DENIM PANTS,denim.dp,018,P,51,GREEN,그린,Green,#3f7d3a,71
N221DP018P5176,N221DP018P,N,NBA,22,1,SPRING,DP,DENIM PANTS,denim.dp,018,P,51,GREEN,그린,Green,#3f7d3a,76
N221DP018P5181,N221DP018P,N,NBA,22,1,SPRING,DP,DENIM PANTS,denim.dp,018,P,51,GREEN,그린,Green,#3f7d3a,81
N221DP018P5186,N221DP018P,N,NBA,22,1,SPRING,DP,DENIM PANTS,denim.dp,018,P,51,GREEN,그린,Green,#3f7d3a,86
N221DP018P5191,N221DP018P,N,NBA,22,1,SPRING,DP,DENIM PANTS,denim.dp,018,P,51,GREEN,그린,Green,#3f7d3a,91
N221DP018P51F,N221DP018P,N,NBA,22,1,SPRING,DP,DENIM PANTS,denim.dp,018,P,51,GREEN,그린,Green,#3f7d3a,F
N221JK019P00XS,N221JK019P,N,NBA,22,1,SPRING,JK,WOVEN JACKET,woven.jk,019,P,00,WHITE,화이트,White,#f5f5f5,XS
N221JK019P00S,N221JK019P,N,NBA,22,1,SPRING,JK,WOVEN JACKET,woven.jk,019,P,00,WHITE,화이트,White,#f5f5f5,S
N221JK019P00M,N221JK019P,N,NBA,22,1,SPRING,JK,WOVEN JACKET,woven.jk,019,P,00,WHITE,화이트,White,#f5f5f5,M
N221JK019P00L,N221JK019P,N,NBA,22,1,SPRING,JK,WOVEN JACKET,woven.jk,019,P,00,WHITE,화이트,White,#f5f5f5,L
N221JK019P00XL,N221JK019P,N,NBA,22,1,SPRING,JK,WOVEN JACKET,woven.jk,019,P,00,WHITE,화이트,White,#f5f5f5,XL
N221JK019P00XXL,N221JK019P,N,NBA,22,1,SPRING,JK,WOVEN JACKET,woven.jk,019,P,00,WHITE,화이트,White,#f5f5f5,XXL
N221JK019P003XL,N221JK019P,N,NBA,22,1,SPRING,JK,WOVEN JACKET,woven.jk,019,P,00,WHITE,화이트,White,#f5f5f5,3XL
N221JK019P00F,N221JK019P,N,NBA,22,1,SPRING,JK,WOVEN JACKET,woven.jk,019,P,00,WHITE,화이트,White,#f5f5f5,F
N221JK020P06XS,N221JK020P,N,NBA,22,1,SPRING,JK,WOVEN JACKET,woven.jk,020,P,06,NAVY,네이비,Blue,#1f4e8c,XS
N221JK020P06S,N221JK020P,N,NBA,22,1,SPRING,JK,WOVEN JACKET,woven.jk,020,P,06,NAVY,네이비,Blue,#1f4e8c,S
N221JK020P06M,N221JK020P,N,NBA,22,1,SPRING,JK,WOVEN JACKET,woven.jk,020,P,06,NAVY,네이비,Blue,#1f4e8c,M
N221JK020P06L,N221JK020P,N,NBA,22,1,SPRING,JK,WOVEN JACKET,woven.jk,020,P,06,NAVY,네이비,Blue,#1f4e8c,L
N221JK020P06XL,N221JK020P,N,NBA,22,1,SPRING,JK,WOVEN JACKET,woven.jk,020,P,06,NAVY,네이비,Blue,#1f4e8c,XL
N221JK020P06XXL,N221JK020P,N,NBA,22,1,SPRING,JK,WOVEN JACKET,woven.jk,020,P,06,NAVY,네이비,Blue,#1f4e8c,XXL
N221JK020P063XL,N221JK020P,N,NBA,22,1,SPRING,JK,WOVEN JACKET,woven.jk,020,P,06,NAVY,네이비,Blue,#1f4e8c,3XL
N221JK020P06F,N221JK020P,N,NBA,22,1,SPRING,JK,WOVEN JACKET,woven.jk,020,P,06,NAVY,네이비,Blue,#1f4e8c,F
N221JK021P19XS,N221JK021P,N,NBA,22,1,SPRING,JK,WOVEN JACKET,woven.jk,021,P,19,BLACK,블랙,Black,#1a1a1a,XS
N221JK021P19S,N221JK021P,N,NBA,22,1,SPRING,JK,WOVEN JACKET,woven.jk,021,P,19,BLACK,블랙,Black,#1a1a1a,S
N221JK021P19M,N221JK021P,N,NBA,22,1,SPRING,JK,WOVEN JACKET,woven.jk,021,P,19,BLACK,블랙,Black,#1a1a1a,M
N221JK021P19L,N221JK021P,N,NBA,22,1,SPRING,JK,WOVEN JACKET,woven.jk,021,P,19,BLACK,블랙,Black,#1a1a1a,L
N221JK021P19XL,N221JK021P,N,NBA,22,1,SPRING,JK,WOVEN JACKET,woven.jk,021,P,19,BLACK,블랙,Black,#1a1a1a,XL
N221JK021P19XXL,N221JK021P,N,NBA,22,1,SPRING,JK,WOVEN JACKET,woven.jk,021,P,19,BLACK,블랙,Black,#1a1a1a,XXL
N221JK021P193XL,N221JK021P,N,NBA,22,1,SPRING,JK,WOVEN JACKET,woven.jk,021,P,19,BLACK,블랙,Black,#1a1a1a,3XL
N221JK021P19F,N221JK021P,N,NBA,22,1,SPRING,JK,WOVEN JACKET,woven.jk,021,P,19,BLACK,블랙,Black,#1a1a1a,F
N221JK022P12XS,N221JK022P,N,NBA,22,1,SPRING,JK,WOVEN JACKET,woven.jk,022,P,12,GREY,그레이,Gray,#808080,XS
N221JK022P12S,N221JK022P,N,NBA,22,1,SPRING,JK,WOVEN JACKET,woven.jk,022,P,12,GREY,그레이,Gray,#808080,S
N221JK022P12M,N221JK022P,N,NBA,22,1,SPRING,JK,WOVEN JACKET,woven.jk,022,P,12,GREY,그레이,Gray,#808080,M
N221JK022P12L,N221JK022P,N,NBA,22,1,SPRING,JK,WOVEN JACKET,woven.jk,022,P,12,GREY,그레이,Gray,#808080,L
N221JK022P12XL,N221JK022P,N,NBA,22,1,SPRING,JK,WOVEN JACKET,woven.jk,022,P,12,GREY,그레이,Gray,#808080,XL
N221JK022P12XXL,N221JK022P,N,NBA,22,1,SPRING,JK,WOVEN JACKET,woven.jk,022,P,12,GREY,그레이,Gray,#808080,XXL
N221JK022P123XL,N221JK022P,N,NBA,22,1,SPRING,JK,WOVEN JACKET,woven.jk,022,P,12,GREY,그레이,Gray,#808080,3XL
N221JK022P12F,N221JK022P,N,NBA,22,1,SPRING,JK,WOVEN JACKET,woven.jk,022,P,12,GREY,그레이,Gray,#808080,F
N221JK023P31XS,N221JK023P,N,NBA,22,1,SPRING,JK,WOVEN JACKET,woven.jk,023,P,31,PINK,핑크,Pink,#e84d8a,XS
N221JK023P31S,N221JK023P,N,NBA,22,1,SPRING,JK,WOVEN JACKET,woven.jk,023,P,31,PINK,핑크,Pink,#e84d8a,S
N221JK023P31M,N221JK023P,N,NBA,22,1,SPRING,JK,WOVEN JACKET,woven.jk,023,P,31,PINK,핑크,Pink,#e84d8a,M
N221JK023P31L,N221JK023P,N,NBA,22,1,SPRING,JK,WOVEN JACKET,woven.jk,023,P,31,PINK,핑크,Pink,#e84d8a,L
N221JK023P31XL,N221JK023P,N,NBA,22,1,SPRING,JK,WOVEN JACKET,woven.jk,023,P,31,PINK,핑크,Pink,#e84d8a,XL
N221JK023P31XXL,N221JK023P,N,NBA,22,1,SPRING,JK,WOVEN JACKET,woven.jk,023,P,31,PINK,핑크,Pink,#e84d8a,XXL
N221JK023P313XL,N221JK023P,N,NBA,22,1,SPRING,JK,WOVEN JACKET,woven.jk,023,P,31,PINK,핑크,Pink,#e84d8a,3XL
N221JK023P31F,N221JK023P,N,NBA,22,1,SPRING,JK,WOVEN JACKET,woven.jk,023,P,31,PINK,핑크,Pink,#e84d8a,F
N221JK024P51XS,N221JK024P,N,NBA,22,1,SPRING,JK,WOVEN JACKET,woven.jk,024,P,51,GREEN,그린,Green,#3f7d3a,XS
N221JK024P51S,N221JK024P,N,NBA,22,1,SPRING,JK,WOVEN JACKET,woven.jk,024,P,51,GREEN,그린,Green,#3f7d3a,S
N221JK024P51M,N221JK024P,N,NBA,22,1,SPRING,JK,WOVEN JACKET,woven.jk,024,P,51,GREEN,그린,Green,#3f7d3a,M
N221JK024P51L,N221JK024P,N,NBA,22,1,SPRING,JK,WOVEN JACKET,woven.jk,024,P,51,GREEN,그린,Green,#3f7d3a,L
N221JK024P51XL,N221JK024P,N,NBA,22,1,SPRING,JK,WOVEN JACKET,woven.jk,024,P,51,GREEN,그린,Green,#3f7d3a,XL
N221JK024P51XXL,N221JK024P,N,NBA,22,1,SPRING,JK,WOVEN JACKET,woven.jk,024,P,51,GREEN,그린,Green,#3f7d3a,XXL
N221JK024P513XL,N221JK024P,N,NBA,22,1,SPRING,JK,WOVEN JACKET,woven.jk,024,P,51,GREEN,그린,Green,#3f7d3a,3XL
N221JK024P51F,N221JK024P,N,NBA,22,1,SPRING,JK,WOVEN JACKET,woven.jk,024,P,51,GREEN,그린,Green,#3f7d3a,F
N221SH025P00XS,N221SH025P,N,NBA,22,1,SPRING,SH,WOVEN SHIRT,woven.sh,025,P,00,WHITE,화이트,White,#f5f5f5,XS
N221SH025P00S,N221SH025P,N,NBA,22,1,SPRING,SH,WOVEN SHIRT,woven.sh,025,P,00,WHITE,화이트,White,#f5f5f5,S
N221SH025P00M,N221SH025P,N,NBA,22,1,SPRING,SH,WOVEN SHIRT,woven.sh,025,P,00,WHITE,화이트,White,#f5f5f5,M
N221SH025P00L,N221SH025P,N,NBA,22,1,SPRING,SH,WOVEN SHIRT,woven.sh,025,P,00,WHITE,화이트,White,#f5f5f5,L
N221SH025P00XL,N221SH025P,N,NBA,22,1,SPRING,SH,WOVEN SHIRT,woven.sh,025,P,00,WHITE,화이트,White,#f5f5f5,XL
N221SH025P00XXL,N221SH025P,N,NBA,22,1,SPRING,SH,WOVEN SHIRT,woven.sh,025,P,00,WHITE,화이트,White,#f5f5f5,XXL
N221SH025P003XL,N221SH025P,N,NBA,22,1,SPRING,SH,WOVEN SHIRT,woven.sh,025,P,00,WHITE,화이트,White,#f5f5f5,3XL
N221SH025P00F,N221SH025P,N,NBA,22,1,SPRING,SH,WOVEN SHIRT,woven.sh,025,P,00,WHITE,화이트,White,#f5f5f5,F
N221SH026P06XS,N221SH026P,N,NBA,22,1,SPRING,SH,WOVEN SHIRT,woven.sh,026,P,06,NAVY,네이비,Blue,#1f4e8c,XS
N221SH026P06S,N221SH026P,N,NBA,22,1,SPRING,SH,WOVEN SHIRT,woven.sh,026,P,06,NAVY,네이비,Blue,#1f4e8c,S
N221SH026P06M,N221SH026P,N,NBA,22,1,SPRING,SH,WOVEN SHIRT,woven.sh,026,P,06,NAVY,네이비,Blue,#1f4e8c,M
N221SH026P06L,N221SH026P,N,NBA,22,1,SPRING,SH,WOVEN SHIRT,woven.sh,026,P,06,NAVY,네이비,Blue,#1f4e8c,L
N221SH026P06XL,N221SH026P,N,NBA,22,1,SPRING,SH,WOVEN SHIRT,woven.sh,026,P,06,NAVY,네이비,Blue,#1f4e8c,XL
N221SH026P06XXL,N221SH026P,N,NBA,22,1,SPRING,SH,WOVEN SHIRT,woven.sh,026,P,06,NAVY,네이비,Blue,#1f4e8c,XXL
N221SH026P063XL,N221SH026P,N,NBA,22,1,SPRING,SH,WOVEN SHIRT,woven.sh,026,P,06,NAVY,네이비,Blue,#1f4e8c,3XL
N221SH026P06F,N221SH026P,N,NBA,22,1,SPRING,SH,WOVEN SHIRT,woven.sh,026,P,06,NAVY,네이비,Blue,#1f4e8c,F
N221SH027P19XS,N221SH027P,N,NBA,22,1,SPRING,SH,WOVEN SHIRT,woven.sh,027,P,19,BLACK,블랙,Black,#1a1a1a,XS
N221SH027P19S,N221SH027P,N,NBA,22,1,SPRING,SH,WOVEN SHIRT,woven.sh,027,P,19,BLACK,블랙,Black,#1a1a1a,S
N221SH027P19M,N221SH027P,N,NBA,22,1,SPRING,SH,WOVEN SHIRT,woven.sh,027,P,19,BLACK,블랙,Black,#1a1a1a,M
N221SH027P19L,N221SH027P,N,NBA,22,1,SPRING,SH,WOVEN SHIRT,woven.sh,027,P,19,BLACK,블랙,Black,#1a1a1a,L
N221SH027P19XL,N221SH027P,N,NBA,22,1,SPRING,SH,WOVEN SHIRT,woven.sh,027,P,19,BLACK,블랙,Black,#1a1a1a,XL
N221SH027P19XXL,N221SH027P,N,NBA,22,1,SPRING,SH,WOVEN SHIRT,woven.sh,027,P,19,BLACK,블랙,Black,#1a1a1a,XXL
N221SH027P193XL,N221SH027P,N,NBA,22,1,SPRING,SH,WOVEN SHIRT,woven.sh,027,P,19,BLACK,블랙,Black,#1a1a1a,3XL
N221SH027P19F,N221SH027P,N,NBA,22,1,SPRING,SH,WOVEN SHIRT,woven.sh,027,P,19,BLACK,블랙,Black,#1a1a1a,F
N221SH028P12XS,N221SH028P,N,NBA,22,1,SPRING,SH,WOVEN SHIRT,woven.sh,028,P,12,GREY,그레이,Gray,#808080,XS
N221SH028P12S,N221SH028P,N,NBA,22,1,SPRING,SH,WOVEN SHIRT,woven.sh,028,P,12,GREY,그레이,Gray,#808080,S
N221SH028P12M,N221SH028P,N,NBA,22,1,SPRING,SH,WOVEN SHIRT,woven.sh,028,P,12,GREY,그레이,Gray,#808080,M
N221SH028P12L,N221SH028P,N,NBA,22,1,SPRING,SH,WOVEN SHIRT,woven.sh,028,P,12,GREY,그레이,Gray,#808080,L
N221SH028P12XL,N221SH028P,N,NBA,22,1,SPRING,SH,WOVEN SHIRT,woven.sh,028,P,12,GREY,그레이,Gray,#808080,XL
N221SH028P12XXL,N221SH028P,N,NBA,22,1,SPRING,SH,WOVEN SHIRT,woven.sh,028,P,12,GREY,그레이,Gray,#808080,XXL
N221SH028P123XL,N221SH028P,N,NBA,22,1,SPRING,SH,WOVEN SHIRT,woven.sh,028,P,12,GREY,그레이,Gray,#808080,3XL
N221SH028P12F,N221SH028P,N,NBA,22,1,SPRING,SH,WOVEN SHIRT,woven.sh,028,P,12,GREY,그레이,Gray,#808080,F
N221SH029P31XS,N221SH029P,N,NBA,22,1,SPRING,SH,WOVEN SHIRT,woven.sh,029,P,31,PINK,핑크,Pink,#e84d8a,XS
N221SH029P31S,N221SH029P,N,NBA,22,1,SPRING,SH,WOVEN SHIRT,woven.sh,029,P,31,PINK,핑크,Pink,#e84d8a,S
N221SH029P31M,N221SH029P,N,NBA,22,1,SPRING,SH,WOVEN SHIRT,woven.sh,029,P,31,PINK,핑크,Pink,#e84d8a,M
N221SH029P31L,N221SH029P,N,NBA,22,1,SPRING,SH,WOVEN SHIRT,woven.sh,029,P,31,PINK,핑크,Pink,#e84d8a,L
N221SH029P31XL,N221SH029P,N,NBA,22,1,SPRING,SH,WOVEN SHIRT,woven.sh,029,P,31,PINK,핑크,Pink,#e84d8a,XL
N221SH029P31XXL,N221SH029P,N,NBA,22,1,SPRING,SH,WOVEN SHIRT,woven.sh,029,P,31,PINK,핑크,Pink,#e84d8a,XXL
N221SH029P313XL,N221SH029P,N,NBA,22,1,SPRING,SH,WOVEN SHIRT,woven.sh,029,P,31,PINK,핑크,Pink,#e84d8a,3XL
N221SH029P31F,N221SH029P,N,NBA,22,1,SPRING,SH,WOVEN SHIRT,woven.sh,029,P,31,PINK,핑크,Pink,#e84d8a,F
N221SH030P51XS,N221SH030P,N,NBA,22,1,SPRING,SH,WOVEN SHIRT,woven.sh,030,P,51,GREEN,그린,Green,#3f7d3a,XS
N221SH030P51S,N221SH030P,N,NBA,22,1,SPRING,SH,WOVEN SHIRT,woven.sh,030,P,51,GREEN,그린,Green,#3f7d3a,S
N221SH030P51M,N221SH030P,N,NBA,22,1,SPRING,SH,WOVEN SHIRT,woven.sh,030,P,51,GREEN,그린,Green,#3f7d3a,M
N221SH030P51L,N221SH030P,N,NBA,22,1,SPRING,SH,WOVEN SHIRT,woven.sh,030,P,51,GREEN,그린,Green,#3f7d3a,L
N221SH030P51XL,N221SH030P,N,NBA,22,1,SPRING,SH,WOVEN SHIRT,woven.sh,030,P,51,GREEN,그린,Green,#3f7d3a,XL
N221SH030P51XXL,N221SH030P,N,NBA,22,1,SPRING,SH,WOVEN SHIRT,woven.sh,030,P,51,GREEN,그린,Green,#3f7d3a,XXL
N221SH030P513XL,N221SH030P,N,NBA,22,1,SPRING,SH,WOVEN SHIRT,woven.sh,030,P,51,GREEN,그린,Green,#3f7d3a,3XL
N221SH030P51F,N221SH030P,N,NBA,22,1,SPRING,SH,WOVEN SHIRT,woven.sh,030,P,51,GREEN,그린,Green,#3f7d3a,F
N221PT031P0071,N221PT031P,N,NBA,22,1,SPRING,PT,WOVEN PANTS,woven.pt,031,P,00,WHITE,화이트,White,#f5f5f5,71
N221PT031P0076,N221PT031P,N,NBA,22,1,SPRING,PT,WOVEN PANTS,woven.pt,031,P,00,WHITE,화이트,White,#f5f5f5,76
N221PT031P0081,N221PT031P,N,NBA,22,1,SPRING,PT,WOVEN PANTS,woven.pt,031,P,00,WHITE,화이트,White,#f5f5f5,81
N221PT031P0086,N221PT031P,N,NBA,22,1,SPRING,PT,WOVEN PANTS,woven.pt,031,P,00,WHITE,화이트,White,#f5f5f5,86
N221PT031P0091,N221PT031P,N,NBA,22,1,SPRING,PT,WOVEN PANTS,woven.pt,031,P,00,WHITE,화이트,White,#f5f5f5,91
N221PT031P00F,N221PT031P,N,NBA,22,1,SPRING,PT,WOVEN PANTS,woven.pt,031,P,00,WHITE,화이트,White,#f5f5f5,F
N221PT032P0671,N221PT032P,N,NBA,22,1,SPRING,PT,WOVEN PANTS,woven.pt,032,P,06,NAVY,네이비,Blue,#1f4e8c,71
N221PT032P0676,N221PT032P,N,NBA,22,1,SPRING,PT,WOVEN PANTS,woven.pt,032,P,06,NAVY,네이비,Blue,#1f4e8c,76
N221PT032P0681,N221PT032P,N,NBA,22,1,SPRING,PT,WOVEN PANTS,woven.pt,032,P,06,NAVY,네이비,Blue,#1f4e8c,81
N221PT032P0686,N221PT032P,N,NBA,22,1,SPRING,PT,WOVEN PANTS,woven.pt,032,P,06,NAVY,네이비,Blue,#1f4e8c,86
N221PT032P0691,N221PT032P,N,NBA,22,1,SPRING,PT,WOVEN PANTS,woven.pt,032,P,06,NAVY,네이비,Blue,#1f4e8c,91
N221PT032P06F,N221PT032P,N,NBA,22,1,SPRING,PT,WOVEN PANTS,woven.pt,032,P,06,NAVY,네이비,Blue,#1f4e8c,F
N221PT033P1971,N221PT033P,N,NBA,22,1,SPRING,PT,WOVEN PANTS,woven.pt,033,P,19,BLACK,블랙,Black,#1a1a1a,71
N221PT033P1976,N221PT033P,N,NBA,22,1,SPRING,PT,WOVEN PANTS,woven.pt,033,P,19,BLACK,블랙,Black,#1a1a1a,76
N221PT033P1981,N221PT033P,N,NBA,22,1,SPRING,PT,WOVEN PANTS,woven.pt,033,P,19,BLACK,블랙,Black,#1a1a1a,81
N221PT033P1986,N221PT033P,N,NBA,22,1,SPRING,PT,WOVEN PANTS,woven.pt,033,P,19,BLACK,블랙,Black,#1a1a1a,86
N221PT033P1991,N221PT033P,N,NBA,22,1,SPRING,PT,WOVEN PANTS,woven.pt,033,P,19,BLACK,블랙,Black,#1a1a1a,91
N221PT033P19F,N221PT033P,N,NBA,22,1,SPRING,PT,WOVEN PANTS,woven.pt,033,P,19,BLACK,블랙,Black,#1a1a1a,F
N221PT034P1271,N221PT034P,N,NBA,22,1,SPRING,PT,WOVEN PANTS,woven.pt,034,P,12,GREY,그레이,Gray,#808080,71
N221PT034P1276,N221PT034P,N,NBA,22,1,SPRING,PT,WOVEN PANTS,woven.pt,034,P,12,GREY,그레이,Gray,#808080,76
N221PT034P1281,N221PT034P,N,NBA,22,1,SPRING,PT,WOVEN PANTS,woven.pt,034,P,12,GREY,그레이,Gray,#808080,81
N221PT034P1286,N221PT034P,N,NBA,22,1,SPRING,PT,WOVEN PANTS,woven.pt,034,P,12,GREY,그레이,Gray,#808080,86
N221PT034P1291,N221PT034P,N,NBA,22,1,SPRING,PT,WOVEN PANTS,woven.pt,034,P,12,GREY,그레이,Gray,#808080,91
N221PT034P12F,N221PT034P,N,NBA,22,1,SPRING,PT,WOVEN PANTS,woven.pt,034,P,12,GREY,그레이,Gray,#808080,F
N221PT035P3171,N221PT035P,N,NBA,22,1,SPRING,PT,WOVEN PANTS,woven.pt,035,P,31,PINK,핑크,Pink,#e84d8a,71
N221PT035P3176,N221PT035P,N,NBA,22,1,SPRING,PT,WOVEN PANTS,woven.pt,035,P,31,PINK,핑크,Pink,#e84d8a,76
N221PT035P3181,N221PT035P,N,NBA,22,1,SPRING,PT,WOVEN PANTS,woven.pt,035,P,31,PINK,핑크,Pink,#e84d8a,81
N221PT035P3186,N221PT035P,N,NBA,22,1,SPRING,PT,WOVEN PANTS,woven.pt,035,P,31,PINK,핑크,Pink,#e84d8a,86
N221PT035P3191,N221PT035P,N,NBA,22,1,SPRING,PT,WOVEN PANTS,woven.pt,035,P,31,PINK,핑크,Pink,#e84d8a,91
N221PT035P31F,N221PT035P,N,NBA,22,1,SPRING,PT,WOVEN PANTS,woven.pt,035,P,31,PINK,핑크,Pink,#e84d8a,F
N221PT036P5171,N221PT036P,N,NBA,22,1,SPRING,PT,WOVEN PANTS,woven.pt,036,P,51,GREEN,그린,Green,#3f7d3a,71
N221PT036P5176,N221PT036P,N,NBA,22,1,SPRING,PT,WOVEN PANTS,woven.pt,036,P,51,GREEN,그린,Green,#3f7d3a,76
N221PT036P5181,N221PT036P,N,NBA,22,1,SPRING,PT,WOVEN PANTS,woven.pt,036,P,51,GREEN,그린,Green,#3f7d3a,81
N221PT036P5186,N221PT036P,N,NBA,22,1,SPRING,PT,WOVEN PANTS,woven.pt,036,P,51,GREEN,그린,Green,#3f7d3a,86
N221PT036P5191,N221PT036P,N,NBA,22,1,SPRING,PT,WOVEN PANTS,woven.pt,036,P,51,GREEN,그린,Green,#3f7d3a,91
N221PT036P51F,N221PT036P,N,NBA,22,1,SPRING,PT,WOVEN PANTS,woven.pt,036,P,51,GREEN,그린,Green,#3f7d3a,F
N221OP037P00XS,N221OP037P,N,NBA,22,1,SPRING,OP,WOVEN ONE PIECE,woven.op,037,P,00,WHITE,화이트,White,#f5f5f5,XS
N221OP037P00S,N221OP037P,N,NBA,22,1,SPRING,OP,WOVEN ONE PIECE,woven.op,037,P,00,WHITE,화이트,White,#f5f5f5,S
N221OP037P00M,N221OP037P,N,NBA,22,1,SPRING,OP,WOVEN ONE PIECE,woven.op,037,P,00,WHITE,화이트,White,#f5f5f5,M
N221OP037P00L,N221OP037P,N,NBA,22,1,SPRING,OP,WOVEN ONE PIECE,woven.op,037,P,00,WHITE,화이트,White,#f5f5f5,L
N221OP037P00XL,N221OP037P,N,NBA,22,1,SPRING,OP,WOVEN ONE PIECE,woven.op,037,P,00,WHITE,화이트,White,#f5f5f5,XL
N221OP037P00XXL,N221OP037P,N,NBA,22,1,SPRING,OP,WOVEN ONE PIECE,woven.op,037,P,00,WHITE,화이트,White,#f5f5f5,XXL
N221OP037P003XL,N221OP037P,N,NBA,22,1,SPRING,OP,WOVEN ONE PIECE,woven.op,037,P,00,WHITE,화이트,White,#f5f5f5,3XL
N221OP037P00F,N221OP037P,N,NBA,22,1,SPRING,OP,WOVEN ONE PIECE,woven.op,037,P,00,WHITE,화이트,White,#f5f5f5,F
N221OP038P06XS,N221OP038P,N,NBA,22,1,SPRING,OP,WOVEN ONE PIECE,woven.op,038,P,06,NAVY,네이비,Blue,#1f4e8c,XS
N221OP038P06S,N221OP038P,N,NBA,22,1,SPRING,OP,WOVEN ONE PIECE,woven.op,038,P,06,NAVY,네이비,Blue,#1f4e8c,S
N221OP038P06M,N221OP038P,N,NBA,22,1,SPRING,OP,WOVEN ONE PIECE,woven.op,038,P,06,NAVY,네이비,Blue,#1f4e8c,M
N221OP038P06L,N221OP038P,N,NBA,22,1,SPRING,OP,WOVEN ONE PIECE,woven.op,038,P,06,NAVY,네이비,Blue,#1f4e8c,L
N221OP038P06XL,N221OP038P,N,NBA,22,1,SPRING,OP,WOVEN ONE PIECE,woven.op,038,P,06,NAVY,네이비,Blue,#1f4e8c,XL
N221OP038P06XXL,N221OP038P,N,NBA,22,1,SPRING,OP,WOVEN ONE PIECE,woven.op,038,P,06,NAVY,네이비,Blue,#1f4e8c,XXL
N221OP038P063XL,N221OP038P,N,NBA,22,1,SPRING,OP,WOVEN ONE PIECE,woven.op,038,P,06,NAVY,네이비,Blue,#1f4e8c,3XL
N221OP038P06F,N221OP038P,N,NBA,22,1,SPRING,OP,WOVEN ONE PIECE,woven.op,038,P,06,NAVY,네이비,Blue,#1f4e8c,F
N221OP039P19XS,N221OP039P,N,NBA,22,1,SPRING,OP,WOVEN ONE PIECE,woven.op,039,P,19,BLACK,블랙,Black,#1a1a1a,XS
N221OP039P19S,N221OP039P,N,NBA,22,1,SPRING,OP,WOVEN ONE PIECE,woven.op,039,P,19,BLACK,블랙,Black,#1a1a1a,S
N221OP039P19M,N221OP039P,N,NBA,22,1,SPRING,OP,WOVEN ONE PIECE,woven.op,039,P,19,BLACK,블랙,Black,#1a1a1a,M
N221OP039P19L,N221OP039P,N,NBA,22,1,SPRING,OP,WOVEN ONE PIECE,woven.op,039,P,19,BLACK,블랙,Black,#1a1a1a,L
N221OP039P19XL,N221OP039P,N,NBA,22,1,SPRING,OP,WOVEN ONE PIECE,woven.op,039,P,19,BLACK,블랙,Black,#1a1a1a,XL
N221OP039P19XXL,N221OP039P,N,NBA,22,1,SPRING,OP,WOVEN ONE PIECE,woven.op,039,P,19,BLACK,블랙,Black,#1a1a1a,XXL
N221OP039P193XL,N221OP039P,N,NBA,22,1,SPRING,OP,WOVEN ONE PIECE,woven.op,039,P,19,BLACK,블랙,Black,#1a1a1a,3XL
N221OP039P19F,N221OP039P,N,NBA,22,1,SPRING,OP,WOVEN ONE PIECE,woven.op,039,P,19,BLACK,블랙,Black,#1a1a1a,F
N221OP040P12XS,N221OP040P,N,NBA,22,1,SPRING,OP,WOVEN ONE PIECE,woven.op,040,P,12,GREY,그레이,Gray,#808080,XS
N221OP040P12S,N221OP040P,N,NBA,22,1,SPRING,OP,WOVEN ONE PIECE,woven.op,040,P,12,GREY,그레이,Gray,#808080,S
N221OP040P12M,N221OP040P,N,NBA,22,1,SPRING,OP,WOVEN ONE PIECE,woven.op,040,P,12,GREY,그레이,Gray,#808080,M
N221OP040P12L,N221OP040P,N,NBA,22,1,SPRING,OP,WOVEN ONE PIECE,woven.op,040,P,12,GREY,그레이,Gray,#808080,L
N221OP040P12XL,N221OP040P,N,NBA,22,1,SPRING,OP,WOVEN ONE PIECE,woven.op,040,P,12,GREY,그레이,Gray,#808080,XL
N221OP040P12XXL,N221OP040P,N,NBA,22,1,SPRING,OP,WOVEN ONE PIECE,woven.op,040,P,12,GREY,그레이,Gray,#808080,XXL
N221OP040P123XL,N221OP040P,N,NBA,22,1,SPRING,OP,WOVEN ONE PIECE,woven.op,040,P,12,GREY,그레이,Gray,#808080,3XL
N221OP040P12F,N221OP040P,N,NBA,22,1,SPRING,OP,WOVEN ONE PIECE,woven.op,040,P,12,GREY,그레이,Gray,#808080,F
N221OP041P31XS,N221OP041P,N,NBA,22,1,SPRING,OP,WOVEN ONE PIECE,woven.op,041,P,31,PINK,핑크,Pink,#e84d8a,XS
N221OP041P31S,N221OP041P,N,NBA,22,1,SPRING,OP,WOVEN ONE PIECE,woven.op,041,P,31,PINK,핑크,Pink,#e84d8a,S
N221OP041P31M,N221OP041P,N,NBA,22,1,SPRING,OP,WOVEN ONE PIECE,woven.op,041,P,31,PINK,핑크,Pink,#e84d8a,M
N221OP041P31L,N221OP041P,N,NBA,22,1,SPRING,OP,WOVEN ONE PIECE,woven.op,041,P,31,PINK,핑크,Pink,#e84d8a,L
N221OP041P31XL,N221OP041P,N,NBA,22,1,SPRING,OP,WOVEN ONE PIECE,woven.op,041,P,31,PINK,핑크,Pink,#e84d8a,XL
N221OP041P31XXL,N221OP041P,N,NBA,22,1,SPRING,OP,WOVEN ONE PIECE,woven.op,041,P,31,PINK,핑크,Pink,#e84d8a,XXL
N221OP041P313XL,N221OP041P,N,NBA,22,1,SPRING,OP,WOVEN ONE PIECE,woven.op,041,P,31,PINK,핑크,Pink,#e84d8a,3XL
N221OP041P31F,N221OP041P,N,NBA,22,1,SPRING,OP,WOVEN ONE PIECE,woven.op,041,P,31,PINK,핑크,Pink,#e84d8a,F
N221OP042P51XS,N221OP042P,N,NBA,22,1,SPRING,OP,WOVEN ONE PIECE,woven.op,042,P,51,GREEN,그린,Green,#3f7d3a,XS
N221OP042P51S,N221OP042P,N,NBA,22,1,SPRING,OP,WOVEN ONE PIECE,woven.op,042,P,51,GREEN,그린,Green,#3f7d3a,S
N221OP042P51M,N221OP042P,N,NBA,22,1,SPRING,OP,WOVEN ONE PIECE,woven.op,042,P,51,GREEN,그린,Green,#3f7d3a,M
N221OP042P51L,N221OP042P,N,NBA,22,1,SPRING,OP,WOVEN ONE PIECE,woven.op,042,P,51,GREEN,그린,Green,#3f7d3a,L
N221OP042P51XL,N221OP042P,N,NBA,22,1,SPRING,OP,WOVEN ONE PIECE,woven.op,042,P,51,GREEN,그린,Green,#3f7d3a,XL
N221OP042P51XXL,N221OP042P,N,NBA,22,1,SPRING,OP,WOVEN ONE PIECE,woven.op,042,P,51,GREEN,그린,Green,#3f7d3a,XXL
N221OP042P513XL,N221OP042P,N,NBA,22,1,SPRING,OP,WOVEN ONE PIECE,woven.op,042,P,51,GREEN,그린,Green,#3f7d3a,3XL
N221OP042P51F,N221OP042P,N,NBA,22,1,SPRING,OP,WOVEN ONE PIECE,woven.op,042,P,51,GREEN,그린,Green,#3f7d3a,F
N221KC043P00XS,N221KC043P,N,NBA,22,1,SPRING,KC,KNIT CARDIGAN,knit.kc,043,P,00,WHITE,화이트,White,#f5f5f5,XS
N221KC043P00S,N221KC043P,N,NBA,22,1,SPRING,KC,KNIT CARDIGAN,knit.kc,043,P,00,WHITE,화이트,White,#f5f5f5,S
N221KC043P00M,N221KC043P,N,NBA,22,1,SPRING,KC,KNIT CARDIGAN,knit.kc,043,P,00,WHITE,화이트,White,#f5f5f5,M
N221KC043P00L,N221KC043P,N,NBA,22,1,SPRING,KC,KNIT CARDIGAN,knit.kc,043,P,00,WHITE,화이트,White,#f5f5f5,L
N221KC043P00XL,N221KC043P,N,NBA,22,1,SPRING,KC,KNIT CARDIGAN,knit.kc,043,P,00,WHITE,화이트,White,#f5f5f5,XL
N221KC043P00XXL,N221KC043P,N,NBA,22,1,SPRING,KC,KNIT CARDIGAN,knit.kc,043,P,00,WHITE,화이트,White,#f5f5f5,XXL
N221KC043P003XL,N221KC043P,N,NBA,22,1,SPRING,KC,KNIT CARDIGAN,knit.kc,043,P,00,WHITE,화이트,White,#f5f5f5,3XL
N221KC043P00F,N221KC043P,N,NBA,22,1,SPRING,KC,KNIT CARDIGAN,knit.kc,043,P,00,WHITE,화이트,White,#f5f5f5,F
N221KC044P06XS,N221KC044P,N,NBA,22,1,SPRING,KC,KNIT CARDIGAN,knit.kc,044,P,06,NAVY,네이비,Blue,#1f4e8c,XS
N221KC044P06S,N221KC044P,N,NBA,22,1,SPRING,KC,KNIT CARDIGAN,knit.kc,044,P,06,NAVY,네이비,Blue,#1f4e8c,S
N221KC044P06M,N221KC044P,N,NBA,22,1,SPRING,KC,KNIT CARDIGAN,knit.kc,044,P,06,NAVY,네이비,Blue,#1f4e8c,M
N221KC044P06L,N221KC044P,N,NBA,22,1,SPRING,KC,KNIT CARDIGAN,knit.kc,044,P,06,NAVY,네이비,Blue,#1f4e8c,L
N221KC044P06XL,N221KC044P,N,NBA,22,1,SPRING,KC,KNIT CARDIGAN,knit.kc,044,P,06,NAVY,네이비,Blue,#1f4e8c,XL
N221KC044P06XXL,N221KC044P,N,NBA,22,1,SPRING,KC,KNIT CARDIGAN,knit.kc,044,P,06,NAVY,네이비,Blue,#1f4e8c,XXL
N221KC044P063XL,N221KC044P,N,NBA,22,1,SPRING,KC,KNIT CARDIGAN,knit.kc,044,P,06,NAVY,네이비,Blue,#1f4e8c,3XL
N221KC044P06F,N221KC044P,N,NBA,22,1,SPRING,KC,KNIT CARDIGAN,knit.kc,044,P,06,NAVY,네이비,Blue,#1f4e8c,F
N221KC045P19XS,N221KC045P,N,NBA,22,1,SPRING,KC,KNIT CARDIGAN,knit.kc,045,P,19,BLACK,블랙,Black,#1a1a1a,XS
N221KC045P19S,N221KC045P,N,NBA,22,1,SPRING,KC,KNIT CARDIGAN,knit.kc,045,P,19,BLACK,블랙,Black,#1a1a1a,S
N221KC045P19M,N221KC045P,N,NBA,22,1,SPRING,KC,KNIT CARDIGAN,knit.kc,045,P,19,BLACK,블랙,Black,#1a1a1a,M
N221KC045P19L,N221KC045P,N,NBA,22,1,SPRING,KC,KNIT CARDIGAN,knit.kc,045,P,19,BLACK,블랙,Black,#1a1a1a,L
N221KC045P19XL,N221KC045P,N,NBA,22,1,SPRING,KC,KNIT CARDIGAN,knit.kc,045,P,19,BLACK,블랙,Black,#1a1a1a,XL
N221KC045P19XXL,N221KC045P,N,NBA,22,1,SPRING,KC,KNIT CARDIGAN,knit.kc,045,P,19,BLACK,블랙,Black,#1a1a1a,XXL
N221KC045P193XL,N221KC045P,N,NBA,22,1,SPRING,KC,KNIT CARDIGAN,knit.kc,045,P,19,BLACK,블랙,Black,#1a1a1a,3XL
N221KC045P19F,N221KC045P,N,NBA,22,1,SPRING,KC,KNIT CARDIGAN,knit.kc,045,P,19,BLACK,블랙,Black,#1a1a1a,F
N221KC046P12XS,N221KC046P,N,NBA,22,1,SPRING,KC,KNIT CARDIGAN,knit.kc,046,P,12,GREY,그레이,Gray,#808080,XS
N221KC046P12S,N221KC046P,N,NBA,22,1,SPRING,KC,KNIT CARDIGAN,knit.kc,046,P,12,GREY,그레이,Gray,#808080,S
N221KC046P12M,N221KC046P,N,NBA,22,1,SPRING,KC,KNIT CARDIGAN,knit.kc,046,P,12,GREY,그레이,Gray,#808080,M
N221KC046P12L,N221KC046P,N,NBA,22,1,SPRING,KC,KNIT CARDIGAN,knit.kc,046,P,12,GREY,그레이,Gray,#808080,L
N221KC046P12XL,N221KC046P,N,NBA,22,1,SPRING,KC,KNIT CARDIGAN,knit.kc,046,P,12,GREY,그레이,Gray,#808080,XL
N221KC046P12XXL,N221KC046P,N,NBA,22,1,SPRING,KC,KNIT CARDIGAN,knit.kc,046,P,12,GREY,그레이,Gray,#808080,XXL
N221KC046P123XL,N221KC046P,N,NBA,22,1,SPRING,KC,KNIT CARDIGAN,knit.kc,046,P,12,GREY,그레이,Gray,#808080,3XL
N221KC046P12F,N221KC046P,N,NBA,22,1,SPRING,KC,KNIT CARDIGAN,knit.kc,046,P,12,GREY,그레이,Gray,#808080,F
N221KC047P31XS,N221KC047P,N,NBA,22,1,SPRING,KC,KNIT CARDIGAN,knit.kc,047,P,31,PINK,핑크,Pink,#e84d8a,XS
N221KC047P31S,N221KC047P,N,NBA,22,1,SPRING,KC,KNIT CARDIGAN,knit.kc,047,P,31,PINK,핑크,Pink,#e84d8a,S
N221KC047P31M,N221KC047P,N,NBA,22,1,SPRING,KC,KNIT CARDIGAN,knit.kc,047,P,31,PINK,핑크,Pink,#e84d8a,M
N221KC047P31L,N221KC047P,N,NBA,22,1,SPRING,KC,KNIT CARDIGAN,knit.kc,047,P,31,PINK,핑크,Pink,#e84d8a,L
N221KC047P31XL,N221KC047P,N,NBA,22,1,SPRING,KC,KNIT CARDIGAN,knit.kc,047,P,31,PINK,핑크,Pink,#e84d8a,XL
N221KC047P31XXL,N221KC047P,N,NBA,22,1,SPRING,KC,KNIT CARDIGAN,knit.kc,047,P,31,PINK,핑크,Pink,#e84d8a,XXL
N221KC047P313XL,N221KC047P,N,NBA,22,1,SPRING,KC,KNIT CARDIGAN,knit.kc,047,P,31,PINK,핑크,Pink,#e84d8a,3XL
N221KC047P31F,N221KC047P,N,NBA,22,1,SPRING,KC,KNIT CARDIGAN,knit.kc,047,P,31,PINK,핑크,Pink,#e84d8a,F
N221KC048P51XS,N221KC048P,N,NBA,22,1,SPRING,KC,KNIT CARDIGAN,knit.kc,048,P,51,GREEN,그린,Green,#3f7d3a,XS
N221KC048P51S,N221KC048P,N,NBA,22,1,SPRING,KC,KNIT CARDIGAN,knit.kc,048,P,51,GREEN,그린,Green,#3f7d3a,S
N221KC048P51M,N221KC048P,N,NBA,22,1,SPRING,KC,KNIT CARDIGAN,knit.kc,048,P,51,GREEN,그린,Green,#3f7d3a,M
N221KC048P51L,N221KC048P,N,NBA,22,1,SPRING,KC,KNIT CARDIGAN,knit.kc,048,P,51,GREEN,그린,Green,#3f7d3a,L
N221KC048P51XL,N221KC048P,N,NBA,22,1,SPRING,KC,KNIT CARDIGAN,knit.kc,048,P,51,GREEN,그린,Green,#3f7d3a,XL
N221KC048P51XXL,N221KC048P,N,NBA,22,1,SPRING,KC,KNIT CARDIGAN,knit.kc,048,P,51,GREEN,그린,Green,#3f7d3a,XXL
N221KC048P513XL,N221KC048P,N,NBA,22,1,SPRING,KC,KNIT CARDIGAN,knit.kc,048,P,51,GREEN,그린,Green,#3f7d3a,3XL
N221KC048P51F,N221KC048P,N,NBA,22,1,SPRING,KC,KNIT CARDIGAN,knit.kc,048,P,51,GREEN,그린,Green,#3f7d3a,F
N221KT049P00XS,N221KT049P,N,NBA,22,1,SPRING,KT,KNIT P/OVER,knit.kt,049,P,00,WHITE,화이트,White,#f5f5f5,XS
N221KT049P00S,N221KT049P,N,NBA,22,1,SPRING,KT,KNIT P/OVER,knit.kt,049,P,00,WHITE,화이트,White,#f5f5f5,S
N221KT049P00M,N221KT049P,N,NBA,22,1,SPRING,KT,KNIT P/OVER,knit.kt,049,P,00,WHITE,화이트,White,#f5f5f5,M
N221KT049P00L,N221KT049P,N,NBA,22,1,SPRING,KT,KNIT P/OVER,knit.kt,049,P,00,WHITE,화이트,White,#f5f5f5,L
N221KT049P00XL,N221KT049P,N,NBA,22,1,SPRING,KT,KNIT P/OVER,knit.kt,049,P,00,WHITE,화이트,White,#f5f5f5,XL
N221KT049P00XXL,N221KT049P,N,NBA,22,1,SPRING,KT,KNIT P/OVER,knit.kt,049,P,00,WHITE,화이트,White,#f5f5f5,XXL
N221KT049P003XL,N221KT049P,N,NBA,22,1,SPRING,KT,KNIT P/OVER,knit.kt,049,P,00,WHITE,화이트,White,#f5f5f5,3XL
N221KT049P00F,N221KT049P,N,NBA,22,1,SPRING,KT,KNIT P/OVER,knit.kt,049,P,00,WHITE,화이트,White,#f5f5f5,F
N221KT050P06XS,N221KT050P,N,NBA,22,1,SPRING,KT,KNIT P/OVER,knit.kt,050,P,06,NAVY,네이비,Blue,#1f4e8c,XS
N221KT050P06S,N221KT050P,N,NBA,22,1,SPRING,KT,KNIT P/OVER,knit.kt,050,P,06,NAVY,네이비,Blue,#1f4e8c,S
N221KT050P06M,N221KT050P,N,NBA,22,1,SPRING,KT,KNIT P/OVER,knit.kt,050,P,06,NAVY,네이비,Blue,#1f4e8c,M
N221KT050P06L,N221KT050P,N,NBA,22,1,SPRING,KT,KNIT P/OVER,knit.kt,050,P,06,NAVY,네이비,Blue,#1f4e8c,L
N221KT050P06XL,N221KT050P,N,NBA,22,1,SPRING,KT,KNIT P/OVER,knit.kt,050,P,06,NAVY,네이비,Blue,#1f4e8c,XL
N221KT050P06XXL,N221KT050P,N,NBA,22,1,SPRING,KT,KNIT P/OVER,knit.kt,050,P,06,NAVY,네이비,Blue,#1f4e8c,XXL
N221KT050P063XL,N221KT050P,N,NBA,22,1,SPRING,KT,KNIT P/OVER,knit.kt,050,P,06,NAVY,네이비,Blue,#1f4e8c,3XL
N221KT050P06F,N221KT050P,N,NBA,22,1,SPRING,KT,KNIT P/OVER,knit.kt,050,P,06,NAVY,네이비,Blue,#1f4e8c,F
N221KT051P19XS,N221KT051P,N,NBA,22,1,SPRING,KT,KNIT P/OVER,knit.kt,051,P,19,BLACK,블랙,Black,#1a1a1a,XS
N221KT051P19S,N221KT051P,N,NBA,22,1,SPRING,KT,KNIT P/OVER,knit.kt,051,P,19,BLACK,블랙,Black,#1a1a1a,S
N221KT051P19M,N221KT051P,N,NBA,22,1,SPRING,KT,KNIT P/OVER,knit.kt,051,P,19,BLACK,블랙,Black,#1a1a1a,M
N221KT051P19L,N221KT051P,N,NBA,22,1,SPRING,KT,KNIT P/OVER,knit.kt,051,P,19,BLACK,블랙,Black,#1a1a1a,L
N221KT051P19XL,N221KT051P,N,NBA,22,1,SPRING,KT,KNIT P/OVER,knit.kt,051,P,19,BLACK,블랙,Black,#1a1a1a,XL
N221KT051P19XXL,N221KT051P,N,NBA,22,1,SPRING,KT,KNIT P/OVER,knit.kt,051,P,19,BLACK,블랙,Black,#1a1a1a,XXL
N221KT051P193XL,N221KT051P,N,NBA,22,1,SPRING,KT,KNIT P/OVER,knit.kt,051,P,19,BLACK,블랙,Black,#1a1a1a,3XL
N221KT051P19F,N221KT051P,N,NBA,22,1,SPRING,KT,KNIT P/OVER,knit.kt,051,P,19,BLACK,블랙,Black,#1a1a1a,F
N221KT052P12XS,N221KT052P,N,NBA,22,1,SPRING,KT,KNIT P/OVER,knit.kt,052,P,12,GREY,그레이,Gray,#808080,XS
N221KT052P12S,N221KT052P,N,NBA,22,1,SPRING,KT,KNIT P/OVER,knit.kt,052,P,12,GREY,그레이,Gray,#808080,S
N221KT052P12M,N221KT052P,N,NBA,22,1,SPRING,KT,KNIT P/OVER,knit.kt,052,P,12,GREY,그레이,Gray,#808080,M
N221KT052P12L,N221KT052P,N,NBA,22,1,SPRING,KT,KNIT P/OVER,knit.kt,052,P,12,GREY,그레이,Gray,#808080,L
N221KT052P12XL,N221KT052P,N,NBA,22,1,SPRING,KT,KNIT P/OVER,knit.kt,052,P,12,GREY,그레이,Gray,#808080,XL
N221KT052P12XXL,N221KT052P,N,NBA,22,1,SPRING,KT,KNIT P/OVER,knit.kt,052,P,12,GREY,그레이,Gray,#808080,XXL
N221KT052P123XL,N221KT052P,N,NBA,22,1,SPRING,KT,KNIT P/OVER,knit.kt,052,P,12,GREY,그레이,Gray,#808080,3XL
N221KT052P12F,N221KT052P,N,NBA,22,1,SPRING,KT,KNIT P/OVER,knit.kt,052,P,12,GREY,그레이,Gray,#808080,F
N221KT053P31XS,N221KT053P,N,NBA,22,1,SPRING,KT,KNIT P/OVER,knit.kt,053,P,31,PINK,핑크,Pink,#e84d8a,XS
N221KT053P31S,N221KT053P,N,NBA,22,1,SPRING,KT,KNIT P/OVER,knit.kt,053,P,31,PINK,핑크,Pink,#e84d8a,S
N221KT053P31M,N221KT053P,N,NBA,22,1,SPRING,KT,KNIT P/OVER,knit.kt,053,P,31,PINK,핑크,Pink,#e84d8a,M
N221KT053P31L,N221KT053P,N,NBA,22,1,SPRING,KT,KNIT P/OVER,knit.kt,053,P,31,PINK,핑크,Pink,#e84d8a,L
N221KT053P31XL,N221KT053P,N,NBA,22,1,SPRING,KT,KNIT P/OVER,knit.kt,053,P,31,PINK,핑크,Pink,#e84d8a,XL
N221KT053P31XXL,N221KT053P,N,NBA,22,1,SPRING,KT,KNIT P/OVER,knit.kt,053,P,31,PINK,핑크,Pink,#e84d8a,XXL
N221KT053P313XL,N221KT053P,N,NBA,22,1,SPRING,KT,KNIT P/OVER,knit.kt,053,P,31,PINK,핑크,Pink,#e84d8a,3XL
N221KT053P31F,N221KT053P,N,NBA,22,1,SPRING,KT,KNIT P/OVER,knit.kt,053,P,31,PINK,핑크,Pink,#e84d8a,F
N221KT054P51XS,N221KT054P,N,NBA,22,1,SPRING,KT,KNIT P/OVER,knit.kt,054,P,51,GREEN,그린,Green,#3f7d3a,XS
N221KT054P51S,N221KT054P,N,NBA,22,1,SPRING,KT,KNIT P/OVER,knit.kt,054,P,51,GREEN,그린,Green,#3f7d3a,S
N221KT054P51M,N221KT054P,N,NBA,22,1,SPRING,KT,KNIT P/OVER,knit.kt,054,P,51,GREEN,그린,Green,#3f7d3a,M
N221KT054P51L,N221KT054P,N,NBA,22,1,SPRING,KT,KNIT P/OVER,knit.kt,054,P,51,GREEN,그린,Green,#3f7d3a,L
N221KT054P51XL,N221KT054P,N,NBA,22,1,SPRING,KT,KNIT P/OVER,knit.kt,054,P,51,GREEN,그린,Green,#3f7d3a,XL
N221KT054P51XXL,N221KT054P,N,NBA,22,1,SPRING,KT,KNIT P/OVER,knit.kt,054,P,51,GREEN,그린,Green,#3f7d3a,XXL
N221KT054P513XL,N221KT054P,N,NBA,22,1,SPRING,KT,KNIT P/OVER,knit.kt,054,P,51,GREEN,그린,Green,#3f7d3a,3XL
N221KT054P51F,N221KT054P,N,NBA,22,1,SPRING,KT,KNIT P/OVER,knit.kt,054,P,51,GREEN,그린,Green,#3f7d3a,F
N221TS055P00XS,N221TS055P,N,NBA,22,1,SPRING,TS,C&S T-SHIRTS,cut_and_sew.ts,055,P,00,WHITE,화이트,White,#f5f5f5,XS
N221TS055P00S,N221TS055P,N,NBA,22,1,SPRING,TS,C&S T-SHIRTS,cut_and_sew.ts,055,P,00,WHITE,화이트,White,#f5f5f5,S
N221TS055P00M,N221TS055P,N,NBA,22,1,SPRING,TS,C&S T-SHIRTS,cut_and_sew.ts,055,P,00,WHITE,화이트,White,#f5f5f5,M
N221TS055P00L,N221TS055P,N,NBA,22,1,SPRING,TS,C&S T-SHIRTS,cut_and_sew.ts,055,P,00,WHITE,화이트,White,#f5f5f5,L
N221TS055P00XL,N221TS055P,N,NBA,22,1,SPRING,TS,C&S T-SHIRTS,cut_and_sew.ts,055,P,00,WHITE,화이트,White,#f5f5f5,XL
N221TS055P00XXL,N221TS055P,N,NBA,22,1,SPRING,TS,C&S T-SHIRTS,cut_and_sew.ts,055,P,00,WHITE,화이트,White,#f5f5f5,XXL
N221TS055P003XL,N221TS055P,N,NBA,22,1,SPRING,TS,C&S T-SHIRTS,cut_and_sew.ts,055,P,00,WHITE,화이트,White,#f5f5f5,3XL
N221TS055P00F,N221TS055P,N,NBA,22,1,SPRING,TS,C&S T-SHIRTS,cut_and_sew.ts,055,P,00,WHITE,화이트,White,#f5f5f5,F
N221TS056P06XS,N221TS056P,N,NBA,22,1,SPRING,TS,C&S T-SHIRTS,cut_and_sew.ts,056,P,06,NAVY,네이비,Blue,#1f4e8c,XS
N221TS056P06S,N221TS056P,N,NBA,22,1,SPRING,TS,C&S T-SHIRTS,cut_and_sew.ts,056,P,06,NAVY,네이비,Blue,#1f4e8c,S
N221TS056P06M,N221TS056P,N,NBA,22,1,SPRING,TS,C&S T-SHIRTS,cut_and_sew.ts,056,P,06,NAVY,네이비,Blue,#1f4e8c,M
N221TS056P06L,N221TS056P,N,NBA,22,1,SPRING,TS,C&S T-SHIRTS,cut_and_sew.ts,056,P,06,NAVY,네이비,Blue,#1f4e8c,L
N221TS056P06XL,N221TS056P,N,NBA,22,1,SPRING,TS,C&S T-SHIRTS,cut_and_sew.ts,056,P,06,NAVY,네이비,Blue,#1f4e8c,XL
N221TS056P06XXL,N221TS056P,N,NBA,22,1,SPRING,TS,C&S T-SHIRTS,cut_and_sew.ts,056,P,06,NAVY,네이비,Blue,#1f4e8c,XXL
N221TS056P063XL,N221TS056P,N,NBA,22,1,SPRING,TS,C&S T-SHIRTS,cut_and_sew.ts,056,P,06,NAVY,네이비,Blue,#1f4e8c,3XL
N221TS056P06F,N221TS056P,N,NBA,22,1,SPRING,TS,C&S T-SHIRTS,cut_and_sew.ts,056,P,06,NAVY,네이비,Blue,#1f4e8c,F
N221TS057P19XS,N221TS057P,N,NBA,22,1,SPRING,TS,C&S T-SHIRTS,cut_and_sew.ts,057,P,19,BLACK,블랙,Black,#1a1a1a,XS
N221TS057P19S,N221TS057P,N,NBA,22,1,SPRING,TS,C&S T-SHIRTS,cut_and_sew.ts,057,P,19,BLACK,블랙,Black,#1a1a1a,S
N221TS057P19M,N221TS057P,N,NBA,22,1,SPRING,TS,C&S T-SHIRTS,cut_and_sew.ts,057,P,19,BLACK,블랙,Black,#1a1a1a,M
N221TS057P19L,N221TS057P,N,NBA,22,1,SPRING,TS,C&S T-SHIRTS,cut_and_sew.ts,057,P,19,BLACK,블랙,Black,#1a1a1a,L
N221TS057P19XL,N221TS057P,N,NBA,22,1,SPRING,TS,C&S T-SHIRTS,cut_and_sew.ts,057,P,19,BLACK,블랙,Black,#1a1a1a,XL
N221TS057P19XXL,N221TS057P,N,NBA,22,1,SPRING,TS,C&S T-SHIRTS,cut_and_sew.ts,057,P,19,BLACK,블랙,Black,#1a1a1a,XXL
N221TS057P193XL,N221TS057P,N,NBA,22,1,SPRING,TS,C&S T-SHIRTS,cut_and_sew.ts,057,P,19,BLACK,블랙,Black,#1a1a1a,3XL
N221TS057P19F,N221TS057P,N,NBA,22,1,SPRING,TS,C&S T-SHIRTS,cut_and_sew.ts,057,P,19,BLACK,블랙,Black,#1a1a1a,F
N221TS058P12XS,N221TS058P,N,NBA,22,1,SPRING,TS,C&S T-SHIRTS,cut_and_sew.ts,058,P,12,GREY,그레이,Gray,#808080,XS
N221TS058P12S,N221TS058P,N,NBA,22,1,SPRING,TS,C&S T-SHIRTS,cut_and_sew.ts,058,P,12,GREY,그레이,Gray,#808080,S
N221TS058P12M,N221TS058P,N,NBA,22,1,SPRING,TS,C&S T-SHIRTS,cut_and_sew.ts,058,P,12,GREY,그레이,Gray,#808080,M
N221TS058P12L,N221TS058P,N,NBA,22,1,SPRING,TS,C&S T-SHIRTS,cut_and_sew.ts,058,P,12,GREY,그레이,Gray,#808080,L
N221TS058P12XL,N221TS058P,N,NBA,22,1,SPRING,TS,C&S T-SHIRTS,cut_and_sew.ts,058,P,12,GREY,그레이,Gray,#808080,XL
N221TS058P12XXL,N221TS058P,N,NBA,22,1,SPRING,TS,C&S T-SHIRTS,cut_and_sew.ts,058,P,12,GREY,그레이,Gray,#808080,XXL
N221TS058P123XL,N221TS058P,N,NBA,22,1,SPRING,TS,C&S T-SHIRTS,cut_and_sew.ts,058,P,12,GREY,그레이,Gray,#808080,3XL
N221TS058P12F,N221TS058P,N,NBA,22,1,SPRING,TS,C&S T-SHIRTS,cut_and_sew.ts,058,P,12,GREY,그레이,Gray,#808080,F
N221TS059P31XS,N221TS059P,N,NBA,22,1,SPRING,TS,C&S T-SHIRTS,cut_and_sew.ts,059,P,31,PINK,핑크,Pink,#e84d8a,XS
N221TS059P31S,N221TS059P,N,NBA,22,1,SPRING,TS,C&S T-SHIRTS,cut_and_sew.ts,059,P,31,PINK,핑크,Pink,#e84d8a,S
N221TS059P31M,N221TS059P,N,NBA,22,1,SPRING,TS,C&S T-SHIRTS,cut_and_sew.ts,059,P,31,PINK,핑크,Pink,#e84d8a,M
N221TS059P31L,N221TS059P,N,NBA,22,1,SPRING,TS,C&S T-SHIRTS,cut_and_sew.ts,059,P,31,PINK,핑크,Pink,#e84d8a,L
N221TS059P31XL,N221TS059P,N,NBA,22,1,SPRING,TS,C&S T-SHIRTS,cut_and_sew.ts,059,P,31,PINK,핑크,Pink,#e84d8a,XL
N221TS059P31XXL,N221TS059P,N,NBA,22,1,SPRING,TS,C&S T-SHIRTS,cut_and_sew.ts,059,P,31,PINK,핑크,Pink,#e84d8a,XXL
N221TS059P313XL,N221TS059P,N,NBA,22,1,SPRING,TS,C&S T-SHIRTS,cut_and_sew.ts,059,P,31,PINK,핑크,Pink,#e84d8a,3XL
N221TS059P31F,N221TS059P,N,NBA,22,1,SPRING,TS,C&S T-SHIRTS,cut_and_sew.ts,059,P,31,PINK,핑크,Pink,#e84d8a,F
N221TS060P51XS,N221TS060P,N,NBA,22,1,SPRING,TS,C&S T-SHIRTS,cut_and_sew.ts,060,P,51,GREEN,그린,Green,#3f7d3a,XS
N221TS060P51S,N221TS060P,N,NBA,22,1,SPRING,TS,C&S T-SHIRTS,cut_and_sew.ts,060,P,51,GREEN,그린,Green,#3f7d3a,S
N221TS060P51M,N221TS060P,N,NBA,22,1,SPRING,TS,C&S T-SHIRTS,cut_and_sew.ts,060,P,51,GREEN,그린,Green,#3f7d3a,M
N221TS060P51L,N221TS060P,N,NBA,22,1,SPRING,TS,C&S T-SHIRTS,cut_and_sew.ts,060,P,51,GREEN,그린,Green,#3f7d3a,L
N221TS060P51XL,N221TS060P,N,NBA,22,1,SPRING,TS,C&S T-SHIRTS,cut_and_sew.ts,060,P,51,GREEN,그린,Green,#3f7d3a,XL
N221TS060P51XXL,N221TS060P,N,NBA,22,1,SPRING,TS,C&S T-SHIRTS,cut_and_sew.ts,060,P,51,GREEN,그린,Green,#3f7d3a,XXL
N221TS060P513XL,N221TS060P,N,NBA,22,1,SPRING,TS,C&S T-SHIRTS,cut_and_sew.ts,060,P,51,GREEN,그린,Green,#3f7d3a,3XL
N221TS060P51F,N221TS060P,N,NBA,22,1,SPRING,TS,C&S T-SHIRTS,cut_and_sew.ts,060,P,51,GREEN,그린,Green,#3f7d3a,F
N221TP061P0071,N221TP061P,N,NBA,22,1,SPRING,TP,C&S PANTS,cut_and_sew.tp,061,P,00,WHITE,화이트,White,#f5f5f5,71
N221TP061P0076,N221TP061P,N,NBA,22,1,SPRING,TP,C&S PANTS,cut_and_sew.tp,061,P,00,WHITE,화이트,White,#f5f5f5,76
N221TP061P0081,N221TP061P,N,NBA,22,1,SPRING,TP,C&S PANTS,cut_and_sew.tp,061,P,00,WHITE,화이트,White,#f5f5f5,81
N221TP061P0086,N221TP061P,N,NBA,22,1,SPRING,TP,C&S PANTS,cut_and_sew.tp,061,P,00,WHITE,화이트,White,#f5f5f5,86
N221TP061P0091,N221TP061P,N,NBA,22,1,SPRING,TP,C&S PANTS,cut_and_sew.tp,061,P,00,WHITE,화이트,White,#f5f5f5,91
N221TP061P00F,N221TP061P,N,NBA,22,1,SPRING,TP,C&S PANTS,cut_and_sew.tp,061,P,00,WHITE,화이트,White,#f5f5f5,F
N221TP062P0671,N221TP062P,N,NBA,22,1,SPRING,TP,C&S PANTS,cut_and_sew.tp,062,P,06,NAVY,네이비,Blue,#1f4e8c,71
N221TP062P0676,N221TP062P,N,NBA,22,1,SPRING,TP,C&S PANTS,cut_and_sew.tp,062,P,06,NAVY,네이비,Blue,#1f4e8c,76
N221TP062P0681,N221TP062P,N,NBA,22,1,SPRING,TP,C&S PANTS,cut_and_sew.tp,062,P,06,NAVY,네이비,Blue,#1f4e8c,81
N221TP062P0686,N221TP062P,N,NBA,22,1,SPRING,TP,C&S PANTS,cut_and_sew.tp,062,P,06,NAVY,네이비,Blue,#1f4e8c,86
N221TP062P0691,N221TP062P,N,NBA,22,1,SPRING,TP,C&S PANTS,cut_and_sew.tp,062,P,06,NAVY,네이비,Blue,#1f4e8c,91
N221TP062P06F,N221TP062P,N,NBA,22,1,SPRING,TP,C&S PANTS,cut_and_sew.tp,062,P,06,NAVY,네이비,Blue,#1f4e8c,F
N221TP063P1971,N221TP063P,N,NBA,22,1,SPRING,TP,C&S PANTS,cut_and_sew.tp,063,P,19,BLACK,블랙,Black,#1a1a1a,71
N221TP063P1976,N221TP063P,N,NBA,22,1,SPRING,TP,C&S PANTS,cut_and_sew.tp,063,P,19,BLACK,블랙,Black,#1a1a1a,76
N221TP063P1981,N221TP063P,N,NBA,22,1,SPRING,TP,C&S PANTS,cut_and_sew.tp,063,P,19,BLACK,블랙,Black,#1a1a1a,81
N221TP063P1986,N221TP063P,N,NBA,22,1,SPRING,TP,C&S PANTS,cut_and_sew.tp,063,P,19,BLACK,블랙,Black,#1a1a1a,86
N221TP063P1991,N221TP063P,N,NBA,22,1,SPRING,TP,C&S PANTS,cut_and_sew.tp,063,P,19,BLACK,블랙,Black,#1a1a1a,91
N221TP063P19F,N221TP063P,N,NBA,22,1,SPRING,TP,C&S PANTS,cut_and_sew.tp,063,P,19,BLACK,블랙,Black,#1a1a1a,F
N221TP064P1271,N221TP064P,N,NBA,22,1,SPRING,TP,C&S PANTS,cut_and_sew.tp,064,P,12,GREY,그레이,Gray,#808080,71
N221TP064P1276,N221TP064P,N,NBA,22,1,SPRING,TP,C&S PANTS,cut_and_sew.tp,064,P,12,GREY,그레이,Gray,#808080,76
N221TP064P1281,N221TP064P,N,NBA,22,1,SPRING,TP,C&S PANTS,cut_and_sew.tp,064,P,12,GREY,그레이,Gray,#808080,81
N221TP064P1286,N221TP064P,N,NBA,22,1,SPRING,TP,C&S PANTS,cut_and_sew.tp,064,P,12,GREY,그레이,Gray,#808080,86
N221TP064P1291,N221TP064P,N,NBA,22,1,SPRING,TP,C&S PANTS,cut_and_sew.tp,064,P,12,GREY,그레이,Gray,#808080,91
N221TP064P12F,N221TP064P,N,NBA,22,1,SPRING,TP,C&S PANTS,cut_and_sew.tp,064,P,12,GREY,그레이,Gray,#808080,F
N221TP065P3171,N221TP065P,N,NBA,22,1,SPRING,TP,C&S PANTS,cut_and_sew.tp,065,P,31,PINK,핑크,Pink,#e84d8a,71
N221TP065P3176,N221TP065P,N,NBA,22,1,SPRING,TP,C&S PANTS,cut_and_sew.tp,065,P,31,PINK,핑크,Pink,#e84d8a,76
N221TP065P3181,N221TP065P,N,NBA,22,1,SPRING,TP,C&S PANTS,cut_and_sew.tp,065,P,31,PINK,핑크,Pink,#e84d8a,81
N221TP065P3186,N221TP065P,N,NBA,22,1,SPRING,TP,C&S PANTS,cut_and_sew.tp,065,P,31,PINK,핑크,Pink,#e84d8a,86
N221TP065P3191,N221TP065P,N,NBA,22,1,SPRING,TP,C&S PANTS,cut_and_sew.tp,065,P,31,PINK,핑크,Pink,#e84d8a,91
N221TP065P31F,N221TP065P,N,NBA,22,1,SPRING,TP,C&S PANTS,cut_and_sew.tp,065,P,31,PINK,핑크,Pink,#e84d8a,F
N221TP066P5171,N221TP066P,N,NBA,22,1,SPRING,TP,C&S PANTS,cut_and_sew.tp,066,P,51,GREEN,그린,Green,#3f7d3a,71
N221TP066P5176,N221TP066P,N,NBA,22,1,SPRING,TP,C&S PANTS,cut_and_sew.tp,066,P,51,GREEN,그린,Green,#3f7d3a,76
N221TP066P5181,N221TP066P,N,NBA,22,1,SPRING,TP,C&S PANTS,cut_and_sew.tp,066,P,51,GREEN,그린,Green,#3f7d3a,81
N221TP066P5186,N221TP066P,N,NBA,22,1,SPRING,TP,C&S PANTS,cut_and_sew.tp,066,P,51,GREEN,그린,Green,#3f7d3a,86
N221TP066P5191,N221TP066P,N,NBA,22,1,SPRING,TP,C&S PANTS,cut_and_sew.tp,066,P,51,GREEN,그린,Green,#3f7d3a,91
N221TP066P51F,N221TP066P,N,NBA,22,1,SPRING,TP,C&S PANTS,cut_and_sew.tp,066,P,51,GREEN,그린,Green,#3f7d3a,F
N221AB067P00F,N221AB067P,N,NBA,22,1,SPRING,AB,ACCESSORY BAG,accessory.ab,067,P,00,WHITE,화이트,White,#f5f5f5,F
N221AB068P06F,N221AB068P,N,NBA,22,1,SPRING,AB,ACCESSORY BAG,accessory.ab,068,P,06,NAVY,네이비,Blue,#1f4e8c,F
N221AB069P19F,N221AB069P,N,NBA,22,1,SPRING,AB,ACCESSORY BAG,accessory.ab,069,P,19,BLACK,블랙,Black,#1a1a1a,F
N221AB070P12F,N221AB070P,N,NBA,22,1,SPRING,AB,ACCESSORY BAG,accessory.ab,070,P,12,GREY,그레이,Gray,#808080,F
N221AB071P31F,N221AB071P,N,NBA,22,1,SPRING,AB,ACCESSORY BAG,accessory.ab,071,P,31,PINK,핑크,Pink,#e84d8a,F
N221AB072P51F,N221AB072P,N,NBA,22,1,SPRING,AB,ACCESSORY BAG,accessory.ab,072,P,51,GREEN,그린,Green,#3f7d3a,F
N221AP073P00S,N221AP073P,N,NBA,22,1,SPRING,AP,ACCESSORY CAP,accessory.ap,073,P,00,WHITE,화이트,White,#f5f5f5,S
N221AP073P00M,N221AP073P,N,NBA,22,1,SPRING,AP,ACCESSORY CAP,accessory.ap,073,P,00,WHITE,화이트,White,#f5f5f5,M
N221AP073P00L,N221AP073P,N,NBA,22,1,SPRING,AP,ACCESSORY CAP,accessory.ap,073,P,00,WHITE,화이트,White,#f5f5f5,L
N221AP073P00F,N221AP073P,N,NBA,22,1,SPRING,AP,ACCESSORY CAP,accessory.ap,073,P,00,WHITE,화이트,White,#f5f5f5,F
N221AP074P06S,N221AP074P,N,NBA,22,1,SPRING,AP,ACCESSORY CAP,accessory.ap,074,P,06,NAVY,네이비,Blue,#1f4e8c,S
N221AP074P06M,N221AP074P,N,NBA,22,1,SPRING,AP,ACCESSORY CAP,accessory.ap,074,P,06,NAVY,네이비,Blue,#1f4e8c,M
N221AP074P06L,N221AP074P,N,NBA,22,1,SPRING,AP,ACCESSORY CAP,accessory.ap,074,P,06,NAVY,네이비,Blue,#1f4e8c,L
N221AP074P06F,N221AP074P,N,NBA,22,1,SPRING,AP,ACCESSORY CAP,accessory.ap,074,P,06,NAVY,네이비,Blue,#1f4e8c,F
N221AP075P19S,N221AP075P,N,NBA,22,1,SPRING,AP,ACCESSORY CAP,accessory.ap,075,P,19,BLACK,블랙,Black,#1a1a1a,S
N221AP075P19M,N221AP075P,N,NBA,22,1,SPRING,AP,ACCESSORY CAP,accessory.ap,075,P,19,BLACK,블랙,Black,#1a1a1a,M
N221AP075P19L,N221AP075P,N,NBA,22,1,SPRING,AP,ACCESSORY CAP,accessory.ap,075,P,19,BLACK,블랙,Black,#1a1a1a,L
N221AP075P19F,N221AP075P,N,NBA,22,1,SPRING,AP,ACCESSORY CAP,accessory.ap,075,P,19,BLACK,블랙,Black,#1a1a1a,F
N221AP076P12S,N221AP076P,N,NBA,22,1,SPRING,AP,ACCESSORY CAP,accessory.ap,076,P,12,GREY,그레이,Gray,#808080,S
N221AP076P12M,N221AP076P,N,NBA,22,1,SPRING,AP,ACCESSORY CAP,accessory.ap,076,P,12,GREY,그레이,Gray,#808080,M
N221AP076P12L,N221AP076P,N,NBA,22,1,SPRING,AP,ACCESSORY CAP,accessory.ap,076,P,12,GREY,그레이,Gray,#808080,L
N221AP076P12F,N221AP076P,N,NBA,22,1,SPRING,AP,ACCESSORY CAP,accessory.ap,076,P,12,GREY,그레이,Gray,#808080,F
N221AP077P31S,N221AP077P,N,NBA,22,1,SPRING,AP,ACCESSORY CAP,accessory.ap,077,P,31,PINK,핑크,Pink,#e84d8a,S
N221AP077P31M,N221AP077P,N,NBA,22,1,SPRING,AP,ACCESSORY CAP,accessory.ap,077,P,31,PINK,핑크,Pink,#e84d8a,M
N221AP077P31L,N221AP077P,N,NBA,22,1,SPRING,AP,ACCESSORY CAP,accessory.ap,077,P,31,PINK,핑크,Pink,#e84d8a,L
N221AP077P31F,N221AP077P,N,NBA,22,1,SPRING,AP,ACCESSORY CAP,accessory.ap,077,P,31,PINK,핑크,Pink,#e84d8a,F
N221AP078P51S,N221AP078P,N,NBA,22,1,SPRING,AP,ACCESSORY CAP,accessory.ap,078,P,51,GREEN,그린,Green,#3f7d3a,S
N221AP078P51M,N221AP078P,N,NBA,22,1,SPRING,AP,ACCESSORY CAP,accessory.ap,078,P,51,GREEN,그린,Green,#3f7d3a,M
N221AP078P51L,N221AP078P,N,NBA,22,1,SPRING,AP,ACCESSORY CAP,accessory.ap,078,P,51,GREEN,그린,Green,#3f7d3a,L
N221AP078P51F,N221AP078P,N,NBA,22,1,SPRING,AP,ACCESSORY CAP,accessory.ap,078,P,51,GREEN,그린,Green,#3f7d3a,F
N221AS079P00240,N221AS079P,N,NBA,22,1,SPRING,AS,ACCESSORY SHOES,accessory.as,079,P,00,WHITE,화이트,White,#f5f5f5,240
N221AS079P00250,N221AS079P,N,NBA,22,1,SPRING,AS,ACCESSORY SHOES,accessory.as,079,P,00,WHITE,화이트,White,#f5f5f5,250
N221AS079P00260,N221AS079P,N,NBA,22,1,SPRING,AS,ACCESSORY SHOES,accessory.as,079,P,00,WHITE,화이트,White,#f5f5f5,260
N221AS079P00270,N221AS079P,N,NBA,22,1,SPRING,AS,ACCESSORY SHOES,accessory.as,079,P,00,WHITE,화이트,White,#f5f5f5,270
N221AS079P00280,N221AS079P,N,NBA,22,1,SPRING,AS,ACCESSORY SHOES,accessory.as,079,P,00,WHITE,화이트,White,#f5f5f5,280
N221AS079P00290,N221AS079P,N,NBA,22,1,SPRING,AS,ACCESSORY SHOES,accessory.as,079,P,00,WHITE,화이트,White,#f5f5f5,290
N221AS080P06240,N221AS080P,N,NBA,22,1,SPRING,AS,ACCESSORY SHOES,accessory.as,080,P,06,NAVY,네이비,Blue,#1f4e8c,240
N221AS080P06250,N221AS080P,N,NBA,22,1,SPRING,AS,ACCESSORY SHOES,accessory.as,080,P,06,NAVY,네이비,Blue,#1f4e8c,250
N221AS080P06260,N221AS080P,N,NBA,22,1,SPRING,AS,ACCESSORY SHOES,accessory.as,080,P,06,NAVY,네이비,Blue,#1f4e8c,260
N221AS080P06270,N221AS080P,N,NBA,22,1,SPRING,AS,ACCESSORY SHOES,accessory.as,080,P,06,NAVY,네이비,Blue,#1f4e8c,270
N221AS080P06280,N221AS080P,N,NBA,22,1,SPRING,AS,ACCESSORY SHOES,accessory.as,080,P,06,NAVY,네이비,Blue,#1f4e8c,280
N221AS080P06290,N221AS080P,N,NBA,22,1,SPRING,AS,ACCESSORY SHOES,accessory.as,080,P,06,NAVY,네이비,Blue,#1f4e8c,290
N221AS081P19240,N221AS081P,N,NBA,22,1,SPRING,AS,ACCESSORY SHOES,accessory.as,081,P,19,BLACK,블랙,Black,#1a1a1a,240
N221AS081P19250,N221AS081P,N,NBA,22,1,SPRING,AS,ACCESSORY SHOES,accessory.as,081,P,19,BLACK,블랙,Black,#1a1a1a,250
N221AS081P19260,N221AS081P,N,NBA,22,1,SPRING,AS,ACCESSORY SHOES,accessory.as,081,P,19,BLACK,블랙,Black,#1a1a1a,260
N221AS081P19270,N221AS081P,N,NBA,22,1,SPRING,AS,ACCESSORY SHOES,accessory.as,081,P,19,BLACK,블랙,Black,#1a1a1a,270
N221AS081P19280,N221AS081P,N,NBA,22,1,SPRING,AS,ACCESSORY SHOES,accessory.as,081,P,19,BLACK,블랙,Black,#1a1a1a,280
N221AS081P19290,N221AS081P,N,NBA,22,1,SPRING,AS,ACCESSORY SHOES,accessory.as,081,P,19,BLACK,블랙,Black,#1a1a1a,290
N221AS082P12240,N221AS082P,N,NBA,22,1,SPRING,AS,ACCESSORY SHOES,accessory.as,082,P,12,GREY,그레이,Gray,#808080,240
N221AS082P12250,N221AS082P,N,NBA,22,1,SPRING,AS,ACCESSORY SHOES,accessory.as,082,P,12,GREY,그레이,Gray,#808080,250
N221AS082P12260,N221AS082P,N,NBA,22,1,SPRING,AS,ACCESSORY SHOES,accessory.as,082,P,12,GREY,그레이,Gray,#808080,260
N221AS082P12270,N221AS082P,N,NBA,22,1,SPRING,AS,ACCESSORY SHOES,accessory.as,082,P,12,GREY,그레이,Gray,#808080,270
N221AS082P12280,N221AS082P,N,NBA,22,1,SPRING,AS,ACCESSORY SHOES,accessory.as,082,P,12,GREY,그레이,Gray,#808080,280
N221AS082P12290,N221AS082P,N,NBA,22,1,SPRING,AS,ACCESSORY SHOES,accessory.as,082,P,12,GREY,그레이,Gray,#808080,290
N221AS083P31240,N221AS083P,N,NBA,22,1,SPRING,AS,ACCESSORY SHOES,accessory.as,083,P,31,PINK,핑크,Pink,#e84d8a,240
N221AS083P31250,N221AS083P,N,NBA,22,1,SPRING,AS,ACCESSORY SHOES,accessory.as,083,P,31,PINK,핑크,Pink,#e84d8a,250
N221AS083P31260,N221AS083P,N,NBA,22,1,SPRING,AS,ACCESSORY SHOES,accessory.as,083,P,31,PINK,핑크,Pink,#e84d8a,260
N221AS083P31270,N221AS083P,N,NBA,22,1,SPRING,AS,ACCESSORY SHOES,accessory.as,083,P,31,PINK,핑크,Pink,#e84d8a,270
N221AS083P31280,N221AS083P,N,NBA,22,1,SPRING,AS,ACCESSORY SHOES,accessory.as,083,P,31,PINK,핑크,Pink,#e84d8a,280
N221AS083P31290,N221AS083P,N,NBA,22,1,SPRING,AS,ACCESSORY SHOES,accessory.as,083,P,31,PINK,핑크,Pink,#e84d8a,290
N221AS084P51240,N221AS084P,N,NBA,22,1,SPRING,AS,ACCESSORY SHOES,accessory.as,084,P,51,GREEN,그린,Green,#3f7d3a,240
N221AS084P51250,N221AS084P,N,NBA,22,1,SPRING,AS,ACCESSORY SHOES,accessory.as,084,P,51,GREEN,그린,Green,#3f7d3a,250
N221AS084P51260,N221AS084P,N,NBA,22,1,SPRING,AS,ACCESSORY SHOES,accessory.as,084,P,51,GREEN,그린,Green,#3f7d3a,260
N221AS084P51270,N221AS084P,N,NBA,22,1,SPRING,AS,ACCESSORY SHOES,accessory.as,084,P,51,GREEN,그린,Green,#3f7d3a,270
N221AS084P51280,N221AS084P,N,NBA,22,1,SPRING,AS,ACCESSORY SHOES,accessory.as,084,P,51,GREEN,그린,Green,#3f7d3a,280
N221AS084P51290,N221AS084P,N,NBA,22,1,SPRING,AS,ACCESSORY SHOES,accessory.as,084,P,51,GREEN,그린,Green,#3f7d3a,290
N221LR085P00XS,N221LR085P,N,NBA,22,1,SPRING,LR,LEATHER REAL,leather.lr,085,P,00,WHITE,화이트,White,#f5f5f5,XS
N221LR085P00S,N221LR085P,N,NBA,22,1,SPRING,LR,LEATHER REAL,leather.lr,085,P,00,WHITE,화이트,White,#f5f5f5,S
N221LR085P00M,N221LR085P,N,NBA,22,1,SPRING,LR,LEATHER REAL,leather.lr,085,P,00,WHITE,화이트,White,#f5f5f5,M
N221LR085P00L,N221LR085P,N,NBA,22,1,SPRING,LR,LEATHER REAL,leather.lr,085,P,00,WHITE,화이트,White,#f5f5f5,L
N221LR085P00XL,N221LR085P,N,NBA,22,1,SPRING,LR,LEATHER REAL,leather.lr,085,P,00,WHITE,화이트,White,#f5f5f5,XL
N221LR085P00XXL,N221LR085P,N,NBA,22,1,SPRING,LR,LEATHER REAL,leather.lr,085,P,00,WHITE,화이트,White,#f5f5f5,XXL
N221LR085P003XL,N221LR085P,N,NBA,22,1,SPRING,LR,LEATHER REAL,leather.lr,085,P,00,WHITE,화이트,White,#f5f5f5,3XL
N221LR085P00F,N221LR085P,N,NBA,22,1,SPRING,LR,LEATHER REAL,leather.lr,085,P,00,WHITE,화이트,White,#f5f5f5,F
N221LR086P06XS,N221LR086P,N,NBA,22,1,SPRING,LR,LEATHER REAL,leather.lr,086,P,06,NAVY,네이비,Blue,#1f4e8c,XS
N221LR086P06S,N221LR086P,N,NBA,22,1,SPRING,LR,LEATHER REAL,leather.lr,086,P,06,NAVY,네이비,Blue,#1f4e8c,S
N221LR086P06M,N221LR086P,N,NBA,22,1,SPRING,LR,LEATHER REAL,leather.lr,086,P,06,NAVY,네이비,Blue,#1f4e8c,M
N221LR086P06L,N221LR086P,N,NBA,22,1,SPRING,LR,LEATHER REAL,leather.lr,086,P,06,NAVY,네이비,Blue,#1f4e8c,L
N221LR086P06XL,N221LR086P,N,NBA,22,1,SPRING,LR,LEATHER REAL,leather.lr,086,P,06,NAVY,네이비,Blue,#1f4e8c,XL
N221LR086P06XXL,N221LR086P,N,NBA,22,1,SPRING,LR,LEATHER REAL,leather.lr,086,P,06,NAVY,네이비,Blue,#1f4e8c,XXL
N221LR086P063XL,N221LR086P,N,NBA,22,1,SPRING,LR,LEATHER REAL,leather.lr,086,P,06,NAVY,네이비,Blue,#1f4e8c,3XL
N221LR086P06F,N221LR086P,N,NBA,22,1,SPRING,LR,LEATHER REAL,leather.lr,086,P,06,NAVY,네이비,Blue,#1f4e8c,F
N221LR087P19XS,N221LR087P,N,NBA,22,1,SPRING,LR,LEATHER REAL,leather.lr,087,P,19,BLACK,블랙,Black,#1a1a1a,XS
N221LR087P19S,N221LR087P,N,NBA,22,1,SPRING,LR,LEATHER REAL,leather.lr,087,P,19,BLACK,블랙,Black,#1a1a1a,S
N221LR087P19M,N221LR087P,N,NBA,22,1,SPRING,LR,LEATHER REAL,leather.lr,087,P,19,BLACK,블랙,Black,#1a1a1a,M
N221LR087P19L,N221LR087P,N,NBA,22,1,SPRING,LR,LEATHER REAL,leather.lr,087,P,19,BLACK,블랙,Black,#1a1a1a,L
N221LR087P19XL,N221LR087P,N,NBA,22,1,SPRING,LR,LEATHER REAL,leather.lr,087,P,19,BLACK,블랙,Black,#1a1a1a,XL
N221LR087P19XXL,N221LR087P,N,NBA,22,1,SPRING,LR,LEATHER REAL,leather.lr,087,P,19,BLACK,블랙,Black,#1a1a1a,XXL
N221LR087P193XL,N221LR087P,N,NBA,22,1,SPRING,LR,LEATHER REAL,leather.lr,087,P,19,BLACK,블랙,Black,#1a1a1a,3XL
N221LR087P19F,N221LR087P,N,NBA,22,1,SPRING,LR,LEATHER REAL,leather.lr,087,P,19,BLACK,블랙,Black,#1a1a1a,F
N221LR088P12XS,N221LR088P,N,NBA,22,1,SPRING,LR,LEATHER REAL,leather.lr,088,P,12,GREY,그레이,Gray,#808080,XS
N221LR088P12S,N221LR088P,N,NBA,22,1,SPRING,LR,LEATHER REAL,leather.lr,088,P,12,GREY,그레이,Gray,#808080,S
N221LR088P12M,N221LR088P,N,NBA,22,1,SPRING,LR,LEATHER REAL,leather.lr,088,P,12,GREY,그레이,Gray,#808080,M
N221LR088P12L,N221LR088P,N,NBA,22,1,SPRING,LR,LEATHER REAL,leather.lr,088,P,12,GREY,그레이,Gray,#808080,L
N221LR088P12XL,N221LR088P,N,NBA,22,1,SPRING,LR,LEATHER REAL,leather.lr,088,P,12,GREY,그레이,Gray,#808080,XL
N221LR088P12XXL,N221LR088P,N,NBA,22,1,SPRING,LR,LEATHER REAL,leather.lr,088,P,12,GREY,그레이,Gray,#808080,XXL
N221LR088P123XL,N221LR088P,N,NBA,22,1,SPRING,LR,LEATHER REAL,leather.lr,088,P,12,GREY,그레이,Gray,#808080,3XL
N221LR088P12F,N221LR088P,N,NBA,22,1,SPRING,LR,LEATHER REAL,leather.lr,088,P,12,GREY,그레이,Gray,#808080,F
N221LR089P31XS,N221LR089P,N,NBA,22,1,SPRING,LR,LEATHER REAL,leather.lr,089,P,31,PINK,핑크,Pink,#e84d8a,XS
N221LR089P31S,N221LR089P,N,NBA,22,1,SPRING,LR,LEATHER REAL,leather.lr,089,P,31,PINK,핑크,Pink,#e84d8a,S
N221LR089P31M,N221LR089P,N,NBA,22,1,SPRING,LR,LEATHER REAL,leather.lr,089,P,31,PINK,핑크,Pink,#e84d8a,M
N221LR089P31L,N221LR089P,N,NBA,22,1,SPRING,LR,LEATHER REAL,leather.lr,089,P,31,PINK,핑크,Pink,#e84d8a,L
N221LR089P31XL,N221LR089P,N,NBA,22,1,SPRING,LR,LEATHER REAL,leather.lr,089,P,31,PINK,핑크,Pink,#e84d8a,XL
N221LR089P31XXL,N221LR089P,N,NBA,22,1,SPRING,LR,LEATHER REAL,leather.lr,089,P,31,PINK,핑크,Pink,#e84d8a,XXL
N221LR089P313XL,N221LR089P,N,NBA,22,1,SPRING,LR,LEATHER REAL,leather.lr,089,P,31,PINK,핑크,Pink,#e84d8a,3XL
N221LR089P31F,N221LR089P,N,NBA,22,1,SPRING,LR,LEATHER REAL,leather.lr,089,P,31,PINK,핑크,Pink,#e84d8a,F
N221LR090P51XS,N221LR090P,N,NBA,22,1,SPRING,LR,LEATHER REAL,leather.lr,090,P,51,GREEN,그린,Green,#3f7d3a,XS
N221LR090P51S,N221LR090P,N,NBA,22,1,SPRING,LR,LEATHER REAL,leather.lr,090,P,51,GREEN,그린,Green,#3f7d3a,S
N221LR090P51M,N221LR090P,N,NBA,22,1,SPRING,LR,LEATHER REAL,leather.lr,090,P,51,GREEN,그린,Green,#3f7d3a,M
N221LR090P51L,N221LR090P,N,NBA,22,1,SPRING,LR,LEATHER REAL,leather.lr,090,P,51,GREEN,그린,Green,#3f7d3a,L
N221LR090P51XL,N221LR090P,N,NBA,22,1,SPRING,LR,LEATHER REAL,leather.lr,090,P,51,GREEN,그린,Green,#3f7d3a,XL
N221LR090P51XXL,N221LR090P,N,NBA,22,1,SPRING,LR,LEATHER REAL,leather.lr,090,P,51,GREEN,그린,Green,#3f7d3a,XXL
N221LR090P513XL,N221LR090P,N,NBA,22,1,SPRING,LR,LEATHER REAL,leather.lr,090,P,51,GREEN,그린,Green,#3f7d3a,3XL
N221LR090P51F,N221LR090P,N,NBA,22,1,SPRING,LR,LEATHER REAL,leather.lr,090,P,51,GREEN,그린,Green,#3f7d3a,F
L221DC001P0080,L221DC001P,L,LPGA,22,1,SPRING,DC,DENIM COAT,denim.dc,001,P,00,WHITE,화이트,White,#f5f5f5,80
L221DC001P0085,L221DC001P,L,LPGA,22,1,SPRING,DC,DENIM COAT,denim.dc,001,P,00,WHITE,화이트,White,#f5f5f5,85
L221DC001P0090,L221DC001P,L,LPGA,22,1,SPRING,DC,DENIM COAT,denim.dc,001,P,00,WHITE,화이트,White,#f5f5f5,90
L221DC001P0095,L221DC001P,L,LPGA,22,1,SPRING,DC,DENIM COAT,denim.dc,001,P,00,WHITE,화이트,White,#f5f5f5,95
L221DC001P00100,L221DC001P,L,LPGA,22,1,SPRING,DC,DENIM COAT,denim.dc,001,P,00,WHITE,화이트,White,#f5f5f5,100
L221DC001P00110,L221DC001P,L,LPGA,22,1,SPRING,DC,DENIM COAT,denim.dc,001,P,00,WHITE,화이트,White,#f5f5f5,110
L221DC002P0680,L221DC002P,L,LPGA,22,1,SPRING,DC,DENIM COAT,denim.dc,002,P,06,NAVY,네이비,Blue,#1f4e8c,80
L221DC002P0685,L221DC002P,L,LPGA,22,1,SPRING,DC,DENIM COAT,denim.dc,002,P,06,NAVY,네이비,Blue,#1f4e8c,85
L221DC002P0690,L221DC002P,L,LPGA,22,1,SPRING,DC,DENIM COAT,denim.dc,002,P,06,NAVY,네이비,Blue,#1f4e8c,90
L221DC002P0695,L221DC002P,L,LPGA,22,1,SPRING,DC,DENIM COAT,denim.dc,002,P,06,NAVY,네이비,Blue,#1f4e8c,95
L221DC002P06100,L221DC002P,L,LPGA,22,1,SPRING,DC,DENIM COAT,denim.dc,002,P,06,NAVY,네이비,Blue,#1f4e8c,100
L221DC002P06110,L221DC002P,L,LPGA,22,1,SPRING,DC,DENIM COAT,denim.dc,002,P,06,NAVY,네이비,Blue,#1f4e8c,110
L221DC003P1980,L221DC003P,L,LPGA,22,1,SPRING,DC,DENIM COAT,denim.dc,003,P,19,BLACK,블랙,Black,#1a1a1a,80
L221DC003P1985,L221DC003P,L,LPGA,22,1,SPRING,DC,DENIM COAT,denim.dc,003,P,19,BLACK,블랙,Black,#1a1a1a,85
L221DC003P1990,L221DC003P,L,LPGA,22,1,SPRING,DC,DENIM COAT,denim.dc,003,P,19,BLACK,블랙,Black,#1a1a1a,90
L221DC003P1995,L221DC003P,L,LPGA,22,1,SPRING,DC,DENIM COAT,denim.dc,003,P,19,BLACK,블랙,Black,#1a1a1a,95
L221DC003P19100,L221DC003P,L,LPGA,22,1,SPRING,DC,DENIM COAT,denim.dc,003,P,19,BLACK,블랙,Black,#1a1a1a,100
L221DC003P19110,L221DC003P,L,LPGA,22,1,SPRING,DC,DENIM COAT,denim.dc,003,P,19,BLACK,블랙,Black,#1a1a1a,110
L221DC004P1280,L221DC004P,L,LPGA,22,1,SPRING,DC,DENIM COAT,denim.dc,004,P,12,GREY,그레이,Gray,#808080,80
L221DC004P1285,L221DC004P,L,LPGA,22,1,SPRING,DC,DENIM COAT,denim.dc,004,P,12,GREY,그레이,Gray,#808080,85
L221DC004P1290,L221DC004P,L,LPGA,22,1,SPRING,DC,DENIM COAT,denim.dc,004,P,12,GREY,그레이,Gray,#808080,90
L221DC004P1295,L221DC004P,L,LPGA,22,1,SPRING,DC,DENIM COAT,denim.dc,004,P,12,GREY,그레이,Gray,#808080,95
L221DC004P12100,L221DC004P,L,LPGA,22,1,SPRING,DC,DENIM COAT,denim.dc,004,P,12,GREY,그레이,Gray,#808080,100
L221DC004P12110,L221DC004P,L,LPGA,22,1,SPRING,DC,DENIM COAT,denim.dc,004,P,12,GREY,그레이,Gray,#808080,110
L221DC005P3180,L221DC005P,L,LPGA,22,1,SPRING,DC,DENIM COAT,denim.dc,005,P,31,PINK,핑크,Pink,#e84d8a,80
L221DC005P3185,L221DC005P,L,LPGA,22,1,SPRING,DC,DENIM COAT,denim.dc,005,P,31,PINK,핑크,Pink,#e84d8a,85
L221DC005P3190,L221DC005P,L,LPGA,22,1,SPRING,DC,DENIM COAT,denim.dc,005,P,31,PINK,핑크,Pink,#e84d8a,90
L221DC005P3195,L221DC005P,L,LPGA,22,1,SPRING,DC,DENIM COAT,denim.dc,005,P,31,PINK,핑크,Pink,#e84d8a,95
L221DC005P31100,L221DC005P,L,LPGA,22,1,SPRING,DC,DENIM COAT,denim.dc,005,P,31,PINK,핑크,Pink,#e84d8a,100
L221DC005P31110,L221DC005P,L,LPGA,22,1,SPRING,DC,DENIM COAT,denim.dc,005,P,31,PINK,핑크,Pink,#e84d8a,110
L221DC006P5180,L221DC006P,L,LPGA,22,1,SPRING,DC,DENIM COAT,denim.dc,006,P,51,GREEN,그린,Green,#3f7d3a,80
L221DC006P5185,L221DC006P,L,LPGA,22,1,SPRING,DC,DENIM COAT,denim.dc,006,P,51,GREEN,그린,Green,#3f7d3a,85
L221DC006P5190,L221DC006P,L,LPGA,22,1,SPRING,DC,DENIM COAT,denim.dc,006,P,51,GREEN,그린,Green,#3f7d3a,90
L221DC006P5195,L221DC006P,L,LPGA,22,1,SPRING,DC,DENIM COAT,denim.dc,006,P,51,GREEN,그린,Green,#3f7d3a,95
L221DC006P51100,L221DC006P,L,LPGA,22,1,SPRING,DC,DENIM COAT,denim.dc,006,P,51,GREEN,그린,Green,#3f7d3a,100
L221DC006P51110,L221DC006P,L,LPGA,22,1,SPRING,DC,DENIM COAT,denim.dc,006,P,51,GREEN,그린,Green,#3f7d3a,110
L221DJ007P0080,L221DJ007P,L,LPGA,22,1,SPRING,DJ,DENIM JACKET,denim.dj,007,P,00,WHITE,화이트,White,#f5f5f5,80
L221DJ007P0085,L221DJ007P,L,LPGA,22,1,SPRING,DJ,DENIM JACKET,denim.dj,007,P,00,WHITE,화이트,White,#f5f5f5,85
L221DJ007P0090,L221DJ007P,L,LPGA,22,1,SPRING,DJ,DENIM JACKET,denim.dj,007,P,00,WHITE,화이트,White,#f5f5f5,90
L221DJ007P0095,L221DJ007P,L,LPGA,22,1,SPRING,DJ,DENIM JACKET,denim.dj,007,P,00,WHITE,화이트,White,#f5f5f5,95
L221DJ007P00100,L221DJ007P,L,LPGA,22,1,SPRING,DJ,DENIM JACKET,denim.dj,007,P,00,WHITE,화이트,White,#f5f5f5,100
L221DJ007P00110,L221DJ007P,L,LPGA,22,1,SPRING,DJ,DENIM JACKET,denim.dj,007,P,00,WHITE,화이트,White,#f5f5f5,110
L221DJ008P0680,L221DJ008P,L,LPGA,22,1,SPRING,DJ,DENIM JACKET,denim.dj,008,P,06,NAVY,네이비,Blue,#1f4e8c,80
L221DJ008P0685,L221DJ008P,L,LPGA,22,1,SPRING,DJ,DENIM JACKET,denim.dj,008,P,06,NAVY,네이비,Blue,#1f4e8c,85
L221DJ008P0690,L221DJ008P,L,LPGA,22,1,SPRING,DJ,DENIM JACKET,denim.dj,008,P,06,NAVY,네이비,Blue,#1f4e8c,90
L221DJ008P0695,L221DJ008P,L,LPGA,22,1,SPRING,DJ,DENIM JACKET,denim.dj,008,P,06,NAVY,네이비,Blue,#1f4e8c,95
L221DJ008P06100,L221DJ008P,L,LPGA,22,1,SPRING,DJ,DENIM JACKET,denim.dj,008,P,06,NAVY,네이비,Blue,#1f4e8c,100
L221DJ008P06110,L221DJ008P,L,LPGA,22,1,SPRING,DJ,DENIM JACKET,denim.dj,008,P,06,NAVY,네이비,Blue,#1f4e8c,110
L221DJ009P1980,L221DJ009P,L,LPGA,22,1,SPRING,DJ,DENIM JACKET,denim.dj,009,P,19,BLACK,블랙,Black,#1a1a1a,80
L221DJ009P1985,L221DJ009P,L,LPGA,22,1,SPRING,DJ,DENIM JACKET,denim.dj,009,P,19,BLACK,블랙,Black,#1a1a1a,85
L221DJ009P1990,L221DJ009P,L,LPGA,22,1,SPRING,DJ,DENIM JACKET,denim.dj,009,P,19,BLACK,블랙,Black,#1a1a1a,90
L221DJ009P1995,L221DJ009P,L,LPGA,22,1,SPRING,DJ,DENIM JACKET,denim.dj,009,P,19,BLACK,블랙,Black,#1a1a1a,95
L221DJ009P19100,L221DJ009P,L,LPGA,22,1,SPRING,DJ,DENIM JACKET,denim.dj,009,P,19,BLACK,블랙,Black,#1a1a1a,100
L221DJ009P19110,L221DJ009P,L,LPGA,22,1,SPRING,DJ,DENIM JACKET,denim.dj,009,P,19,BLACK,블랙,Black,#1a1a1a,110
L221DJ010P1280,L221DJ010P,L,LPGA,22,1,SPRING,DJ,DENIM JACKET,denim.dj,010,P,12,GREY,그레이,Gray,#808080,80
L221DJ010P1285,L221DJ010P,L,LPGA,22,1,SPRING,DJ,DENIM JACKET,denim.dj,010,P,12,GREY,그레이,Gray,#808080,85
L221DJ010P1290,L221DJ010P,L,LPGA,22,1,SPRING,DJ,DENIM JACKET,denim.dj,010,P,12,GREY,그레이,Gray,#808080,90
L221DJ010P1295,L221DJ010P,L,LPGA,22,1,SPRING,DJ,DENIM JACKET,denim.dj,010,P,12,GREY,그레이,Gray,#808080,95
L221DJ010P12100,L221DJ010P,L,LPGA,22,1,SPRING,DJ,DENIM JACKET,denim.dj,010,P,12,GREY,그레이,Gray,#808080,100
L221DJ010P12110,L221DJ010P,L,LPGA,22,1,SPRING,DJ,DENIM JACKET,denim.dj,010,P,12,GREY,그레이,Gray,#808080,110
L221DJ011P3180,L221DJ011P,L,LPGA,22,1,SPRING,DJ,DENIM JACKET,denim.dj,011,P,31,PINK,핑크,Pink,#e84d8a,80
L221DJ011P3185,L221DJ011P,L,LPGA,22,1,SPRING,DJ,DENIM JACKET,denim.dj,011,P,31,PINK,핑크,Pink,#e84d8a,85
L221DJ011P3190,L221DJ011P,L,LPGA,22,1,SPRING,DJ,DENIM JACKET,denim.dj,011,P,31,PINK,핑크,Pink,#e84d8a,90
L221DJ011P3195,L221DJ011P,L,LPGA,22,1,SPRING,DJ,DENIM JACKET,denim.dj,011,P,31,PINK,핑크,Pink,#e84d8a,95
L221DJ011P31100,L221DJ011P,L,LPGA,22,1,SPRING,DJ,DENIM JACKET,denim.dj,011,P,31,PINK,핑크,Pink,#e84d8a,100
L221DJ011P31110,L221DJ011P,L,LPGA,22,1,SPRING,DJ,DENIM JACKET,denim.dj,011,P,31,PINK,핑크,Pink,#e84d8a,110
L221DJ012P5180,L221DJ012P,L,LPGA,22,1,SPRING,DJ,DENIM JACKET,denim.dj,012,P,51,GREEN,그린,Green,#3f7d3a,80
L221DJ012P5185,L221DJ012P,L,LPGA,22,1,SPRING,DJ,DENIM JACKET,denim.dj,012,P,51,GREEN,그린,Green,#3f7d3a,85
L221DJ012P5190,L221DJ012P,L,LPGA,22,1,SPRING,DJ,DENIM JACKET,denim.dj,012,P,51,GREEN,그린,Green,#3f7d3a,90
L221DJ012P5195,L221DJ012P,L,LPGA,22,1,SPRING,DJ,DENIM JACKET,denim.dj,012,P,51,GREEN,그린,Green,#3f7d3a,95
L221DJ012P51100,L221DJ012P,L,LPGA,22,1,SPRING,DJ,DENIM JACKET,denim.dj,012,P,51,GREEN,그린,Green,#3f7d3a,100
L221DJ012P51110,L221DJ012P,L,LPGA,22,1,SPRING,DJ,DENIM JACKET,denim.dj,012,P,51,GREEN,그린,Green,#3f7d3a,110
L221DP013P0066,L221DP013P,L,LPGA,22,1,SPRING,DP,DENIM PANTS,denim.dp,013,P,00,WHITE,화이트,White,#f5f5f5,66
L221DP013P0070,L221DP013P,L,LPGA,22,1,SPRING,DP,DENIM PANTS,denim.dp,013,P,00,WHITE,화이트,White,#f5f5f5,70
L221DP013P0073,L221DP013P,L,LPGA,22,1,SPRING,DP,DENIM PANTS,denim.dp,013,P,00,WHITE,화이트,White,#f5f5f5,73
L221DP013P0076,L221DP013P,L,LPGA,22,1,SPRING,DP,DENIM PANTS,denim.dp,013,P,00,WHITE,화이트,White,#f5f5f5,76
L221DP013P0079,L221DP013P,L,LPGA,22,1,SPRING,DP,DENIM PANTS,denim.dp,013,P,00,WHITE,화이트,White,#f5f5f5,79
L221DP014P0666,L221DP014P,L,LPGA,22,1,SPRING,DP,DENIM PANTS,denim.dp,014,P,06,NAVY,네이비,Blue,#1f4e8c,66
L221DP014P0670,L221DP014P,L,LPGA,22,1,SPRING,DP,DENIM PANTS,denim.dp,014,P,06,NAVY,네이비,Blue,#1f4e8c,70
L221DP014P0673,L221DP014P,L,LPGA,22,1,SPRING,DP,DENIM PANTS,denim.dp,014,P,06,NAVY,네이비,Blue,#1f4e8c,73
L221DP014P0676,L221DP014P,L,LPGA,22,1,SPRING,DP,DENIM PANTS,denim.dp,014,P,06,NAVY,네이비,Blue,#1f4e8c,76
L221DP014P0679,L221DP014P,L,LPGA,22,1,SPRING,DP,DENIM PANTS,denim.dp,014,P,06,NAVY,네이비,Blue,#1f4e8c,79
L221DP015P1966,L221DP015P,L,LPGA,22,1,SPRING,DP,DENIM PANTS,denim.dp,015,P,19,BLACK,블랙,Black,#1a1a1a,66
L221DP015P1970,L221DP015P,L,LPGA,22,1,SPRING,DP,DENIM PANTS,denim.dp,015,P,19,BLACK,블랙,Black,#1a1a1a,70
L221DP015P1973,L221DP015P,L,LPGA,22,1,SPRING,DP,DENIM PANTS,denim.dp,015,P,19,BLACK,블랙,Black,#1a1a1a,73
L221DP015P1976,L221DP015P,L,LPGA,22,1,SPRING,DP,DENIM PANTS,denim.dp,015,P,19,BLACK,블랙,Black,#1a1a1a,76
L221DP015P1979,L221DP015P,L,LPGA,22,1,SPRING,DP,DENIM PANTS,denim.dp,015,P,19,BLACK,블랙,Black,#1a1a1a,79
L221DP016P1266,L221DP016P,L,LPGA,22,1,SPRING,DP,DENIM PANTS,denim.dp,016,P,12,GREY,그레이,Gray,#808080,66
L221DP016P1270,L221DP016P,L,LPGA,22,1,SPRING,DP,DENIM PANTS,denim.dp,016,P,12,GREY,그레이,Gray,#808080,70
L221DP016P1273,L221DP016P,L,LPGA,22,1,SPRING,DP,DENIM PANTS,denim.dp,016,P,12,GREY,그레이,Gray,#808080,73
L221DP016P1276,L221DP016P,L,LPGA,22,1,SPRING,DP,DENIM PANTS,denim.dp,016,P,12,GREY,그레이,Gray,#808080,76
L221DP016P1279,L221DP016P,L,LPGA,22,1,SPRING,DP,DENIM PANTS,denim.dp,016,P,12,GREY,그레이,Gray,#808080,79
L221DP017P3166,L221DP017P,L,LPGA,22,1,SPRING,DP,DENIM PANTS,denim.dp,017,P,31,PINK,핑크,Pink,#e84d8a,66
L221DP017P3170,L221DP017P,L,LPGA,22,1,SPRING,DP,DENIM PANTS,denim.dp,017,P,31,PINK,핑크,Pink,#e84d8a,70
L221DP017P3173,L221DP017P,L,LPGA,22,1,SPRING,DP,DENIM PANTS,denim.dp,017,P,31,PINK,핑크,Pink,#e84d8a,73
L221DP017P3176,L221DP017P,L,LPGA,22,1,SPRING,DP,DENIM PANTS,denim.dp,017,P,31,PINK,핑크,Pink,#e84d8a,76
L221DP017P3179,L221DP017P,L,LPGA,22,1,SPRING,DP,DENIM PANTS,denim.dp,017,P,31,PINK,핑크,Pink,#e84d8a,79
L221DP018P5166,L221DP018P,L,LPGA,22,1,SPRING,DP,DENIM PANTS,denim.dp,018,P,51,GREEN,그린,Green,#3f7d3a,66
L221DP018P5170,L221DP018P,L,LPGA,22,1,SPRING,DP,DENIM PANTS,denim.dp,018,P,51,GREEN,그린,Green,#3f7d3a,70
L221DP018P5173,L221DP018P,L,LPGA,22,1,SPRING,DP,DENIM PANTS,denim.dp,018,P,51,GREEN,그린,Green,#3f7d3a,73
L221DP018P5176,L221DP018P,L,LPGA,22,1,SPRING,DP,DENIM PANTS,denim.dp,018,P,51,GREEN,그린,Green,#3f7d3a,76
L221DP018P5179,L221DP018P,L,LPGA,22,1,SPRING,DP,DENIM PANTS,denim.dp,018,P,51,GREEN,그린,Green,#3f7d3a,79
L221JK019P0080,L221JK019P,L,LPGA,22,1,SPRING,JK,WOVEN JACKET,woven.jk,019,P,00,WHITE,화이트,White,#f5f5f5,80
L221JK019P0085,L221JK019P,L,LPGA,22,1,SPRING,JK,WOVEN JACKET,woven.jk,019,P,00,WHITE,화이트,White,#f5f5f5,85
L221JK019P0090,L221JK019P,L,LPGA,22,1,SPRING,JK,WOVEN JACKET,woven.jk,019,P,00,WHITE,화이트,White,#f5f5f5,90
L221JK019P0095,L221JK019P,L,LPGA,22,1,SPRING,JK,WOVEN JACKET,woven.jk,019,P,00,WHITE,화이트,White,#f5f5f5,95
L221JK019P00100,L221JK019P,L,LPGA,22,1,SPRING,JK,WOVEN JACKET,woven.jk,019,P,00,WHITE,화이트,White,#f5f5f5,100
L221JK019P00110,L221JK019P,L,LPGA,22,1,SPRING,JK,WOVEN JACKET,woven.jk,019,P,00,WHITE,화이트,White,#f5f5f5,110
L221JK020P0680,L221JK020P,L,LPGA,22,1,SPRING,JK,WOVEN JACKET,woven.jk,020,P,06,NAVY,네이비,Blue,#1f4e8c,80
L221JK020P0685,L221JK020P,L,LPGA,22,1,SPRING,JK,WOVEN JACKET,woven.jk,020,P,06,NAVY,네이비,Blue,#1f4e8c,85
L221JK020P0690,L221JK020P,L,LPGA,22,1,SPRING,JK,WOVEN JACKET,woven.jk,020,P,06,NAVY,네이비,Blue,#1f4e8c,90
L221JK020P0695,L221JK020P,L,LPGA,22,1,SPRING,JK,WOVEN JACKET,woven.jk,020,P,06,NAVY,네이비,Blue,#1f4e8c,95
L221JK020P06100,L221JK020P,L,LPGA,22,1,SPRING,JK,WOVEN JACKET,woven.jk,020,P,06,NAVY,네이비,Blue,#1f4e8c,100
L221JK020P06110,L221JK020P,L,LPGA,22,1,SPRING,JK,WOVEN JACKET,woven.jk,020,P,06,NAVY,네이비,Blue,#1f4e8c,110
L221JK021P1980,L221JK021P,L,LPGA,22,1,SPRING,JK,WOVEN JACKET,woven.jk,021,P,19,BLACK,블랙,Black,#1a1a1a,80
L221JK021P1985,L221JK021P,L,LPGA,22,1,SPRING,JK,WOVEN JACKET,woven.jk,021,P,19,BLACK,블랙,Black,#1a1a1a,85
L221JK021P1990,L221JK021P,L,LPGA,22,1,SPRING,JK,WOVEN JACKET,woven.jk,021,P,19,BLACK,블랙,Black,#1a1a1a,90
L221JK021P1995,L221JK021P,L,LPGA,22,1,SPRING,JK,WOVEN JACKET,woven.jk,021,P,19,BLACK,블랙,Black,#1a1a1a,95
L221JK021P19100,L221JK021P,L,LPGA,22,1,SPRING,JK,WOVEN JACKET,woven.jk,021,P,19,BLACK,블랙,Black,#1a1a1a,100
L221JK021P19110,L221JK021P,L,LPGA,22,1,SPRING,JK,WOVEN JACKET,woven.jk,021,P,19,BLACK,블랙,Black,#1a1a1a,110
L221JK022P1280,L221JK022P,L,LPGA,22,1,SPRING,JK,WOVEN JACKET,woven.jk,022,P,12,GREY,그레이,Gray,#808080,80
L221JK022P1285,L221JK022P,L,LPGA,22,1,SPRING,JK,WOVEN JACKET,woven.jk,022,P,12,GREY,그레이,Gray,#808080,85
L221JK022P1290,L221JK022P,L,LPGA,22,1,SPRING,JK,WOVEN JACKET,woven.jk,022,P,12,GREY,그레이,Gray,#808080,90
L221JK022P1295,L221JK022P,L,LPGA,22,1,SPRING,JK,WOVEN JACKET,woven.jk,022,P,12,GREY,그레이,Gray,#808080,95
L221JK022P12100,L221JK022P,L,LPGA,22,1,SPRING,JK,WOVEN JACKET,woven.jk,022,P,12,GREY,그레이,Gray,#808080,100
L221JK022P12110,L221JK022P,L,LPGA,22,1,SPRING,JK,WOVEN JACKET,woven.jk,022,P,12,GREY,그레이,Gray,#808080,110
L221JK023P3180,L221JK023P,L,LPGA,22,1,SPRING,JK,WOVEN JACKET,woven.jk,023,P,31,PINK,핑크,Pink,#e84d8a,80
L221JK023P3185,L221JK023P,L,LPGA,22,1,SPRING,JK,WOVEN JACKET,woven.jk,023,P,31,PINK,핑크,Pink,#e84d8a,85
L221JK023P3190,L221JK023P,L,LPGA,22,1,SPRING,JK,WOVEN JACKET,woven.jk,023,P,31,PINK,핑크,Pink,#e84d8a,90
L221JK023P3195,L221JK023P,L,LPGA,22,1,SPRING,JK,WOVEN JACKET,woven.jk,023,P,31,PINK,핑크,Pink,#e84d8a,95
L221JK023P31100,L221JK023P,L,LPGA,22,1,SPRING,JK,WOVEN JACKET,woven.jk,023,P,31,PINK,핑크,Pink,#e84d8a,100
L221JK023P31110,L221JK023P,L,LPGA,22,1,SPRING,JK,WOVEN JACKET,woven.jk,023,P,31,PINK,핑크,Pink,#e84d8a,110
L221JK024P5180,L221JK024P,L,LPGA,22,1,SPRING,JK,WOVEN JACKET,woven.jk,024,P,51,GREEN,그린,Green,#3f7d3a,80
L221JK024P5185,L221JK024P,L,LPGA,22,1,SPRING,JK,WOVEN JACKET,woven.jk,024,P,51,GREEN,그린,Green,#3f7d3a,85
L221JK024P5190,L221JK024P,L,LPGA,22,1,SPRING,JK,WOVEN JACKET,woven.jk,024,P,51,GREEN,그린,Green,#3f7d3a,90
L221JK024P5195,L221JK024P,L,LPGA,22,1,SPRING,JK,WOVEN JACKET,woven.jk,024,P,51,GREEN,그린,Green,#3f7d3a,95
L221JK024P51100,L221JK024P,L,LPGA,22,1,SPRING,JK,WOVEN JACKET,woven.jk,024,P,51,GREEN,그린,Green,#3f7d3a,100
L221JK024P51110,L221JK024P,L,LPGA,22,1,SPRING,JK,WOVEN JACKET,woven.jk,024,P,51,GREEN,그린,Green,#3f7d3a,110
L221SH025P0080,L221SH025P,L,LPGA,22,1,SPRING,SH,WOVEN SHIRT,woven.sh,025,P,00,WHITE,화이트,White,#f5f5f5,80
L221SH025P0085,L221SH025P,L,LPGA,22,1,SPRING,SH,WOVEN SHIRT,woven.sh,025,P,00,WHITE,화이트,White,#f5f5f5,85
L221SH025P0090,L221SH025P,L,LPGA,22,1,SPRING,SH,WOVEN SHIRT,woven.sh,025,P,00,WHITE,화이트,White,#f5f5f5,90
L221SH025P0095,L221SH025P,L,LPGA,22,1,SPRING,SH,WOVEN SHIRT,woven.sh,025,P,00,WHITE,화이트,White,#f5f5f5,95
L221SH025P00100,L221SH025P,L,LPGA,22,1,SPRING,SH,WOVEN SHIRT,woven.sh,025,P,00,WHITE,화이트,White,#f5f5f5,100
L221SH025P00110,L221SH025P,L,LPGA,22,1,SPRING,SH,WOVEN SHIRT,woven.sh,025,P,00,WHITE,화이트,White,#f5f5f5,110
L221SH026P0680,L221SH026P,L,LPGA,22,1,SPRING,SH,WOVEN SHIRT,woven.sh,026,P,06,NAVY,네이비,Blue,#1f4e8c,80
L221SH026P0685,L221SH026P,L,LPGA,22,1,SPRING,SH,WOVEN SHIRT,woven.sh,026,P,06,NAVY,네이비,Blue,#1f4e8c,85
L221SH026P0690,L221SH026P,L,LPGA,22,1,SPRING,SH,WOVEN SHIRT,woven.sh,026,P,06,NAVY,네이비,Blue,#1f4e8c,90
L221SH026P0695,L221SH026P,L,LPGA,22,1,SPRING,SH,WOVEN SHIRT,woven.sh,026,P,06,NAVY,네이비,Blue,#1f4e8c,95
L221SH026P06100,L221SH026P,L,LPGA,22,1,SPRING,SH,WOVEN SHIRT,woven.sh,026,P,06,NAVY,네이비,Blue,#1f4e8c,100
L221SH026P06110,L221SH026P,L,LPGA,22,1,SPRING,SH,WOVEN SHIRT,woven.sh,026,P,06,NAVY,네이비,Blue,#1f4e8c,110
L221SH027P1980,L221SH027P,L,LPGA,22,1,SPRING,SH,WOVEN SHIRT,woven.sh,027,P,19,BLACK,블랙,Black,#1a1a1a,80
L221SH027P1985,L221SH027P,L,LPGA,22,1,SPRING,SH,WOVEN SHIRT,woven.sh,027,P,19,BLACK,블랙,Black,#1a1a1a,85
L221SH027P1990,L221SH027P,L,LPGA,22,1,SPRING,SH,WOVEN SHIRT,woven.sh,027,P,19,BLACK,블랙,Black,#1a1a1a,90
L221SH027P1995,L221SH027P,L,LPGA,22,1,SPRING,SH,WOVEN SHIRT,woven.sh,027,P,19,BLACK,블랙,Black,#1a1a1a,95
L221SH027P19100,L221SH027P,L,LPGA,22,1,SPRING,SH,WOVEN SHIRT,woven.sh,027,P,19,BLACK,블랙,Black,#1a1a1a,100
L221SH027P19110,L221SH027P,L,LPGA,22,1,SPRING,SH,WOVEN SHIRT,woven.sh,027,P,19,BLACK,블랙,Black,#1a1a1a,110
L221SH028P1280,L221SH028P,L,LPGA,22,1,SPRING,SH,WOVEN SHIRT,woven.sh,028,P,12,GREY,그레이,Gray,#808080,80
L221SH028P1285,L221SH028P,L,LPGA,22,1,SPRING,SH,WOVEN SHIRT,woven.sh,028,P,12,GREY,그레이,Gray,#808080,85
L221SH028P1290,L221SH028P,L,LPGA,22,1,SPRING,SH,WOVEN SHIRT,woven.sh,028,P,12,GREY,그레이,Gray,#808080,90
L221SH028P1295,L221SH028P,L,LPGA,22,1,SPRING,SH,WOVEN SHIRT,woven.sh,028,P,12,GREY,그레이,Gray,#808080,95
L221SH028P12100,L221SH028P,L,LPGA,22,1,SPRING,SH,WOVEN SHIRT,woven.sh,028,P,12,GREY,그레이,Gray,#808080,100
L221SH028P12110,L221SH028P,L,LPGA,22,1,SPRING,SH,WOVEN SHIRT,woven.sh,028,P,12,GREY,그레이,Gray,#808080,110
L221SH029P3180,L221SH029P,L,LPGA,22,1,SPRING,SH,WOVEN SHIRT,woven.sh,029,P,31,PINK,핑크,Pink,#e84d8a,80
L221SH029P3185,L221SH029P,L,LPGA,22,1,SPRING,SH,WOVEN SHIRT,woven.sh,029,P,31,PINK,핑크,Pink,#e84d8a,85
L221SH029P3190,L221SH029P,L,LPGA,22,1,SPRING,SH,WOVEN SHIRT,woven.sh,029,P,31,PINK,핑크,Pink,#e84d8a,90
L221SH029P3195,L221SH029P,L,LPGA,22,1,SPRING,SH,WOVEN SHIRT,woven.sh,029,P,31,PINK,핑크,Pink,#e84d8a,95
L221SH029P31100,L221SH029P,L,LPGA,22,1,SPRING,SH,WOVEN SHIRT,woven.sh,029,P,31,PINK,핑크,Pink,#e84d8a,100
L221SH029P31110,L221SH029P,L,LPGA,22,1,SPRING,SH,WOVEN SHIRT,woven.sh,029,P,31,PINK,핑크,Pink,#e84d8a,110
L221SH030P5180,L221SH030P,L,LPGA,22,1,SPRING,SH,WOVEN SHIRT,woven.sh,030,P,51,GREEN,그린,Green,#3f7d3a,80
L221SH030P5185,L221SH030P,L,LPGA,22,1,SPRING,SH,WOVEN SHIRT,woven.sh,030,P,51,GREEN,그린,Green,#3f7d3a,85
L221SH030P5190,L221SH030P,L,LPGA,22,1,SPRING,SH,WOVEN SHIRT,woven.sh,030,P,51,GREEN,그린,Green,#3f7d3a,90
L221SH030P5195,L221SH030P,L,LPGA,22,1,SPRING,SH,WOVEN SHIRT,woven.sh,030,P,51,GREEN,그린,Green,#3f7d3a,95
L221SH030P51100,L221SH030P,L,LPGA,22,1,SPRING,SH,WOVEN SHIRT,woven.sh,030,P,51,GREEN,그린,Green,#3f7d3a,100
L221SH030P51110,L221SH030P,L,LPGA,22,1,SPRING,SH,WOVEN SHIRT,woven.sh,030,P,51,GREEN,그린,Green,#3f7d3a,110
L221PT031P0066,L221PT031P,L,LPGA,22,1,SPRING,PT,WOVEN PANTS,woven.pt,031,P,00,WHITE,화이트,White,#f5f5f5,66
L221PT031P0070,L221PT031P,L,LPGA,22,1,SPRING,PT,WOVEN PANTS,woven.pt,031,P,00,WHITE,화이트,White,#f5f5f5,70
L221PT031P0073,L221PT031P,L,LPGA,22,1,SPRING,PT,WOVEN PANTS,woven.pt,031,P,00,WHITE,화이트,White,#f5f5f5,73
L221PT031P0076,L221PT031P,L,LPGA,22,1,SPRING,PT,WOVEN PANTS,woven.pt,031,P,00,WHITE,화이트,White,#f5f5f5,76
L221PT031P0079,L221PT031P,L,LPGA,22,1,SPRING,PT,WOVEN PANTS,woven.pt,031,P,00,WHITE,화이트,White,#f5f5f5,79
L221PT032P0666,L221PT032P,L,LPGA,22,1,SPRING,PT,WOVEN PANTS,woven.pt,032,P,06,NAVY,네이비,Blue,#1f4e8c,66
L221PT032P0670,L221PT032P,L,LPGA,22,1,SPRING,PT,WOVEN PANTS,woven.pt,032,P,06,NAVY,네이비,Blue,#1f4e8c,70
L221PT032P0673,L221PT032P,L,LPGA,22,1,SPRING,PT,WOVEN PANTS,woven.pt,032,P,06,NAVY,네이비,Blue,#1f4e8c,73
L221PT032P0676,L221PT032P,L,LPGA,22,1,SPRING,PT,WOVEN PANTS,woven.pt,032,P,06,NAVY,네이비,Blue,#1f4e8c,76
L221PT032P0679,L221PT032P,L,LPGA,22,1,SPRING,PT,WOVEN PANTS,woven.pt,032,P,06,NAVY,네이비,Blue,#1f4e8c,79
L221PT033P1966,L221PT033P,L,LPGA,22,1,SPRING,PT,WOVEN PANTS,woven.pt,033,P,19,BLACK,블랙,Black,#1a1a1a,66
L221PT033P1970,L221PT033P,L,LPGA,22,1,SPRING,PT,WOVEN PANTS,woven.pt,033,P,19,BLACK,블랙,Black,#1a1a1a,70
L221PT033P1973,L221PT033P,L,LPGA,22,1,SPRING,PT,WOVEN PANTS,woven.pt,033,P,19,BLACK,블랙,Black,#1a1a1a,73
L221PT033P1976,L221PT033P,L,LPGA,22,1,SPRING,PT,WOVEN PANTS,woven.pt,033,P,19,BLACK,블랙,Black,#1a1a1a,76
L221PT033P1979,L221PT033P,L,LPGA,22,1,SPRING,PT,WOVEN PANTS,woven.pt,033,P,19,BLACK,블랙,Black,#1a1a1a,79
L221PT034P1266,L221PT034P,L,LPGA,22,1,SPRING,PT,WOVEN PANTS,woven.pt,034,P,12,GREY,그레이,Gray,#808080,66
L221PT034P1270,L221PT034P,L,LPGA,22,1,SPRING,PT,WOVEN PANTS,woven.pt,034,P,12,GREY,그레이,Gray,#808080,70
L221PT034P1273,L221PT034P,L,LPGA,22,1,SPRING,PT,WOVEN PANTS,woven.pt,034,P,12,GREY,그레이,Gray,#808080,73
L221PT034P1276,L221PT034P,L,LPGA,22,1,SPRING,PT,WOVEN PANTS,woven.pt,034,P,12,GREY,그레이,Gray,#808080,76
L221PT034P1279,L221PT034P,L,LPGA,22,1,SPRING,PT,WOVEN PANTS,woven.pt,034,P,12,GREY,그레이,Gray,#808080,79
L221PT035P3166,L221PT035P,L,LPGA,22,1,SPRING,PT,WOVEN PANTS,woven.pt,035,P,31,PINK,핑크,Pink,#e84d8a,66
L221PT035P3170,L221PT035P,L,LPGA,22,1,SPRING,PT,WOVEN PANTS,woven.pt,035,P,31,PINK,핑크,Pink,#e84d8a,70
L221PT035P3173,L221PT035P,L,LPGA,22,1,SPRING,PT,WOVEN PANTS,woven.pt,035,P,31,PINK,핑크,Pink,#e84d8a,73
L221PT035P3176,L221PT035P,L,LPGA,22,1,SPRING,PT,WOVEN PANTS,woven.pt,035,P,31,PINK,핑크,Pink,#e84d8a,76
L221PT035P3179,L221PT035P,L,LPGA,22,1,SPRING,PT,WOVEN PANTS,woven.pt,035,P,31,PINK,핑크,Pink,#e84d8a,79
L221PT036P5166,L221PT036P,L,LPGA,22,1,SPRING,PT,WOVEN PANTS,woven.pt,036,P,51,GREEN,그린,Green,#3f7d3a,66
L221PT036P5170,L221PT036P,L,LPGA,22,1,SPRING,PT,WOVEN PANTS,woven.pt,036,P,51,GREEN,그린,Green,#3f7d3a,70
L221PT036P5173,L221PT036P,L,LPGA,22,1,SPRING,PT,WOVEN PANTS,woven.pt,036,P,51,GREEN,그린,Green,#3f7d3a,73
L221PT036P5176,L221PT036P,L,LPGA,22,1,SPRING,PT,WOVEN PANTS,woven.pt,036,P,51,GREEN,그린,Green,#3f7d3a,76
L221PT036P5179,L221PT036P,L,LPGA,22,1,SPRING,PT,WOVEN PANTS,woven.pt,036,P,51,GREEN,그린,Green,#3f7d3a,79
L221OP037P0080,L221OP037P,L,LPGA,22,1,SPRING,OP,WOVEN ONE PIECE,woven.op,037,P,00,WHITE,화이트,White,#f5f5f5,80
L221OP037P0085,L221OP037P,L,LPGA,22,1,SPRING,OP,WOVEN ONE PIECE,woven.op,037,P,00,WHITE,화이트,White,#f5f5f5,85
L221OP037P0090,L221OP037P,L,LPGA,22,1,SPRING,OP,WOVEN ONE PIECE,woven.op,037,P,00,WHITE,화이트,White,#f5f5f5,90
L221OP037P0095,L221OP037P,L,LPGA,22,1,SPRING,OP,WOVEN ONE PIECE,woven.op,037,P,00,WHITE,화이트,White,#f5f5f5,95
L221OP037P00100,L221OP037P,L,LPGA,22,1,SPRING,OP,WOVEN ONE PIECE,woven.op,037,P,00,WHITE,화이트,White,#f5f5f5,100
L221OP037P00110,L221OP037P,L,LPGA,22,1,SPRING,OP,WOVEN ONE PIECE,woven.op,037,P,00,WHITE,화이트,White,#f5f5f5,110
L221OP038P0680,L221OP038P,L,LPGA,22,1,SPRING,OP,WOVEN ONE PIECE,woven.op,038,P,06,NAVY,네이비,Blue,#1f4e8c,80
L221OP038P0685,L221OP038P,L,LPGA,22,1,SPRING,OP,WOVEN ONE PIECE,woven.op,038,P,06,NAVY,네이비,Blue,#1f4e8c,85
L221OP038P0690,L221OP038P,L,LPGA,22,1,SPRING,OP,WOVEN ONE PIECE,woven.op,038,P,06,NAVY,네이비,Blue,#1f4e8c,90
L221OP038P0695,L221OP038P,L,LPGA,22,1,SPRING,OP,WOVEN ONE PIECE,woven.op,038,P,06,NAVY,네이비,Blue,#1f4e8c,95
L221OP038P06100,L221OP038P,L,LPGA,22,1,SPRING,OP,WOVEN ONE PIECE,woven.op,038,P,06,NAVY,네이비,Blue,#1f4e8c,100
L221OP038P06110,L221OP038P,L,LPGA,22,1,SPRING,OP,WOVEN ONE PIECE,woven.op,038,P,06,NAVY,네이비,Blue,#1f4e8c,110
L221OP039P1980,L221OP039P,L,LPGA,22,1,SPRING,OP,WOVEN ONE PIECE,woven.op,039,P,19,BLACK,블랙,Black,#1a1a1a,80
L221OP039P1985,L221OP039P,L,LPGA,22,1,SPRING,OP,WOVEN ONE PIECE,woven.op,039,P,19,BLACK,블랙,Black,#1a1a1a,85
L221OP039P1990,L221OP039P,L,LPGA,22,1,SPRING,OP,WOVEN ONE PIECE,woven.op,039,P,19,BLACK,블랙,Black,#1a1a1a,90
L221OP039P1995,L221OP039P,L,LPGA,22,1,SPRING,OP,WOVEN ONE PIECE,woven.op,039,P,19,BLACK,블랙,Black,#1a1a1a,95
L221OP039P19100,L221OP039P,L,LPGA,22,1,SPRING,OP,WOVEN ONE PIECE,woven.op,039,P,19,BLACK,블랙,Black,#1a1a1a,100
L221OP039P19110,L221OP039P,L,LPGA,22,1,SPRING,OP,WOVEN ONE PIECE,woven.op,039,P,19,BLACK,블랙,Black,#1a1a1a,110
L221OP040P1280,L221OP040P,L,LPGA,22,1,SPRING,OP,WOVEN ONE PIECE,woven.op,040,P,12,GREY,그레이,Gray,#808080,80
L221OP040P1285,L221OP040P,L,LPGA,22,1,SPRING,OP,WOVEN ONE PIECE,woven.op,040,P,12,GREY,그레이,Gray,#808080,85
L221OP040P1290,L221OP040P,L,LPGA,22,1,SPRING,OP,WOVEN ONE PIECE,woven.op,040,P,12,GREY,그레이,Gray,#808080,90
L221OP040P1295,L221OP040P,L,LPGA,22,1,SPRING,OP,WOVEN ONE PIECE,woven.op,040,P,12,GREY,그레이,Gray,#808080,95
L221OP040P12100,L221OP040P,L,LPGA,22,1,SPRING,OP,WOVEN ONE PIECE,woven.op,040,P,12,GREY,그레이,Gray,#808080,100
L221OP040P12110,L221OP040P,L,LPGA,22,1,SPRING,OP,WOVEN ONE PIECE,woven.op,040,P,12,GREY,그레이,Gray,#808080,110
L221OP041P3180,L221OP041P,L,LPGA,22,1,SPRING,OP,WOVEN ONE PIECE,woven.op,041,P,31,PINK,핑크,Pink,#e84d8a,80
L221OP041P3185,L221OP041P,L,LPGA,22,1,SPRING,OP,WOVEN ONE PIECE,woven.op,041,P,31,PINK,핑크,Pink,#e84d8a,85
L221OP041P3190,L221OP041P,L,LPGA,22,1,SPRING,OP,WOVEN ONE PIECE,woven.op,041,P,31,PINK,핑크,Pink,#e84d8a,90
L221OP041P3195,L221OP041P,L,LPGA,22,1,SPRING,OP,WOVEN ONE PIECE,woven.op,041,P,31,PINK,핑크,Pink,#e84d8a,95
L221OP041P31100,L221OP041P,L,LPGA,22,1,SPRING,OP,WOVEN ONE PIECE,woven.op,041,P,31,PINK,핑크,Pink,#e84d8a,100
L221OP041P31110,L221OP041P,L,LPGA,22,1,SPRING,OP,WOVEN ONE PIECE,woven.op,041,P,31,PINK,핑크,Pink,#e84d8a,110
L221OP042P5180,L221OP042P,L,LPGA,22,1,SPRING,OP,WOVEN ONE PIECE,woven.op,042,P,51,GREEN,그린,Green,#3f7d3a,80
L221OP042P5185,L221OP042P,L,LPGA,22,1,SPRING,OP,WOVEN ONE PIECE,woven.op,042,P,51,GREEN,그린,Green,#3f7d3a,85
L221OP042P5190,L221OP042P,L,LPGA,22,1,SPRING,OP,WOVEN ONE PIECE,woven.op,042,P,51,GREEN,그린,Green,#3f7d3a,90
L221OP042P5195,L221OP042P,L,LPGA,22,1,SPRING,OP,WOVEN ONE PIECE,woven.op,042,P,51,GREEN,그린,Green,#3f7d3a,95
L221OP042P51100,L221OP042P,L,LPGA,22,1,SPRING,OP,WOVEN ONE PIECE,woven.op,042,P,51,GREEN,그린,Green,#3f7d3a,100
L221OP042P51110,L221OP042P,L,LPGA,22,1,SPRING,OP,WOVEN ONE PIECE,woven.op,042,P,51,GREEN,그린,Green,#3f7d3a,110
L221KC043P0080,L221KC043P,L,LPGA,22,1,SPRING,KC,KNIT CARDIGAN,knit.kc,043,P,00,WHITE,화이트,White,#f5f5f5,80
L221KC043P0085,L221KC043P,L,LPGA,22,1,SPRING,KC,KNIT CARDIGAN,knit.kc,043,P,00,WHITE,화이트,White,#f5f5f5,85
L221KC043P0090,L221KC043P,L,LPGA,22,1,SPRING,KC,KNIT CARDIGAN,knit.kc,043,P,00,WHITE,화이트,White,#f5f5f5,90
L221KC043P0095,L221KC043P,L,LPGA,22,1,SPRING,KC,KNIT CARDIGAN,knit.kc,043,P,00,WHITE,화이트,White,#f5f5f5,95
L221KC043P00100,L221KC043P,L,LPGA,22,1,SPRING,KC,KNIT CARDIGAN,knit.kc,043,P,00,WHITE,화이트,White,#f5f5f5,100
L221KC043P00110,L221KC043P,L,LPGA,22,1,SPRING,KC,KNIT CARDIGAN,knit.kc,043,P,00,WHITE,화이트,White,#f5f5f5,110
L221KC044P0680,L221KC044P,L,LPGA,22,1,SPRING,KC,KNIT CARDIGAN,knit.kc,044,P,06,NAVY,네이비,Blue,#1f4e8c,80
L221KC044P0685,L221KC044P,L,LPGA,22,1,SPRING,KC,KNIT CARDIGAN,knit.kc,044,P,06,NAVY,네이비,Blue,#1f4e8c,85
L221KC044P0690,L221KC044P,L,LPGA,22,1,SPRING,KC,KNIT CARDIGAN,knit.kc,044,P,06,NAVY,네이비,Blue,#1f4e8c,90
L221KC044P0695,L221KC044P,L,LPGA,22,1,SPRING,KC,KNIT CARDIGAN,knit.kc,044,P,06,NAVY,네이비,Blue,#1f4e8c,95
L221KC044P06100,L221KC044P,L,LPGA,22,1,SPRING,KC,KNIT CARDIGAN,knit.kc,044,P,06,NAVY,네이비,Blue,#1f4e8c,100
L221KC044P06110,L221KC044P,L,LPGA,22,1,SPRING,KC,KNIT CARDIGAN,knit.kc,044,P,06,NAVY,네이비,Blue,#1f4e8c,110
L221KC045P1980,L221KC045P,L,LPGA,22,1,SPRING,KC,KNIT CARDIGAN,knit.kc,045,P,19,BLACK,블랙,Black,#1a1a1a,80
L221KC045P1985,L221KC045P,L,LPGA,22,1,SPRING,KC,KNIT CARDIGAN,knit.kc,045,P,19,BLACK,블랙,Black,#1a1a1a,85
L221KC045P1990,L221KC045P,L,LPGA,22,1,SPRING,KC,KNIT CARDIGAN,knit.kc,045,P,19,BLACK,블랙,Black,#1a1a1a,90
L221KC045P1995,L221KC045P,L,LPGA,22,1,SPRING,KC,KNIT CARDIGAN,knit.kc,045,P,19,BLACK,블랙,Black,#1a1a1a,95
L221KC045P19100,L221KC045P,L,LPGA,22,1,SPRING,KC,KNIT CARDIGAN,knit.kc,045,P,19,BLACK,블랙,Black,#1a1a1a,100
L221KC045P19110,L221KC045P,L,LPGA,22,1,SPRING,KC,KNIT CARDIGAN,knit.kc,045,P,19,BLACK,블랙,Black,#1a1a1a,110
L221KC046P1280,L221KC046P,L,LPGA,22,1,SPRING,KC,KNIT CARDIGAN,knit.kc,046,P,12,GREY,그레이,Gray,#808080,80
L221KC046P1285,L221KC046P,L,LPGA,22,1,SPRING,KC,KNIT CARDIGAN,knit.kc,046,P,12,GREY,그레이,Gray,#808080,85
L221KC046P1290,L221KC046P,L,LPGA,22,1,SPRING,KC,KNIT CARDIGAN,knit.kc,046,P,12,GREY,그레이,Gray,#808080,90
L221KC046P1295,L221KC046P,L,LPGA,22,1,SPRING,KC,KNIT CARDIGAN,knit.kc,046,P,12,GREY,그레이,Gray,#808080,95
L221KC046P12100,L221KC046P,L,LPGA,22,1,SPRING,KC,KNIT CARDIGAN,knit.kc,046,P,12,GREY,그레이,Gray,#808080,100
L221KC046P12110,L221KC046P,L,LPGA,22,1,SPRING,KC,KNIT CARDIGAN,knit.kc,046,P,12,GREY,그레이,Gray,#808080,110
L221KC047P3180,L221KC047P,L,LPGA,22,1,SPRING,KC,KNIT CARDIGAN,knit.kc,047,P,31,PINK,핑크,Pink,#e84d8a,80
L221KC047P3185,L221KC047P,L,LPGA,22,1,SPRING,KC,KNIT CARDIGAN,knit.kc,047,P,31,PINK,핑크,Pink,#e84d8a,85
L221KC047P3190,L221KC047P,L,LPGA,22,1,SPRING,KC,KNIT CARDIGAN,knit.kc,047,P,31,PINK,핑크,Pink,#e84d8a,90
L221KC047P3195,L221KC047P,L,LPGA,22,1,SPRING,KC,KNIT CARDIGAN,knit.kc,047,P,31,PINK,핑크,Pink,#e84d8a,95
L221KC047P31100,L221KC047P,L,LPGA,22,1,SPRING,KC,KNIT CARDIGAN,knit.kc,047,P,31,PINK,핑크,Pink,#e84d8a,100
L221KC047P31110,L221KC047P,L,LPGA,22,1,SPRING,KC,KNIT CARDIGAN,knit.kc,047,P,31,PINK,핑크,Pink,#e84d8a,110
L221KC048P5180,L221KC048P,L,LPGA,22,1,SPRING,KC,KNIT CARDIGAN,knit.kc,048,P,51,GREEN,그린,Green,#3f7d3a,80
L221KC048P5185,L221KC048P,L,LPGA,22,1,SPRING,KC,KNIT CARDIGAN,knit.kc,048,P,51,GREEN,그린,Green,#3f7d3a,85
L221KC048P5190,L221KC048P,L,LPGA,22,1,SPRING,KC,KNIT CARDIGAN,knit.kc,048,P,51,GREEN,그린,Green,#3f7d3a,90
L221KC048P5195,L221KC048P,L,LPGA,22,1,SPRING,KC,KNIT CARDIGAN,knit.kc,048,P,51,GREEN,그린,Green,#3f7d3a,95
L221KC048P51100,L221KC048P,L,LPGA,22,1,SPRING,KC,KNIT CARDIGAN,knit.kc,048,P,51,GREEN,그린,Green,#3f7d3a,100
L221KC048P51110,L221KC048P,L,LPGA,22,1,SPRING,KC,KNIT CARDIGAN,knit.kc,048,P,51,GREEN,그린,Green,#3f7d3a,110
L221KT049P0080,L221KT049P,L,LPGA,22,1,SPRING,KT,KNIT P/OVER,knit.kt,049,P,00,WHITE,화이트,White,#f5f5f5,80
L221KT049P0085,L221KT049P,L,LPGA,22,1,SPRING,KT,KNIT P/OVER,knit.kt,049,P,00,WHITE,화이트,White,#f5f5f5,85
L221KT049P0090,L221KT049P,L,LPGA,22,1,SPRING,KT,KNIT P/OVER,knit.kt,049,P,00,WHITE,화이트,White,#f5f5f5,90
L221KT049P0095,L221KT049P,L,LPGA,22,1,SPRING,KT,KNIT P/OVER,knit.kt,049,P,00,WHITE,화이트,White,#f5f5f5,95
L221KT049P00100,L221KT049P,L,LPGA,22,1,SPRING,KT,KNIT P/OVER,knit.kt,049,P,00,WHITE,화이트,White,#f5f5f5,100
L221KT049P00110,L221KT049P,L,LPGA,22,1,SPRING,KT,KNIT P/OVER,knit.kt,049,P,00,WHITE,화이트,White,#f5f5f5,110
L221KT050P0680,L221KT050P,L,LPGA,22,1,SPRING,KT,KNIT P/OVER,knit.kt,050,P,06,NAVY,네이비,Blue,#1f4e8c,80
L221KT050P0685,L221KT050P,L,LPGA,22,1,SPRING,KT,KNIT P/OVER,knit.kt,050,P,06,NAVY,네이비,Blue,#1f4e8c,85
L221KT050P0690,L221KT050P,L,LPGA,22,1,SPRING,KT,KNIT P/OVER,knit.kt,050,P,06,NAVY,네이비,Blue,#1f4e8c,90
L221KT050P0695,L221KT050P,L,LPGA,22,1,SPRING,KT,KNIT P/OVER,knit.kt,050,P,06,NAVY,네이비,Blue,#1f4e8c,95
L221KT050P06100,L221KT050P,L,LPGA,22,1,SPRING,KT,KNIT P/OVER,knit.kt,050,P,06,NAVY,네이비,Blue,#1f4e8c,100
L221KT050P06110,L221KT050P,L,LPGA,22,1,SPRING,KT,KNIT P/OVER,knit.kt,050,P,06,NAVY,네이비,Blue,#1f4e8c,110
L221KT051P1980,L221KT051P,L,LPGA,22,1,SPRING,KT,KNIT P/OVER,knit.kt,051,P,19,BLACK,블랙,Black,#1a1a1a,80
L221KT051P1985,L221KT051P,L,LPGA,22,1,SPRING,KT,KNIT P/OVER,knit.kt,051,P,19,BLACK,블랙,Black,#1a1a1a,85
L221KT051P1990,L221KT051P,L,LPGA,22,1,SPRING,KT,KNIT P/OVER,knit.kt,051,P,19,BLACK,블랙,Black,#1a1a1a,90
L221KT051P1995,L221KT051P,L,LPGA,22,1,SPRING,KT,KNIT P/OVER,knit.kt,051,P,19,BLACK,블랙,Black,#1a1a1a,95
L221KT051P19100,L221KT051P,L,LPGA,22,1,SPRING,KT,KNIT P/OVER,knit.kt,051,P,19,BLACK,블랙,Black,#1a1a1a,100
L221KT051P19110,L221KT051P,L,LPGA,22,1,SPRING,KT,KNIT P/OVER,knit.kt,051,P,19,BLACK,블랙,Black,#1a1a1a,110
L221KT052P1280,L221KT052P,L,LPGA,22,1,SPRING,KT,KNIT P/OVER,knit.kt,052,P,12,GREY,그레이,Gray,#808080,80
L221KT052P1285,L221KT052P,L,LPGA,22,1,SPRING,KT,KNIT P/OVER,knit.kt,052,P,12,GREY,그레이,Gray,#808080,85
L221KT052P1290,L221KT052P,L,LPGA,22,1,SPRING,KT,KNIT P/OVER,knit.kt,052,P,12,GREY,그레이,Gray,#808080,90
L221KT052P1295,L221KT052P,L,LPGA,22,1,SPRING,KT,KNIT P/OVER,knit.kt,052,P,12,GREY,그레이,Gray,#808080,95
L221KT052P12100,L221KT052P,L,LPGA,22,1,SPRING,KT,KNIT P/OVER,knit.kt,052,P,12,GREY,그레이,Gray,#808080,100
L221KT052P12110,L221KT052P,L,LPGA,22,1,SPRING,KT,KNIT P/OVER,knit.kt,052,P,12,GREY,그레이,Gray,#808080,110
L221KT053P3180,L221KT053P,L,LPGA,22,1,SPRING,KT,KNIT P/OVER,knit.kt,053,P,31,PINK,핑크,Pink,#e84d8a,80
L221KT053P3185,L221KT053P,L,LPGA,22,1,SPRING,KT,KNIT P/OVER,knit.kt,053,P,31,PINK,핑크,Pink,#e84d8a,85
L221KT053P3190,L221KT053P,L,LPGA,22,1,SPRING,KT,KNIT P/OVER,knit.kt,053,P,31,PINK,핑크,Pink,#e84d8a,90
L221KT053P3195,L221KT053P,L,LPGA,22,1,SPRING,KT,KNIT P/OVER,knit.kt,053,P,31,PINK,핑크,Pink,#e84d8a,95
L221KT053P31100,L221KT053P,L,LPGA,22,1,SPRING,KT,KNIT P/OVER,knit.kt,053,P,31,PINK,핑크,Pink,#e84d8a,100
L221KT053P31110,L221KT053P,L,LPGA,22,1,SPRING,KT,KNIT P/OVER,knit.kt,053,P,31,PINK,핑크,Pink,#e84d8a,110
L221KT054P5180,L221KT054P,L,LPGA,22,1,SPRING,KT,KNIT P/OVER,knit.kt,054,P,51,GREEN,그린,Green,#3f7d3a,80
L221KT054P5185,L221KT054P,L,LPGA,22,1,SPRING,KT,KNIT P/OVER,knit.kt,054,P,51,GREEN,그린,Green,#3f7d3a,85
L221KT054P5190,L221KT054P,L,LPGA,22,1,SPRING,KT,KNIT P/OVER,knit.kt,054,P,51,GREEN,그린,Green,#3f7d3a,90
L221KT054P5195,L221KT054P,L,LPGA,22,1,SPRING,KT,KNIT P/OVER,knit.kt,054,P,51,GREEN,그린,Green,#3f7d3a,95
L221KT054P51100,L221KT054P,L,LPGA,22,1,SPRING,KT,KNIT P/OVER,knit.kt,054,P,51,GREEN,그린,Green,#3f7d3a,100
L221KT054P51110,L221KT054P,L,LPGA,22,1,SPRING,KT,KNIT P/OVER,knit.kt,054,P,51,GREEN,그린,Green,#3f7d3a,110
L221TS055P0080,L221TS055P,L,LPGA,22,1,SPRING,TS,C&S T-SHIRTS,cut_and_sew.ts,055,P,00,WHITE,화이트,White,#f5f5f5,80
L221TS055P0085,L221TS055P,L,LPGA,22,1,SPRING,TS,C&S T-SHIRTS,cut_and_sew.ts,055,P,00,WHITE,화이트,White,#f5f5f5,85
L221TS055P0090,L221TS055P,L,LPGA,22,1,SPRING,TS,C&S T-SHIRTS,cut_and_sew.ts,055,P,00,WHITE,화이트,White,#f5f5f5,90
L221TS055P0095,L221TS055P,L,LPGA,22,1,SPRING,TS,C&S T-SHIRTS,cut_and_sew.ts,055,P,00,WHITE,화이트,White,#f5f5f5,95
L221TS055P00100,L221TS055P,L,LPGA,22,1,SPRING,TS,C&S T-SHIRTS,cut_and_sew.ts,055,P,00,WHITE,화이트,White,#f5f5f5,100
L221TS055P00110,L221TS055P,L,LPGA,22,1,SPRING,TS,C&S T-SHIRTS,cut_and_sew.ts,055,P,00,WHITE,화이트,White,#f5f5f5,110
L221TS056P0680,L221TS056P,L,LPGA,22,1,SPRING,TS,C&S T-SHIRTS,cut_and_sew.ts,056,P,06,NAVY,네이비,Blue,#1f4e8c,80
L221TS056P0685,L221TS056P,L,LPGA,22,1,SPRING,TS,C&S T-SHIRTS,cut_and_sew.ts,056,P,06,NAVY,네이비,Blue,#1f4e8c,85
L221TS056P0690,L221TS056P,L,LPGA,22,1,SPRING,TS,C&S T-SHIRTS,cut_and_sew.ts,056,P,06,NAVY,네이비,Blue,#1f4e8c,90
L221TS056P0695,L221TS056P,L,LPGA,22,1,SPRING,TS,C&S T-SHIRTS,cut_and_sew.ts,056,P,06,NAVY,네이비,Blue,#1f4e8c,95
L221TS056P06100,L221TS056P,L,LPGA,22,1,SPRING,TS,C&S T-SHIRTS,cut_and_sew.ts,056,P,06,NAVY,네이비,Blue,#1f4e8c,100
L221TS056P06110,L221TS056P,L,LPGA,22,1,SPRING,TS,C&S T-SHIRTS,cut_and_sew.ts,056,P,06,NAVY,네이비,Blue,#1f4e8c,110
L221TS057P1980,L221TS057P,L,LPGA,22,1,SPRING,TS,C&S T-SHIRTS,cut_and_sew.ts,057,P,19,BLACK,블랙,Black,#1a1a1a,80
L221TS057P1985,L221TS057P,L,LPGA,22,1,SPRING,TS,C&S T-SHIRTS,cut_and_sew.ts,057,P,19,BLACK,블랙,Black,#1a1a1a,85
L221TS057P1990,L221TS057P,L,LPGA,22,1,SPRING,TS,C&S T-SHIRTS,cut_and_sew.ts,057,P,19,BLACK,블랙,Black,#1a1a1a,90
L221TS057P1995,L221TS057P,L,LPGA,22,1,SPRING,TS,C&S T-SHIRTS,cut_and_sew.ts,057,P,19,BLACK,블랙,Black,#1a1a1a,95
L221TS057P19100,L221TS057P,L,LPGA,22,1,SPRING,TS,C&S T-SHIRTS,cut_and_sew.ts,057,P,19,BLACK,블랙,Black,#1a1a1a,100
L221TS057P19110,L221TS057P,L,LPGA,22,1,SPRING,TS,C&S T-SHIRTS,cut_and_sew.ts,057,P,19,BLACK,블랙,Black,#1a1a1a,110
L221TS058P1280,L221TS058P,L,LPGA,22,1,SPRING,TS,C&S T-SHIRTS,cut_and_sew.ts,058,P,12,GREY,그레이,Gray,#808080,80
L221TS058P1285,L221TS058P,L,LPGA,22,1,SPRING,TS,C&S T-SHIRTS,cut_and_sew.ts,058,P,12,GREY,그레이,Gray,#808080,85
L221TS058P1290,L221TS058P,L,LPGA,22,1,SPRING,TS,C&S T-SHIRTS,cut_and_sew.ts,058,P,12,GREY,그레이,Gray,#808080,90
L221TS058P1295,L221TS058P,L,LPGA,22,1,SPRING,TS,C&S T-SHIRTS,cut_and_sew.ts,058,P,12,GREY,그레이,Gray,#808080,95
L221TS058P12100,L221TS058P,L,LPGA,22,1,SPRING,TS,C&S T-SHIRTS,cut_and_sew.ts,058,P,12,GREY,그레이,Gray,#808080,100
L221TS058P12110,L221TS058P,L,LPGA,22,1,SPRING,TS,C&S T-SHIRTS,cut_and_sew.ts,058,P,12,GREY,그레이,Gray,#808080,110
L221TS059P3180,L221TS059P,L,LPGA,22,1,SPRING,TS,C&S T-SHIRTS,cut_and_sew.ts,059,P,31,PINK,핑크,Pink,#e84d8a,80
L221TS059P3185,L221TS059P,L,LPGA,22,1,SPRING,TS,C&S T-SHIRTS,cut_and_sew.ts,059,P,31,PINK,핑크,Pink,#e84d8a,85
L221TS059P3190,L221TS059P,L,LPGA,22,1,SPRING,TS,C&S T-SHIRTS,cut_and_sew.ts,059,P,31,PINK,핑크,Pink,#e84d8a,90
L221TS059P3195,L221TS059P,L,LPGA,22,1,SPRING,TS,C&S T-SHIRTS,cut_and_sew.ts,059,P,31,PINK,핑크,Pink,#e84d8a,95
L221TS059P31100,L221TS059P,L,LPGA,22,1,SPRING,TS,C&S T-SHIRTS,cut_and_sew.ts,059,P,31,PINK,핑크,Pink,#e84d8a,100
L221TS059P31110,L221TS059P,L,LPGA,22,1,SPRING,TS,C&S T-SHIRTS,cut_and_sew.ts,059,P,31,PINK,핑크,Pink,#e84d8a,110
L221TS060P5180,L221TS060P,L,LPGA,22,1,SPRING,TS,C&S T-SHIRTS,cut_and_sew.ts,060,P,51,GREEN,그린,Green,#3f7d3a,80
L221TS060P5185,L221TS060P,L,LPGA,22,1,SPRING,TS,C&S T-SHIRTS,cut_and_sew.ts,060,P,51,GREEN,그린,Green,#3f7d3a,85
L221TS060P5190,L221TS060P,L,LPGA,22,1,SPRING,TS,C&S T-SHIRTS,cut_and_sew.ts,060,P,51,GREEN,그린,Green,#3f7d3a,90
L221TS060P5195,L221TS060P,L,LPGA,22,1,SPRING,TS,C&S T-SHIRTS,cut_and_sew.ts,060,P,51,GREEN,그린,Green,#3f7d3a,95
L221TS060P51100,L221TS060P,L,LPGA,22,1,SPRING,TS,C&S T-SHIRTS,cut_and_sew.ts,060,P,51,GREEN,그린,Green,#3f7d3a,100
L221TS060P51110,L221TS060P,L,LPGA,22,1,SPRING,TS,C&S T-SHIRTS,cut_and_sew.ts,060,P,51,GREEN,그린,Green,#3f7d3a,110
L221TP061P0066,L221TP061P,L,LPGA,22,1,SPRING,TP,C&S PANTS,cut_and_sew.tp,061,P,00,WHITE,화이트,White,#f5f5f5,66
L221TP061P0070,L221TP061P,L,LPGA,22,1,SPRING,TP,C&S PANTS,cut_and_sew.tp,061,P,00,WHITE,화이트,White,#f5f5f5,70
L221TP061P0073,L221TP061P,L,LPGA,22,1,SPRING,TP,C&S PANTS,cut_and_sew.tp,061,P,00,WHITE,화이트,White,#f5f5f5,73
L221TP061P0076,L221TP061P,L,LPGA,22,1,SPRING,TP,C&S PANTS,cut_and_sew.tp,061,P,00,WHITE,화이트,White,#f5f5f5,76
L221TP061P0079,L221TP061P,L,LPGA,22,1,SPRING,TP,C&S PANTS,cut_and_sew.tp,061,P,00,WHITE,화이트,White,#f5f5f5,79
L221TP062P0666,L221TP062P,L,LPGA,22,1,SPRING,TP,C&S PANTS,cut_and_sew.tp,062,P,06,NAVY,네이비,Blue,#1f4e8c,66
L221TP062P0670,L221TP062P,L,LPGA,22,1,SPRING,TP,C&S PANTS,cut_and_sew.tp,062,P,06,NAVY,네이비,Blue,#1f4e8c,70
L221TP062P0673,L221TP062P,L,LPGA,22,1,SPRING,TP,C&S PANTS,cut_and_sew.tp,062,P,06,NAVY,네이비,Blue,#1f4e8c,73
L221TP062P0676,L221TP062P,L,LPGA,22,1,SPRING,TP,C&S PANTS,cut_and_sew.tp,062,P,06,NAVY,네이비,Blue,#1f4e8c,76
L221TP062P0679,L221TP062P,L,LPGA,22,1,SPRING,TP,C&S PANTS,cut_and_sew.tp,062,P,06,NAVY,네이비,Blue,#1f4e8c,79
L221TP063P1966,L221TP063P,L,LPGA,22,1,SPRING,TP,C&S PANTS,cut_and_sew.tp,063,P,19,BLACK,블랙,Black,#1a1a1a,66
L221TP063P1970,L221TP063P,L,LPGA,22,1,SPRING,TP,C&S PANTS,cut_and_sew.tp,063,P,19,BLACK,블랙,Black,#1a1a1a,70
L221TP063P1973,L221TP063P,L,LPGA,22,1,SPRING,TP,C&S PANTS,cut_and_sew.tp,063,P,19,BLACK,블랙,Black,#1a1a1a,73
L221TP063P1976,L221TP063P,L,LPGA,22,1,SPRING,TP,C&S PANTS,cut_and_sew.tp,063,P,19,BLACK,블랙,Black,#1a1a1a,76
L221TP063P1979,L221TP063P,L,LPGA,22,1,SPRING,TP,C&S PANTS,cut_and_sew.tp,063,P,19,BLACK,블랙,Black,#1a1a1a,79
L221TP064P1266,L221TP064P,L,LPGA,22,1,SPRING,TP,C&S PANTS,cut_and_sew.tp,064,P,12,GREY,그레이,Gray,#808080,66
L221TP064P1270,L221TP064P,L,LPGA,22,1,SPRING,TP,C&S PANTS,cut_and_sew.tp,064,P,12,GREY,그레이,Gray,#808080,70
L221TP064P1273,L221TP064P,L,LPGA,22,1,SPRING,TP,C&S PANTS,cut_and_sew.tp,064,P,12,GREY,그레이,Gray,#808080,73
L221TP064P1276,L221TP064P,L,LPGA,22,1,SPRING,TP,C&S PANTS,cut_and_sew.tp,064,P,12,GREY,그레이,Gray,#808080,76
L221TP064P1279,L221TP064P,L,LPGA,22,1,SPRING,TP,C&S PANTS,cut_and_sew.tp,064,P,12,GREY,그레이,Gray,#808080,79
L221TP065P3166,L221TP065P,L,LPGA,22,1,SPRING,TP,C&S PANTS,cut_and_sew.tp,065,P,31,PINK,핑크,Pink,#e84d8a,66
L221TP065P3170,L221TP065P,L,LPGA,22,1,SPRING,TP,C&S PANTS,cut_and_sew.tp,065,P,31,PINK,핑크,Pink,#e84d8a,70
L221TP065P3173,L221TP065P,L,LPGA,22,1,SPRING,TP,C&S PANTS,cut_and_sew.tp,065,P,31,PINK,핑크,Pink,#e84d8a,73
L221TP065P3176,L221TP065P,L,LPGA,22,1,SPRING,TP,C&S PANTS,cut_and_sew.tp,065,P,31,PINK,핑크,Pink,#e84d8a,76
L221TP065P3179,L221TP065P,L,LPGA,22,1,SPRING,TP,C&S PANTS,cut_and_sew.tp,065,P,31,PINK,핑크,Pink,#e84d8a,79
L221TP066P5166,L221TP066P,L,LPGA,22,1,SPRING,TP,C&S PANTS,cut_and_sew.tp,066,P,51,GREEN,그린,Green,#3f7d3a,66
L221TP066P5170,L221TP066P,L,LPGA,22,1,SPRING,TP,C&S PANTS,cut_and_sew.tp,066,P,51,GREEN,그린,Green,#3f7d3a,70
L221TP066P5173,L221TP066P,L,LPGA,22,1,SPRING,TP,C&S PANTS,cut_and_sew.tp,066,P,51,GREEN,그린,Green,#3f7d3a,73
L221TP066P5176,L221TP066P,L,LPGA,22,1,SPRING,TP,C&S PANTS,cut_and_sew.tp,066,P,51,GREEN,그린,Green,#3f7d3a,76
L221TP066P5179,L221TP066P,L,LPGA,22,1,SPRING,TP,C&S PANTS,cut_and_sew.tp,066,P,51,GREEN,그린,Green,#3f7d3a,79
L221AB067P00F,L221AB067P,L,LPGA,22,1,SPRING,AB,ACCESSORY BAG,accessory.ab,067,P,00,WHITE,화이트,White,#f5f5f5,F
L221AB068P06F,L221AB068P,L,LPGA,22,1,SPRING,AB,ACCESSORY BAG,accessory.ab,068,P,06,NAVY,네이비,Blue,#1f4e8c,F
L221AB069P19F,L221AB069P,L,LPGA,22,1,SPRING,AB,ACCESSORY BAG,accessory.ab,069,P,19,BLACK,블랙,Black,#1a1a1a,F
L221AB070P12F,L221AB070P,L,LPGA,22,1,SPRING,AB,ACCESSORY BAG,accessory.ab,070,P,12,GREY,그레이,Gray,#808080,F
L221AB071P31F,L221AB071P,L,LPGA,22,1,SPRING,AB,ACCESSORY BAG,accessory.ab,071,P,31,PINK,핑크,Pink,#e84d8a,F
L221AB072P51F,L221AB072P,L,LPGA,22,1,SPRING,AB,ACCESSORY BAG,accessory.ab,072,P,51,GREEN,그린,Green,#3f7d3a,F
L221AP073P00S,L221AP073P,L,LPGA,22,1,SPRING,AP,ACCESSORY CAP,accessory.ap,073,P,00,WHITE,화이트,White,#f5f5f5,S
L221AP073P00M,L221AP073P,L,LPGA,22,1,SPRING,AP,ACCESSORY CAP,accessory.ap,073,P,00,WHITE,화이트,White,#f5f5f5,M
L221AP073P00L,L221AP073P,L,LPGA,22,1,SPRING,AP,ACCESSORY CAP,accessory.ap,073,P,00,WHITE,화이트,White,#f5f5f5,L
L221AP073P00F,L221AP073P,L,LPGA,22,1,SPRING,AP,ACCESSORY CAP,accessory.ap,073,P,00,WHITE,화이트,White,#f5f5f5,F
L221AP074P06S,L221AP074P,L,LPGA,22,1,SPRING,AP,ACCESSORY CAP,accessory.ap,074,P,06,NAVY,네이비,Blue,#1f4e8c,S
L221AP074P06M,L221AP074P,L,LPGA,22,1,SPRING,AP,ACCESSORY CAP,accessory.ap,074,P,06,NAVY,네이비,Blue,#1f4e8c,M
L221AP074P06L,L221AP074P,L,LPGA,22,1,SPRING,AP,ACCESSORY CAP,accessory.ap,074,P,06,NAVY,네이비,Blue,#1f4e8c,L
L221AP074P06F,L221AP074P,L,LPGA,22,1,SPRING,AP,ACCESSORY CAP,accessory.ap,074,P,06,NAVY,네이비,Blue,#1f4e8c,F
L221AP075P19S,L221AP075P,L,LPGA,22,1,SPRING,AP,ACCESSORY CAP,accessory.ap,075,P,19,BLACK,블랙,Black,#1a1a1a,S
L221AP075P19M,L221AP075P,L,LPGA,22,1,SPRING,AP,ACCESSORY CAP,accessory.ap,075,P,19,BLACK,블랙,Black,#1a1a1a,M
L221AP075P19L,L221AP075P,L,LPGA,22,1,SPRING,AP,ACCESSORY CAP,accessory.ap,075,P,19,BLACK,블랙,Black,#1a1a1a,L
L221AP075P19F,L221AP075P,L,LPGA,22,1,SPRING,AP,ACCESSORY CAP,accessory.ap,075,P,19,BLACK,블랙,Black,#1a1a1a,F
L221AP076P12S,L221AP076P,L,LPGA,22,1,SPRING,AP,ACCESSORY CAP,accessory.ap,076,P,12,GREY,그레이,Gray,#808080,S
L221AP076P12M,L221AP076P,L,LPGA,22,1,SPRING,AP,ACCESSORY CAP,accessory.ap,076,P,12,GREY,그레이,Gray,#808080,M
L221AP076P12L,L221AP076P,L,LPGA,22,1,SPRING,AP,ACCESSORY CAP,accessory.ap,076,P,12,GREY,그레이,Gray,#808080,L
L221AP076P12F,L221AP076P,L,LPGA,22,1,SPRING,AP,ACCESSORY CAP,accessory.ap,076,P,12,GREY,그레이,Gray,#808080,F
L221AP077P31S,L221AP077P,L,LPGA,22,1,SPRING,AP,ACCESSORY CAP,accessory.ap,077,P,31,PINK,핑크,Pink,#e84d8a,S
L221AP077P31M,L221AP077P,L,LPGA,22,1,SPRING,AP,ACCESSORY CAP,accessory.ap,077,P,31,PINK,핑크,Pink,#e84d8a,M
L221AP077P31L,L221AP077P,L,LPGA,22,1,SPRING,AP,ACCESSORY CAP,accessory.ap,077,P,31,PINK,핑크,Pink,#e84d8a,L
L221AP077P31F,L221AP077P,L,LPGA,22,1,SPRING,AP,ACCESSORY CAP,accessory.ap,077,P,31,PINK,핑크,Pink,#e84d8a,F
L221AP078P51S,L221AP078P,L,LPGA,22,1,SPRING,AP,ACCESSORY CAP,accessory.ap,078,P,51,GREEN,그린,Green,#3f7d3a,S
L221AP078P51M,L221AP078P,L,LPGA,22,1,SPRING,AP,ACCESSORY CAP,accessory.ap,078,P,51,GREEN,그린,Green,#3f7d3a,M
L221AP078P51L,L221AP078P,L,LPGA,22,1,SPRING,AP,ACCESSORY CAP,accessory.ap,078,P,51,GREEN,그린,Green,#3f7d3a,L
L221AP078P51F,L221AP078P,L,LPGA,22,1,SPRING,AP,ACCESSORY CAP,accessory.ap,078,P,51,GREEN,그린,Green,#3f7d3a,F
L221AS079P00230,L221AS079P,L,LPGA,22,1,SPRING,AS,ACCESSORY SHOES,accessory.as,079,P,00,WHITE,화이트,White,#f5f5f5,230
L221AS079P00240,L221AS079P,L,LPGA,22,1,SPRING,AS,ACCESSORY SHOES,accessory.as,079,P,00,WHITE,화이트,White,#f5f5f5,240
L221AS079P00250,L221AS079P,L,LPGA,22,1,SPRING,AS,ACCESSORY SHOES,accessory.as,079,P,00,WHITE,화이트,White,#f5f5f5,250
L221AS079P00260,L221AS079P,L,LPGA,22,1,SPRING,AS,ACCESSORY SHOES,accessory.as,079,P,00,WHITE,화이트,White,#f5f5f5,260
L221AS079P00270,L221AS079P,L,LPGA,22,1,SPRING,AS,ACCESSORY SHOES,accessory.as,079,P,00,WHITE,화이트,White,#f5f5f5,270
L221AS080P06230,L221AS080P,L,LPGA,22,1,SPRING,AS,ACCESSORY SHOES,accessory.as,080,P,06,NAVY,네이비,Blue,#1f4e8c,230
L221AS080P06240,L221AS080P,L,LPGA,22,1,SPRING,AS,ACCESSORY SHOES,accessory.as,080,P,06,NAVY,네이비,Blue,#1f4e8c,240
L221AS080P06250,L221AS080P,L,LPGA,22,1,SPRING,AS,ACCESSORY SHOES,accessory.as,080,P,06,NAVY,네이비,Blue,#1f4e8c,250
L221AS080P06260,L221AS080P,L,LPGA,22,1,SPRING,AS,ACCESSORY SHOES,accessory.as,080,P,06,NAVY,네이비,Blue,#1f4e8c,260
L221AS080P06270,L221AS080P,L,LPGA,22,1,SPRING,AS,ACCESSORY SHOES,accessory.as,080,P,06,NAVY,네이비,Blue,#1f4e8c,270
L221AS081P19230,L221AS081P,L,LPGA,22,1,SPRING,AS,ACCESSORY SHOES,accessory.as,081,P,19,BLACK,블랙,Black,#1a1a1a,230
L221AS081P19240,L221AS081P,L,LPGA,22,1,SPRING,AS,ACCESSORY SHOES,accessory.as,081,P,19,BLACK,블랙,Black,#1a1a1a,240
L221AS081P19250,L221AS081P,L,LPGA,22,1,SPRING,AS,ACCESSORY SHOES,accessory.as,081,P,19,BLACK,블랙,Black,#1a1a1a,250
L221AS081P19260,L221AS081P,L,LPGA,22,1,SPRING,AS,ACCESSORY SHOES,accessory.as,081,P,19,BLACK,블랙,Black,#1a1a1a,260
L221AS081P19270,L221AS081P,L,LPGA,22,1,SPRING,AS,ACCESSORY SHOES,accessory.as,081,P,19,BLACK,블랙,Black,#1a1a1a,270
L221AS082P12230,L221AS082P,L,LPGA,22,1,SPRING,AS,ACCESSORY SHOES,accessory.as,082,P,12,GREY,그레이,Gray,#808080,230
L221AS082P12240,L221AS082P,L,LPGA,22,1,SPRING,AS,ACCESSORY SHOES,accessory.as,082,P,12,GREY,그레이,Gray,#808080,240
L221AS082P12250,L221AS082P,L,LPGA,22,1,SPRING,AS,ACCESSORY SHOES,accessory.as,082,P,12,GREY,그레이,Gray,#808080,250
L221AS082P12260,L221AS082P,L,LPGA,22,1,SPRING,AS,ACCESSORY SHOES,accessory.as,082,P,12,GREY,그레이,Gray,#808080,260
L221AS082P12270,L221AS082P,L,LPGA,22,1,SPRING,AS,ACCESSORY SHOES,accessory.as,082,P,12,GREY,그레이,Gray,#808080,270
L221AS083P31230,L221AS083P,L,LPGA,22,1,SPRING,AS,ACCESSORY SHOES,accessory.as,083,P,31,PINK,핑크,Pink,#e84d8a,230
L221AS083P31240,L221AS083P,L,LPGA,22,1,SPRING,AS,ACCESSORY SHOES,accessory.as,083,P,31,PINK,핑크,Pink,#e84d8a,240
L221AS083P31250,L221AS083P,L,LPGA,22,1,SPRING,AS,ACCESSORY SHOES,accessory.as,083,P,31,PINK,핑크,Pink,#e84d8a,250
L221AS083P31260,L221AS083P,L,LPGA,22,1,SPRING,AS,ACCESSORY SHOES,accessory.as,083,P,31,PINK,핑크,Pink,#e84d8a,260
L221AS083P31270,L221AS083P,L,LPGA,22,1,SPRING,AS,ACCESSORY SHOES,accessory.as,083,P,31,PINK,핑크,Pink,#e84d8a,270
L221AS084P51230,L221AS084P,L,LPGA,22,1,SPRING,AS,ACCESSORY SHOES,accessory.as,084,P,51,GREEN,그린,Green,#3f7d3a,230
L221AS084P51240,L221AS084P,L,LPGA,22,1,SPRING,AS,ACCESSORY SHOES,accessory.as,084,P,51,GREEN,그린,Green,#3f7d3a,240
L221AS084P51250,L221AS084P,L,LPGA,22,1,SPRING,AS,ACCESSORY SHOES,accessory.as,084,P,51,GREEN,그린,Green,#3f7d3a,250
L221AS084P51260,L221AS084P,L,LPGA,22,1,SPRING,AS,ACCESSORY SHOES,accessory.as,084,P,51,GREEN,그린,Green,#3f7d3a,260
L221AS084P51270,L221AS084P,L,LPGA,22,1,SPRING,AS,ACCESSORY SHOES,accessory.as,084,P,51,GREEN,그린,Green,#3f7d3a,270
L221LR085P0080,L221LR085P,L,LPGA,22,1,SPRING,LR,LEATHER REAL,leather.lr,085,P,00,WHITE,화이트,White,#f5f5f5,80
L221LR085P0085,L221LR085P,L,LPGA,22,1,SPRING,LR,LEATHER REAL,leather.lr,085,P,00,WHITE,화이트,White,#f5f5f5,85
L221LR085P0090,L221LR085P,L,LPGA,22,1,SPRING,LR,LEATHER REAL,leather.lr,085,P,00,WHITE,화이트,White,#f5f5f5,90
L221LR085P0095,L221LR085P,L,LPGA,22,1,SPRING,LR,LEATHER REAL,leather.lr,085,P,00,WHITE,화이트,White,#f5f5f5,95
L221LR085P00100,L221LR085P,L,LPGA,22,1,SPRING,LR,LEATHER REAL,leather.lr,085,P,00,WHITE,화이트,White,#f5f5f5,100
L221LR085P00110,L221LR085P,L,LPGA,22,1,SPRING,LR,LEATHER REAL,leather.lr,085,P,00,WHITE,화이트,White,#f5f5f5,110
L221LR086P0680,L221LR086P,L,LPGA,22,1,SPRING,LR,LEATHER REAL,leather.lr,086,P,06,NAVY,네이비,Blue,#1f4e8c,80
L221LR086P0685,L221LR086P,L,LPGA,22,1,SPRING,LR,LEATHER REAL,leather.lr,086,P,06,NAVY,네이비,Blue,#1f4e8c,85
L221LR086P0690,L221LR086P,L,LPGA,22,1,SPRING,LR,LEATHER REAL,leather.lr,086,P,06,NAVY,네이비,Blue,#1f4e8c,90
L221LR086P0695,L221LR086P,L,LPGA,22,1,SPRING,LR,LEATHER REAL,leather.lr,086,P,06,NAVY,네이비,Blue,#1f4e8c,95
L221LR086P06100,L221LR086P,L,LPGA,22,1,SPRING,LR,LEATHER REAL,leather.lr,086,P,06,NAVY,네이비,Blue,#1f4e8c,100
L221LR086P06110,L221LR086P,L,LPGA,22,1,SPRING,LR,LEATHER REAL,leather.lr,086,P,06,NAVY,네이비,Blue,#1f4e8c,110
L221LR087P1980,L221LR087P,L,LPGA,22,1,SPRING,LR,LEATHER REAL,leather.lr,087,P,19,BLACK,블랙,Black,#1a1a1a,80
L221LR087P1985,L221LR087P,L,LPGA,22,1,SPRING,LR,LEATHER REAL,leather.lr,087,P,19,BLACK,블랙,Black,#1a1a1a,85
L221LR087P1990,L221LR087P,L,LPGA,22,1,SPRING,LR,LEATHER REAL,leather.lr,087,P,19,BLACK,블랙,Black,#1a1a1a,90
L221LR087P1995,L221LR087P,L,LPGA,22,1,SPRING,LR,LEATHER REAL,leather.lr,087,P,19,BLACK,블랙,Black,#1a1a1a,95
L221LR087P19100,L221LR087P,L,LPGA,22,1,SPRING,LR,LEATHER REAL,leather.lr,087,P,19,BLACK,블랙,Black,#1a1a1a,100
L221LR087P19110,L221LR087P,L,LPGA,22,1,SPRING,LR,LEATHER REAL,leather.lr,087,P,19,BLACK,블랙,Black,#1a1a1a,110
L221LR088P1280,L221LR088P,L,LPGA,22,1,SPRING,LR,LEATHER REAL,leather.lr,088,P,12,GREY,그레이,Gray,#808080,80
L221LR088P1285,L221LR088P,L,LPGA,22,1,SPRING,LR,LEATHER REAL,leather.lr,088,P,12,GREY,그레이,Gray,#808080,85
L221LR088P1290,L221LR088P,L,LPGA,22,1,SPRING,LR,LEATHER REAL,leather.lr,088,P,12,GREY,그레이,Gray,#808080,90
L221LR088P1295,L221LR088P,L,LPGA,22,1,SPRING,LR,LEATHER REAL,leather.lr,088,P,12,GREY,그레이,Gray,#808080,95
L221LR088P12100,L221LR088P,L,LPGA,22,1,SPRING,LR,LEATHER REAL,leather.lr,088,P,12,GREY,그레이,Gray,#808080,100
L221LR088P12110,L221LR088P,L,LPGA,22,1,SPRING,LR,LEATHER REAL,leather.lr,088,P,12,GREY,그레이,Gray,#808080,110
L221LR089P3180,L221LR089P,L,LPGA,22,1,SPRING,LR,LEATHER REAL,leather.lr,089,P,31,PINK,핑크,Pink,#e84d8a,80
L221LR089P3185,L221LR089P,L,LPGA,22,1,SPRING,LR,LEATHER REAL,leather.lr,089,P,31,PINK,핑크,Pink,#e84d8a,85
L221LR089P3190,L221LR089P,L,LPGA,22,1,SPRING,LR,LEATHER REAL,leather.lr,089,P,31,PINK,핑크,Pink,#e84d8a,90
L221LR089P3195,L221LR089P,L,LPGA,22,1,SPRING,LR,LEATHER REAL,leather.lr,089,P,31,PINK,핑크,Pink,#e84d8a,95
L221LR089P31100,L221LR089P,L,LPGA,22,1,SPRING,LR,LEATHER REAL,leather.lr,089,P,31,PINK,핑크,Pink,#e84d8a,100
L221LR089P31110,L221LR089P,L,LPGA,22,1,SPRING,LR,LEATHER REAL,leather.lr,089,P,31,PINK,핑크,Pink,#e84d8a,110
L221LR090P5180,L221LR090P,L,LPGA,22,1,SPRING,LR,LEATHER REAL,leather.lr,090,P,51,GREEN,그린,Green,#3f7d3a,80
L221LR090P5185,L221LR090P,L,LPGA,22,1,SPRING,LR,LEATHER REAL,leather.lr,090,P,51,GREEN,그린,Green,#3f7d3a,85
L221LR090P5190,L221LR090P,L,LPGA,22,1,SPRING,LR,LEATHER REAL,leather.lr,090,P,51,GREEN,그린,Green,#3f7d3a,90
L221LR090P5195,L221LR090P,L,LPGA,22,1,SPRING,LR,LEATHER REAL,leather.lr,090,P,51,GREEN,그린,Green,#3f7d3a,95
L221LR090P51100,L221LR090P,L,LPGA,22,1,SPRING,LR,LEATHER REAL,leather.lr,090,P,51,GREEN,그린,Green,#3f7d3a,100
L221LR090P51110,L221LR090P,L,LPGA,22,1,SPRING,LR,LEATHER REAL,leather.lr,090,P,51,GREEN,그린,Green,#3f7d3a,110
