ean,item_cd,brand,category,classification_key,department,product_type,name_en,name_local,size_us,color,price_usd,price_local,currency,locale,fixture,depth,handle,image,n_images
3583784279314,2911289,Wedze,apparel,apparel.jacket,general,Jacket,Wedze Women's 100 Mid-Length Warm Ski Jacket,Wedze 100 Veste Mi-long Chaud de Ski Femme,2XL,Asphalt Blue,119.99,113.99,EUR,fr-FR,GB-R1-U1,1,wedze-womens-mid-length-warm-ski-jacket-100-navy-blue-310716-fw25,https://cdn.shopify.com/s/files/1/1330/6287/files/8563105-product_image-p2747988.jpg?v=1755560863,26
3583784279338,2911291,Wedze,apparel,apparel.jacket,general,Jacket,Wedze Women's 100 Mid-Length Warm Ski Jacket,Wedze 100 Veste Mi-long Chaud de Ski Femme,L,Asphalt Blue,119.99,113.99,EUR,fr-FR,GB-R1-U1,3,wedze-womens-mid-length-warm-ski-jacket-100-navy-blue-310716-fw25,https://cdn.shopify.com/s/files/1/1330/6287/files/8563105-product_image-p2747988.jpg?v=1755560863,26
3583784279345,2911292,Wedze,apparel,apparel.jacket,general,Jacket,Wedze Women's 100 Mid-Length Warm Ski Jacket,Wedze 100 Veste Mi-long Chaud de Ski Femme,M,Asphalt Blue,119.99,113.99,EUR,fr-FR,GB-R1-U1,3,wedze-womens-mid-length-warm-ski-jacket-100-navy-blue-310716-fw25,https://cdn.shopify.com/s/files/1/1330/6287/files/8563105-product_image-p2747988.jpg?v=1755560863,26
3583784279352,2911293,Wedze,apparel,apparel.jacket,general,Jacket,Wedze Women's 100 Mid-Length Warm Ski Jacket,Wedze 100 Veste Mi-long Chaud de Ski Femme,S,Asphalt Blue,119.99,113.99,EUR,fr-FR,GB-R1-U1,2,wedze-womens-mid-length-warm-ski-jacket-100-navy-blue-310716-fw25,https://cdn.shopify.com/s/files/1/1330/6287/files/8563105-product_image-p2747988.jpg?v=1755560863,26
3583784279369,2911294,Wedze,apparel,apparel.jacket,general,Jacket,Wedze Women's 100 Mid-Length Warm Ski Jacket,Wedze 100 Veste Mi-long Chaud de Ski Femme,XL,Asphalt Blue,119.99,113.99,EUR,fr-FR,GB-R1-U1,2,wedze-womens-mid-length-warm-ski-jacket-100-navy-blue-310716-fw25,https://cdn.shopify.com/s/files/1/1330/6287/files/8563105-product_image-p2747988.jpg?v=1755560863,26
3583784279598,2911275,Wedze,apparel,apparel.jacket,general,Jacket,Wedze Women's 100 Mid-Length Warm Ski Jacket,Wedze 100 Veste Mi-long Chaud de Ski Femme,2XL,Snowy White,119.99,113.99,EUR,fr-FR,GB-R1-U1,2,wedze-womens-mid-length-warm-ski-jacket-100-navy-blue-310716-fw25,https://cdn.shopify.com/s/files/1/1330/6287/files/8563105-product_image-p2747988.jpg?v=1755560863,26
3583784280914,2911277,Wedze,apparel,apparel.jacket,general,Jacket,Wedze Women's 100 Mid-Length Warm Ski Jacket,Wedze 100 Veste Mi-long Chaud de Ski Femme,L,Snowy White,119.99,113.99,EUR,fr-FR,GB-R1-U1,4,wedze-womens-mid-length-warm-ski-jacket-100-navy-blue-310716-fw25,https://cdn.shopify.com/s/files/1/1330/6287/files/8563105-product_image-p2747988.jpg?v=1755560863,26
3583784280921,2911278,Wedze,apparel,apparel.jacket,general,Jacket,Wedze Women's 100 Mid-Length Warm Ski Jacket,Wedze 100 Veste Mi-long Chaud de Ski Femme,M,Snowy White,119.99,113.99,EUR,fr-FR,GB-R1-U1,4,wedze-womens-mid-length-warm-ski-jacket-100-navy-blue-310716-fw25,https://cdn.shopify.com/s/files/1/1330/6287/files/8563105-product_image-p2747988.jpg?v=1755560863,26
3583784280938,2911279,Wedze,apparel,apparel.jacket,general,Jacket,Wedze Women's 100 Mid-Length Warm Ski Jacket,Wedze 100 Veste Mi-long Chaud de Ski Femme,S,Snowy White,119.99,113.99,EUR,fr-FR,GB-R1-U1,2,wedze-womens-mid-length-warm-ski-jacket-100-navy-blue-310716-fw25,https://cdn.shopify.com/s/files/1/1330/6287/files/8563105-product_image-p2747988.jpg?v=1755560863,26
3583784280945,2911280,Wedze,apparel,apparel.jacket,general,Jacket,Wedze Women's 100 Mid-Length Warm Ski Jacket,Wedze 100 Veste Mi-long Chaud de Ski Femme,XL,Snowy White,119.99,113.99,EUR,fr-FR,GB-R1-U1,3,wedze-womens-mid-length-warm-ski-jacket-100-navy-blue-310716-fw25,https://cdn.shopify.com/s/files/1/1330/6287/files/8563105-product_image-p2747988.jpg?v=1755560863,26
3608393936325,5638068,Kiprun,footwear,footwear.shoes,running,Shoes,Kiprun Kipride Max Women's Running Shoes,Kiprun Kipride Chaussures de Running Max Femme,5.5,Fuschia,170.00,161.5,EUR,fr-FR,PE-02,1,kiprun-kipride-max-womens-running-shoes-362221,https://cdn.shopify.com/s/files/1/1330/6287/files/8960644-001.jpg?v=1774560257,16
3608393936332,5638069,Kiprun,footwear,footwear.shoes,running,Shoes,Kiprun Kipride Max Women's Running Shoes,Kiprun Kipride Chaussures de Running Max Femme,6,Fuschia,170.00,161.5,EUR,fr-FR,PE-02,1,kiprun-kipride-max-womens-running-shoes-362221,https://cdn.shopify.com/s/files/1/1330/6287/files/8960644-001.jpg?v=1774560257,16
3608393936349,5638070,Kiprun,footwear,footwear.shoes,running,Shoes,Kiprun Kipride Max Women's Running Shoes,Kiprun Kipride Chaussures de Running Max Femme,7,Fuschia,170.00,161.5,EUR,fr-FR,PE-02,1,kiprun-kipride-max-womens-running-shoes-362221,https://cdn.shopify.com/s/files/1/1330/6287/files/8960644-001.jpg?v=1774560257,16
3608393936356,5638071,Kiprun,footwear,footwear.shoes,running,Shoes,Kiprun Kipride Max Women's Running Shoes,Kiprun Kipride Chaussures de Running Max Femme,8,Fuschia,170.00,161.5,EUR,fr-FR,PE-02,1,kiprun-kipride-max-womens-running-shoes-362221,https://cdn.shopify.com/s/files/1/1330/6287/files/8960644-001.jpg?v=1774560257,16
3608393936363,5638072,Kiprun,footwear,footwear.shoes,running,Shoes,Kiprun Kipride Max Women's Running Shoes,Kiprun Kipride Chaussures de Running Max Femme,9,Fuschia,170.00,161.5,EUR,fr-FR,PE-02,1,kiprun-kipride-max-womens-running-shoes-362221,https://cdn.shopify.com/s/files/1/1330/6287/files/8960644-001.jpg?v=1774560257,16
3608393936370,5638073,Kiprun,footwear,footwear.shoes,running,Shoes,Kiprun Kipride Max Women's Running Shoes,Kiprun Kipride Chaussures de Running Max Femme,9.5,Fuschia,170.00,161.5,EUR,fr-FR,PE-02,0,kiprun-kipride-max-womens-running-shoes-362221,https://cdn.shopify.com/s/files/1/1330/6287/files/8960644-001.jpg?v=1774560257,16
3608393936387,5638074,Kiprun,footwear,footwear.shoes,running,Shoes,Kiprun Kipride Max Women's Running Shoes,Kiprun Kipride Chaussures de Running Max Femme,10,Fuschia,170.00,161.5,EUR,fr-FR,PE-02,0,kiprun-kipride-max-womens-running-shoes-362221,https://cdn.shopify.com/s/files/1/1330/6287/files/8960644-001.jpg?v=1774560257,16
3608393936622,5638062,Kiprun,footwear,footwear.shoes,running,Shoes,Kiprun Kipride Max Women's Running Shoes,Kiprun Kipride Chaussures de Running Max Femme,5.5,Grey Pink,160.00,152.0,EUR,fr-FR,PE-02,0,kiprun-kipride-max-womens-running-shoes-362221,https://cdn.shopify.com/s/files/1/1330/6287/files/8960644-001.jpg?v=1774560257,16
3608393936639,5638063,Kiprun,footwear,footwear.shoes,running,Shoes,Kiprun Kipride Max Women's Running Shoes,Kiprun Kipride Chaussures de Running Max Femme,6,Grey Pink,160.00,152.0,EUR,fr-FR,PE-02,0,kiprun-kipride-max-womens-running-shoes-362221,https://cdn.shopify.com/s/files/1/1330/6287/files/8960644-001.jpg?v=1774560257,16
3608393936646,5638064,Kiprun,footwear,footwear.shoes,running,Shoes,Kiprun Kipride Max Women's Running Shoes,Kiprun Kipride Chaussures de Running Max Femme,7,Grey Pink,160.00,152.0,EUR,fr-FR,PE-02,0,kiprun-kipride-max-womens-running-shoes-362221,https://cdn.shopify.com/s/files/1/1330/6287/files/8960644-001.jpg?v=1774560257,16
3608393936653,5638065,Kiprun,footwear,footwear.shoes,running,Shoes,Kiprun Kipride Max Women's Running Shoes,Kiprun Kipride Chaussures de Running Max Femme,8,Grey Pink,160.00,152.0,EUR,fr-FR,PE-02,1,kiprun-kipride-max-womens-running-shoes-362221,https://cdn.shopify.com/s/files/1/1330/6287/files/8960644-001.jpg?v=1774560257,16
3608393936660,5638066,Kiprun,footwear,footwear.shoes,running,Shoes,Kiprun Kipride Max Women's Running Shoes,Kiprun Kipride Chaussures de Running Max Femme,9.5,Grey Pink,160.00,152.0,EUR,fr-FR,PE-02,1,kiprun-kipride-max-womens-running-shoes-362221,https://cdn.shopify.com/s/files/1/1330/6287/files/8960644-001.jpg?v=1774560257,16
3608393936677,5638067,Kiprun,footwear,footwear.shoes,running,Shoes,Kiprun Kipride Max Women's Running Shoes,Kiprun Kipride Chaussures de Running Max Femme,10,Grey Pink,160.00,152.0,EUR,fr-FR,PE-02,1,kiprun-kipride-max-womens-running-shoes-362221,https://cdn.shopify.com/s/files/1/1330/6287/files/8960644-001.jpg?v=1774560257,16
3608393936684,5645279,Kiprun,footwear,footwear.shoes,running,Shoes,Kiprun Kipride Max Women's Running Shoes,Kiprun Kipride Chaussures de Running Max Femme,9,Grey Pink,160.00,152.0,EUR,fr-FR,PE-02,0,kiprun-kipride-max-womens-running-shoes-362221,https://cdn.shopify.com/s/files/1/1330/6287/files/8960644-001.jpg?v=1774560257,16
3608394135376,5793837,Kiprun,footwear,footwear.shoes,running,Shoes,Kiprun Kipride Max Women's Running Shoes,Kiprun Kipride Chaussures de Running Max Femme,6.5,Grey Pink,160.00,152.0,EUR,fr-FR,PE-02,0,kiprun-kipride-max-womens-running-shoes-362221,https://cdn.shopify.com/s/files/1/1330/6287/files/8960644-001.jpg?v=1774560257,16
3608394135383,5779681,Kiprun,footwear,footwear.shoes,running,Shoes,Kiprun Kipride Max Women's Running Shoes,Kiprun Kipride Chaussures de Running Max Femme,7.5,Grey Pink,160.00,152.0,EUR,fr-FR,PE-02,1,kiprun-kipride-max-womens-running-shoes-362221,https://cdn.shopify.com/s/files/1/1330/6287/files/8960644-001.jpg?v=1774560257,16
3608394135390,5779682,Kiprun,footwear,footwear.shoes,running,Shoes,Kiprun Kipride Max Women's Running Shoes,Kiprun Kipride Chaussures de Running Max Femme,8.5,Grey Pink,160.00,152.0,EUR,fr-FR,PE-02,1,kiprun-kipride-max-womens-running-shoes-362221,https://cdn.shopify.com/s/files/1/1330/6287/files/8960644-001.jpg?v=1774560257,16
3608394136366,5791034,Kiprun,footwear,footwear.shoes,running,Shoes,Kiprun Kipride Max Women's Running Shoes,Kiprun Kipride Chaussures de Running Max Femme,6.5,Fuschia,170.00,161.5,EUR,fr-FR,PE-02,1,kiprun-kipride-max-womens-running-shoes-362221,https://cdn.shopify.com/s/files/1/1330/6287/files/8960644-001.jpg?v=1774560257,16
3608394136373,5779680,Kiprun,footwear,footwear.shoes,running,Shoes,Kiprun Kipride Max Women's Running Shoes,Kiprun Kipride Chaussures de Running Max Femme,7.5,Fuschia,170.00,161.5,EUR,fr-FR,PE-02,0,kiprun-kipride-max-womens-running-shoes-362221,https://cdn.shopify.com/s/files/1/1330/6287/files/8960644-001.jpg?v=1774560257,16
3608394136380,5792991,Kiprun,footwear,footwear.shoes,running,Shoes,Kiprun Kipride Max Women's Running Shoes,Kiprun Kipride Chaussures de Running Max Femme,8.5,Fuschia,170.00,161.5,EUR,fr-FR,PE-02,1,kiprun-kipride-max-womens-running-shoes-362221,https://cdn.shopify.com/s/files/1/1330/6287/files/8960644-001.jpg?v=1774560257,16
3608390280964,4899397,Kiprun,accessories,accessories.socks,running,Socks,Kiprun Run 500 Thin No-Show Socks 2-Pack,Kiprun Run 500 Thin No-Show 2-Pack Chaussettes,W5-7.5 / M3.5-6,Snowy White,9.99,9.49,EUR,fr-FR,GB-R2-U1,2,kiprun-pack-of-2-pairs-of-run-500-thin-invisible-running-socks-348089,https://cdn.shopify.com/s/files/1/1330/6287/files/8810966-product_image-p2590592.jpg?v=1742382309,15
3608390280971,4899398,Kiprun,accessories,accessories.socks,running,Socks,Kiprun Run 500 Thin No-Show Socks 2-Pack,Kiprun Run 500 Thin No-Show 2-Pack Chaussettes,W8-10.5 / M6.5-9,Snowy White,9.99,9.49,EUR,fr-FR,GB-R2-U1,2,kiprun-pack-of-2-pairs-of-run-500-thin-invisible-running-socks-348089,https://cdn.shopify.com/s/files/1/1330/6287/files/8810966-product_image-p2590592.jpg?v=1742382309,15
3608390280988,4899399,Kiprun,accessories,accessories.socks,running,Socks,Kiprun Run 500 Thin No-Show Socks 2-Pack,Kiprun Run 500 Thin No-Show 2-Pack Chaussettes,W11-14 / M9.5-12,Snowy White,9.99,9.49,EUR,fr-FR,GB-R2-U1,2,kiprun-pack-of-2-pairs-of-run-500-thin-invisible-running-socks-348089,https://cdn.shopify.com/s/files/1/1330/6287/files/8810966-product_image-p2590592.jpg?v=1742382309,15
3608391128661,4865708,Quechua,accessories,accessories.socks,hike_camp,Socks,Quechua SH500 Merino Wool Winter Mid Socks - 2 Pairs,Quechua SH500 2 Pairs Chaussettes Mérinos Hiver Laine Mi-saison,3.5 - M6,Asphalt Blue,29.99,28.49,EUR,fr-FR,GB-R3-U1,2,quechua-sh500-merino-wool-winter-mid-socks-2-pairs-347161,https://cdn.shopify.com/s/files/1/1330/6287/files/8803668-product_image-p2746784.jpg?v=1755818946,7
3608391128678,4865709,Quechua,accessories,accessories.socks,hike_camp,Socks,Quechua SH500 Merino Wool Winter Mid Socks - 2 Pairs,Quechua SH500 2 Pairs Chaussettes Mérinos Hiver Laine Mi-saison,6.5 - M9,Asphalt Blue,29.99,28.49,EUR,fr-FR,GB-R3-U1,2,quechua-sh500-merino-wool-winter-mid-socks-2-pairs-347161,https://cdn.shopify.com/s/files/1/1330/6287/files/8803668-product_image-p2746784.jpg?v=1755818946,7
3608391128685,4865710,Quechua,accessories,accessories.socks,hike_camp,Socks,Quechua SH500 Merino Wool Winter Mid Socks - 2 Pairs,Quechua SH500 2 Pairs Chaussettes Mérinos Hiver Laine Mi-saison,9.5 - M12,Asphalt Blue,29.99,28.49,EUR,fr-FR,GB-R3-U1,2,quechua-sh500-merino-wool-winter-mid-socks-2-pairs-347161,https://cdn.shopify.com/s/files/1/1330/6287/files/8803668-product_image-p2746784.jpg?v=1755818946,7
3608391128692,4865711,Quechua,accessories,accessories.socks,hike_camp,Socks,Quechua SH500 Merino Wool Winter Mid Socks - 2 Pairs,Quechua SH500 2 Pairs Chaussettes Mérinos Hiver Laine Mi-saison,13 - M15,Asphalt Blue,29.99,28.49,EUR,fr-FR,GB-R3-U1,2,quechua-sh500-merino-wool-winter-mid-socks-2-pairs-347161,https://cdn.shopify.com/s/files/1/1330/6287/files/8803668-product_image-p2746784.jpg?v=1755818946,7
3583787567371,4335158,Itiwit,accessories,accessories.bladder,general,Bladder,LEFT BLADDER FOR ITIWIT 1 KAYAK,LEFT FOR ITIWIT 1 KAYAK Poche à eau,One Size,Unspecified,20.00,19.0,EUR,fr-FR,ACC-01,8,itiwit-inflatable-stitch-kayak-1-person-left-side-inner-bladder-w-valve-334368,https://cdn.shopify.com/s/files/1/1330/6287/files/8649310-product_image-p1031000.jpg?v=1701260411,4
3608391608521,4954142,Simond,accessories,accessories.gloves,general,Gloves,Simond Adult MT500 Warm Touchscreen Gloves,Simond MT500 Touchscreen Gants Chaud Adulte,S,Graphite Black,34.99,33.24,EUR,fr-FR,ACC-02,2,simond-adults-warm-and-tactile-backpacking-gloves-mt500-black-346762,https://cdn.shopify.com/s/files/1/1330/6287/files/8820390-product_image-p2678195.jpg?v=1758663172,9
3608391608538,4954143,Simond,accessories,accessories.gloves,general,Gloves,Simond Adult MT500 Warm Touchscreen Gloves,Simond MT500 Touchscreen Gants Chaud Adulte,M,Graphite Black,34.99,33.24,EUR,fr-FR,ACC-02,2,simond-adults-warm-and-tactile-backpacking-gloves-mt500-black-346762,https://cdn.shopify.com/s/files/1/1330/6287/files/8820390-product_image-p2678195.jpg?v=1758663172,9
3608391608545,4954144,Simond,accessories,accessories.gloves,general,Gloves,Simond Adult MT500 Warm Touchscreen Gloves,Simond MT500 Touchscreen Gants Chaud Adulte,L,Graphite Black,34.99,33.24,EUR,fr-FR,ACC-02,3,simond-adults-warm-and-tactile-backpacking-gloves-mt500-black-346762,https://cdn.shopify.com/s/files/1/1330/6287/files/8820390-product_image-p2678195.jpg?v=1758663172,9
3608391608552,4954145,Simond,accessories,accessories.gloves,general,Gloves,Simond Adult MT500 Warm Touchscreen Gloves,Simond MT500 Touchscreen Gants Chaud Adulte,XL,Graphite Black,34.99,33.24,EUR,fr-FR,ACC-02,2,simond-adults-warm-and-tactile-backpacking-gloves-mt500-black-346762,https://cdn.shopify.com/s/files/1/1330/6287/files/8820390-product_image-p2678195.jpg?v=1758663172,9
3608391608569,4954146,Simond,accessories,accessories.gloves,general,Gloves,Simond Adult MT500 Warm Touchscreen Gloves,Simond MT500 Touchscreen Gants Chaud Adulte,2XL,Graphite Black,34.99,33.24,EUR,fr-FR,ACC-02,2,simond-adults-warm-and-tactile-backpacking-gloves-mt500-black-346762,https://cdn.shopify.com/s/files/1/1330/6287/files/8820390-product_image-p2678195.jpg?v=1758663172,9
3608409844101,2771158,Van Rysel,outdoor,outdoor.home-trainer,general,Home trainer,Van Rysel D500 Smart Trainer with Zwift Cog and Click,Van Rysel D500 Smart Trainer with Zwift Cog and Click,OS,,499.00,474.05,EUR,fr-FR,GB-R1-U1,2,van-rysel-home-trainer-connected-with-zwift-cog-and-click-d500-301243-fw25,https://cdn.shopify.com/s/files/1/1330/6287/files/8551028-product_image-p2994261.jpg?v=1755560674,13
3608390396498,4925472,Kiprun,apparel,apparel.shorts,running,Shorts,Kiprun Men's Run 100 Dry Running Shorts,Kiprun Run 100 Dry Short de Running Homme,S,Granite Green,10.00,9.5,EUR,fr-FR,GB-R2-U1,5,kalenji-mens-running-shorts-kiprun-run-100-dark-grey-346892,https://cdn.shopify.com/s/files/1/1330/6287/files/8817445-product_image-p2600435.jpg?v=1744405337,10
3608390397303,4925473,Kiprun,apparel,apparel.shorts,running,Shorts,Kiprun Men's Run 100 Dry Running Shorts,Kiprun Run 100 Dry Short de Running Homme,M,Granite Green,10.00,9.5,EUR,fr-FR,GB-R2-U1,9,kalenji-mens-running-shorts-kiprun-run-100-dark-grey-346892,https://cdn.shopify.com/s/files/1/1330/6287/files/8817445-product_image-p2600435.jpg?v=1744405337,10
3608390397310,4925474,Kiprun,apparel,apparel.shorts,running,Shorts,Kiprun Men's Run 100 Dry Running Shorts,Kiprun Run 100 Dry Short de Running Homme,L,Granite Green,10.00,9.5,EUR,fr-FR,GB-R2-U1,8,kalenji-mens-running-shorts-kiprun-run-100-dark-grey-346892,https://cdn.shopify.com/s/files/1/1330/6287/files/8817445-product_image-p2600435.jpg?v=1744405337,10
3608390397327,4925475,Kiprun,apparel,apparel.shorts,running,Shorts,Kiprun Men's Run 100 Dry Running Shorts,Kiprun Run 100 Dry Short de Running Homme,XL,Granite Green,10.00,9.5,EUR,fr-FR,GB-R2-U1,6,kalenji-mens-running-shorts-kiprun-run-100-dark-grey-346892,https://cdn.shopify.com/s/files/1/1330/6287/files/8817445-product_image-p2600435.jpg?v=1744405337,10
3608390397334,4925476,Kiprun,apparel,apparel.shorts,running,Shorts,Kiprun Men's Run 100 Dry Running Shorts,Kiprun Run 100 Dry Short de Running Homme,2XL,Granite Green,10.00,9.5,EUR,fr-FR,GB-R2-U1,3,kalenji-mens-running-shorts-kiprun-run-100-dark-grey-346892,https://cdn.shopify.com/s/files/1/1330/6287/files/8817445-product_image-p2600435.jpg?v=1744405337,10
3608390397341,4925477,Kiprun,apparel,apparel.shorts,running,Shorts,Kiprun Men's Run 100 Dry Running Shorts,Kiprun Run 100 Dry Short de Running Homme,3XL,Granite Green,10.00,9.5,EUR,fr-FR,GB-R2-U1,2,kalenji-mens-running-shorts-kiprun-run-100-dark-grey-346892,https://cdn.shopify.com/s/files/1/1330/6287/files/8817445-product_image-p2600435.jpg?v=1744405337,10
3608430034977,5881481,Quechua,outdoor,outdoor.mattress,hike_camp,Mattress,Quechua Ultimate Comfort Self-Inflating Camping Mattress,Quechua Ultimate Comfort Self-Inflating Camping Matelas,OS,Zinc Gray,159.00,151.05,EUR,fr-FR,GB-R3-U1,1,quechua-ultimate-comfort-self-inflating-camping-mattress,https://cdn.shopify.com/s/files/1/1330/6287/files/default_cbc8f44d-bf8b-4545-8e85-fe4c453b71f9.jpg?v=1775494163,7
3608449847223,2456163,Wedze,apparel,apparel.baselayer-bottom,general,Baselayer bottom,Wedze Men's BL100 Ski Base Layer Bottoms,Wedze BL100 Bottoms Sous-vêtement technique de Ski Homme,2XL,Black,12.99,12.34,EUR,fr-FR,GB-R1-U2,2,m-ski-thermal-base-layer-bottoms-bl-100-black-302822,https://cdn.shopify.com/s/files/1/1330/6287/files/8510030-product_image-p2583111.jpg?v=1712143869,3
3608449847230,2456164,Wedze,apparel,apparel.baselayer-bottom,general,Baselayer bottom,Wedze Men's BL100 Ski Base Layer Bottoms,Wedze BL100 Bottoms Sous-vêtement technique de Ski Homme,3XL,Black,12.99,12.34,EUR,fr-FR,GB-R1-U2,1,m-ski-thermal-base-layer-bottoms-bl-100-black-302822,https://cdn.shopify.com/s/files/1/1330/6287/files/8510030-product_image-p2583111.jpg?v=1712143869,3
3608449847247,2456165,Wedze,apparel,apparel.baselayer-bottom,general,Baselayer bottom,Wedze Men's BL100 Ski Base Layer Bottoms,Wedze BL100 Bottoms Sous-vêtement technique de Ski Homme,L,Black,12.99,12.34,EUR,fr-FR,GB-R1-U2,5,m-ski-thermal-base-layer-bottoms-bl-100-black-302822,https://cdn.shopify.com/s/files/1/1330/6287/files/8510030-product_image-p2583111.jpg?v=1712143869,3
3608449847254,2456166,Wedze,apparel,apparel.baselayer-bottom,general,Baselayer bottom,Wedze Men's BL100 Ski Base Layer Bottoms,Wedze BL100 Bottoms Sous-vêtement technique de Ski Homme,M,Black,12.99,12.34,EUR,fr-FR,GB-R1-U2,5,m-ski-thermal-base-layer-bottoms-bl-100-black-302822,https://cdn.shopify.com/s/files/1/1330/6287/files/8510030-product_image-p2583111.jpg?v=1712143869,3
3608449847261,2456167,Wedze,apparel,apparel.baselayer-bottom,general,Baselayer bottom,Wedze Men's BL100 Ski Base Layer Bottoms,Wedze BL100 Bottoms Sous-vêtement technique de Ski Homme,S,Black,12.99,12.34,EUR,fr-FR,GB-R1-U2,3,m-ski-thermal-base-layer-bottoms-bl-100-black-302822,https://cdn.shopify.com/s/files/1/1330/6287/files/8510030-product_image-p2583111.jpg?v=1712143869,3
3608449847278,2456168,Wedze,apparel,apparel.baselayer-bottom,general,Baselayer bottom,Wedze Men's BL100 Ski Base Layer Bottoms,Wedze BL100 Bottoms Sous-vêtement technique de Ski Homme,XL,Black,12.99,12.34,EUR,fr-FR,GB-R1-U2,4,m-ski-thermal-base-layer-bottoms-bl-100-black-302822,https://cdn.shopify.com/s/files/1/1330/6287/files/8510030-product_image-p2583111.jpg?v=1712143869,3
3608449847285,2456169,Wedze,apparel,apparel.baselayer-bottom,general,Baselayer bottom,Wedze Men's BL100 Ski Base Layer Bottoms,Wedze BL100 Bottoms Sous-vêtement technique de Ski Homme,XS,Black,12.99,12.34,EUR,fr-FR,GB-R1-U2,2,m-ski-thermal-base-layer-bottoms-bl-100-black-302822,https://cdn.shopify.com/s/files/1/1330/6287/files/8510030-product_image-p2583111.jpg?v=1712143869,3
3583787729601,2989125,Van Rysel,accessories,accessories.bottle-cage,general,Bottle cage,Van Rysel Ultra-Light Carbon Fiber Bottle Cage,Van Rysel Carbon Fiber Porte-bidon Léger Ultra,One Size,Black,49.99,47.49,EUR,fr-FR,ACC-03,9,road-bike-carbon-bottle-cage-900-991,https://cdn.shopify.com/s/files/1/1330/6287/files/8556867-product_image-p1823614.jpg?v=1711451154,1
3608391173609,5189936,Quechua,apparel,apparel.trousers-pants,hike_camp,Trousers/pants,Quechua Men’s NH500 Water-Repellent Snow Hiking Pants,Quechua ’s NH500 Pantalon Déperlant de Randonnée Neige Homme,W29 L31,Black,89.99,85.49,EUR,fr-FR,GB-R3-U1,1,quechua-mens-warm-water-repellent-snow-hiking-pants-sh500-mountain-324677-fw25,https://cdn.shopify.com/s/files/1/1330/6287/files/8881425-product_image-p2294533.jpg?v=1755553546,9
3608391173616,5189937,Quechua,apparel,apparel.trousers-pants,hike_camp,Trousers/pants,Quechua Men’s NH500 Water-Repellent Snow Hiking Pants,Quechua ’s NH500 Pantalon Déperlant de Randonnée Neige Homme,W29 L33,Black,89.99,85.49,EUR,fr-FR,GB-R3-U1,1,quechua-mens-warm-water-repellent-snow-hiking-pants-sh500-mountain-324677-fw25,https://cdn.shopify.com/s/files/1/1330/6287/files/8881425-product_image-p2294533.jpg?v=1755553546,9
3608391173906,5189938,Quechua,apparel,apparel.trousers-pants,hike_camp,Trousers/pants,Quechua Men’s NH500 Water-Repellent Snow Hiking Pants,Quechua ’s NH500 Pantalon Déperlant de Randonnée Neige Homme,W31 L31,Black,89.99,85.49,EUR,fr-FR,GB-R3-U1,2,quechua-mens-warm-water-repellent-snow-hiking-pants-sh500-mountain-324677-fw25,https://cdn.shopify.com/s/files/1/1330/6287/files/8881425-product_image-p2294533.jpg?v=1755553546,9
3608391173913,5189939,Quechua,apparel,apparel.trousers-pants,hike_camp,Trousers/pants,Quechua Men’s NH500 Water-Repellent Snow Hiking Pants,Quechua ’s NH500 Pantalon Déperlant de Randonnée Neige Homme,W31 L33,Black,89.99,85.49,EUR,fr-FR,GB-R3-U1,1,quechua-mens-warm-water-repellent-snow-hiking-pants-sh500-mountain-324677-fw25,https://cdn.shopify.com/s/files/1/1330/6287/files/8881425-product_image-p2294533.jpg?v=1755553546,9
3608391173920,5189941,Quechua,apparel,apparel.trousers-pants,hike_camp,Trousers/pants,Quechua Men’s NH500 Water-Repellent Snow Hiking Pants,Quechua ’s NH500 Pantalon Déperlant de Randonnée Neige Homme,W33 L31,Black,89.99,85.49,EUR,fr-FR,GB-R3-U1,2,quechua-mens-warm-water-repellent-snow-hiking-pants-sh500-mountain-324677-fw25,https://cdn.shopify.com/s/files/1/1330/6287/files/8881425-product_image-p2294533.jpg?v=1755553546,9
3608391173937,5189942,Quechua,apparel,apparel.trousers-pants,hike_camp,Trousers/pants,Quechua Men’s NH500 Water-Repellent Snow Hiking Pants,Quechua ’s NH500 Pantalon Déperlant de Randonnée Neige Homme,W33 L33,Black,89.99,85.49,EUR,fr-FR,GB-R3-U1,2,quechua-mens-warm-water-repellent-snow-hiking-pants-sh500-mountain-324677-fw25,https://cdn.shopify.com/s/files/1/1330/6287/files/8881425-product_image-p2294533.jpg?v=1755553546,9
3608391173944,5189943,Quechua,apparel,apparel.trousers-pants,hike_camp,Trousers/pants,Quechua Men’s NH500 Water-Repellent Snow Hiking Pants,Quechua ’s NH500 Pantalon Déperlant de Randonnée Neige Homme,W34 L32,Black,89.99,85.49,EUR,fr-FR,GB-R3-U1,2,quechua-mens-warm-water-repellent-snow-hiking-pants-sh500-mountain-324677-fw25,https://cdn.shopify.com/s/files/1/1330/6287/files/8881425-product_image-p2294533.jpg?v=1755553546,9
3608391173951,5189944,Quechua,apparel,apparel.trousers-pants,hike_camp,Trousers/pants,Quechua Men’s NH500 Water-Repellent Snow Hiking Pants,Quechua ’s NH500 Pantalon Déperlant de Randonnée Neige Homme,W34 L34,Black,89.99,85.49,EUR,fr-FR,GB-R3-U1,2,quechua-mens-warm-water-repellent-snow-hiking-pants-sh500-mountain-324677-fw25,https://cdn.shopify.com/s/files/1/1330/6287/files/8881425-product_image-p2294533.jpg?v=1755553546,9
3608391173968,5189945,Quechua,apparel,apparel.trousers-pants,hike_camp,Trousers/pants,Quechua Men’s NH500 Water-Repellent Snow Hiking Pants,Quechua ’s NH500 Pantalon Déperlant de Randonnée Neige Homme,W36 L32,Black,89.99,85.49,EUR,fr-FR,GB-R3-U1,3,quechua-mens-warm-water-repellent-snow-hiking-pants-sh500-mountain-324677-fw25,https://cdn.shopify.com/s/files/1/1330/6287/files/8881425-product_image-p2294533.jpg?v=1755553546,9
3608391173975,5189946,Quechua,apparel,apparel.trousers-pants,hike_camp,Trousers/pants,Quechua Men’s NH500 Water-Repellent Snow Hiking Pants,Quechua ’s NH500 Pantalon Déperlant de Randonnée Neige Homme,W36 L34,Black,89.99,85.49,EUR,fr-FR,GB-R3-U1,2,quechua-mens-warm-water-repellent-snow-hiking-pants-sh500-mountain-324677-fw25,https://cdn.shopify.com/s/files/1/1330/6287/files/8881425-product_image-p2294533.jpg?v=1755553546,9
3608391173999,5189948,Quechua,apparel,apparel.trousers-pants,hike_camp,Trousers/pants,Quechua Men’s NH500 Water-Repellent Snow Hiking Pants,Quechua ’s NH500 Pantalon Déperlant de Randonnée Neige Homme,W39 L34,Black,89.99,85.49,EUR,fr-FR,GB-R3-U1,4,quechua-mens-warm-water-repellent-snow-hiking-pants-sh500-mountain-324677-fw25,https://cdn.shopify.com/s/files/1/1330/6287/files/8881425-product_image-p2294533.jpg?v=1755553546,9
3608391174002,5189949,Quechua,apparel,apparel.trousers-pants,hike_camp,Trousers/pants,Quechua Men’s NH500 Water-Repellent Snow Hiking Pants,Quechua ’s NH500 Pantalon Déperlant de Randonnée Neige Homme,W42 L32,Black,89.99,85.49,EUR,fr-FR,GB-R3-U1,1,quechua-mens-warm-water-repellent-snow-hiking-pants-sh500-mountain-324677-fw25,https://cdn.shopify.com/s/files/1/1330/6287/files/8881425-product_image-p2294533.jpg?v=1755553546,9
3608391174019,5189950,Quechua,apparel,apparel.trousers-pants,hike_camp,Trousers/pants,Quechua Men’s NH500 Water-Repellent Snow Hiking Pants,Quechua ’s NH500 Pantalon Déperlant de Randonnée Neige Homme,W42 L34,Black,89.99,85.49,EUR,fr-FR,GB-R3-U1,1,quechua-mens-warm-water-repellent-snow-hiking-pants-sh500-mountain-324677-fw25,https://cdn.shopify.com/s/files/1/1330/6287/files/8881425-product_image-p2294533.jpg?v=1755553546,9
3608391174026,5189951,Quechua,apparel,apparel.trousers-pants,hike_camp,Trousers/pants,Quechua Men’s NH500 Water-Repellent Snow Hiking Pants,Quechua ’s NH500 Pantalon Déperlant de Randonnée Neige Homme,W44 L32,Black,89.99,85.49,EUR,fr-FR,GB-R3-U1,1,quechua-mens-warm-water-repellent-snow-hiking-pants-sh500-mountain-324677-fw25,https://cdn.shopify.com/s/files/1/1330/6287/files/8881425-product_image-p2294533.jpg?v=1755553546,9
3608391174033,5189952,Quechua,apparel,apparel.trousers-pants,hike_camp,Trousers/pants,Quechua Men’s NH500 Water-Repellent Snow Hiking Pants,Quechua ’s NH500 Pantalon Déperlant de Randonnée Neige Homme,W44 L34,Black,89.99,85.49,EUR,fr-FR,GB-R3-U1,0,quechua-mens-warm-water-repellent-snow-hiking-pants-sh500-mountain-324677-fw25,https://cdn.shopify.com/s/files/1/1330/6287/files/8881425-product_image-p2294533.jpg?v=1755553546,9
3583787894811,2920306,Forclaz,apparel,apparel.jacket,hike_camp,Jacket,Forclaz Men's MT100 Hooded Synthetic Jacket,Forclaz MT100 Synthetic Veste à Capuche Homme,XL,Black,69.99,66.49,EUR,fr-FR,GB-R3-U2,5,forclaz-synthetic-mountain-backpacking-padded-jacket-mt100-hooded-5-degrees-celcius-312478,https://cdn.shopify.com/s/files/1/1330/6287/files/8573829-product_image-p2688112.jpg?v=1714648468,31
3583787894828,2920304,Forclaz,apparel,apparel.jacket,hike_camp,Jacket,Forclaz Men's MT100 Hooded Synthetic Jacket,Forclaz MT100 Synthetic Veste à Capuche Homme,M,Black,69.99,66.49,EUR,fr-FR,GB-R3-U2,8,forclaz-synthetic-mountain-backpacking-padded-jacket-mt100-hooded-5-degrees-celcius-312478,https://cdn.shopify.com/s/files/1/1330/6287/files/8573829-product_image-p2688112.jpg?v=1714648468,31
3583787894835,2920305,Forclaz,apparel,apparel.jacket,hike_camp,Jacket,Forclaz Men's MT100 Hooded Synthetic Jacket,Forclaz MT100 Synthetic Veste à Capuche Homme,S,Black,69.99,66.49,EUR,fr-FR,GB-R3-U2,5,forclaz-synthetic-mountain-backpacking-padded-jacket-mt100-hooded-5-degrees-celcius-312478,https://cdn.shopify.com/s/files/1/1330/6287/files/8573829-product_image-p2688112.jpg?v=1714648468,31
3583787894859,2920303,Forclaz,apparel,apparel.jacket,hike_camp,Jacket,Forclaz Men's MT100 Hooded Synthetic Jacket,Forclaz MT100 Synthetic Veste à Capuche Homme,L,Black,69.99,66.49,EUR,fr-FR,GB-R3-U2,8,forclaz-synthetic-mountain-backpacking-padded-jacket-mt100-hooded-5-degrees-celcius-312478,https://cdn.shopify.com/s/files/1/1330/6287/files/8573829-product_image-p2688112.jpg?v=1714648468,31
3583787894873,2920300,Forclaz,apparel,apparel.jacket,hike_camp,Jacket,Forclaz Men's MT100 Hooded Synthetic Jacket,Forclaz MT100 Synthetic Veste à Capuche Homme,2XL,Black,69.99,66.49,EUR,fr-FR,GB-R3-U2,3,forclaz-synthetic-mountain-backpacking-padded-jacket-mt100-hooded-5-degrees-celcius-312478,https://cdn.shopify.com/s/files/1/1330/6287/files/8573829-product_image-p2688112.jpg?v=1714648468,31
3583787894880,2920301,Forclaz,apparel,apparel.jacket,hike_camp,Jacket,Forclaz Men's MT100 Hooded Synthetic Jacket,Forclaz MT100 Synthetic Veste à Capuche Homme,3XL,Black,69.99,66.49,EUR,fr-FR,GB-R3-U2,1,forclaz-synthetic-mountain-backpacking-padded-jacket-mt100-hooded-5-degrees-celcius-312478,https://cdn.shopify.com/s/files/1/1330/6287/files/8573829-product_image-p2688112.jpg?v=1714648468,31
3583784987974,5320702,Van Rysel,outdoor,outdoor.road-bike,general,Road bike,Van Rysel RCR 105 DI2,Van Rysel RCR 105 DI2,XS,Smoked Black,4999.00,4749.05,EUR,fr-FR,GB-R1-U2,0,van-rysel-rcr-105-di2-357620,https://cdn.shopify.com/s/files/1/1330/6287/files/RCR_105_DI2_BLACK_-_8883076_-_001_---_Expires_on_12-11-2033_011e783c-f957-4ba1-b298-b51525620f56.jpg?v=1760088595,11
3583784987998,5320704,Van Rysel,outdoor,outdoor.road-bike,general,Road bike,Van Rysel RCR 105 DI2,Van Rysel RCR 105 DI2,M,Smoked Black,4999.00,4749.05,EUR,fr-FR,GB-R1-U2,0,van-rysel-rcr-105-di2-357620,https://cdn.shopify.com/s/files/1/1330/6287/files/RCR_105_DI2_BLACK_-_8883076_-_001_---_Expires_on_12-11-2033_011e783c-f957-4ba1-b298-b51525620f56.jpg?v=1760088595,11
3583784988001,5320705,Van Rysel,outdoor,outdoor.road-bike,general,Road bike,Van Rysel RCR 105 DI2,Van Rysel RCR 105 DI2,L,Smoked Black,4999.00,4749.05,EUR,fr-FR,GB-R1-U2,1,van-rysel-rcr-105-di2-357620,https://cdn.shopify.com/s/files/1/1330/6287/files/RCR_105_DI2_BLACK_-_8883076_-_001_---_Expires_on_12-11-2033_011e783c-f957-4ba1-b298-b51525620f56.jpg?v=1760088595,11
3583784988018,5320706,Van Rysel,outdoor,outdoor.road-bike,general,Road bike,Van Rysel RCR 105 DI2,Van Rysel RCR 105 DI2,XL,Smoked Black,4999.00,4749.05,EUR,fr-FR,GB-R1-U2,0,van-rysel-rcr-105-di2-357620,https://cdn.shopify.com/s/files/1/1330/6287/files/RCR_105_DI2_BLACK_-_8883076_-_001_---_Expires_on_12-11-2033_011e783c-f957-4ba1-b298-b51525620f56.jpg?v=1760088595,11
3608393246684,5629349,Van Rysel,outdoor,outdoor.road-bike,general,Road bike,Van Rysel RCR 105 DI2,Van Rysel RCR 105 DI2,S,Smoked Black,4999.00,4749.05,EUR,fr-FR,GB-R1-U2,0,van-rysel-rcr-105-di2-357620,https://cdn.shopify.com/s/files/1/1330/6287/files/RCR_105_DI2_BLACK_-_8883076_-_001_---_Expires_on_12-11-2033_011e783c-f957-4ba1-b298-b51525620f56.jpg?v=1760088595,11
3608392477201,5449873,Van Rysel,apparel,apparel.cycling-bib-shorts,general,Cycling bib shorts,Van Rysel Men's RCR 4 Cycling Bib Shorts,Van Rysel RCR 4 Cuissard à bretelles Homme,S,Smoked Black,75.00,71.25,EUR,fr-FR,GF-R1-U1,5,van-rysel-mens-road-cycling-summer-shorts-rcr-4-black-361030,https://cdn.shopify.com/s/files/1/1330/6287/files/8926798-product_image-p2868012.jpg?v=1746486992,10
3608392477218,5449874,Van Rysel,apparel,apparel.cycling-bib-shorts,general,Cycling bib shorts,Van Rysel Men's RCR 4 Cycling Bib Shorts,Van Rysel RCR 4 Cuissard à bretelles Homme,M,Smoked Black,75.00,71.25,EUR,fr-FR,GF-R1-U1,8,van-rysel-mens-road-cycling-summer-shorts-rcr-4-black-361030,https://cdn.shopify.com/s/files/1/1330/6287/files/8926798-product_image-p2868012.jpg?v=1746486992,10
3608392477225,5449875,Van Rysel,apparel,apparel.cycling-bib-shorts,general,Cycling bib shorts,Van Rysel Men's RCR 4 Cycling Bib Shorts,Van Rysel RCR 4 Cuissard à bretelles Homme,L,Smoked Black,75.00,71.25,EUR,fr-FR,GF-R1-U1,7,van-rysel-mens-road-cycling-summer-shorts-rcr-4-black-361030,https://cdn.shopify.com/s/files/1/1330/6287/files/8926798-product_image-p2868012.jpg?v=1746486992,10
3608392477232,5449876,Van Rysel,apparel,apparel.cycling-bib-shorts,general,Cycling bib shorts,Van Rysel Men's RCR 4 Cycling Bib Shorts,Van Rysel RCR 4 Cuissard à bretelles Homme,XL,Smoked Black,75.00,71.25,EUR,fr-FR,GF-R1-U1,5,van-rysel-mens-road-cycling-summer-shorts-rcr-4-black-361030,https://cdn.shopify.com/s/files/1/1330/6287/files/8926798-product_image-p2868012.jpg?v=1746486992,10
3608392477249,5449877,Van Rysel,apparel,apparel.cycling-bib-shorts,general,Cycling bib shorts,Van Rysel Men's RCR 4 Cycling Bib Shorts,Van Rysel RCR 4 Cuissard à bretelles Homme,2XL,Smoked Black,75.00,71.25,EUR,fr-FR,GF-R1-U1,3,van-rysel-mens-road-cycling-summer-shorts-rcr-4-black-361030,https://cdn.shopify.com/s/files/1/1330/6287/files/8926798-product_image-p2868012.jpg?v=1746486992,10
3583787423349,4023635,Simond,apparel,apparel.rain-poncho,general,Rain Poncho,Simond MT500 60L Hiking Rain Poncho,Simond MT500 60L Poncho de pluie de Randonnée,"L/XL 5'8""-6'3""",Black,39.99,37.99,EUR,fr-FR,GF-R1-U2,11,simond-mt500-60l-hiking-rain-poncho-324443,https://cdn.shopify.com/s/files/1/1330/6287/files/8586260-product_image-p2479809_e44a7ae2-7e28-4ca2-8711-1db7ae3eda6b.jpg?v=1748542260,7
3583787423356,4023636,Simond,apparel,apparel.rain-poncho,general,Rain Poncho,Simond MT500 60L Hiking Rain Poncho,Simond MT500 60L Poncho de pluie de Randonnée,"S/M  5'2""-5'8""",Black,39.99,37.99,EUR,fr-FR,GF-R1-U2,7,simond-mt500-60l-hiking-rain-poncho-324443,https://cdn.shopify.com/s/files/1/1330/6287/files/8586260-product_image-p2479809_e44a7ae2-7e28-4ca2-8711-1db7ae3eda6b.jpg?v=1748542260,7
3608429655312,4564124,Kiprun,accessories,accessories.gloves,running,Gloves,Kiprun 100 V2 Touchscreen Running Gloves,Kiprun 100 V2 Touchscreen Gants de Running,XL,Smoked Black,14.99,14.24,EUR,fr-FR,GB-R2-U2,2,kiprun-warm-100-v2-unisex-touchscreen-running-gloves-black-340758-fw25,https://cdn.shopify.com/s/files/1/1330/6287/files/8759626-product_image-p2514033.jpg?v=1755549516,7
3608429655329,4564125,Kiprun,accessories,accessories.gloves,running,Gloves,Kiprun 100 V2 Touchscreen Running Gloves,Kiprun 100 V2 Touchscreen Gants de Running,M,Smoked Black,14.99,14.24,EUR,fr-FR,GB-R2-U2,2,kiprun-warm-100-v2-unisex-touchscreen-running-gloves-black-340758-fw25,https://cdn.shopify.com/s/files/1/1330/6287/files/8759626-product_image-p2514033.jpg?v=1755549516,7
3608429655336,4564122,Kiprun,accessories,accessories.gloves,running,Gloves,Kiprun 100 V2 Touchscreen Running Gloves,Kiprun 100 V2 Touchscreen Gants de Running,L,Smoked Black,14.99,14.24,EUR,fr-FR,GB-R2-U2,2,kiprun-warm-100-v2-unisex-touchscreen-running-gloves-black-340758-fw25,https://cdn.shopify.com/s/files/1/1330/6287/files/8759626-product_image-p2514033.jpg?v=1755549516,7
3608429655343,4564123,Kiprun,accessories,accessories.gloves,running,Gloves,Kiprun 100 V2 Touchscreen Running Gloves,Kiprun 100 V2 Touchscreen Gants de Running,2XL,Smoked Black,14.99,14.24,EUR,fr-FR,GB-R2-U2,2,kiprun-warm-100-v2-unisex-touchscreen-running-gloves-black-340758-fw25,https://cdn.shopify.com/s/files/1/1330/6287/files/8759626-product_image-p2514033.jpg?v=1755549516,7
3608429655350,4564121,Kiprun,accessories,accessories.gloves,running,Gloves,Kiprun 100 V2 Touchscreen Running Gloves,Kiprun 100 V2 Touchscreen Gants de Running,S,Smoked Black,14.99,14.24,EUR,fr-FR,GB-R2-U2,3,kiprun-warm-100-v2-unisex-touchscreen-running-gloves-black-340758-fw25,https://cdn.shopify.com/s/files/1/1330/6287/files/8759626-product_image-p2514033.jpg?v=1755549516,7
3583783858190,2562988,Forclaz,outdoor,outdoor.pad,hike_camp,Pad,Forclaz Trek Pad Outdoor Foam Seat,Forclaz Trek Pad Selle Outdoor Mousse,One Size,Unspecified,14.99,14.24,EUR,fr-FR,GB-R3-U2,3,backpacking-bivouac-foam-trek-pad,https://cdn.shopify.com/s/files/1/1330/6287/files/8493400-product_image-p2621057.jpg?v=1712056852,8
3608439456947,2556253,Quechua,apparel,apparel.jacket,hike_camp,Jacket,Quechua Women's MH100 Waterproof Hiking Rain Jacket,Quechua MH100 Veste de pluie Imperméable de Randonnée Femme,2XL,Gray,40.00,38.0,EUR,fr-FR,GF-R3-U1,2,womens-mountain-hiking-waterproof-jacket-mh100,https://cdn.shopify.com/s/files/1/1330/6287/files/8492378-product_image-p2583802.jpg?v=1703074557,12
3608439456954,2556252,Quechua,apparel,apparel.jacket,hike_camp,Jacket,Quechua Women's MH100 Waterproof Hiking Rain Jacket,Quechua MH100 Veste de pluie Imperméable de Randonnée Femme,XL,Gray,40.00,38.0,EUR,fr-FR,GF-R3-U1,2,womens-mountain-hiking-waterproof-jacket-mh100,https://cdn.shopify.com/s/files/1/1330/6287/files/8492378-product_image-p2583802.jpg?v=1703074557,12
3608439456961,2556248,Quechua,apparel,apparel.jacket,hike_camp,Jacket,Quechua Women's MH100 Waterproof Hiking Rain Jacket,Quechua MH100 Veste de pluie Imperméable de Randonnée Femme,S,Gray,40.00,38.0,EUR,fr-FR,GF-R3-U1,2,womens-mountain-hiking-waterproof-jacket-mh100,https://cdn.shopify.com/s/files/1/1330/6287/files/8492378-product_image-p2583802.jpg?v=1703074557,12
3608439456978,2556247,Quechua,apparel,apparel.jacket,hike_camp,Jacket,Quechua Women's MH100 Waterproof Hiking Rain Jacket,Quechua MH100 Veste de pluie Imperméable de Randonnée Femme,XS,Gray,40.00,38.0,EUR,fr-FR,GF-R3-U1,1,womens-mountain-hiking-waterproof-jacket-mh100,https://cdn.shopify.com/s/files/1/1330/6287/files/8492378-product_image-p2583802.jpg?v=1703074557,12
3608439456985,2556251,Quechua,apparel,apparel.jacket,hike_camp,Jacket,Quechua Women's MH100 Waterproof Hiking Rain Jacket,Quechua MH100 Veste de pluie Imperméable de Randonnée Femme,L,Gray,40.00,38.0,EUR,fr-FR,GF-R3-U1,3,womens-mountain-hiking-waterproof-jacket-mh100,https://cdn.shopify.com/s/files/1/1330/6287/files/8492378-product_image-p2583802.jpg?v=1703074557,12
3608439456992,2556249,Quechua,apparel,apparel.jacket,hike_camp,Jacket,Quechua Women's MH100 Waterproof Hiking Rain Jacket,Quechua MH100 Veste de pluie Imperméable de Randonnée Femme,M,Gray,40.00,38.0,EUR,fr-FR,GF-R3-U1,3,womens-mountain-hiking-waterproof-jacket-mh100,https://cdn.shopify.com/s/files/1/1330/6287/files/8492378-product_image-p2583802.jpg?v=1703074557,12
3608439457005,2556246,Quechua,apparel,apparel.jacket,hike_camp,Jacket,Quechua Women's MH100 Waterproof Hiking Rain Jacket,Quechua MH100 Veste de pluie Imperméable de Randonnée Femme,2XS,Gray,40.00,38.0,EUR,fr-FR,GF-R3-U1,1,womens-mountain-hiking-waterproof-jacket-mh100,https://cdn.shopify.com/s/files/1/1330/6287/files/8492378-product_image-p2583802.jpg?v=1703074557,12
3608439457012,2563483,Quechua,apparel,apparel.jacket,hike_camp,Jacket,Quechua Women's MH100 Waterproof Hiking Rain Jacket,Quechua MH100 Veste de pluie Imperméable de Randonnée Femme,XS,Black,40.00,38.0,EUR,fr-FR,GF-R3-U1,0,womens-mountain-hiking-waterproof-jacket-mh100,https://cdn.shopify.com/s/files/1/1330/6287/files/8492378-product_image-p2583802.jpg?v=1703074557,12
3608439457029,2563482,Quechua,apparel,apparel.jacket,hike_camp,Jacket,Quechua Women's MH100 Waterproof Hiking Rain Jacket,Quechua MH100 Veste de pluie Imperméable de Randonnée Femme,2XS,Black,40.00,38.0,EUR,fr-FR,GF-R3-U1,0,womens-mountain-hiking-waterproof-jacket-mh100,https://cdn.shopify.com/s/files/1/1330/6287/files/8492378-product_image-p2583802.jpg?v=1703074557,12
3608439457036,2563485,Quechua,apparel,apparel.jacket,hike_camp,Jacket,Quechua Women's MH100 Waterproof Hiking Rain Jacket,Quechua MH100 Veste de pluie Imperméable de Randonnée Femme,M,Black,40.00,38.0,EUR,fr-FR,GF-R3-U1,2,womens-mountain-hiking-waterproof-jacket-mh100,https://cdn.shopify.com/s/files/1/1330/6287/files/8492378-product_image-p2583802.jpg?v=1703074557,12
3608439457043,2563484,Quechua,apparel,apparel.jacket,hike_camp,Jacket,Quechua Women's MH100 Waterproof Hiking Rain Jacket,Quechua MH100 Veste de pluie Imperméable de Randonnée Femme,S,Black,40.00,38.0,EUR,fr-FR,GF-R3-U1,1,womens-mountain-hiking-waterproof-jacket-mh100,https://cdn.shopify.com/s/files/1/1330/6287/files/8492378-product_image-p2583802.jpg?v=1703074557,12
3608439457050,2563487,Quechua,apparel,apparel.jacket,hike_camp,Jacket,Quechua Women's MH100 Waterproof Hiking Rain Jacket,Quechua MH100 Veste de pluie Imperméable de Randonnée Femme,XL,Black,40.00,38.0,EUR,fr-FR,GF-R3-U1,1,womens-mountain-hiking-waterproof-jacket-mh100,https://cdn.shopify.com/s/files/1/1330/6287/files/8492378-product_image-p2583802.jpg?v=1703074557,12
3608439457067,2563486,Quechua,apparel,apparel.jacket,hike_camp,Jacket,Quechua Women's MH100 Waterproof Hiking Rain Jacket,Quechua MH100 Veste de pluie Imperméable de Randonnée Femme,L,Black,40.00,38.0,EUR,fr-FR,GF-R3-U1,2,womens-mountain-hiking-waterproof-jacket-mh100,https://cdn.shopify.com/s/files/1/1330/6287/files/8492378-product_image-p2583802.jpg?v=1703074557,12
3608390802531,5086479,Simond,apparel,apparel.trousers-pants,general,Trousers/pants,Simond Men's MT500 Durable Hiking Pants,Simond MT500 Durable Pantalon de Randonnée Homme,W29 L33,Dark Sepia,69.99,66.49,EUR,fr-FR,GB-R1-U1,1,simond-forclaz-mens-mt900-durable-hiking-pants-351265,https://cdn.shopify.com/s/files/1/1330/6287/files/8853735-product_image-p2660442.jpg?v=1742382337,9
3608390802555,5086481,Simond,apparel,apparel.trousers-pants,general,Trousers/pants,Simond Men's MT500 Durable Hiking Pants,Simond MT500 Durable Pantalon de Randonnée Homme,W31 L33,Dark Sepia,69.99,66.49,EUR,fr-FR,GB-R1-U1,2,simond-forclaz-mens-mt900-durable-hiking-pants-351265,https://cdn.shopify.com/s/files/1/1330/6287/files/8853735-product_image-p2660442.jpg?v=1742382337,9
3608390802579,5086483,Simond,apparel,apparel.trousers-pants,general,Trousers/pants,Simond Men's MT500 Durable Hiking Pants,Simond MT500 Durable Pantalon de Randonnée Homme,W33 L33,Dark Sepia,69.99,66.49,EUR,fr-FR,GB-R1-U1,3,simond-forclaz-mens-mt900-durable-hiking-pants-351265,https://cdn.shopify.com/s/files/1/1330/6287/files/8853735-product_image-p2660442.jpg?v=1742382337,9
3608390802593,5086485,Simond,apparel,apparel.trousers-pants,general,Trousers/pants,Simond Men's MT500 Durable Hiking Pants,Simond MT500 Durable Pantalon de Randonnée Homme,W34 L34,Dark Sepia,69.99,66.49,EUR,fr-FR,GB-R1-U1,3,simond-forclaz-mens-mt900-durable-hiking-pants-351265,https://cdn.shopify.com/s/files/1/1330/6287/files/8853735-product_image-p2660442.jpg?v=1742382337,9
3608390802616,5086487,Simond,apparel,apparel.trousers-pants,general,Trousers/pants,Simond Men's MT500 Durable Hiking Pants,Simond MT500 Durable Pantalon de Randonnée Homme,W36 L34,Dark Sepia,69.99,66.49,EUR,fr-FR,GB-R1-U1,3,simond-forclaz-mens-mt900-durable-hiking-pants-351265,https://cdn.shopify.com/s/files/1/1330/6287/files/8853735-product_image-p2660442.jpg?v=1742382337,9
3608390802630,5086489,Simond,apparel,apparel.trousers-pants,general,Trousers/pants,Simond Men's MT500 Durable Hiking Pants,Simond MT500 Durable Pantalon de Randonnée Homme,W39 L34,Dark Sepia,69.99,66.49,EUR,fr-FR,GB-R1-U1,3,simond-forclaz-mens-mt900-durable-hiking-pants-351265,https://cdn.shopify.com/s/files/1/1330/6287/files/8853735-product_image-p2660442.jpg?v=1742382337,9
3608390802654,5086492,Simond,apparel,apparel.trousers-pants,general,Trousers/pants,Simond Men's MT500 Durable Hiking Pants,Simond MT500 Durable Pantalon de Randonnée Homme,W42 L34,Dark Sepia,69.99,66.49,EUR,fr-FR,GB-R1-U1,1,simond-forclaz-mens-mt900-durable-hiking-pants-351265,https://cdn.shopify.com/s/files/1/1330/6287/files/8853735-product_image-p2660442.jpg?v=1742382337,9
3608390802678,5086494,Simond,apparel,apparel.trousers-pants,general,Trousers/pants,Simond Men's MT500 Durable Hiking Pants,Simond MT500 Durable Pantalon de Randonnée Homme,W44 L34,Dark Sepia,69.99,66.49,EUR,fr-FR,GB-R1-U1,1,simond-forclaz-mens-mt900-durable-hiking-pants-351265,https://cdn.shopify.com/s/files/1/1330/6287/files/8853735-product_image-p2660442.jpg?v=1742382337,9
3608439250590,4773410,Quechua,bag_pack,bag_pack.backpack,hike_camp,Backpack,Quechua NH100 Arpenaz 20 L Hiking Backpack,Quechua NH100 Arpenaz 20 Sac à dos de Randonnée,20 L,Ochre,12.00,11.4,EUR,fr-FR,GF-R3-U1,1,quechua-nh-arpenaz-100-20-l-hiking-backpack-301674,https://cdn.shopify.com/s/files/1/1330/6287/files/8731516-product_image-p2583621.jpg?v=1743794179,33
3608439288838,4455299,Quechua,bag_pack,bag_pack.backpack,hike_camp,Backpack,Quechua NH100 Arpenaz 20 L Hiking Backpack,Quechua NH100 Arpenaz 20 Sac à dos de Randonnée,20 L,Dark Blue,12.00,11.4,EUR,fr-FR,GF-R3-U1,1,quechua-nh-arpenaz-100-20-l-hiking-backpack-301674,https://cdn.shopify.com/s/files/1/1330/6287/files/8731516-product_image-p2583621.jpg?v=1743794179,33
3608439314636,4013297,Quechua,bag_pack,bag_pack.backpack,hike_camp,Backpack,Quechua NH100 Arpenaz 20 L Hiking Backpack,Quechua NH100 Arpenaz 20 Sac à dos de Randonnée,20 L,Storm Gray,15.00,14.25,EUR,fr-FR,GF-R3-U1,1,quechua-nh-arpenaz-100-20-l-hiking-backpack-301674,https://cdn.shopify.com/s/files/1/1330/6287/files/8731516-product_image-p2583621.jpg?v=1743794179,33
3608439412820,2663481,Quechua,bag_pack,bag_pack.backpack,hike_camp,Backpack,Quechua NH100 Arpenaz 20 L Hiking Backpack,Quechua NH100 Arpenaz 20 Sac à dos de Randonnée,20 L,Smoked Black,12.00,11.4,EUR,fr-FR,GF-R3-U1,1,quechua-nh-arpenaz-100-20-l-hiking-backpack-301674,https://cdn.shopify.com/s/files/1/1330/6287/files/8731516-product_image-p2583621.jpg?v=1743794179,33
3608429843764,2111280,Kiprun,accessories,accessories.beanie,running,Beanie,Kiprun Seamless Running Beanie,Kiprun Bonnet Sans couture de Running,Adult,Smoked Black,14.99,14.24,EUR,fr-FR,GB-R2-U1,6,kiprun-unisex-seamless-running-hat-black-157211-fw25,https://cdn.shopify.com/s/files/1/1330/6287/files/8368935-product_image-p2698482.jpg?v=1755553493,9
3608439293115,4484575,Quechua,apparel,apparel.trousers-pants,hike_camp,Trousers/pants,Quechua Women's Mountain Walking Pants MH100,Quechua Walking MH100 Pantalon Montagne Femme,US W32 L31 / EU L,Dark Blue,25.00,23.75,EUR,fr-FR,GF-R3-U2,2,quechua-mh100-hiking-pants-womens-330939,https://cdn.shopify.com/s/files/1/1330/6287/files/8733947-product_image-p2583606.jpg?v=1712058910,15
3608439293122,4484573,Quechua,apparel,apparel.trousers-pants,hike_camp,Trousers/pants,Quechua Women's Mountain Walking Pants MH100,Quechua Walking MH100 Pantalon Montagne Femme,US W30 L 31 / EU M,Dark Blue,25.00,23.75,EUR,fr-FR,GF-R3-U2,2,quechua-mh100-hiking-pants-womens-330939,https://cdn.shopify.com/s/files/1/1330/6287/files/8733947-product_image-p2583606.jpg?v=1712058910,15
3608439293139,4484571,Quechua,apparel,apparel.trousers-pants,hike_camp,Trousers/pants,Quechua Women's Mountain Walking Pants MH100,Quechua Walking MH100 Pantalon Montagne Femme,US W28 L31 / EU S,Dark Blue,25.00,23.75,EUR,fr-FR,GF-R3-U2,3,quechua-mh100-hiking-pants-womens-330939,https://cdn.shopify.com/s/files/1/1330/6287/files/8733947-product_image-p2583606.jpg?v=1712058910,15
3608439293153,4484568,Quechua,apparel,apparel.trousers-pants,hike_camp,Trousers/pants,Quechua Women's Mountain Walking Pants MH100,Quechua Walking MH100 Pantalon Montagne Femme,US W27 L28 / EU XS-S,Dark Blue,25.00,23.75,EUR,fr-FR,GF-R3-U2,3,quechua-mh100-hiking-pants-womens-330939,https://cdn.shopify.com/s/files/1/1330/6287/files/8733947-product_image-p2583606.jpg?v=1712058910,15
3608439293184,4484581,Quechua,apparel,apparel.trousers-pants,hike_camp,Trousers/pants,Quechua Women's Mountain Walking Pants MH100,Quechua Walking MH100 Pantalon Montagne Femme,US W38 L31 / EU 2XL,Dark Blue,25.00,23.75,EUR,fr-FR,GF-R3-U2,0,quechua-mh100-hiking-pants-womens-330939,https://cdn.shopify.com/s/files/1/1330/6287/files/8733947-product_image-p2583606.jpg?v=1712058910,15
3608439293214,4484579,Quechua,apparel,apparel.trousers-pants,hike_camp,Trousers/pants,Quechua Women's Mountain Walking Pants MH100,Quechua Walking MH100 Pantalon Montagne Femme,US W36 L31 / EU XL,Dark Blue,25.00,23.75,EUR,fr-FR,GF-R3-U2,2,quechua-mh100-hiking-pants-womens-330939,https://cdn.shopify.com/s/files/1/1330/6287/files/8733947-product_image-p2583606.jpg?v=1712058910,15
3608439293245,4484577,Quechua,apparel,apparel.trousers-pants,hike_camp,Trousers/pants,Quechua Women's Mountain Walking Pants MH100,Quechua Walking MH100 Pantalon Montagne Femme,US W34 L31 / EU L-XL,Dark Blue,25.00,23.75,EUR,fr-FR,GF-R3-U2,2,quechua-mh100-hiking-pants-womens-330939,https://cdn.shopify.com/s/files/1/1330/6287/files/8733947-product_image-p2583606.jpg?v=1712058910,15
3583784151504,4194317,Quechua,apparel,apparel.jacket,hike_camp,Jacket,Quechua Men's MH500 Hiking Lightweight Waterproof Jacket,Quechua MH500 Veste Léger Imperméable de Randonnée Homme,3XL,Black,149.00,141.55,EUR,fr-FR,GB-R3-U1,0,quechua-mh500-waterproof-hiking-jacket-mens-301681,https://cdn.shopify.com/s/files/1/1330/6287/files/8785247-product_image-p2583866_49c0ff2e-3d22-4f6e-b0f3-593848e9a0cb.jpg?v=1744324152,30
3608439249327,4757793,Quechua,apparel,apparel.jacket,hike_camp,Jacket,Quechua Men's MH500 Hiking Lightweight Waterproof Jacket,Quechua MH500 Veste Léger Imperméable de Randonnée Homme,3XL,Dark Green Gray,149.00,141.55,EUR,fr-FR,GB-R3-U1,1,quechua-mh500-waterproof-hiking-jacket-mens-301681,https://cdn.shopify.com/s/files/1/1330/6287/files/8785247-product_image-p2583866_49c0ff2e-3d22-4f6e-b0f3-593848e9a0cb.jpg?v=1744324152,30
3608439249334,4757792,Quechua,apparel,apparel.jacket,hike_camp,Jacket,Quechua Men's MH500 Hiking Lightweight Waterproof Jacket,Quechua MH500 Veste Léger Imperméable de Randonnée Homme,2XL,Dark Green Gray,149.00,141.55,EUR,fr-FR,GB-R3-U1,1,quechua-mh500-waterproof-hiking-jacket-mens-301681,https://cdn.shopify.com/s/files/1/1330/6287/files/8785247-product_image-p2583866_49c0ff2e-3d22-4f6e-b0f3-593848e9a0cb.jpg?v=1744324152,30
3608439249341,4757791,Quechua,apparel,apparel.jacket,hike_camp,Jacket,Quechua Men's MH500 Hiking Lightweight Waterproof Jacket,Quechua MH500 Veste Léger Imperméable de Randonnée Homme,XL,Dark Green Gray,149.00,141.55,EUR,fr-FR,GB-R3-U1,1,quechua-mh500-waterproof-hiking-jacket-mens-301681,https://cdn.shopify.com/s/files/1/1330/6287/files/8785247-product_image-p2583866_49c0ff2e-3d22-4f6e-b0f3-593848e9a0cb.jpg?v=1744324152,30
3608439249358,4757790,Quechua,apparel,apparel.jacket,hike_camp,Jacket,Quechua Men's MH500 Hiking Lightweight Waterproof Jacket,Quechua MH500 Veste Léger Imperméable de Randonnée Homme,L,Dark Green Gray,149.00,141.55,EUR,fr-FR,GB-R3-U1,3,quechua-mh500-waterproof-hiking-jacket-mens-301681,https://cdn.shopify.com/s/files/1/1330/6287/files/8785247-product_image-p2583866_49c0ff2e-3d22-4f6e-b0f3-593848e9a0cb.jpg?v=1744324152,30
3608439249365,4757789,Quechua,apparel,apparel.jacket,hike_camp,Jacket,Quechua Men's MH500 Hiking Lightweight Waterproof Jacket,Quechua MH500 Veste Léger Imperméable de Randonnée Homme,M,Dark Green Gray,149.00,141.55,EUR,fr-FR,GB-R3-U1,2,quechua-mh500-waterproof-hiking-jacket-mens-301681,https://cdn.shopify.com/s/files/1/1330/6287/files/8785247-product_image-p2583866_49c0ff2e-3d22-4f6e-b0f3-593848e9a0cb.jpg?v=1744324152,30
3608439249372,4757788,Quechua,apparel,apparel.jacket,hike_camp,Jacket,Quechua Men's MH500 Hiking Lightweight Waterproof Jacket,Quechua MH500 Veste Léger Imperméable de Randonnée Homme,S,Dark Green Gray,149.00,141.55,EUR,fr-FR,GB-R3-U1,1,quechua-mh500-waterproof-hiking-jacket-mens-301681,https://cdn.shopify.com/s/files/1/1330/6287/files/8785247-product_image-p2583866_49c0ff2e-3d22-4f6e-b0f3-593848e9a0cb.jpg?v=1744324152,30
3608439325526,4194319,Quechua,apparel,apparel.jacket,hike_camp,Jacket,Quechua Men's MH500 Hiking Lightweight Waterproof Jacket,Quechua MH500 Veste Léger Imperméable de Randonnée Homme,L,Black,149.00,141.55,EUR,fr-FR,GB-R3-U1,2,quechua-mh500-waterproof-hiking-jacket-mens-301681,https://cdn.shopify.com/s/files/1/1330/6287/files/8785247-product_image-p2583866_49c0ff2e-3d22-4f6e-b0f3-593848e9a0cb.jpg?v=1744324152,30
3608439325533,4194316,Quechua,apparel,apparel.jacket,hike_camp,Jacket,Quechua Men's MH500 Hiking Lightweight Waterproof Jacket,Quechua MH500 Veste Léger Imperméable de Randonnée Homme,2XL,Black,149.00,141.55,EUR,fr-FR,GB-R3-U1,1,quechua-mh500-waterproof-hiking-jacket-mens-301681,https://cdn.shopify.com/s/files/1/1330/6287/files/8785247-product_image-p2583866_49c0ff2e-3d22-4f6e-b0f3-593848e9a0cb.jpg?v=1744324152,30
3608439325557,4194322,Quechua,apparel,apparel.jacket,hike_camp,Jacket,Quechua Men's MH500 Hiking Lightweight Waterproof Jacket,Quechua MH500 Veste Léger Imperméable de Randonnée Homme,XL,Black,149.00,141.55,EUR,fr-FR,GB-R3-U1,2,quechua-mh500-waterproof-hiking-jacket-mens-301681,https://cdn.shopify.com/s/files/1/1330/6287/files/8785247-product_image-p2583866_49c0ff2e-3d22-4f6e-b0f3-593848e9a0cb.jpg?v=1744324152,30
3608439325571,4194321,Quechua,apparel,apparel.jacket,hike_camp,Jacket,Quechua Men's MH500 Hiking Lightweight Waterproof Jacket,Quechua MH500 Veste Léger Imperméable de Randonnée Homme,S,Black,149.00,141.55,EUR,fr-FR,GB-R3-U1,2,quechua-mh500-waterproof-hiking-jacket-mens-301681,https://cdn.shopify.com/s/files/1/1330/6287/files/8785247-product_image-p2583866_49c0ff2e-3d22-4f6e-b0f3-593848e9a0cb.jpg?v=1744324152,30
3608439325595,4194320,Quechua,apparel,apparel.jacket,hike_camp,Jacket,Quechua Men's MH500 Hiking Lightweight Waterproof Jacket,Quechua MH500 Veste Léger Imperméable de Randonnée Homme,M,Black,149.00,141.55,EUR,fr-FR,GB-R3-U1,3,quechua-mh500-waterproof-hiking-jacket-mens-301681,https://cdn.shopify.com/s/files/1/1330/6287/files/8785247-product_image-p2583866_49c0ff2e-3d22-4f6e-b0f3-593848e9a0cb.jpg?v=1744324152,30
3608391656157,5234350,Quechua,apparel,apparel.trousers-pants,hike_camp,Trousers/pants,Quechua Women’s NH100 Water-Repellent Fleece-Lined Winter Hiking Pants,Quechua ’s NH100 -Lined Pants Polaire Déperlant de Randonnée Hiver Femme,W26 L30,Black,35.00,33.25,EUR,fr-FR,GB-R3-U2,2,quechua-womens-sh100-fleece-lined-winter-pants-311957-fw25,https://cdn.shopify.com/s/files/1/1330/6287/files/8884099-product_image-p2583597.jpg?v=1755553529,7
3608391656171,5234352,Quechua,apparel,apparel.trousers-pants,hike_camp,Trousers/pants,Quechua Women’s NH100 Water-Repellent Fleece-Lined Winter Hiking Pants,Quechua ’s NH100 -Lined Pants Polaire Déperlant de Randonnée Hiver Femme,W28 L30,Black,35.00,33.25,EUR,fr-FR,GB-R3-U2,3,quechua-womens-sh100-fleece-lined-winter-pants-311957-fw25,https://cdn.shopify.com/s/files/1/1330/6287/files/8884099-product_image-p2583597.jpg?v=1755553529,7
3608391656195,5234354,Quechua,apparel,apparel.trousers-pants,hike_camp,Trousers/pants,Quechua Women’s NH100 Water-Repellent Fleece-Lined Winter Hiking Pants,Quechua ’s NH100 -Lined Pants Polaire Déperlant de Randonnée Hiver Femme,W29 L31,Black,35.00,33.25,EUR,fr-FR,GB-R3-U2,4,quechua-womens-sh100-fleece-lined-winter-pants-311957-fw25,https://cdn.shopify.com/s/files/1/1330/6287/files/8884099-product_image-p2583597.jpg?v=1755553529,7
3608391658717,5234356,Quechua,apparel,apparel.trousers-pants,hike_camp,Trousers/pants,Quechua Women’s NH100 Water-Repellent Fleece-Lined Winter Hiking Pants,Quechua ’s NH100 -Lined Pants Polaire Déperlant de Randonnée Hiver Femme,W31 L31,Black,35.00,33.25,EUR,fr-FR,GB-R3-U2,5,quechua-womens-sh100-fleece-lined-winter-pants-311957-fw25,https://cdn.shopify.com/s/files/1/1330/6287/files/8884099-product_image-p2583597.jpg?v=1755553529,7
3608391658731,5234358,Quechua,apparel,apparel.trousers-pants,hike_camp,Trousers/pants,Quechua Women’s NH100 Water-Repellent Fleece-Lined Winter Hiking Pants,Quechua ’s NH100 -Lined Pants Polaire Déperlant de Randonnée Hiver Femme,W33 L31,Black,35.00,33.25,EUR,fr-FR,GB-R3-U2,5,quechua-womens-sh100-fleece-lined-winter-pants-311957-fw25,https://cdn.shopify.com/s/files/1/1330/6287/files/8884099-product_image-p2583597.jpg?v=1755553529,7
3608391658755,5234360,Quechua,apparel,apparel.trousers-pants,hike_camp,Trousers/pants,Quechua Women’s NH100 Water-Repellent Fleece-Lined Winter Hiking Pants,Quechua ’s NH100 -Lined Pants Polaire Déperlant de Randonnée Hiver Femme,W34 L31,Black,35.00,33.25,EUR,fr-FR,GB-R3-U2,5,quechua-womens-sh100-fleece-lined-winter-pants-311957-fw25,https://cdn.shopify.com/s/files/1/1330/6287/files/8884099-product_image-p2583597.jpg?v=1755553529,7
3608391658762,5234361,Quechua,apparel,apparel.trousers-pants,hike_camp,Trousers/pants,Quechua Women’s NH100 Water-Repellent Fleece-Lined Winter Hiking Pants,Quechua ’s NH100 -Lined Pants Polaire Déperlant de Randonnée Hiver Femme,W36 L29,Black,35.00,33.25,EUR,fr-FR,GB-R3-U2,1,quechua-womens-sh100-fleece-lined-winter-pants-311957-fw25,https://cdn.shopify.com/s/files/1/1330/6287/files/8884099-product_image-p2583597.jpg?v=1755553529,7
3608391658779,5234362,Quechua,apparel,apparel.trousers-pants,hike_camp,Trousers/pants,Quechua Women’s NH100 Water-Repellent Fleece-Lined Winter Hiking Pants,Quechua ’s NH100 -Lined Pants Polaire Déperlant de Randonnée Hiver Femme,W36 L31,Black,35.00,33.25,EUR,fr-FR,GB-R3-U2,2,quechua-womens-sh100-fleece-lined-winter-pants-311957-fw25,https://cdn.shopify.com/s/files/1/1330/6287/files/8884099-product_image-p2583597.jpg?v=1755553529,7
3608391658793,5234364,Quechua,apparel,apparel.trousers-pants,hike_camp,Trousers/pants,Quechua Women’s NH100 Water-Repellent Fleece-Lined Winter Hiking Pants,Quechua ’s NH100 -Lined Pants Polaire Déperlant de Randonnée Hiver Femme,W39 L31,Black,35.00,33.25,EUR,fr-FR,GB-R3-U2,1,quechua-womens-sh100-fleece-lined-winter-pants-311957-fw25,https://cdn.shopify.com/s/files/1/1330/6287/files/8884099-product_image-p2583597.jpg?v=1755553529,7
3583784244091,4439712,Simond,apparel,apparel.down-jacket,general,Down jacket,Simond Women's MT500 Hooded Down Puffer Jacket,Simond MT500 Doudoune à Capuche Duvet Femme,S,No Dye,125.00,118.75,EUR,fr-FR,GB-R1-U2,1,simond-womens-mt500-hooded-down-puffer-jacket-7862-333323,https://cdn.shopify.com/s/files/1/1330/6287/files/8646583-product_image-p2920936_19f678ea-39fc-412f-905c-0b7226cc4fe0.jpg?v=1757465566,42
3583784246606,4312908,Simond,apparel,apparel.down-jacket,general,Down jacket,Simond Women's MT500 Hooded Down Puffer Jacket,Simond MT500 Doudoune à Capuche Duvet Femme,2XL,Black,179.00,170.05,EUR,fr-FR,GB-R1-U2,1,simond-womens-mt500-hooded-down-puffer-jacket-7862-333323,https://cdn.shopify.com/s/files/1/1330/6287/files/8646583-product_image-p2920936_19f678ea-39fc-412f-905c-0b7226cc4fe0.jpg?v=1757465566,42
3583784246613,4312909,Simond,apparel,apparel.down-jacket,general,Down jacket,Simond Women's MT500 Hooded Down Puffer Jacket,Simond MT500 Doudoune à Capuche Duvet Femme,L,Black,179.00,170.05,EUR,fr-FR,GB-R1-U2,2,simond-womens-mt500-hooded-down-puffer-jacket-7862-333323,https://cdn.shopify.com/s/files/1/1330/6287/files/8646583-product_image-p2920936_19f678ea-39fc-412f-905c-0b7226cc4fe0.jpg?v=1757465566,42
3583784246620,4312910,Simond,apparel,apparel.down-jacket,general,Down jacket,Simond Women's MT500 Hooded Down Puffer Jacket,Simond MT500 Doudoune à Capuche Duvet Femme,M,Black,179.00,170.05,EUR,fr-FR,GB-R1-U2,2,simond-womens-mt500-hooded-down-puffer-jacket-7862-333323,https://cdn.shopify.com/s/files/1/1330/6287/files/8646583-product_image-p2920936_19f678ea-39fc-412f-905c-0b7226cc4fe0.jpg?v=1757465566,42
3583784246637,4312911,Simond,apparel,apparel.down-jacket,general,Down jacket,Simond Women's MT500 Hooded Down Puffer Jacket,Simond MT500 Doudoune à Capuche Duvet Femme,S,Black,179.00,170.05,EUR,fr-FR,GB-R1-U2,1,simond-womens-mt500-hooded-down-puffer-jacket-7862-333323,https://cdn.shopify.com/s/files/1/1330/6287/files/8646583-product_image-p2920936_19f678ea-39fc-412f-905c-0b7226cc4fe0.jpg?v=1757465566,42
3583784246644,4312913,Simond,apparel,apparel.down-jacket,general,Down jacket,Simond Women's MT500 Hooded Down Puffer Jacket,Simond MT500 Doudoune à Capuche Duvet Femme,XL,Black,179.00,170.05,EUR,fr-FR,GB-R1-U2,1,simond-womens-mt500-hooded-down-puffer-jacket-7862-333323,https://cdn.shopify.com/s/files/1/1330/6287/files/8646583-product_image-p2920936_19f678ea-39fc-412f-905c-0b7226cc4fe0.jpg?v=1757465566,42
3583784246804,4439713,Simond,apparel,apparel.down-jacket,general,Down jacket,Simond Women's MT500 Hooded Down Puffer Jacket,Simond MT500 Doudoune à Capuche Duvet Femme,M,No Dye,125.00,118.75,EUR,fr-FR,GB-R1-U2,2,simond-womens-mt500-hooded-down-puffer-jacket-7862-333323,https://cdn.shopify.com/s/files/1/1330/6287/files/8646583-product_image-p2920936_19f678ea-39fc-412f-905c-0b7226cc4fe0.jpg?v=1757465566,42
3583784246811,4439714,Simond,apparel,apparel.down-jacket,general,Down jacket,Simond Women's MT500 Hooded Down Puffer Jacket,Simond MT500 Doudoune à Capuche Duvet Femme,L,No Dye,125.00,118.75,EUR,fr-FR,GB-R1-U2,2,simond-womens-mt500-hooded-down-puffer-jacket-7862-333323,https://cdn.shopify.com/s/files/1/1330/6287/files/8646583-product_image-p2920936_19f678ea-39fc-412f-905c-0b7226cc4fe0.jpg?v=1757465566,42
3583784246828,4439715,Simond,apparel,apparel.down-jacket,general,Down jacket,Simond Women's MT500 Hooded Down Puffer Jacket,Simond MT500 Doudoune à Capuche Duvet Femme,XL,No Dye,125.00,118.75,EUR,fr-FR,GB-R1-U2,2,simond-womens-mt500-hooded-down-puffer-jacket-7862-333323,https://cdn.shopify.com/s/files/1/1330/6287/files/8646583-product_image-p2920936_19f678ea-39fc-412f-905c-0b7226cc4fe0.jpg?v=1757465566,42
3583784246835,4439716,Simond,apparel,apparel.down-jacket,general,Down jacket,Simond Women's MT500 Hooded Down Puffer Jacket,Simond MT500 Doudoune à Capuche Duvet Femme,2XL,No Dye,125.00,118.75,EUR,fr-FR,GB-R1-U2,1,simond-womens-mt500-hooded-down-puffer-jacket-7862-333323,https://cdn.shopify.com/s/files/1/1330/6287/files/8646583-product_image-p2920936_19f678ea-39fc-412f-905c-0b7226cc4fe0.jpg?v=1757465566,42
3583784247887,4312895,Simond,apparel,apparel.down-jacket,general,Down jacket,Simond Women's MT500 Hooded Down Puffer Jacket,Simond MT500 Doudoune à Capuche Duvet Femme,2XL,Ash Blue,179.00,170.05,EUR,fr-FR,GB-R1-U2,0,simond-womens-mt500-hooded-down-puffer-jacket-7862-333323,https://cdn.shopify.com/s/files/1/1330/6287/files/8646583-product_image-p2920936_19f678ea-39fc-412f-905c-0b7226cc4fe0.jpg?v=1757465566,42
3583784247894,4312896,Simond,apparel,apparel.down-jacket,general,Down jacket,Simond Women's MT500 Hooded Down Puffer Jacket,Simond MT500 Doudoune à Capuche Duvet Femme,L,Ash Blue,179.00,170.05,EUR,fr-FR,GB-R1-U2,2,simond-womens-mt500-hooded-down-puffer-jacket-7862-333323,https://cdn.shopify.com/s/files/1/1330/6287/files/8646583-product_image-p2920936_19f678ea-39fc-412f-905c-0b7226cc4fe0.jpg?v=1757465566,42
3583784248303,4312897,Simond,apparel,apparel.down-jacket,general,Down jacket,Simond Women's MT500 Hooded Down Puffer Jacket,Simond MT500 Doudoune à Capuche Duvet Femme,M,Ash Blue,179.00,170.05,EUR,fr-FR,GB-R1-U2,2,simond-womens-mt500-hooded-down-puffer-jacket-7862-333323,https://cdn.shopify.com/s/files/1/1330/6287/files/8646583-product_image-p2920936_19f678ea-39fc-412f-905c-0b7226cc4fe0.jpg?v=1757465566,42
3583784248310,4312898,Simond,apparel,apparel.down-jacket,general,Down jacket,Simond Women's MT500 Hooded Down Puffer Jacket,Simond MT500 Doudoune à Capuche Duvet Femme,S,Ash Blue,179.00,170.05,EUR,fr-FR,GB-R1-U2,2,simond-womens-mt500-hooded-down-puffer-jacket-7862-333323,https://cdn.shopify.com/s/files/1/1330/6287/files/8646583-product_image-p2920936_19f678ea-39fc-412f-905c-0b7226cc4fe0.jpg?v=1757465566,42
3583784248327,4312899,Simond,apparel,apparel.down-jacket,general,Down jacket,Simond Women's MT500 Hooded Down Puffer Jacket,Simond MT500 Doudoune à Capuche Duvet Femme,XL,Ash Blue,179.00,170.05,EUR,fr-FR,GB-R1-U2,1,simond-womens-mt500-hooded-down-puffer-jacket-7862-333323,https://cdn.shopify.com/s/files/1/1330/6287/files/8646583-product_image-p2920936_19f678ea-39fc-412f-905c-0b7226cc4fe0.jpg?v=1757465566,42
3608392336034,5413375,Quechua,outdoor,outdoor.folding-chair,hike_camp,Folding chair,Quechua MH500 Compact Camp Chair,Quechua MH500 Camp Chair Compact,One Size,Alpine Green,45.00,42.75,EUR,fr-FR,GF-R3-U1,2,camping-folding-chair-mh500-173601,https://cdn.shopify.com/s/files/1/1330/6287/files/41676143820862.jpg?v=1743794966,11
3608439246425,4548274,Quechua,footwear,footwear.shoes,hike_camp,Shoes,Quechua Men's NH100 Mid Hiking Boots,Quechua NH100 Bottes de Randonnée Mi-saison Homme,10.5,Black,35.00,33.25,EUR,fr-FR,PE-01,4,mens-hiking-boots-nh100-mid-339888,https://cdn.shopify.com/s/files/1/1330/6287/files/8756701-product_image-p2583208.jpg?v=1712146234,8
3608439246463,4548276,Quechua,footwear,footwear.shoes,hike_camp,Shoes,Quechua Men's NH100 Mid Hiking Boots,Quechua NH100 Bottes de Randonnée Mi-saison Homme,12,Black,35.00,33.25,EUR,fr-FR,PE-01,2,mens-hiking-boots-nh100-mid-339888,https://cdn.shopify.com/s/files/1/1330/6287/files/8756701-product_image-p2583208.jpg?v=1712146234,8
3608439246487,4548275,Quechua,footwear,footwear.shoes,hike_camp,Shoes,Quechua Men's NH100 Mid Hiking Boots,Quechua NH100 Bottes de Randonnée Mi-saison Homme,11.5,Black,35.00,33.25,EUR,fr-FR,PE-01,3,mens-hiking-boots-nh100-mid-339888,https://cdn.shopify.com/s/files/1/1330/6287/files/8756701-product_image-p2583208.jpg?v=1712146234,8
3608439246500,4548270,Quechua,footwear,footwear.shoes,hike_camp,Shoes,Quechua Men's NH100 Mid Hiking Boots,Quechua NH100 Bottes de Randonnée Mi-saison Homme,9,Black,35.00,33.25,EUR,fr-FR,PE-01,5,mens-hiking-boots-nh100-mid-339888,https://cdn.shopify.com/s/files/1/1330/6287/files/8756701-product_image-p2583208.jpg?v=1712146234,8
3608439246524,4548269,Quechua,footwear,footwear.shoes,hike_camp,Shoes,Quechua Men's NH100 Mid Hiking Boots,Quechua NH100 Bottes de Randonnée Mi-saison Homme,8,Black,35.00,33.25,EUR,fr-FR,PE-01,4,mens-hiking-boots-nh100-mid-339888,https://cdn.shopify.com/s/files/1/1330/6287/files/8756701-product_image-p2583208.jpg?v=1712146234,8
3608439246555,4548271,Quechua,footwear,footwear.shoes,hike_camp,Shoes,Quechua Men's NH100 Mid Hiking Boots,Quechua NH100 Bottes de Randonnée Mi-saison Homme,9.5,Black,35.00,33.25,EUR,fr-FR,PE-01,5,mens-hiking-boots-nh100-mid-339888,https://cdn.shopify.com/s/files/1/1330/6287/files/8756701-product_image-p2583208.jpg?v=1712146234,8
3608439246609,4548268,Quechua,footwear,footwear.shoes,hike_camp,Shoes,Quechua Men's NH100 Mid Hiking Boots,Quechua NH100 Bottes de Randonnée Mi-saison Homme,7.5,Black,35.00,33.25,EUR,fr-FR,PE-01,3,mens-hiking-boots-nh100-mid-339888,https://cdn.shopify.com/s/files/1/1330/6287/files/8756701-product_image-p2583208.jpg?v=1712146234,8
3608439246616,4548267,Quechua,footwear,footwear.shoes,hike_camp,Shoes,Quechua Men's NH100 Mid Hiking Boots,Quechua NH100 Bottes de Randonnée Mi-saison Homme,6.5,Black,35.00,33.25,EUR,fr-FR,PE-01,1,mens-hiking-boots-nh100-mid-339888,https://cdn.shopify.com/s/files/1/1330/6287/files/8756701-product_image-p2583208.jpg?v=1712146234,8
3608391913793,5334356,Kiprun,accessories,accessories.water-bag,running,Water bag,Kiprun 10L Running Hydration Vest -  1L Water Bladder Included,Kiprun 10L Hydration Vest 1L Water Included Poche à eau de Running,XS / S,Smoked Black,145.00,137.75,EUR,fr-FR,GB-R2-U2,1,kiprun-bag-900-unisex-trail-running-10-l-bag-black-312087,https://cdn.shopify.com/s/files/1/1330/6287/files/8911422-product_image-p2806393_e62a8e42-0111-42e9-ac26-e1385a02ff90.jpg?v=1747270540,25
3608391914622,5334358,Kiprun,accessories,accessories.water-bag,running,Water bag,Kiprun 10L Running Hydration Vest -  1L Water Bladder Included,Kiprun 10L Hydration Vest 1L Water Included Poche à eau de Running,XS / S,Light Gray,80.00,76.0,EUR,fr-FR,GB-R2-U2,1,kiprun-bag-900-unisex-trail-running-10-l-bag-black-312087,https://cdn.shopify.com/s/files/1/1330/6287/files/8911422-product_image-p2806393_e62a8e42-0111-42e9-ac26-e1385a02ff90.jpg?v=1747270540,25
3608391914639,5334359,Kiprun,accessories,accessories.water-bag,running,Water bag,Kiprun 10L Running Hydration Vest -  1L Water Bladder Included,Kiprun 10L Hydration Vest 1L Water Included Poche à eau de Running,M / L,Light Gray,80.00,76.0,EUR,fr-FR,GB-R2-U2,2,kiprun-bag-900-unisex-trail-running-10-l-bag-black-312087,https://cdn.shopify.com/s/files/1/1330/6287/files/8911422-product_image-p2806393_e62a8e42-0111-42e9-ac26-e1385a02ff90.jpg?v=1747270540,25
3608391914646,5334376,Kiprun,accessories,accessories.water-bag,running,Water bag,Kiprun 10L Running Hydration Vest -  1L Water Bladder Included,Kiprun 10L Hydration Vest 1L Water Included Poche à eau de Running,XL,Light Gray,80.00,76.0,EUR,fr-FR,GB-R2-U2,1,kiprun-bag-900-unisex-trail-running-10-l-bag-black-312087,https://cdn.shopify.com/s/files/1/1330/6287/files/8911422-product_image-p2806393_e62a8e42-0111-42e9-ac26-e1385a02ff90.jpg?v=1747270540,25
3608391915506,5334357,Kiprun,accessories,accessories.water-bag,running,Water bag,Kiprun 10L Running Hydration Vest -  1L Water Bladder Included,Kiprun 10L Hydration Vest 1L Water Included Poche à eau de Running,M / L,Smoked Black,145.00,137.75,EUR,fr-FR,GB-R2-U2,1,kiprun-bag-900-unisex-trail-running-10-l-bag-black-312087,https://cdn.shopify.com/s/files/1/1330/6287/files/8911422-product_image-p2806393_e62a8e42-0111-42e9-ac26-e1385a02ff90.jpg?v=1747270540,25
3608391915513,5334377,Kiprun,accessories,accessories.water-bag,running,Water bag,Kiprun 10L Running Hydration Vest -  1L Water Bladder Included,Kiprun 10L Hydration Vest 1L Water Included Poche à eau de Running,XL,Smoked Black,145.00,137.75,EUR,fr-FR,GB-R2-U2,1,kiprun-bag-900-unisex-trail-running-10-l-bag-black-312087,https://cdn.shopify.com/s/files/1/1330/6287/files/8911422-product_image-p2806393_e62a8e42-0111-42e9-ac26-e1385a02ff90.jpg?v=1747270540,25
3608390776900,5076875,Simond,apparel,apparel.trousers-pants,general,Trousers/pants,Simond Women's MT900 Hiking Pants,Simond MT900 Pantalon de Randonnée Femme,W28 L30,Deep Chocolate Truffle,65.00,61.75,EUR,fr-FR,GF-R1-U1,1,simond-womens-mt900-hiking-pants-341279,https://cdn.shopify.com/s/files/1/1330/6287/files/8853218-product_image-p2660415_e5a01f2f-c3d0-41bc-bdbd-708b675d4b60.jpg?v=1748666437,14
3608390776924,5076877,Simond,apparel,apparel.trousers-pants,general,Trousers/pants,Simond Women's MT900 Hiking Pants,Simond MT900 Pantalon de Randonnée Femme,W29 L31,Deep Chocolate Truffle,65.00,61.75,EUR,fr-FR,GF-R1-U1,2,simond-womens-mt900-hiking-pants-341279,https://cdn.shopify.com/s/files/1/1330/6287/files/8853218-product_image-p2660415_e5a01f2f-c3d0-41bc-bdbd-708b675d4b60.jpg?v=1748666437,14
3608390776948,5076880,Simond,apparel,apparel.trousers-pants,general,Trousers/pants,Simond Women's MT900 Hiking Pants,Simond MT900 Pantalon de Randonnée Femme,W31 L31,Deep Chocolate Truffle,65.00,61.75,EUR,fr-FR,GF-R1-U1,4,simond-womens-mt900-hiking-pants-341279,https://cdn.shopify.com/s/files/1/1330/6287/files/8853218-product_image-p2660415_e5a01f2f-c3d0-41bc-bdbd-708b675d4b60.jpg?v=1748666437,14
3608390776962,5076882,Simond,apparel,apparel.trousers-pants,general,Trousers/pants,Simond Women's MT900 Hiking Pants,Simond MT900 Pantalon de Randonnée Femme,W33 L31,Deep Chocolate Truffle,65.00,61.75,EUR,fr-FR,GF-R1-U1,3,simond-womens-mt900-hiking-pants-341279,https://cdn.shopify.com/s/files/1/1330/6287/files/8853218-product_image-p2660415_e5a01f2f-c3d0-41bc-bdbd-708b675d4b60.jpg?v=1748666437,14
3608390776986,5076884,Simond,apparel,apparel.trousers-pants,general,Trousers/pants,Simond Women's MT900 Hiking Pants,Simond MT900 Pantalon de Randonnée Femme,W34 L31,Deep Chocolate Truffle,65.00,61.75,EUR,fr-FR,GF-R1-U1,3,simond-womens-mt900-hiking-pants-341279,https://cdn.shopify.com/s/files/1/1330/6287/files/8853218-product_image-p2660415_e5a01f2f-c3d0-41bc-bdbd-708b675d4b60.jpg?v=1748666437,14
3608390777006,5076886,Simond,apparel,apparel.trousers-pants,general,Trousers/pants,Simond Women's MT900 Hiking Pants,Simond MT900 Pantalon de Randonnée Femme,W36 L31,Deep Chocolate Truffle,65.00,61.75,EUR,fr-FR,GF-R1-U1,1,simond-womens-mt900-hiking-pants-341279,https://cdn.shopify.com/s/files/1/1330/6287/files/8853218-product_image-p2660415_e5a01f2f-c3d0-41bc-bdbd-708b675d4b60.jpg?v=1748666437,14
3608393121806,5590879,Quechua,apparel,apparel.fleece,hike_camp,Fleece,Quechua Women's MH100 Sherpa Fleece Pullover,Quechua MH100 Sherpa Fleece Pull Femme,S,No Dye,59.99,56.99,EUR,fr-FR,GF-R3-U1,5,quechua-womens-sherpa-mountain-hiking-fleece-mh100-1-2-zip-beige-370103-fw25,https://cdn.shopify.com/s/files/1/1330/6287/files/QUECHUAPOLAIREMH100TRENDYGREIGEFAH25-8954747-010---Expireson01-05-2030.jpg?v=1765811404,13
3608393121813,5590880,Quechua,apparel,apparel.fleece,hike_camp,Fleece,Quechua Women's MH100 Sherpa Fleece Pullover,Quechua MH100 Sherpa Fleece Pull Femme,M,No Dye,59.99,56.99,EUR,fr-FR,GF-R3-U1,8,quechua-womens-sherpa-mountain-hiking-fleece-mh100-1-2-zip-beige-370103-fw25,https://cdn.shopify.com/s/files/1/1330/6287/files/QUECHUAPOLAIREMH100TRENDYGREIGEFAH25-8954747-010---Expireson01-05-2030.jpg?v=1765811404,13
3608393121820,5590881,Quechua,apparel,apparel.fleece,hike_camp,Fleece,Quechua Women's MH100 Sherpa Fleece Pullover,Quechua MH100 Sherpa Fleece Pull Femme,L,No Dye,59.99,56.99,EUR,fr-FR,GF-R3-U1,8,quechua-womens-sherpa-mountain-hiking-fleece-mh100-1-2-zip-beige-370103-fw25,https://cdn.shopify.com/s/files/1/1330/6287/files/QUECHUAPOLAIREMH100TRENDYGREIGEFAH25-8954747-010---Expireson01-05-2030.jpg?v=1765811404,13
3608393121837,5590883,Quechua,apparel,apparel.fleece,hike_camp,Fleece,Quechua Women's MH100 Sherpa Fleece Pullover,Quechua MH100 Sherpa Fleece Pull Femme,XL,No Dye,59.99,56.99,EUR,fr-FR,GF-R3-U1,6,quechua-womens-sherpa-mountain-hiking-fleece-mh100-1-2-zip-beige-370103-fw25,https://cdn.shopify.com/s/files/1/1330/6287/files/QUECHUAPOLAIREMH100TRENDYGREIGEFAH25-8954747-010---Expireson01-05-2030.jpg?v=1765811404,13
3608393121844,5590884,Quechua,apparel,apparel.fleece,hike_camp,Fleece,Quechua Women's MH100 Sherpa Fleece Pullover,Quechua MH100 Sherpa Fleece Pull Femme,2XL,No Dye,59.99,56.99,EUR,fr-FR,GF-R3-U1,3,quechua-womens-sherpa-mountain-hiking-fleece-mh100-1-2-zip-beige-370103-fw25,https://cdn.shopify.com/s/files/1/1330/6287/files/QUECHUAPOLAIREMH100TRENDYGREIGEFAH25-8954747-010---Expireson01-05-2030.jpg?v=1765811404,13
3608393121851,5590885,Quechua,apparel,apparel.fleece,hike_camp,Fleece,Quechua Women's MH100 Sherpa Fleece Pullover,Quechua MH100 Sherpa Fleece Pull Femme,3XL,No Dye,59.99,56.99,EUR,fr-FR,GF-R3-U1,1,quechua-womens-sherpa-mountain-hiking-fleece-mh100-1-2-zip-beige-370103-fw25,https://cdn.shopify.com/s/files/1/1330/6287/files/QUECHUAPOLAIREMH100TRENDYGREIGEFAH25-8954747-010---Expireson01-05-2030.jpg?v=1765811404,13
3583787200810,4504066,Simond,bag_pack,bag_pack.travel-bag,general,Travel bag,Simond 500 Extend 30-40 L Duffel Bag,Simond 500 Extend 30-40 Duffel Bag,30-40 L,Pink,50.00,47.5,EUR,fr-FR,GF-R1-U1,2,simond-500-extend-30-40-l-duffel-bag-338461,https://cdn.shopify.com/s/files/1/1330/6287/files/8735952-product_image-p2606547_66d45522-95f9-4abf-b4c8-7ea532e16b44.jpg?v=1748577836,48
3583787200827,4775700,Simond,bag_pack,bag_pack.travel-bag,general,Travel bag,Simond 500 Extend 30-40 L Duffel Bag,Simond 500 Extend 30-40 Duffel Bag,30-40 L,Caribbean Green,55.00,52.25,EUR,fr-FR,GF-R1-U1,2,simond-500-extend-30-40-l-duffel-bag-338461,https://cdn.shopify.com/s/files/1/1330/6287/files/8735952-product_image-p2606547_66d45522-95f9-4abf-b4c8-7ea532e16b44.jpg?v=1748577836,48
3608393855497,5730081,Simond,bag_pack,bag_pack.travel-bag,general,Travel bag,Simond 500 Extend 30-40 L Duffel Bag,Simond 500 Extend 30-40 Duffel Bag,30-40 L,Abyss Gray,79.99,75.99,EUR,fr-FR,GF-R1-U1,2,simond-500-extend-30-40-l-duffel-bag-338461,https://cdn.shopify.com/s/files/1/1330/6287/files/8735952-product_image-p2606547_66d45522-95f9-4abf-b4c8-7ea532e16b44.jpg?v=1748577836,48
3608393874726,5734961,Simond,bag_pack,bag_pack.travel-bag,general,Travel bag,Simond 500 Extend 30-40 L Duffel Bag,Simond 500 Extend 30-40 Duffel Bag,30-40 L,Laurel Green,79.99,75.99,EUR,fr-FR,GF-R1-U1,2,simond-500-extend-30-40-l-duffel-bag-338461,https://cdn.shopify.com/s/files/1/1330/6287/files/8735952-product_image-p2606547_66d45522-95f9-4abf-b4c8-7ea532e16b44.jpg?v=1748577836,48
3608429644644,4925304,Kiprun,apparel,apparel.t-shirt,running,T-shirt,Kiprun Women's Run 100 Dry Running T-shirt,Kiprun Run 100 Dry T-shirt de Running Femme,XS,Smoked Black,10.00,9.5,EUR,fr-FR,GB-R2-U2,1,kalenji-womens-kiprun-run-100-running-t-shirt-black-346523,https://cdn.shopify.com/s/files/1/1330/6287/files/8817407-product_image-p2600498.jpg?v=1744912382,10
3608429644668,4925305,Kiprun,apparel,apparel.t-shirt,running,T-shirt,Kiprun Women's Run 100 Dry Running T-shirt,Kiprun Run 100 Dry T-shirt de Running Femme,S,Smoked Black,10.00,9.5,EUR,fr-FR,GB-R2-U2,3,kalenji-womens-kiprun-run-100-running-t-shirt-black-346523,https://cdn.shopify.com/s/files/1/1330/6287/files/8817407-product_image-p2600498.jpg?v=1744912382,10
3608429644682,4925306,Kiprun,apparel,apparel.t-shirt,running,T-shirt,Kiprun Women's Run 100 Dry Running T-shirt,Kiprun Run 100 Dry T-shirt de Running Femme,M,Smoked Black,10.00,9.5,EUR,fr-FR,GB-R2-U2,4,kalenji-womens-kiprun-run-100-running-t-shirt-black-346523,https://cdn.shopify.com/s/files/1/1330/6287/files/8817407-product_image-p2600498.jpg?v=1744912382,10
3608429644705,4925307,Kiprun,apparel,apparel.t-shirt,running,T-shirt,Kiprun Women's Run 100 Dry Running T-shirt,Kiprun Run 100 Dry T-shirt de Running Femme,L,Smoked Black,10.00,9.5,EUR,fr-FR,GB-R2-U2,4,kalenji-womens-kiprun-run-100-running-t-shirt-black-346523,https://cdn.shopify.com/s/files/1/1330/6287/files/8817407-product_image-p2600498.jpg?v=1744912382,10
3608429644729,4925308,Kiprun,apparel,apparel.t-shirt,running,T-shirt,Kiprun Women's Run 100 Dry Running T-shirt,Kiprun Run 100 Dry T-shirt de Running Femme,XL,Smoked Black,10.00,9.5,EUR,fr-FR,GB-R2-U2,3,kalenji-womens-kiprun-run-100-running-t-shirt-black-346523,https://cdn.shopify.com/s/files/1/1330/6287/files/8817407-product_image-p2600498.jpg?v=1744912382,10
3608429644743,4925309,Kiprun,apparel,apparel.t-shirt,running,T-shirt,Kiprun Women's Run 100 Dry Running T-shirt,Kiprun Run 100 Dry T-shirt de Running Femme,2XL,Smoked Black,10.00,9.5,EUR,fr-FR,GB-R2-U2,1,kalenji-womens-kiprun-run-100-running-t-shirt-black-346523,https://cdn.shopify.com/s/files/1/1330/6287/files/8817407-product_image-p2600498.jpg?v=1744912382,10
3608429644767,4925310,Kiprun,apparel,apparel.t-shirt,running,T-shirt,Kiprun Women's Run 100 Dry Running T-shirt,Kiprun Run 100 Dry T-shirt de Running Femme,3XL,Smoked Black,10.00,9.5,EUR,fr-FR,GB-R2-U2,1,kalenji-womens-kiprun-run-100-running-t-shirt-black-346523,https://cdn.shopify.com/s/files/1/1330/6287/files/8817407-product_image-p2600498.jpg?v=1744912382,10
3608429644781,4925311,Kiprun,apparel,apparel.t-shirt,running,T-shirt,Kiprun Women's Run 100 Dry Running T-shirt,Kiprun Run 100 Dry T-shirt de Running Femme,4XL,Smoked Black,10.00,9.5,EUR,fr-FR,GB-R2-U2,0,kalenji-womens-kiprun-run-100-running-t-shirt-black-346523,https://cdn.shopify.com/s/files/1/1330/6287/files/8817407-product_image-p2600498.jpg?v=1744912382,10
3583784886925,5242418,Quechua,bag_pack,bag_pack.backpack,hike_camp,Backpack,Quechua MH100 35L Hiking Backpack,Quechua MH100 35L Sac à dos de Randonnée,35 L,Black,30.00,28.5,EUR,fr-FR,GF-R3-U2,9,quechua-mh100-35l-hiking-backpack-355926,https://cdn.shopify.com/s/files/1/1330/6287/files/8885229-product_image-p2579576.jpg?v=1709727492,15
3608449805117,4560145,Wedze,apparel,apparel.base-layer,general,Base layer,Wedze Women's BL500 Ski Base Layer Top,Wedze BL500 Top Sous-vêtement technique de Ski Femme,XL,Black,24.99,23.74,EUR,fr-FR,GF-R1-U2,5,wedze-womens-bl500-ski-base-layer-top-340538,https://cdn.shopify.com/s/files/1/1330/6287/files/8759463-product_image-p2577379.jpg?v=1755814043,7
3608449805124,4560146,Wedze,apparel,apparel.base-layer,general,Base layer,Wedze Women's BL500 Ski Base Layer Top,Wedze BL500 Top Sous-vêtement technique de Ski Femme,2XL,Black,24.99,23.74,EUR,fr-FR,GF-R1-U2,2,wedze-womens-bl500-ski-base-layer-top-340538,https://cdn.shopify.com/s/files/1/1330/6287/files/8759463-product_image-p2577379.jpg?v=1755814043,7
3608449805131,4560143,Wedze,apparel,apparel.base-layer,general,Base layer,Wedze Women's BL500 Ski Base Layer Top,Wedze BL500 Top Sous-vêtement technique de Ski Femme,M,Black,24.99,23.74,EUR,fr-FR,GF-R1-U2,7,wedze-womens-bl500-ski-base-layer-top-340538,https://cdn.shopify.com/s/files/1/1330/6287/files/8759463-product_image-p2577379.jpg?v=1755814043,7
3608449805148,4560144,Wedze,apparel,apparel.base-layer,general,Base layer,Wedze Women's BL500 Ski Base Layer Top,Wedze BL500 Top Sous-vêtement technique de Ski Femme,L,Black,24.99,23.74,EUR,fr-FR,GF-R1-U2,7,wedze-womens-bl500-ski-base-layer-top-340538,https://cdn.shopify.com/s/files/1/1330/6287/files/8759463-product_image-p2577379.jpg?v=1755814043,7
3608449805155,4560141,Wedze,apparel,apparel.base-layer,general,Base layer,Wedze Women's BL500 Ski Base Layer Top,Wedze BL500 Top Sous-vêtement technique de Ski Femme,XS,Black,24.99,23.74,EUR,fr-FR,GF-R1-U2,2,wedze-womens-bl500-ski-base-layer-top-340538,https://cdn.shopify.com/s/files/1/1330/6287/files/8759463-product_image-p2577379.jpg?v=1755814043,7
3608449805162,4560142,Wedze,apparel,apparel.base-layer,general,Base layer,Wedze Women's BL500 Ski Base Layer Top,Wedze BL500 Top Sous-vêtement technique de Ski Femme,S,Black,24.99,23.74,EUR,fr-FR,GF-R1-U2,4,wedze-womens-bl500-ski-base-layer-top-340538,https://cdn.shopify.com/s/files/1/1330/6287/files/8759463-product_image-p2577379.jpg?v=1755814043,7
3608392435478,5445521,Forclaz,apparel,apparel.long-sleeved-t-shirt,hike_camp,Long-sleeved t-shirt,Simond Women's Merino Resist Long-Sleeve T-Shirt,Simond Resist T-shirt manches longues Mérinos Femme,XS,Chocolate Truffle,45.00,42.75,EUR,fr-FR,GF-R3-U2,1,forclaz-womens-merino-wool-long-sleeved-t-shirt-merino-resist-blue-356395,https://cdn.shopify.com/s/files/1/1330/6287/files/8926405-product_image-p2816069.jpg?v=1744157994,16
3608392436413,5445525,Forclaz,apparel,apparel.long-sleeved-t-shirt,hike_camp,Long-sleeved t-shirt,Simond Women's Merino Resist Long-Sleeve T-Shirt,Simond Resist T-shirt manches longues Mérinos Femme,M,Chocolate Truffle,45.00,42.75,EUR,fr-FR,GF-R3-U2,4,forclaz-womens-merino-wool-long-sleeved-t-shirt-merino-resist-blue-356395,https://cdn.shopify.com/s/files/1/1330/6287/files/8926405-product_image-p2816069.jpg?v=1744157994,16
3608392436437,5445527,Forclaz,apparel,apparel.long-sleeved-t-shirt,hike_camp,Long-sleeved t-shirt,Simond Women's Merino Resist Long-Sleeve T-Shirt,Simond Resist T-shirt manches longues Mérinos Femme,L,Chocolate Truffle,45.00,42.75,EUR,fr-FR,GF-R3-U2,4,forclaz-womens-merino-wool-long-sleeved-t-shirt-merino-resist-blue-356395,https://cdn.shopify.com/s/files/1/1330/6287/files/8926405-product_image-p2816069.jpg?v=1744157994,16
3608392436451,5445529,Forclaz,apparel,apparel.long-sleeved-t-shirt,hike_camp,Long-sleeved t-shirt,Simond Women's Merino Resist Long-Sleeve T-Shirt,Simond Resist T-shirt manches longues Mérinos Femme,XL,Chocolate Truffle,45.00,42.75,EUR,fr-FR,GF-R3-U2,3,forclaz-womens-merino-wool-long-sleeved-t-shirt-merino-resist-blue-356395,https://cdn.shopify.com/s/files/1/1330/6287/files/8926405-product_image-p2816069.jpg?v=1744157994,16
3608392436635,5445501,Forclaz,apparel,apparel.long-sleeved-t-shirt,hike_camp,Long-sleeved t-shirt,Simond Women's Merino Resist Long-Sleeve T-Shirt,Simond Resist T-shirt manches longues Mérinos Femme,XS,Eclipse Blue,45.00,42.75,EUR,fr-FR,GF-R3-U2,1,forclaz-womens-merino-wool-long-sleeved-t-shirt-merino-resist-blue-356395,https://cdn.shopify.com/s/files/1/1330/6287/files/8926405-product_image-p2816069.jpg?v=1744157994,16
3608392436659,5445503,Forclaz,apparel,apparel.long-sleeved-t-shirt,hike_camp,Long-sleeved t-shirt,Simond Women's Merino Resist Long-Sleeve T-Shirt,Simond Resist T-shirt manches longues Mérinos Femme,S,Eclipse Blue,45.00,42.75,EUR,fr-FR,GF-R3-U2,5,forclaz-womens-merino-wool-long-sleeved-t-shirt-merino-resist-blue-356395,https://cdn.shopify.com/s/files/1/1330/6287/files/8926405-product_image-p2816069.jpg?v=1744157994,16
3608392436673,5445505,Forclaz,apparel,apparel.long-sleeved-t-shirt,hike_camp,Long-sleeved t-shirt,Simond Women's Merino Resist Long-Sleeve T-Shirt,Simond Resist T-shirt manches longues Mérinos Femme,M,Eclipse Blue,45.00,42.75,EUR,fr-FR,GF-R3-U2,4,forclaz-womens-merino-wool-long-sleeved-t-shirt-merino-resist-blue-356395,https://cdn.shopify.com/s/files/1/1330/6287/files/8926405-product_image-p2816069.jpg?v=1744157994,16
3608392436697,5445507,Forclaz,apparel,apparel.long-sleeved-t-shirt,hike_camp,Long-sleeved t-shirt,Simond Women's Merino Resist Long-Sleeve T-Shirt,Simond Resist T-shirt manches longues Mérinos Femme,L,Eclipse Blue,45.00,42.75,EUR,fr-FR,GF-R3-U2,4,forclaz-womens-merino-wool-long-sleeved-t-shirt-merino-resist-blue-356395,https://cdn.shopify.com/s/files/1/1330/6287/files/8926405-product_image-p2816069.jpg?v=1744157994,16
3608392436710,5445509,Forclaz,apparel,apparel.long-sleeved-t-shirt,hike_camp,Long-sleeved t-shirt,Simond Women's Merino Resist Long-Sleeve T-Shirt,Simond Resist T-shirt manches longues Mérinos Femme,XL,Eclipse Blue,45.00,42.75,EUR,fr-FR,GF-R3-U2,3,forclaz-womens-merino-wool-long-sleeved-t-shirt-merino-resist-blue-356395,https://cdn.shopify.com/s/files/1/1330/6287/files/8926405-product_image-p2816069.jpg?v=1744157994,16
3583787788110,2422755,Forclaz,accessories,accessories.headlamp,hike_camp,Headlamp,Forclaz Trek 100 Rechargeable 200 Lumens USB Hiking Head Lamp,Forclaz Trek 100 Rechargeable 200 Lumens USB Head Lamp de Randonnée,One Size,Galaxy Blue,15.00,14.25,EUR,fr-FR,GB-R3-U2,10,forclaz-trek-100-rechargeable-usb-120-lumen-backpacking-head-lamp-302568,https://cdn.shopify.com/s/files/1/1330/6287/files/8505682-product_image-p2572886.jpg?v=1712143848,9
3583783997240,4097226,Quechua,apparel,apparel.fleece,hike_camp,Fleece,Quechua Women's MH100 Hiking Fleece,Quechua MH100 Polaire de Randonnée Femme,2XL,Storm Grey,17.00,16.15,EUR,fr-FR,GB-R3-U1,2,quechua-mh100-hiking-fleece-324607,https://cdn.shopify.com/s/files/1/1330/6287/files/966817-product_image-p2607079.jpg?v=1740180556,8
3583783997257,4097229,Quechua,apparel,apparel.fleece,hike_camp,Fleece,Quechua Women's MH100 Hiking Fleece,Quechua MH100 Polaire de Randonnée Femme,L,Storm Grey,17.00,16.15,EUR,fr-FR,GB-R3-U1,6,quechua-mh100-hiking-fleece-324607,https://cdn.shopify.com/s/files/1/1330/6287/files/966817-product_image-p2607079.jpg?v=1740180556,8
3583783997264,4097230,Quechua,apparel,apparel.fleece,hike_camp,Fleece,Quechua Women's MH100 Hiking Fleece,Quechua MH100 Polaire de Randonnée Femme,M,Storm Grey,17.00,16.15,EUR,fr-FR,GB-R3-U1,7,quechua-mh100-hiking-fleece-324607,https://cdn.shopify.com/s/files/1/1330/6287/files/966817-product_image-p2607079.jpg?v=1740180556,8
3583783997271,4097231,Quechua,apparel,apparel.fleece,hike_camp,Fleece,Quechua Women's MH100 Hiking Fleece,Quechua MH100 Polaire de Randonnée Femme,S,Storm Grey,17.00,16.15,EUR,fr-FR,GB-R3-U1,4,quechua-mh100-hiking-fleece-324607,https://cdn.shopify.com/s/files/1/1330/6287/files/966817-product_image-p2607079.jpg?v=1740180556,8
3583783997288,4097232,Quechua,apparel,apparel.fleece,hike_camp,Fleece,Quechua Women's MH100 Hiking Fleece,Quechua MH100 Polaire de Randonnée Femme,XL,Storm Grey,17.00,16.15,EUR,fr-FR,GB-R3-U1,5,quechua-mh100-hiking-fleece-324607,https://cdn.shopify.com/s/files/1/1330/6287/files/966817-product_image-p2607079.jpg?v=1740180556,8
3583783997295,4097233,Quechua,apparel,apparel.fleece,hike_camp,Fleece,Quechua Women's MH100 Hiking Fleece,Quechua MH100 Polaire de Randonnée Femme,XS,Storm Grey,17.00,16.15,EUR,fr-FR,GB-R3-U1,2,quechua-mh100-hiking-fleece-324607,https://cdn.shopify.com/s/files/1/1330/6287/files/966817-product_image-p2607079.jpg?v=1740180556,8
3583784106146,4097228,Quechua,apparel,apparel.fleece,hike_camp,Fleece,Quechua Women's MH100 Hiking Fleece,Quechua MH100 Polaire de Randonnée Femme,3XL,Storm Grey,17.00,16.15,EUR,fr-FR,GB-R3-U1,1,quechua-mh100-hiking-fleece-324607,https://cdn.shopify.com/s/files/1/1330/6287/files/966817-product_image-p2607079.jpg?v=1740180556,8
3608390621750,5045537,Quechua,bag_pack,bag_pack.backpack,hike_camp,Backpack,Quechua NH100 Arpenaz 10 L Hiking Backpack,Quechua NH100 Arpenaz 10 Sac à dos de Randonnée,10 L,Dark Green,6.00,5.7,EUR,fr-FR,PE-01,2,quechua-hiking-10l-backpack-arpenaz-nh100-344147,https://cdn.shopify.com/s/files/1/1330/6287/files/8775634-product_image-p2621212.jpg?v=1712059796,54
3608393627032,5687608,Quechua,bag_pack,bag_pack.backpack,hike_camp,Backpack,Quechua NH100 Arpenaz 10 L Hiking Backpack,Quechua NH100 Arpenaz 10 Sac à dos de Randonnée,10 L,Golden Brown,19.99,18.99,EUR,fr-FR,PE-01,2,quechua-hiking-10l-backpack-arpenaz-nh100-344147,https://cdn.shopify.com/s/files/1/1330/6287/files/8775634-product_image-p2621212.jpg?v=1712059796,54
3608439244209,4728757,Quechua,bag_pack,bag_pack.backpack,hike_camp,Backpack,Quechua NH100 Arpenaz 10 L Hiking Backpack,Quechua NH100 Arpenaz 10 Sac à dos de Randonnée,10 L,Slate Blue,19.99,18.99,EUR,fr-FR,PE-01,1,quechua-hiking-10l-backpack-arpenaz-nh100-344147,https://cdn.shopify.com/s/files/1/1330/6287/files/8775634-product_image-p2621212.jpg?v=1712059796,54
3608439244223,4773405,Quechua,bag_pack,bag_pack.backpack,hike_camp,Backpack,Quechua NH100 Arpenaz 10 L Hiking Backpack,Quechua NH100 Arpenaz 10 Sac à dos de Randonnée,10 L,Yellow Ochre,5.00,4.75,EUR,fr-FR,PE-01,1,quechua-hiking-10l-backpack-arpenaz-nh100-344147,https://cdn.shopify.com/s/files/1/1330/6287/files/8775634-product_image-p2621212.jpg?v=1712059796,54
3608439255434,4728754,Quechua,bag_pack,bag_pack.backpack,hike_camp,Backpack,Quechua NH100 Arpenaz 10 L Hiking Backpack,Quechua NH100 Arpenaz 10 Sac à dos de Randonnée,10 L,Black,19.99,18.99,EUR,fr-FR,PE-01,2,quechua-hiking-10l-backpack-arpenaz-nh100-344147,https://cdn.shopify.com/s/files/1/1330/6287/files/8775634-product_image-p2621212.jpg?v=1712059796,54
3583784222976,4311924,Quechua,apparel,apparel.leggings,hike_camp,Leggings,Quechua Women's MH100 Hiking Fleece Tights,Quechua MH100 Tights Polaire de Randonnée Femme,W38 L31,Black,18.00,17.1,EUR,fr-FR,GB-R3-U2,1,quechua-womens-mh100-hiking-fleece-tights-333238,https://cdn.shopify.com/s/files/1/1330/6287/files/8646503-product_image-p2582520.jpg?v=1712059176,1
3583784222983,4311926,Quechua,apparel,apparel.leggings,hike_camp,Leggings,Quechua Women's MH100 Hiking Fleece Tights,Quechua MH100 Tights Polaire de Randonnée Femme,W33 L31,Black,18.00,17.1,EUR,fr-FR,GB-R3-U2,5,quechua-womens-mh100-hiking-fleece-tights-333238,https://cdn.shopify.com/s/files/1/1330/6287/files/8646503-product_image-p2582520.jpg?v=1712059176,1
3583784222990,4311928,Quechua,apparel,apparel.leggings,hike_camp,Leggings,Quechua Women's MH100 Hiking Fleece Tights,Quechua MH100 Tights Polaire de Randonnée Femme,W30 L31,Black,18.00,17.1,EUR,fr-FR,GB-R3-U2,5,quechua-womens-mh100-hiking-fleece-tights-333238,https://cdn.shopify.com/s/files/1/1330/6287/files/8646503-product_image-p2582520.jpg?v=1712059176,1
3583784224802,4311930,Quechua,apparel,apparel.leggings,hike_camp,Leggings,Quechua Women's MH100 Hiking Fleece Tights,Quechua MH100 Tights Polaire de Randonnée Femme,W28 L31,Black,18.00,17.1,EUR,fr-FR,GB-R3-U2,4,quechua-womens-mh100-hiking-fleece-tights-333238,https://cdn.shopify.com/s/files/1/1330/6287/files/8646503-product_image-p2582520.jpg?v=1712059176,1
3583784224819,4311933,Quechua,apparel,apparel.leggings,hike_camp,Leggings,Quechua Women's MH100 Hiking Fleece Tights,Quechua MH100 Tights Polaire de Randonnée Femme,W35 L31,Black,18.00,17.1,EUR,fr-FR,GB-R3-U2,4,quechua-womens-mh100-hiking-fleece-tights-333238,https://cdn.shopify.com/s/files/1/1330/6287/files/8646503-product_image-p2582520.jpg?v=1712059176,1
3583784224826,4311935,Quechua,apparel,apparel.leggings,hike_camp,Leggings,Quechua Women's MH100 Hiking Fleece Tights,Quechua MH100 Tights Polaire de Randonnée Femme,W26 L30,Black,18.00,17.1,EUR,fr-FR,GB-R3-U2,2,quechua-womens-mh100-hiking-fleece-tights-333238,https://cdn.shopify.com/s/files/1/1330/6287/files/8646503-product_image-p2582520.jpg?v=1712059176,1
3608390481057,4995764,Kiprun,apparel,apparel.t-shirt,running,T-shirt,Kiprun Run 500 Dry Women's Breathable Running T-shirt,Kiprun Run 500 Dry T-shirt Respirant de Running Femme,XS,Pale Lilac Purple,15.00,14.25,EUR,fr-FR,GF-R2-U1,1,kiprun-run-500-dry-womens-breathable-running-t-shirt-mauve-346564,https://cdn.shopify.com/s/files/1/1330/6287/files/8831472-product_image-p2600177.jpg?v=1744402176,10
3608390481064,4995765,Kiprun,apparel,apparel.t-shirt,running,T-shirt,Kiprun Run 500 Dry Women's Breathable Running T-shirt,Kiprun Run 500 Dry T-shirt Respirant de Running Femme,S,Pale Lilac Purple,15.00,14.25,EUR,fr-FR,GF-R2-U1,2,kiprun-run-500-dry-womens-breathable-running-t-shirt-mauve-346564,https://cdn.shopify.com/s/files/1/1330/6287/files/8831472-product_image-p2600177.jpg?v=1744402176,10
3608390481071,4995766,Kiprun,apparel,apparel.t-shirt,running,T-shirt,Kiprun Run 500 Dry Women's Breathable Running T-shirt,Kiprun Run 500 Dry T-shirt Respirant de Running Femme,M,Pale Lilac Purple,15.00,14.25,EUR,fr-FR,GF-R2-U1,4,kiprun-run-500-dry-womens-breathable-running-t-shirt-mauve-346564,https://cdn.shopify.com/s/files/1/1330/6287/files/8831472-product_image-p2600177.jpg?v=1744402176,10
3608390481088,4995767,Kiprun,apparel,apparel.t-shirt,running,T-shirt,Kiprun Run 500 Dry Women's Breathable Running T-shirt,Kiprun Run 500 Dry T-shirt Respirant de Running Femme,L,Pale Lilac Purple,15.00,14.25,EUR,fr-FR,GF-R2-U1,3,kiprun-run-500-dry-womens-breathable-running-t-shirt-mauve-346564,https://cdn.shopify.com/s/files/1/1330/6287/files/8831472-product_image-p2600177.jpg?v=1744402176,10
3608390481095,4995768,Kiprun,apparel,apparel.t-shirt,running,T-shirt,Kiprun Run 500 Dry Women's Breathable Running T-shirt,Kiprun Run 500 Dry T-shirt Respirant de Running Femme,XL,Pale Lilac Purple,15.00,14.25,EUR,fr-FR,GF-R2-U1,2,kiprun-run-500-dry-womens-breathable-running-t-shirt-mauve-346564,https://cdn.shopify.com/s/files/1/1330/6287/files/8831472-product_image-p2600177.jpg?v=1744402176,10
3608390484102,4995769,Kiprun,apparel,apparel.t-shirt,running,T-shirt,Kiprun Run 500 Dry Women's Breathable Running T-shirt,Kiprun Run 500 Dry T-shirt Respirant de Running Femme,2XL,Pale Lilac Purple,15.00,14.25,EUR,fr-FR,GF-R2-U1,1,kiprun-run-500-dry-womens-breathable-running-t-shirt-mauve-346564,https://cdn.shopify.com/s/files/1/1330/6287/files/8831472-product_image-p2600177.jpg?v=1744402176,10
3608390484119,4995770,Kiprun,apparel,apparel.t-shirt,running,T-shirt,Kiprun Run 500 Dry Women's Breathable Running T-shirt,Kiprun Run 500 Dry T-shirt Respirant de Running Femme,3XL,Pale Lilac Purple,15.00,14.25,EUR,fr-FR,GF-R2-U1,1,kiprun-run-500-dry-womens-breathable-running-t-shirt-mauve-346564,https://cdn.shopify.com/s/files/1/1330/6287/files/8831472-product_image-p2600177.jpg?v=1744402176,10
3608394948259,5395831,Decathlon,bag_pack,bag_pack.backpack,general,Backpack,29L Rolltop Backpack,29L Rolltop Sac à dos,OS,Sage,89.99,85.49,EUR,fr-FR,GF-R1-U2,8,29l-rolltop-backpack,https://cdn.shopify.com/s/files/1/1330/6287/files/default_3b1ecf29-2078-4d7e-af20-b388a03a9764.jpg?v=1775496347,10
3608390008247,2909020,Wedze,accessories,accessories.gloves,general,Gloves,Wedze Adult 100 Waterproof Ski Gloves,Wedze 100 Gants Imperméable de Ski Adulte,2XL,Smoked Black,24.99,23.74,EUR,fr-FR,CO-IR,1,wedze-100-ski-gloves-adult-310563-fw25,https://cdn.shopify.com/s/files/1/1330/6287/files/8562916-product_image-p2910789.jpg?v=1755560827,13
3608390008254,2909021,Wedze,accessories,accessories.gloves,general,Gloves,Wedze Adult 100 Waterproof Ski Gloves,Wedze 100 Gants Imperméable de Ski Adulte,2XS,Black,24.99,23.74,EUR,fr-FR,CO-IR,1,wedze-100-ski-gloves-adult-310563-fw25,https://cdn.shopify.com/s/files/1/1330/6287/files/8562916-product_image-p2910789.jpg?v=1755560827,13
3608390008261,2909022,Wedze,accessories,accessories.gloves,general,Gloves,Wedze Adult 100 Waterproof Ski Gloves,Wedze 100 Gants Imperméable de Ski Adulte,L,Smoked Black,24.99,23.74,EUR,fr-FR,CO-IR,1,wedze-100-ski-gloves-adult-310563-fw25,https://cdn.shopify.com/s/files/1/1330/6287/files/8562916-product_image-p2910789.jpg?v=1755560827,13
3608390008278,2909023,Wedze,accessories,accessories.gloves,general,Gloves,Wedze Adult 100 Waterproof Ski Gloves,Wedze 100 Gants Imperméable de Ski Adulte,M,Smoked Black,24.99,23.74,EUR,fr-FR,CO-IR,1,wedze-100-ski-gloves-adult-310563-fw25,https://cdn.shopify.com/s/files/1/1330/6287/files/8562916-product_image-p2910789.jpg?v=1755560827,13
3608390008285,2909024,Wedze,accessories,accessories.gloves,general,Gloves,Wedze Adult 100 Waterproof Ski Gloves,Wedze 100 Gants Imperméable de Ski Adulte,S,Smoked Black,24.99,23.74,EUR,fr-FR,CO-IR,1,wedze-100-ski-gloves-adult-310563-fw25,https://cdn.shopify.com/s/files/1/1330/6287/files/8562916-product_image-p2910789.jpg?v=1755560827,13
3608390008292,2909025,Wedze,accessories,accessories.gloves,general,Gloves,Wedze Adult 100 Waterproof Ski Gloves,Wedze 100 Gants Imperméable de Ski Adulte,XL,Smoked Black,24.99,23.74,EUR,fr-FR,CO-IR,1,wedze-100-ski-gloves-adult-310563-fw25,https://cdn.shopify.com/s/files/1/1330/6287/files/8562916-product_image-p2910789.jpg?v=1755560827,13
3608390008308,2909026,Wedze,accessories,accessories.gloves,general,Gloves,Wedze Adult 100 Waterproof Ski Gloves,Wedze 100 Gants Imperméable de Ski Adulte,XS,Black,24.99,23.74,EUR,fr-FR,CO-IR,1,wedze-100-ski-gloves-adult-310563-fw25,https://cdn.shopify.com/s/files/1/1330/6287/files/8562916-product_image-p2910789.jpg?v=1755560827,13
3608390016525,4062636,Wedze,accessories,accessories.gloves,general,Gloves,Wedze Adult 100 Waterproof Ski Gloves,Wedze 100 Gants Imperméable de Ski Adulte,3XL,Smoked Black,24.99,23.74,EUR,fr-FR,CO-IR,1,wedze-100-ski-gloves-adult-310563-fw25,https://cdn.shopify.com/s/files/1/1330/6287/files/8562916-product_image-p2910789.jpg?v=1755560827,13
3583784326797,4270723,Quechua,apparel,apparel.fleece,hike_camp,Fleece,Quechua Women's NH100 U-Warm Hooded Fleece,Quechua NH100 U- Polaire à Capuche Chaud Femme,3XL,Steel Blue,55.00,52.25,EUR,fr-FR,GF-R3-U1,1,quechua-womens-sh100-u-warm-fleece-jacket-305153-fw25-fw25,https://cdn.shopify.com/s/files/1/1330/6287/files/8641489-product_image-p2718220.jpg?v=1755621462,9
3608439307010,4270728,Quechua,apparel,apparel.fleece,hike_camp,Fleece,Quechua Women's NH100 U-Warm Hooded Fleece,Quechua NH100 U- Polaire à Capuche Chaud Femme,M,Steel Blue,55.00,52.25,EUR,fr-FR,GF-R3-U1,8,quechua-womens-sh100-u-warm-fleece-jacket-305153-fw25-fw25,https://cdn.shopify.com/s/files/1/1330/6287/files/8641489-product_image-p2718220.jpg?v=1755621462,9
3608439307027,4270729,Quechua,apparel,apparel.fleece,hike_camp,Fleece,Quechua Women's NH100 U-Warm Hooded Fleece,Quechua NH100 U- Polaire à Capuche Chaud Femme,S,Steel Blue,55.00,52.25,EUR,fr-FR,GF-R3-U1,5,quechua-womens-sh100-u-warm-fleece-jacket-305153-fw25-fw25,https://cdn.shopify.com/s/files/1/1330/6287/files/8641489-product_image-p2718220.jpg?v=1755621462,9
3608439307034,4270727,Quechua,apparel,apparel.fleece,hike_camp,Fleece,Quechua Women's NH100 U-Warm Hooded Fleece,Quechua NH100 U- Polaire à Capuche Chaud Femme,L,Steel Blue,55.00,52.25,EUR,fr-FR,GF-R3-U1,7,quechua-womens-sh100-u-warm-fleece-jacket-305153-fw25-fw25,https://cdn.shopify.com/s/files/1/1330/6287/files/8641489-product_image-p2718220.jpg?v=1755621462,9
3608439307041,4270730,Quechua,apparel,apparel.fleece,hike_camp,Fleece,Quechua Women's NH100 U-Warm Hooded Fleece,Quechua NH100 U- Polaire à Capuche Chaud Femme,XL,Steel Blue,55.00,52.25,EUR,fr-FR,GF-R3-U1,5,quechua-womens-sh100-u-warm-fleece-jacket-305153-fw25-fw25,https://cdn.shopify.com/s/files/1/1330/6287/files/8641489-product_image-p2718220.jpg?v=1755621462,9
3608439307065,4270721,Quechua,apparel,apparel.fleece,hike_camp,Fleece,Quechua Women's NH100 U-Warm Hooded Fleece,Quechua NH100 U- Polaire à Capuche Chaud Femme,2XL,Steel Blue,55.00,52.25,EUR,fr-FR,GF-R3-U1,3,quechua-womens-sh100-u-warm-fleece-jacket-305153-fw25-fw25,https://cdn.shopify.com/s/files/1/1330/6287/files/8641489-product_image-p2718220.jpg?v=1755621462,9
3583787247679,4776658,Simond,apparel,apparel.zip-off-pants,general,Zip-Off Pants,Simond Women's MT500 2-in-1 Modular Hiking Pants,Simond MT500 2-in-1 Modular Pantalon de Randonnée Femme,W30 L31,Navy Blue,79.99,75.99,EUR,fr-FR,GB-R1-U1,4,simond-womens-mt500-2-in-1-modular-hiking-pants-341410,https://cdn.shopify.com/s/files/1/1330/6287/files/8787779-product_image-p2599132_379134ca-86c4-4a7a-a916-afa3d0dd7ec8.jpg?v=1748667363,13
3583787247686,4776660,Simond,apparel,apparel.zip-off-pants,general,Zip-Off Pants,Simond Women's MT500 2-in-1 Modular Hiking Pants,Simond MT500 2-in-1 Modular Pantalon de Randonnée Femme,W32 L31,Navy Blue,79.99,75.99,EUR,fr-FR,GB-R1-U1,5,simond-womens-mt500-2-in-1-modular-hiking-pants-341410,https://cdn.shopify.com/s/files/1/1330/6287/files/8787779-product_image-p2599132_379134ca-86c4-4a7a-a916-afa3d0dd7ec8.jpg?v=1748667363,13
3583787247693,4776654,Simond,apparel,apparel.zip-off-pants,general,Zip-Off Pants,Simond Women's MT500 2-in-1 Modular Hiking Pants,Simond MT500 2-in-1 Modular Pantalon de Randonnée Femme,W27 L30,Navy Blue,79.99,75.99,EUR,fr-FR,GB-R1-U1,2,simond-womens-mt500-2-in-1-modular-hiking-pants-341410,https://cdn.shopify.com/s/files/1/1330/6287/files/8787779-product_image-p2599132_379134ca-86c4-4a7a-a916-afa3d0dd7ec8.jpg?v=1748667363,13
3583787247709,4776656,Simond,apparel,apparel.zip-off-pants,general,Zip-Off Pants,Simond Women's MT500 2-in-1 Modular Hiking Pants,Simond MT500 2-in-1 Modular Pantalon de Randonnée Femme,W28 L31,Navy Blue,79.99,75.99,EUR,fr-FR,GB-R1-U1,3,simond-womens-mt500-2-in-1-modular-hiking-pants-341410,https://cdn.shopify.com/s/files/1/1330/6287/files/8787779-product_image-p2599132_379134ca-86c4-4a7a-a916-afa3d0dd7ec8.jpg?v=1748667363,13
3583787247723,4776662,Simond,apparel,apparel.zip-off-pants,general,Zip-Off Pants,Simond Women's MT500 2-in-1 Modular Hiking Pants,Simond MT500 2-in-1 Modular Pantalon de Randonnée Femme,W34 L31,Navy Blue,79.99,75.99,EUR,fr-FR,GB-R1-U1,3,simond-womens-mt500-2-in-1-modular-hiking-pants-341410,https://cdn.shopify.com/s/files/1/1330/6287/files/8787779-product_image-p2599132_379134ca-86c4-4a7a-a916-afa3d0dd7ec8.jpg?v=1748667363,13
3583787247730,4776664,Simond,apparel,apparel.zip-off-pants,general,Zip-Off Pants,Simond Women's MT500 2-in-1 Modular Hiking Pants,Simond MT500 2-in-1 Modular Pantalon de Randonnée Femme,W36 L31,Navy Blue,79.99,75.99,EUR,fr-FR,GB-R1-U1,1,simond-womens-mt500-2-in-1-modular-hiking-pants-341410,https://cdn.shopify.com/s/files/1/1330/6287/files/8787779-product_image-p2599132_379134ca-86c4-4a7a-a916-afa3d0dd7ec8.jpg?v=1748667363,13
3608439294211,4273723,Quechua,apparel,apparel.overalls,hike_camp,Overalls,Quechua Kids’ MH100 Waterproof Hiking Overpants – Ages 7–15,Quechua MH100 Overpants Ages 7–15 Imperméable de Randonnée Enfant,14-15 Years / 63''-68'',Asphalt Blue,10.00,9.5,EUR,fr-FR,GF-R3-U2,2,quechua-mh100-waterproof-hiking-overpants-kids-331843,https://cdn.shopify.com/s/files/1/1330/6287/files/8642168-product_image-p712401.jpg?v=1745451693,6
3608439294228,4273721,Quechua,apparel,apparel.overalls,hike_camp,Overalls,Quechua Kids’ MH100 Waterproof Hiking Overpants – Ages 7–15,Quechua MH100 Overpants Ages 7–15 Imperméable de Randonnée Enfant,10-11 Years / 55''-59'',Asphalt Blue,10.00,9.5,EUR,fr-FR,GF-R3-U2,5,quechua-mh100-waterproof-hiking-overpants-kids-331843,https://cdn.shopify.com/s/files/1/1330/6287/files/8642168-product_image-p712401.jpg?v=1745451693,6
3608439294235,4273722,Quechua,apparel,apparel.overalls,hike_camp,Overalls,Quechua Kids’ MH100 Waterproof Hiking Overpants – Ages 7–15,Quechua MH100 Overpants Ages 7–15 Imperméable de Randonnée Enfant,12-13 Years / 59''-63'',Asphalt Blue,10.00,9.5,EUR,fr-FR,GF-R3-U2,4,quechua-mh100-waterproof-hiking-overpants-kids-331843,https://cdn.shopify.com/s/files/1/1330/6287/files/8642168-product_image-p712401.jpg?v=1745451693,6
3608439294242,4273719,Quechua,apparel,apparel.overalls,hike_camp,Overalls,Quechua Kids’ MH100 Waterproof Hiking Overpants – Ages 7–15,Quechua MH100 Overpants Ages 7–15 Imperméable de Randonnée Enfant,7-8 Years / 48''-51'',Asphalt Blue,10.00,9.5,EUR,fr-FR,GF-R3-U2,2,quechua-mh100-waterproof-hiking-overpants-kids-331843,https://cdn.shopify.com/s/files/1/1330/6287/files/8642168-product_image-p712401.jpg?v=1745451693,6
3608439294259,4273720,Quechua,apparel,apparel.overalls,hike_camp,Overalls,Quechua Kids’ MH100 Waterproof Hiking Overpants – Ages 7–15,Quechua MH100 Overpants Ages 7–15 Imperméable de Randonnée Enfant,8-9 Years / 52''-55'',Asphalt Blue,10.00,9.5,EUR,fr-FR,GF-R3-U2,3,quechua-mh100-waterproof-hiking-overpants-kids-331843,https://cdn.shopify.com/s/files/1/1330/6287/files/8642168-product_image-p712401.jpg?v=1745451693,6
3608393970473,5640546,Kiprun,footwear,footwear.shoes,running,Shoes,Kiprun Kipstorm Elite Men's Carbon Plate Running Shoes,Kiprun Kipstorm Elite Chaussures Plaque carbone de Running Homme,7,Yellow,255.00,242.25,EUR,fr-FR,PW-02,1,kiprun-kipstorm-elite-mens-carbon-plate-running-shoes-362113,https://cdn.shopify.com/s/files/1/1330/6287/files/8961381_001.jpg?v=1774900832,9
3608393970497,5640548,Kiprun,footwear,footwear.shoes,running,Shoes,Kiprun Kipstorm Elite Men's Carbon Plate Running Shoes,Kiprun Kipstorm Elite Chaussures Plaque carbone de Running Homme,9.5,Yellow,255.00,242.25,EUR,fr-FR,PW-02,3,kiprun-kipstorm-elite-mens-carbon-plate-running-shoes-362113,https://cdn.shopify.com/s/files/1/1330/6287/files/8961381_001.jpg?v=1774900832,9
3608393971616,5640550,Kiprun,footwear,footwear.shoes,running,Shoes,Kiprun Kipstorm Elite Men's Carbon Plate Running Shoes,Kiprun Kipstorm Elite Chaussures Plaque carbone de Running Homme,10,Yellow,255.00,242.25,EUR,fr-FR,PW-02,3,kiprun-kipstorm-elite-mens-carbon-plate-running-shoes-362113,https://cdn.shopify.com/s/files/1/1330/6287/files/8961381_001.jpg?v=1774900832,9
3608393971623,5640551,Kiprun,footwear,footwear.shoes,running,Shoes,Kiprun Kipstorm Elite Men's Carbon Plate Running Shoes,Kiprun Kipstorm Elite Chaussures Plaque carbone de Running Homme,11,Yellow,255.00,242.25,EUR,fr-FR,PW-02,2,kiprun-kipstorm-elite-mens-carbon-plate-running-shoes-362113,https://cdn.shopify.com/s/files/1/1330/6287/files/8961381_001.jpg?v=1774900832,9
3608393971630,5640552,Kiprun,footwear,footwear.shoes,running,Shoes,Kiprun Kipstorm Elite Men's Carbon Plate Running Shoes,Kiprun Kipstorm Elite Chaussures Plaque carbone de Running Homme,12,Yellow,255.00,242.25,EUR,fr-FR,PW-02,1,kiprun-kipstorm-elite-mens-carbon-plate-running-shoes-362113,https://cdn.shopify.com/s/files/1/1330/6287/files/8961381_001.jpg?v=1774900832,9
3608393971647,5640553,Kiprun,footwear,footwear.shoes,running,Shoes,Kiprun Kipstorm Elite Men's Carbon Plate Running Shoes,Kiprun Kipstorm Elite Chaussures Plaque carbone de Running Homme,13,Yellow,255.00,242.25,EUR,fr-FR,PW-02,0,kiprun-kipstorm-elite-mens-carbon-plate-running-shoes-362113,https://cdn.shopify.com/s/files/1/1330/6287/files/8961381_001.jpg?v=1774900832,9
3608393971654,5653434,Kiprun,footwear,footwear.shoes,running,Shoes,Kiprun Kipstorm Elite Men's Carbon Plate Running Shoes,Kiprun Kipstorm Elite Chaussures Plaque carbone de Running Homme,8,Yellow,255.00,242.25,EUR,fr-FR,PW-02,2,kiprun-kipstorm-elite-mens-carbon-plate-running-shoes-362113,https://cdn.shopify.com/s/files/1/1330/6287/files/8961381_001.jpg?v=1774900832,9
3608393971661,5654145,Kiprun,footwear,footwear.shoes,running,Shoes,Kiprun Kipstorm Elite Men's Carbon Plate Running Shoes,Kiprun Kipstorm Elite Chaussures Plaque carbone de Running Homme,9,Yellow,255.00,242.25,EUR,fr-FR,PW-02,3,kiprun-kipstorm-elite-mens-carbon-plate-running-shoes-362113,https://cdn.shopify.com/s/files/1/1330/6287/files/8961381_001.jpg?v=1774900832,9
3608394138636,5793281,Kiprun,footwear,footwear.shoes,running,Shoes,Kiprun Kipstorm Elite Men's Carbon Plate Running Shoes,Kiprun Kipstorm Elite Chaussures Plaque carbone de Running Homme,8.5,Yellow,255.00,242.25,EUR,fr-FR,PW-02,2,kiprun-kipstorm-elite-mens-carbon-plate-running-shoes-362113,https://cdn.shopify.com/s/files/1/1330/6287/files/8961381_001.jpg?v=1774900832,9
3608394138643,5790461,Kiprun,footwear,footwear.shoes,running,Shoes,Kiprun Kipstorm Elite Men's Carbon Plate Running Shoes,Kiprun Kipstorm Elite Chaussures Plaque carbone de Running Homme,10.5,Yellow,255.00,242.25,EUR,fr-FR,PW-02,3,kiprun-kipstorm-elite-mens-carbon-plate-running-shoes-362113,https://cdn.shopify.com/s/files/1/1330/6287/files/8961381_001.jpg?v=1774900832,9
3608394138650,5779821,Kiprun,footwear,footwear.shoes,running,Shoes,Kiprun Kipstorm Elite Men's Carbon Plate Running Shoes,Kiprun Kipstorm Elite Chaussures Plaque carbone de Running Homme,11.5,Yellow,255.00,242.25,EUR,fr-FR,PW-02,2,kiprun-kipstorm-elite-mens-carbon-plate-running-shoes-362113,https://cdn.shopify.com/s/files/1/1330/6287/files/8961381_001.jpg?v=1774900832,9
3583784914291,5285958,Van Rysel,outdoor,outdoor.road-bike,general,Road bike,Van Rysel RCR PRO TEAM FRAME KIT,Van Rysel RCR PRO TEAM KIT Cadre,XS,Smoked Black,3999.00,3799.05,EUR,fr-FR,GF-R1-U1,1,van-rysel-rcr-pro-team-frame-kit-356409,https://cdn.shopify.com/s/files/1/1330/6287/files/VAN_RYSEL_USA_RCR_PRO_FRAME_KIT_RAW_CN_FR_-_8894079_-_000_---_Expires_on_11-12-2033_2.jpg?v=1760989675,19
3583784914307,5285959,Van Rysel,outdoor,outdoor.road-bike,general,Road bike,Van Rysel RCR PRO TEAM FRAME KIT,Van Rysel RCR PRO TEAM KIT Cadre,S,Smoked Black,3999.00,3799.05,EUR,fr-FR,GF-R1-U1,0,van-rysel-rcr-pro-team-frame-kit-356409,https://cdn.shopify.com/s/files/1/1330/6287/files/VAN_RYSEL_USA_RCR_PRO_FRAME_KIT_RAW_CN_FR_-_8894079_-_000_---_Expires_on_11-12-2033_2.jpg?v=1760989675,19
3583784914314,5285960,Van Rysel,outdoor,outdoor.road-bike,general,Road bike,Van Rysel RCR PRO TEAM FRAME KIT,Van Rysel RCR PRO TEAM KIT Cadre,M,Smoked Black,3999.00,3799.05,EUR,fr-FR,GF-R1-U1,0,van-rysel-rcr-pro-team-frame-kit-356409,https://cdn.shopify.com/s/files/1/1330/6287/files/VAN_RYSEL_USA_RCR_PRO_FRAME_KIT_RAW_CN_FR_-_8894079_-_000_---_Expires_on_11-12-2033_2.jpg?v=1760989675,19
3583784914321,5285961,Van Rysel,outdoor,outdoor.road-bike,general,Road bike,Van Rysel RCR PRO TEAM FRAME KIT,Van Rysel RCR PRO TEAM KIT Cadre,L,Smoked Black,3999.00,3799.05,EUR,fr-FR,GF-R1-U1,0,van-rysel-rcr-pro-team-frame-kit-356409,https://cdn.shopify.com/s/files/1/1330/6287/files/VAN_RYSEL_USA_RCR_PRO_FRAME_KIT_RAW_CN_FR_-_8894079_-_000_---_Expires_on_11-12-2033_2.jpg?v=1760989675,19
3583784914338,5285962,Van Rysel,outdoor,outdoor.road-bike,general,Road bike,Van Rysel RCR PRO TEAM FRAME KIT,Van Rysel RCR PRO TEAM KIT Cadre,XL,Smoked Black,3999.00,3799.05,EUR,fr-FR,GF-R1-U1,0,van-rysel-rcr-pro-team-frame-kit-356409,https://cdn.shopify.com/s/files/1/1330/6287/files/VAN_RYSEL_USA_RCR_PRO_FRAME_KIT_RAW_CN_FR_-_8894079_-_000_---_Expires_on_11-12-2033_2.jpg?v=1760989675,19
3608393310316,5637065,Van Rysel,outdoor,outdoor.road-bike,general,Road bike,Van Rysel RCR PRO TEAM FRAME KIT,Van Rysel RCR PRO TEAM KIT Cadre,S,Team Edition Legacy,3999.00,3799.05,EUR,fr-FR,GF-R1-U1,1,van-rysel-rcr-pro-team-frame-kit-356409,https://cdn.shopify.com/s/files/1/1330/6287/files/VAN_RYSEL_USA_RCR_PRO_FRAME_KIT_RAW_CN_FR_-_8894079_-_000_---_Expires_on_11-12-2033_2.jpg?v=1760989675,19
3608393310323,5637067,Van Rysel,outdoor,outdoor.road-bike,general,Road bike,Van Rysel RCR PRO TEAM FRAME KIT,Van Rysel RCR PRO TEAM KIT Cadre,M,Team Edition Legacy,3999.00,3799.05,EUR,fr-FR,GF-R1-U1,0,van-rysel-rcr-pro-team-frame-kit-356409,https://cdn.shopify.com/s/files/1/1330/6287/files/VAN_RYSEL_USA_RCR_PRO_FRAME_KIT_RAW_CN_FR_-_8894079_-_000_---_Expires_on_11-12-2033_2.jpg?v=1760989675,19
3608393310330,5637068,Van Rysel,outdoor,outdoor.road-bike,general,Road bike,Van Rysel RCR PRO TEAM FRAME KIT,Van Rysel RCR PRO TEAM KIT Cadre,L,Team Edition Legacy,3999.00,3799.05,EUR,fr-FR,GF-R1-U1,0,van-rysel-rcr-pro-team-frame-kit-356409,https://cdn.shopify.com/s/files/1/1330/6287/files/VAN_RYSEL_USA_RCR_PRO_FRAME_KIT_RAW_CN_FR_-_8894079_-_000_---_Expires_on_11-12-2033_2.jpg?v=1760989675,19
3608393312709,5639104,Van Rysel,outdoor,outdoor.road-bike,general,Road bike,Van Rysel RCR PRO TEAM FRAME KIT,Van Rysel RCR PRO TEAM KIT Cadre,XL,Team Edition Legacy,3999.00,3799.05,EUR,fr-FR,GF-R1-U1,0,van-rysel-rcr-pro-team-frame-kit-356409,https://cdn.shopify.com/s/files/1/1330/6287/files/VAN_RYSEL_USA_RCR_PRO_FRAME_KIT_RAW_CN_FR_-_8894079_-_000_---_Expires_on_11-12-2033_2.jpg?v=1760989675,19
3608393312716,5639105,Van Rysel,outdoor,outdoor.road-bike,general,Road bike,Van Rysel RCR PRO TEAM FRAME KIT,Van Rysel RCR PRO TEAM KIT Cadre,XS,Team Edition Legacy,3999.00,3799.05,EUR,fr-FR,GF-R1-U1,0,van-rysel-rcr-pro-team-frame-kit-356409,https://cdn.shopify.com/s/files/1/1330/6287/files/VAN_RYSEL_USA_RCR_PRO_FRAME_KIT_RAW_CN_FR_-_8894079_-_000_---_Expires_on_11-12-2033_2.jpg?v=1760989675,19
3608449818827,2912221,Wedze,apparel,apparel.ski-pants,general,Ski pants,Wedze Kids' 100 Warm Waterproof Snow Pants,Wedze 100 Pantalon Imperméable Neige Chaud Enfant,14 Years,Carbon Gray,34.99,33.24,EUR,fr-FR,GB-R1-U2,3,kids-kids-warm-and-waterproof-ski-trousers-100-dark-grey-310633-fw25,https://cdn.shopify.com/s/files/1/1330/6287/files/8562660-product_image-p2598951.jpg?v=1755560854,7
3608449818834,2912220,Wedze,apparel,apparel.ski-pants,general,Ski pants,Wedze Kids' 100 Warm Waterproof Snow Pants,Wedze 100 Pantalon Imperméable Neige Chaud Enfant,12 Years,Carbon Gray,34.99,33.24,EUR,fr-FR,GB-R1-U2,7,kids-kids-warm-and-waterproof-ski-trousers-100-dark-grey-310633-fw25,https://cdn.shopify.com/s/files/1/1330/6287/files/8562660-product_image-p2598951.jpg?v=1755560854,7
3608449818841,2912219,Wedze,apparel,apparel.ski-pants,general,Ski pants,Wedze Kids' 100 Warm Waterproof Snow Pants,Wedze 100 Pantalon Imperméable Neige Chaud Enfant,10 Years,Carbon Gray,34.99,33.24,EUR,fr-FR,GB-R1-U2,9,kids-kids-warm-and-waterproof-ski-trousers-100-dark-grey-310633-fw25,https://cdn.shopify.com/s/files/1/1330/6287/files/8562660-product_image-p2598951.jpg?v=1755560854,7
3608449818858,2912223,Wedze,apparel,apparel.ski-pants,general,Ski pants,Wedze Kids' 100 Warm Waterproof Snow Pants,Wedze 100 Pantalon Imperméable Neige Chaud Enfant,8 Years,Carbon Gray,34.99,33.24,EUR,fr-FR,GB-R1-U2,6,kids-kids-warm-and-waterproof-ski-trousers-100-dark-grey-310633-fw25,https://cdn.shopify.com/s/files/1/1330/6287/files/8562660-product_image-p2598951.jpg?v=1755560854,7
3608449818865,2912222,Wedze,apparel,apparel.ski-pants,general,Ski pants,Wedze Kids' 100 Warm Waterproof Snow Pants,Wedze 100 Pantalon Imperméable Neige Chaud Enfant,6 Years,Carbon Gray,34.99,33.24,EUR,fr-FR,GB-R1-U2,3,kids-kids-warm-and-waterproof-ski-trousers-100-dark-grey-310633-fw25,https://cdn.shopify.com/s/files/1/1330/6287/files/8562660-product_image-p2598951.jpg?v=1755560854,7
3583784098113,4289568,Simond,apparel,apparel.long-sleeved-t-shirt,general,Long-sleeved t-shirt,Simond Men's Alpinism Seamless Wool Long-Sleeve Shirt,Simond Alpinism Haut Manches longues Sans couture Laine Homme,2XL,Carbon Gray,40.00,38.0,EUR,fr-FR,GF-R1-U1,2,simond-mens-alpinism-seamless-wool-long-sleeve-shirt-313061,https://cdn.shopify.com/s/files/1/1330/6287/files/8644279-product_image-p2710416.jpg?v=1742382208,9
3583787591611,4289569,Simond,apparel,apparel.long-sleeved-t-shirt,general,Long-sleeved t-shirt,Simond Men's Alpinism Seamless Wool Long-Sleeve Shirt,Simond Alpinism Haut Manches longues Sans couture Laine Homme,L,Carbon Gray,40.00,38.0,EUR,fr-FR,GF-R1-U1,5,simond-mens-alpinism-seamless-wool-long-sleeve-shirt-313061,https://cdn.shopify.com/s/files/1/1330/6287/files/8644279-product_image-p2710416.jpg?v=1742382208,9
3583787591628,4289570,Simond,apparel,apparel.long-sleeved-t-shirt,general,Long-sleeved t-shirt,Simond Men's Alpinism Seamless Wool Long-Sleeve Shirt,Simond Alpinism Haut Manches longues Sans couture Laine Homme,M,Carbon Gray,40.00,38.0,EUR,fr-FR,GF-R1-U1,6,simond-mens-alpinism-seamless-wool-long-sleeve-shirt-313061,https://cdn.shopify.com/s/files/1/1330/6287/files/8644279-product_image-p2710416.jpg?v=1742382208,9
3583787591635,4289571,Simond,apparel,apparel.long-sleeved-t-shirt,general,Long-sleeved t-shirt,Simond Men's Alpinism Seamless Wool Long-Sleeve Shirt,Simond Alpinism Haut Manches longues Sans couture Laine Homme,S,Carbon Gray,40.00,38.0,EUR,fr-FR,GF-R1-U1,3,simond-mens-alpinism-seamless-wool-long-sleeve-shirt-313061,https://cdn.shopify.com/s/files/1/1330/6287/files/8644279-product_image-p2710416.jpg?v=1742382208,9
3583787591642,4289572,Simond,apparel,apparel.long-sleeved-t-shirt,general,Long-sleeved t-shirt,Simond Men's Alpinism Seamless Wool Long-Sleeve Shirt,Simond Alpinism Haut Manches longues Sans couture Laine Homme,XL,Carbon Gray,40.00,38.0,EUR,fr-FR,GF-R1-U1,4,simond-mens-alpinism-seamless-wool-long-sleeve-shirt-313061,https://cdn.shopify.com/s/files/1/1330/6287/files/8644279-product_image-p2710416.jpg?v=1742382208,9
3608439336508,4006585,Quechua,outdoor,outdoor.shelter,hike_camp,Shelter,Quechua Air Seconds Inflatable Camping Shelter 6 Person *Factory Seconds*,Quechua Air Seconds Inflatable Camping 6 Person *Factory Seconds* Abri,6 Person,Unspecified,200.00,190.0,EUR,fr-FR,GF-R3-U2,2,quechua-air-seconds-inflatable-waterproof-camping-living-room-6-person-324488,https://cdn.shopify.com/s/files/1/1330/6287/files/8581569-product_image-p1749652.jpg?v=1702989591,15
3608393124760,5395712,Decathlon,bag_pack,bag_pack.backpack,general,Backpack,10L Laptop Backpack,10L Laptop Sac à dos,OS,Sage,39.99,37.99,EUR,fr-FR,PE-03,5,10l-laptop-backpack-1,https://cdn.shopify.com/s/files/1/1330/6287/files/default_64279381-381d-4838-91db-50eea3ac1f0f.jpg?v=1775496505,7
3583787692264,4032269,Simond,apparel,apparel.down-jacket,general,Down jacket,Simond Women's MT100 Hooded Down Puffer Jacket,Simond MT100 Doudoune à Capuche Duvet Femme,XS,Burgundy,119.00,113.05,EUR,fr-FR,GF-R1-U2,0,simond-trek-100-23-f-down-packable-puffer-backpacking-jacket-167572,https://cdn.shopify.com/s/files/1/1330/6287/files/8858267-product_image-p2688040_15b806ce-a1f3-4bef-abfb-db3d0c705ad6.jpg?v=1757454981,39
3583787692318,4032265,Simond,apparel,apparel.down-jacket,general,Down jacket,Simond Women's MT100 Hooded Down Puffer Jacket,Simond MT100 Doudoune à Capuche Duvet Femme,L,Burgundy,119.00,113.05,EUR,fr-FR,GF-R1-U2,1,simond-trek-100-23-f-down-packable-puffer-backpacking-jacket-167572,https://cdn.shopify.com/s/files/1/1330/6287/files/8858267-product_image-p2688040_15b806ce-a1f3-4bef-abfb-db3d0c705ad6.jpg?v=1757454981,39
3583787692325,4032266,Simond,apparel,apparel.down-jacket,general,Down jacket,Simond Women's MT100 Hooded Down Puffer Jacket,Simond MT100 Doudoune à Capuche Duvet Femme,M,Burgundy,119.00,113.05,EUR,fr-FR,GF-R1-U2,1,simond-trek-100-23-f-down-packable-puffer-backpacking-jacket-167572,https://cdn.shopify.com/s/files/1/1330/6287/files/8858267-product_image-p2688040_15b806ce-a1f3-4bef-abfb-db3d0c705ad6.jpg?v=1757454981,39
3583787692332,4032267,Simond,apparel,apparel.down-jacket,general,Down jacket,Simond Women's MT100 Hooded Down Puffer Jacket,Simond MT100 Doudoune à Capuche Duvet Femme,S,Burgundy,119.00,113.05,EUR,fr-FR,GF-R1-U2,1,simond-trek-100-23-f-down-packable-puffer-backpacking-jacket-167572,https://cdn.shopify.com/s/files/1/1330/6287/files/8858267-product_image-p2688040_15b806ce-a1f3-4bef-abfb-db3d0c705ad6.jpg?v=1757454981,39
3583787692349,4032268,Simond,apparel,apparel.down-jacket,general,Down jacket,Simond Women's MT100 Hooded Down Puffer Jacket,Simond MT100 Doudoune à Capuche Duvet Femme,XL,Burgundy,119.00,113.05,EUR,fr-FR,GF-R1-U2,1,simond-trek-100-23-f-down-packable-puffer-backpacking-jacket-167572,https://cdn.shopify.com/s/files/1/1330/6287/files/8858267-product_image-p2688040_15b806ce-a1f3-4bef-abfb-db3d0c705ad6.jpg?v=1757454981,39
3583787692356,4032261,Simond,apparel,apparel.down-jacket,general,Down jacket,Simond Women's MT100 Hooded Down Puffer Jacket,Simond MT100 Doudoune à Capuche Duvet Femme,2XL,Burgundy,119.00,113.05,EUR,fr-FR,GF-R1-U2,1,simond-trek-100-23-f-down-packable-puffer-backpacking-jacket-167572,https://cdn.shopify.com/s/files/1/1330/6287/files/8858267-product_image-p2688040_15b806ce-a1f3-4bef-abfb-db3d0c705ad6.jpg?v=1757454981,39
3608390941728,5133911,Simond,apparel,apparel.down-jacket,general,Down jacket,Simond Women's MT100 Hooded Down Puffer Jacket,Simond MT100 Doudoune à Capuche Duvet Femme,XS,Golden Brown,119.00,113.05,EUR,fr-FR,GF-R1-U2,1,simond-trek-100-23-f-down-packable-puffer-backpacking-jacket-167572,https://cdn.shopify.com/s/files/1/1330/6287/files/8858267-product_image-p2688040_15b806ce-a1f3-4bef-abfb-db3d0c705ad6.jpg?v=1757454981,39
3608390941735,5133912,Simond,apparel,apparel.down-jacket,general,Down jacket,Simond Women's MT100 Hooded Down Puffer Jacket,Simond MT100 Doudoune à Capuche Duvet Femme,S,Golden Brown,119.00,113.05,EUR,fr-FR,GF-R1-U2,1,simond-trek-100-23-f-down-packable-puffer-backpacking-jacket-167572,https://cdn.shopify.com/s/files/1/1330/6287/files/8858267-product_image-p2688040_15b806ce-a1f3-4bef-abfb-db3d0c705ad6.jpg?v=1757454981,39
3608390941742,5133913,Simond,apparel,apparel.down-jacket,general,Down jacket,Simond Women's MT100 Hooded Down Puffer Jacket,Simond MT100 Doudoune à Capuche Duvet Femme,M,Golden Brown,119.00,113.05,EUR,fr-FR,GF-R1-U2,2,simond-trek-100-23-f-down-packable-puffer-backpacking-jacket-167572,https://cdn.shopify.com/s/files/1/1330/6287/files/8858267-product_image-p2688040_15b806ce-a1f3-4bef-abfb-db3d0c705ad6.jpg?v=1757454981,39
3608390941759,5133914,Simond,apparel,apparel.down-jacket,general,Down jacket,Simond Women's MT100 Hooded Down Puffer Jacket,Simond MT100 Doudoune à Capuche Duvet Femme,L,Golden Brown,119.00,113.05,EUR,fr-FR,GF-R1-U2,1,simond-trek-100-23-f-down-packable-puffer-backpacking-jacket-167572,https://cdn.shopify.com/s/files/1/1330/6287/files/8858267-product_image-p2688040_15b806ce-a1f3-4bef-abfb-db3d0c705ad6.jpg?v=1757454981,39
3608390941766,5133915,Simond,apparel,apparel.down-jacket,general,Down jacket,Simond Women's MT100 Hooded Down Puffer Jacket,Simond MT100 Doudoune à Capuche Duvet Femme,XL,Golden Brown,119.00,113.05,EUR,fr-FR,GF-R1-U2,1,simond-trek-100-23-f-down-packable-puffer-backpacking-jacket-167572,https://cdn.shopify.com/s/files/1/1330/6287/files/8858267-product_image-p2688040_15b806ce-a1f3-4bef-abfb-db3d0c705ad6.jpg?v=1757454981,39
3608390941773,5133916,Simond,apparel,apparel.down-jacket,general,Down jacket,Simond Women's MT100 Hooded Down Puffer Jacket,Simond MT100 Doudoune à Capuche Duvet Femme,2XL,Golden Brown,119.00,113.05,EUR,fr-FR,GF-R1-U2,1,simond-trek-100-23-f-down-packable-puffer-backpacking-jacket-167572,https://cdn.shopify.com/s/files/1/1330/6287/files/8858267-product_image-p2688040_15b806ce-a1f3-4bef-abfb-db3d0c705ad6.jpg?v=1757454981,39
3608390942244,5133887,Simond,apparel,apparel.down-jacket,general,Down jacket,Simond Women's MT100 Hooded Down Puffer Jacket,Simond MT100 Doudoune à Capuche Duvet Femme,XS,Asphalt Blue,119.00,113.05,EUR,fr-FR,GF-R1-U2,1,simond-trek-100-23-f-down-packable-puffer-backpacking-jacket-167572,https://cdn.shopify.com/s/files/1/1330/6287/files/8858267-product_image-p2688040_15b806ce-a1f3-4bef-abfb-db3d0c705ad6.jpg?v=1757454981,39
3608390942251,5133888,Simond,apparel,apparel.down-jacket,general,Down jacket,Simond Women's MT100 Hooded Down Puffer Jacket,Simond MT100 Doudoune à Capuche Duvet Femme,S,Asphalt Blue,119.00,113.05,EUR,fr-FR,GF-R1-U2,1,simond-trek-100-23-f-down-packable-puffer-backpacking-jacket-167572,https://cdn.shopify.com/s/files/1/1330/6287/files/8858267-product_image-p2688040_15b806ce-a1f3-4bef-abfb-db3d0c705ad6.jpg?v=1757454981,39
3608390942268,5133889,Simond,apparel,apparel.down-jacket,general,Down jacket,Simond Women's MT100 Hooded Down Puffer Jacket,Simond MT100 Doudoune à Capuche Duvet Femme,M,Asphalt Blue,119.00,113.05,EUR,fr-FR,GF-R1-U2,1,simond-trek-100-23-f-down-packable-puffer-backpacking-jacket-167572,https://cdn.shopify.com/s/files/1/1330/6287/files/8858267-product_image-p2688040_15b806ce-a1f3-4bef-abfb-db3d0c705ad6.jpg?v=1757454981,39
3608390942275,5133890,Simond,apparel,apparel.down-jacket,general,Down jacket,Simond Women's MT100 Hooded Down Puffer Jacket,Simond MT100 Doudoune à Capuche Duvet Femme,L,Asphalt Blue,119.00,113.05,EUR,fr-FR,GF-R1-U2,2,simond-trek-100-23-f-down-packable-puffer-backpacking-jacket-167572,https://cdn.shopify.com/s/files/1/1330/6287/files/8858267-product_image-p2688040_15b806ce-a1f3-4bef-abfb-db3d0c705ad6.jpg?v=1757454981,39
3608390942282,5133891,Simond,apparel,apparel.down-jacket,general,Down jacket,Simond Women's MT100 Hooded Down Puffer Jacket,Simond MT100 Doudoune à Capuche Duvet Femme,XL,Asphalt Blue,119.00,113.05,EUR,fr-FR,GF-R1-U2,1,simond-trek-100-23-f-down-packable-puffer-backpacking-jacket-167572,https://cdn.shopify.com/s/files/1/1330/6287/files/8858267-product_image-p2688040_15b806ce-a1f3-4bef-abfb-db3d0c705ad6.jpg?v=1757454981,39
3608390942299,5133892,Simond,apparel,apparel.down-jacket,general,Down jacket,Simond Women's MT100 Hooded Down Puffer Jacket,Simond MT100 Doudoune à Capuche Duvet Femme,2XL,Asphalt Blue,119.00,113.05,EUR,fr-FR,GF-R1-U2,0,simond-trek-100-23-f-down-packable-puffer-backpacking-jacket-167572,https://cdn.shopify.com/s/files/1/1330/6287/files/8858267-product_image-p2688040_15b806ce-a1f3-4bef-abfb-db3d0c705ad6.jpg?v=1757454981,39
3608390942503,5133895,Simond,apparel,apparel.down-jacket,general,Down jacket,Simond Women's MT100 Hooded Down Puffer Jacket,Simond MT100 Doudoune à Capuche Duvet Femme,XS,Black,60.00,57.0,EUR,fr-FR,GF-R1-U2,0,simond-trek-100-23-f-down-packable-puffer-backpacking-jacket-167572,https://cdn.shopify.com/s/files/1/1330/6287/files/8858267-product_image-p2688040_15b806ce-a1f3-4bef-abfb-db3d0c705ad6.jpg?v=1757454981,39
3608390942510,5133896,Simond,apparel,apparel.down-jacket,general,Down jacket,Simond Women's MT100 Hooded Down Puffer Jacket,Simond MT100 Doudoune à Capuche Duvet Femme,S,Black,60.00,57.0,EUR,fr-FR,GF-R1-U2,1,simond-trek-100-23-f-down-packable-puffer-backpacking-jacket-167572,https://cdn.shopify.com/s/files/1/1330/6287/files/8858267-product_image-p2688040_15b806ce-a1f3-4bef-abfb-db3d0c705ad6.jpg?v=1757454981,39
3608390942527,5133897,Simond,apparel,apparel.down-jacket,general,Down jacket,Simond Women's MT100 Hooded Down Puffer Jacket,Simond MT100 Doudoune à Capuche Duvet Femme,M,Black,60.00,57.0,EUR,fr-FR,GF-R1-U2,2,simond-trek-100-23-f-down-packable-puffer-backpacking-jacket-167572,https://cdn.shopify.com/s/files/1/1330/6287/files/8858267-product_image-p2688040_15b806ce-a1f3-4bef-abfb-db3d0c705ad6.jpg?v=1757454981,39
3608390942534,5133898,Simond,apparel,apparel.down-jacket,general,Down jacket,Simond Women's MT100 Hooded Down Puffer Jacket,Simond MT100 Doudoune à Capuche Duvet Femme,L,Black,60.00,57.0,EUR,fr-FR,GF-R1-U2,2,simond-trek-100-23-f-down-packable-puffer-backpacking-jacket-167572,https://cdn.shopify.com/s/files/1/1330/6287/files/8858267-product_image-p2688040_15b806ce-a1f3-4bef-abfb-db3d0c705ad6.jpg?v=1757454981,39
3608390942541,5133899,Simond,apparel,apparel.down-jacket,general,Down jacket,Simond Women's MT100 Hooded Down Puffer Jacket,Simond MT100 Doudoune à Capuche Duvet Femme,XL,Black,60.00,57.0,EUR,fr-FR,GF-R1-U2,1,simond-trek-100-23-f-down-packable-puffer-backpacking-jacket-167572,https://cdn.shopify.com/s/files/1/1330/6287/files/8858267-product_image-p2688040_15b806ce-a1f3-4bef-abfb-db3d0c705ad6.jpg?v=1757454981,39
3608390942558,5133900,Simond,apparel,apparel.down-jacket,general,Down jacket,Simond Women's MT100 Hooded Down Puffer Jacket,Simond MT100 Doudoune à Capuche Duvet Femme,2XL,Black,60.00,57.0,EUR,fr-FR,GF-R1-U2,0,simond-trek-100-23-f-down-packable-puffer-backpacking-jacket-167572,https://cdn.shopify.com/s/files/1/1330/6287/files/8858267-product_image-p2688040_15b806ce-a1f3-4bef-abfb-db3d0c705ad6.jpg?v=1757454981,39
3608390941636,5133984,Forclaz,apparel,apparel.down-jacket,hike_camp,Down jacket,Simond Men's MT500 Down Puffer Vest,Simond MT500 Gilet Doudoune Duvet Homme,S,Bronze Khaki Green,80.00,76.0,EUR,fr-FR,GB-R3-U1,2,mens-hiking-sleeveless-padded-waistcoat-x-warm,https://cdn.shopify.com/s/files/1/1330/6287/files/8317724-product_image-p2598936.jpg?v=1711969533,22
3608390941643,5133985,Forclaz,apparel,apparel.down-jacket,hike_camp,Down jacket,Simond Men's MT500 Down Puffer Vest,Simond MT500 Gilet Doudoune Duvet Homme,M,Bronze Khaki Green,80.00,76.0,EUR,fr-FR,GB-R3-U1,3,mens-hiking-sleeveless-padded-waistcoat-x-warm,https://cdn.shopify.com/s/files/1/1330/6287/files/8317724-product_image-p2598936.jpg?v=1711969533,22
3608390941650,5133986,Forclaz,apparel,apparel.down-jacket,hike_camp,Down jacket,Simond Men's MT500 Down Puffer Vest,Simond MT500 Gilet Doudoune Duvet Homme,L,Bronze Khaki Green,80.00,76.0,EUR,fr-FR,GB-R3-U1,3,mens-hiking-sleeveless-padded-waistcoat-x-warm,https://cdn.shopify.com/s/files/1/1330/6287/files/8317724-product_image-p2598936.jpg?v=1711969533,22
3608390941667,5133987,Forclaz,apparel,apparel.down-jacket,hike_camp,Down jacket,Simond Men's MT500 Down Puffer Vest,Simond MT500 Gilet Doudoune Duvet Homme,XL,Bronze Khaki Green,80.00,76.0,EUR,fr-FR,GB-R3-U1,2,mens-hiking-sleeveless-padded-waistcoat-x-warm,https://cdn.shopify.com/s/files/1/1330/6287/files/8317724-product_image-p2598936.jpg?v=1711969533,22
3608390941674,5133988,Forclaz,apparel,apparel.down-jacket,hike_camp,Down jacket,Simond Men's MT500 Down Puffer Vest,Simond MT500 Gilet Doudoune Duvet Homme,2XL,Bronze Khaki Green,80.00,76.0,EUR,fr-FR,GB-R3-U1,2,mens-hiking-sleeveless-padded-waistcoat-x-warm,https://cdn.shopify.com/s/files/1/1330/6287/files/8317724-product_image-p2598936.jpg?v=1711969533,22
3608390941681,5133989,Forclaz,apparel,apparel.down-jacket,hike_camp,Down jacket,Simond Men's MT500 Down Puffer Vest,Simond MT500 Gilet Doudoune Duvet Homme,3XL,Bronze Khaki Green,80.00,76.0,EUR,fr-FR,GB-R3-U1,1,mens-hiking-sleeveless-padded-waistcoat-x-warm,https://cdn.shopify.com/s/files/1/1330/6287/files/8317724-product_image-p2598936.jpg?v=1711969533,22
3608439670732,364808,Forclaz,apparel,apparel.down-jacket,hike_camp,Down jacket,Simond Men's MT500 Down Puffer Vest,Simond MT500 Gilet Doudoune Duvet Homme,2XL,Black,119.00,113.05,EUR,fr-FR,GB-R3-U1,1,mens-hiking-sleeveless-padded-waistcoat-x-warm,https://cdn.shopify.com/s/files/1/1330/6287/files/8317724-product_image-p2598936.jpg?v=1711969533,22
3608439670749,364818,Forclaz,apparel,apparel.down-jacket,hike_camp,Down jacket,Simond Men's MT500 Down Puffer Vest,Simond MT500 Gilet Doudoune Duvet Homme,3XL,Black,119.00,113.05,EUR,fr-FR,GB-R3-U1,0,mens-hiking-sleeveless-padded-waistcoat-x-warm,https://cdn.shopify.com/s/files/1/1330/6287/files/8317724-product_image-p2598936.jpg?v=1711969533,22
3608439670756,364803,Forclaz,apparel,apparel.down-jacket,hike_camp,Down jacket,Simond Men's MT500 Down Puffer Vest,Simond MT500 Gilet Doudoune Duvet Homme,L,Black,119.00,113.05,EUR,fr-FR,GB-R3-U1,3,mens-hiking-sleeveless-padded-waistcoat-x-warm,https://cdn.shopify.com/s/files/1/1330/6287/files/8317724-product_image-p2598936.jpg?v=1711969533,22
3608439670763,364806,Forclaz,apparel,apparel.down-jacket,hike_camp,Down jacket,Simond Men's MT500 Down Puffer Vest,Simond MT500 Gilet Doudoune Duvet Homme,XL,Black,119.00,113.05,EUR,fr-FR,GB-R3-U1,2,mens-hiking-sleeveless-padded-waistcoat-x-warm,https://cdn.shopify.com/s/files/1/1330/6287/files/8317724-product_image-p2598936.jpg?v=1711969533,22
3608439670770,364794,Forclaz,apparel,apparel.down-jacket,hike_camp,Down jacket,Simond Men's MT500 Down Puffer Vest,Simond MT500 Gilet Doudoune Duvet Homme,S,Black,119.00,113.05,EUR,fr-FR,GB-R3-U1,2,mens-hiking-sleeveless-padded-waistcoat-x-warm,https://cdn.shopify.com/s/files/1/1330/6287/files/8317724-product_image-p2598936.jpg?v=1711969533,22
3608439670787,364796,Forclaz,apparel,apparel.down-jacket,hike_camp,Down jacket,Simond Men's MT500 Down Puffer Vest,Simond MT500 Gilet Doudoune Duvet Homme,M,Black,119.00,113.05,EUR,fr-FR,GB-R3-U1,3,mens-hiking-sleeveless-padded-waistcoat-x-warm,https://cdn.shopify.com/s/files/1/1330/6287/files/8317724-product_image-p2598936.jpg?v=1711969533,22
3608391819453,5284390,Simond,apparel,apparel.long-sleeved-t-shirt,general,Long-sleeved t-shirt,Simond Men's Merino Resist Long-Sleeve T-Shirt,Simond Resist T-shirt manches longues Mérinos Homme,S,Dark Sepia,50.00,47.5,EUR,fr-FR,GB-R1-U1,3,simond-mens-long-sleeved-t-shirt-merino-resist-navy-blue-356377,https://cdn.shopify.com/s/files/1/1330/6287/files/8901519-product_image-p2815697.jpg?v=1744157959,14
3608391819477,5284392,Simond,apparel,apparel.long-sleeved-t-shirt,general,Long-sleeved t-shirt,Simond Men's Merino Resist Long-Sleeve T-Shirt,Simond Resist T-shirt manches longues Mérinos Homme,M,Dark Sepia,50.00,47.5,EUR,fr-FR,GB-R1-U1,4,simond-mens-long-sleeved-t-shirt-merino-resist-navy-blue-356377,https://cdn.shopify.com/s/files/1/1330/6287/files/8901519-product_image-p2815697.jpg?v=1744157959,14
3608391819491,5284394,Simond,apparel,apparel.long-sleeved-t-shirt,general,Long-sleeved t-shirt,Simond Men's Merino Resist Long-Sleeve T-Shirt,Simond Resist T-shirt manches longues Mérinos Homme,L,Dark Sepia,50.00,47.5,EUR,fr-FR,GB-R1-U1,4,simond-mens-long-sleeved-t-shirt-merino-resist-navy-blue-356377,https://cdn.shopify.com/s/files/1/1330/6287/files/8901519-product_image-p2815697.jpg?v=1744157959,14
3608391819514,5284396,Simond,apparel,apparel.long-sleeved-t-shirt,general,Long-sleeved t-shirt,Simond Men's Merino Resist Long-Sleeve T-Shirt,Simond Resist T-shirt manches longues Mérinos Homme,XL,Dark Sepia,50.00,47.5,EUR,fr-FR,GB-R1-U1,3,simond-mens-long-sleeved-t-shirt-merino-resist-navy-blue-356377,https://cdn.shopify.com/s/files/1/1330/6287/files/8901519-product_image-p2815697.jpg?v=1744157959,14
3608391819538,5284398,Simond,apparel,apparel.long-sleeved-t-shirt,general,Long-sleeved t-shirt,Simond Men's Merino Resist Long-Sleeve T-Shirt,Simond Resist T-shirt manches longues Mérinos Homme,2XL,Dark Sepia,50.00,47.5,EUR,fr-FR,GB-R1-U1,2,simond-mens-long-sleeved-t-shirt-merino-resist-navy-blue-356377,https://cdn.shopify.com/s/files/1/1330/6287/files/8901519-product_image-p2815697.jpg?v=1744157959,14
3608391819644,5284370,Simond,apparel,apparel.long-sleeved-t-shirt,general,Long-sleeved t-shirt,Simond Men's Merino Resist Long-Sleeve T-Shirt,Simond Resist T-shirt manches longues Mérinos Homme,S,Eclipse Blue,45.00,42.75,EUR,fr-FR,GB-R1-U1,2,simond-mens-long-sleeved-t-shirt-merino-resist-navy-blue-356377,https://cdn.shopify.com/s/files/1/1330/6287/files/8901519-product_image-p2815697.jpg?v=1744157959,14
3608391819668,5284372,Simond,apparel,apparel.long-sleeved-t-shirt,general,Long-sleeved t-shirt,Simond Men's Merino Resist Long-Sleeve T-Shirt,Simond Resist T-shirt manches longues Mérinos Homme,M,Eclipse Blue,45.00,42.75,EUR,fr-FR,GB-R1-U1,4,simond-mens-long-sleeved-t-shirt-merino-resist-navy-blue-356377,https://cdn.shopify.com/s/files/1/1330/6287/files/8901519-product_image-p2815697.jpg?v=1744157959,14
3608391819682,5284374,Simond,apparel,apparel.long-sleeved-t-shirt,general,Long-sleeved t-shirt,Simond Men's Merino Resist Long-Sleeve T-Shirt,Simond Resist T-shirt manches longues Mérinos Homme,L,Eclipse Blue,45.00,42.75,EUR,fr-FR,GB-R1-U1,4,simond-mens-long-sleeved-t-shirt-merino-resist-navy-blue-356377,https://cdn.shopify.com/s/files/1/1330/6287/files/8901519-product_image-p2815697.jpg?v=1744157959,14
3608391819705,5284376,Simond,apparel,apparel.long-sleeved-t-shirt,general,Long-sleeved t-shirt,Simond Men's Merino Resist Long-Sleeve T-Shirt,Simond Resist T-shirt manches longues Mérinos Homme,XL,Eclipse Blue,45.00,42.75,EUR,fr-FR,GB-R1-U1,3,simond-mens-long-sleeved-t-shirt-merino-resist-navy-blue-356377,https://cdn.shopify.com/s/files/1/1330/6287/files/8901519-product_image-p2815697.jpg?v=1744157959,14
3608391819729,5284378,Simond,apparel,apparel.long-sleeved-t-shirt,general,Long-sleeved t-shirt,Simond Men's Merino Resist Long-Sleeve T-Shirt,Simond Resist T-shirt manches longues Mérinos Homme,2XL,Eclipse Blue,45.00,42.75,EUR,fr-FR,GB-R1-U1,1,simond-mens-long-sleeved-t-shirt-merino-resist-navy-blue-356377,https://cdn.shopify.com/s/files/1/1330/6287/files/8901519-product_image-p2815697.jpg?v=1744157959,14
3583784264679,4545499,Quechua,apparel,apparel.fleece,hike_camp,Fleece,Quechua Women's Warm Hybrid Fleece Hiking Jacket,Quechua Hybrid Fleece Veste de Randonnée Chaud Femme,S,Smoked Black,60.00,57.0,EUR,fr-FR,GB-R3-U2,4,quechua-womens-warm-hybrid-fleece-hiking-jacket-sh900-mountain-159235,https://cdn.shopify.com/s/files/1/1330/6287/files/8755487-product_image-p2718222.jpg?v=1755803806,8
3583784264686,4545500,Quechua,apparel,apparel.fleece,hike_camp,Fleece,Quechua Women's Warm Hybrid Fleece Hiking Jacket,Quechua Hybrid Fleece Veste de Randonnée Chaud Femme,M,Smoked Black,60.00,57.0,EUR,fr-FR,GB-R3-U2,7,quechua-womens-warm-hybrid-fleece-hiking-jacket-sh900-mountain-159235,https://cdn.shopify.com/s/files/1/1330/6287/files/8755487-product_image-p2718222.jpg?v=1755803806,8
3583784264693,4545501,Quechua,apparel,apparel.fleece,hike_camp,Fleece,Quechua Women's Warm Hybrid Fleece Hiking Jacket,Quechua Hybrid Fleece Veste de Randonnée Chaud Femme,L,Smoked Black,60.00,57.0,EUR,fr-FR,GB-R3-U2,6,quechua-womens-warm-hybrid-fleece-hiking-jacket-sh900-mountain-159235,https://cdn.shopify.com/s/files/1/1330/6287/files/8755487-product_image-p2718222.jpg?v=1755803806,8
3583784266406,4545502,Quechua,apparel,apparel.fleece,hike_camp,Fleece,Quechua Women's Warm Hybrid Fleece Hiking Jacket,Quechua Hybrid Fleece Veste de Randonnée Chaud Femme,XL,Smoked Black,60.00,57.0,EUR,fr-FR,GB-R3-U2,5,quechua-womens-warm-hybrid-fleece-hiking-jacket-sh900-mountain-159235,https://cdn.shopify.com/s/files/1/1330/6287/files/8755487-product_image-p2718222.jpg?v=1755803806,8
3583784266413,4545503,Quechua,apparel,apparel.fleece,hike_camp,Fleece,Quechua Women's Warm Hybrid Fleece Hiking Jacket,Quechua Hybrid Fleece Veste de Randonnée Chaud Femme,2XL,Smoked Black,60.00,57.0,EUR,fr-FR,GB-R3-U2,2,quechua-womens-warm-hybrid-fleece-hiking-jacket-sh900-mountain-159235,https://cdn.shopify.com/s/files/1/1330/6287/files/8755487-product_image-p2718222.jpg?v=1755803806,8
3583784222587,4402527,Quechua,apparel,apparel.leggings,hike_camp,Leggings,Quechua Men's MH100 Fleece Hiking Tights,Quechua MH100 Tights Polaire de Randonnée Homme,S,Black,29.99,28.49,EUR,fr-FR,GF-R3-U1,4,quechua-mens-mh100-fleece-hiking-tights-15939,https://cdn.shopify.com/s/files/1/1330/6287/files/8666249-product_image-p2658443.jpg?v=1705580393,5
3583784222594,4402528,Quechua,apparel,apparel.leggings,hike_camp,Leggings,Quechua Men's MH100 Fleece Hiking Tights,Quechua MH100 Tights Polaire de Randonnée Homme,M,Black,29.99,28.49,EUR,fr-FR,GF-R3-U1,6,quechua-mens-mh100-fleece-hiking-tights-15939,https://cdn.shopify.com/s/files/1/1330/6287/files/8666249-product_image-p2658443.jpg?v=1705580393,5
3583784224703,4402529,Quechua,apparel,apparel.leggings,hike_camp,Leggings,Quechua Men's MH100 Fleece Hiking Tights,Quechua MH100 Tights Polaire de Randonnée Homme,L,Black,29.99,28.49,EUR,fr-FR,GF-R3-U1,5,quechua-mens-mh100-fleece-hiking-tights-15939,https://cdn.shopify.com/s/files/1/1330/6287/files/8666249-product_image-p2658443.jpg?v=1705580393,5
3583784224710,4402530,Quechua,apparel,apparel.leggings,hike_camp,Leggings,Quechua Men's MH100 Fleece Hiking Tights,Quechua MH100 Tights Polaire de Randonnée Homme,2XL,Black,29.99,28.49,EUR,fr-FR,GF-R3-U1,2,quechua-mens-mh100-fleece-hiking-tights-15939,https://cdn.shopify.com/s/files/1/1330/6287/files/8666249-product_image-p2658443.jpg?v=1705580393,5
3583784224727,4402531,Quechua,apparel,apparel.leggings,hike_camp,Leggings,Quechua Men's MH100 Fleece Hiking Tights,Quechua MH100 Tights Polaire de Randonnée Homme,XL,Black,29.99,28.49,EUR,fr-FR,GF-R3-U1,4,quechua-mens-mh100-fleece-hiking-tights-15939,https://cdn.shopify.com/s/files/1/1330/6287/files/8666249-product_image-p2658443.jpg?v=1705580393,5
3583784224734,4402532,Quechua,apparel,apparel.leggings,hike_camp,Leggings,Quechua Men's MH100 Fleece Hiking Tights,Quechua MH100 Tights Polaire de Randonnée Homme,3XL,Black,29.99,28.49,EUR,fr-FR,GF-R3-U1,1,quechua-mens-mh100-fleece-hiking-tights-15939,https://cdn.shopify.com/s/files/1/1330/6287/files/8666249-product_image-p2658443.jpg?v=1705580393,5
3608439605567,894035,Quechua,footwear,footwear.snow-boots,hike_camp,Snow boots,Men's SH100 Warm Waterproof Snow Boots,SH100 Après-ski Imperméable Chaud Homme,10.5 - 11.5,Carbon Gray,25.00,23.75,EUR,fr-FR,PW-01,5,mens-warm-waterproof-snow-boots-sh100-108105,https://cdn.shopify.com/s/files/1/1330/6287/files/8344304-product_image-p2047836.jpg?v=1703074101,7
3608439605574,894031,Quechua,footwear,footwear.snow-boots,hike_camp,Snow boots,Men's SH100 Warm Waterproof Snow Boots,SH100 Après-ski Imperméable Chaud Homme,9 - 9.5,Carbon Gray,25.00,23.75,EUR,fr-FR,PW-01,6,mens-warm-waterproof-snow-boots-sh100-108105,https://cdn.shopify.com/s/files/1/1330/6287/files/8344304-product_image-p2047836.jpg?v=1703074101,7
3608439605581,894037,Quechua,footwear,footwear.snow-boots,hike_camp,Snow boots,Men's SH100 Warm Waterproof Snow Boots,SH100 Après-ski Imperméable Chaud Homme,12 - 13,Carbon Gray,25.00,23.75,EUR,fr-FR,PW-01,2,mens-warm-waterproof-snow-boots-sh100-108105,https://cdn.shopify.com/s/files/1/1330/6287/files/8344304-product_image-p2047836.jpg?v=1703074101,7
3608439605598,894030,Quechua,footwear,footwear.snow-boots,hike_camp,Snow boots,Men's SH100 Warm Waterproof Snow Boots,SH100 Après-ski Imperméable Chaud Homme,7.5 - 8,Carbon Gray,25.00,23.75,EUR,fr-FR,PW-01,4,mens-warm-waterproof-snow-boots-sh100-108105,https://cdn.shopify.com/s/files/1/1330/6287/files/8344304-product_image-p2047836.jpg?v=1703074101,7
3608439605604,894029,Quechua,footwear,footwear.snow-boots,hike_camp,Snow boots,Men's SH100 Warm Waterproof Snow Boots,SH100 Après-ski Imperméable Chaud Homme,6 - 6.5,Carbon Gray,25.00,23.75,EUR,fr-FR,PW-01,1,mens-warm-waterproof-snow-boots-sh100-108105,https://cdn.shopify.com/s/files/1/1330/6287/files/8344304-product_image-p2047836.jpg?v=1703074101,7
3608390942305,5133871,Forclaz,apparel,apparel.down-jacket,hike_camp,Down jacket,Forclaz Women’s MT100 Down Puffer Jacket,Forclaz ’s MT100 Doudoune Duvet Femme,XS,Black,99.00,94.05,EUR,fr-FR,GF-R3-U2,2,forclaz-mountain-backpacking-down-jacket-mt100-335256,https://cdn.shopify.com/s/files/1/1330/6287/files/8858265-product_image-p2688020.jpg?v=1740184320,7
3608390942312,5133872,Forclaz,apparel,apparel.down-jacket,hike_camp,Down jacket,Forclaz Women’s MT100 Down Puffer Jacket,Forclaz ’s MT100 Doudoune Duvet Femme,S,Black,99.00,94.05,EUR,fr-FR,GF-R3-U2,3,forclaz-mountain-backpacking-down-jacket-mt100-335256,https://cdn.shopify.com/s/files/1/1330/6287/files/8858265-product_image-p2688020.jpg?v=1740184320,7
3608390942329,5133873,Forclaz,apparel,apparel.down-jacket,hike_camp,Down jacket,Forclaz Women’s MT100 Down Puffer Jacket,Forclaz ’s MT100 Doudoune Duvet Femme,M,Black,99.00,94.05,EUR,fr-FR,GF-R3-U2,6,forclaz-mountain-backpacking-down-jacket-mt100-335256,https://cdn.shopify.com/s/files/1/1330/6287/files/8858265-product_image-p2688020.jpg?v=1740184320,7
3608390942336,5133874,Forclaz,apparel,apparel.down-jacket,hike_camp,Down jacket,Forclaz Women’s MT100 Down Puffer Jacket,Forclaz ’s MT100 Doudoune Duvet Femme,L,Black,99.00,94.05,EUR,fr-FR,GF-R3-U2,5,forclaz-mountain-backpacking-down-jacket-mt100-335256,https://cdn.shopify.com/s/files/1/1330/6287/files/8858265-product_image-p2688020.jpg?v=1740184320,7
3608390942343,5133875,Forclaz,apparel,apparel.down-jacket,hike_camp,Down jacket,Forclaz Women’s MT100 Down Puffer Jacket,Forclaz ’s MT100 Doudoune Duvet Femme,XL,Black,99.00,94.05,EUR,fr-FR,GF-R3-U2,4,forclaz-mountain-backpacking-down-jacket-mt100-335256,https://cdn.shopify.com/s/files/1/1330/6287/files/8858265-product_image-p2688020.jpg?v=1740184320,7
3608390942350,5133876,Forclaz,apparel,apparel.down-jacket,hike_camp,Down jacket,Forclaz Women’s MT100 Down Puffer Jacket,Forclaz ’s MT100 Doudoune Duvet Femme,2XL,Black,99.00,94.05,EUR,fr-FR,GF-R3-U2,2,forclaz-mountain-backpacking-down-jacket-mt100-335256,https://cdn.shopify.com/s/files/1/1330/6287/files/8858265-product_image-p2688020.jpg?v=1740184320,7
3608394088139,5772456,Van Rysel,apparel,apparel.short-sleeved-jersey,general,Short-sleeved jersey,Van Rysel 2026 RCR-R Decathlon CMA CGM Replica Team Jersey,Van Rysel 2026 RCR-R Decathlon CMA CGM Replica Team Maillot,S,Teal Blue,99.99,94.99,EUR,fr-FR,GB-R1-U2,5,van-rysel-2026-rcr-r-decathlon-cma-cgm-replica-team-jersey,https://cdn.shopify.com/s/files/1/1330/6287/files/default_f9b03b22-5fb6-4d54-b6d1-0c3fd927ce84.jpg?v=1775494122,5
3608394088146,5772458,Van Rysel,apparel,apparel.short-sleeved-jersey,general,Short-sleeved jersey,Van Rysel 2026 RCR-R Decathlon CMA CGM Replica Team Jersey,Van Rysel 2026 RCR-R Decathlon CMA CGM Replica Team Maillot,M,Teal Blue,99.99,94.99,EUR,fr-FR,GB-R1-U2,8,van-rysel-2026-rcr-r-decathlon-cma-cgm-replica-team-jersey,https://cdn.shopify.com/s/files/1/1330/6287/files/default_f9b03b22-5fb6-4d54-b6d1-0c3fd927ce84.jpg?v=1775494122,5
3608394088153,5772459,Van Rysel,apparel,apparel.short-sleeved-jersey,general,Short-sleeved jersey,Van Rysel 2026 RCR-R Decathlon CMA CGM Replica Team Jersey,Van Rysel 2026 RCR-R Decathlon CMA CGM Replica Team Maillot,L,Teal Blue,99.99,94.99,EUR,fr-FR,GB-R1-U2,7,van-rysel-2026-rcr-r-decathlon-cma-cgm-replica-team-jersey,https://cdn.shopify.com/s/files/1/1330/6287/files/default_f9b03b22-5fb6-4d54-b6d1-0c3fd927ce84.jpg?v=1775494122,5
3608394088160,5772460,Van Rysel,apparel,apparel.short-sleeved-jersey,general,Short-sleeved jersey,Van Rysel 2026 RCR-R Decathlon CMA CGM Replica Team Jersey,Van Rysel 2026 RCR-R Decathlon CMA CGM Replica Team Maillot,XL,Teal Blue,99.99,94.99,EUR,fr-FR,GB-R1-U2,5,van-rysel-2026-rcr-r-decathlon-cma-cgm-replica-team-jersey,https://cdn.shopify.com/s/files/1/1330/6287/files/default_f9b03b22-5fb6-4d54-b6d1-0c3fd927ce84.jpg?v=1775494122,5
3608394088177,5772461,Van Rysel,apparel,apparel.short-sleeved-jersey,general,Short-sleeved jersey,Van Rysel 2026 RCR-R Decathlon CMA CGM Replica Team Jersey,Van Rysel 2026 RCR-R Decathlon CMA CGM Replica Team Maillot,2XL,Teal Blue,99.99,94.99,EUR,fr-FR,GB-R1-U2,3,van-rysel-2026-rcr-r-decathlon-cma-cgm-replica-team-jersey,https://cdn.shopify.com/s/files/1/1330/6287/files/default_f9b03b22-5fb6-4d54-b6d1-0c3fd927ce84.jpg?v=1775494122,5
3608393160690,5624300,Van Rysel,outdoor,outdoor.road-bike,general,Road bike,Van Rysel EDR AF CLARIS,Van Rysel EDR AF CLARIS,XS,Dark Grey,1199.00,1139.05,EUR,fr-FR,GF-R1-U2,0,van-rysel-edr-af-claris,https://cdn.shopify.com/s/files/1/1330/6287/files/default_cad5e3c9-3822-4e0d-95ca-5765e960a405.jpg?v=1775491122,3
3608393161604,5624301,Van Rysel,outdoor,outdoor.road-bike,general,Road bike,Van Rysel EDR AF CLARIS,Van Rysel EDR AF CLARIS,S,Dark Grey,1199.00,1139.05,EUR,fr-FR,GF-R1-U2,1,van-rysel-edr-af-claris,https://cdn.shopify.com/s/files/1/1330/6287/files/default_cad5e3c9-3822-4e0d-95ca-5765e960a405.jpg?v=1775491122,3
3608393161611,5624303,Van Rysel,outdoor,outdoor.road-bike,general,Road bike,Van Rysel EDR AF CLARIS,Van Rysel EDR AF CLARIS,M,Dark Grey,1199.00,1139.05,EUR,fr-FR,GF-R1-U2,0,van-rysel-edr-af-claris,https://cdn.shopify.com/s/files/1/1330/6287/files/default_cad5e3c9-3822-4e0d-95ca-5765e960a405.jpg?v=1775491122,3
3608393161628,5624304,Van Rysel,outdoor,outdoor.road-bike,general,Road bike,Van Rysel EDR AF CLARIS,Van Rysel EDR AF CLARIS,L,Dark Grey,1199.00,1139.05,EUR,fr-FR,GF-R1-U2,0,van-rysel-edr-af-claris,https://cdn.shopify.com/s/files/1/1330/6287/files/default_cad5e3c9-3822-4e0d-95ca-5765e960a405.jpg?v=1775491122,3
3608393161635,5624305,Van Rysel,outdoor,outdoor.road-bike,general,Road bike,Van Rysel EDR AF CLARIS,Van Rysel EDR AF CLARIS,XL,Dark Grey,1199.00,1139.05,EUR,fr-FR,GF-R1-U2,0,van-rysel-edr-af-claris,https://cdn.shopify.com/s/files/1/1330/6287/files/default_cad5e3c9-3822-4e0d-95ca-5765e960a405.jpg?v=1775491122,3
3608439400285,2668620,Quechua,apparel,apparel.zip-off-pants,hike_camp,Zip-Off Pants,Quechua Kids’ MH500 Convertible Hiking Pants - Ages 7-15,Quechua MH500 Convertible Ages 7-15 Pantalon de Randonnée Enfant,8-9 Years / 52''-55'',Carbon Gray,30.00,28.5,EUR,fr-FR,GB-R3-U1,6,quechua-mh500-convertible-hiking-pants-kids-copy,https://cdn.shopify.com/s/files/1/1330/6287/files/8530007-product_image-p2583663.jpg?v=1744905561,10
3608439400292,2668621,Quechua,apparel,apparel.zip-off-pants,hike_camp,Zip-Off Pants,Quechua Kids’ MH500 Convertible Hiking Pants - Ages 7-15,Quechua MH500 Convertible Ages 7-15 Pantalon de Randonnée Enfant,10-11 Years / 55''-59'',Carbon Gray,30.00,28.5,EUR,fr-FR,GB-R3-U1,10,quechua-mh500-convertible-hiking-pants-kids-copy,https://cdn.shopify.com/s/files/1/1330/6287/files/8530007-product_image-p2583663.jpg?v=1744905561,10
3608439400308,2668619,Quechua,apparel,apparel.zip-off-pants,hike_camp,Zip-Off Pants,Quechua Kids’ MH500 Convertible Hiking Pants - Ages 7-15,Quechua MH500 Convertible Ages 7-15 Pantalon de Randonnée Enfant,7-8 Years / 48''-51'',Carbon Gray,30.00,28.5,EUR,fr-FR,GB-R3-U1,4,quechua-mh500-convertible-hiking-pants-kids-copy,https://cdn.shopify.com/s/files/1/1330/6287/files/8530007-product_image-p2583663.jpg?v=1744905561,10
3608439400315,2668623,Quechua,apparel,apparel.zip-off-pants,hike_camp,Zip-Off Pants,Quechua Kids’ MH500 Convertible Hiking Pants - Ages 7-15,Quechua MH500 Convertible Ages 7-15 Pantalon de Randonnée Enfant,14-15 Years / 63''-68'',Carbon Gray,30.00,28.5,EUR,fr-FR,GB-R3-U1,3,quechua-mh500-convertible-hiking-pants-kids-copy,https://cdn.shopify.com/s/files/1/1330/6287/files/8530007-product_image-p2583663.jpg?v=1744905561,10
3608439400322,2668622,Quechua,apparel,apparel.zip-off-pants,hike_camp,Zip-Off Pants,Quechua Kids’ MH500 Convertible Hiking Pants - Ages 7-15,Quechua MH500 Convertible Ages 7-15 Pantalon de Randonnée Enfant,12-13 Years / 59''-63'',Carbon Gray,30.00,28.5,EUR,fr-FR,GB-R3-U1,8,quechua-mh500-convertible-hiking-pants-kids-copy,https://cdn.shopify.com/s/files/1/1330/6287/files/8530007-product_image-p2583663.jpg?v=1744905561,10
3608439374920,2728609,Quechua,footwear,footwear.shoes,hike_camp,Shoes,Quechua Men's MH100 Waterproof Mid Hiking Boots,Quechua MH100 Bottes Imperméable de Randonnée Mi-saison Homme,9.5,Black,60.00,57.0,EUR,fr-FR,PE-01,4,quechua-mens-mh100-waterproof-mid-hiking-boots-307814,https://cdn.shopify.com/s/files/1/1330/6287/files/8553119-product_image-p2579131.jpg?v=1712144249,6
3608439374937,2728610,Quechua,footwear,footwear.shoes,hike_camp,Shoes,Quechua Men's MH100 Waterproof Mid Hiking Boots,Quechua MH100 Bottes Imperméable de Randonnée Mi-saison Homme,10.5,Black,60.00,57.0,EUR,fr-FR,PE-01,3,quechua-mens-mh100-waterproof-mid-hiking-boots-307814,https://cdn.shopify.com/s/files/1/1330/6287/files/8553119-product_image-p2579131.jpg?v=1712144249,6
3608439374944,2728611,Quechua,footwear,footwear.shoes,hike_camp,Shoes,Quechua Men's MH100 Waterproof Mid Hiking Boots,Quechua MH100 Bottes Imperméable de Randonnée Mi-saison Homme,11.5,Black,60.00,57.0,EUR,fr-FR,PE-01,2,quechua-mens-mh100-waterproof-mid-hiking-boots-307814,https://cdn.shopify.com/s/files/1/1330/6287/files/8553119-product_image-p2579131.jpg?v=1712144249,6
3608439374951,2728613,Quechua,footwear,footwear.shoes,hike_camp,Shoes,Quechua Men's MH100 Waterproof Mid Hiking Boots,Quechua MH100 Bottes Imperméable de Randonnée Mi-saison Homme,12,Black,60.00,57.0,EUR,fr-FR,PE-01,2,quechua-mens-mh100-waterproof-mid-hiking-boots-307814,https://cdn.shopify.com/s/files/1/1330/6287/files/8553119-product_image-p2579131.jpg?v=1712144249,6
3608439374968,2728614,Quechua,footwear,footwear.shoes,hike_camp,Shoes,Quechua Men's MH100 Waterproof Mid Hiking Boots,Quechua MH100 Bottes Imperméable de Randonnée Mi-saison Homme,13,Black,60.00,57.0,EUR,fr-FR,PE-01,1,quechua-mens-mh100-waterproof-mid-hiking-boots-307814,https://cdn.shopify.com/s/files/1/1330/6287/files/8553119-product_image-p2579131.jpg?v=1712144249,6
3608439374975,2728615,Quechua,footwear,footwear.shoes,hike_camp,Shoes,Quechua Men's MH100 Waterproof Mid Hiking Boots,Quechua MH100 Bottes Imperméable de Randonnée Mi-saison Homme,13.5,Black,60.00,57.0,EUR,fr-FR,PE-01,0,quechua-mens-mh100-waterproof-mid-hiking-boots-307814,https://cdn.shopify.com/s/files/1/1330/6287/files/8553119-product_image-p2579131.jpg?v=1712144249,6
3608439374982,2728608,Quechua,footwear,footwear.shoes,hike_camp,Shoes,Quechua Men's MH100 Waterproof Mid Hiking Boots,Quechua MH100 Bottes Imperméable de Randonnée Mi-saison Homme,9,Black,60.00,57.0,EUR,fr-FR,PE-01,4,quechua-mens-mh100-waterproof-mid-hiking-boots-307814,https://cdn.shopify.com/s/files/1/1330/6287/files/8553119-product_image-p2579131.jpg?v=1712144249,6
3608439374999,2728607,Quechua,footwear,footwear.shoes,hike_camp,Shoes,Quechua Men's MH100 Waterproof Mid Hiking Boots,Quechua MH100 Bottes Imperméable de Randonnée Mi-saison Homme,8,Black,60.00,57.0,EUR,fr-FR,PE-01,3,quechua-mens-mh100-waterproof-mid-hiking-boots-307814,https://cdn.shopify.com/s/files/1/1330/6287/files/8553119-product_image-p2579131.jpg?v=1712144249,6
3608439375002,2728606,Quechua,footwear,footwear.shoes,hike_camp,Shoes,Quechua Men's MH100 Waterproof Mid Hiking Boots,Quechua MH100 Bottes Imperméable de Randonnée Mi-saison Homme,7.5,Black,60.00,57.0,EUR,fr-FR,PE-01,2,quechua-mens-mh100-waterproof-mid-hiking-boots-307814,https://cdn.shopify.com/s/files/1/1330/6287/files/8553119-product_image-p2579131.jpg?v=1712144249,6
3608439375019,2728605,Quechua,footwear,footwear.shoes,hike_camp,Shoes,Quechua Men's MH100 Waterproof Mid Hiking Boots,Quechua MH100 Bottes Imperméable de Randonnée Mi-saison Homme,6.5,Black,60.00,57.0,EUR,fr-FR,PE-01,1,quechua-mens-mh100-waterproof-mid-hiking-boots-307814,https://cdn.shopify.com/s/files/1/1330/6287/files/8553119-product_image-p2579131.jpg?v=1712144249,6
3608392812019,5525007,Wedze,accessories,accessories.beanie,general,Beanie,Wedze Kids' Fisherman Knit Beanie,Wedze Fisherman Knit Bonnet Enfant,One Size,Fluo Neon Pink,12.99,12.34,EUR,fr-FR,GB-R1-U1,2,childrens-ski-fisherman-hat-fw25,https://cdn.shopify.com/s/files/1/1330/6287/files/8940437-BONNET_FISHERMAN_500_JR_ROSE_C13B_AH26_-_8940437_-_001_---_Expires_on_21-08-2035.jpg?v=1758662519,19
3608449837323,2769780,Wedze,accessories,accessories.beanie,general,Beanie,Wedze Kids' Fisherman Knit Beanie,Wedze Fisherman Knit Bonnet Enfant,One Size,Steel Blue,12.99,12.34,EUR,fr-FR,GB-R1-U1,2,childrens-ski-fisherman-hat-fw25,https://cdn.shopify.com/s/files/1/1330/6287/files/8940437-BONNET_FISHERMAN_500_JR_ROSE_C13B_AH26_-_8940437_-_001_---_Expires_on_21-08-2035.jpg?v=1758662519,19
3608449864305,2614376,Wedze,accessories,accessories.beanie,general,Beanie,Wedze Kids' Fisherman Knit Beanie,Wedze Fisherman Knit Bonnet Enfant,One Size,Pebble Gray,12.99,12.34,EUR,fr-FR,GB-R1-U1,3,childrens-ski-fisherman-hat-fw25,https://cdn.shopify.com/s/files/1/1330/6287/files/8940437-BONNET_FISHERMAN_500_JR_ROSE_C13B_AH26_-_8940437_-_001_---_Expires_on_21-08-2035.jpg?v=1758662519,19
3583787788295,2899311,Simond,bag_pack,bag_pack.backpack,general,Backpack,Simond  Men's MT100 Easyfit 70L Backpacking Pack,Simond MT100 Easyfit 70L Pack Trekking Homme,70 L,Mahogany,129.00,122.55,EUR,fr-FR,GF-R1-U1,8,mens-mountain-backpacking-rucksack-70-l-trek-100-easyfit-309851,https://cdn.shopify.com/s/files/1/1330/6287/files/FORCLAZ_SAD_H_MT_100_EASYFIT_70L_OCRE_-_8559696_-_001_---_Expires_on_04-06-2035.jpg?v=1750210700,14
3608391010393,5102873,Wedze,apparel,apparel.ski-pants,general,Ski pants,Wedze Women’s 100 Warm Waterproof Snow Pants,Wedze ’s 100 Pantalon Imperméable Neige Chaud Femme,XS - S,Smoked Black,69.99,66.49,EUR,fr-FR,GF-R1-U1,2,wedze-womens-warm-and-comfortable-snowboard-pants-snb-100-black-351748-fw25,https://cdn.shopify.com/s/files/1/1330/6287/files/8861302-product_image-p2708311.jpg?v=1755553699,7
3608391011109,5102874,Wedze,apparel,apparel.ski-pants,general,Ski pants,Wedze Women’s 100 Warm Waterproof Snow Pants,Wedze ’s 100 Pantalon Imperméable Neige Chaud Femme,S,Smoked Black,69.99,66.49,EUR,fr-FR,GF-R1-U1,4,wedze-womens-warm-and-comfortable-snowboard-pants-snb-100-black-351748-fw25,https://cdn.shopify.com/s/files/1/1330/6287/files/8861302-product_image-p2708311.jpg?v=1755553699,7
3608391011116,5102875,Wedze,apparel,apparel.ski-pants,general,Ski pants,Wedze Women’s 100 Warm Waterproof Snow Pants,Wedze ’s 100 Pantalon Imperméable Neige Chaud Femme,M,Smoked Black,69.99,66.49,EUR,fr-FR,GF-R1-U1,6,wedze-womens-warm-and-comfortable-snowboard-pants-snb-100-black-351748-fw25,https://cdn.shopify.com/s/files/1/1330/6287/files/8861302-product_image-p2708311.jpg?v=1755553699,7
3608391011123,5102876,Wedze,apparel,apparel.ski-pants,general,Ski pants,Wedze Women’s 100 Warm Waterproof Snow Pants,Wedze ’s 100 Pantalon Imperméable Neige Chaud Femme,L,Smoked Black,69.99,66.49,EUR,fr-FR,GF-R1-U1,6,wedze-womens-warm-and-comfortable-snowboard-pants-snb-100-black-351748-fw25,https://cdn.shopify.com/s/files/1/1330/6287/files/8861302-product_image-p2708311.jpg?v=1755553699,7
3608391011130,5102877,Wedze,apparel,apparel.ski-pants,general,Ski pants,Wedze Women’s 100 Warm Waterproof Snow Pants,Wedze ’s 100 Pantalon Imperméable Neige Chaud Femme,L / XL,Smoked Black,69.99,66.49,EUR,fr-FR,GF-R1-U1,6,wedze-womens-warm-and-comfortable-snowboard-pants-snb-100-black-351748-fw25,https://cdn.shopify.com/s/files/1/1330/6287/files/8861302-product_image-p2708311.jpg?v=1755553699,7
3608391011147,5102878,Wedze,apparel,apparel.ski-pants,general,Ski pants,Wedze Women’s 100 Warm Waterproof Snow Pants,Wedze ’s 100 Pantalon Imperméable Neige Chaud Femme,XL,Smoked Black,69.99,66.49,EUR,fr-FR,GF-R1-U1,4,wedze-womens-warm-and-comfortable-snowboard-pants-snb-100-black-351748-fw25,https://cdn.shopify.com/s/files/1/1330/6287/files/8861302-product_image-p2708311.jpg?v=1755553699,7
3608391011154,5102879,Wedze,apparel,apparel.ski-pants,general,Ski pants,Wedze Women’s 100 Warm Waterproof Snow Pants,Wedze ’s 100 Pantalon Imperméable Neige Chaud Femme,2XL,Smoked Black,69.99,66.49,EUR,fr-FR,GF-R1-U1,2,wedze-womens-warm-and-comfortable-snowboard-pants-snb-100-black-351748-fw25,https://cdn.shopify.com/s/files/1/1330/6287/files/8861302-product_image-p2708311.jpg?v=1755553699,7
3583783999015,2956238,Quechua,apparel,apparel.fleece,hike_camp,Fleece,Quechua Women's MH120 Fleece Jacket,Quechua MH120 Veste polaire Femme,3XL,Light Gray,34.99,33.24,EUR,fr-FR,GB-R3-U2,1,quechua-womens-mh120-fleece-jacket-e302526-fw25,https://cdn.shopify.com/s/files/1/1330/6287/files/8569508-product_image-p2937417.jpg?v=1755639332,11
3608439382901,2956244,Quechua,apparel,apparel.fleece,hike_camp,Fleece,Quechua Women's MH120 Fleece Jacket,Quechua MH120 Veste polaire Femme,S,Light Gray,34.99,33.24,EUR,fr-FR,GB-R3-U2,4,quechua-womens-mh120-fleece-jacket-e302526-fw25,https://cdn.shopify.com/s/files/1/1330/6287/files/8569508-product_image-p2937417.jpg?v=1755639332,11
3608439382918,2956245,Quechua,apparel,apparel.fleece,hike_camp,Fleece,Quechua Women's MH120 Fleece Jacket,Quechua MH120 Veste polaire Femme,XL,Light Gray,34.99,33.24,EUR,fr-FR,GB-R3-U2,4,quechua-womens-mh120-fleece-jacket-e302526-fw25,https://cdn.shopify.com/s/files/1/1330/6287/files/8569508-product_image-p2937417.jpg?v=1755639332,11
3608439382925,2956242,Quechua,apparel,apparel.fleece,hike_camp,Fleece,Quechua Women's MH120 Fleece Jacket,Quechua MH120 Veste polaire Femme,L,Light Gray,34.99,33.24,EUR,fr-FR,GB-R3-U2,5,quechua-womens-mh120-fleece-jacket-e302526-fw25,https://cdn.shopify.com/s/files/1/1330/6287/files/8569508-product_image-p2937417.jpg?v=1755639332,11
3608439382932,2956243,Quechua,apparel,apparel.fleece,hike_camp,Fleece,Quechua Women's MH120 Fleece Jacket,Quechua MH120 Veste polaire Femme,M,Light Gray,34.99,33.24,EUR,fr-FR,GB-R3-U2,6,quechua-womens-mh120-fleece-jacket-e302526-fw25,https://cdn.shopify.com/s/files/1/1330/6287/files/8569508-product_image-p2937417.jpg?v=1755639332,11
3608439382949,2956246,Quechua,apparel,apparel.fleece,hike_camp,Fleece,Quechua Women's MH120 Fleece Jacket,Quechua MH120 Veste polaire Femme,XS,Light Gray,34.99,33.24,EUR,fr-FR,GB-R3-U2,2,quechua-womens-mh120-fleece-jacket-e302526-fw25,https://cdn.shopify.com/s/files/1/1330/6287/files/8569508-product_image-p2937417.jpg?v=1755639332,11
3608439382956,2956236,Quechua,apparel,apparel.fleece,hike_camp,Fleece,Quechua Women's MH120 Fleece Jacket,Quechua MH120 Veste polaire Femme,2XL,Light Gray,34.99,33.24,EUR,fr-FR,GB-R3-U2,2,quechua-womens-mh120-fleece-jacket-e302526-fw25,https://cdn.shopify.com/s/files/1/1330/6287/files/8569508-product_image-p2937417.jpg?v=1755639332,11
3608392938832,5474736,Kiprun,apparel,apparel.long-sleeved-t-shirt,running,Long-sleeved t-shirt,Kiprun Men's 100 Long-Sleeved Half-Zip Running T-shirt,Kiprun 100 Long-Sleeved Half-Zip T-shirt de Running Homme,S,Smoked Black,10.00,9.5,EUR,fr-FR,GF-R2-U2,5,kiprun-run-100-mens-warm-and-breathable-half-zip-long-sleeved-t-shirt-black-357727-fw25,https://cdn.shopify.com/s/files/1/1330/6287/files/8928494-product_image-p2906512.jpg?v=1755553793,7
3608392938849,5474737,Kiprun,apparel,apparel.long-sleeved-t-shirt,running,Long-sleeved t-shirt,Kiprun Men's 100 Long-Sleeved Half-Zip Running T-shirt,Kiprun 100 Long-Sleeved Half-Zip T-shirt de Running Homme,M,Smoked Black,10.00,9.5,EUR,fr-FR,GF-R2-U2,8,kiprun-run-100-mens-warm-and-breathable-half-zip-long-sleeved-t-shirt-black-357727-fw25,https://cdn.shopify.com/s/files/1/1330/6287/files/8928494-product_image-p2906512.jpg?v=1755553793,7
3608392938856,5474738,Kiprun,apparel,apparel.long-sleeved-t-shirt,running,Long-sleeved t-shirt,Kiprun Men's 100 Long-Sleeved Half-Zip Running T-shirt,Kiprun 100 Long-Sleeved Half-Zip T-shirt de Running Homme,L,Smoked Black,10.00,9.5,EUR,fr-FR,GF-R2-U2,7,kiprun-run-100-mens-warm-and-breathable-half-zip-long-sleeved-t-shirt-black-357727-fw25,https://cdn.shopify.com/s/files/1/1330/6287/files/8928494-product_image-p2906512.jpg?v=1755553793,7
3608392938863,5474739,Kiprun,apparel,apparel.long-sleeved-t-shirt,running,Long-sleeved t-shirt,Kiprun Men's 100 Long-Sleeved Half-Zip Running T-shirt,Kiprun 100 Long-Sleeved Half-Zip T-shirt de Running Homme,XL,Smoked Black,10.00,9.5,EUR,fr-FR,GF-R2-U2,5,kiprun-run-100-mens-warm-and-breathable-half-zip-long-sleeved-t-shirt-black-357727-fw25,https://cdn.shopify.com/s/files/1/1330/6287/files/8928494-product_image-p2906512.jpg?v=1755553793,7
3608392938870,5474740,Kiprun,apparel,apparel.long-sleeved-t-shirt,running,Long-sleeved t-shirt,Kiprun Men's 100 Long-Sleeved Half-Zip Running T-shirt,Kiprun 100 Long-Sleeved Half-Zip T-shirt de Running Homme,2XL,Smoked Black,10.00,9.5,EUR,fr-FR,GF-R2-U2,3,kiprun-run-100-mens-warm-and-breathable-half-zip-long-sleeved-t-shirt-black-357727-fw25,https://cdn.shopify.com/s/files/1/1330/6287/files/8928494-product_image-p2906512.jpg?v=1755553793,7
3608391786144,5276078,Quechua,apparel,apparel.pullover,hike_camp,Pullover,Quechua Men's NH500 Half-Zip Hiking Pullover,Quechua NH500 Half-Zip Pull de Randonnée Homme,S,Lunar Beige,59.99,56.99,EUR,fr-FR,GF-R3-U1,1,quechua-mens-hiking-pullover-nh500-half-zip-green-356314-fw25,https://cdn.shopify.com/s/files/1/1330/6287/files/8946114-product_image-p2939259.jpg?v=1755561596,12
3608391786151,5276079,Quechua,apparel,apparel.pullover,hike_camp,Pullover,Quechua Men's NH500 Half-Zip Hiking Pullover,Quechua NH500 Half-Zip Pull de Randonnée Homme,L,Lunar Beige,59.99,56.99,EUR,fr-FR,GF-R3-U1,3,quechua-mens-hiking-pullover-nh500-half-zip-green-356314-fw25,https://cdn.shopify.com/s/files/1/1330/6287/files/8946114-product_image-p2939259.jpg?v=1755561596,12
3608391786168,5276080,Quechua,apparel,apparel.pullover,hike_camp,Pullover,Quechua Men's NH500 Half-Zip Hiking Pullover,Quechua NH500 Half-Zip Pull de Randonnée Homme,2XL,Lunar Beige,59.99,56.99,EUR,fr-FR,GF-R3-U1,1,quechua-mens-hiking-pullover-nh500-half-zip-green-356314-fw25,https://cdn.shopify.com/s/files/1/1330/6287/files/8946114-product_image-p2939259.jpg?v=1755561596,12
3608391786175,5276081,Quechua,apparel,apparel.pullover,hike_camp,Pullover,Quechua Men's NH500 Half-Zip Hiking Pullover,Quechua NH500 Half-Zip Pull de Randonnée Homme,3XL,Lunar Beige,59.99,56.99,EUR,fr-FR,GF-R3-U1,0,quechua-mens-hiking-pullover-nh500-half-zip-green-356314-fw25,https://cdn.shopify.com/s/files/1/1330/6287/files/8946114-product_image-p2939259.jpg?v=1755561596,12
3608391786182,5276082,Quechua,apparel,apparel.pullover,hike_camp,Pullover,Quechua Men's NH500 Half-Zip Hiking Pullover,Quechua NH500 Half-Zip Pull de Randonnée Homme,XL,Lunar Beige,59.99,56.99,EUR,fr-FR,GF-R3-U1,2,quechua-mens-hiking-pullover-nh500-half-zip-green-356314-fw25,https://cdn.shopify.com/s/files/1/1330/6287/files/8946114-product_image-p2939259.jpg?v=1755561596,12
3608391786199,5276083,Quechua,apparel,apparel.pullover,hike_camp,Pullover,Quechua Men's NH500 Half-Zip Hiking Pullover,Quechua NH500 Half-Zip Pull de Randonnée Homme,M,Lunar Beige,59.99,56.99,EUR,fr-FR,GF-R3-U1,3,quechua-mens-hiking-pullover-nh500-half-zip-green-356314-fw25,https://cdn.shopify.com/s/files/1/1330/6287/files/8946114-product_image-p2939259.jpg?v=1755561596,12
3608392966286,5554270,Quechua,apparel,apparel.pullover,hike_camp,Pullover,Quechua Men's NH500 Half-Zip Hiking Pullover,Quechua NH500 Half-Zip Pull de Randonnée Homme,M,Deep Sea Turquoise,40.00,38.0,EUR,fr-FR,GF-R3-U1,2,quechua-mens-hiking-pullover-nh500-half-zip-green-356314-fw25,https://cdn.shopify.com/s/files/1/1330/6287/files/8946114-product_image-p2939259.jpg?v=1755561596,12
3608392966293,5554271,Quechua,apparel,apparel.pullover,hike_camp,Pullover,Quechua Men's NH500 Half-Zip Hiking Pullover,Quechua NH500 Half-Zip Pull de Randonnée Homme,XL,Deep Sea Turquoise,40.00,38.0,EUR,fr-FR,GF-R3-U1,2,quechua-mens-hiking-pullover-nh500-half-zip-green-356314-fw25,https://cdn.shopify.com/s/files/1/1330/6287/files/8946114-product_image-p2939259.jpg?v=1755561596,12
3608392966804,5554272,Quechua,apparel,apparel.pullover,hike_camp,Pullover,Quechua Men's NH500 Half-Zip Hiking Pullover,Quechua NH500 Half-Zip Pull de Randonnée Homme,3XL,Deep Sea Turquoise,40.00,38.0,EUR,fr-FR,GF-R3-U1,1,quechua-mens-hiking-pullover-nh500-half-zip-green-356314-fw25,https://cdn.shopify.com/s/files/1/1330/6287/files/8946114-product_image-p2939259.jpg?v=1755561596,12
3608392966828,5554275,Quechua,apparel,apparel.pullover,hike_camp,Pullover,Quechua Men's NH500 Half-Zip Hiking Pullover,Quechua NH500 Half-Zip Pull de Randonnée Homme,2XL,Deep Sea Turquoise,40.00,38.0,EUR,fr-FR,GF-R3-U1,1,quechua-mens-hiking-pullover-nh500-half-zip-green-356314-fw25,https://cdn.shopify.com/s/files/1/1330/6287/files/8946114-product_image-p2939259.jpg?v=1755561596,12
3608392966835,5554276,Quechua,apparel,apparel.pullover,hike_camp,Pullover,Quechua Men's NH500 Half-Zip Hiking Pullover,Quechua NH500 Half-Zip Pull de Randonnée Homme,L,Deep Sea Turquoise,40.00,38.0,EUR,fr-FR,GF-R3-U1,2,quechua-mens-hiking-pullover-nh500-half-zip-green-356314-fw25,https://cdn.shopify.com/s/files/1/1330/6287/files/8946114-product_image-p2939259.jpg?v=1755561596,12
3608392966842,5554277,Quechua,apparel,apparel.pullover,hike_camp,Pullover,Quechua Men's NH500 Half-Zip Hiking Pullover,Quechua NH500 Half-Zip Pull de Randonnée Homme,S,Deep Sea Turquoise,40.00,38.0,EUR,fr-FR,GF-R3-U1,2,quechua-mens-hiking-pullover-nh500-half-zip-green-356314-fw25,https://cdn.shopify.com/s/files/1/1330/6287/files/8946114-product_image-p2939259.jpg?v=1755561596,12
3608390174546,4513671,Forclaz,outdoor,outdoor.mattress,hike_camp,Mattress,Forclaz Trek 500L Self-Inflating Backpacking Mattress,Forclaz Trek 500L Self-Inflating Matelas Trekking,L,Gray,40.00,38.0,EUR,fr-FR,GB-R3-U1,2,forclaz-trek-500l-self-inflating-backpacking-mattress-124065-124066,https://cdn.shopify.com/s/files/1/1330/6287/files/8736599-product_image-p1917800.jpg?v=1700655619,11
3608392441998,5275236,Van Rysel,accessories,accessories.fingerless-gloves,general,Fingerless gloves,Van Rysel RCR Road Cycling Gloves,Van Rysel RCR Road Gants de Vélo,S,Smoked Black,39.99,37.99,EUR,fr-FR,GB-R1-U2,1,van-rysel-road-cycling-gloves-rcr-black-356247,https://cdn.shopify.com/s/files/1/1330/6287/files/8901073-product_image-p2928089.jpg?v=1749853836,14
3608392442605,5275237,Van Rysel,accessories,accessories.fingerless-gloves,general,Fingerless gloves,Van Rysel RCR Road Cycling Gloves,Van Rysel RCR Road Gants de Vélo,L,Smoked Black,39.99,37.99,EUR,fr-FR,GB-R1-U2,1,van-rysel-road-cycling-gloves-rcr-black-356247,https://cdn.shopify.com/s/files/1/1330/6287/files/8901073-product_image-p2928089.jpg?v=1749853836,14
3608392442612,5275238,Van Rysel,accessories,accessories.fingerless-gloves,general,Fingerless gloves,Van Rysel RCR Road Cycling Gloves,Van Rysel RCR Road Gants de Vélo,M,Smoked Black,39.99,37.99,EUR,fr-FR,GB-R1-U2,2,van-rysel-road-cycling-gloves-rcr-black-356247,https://cdn.shopify.com/s/files/1/1330/6287/files/8901073-product_image-p2928089.jpg?v=1749853836,14
3608392442629,5275239,Van Rysel,accessories,accessories.fingerless-gloves,general,Fingerless gloves,Van Rysel RCR Road Cycling Gloves,Van Rysel RCR Road Gants de Vélo,XL,Smoked Black,39.99,37.99,EUR,fr-FR,GB-R1-U2,1,van-rysel-road-cycling-gloves-rcr-black-356247,https://cdn.shopify.com/s/files/1/1330/6287/files/8901073-product_image-p2928089.jpg?v=1749853836,14
3608392442636,5275240,Van Rysel,accessories,accessories.fingerless-gloves,general,Fingerless gloves,Van Rysel RCR Road Cycling Gloves,Van Rysel RCR Road Gants de Vélo,2XL,Smoked Black,39.99,37.99,EUR,fr-FR,GB-R1-U2,2,van-rysel-road-cycling-gloves-rcr-black-356247,https://cdn.shopify.com/s/files/1/1330/6287/files/8901073-product_image-p2928089.jpg?v=1749853836,14
3583784076883,4303769,Kiprun,accessories,accessories.water-bottle-waist-pack,running,Water bottle waist pack,Kiprun Hydration Flask-Carrying Running Belt,Kiprun Hydration -Carrying Belt Gourde isotherme de Running,1,Black,20.00,19.0,EUR,fr-FR,GB-R2-U1,2,hydration-flask-carrying-running-belt-333176,https://cdn.shopify.com/s/files/1/1330/6287/files/8645720-product_image-p1973470.jpg?v=1740789998,10
3583784076890,4303770,Kiprun,accessories,accessories.water-bottle-waist-pack,running,Water bottle waist pack,Kiprun Hydration Flask-Carrying Running Belt,Kiprun Hydration -Carrying Belt Gourde isotherme de Running,2,Black,20.00,19.0,EUR,fr-FR,GB-R2-U1,2,hydration-flask-carrying-running-belt-333176,https://cdn.shopify.com/s/files/1/1330/6287/files/8645720-product_image-p1973470.jpg?v=1740789998,10
3583784081207,4303771,Kiprun,accessories,accessories.water-bottle-waist-pack,running,Water bottle waist pack,Kiprun Hydration Flask-Carrying Running Belt,Kiprun Hydration -Carrying Belt Gourde isotherme de Running,3,Black,20.00,19.0,EUR,fr-FR,GB-R2-U1,1,hydration-flask-carrying-running-belt-333176,https://cdn.shopify.com/s/files/1/1330/6287/files/8645720-product_image-p1973470.jpg?v=1740789998,10
3583784081214,4303772,Kiprun,accessories,accessories.water-bottle-waist-pack,running,Water bottle waist pack,Kiprun Hydration Flask-Carrying Running Belt,Kiprun Hydration -Carrying Belt Gourde isotherme de Running,4,Black,20.00,19.0,EUR,fr-FR,GB-R2-U1,1,hydration-flask-carrying-running-belt-333176,https://cdn.shopify.com/s/files/1/1330/6287/files/8645720-product_image-p1973470.jpg?v=1740789998,10
3583784081221,4303773,Kiprun,accessories,accessories.water-bottle-waist-pack,running,Water bottle waist pack,Kiprun Hydration Flask-Carrying Running Belt,Kiprun Hydration -Carrying Belt Gourde isotherme de Running,5,Black,20.00,19.0,EUR,fr-FR,GB-R2-U1,2,hydration-flask-carrying-running-belt-333176,https://cdn.shopify.com/s/files/1/1330/6287/files/8645720-product_image-p1973470.jpg?v=1740789998,10
3583787413173,4001600,Forclaz,bag_pack,bag_pack.backpack,hike_camp,Backpack,Forclaz Men's Travel 900 50+6 L Backpacking Pack,Forclaz 900 50+6 Pack Trekking Voyage Homme,50 + 6 L,Carbon Gray,169.00,160.55,EUR,fr-FR,GF-R3-U1,7,forclaz-travel-trekking-backpack-900-506l-with-suitcase-opening-324146,https://cdn.shopify.com/s/files/1/1330/6287/files/8580006-product_image-p2606808.jpg?v=1712144981,16
3608390244140,4695251,Forclaz,outdoor,outdoor.pillow,hike_camp,Pillow,Forclaz MT500 Inflatable Pillow,Forclaz MT500 Inflatable Oreiller,One Size,Gray,24.99,23.74,EUR,fr-FR,GB-R3-U2,2,inflatable-backpacking-pillow-mt500-343604,https://cdn.shopify.com/s/files/1/1330/6287/files/8772596-product_image-p2581322.jpg?v=1714557956,3
3608392874444,5526050,Wedze,apparel,apparel.ski-suit,general,Ski suit,Wedze Kids' 500 Adjustable Waterproof Snowsuit,Wedze 500 Adjustable Snowsuit Imperméable Enfant,"12-8 Months / 2'3""-2'7""",Ash Blue,69.99,66.49,EUR,fr-FR,GF-R1-U2,2,wedze-toddlers-warm-and-adjustable-ski-suit-500-1-5-years-turquoise-353082-fw25,https://cdn.shopify.com/s/files/1/1330/6287/files/8942377-product_image-p2945542.jpg?v=1755561487,6
3608392874451,5526051,Wedze,apparel,apparel.ski-suit,general,Ski suit,Wedze Kids' 500 Adjustable Waterproof Snowsuit,Wedze 500 Adjustable Snowsuit Imperméable Enfant,"24 Months-3 Years / 2'7""-3'1""",Ash Blue,69.99,66.49,EUR,fr-FR,GF-R1-U2,4,wedze-toddlers-warm-and-adjustable-ski-suit-500-1-5-years-turquoise-353082-fw25,https://cdn.shopify.com/s/files/1/1330/6287/files/8942377-product_image-p2945542.jpg?v=1755561487,6
3608392874468,5526052,Wedze,apparel,apparel.ski-suit,general,Ski suit,Wedze Kids' 500 Adjustable Waterproof Snowsuit,Wedze 500 Adjustable Snowsuit Imperméable Enfant,"3-5years/3'4""-3'7""",Ash Blue,69.99,66.49,EUR,fr-FR,GF-R1-U2,8,wedze-toddlers-warm-and-adjustable-ski-suit-500-1-5-years-turquoise-353082-fw25,https://cdn.shopify.com/s/files/1/1330/6287/files/8942377-product_image-p2945542.jpg?v=1755561487,6
3608393421289,5395910,Decathlon,bag_pack,bag_pack.sport-bag,general,Sport bag,28L Sports Bag with Waterproof Pocket,28L Sports Bag with Pocket Imperméable,OS,Smoked Black,44.99,42.74,EUR,fr-FR,GF-R1-U2,8,28l-sports-bag-with-waterproof-pocket,https://cdn.shopify.com/s/files/1/1330/6287/files/default_7773082d-ea4e-43db-aa98-d17eb642bcff.jpg?v=1775495694,8
3608392095153,5378047,Kiprun,apparel,apparel.shorts,running,Shorts,Kiprun Women's Run 500 2-in-1 Compression Running Shorts,Kiprun Run 500 2-in-1 Compression Short de Running Femme,XS,Smoked Black,25.00,23.75,EUR,fr-FR,GB-R2-U1,1,kiprun-womens-2in1-run-500-shorts-340033,https://cdn.shopify.com/s/files/1/1330/6287/files/8914425-product_image-p2789693.jpg?v=1746484157,12
3608392095160,5378048,Kiprun,apparel,apparel.shorts,running,Shorts,Kiprun Women's Run 500 2-in-1 Compression Running Shorts,Kiprun Run 500 2-in-1 Compression Short de Running Femme,S,Smoked Black,25.00,23.75,EUR,fr-FR,GB-R2-U1,4,kiprun-womens-2in1-run-500-shorts-340033,https://cdn.shopify.com/s/files/1/1330/6287/files/8914425-product_image-p2789693.jpg?v=1746484157,12
3608392095177,5378049,Kiprun,apparel,apparel.shorts,running,Shorts,Kiprun Women's Run 500 2-in-1 Compression Running Shorts,Kiprun Run 500 2-in-1 Compression Short de Running Femme,M,Smoked Black,25.00,23.75,EUR,fr-FR,GB-R2-U1,6,kiprun-womens-2in1-run-500-shorts-340033,https://cdn.shopify.com/s/files/1/1330/6287/files/8914425-product_image-p2789693.jpg?v=1746484157,12
3608392095184,5378050,Kiprun,apparel,apparel.shorts,running,Shorts,Kiprun Women's Run 500 2-in-1 Compression Running Shorts,Kiprun Run 500 2-in-1 Compression Short de Running Femme,L,Smoked Black,25.00,23.75,EUR,fr-FR,GB-R2-U1,6,kiprun-womens-2in1-run-500-shorts-340033,https://cdn.shopify.com/s/files/1/1330/6287/files/8914425-product_image-p2789693.jpg?v=1746484157,12
3608392095191,5378051,Kiprun,apparel,apparel.shorts,running,Shorts,Kiprun Women's Run 500 2-in-1 Compression Running Shorts,Kiprun Run 500 2-in-1 Compression Short de Running Femme,XL,Smoked Black,25.00,23.75,EUR,fr-FR,GB-R2-U1,4,kiprun-womens-2in1-run-500-shorts-340033,https://cdn.shopify.com/s/files/1/1330/6287/files/8914425-product_image-p2789693.jpg?v=1746484157,12
3583787146774,4531552,Forclaz,accessories,accessories.gloves,hike_camp,Gloves,Simond MT900 Windproof Convertable Backpacking Mittens,Simond MT900 Windproof Convertable Moufles Trekking,M,Smoked Black,30.00,28.5,EUR,fr-FR,GB-R3-U1,1,forclaz-adult-warm-and-windproof-mountain-backpacking-mittens-mt900-black-339297-fw25,https://cdn.shopify.com/s/files/1/1330/6287/files/8738803-product_image-p2905035.jpg?v=1755549494,8
3583787146798,4531551,Forclaz,accessories,accessories.gloves,hike_camp,Gloves,Simond MT900 Windproof Convertable Backpacking Mittens,Simond MT900 Windproof Convertable Moufles Trekking,XL,Smoked Black,30.00,28.5,EUR,fr-FR,GB-R3-U1,2,forclaz-adult-warm-and-windproof-mountain-backpacking-mittens-mt900-black-339297-fw25,https://cdn.shopify.com/s/files/1/1330/6287/files/8738803-product_image-p2905035.jpg?v=1755549494,8
3583787146842,4531548,Forclaz,accessories,accessories.gloves,hike_camp,Gloves,Simond MT900 Windproof Convertable Backpacking Mittens,Simond MT900 Windproof Convertable Moufles Trekking,L,Smoked Black,30.00,28.5,EUR,fr-FR,GB-R3-U1,2,forclaz-adult-warm-and-windproof-mountain-backpacking-mittens-mt900-black-339297-fw25,https://cdn.shopify.com/s/files/1/1330/6287/files/8738803-product_image-p2905035.jpg?v=1755549494,8
3583787146859,4531547,Forclaz,accessories,accessories.gloves,hike_camp,Gloves,Simond MT900 Windproof Convertable Backpacking Mittens,Simond MT900 Windproof Convertable Moufles Trekking,S,Smoked Black,30.00,28.5,EUR,fr-FR,GB-R3-U1,1,forclaz-adult-warm-and-windproof-mountain-backpacking-mittens-mt900-black-339297-fw25,https://cdn.shopify.com/s/files/1/1330/6287/files/8738803-product_image-p2905035.jpg?v=1755549494,8
3583787146866,4531550,Forclaz,accessories,accessories.gloves,hike_camp,Gloves,Simond MT900 Windproof Convertable Backpacking Mittens,Simond MT900 Windproof Convertable Moufles Trekking,3XL,Smoked Black,30.00,28.5,EUR,fr-FR,GB-R3-U1,2,forclaz-adult-warm-and-windproof-mountain-backpacking-mittens-mt900-black-339297-fw25,https://cdn.shopify.com/s/files/1/1330/6287/files/8738803-product_image-p2905035.jpg?v=1755549494,8
3583787146880,4531549,Forclaz,accessories,accessories.gloves,hike_camp,Gloves,Simond MT900 Windproof Convertable Backpacking Mittens,Simond MT900 Windproof Convertable Moufles Trekking,2XL,Smoked Black,30.00,28.5,EUR,fr-FR,GB-R3-U1,1,forclaz-adult-warm-and-windproof-mountain-backpacking-mittens-mt900-black-339297-fw25,https://cdn.shopify.com/s/files/1/1330/6287/files/8738803-product_image-p2905035.jpg?v=1755549494,8
3608439287374,4336817,Quechua,accessories,accessories.socks,hike_camp,Socks,Quechua Socks Hike 100 Low 2-Pack - black,Quechua Hike 100 Low 2-Pack black Chaussettes,3.5 - M6,Black,7.00,6.65,EUR,fr-FR,GB-R3-U2,2,socks-hike-100-low-2-pack-black-334387,https://cdn.shopify.com/s/files/1/1330/6287/files/8649546-product_image-p2578986.jpg?v=1755805919,5
3608439287442,4336819,Quechua,accessories,accessories.socks,hike_camp,Socks,Quechua Socks Hike 100 Low 2-Pack - black,Quechua Hike 100 Low 2-Pack black Chaussettes,9.5 - M12,Black,7.00,6.65,EUR,fr-FR,GB-R3-U2,3,socks-hike-100-low-2-pack-black-334387,https://cdn.shopify.com/s/files/1/1330/6287/files/8649546-product_image-p2578986.jpg?v=1755805919,5
3608439287459,4336818,Quechua,accessories,accessories.socks,hike_camp,Socks,Quechua Socks Hike 100 Low 2-Pack - black,Quechua Hike 100 Low 2-Pack black Chaussettes,6.5 - M9,Black,7.00,6.65,EUR,fr-FR,GB-R3-U2,2,socks-hike-100-low-2-pack-black-334387,https://cdn.shopify.com/s/files/1/1330/6287/files/8649546-product_image-p2578986.jpg?v=1755805919,5
3608390486243,5013777,Quechua,bag_pack,bag_pack.backpack,hike_camp,Backpack,Quechua Children's Hiking 28 L Backpack MH500,Quechua Children's 28 MH500 Sac à dos de Randonnée,One Size,Petrol Blue,69.99,66.49,EUR,fr-FR,GF-R3-U2,4,quechua-mh500-hiking-30-l-backpack-kids-122869a,https://cdn.shopify.com/s/files/1/1330/6287/files/8842457-product_image-p2592373_6b8a0efb-bb60-40af-8b9b-9732351815d5.jpg?v=1758665266,27
3583787530580,4300031,Forclaz,apparel,apparel.3-in-1-jacket,hike_camp,3 in 1 jacket,Quechua Women's NH100 3-in-1 Waterproof Jacket,Quechua NH100 3-in-1 Veste Imperméable Femme,XS,Deep Chocolate Truffle,109.00,103.55,EUR,fr-FR,GF-R3-U2,2,forclaz-travel-trekking-waterproof-3-in-1-jacket-travel-100-0-degrees-celcius-white-324287-fw25,https://cdn.shopify.com/s/files/1/1330/6287/files/8645364-product_image-p2607081.jpg?v=1755289831,9
3583787530719,4300030,Forclaz,apparel,apparel.3-in-1-jacket,hike_camp,3 in 1 jacket,Quechua Women's NH100 3-in-1 Waterproof Jacket,Quechua NH100 3-in-1 Veste Imperméable Femme,XL,Deep Chocolate Truffle,109.00,103.55,EUR,fr-FR,GF-R3-U2,5,forclaz-travel-trekking-waterproof-3-in-1-jacket-travel-100-0-degrees-celcius-white-324287-fw25,https://cdn.shopify.com/s/files/1/1330/6287/files/8645364-product_image-p2607081.jpg?v=1755289831,9
3583787530733,4300029,Forclaz,apparel,apparel.3-in-1-jacket,hike_camp,3 in 1 jacket,Quechua Women's NH100 3-in-1 Waterproof Jacket,Quechua NH100 3-in-1 Veste Imperméable Femme,S,Deep Chocolate Truffle,109.00,103.55,EUR,fr-FR,GF-R3-U2,5,forclaz-travel-trekking-waterproof-3-in-1-jacket-travel-100-0-degrees-celcius-white-324287-fw25,https://cdn.shopify.com/s/files/1/1330/6287/files/8645364-product_image-p2607081.jpg?v=1755289831,9
3583787530757,4300028,Forclaz,apparel,apparel.3-in-1-jacket,hike_camp,3 in 1 jacket,Quechua Women's NH100 3-in-1 Waterproof Jacket,Quechua NH100 3-in-1 Veste Imperméable Femme,M,Deep Chocolate Truffle,109.00,103.55,EUR,fr-FR,GF-R3-U2,8,forclaz-travel-trekking-waterproof-3-in-1-jacket-travel-100-0-degrees-celcius-white-324287-fw25,https://cdn.shopify.com/s/files/1/1330/6287/files/8645364-product_image-p2607081.jpg?v=1755289831,9
3583787530771,4300027,Forclaz,apparel,apparel.3-in-1-jacket,hike_camp,3 in 1 jacket,Quechua Women's NH100 3-in-1 Waterproof Jacket,Quechua NH100 3-in-1 Veste Imperméable Femme,L,Deep Chocolate Truffle,109.00,103.55,EUR,fr-FR,GF-R3-U2,8,forclaz-travel-trekking-waterproof-3-in-1-jacket-travel-100-0-degrees-celcius-white-324287-fw25,https://cdn.shopify.com/s/files/1/1330/6287/files/8645364-product_image-p2607081.jpg?v=1755289831,9
3583787530801,4300023,Forclaz,apparel,apparel.3-in-1-jacket,hike_camp,3 in 1 jacket,Quechua Women's NH100 3-in-1 Waterproof Jacket,Quechua NH100 3-in-1 Veste Imperméable Femme,2XL,Deep Chocolate Truffle,109.00,103.55,EUR,fr-FR,GF-R3-U2,3,forclaz-travel-trekking-waterproof-3-in-1-jacket-travel-100-0-degrees-celcius-white-324287-fw25,https://cdn.shopify.com/s/files/1/1330/6287/files/8645364-product_image-p2607081.jpg?v=1755289831,9
3608439388996,2839745,Forclaz,apparel,apparel.3-in-1-jacket,hike_camp,3 in 1 jacket,Forclaz Men's Travel 500 3-in-1 Waterproof Jacket,Forclaz 500 3-in-1 Veste Imperméable Voyage Homme,2XL,Carbon Gray,199.00,189.05,EUR,fr-FR,GB-R3-U1,1,mens-3-in-1-waterproof-travel-trekking-jacket-travel-500-10-degrees-celcius-black-147553,https://cdn.shopify.com/s/files/1/1330/6287/files/8540394-product_image-p2070139.jpg?v=1718730177,27
3608439389009,2839754,Forclaz,apparel,apparel.3-in-1-jacket,hike_camp,3 in 1 jacket,Forclaz Men's Travel 500 3-in-1 Waterproof Jacket,Forclaz 500 3-in-1 Veste Imperméable Voyage Homme,XL,Carbon Gray,199.00,189.05,EUR,fr-FR,GB-R3-U1,2,mens-3-in-1-waterproof-travel-trekking-jacket-travel-500-10-degrees-celcius-black-147553,https://cdn.shopify.com/s/files/1/1330/6287/files/8540394-product_image-p2070139.jpg?v=1718730177,27
3608439389016,2839753,Forclaz,apparel,apparel.3-in-1-jacket,hike_camp,3 in 1 jacket,Forclaz Men's Travel 500 3-in-1 Waterproof Jacket,Forclaz 500 3-in-1 Veste Imperméable Voyage Homme,S,Carbon Gray,199.00,189.05,EUR,fr-FR,GB-R3-U1,2,mens-3-in-1-waterproof-travel-trekking-jacket-travel-500-10-degrees-celcius-black-147553,https://cdn.shopify.com/s/files/1/1330/6287/files/8540394-product_image-p2070139.jpg?v=1718730177,27
3608439389023,2839752,Forclaz,apparel,apparel.3-in-1-jacket,hike_camp,3 in 1 jacket,Forclaz Men's Travel 500 3-in-1 Waterproof Jacket,Forclaz 500 3-in-1 Veste Imperméable Voyage Homme,M,Carbon Gray,199.00,189.05,EUR,fr-FR,GB-R3-U1,3,mens-3-in-1-waterproof-travel-trekking-jacket-travel-500-10-degrees-celcius-black-147553,https://cdn.shopify.com/s/files/1/1330/6287/files/8540394-product_image-p2070139.jpg?v=1718730177,27
3608439389030,2839751,Forclaz,apparel,apparel.3-in-1-jacket,hike_camp,3 in 1 jacket,Forclaz Men's Travel 500 3-in-1 Waterproof Jacket,Forclaz 500 3-in-1 Veste Imperméable Voyage Homme,L,Carbon Gray,199.00,189.05,EUR,fr-FR,GB-R3-U1,3,mens-3-in-1-waterproof-travel-trekking-jacket-travel-500-10-degrees-celcius-black-147553,https://cdn.shopify.com/s/files/1/1330/6287/files/8540394-product_image-p2070139.jpg?v=1718730177,27
3608439389047,2839747,Forclaz,apparel,apparel.3-in-1-jacket,hike_camp,3 in 1 jacket,Forclaz Men's Travel 500 3-in-1 Waterproof Jacket,Forclaz 500 3-in-1 Veste Imperméable Voyage Homme,3XL,Carbon Gray,199.00,189.05,EUR,fr-FR,GB-R3-U1,0,mens-3-in-1-waterproof-travel-trekking-jacket-travel-500-10-degrees-celcius-black-147553,https://cdn.shopify.com/s/files/1/1330/6287/files/8540394-product_image-p2070139.jpg?v=1718730177,27
3608439437632,2560931,Forclaz,apparel,apparel.3-in-1-jacket,hike_camp,3 in 1 jacket,Forclaz Men's Travel 500 3-in-1 Waterproof Jacket,Forclaz 500 3-in-1 Veste Imperméable Voyage Homme,S,Cinnamon,199.00,189.05,EUR,fr-FR,GB-R3-U1,1,mens-3-in-1-waterproof-travel-trekking-jacket-travel-500-10-degrees-celcius-black-147553,https://cdn.shopify.com/s/files/1/1330/6287/files/8540394-product_image-p2070139.jpg?v=1718730177,27
3608439437656,2560933,Forclaz,apparel,apparel.3-in-1-jacket,hike_camp,3 in 1 jacket,Forclaz Men's Travel 500 3-in-1 Waterproof Jacket,Forclaz 500 3-in-1 Veste Imperméable Voyage Homme,M,Cinnamon,199.00,189.05,EUR,fr-FR,GB-R3-U1,2,mens-3-in-1-waterproof-travel-trekking-jacket-travel-500-10-degrees-celcius-black-147553,https://cdn.shopify.com/s/files/1/1330/6287/files/8540394-product_image-p2070139.jpg?v=1718730177,27
3608439437670,2560934,Forclaz,apparel,apparel.3-in-1-jacket,hike_camp,3 in 1 jacket,Forclaz Men's Travel 500 3-in-1 Waterproof Jacket,Forclaz 500 3-in-1 Veste Imperméable Voyage Homme,L,Cinnamon,199.00,189.05,EUR,fr-FR,GB-R3-U1,2,mens-3-in-1-waterproof-travel-trekking-jacket-travel-500-10-degrees-celcius-black-147553,https://cdn.shopify.com/s/files/1/1330/6287/files/8540394-product_image-p2070139.jpg?v=1718730177,27
3608439437694,2560935,Forclaz,apparel,apparel.3-in-1-jacket,hike_camp,3 in 1 jacket,Forclaz Men's Travel 500 3-in-1 Waterproof Jacket,Forclaz 500 3-in-1 Veste Imperméable Voyage Homme,XL,Cinnamon,199.00,189.05,EUR,fr-FR,GB-R3-U1,2,mens-3-in-1-waterproof-travel-trekking-jacket-travel-500-10-degrees-celcius-black-147553,https://cdn.shopify.com/s/files/1/1330/6287/files/8540394-product_image-p2070139.jpg?v=1718730177,27
3608439437731,2560937,Forclaz,apparel,apparel.3-in-1-jacket,hike_camp,3 in 1 jacket,Forclaz Men's Travel 500 3-in-1 Waterproof Jacket,Forclaz 500 3-in-1 Veste Imperméable Voyage Homme,3XL,Cinnamon,199.00,189.05,EUR,fr-FR,GB-R3-U1,1,mens-3-in-1-waterproof-travel-trekking-jacket-travel-500-10-degrees-celcius-black-147553,https://cdn.shopify.com/s/files/1/1330/6287/files/8540394-product_image-p2070139.jpg?v=1718730177,27
3608439437748,2560936,Forclaz,apparel,apparel.3-in-1-jacket,hike_camp,3 in 1 jacket,Forclaz Men's Travel 500 3-in-1 Waterproof Jacket,Forclaz 500 3-in-1 Veste Imperméable Voyage Homme,2XL,Cinnamon,199.00,189.05,EUR,fr-FR,GB-R3-U1,1,mens-3-in-1-waterproof-travel-trekking-jacket-travel-500-10-degrees-celcius-black-147553,https://cdn.shopify.com/s/files/1/1330/6287/files/8540394-product_image-p2070139.jpg?v=1718730177,27
3608449847056,2456175,Wedze,apparel,apparel.base-layer,general,Base layer,Wedze Women's BL100 Thermal Base Layer Top,Wedze BL100 Top Sous-vêtement technique Thermique Femme,XL,Black,12.99,12.34,EUR,fr-FR,GB-R1-U1,6,100-base-layer-ski-top-womens-302806,https://cdn.shopify.com/s/files/1/1330/6287/products/8510031-product_image-1691845.jpg?v=1693308330,11
3608449847070,2456176,Wedze,apparel,apparel.base-layer,general,Base layer,Wedze Women's BL100 Thermal Base Layer Top,Wedze BL100 Top Sous-vêtement technique Thermique Femme,XS,Black,12.99,12.34,EUR,fr-FR,GB-R1-U1,2,100-base-layer-ski-top-womens-302806,https://cdn.shopify.com/s/files/1/1330/6287/products/8510031-product_image-1691845.jpg?v=1693308330,11
3608449847100,2456170,Wedze,apparel,apparel.base-layer,general,Base layer,Wedze Women's BL100 Thermal Base Layer Top,Wedze BL100 Top Sous-vêtement technique Thermique Femme,2XL,Black,12.99,12.34,EUR,fr-FR,GB-R1-U1,3,100-base-layer-ski-top-womens-302806,https://cdn.shopify.com/s/files/1/1330/6287/products/8510031-product_image-1691845.jpg?v=1693308330,11
3608449847117,2456173,Wedze,apparel,apparel.base-layer,general,Base layer,Wedze Women's BL100 Thermal Base Layer Top,Wedze BL100 Top Sous-vêtement technique Thermique Femme,M,Black,12.99,12.34,EUR,fr-FR,GB-R1-U1,9,100-base-layer-ski-top-womens-302806,https://cdn.shopify.com/s/files/1/1330/6287/products/8510031-product_image-1691845.jpg?v=1693308330,11
3608449847124,2456174,Wedze,apparel,apparel.base-layer,general,Base layer,Wedze Women's BL100 Thermal Base Layer Top,Wedze BL100 Top Sous-vêtement technique Thermique Femme,S,Black,12.99,12.34,EUR,fr-FR,GB-R1-U1,5,100-base-layer-ski-top-womens-302806,https://cdn.shopify.com/s/files/1/1330/6287/products/8510031-product_image-1691845.jpg?v=1693308330,11
3608449847131,2456172,Wedze,apparel,apparel.base-layer,general,Base layer,Wedze Women's BL100 Thermal Base Layer Top,Wedze BL100 Top Sous-vêtement technique Thermique Femme,L,Black,12.99,12.34,EUR,fr-FR,GB-R1-U1,8,100-base-layer-ski-top-womens-302806,https://cdn.shopify.com/s/files/1/1330/6287/products/8510031-product_image-1691845.jpg?v=1693308330,11
3583784246552,4333260,Quechua,apparel,apparel.fleece,hike_camp,Fleece,Quechua Women's Hiking Fleece Jacket - MH520 Hood,Quechua MH520 Hood Veste polaire de Randonnée Femme,2XL,Black,45.00,42.75,EUR,fr-FR,GB-R3-U2,3,quechua-hiking-hooded-fleece-jacket-mh520-331161,https://cdn.shopify.com/s/files/1/1330/6287/files/8649067-product_image-p2607226.jpg?v=1712058948,30
3583784246569,4333264,Quechua,apparel,apparel.fleece,hike_camp,Fleece,Quechua Women's Hiking Fleece Jacket - MH520 Hood,Quechua MH520 Hood Veste polaire de Randonnée Femme,L,Black,45.00,42.75,EUR,fr-FR,GB-R3-U2,7,quechua-hiking-hooded-fleece-jacket-mh520-331161,https://cdn.shopify.com/s/files/1/1330/6287/files/8649067-product_image-p2607226.jpg?v=1712058948,30
3583784246576,4333265,Quechua,apparel,apparel.fleece,hike_camp,Fleece,Quechua Women's Hiking Fleece Jacket - MH520 Hood,Quechua MH520 Hood Veste polaire de Randonnée Femme,M,Black,45.00,42.75,EUR,fr-FR,GB-R3-U2,7,quechua-hiking-hooded-fleece-jacket-mh520-331161,https://cdn.shopify.com/s/files/1/1330/6287/files/8649067-product_image-p2607226.jpg?v=1712058948,30
3583784246583,4333266,Quechua,apparel,apparel.fleece,hike_camp,Fleece,Quechua Women's Hiking Fleece Jacket - MH520 Hood,Quechua MH520 Hood Veste polaire de Randonnée Femme,S,Black,59.99,56.99,EUR,fr-FR,GB-R3-U2,5,quechua-hiking-hooded-fleece-jacket-mh520-331161,https://cdn.shopify.com/s/files/1/1330/6287/files/8649067-product_image-p2607226.jpg?v=1712058948,30
3583784246590,4333267,Quechua,apparel,apparel.fleece,hike_camp,Fleece,Quechua Women's Hiking Fleece Jacket - MH520 Hood,Quechua MH520 Hood Veste polaire de Randonnée Femme,XL,Black,45.00,42.75,EUR,fr-FR,GB-R3-U2,5,quechua-hiking-hooded-fleece-jacket-mh520-331161,https://cdn.shopify.com/s/files/1/1330/6287/files/8649067-product_image-p2607226.jpg?v=1712058948,30
3608439509896,2191613,Quechua,apparel,apparel.jacket,hike_camp,Jacket,Quechua Women's Raincut Full Zip Windproof and Water-repellent Rain Jacket,Quechua Raincut Full Zip Windproof and Veste de pluie Déperlant Femme,XS,White,29.99,28.49,EUR,fr-FR,GF-R3-U1,2,quechua-womens-raincut-full-zip-windproof-and-water-repellent-rain-jacket-134585,https://cdn.shopify.com/s/files/1/1330/6287/files/8383702-product_image-p2643938.jpg?v=1704715995,7
3608439509919,2191616,Quechua,apparel,apparel.jacket,hike_camp,Jacket,Quechua Women's Raincut Full Zip Windproof and Water-repellent Rain Jacket,Quechua Raincut Full Zip Windproof and Veste de pluie Déperlant Femme,L,White,29.99,28.49,EUR,fr-FR,GF-R3-U1,5,quechua-womens-raincut-full-zip-windproof-and-water-repellent-rain-jacket-134585,https://cdn.shopify.com/s/files/1/1330/6287/files/8383702-product_image-p2643938.jpg?v=1704715995,7
3608439509926,2191617,Quechua,apparel,apparel.jacket,hike_camp,Jacket,Quechua Women's Raincut Full Zip Windproof and Water-repellent Rain Jacket,Quechua Raincut Full Zip Windproof and Veste de pluie Déperlant Femme,XL,White,29.99,28.49,EUR,fr-FR,GF-R3-U1,4,quechua-womens-raincut-full-zip-windproof-and-water-repellent-rain-jacket-134585,https://cdn.shopify.com/s/files/1/1330/6287/files/8383702-product_image-p2643938.jpg?v=1704715995,7
3608439509933,2191614,Quechua,apparel,apparel.jacket,hike_camp,Jacket,Quechua Women's Raincut Full Zip Windproof and Water-repellent Rain Jacket,Quechua Raincut Full Zip Windproof and Veste de pluie Déperlant Femme,S,White,29.99,28.49,EUR,fr-FR,GF-R3-U1,3,quechua-womens-raincut-full-zip-windproof-and-water-repellent-rain-jacket-134585,https://cdn.shopify.com/s/files/1/1330/6287/files/8383702-product_image-p2643938.jpg?v=1704715995,7
3608439509940,2191615,Quechua,apparel,apparel.jacket,hike_camp,Jacket,Quechua Women's Raincut Full Zip Windproof and Water-repellent Rain Jacket,Quechua Raincut Full Zip Windproof and Veste de pluie Déperlant Femme,M,White,29.99,28.49,EUR,fr-FR,GF-R3-U1,5,quechua-womens-raincut-full-zip-windproof-and-water-repellent-rain-jacket-134585,https://cdn.shopify.com/s/files/1/1330/6287/files/8383702-product_image-p2643938.jpg?v=1704715995,7
3583787640494,4273312,Simond,bag_pack,bag_pack.backpack,general,Backpack,Simond Sprint 33L Lightweight Mountaineering Backpack,Simond Sprint 33L Mountaineering Sac à dos Léger,One Size,Pacific Blue,90.00,85.5,EUR,fr-FR,PE-03,9,simond-sprint-33l-lightweight-mountaineering-backpack-329257,https://cdn.shopify.com/s/files/1/1330/6287/files/SIMOND_SAC_A_DOS_SPRINT_33_GRIS_PE25_-_8642077_-_001_---_Expires_on_22-05-2035.jpg?v=1758302115,13
3608439345005,2713551,Quechua,footwear,footwear.shoes,hike_camp,Shoes,Quechua Men's SH100 X-Warm Waterproof Hiking Boots,Quechua SH100 X- Bottes Imperméable de Randonnée Chaud Homme,9.5,Dark Cinnamon,55.00,52.25,EUR,fr-FR,PW-01,4,quechua-mens-sh100-x-warm-waterproof-hiking-boots-307054,https://cdn.shopify.com/s/files/1/1330/6287/files/8544960-product_image-p2579042.jpg?v=1712057514,7
3608439345012,2713552,Quechua,footwear,footwear.shoes,hike_camp,Shoes,Quechua Men's SH100 X-Warm Waterproof Hiking Boots,Quechua SH100 X- Bottes Imperméable de Randonnée Chaud Homme,10.5,Dark Cinnamon,55.00,52.25,EUR,fr-FR,PW-01,3,quechua-mens-sh100-x-warm-waterproof-hiking-boots-307054,https://cdn.shopify.com/s/files/1/1330/6287/files/8544960-product_image-p2579042.jpg?v=1712057514,7
3608439345029,2713548,Quechua,footwear,footwear.shoes,hike_camp,Shoes,Quechua Men's SH100 X-Warm Waterproof Hiking Boots,Quechua SH100 X- Bottes Imperméable de Randonnée Chaud Homme,8,Dark Cinnamon,55.00,52.25,EUR,fr-FR,PW-01,3,quechua-mens-sh100-x-warm-waterproof-hiking-boots-307054,https://cdn.shopify.com/s/files/1/1330/6287/files/8544960-product_image-p2579042.jpg?v=1712057514,7
3608439345036,2713549,Quechua,footwear,footwear.shoes,hike_camp,Shoes,Quechua Men's SH100 X-Warm Waterproof Hiking Boots,Quechua SH100 X- Bottes Imperméable de Randonnée Chaud Homme,9,Dark Cinnamon,55.00,52.25,EUR,fr-FR,PW-01,4,quechua-mens-sh100-x-warm-waterproof-hiking-boots-307054,https://cdn.shopify.com/s/files/1/1330/6287/files/8544960-product_image-p2579042.jpg?v=1712057514,7
3608439345043,2713546,Quechua,footwear,footwear.shoes,hike_camp,Shoes,Quechua Men's SH100 X-Warm Waterproof Hiking Boots,Quechua SH100 X- Bottes Imperméable de Randonnée Chaud Homme,6.5,Dark Cinnamon,55.00,52.25,EUR,fr-FR,PW-01,1,quechua-mens-sh100-x-warm-waterproof-hiking-boots-307054,https://cdn.shopify.com/s/files/1/1330/6287/files/8544960-product_image-p2579042.jpg?v=1712057514,7
3608439345067,2713547,Quechua,footwear,footwear.shoes,hike_camp,Shoes,Quechua Men's SH100 X-Warm Waterproof Hiking Boots,Quechua SH100 X- Bottes Imperméable de Randonnée Chaud Homme,7.5,Dark Cinnamon,55.00,52.25,EUR,fr-FR,PW-01,2,quechua-mens-sh100-x-warm-waterproof-hiking-boots-307054,https://cdn.shopify.com/s/files/1/1330/6287/files/8544960-product_image-p2579042.jpg?v=1712057514,7
3608439345104,2713555,Quechua,footwear,footwear.shoes,hike_camp,Shoes,Quechua Men's SH100 X-Warm Waterproof Hiking Boots,Quechua SH100 X- Bottes Imperméable de Randonnée Chaud Homme,13,Dark Cinnamon,55.00,52.25,EUR,fr-FR,PW-01,0,quechua-mens-sh100-x-warm-waterproof-hiking-boots-307054,https://cdn.shopify.com/s/files/1/1330/6287/files/8544960-product_image-p2579042.jpg?v=1712057514,7
3608439345128,2713553,Quechua,footwear,footwear.shoes,hike_camp,Shoes,Quechua Men's SH100 X-Warm Waterproof Hiking Boots,Quechua SH100 X- Bottes Imperméable de Randonnée Chaud Homme,11.5,Dark Cinnamon,55.00,52.25,EUR,fr-FR,PW-01,2,quechua-mens-sh100-x-warm-waterproof-hiking-boots-307054,https://cdn.shopify.com/s/files/1/1330/6287/files/8544960-product_image-p2579042.jpg?v=1712057514,7
3608439345135,2713554,Quechua,footwear,footwear.shoes,hike_camp,Shoes,Quechua Men's SH100 X-Warm Waterproof Hiking Boots,Quechua SH100 X- Bottes Imperméable de Randonnée Chaud Homme,12,Dark Cinnamon,55.00,52.25,EUR,fr-FR,PW-01,1,quechua-mens-sh100-x-warm-waterproof-hiking-boots-307054,https://cdn.shopify.com/s/files/1/1330/6287/files/8544960-product_image-p2579042.jpg?v=1712057514,7
3583783962644,4018101,Quechua,footwear,footwear.shoes,hike_camp,Shoes,Quechua Women's SH100 MID Warm and Waterproof Hiking Boots,Quechua SH100 and Bottes Imperméable de Randonnée Chaud Mi-saison Femme,11,Black,35.00,33.25,EUR,fr-FR,PE-01,1,womens-snow-hiking-warm-boots-sh100,https://cdn.shopify.com/s/files/1/1330/6287/files/8367538-product_image-p1647641.jpg?v=1703074288,12
3608439553189,2094206,Quechua,footwear,footwear.shoes,hike_camp,Shoes,Quechua Women's SH100 MID Warm and Waterproof Hiking Boots,Quechua SH100 and Bottes Imperméable de Randonnée Chaud Mi-saison Femme,5.5,Black,35.00,33.25,EUR,fr-FR,PE-01,2,womens-snow-hiking-warm-boots-sh100,https://cdn.shopify.com/s/files/1/1330/6287/files/8367538-product_image-p1647641.jpg?v=1703074288,12
3608439553196,2094207,Quechua,footwear,footwear.shoes,hike_camp,Shoes,Quechua Women's SH100 MID Warm and Waterproof Hiking Boots,Quechua SH100 and Bottes Imperméable de Randonnée Chaud Mi-saison Femme,6.5,Black,35.00,33.25,EUR,fr-FR,PE-01,3,womens-snow-hiking-warm-boots-sh100,https://cdn.shopify.com/s/files/1/1330/6287/files/8367538-product_image-p1647641.jpg?v=1703074288,12
3608439553202,2094208,Quechua,footwear,footwear.shoes,hike_camp,Shoes,Quechua Women's SH100 MID Warm and Waterproof Hiking Boots,Quechua SH100 and Bottes Imperméable de Randonnée Chaud Mi-saison Femme,7.5,Black,35.00,33.25,EUR,fr-FR,PE-01,5,womens-snow-hiking-warm-boots-sh100,https://cdn.shopify.com/s/files/1/1330/6287/files/8367538-product_image-p1647641.jpg?v=1703074288,12
3608439553219,2094209,Quechua,footwear,footwear.shoes,hike_camp,Shoes,Quechua Women's SH100 MID Warm and Waterproof Hiking Boots,Quechua SH100 and Bottes Imperméable de Randonnée Chaud Mi-saison Femme,8,Black,35.00,33.25,EUR,fr-FR,PE-01,5,womens-snow-hiking-warm-boots-sh100,https://cdn.shopify.com/s/files/1/1330/6287/files/8367538-product_image-p1647641.jpg?v=1703074288,12
3608439553226,2094210,Quechua,footwear,footwear.shoes,hike_camp,Shoes,Quechua Women's SH100 MID Warm and Waterproof Hiking Boots,Quechua SH100 and Bottes Imperméable de Randonnée Chaud Mi-saison Femme,9,Black,35.00,33.25,EUR,fr-FR,PE-01,4,womens-snow-hiking-warm-boots-sh100,https://cdn.shopify.com/s/files/1/1330/6287/files/8367538-product_image-p1647641.jpg?v=1703074288,12
3608439553233,2094211,Quechua,footwear,footwear.shoes,hike_camp,Shoes,Quechua Women's SH100 MID Warm and Waterproof Hiking Boots,Quechua SH100 and Bottes Imperméable de Randonnée Chaud Mi-saison Femme,9.5,Black,35.00,33.25,EUR,fr-FR,PE-01,3,womens-snow-hiking-warm-boots-sh100,https://cdn.shopify.com/s/files/1/1330/6287/files/8367538-product_image-p1647641.jpg?v=1703074288,12
3608439553240,2094212,Quechua,footwear,footwear.shoes,hike_camp,Shoes,Quechua Women's SH100 MID Warm and Waterproof Hiking Boots,Quechua SH100 and Bottes Imperméable de Randonnée Chaud Mi-saison Femme,10.5,Black,35.00,33.25,EUR,fr-FR,PE-01,2,womens-snow-hiking-warm-boots-sh100,https://cdn.shopify.com/s/files/1/1330/6287/files/8367538-product_image-p1647641.jpg?v=1703074288,12
3583787788400,2899478,Forclaz,bag_pack,bag_pack.bag-protector,hike_camp,Bag protector,Forclaz 70 100 L Basic Hiking Backpack Rain Cover,Forclaz 70 100 Basic Rain Cover Sac à dos de Randonnée,One Size,Burnt Orange,29.99,28.49,EUR,fr-FR,PE-01,6,backpacking-basic-rain-cover-for-backpack-70-100-l-309828,https://cdn.shopify.com/s/files/1/1330/6287/files/8559841-product_image-p2572852.jpg?v=1712057811,4
3583787612590,4228776,Van Rysel,accessories,accessories.socks,general,Socks,Van Rysel 900 Mid-Cut Cycling Socks,Van Rysel 900 -Cut Chaussettes de Vélo Mi-saison,W11-14 / M9.5-12,Snowy White,19.99,18.99,EUR,fr-FR,PI-01,2,van-rysel-900-summer-road-cycling-socks-330704,https://cdn.shopify.com/s/files/1/1330/6287/files/8615607-product_image-p1950997.jpg?v=1744915241,10
3583787612606,4228775,Van Rysel,accessories,accessories.socks,general,Socks,Van Rysel 900 Mid-Cut Cycling Socks,Van Rysel 900 -Cut Chaussettes de Vélo Mi-saison,W8-10.5 / M6.5-9,Snowy White,19.99,18.99,EUR,fr-FR,PI-01,2,van-rysel-900-summer-road-cycling-socks-330704,https://cdn.shopify.com/s/files/1/1330/6287/files/8615607-product_image-p1950997.jpg?v=1744915241,10
3583787612613,4228774,Van Rysel,accessories,accessories.socks,general,Socks,Van Rysel 900 Mid-Cut Cycling Socks,Van Rysel 900 -Cut Chaussettes de Vélo Mi-saison,W5-7.5 / M3.5-6,Snowy White,19.99,18.99,EUR,fr-FR,PI-01,1,van-rysel-900-summer-road-cycling-socks-330704,https://cdn.shopify.com/s/files/1/1330/6287/files/8615607-product_image-p1950997.jpg?v=1744915241,10
3583787612699,4228785,Van Rysel,accessories,accessories.socks,general,Socks,Van Rysel 900 Mid-Cut Cycling Socks,Van Rysel 900 -Cut Chaussettes de Vélo Mi-saison,W11-14 / M9.5-12,Smoked Black,10.00,9.5,EUR,fr-FR,PI-01,2,van-rysel-900-summer-road-cycling-socks-330704,https://cdn.shopify.com/s/files/1/1330/6287/files/8615607-product_image-p1950997.jpg?v=1744915241,10
3583787612712,4228784,Van Rysel,accessories,accessories.socks,general,Socks,Van Rysel 900 Mid-Cut Cycling Socks,Van Rysel 900 -Cut Chaussettes de Vélo Mi-saison,W8-10.5 / M6.5-9,Smoked Black,10.00,9.5,EUR,fr-FR,PI-01,2,van-rysel-900-summer-road-cycling-socks-330704,https://cdn.shopify.com/s/files/1/1330/6287/files/8615607-product_image-p1950997.jpg?v=1744915241,10
3583787612736,4228783,Van Rysel,accessories,accessories.socks,general,Socks,Van Rysel 900 Mid-Cut Cycling Socks,Van Rysel 900 -Cut Chaussettes de Vélo Mi-saison,W5-7.5 / M3.5-6,Smoked Black,10.00,9.5,EUR,fr-FR,PI-01,2,van-rysel-900-summer-road-cycling-socks-330704,https://cdn.shopify.com/s/files/1/1330/6287/files/8615607-product_image-p1950997.jpg?v=1744915241,10
3583787837504,2899682,Forclaz,bag_pack,bag_pack.backpack,hike_camp,Backpack,Forclaz Travel 100 Compact Waterproof 20 L Hiking Backpack,Forclaz 100 20 Sac à dos Imperméable Compact de Randonnée Voyage,20 L,Black,29.99,28.49,EUR,fr-FR,GF-R3-U1,9,compact-waterproof-20-liter-backpack-travel-100-309854,https://cdn.shopify.com/s/files/1/1330/6287/files/8560418-product_image-p2621816.jpg?v=1712057869,7
3608392549618,5463304,Quechua,apparel,apparel.fleece,hike_camp,Fleece,Quechua Men’s NH900 Sherpa Hiking Fleece,Quechua ’s NH900 Sherpa Polaire de Randonnée Homme,S,Lunar Beige,90.00,85.5,EUR,fr-FR,GF-R3-U2,5,quechua-mens-hiking-warm-sherpa-fleece-jacket-sh900-beige-360886-fw25,https://cdn.shopify.com/s/files/1/1330/6287/files/8930917-product_image-p2939120.jpg?v=1755561626,12
3608392549625,5463305,Quechua,apparel,apparel.fleece,hike_camp,Fleece,Quechua Men’s NH900 Sherpa Hiking Fleece,Quechua ’s NH900 Sherpa Polaire de Randonnée Homme,M,Lunar Beige,90.00,85.5,EUR,fr-FR,GF-R3-U2,8,quechua-mens-hiking-warm-sherpa-fleece-jacket-sh900-beige-360886-fw25,https://cdn.shopify.com/s/files/1/1330/6287/files/8930917-product_image-p2939120.jpg?v=1755561626,12
3608392549632,5463306,Quechua,apparel,apparel.fleece,hike_camp,Fleece,Quechua Men’s NH900 Sherpa Hiking Fleece,Quechua ’s NH900 Sherpa Polaire de Randonnée Homme,L,Lunar Beige,90.00,85.5,EUR,fr-FR,GF-R3-U2,8,quechua-mens-hiking-warm-sherpa-fleece-jacket-sh900-beige-360886-fw25,https://cdn.shopify.com/s/files/1/1330/6287/files/8930917-product_image-p2939120.jpg?v=1755561626,12
3608392549649,5463307,Quechua,apparel,apparel.fleece,hike_camp,Fleece,Quechua Men’s NH900 Sherpa Hiking Fleece,Quechua ’s NH900 Sherpa Polaire de Randonnée Homme,XL,Lunar Beige,90.00,85.5,EUR,fr-FR,GF-R3-U2,6,quechua-mens-hiking-warm-sherpa-fleece-jacket-sh900-beige-360886-fw25,https://cdn.shopify.com/s/files/1/1330/6287/files/8930917-product_image-p2939120.jpg?v=1755561626,12
3608392549656,5463308,Quechua,apparel,apparel.fleece,hike_camp,Fleece,Quechua Men’s NH900 Sherpa Hiking Fleece,Quechua ’s NH900 Sherpa Polaire de Randonnée Homme,2XL,Lunar Beige,90.00,85.5,EUR,fr-FR,GF-R3-U2,3,quechua-mens-hiking-warm-sherpa-fleece-jacket-sh900-beige-360886-fw25,https://cdn.shopify.com/s/files/1/1330/6287/files/8930917-product_image-p2939120.jpg?v=1755561626,12
3608392549663,5463309,Quechua,apparel,apparel.fleece,hike_camp,Fleece,Quechua Men’s NH900 Sherpa Hiking Fleece,Quechua ’s NH900 Sherpa Polaire de Randonnée Homme,3XL,Lunar Beige,90.00,85.5,EUR,fr-FR,GF-R3-U2,2,quechua-mens-hiking-warm-sherpa-fleece-jacket-sh900-beige-360886-fw25,https://cdn.shopify.com/s/files/1/1330/6287/files/8930917-product_image-p2939120.jpg?v=1755561626,12
3608393596321,5694611,Van Rysel,apparel,apparel.cycling-bib-shorts,general,Cycling bib shorts,Van Rysel Men's EDR Cycling Shorts,Van Rysel EDR Cuissard Homme,S,Cacao Brown,99.99,94.99,EUR,fr-FR,GB-R1-U2,5,van-rysel-mens-edr-cycling-shorts,https://cdn.shopify.com/s/files/1/1330/6287/files/default_b113ca21-eb83-4916-a4d6-fc40e5a4df82.jpg?v=1775496567,6
3608393596338,5694612,Van Rysel,apparel,apparel.cycling-bib-shorts,general,Cycling bib shorts,Van Rysel Men's EDR Cycling Shorts,Van Rysel EDR Cuissard Homme,L,Cacao Brown,99.99,94.99,EUR,fr-FR,GB-R1-U2,8,van-rysel-mens-edr-cycling-shorts,https://cdn.shopify.com/s/files/1/1330/6287/files/default_b113ca21-eb83-4916-a4d6-fc40e5a4df82.jpg?v=1775496567,6
3608393596345,5694613,Van Rysel,apparel,apparel.cycling-bib-shorts,general,Cycling bib shorts,Van Rysel Men's EDR Cycling Shorts,Van Rysel EDR Cuissard Homme,2XL,Cacao Brown,99.99,94.99,EUR,fr-FR,GB-R1-U2,3,van-rysel-mens-edr-cycling-shorts,https://cdn.shopify.com/s/files/1/1330/6287/files/default_b113ca21-eb83-4916-a4d6-fc40e5a4df82.jpg?v=1775496567,6
3608393596352,5694614,Van Rysel,apparel,apparel.cycling-bib-shorts,general,Cycling bib shorts,Van Rysel Men's EDR Cycling Shorts,Van Rysel EDR Cuissard Homme,M,Cacao Brown,99.99,94.99,EUR,fr-FR,GB-R1-U2,9,van-rysel-mens-edr-cycling-shorts,https://cdn.shopify.com/s/files/1/1330/6287/files/default_b113ca21-eb83-4916-a4d6-fc40e5a4df82.jpg?v=1775496567,6
3608393596369,5694615,Van Rysel,apparel,apparel.cycling-bib-shorts,general,Cycling bib shorts,Van Rysel Men's EDR Cycling Shorts,Van Rysel EDR Cuissard Homme,XL,Cacao Brown,99.99,94.99,EUR,fr-FR,GB-R1-U2,6,van-rysel-mens-edr-cycling-shorts,https://cdn.shopify.com/s/files/1/1330/6287/files/default_b113ca21-eb83-4916-a4d6-fc40e5a4df82.jpg?v=1775496567,6
3583787110102,4231306,Forclaz,bag_pack,bag_pack.backpack,hike_camp,Backpack,Forclaz Women's Travel 900 50 L Backpacking Pack,Forclaz 900 50 Pack Trekking Voyage Femme,One Size,Abyss Gray,179.00,170.05,EUR,fr-FR,GF-R3-U2,8,forclaz-womens-travel-900-50-l-backpacking-pack-324164,https://cdn.shopify.com/s/files/1/1330/6287/files/8616394-product_image-p2605019.jpg?v=1713997802,13
3608391817626,5304359,Simond,apparel,apparel.t-shirt,general,T-shirt,Simond Men’s Merino Resist Short Sleeve T-Shirt,Simond ’s Resist Short Sleeve T-shirt Mérinos Homme,S,Graphite Grey,54.99,52.24,EUR,fr-FR,GF-R1-U1,3,simond-mens-short-sleeved-t-shirt-merino-resist-brown-356413,https://cdn.shopify.com/s/files/1/1330/6287/files/8902056-product_image-p2871300.jpg?v=1747079013,18
3608391817633,5304360,Simond,apparel,apparel.t-shirt,general,T-shirt,Simond Men’s Merino Resist Short Sleeve T-Shirt,Simond ’s Resist Short Sleeve T-shirt Mérinos Homme,M,Graphite Grey,54.99,52.24,EUR,fr-FR,GF-R1-U1,5,simond-mens-short-sleeved-t-shirt-merino-resist-brown-356413,https://cdn.shopify.com/s/files/1/1330/6287/files/8902056-product_image-p2871300.jpg?v=1747079013,18
3608391817640,5304361,Simond,apparel,apparel.t-shirt,general,T-shirt,Simond Men’s Merino Resist Short Sleeve T-Shirt,Simond ’s Resist Short Sleeve T-shirt Mérinos Homme,L,Graphite Grey,54.99,52.24,EUR,fr-FR,GF-R1-U1,4,simond-mens-short-sleeved-t-shirt-merino-resist-brown-356413,https://cdn.shopify.com/s/files/1/1330/6287/files/8902056-product_image-p2871300.jpg?v=1747079013,18
3608391817657,5304362,Simond,apparel,apparel.t-shirt,general,T-shirt,Simond Men’s Merino Resist Short Sleeve T-Shirt,Simond ’s Resist Short Sleeve T-shirt Mérinos Homme,XL,Graphite Grey,54.99,52.24,EUR,fr-FR,GF-R1-U1,3,simond-mens-short-sleeved-t-shirt-merino-resist-brown-356413,https://cdn.shopify.com/s/files/1/1330/6287/files/8902056-product_image-p2871300.jpg?v=1747079013,18
3608391817664,5304363,Simond,apparel,apparel.t-shirt,general,T-shirt,Simond Men’s Merino Resist Short Sleeve T-Shirt,Simond ’s Resist Short Sleeve T-shirt Mérinos Homme,2XL,Graphite Grey,54.99,52.24,EUR,fr-FR,GF-R1-U1,1,simond-mens-short-sleeved-t-shirt-merino-resist-brown-356413,https://cdn.shopify.com/s/files/1/1330/6287/files/8902056-product_image-p2871300.jpg?v=1747079013,18
3608391819873,5304380,Simond,apparel,apparel.t-shirt,general,T-shirt,Simond Men’s Merino Resist Short Sleeve T-Shirt,Simond ’s Resist Short Sleeve T-shirt Mérinos Homme,S,Dark Sepia,45.00,42.75,EUR,fr-FR,GF-R1-U1,2,simond-mens-short-sleeved-t-shirt-merino-resist-brown-356413,https://cdn.shopify.com/s/files/1/1330/6287/files/8902056-product_image-p2871300.jpg?v=1747079013,18
3608391819880,5304381,Simond,apparel,apparel.t-shirt,general,T-shirt,Simond Men’s Merino Resist Short Sleeve T-Shirt,Simond ’s Resist Short Sleeve T-shirt Mérinos Homme,M,Dark Sepia,45.00,42.75,EUR,fr-FR,GF-R1-U1,4,simond-mens-short-sleeved-t-shirt-merino-resist-brown-356413,https://cdn.shopify.com/s/files/1/1330/6287/files/8902056-product_image-p2871300.jpg?v=1747079013,18
3608391819897,5304382,Simond,apparel,apparel.t-shirt,general,T-shirt,Simond Men’s Merino Resist Short Sleeve T-Shirt,Simond ’s Resist Short Sleeve T-shirt Mérinos Homme,L,Dark Sepia,45.00,42.75,EUR,fr-FR,GF-R1-U1,4,simond-mens-short-sleeved-t-shirt-merino-resist-brown-356413,https://cdn.shopify.com/s/files/1/1330/6287/files/8902056-product_image-p2871300.jpg?v=1747079013,18
3608391820305,5304383,Simond,apparel,apparel.t-shirt,general,T-shirt,Simond Men’s Merino Resist Short Sleeve T-Shirt,Simond ’s Resist Short Sleeve T-shirt Mérinos Homme,XL,Dark Sepia,45.00,42.75,EUR,fr-FR,GF-R1-U1,3,simond-mens-short-sleeved-t-shirt-merino-resist-brown-356413,https://cdn.shopify.com/s/files/1/1330/6287/files/8902056-product_image-p2871300.jpg?v=1747079013,18
3608391820312,5304384,Simond,apparel,apparel.t-shirt,general,T-shirt,Simond Men’s Merino Resist Short Sleeve T-Shirt,Simond ’s Resist Short Sleeve T-shirt Mérinos Homme,2XL,Dark Sepia,45.00,42.75,EUR,fr-FR,GF-R1-U1,2,simond-mens-short-sleeved-t-shirt-merino-resist-brown-356413,https://cdn.shopify.com/s/files/1/1330/6287/files/8902056-product_image-p2871300.jpg?v=1747079013,18
3608393857101,5730110,Simond,bag_pack,bag_pack.travel-bag,general,Travel bag,Simond 500 Extend 40-60 L Duffel Bag,Simond 500 Extend 40-60 Duffel Bag,40 L,Bright Indigo,99.99,94.99,EUR,fr-FR,GF-R1-U1,2,simond-500-extend-40-60-l-duffel-bag-156359,https://cdn.shopify.com/s/files/1/1330/6287/files/8383299-product_image-p2439908_a0618d9f-e032-4310-aad9-4a4e2b5cc349.jpg?v=1748542814,32
3608439511875,2189141,Simond,bag_pack,bag_pack.travel-bag,general,Travel bag,Simond 500 Extend 40-60 L Duffel Bag,Simond 500 Extend 40-60 Duffel Bag,40 L,Teal Green,60.00,57.0,EUR,fr-FR,GF-R1-U1,2,simond-500-extend-40-60-l-duffel-bag-156359,https://cdn.shopify.com/s/files/1/1330/6287/files/8383299-product_image-p2439908_a0618d9f-e032-4310-aad9-4a4e2b5cc349.jpg?v=1748542814,32
3608439511899,2189140,Simond,bag_pack,bag_pack.travel-bag,general,Travel bag,Simond 500 Extend 40-60 L Duffel Bag,Simond 500 Extend 40-60 Duffel Bag,40 L,Bronze Khaki Green,60.00,57.0,EUR,fr-FR,GF-R1-U1,2,simond-500-extend-40-60-l-duffel-bag-156359,https://cdn.shopify.com/s/files/1/1330/6287/files/8383299-product_image-p2439908_a0618d9f-e032-4310-aad9-4a4e2b5cc349.jpg?v=1748542814,32
3608391451431,4864020,Quechua,apparel,apparel.trousers-pants,hike_camp,Trousers/pants,Quechua Women’s NH500 Warm Water Repellent Hiking Pants,Quechua ’s NH500 Water Repellent Pantalon de Randonnée Chaud Femme,W29 L31,Smoked Black,119.00,113.05,EUR,fr-FR,GB-R3-U1,2,quechua-womens-warm-and-water-repellent-hiking-pants-sh500-black-346913-fw25,https://cdn.shopify.com/s/files/1/1330/6287/files/8802211-product_image-p2717979.jpg?v=1755549725,10
3608391455750,4864027,Quechua,apparel,apparel.trousers-pants,hike_camp,Trousers/pants,Quechua Women’s NH500 Warm Water Repellent Hiking Pants,Quechua ’s NH500 Water Repellent Pantalon de Randonnée Chaud Femme,W36 L29,Smoked Black,119.00,113.05,EUR,fr-FR,GB-R3-U1,0,quechua-womens-warm-and-water-repellent-hiking-pants-sh500-black-346913-fw25,https://cdn.shopify.com/s/files/1/1330/6287/files/8802211-product_image-p2717979.jpg?v=1755549725,10
3608391459772,4864022,Quechua,apparel,apparel.trousers-pants,hike_camp,Trousers/pants,Quechua Women’s NH500 Warm Water Repellent Hiking Pants,Quechua ’s NH500 Water Repellent Pantalon de Randonnée Chaud Femme,W31 L31,Smoked Black,119.00,113.05,EUR,fr-FR,GB-R3-U1,3,quechua-womens-warm-and-water-repellent-hiking-pants-sh500-black-346913-fw25,https://cdn.shopify.com/s/files/1/1330/6287/files/8802211-product_image-p2717979.jpg?v=1755549725,10
3608391460631,4864016,Quechua,apparel,apparel.trousers-pants,hike_camp,Trousers/pants,Quechua Women’s NH500 Warm Water Repellent Hiking Pants,Quechua ’s NH500 Water Repellent Pantalon de Randonnée Chaud Femme,W26 L30,Smoked Black,119.00,113.05,EUR,fr-FR,GB-R3-U1,0,quechua-womens-warm-and-water-repellent-hiking-pants-sh500-black-346913-fw25,https://cdn.shopify.com/s/files/1/1330/6287/files/8802211-product_image-p2717979.jpg?v=1755549725,10
3608391463816,4864028,Quechua,apparel,apparel.trousers-pants,hike_camp,Trousers/pants,Quechua Women’s NH500 Warm Water Repellent Hiking Pants,Quechua ’s NH500 Water Repellent Pantalon de Randonnée Chaud Femme,W36 L31,Smoked Black,119.00,113.05,EUR,fr-FR,GB-R3-U1,1,quechua-womens-warm-and-water-repellent-hiking-pants-sh500-black-346913-fw25,https://cdn.shopify.com/s/files/1/1330/6287/files/8802211-product_image-p2717979.jpg?v=1755549725,10
3608391466046,4864015,Quechua,apparel,apparel.trousers-pants,hike_camp,Trousers/pants,Quechua Women’s NH500 Warm Water Repellent Hiking Pants,Quechua ’s NH500 Water Repellent Pantalon de Randonnée Chaud Femme,W26 L28,Smoked Black,119.00,113.05,EUR,fr-FR,GB-R3-U1,1,quechua-womens-warm-and-water-repellent-hiking-pants-sh500-black-346913-fw25,https://cdn.shopify.com/s/files/1/1330/6287/files/8802211-product_image-p2717979.jpg?v=1755549725,10
3608391466640,4864019,Quechua,apparel,apparel.trousers-pants,hike_camp,Trousers/pants,Quechua Women’s NH500 Warm Water Repellent Hiking Pants,Quechua ’s NH500 Water Repellent Pantalon de Randonnée Chaud Femme,W29 L29,Smoked Black,119.00,113.05,EUR,fr-FR,GB-R3-U1,2,quechua-womens-warm-and-water-repellent-hiking-pants-sh500-black-346913-fw25,https://cdn.shopify.com/s/files/1/1330/6287/files/8802211-product_image-p2717979.jpg?v=1755549725,10
3608391469955,4864023,Quechua,apparel,apparel.trousers-pants,hike_camp,Trousers/pants,Quechua Women’s NH500 Warm Water Repellent Hiking Pants,Quechua ’s NH500 Water Repellent Pantalon de Randonnée Chaud Femme,W33 L29,Smoked Black,119.00,113.05,EUR,fr-FR,GB-R3-U1,2,quechua-womens-warm-and-water-repellent-hiking-pants-sh500-black-346913-fw25,https://cdn.shopify.com/s/files/1/1330/6287/files/8802211-product_image-p2717979.jpg?v=1755549725,10
3608391476816,4864017,Quechua,apparel,apparel.trousers-pants,hike_camp,Trousers/pants,Quechua Women’s NH500 Warm Water Repellent Hiking Pants,Quechua ’s NH500 Water Repellent Pantalon de Randonnée Chaud Femme,W28 L28,Smoked Black,119.00,113.05,EUR,fr-FR,GB-R3-U1,2,quechua-womens-warm-and-water-repellent-hiking-pants-sh500-black-346913-fw25,https://cdn.shopify.com/s/files/1/1330/6287/files/8802211-product_image-p2717979.jpg?v=1755549725,10
3608391493707,4864021,Quechua,apparel,apparel.trousers-pants,hike_camp,Trousers/pants,Quechua Women’s NH500 Warm Water Repellent Hiking Pants,Quechua ’s NH500 Water Repellent Pantalon de Randonnée Chaud Femme,W31 L29,Smoked Black,119.00,113.05,EUR,fr-FR,GB-R3-U1,2,quechua-womens-warm-and-water-repellent-hiking-pants-sh500-black-346913-fw25,https://cdn.shopify.com/s/files/1/1330/6287/files/8802211-product_image-p2717979.jpg?v=1755549725,10
3608391503970,4864018,Quechua,apparel,apparel.trousers-pants,hike_camp,Trousers/pants,Quechua Women’s NH500 Warm Water Repellent Hiking Pants,Quechua ’s NH500 Water Repellent Pantalon de Randonnée Chaud Femme,W28 L30,Smoked Black,119.00,113.05,EUR,fr-FR,GB-R3-U1,1,quechua-womens-warm-and-water-repellent-hiking-pants-sh500-black-346913-fw25,https://cdn.shopify.com/s/files/1/1330/6287/files/8802211-product_image-p2717979.jpg?v=1755549725,10
3608391504588,4864024,Quechua,apparel,apparel.trousers-pants,hike_camp,Trousers/pants,Quechua Women’s NH500 Warm Water Repellent Hiking Pants,Quechua ’s NH500 Water Repellent Pantalon de Randonnée Chaud Femme,W33 L31,Smoked Black,119.00,113.05,EUR,fr-FR,GB-R3-U1,2,quechua-womens-warm-and-water-repellent-hiking-pants-sh500-black-346913-fw25,https://cdn.shopify.com/s/files/1/1330/6287/files/8802211-product_image-p2717979.jpg?v=1755549725,10
3608391504861,4864025,Quechua,apparel,apparel.trousers-pants,hike_camp,Trousers/pants,Quechua Women’s NH500 Warm Water Repellent Hiking Pants,Quechua ’s NH500 Water Repellent Pantalon de Randonnée Chaud Femme,W34 L29,Smoked Black,119.00,113.05,EUR,fr-FR,GB-R3-U1,1,quechua-womens-warm-and-water-repellent-hiking-pants-sh500-black-346913-fw25,https://cdn.shopify.com/s/files/1/1330/6287/files/8802211-product_image-p2717979.jpg?v=1755549725,10
3608391507206,4864026,Quechua,apparel,apparel.trousers-pants,hike_camp,Trousers/pants,Quechua Women’s NH500 Warm Water Repellent Hiking Pants,Quechua ’s NH500 Water Repellent Pantalon de Randonnée Chaud Femme,W34 L31,Smoked Black,119.00,113.05,EUR,fr-FR,GB-R3-U1,2,quechua-womens-warm-and-water-repellent-hiking-pants-sh500-black-346913-fw25,https://cdn.shopify.com/s/files/1/1330/6287/files/8802211-product_image-p2717979.jpg?v=1755549725,10
3608392677595,5491591,Van Rysel,outdoor,outdoor.road-bike,general,Road bike,Van Rysel RCR Pro Force AXS,Van Rysel RCR Pro Force AXS,XS,Midnight Blue,6999.00,6649.05,EUR,fr-FR,GB-R1-U1,1,van-rysel-rcr-pro-force-pwr-blue-362495,https://cdn.shopify.com/s/files/1/1330/6287/files/VANRYSELRCRPROFORCEPWRAXSMIDNIGHTBLUEPE24-8892142-001---Expireson15-07-2033.jpg?v=1760092000,10
3608392678301,5491592,Van Rysel,outdoor,outdoor.road-bike,general,Road bike,Van Rysel RCR Pro Force AXS,Van Rysel RCR Pro Force AXS,L,Midnight Blue,6999.00,6649.05,EUR,fr-FR,GB-R1-U1,1,van-rysel-rcr-pro-force-pwr-blue-362495,https://cdn.shopify.com/s/files/1/1330/6287/files/VANRYSELRCRPROFORCEPWRAXSMIDNIGHTBLUEPE24-8892142-001---Expireson15-07-2033.jpg?v=1760092000,10
3608392678318,5491593,Van Rysel,outdoor,outdoor.road-bike,general,Road bike,Van Rysel RCR Pro Force AXS,Van Rysel RCR Pro Force AXS,XL,Midnight Blue,6999.00,6649.05,EUR,fr-FR,GB-R1-U1,0,van-rysel-rcr-pro-force-pwr-blue-362495,https://cdn.shopify.com/s/files/1/1330/6287/files/VANRYSELRCRPROFORCEPWRAXSMIDNIGHTBLUEPE24-8892142-001---Expireson15-07-2033.jpg?v=1760092000,10
3608392678325,5501881,Van Rysel,outdoor,outdoor.road-bike,general,Road bike,Van Rysel RCR Pro Force AXS,Van Rysel RCR Pro Force AXS,S,Midnight Blue,6999.00,6649.05,EUR,fr-FR,GB-R1-U1,0,van-rysel-rcr-pro-force-pwr-blue-362495,https://cdn.shopify.com/s/files/1/1330/6287/files/VANRYSELRCRPROFORCEPWRAXSMIDNIGHTBLUEPE24-8892142-001---Expireson15-07-2033.jpg?v=1760092000,10
3608392678332,5503502,Van Rysel,outdoor,outdoor.road-bike,general,Road bike,Van Rysel RCR Pro Force AXS,Van Rysel RCR Pro Force AXS,M,Midnight Blue,6999.00,6649.05,EUR,fr-FR,GB-R1-U1,0,van-rysel-rcr-pro-force-pwr-blue-362495,https://cdn.shopify.com/s/files/1/1330/6287/files/VANRYSELRCRPROFORCEPWRAXSMIDNIGHTBLUEPE24-8892142-001---Expireson15-07-2033.jpg?v=1760092000,10
3583787460900,4494178,Simond,bag_pack,bag_pack.backpack,general,Backpack,Simond Travel 100 50L Backpack Pack,Simond 100 50L Pack Sac à dos Voyage,50 L,Black,79.99,75.99,EUR,fr-FR,GF-R1-U2,8,simond-travel-100-50l-backpack-pack-6561,https://cdn.shopify.com/s/files/1/1330/6287/files/FORCLAZ_SAC_A_DOS_TRAVEL_100_NOIR_-_8735043_-_001_---_Expires_on_04-06-2035.jpg?v=1749858825,11
3608439238710,4841008,Quechua,outdoor,outdoor.sleeping-bag,hike_camp,Sleeping bag,Quechua Arpenaz 68°F Sleeping Bag,Quechua Arpenaz 68°F Sac de couchage,One Size,Turquoise,20.00,19.0,EUR,fr-FR,GF-R3-U1,2,quechua-arpenaz-68-f-sleeping-bag-303115,https://cdn.shopify.com/s/files/1/1330/6287/files/8800273-product_image-p2455218.jpg?v=1715853839,7
3608391638061,5225492,Simond,outdoor,outdoor.sleeping-bag,general,Sleeping bag,Simond MT500 23°F Polyester Sleeping Bag,Simond MT500 23°F Polyester Sac de couchage,"M / 5'3""–5'6",Dark Sepia,95.00,90.25,EUR,fr-FR,GB-R1-U2,0,simond-us-backpacking-sleeping-bag-mt500-23-f-synthetic-346375,https://cdn.shopify.com/s/files/1/1330/6287/files/SIMONDSACDECOUCHAGEMT5005CNEWPE24-8799902-002---Expireson28-02-2034.jpg?v=1744654398,7
3608391638078,5225493,Simond,outdoor,outdoor.sleeping-bag,general,Sleeping bag,Simond MT500 23°F Polyester Sleeping Bag,Simond MT500 23°F Polyester Sac de couchage,"XL / 6'1""–6'6""",Dark Sepia,95.00,90.25,EUR,fr-FR,GB-R1-U2,1,simond-us-backpacking-sleeping-bag-mt500-23-f-synthetic-346375,https://cdn.shopify.com/s/files/1/1330/6287/files/SIMONDSACDECOUCHAGEMT5005CNEWPE24-8799902-002---Expireson28-02-2034.jpg?v=1744654398,7
3608391638085,5225494,Simond,outdoor,outdoor.sleeping-bag,general,Sleeping bag,Simond MT500 23°F Polyester Sleeping Bag,Simond MT500 23°F Polyester Sac de couchage,"L / 5'7""–6'0""",Dark Sepia,95.00,90.25,EUR,fr-FR,GB-R1-U2,1,simond-us-backpacking-sleeping-bag-mt500-23-f-synthetic-346375,https://cdn.shopify.com/s/files/1/1330/6287/files/SIMONDSACDECOUCHAGEMT5005CNEWPE24-8799902-002---Expireson28-02-2034.jpg?v=1744654398,7
3608409900951,2177858,Van Rysel,apparel,apparel.rain-jacket,general,Rain Jacket,Van Rysel Women's Ultralight Waterproof Cycling Jacket,Van Rysel Ultralight Veste Imperméable de Vélo Femme,S,Black,60.00,57.0,EUR,fr-FR,GF-R1-U2,3,van-rysel-900-ultralight-reflective-rain-cycling-jacket-womens-145546,https://cdn.shopify.com/s/files/1/1330/6287/files/8381000-product_image-p2647450.jpg?v=1744656549,5
3608409900968,2177859,Van Rysel,apparel,apparel.rain-jacket,general,Rain Jacket,Van Rysel Women's Ultralight Waterproof Cycling Jacket,Van Rysel Ultralight Veste Imperméable de Vélo Femme,M,Black,60.00,57.0,EUR,fr-FR,GF-R1-U2,6,van-rysel-900-ultralight-reflective-rain-cycling-jacket-womens-145546,https://cdn.shopify.com/s/files/1/1330/6287/files/8381000-product_image-p2647450.jpg?v=1744656549,5
3608409900975,2177857,Van Rysel,apparel,apparel.rain-jacket,general,Rain Jacket,Van Rysel Women's Ultralight Waterproof Cycling Jacket,Van Rysel Ultralight Veste Imperméable de Vélo Femme,XS,Black,60.00,57.0,EUR,fr-FR,GF-R1-U2,2,van-rysel-900-ultralight-reflective-rain-cycling-jacket-womens-145546,https://cdn.shopify.com/s/files/1/1330/6287/files/8381000-product_image-p2647450.jpg?v=1744656549,5
3608409900982,2177860,Van Rysel,apparel,apparel.rain-jacket,general,Rain Jacket,Van Rysel Women's Ultralight Waterproof Cycling Jacket,Van Rysel Ultralight Veste Imperméable de Vélo Femme,M - L,Black,60.00,57.0,EUR,fr-FR,GF-R1-U2,6,van-rysel-900-ultralight-reflective-rain-cycling-jacket-womens-145546,https://cdn.shopify.com/s/files/1/1330/6287/files/8381000-product_image-p2647450.jpg?v=1744656549,5
3608409900999,2177861,Van Rysel,apparel,apparel.rain-jacket,general,Rain Jacket,Van Rysel Women's Ultralight Waterproof Cycling Jacket,Van Rysel Ultralight Veste Imperméable de Vélo Femme,L,Black,60.00,57.0,EUR,fr-FR,GF-R1-U2,5,van-rysel-900-ultralight-reflective-rain-cycling-jacket-womens-145546,https://cdn.shopify.com/s/files/1/1330/6287/files/8381000-product_image-p2647450.jpg?v=1744656549,5
3608391007362,5102866,Wedze,apparel,apparel.ski-pants,general,Ski pants,Wedze Men’s 100 Warm Waterproof Snow Pants,Wedze ’s 100 Pantalon Imperméable Neige Chaud Homme,S,Smoked Black,69.99,66.49,EUR,fr-FR,GB-R1-U1,3,wedze-mens-warm-and-comfortable-ski-pants-snb-100-black-351812-fw25,https://cdn.shopify.com/s/files/1/1330/6287/files/8861301-product_image-p2704585_61d864e5-0128-4a59-b80c-26949d5576a2.jpg?v=1755553704,9
3608391007379,5102867,Wedze,apparel,apparel.ski-pants,general,Ski pants,Wedze Men’s 100 Warm Waterproof Snow Pants,Wedze ’s 100 Pantalon Imperméable Neige Chaud Homme,M,Smoked Black,69.99,66.49,EUR,fr-FR,GB-R1-U1,5,wedze-mens-warm-and-comfortable-ski-pants-snb-100-black-351812-fw25,https://cdn.shopify.com/s/files/1/1330/6287/files/8861301-product_image-p2704585_61d864e5-0128-4a59-b80c-26949d5576a2.jpg?v=1755553704,9
3608391007386,5102868,Wedze,apparel,apparel.ski-pants,general,Ski pants,Wedze Men’s 100 Warm Waterproof Snow Pants,Wedze ’s 100 Pantalon Imperméable Neige Chaud Homme,L,Smoked Black,69.99,66.49,EUR,fr-FR,GB-R1-U1,4,wedze-mens-warm-and-comfortable-ski-pants-snb-100-black-351812-fw25,https://cdn.shopify.com/s/files/1/1330/6287/files/8861301-product_image-p2704585_61d864e5-0128-4a59-b80c-26949d5576a2.jpg?v=1755553704,9
3608391007393,5102869,Wedze,apparel,apparel.ski-pants,general,Ski pants,Wedze Men’s 100 Warm Waterproof Snow Pants,Wedze ’s 100 Pantalon Imperméable Neige Chaud Homme,XL,Smoked Black,69.99,66.49,EUR,fr-FR,GB-R1-U1,3,wedze-mens-warm-and-comfortable-ski-pants-snb-100-black-351812-fw25,https://cdn.shopify.com/s/files/1/1330/6287/files/8861301-product_image-p2704585_61d864e5-0128-4a59-b80c-26949d5576a2.jpg?v=1755553704,9
3608391008505,5102870,Wedze,apparel,apparel.ski-pants,general,Ski pants,Wedze Men’s 100 Warm Waterproof Snow Pants,Wedze ’s 100 Pantalon Imperméable Neige Chaud Homme,2XL,Smoked Black,69.99,66.49,EUR,fr-FR,GB-R1-U1,2,wedze-mens-warm-and-comfortable-ski-pants-snb-100-black-351812-fw25,https://cdn.shopify.com/s/files/1/1330/6287/files/8861301-product_image-p2704585_61d864e5-0128-4a59-b80c-26949d5576a2.jpg?v=1755553704,9
3608391008512,5102871,Wedze,apparel,apparel.ski-pants,general,Ski pants,Wedze Men’s 100 Warm Waterproof Snow Pants,Wedze ’s 100 Pantalon Imperméable Neige Chaud Homme,3XL,Smoked Black,69.99,66.49,EUR,fr-FR,GB-R1-U1,1,wedze-mens-warm-and-comfortable-ski-pants-snb-100-black-351812-fw25,https://cdn.shopify.com/s/files/1/1330/6287/files/8861301-product_image-p2704585_61d864e5-0128-4a59-b80c-26949d5576a2.jpg?v=1755553704,9
3608439597503,1832644,Quechua,footwear,footwear.snow-boots,hike_camp,Snow boots,Quechua Women's SH100 Warm Waterproof Mid Snow Boots,Quechua SH100 Après-ski Imperméable Chaud Mi-saison Femme,10.5 - 11,Steel Gray,25.00,23.75,EUR,fr-FR,PW-01,3,womens-warm-waterproof-snow-hiking-boots-sh100-mid-108086,https://cdn.shopify.com/s/files/1/1330/6287/files/8344698-product_image-p1647622.jpg?v=1703074105,5
3608439597510,1832643,Quechua,footwear,footwear.snow-boots,hike_camp,Snow boots,Quechua Women's SH100 Warm Waterproof Mid Snow Boots,Quechua SH100 Après-ski Imperméable Chaud Mi-saison Femme,9 - 9.5,Steel Gray,25.00,23.75,EUR,fr-FR,PW-01,7,womens-warm-waterproof-snow-hiking-boots-sh100-mid-108086,https://cdn.shopify.com/s/files/1/1330/6287/files/8344698-product_image-p1647622.jpg?v=1703074105,5
3608439597527,1832642,Quechua,footwear,footwear.snow-boots,hike_camp,Snow boots,Quechua Women's SH100 Warm Waterproof Mid Snow Boots,Quechua SH100 Après-ski Imperméable Chaud Mi-saison Femme,7.5 - 8,Steel Gray,25.00,23.75,EUR,fr-FR,PW-01,8,womens-warm-waterproof-snow-hiking-boots-sh100-mid-108086,https://cdn.shopify.com/s/files/1/1330/6287/files/8344698-product_image-p1647622.jpg?v=1703074105,5
3608439597534,1832641,Quechua,footwear,footwear.snow-boots,hike_camp,Snow boots,Quechua Women's SH100 Warm Waterproof Mid Snow Boots,Quechua SH100 Après-ski Imperméable Chaud Mi-saison Femme,5.5 - 6.5,Steel Gray,25.00,23.75,EUR,fr-FR,PW-01,4,womens-warm-waterproof-snow-hiking-boots-sh100-mid-108086,https://cdn.shopify.com/s/files/1/1330/6287/files/8344698-product_image-p1647622.jpg?v=1703074105,5
3583784229111,4361602,Forclaz,accessories,accessories.gloves,hike_camp,Gloves,Forclaz MT500 Backpacking Gloves,Forclaz MT500 Gants Trekking,XS,Black,29.99,28.49,EUR,fr-FR,GB-R3-U1,2,forclaz-mt500-trekking-gloves-335238,https://cdn.shopify.com/s/files/1/1330/6287/files/8655824-product_image-p2572881.jpg?v=1719489649,11
3583784229128,4361603,Forclaz,accessories,accessories.gloves,hike_camp,Gloves,Forclaz MT500 Backpacking Gloves,Forclaz MT500 Gants Trekking,S,Black,29.99,28.49,EUR,fr-FR,GB-R3-U1,2,forclaz-mt500-trekking-gloves-335238,https://cdn.shopify.com/s/files/1/1330/6287/files/8655824-product_image-p2572881.jpg?v=1719489649,11
3583784229135,4361604,Forclaz,accessories,accessories.gloves,hike_camp,Gloves,Forclaz MT500 Backpacking Gloves,Forclaz MT500 Gants Trekking,M,Black,29.99,28.49,EUR,fr-FR,GB-R3-U1,1,forclaz-mt500-trekking-gloves-335238,https://cdn.shopify.com/s/files/1/1330/6287/files/8655824-product_image-p2572881.jpg?v=1719489649,11
3583784229142,4361605,Forclaz,accessories,accessories.gloves,hike_camp,Gloves,Forclaz MT500 Backpacking Gloves,Forclaz MT500 Gants Trekking,L,Black,29.99,28.49,EUR,fr-FR,GB-R3-U1,1,forclaz-mt500-trekking-gloves-335238,https://cdn.shopify.com/s/files/1/1330/6287/files/8655824-product_image-p2572881.jpg?v=1719489649,11
3583784229159,4361606,Forclaz,accessories,accessories.gloves,hike_camp,Gloves,Forclaz MT500 Backpacking Gloves,Forclaz MT500 Gants Trekking,XL,Black,29.99,28.49,EUR,fr-FR,GB-R3-U1,2,forclaz-mt500-trekking-gloves-335238,https://cdn.shopify.com/s/files/1/1330/6287/files/8655824-product_image-p2572881.jpg?v=1719489649,11
3583784229166,4361607,Forclaz,accessories,accessories.gloves,hike_camp,Gloves,Forclaz MT500 Backpacking Gloves,Forclaz MT500 Gants Trekking,2XL,Black,29.99,28.49,EUR,fr-FR,GB-R3-U1,1,forclaz-mt500-trekking-gloves-335238,https://cdn.shopify.com/s/files/1/1330/6287/files/8655824-product_image-p2572881.jpg?v=1719489649,11
3583784229173,4361608,Forclaz,accessories,accessories.gloves,hike_camp,Gloves,Forclaz MT500 Backpacking Gloves,Forclaz MT500 Gants Trekking,3XL,Black,29.99,28.49,EUR,fr-FR,GB-R3-U1,1,forclaz-mt500-trekking-gloves-335238,https://cdn.shopify.com/s/files/1/1330/6287/files/8655824-product_image-p2572881.jpg?v=1719489649,11
3608439348167,4102164,Quechua,footwear,footwear.shoes,hike_camp,Shoes,Quechua Kids’ NH100 Lace-Up Hiking Shoes,Quechua NH100 Lace-Up Chaussures de Randonnée Enfant,W5 / M3.5,Steel Blue,14.00,13.3,EUR,fr-FR,PE-01,1,quechua-mh100-low-hiking-boots-kids-313073,https://cdn.shopify.com/s/files/1/1330/6287/products/8600278-product_image-1869856.jpg?v=1745451797,6
3608439348174,4102165,Quechua,footwear,footwear.shoes,hike_camp,Shoes,Quechua Kids’ NH100 Lace-Up Hiking Shoes,Quechua NH100 Lace-Up Chaussures de Randonnée Enfant,W5.5 / M4,Steel Blue,14.00,13.3,EUR,fr-FR,PE-01,2,quechua-mh100-low-hiking-boots-kids-313073,https://cdn.shopify.com/s/files/1/1330/6287/products/8600278-product_image-1869856.jpg?v=1745451797,6
3608439348181,4102167,Quechua,footwear,footwear.shoes,hike_camp,Shoes,Quechua Kids’ NH100 Lace-Up Hiking Shoes,Quechua NH100 Lace-Up Chaussures de Randonnée Enfant,W7.5 / M6,Steel Blue,14.00,13.3,EUR,fr-FR,PE-01,18,quechua-mh100-low-hiking-boots-kids-313073,https://cdn.shopify.com/s/files/1/1330/6287/products/8600278-product_image-1869856.jpg?v=1745451797,6
3608439348198,4102166,Quechua,footwear,footwear.shoes,hike_camp,Shoes,Quechua Kids’ NH100 Lace-Up Hiking Shoes,Quechua NH100 Lace-Up Chaussures de Randonnée Enfant,W6.5 / M5,Steel Blue,14.00,13.3,EUR,fr-FR,PE-01,6,quechua-mh100-low-hiking-boots-kids-313073,https://cdn.shopify.com/s/files/1/1330/6287/products/8600278-product_image-1869856.jpg?v=1745451797,6
3608391043391,5158776,Wedze,apparel,apparel.base-layer,general,Base layer,Wedze Women’s BL900 Merino Wool Ski Base Layer Top,Wedze ’s BL900 Top Sous-vêtement technique Mérinos Laine de Ski Femme,2XS / XS,No Dye,99.99,94.99,EUR,fr-FR,GB-R1-U2,1,wedze-womens-seamless-merino-wool-ski-base-layer-top-bl900-beige-pink-306129-fw25,https://cdn.shopify.com/s/files/1/1330/6287/files/8872398-product_image-p2728029.jpg?v=1755553521,7
3608391045005,5158777,Wedze,apparel,apparel.base-layer,general,Base layer,Wedze Women’s BL900 Merino Wool Ski Base Layer Top,Wedze ’s BL900 Top Sous-vêtement technique Mérinos Laine de Ski Femme,S / M,No Dye,99.99,94.99,EUR,fr-FR,GB-R1-U2,6,wedze-womens-seamless-merino-wool-ski-base-layer-top-bl900-beige-pink-306129-fw25,https://cdn.shopify.com/s/files/1/1330/6287/files/8872398-product_image-p2728029.jpg?v=1755553521,7
3608391045012,5158779,Wedze,apparel,apparel.base-layer,general,Base layer,Wedze Women’s BL900 Merino Wool Ski Base Layer Top,Wedze ’s BL900 Top Sous-vêtement technique Mérinos Laine de Ski Femme,L / XL,No Dye,99.99,94.99,EUR,fr-FR,GB-R1-U2,8,wedze-womens-seamless-merino-wool-ski-base-layer-top-bl900-beige-pink-306129-fw25,https://cdn.shopify.com/s/files/1/1330/6287/files/8872398-product_image-p2728029.jpg?v=1755553521,7
3608392435362,5445461,Decathlon,accessories,accessories.towel,general,Towel,Ultra Compact Swimming Microfiber towel - XL 110 x 175 cm,Swimming Microfiber XL 110 175 cm Serviette Compact Ultra,XL,Smoked Black,24.99,23.74,EUR,fr-FR,ACC-01,9,ultra-compact-swimming-microfiber-towel-xl-110-x-175-cm,https://cdn.shopify.com/s/files/1/1330/6287/files/default_5af9d3b6-a717-4b23-bddd-3ea4e47c2fba.jpg?v=1775496606,4
3583784000253,4006892,Quechua,footwear,footwear.snow-boots,hike_camp,Snow boots,Quechua Women's SH100 X-Warm Waterproof Mid Snow Boots,Quechua SH100 X- Après-ski Imperméable Chaud Mi-saison Femme,10.5,Black,40.00,38.0,EUR,fr-FR,PW-01,1,quechua-sh100-x-warm-waterproof-mid-snow-boots-womens-312022,https://cdn.shopify.com/s/files/1/1330/6287/files/8581754-product_image-p2579631.jpg?v=1712058112,5
3608439340116,4006890,Quechua,footwear,footwear.snow-boots,hike_camp,Snow boots,Quechua Women's SH100 X-Warm Waterproof Mid Snow Boots,Quechua SH100 X- Après-ski Imperméable Chaud Mi-saison Femme,9,Black,40.00,38.0,EUR,fr-FR,PW-01,3,quechua-sh100-x-warm-waterproof-mid-snow-boots-womens-312022,https://cdn.shopify.com/s/files/1/1330/6287/files/8581754-product_image-p2579631.jpg?v=1712058112,5
3608439340123,4006891,Quechua,footwear,footwear.snow-boots,hike_camp,Snow boots,Quechua Women's SH100 X-Warm Waterproof Mid Snow Boots,Quechua SH100 X- Après-ski Imperméable Chaud Mi-saison Femme,9.5,Black,40.00,38.0,EUR,fr-FR,PW-01,3,quechua-sh100-x-warm-waterproof-mid-snow-boots-womens-312022,https://cdn.shopify.com/s/files/1/1330/6287/files/8581754-product_image-p2579631.jpg?v=1712058112,5
3608439340130,4006888,Quechua,footwear,footwear.snow-boots,hike_camp,Snow boots,Quechua Women's SH100 X-Warm Waterproof Mid Snow Boots,Quechua SH100 X- Après-ski Imperméable Chaud Mi-saison Femme,7.5,Black,40.00,38.0,EUR,fr-FR,PW-01,4,quechua-sh100-x-warm-waterproof-mid-snow-boots-womens-312022,https://cdn.shopify.com/s/files/1/1330/6287/files/8581754-product_image-p2579631.jpg?v=1712058112,5
3608439340147,4006889,Quechua,footwear,footwear.snow-boots,hike_camp,Snow boots,Quechua Women's SH100 X-Warm Waterproof Mid Snow Boots,Quechua SH100 X- Après-ski Imperméable Chaud Mi-saison Femme,8,Black,40.00,38.0,EUR,fr-FR,PW-01,4,quechua-sh100-x-warm-waterproof-mid-snow-boots-womens-312022,https://cdn.shopify.com/s/files/1/1330/6287/files/8581754-product_image-p2579631.jpg?v=1712058112,5
3608439340154,4006886,Quechua,footwear,footwear.snow-boots,hike_camp,Snow boots,Quechua Women's SH100 X-Warm Waterproof Mid Snow Boots,Quechua SH100 X- Après-ski Imperméable Chaud Mi-saison Femme,5.5,Black,40.00,38.0,EUR,fr-FR,PW-01,1,quechua-sh100-x-warm-waterproof-mid-snow-boots-womens-312022,https://cdn.shopify.com/s/files/1/1330/6287/files/8581754-product_image-p2579631.jpg?v=1712058112,5
3608439340161,4006887,Quechua,footwear,footwear.snow-boots,hike_camp,Snow boots,Quechua Women's SH100 X-Warm Waterproof Mid Snow Boots,Quechua SH100 X- Après-ski Imperméable Chaud Mi-saison Femme,6.5,Black,40.00,38.0,EUR,fr-FR,PW-01,3,quechua-sh100-x-warm-waterproof-mid-snow-boots-womens-312022,https://cdn.shopify.com/s/files/1/1330/6287/files/8581754-product_image-p2579631.jpg?v=1712058112,5
3608391623234,5223932,Simond,accessories,accessories.headlamp,general,Headlamp,Simond HL500 USB 300 Lumen Headlamp,Simond HL500 USB 300 Lumen Lampe frontale,One Size,Smoked Black,30.00,28.5,EUR,fr-FR,ACC-02,10,simond-rechargeable-headlamp-300-lumens-hl500-usb-v3-turquoise-339061,https://cdn.shopify.com/s/files/1/1330/6287/files/8883094-product_image-p2572902.jpg?v=1744911315,10
3608393819291,5722028,Simond,apparel,apparel.t-shirt,general,T-shirt,SIMOND Men's Travel 500 Merino Wool T-Shirt,SIMOND 500 T-shirt Mérinos Voyage Laine Homme,S,Yellow Ochre,49.99,47.49,EUR,fr-FR,GF-R1-U1,4,simond-men-s-travel-500-merino-wool-t-shirt-yellow-ochre-8976906,https://cdn.shopify.com/s/files/1/1330/6287/files/default_8121ebca-f39d-4c51-9b9a-4cc91131280e.jpg?v=1775497411,13
3608393820501,5722029,Simond,apparel,apparel.t-shirt,general,T-shirt,SIMOND Men's Travel 500 Merino Wool T-Shirt,SIMOND 500 T-shirt Mérinos Voyage Laine Homme,M,Yellow Ochre,49.99,47.49,EUR,fr-FR,GF-R1-U1,6,simond-men-s-travel-500-merino-wool-t-shirt-yellow-ochre-8976906,https://cdn.shopify.com/s/files/1/1330/6287/files/default_8121ebca-f39d-4c51-9b9a-4cc91131280e.jpg?v=1775497411,13
3608393820518,5722030,Simond,apparel,apparel.t-shirt,general,T-shirt,SIMOND Men's Travel 500 Merino Wool T-Shirt,SIMOND 500 T-shirt Mérinos Voyage Laine Homme,L,Yellow Ochre,49.99,47.49,EUR,fr-FR,GF-R1-U1,5,simond-men-s-travel-500-merino-wool-t-shirt-yellow-ochre-8976906,https://cdn.shopify.com/s/files/1/1330/6287/files/default_8121ebca-f39d-4c51-9b9a-4cc91131280e.jpg?v=1775497411,13
3608393820525,5722031,Simond,apparel,apparel.t-shirt,general,T-shirt,SIMOND Men's Travel 500 Merino Wool T-Shirt,SIMOND 500 T-shirt Mérinos Voyage Laine Homme,XL,Yellow Ochre,49.99,47.49,EUR,fr-FR,GF-R1-U1,4,simond-men-s-travel-500-merino-wool-t-shirt-yellow-ochre-8976906,https://cdn.shopify.com/s/files/1/1330/6287/files/default_8121ebca-f39d-4c51-9b9a-4cc91131280e.jpg?v=1775497411,13
3608393820532,5722032,Simond,apparel,apparel.t-shirt,general,T-shirt,SIMOND Men's Travel 500 Merino Wool T-Shirt,SIMOND 500 T-shirt Mérinos Voyage Laine Homme,2XL,Yellow Ochre,49.99,47.49,EUR,fr-FR,GF-R1-U1,2,simond-men-s-travel-500-merino-wool-t-shirt-yellow-ochre-8976906,https://cdn.shopify.com/s/files/1/1330/6287/files/default_8121ebca-f39d-4c51-9b9a-4cc91131280e.jpg?v=1775497411,13
3583784289160,4602906,Wedze,apparel,apparel.ski-pants,general,Ski pants,Wedze Women's 500 Slim Waterproof Snow Pants,Wedze 500 Slim Pantalon Imperméable Neige Femme,XS - S,Smoked Black,119.00,113.05,EUR,fr-FR,GF-R1-U2,1,wedze-womens-ski-pants-500-slim-black-328165-fw25,https://cdn.shopify.com/s/files/1/1330/6287/files/8602800-product_image-p2382287.jpg?v=1755561223,8
3583784289177,4602907,Wedze,apparel,apparel.ski-pants,general,Ski pants,Wedze Women's 500 Slim Waterproof Snow Pants,Wedze 500 Slim Pantalon Imperméable Neige Femme,S,Smoked Black,119.00,113.05,EUR,fr-FR,GF-R1-U2,2,wedze-womens-ski-pants-500-slim-black-328165-fw25,https://cdn.shopify.com/s/files/1/1330/6287/files/8602800-product_image-p2382287.jpg?v=1755561223,8
3583784289184,4602908,Wedze,apparel,apparel.ski-pants,general,Ski pants,Wedze Women's 500 Slim Waterproof Snow Pants,Wedze 500 Slim Pantalon Imperméable Neige Femme,M,Smoked Black,119.00,113.05,EUR,fr-FR,GF-R1-U2,4,wedze-womens-ski-pants-500-slim-black-328165-fw25,https://cdn.shopify.com/s/files/1/1330/6287/files/8602800-product_image-p2382287.jpg?v=1755561223,8
3583784289191,4602909,Wedze,apparel,apparel.ski-pants,general,Ski pants,Wedze Women's 500 Slim Waterproof Snow Pants,Wedze 500 Slim Pantalon Imperméable Neige Femme,L,Smoked Black,119.00,113.05,EUR,fr-FR,GF-R1-U2,4,wedze-womens-ski-pants-500-slim-black-328165-fw25,https://cdn.shopify.com/s/files/1/1330/6287/files/8602800-product_image-p2382287.jpg?v=1755561223,8
3583784289801,4602911,Wedze,apparel,apparel.ski-pants,general,Ski pants,Wedze Women's 500 Slim Waterproof Snow Pants,Wedze 500 Slim Pantalon Imperméable Neige Femme,L / XL,Smoked Black,119.00,113.05,EUR,fr-FR,GF-R1-U2,4,wedze-womens-ski-pants-500-slim-black-328165-fw25,https://cdn.shopify.com/s/files/1/1330/6287/files/8602800-product_image-p2382287.jpg?v=1755561223,8
3583784289818,4602912,Wedze,apparel,apparel.ski-pants,general,Ski pants,Wedze Women's 500 Slim Waterproof Snow Pants,Wedze 500 Slim Pantalon Imperméable Neige Femme,XL,Smoked Black,119.00,113.05,EUR,fr-FR,GF-R1-U2,3,wedze-womens-ski-pants-500-slim-black-328165-fw25,https://cdn.shopify.com/s/files/1/1330/6287/files/8602800-product_image-p2382287.jpg?v=1755561223,8
3583784289825,4602913,Wedze,apparel,apparel.ski-pants,general,Ski pants,Wedze Women's 500 Slim Waterproof Snow Pants,Wedze 500 Slim Pantalon Imperméable Neige Femme,2XL,Smoked Black,119.00,113.05,EUR,fr-FR,GF-R1-U2,1,wedze-womens-ski-pants-500-slim-black-328165-fw25,https://cdn.shopify.com/s/files/1/1330/6287/files/8602800-product_image-p2382287.jpg?v=1755561223,8
3583784289832,4602914,Wedze,apparel,apparel.ski-pants,general,Ski pants,Wedze Women's 500 Slim Waterproof Snow Pants,Wedze 500 Slim Pantalon Imperméable Neige Femme,3XL,Smoked Black,119.00,113.05,EUR,fr-FR,GF-R1-U2,1,wedze-womens-ski-pants-500-slim-black-328165-fw25,https://cdn.shopify.com/s/files/1/1330/6287/files/8602800-product_image-p2382287.jpg?v=1755561223,8
3583784239431,4010359,Quechua,apparel,apparel.trousers-pants,hike_camp,Trousers/pants,Quechua Men’s NH500 Water-Repellent Snow Hiking Pants,Quechua ’s NH500 Pantalon Déperlant de Randonnée Neige Homme,W29 L33,Bronze Khaki Green,89.99,85.49,EUR,fr-FR,GB-R3-U2,1,quechua-mens-warm-water-repellent-snow-hiking-pants-sh500-mountain-324677-fw25-1-fw25,https://cdn.shopify.com/s/files/1/1330/6287/files/8582604-product_image-p2294472.jpg?v=1755621470,4
3583784239448,4010361,Quechua,apparel,apparel.trousers-pants,hike_camp,Trousers/pants,Quechua Men’s NH500 Water-Repellent Snow Hiking Pants,Quechua ’s NH500 Pantalon Déperlant de Randonnée Neige Homme,W31 L33,Bronze Khaki Green,89.99,85.49,EUR,fr-FR,GB-R3-U2,1,quechua-mens-warm-water-repellent-snow-hiking-pants-sh500-mountain-324677-fw25-1-fw25,https://cdn.shopify.com/s/files/1/1330/6287/files/8582604-product_image-p2294472.jpg?v=1755621470,4
3583784239455,4010363,Quechua,apparel,apparel.trousers-pants,hike_camp,Trousers/pants,Quechua Men’s NH500 Water-Repellent Snow Hiking Pants,Quechua ’s NH500 Pantalon Déperlant de Randonnée Neige Homme,W33 L33,Bronze Khaki Green,89.99,85.49,EUR,fr-FR,GB-R3-U2,1,quechua-mens-warm-water-repellent-snow-hiking-pants-sh500-mountain-324677-fw25-1-fw25,https://cdn.shopify.com/s/files/1/1330/6287/files/8582604-product_image-p2294472.jpg?v=1755621470,4
3583784239462,4010365,Quechua,apparel,apparel.trousers-pants,hike_camp,Trousers/pants,Quechua Men’s NH500 Water-Repellent Snow Hiking Pants,Quechua ’s NH500 Pantalon Déperlant de Randonnée Neige Homme,W34 L34,Bronze Khaki Green,89.99,85.49,EUR,fr-FR,GB-R3-U2,2,quechua-mens-warm-water-repellent-snow-hiking-pants-sh500-mountain-324677-fw25-1-fw25,https://cdn.shopify.com/s/files/1/1330/6287/files/8582604-product_image-p2294472.jpg?v=1755621470,4
3583784239479,4010367,Quechua,apparel,apparel.trousers-pants,hike_camp,Trousers/pants,Quechua Men’s NH500 Water-Repellent Snow Hiking Pants,Quechua ’s NH500 Pantalon Déperlant de Randonnée Neige Homme,W36 L34,Bronze Khaki Green,89.99,85.49,EUR,fr-FR,GB-R3-U2,1,quechua-mens-warm-water-repellent-snow-hiking-pants-sh500-mountain-324677-fw25-1-fw25,https://cdn.shopify.com/s/files/1/1330/6287/files/8582604-product_image-p2294472.jpg?v=1755621470,4
3583784239486,4010369,Quechua,apparel,apparel.trousers-pants,hike_camp,Trousers/pants,Quechua Men’s NH500 Water-Repellent Snow Hiking Pants,Quechua ’s NH500 Pantalon Déperlant de Randonnée Neige Homme,W39 L34,Bronze Khaki Green,89.99,85.49,EUR,fr-FR,GB-R3-U2,3,quechua-mens-warm-water-repellent-snow-hiking-pants-sh500-mountain-324677-fw25-1-fw25,https://cdn.shopify.com/s/files/1/1330/6287/files/8582604-product_image-p2294472.jpg?v=1755621470,4
3583784239493,4010371,Quechua,apparel,apparel.trousers-pants,hike_camp,Trousers/pants,Quechua Men’s NH500 Water-Repellent Snow Hiking Pants,Quechua ’s NH500 Pantalon Déperlant de Randonnée Neige Homme,W42 L34,Bronze Khaki Green,89.99,85.49,EUR,fr-FR,GB-R3-U2,1,quechua-mens-warm-water-repellent-snow-hiking-pants-sh500-mountain-324677-fw25-1-fw25,https://cdn.shopify.com/s/files/1/1330/6287/files/8582604-product_image-p2294472.jpg?v=1755621470,4
3608393111678,4010362,Quechua,apparel,apparel.trousers-pants,hike_camp,Trousers/pants,Quechua Men’s NH500 Water-Repellent Snow Hiking Pants,Quechua ’s NH500 Pantalon Déperlant de Randonnée Neige Homme,W33 L31,Bronze Khaki Green,89.99,85.49,EUR,fr-FR,GB-R3-U2,2,quechua-mens-warm-water-repellent-snow-hiking-pants-sh500-mountain-324677-fw25-1-fw25,https://cdn.shopify.com/s/files/1/1330/6287/files/8582604-product_image-p2294472.jpg?v=1755621470,4
3608393111685,4010364,Quechua,apparel,apparel.trousers-pants,hike_camp,Trousers/pants,Quechua Men’s NH500 Water-Repellent Snow Hiking Pants,Quechua ’s NH500 Pantalon Déperlant de Randonnée Neige Homme,W34 L32,Bronze Khaki Green,89.99,85.49,EUR,fr-FR,GB-R3-U2,1,quechua-mens-warm-water-repellent-snow-hiking-pants-sh500-mountain-324677-fw25-1-fw25,https://cdn.shopify.com/s/files/1/1330/6287/files/8582604-product_image-p2294472.jpg?v=1755621470,4
3608393111692,4010360,Quechua,apparel,apparel.trousers-pants,hike_camp,Trousers/pants,Quechua Men’s NH500 Water-Repellent Snow Hiking Pants,Quechua ’s NH500 Pantalon Déperlant de Randonnée Neige Homme,W31 L31,Bronze Khaki Green,89.99,85.49,EUR,fr-FR,GB-R3-U2,1,quechua-mens-warm-water-repellent-snow-hiking-pants-sh500-mountain-324677-fw25-1-fw25,https://cdn.shopify.com/s/files/1/1330/6287/files/8582604-product_image-p2294472.jpg?v=1755621470,4
3608393112828,4010373,Quechua,apparel,apparel.trousers-pants,hike_camp,Trousers/pants,Quechua Men’s NH500 Water-Repellent Snow Hiking Pants,Quechua ’s NH500 Pantalon Déperlant de Randonnée Neige Homme,W44 L34,Bronze Khaki Green,89.99,85.49,EUR,fr-FR,GB-R3-U2,1,quechua-mens-warm-water-repellent-snow-hiking-pants-sh500-mountain-324677-fw25-1-fw25,https://cdn.shopify.com/s/files/1/1330/6287/files/8582604-product_image-p2294472.jpg?v=1755621470,4
3608393112835,4010366,Quechua,apparel,apparel.trousers-pants,hike_camp,Trousers/pants,Quechua Men’s NH500 Water-Repellent Snow Hiking Pants,Quechua ’s NH500 Pantalon Déperlant de Randonnée Neige Homme,W36 L32,Bronze Khaki Green,89.99,85.49,EUR,fr-FR,GB-R3-U2,2,quechua-mens-warm-water-repellent-snow-hiking-pants-sh500-mountain-324677-fw25-1-fw25,https://cdn.shopify.com/s/files/1/1330/6287/files/8582604-product_image-p2294472.jpg?v=1755621470,4
3608393112842,4010370,Quechua,apparel,apparel.trousers-pants,hike_camp,Trousers/pants,Quechua Men’s NH500 Water-Repellent Snow Hiking Pants,Quechua ’s NH500 Pantalon Déperlant de Randonnée Neige Homme,W42 L32,Bronze Khaki Green,89.99,85.49,EUR,fr-FR,GB-R3-U2,1,quechua-mens-warm-water-repellent-snow-hiking-pants-sh500-mountain-324677-fw25-1-fw25,https://cdn.shopify.com/s/files/1/1330/6287/files/8582604-product_image-p2294472.jpg?v=1755621470,4
3608393112859,4010358,Quechua,apparel,apparel.trousers-pants,hike_camp,Trousers/pants,Quechua Men’s NH500 Water-Repellent Snow Hiking Pants,Quechua ’s NH500 Pantalon Déperlant de Randonnée Neige Homme,W29 L31,Bronze Khaki Green,89.99,85.49,EUR,fr-FR,GB-R3-U2,0,quechua-mens-warm-water-repellent-snow-hiking-pants-sh500-mountain-324677-fw25-1-fw25,https://cdn.shopify.com/s/files/1/1330/6287/files/8582604-product_image-p2294472.jpg?v=1755621470,4
3608393999986,4010372,Quechua,apparel,apparel.trousers-pants,hike_camp,Trousers/pants,Quechua Men’s NH500 Water-Repellent Snow Hiking Pants,Quechua ’s NH500 Pantalon Déperlant de Randonnée Neige Homme,W44 L32,Bronze Khaki Green,89.99,85.49,EUR,fr-FR,GB-R3-U2,0,quechua-mens-warm-water-repellent-snow-hiking-pants-sh500-mountain-324677-fw25-1-fw25,https://cdn.shopify.com/s/files/1/1330/6287/files/8582604-product_image-p2294472.jpg?v=1755621470,4
3583780571207,522209,Forclaz,outdoor,outdoor.foam-mat,hike_camp,Foam mat,Forclaz MT100 Foam Sleeping Pad,Forclaz MT100 Matelas de sol Mousse,One Size,Pewter,15.00,14.25,EUR,fr-FR,GF-R3-U2,2,hiking-mattress-forclaz-m100-foam,https://cdn.shopify.com/s/files/1/1330/6287/files/5591048-product_image-p2621050.jpg?v=1712056161,6
3608390741212,5066079,Kiprun,accessories,accessories.cap,running,Cap,Kiprun Ultra-Light 5-Panel Running Cap,Kiprun 5-Panel Casquette de Running Léger Ultra,One Size,Pale Mint,24.99,23.74,EUR,fr-FR,GB-R2-U2,1,unisex-running-cap-kiprun-5-panels-carbon-grey-344027,https://cdn.shopify.com/s/files/1/1330/6287/files/8852482-context_image-p2599876.jpg?v=1749852400,60
3608390741724,5066080,Kiprun,accessories,accessories.cap,running,Cap,Kiprun Ultra-Light 5-Panel Running Cap,Kiprun 5-Panel Casquette de Running Léger Ultra,One Size,Mint Green,15.00,14.25,EUR,fr-FR,GB-R2-U2,1,unisex-running-cap-kiprun-5-panels-carbon-grey-344027,https://cdn.shopify.com/s/files/1/1330/6287/files/8852482-context_image-p2599876.jpg?v=1749852400,60
3608392018831,5365302,Kiprun,accessories,accessories.cap,running,Cap,Kiprun Ultra-Light 5-Panel Running Cap,Kiprun 5-Panel Casquette de Running Léger Ultra,One Size,Graphite Grey,24.99,23.74,EUR,fr-FR,GB-R2-U2,1,unisex-running-cap-kiprun-5-panels-carbon-grey-344027,https://cdn.shopify.com/s/files/1/1330/6287/files/8852482-context_image-p2599876.jpg?v=1749852400,60
3608393602459,5538474,Kiprun,accessories,accessories.cap,running,Cap,Kiprun Ultra-Light 5-Panel Running Cap,Kiprun 5-Panel Casquette de Running Léger Ultra,One Size,Fuchsia Pink,24.99,23.74,EUR,fr-FR,GB-R2-U2,2,unisex-running-cap-kiprun-5-panels-carbon-grey-344027,https://cdn.shopify.com/s/files/1/1330/6287/files/8852482-context_image-p2599876.jpg?v=1749852400,60
3608393605726,5537069,Kiprun,accessories,accessories.cap,running,Cap,Kiprun Ultra-Light 5-Panel Running Cap,Kiprun 5-Panel Casquette de Running Léger Ultra,One Size,Dark Petrol Blue,24.99,23.74,EUR,fr-FR,GB-R2-U2,1,unisex-running-cap-kiprun-5-panels-carbon-grey-344027,https://cdn.shopify.com/s/files/1/1330/6287/files/8852482-context_image-p2599876.jpg?v=1749852400,60
3608409840172,4184205,Van Rysel,outdoor,outdoor.foam-mat,general,Foam mat,Van Rysel Flanders Cycling Trainer Mat,Van Rysel Flanders Trainer Mat de Vélo,One Size,Unspecified,79.99,75.99,EUR,fr-FR,GF-R1-U1,1,van-rysel-flanders-turbo-trainer-mat-329739-fw25,https://cdn.shopify.com/s/files/1/1330/6287/products/8610591-product_image-1921846.jpg?v=1686435752,6
3583784881531,5242382,Van Rysel,outdoor,outdoor.road-bike,general,Road bike,Van Rysel RCR Rival AXS V1,Van Rysel RCR Rival AXS V1,"XS / 5' - 5'3""",Bright Indigo,4999.00,4749.05,EUR,fr-FR,GF-R1-U2,0,van-rysel-rcr-rival-axs-power-sensor-road-bike-355770,https://cdn.shopify.com/s/files/1/1330/6287/files/8885220-product_image-p2561256.jpg?v=1713460919,11
3583784881548,5242383,Van Rysel,outdoor,outdoor.road-bike,general,Road bike,Van Rysel RCR Rival AXS V1,Van Rysel RCR Rival AXS V1,"S / 5'3"" - 5'8""",Bright Indigo,4999.00,4749.05,EUR,fr-FR,GF-R1-U2,1,van-rysel-rcr-rival-axs-power-sensor-road-bike-355770,https://cdn.shopify.com/s/files/1/1330/6287/files/8885220-product_image-p2561256.jpg?v=1713460919,11
3583784881555,5242384,Van Rysel,outdoor,outdoor.road-bike,general,Road bike,Van Rysel RCR Rival AXS V1,Van Rysel RCR Rival AXS V1,"M / 5'7"" - 5'11""",Bright Indigo,4999.00,4749.05,EUR,fr-FR,GF-R1-U2,0,van-rysel-rcr-rival-axs-power-sensor-road-bike-355770,https://cdn.shopify.com/s/files/1/1330/6287/files/8885220-product_image-p2561256.jpg?v=1713460919,11
3583784881562,5242385,Van Rysel,outdoor,outdoor.road-bike,general,Road bike,Van Rysel RCR Rival AXS V1,Van Rysel RCR Rival AXS V1,"L / 5'10"" - 6'2""",Bright Indigo,4999.00,4749.05,EUR,fr-FR,GF-R1-U2,1,van-rysel-rcr-rival-axs-power-sensor-road-bike-355770,https://cdn.shopify.com/s/files/1/1330/6287/files/8885220-product_image-p2561256.jpg?v=1713460919,11
3583784881579,5242386,Van Rysel,outdoor,outdoor.road-bike,general,Road bike,Van Rysel RCR Rival AXS V1,Van Rysel RCR Rival AXS V1,"XL / 6'1"" - 6'5""",Bright Indigo,4999.00,4749.05,EUR,fr-FR,GF-R1-U2,0,van-rysel-rcr-rival-axs-power-sensor-road-bike-355770,https://cdn.shopify.com/s/files/1/1330/6287/files/8885220-product_image-p2561256.jpg?v=1713460919,11
3608439258701,4264187,Quechua,apparel,apparel.jacket,hike_camp,Jacket,Quechua Women's NH500 Waterproof Winter Jacket,Quechua NH500 Veste Imperméable Hiver Femme,3XL,Black,99.99,94.99,EUR,fr-FR,GF-R3-U1,1,womens-hiking-waterproof-winter-jacket-sh500-14-f-331301,https://cdn.shopify.com/s/files/1/1330/6287/files/8640297-product_image-p2718258.jpg?v=1742382239,8
3608439312953,4264185,Quechua,apparel,apparel.jacket,hike_camp,Jacket,Quechua Women's NH500 Waterproof Winter Jacket,Quechua NH500 Veste Imperméable Hiver Femme,2XL,Black,40.00,38.0,EUR,fr-FR,GF-R3-U1,2,womens-hiking-waterproof-winter-jacket-sh500-14-f-331301,https://cdn.shopify.com/s/files/1/1330/6287/files/8640297-product_image-p2718258.jpg?v=1742382239,8
3608439313004,4264194,Quechua,apparel,apparel.jacket,hike_camp,Jacket,Quechua Women's NH500 Waterproof Winter Jacket,Quechua NH500 Veste Imperméable Hiver Femme,XS,Black,99.99,94.99,EUR,fr-FR,GF-R3-U1,2,womens-hiking-waterproof-winter-jacket-sh500-14-f-331301,https://cdn.shopify.com/s/files/1/1330/6287/files/8640297-product_image-p2718258.jpg?v=1742382239,8
3608439313011,4264193,Quechua,apparel,apparel.jacket,hike_camp,Jacket,Quechua Women's NH500 Waterproof Winter Jacket,Quechua NH500 Veste Imperméable Hiver Femme,XL,Black,99.99,94.99,EUR,fr-FR,GF-R3-U1,4,womens-hiking-waterproof-winter-jacket-sh500-14-f-331301,https://cdn.shopify.com/s/files/1/1330/6287/files/8640297-product_image-p2718258.jpg?v=1742382239,8
3608439313035,4264190,Quechua,apparel,apparel.jacket,hike_camp,Jacket,Quechua Women's NH500 Waterproof Winter Jacket,Quechua NH500 Veste Imperméable Hiver Femme,L,Black,99.99,94.99,EUR,fr-FR,GF-R3-U1,5,womens-hiking-waterproof-winter-jacket-sh500-14-f-331301,https://cdn.shopify.com/s/files/1/1330/6287/files/8640297-product_image-p2718258.jpg?v=1742382239,8
3608439313042,4264192,Quechua,apparel,apparel.jacket,hike_camp,Jacket,Quechua Women's NH500 Waterproof Winter Jacket,Quechua NH500 Veste Imperméable Hiver Femme,S,Black,99.99,94.99,EUR,fr-FR,GF-R3-U1,4,womens-hiking-waterproof-winter-jacket-sh500-14-f-331301,https://cdn.shopify.com/s/files/1/1330/6287/files/8640297-product_image-p2718258.jpg?v=1742382239,8
3608439313066,4264191,Quechua,apparel,apparel.jacket,hike_camp,Jacket,Quechua Women's NH500 Waterproof Winter Jacket,Quechua NH500 Veste Imperméable Hiver Femme,M,Black,99.99,94.99,EUR,fr-FR,GF-R3-U1,6,womens-hiking-waterproof-winter-jacket-sh500-14-f-331301,https://cdn.shopify.com/s/files/1/1330/6287/files/8640297-product_image-p2718258.jpg?v=1742382239,8
3608391639921,5225506,Simond,outdoor,outdoor.sleeping-bag,general,Sleeping bag,Simond MT500 32°F Polyester Sleeping Bag,Simond MT500 32°F Polyester Sac de couchage,"M / 5'2""–5'6""",Green,80.00,76.0,EUR,fr-FR,GB-R1-U1,1,simond-backpacking-sleeping-bag-mt500-32-f-synthetic-346447,https://cdn.shopify.com/s/files/1/1330/6287/files/8883413-product_image-p2585160.jpg?v=1744325493,6
3608391639938,5225507,Simond,outdoor,outdoor.sleeping-bag,general,Sleeping bag,Simond MT500 32°F Polyester Sleeping Bag,Simond MT500 32°F Polyester Sac de couchage,"XL / 6'1""–6'6""",Green,80.00,76.0,EUR,fr-FR,GB-R1-U1,0,simond-backpacking-sleeping-bag-mt500-32-f-synthetic-346447,https://cdn.shopify.com/s/files/1/1330/6287/files/8883413-product_image-p2585160.jpg?v=1744325493,6
3608391639945,5225508,Simond,outdoor,outdoor.sleeping-bag,general,Sleeping bag,Simond MT500 32°F Polyester Sleeping Bag,Simond MT500 32°F Polyester Sac de couchage,"L / 5'7""–6'0""",Green,80.00,76.0,EUR,fr-FR,GB-R1-U1,0,simond-backpacking-sleeping-bag-mt500-32-f-synthetic-346447,https://cdn.shopify.com/s/files/1/1330/6287/files/8883413-product_image-p2585160.jpg?v=1744325493,6
3608392616020,5485697,Decathlon,bag_pack,bag_pack.belt-bag,general,Belt bag,2 pocket Waterproof BumBag,2 pocket BumBag Imperméable,OS,Khaki Gray,29.99,28.49,EUR,fr-FR,PE-03,4,2-pocket-waterproof-bumbag,https://cdn.shopify.com/s/files/1/1330/6287/files/default_0d7fb7f8-f7a6-4c4d-8b84-b3e66c14e190.jpg?v=1775495660,7
3583787303948,4361592,Forclaz,accessories,accessories.gloves,hike_camp,Gloves,Forclaz Adult MT900 Backpacking Gloves,Forclaz MT900 Gants Trekking Adulte,L,Carbon Gray,49.99,47.49,EUR,fr-FR,GB-R3-U2,2,forclaz-adult-mt900-backpacking-gloves-335267,https://cdn.shopify.com/s/files/1/1330/6287/files/8655822-product_image-p2572825.jpg?v=1712146091,15
3583787303955,4361593,Forclaz,accessories,accessories.gloves,hike_camp,Gloves,Forclaz Adult MT900 Backpacking Gloves,Forclaz MT900 Gants Trekking Adulte,XL,Carbon Gray,49.99,47.49,EUR,fr-FR,GB-R3-U2,1,forclaz-adult-mt900-backpacking-gloves-335267,https://cdn.shopify.com/s/files/1/1330/6287/files/8655822-product_image-p2572825.jpg?v=1712146091,15
3583787303962,4361594,Forclaz,accessories,accessories.gloves,hike_camp,Gloves,Forclaz Adult MT900 Backpacking Gloves,Forclaz MT900 Gants Trekking Adulte,2XL,Carbon Gray,49.99,47.49,EUR,fr-FR,GB-R3-U2,1,forclaz-adult-mt900-backpacking-gloves-335267,https://cdn.shopify.com/s/files/1/1330/6287/files/8655822-product_image-p2572825.jpg?v=1712146091,15
3583787303979,4361595,Forclaz,accessories,accessories.gloves,hike_camp,Gloves,Forclaz Adult MT900 Backpacking Gloves,Forclaz MT900 Gants Trekking Adulte,3XL,Carbon Gray,49.99,47.49,EUR,fr-FR,GB-R3-U2,2,forclaz-adult-mt900-backpacking-gloves-335267,https://cdn.shopify.com/s/files/1/1330/6287/files/8655822-product_image-p2572825.jpg?v=1712146091,15
3583787303993,4361589,Forclaz,accessories,accessories.gloves,hike_camp,Gloves,Forclaz Adult MT900 Backpacking Gloves,Forclaz MT900 Gants Trekking Adulte,XS,Carbon Gray,49.99,47.49,EUR,fr-FR,GB-R3-U2,1,forclaz-adult-mt900-backpacking-gloves-335267,https://cdn.shopify.com/s/files/1/1330/6287/files/8655822-product_image-p2572825.jpg?v=1712146091,15
3583787304006,4361590,Forclaz,accessories,accessories.gloves,hike_camp,Gloves,Forclaz Adult MT900 Backpacking Gloves,Forclaz MT900 Gants Trekking Adulte,S,Carbon Gray,49.99,47.49,EUR,fr-FR,GB-R3-U2,2,forclaz-adult-mt900-backpacking-gloves-335267,https://cdn.shopify.com/s/files/1/1330/6287/files/8655822-product_image-p2572825.jpg?v=1712146091,15
3583787304013,4361591,Forclaz,accessories,accessories.gloves,hike_camp,Gloves,Forclaz Adult MT900 Backpacking Gloves,Forclaz MT900 Gants Trekking Adulte,M,Carbon Gray,49.99,47.49,EUR,fr-FR,GB-R3-U2,1,forclaz-adult-mt900-backpacking-gloves-335267,https://cdn.shopify.com/s/files/1/1330/6287/files/8655822-product_image-p2572825.jpg?v=1712146091,15
3583787230190,4879842,Van Rysel,apparel,apparel.base-layer,general,Base layer,Van Rysel Women's Cycling Mesh Warm Weather Base Layer,Van Rysel Mesh Weather Sous-vêtement technique de Vélo Chaud Femme,S,Magnolia,39.99,37.99,EUR,fr-FR,GB-R1-U1,4,van-rysel-womens-cycling-mesh-warm-weather-base-layer-white-347426,https://cdn.shopify.com/s/files/1/1330/6287/files/8806960-product_image-p2647521.jpg?v=1745013974,12
3583787230329,4879845,Van Rysel,apparel,apparel.base-layer,general,Base layer,Van Rysel Women's Cycling Mesh Warm Weather Base Layer,Van Rysel Mesh Weather Sous-vêtement technique de Vélo Chaud Femme,XL,Magnolia,39.99,37.99,EUR,fr-FR,GB-R1-U1,5,van-rysel-womens-cycling-mesh-warm-weather-base-layer-white-347426,https://cdn.shopify.com/s/files/1/1330/6287/files/8806960-product_image-p2647521.jpg?v=1745013974,12
3583787230336,4879844,Van Rysel,apparel,apparel.base-layer,general,Base layer,Van Rysel Women's Cycling Mesh Warm Weather Base Layer,Van Rysel Mesh Weather Sous-vêtement technique de Vélo Chaud Femme,L,Magnolia,39.99,37.99,EUR,fr-FR,GB-R1-U1,6,van-rysel-womens-cycling-mesh-warm-weather-base-layer-white-347426,https://cdn.shopify.com/s/files/1/1330/6287/files/8806960-product_image-p2647521.jpg?v=1745013974,12
3583787230343,4879843,Van Rysel,apparel,apparel.base-layer,general,Base layer,Van Rysel Women's Cycling Mesh Warm Weather Base Layer,Van Rysel Mesh Weather Sous-vêtement technique de Vélo Chaud Femme,M,Magnolia,39.99,37.99,EUR,fr-FR,GB-R1-U1,6,van-rysel-womens-cycling-mesh-warm-weather-base-layer-white-347426,https://cdn.shopify.com/s/files/1/1330/6287/files/8806960-product_image-p2647521.jpg?v=1745013974,12
3608449915571,885265,Wedze,apparel,apparel.baselayer-bottom,general,Baselayer bottom,Wedze Kids' BL100 Thermal Ski Base Layer Bottom,Wedze BL100 Bottom Sous-vêtement technique Thermique de Ski Enfant,14 Years,Smoked Black,9.99,9.49,EUR,fr-FR,GB-R1-U2,3,kids-ski-base-layer-bottoms-100-fw25,https://cdn.shopify.com/s/files/1/1330/6287/products/8343743-product_image-125703.jpg?v=1757369178,8
3608449915588,885264,Wedze,apparel,apparel.baselayer-bottom,general,Baselayer bottom,Wedze Kids' BL100 Thermal Ski Base Layer Bottom,Wedze BL100 Bottom Sous-vêtement technique Thermique de Ski Enfant,12 Years,Smoked Black,9.99,9.49,EUR,fr-FR,GB-R1-U2,5,kids-ski-base-layer-bottoms-100-fw25,https://cdn.shopify.com/s/files/1/1330/6287/products/8343743-product_image-125703.jpg?v=1757369178,8
3608449915595,885261,Wedze,apparel,apparel.baselayer-bottom,general,Baselayer bottom,Wedze Kids' BL100 Thermal Ski Base Layer Bottom,Wedze BL100 Bottom Sous-vêtement technique Thermique de Ski Enfant,10 Years,Smoked Black,9.99,9.49,EUR,fr-FR,GB-R1-U2,8,kids-ski-base-layer-bottoms-100-fw25,https://cdn.shopify.com/s/files/1/1330/6287/products/8343743-product_image-125703.jpg?v=1757369178,8
3608449915601,885260,Wedze,apparel,apparel.baselayer-bottom,general,Baselayer bottom,Wedze Kids' BL100 Thermal Ski Base Layer Bottom,Wedze BL100 Bottom Sous-vêtement technique Thermique de Ski Enfant,8 Years,Smoked Black,9.99,9.49,EUR,fr-FR,GB-R1-U2,8,kids-ski-base-layer-bottoms-100-fw25,https://cdn.shopify.com/s/files/1/1330/6287/products/8343743-product_image-125703.jpg?v=1757369178,8
3608449915618,885258,Wedze,apparel,apparel.baselayer-bottom,general,Baselayer bottom,Wedze Kids' BL100 Thermal Ski Base Layer Bottom,Wedze BL100 Bottom Sous-vêtement technique Thermique de Ski Enfant,6 Years,Smoked Black,9.99,9.49,EUR,fr-FR,GB-R1-U2,5,kids-ski-base-layer-bottoms-100-fw25,https://cdn.shopify.com/s/files/1/1330/6287/products/8343743-product_image-125703.jpg?v=1757369178,8
3608449915625,885256,Wedze,apparel,apparel.baselayer-bottom,general,Baselayer bottom,Wedze Kids' BL100 Thermal Ski Base Layer Bottom,Wedze BL100 Bottom Sous-vêtement technique Thermique de Ski Enfant,4 Years,Smoked Black,9.99,9.49,EUR,fr-FR,GB-R1-U2,3,kids-ski-base-layer-bottoms-100-fw25,https://cdn.shopify.com/s/files/1/1330/6287/products/8343743-product_image-125703.jpg?v=1757369178,8
3608391904548,5326034,Van Rysel,outdoor,outdoor.road-bike,general,Road bike,Van Rysel RCR-F Pro Ultegra Di2,Van Rysel RCR-F Pro Ultegra Di2,XS,Electric Purple,7499.00,7124.05,EUR,fr-FR,GB-R1-U2,0,van-rysel-rcr-f-pro-ultegra-di2-357578,https://cdn.shopify.com/s/files/1/1330/6287/files/VAN_RYSEL_RCRF2_PRO_ULTEGRA_DI2_PWR_PURPLE_FLOW_PE25_-_8892050_8913526_-_001_-_-_Expires_on_24-03-2035.jpg?v=1760089074,15
3608391904555,5326035,Van Rysel,outdoor,outdoor.road-bike,general,Road bike,Van Rysel RCR-F Pro Ultegra Di2,Van Rysel RCR-F Pro Ultegra Di2,S,Electric Purple,7499.00,7124.05,EUR,fr-FR,GB-R1-U2,0,van-rysel-rcr-f-pro-ultegra-di2-357578,https://cdn.shopify.com/s/files/1/1330/6287/files/VAN_RYSEL_RCRF2_PRO_ULTEGRA_DI2_PWR_PURPLE_FLOW_PE25_-_8892050_8913526_-_001_-_-_Expires_on_24-03-2035.jpg?v=1760089074,15
3608391904562,5326036,Van Rysel,outdoor,outdoor.road-bike,general,Road bike,Van Rysel RCR-F Pro Ultegra Di2,Van Rysel RCR-F Pro Ultegra Di2,M,Electric Purple,7499.00,7124.05,EUR,fr-FR,GB-R1-U2,1,van-rysel-rcr-f-pro-ultegra-di2-357578,https://cdn.shopify.com/s/files/1/1330/6287/files/VAN_RYSEL_RCRF2_PRO_ULTEGRA_DI2_PWR_PURPLE_FLOW_PE25_-_8892050_8913526_-_001_-_-_Expires_on_24-03-2035.jpg?v=1760089074,15
3608391904579,5326037,Van Rysel,outdoor,outdoor.road-bike,general,Road bike,Van Rysel RCR-F Pro Ultegra Di2,Van Rysel RCR-F Pro Ultegra Di2,L,Electric Purple,7499.00,7124.05,EUR,fr-FR,GB-R1-U2,0,van-rysel-rcr-f-pro-ultegra-di2-357578,https://cdn.shopify.com/s/files/1/1330/6287/files/VAN_RYSEL_RCRF2_PRO_ULTEGRA_DI2_PWR_PURPLE_FLOW_PE25_-_8892050_8913526_-_001_-_-_Expires_on_24-03-2035.jpg?v=1760089074,15
3608391904586,5326038,Van Rysel,outdoor,outdoor.road-bike,general,Road bike,Van Rysel RCR-F Pro Ultegra Di2,Van Rysel RCR-F Pro Ultegra Di2,XL,Electric Purple,7499.00,7124.05,EUR,fr-FR,GB-R1-U2,1,van-rysel-rcr-f-pro-ultegra-di2-357578,https://cdn.shopify.com/s/files/1/1330/6287/files/VAN_RYSEL_RCRF2_PRO_ULTEGRA_DI2_PWR_PURPLE_FLOW_PE25_-_8892050_8913526_-_001_-_-_Expires_on_24-03-2035.jpg?v=1760089074,15
3608390785773,5083867,Quechua,footwear,footwear.shoes,hike_camp,Shoes,Quechua Kids’ NH100 Velcro Hiking Shoes,Quechua NH100 Velcro Chaussures de Randonnée Enfant,7.5C,Smoked Black,15.00,14.25,EUR,fr-FR,PE-01,10,quechua-kids-velcro-hiking-shoes-nh100-black-24-to-34-313049,https://cdn.shopify.com/s/files/1/1330/6287/files/CHAUSSURESKIDGARCONMH100PE24-8853302-001---Expireson22-09-2033.jpg?v=1745434978,8
3608390785780,5083868,Quechua,footwear,footwear.shoes,hike_camp,Shoes,Quechua Kids’ NH100 Velcro Hiking Shoes,Quechua NH100 Velcro Chaussures de Randonnée Enfant,8.5C,Smoked Black,15.00,14.25,EUR,fr-FR,PE-01,7,quechua-kids-velcro-hiking-shoes-nh100-black-24-to-34-313049,https://cdn.shopify.com/s/files/1/1330/6287/files/CHAUSSURESKIDGARCONMH100PE24-8853302-001---Expireson22-09-2033.jpg?v=1745434978,8
3608390785797,5083869,Quechua,footwear,footwear.shoes,hike_camp,Shoes,Quechua Kids’ NH100 Velcro Hiking Shoes,Quechua NH100 Velcro Chaussures de Randonnée Enfant,10.5C,Smoked Black,15.00,14.25,EUR,fr-FR,PE-01,2,quechua-kids-velcro-hiking-shoes-nh100-black-24-to-34-313049,https://cdn.shopify.com/s/files/1/1330/6287/files/CHAUSSURESKIDGARCONMH100PE24-8853302-001---Expireson22-09-2033.jpg?v=1745434978,8
3608390786701,5083870,Quechua,footwear,footwear.shoes,hike_camp,Shoes,Quechua Kids’ NH100 Velcro Hiking Shoes,Quechua NH100 Velcro Chaussures de Randonnée Enfant,10C,Smoked Black,15.00,14.25,EUR,fr-FR,PE-01,3,quechua-kids-velcro-hiking-shoes-nh100-black-24-to-34-313049,https://cdn.shopify.com/s/files/1/1330/6287/files/CHAUSSURESKIDGARCONMH100PE24-8853302-001---Expireson22-09-2033.jpg?v=1745434978,8
3608390786718,5083871,Quechua,footwear,footwear.shoes,hike_camp,Shoes,Quechua Kids’ NH100 Velcro Hiking Shoes,Quechua NH100 Velcro Chaussures de Randonnée Enfant,9C,Smoked Black,15.00,14.25,EUR,fr-FR,PE-01,6,quechua-kids-velcro-hiking-shoes-nh100-black-24-to-34-313049,https://cdn.shopify.com/s/files/1/1330/6287/files/CHAUSSURESKIDGARCONMH100PE24-8853302-001---Expireson22-09-2033.jpg?v=1745434978,8
3608390786725,5083872,Quechua,footwear,footwear.shoes,hike_camp,Shoes,Quechua Kids’ NH100 Velcro Hiking Shoes,Quechua NH100 Velcro Chaussures de Randonnée Enfant,11.5C,Smoked Black,15.00,14.25,EUR,fr-FR,PE-01,0,quechua-kids-velcro-hiking-shoes-nh100-black-24-to-34-313049,https://cdn.shopify.com/s/files/1/1330/6287/files/CHAUSSURESKIDGARCONMH100PE24-8853302-001---Expireson22-09-2033.jpg?v=1745434978,8
3608390786732,5083873,Quechua,footwear,footwear.shoes,hike_camp,Shoes,Quechua Kids’ NH100 Velcro Hiking Shoes,Quechua NH100 Velcro Chaussures de Randonnée Enfant,12.5C,Smoked Black,15.00,14.25,EUR,fr-FR,PE-01,0,quechua-kids-velcro-hiking-shoes-nh100-black-24-to-34-313049,https://cdn.shopify.com/s/files/1/1330/6287/files/CHAUSSURESKIDGARCONMH100PE24-8853302-001---Expireson22-09-2033.jpg?v=1745434978,8
3608390786749,5083874,Quechua,footwear,footwear.shoes,hike_camp,Shoes,Quechua Kids’ NH100 Velcro Hiking Shoes,Quechua NH100 Velcro Chaussures de Randonnée Enfant,13C,Smoked Black,15.00,14.25,EUR,fr-FR,PE-01,0,quechua-kids-velcro-hiking-shoes-nh100-black-24-to-34-313049,https://cdn.shopify.com/s/files/1/1330/6287/files/CHAUSSURESKIDGARCONMH100PE24-8853302-001---Expireson22-09-2033.jpg?v=1745434978,8
3608390786756,5083875,Quechua,footwear,footwear.shoes,hike_camp,Shoes,Quechua Kids’ NH100 Velcro Hiking Shoes,Quechua NH100 Velcro Chaussures de Randonnée Enfant,1,Smoked Black,15.00,14.25,EUR,fr-FR,PE-01,0,quechua-kids-velcro-hiking-shoes-nh100-black-24-to-34-313049,https://cdn.shopify.com/s/files/1/1330/6287/files/CHAUSSURESKIDGARCONMH100PE24-8853302-001---Expireson22-09-2033.jpg?v=1745434978,8
3608390786763,5083876,Quechua,footwear,footwear.shoes,hike_camp,Shoes,Quechua Kids’ NH100 Velcro Hiking Shoes,Quechua NH100 Velcro Chaussures de Randonnée Enfant,2,Smoked Black,15.00,14.25,EUR,fr-FR,PE-01,0,quechua-kids-velcro-hiking-shoes-nh100-black-24-to-34-313049,https://cdn.shopify.com/s/files/1/1330/6287/files/CHAUSSURESKIDGARCONMH100PE24-8853302-001---Expireson22-09-2033.jpg?v=1745434978,8
3608390786770,5083877,Quechua,footwear,footwear.shoes,hike_camp,Shoes,Quechua Kids’ NH100 Velcro Hiking Shoes,Quechua NH100 Velcro Chaussures de Randonnée Enfant,2.5,Smoked Black,15.00,14.25,EUR,fr-FR,PE-01,0,quechua-kids-velcro-hiking-shoes-nh100-black-24-to-34-313049,https://cdn.shopify.com/s/files/1/1330/6287/files/CHAUSSURESKIDGARCONMH100PE24-8853302-001---Expireson22-09-2033.jpg?v=1745434978,8
3583787196588,4777408,Forclaz,bag_pack,bag_pack.backpack,hike_camp,Backpack,Forclaz Travel 500 Organizer 40 L Backpack,Forclaz 500 Organizer 40 Sac à dos Voyage,40 L,Khaki Brown,99.99,94.99,EUR,fr-FR,PE-01,3,forclaz-travel-500-organizer-40-l-backpack-338564,https://cdn.shopify.com/s/files/1/1330/6287/files/8735937-product_image-p24798841.jpg?v=1756241885,43
3583787257104,4777409,Forclaz,bag_pack,bag_pack.backpack,hike_camp,Backpack,Forclaz Travel 500 Organizer 40 L Backpack,Forclaz 500 Organizer 40 Sac à dos Voyage,40 L,Dark Sepia,99.99,94.99,EUR,fr-FR,PE-01,3,forclaz-travel-500-organizer-40-l-backpack-338564,https://cdn.shopify.com/s/files/1/1330/6287/files/8735937-product_image-p24798841.jpg?v=1756241885,43
3583787275139,4504051,Forclaz,bag_pack,bag_pack.backpack,hike_camp,Backpack,Forclaz Travel 500 Organizer 40 L Backpack,Forclaz 500 Organizer 40 Sac à dos Voyage,40 L,Black,99.99,94.99,EUR,fr-FR,PE-01,2,forclaz-travel-500-organizer-40-l-backpack-338564,https://cdn.shopify.com/s/files/1/1330/6287/files/8735937-product_image-p24798841.jpg?v=1756241885,43
3608439360145,2923834,Quechua,outdoor,outdoor.bed-base,hike_camp,Bed base,"Quechua Camp Bed Air 79"" Inflatable Camping Bed Base","Quechua Air 79"" Inflatable Camping Bed Base Lit de camp",One Size,Cappucino,149.00,141.55,EUR,fr-FR,GB-R3-U1,2,camping-inflatable-bed-base-single-camp-bed-air-79-309887,https://cdn.shopify.com/s/files/1/1330/6287/files/8595949-product_image-p2583182.jpg?v=1755891015,11
3608393445940,5395829,Decathlon,bag_pack,bag_pack.backpack,general,Backpack,29L Rolltop Backpack,29L Rolltop Sac à dos,OS,Smoked Black,89.99,85.49,EUR,fr-FR,GF-R1-U1,5,29l-rolltop-backpack-1,https://cdn.shopify.com/s/files/1/1330/6287/files/default_356517bf-6867-4dc6-a736-69eddf1eaf18.jpg?v=1775496455,12
3583783992627,2458962,Forclaz,apparel,apparel.leggings,hike_camp,Leggings,Forclaz Women's merino wool legging underwear - MT500,Forclaz legging underwear MT500 Mérinos Laine Femme,2XL,Black,50.00,47.5,EUR,fr-FR,GF-R3-U2,3,forclaz-trek-500-merino-backpacking-tights-womens,https://cdn.shopify.com/s/files/1/1330/6287/files/8510201-product_image-p2599251.jpg?v=1712057186,9
3583783992634,2458963,Forclaz,apparel,apparel.leggings,hike_camp,Leggings,Forclaz Women's merino wool legging underwear - MT500,Forclaz legging underwear MT500 Mérinos Laine Femme,2XS,Black,50.00,47.5,EUR,fr-FR,GF-R3-U2,1,forclaz-trek-500-merino-backpacking-tights-womens,https://cdn.shopify.com/s/files/1/1330/6287/files/8510201-product_image-p2599251.jpg?v=1712057186,9
3583787908815,2458972,Forclaz,apparel,apparel.leggings,hike_camp,Leggings,Forclaz Women's merino wool legging underwear - MT500,Forclaz legging underwear MT500 Mérinos Laine Femme,XS,Black,50.00,47.5,EUR,fr-FR,GF-R3-U2,2,forclaz-trek-500-merino-backpacking-tights-womens,https://cdn.shopify.com/s/files/1/1330/6287/files/8510201-product_image-p2599251.jpg?v=1712057186,9
3583787908822,2458970,Forclaz,apparel,apparel.leggings,hike_camp,Leggings,Forclaz Women's merino wool legging underwear - MT500,Forclaz legging underwear MT500 Mérinos Laine Femme,S,Black,50.00,47.5,EUR,fr-FR,GF-R3-U2,5,forclaz-trek-500-merino-backpacking-tights-womens,https://cdn.shopify.com/s/files/1/1330/6287/files/8510201-product_image-p2599251.jpg?v=1712057186,9
3583787908839,2458971,Forclaz,apparel,apparel.leggings,hike_camp,Leggings,Forclaz Women's merino wool legging underwear - MT500,Forclaz legging underwear MT500 Mérinos Laine Femme,XL,Black,50.00,47.5,EUR,fr-FR,GF-R3-U2,5,forclaz-trek-500-merino-backpacking-tights-womens,https://cdn.shopify.com/s/files/1/1330/6287/files/8510201-product_image-p2599251.jpg?v=1712057186,9
3583787908846,2458968,Forclaz,apparel,apparel.leggings,hike_camp,Leggings,Forclaz Women's merino wool legging underwear - MT500,Forclaz legging underwear MT500 Mérinos Laine Femme,L,Black,50.00,47.5,EUR,fr-FR,GF-R3-U2,8,forclaz-trek-500-merino-backpacking-tights-womens,https://cdn.shopify.com/s/files/1/1330/6287/files/8510201-product_image-p2599251.jpg?v=1712057186,9
3583787908853,2458969,Forclaz,apparel,apparel.leggings,hike_camp,Leggings,Forclaz Women's merino wool legging underwear - MT500,Forclaz legging underwear MT500 Mérinos Laine Femme,M,Black,50.00,47.5,EUR,fr-FR,GF-R3-U2,8,forclaz-trek-500-merino-backpacking-tights-womens,https://cdn.shopify.com/s/files/1/1330/6287/files/8510201-product_image-p2599251.jpg?v=1712057186,9
3608393139566,5624254,Quechua,bag_pack,bag_pack.backpack,hike_camp,Backpack,Quechua 100 Arpenaz 20L Hiking Backpack,Quechua 100 Arpenaz 20L Sac à dos de Randonnée,20 L,Golden Brown,32.99,31.34,EUR,fr-FR,GF-R3-U1,2,quechua-100-arpenaz-20l-hiking-backpack-368816,https://cdn.shopify.com/s/files/1/1330/6287/files/8955900-default_3fa08060-5458-4e3b-85fd-1fbea6d0c35b.jpg?v=1772665580,34
3608393159922,5624261,Quechua,bag_pack,bag_pack.backpack,hike_camp,Backpack,Quechua 100 Arpenaz 20L Hiking Backpack,Quechua 100 Arpenaz 20L Sac à dos de Randonnée,20 L,Beetroot,32.99,31.34,EUR,fr-FR,GF-R3-U1,2,quechua-100-arpenaz-20l-hiking-backpack-368816,https://cdn.shopify.com/s/files/1/1330/6287/files/8955900-default_3fa08060-5458-4e3b-85fd-1fbea6d0c35b.jpg?v=1772665580,34
3608393160652,5624252,Quechua,bag_pack,bag_pack.backpack,hike_camp,Backpack,Quechua 100 Arpenaz 20L Hiking Backpack,Quechua 100 Arpenaz 20L Sac à dos de Randonnée,20 L,Carbon Gray,32.99,31.34,EUR,fr-FR,GF-R3-U1,2,quechua-100-arpenaz-20l-hiking-backpack-368816,https://cdn.shopify.com/s/files/1/1330/6287/files/8955900-default_3fa08060-5458-4e3b-85fd-1fbea6d0c35b.jpg?v=1772665580,34
3608393806468,5723430,Quechua,bag_pack,bag_pack.backpack,hike_camp,Backpack,Quechua 100 Arpenaz 20L Hiking Backpack,Quechua 100 Arpenaz 20L Sac à dos de Randonnée,20 L,Green,32.99,31.34,EUR,fr-FR,GF-R3-U1,3,quechua-100-arpenaz-20l-hiking-backpack-368816,https://cdn.shopify.com/s/files/1/1330/6287/files/8955900-default_3fa08060-5458-4e3b-85fd-1fbea6d0c35b.jpg?v=1772665580,34
3608391640293,5225785,Forclaz,outdoor,outdoor.inflatable-mattress,hike_camp,Inflatable mattress,Forclaz MT500 Air Sleeping Pad - L,Forclaz MT500 Air Matelas de sol,L,Default Color,50.00,47.5,EUR,fr-FR,GB-R3-U2,1,forclaz-mt500-air-mattress-189392,https://cdn.shopify.com/s/files/1/1330/6287/files/8883438-product_image-p2399021.jpg?v=1741976467,9
3608394400610,5830896,Quechua,outdoor,outdoor.tent,hike_camp,Tent,Arpenaz 4.1 Fresh & Black Camping Tent - 4-person,Arpenaz 4.1 Fresh Black Camping 4-person Tente,OS,Teal Blue,329.00,312.55,EUR,fr-FR,GF-R3-U1,2,arpenaz-4-1-fresh-black-camping-tent-4-person,https://cdn.shopify.com/s/files/1/1330/6287/files/default_991b64bf-c5ce-4d4d-8453-3387a4003480.jpg?v=1775484939,16
3583784248693,4246405,Simond,apparel,apparel.down-jacket,general,Down jacket,Simond Men's MT500 Hooded Down Puffer Jacket,Simond MT500 Doudoune à Capuche Duvet Homme,2XL,Dark Petrol Blue,179.00,170.05,EUR,fr-FR,GF-R1-U1,0,forclaz-mens-mt500-hooded-down-puffer-jacket-331151,https://cdn.shopify.com/s/files/1/1330/6287/files/8666110-product_image-p2920891.jpg?v=1762800025,50
3583784248969,4391991,Simond,apparel,apparel.down-jacket,general,Down jacket,Simond Men's MT500 Hooded Down Puffer Jacket,Simond MT500 Doudoune à Capuche Duvet Homme,S,Cayenne,179.00,170.05,EUR,fr-FR,GF-R1-U1,1,forclaz-mens-mt500-hooded-down-puffer-jacket-331151,https://cdn.shopify.com/s/files/1/1330/6287/files/8666110-product_image-p2920891.jpg?v=1762800025,50
3583784248976,4391992,Simond,apparel,apparel.down-jacket,general,Down jacket,Simond Men's MT500 Hooded Down Puffer Jacket,Simond MT500 Doudoune à Capuche Duvet Homme,M,Cayenne,179.00,170.05,EUR,fr-FR,GF-R1-U1,1,forclaz-mens-mt500-hooded-down-puffer-jacket-331151,https://cdn.shopify.com/s/files/1/1330/6287/files/8666110-product_image-p2920891.jpg?v=1762800025,50
3583784248983,4391993,Simond,apparel,apparel.down-jacket,general,Down jacket,Simond Men's MT500 Hooded Down Puffer Jacket,Simond MT500 Doudoune à Capuche Duvet Homme,L,Cayenne,179.00,170.05,EUR,fr-FR,GF-R1-U1,1,forclaz-mens-mt500-hooded-down-puffer-jacket-331151,https://cdn.shopify.com/s/files/1/1330/6287/files/8666110-product_image-p2920891.jpg?v=1762800025,50
3583784248990,4391994,Simond,apparel,apparel.down-jacket,general,Down jacket,Simond Men's MT500 Hooded Down Puffer Jacket,Simond MT500 Doudoune à Capuche Duvet Homme,XL,Cayenne,179.00,170.05,EUR,fr-FR,GF-R1-U1,1,forclaz-mens-mt500-hooded-down-puffer-jacket-331151,https://cdn.shopify.com/s/files/1/1330/6287/files/8666110-product_image-p2920891.jpg?v=1762800025,50
3583784249300,4246406,Simond,apparel,apparel.down-jacket,general,Down jacket,Simond Men's MT500 Hooded Down Puffer Jacket,Simond MT500 Doudoune à Capuche Duvet Homme,3XL,Dark Petrol Blue,179.00,170.05,EUR,fr-FR,GF-R1-U1,0,forclaz-mens-mt500-hooded-down-puffer-jacket-331151,https://cdn.shopify.com/s/files/1/1330/6287/files/8666110-product_image-p2920891.jpg?v=1762800025,50
3583784249317,4246407,Simond,apparel,apparel.down-jacket,general,Down jacket,Simond Men's MT500 Hooded Down Puffer Jacket,Simond MT500 Doudoune à Capuche Duvet Homme,L,Dark Petrol Blue,179.00,170.05,EUR,fr-FR,GF-R1-U1,1,forclaz-mens-mt500-hooded-down-puffer-jacket-331151,https://cdn.shopify.com/s/files/1/1330/6287/files/8666110-product_image-p2920891.jpg?v=1762800025,50
3583784249324,4246408,Simond,apparel,apparel.down-jacket,general,Down jacket,Simond Men's MT500 Hooded Down Puffer Jacket,Simond MT500 Doudoune à Capuche Duvet Homme,M,Dark Petrol Blue,179.00,170.05,EUR,fr-FR,GF-R1-U1,1,forclaz-mens-mt500-hooded-down-puffer-jacket-331151,https://cdn.shopify.com/s/files/1/1330/6287/files/8666110-product_image-p2920891.jpg?v=1762800025,50
3583784249331,4246409,Simond,apparel,apparel.down-jacket,general,Down jacket,Simond Men's MT500 Hooded Down Puffer Jacket,Simond MT500 Doudoune à Capuche Duvet Homme,S,Dark Petrol Blue,179.00,170.05,EUR,fr-FR,GF-R1-U1,1,forclaz-mens-mt500-hooded-down-puffer-jacket-331151,https://cdn.shopify.com/s/files/1/1330/6287/files/8666110-product_image-p2920891.jpg?v=1762800025,50
3583784249348,4246410,Simond,apparel,apparel.down-jacket,general,Down jacket,Simond Men's MT500 Hooded Down Puffer Jacket,Simond MT500 Doudoune à Capuche Duvet Homme,XL,Dark Petrol Blue,179.00,170.05,EUR,fr-FR,GF-R1-U1,1,forclaz-mens-mt500-hooded-down-puffer-jacket-331151,https://cdn.shopify.com/s/files/1/1330/6287/files/8666110-product_image-p2920891.jpg?v=1762800025,50
3583784249409,4391996,Simond,apparel,apparel.down-jacket,general,Down jacket,Simond Men's MT500 Hooded Down Puffer Jacket,Simond MT500 Doudoune à Capuche Duvet Homme,2XL,Cayenne,179.00,170.05,EUR,fr-FR,GF-R1-U1,0,forclaz-mens-mt500-hooded-down-puffer-jacket-331151,https://cdn.shopify.com/s/files/1/1330/6287/files/8666110-product_image-p2920891.jpg?v=1762800025,50
3583784249416,4391997,Simond,apparel,apparel.down-jacket,general,Down jacket,Simond Men's MT500 Hooded Down Puffer Jacket,Simond MT500 Doudoune à Capuche Duvet Homme,3XL,Cayenne,179.00,170.05,EUR,fr-FR,GF-R1-U1,1,forclaz-mens-mt500-hooded-down-puffer-jacket-331151,https://cdn.shopify.com/s/files/1/1330/6287/files/8666110-product_image-p2920891.jpg?v=1762800025,50
3583784316965,4392017,Simond,apparel,apparel.down-jacket,general,Down jacket,Simond Men's MT500 Hooded Down Puffer Jacket,Simond MT500 Doudoune à Capuche Duvet Homme,S,No Dye,125.00,118.75,EUR,fr-FR,GF-R1-U1,0,forclaz-mens-mt500-hooded-down-puffer-jacket-331151,https://cdn.shopify.com/s/files/1/1330/6287/files/8666110-product_image-p2920891.jpg?v=1762800025,50
3583784316972,4392018,Simond,apparel,apparel.down-jacket,general,Down jacket,Simond Men's MT500 Hooded Down Puffer Jacket,Simond MT500 Doudoune à Capuche Duvet Homme,M,No Dye,125.00,118.75,EUR,fr-FR,GF-R1-U1,1,forclaz-mens-mt500-hooded-down-puffer-jacket-331151,https://cdn.shopify.com/s/files/1/1330/6287/files/8666110-product_image-p2920891.jpg?v=1762800025,50
3583784316989,4392019,Simond,apparel,apparel.down-jacket,general,Down jacket,Simond Men's MT500 Hooded Down Puffer Jacket,Simond MT500 Doudoune à Capuche Duvet Homme,L,No Dye,125.00,118.75,EUR,fr-FR,GF-R1-U1,1,forclaz-mens-mt500-hooded-down-puffer-jacket-331151,https://cdn.shopify.com/s/files/1/1330/6287/files/8666110-product_image-p2920891.jpg?v=1762800025,50
3583784316996,4392020,Simond,apparel,apparel.down-jacket,general,Down jacket,Simond Men's MT500 Hooded Down Puffer Jacket,Simond MT500 Doudoune à Capuche Duvet Homme,XL,No Dye,125.00,118.75,EUR,fr-FR,GF-R1-U1,0,forclaz-mens-mt500-hooded-down-puffer-jacket-331151,https://cdn.shopify.com/s/files/1/1330/6287/files/8666110-product_image-p2920891.jpg?v=1762800025,50
3583784317603,4392021,Simond,apparel,apparel.down-jacket,general,Down jacket,Simond Men's MT500 Hooded Down Puffer Jacket,Simond MT500 Doudoune à Capuche Duvet Homme,2XL,No Dye,125.00,118.75,EUR,fr-FR,GF-R1-U1,0,forclaz-mens-mt500-hooded-down-puffer-jacket-331151,https://cdn.shopify.com/s/files/1/1330/6287/files/8666110-product_image-p2920891.jpg?v=1762800025,50
3608390944514,5134094,Simond,apparel,apparel.down-jacket,general,Down jacket,Simond Men's MT500 Hooded Down Puffer Jacket,Simond MT500 Doudoune à Capuche Duvet Homme,S,Black,179.00,170.05,EUR,fr-FR,GF-R1-U1,0,forclaz-mens-mt500-hooded-down-puffer-jacket-331151,https://cdn.shopify.com/s/files/1/1330/6287/files/8666110-product_image-p2920891.jpg?v=1762800025,50
3608390944521,5134095,Simond,apparel,apparel.down-jacket,general,Down jacket,Simond Men's MT500 Hooded Down Puffer Jacket,Simond MT500 Doudoune à Capuche Duvet Homme,M,Black,179.00,170.05,EUR,fr-FR,GF-R1-U1,1,forclaz-mens-mt500-hooded-down-puffer-jacket-331151,https://cdn.shopify.com/s/files/1/1330/6287/files/8666110-product_image-p2920891.jpg?v=1762800025,50
3608390944538,5134096,Simond,apparel,apparel.down-jacket,general,Down jacket,Simond Men's MT500 Hooded Down Puffer Jacket,Simond MT500 Doudoune à Capuche Duvet Homme,L,Black,179.00,170.05,EUR,fr-FR,GF-R1-U1,1,forclaz-mens-mt500-hooded-down-puffer-jacket-331151,https://cdn.shopify.com/s/files/1/1330/6287/files/8666110-product_image-p2920891.jpg?v=1762800025,50
3608390944545,5134097,Simond,apparel,apparel.down-jacket,general,Down jacket,Simond Men's MT500 Hooded Down Puffer Jacket,Simond MT500 Doudoune à Capuche Duvet Homme,XL,Black,179.00,170.05,EUR,fr-FR,GF-R1-U1,0,forclaz-mens-mt500-hooded-down-puffer-jacket-331151,https://cdn.shopify.com/s/files/1/1330/6287/files/8666110-product_image-p2920891.jpg?v=1762800025,50
3608390944552,5134098,Simond,apparel,apparel.down-jacket,general,Down jacket,Simond Men's MT500 Hooded Down Puffer Jacket,Simond MT500 Doudoune à Capuche Duvet Homme,2XL,Black,179.00,170.05,EUR,fr-FR,GF-R1-U1,1,forclaz-mens-mt500-hooded-down-puffer-jacket-331151,https://cdn.shopify.com/s/files/1/1330/6287/files/8666110-product_image-p2920891.jpg?v=1762800025,50
3608390944569,5134099,Simond,apparel,apparel.down-jacket,general,Down jacket,Simond Men's MT500 Hooded Down Puffer Jacket,Simond MT500 Doudoune à Capuche Duvet Homme,3XL,Black,179.00,170.05,EUR,fr-FR,GF-R1-U1,0,forclaz-mens-mt500-hooded-down-puffer-jacket-331151,https://cdn.shopify.com/s/files/1/1330/6287/files/8666110-product_image-p2920891.jpg?v=1762800025,50
3608393141835,4392022,Simond,apparel,apparel.down-jacket,general,Down jacket,Simond Men's MT500 Hooded Down Puffer Jacket,Simond MT500 Doudoune à Capuche Duvet Homme,3XL,No Dye,125.00,118.75,EUR,fr-FR,GF-R1-U1,0,forclaz-mens-mt500-hooded-down-puffer-jacket-331151,https://cdn.shopify.com/s/files/1/1330/6287/files/8666110-product_image-p2920891.jpg?v=1762800025,50
3608390118502,4047155,Kiprun,accessories,accessories.flask,running,Flask,Kiprun Trail Running Soft Flask 250ml/8.5oz,Kiprun Soft 250ml/8.5oz Gourde isotherme de Running Trail,8.45 oz,Unspecified,9.00,8.55,EUR,fr-FR,GB-R2-U1,9,kiprun-extruded-flexible-water-bottle-85oz-325924,https://cdn.shopify.com/s/files/1/1330/6287/files/8588853-product_image-p2293423.jpg?v=1744913751,8
3608393906991,5075896,Simond,apparel,apparel.t-shirt,general,T-shirt,SIMOND Women's Travel 500 Merino Wool T-Shirt,SIMOND 500 T-shirt Mérinos Voyage Laine Femme,XS,Midnight Blue,49.99,47.49,EUR,fr-FR,GF-R1-U2,2,simond-women-s-travel-500-merino-wool-t-shirt-midnight-blue-8853036,https://cdn.shopify.com/s/files/1/1330/6287/files/default_4d4d9151-dd30-4fad-974e-ca2f4832a11a.jpg?v=1775497382,8
3608393907806,5075897,Simond,apparel,apparel.t-shirt,general,T-shirt,SIMOND Women's Travel 500 Merino Wool T-Shirt,SIMOND 500 T-shirt Mérinos Voyage Laine Femme,S,Midnight Blue,49.99,47.49,EUR,fr-FR,GF-R1-U2,4,simond-women-s-travel-500-merino-wool-t-shirt-midnight-blue-8853036,https://cdn.shopify.com/s/files/1/1330/6287/files/default_4d4d9151-dd30-4fad-974e-ca2f4832a11a.jpg?v=1775497382,8
3608393907813,5075898,Simond,apparel,apparel.t-shirt,general,T-shirt,SIMOND Women's Travel 500 Merino Wool T-Shirt,SIMOND 500 T-shirt Mérinos Voyage Laine Femme,M,Midnight Blue,49.99,47.49,EUR,fr-FR,GF-R1-U2,7,simond-women-s-travel-500-merino-wool-t-shirt-midnight-blue-8853036,https://cdn.shopify.com/s/files/1/1330/6287/files/default_4d4d9151-dd30-4fad-974e-ca2f4832a11a.jpg?v=1775497382,8
3608393907820,5075900,Simond,apparel,apparel.t-shirt,general,T-shirt,SIMOND Women's Travel 500 Merino Wool T-Shirt,SIMOND 500 T-shirt Mérinos Voyage Laine Femme,L,Midnight Blue,49.99,47.49,EUR,fr-FR,GF-R1-U2,7,simond-women-s-travel-500-merino-wool-t-shirt-midnight-blue-8853036,https://cdn.shopify.com/s/files/1/1330/6287/files/default_4d4d9151-dd30-4fad-974e-ca2f4832a11a.jpg?v=1775497382,8
3608393907837,5075901,Simond,apparel,apparel.t-shirt,general,T-shirt,SIMOND Women's Travel 500 Merino Wool T-Shirt,SIMOND 500 T-shirt Mérinos Voyage Laine Femme,XL,Midnight Blue,49.99,47.49,EUR,fr-FR,GF-R1-U2,5,simond-women-s-travel-500-merino-wool-t-shirt-midnight-blue-8853036,https://cdn.shopify.com/s/files/1/1330/6287/files/default_4d4d9151-dd30-4fad-974e-ca2f4832a11a.jpg?v=1775497382,8
3608393907844,5075903,Simond,apparel,apparel.t-shirt,general,T-shirt,SIMOND Women's Travel 500 Merino Wool T-Shirt,SIMOND 500 T-shirt Mérinos Voyage Laine Femme,2XL,Midnight Blue,49.99,47.49,EUR,fr-FR,GF-R1-U2,3,simond-women-s-travel-500-merino-wool-t-shirt-midnight-blue-8853036,https://cdn.shopify.com/s/files/1/1330/6287/files/default_4d4d9151-dd30-4fad-974e-ca2f4832a11a.jpg?v=1775497382,8
3583787421963,4102216,Simond,bag_pack,bag_pack.backpack,general,Backpack,Simond Rock 20L Climbing Backpack,Simond Rock 20L Climbing Sac à dos,One Size,Golden Brown,40.00,38.0,EUR,fr-FR,GF-R1-U2,8,simond-rock-20l-climbing-backpack-325829,https://cdn.shopify.com/s/files/1/1330/6287/files/8600295-product_image-p2238412.jpg?v=1741864168,20
3583787791523,4017765,Decathlon,accessories,accessories.towel,general,Towel,Ultra Compact Swimming Microfiber towel - XL 110 x 175 cm,Swimming Microfiber XL 110 175 cm Serviette Compact Ultra,XL,Prussian Blue,24.99,23.74,EUR,fr-FR,ACC-03,7,ultra-compact-swimming-microfiber-towel-xl-110-x-175-cm-1,https://cdn.shopify.com/s/files/1/1330/6287/files/default_979ad412-cd41-41c0-806d-53dad802deab.jpg?v=1775496640,8
3608439362989,4047131,Quechua,bag_pack,bag_pack.backpack,hike_camp,Backpack,Quechua Kids' MH100 5L Hiking Backpack,Quechua MH100 5L Sac à dos de Randonnée Enfant,One Size,Steel Blue,10.00,9.5,EUR,fr-FR,GF-R3-U2,5,quechua-mh100-hiking-5-l-backpack-kids-308368,https://cdn.shopify.com/s/files/1/1330/6287/files/8588848-product_image-p1760782.jpg?v=1745435167,11
3583787526774,4406775,Simond,apparel,apparel.long-sleeved-t-shirt,general,Long-sleeved t-shirt,Simond Men's MT500 Long-sleeve 100% Merino Wool T-shirt,Simond MT500 100% T-shirt Manches longues Mérinos Laine Homme,XL,Black,50.00,47.5,EUR,fr-FR,GB-R1-U1,3,mens-mt500-long-sleeve-100-merino-wool-t-shirt-11829,https://cdn.shopify.com/s/files/1/1330/6287/files/8670229-product_image-p2865915_2ecfe882-09ec-4d7d-a6a5-15411f02720f.jpg?v=1748579195,15
3583787526781,4406776,Simond,apparel,apparel.long-sleeved-t-shirt,general,Long-sleeved t-shirt,Simond Men's MT500 Long-sleeve 100% Merino Wool T-shirt,Simond MT500 100% T-shirt Manches longues Mérinos Laine Homme,2XL,Black,50.00,47.5,EUR,fr-FR,GB-R1-U1,1,mens-mt500-long-sleeve-100-merino-wool-t-shirt-11829,https://cdn.shopify.com/s/files/1/1330/6287/files/8670229-product_image-p2865915_2ecfe882-09ec-4d7d-a6a5-15411f02720f.jpg?v=1748579195,15
3583787526798,4406773,Simond,apparel,apparel.long-sleeved-t-shirt,general,Long-sleeved t-shirt,Simond Men's MT500 Long-sleeve 100% Merino Wool T-shirt,Simond MT500 100% T-shirt Manches longues Mérinos Laine Homme,M,Black,50.00,47.5,EUR,fr-FR,GB-R1-U1,4,mens-mt500-long-sleeve-100-merino-wool-t-shirt-11829,https://cdn.shopify.com/s/files/1/1330/6287/files/8670229-product_image-p2865915_2ecfe882-09ec-4d7d-a6a5-15411f02720f.jpg?v=1748579195,15
3583787526804,4406774,Simond,apparel,apparel.long-sleeved-t-shirt,general,Long-sleeved t-shirt,Simond Men's MT500 Long-sleeve 100% Merino Wool T-shirt,Simond MT500 100% T-shirt Manches longues Mérinos Laine Homme,L,Black,50.00,47.5,EUR,fr-FR,GB-R1-U1,4,mens-mt500-long-sleeve-100-merino-wool-t-shirt-11829,https://cdn.shopify.com/s/files/1/1330/6287/files/8670229-product_image-p2865915_2ecfe882-09ec-4d7d-a6a5-15411f02720f.jpg?v=1748579195,15
3583787526811,4406772,Simond,apparel,apparel.long-sleeved-t-shirt,general,Long-sleeved t-shirt,Simond Men's MT500 Long-sleeve 100% Merino Wool T-shirt,Simond MT500 100% T-shirt Manches longues Mérinos Laine Homme,S,Black,50.00,47.5,EUR,fr-FR,GB-R1-U1,2,mens-mt500-long-sleeve-100-merino-wool-t-shirt-11829,https://cdn.shopify.com/s/files/1/1330/6287/files/8670229-product_image-p2865915_2ecfe882-09ec-4d7d-a6a5-15411f02720f.jpg?v=1748579195,15
3608392249372,5407392,Simond,apparel,apparel.long-sleeved-t-shirt,general,Long-sleeved t-shirt,Simond Men's MT500 Long-sleeve 100% Merino Wool T-shirt,Simond MT500 100% T-shirt Manches longues Mérinos Laine Homme,S,Chocolate Truffle,60.00,57.0,EUR,fr-FR,GB-R1-U1,3,mens-mt500-long-sleeve-100-merino-wool-t-shirt-11829,https://cdn.shopify.com/s/files/1/1330/6287/files/8670229-product_image-p2865915_2ecfe882-09ec-4d7d-a6a5-15411f02720f.jpg?v=1748579195,15
3608392249389,5407393,Simond,apparel,apparel.long-sleeved-t-shirt,general,Long-sleeved t-shirt,Simond Men's MT500 Long-sleeve 100% Merino Wool T-shirt,Simond MT500 100% T-shirt Manches longues Mérinos Laine Homme,M,Chocolate Truffle,60.00,57.0,EUR,fr-FR,GB-R1-U1,4,mens-mt500-long-sleeve-100-merino-wool-t-shirt-11829,https://cdn.shopify.com/s/files/1/1330/6287/files/8670229-product_image-p2865915_2ecfe882-09ec-4d7d-a6a5-15411f02720f.jpg?v=1748579195,15
3608392249396,5407394,Simond,apparel,apparel.long-sleeved-t-shirt,general,Long-sleeved t-shirt,Simond Men's MT500 Long-sleeve 100% Merino Wool T-shirt,Simond MT500 100% T-shirt Manches longues Mérinos Laine Homme,L,Chocolate Truffle,60.00,57.0,EUR,fr-FR,GB-R1-U1,4,mens-mt500-long-sleeve-100-merino-wool-t-shirt-11829,https://cdn.shopify.com/s/files/1/1330/6287/files/8670229-product_image-p2865915_2ecfe882-09ec-4d7d-a6a5-15411f02720f.jpg?v=1748579195,15
3608392250705,5407395,Simond,apparel,apparel.long-sleeved-t-shirt,general,Long-sleeved t-shirt,Simond Men's MT500 Long-sleeve 100% Merino Wool T-shirt,Simond MT500 100% T-shirt Manches longues Mérinos Laine Homme,XL,Chocolate Truffle,60.00,57.0,EUR,fr-FR,GB-R1-U1,3,mens-mt500-long-sleeve-100-merino-wool-t-shirt-11829,https://cdn.shopify.com/s/files/1/1330/6287/files/8670229-product_image-p2865915_2ecfe882-09ec-4d7d-a6a5-15411f02720f.jpg?v=1748579195,15
3608392250712,5407396,Simond,apparel,apparel.long-sleeved-t-shirt,general,Long-sleeved t-shirt,Simond Men's MT500 Long-sleeve 100% Merino Wool T-shirt,Simond MT500 100% T-shirt Manches longues Mérinos Laine Homme,2XL,Chocolate Truffle,60.00,57.0,EUR,fr-FR,GB-R1-U1,2,mens-mt500-long-sleeve-100-merino-wool-t-shirt-11829,https://cdn.shopify.com/s/files/1/1330/6287/files/8670229-product_image-p2865915_2ecfe882-09ec-4d7d-a6a5-15411f02720f.jpg?v=1748579195,15
3583787864364,2712105,Simond,apparel,apparel.boxer-shorts,general,Boxer shorts,Simond Trek 500 Merino Wool Backpacking Underwear Women's,Simond Trek 500 Underwear Trekking Mérinos Laine Femme,L,Black,29.99,28.49,EUR,fr-FR,GB-R1-U2,8,womens-mountain-backpacking-merino-wool-pants-trek-500-306971,https://cdn.shopify.com/s/files/1/1330/6287/files/8544731-product_image-p2815818.jpg?v=1748659487,6
3583787864388,2712109,Simond,apparel,apparel.boxer-shorts,general,Boxer shorts,Simond Trek 500 Merino Wool Backpacking Underwear Women's,Simond Trek 500 Underwear Trekking Mérinos Laine Femme,XS,Black,29.99,28.49,EUR,fr-FR,GB-R1-U2,2,womens-mountain-backpacking-merino-wool-pants-trek-500-306971,https://cdn.shopify.com/s/files/1/1330/6287/files/8544731-product_image-p2815818.jpg?v=1748659487,6
3583787864395,2712108,Simond,apparel,apparel.boxer-shorts,general,Boxer shorts,Simond Trek 500 Merino Wool Backpacking Underwear Women's,Simond Trek 500 Underwear Trekking Mérinos Laine Femme,XL,Black,29.99,28.49,EUR,fr-FR,GB-R1-U2,5,womens-mountain-backpacking-merino-wool-pants-trek-500-306971,https://cdn.shopify.com/s/files/1/1330/6287/files/8544731-product_image-p2815818.jpg?v=1748659487,6
3583787864401,2712107,Simond,apparel,apparel.boxer-shorts,general,Boxer shorts,Simond Trek 500 Merino Wool Backpacking Underwear Women's,Simond Trek 500 Underwear Trekking Mérinos Laine Femme,S,Black,29.99,28.49,EUR,fr-FR,GB-R1-U2,5,womens-mountain-backpacking-merino-wool-pants-trek-500-306971,https://cdn.shopify.com/s/files/1/1330/6287/files/8544731-product_image-p2815818.jpg?v=1748659487,6
3583787864418,2712106,Simond,apparel,apparel.boxer-shorts,general,Boxer shorts,Simond Trek 500 Merino Wool Backpacking Underwear Women's,Simond Trek 500 Underwear Trekking Mérinos Laine Femme,M,Black,29.99,28.49,EUR,fr-FR,GB-R1-U2,8,womens-mountain-backpacking-merino-wool-pants-trek-500-306971,https://cdn.shopify.com/s/files/1/1330/6287/files/8544731-product_image-p2815818.jpg?v=1748659487,6
3608439231742,4927573,Quechua,apparel,apparel.fleece,hike_camp,Fleece,Quechua Women’s MH100 Lightweight Hiking Fleece,Quechua ’s MH100 Polaire Léger de Randonnée Femme,3XL,Unspecified,15.00,14.25,EUR,fr-FR,GB-R3-U1,1,quechua-womens-mountain-walking-fleece-mh100-312282-fw25,https://cdn.shopify.com/s/files/1/1330/6287/files/8817715-product_image-p2937371.jpg?v=1755553540,8
3608439231766,4927572,Quechua,apparel,apparel.fleece,hike_camp,Fleece,Quechua Women’s MH100 Lightweight Hiking Fleece,Quechua ’s MH100 Polaire Léger de Randonnée Femme,2XL,Unspecified,15.00,14.25,EUR,fr-FR,GB-R3-U1,2,quechua-womens-mountain-walking-fleece-mh100-312282-fw25,https://cdn.shopify.com/s/files/1/1330/6287/files/8817715-product_image-p2937371.jpg?v=1755553540,8
3608439231841,4927569,Quechua,apparel,apparel.fleece,hike_camp,Fleece,Quechua Women’s MH100 Lightweight Hiking Fleece,Quechua ’s MH100 Polaire Léger de Randonnée Femme,M,Unspecified,15.00,14.25,EUR,fr-FR,GB-R3-U1,5,quechua-womens-mountain-walking-fleece-mh100-312282-fw25,https://cdn.shopify.com/s/files/1/1330/6287/files/8817715-product_image-p2937371.jpg?v=1755553540,8
3608439231865,4927568,Quechua,apparel,apparel.fleece,hike_camp,Fleece,Quechua Women’s MH100 Lightweight Hiking Fleece,Quechua ’s MH100 Polaire Léger de Randonnée Femme,S,Unspecified,15.00,14.25,EUR,fr-FR,GB-R3-U1,3,quechua-womens-mountain-walking-fleece-mh100-312282-fw25,https://cdn.shopify.com/s/files/1/1330/6287/files/8817715-product_image-p2937371.jpg?v=1755553540,8
3608439231889,4927571,Quechua,apparel,apparel.fleece,hike_camp,Fleece,Quechua Women’s MH100 Lightweight Hiking Fleece,Quechua ’s MH100 Polaire Léger de Randonnée Femme,XL,Unspecified,15.00,14.25,EUR,fr-FR,GB-R3-U1,3,quechua-womens-mountain-walking-fleece-mh100-312282-fw25,https://cdn.shopify.com/s/files/1/1330/6287/files/8817715-product_image-p2937371.jpg?v=1755553540,8
3608439231919,4927570,Quechua,apparel,apparel.fleece,hike_camp,Fleece,Quechua Women’s MH100 Lightweight Hiking Fleece,Quechua ’s MH100 Polaire Léger de Randonnée Femme,L,Unspecified,15.00,14.25,EUR,fr-FR,GB-R3-U1,4,quechua-womens-mountain-walking-fleece-mh100-312282-fw25,https://cdn.shopify.com/s/files/1/1330/6287/files/8817715-product_image-p2937371.jpg?v=1755553540,8
3608390731039,5056926,Quechua,apparel,apparel.jacket,hike_camp,Jacket,Quechua Kids’ MH150 Waterproof Hiking Jacket – Ages 7–15,Quechua MH150 Ages 7–15 Veste Imperméable de Randonnée Enfant,7-8 Years / 48''-51'',Storm Gray,24.99,23.74,EUR,fr-FR,GB-R3-U2,4,quechua-waterproof-hiking-jacket-mh100-zip-child-7-15-years-151453,https://cdn.shopify.com/s/files/1/1330/6287/files/8851658-product_image-p2627242.jpg?v=1745358796,7
3608390731046,5056927,Quechua,apparel,apparel.jacket,hike_camp,Jacket,Quechua Kids’ MH150 Waterproof Hiking Jacket – Ages 7–15,Quechua MH150 Ages 7–15 Veste Imperméable de Randonnée Enfant,8-9 Years / 52''-55'',Storm Gray,24.99,23.74,EUR,fr-FR,GB-R3-U2,6,quechua-waterproof-hiking-jacket-mh100-zip-child-7-15-years-151453,https://cdn.shopify.com/s/files/1/1330/6287/files/8851658-product_image-p2627242.jpg?v=1745358796,7
3608390731053,5056928,Quechua,apparel,apparel.jacket,hike_camp,Jacket,Quechua Kids’ MH150 Waterproof Hiking Jacket – Ages 7–15,Quechua MH150 Ages 7–15 Veste Imperméable de Randonnée Enfant,10-11 Years / 55''-58'',Storm Gray,24.99,23.74,EUR,fr-FR,GB-R3-U2,10,quechua-waterproof-hiking-jacket-mh100-zip-child-7-15-years-151453,https://cdn.shopify.com/s/files/1/1330/6287/files/8851658-product_image-p2627242.jpg?v=1745358796,7
3608390731060,5056929,Quechua,apparel,apparel.jacket,hike_camp,Jacket,Quechua Kids’ MH150 Waterproof Hiking Jacket – Ages 7–15,Quechua MH150 Ages 7–15 Veste Imperméable de Randonnée Enfant,12-13 Years / 59''-63'',Storm Gray,24.99,23.74,EUR,fr-FR,GB-R3-U2,7,quechua-waterproof-hiking-jacket-mh100-zip-child-7-15-years-151453,https://cdn.shopify.com/s/files/1/1330/6287/files/8851658-product_image-p2627242.jpg?v=1745358796,7
3608390731077,5056930,Quechua,apparel,apparel.jacket,hike_camp,Jacket,Quechua Kids’ MH150 Waterproof Hiking Jacket – Ages 7–15,Quechua MH150 Ages 7–15 Veste Imperméable de Randonnée Enfant,14-15 Years / 63''-65'',Storm Gray,24.99,23.74,EUR,fr-FR,GB-R3-U2,3,quechua-waterproof-hiking-jacket-mh100-zip-child-7-15-years-151453,https://cdn.shopify.com/s/files/1/1330/6287/files/8851658-product_image-p2627242.jpg?v=1745358796,7
3583787110072,2989773,Forclaz,bag_pack,bag_pack.backpack,hike_camp,Backpack,Forclaz Ultra-Compact 10 L Backpack,Forclaz 10 Sac à dos Compact Ultra,10 L,Acid Green,14.99,14.24,EUR,fr-FR,PE-01,5,forclaz-foldable-backpack-10l-travel-309861,https://cdn.shopify.com/s/files/1/1330/6287/files/8560403-product_image-p2621812.jpg?v=1744931516,11
3583787790281,2899631,Forclaz,bag_pack,bag_pack.backpack,hike_camp,Backpack,Forclaz Ultra-Compact 10 L Backpack,Forclaz 10 Sac à dos Compact Ultra,10 L,Black,14.99,14.24,EUR,fr-FR,PE-01,4,forclaz-foldable-backpack-10l-travel-309861,https://cdn.shopify.com/s/files/1/1330/6287/files/8560403-product_image-p2621812.jpg?v=1744931516,11
3583784234856,4557025,Quechua,apparel,apparel.parka,hike_camp,Parka,Quechua Women's NH900 Waterproof Parka,Quechua NH900 Parka Imperméable Femme,XS,Linen,229.00,217.55,EUR,fr-FR,GF-R3-U1,1,quechua-womens-sh900-waterproof-parka-340412-fw25,https://cdn.shopify.com/s/files/1/1330/6287/files/8755570-product_image-p2718206.jpg?v=1755549509,16
3583784234863,4557026,Quechua,apparel,apparel.parka,hike_camp,Parka,Quechua Women's NH900 Waterproof Parka,Quechua NH900 Parka Imperméable Femme,S,Linen,229.00,217.55,EUR,fr-FR,GF-R3-U1,2,quechua-womens-sh900-waterproof-parka-340412-fw25,https://cdn.shopify.com/s/files/1/1330/6287/files/8755570-product_image-p2718206.jpg?v=1755549509,16
3583784234870,4557027,Quechua,apparel,apparel.parka,hike_camp,Parka,Quechua Women's NH900 Waterproof Parka,Quechua NH900 Parka Imperméable Femme,M,Linen,229.00,217.55,EUR,fr-FR,GF-R3-U1,4,quechua-womens-sh900-waterproof-parka-340412-fw25,https://cdn.shopify.com/s/files/1/1330/6287/files/8755570-product_image-p2718206.jpg?v=1755549509,16
3583784234887,4557028,Quechua,apparel,apparel.parka,hike_camp,Parka,Quechua Women's NH900 Waterproof Parka,Quechua NH900 Parka Imperméable Femme,L,Linen,229.00,217.55,EUR,fr-FR,GF-R3-U1,4,quechua-womens-sh900-waterproof-parka-340412-fw25,https://cdn.shopify.com/s/files/1/1330/6287/files/8755570-product_image-p2718206.jpg?v=1755549509,16
3583784234894,4557029,Quechua,apparel,apparel.parka,hike_camp,Parka,Quechua Women's NH900 Waterproof Parka,Quechua NH900 Parka Imperméable Femme,XL,Linen,229.00,217.55,EUR,fr-FR,GF-R3-U1,2,quechua-womens-sh900-waterproof-parka-340412-fw25,https://cdn.shopify.com/s/files/1/1330/6287/files/8755570-product_image-p2718206.jpg?v=1755549509,16
3583784236409,4557030,Quechua,apparel,apparel.parka,hike_camp,Parka,Quechua Women's NH900 Waterproof Parka,Quechua NH900 Parka Imperméable Femme,2XL,Linen,229.00,217.55,EUR,fr-FR,GF-R3-U1,1,quechua-womens-sh900-waterproof-parka-340412-fw25,https://cdn.shopify.com/s/files/1/1330/6287/files/8755570-product_image-p2718206.jpg?v=1755549509,16
3583784321174,4557031,Quechua,apparel,apparel.parka,hike_camp,Parka,Quechua Women's NH900 Waterproof Parka,Quechua NH900 Parka Imperméable Femme,3XL,Linen,229.00,217.55,EUR,fr-FR,GF-R3-U1,1,quechua-womens-sh900-waterproof-parka-340412-fw25,https://cdn.shopify.com/s/files/1/1330/6287/files/8755570-product_image-p2718206.jpg?v=1755549509,16
3608390779925,5083886,Quechua,footwear,footwear.shoes,hike_camp,Shoes,Quechua Kids’ NH100 Lace-Up Hiking Shoes,Quechua NH100 Lace-Up Chaussures de Randonnée Enfant,W5 / M3.5,Smoked Black,15.00,14.25,EUR,fr-FR,PW-01,1,quechua-childrens-lace-up-hiking-boots-nh100-black-35-38-313055,https://cdn.shopify.com/s/files/1/1330/6287/files/8853305-product_image-p2578640.jpg?v=1745361262,8
3608390779932,5083887,Quechua,footwear,footwear.shoes,hike_camp,Shoes,Quechua Kids’ NH100 Lace-Up Hiking Shoes,Quechua NH100 Lace-Up Chaussures de Randonnée Enfant,W5.5 / M4,Smoked Black,15.00,14.25,EUR,fr-FR,PW-01,1,quechua-childrens-lace-up-hiking-boots-nh100-black-35-38-313055,https://cdn.shopify.com/s/files/1/1330/6287/files/8853305-product_image-p2578640.jpg?v=1745361262,8
3608390779949,5083888,Quechua,footwear,footwear.shoes,hike_camp,Shoes,Quechua Kids’ NH100 Lace-Up Hiking Shoes,Quechua NH100 Lace-Up Chaussures de Randonnée Enfant,W6.5 / M5,Smoked Black,15.00,14.25,EUR,fr-FR,PW-01,4,quechua-childrens-lace-up-hiking-boots-nh100-black-35-38-313055,https://cdn.shopify.com/s/files/1/1330/6287/files/8853305-product_image-p2578640.jpg?v=1745361262,8
3608390779956,5083889,Quechua,footwear,footwear.shoes,hike_camp,Shoes,Quechua Kids’ NH100 Lace-Up Hiking Shoes,Quechua NH100 Lace-Up Chaussures de Randonnée Enfant,W7.5 / M6,Smoked Black,15.00,14.25,EUR,fr-FR,PW-01,12,quechua-childrens-lace-up-hiking-boots-nh100-black-35-38-313055,https://cdn.shopify.com/s/files/1/1330/6287/files/8853305-product_image-p2578640.jpg?v=1745361262,8
3608392951480,5539276,Quechua,apparel,apparel.padded-jacket,hike_camp,Padded Jacket,Quechua Kids’ MH500 Hybrid Hiking Puffer Jacket,Quechua MH500 Hybrid Doudoune de Randonnée Enfant,12-13 Years / 59''-63'',Mauve,40.00,38.0,EUR,fr-FR,GF-R3-U2,6,quechua-kids-padded-hiking-jacket-7-15-years-hybrid-341868-fw25,https://cdn.shopify.com/s/files/1/1330/6287/files/8945655-product_image-p2941663.jpg?v=1755561387,7
3608392951497,5539277,Quechua,apparel,apparel.padded-jacket,hike_camp,Padded Jacket,Quechua Kids’ MH500 Hybrid Hiking Puffer Jacket,Quechua MH500 Hybrid Doudoune de Randonnée Enfant,10-11 Years / 55''-58'',Mauve,40.00,38.0,EUR,fr-FR,GF-R3-U2,7,quechua-kids-padded-hiking-jacket-7-15-years-hybrid-341868-fw25,https://cdn.shopify.com/s/files/1/1330/6287/files/8945655-product_image-p2941663.jpg?v=1755561387,7
3608392952005,5539278,Quechua,apparel,apparel.padded-jacket,hike_camp,Padded Jacket,Quechua Kids’ MH500 Hybrid Hiking Puffer Jacket,Quechua MH500 Hybrid Doudoune de Randonnée Enfant,7-8 Years / 48''-51'',Mauve,40.00,38.0,EUR,fr-FR,GF-R3-U2,3,quechua-kids-padded-hiking-jacket-7-15-years-hybrid-341868-fw25,https://cdn.shopify.com/s/files/1/1330/6287/files/8945655-product_image-p2941663.jpg?v=1755561387,7
3608392952012,5539279,Quechua,apparel,apparel.padded-jacket,hike_camp,Padded Jacket,Quechua Kids’ MH500 Hybrid Hiking Puffer Jacket,Quechua MH500 Hybrid Doudoune de Randonnée Enfant,8-9 Years / 52''-55'',Mauve,40.00,38.0,EUR,fr-FR,GF-R3-U2,5,quechua-kids-padded-hiking-jacket-7-15-years-hybrid-341868-fw25,https://cdn.shopify.com/s/files/1/1330/6287/files/8945655-product_image-p2941663.jpg?v=1755561387,7
3608392952029,5545114,Quechua,apparel,apparel.padded-jacket,hike_camp,Padded Jacket,Quechua Kids’ MH500 Hybrid Hiking Puffer Jacket,Quechua MH500 Hybrid Doudoune de Randonnée Enfant,14-15 Years / 63''-65'',Mauve,40.00,38.0,EUR,fr-FR,GF-R3-U2,2,quechua-kids-padded-hiking-jacket-7-15-years-hybrid-341868-fw25,https://cdn.shopify.com/s/files/1/1330/6287/files/8945655-product_image-p2941663.jpg?v=1755561387,7
3608439362620,2779823,Quechua,bag_pack,bag_pack.backpack,hike_camp,Backpack,Quechua NH50 Arpenaz 10 L Hiking Backpack,Quechua NH50 Arpenaz 10 Sac à dos de Randonnée,10 L,Black,4.00,3.8,EUR,fr-FR,GF-R3-U1,3,quechua-nh-arpenaz-50-10-l-hiking-backpack-301684,https://cdn.shopify.com/s/files/1/1330/6287/files/8502149-product_image-p2583201.jpg?v=1755813424,22
3608439412813,2487053,Quechua,bag_pack,bag_pack.backpack,hike_camp,Backpack,Quechua NH50 Arpenaz 10 L Hiking Backpack,Quechua NH50 Arpenaz 10 Sac à dos de Randonnée,10 L,Abyss Gray,9.99,9.49,EUR,fr-FR,GF-R3-U1,3,quechua-nh-arpenaz-50-10-l-hiking-backpack-301684,https://cdn.shopify.com/s/files/1/1330/6287/files/8502149-product_image-p2583201.jpg?v=1755813424,22
3583784298599,4294662,Quechua,footwear,footwear.snow-boots,hike_camp,Snow boots,Quechua Women's SH500 Warm Waterproof Snow Hiking Boots,Quechua SH500 Bottes Imperméable de Randonnée Neige Chaud Femme,5.5,Sand,95.00,90.25,EUR,fr-FR,PE-01,2,womens-sh500-warm-waterproof-snow-hiking-boots-332914,https://cdn.shopify.com/s/files/1/1330/6287/files/8644860-product_image-p2289103.jpg?v=1703075803,13
3583784303002,4294663,Quechua,footwear,footwear.snow-boots,hike_camp,Snow boots,Quechua Women's SH500 Warm Waterproof Snow Hiking Boots,Quechua SH500 Bottes Imperméable de Randonnée Neige Chaud Femme,6.5,Sand,95.00,90.25,EUR,fr-FR,PE-01,3,womens-sh500-warm-waterproof-snow-hiking-boots-332914,https://cdn.shopify.com/s/files/1/1330/6287/files/8644860-product_image-p2289103.jpg?v=1703075803,13
3583784303019,4294664,Quechua,footwear,footwear.snow-boots,hike_camp,Snow boots,Quechua Women's SH500 Warm Waterproof Snow Hiking Boots,Quechua SH500 Bottes Imperméable de Randonnée Neige Chaud Femme,7.5,Sand,95.00,90.25,EUR,fr-FR,PE-01,4,womens-sh500-warm-waterproof-snow-hiking-boots-332914,https://cdn.shopify.com/s/files/1/1330/6287/files/8644860-product_image-p2289103.jpg?v=1703075803,13
3583784303026,4294665,Quechua,footwear,footwear.snow-boots,hike_camp,Snow boots,Quechua Women's SH500 Warm Waterproof Snow Hiking Boots,Quechua SH500 Bottes Imperméable de Randonnée Neige Chaud Femme,8,Sand,95.00,90.25,EUR,fr-FR,PE-01,5,womens-sh500-warm-waterproof-snow-hiking-boots-332914,https://cdn.shopify.com/s/files/1/1330/6287/files/8644860-product_image-p2289103.jpg?v=1703075803,13
3583784303033,4294666,Quechua,footwear,footwear.snow-boots,hike_camp,Snow boots,Quechua Women's SH500 Warm Waterproof Snow Hiking Boots,Quechua SH500 Bottes Imperméable de Randonnée Neige Chaud Femme,9,Sand,95.00,90.25,EUR,fr-FR,PE-01,4,womens-sh500-warm-waterproof-snow-hiking-boots-332914,https://cdn.shopify.com/s/files/1/1330/6287/files/8644860-product_image-p2289103.jpg?v=1703075803,13
3583784303040,4294667,Quechua,footwear,footwear.snow-boots,hike_camp,Snow boots,Quechua Women's SH500 Warm Waterproof Snow Hiking Boots,Quechua SH500 Bottes Imperméable de Randonnée Neige Chaud Femme,9.5,Sand,95.00,90.25,EUR,fr-FR,PE-01,3,womens-sh500-warm-waterproof-snow-hiking-boots-332914,https://cdn.shopify.com/s/files/1/1330/6287/files/8644860-product_image-p2289103.jpg?v=1703075803,13
3583784303057,4294668,Quechua,footwear,footwear.snow-boots,hike_camp,Snow boots,Quechua Women's SH500 Warm Waterproof Snow Hiking Boots,Quechua SH500 Bottes Imperméable de Randonnée Neige Chaud Femme,10.5,Sand,95.00,90.25,EUR,fr-FR,PE-01,2,womens-sh500-warm-waterproof-snow-hiking-boots-332914,https://cdn.shopify.com/s/files/1/1330/6287/files/8644860-product_image-p2289103.jpg?v=1703075803,13
3583787567241,4335163,Itiwit,accessories,accessories.bladder,general,Bladder,RIGHT-HAND BLADDER FOR ITIWIT 100 2-SEATER TEXTILE KAYAKS,RIGHT-HAND FOR ITIWIT 100 2-SEATER TEXTILE KAYAKS Poche à eau,One Size,Unspecified,30.00,28.5,EUR,fr-FR,CO-IR,7,itiwit-inflatable-stitch-kayak-2-person-right-side-inner-bladder-w-valve-334424,https://cdn.shopify.com/s/files/1/1330/6287/files/8649315-product_image-p1031024.jpg?v=1701260409,5
3608391759131,5264481,Simond,apparel,apparel.softshell,general,Softshell,Simond Men’s MT900 Windproof Softshell Jacket,Simond ’s MT900 Windproof Jacket Softshell Homme,S,Bronze Brown,95.00,90.25,EUR,fr-FR,GF-R1-U1,5,simond-mens-windwarm-mt900-302018-fw25,https://cdn.shopify.com/s/files/1/1330/6287/files/8891825-product_image-p2688108.jpg?v=1755711894,8
3608391759148,5264482,Simond,apparel,apparel.softshell,general,Softshell,Simond Men’s MT900 Windproof Softshell Jacket,Simond ’s MT900 Windproof Jacket Softshell Homme,M,Bronze Brown,95.00,90.25,EUR,fr-FR,GF-R1-U1,8,simond-mens-windwarm-mt900-302018-fw25,https://cdn.shopify.com/s/files/1/1330/6287/files/8891825-product_image-p2688108.jpg?v=1755711894,8
3608391759155,5264483,Simond,apparel,apparel.softshell,general,Softshell,Simond Men’s MT900 Windproof Softshell Jacket,Simond ’s MT900 Windproof Jacket Softshell Homme,L,Bronze Brown,95.00,90.25,EUR,fr-FR,GF-R1-U1,8,simond-mens-windwarm-mt900-302018-fw25,https://cdn.shopify.com/s/files/1/1330/6287/files/8891825-product_image-p2688108.jpg?v=1755711894,8
3608391759162,5264484,Simond,apparel,apparel.softshell,general,Softshell,Simond Men’s MT900 Windproof Softshell Jacket,Simond ’s MT900 Windproof Jacket Softshell Homme,XL,Bronze Brown,95.00,90.25,EUR,fr-FR,GF-R1-U1,6,simond-mens-windwarm-mt900-302018-fw25,https://cdn.shopify.com/s/files/1/1330/6287/files/8891825-product_image-p2688108.jpg?v=1755711894,8
3608391759179,5264485,Simond,apparel,apparel.softshell,general,Softshell,Simond Men’s MT900 Windproof Softshell Jacket,Simond ’s MT900 Windproof Jacket Softshell Homme,2XL,Bronze Brown,95.00,90.25,EUR,fr-FR,GF-R1-U1,3,simond-mens-windwarm-mt900-302018-fw25,https://cdn.shopify.com/s/files/1/1330/6287/files/8891825-product_image-p2688108.jpg?v=1755711894,8
3608449886956,2130173,Wedze,accessories,accessories.beanie,general,Beanie,Wedze Firstheat Fleece Ski Beanie,Wedze Firstheat Beanie Polaire de Ski,One Size,Black,4.99,4.74,EUR,fr-FR,GB-R1-U1,6,wedze-firstheat-beanie-ski-hat-165131,https://cdn.shopify.com/s/files/1/1330/6287/files/8372211-product_image-p2579511.jpg?v=1755805353,1
3608439318481,4195021,Quechua,accessories,accessories.thermos,hike_camp,Thermos,Quechua MH900 Double-Wall Insulated 500 ml Water Bottle,Quechua MH900 Double-Wall 500 ml Water Bottle Isolant,One Size,Pearl Beige,24.99,23.74,EUR,fr-FR,GB-R3-U1,6,quechua-mh500-stainless-steel-double-wall-isothermal-hiking-water-bottle-17oz-301267,https://cdn.shopify.com/s/files/1/1330/6287/files/8612271-product_image-p2902222_424f74a9-600e-480c-886d-53eab47c9caf.jpg?v=1744158073,13
3608439256851,4744756,Quechua,apparel,apparel.jacket,hike_camp,Jacket,Quechua Kids’ MH150 Waterproof Hiking Jacket – Ages 7–15,Quechua MH150 Ages 7–15 Veste Imperméable de Randonnée Enfant,10-11 Years / 55''-59'',Carbon Gray,15.00,14.25,EUR,fr-FR,GB-R3-U1,11,quechua-waterproof-hiking-jacket-mh100-zip-child-7-15-years-127766c,https://cdn.shopify.com/s/files/1/1330/6287/files/QUECHUAVESTEMH150TWGARCONGRISFONCE-8786618-001---Expireson02-10-2026.jpg?v=1745451595,6
3608439256868,4744757,Quechua,apparel,apparel.jacket,hike_camp,Jacket,Quechua Kids’ MH150 Waterproof Hiking Jacket – Ages 7–15,Quechua MH150 Ages 7–15 Veste Imperméable de Randonnée Enfant,12-13 Years / 59''-63'',Carbon Gray,15.00,14.25,EUR,fr-FR,GB-R3-U1,8,quechua-waterproof-hiking-jacket-mh100-zip-child-7-15-years-127766c,https://cdn.shopify.com/s/files/1/1330/6287/files/QUECHUAVESTEMH150TWGARCONGRISFONCE-8786618-001---Expireson02-10-2026.jpg?v=1745451595,6
3608439256875,4744759,Quechua,apparel,apparel.jacket,hike_camp,Jacket,Quechua Kids’ MH150 Waterproof Hiking Jacket – Ages 7–15,Quechua MH150 Ages 7–15 Veste Imperméable de Randonnée Enfant,14-15 Years / 63''-68'',Carbon Gray,15.00,14.25,EUR,fr-FR,GB-R3-U1,3,quechua-waterproof-hiking-jacket-mh100-zip-child-7-15-years-127766c,https://cdn.shopify.com/s/files/1/1330/6287/files/QUECHUAVESTEMH150TWGARCONGRISFONCE-8786618-001---Expireson02-10-2026.jpg?v=1745451595,6
3608439257278,4744754,Quechua,apparel,apparel.jacket,hike_camp,Jacket,Quechua Kids’ MH150 Waterproof Hiking Jacket – Ages 7–15,Quechua MH150 Ages 7–15 Veste Imperméable de Randonnée Enfant,7-8 Years / 48''-51'',Carbon Gray,15.00,14.25,EUR,fr-FR,GB-R3-U1,4,quechua-waterproof-hiking-jacket-mh100-zip-child-7-15-years-127766c,https://cdn.shopify.com/s/files/1/1330/6287/files/QUECHUAVESTEMH150TWGARCONGRISFONCE-8786618-001---Expireson02-10-2026.jpg?v=1745451595,6
3608439257292,4744755,Quechua,apparel,apparel.jacket,hike_camp,Jacket,Quechua Kids’ MH150 Waterproof Hiking Jacket – Ages 7–15,Quechua MH150 Ages 7–15 Veste Imperméable de Randonnée Enfant,8-9 Years / 52''-55'',Carbon Gray,15.00,14.25,EUR,fr-FR,GB-R3-U1,7,quechua-waterproof-hiking-jacket-mh100-zip-child-7-15-years-127766c,https://cdn.shopify.com/s/files/1/1330/6287/files/QUECHUAVESTEMH150TWGARCONGRISFONCE-8786618-001---Expireson02-10-2026.jpg?v=1745451595,6
3583787116180,4696561,Van Rysel,outdoor,outdoor.frame,general,Frame,Van Rysel RCR PRO Frame Kit,Van Rysel RCR PRO Kit Cadre,XS,Carbon Black,3999.00,3799.05,EUR,fr-FR,GF-R1-U1,0,van-rysel-rcr-pro-frame-kit-carbon-black-8772687,https://cdn.shopify.com/s/files/1/1330/6287/files/default_678c4eb7-29ee-499b-b6b9-9d83ba977440.jpg?v=1775569500,8
3583787116197,4696562,Van Rysel,outdoor,outdoor.frame,general,Frame,Van Rysel RCR PRO Frame Kit,Van Rysel RCR PRO Kit Cadre,S,Carbon Black,3999.00,3799.05,EUR,fr-FR,GF-R1-U1,1,van-rysel-rcr-pro-frame-kit-carbon-black-8772687,https://cdn.shopify.com/s/files/1/1330/6287/files/default_678c4eb7-29ee-499b-b6b9-9d83ba977440.jpg?v=1775569500,8
3583787116203,4696563,Van Rysel,outdoor,outdoor.frame,general,Frame,Van Rysel RCR PRO Frame Kit,Van Rysel RCR PRO Kit Cadre,M,Carbon Black,3999.00,3799.05,EUR,fr-FR,GF-R1-U1,0,van-rysel-rcr-pro-frame-kit-carbon-black-8772687,https://cdn.shopify.com/s/files/1/1330/6287/files/default_678c4eb7-29ee-499b-b6b9-9d83ba977440.jpg?v=1775569500,8
3583787116258,4696564,Van Rysel,outdoor,outdoor.frame,general,Frame,Van Rysel RCR PRO Frame Kit,Van Rysel RCR PRO Kit Cadre,L,Carbon Black,3999.00,3799.05,EUR,fr-FR,GF-R1-U1,1,van-rysel-rcr-pro-frame-kit-carbon-black-8772687,https://cdn.shopify.com/s/files/1/1330/6287/files/default_678c4eb7-29ee-499b-b6b9-9d83ba977440.jpg?v=1775569500,8
3583787116265,4696565,Van Rysel,outdoor,outdoor.frame,general,Frame,Van Rysel RCR PRO Frame Kit,Van Rysel RCR PRO Kit Cadre,XL,Carbon Black,3999.00,3799.05,EUR,fr-FR,GF-R1-U1,0,van-rysel-rcr-pro-frame-kit-carbon-black-8772687,https://cdn.shopify.com/s/files/1/1330/6287/files/default_678c4eb7-29ee-499b-b6b9-9d83ba977440.jpg?v=1775569500,8
3583784087940,4234213,Quechua,accessories,accessories.socks,hike_camp,Socks,Quechua Hike 500 Mid Hiking Socks - 2 Pairs,Quechua Hike 500 2 Pairs Chaussettes de Randonnée Mi-saison,13 - M15,Graphite Black,10.00,9.5,EUR,fr-FR,GB-R3-U2,2,quechua-hike-500-mid-hiking-socks-2-pairs-e330181,https://cdn.shopify.com/s/files/1/1330/6287/files/8616568-product_image-p2579632.jpg?v=1755805980,6
3608439316692,4234210,Quechua,accessories,accessories.socks,hike_camp,Socks,Quechua Hike 500 Mid Hiking Socks - 2 Pairs,Quechua Hike 500 2 Pairs Chaussettes de Randonnée Mi-saison,3.5 - M6,Graphite Black,10.00,9.5,EUR,fr-FR,GB-R3-U2,1,quechua-hike-500-mid-hiking-socks-2-pairs-e330181,https://cdn.shopify.com/s/files/1/1330/6287/files/8616568-product_image-p2579632.jpg?v=1755805980,6
3608439316708,4234212,Quechua,accessories,accessories.socks,hike_camp,Socks,Quechua Hike 500 Mid Hiking Socks - 2 Pairs,Quechua Hike 500 2 Pairs Chaussettes de Randonnée Mi-saison,9.5 - M12,Graphite Black,10.00,9.5,EUR,fr-FR,GB-R3-U2,1,quechua-hike-500-mid-hiking-socks-2-pairs-e330181,https://cdn.shopify.com/s/files/1/1330/6287/files/8616568-product_image-p2579632.jpg?v=1755805980,6
3608439316715,4234211,Quechua,accessories,accessories.socks,hike_camp,Socks,Quechua Hike 500 Mid Hiking Socks - 2 Pairs,Quechua Hike 500 2 Pairs Chaussettes de Randonnée Mi-saison,6.5 - M9,Graphite Black,10.00,9.5,EUR,fr-FR,GB-R3-U2,1,quechua-hike-500-mid-hiking-socks-2-pairs-e330181,https://cdn.shopify.com/s/files/1/1330/6287/files/8616568-product_image-p2579632.jpg?v=1755805980,6
3608391628598,5224600,Van Rysel,outdoor,outdoor.home-trainer,general,Home trainer,Van Rysel D100 Home Trainer with Zwift Cog and Click,Van Rysel D100 with Zwift Cog and Click Home-trainer,OS,,299.00,284.05,EUR,fr-FR,GF-R1-U2,2,van-rysel-d100-home-trainer-with-zwift-cog-and-click-355194,https://cdn.shopify.com/s/files/1/1330/6287/files/8883242-product_image-p2769028.jpg?v=1757104613,12
3608393232502,5625145,Quechua,outdoor,outdoor.tent,hike_camp,Tent,Quechua 2 Second Easy Fresh & Black Waterproof Pop Up Camping Tent 2 Person,Quechua 2 Second Easy Fresh Black Pop Up Camping 2 Person Tente Imperméable,2 Person,Snowy White,160.00,152.0,EUR,fr-FR,GF-R3-U2,1,quechua-2-second-easy-fresh-black-waterproof-pop-up-camping-tent-2-person-324503,https://cdn.shopify.com/s/files/1/1330/6287/files/8957947-product_image-p2068555.jpg?v=1752014823,14
3608390776177,5076846,Simond,apparel,apparel.t-shirt,general,T-shirt,Simond Women’s MT500 Merino Wool T-Shirt,Simond ’s MT500 T-shirt Mérinos Laine Femme,S,Graphite Grey,40.00,38.0,EUR,fr-FR,GF-R1-U2,2,simond-womens-merino-wool-short-sleeved-t-shirt-merino-resist-khaki-327360,https://cdn.shopify.com/s/files/1/1330/6287/files/8919496-product_image-p2816036.jpg?v=1749838915,18
3608390776184,5076847,Simond,apparel,apparel.t-shirt,general,T-shirt,Simond Women’s MT500 Merino Wool T-Shirt,Simond ’s MT500 T-shirt Mérinos Laine Femme,M,Graphite Grey,40.00,38.0,EUR,fr-FR,GF-R1-U2,3,simond-womens-merino-wool-short-sleeved-t-shirt-merino-resist-khaki-327360,https://cdn.shopify.com/s/files/1/1330/6287/files/8919496-product_image-p2816036.jpg?v=1749838915,18
3608390776191,5076848,Simond,apparel,apparel.t-shirt,general,T-shirt,Simond Women’s MT500 Merino Wool T-Shirt,Simond ’s MT500 T-shirt Mérinos Laine Femme,L,Graphite Grey,40.00,38.0,EUR,fr-FR,GF-R1-U2,3,simond-womens-merino-wool-short-sleeved-t-shirt-merino-resist-khaki-327360,https://cdn.shopify.com/s/files/1/1330/6287/files/8919496-product_image-p2816036.jpg?v=1749838915,18
3608390777402,5076849,Simond,apparel,apparel.t-shirt,general,T-shirt,Simond Women’s MT500 Merino Wool T-Shirt,Simond ’s MT500 T-shirt Mérinos Laine Femme,XL,Graphite Grey,40.00,38.0,EUR,fr-FR,GF-R1-U2,3,simond-womens-merino-wool-short-sleeved-t-shirt-merino-resist-khaki-327360,https://cdn.shopify.com/s/files/1/1330/6287/files/8919496-product_image-p2816036.jpg?v=1749838915,18
3608390777419,5076850,Simond,apparel,apparel.t-shirt,general,T-shirt,Simond Women’s MT500 Merino Wool T-Shirt,Simond ’s MT500 T-shirt Mérinos Laine Femme,2XL,Graphite Grey,40.00,38.0,EUR,fr-FR,GF-R1-U2,1,simond-womens-merino-wool-short-sleeved-t-shirt-merino-resist-khaki-327360,https://cdn.shopify.com/s/files/1/1330/6287/files/8919496-product_image-p2816036.jpg?v=1749838915,18
3608392248696,5407228,Simond,apparel,apparel.t-shirt,general,T-shirt,Simond Women’s MT500 Merino Wool T-Shirt,Simond ’s MT500 T-shirt Mérinos Laine Femme,XS,Bronze Khaki Green,35.00,33.25,EUR,fr-FR,GF-R1-U2,2,simond-womens-merino-wool-short-sleeved-t-shirt-merino-resist-khaki-327360,https://cdn.shopify.com/s/files/1/1330/6287/files/8919496-product_image-p2816036.jpg?v=1749838915,18
3608392248801,5407229,Simond,apparel,apparel.t-shirt,general,T-shirt,Simond Women’s MT500 Merino Wool T-Shirt,Simond ’s MT500 T-shirt Mérinos Laine Femme,S,Bronze Khaki Green,35.00,33.25,EUR,fr-FR,GF-R1-U2,3,simond-womens-merino-wool-short-sleeved-t-shirt-merino-resist-khaki-327360,https://cdn.shopify.com/s/files/1/1330/6287/files/8919496-product_image-p2816036.jpg?v=1749838915,18
3608392248818,5407230,Simond,apparel,apparel.t-shirt,general,T-shirt,Simond Women’s MT500 Merino Wool T-Shirt,Simond ’s MT500 T-shirt Mérinos Laine Femme,M,Bronze Khaki Green,35.00,33.25,EUR,fr-FR,GF-R1-U2,4,simond-womens-merino-wool-short-sleeved-t-shirt-merino-resist-khaki-327360,https://cdn.shopify.com/s/files/1/1330/6287/files/8919496-product_image-p2816036.jpg?v=1749838915,18
3608392248825,5407231,Simond,apparel,apparel.t-shirt,general,T-shirt,Simond Women’s MT500 Merino Wool T-Shirt,Simond ’s MT500 T-shirt Mérinos Laine Femme,L,Bronze Khaki Green,35.00,33.25,EUR,fr-FR,GF-R1-U2,4,simond-womens-merino-wool-short-sleeved-t-shirt-merino-resist-khaki-327360,https://cdn.shopify.com/s/files/1/1330/6287/files/8919496-product_image-p2816036.jpg?v=1749838915,18
3608392248832,5407232,Simond,apparel,apparel.t-shirt,general,T-shirt,Simond Women’s MT500 Merino Wool T-Shirt,Simond ’s MT500 T-shirt Mérinos Laine Femme,XL,Bronze Khaki Green,35.00,33.25,EUR,fr-FR,GF-R1-U2,2,simond-womens-merino-wool-short-sleeved-t-shirt-merino-resist-khaki-327360,https://cdn.shopify.com/s/files/1/1330/6287/files/8919496-product_image-p2816036.jpg?v=1749838915,18
3608392248849,5407233,Simond,apparel,apparel.t-shirt,general,T-shirt,Simond Women’s MT500 Merino Wool T-Shirt,Simond ’s MT500 T-shirt Mérinos Laine Femme,2XL,Bronze Khaki Green,35.00,33.25,EUR,fr-FR,GF-R1-U2,2,simond-womens-merino-wool-short-sleeved-t-shirt-merino-resist-khaki-327360,https://cdn.shopify.com/s/files/1/1330/6287/files/8919496-product_image-p2816036.jpg?v=1749838915,18
3608439263965,4513670,Quechua,outdoor,outdoor.mattress,hike_camp,Mattress,Quechua Ultimate Comfort Self-Inflating Mattress - 2 Person,Quechua Ultimate Comfort Self-Inflating 2 Person Matelas,One Size,Gray,160.00,152.0,EUR,fr-FR,GB-R3-U1,2,quechua-ultimate-comfort-self-inflating-mattress-2-person-329980,https://cdn.shopify.com/s/files/1/1330/6287/files/8736598-product_image-p1956684.jpg?v=1705576664,9
3583787538807,4176731,Simond,apparel,apparel.long-sleeved-t-shirt,general,Long-sleeved t-shirt,Forclaz Men's MT900 Merino Wool Long Sleeve Shirt,Forclaz MT900 Long Sleeve Haut Mérinos Laine Homme,2XL,Asphalt Blue,80.00,76.0,EUR,fr-FR,GB-R1-U1,1,mens-merino-wool-long-sleeved-backpacking-t-shirt-mt900-324215,https://cdn.shopify.com/s/files/1/1330/6287/files/8609386-product_image-p2511287_0dbec1af-7fc0-4123-bbe7-a7032c50583e.jpg?v=1748653807,15
3583787538814,4176734,Simond,apparel,apparel.long-sleeved-t-shirt,general,Long-sleeved t-shirt,Forclaz Men's MT900 Merino Wool Long Sleeve Shirt,Forclaz MT900 Long Sleeve Haut Mérinos Laine Homme,M,Asphalt Blue,80.00,76.0,EUR,fr-FR,GB-R1-U1,4,mens-merino-wool-long-sleeved-backpacking-t-shirt-mt900-324215,https://cdn.shopify.com/s/files/1/1330/6287/files/8609386-product_image-p2511287_0dbec1af-7fc0-4123-bbe7-a7032c50583e.jpg?v=1748653807,15
3583787538821,4176735,Simond,apparel,apparel.long-sleeved-t-shirt,general,Long-sleeved t-shirt,Forclaz Men's MT900 Merino Wool Long Sleeve Shirt,Forclaz MT900 Long Sleeve Haut Mérinos Laine Homme,S,Asphalt Blue,80.00,76.0,EUR,fr-FR,GB-R1-U1,3,mens-merino-wool-long-sleeved-backpacking-t-shirt-mt900-324215,https://cdn.shopify.com/s/files/1/1330/6287/files/8609386-product_image-p2511287_0dbec1af-7fc0-4123-bbe7-a7032c50583e.jpg?v=1748653807,15
3583787538838,4176733,Simond,apparel,apparel.long-sleeved-t-shirt,general,Long-sleeved t-shirt,Forclaz Men's MT900 Merino Wool Long Sleeve Shirt,Forclaz MT900 Long Sleeve Haut Mérinos Laine Homme,L,Asphalt Blue,80.00,76.0,EUR,fr-FR,GB-R1-U1,4,mens-merino-wool-long-sleeved-backpacking-t-shirt-mt900-324215,https://cdn.shopify.com/s/files/1/1330/6287/files/8609386-product_image-p2511287_0dbec1af-7fc0-4123-bbe7-a7032c50583e.jpg?v=1748653807,15
3583787538845,4176736,Simond,apparel,apparel.long-sleeved-t-shirt,general,Long-sleeved t-shirt,Forclaz Men's MT900 Merino Wool Long Sleeve Shirt,Forclaz MT900 Long Sleeve Haut Mérinos Laine Homme,XL,Asphalt Blue,80.00,76.0,EUR,fr-FR,GB-R1-U1,3,mens-merino-wool-long-sleeved-backpacking-t-shirt-mt900-324215,https://cdn.shopify.com/s/files/1/1330/6287/files/8609386-product_image-p2511287_0dbec1af-7fc0-4123-bbe7-a7032c50583e.jpg?v=1748653807,15
3608439259906,4513650,Quechua,outdoor,outdoor.mattress,hike_camp,Mattress,Quechua Air Basic Inflatable Mattress - 2 Person,Quechua Air Basic 2 Person Matelas gonflable,One Size,Putty,30.00,28.5,EUR,fr-FR,GB-R3-U2,1,quechua-air-basic-inflatable-mattress-2-person-310021,https://cdn.shopify.com/s/files/1/1330/6287/files/8736585-product_image-p1762881.jpg?v=1708945777,5
3608390866441,5101373,Kiprun,apparel,apparel.t-shirt,running,T-shirt,Kiprun Men's Run 500 Dry Running T-shirt,Kiprun Run 500 Dry T-shirt de Running Homme,S,Dark Green Gray,24.99,23.74,EUR,fr-FR,GB-R2-U2,2,mens-running-breathable-t-shirt-kiprun-run-500-dry-yellow-lemon-339765,https://cdn.shopify.com/s/files/1/1330/6287/files/8861543-product_image-p2609103.jpg?v=1744659089,17
3608390866458,5101374,Kiprun,apparel,apparel.t-shirt,running,T-shirt,Kiprun Men's Run 500 Dry Running T-shirt,Kiprun Run 500 Dry T-shirt de Running Homme,M,Dark Green Gray,24.99,23.74,EUR,fr-FR,GB-R2-U2,2,mens-running-breathable-t-shirt-kiprun-run-500-dry-yellow-lemon-339765,https://cdn.shopify.com/s/files/1/1330/6287/files/8861543-product_image-p2609103.jpg?v=1744659089,17
3608390866465,5101375,Kiprun,apparel,apparel.t-shirt,running,T-shirt,Kiprun Men's Run 500 Dry Running T-shirt,Kiprun Run 500 Dry T-shirt de Running Homme,L,Dark Green Gray,24.99,23.74,EUR,fr-FR,GB-R2-U2,2,mens-running-breathable-t-shirt-kiprun-run-500-dry-yellow-lemon-339765,https://cdn.shopify.com/s/files/1/1330/6287/files/8861543-product_image-p2609103.jpg?v=1744659089,17
3608390866472,5101376,Kiprun,apparel,apparel.t-shirt,running,T-shirt,Kiprun Men's Run 500 Dry Running T-shirt,Kiprun Run 500 Dry T-shirt de Running Homme,XL,Dark Green Gray,24.99,23.74,EUR,fr-FR,GB-R2-U2,2,mens-running-breathable-t-shirt-kiprun-run-500-dry-yellow-lemon-339765,https://cdn.shopify.com/s/files/1/1330/6287/files/8861543-product_image-p2609103.jpg?v=1744659089,17
3608390866489,5101377,Kiprun,apparel,apparel.t-shirt,running,T-shirt,Kiprun Men's Run 500 Dry Running T-shirt,Kiprun Run 500 Dry T-shirt de Running Homme,2XL,Dark Green Gray,24.99,23.74,EUR,fr-FR,GB-R2-U2,1,mens-running-breathable-t-shirt-kiprun-run-500-dry-yellow-lemon-339765,https://cdn.shopify.com/s/files/1/1330/6287/files/8861543-product_image-p2609103.jpg?v=1744659089,17
3608390866939,5103763,Kiprun,apparel,apparel.t-shirt,running,T-shirt,Kiprun Men's Run 500 Dry Running T-shirt,Kiprun Run 500 Dry T-shirt de Running Homme,S,Tropical Lime,20.00,19.0,EUR,fr-FR,GB-R2-U2,1,mens-running-breathable-t-shirt-kiprun-run-500-dry-yellow-lemon-339765,https://cdn.shopify.com/s/files/1/1330/6287/files/8861543-product_image-p2609103.jpg?v=1744659089,17
3608390866946,5103764,Kiprun,apparel,apparel.t-shirt,running,T-shirt,Kiprun Men's Run 500 Dry Running T-shirt,Kiprun Run 500 Dry T-shirt de Running Homme,M,Tropical Lime,20.00,19.0,EUR,fr-FR,GB-R2-U2,2,mens-running-breathable-t-shirt-kiprun-run-500-dry-yellow-lemon-339765,https://cdn.shopify.com/s/files/1/1330/6287/files/8861543-product_image-p2609103.jpg?v=1744659089,17
3608390866953,5103765,Kiprun,apparel,apparel.t-shirt,running,T-shirt,Kiprun Men's Run 500 Dry Running T-shirt,Kiprun Run 500 Dry T-shirt de Running Homme,L,Tropical Lime,20.00,19.0,EUR,fr-FR,GB-R2-U2,2,mens-running-breathable-t-shirt-kiprun-run-500-dry-yellow-lemon-339765,https://cdn.shopify.com/s/files/1/1330/6287/files/8861543-product_image-p2609103.jpg?v=1744659089,17
3608390866960,5103766,Kiprun,apparel,apparel.t-shirt,running,T-shirt,Kiprun Men's Run 500 Dry Running T-shirt,Kiprun Run 500 Dry T-shirt de Running Homme,XL,Tropical Lime,20.00,19.0,EUR,fr-FR,GB-R2-U2,1,mens-running-breathable-t-shirt-kiprun-run-500-dry-yellow-lemon-339765,https://cdn.shopify.com/s/files/1/1330/6287/files/8861543-product_image-p2609103.jpg?v=1744659089,17
3608390866977,5103767,Kiprun,apparel,apparel.t-shirt,running,T-shirt,Kiprun Men's Run 500 Dry Running T-shirt,Kiprun Run 500 Dry T-shirt de Running Homme,2XL,Tropical Lime,20.00,19.0,EUR,fr-FR,GB-R2-U2,1,mens-running-breathable-t-shirt-kiprun-run-500-dry-yellow-lemon-339765,https://cdn.shopify.com/s/files/1/1330/6287/files/8861543-product_image-p2609103.jpg?v=1744659089,17
3583787413159,4001607,Forclaz,bag_pack,bag_pack.backpack,hike_camp,Backpack,Forclaz Men's Travel 900 70+6L Backpacking Pack,Forclaz 900 70+6L Pack Trekking Voyage Homme,70+6 L,Dark Green,199.00,189.05,EUR,fr-FR,GF-R3-U2,6,forclaz-travel-trekking-backpack-900-706-l-324139,https://cdn.shopify.com/s/files/1/1330/6287/files/8580014-product_image-p2606959.jpg?v=1712144965,16
3608393571298,5678791,Van Rysel,apparel,apparel.short-sleeved-jersey,general,Short-sleeved jersey,Van Rysel Unisex RCR-R 2 Short-Sleeved Cycling Jersey,Van Rysel RCR-R 2 Short-Sleeved Maillot de Vélo Mixte,L,Snowy White,99.99,94.99,EUR,fr-FR,GB-R1-U2,4,van-rysel-unisex-rcr-r-2-short-sleeved-cycling-jersey-snowy-white-8969588,https://cdn.shopify.com/s/files/1/1330/6287/files/default_e945b712-55d6-46e4-a038-149822cc93eb.jpg?v=1775496937,8
3608393572004,5678792,Van Rysel,apparel,apparel.short-sleeved-jersey,general,Short-sleeved jersey,Van Rysel Unisex RCR-R 2 Short-Sleeved Cycling Jersey,Van Rysel RCR-R 2 Short-Sleeved Maillot de Vélo Mixte,XL,Snowy White,99.99,94.99,EUR,fr-FR,GB-R1-U2,3,van-rysel-unisex-rcr-r-2-short-sleeved-cycling-jersey-snowy-white-8969588,https://cdn.shopify.com/s/files/1/1330/6287/files/default_e945b712-55d6-46e4-a038-149822cc93eb.jpg?v=1775496937,8
3608393572011,5678793,Van Rysel,apparel,apparel.short-sleeved-jersey,general,Short-sleeved jersey,Van Rysel Unisex RCR-R 2 Short-Sleeved Cycling Jersey,Van Rysel RCR-R 2 Short-Sleeved Maillot de Vélo Mixte,XS,Snowy White,99.99,94.99,EUR,fr-FR,GB-R1-U2,1,van-rysel-unisex-rcr-r-2-short-sleeved-cycling-jersey-snowy-white-8969588,https://cdn.shopify.com/s/files/1/1330/6287/files/default_e945b712-55d6-46e4-a038-149822cc93eb.jpg?v=1775496937,8
3608393572028,5688876,Van Rysel,apparel,apparel.short-sleeved-jersey,general,Short-sleeved jersey,Van Rysel Unisex RCR-R 2 Short-Sleeved Cycling Jersey,Van Rysel RCR-R 2 Short-Sleeved Maillot de Vélo Mixte,S,Snowy White,99.99,94.99,EUR,fr-FR,GB-R1-U2,3,van-rysel-unisex-rcr-r-2-short-sleeved-cycling-jersey-snowy-white-8969588,https://cdn.shopify.com/s/files/1/1330/6287/files/default_e945b712-55d6-46e4-a038-149822cc93eb.jpg?v=1775496937,8
3608393572035,5690093,Van Rysel,apparel,apparel.short-sleeved-jersey,general,Short-sleeved jersey,Van Rysel Unisex RCR-R 2 Short-Sleeved Cycling Jersey,Van Rysel RCR-R 2 Short-Sleeved Maillot de Vélo Mixte,2XL,Snowy White,99.99,94.99,EUR,fr-FR,GB-R1-U2,1,van-rysel-unisex-rcr-r-2-short-sleeved-cycling-jersey-snowy-white-8969588,https://cdn.shopify.com/s/files/1/1330/6287/files/default_e945b712-55d6-46e4-a038-149822cc93eb.jpg?v=1775496937,8
3608393572059,5691762,Van Rysel,apparel,apparel.short-sleeved-jersey,general,Short-sleeved jersey,Van Rysel Unisex RCR-R 2 Short-Sleeved Cycling Jersey,Van Rysel RCR-R 2 Short-Sleeved Maillot de Vélo Mixte,M,Snowy White,99.99,94.99,EUR,fr-FR,GB-R1-U2,4,van-rysel-unisex-rcr-r-2-short-sleeved-cycling-jersey-snowy-white-8969588,https://cdn.shopify.com/s/files/1/1330/6287/files/default_e945b712-55d6-46e4-a038-149822cc93eb.jpg?v=1775496937,8
3583787567326,4335166,Itiwit,accessories,accessories.bladder,general,Bladder,"3.5"" Seat Bladder for Itiwit 1 New Itiwit 2 New Itiwit 3 New Canoe Kayak Hybrid","3.5"" Seat for Itiwit 1 New Itiwit 2 New Itiwit 3 New Canoe Kayak Hybrid Poche à eau",One Size,Unspecified,12.00,11.4,EUR,fr-FR,GB-R1-U2,10,itiwit-decathlon-inflatable-stitch-kayak-seat-inner-bladder-w-valve-334434,https://cdn.shopify.com/s/files/1/1330/6287/files/8649318-product_image-p1178180.jpg?v=1701260415,5
3608393571588,5678854,Van Rysel,apparel,apparel.cycling-bib-shorts,general,Cycling bib shorts,Van Rysel Men's RCR-R 5 Road Cycling Shorts,Van Rysel RCR-R 5 Road Cuissard Homme,S,Smoked Black,119.00,113.05,EUR,fr-FR,GF-R1-U1,3,van-rysel-mens-rcr-r-5-road-cycling-shorts,https://cdn.shopify.com/s/files/1/1330/6287/files/default_720450d7-cb0b-4813-8c9a-8a5a3030460f.jpg?v=1775494080,7
3608393571595,5678855,Van Rysel,apparel,apparel.cycling-bib-shorts,general,Cycling bib shorts,Van Rysel Men's RCR-R 5 Road Cycling Shorts,Van Rysel RCR-R 5 Road Cuissard Homme,2XL,Smoked Black,119.00,113.05,EUR,fr-FR,GF-R1-U1,1,van-rysel-mens-rcr-r-5-road-cycling-shorts,https://cdn.shopify.com/s/files/1/1330/6287/files/default_720450d7-cb0b-4813-8c9a-8a5a3030460f.jpg?v=1775494080,7
3608393572615,5692269,Van Rysel,apparel,apparel.cycling-bib-shorts,general,Cycling bib shorts,Van Rysel Men's RCR-R 5 Road Cycling Shorts,Van Rysel RCR-R 5 Road Cuissard Homme,M,Smoked Black,119.00,113.05,EUR,fr-FR,GF-R1-U1,4,van-rysel-mens-rcr-r-5-road-cycling-shorts,https://cdn.shopify.com/s/files/1/1330/6287/files/default_720450d7-cb0b-4813-8c9a-8a5a3030460f.jpg?v=1775494080,7
3608393572622,5692370,Van Rysel,apparel,apparel.cycling-bib-shorts,general,Cycling bib shorts,Van Rysel Men's RCR-R 5 Road Cycling Shorts,Van Rysel RCR-R 5 Road Cuissard Homme,L,Smoked Black,119.00,113.05,EUR,fr-FR,GF-R1-U1,4,van-rysel-mens-rcr-r-5-road-cycling-shorts,https://cdn.shopify.com/s/files/1/1330/6287/files/default_720450d7-cb0b-4813-8c9a-8a5a3030460f.jpg?v=1775494080,7
3608393572639,5692769,Van Rysel,apparel,apparel.cycling-bib-shorts,general,Cycling bib shorts,Van Rysel Men's RCR-R 5 Road Cycling Shorts,Van Rysel RCR-R 5 Road Cuissard Homme,XL,Smoked Black,119.00,113.05,EUR,fr-FR,GF-R1-U1,3,van-rysel-mens-rcr-r-5-road-cycling-shorts,https://cdn.shopify.com/s/files/1/1330/6287/files/default_720450d7-cb0b-4813-8c9a-8a5a3030460f.jpg?v=1775494080,7
3608393111951,5588962,Quechua,outdoor,outdoor.tent,hike_camp,tent,Quechua Arpenaz Fresh & Black Family Camping Tent 4 Person 1 Bedroom,Quechua Arpenaz Fresh Black Family Camping 4 Person 1 Bedroom Tente,4 Person,Unspecified,250.00,237.5,EUR,fr-FR,GF-R3-U1,2,quechua-arpenaz-fresh-black-camping-tent-4-person-8954292,https://cdn.shopify.com/s/files/1/1330/6287/files/8954292-product_image-p2425908.jpg?v=1751064604,17
3608439404870,2470579,Quechua,footwear,footwear.shoes,hike_camp,Shoes,Quechua Women's Waterproof Hiking Boots NH100 Low WP,Quechua NH100 Low WP Bottes Imperméable de Randonnée Femme,5.5,Carbon Gray,40.00,38.0,EUR,fr-FR,PW-01,1,womens-nature-hiking-shoes-nh150,https://cdn.shopify.com/s/files/1/1330/6287/files/8504213-product_image-p1612497.jpg?v=1701865537,8
3608439404887,2470589,Quechua,footwear,footwear.shoes,hike_camp,Shoes,Quechua Women's Waterproof Hiking Boots NH100 Low WP,Quechua NH100 Low WP Bottes Imperméable de Randonnée Femme,9.5,Carbon Gray,40.00,38.0,EUR,fr-FR,PW-01,2,womens-nature-hiking-shoes-nh150,https://cdn.shopify.com/s/files/1/1330/6287/files/8504213-product_image-p1612497.jpg?v=1701865537,8
3608439404894,2470591,Quechua,footwear,footwear.shoes,hike_camp,Shoes,Quechua Women's Waterproof Hiking Boots NH100 Low WP,Quechua NH100 Low WP Bottes Imperméable de Randonnée Femme,10.5,Carbon Gray,40.00,38.0,EUR,fr-FR,PW-01,1,womens-nature-hiking-shoes-nh150,https://cdn.shopify.com/s/files/1/1330/6287/files/8504213-product_image-p1612497.jpg?v=1701865537,8
3608439404900,2470585,Quechua,footwear,footwear.shoes,hike_camp,Shoes,Quechua Women's Waterproof Hiking Boots NH100 Low WP,Quechua NH100 Low WP Bottes Imperméable de Randonnée Femme,8,Carbon Gray,40.00,38.0,EUR,fr-FR,PW-01,3,womens-nature-hiking-shoes-nh150,https://cdn.shopify.com/s/files/1/1330/6287/files/8504213-product_image-p1612497.jpg?v=1701865537,8
3608439404917,2470587,Quechua,footwear,footwear.shoes,hike_camp,Shoes,Quechua Women's Waterproof Hiking Boots NH100 Low WP,Quechua NH100 Low WP Bottes Imperméable de Randonnée Femme,9,Carbon Gray,40.00,38.0,EUR,fr-FR,PW-01,3,womens-nature-hiking-shoes-nh150,https://cdn.shopify.com/s/files/1/1330/6287/files/8504213-product_image-p1612497.jpg?v=1701865537,8
3608439404924,2470581,Quechua,footwear,footwear.shoes,hike_camp,Shoes,Quechua Women's Waterproof Hiking Boots NH100 Low WP,Quechua NH100 Low WP Bottes Imperméable de Randonnée Femme,6.5,Carbon Gray,40.00,38.0,EUR,fr-FR,PW-01,2,womens-nature-hiking-shoes-nh150,https://cdn.shopify.com/s/files/1/1330/6287/files/8504213-product_image-p1612497.jpg?v=1701865537,8
3608439404931,2470583,Quechua,footwear,footwear.shoes,hike_camp,Shoes,Quechua Women's Waterproof Hiking Boots NH100 Low WP,Quechua NH100 Low WP Bottes Imperméable de Randonnée Femme,7.5,Carbon Gray,40.00,38.0,EUR,fr-FR,PW-01,3,womens-nature-hiking-shoes-nh150,https://cdn.shopify.com/s/files/1/1330/6287/files/8504213-product_image-p1612497.jpg?v=1701865537,8
3608390006502,2771866,Wedze,accessories,accessories.gloves,general,Gloves,Wedze Kids' 100 Warm Waterproof Ski Gloves,Wedze 100 Gants Imperméable Chaud de Ski Enfant,10 Years,Smoked Black,22.99,21.84,EUR,fr-FR,PI-01,2,kids-ski-gloves-100-fw25,https://cdn.shopify.com/s/files/1/1330/6287/files/8551128-product_image-p2579712.jpg?v=1755560761,5
3608390006519,2771867,Wedze,accessories,accessories.gloves,general,Gloves,Wedze Kids' 100 Warm Waterproof Ski Gloves,Wedze 100 Gants Imperméable Chaud de Ski Enfant,12 Years,Smoked Black,22.99,21.84,EUR,fr-FR,PI-01,1,kids-ski-gloves-100-fw25,https://cdn.shopify.com/s/files/1/1330/6287/files/8551128-product_image-p2579712.jpg?v=1755560761,5
3608390006526,2771868,Wedze,accessories,accessories.gloves,general,Gloves,Wedze Kids' 100 Warm Waterproof Ski Gloves,Wedze 100 Gants Imperméable Chaud de Ski Enfant,14 Years,Smoked Black,22.99,21.84,EUR,fr-FR,PI-01,1,kids-ski-gloves-100-fw25,https://cdn.shopify.com/s/files/1/1330/6287/files/8551128-product_image-p2579712.jpg?v=1755560761,5
3608390006540,2771870,Wedze,accessories,accessories.gloves,general,Gloves,Wedze Kids' 100 Warm Waterproof Ski Gloves,Wedze 100 Gants Imperméable Chaud de Ski Enfant,6 Years,Smoked Black,22.99,21.84,EUR,fr-FR,PI-01,2,kids-ski-gloves-100-fw25,https://cdn.shopify.com/s/files/1/1330/6287/files/8551128-product_image-p2579712.jpg?v=1755560761,5
3608390006557,2771871,Wedze,accessories,accessories.gloves,general,Gloves,Wedze Kids' 100 Warm Waterproof Ski Gloves,Wedze 100 Gants Imperméable Chaud de Ski Enfant,8 Years,Smoked Black,22.99,21.84,EUR,fr-FR,PI-01,1,kids-ski-gloves-100-fw25,https://cdn.shopify.com/s/files/1/1330/6287/files/8551128-product_image-p2579712.jpg?v=1755560761,5
3583787100769,4718097,Van Rysel,apparel,apparel.short-sleeved-jersey,general,Short-sleeved jersey,Van Rysel Unisex RCR 2 Short-Sleeved Cycling Jersey,Van Rysel RCR 2 Short-Sleeved Maillot de Vélo Mixte,XL,Snowy White,60.00,57.0,EUR,fr-FR,GF-R1-U2,1,van-rysel-unisex-road-cycling-short-sleeved-summer-jersey-racer-2-337652,https://cdn.shopify.com/s/files/1/1330/6287/files/8733012-product_image-p2647610.jpg?v=1747691352,63
3583787100776,4718098,Van Rysel,apparel,apparel.short-sleeved-jersey,general,Short-sleeved jersey,Van Rysel Unisex RCR 2 Short-Sleeved Cycling Jersey,Van Rysel RCR 2 Short-Sleeved Maillot de Vélo Mixte,L,Snowy White,60.00,57.0,EUR,fr-FR,GF-R1-U2,1,van-rysel-unisex-road-cycling-short-sleeved-summer-jersey-racer-2-337652,https://cdn.shopify.com/s/files/1/1330/6287/files/8733012-product_image-p2647610.jpg?v=1747691352,63
3583787100783,4718095,Van Rysel,apparel,apparel.short-sleeved-jersey,general,Short-sleeved jersey,Van Rysel Unisex RCR 2 Short-Sleeved Cycling Jersey,Van Rysel RCR 2 Short-Sleeved Maillot de Vélo Mixte,S,Snowy White,60.00,57.0,EUR,fr-FR,GF-R1-U2,1,van-rysel-unisex-road-cycling-short-sleeved-summer-jersey-racer-2-337652,https://cdn.shopify.com/s/files/1/1330/6287/files/8733012-product_image-p2647610.jpg?v=1747691352,63
3583787100790,4718096,Van Rysel,apparel,apparel.short-sleeved-jersey,general,Short-sleeved jersey,Van Rysel Unisex RCR 2 Short-Sleeved Cycling Jersey,Van Rysel RCR 2 Short-Sleeved Maillot de Vélo Mixte,M,Snowy White,60.00,57.0,EUR,fr-FR,GF-R1-U2,1,van-rysel-unisex-road-cycling-short-sleeved-summer-jersey-racer-2-337652,https://cdn.shopify.com/s/files/1/1330/6287/files/8733012-product_image-p2647610.jpg?v=1747691352,63
3583787100806,4794604,Van Rysel,apparel,apparel.short-sleeved-jersey,general,Short-sleeved jersey,Van Rysel Unisex RCR 2 Short-Sleeved Cycling Jersey,Van Rysel RCR 2 Short-Sleeved Maillot de Vélo Mixte,2XL,Snowy White,60.00,57.0,EUR,fr-FR,GF-R1-U2,1,van-rysel-unisex-road-cycling-short-sleeved-summer-jersey-racer-2-337652,https://cdn.shopify.com/s/files/1/1330/6287/files/8733012-product_image-p2647610.jpg?v=1747691352,63
3583787107614,4472692,Van Rysel,apparel,apparel.short-sleeved-jersey,general,Short-sleeved jersey,Van Rysel Unisex RCR 2 Short-Sleeved Cycling Jersey,Van Rysel RCR 2 Short-Sleeved Maillot de Vélo Mixte,M,Smoked Black,60.00,57.0,EUR,fr-FR,GF-R1-U2,2,van-rysel-unisex-road-cycling-short-sleeved-summer-jersey-racer-2-337652,https://cdn.shopify.com/s/files/1/1330/6287/files/8733012-product_image-p2647610.jpg?v=1747691352,63
3583787107638,4472695,Van Rysel,apparel,apparel.short-sleeved-jersey,general,Short-sleeved jersey,Van Rysel Unisex RCR 2 Short-Sleeved Cycling Jersey,Van Rysel RCR 2 Short-Sleeved Maillot de Vélo Mixte,L,Smoked Black,60.00,57.0,EUR,fr-FR,GF-R1-U2,2,van-rysel-unisex-road-cycling-short-sleeved-summer-jersey-racer-2-337652,https://cdn.shopify.com/s/files/1/1330/6287/files/8733012-product_image-p2647610.jpg?v=1747691352,63
3583787107645,4472694,Van Rysel,apparel,apparel.short-sleeved-jersey,general,Short-sleeved jersey,Van Rysel Unisex RCR 2 Short-Sleeved Cycling Jersey,Van Rysel RCR 2 Short-Sleeved Maillot de Vélo Mixte,S,Smoked Black,60.00,57.0,EUR,fr-FR,GF-R1-U2,1,van-rysel-unisex-road-cycling-short-sleeved-summer-jersey-racer-2-337652,https://cdn.shopify.com/s/files/1/1330/6287/files/8733012-product_image-p2647610.jpg?v=1747691352,63
3583787107652,4472697,Van Rysel,apparel,apparel.short-sleeved-jersey,general,Short-sleeved jersey,Van Rysel Unisex RCR 2 Short-Sleeved Cycling Jersey,Van Rysel RCR 2 Short-Sleeved Maillot de Vélo Mixte,2XL,Smoked Black,60.00,57.0,EUR,fr-FR,GF-R1-U2,1,van-rysel-unisex-road-cycling-short-sleeved-summer-jersey-racer-2-337652,https://cdn.shopify.com/s/files/1/1330/6287/files/8733012-product_image-p2647610.jpg?v=1747691352,63
3583787107676,4472696,Van Rysel,apparel,apparel.short-sleeved-jersey,general,Short-sleeved jersey,Van Rysel Unisex RCR 2 Short-Sleeved Cycling Jersey,Van Rysel RCR 2 Short-Sleeved Maillot de Vélo Mixte,XL,Smoked Black,60.00,57.0,EUR,fr-FR,GF-R1-U2,1,van-rysel-unisex-road-cycling-short-sleeved-summer-jersey-racer-2-337652,https://cdn.shopify.com/s/files/1/1330/6287/files/8733012-product_image-p2647610.jpg?v=1747691352,63
3608391192648,5203801,Van Rysel,apparel,apparel.short-sleeved-jersey,general,Short-sleeved jersey,Van Rysel Unisex RCR 2 Short-Sleeved Cycling Jersey,Van Rysel RCR 2 Short-Sleeved Maillot de Vélo Mixte,M,Deep Sea Turquoise,89.99,85.49,EUR,fr-FR,GF-R1-U2,2,van-rysel-unisex-road-cycling-short-sleeved-summer-jersey-racer-2-337652,https://cdn.shopify.com/s/files/1/1330/6287/files/8733012-product_image-p2647610.jpg?v=1747691352,63
3608391192655,5203802,Van Rysel,apparel,apparel.short-sleeved-jersey,general,Short-sleeved jersey,Van Rysel Unisex RCR 2 Short-Sleeved Cycling Jersey,Van Rysel RCR 2 Short-Sleeved Maillot de Vélo Mixte,S,Deep Sea Turquoise,89.99,85.49,EUR,fr-FR,GF-R1-U2,1,van-rysel-unisex-road-cycling-short-sleeved-summer-jersey-racer-2-337652,https://cdn.shopify.com/s/files/1/1330/6287/files/8733012-product_image-p2647610.jpg?v=1747691352,63
3608391192679,5203804,Van Rysel,apparel,apparel.short-sleeved-jersey,general,Short-sleeved jersey,Van Rysel Unisex RCR 2 Short-Sleeved Cycling Jersey,Van Rysel RCR 2 Short-Sleeved Maillot de Vélo Mixte,L,Deep Sea Turquoise,89.99,85.49,EUR,fr-FR,GF-R1-U2,2,van-rysel-unisex-road-cycling-short-sleeved-summer-jersey-racer-2-337652,https://cdn.shopify.com/s/files/1/1330/6287/files/8733012-product_image-p2647610.jpg?v=1747691352,63
3608391192686,5203805,Van Rysel,apparel,apparel.short-sleeved-jersey,general,Short-sleeved jersey,Van Rysel Unisex RCR 2 Short-Sleeved Cycling Jersey,Van Rysel RCR 2 Short-Sleeved Maillot de Vélo Mixte,XL,Deep Sea Turquoise,89.99,85.49,EUR,fr-FR,GF-R1-U2,2,van-rysel-unisex-road-cycling-short-sleeved-summer-jersey-racer-2-337652,https://cdn.shopify.com/s/files/1/1330/6287/files/8733012-product_image-p2647610.jpg?v=1747691352,63
3608439934582,1406398,Quechua,apparel,apparel.fleece,hike_camp,Fleece,Quechua Men's MH120 Fleece Vest,Quechua MH120 Gilet polaire Homme,2XL,Black,20.00,19.0,EUR,fr-FR,GB-R3-U2,3,quechua-mh120-fleece-hiking-vest-mens-12483,https://cdn.shopify.com/s/files/1/1330/6287/files/8189216-product_image-p2607136.jpg?v=1712228909,8
3608439934971,1406394,Quechua,apparel,apparel.fleece,hike_camp,Fleece,Quechua Men's MH120 Fleece Vest,Quechua MH120 Gilet polaire Homme,M,Black,20.00,19.0,EUR,fr-FR,GB-R3-U2,8,quechua-mh120-fleece-hiking-vest-mens-12483,https://cdn.shopify.com/s/files/1/1330/6287/files/8189216-product_image-p2607136.jpg?v=1712228909,8
3608439935053,1406395,Quechua,apparel,apparel.fleece,hike_camp,Fleece,Quechua Men's MH120 Fleece Vest,Quechua MH120 Gilet polaire Homme,L,Black,20.00,19.0,EUR,fr-FR,GB-R3-U2,7,quechua-mh120-fleece-hiking-vest-mens-12483,https://cdn.shopify.com/s/files/1/1330/6287/files/8189216-product_image-p2607136.jpg?v=1712228909,8
3608439935084,1406397,Quechua,apparel,apparel.fleece,hike_camp,Fleece,Quechua Men's MH120 Fleece Vest,Quechua MH120 Gilet polaire Homme,XL,Black,20.00,19.0,EUR,fr-FR,GB-R3-U2,5,quechua-mh120-fleece-hiking-vest-mens-12483,https://cdn.shopify.com/s/files/1/1330/6287/files/8189216-product_image-p2607136.jpg?v=1712228909,8
3608439935121,1406393,Quechua,apparel,apparel.fleece,hike_camp,Fleece,Quechua Men's MH120 Fleece Vest,Quechua MH120 Gilet polaire Homme,S,Black,20.00,19.0,EUR,fr-FR,GB-R3-U2,5,quechua-mh120-fleece-hiking-vest-mens-12483,https://cdn.shopify.com/s/files/1/1330/6287/files/8189216-product_image-p2607136.jpg?v=1712228909,8
3583783996175,2422429,Quechua,apparel,apparel.fleece,hike_camp,Fleece,Quechua Women's MH120 Fleece Jacket,Quechua MH120 Veste polaire Femme,3XL,Black,34.99,33.24,EUR,fr-FR,GF-R3-U1,1,womens-hiking-fleece-jacket-mh120-302556-302526,https://cdn.shopify.com/s/files/1/1330/6287/files/8550837-product_image-p2718231.jpg?v=1740184301,19
3608439378904,2422432,Quechua,apparel,apparel.fleece,hike_camp,Fleece,Quechua Women's MH120 Fleece Jacket,Quechua MH120 Veste polaire Femme,M,Black,34.99,33.24,EUR,fr-FR,GF-R3-U1,2,womens-hiking-fleece-jacket-mh120-302556-302526,https://cdn.shopify.com/s/files/1/1330/6287/files/8550837-product_image-p2718231.jpg?v=1740184301,19
3608439378911,2422431,Quechua,apparel,apparel.fleece,hike_camp,Fleece,Quechua Women's MH120 Fleece Jacket,Quechua MH120 Veste polaire Femme,L,Black,34.99,33.24,EUR,fr-FR,GF-R3-U1,2,womens-hiking-fleece-jacket-mh120-302556-302526,https://cdn.shopify.com/s/files/1/1330/6287/files/8550837-product_image-p2718231.jpg?v=1740184301,19
3608439378928,2422434,Quechua,apparel,apparel.fleece,hike_camp,Fleece,Quechua Women's MH120 Fleece Jacket,Quechua MH120 Veste polaire Femme,XL,Black,34.99,33.24,EUR,fr-FR,GF-R3-U1,1,womens-hiking-fleece-jacket-mh120-302556-302526,https://cdn.shopify.com/s/files/1/1330/6287/files/8550837-product_image-p2718231.jpg?v=1740184301,19
3608439378935,2422433,Quechua,apparel,apparel.fleece,hike_camp,Fleece,Quechua Women's MH120 Fleece Jacket,Quechua MH120 Veste polaire Femme,S,Black,34.99,33.24,EUR,fr-FR,GF-R3-U1,1,womens-hiking-fleece-jacket-mh120-302556-302526,https://cdn.shopify.com/s/files/1/1330/6287/files/8550837-product_image-p2718231.jpg?v=1740184301,19
3608439378942,2422435,Quechua,apparel,apparel.fleece,hike_camp,Fleece,Quechua Women's MH120 Fleece Jacket,Quechua MH120 Veste polaire Femme,XS,Black,34.99,33.24,EUR,fr-FR,GF-R3-U1,0,womens-hiking-fleece-jacket-mh120-302556-302526,https://cdn.shopify.com/s/files/1/1330/6287/files/8550837-product_image-p2718231.jpg?v=1740184301,19
3608439378959,2422427,Quechua,apparel,apparel.fleece,hike_camp,Fleece,Quechua Women's MH120 Fleece Jacket,Quechua MH120 Veste polaire Femme,2XL,Black,34.99,33.24,EUR,fr-FR,GF-R3-U1,1,womens-hiking-fleece-jacket-mh120-302556-302526,https://cdn.shopify.com/s/files/1/1330/6287/files/8550837-product_image-p2718231.jpg?v=1740184301,19
3608439385025,2778462,Quechua,apparel,apparel.fleece,hike_camp,Fleece,Quechua Women's MH120 Fleece Jacket,Quechua MH120 Veste polaire Femme,L,Dark Petrol Blue,34.99,33.24,EUR,fr-FR,GF-R3-U1,2,womens-hiking-fleece-jacket-mh120-302556-302526,https://cdn.shopify.com/s/files/1/1330/6287/files/8550837-product_image-p2718231.jpg?v=1740184301,19
3608439385032,2778464,Quechua,apparel,apparel.fleece,hike_camp,Fleece,Quechua Women's MH120 Fleece Jacket,Quechua MH120 Veste polaire Femme,S,Dark Petrol Blue,34.99,33.24,EUR,fr-FR,GF-R3-U1,1,womens-hiking-fleece-jacket-mh120-302556-302526,https://cdn.shopify.com/s/files/1/1330/6287/files/8550837-product_image-p2718231.jpg?v=1740184301,19
3608439385049,2778463,Quechua,apparel,apparel.fleece,hike_camp,Fleece,Quechua Women's MH120 Fleece Jacket,Quechua MH120 Veste polaire Femme,M,Dark Petrol Blue,34.99,33.24,EUR,fr-FR,GF-R3-U1,2,womens-hiking-fleece-jacket-mh120-302556-302526,https://cdn.shopify.com/s/files/1/1330/6287/files/8550837-product_image-p2718231.jpg?v=1740184301,19
3608439385056,2778467,Quechua,apparel,apparel.fleece,hike_camp,Fleece,Quechua Women's MH120 Fleece Jacket,Quechua MH120 Veste polaire Femme,XS,Dark Petrol Blue,34.99,33.24,EUR,fr-FR,GF-R3-U1,1,womens-hiking-fleece-jacket-mh120-302556-302526,https://cdn.shopify.com/s/files/1/1330/6287/files/8550837-product_image-p2718231.jpg?v=1740184301,19
3608439385063,2778465,Quechua,apparel,apparel.fleece,hike_camp,Fleece,Quechua Women's MH120 Fleece Jacket,Quechua MH120 Veste polaire Femme,XL,Dark Petrol Blue,34.99,33.24,EUR,fr-FR,GF-R3-U1,2,womens-hiking-fleece-jacket-mh120-302556-302526,https://cdn.shopify.com/s/files/1/1330/6287/files/8550837-product_image-p2718231.jpg?v=1740184301,19
3608439385131,2778457,Quechua,apparel,apparel.fleece,hike_camp,Fleece,Quechua Women's MH120 Fleece Jacket,Quechua MH120 Veste polaire Femme,2XL,Dark Petrol Blue,34.99,33.24,EUR,fr-FR,GF-R3-U1,0,womens-hiking-fleece-jacket-mh120-302556-302526,https://cdn.shopify.com/s/files/1/1330/6287/files/8550837-product_image-p2718231.jpg?v=1740184301,19
3608390507795,5023960,Van Rysel,apparel,apparel.cycling-shorts,general,Cycling shorts,Van Rysel Men's Winter Road Cycling Tights Racer - Black,Van Rysel Road Tights Racer Black de Vélo Hiver Homme,S,Smoked Black,119.00,113.05,EUR,fr-FR,GB-R1-U1,3,van-rysel-mens-winter-road-cycling-tights-racer-black-350516,https://cdn.shopify.com/s/files/1/1330/6287/files/8842732-product_image-p2778764.jpg?v=1762559452,11
3608390508501,5023961,Van Rysel,apparel,apparel.cycling-shorts,general,Cycling shorts,Van Rysel Men's Winter Road Cycling Tights Racer - Black,Van Rysel Road Tights Racer Black de Vélo Hiver Homme,L,Smoked Black,119.00,113.05,EUR,fr-FR,GB-R1-U1,5,van-rysel-mens-winter-road-cycling-tights-racer-black-350516,https://cdn.shopify.com/s/files/1/1330/6287/files/8842732-product_image-p2778764.jpg?v=1762559452,11
3608390508518,5023962,Van Rysel,apparel,apparel.cycling-shorts,general,Cycling shorts,Van Rysel Men's Winter Road Cycling Tights Racer - Black,Van Rysel Road Tights Racer Black de Vélo Hiver Homme,M,Smoked Black,119.00,113.05,EUR,fr-FR,GB-R1-U1,6,van-rysel-mens-winter-road-cycling-tights-racer-black-350516,https://cdn.shopify.com/s/files/1/1330/6287/files/8842732-product_image-p2778764.jpg?v=1762559452,11
3608390508532,5023964,Van Rysel,apparel,apparel.cycling-shorts,general,Cycling shorts,Van Rysel Men's Winter Road Cycling Tights Racer - Black,Van Rysel Road Tights Racer Black de Vélo Hiver Homme,XL,Smoked Black,119.00,113.05,EUR,fr-FR,GB-R1-U1,4,van-rysel-mens-winter-road-cycling-tights-racer-black-350516,https://cdn.shopify.com/s/files/1/1330/6287/files/8842732-product_image-p2778764.jpg?v=1762559452,11
3608390508549,5023965,Van Rysel,apparel,apparel.cycling-shorts,general,Cycling shorts,Van Rysel Men's Winter Road Cycling Tights Racer - Black,Van Rysel Road Tights Racer Black de Vélo Hiver Homme,2XL,Smoked Black,119.00,113.05,EUR,fr-FR,GB-R1-U1,2,van-rysel-mens-winter-road-cycling-tights-racer-black-350516,https://cdn.shopify.com/s/files/1/1330/6287/files/8842732-product_image-p2778764.jpg?v=1762559452,11
3583787480380,4275497,Forclaz,bag_pack,bag_pack.backpack,hike_camp,Backpack,Forclaz Women's Ultralight Backpacking Backpack 45+10 L - MT900 UL,Forclaz Ultralight 45+10 MT900 UL Sac à dos Trekking Femme,45+10 L,Steel Gray,140.00,133.0,EUR,fr-FR,PE-01,6,forclaz-womens-mt900-ul-backpacking-45-10-l-backpack-332261,https://cdn.shopify.com/s/files/1/1330/6287/files/8642604-product_image-p2687659.jpg?v=1714475875,13
3608439288609,4486689,Forclaz,bag_pack,bag_pack.bag-protector,hike_camp,Bag protector,Forclaz Quechua 20 40L Rain Cover for Hiking Backpacks,Forclaz Quechua 20 40L Rain Cover for Backpacks de Randonnée,One Size,Lime Yellow,19.99,18.99,EUR,fr-FR,GF-R3-U1,9,quechua-20-40l-rain-cover-for-hiking-backpacks-337980,https://cdn.shopify.com/s/files/1/1330/6287/files/8734213-product_image-p2572835.jpg?v=1700658393,4
3608429646716,4924327,Kiprun,apparel,apparel.windbreaker,running,Windbreaker,Kiprun Women's Run 100 Windproof Running & Trail Jacket,Kiprun Run 100 Windproof Veste de Running Trail Femme,L,Smoked Black,20.00,19.0,EUR,fr-FR,GF-R2-U1,6,kalenji-kiprun-womens-run-100-windproof-running-trail-jacket-344411,https://cdn.shopify.com/s/files/1/1330/6287/files/8817239-product_image-p2516898.jpg?v=1742418399,11
3608429646723,4924328,Kiprun,apparel,apparel.windbreaker,running,Windbreaker,Kiprun Women's Run 100 Windproof Running & Trail Jacket,Kiprun Run 100 Windproof Veste de Running Trail Femme,XL,Smoked Black,20.00,19.0,EUR,fr-FR,GF-R2-U1,4,kalenji-kiprun-womens-run-100-windproof-running-trail-jacket-344411,https://cdn.shopify.com/s/files/1/1330/6287/files/8817239-product_image-p2516898.jpg?v=1742418399,11
3608429646730,4924325,Kiprun,apparel,apparel.windbreaker,running,Windbreaker,Kiprun Women's Run 100 Windproof Running & Trail Jacket,Kiprun Run 100 Windproof Veste de Running Trail Femme,S,Smoked Black,20.00,19.0,EUR,fr-FR,GF-R2-U1,4,kalenji-kiprun-womens-run-100-windproof-running-trail-jacket-344411,https://cdn.shopify.com/s/files/1/1330/6287/files/8817239-product_image-p2516898.jpg?v=1742418399,11
3608429646747,4924326,Kiprun,apparel,apparel.windbreaker,running,Windbreaker,Kiprun Women's Run 100 Windproof Running & Trail Jacket,Kiprun Run 100 Windproof Veste de Running Trail Femme,M,Smoked Black,20.00,19.0,EUR,fr-FR,GF-R2-U1,6,kalenji-kiprun-womens-run-100-windproof-running-trail-jacket-344411,https://cdn.shopify.com/s/files/1/1330/6287/files/8817239-product_image-p2516898.jpg?v=1742418399,11
3608429646754,4924329,Kiprun,apparel,apparel.windbreaker,running,Windbreaker,Kiprun Women's Run 100 Windproof Running & Trail Jacket,Kiprun Run 100 Windproof Veste de Running Trail Femme,2XL,Smoked Black,20.00,19.0,EUR,fr-FR,GF-R2-U1,2,kalenji-kiprun-womens-run-100-windproof-running-trail-jacket-344411,https://cdn.shopify.com/s/files/1/1330/6287/files/8817239-product_image-p2516898.jpg?v=1742418399,11
3608429646761,4924330,Kiprun,apparel,apparel.windbreaker,running,Windbreaker,Kiprun Women's Run 100 Windproof Running & Trail Jacket,Kiprun Run 100 Windproof Veste de Running Trail Femme,3XL,Smoked Black,20.00,19.0,EUR,fr-FR,GF-R2-U1,1,kalenji-kiprun-womens-run-100-windproof-running-trail-jacket-344411,https://cdn.shopify.com/s/files/1/1330/6287/files/8817239-product_image-p2516898.jpg?v=1742418399,11
3608439288845,4528056,Quechua,bag_pack,bag_pack.backpack,hike_camp,Backpack,Quechua NH Escape 500 Rolltop 32 L Backpack,Quechua NH Escape 500 Rolltop 32 Sac à dos,32 L,Carbon Gray,50.00,47.5,EUR,fr-FR,GF-R3-U2,6,hiking-backpack-32l-nh-escape-500-rolltop-334630,https://cdn.shopify.com/s/files/1/1330/6287/files/8736456-product_image-p2183168.jpg?v=1718731536,17
3608439366086,2938498,Quechua,footwear,footwear.shoes,hike_camp,Shoes,Quechua Men's MH100 Hiking Shoes,Quechua MH100 Chaussures de Randonnée Homme,7.5,Carbon Gray,45.00,42.75,EUR,fr-FR,PE-01,1,quechua-mens-mh100-hiking-shoes-307854,https://cdn.shopify.com/s/files/1/1330/6287/files/8555093-product_image-p2578982.jpg?v=1750888789,9
3608439366093,2938497,Quechua,footwear,footwear.shoes,hike_camp,Shoes,Quechua Men's MH100 Hiking Shoes,Quechua MH100 Chaussures de Randonnée Homme,6.5,Carbon Gray,45.00,42.75,EUR,fr-FR,PE-01,1,quechua-mens-mh100-hiking-shoes-307854,https://cdn.shopify.com/s/files/1/1330/6287/files/8555093-product_image-p2578982.jpg?v=1750888789,9
3608439366109,2938499,Quechua,footwear,footwear.shoes,hike_camp,Shoes,Quechua Men's MH100 Hiking Shoes,Quechua MH100 Chaussures de Randonnée Homme,8,Carbon Gray,45.00,42.75,EUR,fr-FR,PE-01,2,quechua-mens-mh100-hiking-shoes-307854,https://cdn.shopify.com/s/files/1/1330/6287/files/8555093-product_image-p2578982.jpg?v=1750888789,9
3608439366116,2938500,Quechua,footwear,footwear.shoes,hike_camp,Shoes,Quechua Men's MH100 Hiking Shoes,Quechua MH100 Chaussures de Randonnée Homme,9,Carbon Gray,45.00,42.75,EUR,fr-FR,PE-01,2,quechua-mens-mh100-hiking-shoes-307854,https://cdn.shopify.com/s/files/1/1330/6287/files/8555093-product_image-p2578982.jpg?v=1750888789,9
3608439366123,2938501,Quechua,footwear,footwear.shoes,hike_camp,Shoes,Quechua Men's MH100 Hiking Shoes,Quechua MH100 Chaussures de Randonnée Homme,9.5,Carbon Gray,45.00,42.75,EUR,fr-FR,PE-01,3,quechua-mens-mh100-hiking-shoes-307854,https://cdn.shopify.com/s/files/1/1330/6287/files/8555093-product_image-p2578982.jpg?v=1750888789,9
3608439366130,2938502,Quechua,footwear,footwear.shoes,hike_camp,Shoes,Quechua Men's MH100 Hiking Shoes,Quechua MH100 Chaussures de Randonnée Homme,10.5,Carbon Gray,45.00,42.75,EUR,fr-FR,PE-01,2,quechua-mens-mh100-hiking-shoes-307854,https://cdn.shopify.com/s/files/1/1330/6287/files/8555093-product_image-p2578982.jpg?v=1750888789,9
3608439366147,2938503,Quechua,footwear,footwear.shoes,hike_camp,Shoes,Quechua Men's MH100 Hiking Shoes,Quechua MH100 Chaussures de Randonnée Homme,11.5,Carbon Gray,45.00,42.75,EUR,fr-FR,PE-01,1,quechua-mens-mh100-hiking-shoes-307854,https://cdn.shopify.com/s/files/1/1330/6287/files/8555093-product_image-p2578982.jpg?v=1750888789,9
3608439366154,2938504,Quechua,footwear,footwear.shoes,hike_camp,Shoes,Quechua Men's MH100 Hiking Shoes,Quechua MH100 Chaussures de Randonnée Homme,12,Carbon Gray,45.00,42.75,EUR,fr-FR,PE-01,1,quechua-mens-mh100-hiking-shoes-307854,https://cdn.shopify.com/s/files/1/1330/6287/files/8555093-product_image-p2578982.jpg?v=1750888789,9
3608439366161,2938505,Quechua,footwear,footwear.shoes,hike_camp,Shoes,Quechua Men's MH100 Hiking Shoes,Quechua MH100 Chaussures de Randonnée Homme,13,Carbon Gray,45.00,42.75,EUR,fr-FR,PE-01,0,quechua-mens-mh100-hiking-shoes-307854,https://cdn.shopify.com/s/files/1/1330/6287/files/8555093-product_image-p2578982.jpg?v=1750888789,9
3583787538654,4108820,Simond,apparel,apparel.sports-bra,general,Sports bra,Simond Trek 500 Merino Wool Bra,Simond Trek 500 Bra Mérinos Laine,M,Black,44.99,42.74,EUR,fr-FR,GB-R1-U2,5,trek-500-merino-wool-bra-324119,https://cdn.shopify.com/s/files/1/1330/6287/files/8601370-product_image-p2815802_b8b1d804-78bb-4c55-a09c-8ff963201a55.jpg?v=1748660475,7
3583787538661,4108821,Simond,apparel,apparel.sports-bra,general,Sports bra,Simond Trek 500 Merino Wool Bra,Simond Trek 500 Bra Mérinos Laine,S,Black,44.99,42.74,EUR,fr-FR,GB-R1-U2,3,trek-500-merino-wool-bra-324119,https://cdn.shopify.com/s/files/1/1330/6287/files/8601370-product_image-p2815802_b8b1d804-78bb-4c55-a09c-8ff963201a55.jpg?v=1748660475,7
3583787538678,4108822,Simond,apparel,apparel.sports-bra,general,Sports bra,Simond Trek 500 Merino Wool Bra,Simond Trek 500 Bra Mérinos Laine,XL,Black,44.99,42.74,EUR,fr-FR,GB-R1-U2,3,trek-500-merino-wool-bra-324119,https://cdn.shopify.com/s/files/1/1330/6287/files/8601370-product_image-p2815802_b8b1d804-78bb-4c55-a09c-8ff963201a55.jpg?v=1748660475,7
3583787538685,4108823,Simond,apparel,apparel.sports-bra,general,Sports bra,Simond Trek 500 Merino Wool Bra,Simond Trek 500 Bra Mérinos Laine,XS,Black,44.99,42.74,EUR,fr-FR,GB-R1-U2,1,trek-500-merino-wool-bra-324119,https://cdn.shopify.com/s/files/1/1330/6287/files/8601370-product_image-p2815802_b8b1d804-78bb-4c55-a09c-8ff963201a55.jpg?v=1748660475,7
3583787538692,4108819,Simond,apparel,apparel.sports-bra,general,Sports bra,Simond Trek 500 Merino Wool Bra,Simond Trek 500 Bra Mérinos Laine,L,Black,44.99,42.74,EUR,fr-FR,GB-R1-U2,5,trek-500-merino-wool-bra-324119,https://cdn.shopify.com/s/files/1/1330/6287/files/8601370-product_image-p2815802_b8b1d804-78bb-4c55-a09c-8ff963201a55.jpg?v=1748660475,7
3583784272414,4299408,Wedze,apparel,apparel.ski-pants,general,Ski pants,Wedze Kids' 500 PNF Warm Waterproof Snow Pants,Wedze 500 PNF Pantalon Imperméable Neige Chaud Enfant,10 - 12 Years,Graphite Black,69.99,66.49,EUR,fr-FR,GF-R1-U1,7,wedze-kids-warm-and-waterproof-ski-pants-500-pnf-black-332477-fw25,https://cdn.shopify.com/s/files/1/1330/6287/files/8645272-product_image-p2598957.jpg?v=1755289869,8
3583784272421,4299409,Wedze,apparel,apparel.ski-pants,general,Ski pants,Wedze Kids' 500 PNF Warm Waterproof Snow Pants,Wedze 500 PNF Pantalon Imperméable Neige Chaud Enfant,12 - 14 Years,Graphite Black,69.99,66.49,EUR,fr-FR,GF-R1-U1,5,wedze-kids-warm-and-waterproof-ski-pants-500-pnf-black-332477-fw25,https://cdn.shopify.com/s/files/1/1330/6287/files/8645272-product_image-p2598957.jpg?v=1755289869,8
3583784272438,4299410,Wedze,apparel,apparel.ski-pants,general,Ski pants,Wedze Kids' 500 PNF Warm Waterproof Snow Pants,Wedze 500 PNF Pantalon Imperméable Neige Chaud Enfant,6 - 8 Years,Graphite Black,69.99,66.49,EUR,fr-FR,GF-R1-U1,2,wedze-kids-warm-and-waterproof-ski-pants-500-pnf-black-332477-fw25,https://cdn.shopify.com/s/files/1/1330/6287/files/8645272-product_image-p2598957.jpg?v=1755289869,8
3583784272445,4299411,Wedze,apparel,apparel.ski-pants,general,Ski pants,Wedze Kids' 500 PNF Warm Waterproof Snow Pants,Wedze 500 PNF Pantalon Imperméable Neige Chaud Enfant,8 - 10 Years,Graphite Black,69.99,66.49,EUR,fr-FR,GF-R1-U1,5,wedze-kids-warm-and-waterproof-ski-pants-500-pnf-black-332477-fw25,https://cdn.shopify.com/s/files/1/1330/6287/files/8645272-product_image-p2598957.jpg?v=1755289869,8
3583784272452,4666757,Wedze,apparel,apparel.ski-pants,general,Ski pants,Wedze Kids' 500 PNF Warm Waterproof Snow Pants,Wedze 500 PNF Pantalon Imperméable Neige Chaud Enfant,14 - 16 Years,Graphite Black,69.99,66.49,EUR,fr-FR,GF-R1-U1,3,wedze-kids-warm-and-waterproof-ski-pants-500-pnf-black-332477-fw25,https://cdn.shopify.com/s/files/1/1330/6287/files/8645272-product_image-p2598957.jpg?v=1755289869,8
3608391913076,5334290,Quechua,apparel,apparel.jacket,hike_camp,Jacket,Quechua Women's MH500 Lightweight Waterproof Hiking Jacket,Quechua MH500 Veste Léger Imperméable de Randonnée Femme,S,Deep Sea Turquoise,149.00,141.55,EUR,fr-FR,GF-R3-U2,3,quechua-womens-hiking-jacket-mh500-green-357759,https://cdn.shopify.com/s/files/1/1330/6287/files/8911403-product_image-p2860387.jpg?v=1746484294,29
3608391914301,5334293,Quechua,apparel,apparel.jacket,hike_camp,Jacket,Quechua Women's MH500 Lightweight Waterproof Hiking Jacket,Quechua MH500 Veste Léger Imperméable de Randonnée Femme,M,Deep Sea Turquoise,149.00,141.55,EUR,fr-FR,GF-R3-U2,5,quechua-womens-hiking-jacket-mh500-green-357759,https://cdn.shopify.com/s/files/1/1330/6287/files/8911403-product_image-p2860387.jpg?v=1746484294,29
3608391914318,5334294,Quechua,apparel,apparel.jacket,hike_camp,Jacket,Quechua Women's MH500 Lightweight Waterproof Hiking Jacket,Quechua MH500 Veste Léger Imperméable de Randonnée Femme,L,Deep Sea Turquoise,149.00,141.55,EUR,fr-FR,GF-R3-U2,4,quechua-womens-hiking-jacket-mh500-green-357759,https://cdn.shopify.com/s/files/1/1330/6287/files/8911403-product_image-p2860387.jpg?v=1746484294,29
3608391914325,5334295,Quechua,apparel,apparel.jacket,hike_camp,Jacket,Quechua Women's MH500 Lightweight Waterproof Hiking Jacket,Quechua MH500 Veste Léger Imperméable de Randonnée Femme,XL,Deep Sea Turquoise,149.00,141.55,EUR,fr-FR,GF-R3-U2,3,quechua-womens-hiking-jacket-mh500-green-357759,https://cdn.shopify.com/s/files/1/1330/6287/files/8911403-product_image-p2860387.jpg?v=1746484294,29
3608391914332,5334296,Quechua,apparel,apparel.jacket,hike_camp,Jacket,Quechua Women's MH500 Lightweight Waterproof Hiking Jacket,Quechua MH500 Veste Léger Imperméable de Randonnée Femme,2XL,Deep Sea Turquoise,149.00,141.55,EUR,fr-FR,GF-R3-U2,2,quechua-womens-hiking-jacket-mh500-green-357759,https://cdn.shopify.com/s/files/1/1330/6287/files/8911403-product_image-p2860387.jpg?v=1746484294,29
3608439326516,4052741,Quechua,apparel,apparel.jacket,hike_camp,Jacket,Quechua Women's MH500 Lightweight Waterproof Hiking Jacket,Quechua MH500 Veste Léger Imperméable de Randonnée Femme,2XL,Cedar,100.00,95.0,EUR,fr-FR,GF-R3-U2,1,quechua-womens-hiking-jacket-mh500-green-357759,https://cdn.shopify.com/s/files/1/1330/6287/files/8911403-product_image-p2860387.jpg?v=1746484294,29
3608439326523,4052745,Quechua,apparel,apparel.jacket,hike_camp,Jacket,Quechua Women's MH500 Lightweight Waterproof Hiking Jacket,Quechua MH500 Veste Léger Imperméable de Randonnée Femme,M,Cedar,100.00,95.0,EUR,fr-FR,GF-R3-U2,4,quechua-womens-hiking-jacket-mh500-green-357759,https://cdn.shopify.com/s/files/1/1330/6287/files/8911403-product_image-p2860387.jpg?v=1746484294,29
3608439326530,4052744,Quechua,apparel,apparel.jacket,hike_camp,Jacket,Quechua Women's MH500 Lightweight Waterproof Hiking Jacket,Quechua MH500 Veste Léger Imperméable de Randonnée Femme,L,Cedar,100.00,95.0,EUR,fr-FR,GF-R3-U2,4,quechua-womens-hiking-jacket-mh500-green-357759,https://cdn.shopify.com/s/files/1/1330/6287/files/8911403-product_image-p2860387.jpg?v=1746484294,29
3608439326547,4052747,Quechua,apparel,apparel.jacket,hike_camp,Jacket,Quechua Women's MH500 Lightweight Waterproof Hiking Jacket,Quechua MH500 Veste Léger Imperméable de Randonnée Femme,XL,Cedar,100.00,95.0,EUR,fr-FR,GF-R3-U2,3,quechua-womens-hiking-jacket-mh500-green-357759,https://cdn.shopify.com/s/files/1/1330/6287/files/8911403-product_image-p2860387.jpg?v=1746484294,29
3608439326554,4052746,Quechua,apparel,apparel.jacket,hike_camp,Jacket,Quechua Women's MH500 Lightweight Waterproof Hiking Jacket,Quechua MH500 Veste Léger Imperméable de Randonnée Femme,S,Cedar,100.00,95.0,EUR,fr-FR,GF-R3-U2,2,quechua-womens-hiking-jacket-mh500-green-357759,https://cdn.shopify.com/s/files/1/1330/6287/files/8911403-product_image-p2860387.jpg?v=1746484294,29
3608439326561,4052748,Quechua,apparel,apparel.jacket,hike_camp,Jacket,Quechua Women's MH500 Lightweight Waterproof Hiking Jacket,Quechua MH500 Veste Léger Imperméable de Randonnée Femme,XS,Cedar,100.00,95.0,EUR,fr-FR,GF-R3-U2,2,quechua-womens-hiking-jacket-mh500-green-357759,https://cdn.shopify.com/s/files/1/1330/6287/files/8911403-product_image-p2860387.jpg?v=1746484294,29
3608393971418,5671043,Kiprun,footwear,footwear.shoes,running,Shoes,Kiprun Kipstorm Elite Women's Carbon Plate Running Shoes,Kiprun Kipstorm Elite Chaussures Plaque carbone de Running Femme,5.5,Yellow,255.00,242.25,EUR,fr-FR,PE-02,1,kiprun-kipstorm-elite-womens-carbon-plate-running-shoes-362244,https://cdn.shopify.com/s/files/1/1330/6287/files/8961381_001.jpg?v=1774900832,14
3608393971425,5671044,Kiprun,footwear,footwear.shoes,running,Shoes,Kiprun Kipstorm Elite Women's Carbon Plate Running Shoes,Kiprun Kipstorm Elite Chaussures Plaque carbone de Running Femme,6,Yellow,255.00,242.25,EUR,fr-FR,PE-02,1,kiprun-kipstorm-elite-womens-carbon-plate-running-shoes-362244,https://cdn.shopify.com/s/files/1/1330/6287/files/8961381_001.jpg?v=1774900832,14
3608393971432,5671045,Kiprun,footwear,footwear.shoes,running,Shoes,Kiprun Kipstorm Elite Women's Carbon Plate Running Shoes,Kiprun Kipstorm Elite Chaussures Plaque carbone de Running Femme,7,Yellow,255.00,242.25,EUR,fr-FR,PE-02,2,kiprun-kipstorm-elite-womens-carbon-plate-running-shoes-362244,https://cdn.shopify.com/s/files/1/1330/6287/files/8961381_001.jpg?v=1774900832,14
3608393971449,5671046,Kiprun,footwear,footwear.shoes,running,Shoes,Kiprun Kipstorm Elite Women's Carbon Plate Running Shoes,Kiprun Kipstorm Elite Chaussures Plaque carbone de Running Femme,8,Yellow,255.00,242.25,EUR,fr-FR,PE-02,2,kiprun-kipstorm-elite-womens-carbon-plate-running-shoes-362244,https://cdn.shopify.com/s/files/1/1330/6287/files/8961381_001.jpg?v=1774900832,14
3608393971456,5671047,Kiprun,footwear,footwear.shoes,running,Shoes,Kiprun Kipstorm Elite Women's Carbon Plate Running Shoes,Kiprun Kipstorm Elite Chaussures Plaque carbone de Running Femme,9,Yellow,255.00,242.25,EUR,fr-FR,PE-02,2,kiprun-kipstorm-elite-womens-carbon-plate-running-shoes-362244,https://cdn.shopify.com/s/files/1/1330/6287/files/8961381_001.jpg?v=1774900832,14
3608393971463,5671050,Kiprun,footwear,footwear.shoes,running,Shoes,Kiprun Kipstorm Elite Women's Carbon Plate Running Shoes,Kiprun Kipstorm Elite Chaussures Plaque carbone de Running Femme,9.5,Yellow,255.00,242.25,EUR,fr-FR,PE-02,2,kiprun-kipstorm-elite-womens-carbon-plate-running-shoes-362244,https://cdn.shopify.com/s/files/1/1330/6287/files/8961381_001.jpg?v=1774900832,14
3608393971470,5671051,Kiprun,footwear,footwear.shoes,running,Shoes,Kiprun Kipstorm Elite Women's Carbon Plate Running Shoes,Kiprun Kipstorm Elite Chaussures Plaque carbone de Running Femme,10,Yellow,255.00,242.25,EUR,fr-FR,PE-02,1,kiprun-kipstorm-elite-womens-carbon-plate-running-shoes-362244,https://cdn.shopify.com/s/files/1/1330/6287/files/8961381_001.jpg?v=1774900832,14
3608394137691,5779833,Kiprun,footwear,footwear.shoes,running,Shoes,Kiprun Kipstorm Elite Women's Carbon Plate Running Shoes,Kiprun Kipstorm Elite Chaussures Plaque carbone de Running Femme,6.5,Yellow,255.00,242.25,EUR,fr-FR,PE-02,2,kiprun-kipstorm-elite-womens-carbon-plate-running-shoes-362244,https://cdn.shopify.com/s/files/1/1330/6287/files/8961381_001.jpg?v=1774900832,14
3608394138902,5779834,Kiprun,footwear,footwear.shoes,running,Shoes,Kiprun Kipstorm Elite Women's Carbon Plate Running Shoes,Kiprun Kipstorm Elite Chaussures Plaque carbone de Running Femme,7.5,Yellow,255.00,242.25,EUR,fr-FR,PE-02,2,kiprun-kipstorm-elite-womens-carbon-plate-running-shoes-362244,https://cdn.shopify.com/s/files/1/1330/6287/files/8961381_001.jpg?v=1774900832,14
3608394138919,5779835,Kiprun,footwear,footwear.shoes,running,Shoes,Kiprun Kipstorm Elite Women's Carbon Plate Running Shoes,Kiprun Kipstorm Elite Chaussures Plaque carbone de Running Femme,8.5,Yellow,255.00,242.25,EUR,fr-FR,PE-02,2,kiprun-kipstorm-elite-womens-carbon-plate-running-shoes-362244,https://cdn.shopify.com/s/files/1/1330/6287/files/8961381_001.jpg?v=1774900832,14
3583787252949,4521014,Forclaz,apparel,apparel.rain-poncho,hike_camp,Rain Poncho,Forclaz MT50 Rain Poncho - 10L,Forclaz MT50 10L Poncho de pluie,"S/M  5'2""-5'8""",Storm Gray,19.99,18.99,EUR,fr-FR,GB-R3-U1,8,forclaz-mt50-hiking-rain-poncho-10-l-339021,https://cdn.shopify.com/s/files/1/1330/6287/files/8737843-product_image-p2621848.jpg?v=1712059489,4
3583787252956,4521015,Forclaz,apparel,apparel.rain-poncho,hike_camp,Rain Poncho,Forclaz MT50 Rain Poncho - 10L,Forclaz MT50 10L Poncho de pluie,"L/XL 5'8""-6'3""",Storm Gray,19.99,18.99,EUR,fr-FR,GB-R3-U1,12,forclaz-mt50-hiking-rain-poncho-10-l-339021,https://cdn.shopify.com/s/files/1/1330/6287/files/8737843-product_image-p2621848.jpg?v=1712059489,4
3608394355651,5816928,Kiprun,footwear,footwear.shoes,running,Shoes,Kiprun Kipride Women's Running Shoes,Kiprun Kipride Chaussures de Running Femme,5.5,Pink,140.00,133.0,EUR,fr-FR,PW-02,1,kiprun-kipride-womens-running-shoes-379947,https://cdn.shopify.com/s/files/1/1330/6287/files/8997828-001.jpg?v=1774561143,8
3608394355668,5816929,Kiprun,footwear,footwear.shoes,running,Shoes,Kiprun Kipride Women's Running Shoes,Kiprun Kipride Chaussures de Running Femme,6,Pink,140.00,133.0,EUR,fr-FR,PW-02,2,kiprun-kipride-womens-running-shoes-379947,https://cdn.shopify.com/s/files/1/1330/6287/files/8997828-001.jpg?v=1774561143,8
3608394355675,5816930,Kiprun,footwear,footwear.shoes,running,Shoes,Kiprun Kipride Women's Running Shoes,Kiprun Kipride Chaussures de Running Femme,6.5,Pink,140.00,133.0,EUR,fr-FR,PW-02,2,kiprun-kipride-womens-running-shoes-379947,https://cdn.shopify.com/s/files/1/1330/6287/files/8997828-001.jpg?v=1774561143,8
3608394355682,5816931,Kiprun,footwear,footwear.shoes,running,Shoes,Kiprun Kipride Women's Running Shoes,Kiprun Kipride Chaussures de Running Femme,7,Pink,140.00,133.0,EUR,fr-FR,PW-02,3,kiprun-kipride-womens-running-shoes-379947,https://cdn.shopify.com/s/files/1/1330/6287/files/8997828-001.jpg?v=1774561143,8
3608394355699,5816932,Kiprun,footwear,footwear.shoes,running,Shoes,Kiprun Kipride Women's Running Shoes,Kiprun Kipride Chaussures de Running Femme,7.5,Pink,140.00,133.0,EUR,fr-FR,PW-02,3,kiprun-kipride-womens-running-shoes-379947,https://cdn.shopify.com/s/files/1/1330/6287/files/8997828-001.jpg?v=1774561143,8
3608394355804,5816933,Kiprun,footwear,footwear.shoes,running,Shoes,Kiprun Kipride Women's Running Shoes,Kiprun Kipride Chaussures de Running Femme,8,Pink,140.00,133.0,EUR,fr-FR,PW-02,3,kiprun-kipride-womens-running-shoes-379947,https://cdn.shopify.com/s/files/1/1330/6287/files/8997828-001.jpg?v=1774561143,8
3608394355811,5816934,Kiprun,footwear,footwear.shoes,running,Shoes,Kiprun Kipride Women's Running Shoes,Kiprun Kipride Chaussures de Running Femme,8.5,Pink,140.00,133.0,EUR,fr-FR,PW-02,3,kiprun-kipride-womens-running-shoes-379947,https://cdn.shopify.com/s/files/1/1330/6287/files/8997828-001.jpg?v=1774561143,8
3608394355828,5816935,Kiprun,footwear,footwear.shoes,running,Shoes,Kiprun Kipride Women's Running Shoes,Kiprun Kipride Chaussures de Running Femme,9,Pink,140.00,133.0,EUR,fr-FR,PW-02,2,kiprun-kipride-womens-running-shoes-379947,https://cdn.shopify.com/s/files/1/1330/6287/files/8997828-001.jpg?v=1774561143,8
3608394355842,5816937,Kiprun,footwear,footwear.shoes,running,Shoes,Kiprun Kipride Women's Running Shoes,Kiprun Kipride Chaussures de Running Femme,9.5,Pink,140.00,133.0,EUR,fr-FR,PW-02,2,kiprun-kipride-womens-running-shoes-379947,https://cdn.shopify.com/s/files/1/1330/6287/files/8997828-001.jpg?v=1774561143,8
3608394355859,5816938,Kiprun,footwear,footwear.shoes,running,Shoes,Kiprun Kipride Women's Running Shoes,Kiprun Kipride Chaussures de Running Femme,10,Pink,140.00,133.0,EUR,fr-FR,PW-02,2,kiprun-kipride-womens-running-shoes-379947,https://cdn.shopify.com/s/files/1/1330/6287/files/8997828-001.jpg?v=1774561143,8
3583782090829,1033680,Quechua,apparel,apparel.fleece,hike_camp,Fleece,Quechua Women's MH120 Hiking Fleece Vest,Quechua MH120 Gilet polaire de Randonnée Femme,2XL,Black,18.00,17.1,EUR,fr-FR,GB-R3-U2,3,womens-hiking-fleece-gilet-mh120-12490,https://cdn.shopify.com/s/files/1/1330/6287/files/8072128-product_image-p2607137.jpg?v=1712056129,11
3583782090836,1033681,Quechua,apparel,apparel.fleece,hike_camp,Fleece,Quechua Women's MH120 Hiking Fleece Vest,Quechua MH120 Gilet polaire de Randonnée Femme,XL,Black,18.00,17.1,EUR,fr-FR,GB-R3-U2,6,womens-hiking-fleece-gilet-mh120-12490,https://cdn.shopify.com/s/files/1/1330/6287/files/8072128-product_image-p2607137.jpg?v=1712056129,11
3583782090843,1033682,Quechua,apparel,apparel.fleece,hike_camp,Fleece,Quechua Women's MH120 Hiking Fleece Vest,Quechua MH120 Gilet polaire de Randonnée Femme,L,Black,18.00,17.1,EUR,fr-FR,GB-R3-U2,8,womens-hiking-fleece-gilet-mh120-12490,https://cdn.shopify.com/s/files/1/1330/6287/files/8072128-product_image-p2607137.jpg?v=1712056129,11
3583782090850,1033683,Quechua,apparel,apparel.fleece,hike_camp,Fleece,Quechua Women's MH120 Hiking Fleece Vest,Quechua MH120 Gilet polaire de Randonnée Femme,M,Black,18.00,17.1,EUR,fr-FR,GB-R3-U2,8,womens-hiking-fleece-gilet-mh120-12490,https://cdn.shopify.com/s/files/1/1330/6287/files/8072128-product_image-p2607137.jpg?v=1712056129,11
3583782090867,1033684,Quechua,apparel,apparel.fleece,hike_camp,Fleece,Quechua Women's MH120 Hiking Fleece Vest,Quechua MH120 Gilet polaire de Randonnée Femme,S,Black,18.00,17.1,EUR,fr-FR,GB-R3-U2,5,womens-hiking-fleece-gilet-mh120-12490,https://cdn.shopify.com/s/files/1/1330/6287/files/8072128-product_image-p2607137.jpg?v=1712056129,11
3583782090874,1033685,Quechua,apparel,apparel.fleece,hike_camp,Fleece,Quechua Women's MH120 Hiking Fleece Vest,Quechua MH120 Gilet polaire de Randonnée Femme,XS,Black,18.00,17.1,EUR,fr-FR,GB-R3-U2,2,womens-hiking-fleece-gilet-mh120-12490,https://cdn.shopify.com/s/files/1/1330/6287/files/8072128-product_image-p2607137.jpg?v=1712056129,11
3608392441561,5275184,Van Rysel,accessories,accessories.fingerless-gloves,general,Fingerless gloves,Van Rysel 900 Cycling Gloves,Van Rysel 900 Gants de Vélo,S,Magnolia,20.00,19.0,EUR,fr-FR,ACC-01,2,van-rysel-900-cycling-gloves-white-356209,https://cdn.shopify.com/s/files/1/1330/6287/files/8901066-product_image-p2893641.jpg?v=1746484282,2
3608392441585,5275186,Van Rysel,accessories,accessories.fingerless-gloves,general,Fingerless gloves,Van Rysel 900 Cycling Gloves,Van Rysel 900 Gants de Vélo,L,Magnolia,20.00,19.0,EUR,fr-FR,ACC-01,2,van-rysel-900-cycling-gloves-white-356209,https://cdn.shopify.com/s/files/1/1330/6287/files/8901066-product_image-p2893641.jpg?v=1746484282,2
3608392441592,5275187,Van Rysel,accessories,accessories.fingerless-gloves,general,Fingerless gloves,Van Rysel 900 Cycling Gloves,Van Rysel 900 Gants de Vélo,XL,Magnolia,20.00,19.0,EUR,fr-FR,ACC-01,3,van-rysel-900-cycling-gloves-white-356209,https://cdn.shopify.com/s/files/1/1330/6287/files/8901066-product_image-p2893641.jpg?v=1746484282,2
3608392442407,5275188,Van Rysel,accessories,accessories.fingerless-gloves,general,Fingerless gloves,Van Rysel 900 Cycling Gloves,Van Rysel 900 Gants de Vélo,2XL,Magnolia,20.00,19.0,EUR,fr-FR,ACC-01,2,van-rysel-900-cycling-gloves-white-356209,https://cdn.shopify.com/s/files/1/1330/6287/files/8901066-product_image-p2893641.jpg?v=1746484282,2
3608449805926,4560115,Wedze,apparel,apparel.base-layer,general,Base layer,Wedze Men's BL 500 Thermal Ski Base Layer,Wedze BL 500 Sous-vêtement technique Thermique de Ski Homme,XL,Black,24.99,23.74,EUR,fr-FR,GF-R1-U2,4,wedze-mens-bl-500-thermal-ski-base-layer-340499,https://cdn.shopify.com/s/files/1/1330/6287/files/8759460-product_image-p2579321.jpg?v=1742382268,12
3608449805933,4560116,Wedze,apparel,apparel.base-layer,general,Base layer,Wedze Men's BL 500 Thermal Ski Base Layer,Wedze BL 500 Sous-vêtement technique Thermique de Ski Homme,2XL,Black,19.99,18.99,EUR,fr-FR,GF-R1-U2,2,wedze-mens-bl-500-thermal-ski-base-layer-340499,https://cdn.shopify.com/s/files/1/1330/6287/files/8759460-product_image-p2579321.jpg?v=1742382268,12
3608449805940,4560113,Wedze,apparel,apparel.base-layer,general,Base layer,Wedze Men's BL 500 Thermal Ski Base Layer,Wedze BL 500 Sous-vêtement technique Thermique de Ski Homme,M,Black,24.99,23.74,EUR,fr-FR,GF-R1-U2,6,wedze-mens-bl-500-thermal-ski-base-layer-340499,https://cdn.shopify.com/s/files/1/1330/6287/files/8759460-product_image-p2579321.jpg?v=1742382268,12
3608449805957,4560114,Wedze,apparel,apparel.base-layer,general,Base layer,Wedze Men's BL 500 Thermal Ski Base Layer,Wedze BL 500 Sous-vêtement technique Thermique de Ski Homme,L,Black,24.99,23.74,EUR,fr-FR,GF-R1-U2,5,wedze-mens-bl-500-thermal-ski-base-layer-340499,https://cdn.shopify.com/s/files/1/1330/6287/files/8759460-product_image-p2579321.jpg?v=1742382268,12
3608449805964,4560111,Wedze,apparel,apparel.base-layer,general,Base layer,Wedze Men's BL 500 Thermal Ski Base Layer,Wedze BL 500 Sous-vêtement technique Thermique de Ski Homme,XS,Black,19.99,18.99,EUR,fr-FR,GF-R1-U2,2,wedze-mens-bl-500-thermal-ski-base-layer-340499,https://cdn.shopify.com/s/files/1/1330/6287/files/8759460-product_image-p2579321.jpg?v=1742382268,12
3608449805995,4560112,Wedze,apparel,apparel.base-layer,general,Base layer,Wedze Men's BL 500 Thermal Ski Base Layer,Wedze BL 500 Sous-vêtement technique Thermique de Ski Homme,S,Black,24.99,23.74,EUR,fr-FR,GF-R1-U2,3,wedze-mens-bl-500-thermal-ski-base-layer-340499,https://cdn.shopify.com/s/files/1/1330/6287/files/8759460-product_image-p2579321.jpg?v=1742382268,12
3608439396250,2705916,Quechua,outdoor,outdoor.foot-pump,hike_camp,Foot pump,Quechua Foot Pump,Quechua Pompe à pied,One Size,Black,15.00,14.25,EUR,fr-FR,GF-R3-U2,1,foot-pump,https://cdn.shopify.com/s/files/1/1330/6287/files/8543062-product_image-p2699875.jpg?v=1723116245,4
3608390788385,5084556,Forclaz,apparel,apparel.shorts,hike_camp,Shorts,Forclaz Men's MT500 Hiking Shorts,Forclaz MT500 Short de Randonnée Homme,S,Carbon Gray,44.99,42.74,EUR,fr-FR,GF-R3-U1,1,forclaz-mens-durable-backpacking-shorts-mt500-351375,https://cdn.shopify.com/s/files/1/1330/6287/files/8916612-product_image-p2815614.jpg?v=1747078962,15
3608390788392,5084557,Forclaz,apparel,apparel.shorts,hike_camp,Shorts,Forclaz Men's MT500 Hiking Shorts,Forclaz MT500 Short de Randonnée Homme,S-M,Carbon Gray,44.99,42.74,EUR,fr-FR,GF-R3-U1,1,forclaz-mens-durable-backpacking-shorts-mt500-351375,https://cdn.shopify.com/s/files/1/1330/6287/files/8916612-product_image-p2815614.jpg?v=1747078962,15
3608390789009,5084558,Forclaz,apparel,apparel.shorts,hike_camp,Shorts,Forclaz Men's MT500 Hiking Shorts,Forclaz MT500 Short de Randonnée Homme,M,Carbon Gray,44.99,42.74,EUR,fr-FR,GF-R3-U1,2,forclaz-mens-durable-backpacking-shorts-mt500-351375,https://cdn.shopify.com/s/files/1/1330/6287/files/8916612-product_image-p2815614.jpg?v=1747078962,15
3608390789016,5084559,Forclaz,apparel,apparel.shorts,hike_camp,Shorts,Forclaz Men's MT500 Hiking Shorts,Forclaz MT500 Short de Randonnée Homme,L,Carbon Gray,44.99,42.74,EUR,fr-FR,GF-R3-U1,2,forclaz-mens-durable-backpacking-shorts-mt500-351375,https://cdn.shopify.com/s/files/1/1330/6287/files/8916612-product_image-p2815614.jpg?v=1747078962,15
3608390789023,5084560,Forclaz,apparel,apparel.shorts,hike_camp,Shorts,Forclaz Men's MT500 Hiking Shorts,Forclaz MT500 Short de Randonnée Homme,XL,Carbon Gray,44.99,42.74,EUR,fr-FR,GF-R3-U1,2,forclaz-mens-durable-backpacking-shorts-mt500-351375,https://cdn.shopify.com/s/files/1/1330/6287/files/8916612-product_image-p2815614.jpg?v=1747078962,15
3608390789030,5084561,Forclaz,apparel,apparel.shorts,hike_camp,Shorts,Forclaz Men's MT500 Hiking Shorts,Forclaz MT500 Short de Randonnée Homme,XL-2XL,Carbon Gray,44.99,42.74,EUR,fr-FR,GF-R3-U1,1,forclaz-mens-durable-backpacking-shorts-mt500-351375,https://cdn.shopify.com/s/files/1/1330/6287/files/8916612-product_image-p2815614.jpg?v=1747078962,15
3608390789047,5084562,Forclaz,apparel,apparel.shorts,hike_camp,Shorts,Forclaz Men's MT500 Hiking Shorts,Forclaz MT500 Short de Randonnée Homme,2XL,Carbon Gray,44.99,42.74,EUR,fr-FR,GF-R3-U1,0,forclaz-mens-durable-backpacking-shorts-mt500-351375,https://cdn.shopify.com/s/files/1/1330/6287/files/8916612-product_image-p2815614.jpg?v=1747078962,15
3608390789054,5084563,Forclaz,apparel,apparel.shorts,hike_camp,Shorts,Forclaz Men's MT500 Hiking Shorts,Forclaz MT500 Short de Randonnée Homme,3XL,Carbon Gray,44.99,42.74,EUR,fr-FR,GF-R3-U1,1,forclaz-mens-durable-backpacking-shorts-mt500-351375,https://cdn.shopify.com/s/files/1/1330/6287/files/8916612-product_image-p2815614.jpg?v=1747078962,15
3608392228940,5405077,Forclaz,apparel,apparel.shorts,hike_camp,Shorts,Forclaz Men's MT500 Hiking Shorts,Forclaz MT500 Short de Randonnée Homme,S,Dark Sepia,30.00,28.5,EUR,fr-FR,GF-R3-U1,1,forclaz-mens-durable-backpacking-shorts-mt500-351375,https://cdn.shopify.com/s/files/1/1330/6287/files/8916612-product_image-p2815614.jpg?v=1747078962,15
3608392228957,5405078,Forclaz,apparel,apparel.shorts,hike_camp,Shorts,Forclaz Men's MT500 Hiking Shorts,Forclaz MT500 Short de Randonnée Homme,S-M,Dark Sepia,30.00,28.5,EUR,fr-FR,GF-R3-U1,1,forclaz-mens-durable-backpacking-shorts-mt500-351375,https://cdn.shopify.com/s/files/1/1330/6287/files/8916612-product_image-p2815614.jpg?v=1747078962,15
3608392228964,5405079,Forclaz,apparel,apparel.shorts,hike_camp,Shorts,Forclaz Men's MT500 Hiking Shorts,Forclaz MT500 Short de Randonnée Homme,M,Dark Sepia,30.00,28.5,EUR,fr-FR,GF-R3-U1,2,forclaz-mens-durable-backpacking-shorts-mt500-351375,https://cdn.shopify.com/s/files/1/1330/6287/files/8916612-product_image-p2815614.jpg?v=1747078962,15
3608392228971,5405080,Forclaz,apparel,apparel.shorts,hike_camp,Shorts,Forclaz Men's MT500 Hiking Shorts,Forclaz MT500 Short de Randonnée Homme,L,Dark Sepia,30.00,28.5,EUR,fr-FR,GF-R3-U1,2,forclaz-mens-durable-backpacking-shorts-mt500-351375,https://cdn.shopify.com/s/files/1/1330/6287/files/8916612-product_image-p2815614.jpg?v=1747078962,15
3608392228988,5405081,Forclaz,apparel,apparel.shorts,hike_camp,Shorts,Forclaz Men's MT500 Hiking Shorts,Forclaz MT500 Short de Randonnée Homme,L-XL,Dark Sepia,30.00,28.5,EUR,fr-FR,GF-R3-U1,4,forclaz-mens-durable-backpacking-shorts-mt500-351375,https://cdn.shopify.com/s/files/1/1330/6287/files/8916612-product_image-p2815614.jpg?v=1747078962,15
3608392229503,5405083,Forclaz,apparel,apparel.shorts,hike_camp,Shorts,Forclaz Men's MT500 Hiking Shorts,Forclaz MT500 Short de Randonnée Homme,2XL,Dark Sepia,30.00,28.5,EUR,fr-FR,GF-R3-U1,1,forclaz-mens-durable-backpacking-shorts-mt500-351375,https://cdn.shopify.com/s/files/1/1330/6287/files/8916612-product_image-p2815614.jpg?v=1747078962,15
3608390988839,5145645,Quechua,bag_pack,bag_pack.backpack,hike_camp,Backpack,Quechua NH100 Arpenaz 30 L Hiking Backpack,Quechua NH100 Arpenaz 30 Sac à dos de Randonnée,30 L,Black,20.00,19.0,EUR,fr-FR,PE-01,4,quechua-nh-arpenaz-100-30-l-hiking-backpack-301675,https://cdn.shopify.com/s/files/1/1330/6287/files/8871283-product_image-p2562055.jpg?v=1704894734,22
3608390988846,5145647,Quechua,bag_pack,bag_pack.backpack,hike_camp,Backpack,Quechua NH100 Arpenaz 30 L Hiking Backpack,Quechua NH100 Arpenaz 30 Sac à dos de Randonnée,30 L,Dark Petrol Blue,22.00,20.9,EUR,fr-FR,PE-01,4,quechua-nh-arpenaz-100-30-l-hiking-backpack-301675,https://cdn.shopify.com/s/files/1/1330/6287/files/8871283-product_image-p2562055.jpg?v=1704894734,22
3608449915694,885269,Wedze,apparel,apparel.base-layer,general,Base layer,Wedze Kids' BL100 Thermal Ski Base Layer Top,Wedze BL100 Top Sous-vêtement technique Thermique de Ski Enfant,6 Years,Smoked Black,9.99,9.49,EUR,fr-FR,GB-R1-U1,5,kids-ski-base-layer-top-100-fw25,https://cdn.shopify.com/s/files/1/1330/6287/products/8343744-product_image-159260.jpg?v=1693394008,6
3608449915700,885266,Wedze,apparel,apparel.base-layer,general,Base layer,Wedze Kids' BL100 Thermal Ski Base Layer Top,Wedze BL100 Top Sous-vêtement technique Thermique de Ski Enfant,4 Years,Smoked Black,9.99,9.49,EUR,fr-FR,GB-R1-U1,3,kids-ski-base-layer-top-100-fw25,https://cdn.shopify.com/s/files/1/1330/6287/products/8343744-product_image-159260.jpg?v=1693394008,6
3608449915748,885276,Wedze,apparel,apparel.base-layer,general,Base layer,Wedze Kids' BL100 Thermal Ski Base Layer Top,Wedze BL100 Top Sous-vêtement technique Thermique de Ski Enfant,12 Years,Smoked Black,9.99,9.49,EUR,fr-FR,GB-R1-U1,5,kids-ski-base-layer-top-100-fw25,https://cdn.shopify.com/s/files/1/1330/6287/products/8343744-product_image-159260.jpg?v=1693394008,6
3608449915762,885277,Wedze,apparel,apparel.base-layer,general,Base layer,Wedze Kids' BL100 Thermal Ski Base Layer Top,Wedze BL100 Top Sous-vêtement technique Thermique de Ski Enfant,14 Years,Smoked Black,9.99,9.49,EUR,fr-FR,GB-R1-U1,3,kids-ski-base-layer-top-100-fw25,https://cdn.shopify.com/s/files/1/1330/6287/products/8343744-product_image-159260.jpg?v=1693394008,6
3608449915786,885273,Wedze,apparel,apparel.base-layer,general,Base layer,Wedze Kids' BL100 Thermal Ski Base Layer Top,Wedze BL100 Top Sous-vêtement technique Thermique de Ski Enfant,8 Years,Smoked Black,9.99,9.49,EUR,fr-FR,GB-R1-U1,8,kids-ski-base-layer-top-100-fw25,https://cdn.shopify.com/s/files/1/1330/6287/products/8343744-product_image-159260.jpg?v=1693394008,6
3608449915793,885274,Wedze,apparel,apparel.base-layer,general,Base layer,Wedze Kids' BL100 Thermal Ski Base Layer Top,Wedze BL100 Top Sous-vêtement technique Thermique de Ski Enfant,10 Years,Smoked Black,9.99,9.49,EUR,fr-FR,GB-R1-U1,8,kids-ski-base-layer-top-100-fw25,https://cdn.shopify.com/s/files/1/1330/6287/products/8343744-product_image-159260.jpg?v=1693394008,6
3608449847155,2456158,Wedze,apparel,apparel.base-layer,general,Base layer,Wedze Men's BL100 Base Layer Top,Wedze BL100 Top Sous-vêtement technique Homme,L,Black,12.99,12.34,EUR,fr-FR,GB-R1-U2,7,100-base-layer-ski-top-mens-302821,https://cdn.shopify.com/s/files/1/1330/6287/files/8510029-product_image-p1691723.jpg?v=1703074952,4
3608449847162,2456159,Wedze,apparel,apparel.base-layer,general,Base layer,Wedze Men's BL100 Base Layer Top,Wedze BL100 Top Sous-vêtement technique Homme,M,Black,12.99,12.34,EUR,fr-FR,GB-R1-U2,7,100-base-layer-ski-top-mens-302821,https://cdn.shopify.com/s/files/1/1330/6287/files/8510029-product_image-p1691723.jpg?v=1703074952,4
3608449847179,2456156,Wedze,apparel,apparel.base-layer,general,Base layer,Wedze Men's BL100 Base Layer Top,Wedze BL100 Top Sous-vêtement technique Homme,2XL,Black,12.99,12.34,EUR,fr-FR,GB-R1-U2,2,100-base-layer-ski-top-mens-302821,https://cdn.shopify.com/s/files/1/1330/6287/files/8510029-product_image-p1691723.jpg?v=1703074952,4
3608449847186,2456157,Wedze,apparel,apparel.base-layer,general,Base layer,Wedze Men's BL100 Base Layer Top,Wedze BL100 Top Sous-vêtement technique Homme,3XL,Black,12.99,12.34,EUR,fr-FR,GB-R1-U2,1,100-base-layer-ski-top-mens-302821,https://cdn.shopify.com/s/files/1/1330/6287/files/8510029-product_image-p1691723.jpg?v=1703074952,4
3608449847193,2456162,Wedze,apparel,apparel.base-layer,general,Base layer,Wedze Men's BL100 Base Layer Top,Wedze BL100 Top Sous-vêtement technique Homme,XS,Black,12.99,12.34,EUR,fr-FR,GB-R1-U2,2,100-base-layer-ski-top-mens-302821,https://cdn.shopify.com/s/files/1/1330/6287/files/8510029-product_image-p1691723.jpg?v=1703074952,4
3608449847209,2456161,Wedze,apparel,apparel.base-layer,general,Base layer,Wedze Men's BL100 Base Layer Top,Wedze BL100 Top Sous-vêtement technique Homme,XL,Black,12.99,12.34,EUR,fr-FR,GB-R1-U2,5,100-base-layer-ski-top-mens-302821,https://cdn.shopify.com/s/files/1/1330/6287/files/8510029-product_image-p1691723.jpg?v=1703074952,4
3608449847216,2456160,Wedze,apparel,apparel.base-layer,general,Base layer,Wedze Men's BL100 Base Layer Top,Wedze BL100 Top Sous-vêtement technique Homme,S,Black,12.99,12.34,EUR,fr-FR,GB-R1-U2,4,100-base-layer-ski-top-mens-302821,https://cdn.shopify.com/s/files/1/1330/6287/files/8510029-product_image-p1691723.jpg?v=1703074952,4
3608449814010,4273814,Wedze,apparel,apparel.jacket,general,Jacket,Wedze Men's 100 Waterproof Ski Jacket,Wedze 100 Veste Imperméable de Ski Homme,2XL,Smoked Black,79.99,75.99,EUR,fr-FR,GF-R1-U1,3,wedze-mens-ski-jacket-100-black-308435-fw25,https://cdn.shopify.com/s/files/1/1330/6287/files/8642198-product_image-p2577371.jpg?v=1755289815,9
3608449814027,4273816,Wedze,apparel,apparel.jacket,general,Jacket,Wedze Men's 100 Waterproof Ski Jacket,Wedze 100 Veste Imperméable de Ski Homme,3XL,Smoked Black,79.99,75.99,EUR,fr-FR,GF-R1-U1,1,wedze-mens-ski-jacket-100-black-308435-fw25,https://cdn.shopify.com/s/files/1/1330/6287/files/8642198-product_image-p2577371.jpg?v=1755289815,9
3608449814034,4273820,Wedze,apparel,apparel.jacket,general,Jacket,Wedze Men's 100 Waterproof Ski Jacket,Wedze 100 Veste Imperméable de Ski Homme,L,Smoked Black,79.99,75.99,EUR,fr-FR,GF-R1-U1,7,wedze-mens-ski-jacket-100-black-308435-fw25,https://cdn.shopify.com/s/files/1/1330/6287/files/8642198-product_image-p2577371.jpg?v=1755289815,9
3608449814041,4273822,Wedze,apparel,apparel.jacket,general,Jacket,Wedze Men's 100 Waterproof Ski Jacket,Wedze 100 Veste Imperméable de Ski Homme,S,Smoked Black,79.99,75.99,EUR,fr-FR,GF-R1-U1,5,wedze-mens-ski-jacket-100-black-308435-fw25,https://cdn.shopify.com/s/files/1/1330/6287/files/8642198-product_image-p2577371.jpg?v=1755289815,9
3608449814058,4273821,Wedze,apparel,apparel.jacket,general,Jacket,Wedze Men's 100 Waterproof Ski Jacket,Wedze 100 Veste Imperméable de Ski Homme,M,Smoked Black,79.99,75.99,EUR,fr-FR,GF-R1-U1,7,wedze-mens-ski-jacket-100-black-308435-fw25,https://cdn.shopify.com/s/files/1/1330/6287/files/8642198-product_image-p2577371.jpg?v=1755289815,9
3608449814072,4273823,Wedze,apparel,apparel.jacket,general,Jacket,Wedze Men's 100 Waterproof Ski Jacket,Wedze 100 Veste Imperméable de Ski Homme,XL,Smoked Black,79.99,75.99,EUR,fr-FR,GF-R1-U1,5,wedze-mens-ski-jacket-100-black-308435-fw25,https://cdn.shopify.com/s/files/1/1330/6287/files/8642198-product_image-p2577371.jpg?v=1755289815,9
3583787567333,4335164,Itiwit,accessories,accessories.bladder,general,Bladder,LEFT-HAND BLADDER FOR ITIWIT 100 2-SEATER TEXTILE KAYAKS,LEFT-HAND FOR ITIWIT 100 2-SEATER TEXTILE KAYAKS Poche à eau,One Size,Unspecified,30.00,28.5,EUR,fr-FR,ACC-02,11,itiwit-inflatable-stitch-kayak-2-person-left-side-inner-bladder-w-valve-334425,https://cdn.shopify.com/s/files/1/1330/6287/files/8649316-product_image-p1031035.jpg?v=1701260407,5
3583784226011,4272515,Quechua,apparel,apparel.jacket,hike_camp,Jacket,Quechua Men's NH500 Waterproof Winter Jacket,Quechua NH500 Veste Imperméable Hiver Homme,2XL,Black,99.99,94.99,EUR,fr-FR,GF-R3-U2,1,mens-hiking-waterproof-winter-jacket-sh500-14-f-331992,https://cdn.shopify.com/s/files/1/1330/6287/files/8641932-product_image-p2294311.jpg?v=1718730856,7
3583784226028,4272516,Quechua,apparel,apparel.jacket,hike_camp,Jacket,Quechua Men's NH500 Waterproof Winter Jacket,Quechua NH500 Veste Imperméable Hiver Homme,3XL,Black,99.99,94.99,EUR,fr-FR,GF-R3-U2,1,mens-hiking-waterproof-winter-jacket-sh500-14-f-331992,https://cdn.shopify.com/s/files/1/1330/6287/files/8641932-product_image-p2294311.jpg?v=1718730856,7
3583784226035,4272519,Quechua,apparel,apparel.jacket,hike_camp,Jacket,Quechua Men's NH500 Waterproof Winter Jacket,Quechua NH500 Veste Imperméable Hiver Homme,L,Black,99.99,94.99,EUR,fr-FR,GF-R3-U2,4,mens-hiking-waterproof-winter-jacket-sh500-14-f-331992,https://cdn.shopify.com/s/files/1/1330/6287/files/8641932-product_image-p2294311.jpg?v=1718730856,7
3583784226042,4272520,Quechua,apparel,apparel.jacket,hike_camp,Jacket,Quechua Men's NH500 Waterproof Winter Jacket,Quechua NH500 Veste Imperméable Hiver Homme,M,Black,99.99,94.99,EUR,fr-FR,GF-R3-U2,4,mens-hiking-waterproof-winter-jacket-sh500-14-f-331992,https://cdn.shopify.com/s/files/1/1330/6287/files/8641932-product_image-p2294311.jpg?v=1718730856,7
3583784226059,4272521,Quechua,apparel,apparel.jacket,hike_camp,Jacket,Quechua Men's NH500 Waterproof Winter Jacket,Quechua NH500 Veste Imperméable Hiver Homme,S,Black,99.99,94.99,EUR,fr-FR,GF-R3-U2,2,mens-hiking-waterproof-winter-jacket-sh500-14-f-331992,https://cdn.shopify.com/s/files/1/1330/6287/files/8641932-product_image-p2294311.jpg?v=1718730856,7
3583784226066,4272522,Quechua,apparel,apparel.jacket,hike_camp,Jacket,Quechua Men's NH500 Waterproof Winter Jacket,Quechua NH500 Veste Imperméable Hiver Homme,XL,Black,99.99,94.99,EUR,fr-FR,GF-R3-U2,3,mens-hiking-waterproof-winter-jacket-sh500-14-f-331992,https://cdn.shopify.com/s/files/1/1330/6287/files/8641932-product_image-p2294311.jpg?v=1718730856,7
3583784414432,4272517,Quechua,apparel,apparel.jacket,hike_camp,Jacket,Quechua Men's NH500 Waterproof Winter Jacket,Quechua NH500 Veste Imperméable Hiver Homme,4XL,Black,99.99,94.99,EUR,fr-FR,GF-R3-U2,0,mens-hiking-waterproof-winter-jacket-sh500-14-f-331992,https://cdn.shopify.com/s/files/1/1330/6287/files/8641932-product_image-p2294311.jpg?v=1718730856,7
3583787146781,4531445,Forclaz,accessories,accessories.gloves,hike_camp,Gloves,Forclaz Adult MT500 Fleece Backpacking Gloves,Forclaz MT500 Gloves Polaire Trekking Adulte,M,Black,19.99,18.99,EUR,fr-FR,GB-R3-U1,2,adult-mountain-backpacking-fleece-gloves-mt500-black-339223,https://cdn.shopify.com/s/files/1/1330/6287/files/8738791-product_image-p2582565.jpg?v=1704215891,5
3583787146804,4531444,Forclaz,accessories,accessories.gloves,hike_camp,Gloves,Forclaz Adult MT500 Fleece Backpacking Gloves,Forclaz MT500 Gloves Polaire Trekking Adulte,XS,Black,19.99,18.99,EUR,fr-FR,GB-R3-U1,2,adult-mountain-backpacking-fleece-gloves-mt500-black-339223,https://cdn.shopify.com/s/files/1/1330/6287/files/8738791-product_image-p2582565.jpg?v=1704215891,5
3583787146811,4531447,Forclaz,accessories,accessories.gloves,hike_camp,Gloves,Forclaz Adult MT500 Fleece Backpacking Gloves,Forclaz MT500 Gloves Polaire Trekking Adulte,2XL,Black,19.99,18.99,EUR,fr-FR,GB-R3-U1,1,adult-mountain-backpacking-fleece-gloves-mt500-black-339223,https://cdn.shopify.com/s/files/1/1330/6287/files/8738791-product_image-p2582565.jpg?v=1704215891,5
3583787146835,4531446,Forclaz,accessories,accessories.gloves,hike_camp,Gloves,Forclaz Adult MT500 Fleece Backpacking Gloves,Forclaz MT500 Gloves Polaire Trekking Adulte,XL,Black,19.99,18.99,EUR,fr-FR,GB-R3-U1,1,adult-mountain-backpacking-fleece-gloves-mt500-black-339223,https://cdn.shopify.com/s/files/1/1330/6287/files/8738791-product_image-p2582565.jpg?v=1704215891,5
3583787146873,4531443,Forclaz,accessories,accessories.gloves,hike_camp,Gloves,Forclaz Adult MT500 Fleece Backpacking Gloves,Forclaz MT500 Gloves Polaire Trekking Adulte,L,Black,19.99,18.99,EUR,fr-FR,GB-R3-U1,2,adult-mountain-backpacking-fleece-gloves-mt500-black-339223,https://cdn.shopify.com/s/files/1/1330/6287/files/8738791-product_image-p2582565.jpg?v=1704215891,5
3583787146897,4531442,Forclaz,accessories,accessories.gloves,hike_camp,Gloves,Forclaz Adult MT500 Fleece Backpacking Gloves,Forclaz MT500 Gloves Polaire Trekking Adulte,S,Black,19.99,18.99,EUR,fr-FR,GB-R3-U1,2,adult-mountain-backpacking-fleece-gloves-mt500-black-339223,https://cdn.shopify.com/s/files/1/1330/6287/files/8738791-product_image-p2582565.jpg?v=1704215891,5
3608392603617,5484461,Van Rysel,apparel,apparel.short-sleeved-jersey,general,Short-sleeved jersey,Van Rysel Road Cycling Replica Jersey - AG2R La Mondiale Team,Van Rysel Road Replica AG2R La Mondiale Team Maillot de Vélo,S,Default Color,99.99,94.99,EUR,fr-FR,GF-R1-U2,5,van-rysel-road-cycling-replica-jersey-ag2r-la-mondiale-team-355348,https://cdn.shopify.com/s/files/1/1330/6287/files/8931606-product_image-p2824467.jpg?v=1744932398,13
3608392603624,5484462,Van Rysel,apparel,apparel.short-sleeved-jersey,general,Short-sleeved jersey,Van Rysel Road Cycling Replica Jersey - AG2R La Mondiale Team,Van Rysel Road Replica AG2R La Mondiale Team Maillot de Vélo,M,Default Color,99.99,94.99,EUR,fr-FR,GF-R1-U2,8,van-rysel-road-cycling-replica-jersey-ag2r-la-mondiale-team-355348,https://cdn.shopify.com/s/files/1/1330/6287/files/8931606-product_image-p2824467.jpg?v=1744932398,13
3608392603631,5484463,Van Rysel,apparel,apparel.short-sleeved-jersey,general,Short-sleeved jersey,Van Rysel Road Cycling Replica Jersey - AG2R La Mondiale Team,Van Rysel Road Replica AG2R La Mondiale Team Maillot de Vélo,L,Default Color,99.99,94.99,EUR,fr-FR,GF-R1-U2,8,van-rysel-road-cycling-replica-jersey-ag2r-la-mondiale-team-355348,https://cdn.shopify.com/s/files/1/1330/6287/files/8931606-product_image-p2824467.jpg?v=1744932398,13
3608392603648,5484464,Van Rysel,apparel,apparel.short-sleeved-jersey,general,Short-sleeved jersey,Van Rysel Road Cycling Replica Jersey - AG2R La Mondiale Team,Van Rysel Road Replica AG2R La Mondiale Team Maillot de Vélo,XL,Default Color,99.99,94.99,EUR,fr-FR,GF-R1-U2,5,van-rysel-road-cycling-replica-jersey-ag2r-la-mondiale-team-355348,https://cdn.shopify.com/s/files/1/1330/6287/files/8931606-product_image-p2824467.jpg?v=1744932398,13
3608392603655,5484465,Van Rysel,apparel,apparel.short-sleeved-jersey,general,Short-sleeved jersey,Van Rysel Road Cycling Replica Jersey - AG2R La Mondiale Team,Van Rysel Road Replica AG2R La Mondiale Team Maillot de Vélo,2XL,Default Color,99.99,94.99,EUR,fr-FR,GF-R1-U2,3,van-rysel-road-cycling-replica-jersey-ag2r-la-mondiale-team-355348,https://cdn.shopify.com/s/files/1/1330/6287/files/8931606-product_image-p2824467.jpg?v=1744932398,13
3608392174452,5391018,Quechua,footwear,footwear.shoes,hike_camp,Shoes,Quechua Men’s MH500 Light Hiking Shoes,Quechua ’s MH500 Chaussures de Randonnée Léger Homme,8,Light Gray,75.00,71.25,EUR,fr-FR,PW-01,3,quechua-mens-mountain-hiking-boots-mh500-light-light-grey-336330,https://cdn.shopify.com/s/files/1/1330/6287/files/QUECHUA_MH500_LIGHT_H_SS25_-_8917985_-_003_---_Expires_on_13-01-2034.jpg?v=1746491081,9
3608392174469,5391019,Quechua,footwear,footwear.shoes,hike_camp,Shoes,Quechua Men’s MH500 Light Hiking Shoes,Quechua ’s MH500 Chaussures de Randonnée Léger Homme,9,Light Gray,75.00,71.25,EUR,fr-FR,PW-01,4,quechua-mens-mountain-hiking-boots-mh500-light-light-grey-336330,https://cdn.shopify.com/s/files/1/1330/6287/files/QUECHUA_MH500_LIGHT_H_SS25_-_8917985_-_003_---_Expires_on_13-01-2034.jpg?v=1746491081,9
3608392174476,5391020,Quechua,footwear,footwear.shoes,hike_camp,Shoes,Quechua Men’s MH500 Light Hiking Shoes,Quechua ’s MH500 Chaussures de Randonnée Léger Homme,9.5,Light Gray,75.00,71.25,EUR,fr-FR,PW-01,4,quechua-mens-mountain-hiking-boots-mh500-light-light-grey-336330,https://cdn.shopify.com/s/files/1/1330/6287/files/QUECHUA_MH500_LIGHT_H_SS25_-_8917985_-_003_---_Expires_on_13-01-2034.jpg?v=1746491081,9
3608392174483,5391021,Quechua,footwear,footwear.shoes,hike_camp,Shoes,Quechua Men’s MH500 Light Hiking Shoes,Quechua ’s MH500 Chaussures de Randonnée Léger Homme,10.5,Light Gray,75.00,71.25,EUR,fr-FR,PW-01,3,quechua-mens-mountain-hiking-boots-mh500-light-light-grey-336330,https://cdn.shopify.com/s/files/1/1330/6287/files/QUECHUA_MH500_LIGHT_H_SS25_-_8917985_-_003_---_Expires_on_13-01-2034.jpg?v=1746491081,9
3608392174490,5391022,Quechua,footwear,footwear.shoes,hike_camp,Shoes,Quechua Men’s MH500 Light Hiking Shoes,Quechua ’s MH500 Chaussures de Randonnée Léger Homme,11.5,Light Gray,75.00,71.25,EUR,fr-FR,PW-01,2,quechua-mens-mountain-hiking-boots-mh500-light-light-grey-336330,https://cdn.shopify.com/s/files/1/1330/6287/files/QUECHUA_MH500_LIGHT_H_SS25_-_8917985_-_003_---_Expires_on_13-01-2034.jpg?v=1746491081,9
3608392175008,5391023,Quechua,footwear,footwear.shoes,hike_camp,Shoes,Quechua Men’s MH500 Light Hiking Shoes,Quechua ’s MH500 Chaussures de Randonnée Léger Homme,12,Light Gray,75.00,71.25,EUR,fr-FR,PW-01,2,quechua-mens-mountain-hiking-boots-mh500-light-light-grey-336330,https://cdn.shopify.com/s/files/1/1330/6287/files/QUECHUA_MH500_LIGHT_H_SS25_-_8917985_-_003_---_Expires_on_13-01-2034.jpg?v=1746491081,9
3583787552025,4346154,Itiwit,accessories,accessories.bladder,general,Bladder,Itiwit Inflatable Stitch kayak 2 Person Floor Outer Fabric Cover,Itiwit Inflatable Stitch kayak 2 Person Floor Outer Fabric Cover,One Size,Unspecified,25.00,23.75,EUR,fr-FR,ACC-03,8,itiwit-decathlon-inflatable-stitch-kayak-2-person-floor-outer-fabric-cover-334507,https://cdn.shopify.com/s/files/1/1330/6287/files/8651746-product_image-p2013909.jpg?v=1700658318,3
3608391625863,5224122,Van Rysel,apparel,apparel.jacket,general,Jacket,Van Rysel Men's RCR 2 Cycling Winter Jacket,Van Rysel RCR 2 Veste de Vélo Hiver Homme,S,Bright Indigo,159.99,151.99,EUR,fr-FR,GB-R1-U1,3,van-rysel-mens-road-cycling-winter-jacket-rcr-2-blue-345268-fw25,https://cdn.shopify.com/s/files/1/1330/6287/files/8883134-product_image-p2993335.jpg?v=1755553604,10
3608391625870,5224123,Van Rysel,apparel,apparel.jacket,general,Jacket,Van Rysel Men's RCR 2 Cycling Winter Jacket,Van Rysel RCR 2 Veste de Vélo Hiver Homme,M,Bright Indigo,159.99,151.99,EUR,fr-FR,GB-R1-U1,5,van-rysel-mens-road-cycling-winter-jacket-rcr-2-blue-345268-fw25,https://cdn.shopify.com/s/files/1/1330/6287/files/8883134-product_image-p2993335.jpg?v=1755553604,10
3608391625887,5224124,Van Rysel,apparel,apparel.jacket,general,Jacket,Van Rysel Men's RCR 2 Cycling Winter Jacket,Van Rysel RCR 2 Veste de Vélo Hiver Homme,XL,Bright Indigo,159.99,151.99,EUR,fr-FR,GB-R1-U1,3,van-rysel-mens-road-cycling-winter-jacket-rcr-2-blue-345268-fw25,https://cdn.shopify.com/s/files/1/1330/6287/files/8883134-product_image-p2993335.jpg?v=1755553604,10
3608391625894,5224125,Van Rysel,apparel,apparel.jacket,general,Jacket,Van Rysel Men's RCR 2 Cycling Winter Jacket,Van Rysel RCR 2 Veste de Vélo Hiver Homme,L,Bright Indigo,159.99,151.99,EUR,fr-FR,GB-R1-U1,4,van-rysel-mens-road-cycling-winter-jacket-rcr-2-blue-345268-fw25,https://cdn.shopify.com/s/files/1/1330/6287/files/8883134-product_image-p2993335.jpg?v=1755553604,10
3608439293146,4432244,Quechua,apparel,apparel.t-shirt,hike_camp,T-shirt,Quechua Women's MH100 T-Shirt,Quechua MH100 T-shirt Femme,3XL,Pale Mint,15.00,14.25,EUR,fr-FR,GB-R3-U1,1,quechua-womens-mountain-walking-short-sleeved-t-shirt-mh100-172246,https://cdn.shopify.com/s/files/1/1330/6287/files/8664630-product_image-p2583848.jpg?v=1741262562,13
3608439293177,4432243,Quechua,apparel,apparel.t-shirt,hike_camp,T-shirt,Quechua Women's MH100 T-Shirt,Quechua MH100 T-shirt Femme,2XL,Pale Mint,15.00,14.25,EUR,fr-FR,GB-R3-U1,1,quechua-womens-mountain-walking-short-sleeved-t-shirt-mh100-172246,https://cdn.shopify.com/s/files/1/1330/6287/files/8664630-product_image-p2583848.jpg?v=1741262562,13
3608439293191,4432242,Quechua,apparel,apparel.t-shirt,hike_camp,T-shirt,Quechua Women's MH100 T-Shirt,Quechua MH100 T-shirt Femme,XL,Pale Mint,15.00,14.25,EUR,fr-FR,GB-R3-U1,3,quechua-womens-mountain-walking-short-sleeved-t-shirt-mh100-172246,https://cdn.shopify.com/s/files/1/1330/6287/files/8664630-product_image-p2583848.jpg?v=1741262562,13
3608439293207,4432240,Quechua,apparel,apparel.t-shirt,hike_camp,T-shirt,Quechua Women's MH100 T-Shirt,Quechua MH100 T-shirt Femme,L,Pale Mint,15.00,14.25,EUR,fr-FR,GB-R3-U1,3,quechua-womens-mountain-walking-short-sleeved-t-shirt-mh100-172246,https://cdn.shopify.com/s/files/1/1330/6287/files/8664630-product_image-p2583848.jpg?v=1741262562,13
3608439293221,4432239,Quechua,apparel,apparel.t-shirt,hike_camp,T-shirt,Quechua Women's MH100 T-Shirt,Quechua MH100 T-shirt Femme,M,Pale Mint,15.00,14.25,EUR,fr-FR,GB-R3-U1,4,quechua-womens-mountain-walking-short-sleeved-t-shirt-mh100-172246,https://cdn.shopify.com/s/files/1/1330/6287/files/8664630-product_image-p2583848.jpg?v=1741262562,13
3608439293238,4432238,Quechua,apparel,apparel.t-shirt,hike_camp,T-shirt,Quechua Women's MH100 T-Shirt,Quechua MH100 T-shirt Femme,S,Pale Mint,15.00,14.25,EUR,fr-FR,GB-R3-U1,2,quechua-womens-mountain-walking-short-sleeved-t-shirt-mh100-172246,https://cdn.shopify.com/s/files/1/1330/6287/files/8664630-product_image-p2583848.jpg?v=1741262562,13
3608439293252,4432237,Quechua,apparel,apparel.t-shirt,hike_camp,T-shirt,Quechua Women's MH100 T-Shirt,Quechua MH100 T-shirt Femme,XS,Pale Mint,15.00,14.25,EUR,fr-FR,GB-R3-U1,1,quechua-womens-mountain-walking-short-sleeved-t-shirt-mh100-172246,https://cdn.shopify.com/s/files/1/1330/6287/files/8664630-product_image-p2583848.jpg?v=1741262562,13
3608439455490,2563459,Quechua,apparel,apparel.t-shirt,hike_camp,T-shirt,Quechua Women's MH100 T-Shirt,Quechua MH100 T-shirt Femme,XL,Teal Green,5.00,4.75,EUR,fr-FR,GB-R3-U1,2,quechua-womens-mountain-walking-short-sleeved-t-shirt-mh100-172246,https://cdn.shopify.com/s/files/1/1330/6287/files/8664630-product_image-p2583848.jpg?v=1741262562,13
3608439455506,2563458,Quechua,apparel,apparel.t-shirt,hike_camp,T-shirt,Quechua Women's MH100 T-Shirt,Quechua MH100 T-shirt Femme,L,Teal Green,5.00,4.75,EUR,fr-FR,GB-R3-U1,3,quechua-womens-mountain-walking-short-sleeved-t-shirt-mh100-172246,https://cdn.shopify.com/s/files/1/1330/6287/files/8664630-product_image-p2583848.jpg?v=1741262562,13
3608439455513,2563460,Quechua,apparel,apparel.t-shirt,hike_camp,T-shirt,Quechua Women's MH100 T-Shirt,Quechua MH100 T-shirt Femme,2XL,Teal Green,5.00,4.75,EUR,fr-FR,GB-R3-U1,1,quechua-womens-mountain-walking-short-sleeved-t-shirt-mh100-172246,https://cdn.shopify.com/s/files/1/1330/6287/files/8664630-product_image-p2583848.jpg?v=1741262562,13
3608439455520,2563455,Quechua,apparel,apparel.t-shirt,hike_camp,T-shirt,Quechua Women's MH100 T-Shirt,Quechua MH100 T-shirt Femme,XS,Teal Green,5.00,4.75,EUR,fr-FR,GB-R3-U1,1,quechua-womens-mountain-walking-short-sleeved-t-shirt-mh100-172246,https://cdn.shopify.com/s/files/1/1330/6287/files/8664630-product_image-p2583848.jpg?v=1741262562,13
3608439455537,2563457,Quechua,apparel,apparel.t-shirt,hike_camp,T-shirt,Quechua Women's MH100 T-Shirt,Quechua MH100 T-shirt Femme,M,Teal Green,5.00,4.75,EUR,fr-FR,GB-R3-U1,3,quechua-womens-mountain-walking-short-sleeved-t-shirt-mh100-172246,https://cdn.shopify.com/s/files/1/1330/6287/files/8664630-product_image-p2583848.jpg?v=1741262562,13
3608439455544,2563456,Quechua,apparel,apparel.t-shirt,hike_camp,T-shirt,Quechua Women's MH100 T-Shirt,Quechua MH100 T-shirt Femme,S,Teal Green,5.00,4.75,EUR,fr-FR,GB-R3-U1,2,quechua-womens-mountain-walking-short-sleeved-t-shirt-mh100-172246,https://cdn.shopify.com/s/files/1/1330/6287/files/8664630-product_image-p2583848.jpg?v=1741262562,13
3583787180655,4316401,Simond,bag_pack,bag_pack.backpack,general,Backpack,Simond Ice 30L Waterproof Mountaineering Backpack,Simond Ice 30L Mountaineering Sac à dos Imperméable,One Size,Asphalt Blue,100.00,95.0,EUR,fr-FR,PE-03,9,simond-ice-30l-waterproof-mountaineering-backpack-333617,https://cdn.shopify.com/s/files/1/1330/6287/files/8647115-product_image-p2414921.jpg?v=1740485045,20
3583787932841,2607383,Itiwit,outdoor,outdoor.seat,general,Seat,Kayak seat x500 Itiwit 1P or 2P,Kayak x500 Itiwit 1P or 2P Selle,One Size,Unspecified,50.00,47.5,EUR,fr-FR,GB-R1-U1,1,itiwit-decathlon-inflatable-x500-kayak-seat-304088,https://cdn.shopify.com/s/files/1/1330/6287/files/8517753-product_image-p1498857.jpg?v=1700656892,7
3608439287411,4336789,Quechua,accessories,accessories.socks,hike_camp,Socks,Quechua Hike 50 High Socks 2-Pack,Quechua Hike 50 High 2-Pack Chaussettes,6.5 - M9,Gray,5.00,4.75,EUR,fr-FR,GB-R3-U2,3,sock-hike-50-high-pack-of-2-pairs-grey-334348,https://cdn.shopify.com/s/files/1/1330/6287/files/8649539-product_image-p2621200.jpg?v=1755805897,5
3608439287435,4336788,Quechua,accessories,accessories.socks,hike_camp,Socks,Quechua Hike 50 High Socks 2-Pack,Quechua Hike 50 High 2-Pack Chaussettes,3.5 - M6,Gray,5.00,4.75,EUR,fr-FR,GB-R3-U2,3,sock-hike-50-high-pack-of-2-pairs-grey-334348,https://cdn.shopify.com/s/files/1/1330/6287/files/8649539-product_image-p2621200.jpg?v=1755805897,5
3608439287664,4336790,Quechua,accessories,accessories.socks,hike_camp,Socks,Quechua Hike 50 High Socks 2-Pack,Quechua Hike 50 High 2-Pack Chaussettes,9.5 - M12,Gray,5.00,4.75,EUR,fr-FR,GB-R3-U2,2,sock-hike-50-high-pack-of-2-pairs-grey-334348,https://cdn.shopify.com/s/files/1/1330/6287/files/8649539-product_image-p2621200.jpg?v=1755805897,5
3583784768115,4977874,Riverside,outdoor,outdoor.gravel-bike,general,Gravel bike,Triban GRVL 900 Ti Gravel Bike,Triban GRVL 900 Ti Vélo gravel,"XS / 5'1"" - 5'5""",Silver,2999.00,2849.05,EUR,fr-FR,GB-R1-U2,0,mens-gravel-bike-with-titanium-frame-grvl-900-325632,https://cdn.shopify.com/s/files/1/1330/6287/files/8825347-product_image-p1928067.jpg?v=1714408046,12
3583784768122,4977875,Riverside,outdoor,outdoor.gravel-bike,general,Gravel bike,Triban GRVL 900 Ti Gravel Bike,Triban GRVL 900 Ti Vélo gravel,"S / 5'5"" - 5'8""",Silver,2999.00,2849.05,EUR,fr-FR,GB-R1-U2,0,mens-gravel-bike-with-titanium-frame-grvl-900-325632,https://cdn.shopify.com/s/files/1/1330/6287/files/8825347-product_image-p1928067.jpg?v=1714408046,12
3583784768139,4977876,Riverside,outdoor,outdoor.gravel-bike,general,Gravel bike,Triban GRVL 900 Ti Gravel Bike,Triban GRVL 900 Ti Vélo gravel,"M / 5'8"" - 5'11""",Silver,2999.00,2849.05,EUR,fr-FR,GB-R1-U2,1,mens-gravel-bike-with-titanium-frame-grvl-900-325632,https://cdn.shopify.com/s/files/1/1330/6287/files/8825347-product_image-p1928067.jpg?v=1714408046,12
3583784768146,4977877,Riverside,outdoor,outdoor.gravel-bike,general,Gravel bike,Triban GRVL 900 Ti Gravel Bike,Triban GRVL 900 Ti Vélo gravel,"L / 5'11"" - 6'2""",Silver,2999.00,2849.05,EUR,fr-FR,GB-R1-U2,1,mens-gravel-bike-with-titanium-frame-grvl-900-325632,https://cdn.shopify.com/s/files/1/1330/6287/files/8825347-product_image-p1928067.jpg?v=1714408046,12
3583784768153,4977878,Riverside,outdoor,outdoor.gravel-bike,general,Gravel bike,Triban GRVL 900 Ti Gravel Bike,Triban GRVL 900 Ti Vélo gravel,"XL / 6'2"" - 6'7""",Silver,2999.00,2849.05,EUR,fr-FR,GB-R1-U2,0,mens-gravel-bike-with-titanium-frame-grvl-900-325632,https://cdn.shopify.com/s/files/1/1330/6287/files/8825347-product_image-p1928067.jpg?v=1714408046,12
3608394354098,5816939,Kiprun,footwear,footwear.shoes,running,Shoes,Kiprun Kipride Women's Running Shoes,Kiprun Kipride Chaussures de Running Femme,5.5,Fushia,140.00,133.0,EUR,fr-FR,PE-02,1,kiprun-kipride-womens-running-shoes-copy,https://cdn.shopify.com/s/files/1/1330/6287/files/8997829-001.jpg?v=1774561099,7
3608394355705,5816940,Kiprun,footwear,footwear.shoes,running,Shoes,Kiprun Kipride Women's Running Shoes,Kiprun Kipride Chaussures de Running Femme,6,Fushia,140.00,133.0,EUR,fr-FR,PE-02,1,kiprun-kipride-womens-running-shoes-copy,https://cdn.shopify.com/s/files/1/1330/6287/files/8997829-001.jpg?v=1774561099,7
3608394355712,5816941,Kiprun,footwear,footwear.shoes,running,Shoes,Kiprun Kipride Women's Running Shoes,Kiprun Kipride Chaussures de Running Femme,6.5,Fushia,140.00,133.0,EUR,fr-FR,PE-02,2,kiprun-kipride-womens-running-shoes-copy,https://cdn.shopify.com/s/files/1/1330/6287/files/8997829-001.jpg?v=1774561099,7
3608394355729,5816942,Kiprun,footwear,footwear.shoes,running,Shoes,Kiprun Kipride Women's Running Shoes,Kiprun Kipride Chaussures de Running Femme,7,Fushia,140.00,133.0,EUR,fr-FR,PE-02,2,kiprun-kipride-womens-running-shoes-copy,https://cdn.shopify.com/s/files/1/1330/6287/files/8997829-001.jpg?v=1774561099,7
3608394355736,5816943,Kiprun,footwear,footwear.shoes,running,Shoes,Kiprun Kipride Women's Running Shoes,Kiprun Kipride Chaussures de Running Femme,7.5,Fushia,140.00,133.0,EUR,fr-FR,PE-02,2,kiprun-kipride-womens-running-shoes-copy,https://cdn.shopify.com/s/files/1/1330/6287/files/8997829-001.jpg?v=1774561099,7
3608394355743,5816944,Kiprun,footwear,footwear.shoes,running,Shoes,Kiprun Kipride Women's Running Shoes,Kiprun Kipride Chaussures de Running Femme,8,Fushia,140.00,133.0,EUR,fr-FR,PE-02,2,kiprun-kipride-womens-running-shoes-copy,https://cdn.shopify.com/s/files/1/1330/6287/files/8997829-001.jpg?v=1774561099,7
3608394355750,5816945,Kiprun,footwear,footwear.shoes,running,Shoes,Kiprun Kipride Women's Running Shoes,Kiprun Kipride Chaussures de Running Femme,8.5,Fushia,140.00,133.0,EUR,fr-FR,PE-02,2,kiprun-kipride-womens-running-shoes-copy,https://cdn.shopify.com/s/files/1/1330/6287/files/8997829-001.jpg?v=1774561099,7
3608394355767,5816946,Kiprun,footwear,footwear.shoes,running,Shoes,Kiprun Kipride Women's Running Shoes,Kiprun Kipride Chaussures de Running Femme,9,Fushia,140.00,133.0,EUR,fr-FR,PE-02,2,kiprun-kipride-womens-running-shoes-copy,https://cdn.shopify.com/s/files/1/1330/6287/files/8997829-001.jpg?v=1774561099,7
3608394355781,5816948,Kiprun,footwear,footwear.shoes,running,Shoes,Kiprun Kipride Women's Running Shoes,Kiprun Kipride Chaussures de Running Femme,9.5,Fushia,140.00,133.0,EUR,fr-FR,PE-02,2,kiprun-kipride-womens-running-shoes-copy,https://cdn.shopify.com/s/files/1/1330/6287/files/8997829-001.jpg?v=1774561099,7
3608394355798,5816949,Kiprun,footwear,footwear.shoes,running,Shoes,Kiprun Kipride Women's Running Shoes,Kiprun Kipride Chaussures de Running Femme,10,Fushia,140.00,133.0,EUR,fr-FR,PE-02,1,kiprun-kipride-womens-running-shoes-copy,https://cdn.shopify.com/s/files/1/1330/6287/files/8997829-001.jpg?v=1774561099,7
3608392794292,5475667,Quechua,footwear,footwear.shoes,hike_camp,Shoes,Quechua Men's NH500 Warm Waterproof Mid Leather Hiking Boots,Quechua NH500 Leather Bottes Imperméable de Randonnée Chaud Mi-saison Homme,11.5,Golden Chestnut,80.00,76.0,EUR,fr-FR,PE-01,2,quechua-mens-warm-leather-hiking-boots-nh500-mid-leather-hybrid-brown-350703-fw25,https://cdn.shopify.com/s/files/1/1330/6287/files/8928705-product_image-p2904624.jpg?v=1767026953,7
3608392796104,5475668,Quechua,footwear,footwear.shoes,hike_camp,Shoes,Quechua Men's NH500 Warm Waterproof Mid Leather Hiking Boots,Quechua NH500 Leather Bottes Imperméable de Randonnée Chaud Mi-saison Homme,10.5,Golden Chestnut,80.00,76.0,EUR,fr-FR,PE-01,4,quechua-mens-warm-leather-hiking-boots-nh500-mid-leather-hybrid-brown-350703-fw25,https://cdn.shopify.com/s/files/1/1330/6287/files/8928705-product_image-p2904624.jpg?v=1767026953,7
3608392796111,5475669,Quechua,footwear,footwear.shoes,hike_camp,Shoes,Quechua Men's NH500 Warm Waterproof Mid Leather Hiking Boots,Quechua NH500 Leather Bottes Imperméable de Randonnée Chaud Mi-saison Homme,9.5,Golden Chestnut,80.00,76.0,EUR,fr-FR,PE-01,4,quechua-mens-warm-leather-hiking-boots-nh500-mid-leather-hybrid-brown-350703-fw25,https://cdn.shopify.com/s/files/1/1330/6287/files/8928705-product_image-p2904624.jpg?v=1767026953,7
3608392796128,5475670,Quechua,footwear,footwear.shoes,hike_camp,Shoes,Quechua Men's NH500 Warm Waterproof Mid Leather Hiking Boots,Quechua NH500 Leather Bottes Imperméable de Randonnée Chaud Mi-saison Homme,9,Golden Chestnut,80.00,76.0,EUR,fr-FR,PE-01,4,quechua-mens-warm-leather-hiking-boots-nh500-mid-leather-hybrid-brown-350703-fw25,https://cdn.shopify.com/s/files/1/1330/6287/files/8928705-product_image-p2904624.jpg?v=1767026953,7
3608392796135,5475671,Quechua,footwear,footwear.shoes,hike_camp,Shoes,Quechua Men's NH500 Warm Waterproof Mid Leather Hiking Boots,Quechua NH500 Leather Bottes Imperméable de Randonnée Chaud Mi-saison Homme,12,Golden Chestnut,80.00,76.0,EUR,fr-FR,PE-01,2,quechua-mens-warm-leather-hiking-boots-nh500-mid-leather-hybrid-brown-350703-fw25,https://cdn.shopify.com/s/files/1/1330/6287/files/8928705-product_image-p2904624.jpg?v=1767026953,7
3608392796142,5475672,Quechua,footwear,footwear.shoes,hike_camp,Shoes,Quechua Men's NH500 Warm Waterproof Mid Leather Hiking Boots,Quechua NH500 Leather Bottes Imperméable de Randonnée Chaud Mi-saison Homme,13,Golden Chestnut,80.00,76.0,EUR,fr-FR,PE-01,1,quechua-mens-warm-leather-hiking-boots-nh500-mid-leather-hybrid-brown-350703-fw25,https://cdn.shopify.com/s/files/1/1330/6287/files/8928705-product_image-p2904624.jpg?v=1767026953,7
3608392796159,5475673,Quechua,footwear,footwear.shoes,hike_camp,Shoes,Quechua Men's NH500 Warm Waterproof Mid Leather Hiking Boots,Quechua NH500 Leather Bottes Imperméable de Randonnée Chaud Mi-saison Homme,8,Golden Chestnut,80.00,76.0,EUR,fr-FR,PE-01,3,quechua-mens-warm-leather-hiking-boots-nh500-mid-leather-hybrid-brown-350703-fw25,https://cdn.shopify.com/s/files/1/1330/6287/files/8928705-product_image-p2904624.jpg?v=1767026953,7
3608392796166,5475674,Quechua,footwear,footwear.shoes,hike_camp,Shoes,Quechua Men's NH500 Warm Waterproof Mid Leather Hiking Boots,Quechua NH500 Leather Bottes Imperméable de Randonnée Chaud Mi-saison Homme,7.5,Golden Chestnut,80.00,76.0,EUR,fr-FR,PE-01,2,quechua-mens-warm-leather-hiking-boots-nh500-mid-leather-hybrid-brown-350703-fw25,https://cdn.shopify.com/s/files/1/1330/6287/files/8928705-product_image-p2904624.jpg?v=1767026953,7
3608392796173,5475675,Quechua,footwear,footwear.shoes,hike_camp,Shoes,Quechua Men's NH500 Warm Waterproof Mid Leather Hiking Boots,Quechua NH500 Leather Bottes Imperméable de Randonnée Chaud Mi-saison Homme,6.5,Golden Chestnut,80.00,76.0,EUR,fr-FR,PE-01,1,quechua-mens-warm-leather-hiking-boots-nh500-mid-leather-hybrid-brown-350703-fw25,https://cdn.shopify.com/s/files/1/1330/6287/files/8928705-product_image-p2904624.jpg?v=1767026953,7
3583787113172,4605703,Simond,bag_pack,bag_pack.backpack,general,Backpack,Simond Women's MT900 Symbium2 50+10 L Backpacking Pack,Simond MT900 Symbium2 50+10 Pack Trekking Femme,One Size,Abyss Gray,125.00,118.75,EUR,fr-FR,GF-R1-U1,8,simond-womens-mt900-symbium2-5010-l-backpacking-pack-342130,https://cdn.shopify.com/s/files/1/1330/6287/files/8752034-product_image-p2604599_a7b92c65-7bbb-429c-ba12-02d3d76e0d6f.jpg?v=1744846719,15
3583784155137,4194525,Quechua,footwear,footwear.shoes,hike_camp,Shoes,Quechua Women's MH100 Hiking Shoes,Quechua MH100 Chaussures de Randonnée Femme,10.5,Pewter,45.00,42.75,EUR,fr-FR,PW-01,1,womens-mountain-walking-shoes-mh100-grey-green-156123,https://cdn.shopify.com/s/files/1/1330/6287/files/8612193-product_image-p1920394.jpg?v=1700656000,6
3608439322907,4194524,Quechua,footwear,footwear.shoes,hike_camp,Shoes,Quechua Women's MH100 Hiking Shoes,Quechua MH100 Chaussures de Randonnée Femme,9.5,Pewter,45.00,42.75,EUR,fr-FR,PW-01,3,womens-mountain-walking-shoes-mh100-grey-green-156123,https://cdn.shopify.com/s/files/1/1330/6287/files/8612193-product_image-p1920394.jpg?v=1700656000,6
3608439322921,4194523,Quechua,footwear,footwear.shoes,hike_camp,Shoes,Quechua Women's MH100 Hiking Shoes,Quechua MH100 Chaussures de Randonnée Femme,9,Pewter,45.00,42.75,EUR,fr-FR,PW-01,3,womens-mountain-walking-shoes-mh100-grey-green-156123,https://cdn.shopify.com/s/files/1/1330/6287/files/8612193-product_image-p1920394.jpg?v=1700656000,6
3608439322945,4194522,Quechua,footwear,footwear.shoes,hike_camp,Shoes,Quechua Women's MH100 Hiking Shoes,Quechua MH100 Chaussures de Randonnée Femme,8,Pewter,45.00,42.75,EUR,fr-FR,PW-01,3,womens-mountain-walking-shoes-mh100-grey-green-156123,https://cdn.shopify.com/s/files/1/1330/6287/files/8612193-product_image-p1920394.jpg?v=1700656000,6
3608439322969,4194521,Quechua,footwear,footwear.shoes,hike_camp,Shoes,Quechua Women's MH100 Hiking Shoes,Quechua MH100 Chaussures de Randonnée Femme,7.5,Pewter,45.00,42.75,EUR,fr-FR,PW-01,3,womens-mountain-walking-shoes-mh100-grey-green-156123,https://cdn.shopify.com/s/files/1/1330/6287/files/8612193-product_image-p1920394.jpg?v=1700656000,6
3608439322983,4194520,Quechua,footwear,footwear.shoes,hike_camp,Shoes,Quechua Women's MH100 Hiking Shoes,Quechua MH100 Chaussures de Randonnée Femme,6.5,Pewter,45.00,42.75,EUR,fr-FR,PW-01,3,womens-mountain-walking-shoes-mh100-grey-green-156123,https://cdn.shopify.com/s/files/1/1330/6287/files/8612193-product_image-p1920394.jpg?v=1700656000,6
3608439323003,4194519,Quechua,footwear,footwear.shoes,hike_camp,Shoes,Quechua Women's MH100 Hiking Shoes,Quechua MH100 Chaussures de Randonnée Femme,5.5,Pewter,45.00,42.75,EUR,fr-FR,PW-01,1,womens-mountain-walking-shoes-mh100-grey-green-156123,https://cdn.shopify.com/s/files/1/1330/6287/files/8612193-product_image-p1920394.jpg?v=1700656000,6
3583787405871,4156014,Simond,apparel,apparel.shorts,general,Shorts,Simond Women's MT500 Hiking Shorts,Simond MT500 Short de Randonnée Femme,XS - S,Khaki Brown,44.99,42.74,EUR,fr-FR,GB-R1-U2,2,simond-womens-mt500-hiking-shorts-329242,https://cdn.shopify.com/s/files/1/1330/6287/files/8605940-product_image-p2660342_856acbeb-6194-44b5-8dc1-d8397613f780.jpg?v=1744785875,6
3583787405888,4156015,Simond,apparel,apparel.shorts,general,Shorts,Simond Women's MT500 Hiking Shorts,Simond MT500 Short de Randonnée Femme,S,Khaki Brown,44.99,42.74,EUR,fr-FR,GB-R1-U2,4,simond-womens-mt500-hiking-shorts-329242,https://cdn.shopify.com/s/files/1/1330/6287/files/8605940-product_image-p2660342_856acbeb-6194-44b5-8dc1-d8397613f780.jpg?v=1744785875,6
3583787405895,4156016,Simond,apparel,apparel.shorts,general,Shorts,Simond Women's MT500 Hiking Shorts,Simond MT500 Short de Randonnée Femme,M,Khaki Brown,44.99,42.74,EUR,fr-FR,GB-R1-U2,6,simond-womens-mt500-hiking-shorts-329242,https://cdn.shopify.com/s/files/1/1330/6287/files/8605940-product_image-p2660342_856acbeb-6194-44b5-8dc1-d8397613f780.jpg?v=1744785875,6
3583787405901,4156017,Simond,apparel,apparel.shorts,general,Shorts,Simond Women's MT500 Hiking Shorts,Simond MT500 Short de Randonnée Femme,L,Khaki Brown,44.99,42.74,EUR,fr-FR,GB-R1-U2,6,simond-womens-mt500-hiking-shorts-329242,https://cdn.shopify.com/s/files/1/1330/6287/files/8605940-product_image-p2660342_856acbeb-6194-44b5-8dc1-d8397613f780.jpg?v=1744785875,6
3583787405918,4156018,Simond,apparel,apparel.shorts,general,Shorts,Simond Women's MT500 Hiking Shorts,Simond MT500 Short de Randonnée Femme,L / XL,Khaki Brown,44.99,42.74,EUR,fr-FR,GB-R1-U2,6,simond-womens-mt500-hiking-shorts-329242,https://cdn.shopify.com/s/files/1/1330/6287/files/8605940-product_image-p2660342_856acbeb-6194-44b5-8dc1-d8397613f780.jpg?v=1744785875,6
3583787405925,4156019,Simond,apparel,apparel.shorts,general,Shorts,Simond Women's MT500 Hiking Shorts,Simond MT500 Short de Randonnée Femme,XL,Khaki Brown,44.99,42.74,EUR,fr-FR,GB-R1-U2,4,simond-womens-mt500-hiking-shorts-329242,https://cdn.shopify.com/s/files/1/1330/6287/files/8605940-product_image-p2660342_856acbeb-6194-44b5-8dc1-d8397613f780.jpg?v=1744785875,6
3583787405932,4156020,Simond,apparel,apparel.shorts,general,Shorts,Simond Women's MT500 Hiking Shorts,Simond MT500 Short de Randonnée Femme,2XL,Khaki Brown,44.99,42.74,EUR,fr-FR,GB-R1-U2,2,simond-womens-mt500-hiking-shorts-329242,https://cdn.shopify.com/s/files/1/1330/6287/files/8605940-product_image-p2660342_856acbeb-6194-44b5-8dc1-d8397613f780.jpg?v=1744785875,6
3608409910639,2044126,Van Rysel,apparel,apparel.base-layer,general,Base layer,Van Rysel Men's Ultralight Mesh Base Layer,Van Rysel Ultralight Mesh Sous-vêtement technique Homme,XS,Snowy White,39.99,37.99,EUR,fr-FR,GF-R1-U1,2,cycling-summer-training-base-layer-623,https://cdn.shopify.com/s/files/1/1330/6287/files/VAN_RYSEL_SV_500_SANS_MANCHE_BLANC_PE22_-_8296143_-_000_---_Expires_on_09-03-2026.jpg?v=1744257301,10
3608409950109,1779032,Van Rysel,apparel,apparel.base-layer,general,Base layer,Van Rysel Men's Ultralight Mesh Base Layer,Van Rysel Ultralight Mesh Sous-vêtement technique Homme,XL,Snowy White,39.99,37.99,EUR,fr-FR,GF-R1-U1,5,cycling-summer-training-base-layer-623,https://cdn.shopify.com/s/files/1/1330/6287/files/VAN_RYSEL_SV_500_SANS_MANCHE_BLANC_PE22_-_8296143_-_000_---_Expires_on_09-03-2026.jpg?v=1744257301,10
3608409950116,1779033,Van Rysel,apparel,apparel.base-layer,general,Base layer,Van Rysel Men's Ultralight Mesh Base Layer,Van Rysel Ultralight Mesh Sous-vêtement technique Homme,2XL,Snowy White,39.99,37.99,EUR,fr-FR,GF-R1-U1,3,cycling-summer-training-base-layer-623,https://cdn.shopify.com/s/files/1/1330/6287/files/VAN_RYSEL_SV_500_SANS_MANCHE_BLANC_PE22_-_8296143_-_000_---_Expires_on_09-03-2026.jpg?v=1744257301,10
3608409950123,1779030,Van Rysel,apparel,apparel.base-layer,general,Base layer,Van Rysel Men's Ultralight Mesh Base Layer,Van Rysel Ultralight Mesh Sous-vêtement technique Homme,M,Snowy White,39.99,37.99,EUR,fr-FR,GF-R1-U1,8,cycling-summer-training-base-layer-623,https://cdn.shopify.com/s/files/1/1330/6287/files/VAN_RYSEL_SV_500_SANS_MANCHE_BLANC_PE22_-_8296143_-_000_---_Expires_on_09-03-2026.jpg?v=1744257301,10
3608409950130,1779031,Van Rysel,apparel,apparel.base-layer,general,Base layer,Van Rysel Men's Ultralight Mesh Base Layer,Van Rysel Ultralight Mesh Sous-vêtement technique Homme,L,Snowy White,39.99,37.99,EUR,fr-FR,GF-R1-U1,8,cycling-summer-training-base-layer-623,https://cdn.shopify.com/s/files/1/1330/6287/files/VAN_RYSEL_SV_500_SANS_MANCHE_BLANC_PE22_-_8296143_-_000_---_Expires_on_09-03-2026.jpg?v=1744257301,10
3608409950147,1779029,Van Rysel,apparel,apparel.base-layer,general,Base layer,Van Rysel Men's Ultralight Mesh Base Layer,Van Rysel Ultralight Mesh Sous-vêtement technique Homme,S,Snowy White,39.99,37.99,EUR,fr-FR,GF-R1-U1,5,cycling-summer-training-base-layer-623,https://cdn.shopify.com/s/files/1/1330/6287/files/VAN_RYSEL_SV_500_SANS_MANCHE_BLANC_PE22_-_8296143_-_000_---_Expires_on_09-03-2026.jpg?v=1744257301,10
3608390866366,5104619,Kiprun,apparel,apparel.t-shirt,running,T-shirt,Kiprun Men's Run 500 Comfort Seamless Running T-shirt,Kiprun Run 500 Comfort T-shirt Sans couture de Running Homme,S,Smoked Black,20.00,19.0,EUR,fr-FR,GF-R2-U2,5,mens-kiprun-run-500-comfort-seamless-running-t-shirt-black-340992,https://cdn.shopify.com/s/files/1/1330/6287/files/8861685-product_image-p2617528.jpg?v=1740790010,7
3608390866373,5104620,Kiprun,apparel,apparel.t-shirt,running,T-shirt,Kiprun Men's Run 500 Comfort Seamless Running T-shirt,Kiprun Run 500 Comfort T-shirt Sans couture de Running Homme,M,Smoked Black,20.00,19.0,EUR,fr-FR,GF-R2-U2,8,mens-kiprun-run-500-comfort-seamless-running-t-shirt-black-340992,https://cdn.shopify.com/s/files/1/1330/6287/files/8861685-product_image-p2617528.jpg?v=1740790010,7
3608390866380,5104621,Kiprun,apparel,apparel.t-shirt,running,T-shirt,Kiprun Men's Run 500 Comfort Seamless Running T-shirt,Kiprun Run 500 Comfort T-shirt Sans couture de Running Homme,L,Smoked Black,20.00,19.0,EUR,fr-FR,GF-R2-U2,7,mens-kiprun-run-500-comfort-seamless-running-t-shirt-black-340992,https://cdn.shopify.com/s/files/1/1330/6287/files/8861685-product_image-p2617528.jpg?v=1740790010,7
3608390866397,5104622,Kiprun,apparel,apparel.t-shirt,running,T-shirt,Kiprun Men's Run 500 Comfort Seamless Running T-shirt,Kiprun Run 500 Comfort T-shirt Sans couture de Running Homme,XL,Smoked Black,20.00,19.0,EUR,fr-FR,GF-R2-U2,5,mens-kiprun-run-500-comfort-seamless-running-t-shirt-black-340992,https://cdn.shopify.com/s/files/1/1330/6287/files/8861685-product_image-p2617528.jpg?v=1740790010,7
3608390867004,5104623,Kiprun,apparel,apparel.t-shirt,running,T-shirt,Kiprun Men's Run 500 Comfort Seamless Running T-shirt,Kiprun Run 500 Comfort T-shirt Sans couture de Running Homme,2XL,Smoked Black,20.00,19.0,EUR,fr-FR,GF-R2-U2,3,mens-kiprun-run-500-comfort-seamless-running-t-shirt-black-340992,https://cdn.shopify.com/s/files/1/1330/6287/files/8861685-product_image-p2617528.jpg?v=1740790010,7
3608439348471,4006571,Quechua,outdoor,outdoor.tent,hike_camp,Tent,Quechua Arpenaz Family Camping Tent 6 Person 3 Room *Factory Seconds*,Quechua Arpenaz Family Camping 6 Person 3 Room *Factory Seconds* Tente,6 Person,Blue,300.00,285.0,EUR,fr-FR,GB-R3-U1,1,quechua-arpenaz-waterproof-family-camping-tent-6-person-3-room-324522,https://cdn.shopify.com/s/files/1/1330/6287/files/8581553-product_image-p202952.jpg?v=1700657885,15
3608439451430,2471152,Quechua,apparel,apparel.t-shirt,hike_camp,T-shirt,Quechua Men's Hiking Synthetic Short-Sleeved T-Shirt MH100,Quechua Synthetic Short-Sleeved MH100 T-shirt de Randonnée Homme,5XL,Carbon Gray,10.00,9.5,EUR,fr-FR,GB-R3-U2,0,mens-hiking-synthetic-short-sleeved-t-shirt-mh100-106632,https://cdn.shopify.com/s/files/1/1330/6287/files/8316244-product_image-p2239578.jpg?v=1740180496,10
3608439687914,338310,Quechua,apparel,apparel.t-shirt,hike_camp,T-shirt,Quechua Men's Hiking Synthetic Short-Sleeved T-Shirt MH100,Quechua Synthetic Short-Sleeved MH100 T-shirt de Randonnée Homme,4XL,Carbon Gray,10.00,9.5,EUR,fr-FR,GB-R3-U2,0,mens-hiking-synthetic-short-sleeved-t-shirt-mh100-106632,https://cdn.shopify.com/s/files/1/1330/6287/files/8316244-product_image-p2239578.jpg?v=1740180496,10
3608439687921,338308,Quechua,apparel,apparel.t-shirt,hike_camp,T-shirt,Quechua Men's Hiking Synthetic Short-Sleeved T-Shirt MH100,Quechua Synthetic Short-Sleeved MH100 T-shirt de Randonnée Homme,3XL,Carbon Gray,10.00,9.5,EUR,fr-FR,GB-R3-U2,1,mens-hiking-synthetic-short-sleeved-t-shirt-mh100-106632,https://cdn.shopify.com/s/files/1/1330/6287/files/8316244-product_image-p2239578.jpg?v=1740180496,10
3608439687976,338302,Quechua,apparel,apparel.t-shirt,hike_camp,T-shirt,Quechua Men's Hiking Synthetic Short-Sleeved T-Shirt MH100,Quechua Synthetic Short-Sleeved MH100 T-shirt de Randonnée Homme,2XL,Carbon Gray,10.00,9.5,EUR,fr-FR,GB-R3-U2,1,mens-hiking-synthetic-short-sleeved-t-shirt-mh100-106632,https://cdn.shopify.com/s/files/1/1330/6287/files/8316244-product_image-p2239578.jpg?v=1740180496,10
3608439687983,338299,Quechua,apparel,apparel.t-shirt,hike_camp,T-shirt,Quechua Men's Hiking Synthetic Short-Sleeved T-Shirt MH100,Quechua Synthetic Short-Sleeved MH100 T-shirt de Randonnée Homme,XL,Carbon Gray,10.00,9.5,EUR,fr-FR,GB-R3-U2,3,mens-hiking-synthetic-short-sleeved-t-shirt-mh100-106632,https://cdn.shopify.com/s/files/1/1330/6287/files/8316244-product_image-p2239578.jpg?v=1740180496,10
3608439688003,338292,Quechua,apparel,apparel.t-shirt,hike_camp,T-shirt,Quechua Men's Hiking Synthetic Short-Sleeved T-Shirt MH100,Quechua Synthetic Short-Sleeved MH100 T-shirt de Randonnée Homme,L,Carbon Gray,10.00,9.5,EUR,fr-FR,GB-R3-U2,4,mens-hiking-synthetic-short-sleeved-t-shirt-mh100-106632,https://cdn.shopify.com/s/files/1/1330/6287/files/8316244-product_image-p2239578.jpg?v=1740180496,10
3608439688027,338287,Quechua,apparel,apparel.t-shirt,hike_camp,T-shirt,Quechua Men's Hiking Synthetic Short-Sleeved T-Shirt MH100,Quechua Synthetic Short-Sleeved MH100 T-shirt de Randonnée Homme,M,Carbon Gray,10.00,9.5,EUR,fr-FR,GB-R3-U2,4,mens-hiking-synthetic-short-sleeved-t-shirt-mh100-106632,https://cdn.shopify.com/s/files/1/1330/6287/files/8316244-product_image-p2239578.jpg?v=1740180496,10
3608439688034,338286,Quechua,apparel,apparel.t-shirt,hike_camp,T-shirt,Quechua Men's Hiking Synthetic Short-Sleeved T-Shirt MH100,Quechua Synthetic Short-Sleeved MH100 T-shirt de Randonnée Homme,S,Carbon Gray,10.00,9.5,EUR,fr-FR,GB-R3-U2,2,mens-hiking-synthetic-short-sleeved-t-shirt-mh100-106632,https://cdn.shopify.com/s/files/1/1330/6287/files/8316244-product_image-p2239578.jpg?v=1740180496,10
3608429923060,1779337,Kiprun,accessories,accessories.socks,running,Socks,Kiprun Run 100 Mid Socks 3-Pack,Kiprun Run 100 3-Pack Chaussettes Mi-saison,9.5 - M12,Black,8.99,8.54,EUR,fr-FR,GB-R2-U2,1,ekiden-running-socks-adult-3-pack-11690,https://cdn.shopify.com/s/files/1/1330/6287/files/KIPRUNCHAUSSETTESEKIDENNOIREPE25SS25-8296178-001---Expireson22-10-2033.jpg?v=1741396533,6
3608429923077,1779336,Kiprun,accessories,accessories.socks,running,Socks,Kiprun Run 100 Mid Socks 3-Pack,Kiprun Run 100 3-Pack Chaussettes Mi-saison,6.5 - M9,Black,8.99,8.54,EUR,fr-FR,GB-R2-U2,2,ekiden-running-socks-adult-3-pack-11690,https://cdn.shopify.com/s/files/1/1330/6287/files/KIPRUNCHAUSSETTESEKIDENNOIREPE25SS25-8296178-001---Expireson22-10-2033.jpg?v=1741396533,6
3608429923084,1779339,Kiprun,accessories,accessories.socks,running,Socks,Kiprun Run 100 Mid Socks 3-Pack,Kiprun Run 100 3-Pack Chaussettes Mi-saison,13 - M15,Black,8.99,8.54,EUR,fr-FR,GB-R2-U2,1,ekiden-running-socks-adult-3-pack-11690,https://cdn.shopify.com/s/files/1/1330/6287/files/KIPRUNCHAUSSETTESEKIDENNOIREPE25SS25-8296178-001---Expireson22-10-2033.jpg?v=1741396533,6
3608429923114,1779335,Kiprun,accessories,accessories.socks,running,Socks,Kiprun Run 100 Mid Socks 3-Pack,Kiprun Run 100 3-Pack Chaussettes Mi-saison,3.5 - M6,Black,8.99,8.54,EUR,fr-FR,GB-R2-U2,1,ekiden-running-socks-adult-3-pack-11690,https://cdn.shopify.com/s/files/1/1330/6287/files/KIPRUNCHAUSSETTESEKIDENNOIREPE25SS25-8296178-001---Expireson22-10-2033.jpg?v=1741396533,6
3583787208861,4697726,Quechua,apparel,apparel.rain-poncho,hike_camp,Rain Poncho,Quechua Kids’ MH100 Hiking Rain Poncho – Ages 7–15,Quechua MH100 Ages 7–15 Poncho de pluie de Randonnée Enfant,One Size,Cedar,10.00,9.5,EUR,fr-FR,GF-R3-U1,28,forclaz-kids-hiking-rain-poncho-10-l-126-to-156-cm-blue-green-343382,https://cdn.shopify.com/s/files/1/1330/6287/files/8771413-product_image-p2407057.jpg?v=1745012703,5
3608439460524,2558419,Forclaz,outdoor,outdoor.foam-mat,hike_camp,Foam mat,Forclaz Trek 100 Folding Foam Hiking Mattress,Forclaz Trek 100 Folding Matelas de Randonnée Mousse,L,Granite Green,39.99,37.99,EUR,fr-FR,GB-R3-U2,2,backpacking-foam-folding-mattress-trek-100-174619,https://cdn.shopify.com/s/files/1/1330/6287/files/8492712-product_image-p2422856.jpg?v=1701346667,9
3608439227516,2758216,Quechua,footwear,footwear.shoes,hike_camp,Shoes,Quechua Women's NH50 Low Hiking Shoes,Quechua NH50 Low Chaussures de Randonnée Femme,7.5,Carbon Gray,30.00,28.5,EUR,fr-FR,PE-01,4,womens-hiking-boots-nh50-low-308248,https://cdn.shopify.com/s/files/1/1330/6287/files/8553549-product_image-p2617654.jpg?v=1704797399,7
3608439227523,2758217,Quechua,footwear,footwear.shoes,hike_camp,Shoes,Quechua Women's NH50 Low Hiking Shoes,Quechua NH50 Low Chaussures de Randonnée Femme,8,Carbon Gray,30.00,28.5,EUR,fr-FR,PE-01,4,womens-hiking-boots-nh50-low-308248,https://cdn.shopify.com/s/files/1/1330/6287/files/8553549-product_image-p2617654.jpg?v=1704797399,7
3608439227530,2758214,Quechua,footwear,footwear.shoes,hike_camp,Shoes,Quechua Women's NH50 Low Hiking Shoes,Quechua NH50 Low Chaussures de Randonnée Femme,5.5,Carbon Gray,30.00,28.5,EUR,fr-FR,PE-01,1,womens-hiking-boots-nh50-low-308248,https://cdn.shopify.com/s/files/1/1330/6287/files/8553549-product_image-p2617654.jpg?v=1704797399,7
3608439227547,2758215,Quechua,footwear,footwear.shoes,hike_camp,Shoes,Quechua Women's NH50 Low Hiking Shoes,Quechua NH50 Low Chaussures de Randonnée Femme,6.5,Carbon Gray,30.00,28.5,EUR,fr-FR,PE-01,3,womens-hiking-boots-nh50-low-308248,https://cdn.shopify.com/s/files/1/1330/6287/files/8553549-product_image-p2617654.jpg?v=1704797399,7
3608439227554,2758220,Quechua,footwear,footwear.shoes,hike_camp,Shoes,Quechua Women's NH50 Low Hiking Shoes,Quechua NH50 Low Chaussures de Randonnée Femme,10.5,Carbon Gray,30.00,28.5,EUR,fr-FR,PE-01,2,womens-hiking-boots-nh50-low-308248,https://cdn.shopify.com/s/files/1/1330/6287/files/8553549-product_image-p2617654.jpg?v=1704797399,7
3608439227561,2758218,Quechua,footwear,footwear.shoes,hike_camp,Shoes,Quechua Women's NH50 Low Hiking Shoes,Quechua NH50 Low Chaussures de Randonnée Femme,9,Carbon Gray,30.00,28.5,EUR,fr-FR,PE-01,4,womens-hiking-boots-nh50-low-308248,https://cdn.shopify.com/s/files/1/1330/6287/files/8553549-product_image-p2617654.jpg?v=1704797399,7
3608439227578,2758219,Quechua,footwear,footwear.shoes,hike_camp,Shoes,Quechua Women's NH50 Low Hiking Shoes,Quechua NH50 Low Chaussures de Randonnée Femme,9.5,Carbon Gray,30.00,28.5,EUR,fr-FR,PE-01,3,womens-hiking-boots-nh50-low-308248,https://cdn.shopify.com/s/files/1/1330/6287/files/8553549-product_image-p2617654.jpg?v=1704797399,7
3583787135310,4905815,Van Rysel,outdoor,outdoor.road-bike,general,Road bike,Van Rysel XCR TRIATHLON ULTEGRA DI2,Van Rysel XCR TRIATHLON ULTEGRA DI2,XS,White,8499.00,8074.05,EUR,fr-FR,GF-R1-U1,0,van-rysel-xcr-triathlon-ultegra-di2,https://cdn.shopify.com/s/files/1/1330/6287/files/default_2b2f6fb1-86fa-4f0b-b3ab-57a43be1de4c.jpg?v=1775491210,8
3583787135327,4905817,Van Rysel,outdoor,outdoor.road-bike,general,Road bike,Van Rysel XCR TRIATHLON ULTEGRA DI2,Van Rysel XCR TRIATHLON ULTEGRA DI2,M,White,8499.00,8074.05,EUR,fr-FR,GF-R1-U1,0,van-rysel-xcr-triathlon-ultegra-di2,https://cdn.shopify.com/s/files/1/1330/6287/files/default_2b2f6fb1-86fa-4f0b-b3ab-57a43be1de4c.jpg?v=1775491210,8
3583787135334,4905816,Van Rysel,outdoor,outdoor.road-bike,general,Road bike,Van Rysel XCR TRIATHLON ULTEGRA DI2,Van Rysel XCR TRIATHLON ULTEGRA DI2,S,White,8499.00,8074.05,EUR,fr-FR,GF-R1-U1,1,van-rysel-xcr-triathlon-ultegra-di2,https://cdn.shopify.com/s/files/1/1330/6287/files/default_2b2f6fb1-86fa-4f0b-b3ab-57a43be1de4c.jpg?v=1775491210,8
3583787135341,4905819,Van Rysel,outdoor,outdoor.road-bike,general,Road bike,Van Rysel XCR TRIATHLON ULTEGRA DI2,Van Rysel XCR TRIATHLON ULTEGRA DI2,XL,White,8499.00,8074.05,EUR,fr-FR,GF-R1-U1,0,van-rysel-xcr-triathlon-ultegra-di2,https://cdn.shopify.com/s/files/1/1330/6287/files/default_2b2f6fb1-86fa-4f0b-b3ab-57a43be1de4c.jpg?v=1775491210,8
3583787135358,4905818,Van Rysel,outdoor,outdoor.road-bike,general,Road bike,Van Rysel XCR TRIATHLON ULTEGRA DI2,Van Rysel XCR TRIATHLON ULTEGRA DI2,L,White,8499.00,8074.05,EUR,fr-FR,GF-R1-U1,1,van-rysel-xcr-triathlon-ultegra-di2,https://cdn.shopify.com/s/files/1/1330/6287/files/default_2b2f6fb1-86fa-4f0b-b3ab-57a43be1de4c.jpg?v=1775491210,8
3608439294464,4435748,Quechua,outdoor,outdoor.pillow,hike_camp,Pillow,Quechua Air Basic Inflatable Camping Pillow,Quechua Air Basic Inflatable Camping Oreiller,One Size,Dark Petrol Blue,11.99,11.39,EUR,fr-FR,GF-R3-U1,2,quechua-air-basic-inflatable-camping-pillow-12883,https://cdn.shopify.com/s/files/1/1330/6287/files/8677189-product_image-p2583120.jpg?v=1712228941,6
3608439238932,4767715,Quechua,accessories,accessories.socks,hike_camp,Socks,Quechua Hike 900 Hiking Socks - 2 Pairs,Quechua Hike 900 2 Pairs Chaussettes de Randonnée,3.5 - M6,Pale Mint,10.00,9.5,EUR,fr-FR,GB-R3-U1,6,quechua-hike-900-hiking-socks-2-pairs-330181,https://cdn.shopify.com/s/files/1/1330/6287/files/8786366-product_image-p2579446.jpg?v=1755805881,6
3608439238949,4767716,Quechua,accessories,accessories.socks,hike_camp,Socks,Quechua Hike 900 Hiking Socks - 2 Pairs,Quechua Hike 900 2 Pairs Chaussettes de Randonnée,6.5 - M9,Pale Mint,10.00,9.5,EUR,fr-FR,GB-R3-U1,5,quechua-hike-900-hiking-socks-2-pairs-330181,https://cdn.shopify.com/s/files/1/1330/6287/files/8786366-product_image-p2579446.jpg?v=1755805881,6
3608439363122,2945020,Quechua,apparel,apparel.zip-off-pants,hike_camp,Zip-Off Pants,Quechua Kids' MH500 Convertible Hiking Pants - Ages 2-6,Quechua MH500 Convertible Ages 2-6 Pantalon de Randonnée Enfant,4-5 Years / 41''-44'',Storm Gray,20.00,19.0,EUR,fr-FR,GF-R3-U2,7,kids-hiking-convertible-pants-mh500-311916,https://cdn.shopify.com/s/files/1/1330/6287/files/8559014-product_image-p2583093.jpg?v=1746485348,11
3608439363139,2945021,Quechua,apparel,apparel.zip-off-pants,hike_camp,Zip-Off Pants,Quechua Kids' MH500 Convertible Hiking Pants - Ages 2-6,Quechua MH500 Convertible Ages 2-6 Pantalon de Randonnée Enfant,"5-6 Years / 3'7""-4'",Storm Gray,20.00,19.0,EUR,fr-FR,GF-R3-U2,3,kids-hiking-convertible-pants-mh500-311916,https://cdn.shopify.com/s/files/1/1330/6287/files/8559014-product_image-p2583093.jpg?v=1746485348,11
3608439363160,2945022,Quechua,apparel,apparel.zip-off-pants,hike_camp,Zip-Off Pants,Quechua Kids' MH500 Convertible Hiking Pants - Ages 2-6,Quechua MH500 Convertible Ages 2-6 Pantalon de Randonnée Enfant,"2 - 3 Years / 2'9"" - 3'1""",Storm Gray,20.00,19.0,EUR,fr-FR,GF-R3-U2,3,kids-hiking-convertible-pants-mh500-311916,https://cdn.shopify.com/s/files/1/1330/6287/files/8559014-product_image-p2583093.jpg?v=1746485348,11
3608439363177,2945023,Quechua,apparel,apparel.zip-off-pants,hike_camp,Zip-Off Pants,Quechua Kids' MH500 Convertible Hiking Pants - Ages 2-6,Quechua MH500 Convertible Ages 2-6 Pantalon de Randonnée Enfant,3 - 4 Years / 36'' - 40'',Storm Gray,20.00,19.0,EUR,fr-FR,GF-R3-U2,7,kids-hiking-convertible-pants-mh500-311916,https://cdn.shopify.com/s/files/1/1330/6287/files/8559014-product_image-p2583093.jpg?v=1746485348,11
3608393754530,4517720,Quechua,footwear,footwear.shoes,hike_camp,Shoes,Quechua Men's NH100 Warm Waterproof Mid Snow Hiking Boots,Quechua NH100 Bottes Imperméable de Randonnée Neige Chaud Mi-saison Homme,6.5,Smoked Black,50.00,47.5,EUR,fr-FR,PW-01,1,quechua-mens-warm-waterproof-snow-hiking-boots-nh100-mid-black-338961-fw25,https://cdn.shopify.com/s/files/1/1330/6287/files/8737445-product_image-p2779013.jpg?v=1759159657,8
3608393754547,4517721,Quechua,footwear,footwear.shoes,hike_camp,Shoes,Quechua Men's NH100 Warm Waterproof Mid Snow Hiking Boots,Quechua NH100 Bottes Imperméable de Randonnée Neige Chaud Mi-saison Homme,7.5,Smoked Black,50.00,47.5,EUR,fr-FR,PW-01,1,quechua-mens-warm-waterproof-snow-hiking-boots-nh100-mid-black-338961-fw25,https://cdn.shopify.com/s/files/1/1330/6287/files/8737445-product_image-p2779013.jpg?v=1759159657,8
3608393754554,4517722,Quechua,footwear,footwear.shoes,hike_camp,Shoes,Quechua Men's NH100 Warm Waterproof Mid Snow Hiking Boots,Quechua NH100 Bottes Imperméable de Randonnée Neige Chaud Mi-saison Homme,8,Smoked Black,50.00,47.5,EUR,fr-FR,PW-01,2,quechua-mens-warm-waterproof-snow-hiking-boots-nh100-mid-black-338961-fw25,https://cdn.shopify.com/s/files/1/1330/6287/files/8737445-product_image-p2779013.jpg?v=1759159657,8
3608393754561,4517723,Quechua,footwear,footwear.shoes,hike_camp,Shoes,Quechua Men's NH100 Warm Waterproof Mid Snow Hiking Boots,Quechua NH100 Bottes Imperméable de Randonnée Neige Chaud Mi-saison Homme,9,Smoked Black,50.00,47.5,EUR,fr-FR,PW-01,3,quechua-mens-warm-waterproof-snow-hiking-boots-nh100-mid-black-338961-fw25,https://cdn.shopify.com/s/files/1/1330/6287/files/8737445-product_image-p2779013.jpg?v=1759159657,8
3608393754578,4517724,Quechua,footwear,footwear.shoes,hike_camp,Shoes,Quechua Men's NH100 Warm Waterproof Mid Snow Hiking Boots,Quechua NH100 Bottes Imperméable de Randonnée Neige Chaud Mi-saison Homme,9.5,Smoked Black,50.00,47.5,EUR,fr-FR,PW-01,3,quechua-mens-warm-waterproof-snow-hiking-boots-nh100-mid-black-338961-fw25,https://cdn.shopify.com/s/files/1/1330/6287/files/8737445-product_image-p2779013.jpg?v=1759159657,8
3608393754585,4517725,Quechua,footwear,footwear.shoes,hike_camp,Shoes,Quechua Men's NH100 Warm Waterproof Mid Snow Hiking Boots,Quechua NH100 Bottes Imperméable de Randonnée Neige Chaud Mi-saison Homme,10.5,Smoked Black,50.00,47.5,EUR,fr-FR,PW-01,2,quechua-mens-warm-waterproof-snow-hiking-boots-nh100-mid-black-338961-fw25,https://cdn.shopify.com/s/files/1/1330/6287/files/8737445-product_image-p2779013.jpg?v=1759159657,8
3608393754592,4517726,Quechua,footwear,footwear.shoes,hike_camp,Shoes,Quechua Men's NH100 Warm Waterproof Mid Snow Hiking Boots,Quechua NH100 Bottes Imperméable de Randonnée Neige Chaud Mi-saison Homme,11.5,Smoked Black,50.00,47.5,EUR,fr-FR,PW-01,1,quechua-mens-warm-waterproof-snow-hiking-boots-nh100-mid-black-338961-fw25,https://cdn.shopify.com/s/files/1/1330/6287/files/8737445-product_image-p2779013.jpg?v=1759159657,8
3608393754608,4517727,Quechua,footwear,footwear.shoes,hike_camp,Shoes,Quechua Men's NH100 Warm Waterproof Mid Snow Hiking Boots,Quechua NH100 Bottes Imperméable de Randonnée Neige Chaud Mi-saison Homme,12,Smoked Black,50.00,47.5,EUR,fr-FR,PW-01,1,quechua-mens-warm-waterproof-snow-hiking-boots-nh100-mid-black-338961-fw25,https://cdn.shopify.com/s/files/1/1330/6287/files/8737445-product_image-p2779013.jpg?v=1759159657,8
3608393754615,4517728,Quechua,footwear,footwear.shoes,hike_camp,Shoes,Quechua Men's NH100 Warm Waterproof Mid Snow Hiking Boots,Quechua NH100 Bottes Imperméable de Randonnée Neige Chaud Mi-saison Homme,13,Smoked Black,50.00,47.5,EUR,fr-FR,PW-01,0,quechua-mens-warm-waterproof-snow-hiking-boots-nh100-mid-black-338961-fw25,https://cdn.shopify.com/s/files/1/1330/6287/files/8737445-product_image-p2779013.jpg?v=1759159657,8
3583780104122,827034,Forclaz,accessories,accessories.chest-strap,hike_camp,Chest strap,Forclaz Hiking Backpack Chest Strap,Forclaz Backpack Ceinture thoracique de Randonnée,One Size,Unspecified,5.99,5.69,EUR,fr-FR,GB-R3-U2,11,hiking-backpack-replacement-chest-strap,https://cdn.shopify.com/s/files/1/1330/6287/files/1788429-product_image-p2572925.jpg?v=1712145808,5
3608390380640,4883184,Van Rysel,apparel,apparel.cycling-bib-shorts,general,Cycling bib shorts,Van Rysel Men's EDR Cycling Shorts,Van Rysel EDR Cuissard Homme,M,Smoked Black,99.99,94.99,EUR,fr-FR,GF-R1-U2,4,van-rysel-mens-edr-cycling-shorts-1,https://cdn.shopify.com/s/files/1/1330/6287/files/default_ec54b751-24f7-4f0c-8db4-daafd036275f.jpg?v=1775496588,6
3608390380657,4883185,Van Rysel,apparel,apparel.cycling-bib-shorts,general,Cycling bib shorts,Van Rysel Men's EDR Cycling Shorts,Van Rysel EDR Cuissard Homme,S,Smoked Black,99.99,94.99,EUR,fr-FR,GF-R1-U2,3,van-rysel-mens-edr-cycling-shorts-1,https://cdn.shopify.com/s/files/1/1330/6287/files/default_ec54b751-24f7-4f0c-8db4-daafd036275f.jpg?v=1775496588,6
3608390380664,4883186,Van Rysel,apparel,apparel.cycling-bib-shorts,general,Cycling bib shorts,Van Rysel Men's EDR Cycling Shorts,Van Rysel EDR Cuissard Homme,L,Smoked Black,99.99,94.99,EUR,fr-FR,GF-R1-U2,4,van-rysel-mens-edr-cycling-shorts-1,https://cdn.shopify.com/s/files/1/1330/6287/files/default_ec54b751-24f7-4f0c-8db4-daafd036275f.jpg?v=1775496588,6
3608390380671,4883187,Van Rysel,apparel,apparel.cycling-bib-shorts,general,Cycling bib shorts,Van Rysel Men's EDR Cycling Shorts,Van Rysel EDR Cuissard Homme,XL,Smoked Black,99.99,94.99,EUR,fr-FR,GF-R1-U2,3,van-rysel-mens-edr-cycling-shorts-1,https://cdn.shopify.com/s/files/1/1330/6287/files/default_ec54b751-24f7-4f0c-8db4-daafd036275f.jpg?v=1775496588,6
3608390380688,4883188,Van Rysel,apparel,apparel.cycling-bib-shorts,general,Cycling bib shorts,Van Rysel Men's EDR Cycling Shorts,Van Rysel EDR Cuissard Homme,2XL,Smoked Black,99.99,94.99,EUR,fr-FR,GF-R1-U2,2,van-rysel-mens-edr-cycling-shorts-1,https://cdn.shopify.com/s/files/1/1330/6287/files/default_ec54b751-24f7-4f0c-8db4-daafd036275f.jpg?v=1775496588,6
3608390380695,4883189,Van Rysel,apparel,apparel.cycling-bib-shorts,general,Cycling bib shorts,Van Rysel Men's EDR Cycling Shorts,Van Rysel EDR Cuissard Homme,3XL,Smoked Black,99.99,94.99,EUR,fr-FR,GF-R1-U2,1,van-rysel-mens-edr-cycling-shorts-1,https://cdn.shopify.com/s/files/1/1330/6287/files/default_ec54b751-24f7-4f0c-8db4-daafd036275f.jpg?v=1775496588,6
3608393625977,5686968,Quechua,accessories,accessories.thermos,hike_camp,Thermos,Quechua MH900 Double-Wall Insulated 800 ml Water Bottle,Quechua MH900 Double-Wall 800 ml Water Bottle Isolant,One Size,Frozen cedar,26.99,25.64,EUR,fr-FR,GB-R3-U1,3,hiking-flask-insulated-stainless-steel-08-l-mh500-301275,https://cdn.shopify.com/s/files/1/1330/6287/products/8554867-product_image-1969019.jpg?v=1688037450,23
3608439350757,2755815,Quechua,accessories,accessories.thermos,hike_camp,Thermos,Quechua MH900 Double-Wall Insulated 800 ml Water Bottle,Quechua MH900 Double-Wall 800 ml Water Bottle Isolant,One Size,Dark Petrol Blue,20.00,19.0,EUR,fr-FR,GB-R3-U1,4,hiking-flask-insulated-stainless-steel-08-l-mh500-301275,https://cdn.shopify.com/s/files/1/1330/6287/products/8554867-product_image-1969019.jpg?v=1688037450,23
3608391011703,5148874,Wedze,apparel,apparel.jacket,general,Jacket,Wedze Women's 500 Waterproof Ski Jacket,Wedze 500 Veste Imperméable de Ski Femme,S,Ice Blue,149.00,141.55,EUR,fr-FR,GB-R1-U1,2,wedze-womens-warm-and-waterproof-ski-jacket-500-glacier-blue-346390-fw25,https://cdn.shopify.com/s/files/1/1330/6287/files/8807731-product_image-p2611416.jpg?v=1755553619,23
3608391011710,5148875,Wedze,apparel,apparel.jacket,general,Jacket,Wedze Women's 500 Waterproof Ski Jacket,Wedze 500 Veste Imperméable de Ski Femme,M,Ice Blue,149.00,141.55,EUR,fr-FR,GB-R1-U1,4,wedze-womens-warm-and-waterproof-ski-jacket-500-glacier-blue-346390-fw25,https://cdn.shopify.com/s/files/1/1330/6287/files/8807731-product_image-p2611416.jpg?v=1755553619,23
3608391011727,5148876,Wedze,apparel,apparel.jacket,general,Jacket,Wedze Women's 500 Waterproof Ski Jacket,Wedze 500 Veste Imperméable de Ski Femme,L,Ice Blue,149.00,141.55,EUR,fr-FR,GB-R1-U1,4,wedze-womens-warm-and-waterproof-ski-jacket-500-glacier-blue-346390-fw25,https://cdn.shopify.com/s/files/1/1330/6287/files/8807731-product_image-p2611416.jpg?v=1755553619,23
3608391011734,5148877,Wedze,apparel,apparel.jacket,general,Jacket,Wedze Women's 500 Waterproof Ski Jacket,Wedze 500 Veste Imperméable de Ski Femme,XL,Ice Blue,149.00,141.55,EUR,fr-FR,GB-R1-U1,3,wedze-womens-warm-and-waterproof-ski-jacket-500-glacier-blue-346390-fw25,https://cdn.shopify.com/s/files/1/1330/6287/files/8807731-product_image-p2611416.jpg?v=1755553619,23
3608391011741,5148878,Wedze,apparel,apparel.jacket,general,Jacket,Wedze Women's 500 Waterproof Ski Jacket,Wedze 500 Veste Imperméable de Ski Femme,2XL,Ice Blue,149.00,141.55,EUR,fr-FR,GB-R1-U1,2,wedze-womens-warm-and-waterproof-ski-jacket-500-glacier-blue-346390-fw25,https://cdn.shopify.com/s/files/1/1330/6287/files/8807731-product_image-p2611416.jpg?v=1755553619,23
3608449804271,4883302,Wedze,apparel,apparel.jacket,general,Jacket,Wedze Women's 500 Waterproof Ski Jacket,Wedze 500 Veste Imperméable de Ski Femme,S,Smoked Black,149.00,141.55,EUR,fr-FR,GB-R1-U1,3,wedze-womens-warm-and-waterproof-ski-jacket-500-glacier-blue-346390-fw25,https://cdn.shopify.com/s/files/1/1330/6287/files/8807731-product_image-p2611416.jpg?v=1755553619,23
3608449804295,4883300,Wedze,apparel,apparel.jacket,general,Jacket,Wedze Women's 500 Waterproof Ski Jacket,Wedze 500 Veste Imperméable de Ski Femme,2XL,Smoked Black,149.00,141.55,EUR,fr-FR,GB-R1-U1,1,wedze-womens-warm-and-waterproof-ski-jacket-500-glacier-blue-346390-fw25,https://cdn.shopify.com/s/files/1/1330/6287/files/8807731-product_image-p2611416.jpg?v=1755553619,23
3608449804301,4883299,Wedze,apparel,apparel.jacket,general,Jacket,Wedze Women's 500 Waterproof Ski Jacket,Wedze 500 Veste Imperméable de Ski Femme,XL,Smoked Black,149.00,141.55,EUR,fr-FR,GB-R1-U1,2,wedze-womens-warm-and-waterproof-ski-jacket-500-glacier-blue-346390-fw25,https://cdn.shopify.com/s/files/1/1330/6287/files/8807731-product_image-p2611416.jpg?v=1755553619,23
3608449804318,4883298,Wedze,apparel,apparel.jacket,general,Jacket,Wedze Women's 500 Waterproof Ski Jacket,Wedze 500 Veste Imperméable de Ski Femme,L,Smoked Black,149.00,141.55,EUR,fr-FR,GB-R1-U1,3,wedze-womens-warm-and-waterproof-ski-jacket-500-glacier-blue-346390-fw25,https://cdn.shopify.com/s/files/1/1330/6287/files/8807731-product_image-p2611416.jpg?v=1755553619,23
3608449804325,4883297,Wedze,apparel,apparel.jacket,general,Jacket,Wedze Women's 500 Waterproof Ski Jacket,Wedze 500 Veste Imperméable de Ski Femme,M,Smoked Black,149.00,141.55,EUR,fr-FR,GB-R1-U1,4,wedze-womens-warm-and-waterproof-ski-jacket-500-glacier-blue-346390-fw25,https://cdn.shopify.com/s/files/1/1330/6287/files/8807731-product_image-p2611416.jpg?v=1755553619,23
3608394470422,5849972,Quechua,outdoor,outdoor.tent,hike_camp,Tent,2 SECONDS EASY Fresh and Black - 3 Person,2 SECONDS EASY Fresh and Black 3 Person,OS,Teal Green,359.00,341.05,EUR,fr-FR,GF-R3-U2,2,2-seconds-easy-fresh-and-black-3-person,https://cdn.shopify.com/s/files/1/1330/6287/files/default_117e0451-7b9a-4238-b9a3-ed08834f046a.jpg?v=1775484901,7
3608392926297,5476037,Kiprun,apparel,apparel.jacket,running,Jacket,Kiprun Men's 500 Waterproof Trail Running Jacket,Kiprun 500 Veste Imperméable de Running Trail Homme,S,Steel Blue,80.00,76.0,EUR,fr-FR,GB-R2-U1,4,mens-waterproof-trail-running-jacket-kiprun-run-500-blue-352765-fw25,https://cdn.shopify.com/s/files/1/1330/6287/files/8928737-product_image-p2906904.jpg?v=1755553730,11
3608392926303,5476038,Kiprun,apparel,apparel.jacket,running,Jacket,Kiprun Men's 500 Waterproof Trail Running Jacket,Kiprun 500 Veste Imperméable de Running Trail Homme,M,Steel Blue,80.00,76.0,EUR,fr-FR,GB-R2-U1,7,mens-waterproof-trail-running-jacket-kiprun-run-500-blue-352765-fw25,https://cdn.shopify.com/s/files/1/1330/6287/files/8928737-product_image-p2906904.jpg?v=1755553730,11
3608392926310,5476039,Kiprun,apparel,apparel.jacket,running,Jacket,Kiprun Men's 500 Waterproof Trail Running Jacket,Kiprun 500 Veste Imperméable de Running Trail Homme,L,Steel Blue,80.00,76.0,EUR,fr-FR,GB-R2-U1,7,mens-waterproof-trail-running-jacket-kiprun-run-500-blue-352765-fw25,https://cdn.shopify.com/s/files/1/1330/6287/files/8928737-product_image-p2906904.jpg?v=1755553730,11
3608392926327,5476040,Kiprun,apparel,apparel.jacket,running,Jacket,Kiprun Men's 500 Waterproof Trail Running Jacket,Kiprun 500 Veste Imperméable de Running Trail Homme,XL,Steel Blue,80.00,76.0,EUR,fr-FR,GB-R2-U1,5,mens-waterproof-trail-running-jacket-kiprun-run-500-blue-352765-fw25,https://cdn.shopify.com/s/files/1/1330/6287/files/8928737-product_image-p2906904.jpg?v=1755553730,11
3608392926334,5476041,Kiprun,apparel,apparel.jacket,running,Jacket,Kiprun Men's 500 Waterproof Trail Running Jacket,Kiprun 500 Veste Imperméable de Running Trail Homme,2XL,Steel Blue,80.00,76.0,EUR,fr-FR,GB-R2-U1,2,mens-waterproof-trail-running-jacket-kiprun-run-500-blue-352765-fw25,https://cdn.shopify.com/s/files/1/1330/6287/files/8928737-product_image-p2906904.jpg?v=1755553730,11
3608393962256,5640411,Kiprun,footwear,footwear.shoes,running,Shoes,Kiprun Kipstorm Tempo Men's Running Shoes,Kiprun Kipstorm Tempo Chaussures de Running Homme,9,White Orange,170.00,161.5,EUR,fr-FR,PW-02,1,kiprun-kipstorm-tempo-mens-running-shoes-362245,https://cdn.shopify.com/s/files/1/1330/6287/files/8961354-001.jpg?v=1774560693,16
3608393962263,5640412,Kiprun,footwear,footwear.shoes,running,Shoes,Kiprun Kipstorm Tempo Men's Running Shoes,Kiprun Kipstorm Tempo Chaussures de Running Homme,9.5,White Orange,170.00,161.5,EUR,fr-FR,PW-02,1,kiprun-kipstorm-tempo-mens-running-shoes-362245,https://cdn.shopify.com/s/files/1/1330/6287/files/8961354-001.jpg?v=1774560693,16
3608393962287,5640414,Kiprun,footwear,footwear.shoes,running,Shoes,Kiprun Kipstorm Tempo Men's Running Shoes,Kiprun Kipstorm Tempo Chaussures de Running Homme,10.5,White Orange,170.00,161.5,EUR,fr-FR,PW-02,1,kiprun-kipstorm-tempo-mens-running-shoes-362245,https://cdn.shopify.com/s/files/1/1330/6287/files/8961354-001.jpg?v=1774560693,16
3608393962294,5640415,Kiprun,footwear,footwear.shoes,running,Shoes,Kiprun Kipstorm Tempo Men's Running Shoes,Kiprun Kipstorm Tempo Chaussures de Running Homme,11,White Orange,170.00,161.5,EUR,fr-FR,PW-02,1,kiprun-kipstorm-tempo-mens-running-shoes-362245,https://cdn.shopify.com/s/files/1/1330/6287/files/8961354-001.jpg?v=1774560693,16
3608393962607,5640416,Kiprun,footwear,footwear.shoes,running,Shoes,Kiprun Kipstorm Tempo Men's Running Shoes,Kiprun Kipstorm Tempo Chaussures de Running Homme,12,White Orange,170.00,161.5,EUR,fr-FR,PW-02,1,kiprun-kipstorm-tempo-mens-running-shoes-362245,https://cdn.shopify.com/s/files/1/1330/6287/files/8961354-001.jpg?v=1774560693,16
3608393962614,5640417,Kiprun,footwear,footwear.shoes,running,Shoes,Kiprun Kipstorm Tempo Men's Running Shoes,Kiprun Kipstorm Tempo Chaussures de Running Homme,13,White Orange,170.00,161.5,EUR,fr-FR,PW-02,0,kiprun-kipstorm-tempo-mens-running-shoes-362245,https://cdn.shopify.com/s/files/1/1330/6287/files/8961354-001.jpg?v=1774560693,16
3608393962621,5650673,Kiprun,footwear,footwear.shoes,running,Shoes,Kiprun Kipstorm Tempo Men's Running Shoes,Kiprun Kipstorm Tempo Chaussures de Running Homme,10,White Orange,170.00,161.5,EUR,fr-FR,PW-02,1,kiprun-kipstorm-tempo-mens-running-shoes-362245,https://cdn.shopify.com/s/files/1/1330/6287/files/8961354-001.jpg?v=1774560693,16
3608393962638,5652598,Kiprun,footwear,footwear.shoes,running,Shoes,Kiprun Kipstorm Tempo Men's Running Shoes,Kiprun Kipstorm Tempo Chaussures de Running Homme,8,White Orange,170.00,161.5,EUR,fr-FR,PW-02,1,kiprun-kipstorm-tempo-mens-running-shoes-362245,https://cdn.shopify.com/s/files/1/1330/6287/files/8961354-001.jpg?v=1774560693,16
3608393962652,5653598,Kiprun,footwear,footwear.shoes,running,Shoes,Kiprun Kipstorm Tempo Men's Running Shoes,Kiprun Kipstorm Tempo Chaussures de Running Homme,7,White Orange,170.00,161.5,EUR,fr-FR,PW-02,0,kiprun-kipstorm-tempo-mens-running-shoes-362245,https://cdn.shopify.com/s/files/1/1330/6287/files/8961354-001.jpg?v=1774560693,16
3608394137073,5792796,Kiprun,footwear,footwear.shoes,running,Shoes,Kiprun Kipstorm Tempo Men's Running Shoes,Kiprun Kipstorm Tempo Chaussures de Running Homme,8.5,White Orange,170.00,161.5,EUR,fr-FR,PW-02,1,kiprun-kipstorm-tempo-mens-running-shoes-362245,https://cdn.shopify.com/s/files/1/1330/6287/files/8961354-001.jpg?v=1774560693,16
3608394137080,5792586,Kiprun,footwear,footwear.shoes,running,Shoes,Kiprun Kipstorm Tempo Men's Running Shoes,Kiprun Kipstorm Tempo Chaussures de Running Homme,11.5,White Orange,170.00,161.5,EUR,fr-FR,PW-02,1,kiprun-kipstorm-tempo-mens-running-shoes-362245,https://cdn.shopify.com/s/files/1/1330/6287/files/8961354-001.jpg?v=1774560693,16
3608394552043,5867611,Kiprun,footwear,footwear.shoes,running,Shoes,Kiprun Kipstorm Tempo Men's Running Shoes,Kiprun Kipstorm Tempo Chaussures de Running Homme,7,Grey Pink,170.00,161.5,EUR,fr-FR,PW-02,1,kiprun-kipstorm-tempo-mens-running-shoes-362245,https://cdn.shopify.com/s/files/1/1330/6287/files/8961354-001.jpg?v=1774560693,16
3608394552050,5867612,Kiprun,footwear,footwear.shoes,running,Shoes,Kiprun Kipstorm Tempo Men's Running Shoes,Kiprun Kipstorm Tempo Chaussures de Running Homme,8,Grey Pink,170.00,161.5,EUR,fr-FR,PW-02,1,kiprun-kipstorm-tempo-mens-running-shoes-362245,https://cdn.shopify.com/s/files/1/1330/6287/files/8961354-001.jpg?v=1774560693,16
3608394552067,5867613,Kiprun,footwear,footwear.shoes,running,Shoes,Kiprun Kipstorm Tempo Men's Running Shoes,Kiprun Kipstorm Tempo Chaussures de Running Homme,8.5,Grey Pink,170.00,161.5,EUR,fr-FR,PW-02,1,kiprun-kipstorm-tempo-mens-running-shoes-362245,https://cdn.shopify.com/s/files/1/1330/6287/files/8961354-001.jpg?v=1774560693,16
3608394552074,5867614,Kiprun,footwear,footwear.shoes,running,Shoes,Kiprun Kipstorm Tempo Men's Running Shoes,Kiprun Kipstorm Tempo Chaussures de Running Homme,9,Grey Pink,170.00,161.5,EUR,fr-FR,PW-02,1,kiprun-kipstorm-tempo-mens-running-shoes-362245,https://cdn.shopify.com/s/files/1/1330/6287/files/8961354-001.jpg?v=1774560693,16
3608394552098,5867616,Kiprun,footwear,footwear.shoes,running,Shoes,Kiprun Kipstorm Tempo Men's Running Shoes,Kiprun Kipstorm Tempo Chaussures de Running Homme,9.5,Grey Pink,170.00,161.5,EUR,fr-FR,PW-02,1,kiprun-kipstorm-tempo-mens-running-shoes-362245,https://cdn.shopify.com/s/files/1/1330/6287/files/8961354-001.jpg?v=1774560693,16
3608394552814,5867618,Kiprun,footwear,footwear.shoes,running,Shoes,Kiprun Kipstorm Tempo Men's Running Shoes,Kiprun Kipstorm Tempo Chaussures de Running Homme,10.5,Grey Pink,170.00,161.5,EUR,fr-FR,PW-02,1,kiprun-kipstorm-tempo-mens-running-shoes-362245,https://cdn.shopify.com/s/files/1/1330/6287/files/8961354-001.jpg?v=1774560693,16
3608394552821,5867619,Kiprun,footwear,footwear.shoes,running,Shoes,Kiprun Kipstorm Tempo Men's Running Shoes,Kiprun Kipstorm Tempo Chaussures de Running Homme,11,Grey Pink,170.00,161.5,EUR,fr-FR,PW-02,1,kiprun-kipstorm-tempo-mens-running-shoes-362245,https://cdn.shopify.com/s/files/1/1330/6287/files/8961354-001.jpg?v=1774560693,16
3608394552838,5867620,Kiprun,footwear,footwear.shoes,running,Shoes,Kiprun Kipstorm Tempo Men's Running Shoes,Kiprun Kipstorm Tempo Chaussures de Running Homme,11.5,Grey Pink,170.00,161.5,EUR,fr-FR,PW-02,0,kiprun-kipstorm-tempo-mens-running-shoes-362245,https://cdn.shopify.com/s/files/1/1330/6287/files/8961354-001.jpg?v=1774560693,16
3608394552845,5867621,Kiprun,footwear,footwear.shoes,running,Shoes,Kiprun Kipstorm Tempo Men's Running Shoes,Kiprun Kipstorm Tempo Chaussures de Running Homme,12,Grey Pink,170.00,161.5,EUR,fr-FR,PW-02,0,kiprun-kipstorm-tempo-mens-running-shoes-362245,https://cdn.shopify.com/s/files/1/1330/6287/files/8961354-001.jpg?v=1774560693,16
3608394552883,5874796,Kiprun,footwear,footwear.shoes,running,Shoes,Kiprun Kipstorm Tempo Men's Running Shoes,Kiprun Kipstorm Tempo Chaussures de Running Homme,10,Grey Pink,170.00,161.5,EUR,fr-FR,PW-02,1,kiprun-kipstorm-tempo-mens-running-shoes-362245,https://cdn.shopify.com/s/files/1/1330/6287/files/8961354-001.jpg?v=1774560693,16
3608394552890,5874797,Kiprun,footwear,footwear.shoes,running,Shoes,Kiprun Kipstorm Tempo Men's Running Shoes,Kiprun Kipstorm Tempo Chaussures de Running Homme,13,Grey Pink,170.00,161.5,EUR,fr-FR,PW-02,0,kiprun-kipstorm-tempo-mens-running-shoes-362245,https://cdn.shopify.com/s/files/1/1330/6287/files/8961354-001.jpg?v=1774560693,16
3583787148334,4330661,Van Rysel,footwear,footwear.cycling-shoes,general,Cycling Shoes,Van Rysel Adult RCR Road Cycling Shoes,Van Rysel RCR Road Chaussures de vélo Adulte,EU 45,Snowy White,279.00,265.05,EUR,fr-FR,FB-01,2,van-rysel-adult-rcr-road-cycling-shoes,https://cdn.shopify.com/s/files/1/1330/6287/files/default_d21516ab-bc5e-43cc-b310-5ac10fec7822.jpg?v=1775494103,8
3583787148341,4330660,Van Rysel,footwear,footwear.cycling-shoes,general,Cycling Shoes,Van Rysel Adult RCR Road Cycling Shoes,Van Rysel RCR Road Chaussures de vélo Adulte,EU 44,Snowy White,279.00,265.05,EUR,fr-FR,FB-01,3,van-rysel-adult-rcr-road-cycling-shoes,https://cdn.shopify.com/s/files/1/1330/6287/files/default_d21516ab-bc5e-43cc-b310-5ac10fec7822.jpg?v=1775494103,8
3583787148358,4330663,Van Rysel,footwear,footwear.cycling-shoes,general,Cycling Shoes,Van Rysel Adult RCR Road Cycling Shoes,Van Rysel RCR Road Chaussures de vélo Adulte,EU 47,Snowy White,279.00,265.05,EUR,fr-FR,FB-01,0,van-rysel-adult-rcr-road-cycling-shoes,https://cdn.shopify.com/s/files/1/1330/6287/files/default_d21516ab-bc5e-43cc-b310-5ac10fec7822.jpg?v=1775494103,8
3583787148365,4330662,Van Rysel,footwear,footwear.cycling-shoes,general,Cycling Shoes,Van Rysel Adult RCR Road Cycling Shoes,Van Rysel RCR Road Chaussures de vélo Adulte,EU 46,Snowy White,279.00,265.05,EUR,fr-FR,FB-01,1,van-rysel-adult-rcr-road-cycling-shoes,https://cdn.shopify.com/s/files/1/1330/6287/files/default_d21516ab-bc5e-43cc-b310-5ac10fec7822.jpg?v=1775494103,8
3583787148372,4330657,Van Rysel,footwear,footwear.cycling-shoes,general,Cycling Shoes,Van Rysel Adult RCR Road Cycling Shoes,Van Rysel RCR Road Chaussures de vélo Adulte,EU 41,Snowy White,279.00,265.05,EUR,fr-FR,FB-01,5,van-rysel-adult-rcr-road-cycling-shoes,https://cdn.shopify.com/s/files/1/1330/6287/files/default_d21516ab-bc5e-43cc-b310-5ac10fec7822.jpg?v=1775494103,8
3583787148389,4330656,Van Rysel,footwear,footwear.cycling-shoes,general,Cycling Shoes,Van Rysel Adult RCR Road Cycling Shoes,Van Rysel RCR Road Chaussures de vélo Adulte,EU 40,Snowy White,279.00,265.05,EUR,fr-FR,FB-01,3,van-rysel-adult-rcr-road-cycling-shoes,https://cdn.shopify.com/s/files/1/1330/6287/files/default_d21516ab-bc5e-43cc-b310-5ac10fec7822.jpg?v=1775494103,8
3583787148396,4330659,Van Rysel,footwear,footwear.cycling-shoes,general,Cycling Shoes,Van Rysel Adult RCR Road Cycling Shoes,Van Rysel RCR Road Chaussures de vélo Adulte,EU 43,Snowy White,279.00,265.05,EUR,fr-FR,FB-01,5,van-rysel-adult-rcr-road-cycling-shoes,https://cdn.shopify.com/s/files/1/1330/6287/files/default_d21516ab-bc5e-43cc-b310-5ac10fec7822.jpg?v=1775494103,8
3583787148402,4330658,Van Rysel,footwear,footwear.cycling-shoes,general,Cycling Shoes,Van Rysel Adult RCR Road Cycling Shoes,Van Rysel RCR Road Chaussures de vélo Adulte,EU 42,Snowy White,279.00,265.05,EUR,fr-FR,FB-01,6,van-rysel-adult-rcr-road-cycling-shoes,https://cdn.shopify.com/s/files/1/1330/6287/files/default_d21516ab-bc5e-43cc-b310-5ac10fec7822.jpg?v=1775494103,8
3583787148440,4330655,Van Rysel,footwear,footwear.cycling-shoes,general,Cycling Shoes,Van Rysel Adult RCR Road Cycling Shoes,Van Rysel RCR Road Chaussures de vélo Adulte,EU 39,Snowy White,279.00,265.05,EUR,fr-FR,FB-01,2,van-rysel-adult-rcr-road-cycling-shoes,https://cdn.shopify.com/s/files/1/1330/6287/files/default_d21516ab-bc5e-43cc-b310-5ac10fec7822.jpg?v=1775494103,8
3583787148518,4819129,Van Rysel,footwear,footwear.cycling-shoes,general,Cycling Shoes,Van Rysel Adult RCR Road Cycling Shoes,Van Rysel RCR Road Chaussures de vélo Adulte,EU 37,Snowy White,279.00,265.05,EUR,fr-FR,FB-01,0,van-rysel-adult-rcr-road-cycling-shoes,https://cdn.shopify.com/s/files/1/1330/6287/files/default_d21516ab-bc5e-43cc-b310-5ac10fec7822.jpg?v=1775494103,8
3583787148532,4819130,Van Rysel,footwear,footwear.cycling-shoes,general,Cycling Shoes,Van Rysel Adult RCR Road Cycling Shoes,Van Rysel RCR Road Chaussures de vélo Adulte,EU 38,Snowy White,279.00,265.05,EUR,fr-FR,FB-01,1,van-rysel-adult-rcr-road-cycling-shoes,https://cdn.shopify.com/s/files/1/1330/6287/files/default_d21516ab-bc5e-43cc-b310-5ac10fec7822.jpg?v=1775494103,8
3583787148563,4819128,Van Rysel,footwear,footwear.cycling-shoes,general,Cycling Shoes,Van Rysel Adult RCR Road Cycling Shoes,Van Rysel RCR Road Chaussures de vélo Adulte,EU 36,Snowy White,279.00,265.05,EUR,fr-FR,FB-01,0,van-rysel-adult-rcr-road-cycling-shoes,https://cdn.shopify.com/s/files/1/1330/6287/files/default_d21516ab-bc5e-43cc-b310-5ac10fec7822.jpg?v=1775494103,8
3608392149757,2637713,Van Rysel,apparel,apparel.windbreaker,general,Windbreaker,Van Rysel Men's Ultralight Cycling Wind Vest,Van Rysel Ultralight Wind Gilet de Vélo Homme,2XL,Smoked Black,59.99,56.99,EUR,fr-FR,GB-R1-U2,3,van-rysel-mens-road-cycling-ultra-light-sleeveless-windproof-gilet-black-304048,https://cdn.shopify.com/s/files/1/1330/6287/files/8524479-product_image-p2868122.jpg?v=1747077855,7
3608392149764,2637715,Van Rysel,apparel,apparel.windbreaker,general,Windbreaker,Van Rysel Men's Ultralight Cycling Wind Vest,Van Rysel Ultralight Wind Gilet de Vélo Homme,L,Smoked Black,59.99,56.99,EUR,fr-FR,GB-R1-U2,8,van-rysel-mens-road-cycling-ultra-light-sleeveless-windproof-gilet-black-304048,https://cdn.shopify.com/s/files/1/1330/6287/files/8524479-product_image-p2868122.jpg?v=1747077855,7
3608392149771,2637716,Van Rysel,apparel,apparel.windbreaker,general,Windbreaker,Van Rysel Men's Ultralight Cycling Wind Vest,Van Rysel Ultralight Wind Gilet de Vélo Homme,M,Smoked Black,59.99,56.99,EUR,fr-FR,GB-R1-U2,8,van-rysel-mens-road-cycling-ultra-light-sleeveless-windproof-gilet-black-304048,https://cdn.shopify.com/s/files/1/1330/6287/files/8524479-product_image-p2868122.jpg?v=1747077855,7
3608392149788,2637717,Van Rysel,apparel,apparel.windbreaker,general,Windbreaker,Van Rysel Men's Ultralight Cycling Wind Vest,Van Rysel Ultralight Wind Gilet de Vélo Homme,S,Smoked Black,59.99,56.99,EUR,fr-FR,GB-R1-U2,5,van-rysel-mens-road-cycling-ultra-light-sleeveless-windproof-gilet-black-304048,https://cdn.shopify.com/s/files/1/1330/6287/files/8524479-product_image-p2868122.jpg?v=1747077855,7
3608392149795,2637718,Van Rysel,apparel,apparel.windbreaker,general,Windbreaker,Van Rysel Men's Ultralight Cycling Wind Vest,Van Rysel Ultralight Wind Gilet de Vélo Homme,XL,Smoked Black,59.99,56.99,EUR,fr-FR,GB-R1-U2,6,van-rysel-mens-road-cycling-ultra-light-sleeveless-windproof-gilet-black-304048,https://cdn.shopify.com/s/files/1/1330/6287/files/8524479-product_image-p2868122.jpg?v=1747077855,7
3608392810947,4538037,Quechua,footwear,footwear.snow-boots,hike_camp,Snow boots,Quechua Kids' NH100 Warm Waterproof Snow Boots,Quechua NH100 Après-ski Imperméable Chaud Enfant,7.5C,Smoked Black,28.00,26.6,EUR,fr-FR,PE-01,3,quechua-kids-snow-boots-uk-sizes-jnr-7-45-sh100-warm-black-339525-fw25,https://cdn.shopify.com/s/files/1/1330/6287/files/8740035-product_image-p2904732.jpg?v=1759159682,8
3608392810954,4538038,Quechua,footwear,footwear.snow-boots,hike_camp,Snow boots,Quechua Kids' NH100 Warm Waterproof Snow Boots,Quechua NH100 Après-ski Imperméable Chaud Enfant,8.5C,Smoked Black,28.00,26.6,EUR,fr-FR,PE-01,2,quechua-kids-snow-boots-uk-sizes-jnr-7-45-sh100-warm-black-339525-fw25,https://cdn.shopify.com/s/files/1/1330/6287/files/8740035-product_image-p2904732.jpg?v=1759159682,8
3608392810961,4538039,Quechua,footwear,footwear.snow-boots,hike_camp,Snow boots,Quechua Kids' NH100 Warm Waterproof Snow Boots,Quechua NH100 Après-ski Imperméable Chaud Enfant,9C,Smoked Black,28.00,26.6,EUR,fr-FR,PE-01,2,quechua-kids-snow-boots-uk-sizes-jnr-7-45-sh100-warm-black-339525-fw25,https://cdn.shopify.com/s/files/1/1330/6287/files/8740035-product_image-p2904732.jpg?v=1759159682,8
3608392810978,4538040,Quechua,footwear,footwear.snow-boots,hike_camp,Snow boots,Quechua Kids' NH100 Warm Waterproof Snow Boots,Quechua NH100 Après-ski Imperméable Chaud Enfant,10C,Smoked Black,28.00,26.6,EUR,fr-FR,PE-01,1,quechua-kids-snow-boots-uk-sizes-jnr-7-45-sh100-warm-black-339525-fw25,https://cdn.shopify.com/s/files/1/1330/6287/files/8740035-product_image-p2904732.jpg?v=1759159682,8
3608392810985,4538041,Quechua,footwear,footwear.snow-boots,hike_camp,Snow boots,Quechua Kids' NH100 Warm Waterproof Snow Boots,Quechua NH100 Après-ski Imperméable Chaud Enfant,10.5C,Smoked Black,28.00,26.6,EUR,fr-FR,PE-01,1,quechua-kids-snow-boots-uk-sizes-jnr-7-45-sh100-warm-black-339525-fw25,https://cdn.shopify.com/s/files/1/1330/6287/files/8740035-product_image-p2904732.jpg?v=1759159682,8
3608392810992,4538042,Quechua,footwear,footwear.snow-boots,hike_camp,Snow boots,Quechua Kids' NH100 Warm Waterproof Snow Boots,Quechua NH100 Après-ski Imperméable Chaud Enfant,11.5C,Smoked Black,28.00,26.6,EUR,fr-FR,PE-01,0,quechua-kids-snow-boots-uk-sizes-jnr-7-45-sh100-warm-black-339525-fw25,https://cdn.shopify.com/s/files/1/1330/6287/files/8740035-product_image-p2904732.jpg?v=1759159682,8
3608392811500,4538043,Quechua,footwear,footwear.snow-boots,hike_camp,Snow boots,Quechua Kids' NH100 Warm Waterproof Snow Boots,Quechua NH100 Après-ski Imperméable Chaud Enfant,12.5C,Smoked Black,28.00,26.6,EUR,fr-FR,PE-01,0,quechua-kids-snow-boots-uk-sizes-jnr-7-45-sh100-warm-black-339525-fw25,https://cdn.shopify.com/s/files/1/1330/6287/files/8740035-product_image-p2904732.jpg?v=1759159682,8
3608392811517,4538044,Quechua,footwear,footwear.snow-boots,hike_camp,Snow boots,Quechua Kids' NH100 Warm Waterproof Snow Boots,Quechua NH100 Après-ski Imperméable Chaud Enfant,13C,Smoked Black,28.00,26.6,EUR,fr-FR,PE-01,0,quechua-kids-snow-boots-uk-sizes-jnr-7-45-sh100-warm-black-339525-fw25,https://cdn.shopify.com/s/files/1/1330/6287/files/8740035-product_image-p2904732.jpg?v=1759159682,8
3608392811524,4538045,Quechua,footwear,footwear.snow-boots,hike_camp,Snow boots,Quechua Kids' NH100 Warm Waterproof Snow Boots,Quechua NH100 Après-ski Imperméable Chaud Enfant,1,Smoked Black,28.00,26.6,EUR,fr-FR,PE-01,0,quechua-kids-snow-boots-uk-sizes-jnr-7-45-sh100-warm-black-339525-fw25,https://cdn.shopify.com/s/files/1/1330/6287/files/8740035-product_image-p2904732.jpg?v=1759159682,8
3608392811531,4538046,Quechua,footwear,footwear.snow-boots,hike_camp,Snow boots,Quechua Kids' NH100 Warm Waterproof Snow Boots,Quechua NH100 Après-ski Imperméable Chaud Enfant,2,Smoked Black,28.00,26.6,EUR,fr-FR,PE-01,0,quechua-kids-snow-boots-uk-sizes-jnr-7-45-sh100-warm-black-339525-fw25,https://cdn.shopify.com/s/files/1/1330/6287/files/8740035-product_image-p2904732.jpg?v=1759159682,8
3608392811548,4538047,Quechua,footwear,footwear.snow-boots,hike_camp,Snow boots,Quechua Kids' NH100 Warm Waterproof Snow Boots,Quechua NH100 Après-ski Imperméable Chaud Enfant,2.5,Smoked Black,28.00,26.6,EUR,fr-FR,PE-01,0,quechua-kids-snow-boots-uk-sizes-jnr-7-45-sh100-warm-black-339525-fw25,https://cdn.shopify.com/s/files/1/1330/6287/files/8740035-product_image-p2904732.jpg?v=1759159682,8
3608392811555,4538048,Quechua,footwear,footwear.snow-boots,hike_camp,Snow boots,Quechua Kids' NH100 Warm Waterproof Snow Boots,Quechua NH100 Après-ski Imperméable Chaud Enfant,W5 / M3.5,Smoked Black,28.00,26.6,EUR,fr-FR,PE-01,1,quechua-kids-snow-boots-uk-sizes-jnr-7-45-sh100-warm-black-339525-fw25,https://cdn.shopify.com/s/files/1/1330/6287/files/8740035-product_image-p2904732.jpg?v=1759159682,8
3608392811562,4538049,Quechua,footwear,footwear.snow-boots,hike_camp,Snow boots,Quechua Kids' NH100 Warm Waterproof Snow Boots,Quechua NH100 Après-ski Imperméable Chaud Enfant,W5.5 / M4,Smoked Black,28.00,26.6,EUR,fr-FR,PE-01,1,quechua-kids-snow-boots-uk-sizes-jnr-7-45-sh100-warm-black-339525-fw25,https://cdn.shopify.com/s/files/1/1330/6287/files/8740035-product_image-p2904732.jpg?v=1759159682,8
3608392811579,4538050,Quechua,footwear,footwear.snow-boots,hike_camp,Snow boots,Quechua Kids' NH100 Warm Waterproof Snow Boots,Quechua NH100 Après-ski Imperméable Chaud Enfant,W6.5 / M5,Smoked Black,28.00,26.6,EUR,fr-FR,PE-01,2,quechua-kids-snow-boots-uk-sizes-jnr-7-45-sh100-warm-black-339525-fw25,https://cdn.shopify.com/s/files/1/1330/6287/files/8740035-product_image-p2904732.jpg?v=1759159682,8
3608392811586,4538051,Quechua,footwear,footwear.snow-boots,hike_camp,Snow boots,Quechua Kids' NH100 Warm Waterproof Snow Boots,Quechua NH100 Après-ski Imperméable Chaud Enfant,W7.5 / M6,Smoked Black,28.00,26.6,EUR,fr-FR,PE-01,3,quechua-kids-snow-boots-uk-sizes-jnr-7-45-sh100-warm-black-339525-fw25,https://cdn.shopify.com/s/files/1/1330/6287/files/8740035-product_image-p2904732.jpg?v=1759159682,8
3583784768726,4990498,Van Rysel,outdoor,outdoor.road-bike,general,Road bike,Van Rysel RCR Force AXS,Van Rysel RCR Force AXS,"XS /  5' - 5'3""",Snowy White,6999.00,6649.05,EUR,fr-FR,GF-R1-U2,0,van-rysel-rcr-force-axs-power-road-bike-350280,https://cdn.shopify.com/s/files/1/1330/6287/files/8830705-product_image-p2558769.jpg?v=1705610692,16
3583784768733,4990500,Van Rysel,outdoor,outdoor.road-bike,general,Road bike,Van Rysel RCR Force AXS,Van Rysel RCR Force AXS,"S / 5'3"" - 5'8""",Snowy White,6999.00,6649.05,EUR,fr-FR,GF-R1-U2,1,van-rysel-rcr-force-axs-power-road-bike-350280,https://cdn.shopify.com/s/files/1/1330/6287/files/8830705-product_image-p2558769.jpg?v=1705610692,16
3583784768740,4990503,Van Rysel,outdoor,outdoor.road-bike,general,Road bike,Van Rysel RCR Force AXS,Van Rysel RCR Force AXS,"M / 5'7"" - 5'11""",Snowy White,6999.00,6649.05,EUR,fr-FR,GF-R1-U2,0,van-rysel-rcr-force-axs-power-road-bike-350280,https://cdn.shopify.com/s/files/1/1330/6287/files/8830705-product_image-p2558769.jpg?v=1705610692,16
3583784768757,4990504,Van Rysel,outdoor,outdoor.road-bike,general,Road bike,Van Rysel RCR Force AXS,Van Rysel RCR Force AXS,"L / 5'10"" - 6'2""",Snowy White,6999.00,6649.05,EUR,fr-FR,GF-R1-U2,0,van-rysel-rcr-force-axs-power-road-bike-350280,https://cdn.shopify.com/s/files/1/1330/6287/files/8830705-product_image-p2558769.jpg?v=1705610692,16
3583784768764,4990505,Van Rysel,outdoor,outdoor.road-bike,general,Road bike,Van Rysel RCR Force AXS,Van Rysel RCR Force AXS,"XL / 6'1"" - 6'5""",Snowy White,6999.00,6649.05,EUR,fr-FR,GF-R1-U2,0,van-rysel-rcr-force-axs-power-road-bike-350280,https://cdn.shopify.com/s/files/1/1330/6287/files/8830705-product_image-p2558769.jpg?v=1705610692,16
3583787413166,4001604,Forclaz,bag_pack,bag_pack.backpack,hike_camp,Backpack,Forclaz Women's Travel 900 60 + 6 L Backpacking Pack,Forclaz 900 60 6 Pack Trekking Voyage Femme,60 + 6 L,Default Color,189.00,179.55,EUR,fr-FR,GF-R3-U1,6,forclaz-travel-trekking-900-606-l-backpack-324138,https://cdn.shopify.com/s/files/1/1330/6287/files/8580010-product_image-p2606527.jpg?v=1712058303,20
3583784223768,4557085,Quechua,apparel,apparel.parka,hike_camp,Parka,Quechua Men's NH900 Winter Waterproof Hiking Parka,Quechua NH900 Parka Imperméable de Randonnée Hiver Homme,S,Black,229.00,217.55,EUR,fr-FR,GB-R3-U1,5,quechua-mens-sh900-waterproof-parka-340345,https://cdn.shopify.com/s/files/1/1330/6287/files/8755599-product_image-p2294228.jpg?v=1718730987,14
3583784223775,4557086,Quechua,apparel,apparel.parka,hike_camp,Parka,Quechua Men's NH900 Winter Waterproof Hiking Parka,Quechua NH900 Parka Imperméable de Randonnée Hiver Homme,M,Black,229.00,217.55,EUR,fr-FR,GB-R3-U1,8,quechua-mens-sh900-waterproof-parka-340345,https://cdn.shopify.com/s/files/1/1330/6287/files/8755599-product_image-p2294228.jpg?v=1718730987,14
3583784223782,4557087,Quechua,apparel,apparel.parka,hike_camp,Parka,Quechua Men's NH900 Winter Waterproof Hiking Parka,Quechua NH900 Parka Imperméable de Randonnée Hiver Homme,L,Black,229.00,217.55,EUR,fr-FR,GB-R3-U1,8,quechua-mens-sh900-waterproof-parka-340345,https://cdn.shopify.com/s/files/1/1330/6287/files/8755599-product_image-p2294228.jpg?v=1718730987,14
3583784223799,4557088,Quechua,apparel,apparel.parka,hike_camp,Parka,Quechua Men's NH900 Winter Waterproof Hiking Parka,Quechua NH900 Parka Imperméable de Randonnée Hiver Homme,XL,Black,229.00,217.55,EUR,fr-FR,GB-R3-U1,6,quechua-mens-sh900-waterproof-parka-340345,https://cdn.shopify.com/s/files/1/1330/6287/files/8755599-product_image-p2294228.jpg?v=1718730987,14
3583784226509,4557089,Quechua,apparel,apparel.parka,hike_camp,Parka,Quechua Men's NH900 Winter Waterproof Hiking Parka,Quechua NH900 Parka Imperméable de Randonnée Hiver Homme,2XL,Black,229.00,217.55,EUR,fr-FR,GB-R3-U1,3,quechua-mens-sh900-waterproof-parka-340345,https://cdn.shopify.com/s/files/1/1330/6287/files/8755599-product_image-p2294228.jpg?v=1718730987,14
3583784226516,4557090,Quechua,apparel,apparel.parka,hike_camp,Parka,Quechua Men's NH900 Winter Waterproof Hiking Parka,Quechua NH900 Parka Imperméable de Randonnée Hiver Homme,3XL,Black,229.00,217.55,EUR,fr-FR,GB-R3-U1,1,quechua-mens-sh900-waterproof-parka-340345,https://cdn.shopify.com/s/files/1/1330/6287/files/8755599-product_image-p2294228.jpg?v=1718730987,14
3608439445460,2432099,Forclaz,footwear,footwear.sandals,hike_camp,Sandals,Forclaz MT500 Lightweight Packable Hiking Sandals,Forclaz MT500 Packable Sandales Léger de Randonnée,W8/M6.5,Carbon Gray,40.00,38.0,EUR,fr-FR,PW-01,2,forclaz-trek-500-hiking-sandals-adult-174331,https://cdn.shopify.com/s/files/1/1330/6287/files/SANDALE_TREK_500_20198506214TCIPSHOT001_-_8506214_-_001_---_Expires_on_01-10-2026.jpg?v=1750465154,9
3608439445477,2432100,Forclaz,footwear,footwear.sandals,hike_camp,Sandals,Forclaz MT500 Lightweight Packable Hiking Sandals,Forclaz MT500 Packable Sandales Léger de Randonnée,W9/M7,Carbon Gray,40.00,38.0,EUR,fr-FR,PW-01,2,forclaz-trek-500-hiking-sandals-adult-174331,https://cdn.shopify.com/s/files/1/1330/6287/files/SANDALE_TREK_500_20198506214TCIPSHOT001_-_8506214_-_001_---_Expires_on_01-10-2026.jpg?v=1750465154,9
3608439445484,2432097,Forclaz,footwear,footwear.sandals,hike_camp,Sandals,Forclaz MT500 Lightweight Packable Hiking Sandals,Forclaz MT500 Packable Sandales Léger de Randonnée,W6/M5,Carbon Gray,40.00,38.0,EUR,fr-FR,PW-01,0,forclaz-trek-500-hiking-sandals-adult-174331,https://cdn.shopify.com/s/files/1/1330/6287/files/SANDALE_TREK_500_20198506214TCIPSHOT001_-_8506214_-_001_---_Expires_on_01-10-2026.jpg?v=1750465154,9
3608439445491,2432098,Forclaz,footwear,footwear.sandals,hike_camp,Sandals,Forclaz MT500 Lightweight Packable Hiking Sandals,Forclaz MT500 Packable Sandales Léger de Randonnée,W7/M6,Carbon Gray,40.00,38.0,EUR,fr-FR,PW-01,1,forclaz-trek-500-hiking-sandals-adult-174331,https://cdn.shopify.com/s/files/1/1330/6287/files/SANDALE_TREK_500_20198506214TCIPSHOT001_-_8506214_-_001_---_Expires_on_01-10-2026.jpg?v=1750465154,9
3608439445507,2432104,Forclaz,footwear,footwear.sandals,hike_camp,Sandals,Forclaz MT500 Lightweight Packable Hiking Sandals,Forclaz MT500 Packable Sandales Léger de Randonnée,W12/M10,Carbon Gray,40.00,38.0,EUR,fr-FR,PW-01,4,forclaz-trek-500-hiking-sandals-adult-174331,https://cdn.shopify.com/s/files/1/1330/6287/files/SANDALE_TREK_500_20198506214TCIPSHOT001_-_8506214_-_001_---_Expires_on_01-10-2026.jpg?v=1750465154,9
3608439445514,2432103,Forclaz,footwear,footwear.sandals,hike_camp,Sandals,Forclaz MT500 Lightweight Packable Hiking Sandals,Forclaz MT500 Packable Sandales Léger de Randonnée,W11/M9.5,Carbon Gray,40.00,38.0,EUR,fr-FR,PW-01,4,forclaz-trek-500-hiking-sandals-adult-174331,https://cdn.shopify.com/s/files/1/1330/6287/files/SANDALE_TREK_500_20198506214TCIPSHOT001_-_8506214_-_001_---_Expires_on_01-10-2026.jpg?v=1750465154,9
3608439445521,2432102,Forclaz,footwear,footwear.sandals,hike_camp,Sandals,Forclaz MT500 Lightweight Packable Hiking Sandals,Forclaz MT500 Packable Sandales Léger de Randonnée,W10/M9,Carbon Gray,40.00,38.0,EUR,fr-FR,PW-01,5,forclaz-trek-500-hiking-sandals-adult-174331,https://cdn.shopify.com/s/files/1/1330/6287/files/SANDALE_TREK_500_20198506214TCIPSHOT001_-_8506214_-_001_---_Expires_on_01-10-2026.jpg?v=1750465154,9
3608439445538,2432101,Forclaz,footwear,footwear.sandals,hike_camp,Sandals,Forclaz MT500 Lightweight Packable Hiking Sandals,Forclaz MT500 Packable Sandales Léger de Randonnée,W9.5/M8,Carbon Gray,40.00,38.0,EUR,fr-FR,PW-01,4,forclaz-trek-500-hiking-sandals-adult-174331,https://cdn.shopify.com/s/files/1/1330/6287/files/SANDALE_TREK_500_20198506214TCIPSHOT001_-_8506214_-_001_---_Expires_on_01-10-2026.jpg?v=1750465154,9
3608439445552,2432106,Forclaz,footwear,footwear.sandals,hike_camp,Sandals,Forclaz MT500 Lightweight Packable Hiking Sandals,Forclaz MT500 Packable Sandales Léger de Randonnée,W14/M12,Carbon Gray,40.00,38.0,EUR,fr-FR,PW-01,1,forclaz-trek-500-hiking-sandals-adult-174331,https://cdn.shopify.com/s/files/1/1330/6287/files/SANDALE_TREK_500_20198506214TCIPSHOT001_-_8506214_-_001_---_Expires_on_01-10-2026.jpg?v=1750465154,9
3608439445569,2432105,Forclaz,footwear,footwear.sandals,hike_camp,Sandals,Forclaz MT500 Lightweight Packable Hiking Sandals,Forclaz MT500 Packable Sandales Léger de Randonnée,W13/M11.5,Carbon Gray,40.00,38.0,EUR,fr-FR,PW-01,2,forclaz-trek-500-hiking-sandals-adult-174331,https://cdn.shopify.com/s/files/1/1330/6287/files/SANDALE_TREK_500_20198506214TCIPSHOT001_-_8506214_-_001_---_Expires_on_01-10-2026.jpg?v=1750465154,9
3583787692240,4032203,Forclaz,apparel,apparel.padded-jacket,hike_camp,Padded Jacket,Forclaz Women's MT100 Hooded Synthetic Jacket,Forclaz MT100 Synthetic Veste à Capuche Femme,2XL,Green,40.00,38.0,EUR,fr-FR,GB-R3-U2,2,forclaz-womens-mt100-hooded-synthetic-jacket-312532,https://cdn.shopify.com/s/files/1/1330/6287/files/8573844-product_image-p2710367.jpg?v=1714475453,21
3583787692363,4032208,Forclaz,apparel,apparel.padded-jacket,hike_camp,Padded Jacket,Forclaz Women's MT100 Hooded Synthetic Jacket,Forclaz MT100 Synthetic Veste à Capuche Femme,L,Green,40.00,38.0,EUR,fr-FR,GB-R3-U2,3,forclaz-womens-mt100-hooded-synthetic-jacket-312532,https://cdn.shopify.com/s/files/1/1330/6287/files/8573844-product_image-p2710367.jpg?v=1714475453,21
3583787692370,4032209,Forclaz,apparel,apparel.padded-jacket,hike_camp,Padded Jacket,Forclaz Women's MT100 Hooded Synthetic Jacket,Forclaz MT100 Synthetic Veste à Capuche Femme,M,Green,40.00,38.0,EUR,fr-FR,GB-R3-U2,3,forclaz-womens-mt100-hooded-synthetic-jacket-312532,https://cdn.shopify.com/s/files/1/1330/6287/files/8573844-product_image-p2710367.jpg?v=1714475453,21
3583787692394,4032212,Forclaz,apparel,apparel.padded-jacket,hike_camp,Padded Jacket,Forclaz Women's MT100 Hooded Synthetic Jacket,Forclaz MT100 Synthetic Veste à Capuche Femme,XS,Green,40.00,38.0,EUR,fr-FR,GB-R3-U2,1,forclaz-womens-mt100-hooded-synthetic-jacket-312532,https://cdn.shopify.com/s/files/1/1330/6287/files/8573844-product_image-p2710367.jpg?v=1714475453,21
3583787692400,4032210,Forclaz,apparel,apparel.padded-jacket,hike_camp,Padded Jacket,Forclaz Women's MT100 Hooded Synthetic Jacket,Forclaz MT100 Synthetic Veste à Capuche Femme,S,Green,40.00,38.0,EUR,fr-FR,GB-R3-U2,2,forclaz-womens-mt100-hooded-synthetic-jacket-312532,https://cdn.shopify.com/s/files/1/1330/6287/files/8573844-product_image-p2710367.jpg?v=1714475453,21
3583787692417,4032211,Forclaz,apparel,apparel.padded-jacket,hike_camp,Padded Jacket,Forclaz Women's MT100 Hooded Synthetic Jacket,Forclaz MT100 Synthetic Veste à Capuche Femme,XL,Green,40.00,38.0,EUR,fr-FR,GB-R3-U2,2,forclaz-womens-mt100-hooded-synthetic-jacket-312532,https://cdn.shopify.com/s/files/1/1330/6287/files/8573844-product_image-p2710367.jpg?v=1714475453,21
3583787895153,2920393,Forclaz,apparel,apparel.padded-jacket,hike_camp,Padded Jacket,Forclaz Women's MT100 Hooded Synthetic Jacket,Forclaz MT100 Synthetic Veste à Capuche Femme,L,Black,69.99,66.49,EUR,fr-FR,GB-R3-U2,3,forclaz-womens-mt100-hooded-synthetic-jacket-312532,https://cdn.shopify.com/s/files/1/1330/6287/files/8573844-product_image-p2710367.jpg?v=1714475453,21
3583787895160,2920390,Forclaz,apparel,apparel.padded-jacket,hike_camp,Padded Jacket,Forclaz Women's MT100 Hooded Synthetic Jacket,Forclaz MT100 Synthetic Veste à Capuche Femme,2XL,Black,69.99,66.49,EUR,fr-FR,GB-R3-U2,1,forclaz-womens-mt100-hooded-synthetic-jacket-312532,https://cdn.shopify.com/s/files/1/1330/6287/files/8573844-product_image-p2710367.jpg?v=1714475453,21
3583787895177,2920397,Forclaz,apparel,apparel.padded-jacket,hike_camp,Padded Jacket,Forclaz Women's MT100 Hooded Synthetic Jacket,Forclaz MT100 Synthetic Veste à Capuche Femme,XS,Black,69.99,66.49,EUR,fr-FR,GB-R3-U2,1,forclaz-womens-mt100-hooded-synthetic-jacket-312532,https://cdn.shopify.com/s/files/1/1330/6287/files/8573844-product_image-p2710367.jpg?v=1714475453,21
3583787895184,2920396,Forclaz,apparel,apparel.padded-jacket,hike_camp,Padded Jacket,Forclaz Women's MT100 Hooded Synthetic Jacket,Forclaz MT100 Synthetic Veste à Capuche Femme,XL,Black,69.99,66.49,EUR,fr-FR,GB-R3-U2,2,forclaz-womens-mt100-hooded-synthetic-jacket-312532,https://cdn.shopify.com/s/files/1/1330/6287/files/8573844-product_image-p2710367.jpg?v=1714475453,21
3583787895191,2920395,Forclaz,apparel,apparel.padded-jacket,hike_camp,Padded Jacket,Forclaz Women's MT100 Hooded Synthetic Jacket,Forclaz MT100 Synthetic Veste à Capuche Femme,S,Black,69.99,66.49,EUR,fr-FR,GB-R3-U2,2,forclaz-womens-mt100-hooded-synthetic-jacket-312532,https://cdn.shopify.com/s/files/1/1330/6287/files/8573844-product_image-p2710367.jpg?v=1714475453,21
3583787895207,2920394,Forclaz,apparel,apparel.padded-jacket,hike_camp,Padded Jacket,Forclaz Women's MT100 Hooded Synthetic Jacket,Forclaz MT100 Synthetic Veste à Capuche Femme,M,Black,69.99,66.49,EUR,fr-FR,GB-R3-U2,3,forclaz-womens-mt100-hooded-synthetic-jacket-312532,https://cdn.shopify.com/s/files/1/1330/6287/files/8573844-product_image-p2710367.jpg?v=1714475453,21
3608392214912,5183782,Quechua,accessories,accessories.cap,hike_camp,Cap,Quechua MT500 Ventilated Hiking Cap,Quechua MT500 Ventilated Casquette de Randonnée,One Size,Asphalt Blue,10.00,9.5,EUR,fr-FR,GB-R3-U2,4,forclaz-mt500-hiking-cap-grey-353902,https://cdn.shopify.com/s/files/1/1330/6287/files/8873877-product_image-p2862071.jpg?v=1744157912,10
3608392216633,5404211,Quechua,accessories,accessories.cap,hike_camp,Cap,Quechua MT500 Ventilated Hiking Cap,Quechua MT500 Ventilated Casquette de Randonnée,One Size,Lunar Gray,12.00,11.4,EUR,fr-FR,GB-R3-U2,3,forclaz-mt500-hiking-cap-grey-353902,https://cdn.shopify.com/s/files/1/1330/6287/files/8873877-product_image-p2862071.jpg?v=1744157912,10
3608439260063,4646131,Quechua,outdoor,outdoor.pillow,hike_camp,Pillow,Quechua Comfort Camping Pillow,Quechua Comfort Camping Oreiller,OS,Dark Petrol Blue,14.00,13.3,EUR,fr-FR,GB-R3-U1,2,quechua-comfort-camping-pillow,https://cdn.shopify.com/s/files/1/1330/6287/files/default_1e1ab4f3-06c2-4702-a3b9-913f0b49b50b.jpg?v=1775490984,5
3583787736906,2648460,Forclaz,accessories,accessories.hat,hike_camp,Hat,Forclaz MT500 UPF 50+ Hiking Hat,Forclaz MT500 UPF 50+ Chapeau de Randonnée,60-62cm / 24'',Bronze Khaki Green,20.00,19.0,EUR,fr-FR,GB-R3-U1,3,forclaz-adult-anti-uv-hat-302975,https://cdn.shopify.com/s/files/1/1330/6287/files/8526267-product_image-p2688059.jpg?v=1747177320,18
3583787736913,2648459,Forclaz,accessories,accessories.hat,hike_camp,Hat,Forclaz MT500 UPF 50+ Hiking Hat,Forclaz MT500 UPF 50+ Chapeau de Randonnée,56-58cm / 22-23'',Bronze Khaki Green,20.00,19.0,EUR,fr-FR,GB-R3-U1,2,forclaz-adult-anti-uv-hat-302975,https://cdn.shopify.com/s/files/1/1330/6287/files/8526267-product_image-p2688059.jpg?v=1747177320,18
3583787810323,4065499,Forclaz,accessories,accessories.hat,hike_camp,Hat,Forclaz MT500 UPF 50+ Hiking Hat,Forclaz MT500 UPF 50+ Chapeau de Randonnée,56-58cm / 22-23'',Linen,20.00,19.0,EUR,fr-FR,GB-R3-U1,3,forclaz-adult-anti-uv-hat-302975,https://cdn.shopify.com/s/files/1/1330/6287/files/8526267-product_image-p2688059.jpg?v=1747177320,18
3583787810361,4065500,Forclaz,accessories,accessories.hat,hike_camp,Hat,Forclaz MT500 UPF 50+ Hiking Hat,Forclaz MT500 UPF 50+ Chapeau de Randonnée,60-62cm / 24'',Linen,20.00,19.0,EUR,fr-FR,GB-R3-U1,2,forclaz-adult-anti-uv-hat-302975,https://cdn.shopify.com/s/files/1/1330/6287/files/8526267-product_image-p2688059.jpg?v=1747177320,18
3583784883399,5242314,Quechua,bag_pack,bag_pack.backpack,hike_camp,Backpack,Quechua MH100 20L Hiking Backpack,Quechua MH100 20L Sac à dos de Randonnée,20 L,Black,39.97,37.97,EUR,fr-FR,GF-R3-U2,7,quechua-mh100-20l-hiking-backpack-355266,https://cdn.shopify.com/s/files/1/1330/6287/files/8885209-product_image-p2621198.jpg?v=1705922211,13
3583784914246,5285952,Van Rysel,outdoor,outdoor.road-bike,general,Road bike,Van Rysel RCR Pro RED AXS,Van Rysel RCR Pro RED AXS,XS,Smoked Black,11599.00,11019.05,EUR,fr-FR,GB-R1-U1,0,van-rysel-rcr-pro-red-axs-356484,https://cdn.shopify.com/s/files/1/1330/6287/files/VANRYSELRCRRPROREDAXSPOWERSIGNATUREPE24-8872954_8894078-001--Expireson08-08-2033_c8596441-8c07-4b9b-b79a-39dbc8e21141.jpg?v=1759978934,19
3583784914253,5285953,Van Rysel,outdoor,outdoor.road-bike,general,Road bike,Van Rysel RCR Pro RED AXS,Van Rysel RCR Pro RED AXS,S,Smoked Black,11599.00,11019.05,EUR,fr-FR,GB-R1-U1,0,van-rysel-rcr-pro-red-axs-356484,https://cdn.shopify.com/s/files/1/1330/6287/files/VANRYSELRCRRPROREDAXSPOWERSIGNATUREPE24-8872954_8894078-001--Expireson08-08-2033_c8596441-8c07-4b9b-b79a-39dbc8e21141.jpg?v=1759978934,19
3583784914260,5285954,Van Rysel,outdoor,outdoor.road-bike,general,Road bike,Van Rysel RCR Pro RED AXS,Van Rysel RCR Pro RED AXS,M,Smoked Black,11599.00,11019.05,EUR,fr-FR,GB-R1-U1,0,van-rysel-rcr-pro-red-axs-356484,https://cdn.shopify.com/s/files/1/1330/6287/files/VANRYSELRCRRPROREDAXSPOWERSIGNATUREPE24-8872954_8894078-001--Expireson08-08-2033_c8596441-8c07-4b9b-b79a-39dbc8e21141.jpg?v=1759978934,19
3583784914277,5285955,Van Rysel,outdoor,outdoor.road-bike,general,Road bike,Van Rysel RCR Pro RED AXS,Van Rysel RCR Pro RED AXS,L,Smoked Black,11599.00,11019.05,EUR,fr-FR,GB-R1-U1,1,van-rysel-rcr-pro-red-axs-356484,https://cdn.shopify.com/s/files/1/1330/6287/files/VANRYSELRCRRPROREDAXSPOWERSIGNATUREPE24-8872954_8894078-001--Expireson08-08-2033_c8596441-8c07-4b9b-b79a-39dbc8e21141.jpg?v=1759978934,19
3583784914284,5285957,Van Rysel,outdoor,outdoor.road-bike,general,Road bike,Van Rysel RCR Pro RED AXS,Van Rysel RCR Pro RED AXS,XL,Smoked Black,11599.00,11019.05,EUR,fr-FR,GB-R1-U1,1,van-rysel-rcr-pro-red-axs-356484,https://cdn.shopify.com/s/files/1/1330/6287/files/VANRYSELRCRRPROREDAXSPOWERSIGNATUREPE24-8872954_8894078-001--Expireson08-08-2033_c8596441-8c07-4b9b-b79a-39dbc8e21141.jpg?v=1759978934,19
3608393143938,4722392,Van Rysel,apparel,apparel.short-sleeved-jersey,general,Short-sleeved jersey,Van Rysel Unisex EDR ULTRA Cycling Jersey,Van Rysel EDR Maillot de Vélo Ultra Mixte,S,Linen,99.99,94.99,EUR,fr-FR,GF-R1-U1,5,van-rysel-unisex-edr-ultra-cycling-jersey,https://cdn.shopify.com/s/files/1/1330/6287/files/default_9b77c109-1e84-4b2e-abdd-feb585529561.jpg?v=1775496552,8
3608393143945,4722393,Van Rysel,apparel,apparel.short-sleeved-jersey,general,Short-sleeved jersey,Van Rysel Unisex EDR ULTRA Cycling Jersey,Van Rysel EDR Maillot de Vélo Ultra Mixte,L,Linen,99.99,94.99,EUR,fr-FR,GF-R1-U1,7,van-rysel-unisex-edr-ultra-cycling-jersey,https://cdn.shopify.com/s/files/1/1330/6287/files/default_9b77c109-1e84-4b2e-abdd-feb585529561.jpg?v=1775496552,8
3608393143952,4722394,Van Rysel,apparel,apparel.short-sleeved-jersey,general,Short-sleeved jersey,Van Rysel Unisex EDR ULTRA Cycling Jersey,Van Rysel EDR Maillot de Vélo Ultra Mixte,M,Linen,99.99,94.99,EUR,fr-FR,GF-R1-U1,7,van-rysel-unisex-edr-ultra-cycling-jersey,https://cdn.shopify.com/s/files/1/1330/6287/files/default_9b77c109-1e84-4b2e-abdd-feb585529561.jpg?v=1775496552,8
3608393143969,4722395,Van Rysel,apparel,apparel.short-sleeved-jersey,general,Short-sleeved jersey,Van Rysel Unisex EDR ULTRA Cycling Jersey,Van Rysel EDR Maillot de Vélo Ultra Mixte,XL,Linen,99.99,94.99,EUR,fr-FR,GF-R1-U1,5,van-rysel-unisex-edr-ultra-cycling-jersey,https://cdn.shopify.com/s/files/1/1330/6287/files/default_9b77c109-1e84-4b2e-abdd-feb585529561.jpg?v=1775496552,8
3608393143976,4722396,Van Rysel,apparel,apparel.short-sleeved-jersey,general,Short-sleeved jersey,Van Rysel Unisex EDR ULTRA Cycling Jersey,Van Rysel EDR Maillot de Vélo Ultra Mixte,2XL,Linen,99.99,94.99,EUR,fr-FR,GF-R1-U1,3,van-rysel-unisex-edr-ultra-cycling-jersey,https://cdn.shopify.com/s/files/1/1330/6287/files/default_9b77c109-1e84-4b2e-abdd-feb585529561.jpg?v=1775496552,8
3583784151122,4246041,Quechua,apparel,apparel.shorts,hike_camp,Shorts,Quechua Women's MH100 Hiking Shorts,Quechua MH100 Short de Randonnée Femme,XS,Dark Blue,20.00,19.0,EUR,fr-FR,GF-R3-U1,2,womens-mountain-walking-shorts-mh100-331027,https://cdn.shopify.com/s/files/1/1330/6287/files/8619679-product_image-p2201492.jpg?v=1750232784,5
3583784151139,4246042,Quechua,apparel,apparel.shorts,hike_camp,Shorts,Quechua Women's MH100 Hiking Shorts,Quechua MH100 Short de Randonnée Femme,XS - S,Dark Blue,20.00,19.0,EUR,fr-FR,GF-R3-U1,2,womens-mountain-walking-shorts-mh100-331027,https://cdn.shopify.com/s/files/1/1330/6287/files/8619679-product_image-p2201492.jpg?v=1750232784,5
3583784151146,4246043,Quechua,apparel,apparel.shorts,hike_camp,Shorts,Quechua Women's MH100 Hiking Shorts,Quechua MH100 Short de Randonnée Femme,S,Dark Blue,20.00,19.0,EUR,fr-FR,GF-R3-U1,5,womens-mountain-walking-shorts-mh100-331027,https://cdn.shopify.com/s/files/1/1330/6287/files/8619679-product_image-p2201492.jpg?v=1750232784,5
3583784151153,4246044,Quechua,apparel,apparel.shorts,hike_camp,Shorts,Quechua Women's MH100 Hiking Shorts,Quechua MH100 Short de Randonnée Femme,M,Dark Blue,20.00,19.0,EUR,fr-FR,GF-R3-U1,8,womens-mountain-walking-shorts-mh100-331027,https://cdn.shopify.com/s/files/1/1330/6287/files/8619679-product_image-p2201492.jpg?v=1750232784,5
3583784151160,4246045,Quechua,apparel,apparel.shorts,hike_camp,Shorts,Quechua Women's MH100 Hiking Shorts,Quechua MH100 Short de Randonnée Femme,L,Dark Blue,20.00,19.0,EUR,fr-FR,GF-R3-U1,7,womens-mountain-walking-shorts-mh100-331027,https://cdn.shopify.com/s/files/1/1330/6287/files/8619679-product_image-p2201492.jpg?v=1750232784,5
3583784151177,4246046,Quechua,apparel,apparel.shorts,hike_camp,Shorts,Quechua Women's MH100 Hiking Shorts,Quechua MH100 Short de Randonnée Femme,L / XL,Dark Blue,20.00,19.0,EUR,fr-FR,GF-R3-U1,7,womens-mountain-walking-shorts-mh100-331027,https://cdn.shopify.com/s/files/1/1330/6287/files/8619679-product_image-p2201492.jpg?v=1750232784,5
3608439389108,2611395,Quechua,outdoor,outdoor.tent,hike_camp,Tent,Quechua Arpenaz Family Camping Tent 4 Person *Factory Seconds*,Quechua Arpenaz Family Camping 4 Person *Factory Seconds* Tente,4 Person,Light Gray,150.00,142.5,EUR,fr-FR,GB-R3-U2,1,quechua-arpenaz-waterproof-family-camping-tent-4-person-304288,https://cdn.shopify.com/s/files/1/1330/6287/files/8518840-product_image-p1339466.jpg?v=1700656915,6
3608391647797,5230913,Quechua,apparel,apparel.parka,hike_camp,Parka,Quechua Men’s NH500 Waterproof Winter Parka,Quechua ’s NH500 Parka Imperméable Hiver Homme,S,Asphalt Blue,189.00,179.55,EUR,fr-FR,GF-R3-U2,3,quechua-mens-waterproof-hiking-parka-14-f-nh500-blue-336306-fw25,https://cdn.shopify.com/s/files/1/1330/6287/files/8883628-product_image-p2359972.jpg?v=1755553559,11
3608391648800,5230914,Quechua,apparel,apparel.parka,hike_camp,Parka,Quechua Men’s NH500 Waterproof Winter Parka,Quechua ’s NH500 Parka Imperméable Hiver Homme,M,Asphalt Blue,189.00,179.55,EUR,fr-FR,GF-R3-U2,4,quechua-mens-waterproof-hiking-parka-14-f-nh500-blue-336306-fw25,https://cdn.shopify.com/s/files/1/1330/6287/files/8883628-product_image-p2359972.jpg?v=1755553559,11
3608391648817,5230915,Quechua,apparel,apparel.parka,hike_camp,Parka,Quechua Men’s NH500 Waterproof Winter Parka,Quechua ’s NH500 Parka Imperméable Hiver Homme,L,Asphalt Blue,189.00,179.55,EUR,fr-FR,GF-R3-U2,4,quechua-mens-waterproof-hiking-parka-14-f-nh500-blue-336306-fw25,https://cdn.shopify.com/s/files/1/1330/6287/files/8883628-product_image-p2359972.jpg?v=1755553559,11
3608391648824,5230916,Quechua,apparel,apparel.parka,hike_camp,Parka,Quechua Men’s NH500 Waterproof Winter Parka,Quechua ’s NH500 Parka Imperméable Hiver Homme,XL,Asphalt Blue,189.00,179.55,EUR,fr-FR,GF-R3-U2,3,quechua-mens-waterproof-hiking-parka-14-f-nh500-blue-336306-fw25,https://cdn.shopify.com/s/files/1/1330/6287/files/8883628-product_image-p2359972.jpg?v=1755553559,11
3608391648831,5230917,Quechua,apparel,apparel.parka,hike_camp,Parka,Quechua Men’s NH500 Waterproof Winter Parka,Quechua ’s NH500 Parka Imperméable Hiver Homme,2XL,Asphalt Blue,189.00,179.55,EUR,fr-FR,GF-R3-U2,2,quechua-mens-waterproof-hiking-parka-14-f-nh500-blue-336306-fw25,https://cdn.shopify.com/s/files/1/1330/6287/files/8883628-product_image-p2359972.jpg?v=1755553559,11
3608391648848,5230918,Quechua,apparel,apparel.parka,hike_camp,Parka,Quechua Men’s NH500 Waterproof Winter Parka,Quechua ’s NH500 Parka Imperméable Hiver Homme,3XL,Asphalt Blue,189.00,179.55,EUR,fr-FR,GF-R3-U2,1,quechua-mens-waterproof-hiking-parka-14-f-nh500-blue-336306-fw25,https://cdn.shopify.com/s/files/1/1330/6287/files/8883628-product_image-p2359972.jpg?v=1755553559,11
3608392174940,5391033,Quechua,footwear,footwear.shoes,hike_camp,Shoes,Quechua Women's MH500 Light Hiking Shoes,Quechua MH500 Chaussures de Randonnée Léger Femme,5,Sweet Purple,80.00,76.0,EUR,fr-FR,PE-01,1,quechua-womens-mountain-hiking-boots-mh500-336219,https://cdn.shopify.com/s/files/1/1330/6287/files/8917987-product_image-p2861643.jpg?v=1746489667,14
3608392174957,5391034,Quechua,footwear,footwear.shoes,hike_camp,Shoes,Quechua Women's MH500 Light Hiking Shoes,Quechua MH500 Chaussures de Randonnée Léger Femme,6,Sweet Purple,80.00,76.0,EUR,fr-FR,PE-01,2,quechua-womens-mountain-hiking-boots-mh500-336219,https://cdn.shopify.com/s/files/1/1330/6287/files/8917987-product_image-p2861643.jpg?v=1746489667,14
3608392174964,5391035,Quechua,footwear,footwear.shoes,hike_camp,Shoes,Quechua Women's MH500 Light Hiking Shoes,Quechua MH500 Chaussures de Randonnée Léger Femme,7,Sweet Purple,80.00,76.0,EUR,fr-FR,PE-01,3,quechua-womens-mountain-hiking-boots-mh500-336219,https://cdn.shopify.com/s/files/1/1330/6287/files/8917987-product_image-p2861643.jpg?v=1746489667,14
3608392174971,5391036,Quechua,footwear,footwear.shoes,hike_camp,Shoes,Quechua Women's MH500 Light Hiking Shoes,Quechua MH500 Chaussures de Randonnée Léger Femme,7.5,Sweet Purple,80.00,76.0,EUR,fr-FR,PE-01,3,quechua-womens-mountain-hiking-boots-mh500-336219,https://cdn.shopify.com/s/files/1/1330/6287/files/8917987-product_image-p2861643.jpg?v=1746489667,14
3608392174988,5391035,Quechua,footwear,footwear.shoes,hike_camp,Shoes,Quechua Women's MH500 Light Hiking Shoes,Quechua MH500 Chaussures de Randonnée Léger Femme,8,Sweet Purple,109.00,103.55,EUR,fr-FR,PE-01,3,quechua-womens-mountain-hiking-boots-mh500-336219,https://cdn.shopify.com/s/files/1/1330/6287/files/8917987-product_image-p2861643.jpg?v=1746489667,14
3608392174995,5391038,Quechua,footwear,footwear.shoes,hike_camp,Shoes,Quechua Women's MH500 Light Hiking Shoes,Quechua MH500 Chaussures de Randonnée Léger Femme,9,Sweet Purple,80.00,76.0,EUR,fr-FR,PE-01,3,quechua-womens-mountain-hiking-boots-mh500-336219,https://cdn.shopify.com/s/files/1/1330/6287/files/8917987-product_image-p2861643.jpg?v=1746489667,14
3608394369085,5834238,Quechua,bag_pack,bag_pack.backpack,hike_camp,Backpack,Quechua 100 Arpenaz 27L Hiking Backpack,Quechua 100 Arpenaz 27L Sac à dos de Randonnée,27 L,Carbon Gray,39.99,37.99,EUR,fr-FR,PE-01,3,quechua-100-arpenaz-27-l-hiking-backpack-380447,https://cdn.shopify.com/s/files/1/1330/6287/files/8999005-default_a23f0003-4b84-4a30-b39f-f1691cb52df1.jpg?v=1772721202,18
3608394371040,5834237,Quechua,bag_pack,bag_pack.backpack,hike_camp,Backpack,Quechua 100 Arpenaz 27L Hiking Backpack,Quechua 100 Arpenaz 27L Sac à dos de Randonnée,27 L,Cayenne,39.99,37.99,EUR,fr-FR,PE-01,4,quechua-100-arpenaz-27-l-hiking-backpack-380447,https://cdn.shopify.com/s/files/1/1330/6287/files/8999005-default_a23f0003-4b84-4a30-b39f-f1691cb52df1.jpg?v=1772721202,18
3608391812522,5187600,Quechua,accessories,accessories.socks,hike_camp,Socks,Quechua Kids’ Hike 500 Crew Hiking Socks 2-Pack,Quechua Hike 500 Crew 2-Pack Chaussettes de Randonnée Enfant,10 - M12.5C,Verdigris,10.00,9.5,EUR,fr-FR,GB-R3-U2,3,quechua-junior-high-hiking-socks-hike-500-green-354180,https://cdn.shopify.com/s/files/1/1330/6287/files/8881169-product_image-p2823567.jpg?v=1746484229,9
3608391812539,5187601,Quechua,accessories,accessories.socks,hike_camp,Socks,Quechua Kids’ Hike 500 Crew Hiking Socks 2-Pack,Quechua Hike 500 Crew 2-Pack Chaussettes de Randonnée Enfant,13C - M2.5,Verdigris,10.00,9.5,EUR,fr-FR,GB-R3-U2,2,quechua-junior-high-hiking-socks-hike-500-green-354180,https://cdn.shopify.com/s/files/1/1330/6287/files/8881169-product_image-p2823567.jpg?v=1746484229,9
3608391812546,5187602,Quechua,accessories,accessories.socks,hike_camp,Socks,Quechua Kids’ Hike 500 Crew Hiking Socks 2-Pack,Quechua Hike 500 Crew 2-Pack Chaussettes de Randonnée Enfant,3.5 - M6,Verdigris,10.00,9.5,EUR,fr-FR,GB-R3-U2,3,quechua-junior-high-hiking-socks-hike-500-green-354180,https://cdn.shopify.com/s/files/1/1330/6287/files/8881169-product_image-p2823567.jpg?v=1746484229,9
3608390764662,5075450,Simond,apparel,apparel.trousers-pants,general,Trousers/pants,Simond Men's MT900 Hiking Pants,Simond MT900 Pantalon de Randonnée Homme,W29 L33,Abyss Gray,99.99,94.99,EUR,fr-FR,GF-R1-U2,1,mens-water-repellent-and-wind-resistant-backpacking-pants-mt900-338628,https://cdn.shopify.com/s/files/1/1330/6287/files/8852944-product_image-p2660312_04222d19-d6ac-42d1-adf6-bd3262b36e23.jpg?v=1748663789,9
3608390764686,5075452,Simond,apparel,apparel.trousers-pants,general,Trousers/pants,Simond Men's MT900 Hiking Pants,Simond MT900 Pantalon de Randonnée Homme,W31 L33,Abyss Gray,99.99,94.99,EUR,fr-FR,GF-R1-U2,2,mens-water-repellent-and-wind-resistant-backpacking-pants-mt900-338628,https://cdn.shopify.com/s/files/1/1330/6287/files/8852944-product_image-p2660312_04222d19-d6ac-42d1-adf6-bd3262b36e23.jpg?v=1748663789,9
3608390766208,5075454,Simond,apparel,apparel.trousers-pants,general,Trousers/pants,Simond Men's MT900 Hiking Pants,Simond MT900 Pantalon de Randonnée Homme,W33 L33,Abyss Gray,99.99,94.99,EUR,fr-FR,GF-R1-U2,3,mens-water-repellent-and-wind-resistant-backpacking-pants-mt900-338628,https://cdn.shopify.com/s/files/1/1330/6287/files/8852944-product_image-p2660312_04222d19-d6ac-42d1-adf6-bd3262b36e23.jpg?v=1748663789,9
3608390766222,5075456,Simond,apparel,apparel.trousers-pants,general,Trousers/pants,Simond Men's MT900 Hiking Pants,Simond MT900 Pantalon de Randonnée Homme,W34 L34,Abyss Gray,99.99,94.99,EUR,fr-FR,GF-R1-U2,4,mens-water-repellent-and-wind-resistant-backpacking-pants-mt900-338628,https://cdn.shopify.com/s/files/1/1330/6287/files/8852944-product_image-p2660312_04222d19-d6ac-42d1-adf6-bd3262b36e23.jpg?v=1748663789,9
3608390766246,5075458,Simond,apparel,apparel.trousers-pants,general,Trousers/pants,Simond Men's MT900 Hiking Pants,Simond MT900 Pantalon de Randonnée Homme,W36 L34,Abyss Gray,99.99,94.99,EUR,fr-FR,GF-R1-U2,4,mens-water-repellent-and-wind-resistant-backpacking-pants-mt900-338628,https://cdn.shopify.com/s/files/1/1330/6287/files/8852944-product_image-p2660312_04222d19-d6ac-42d1-adf6-bd3262b36e23.jpg?v=1748663789,9
3608390766260,5075460,Simond,apparel,apparel.trousers-pants,general,Trousers/pants,Simond Men's MT900 Hiking Pants,Simond MT900 Pantalon de Randonnée Homme,W39 L34,Abyss Gray,99.99,94.99,EUR,fr-FR,GF-R1-U2,3,mens-water-repellent-and-wind-resistant-backpacking-pants-mt900-338628,https://cdn.shopify.com/s/files/1/1330/6287/files/8852944-product_image-p2660312_04222d19-d6ac-42d1-adf6-bd3262b36e23.jpg?v=1748663789,9
3608390766284,5075462,Simond,apparel,apparel.trousers-pants,general,Trousers/pants,Simond Men's MT900 Hiking Pants,Simond MT900 Pantalon de Randonnée Homme,W42 L34,Abyss Gray,99.99,94.99,EUR,fr-FR,GF-R1-U2,2,mens-water-repellent-and-wind-resistant-backpacking-pants-mt900-338628,https://cdn.shopify.com/s/files/1/1330/6287/files/8852944-product_image-p2660312_04222d19-d6ac-42d1-adf6-bd3262b36e23.jpg?v=1748663789,9
3608390766307,5075464,Simond,apparel,apparel.trousers-pants,general,Trousers/pants,Simond Men's MT900 Hiking Pants,Simond MT900 Pantalon de Randonnée Homme,W44 L34,Abyss Gray,99.99,94.99,EUR,fr-FR,GF-R1-U2,1,mens-water-repellent-and-wind-resistant-backpacking-pants-mt900-338628,https://cdn.shopify.com/s/files/1/1330/6287/files/8852944-product_image-p2660312_04222d19-d6ac-42d1-adf6-bd3262b36e23.jpg?v=1748663789,9
3583787601440,4006564,Simond,bag_pack,bag_pack.travel-bag,general,Travel bag,Simond  100 L Duffel Bag,Simond 100 Duffel Bag,One Size,Carbon Gray,55.00,52.25,EUR,fr-FR,GF-R1-U2,6,forclaz-100-basic-100-l-transport-backpacking-duffel-bag-324543,https://cdn.shopify.com/s/files/1/1330/6287/files/8581546-product_image-p2793351.jpg?v=1744784865,11
3583787642580,2750074,Forclaz,accessories,accessories.water-pouch,hike_camp,Water pouch,Forclaz MT500 2L Water Bladder,Forclaz MT500 2L Water Poche à eau,One Size,Blue,24.99,23.74,EUR,fr-FR,GB-R3-U1,11,forclaz-mt500-2l-water-bladder-306516,https://cdn.shopify.com/s/files/1/1330/6287/files/8542253-product_image-p2618418.jpg?v=1712057453,7
3608439486685,2353542,Quechua,footwear,footwear.shoes,hike_camp,Shoes,Quechua Women's MH100 Waterproof Mid Hiking Shoes,Quechua MH100 Chaussures Imperméable de Randonnée Mi-saison Femme,7.5,Dark Petrol Blue,40.00,38.0,EUR,fr-FR,PW-01,4,quechua-womens-mh100-waterproof-mid-hiking-shoes-133726-133727,https://cdn.shopify.com/s/files/1/1330/6287/files/8397086-product_image-p1568309.jpg?v=1716203002,13
3608439486692,2353543,Quechua,footwear,footwear.shoes,hike_camp,Shoes,Quechua Women's MH100 Waterproof Mid Hiking Shoes,Quechua MH100 Chaussures Imperméable de Randonnée Mi-saison Femme,8,Dark Petrol Blue,40.00,38.0,EUR,fr-FR,PW-01,5,quechua-womens-mh100-waterproof-mid-hiking-shoes-133726-133727,https://cdn.shopify.com/s/files/1/1330/6287/files/8397086-product_image-p1568309.jpg?v=1716203002,13
3608439486708,2353544,Quechua,footwear,footwear.shoes,hike_camp,Shoes,Quechua Women's MH100 Waterproof Mid Hiking Shoes,Quechua MH100 Chaussures Imperméable de Randonnée Mi-saison Femme,9,Dark Petrol Blue,40.00,38.0,EUR,fr-FR,PW-01,4,quechua-womens-mh100-waterproof-mid-hiking-shoes-133726-133727,https://cdn.shopify.com/s/files/1/1330/6287/files/8397086-product_image-p1568309.jpg?v=1716203002,13
3608439486715,2353545,Quechua,footwear,footwear.shoes,hike_camp,Shoes,Quechua Women's MH100 Waterproof Mid Hiking Shoes,Quechua MH100 Chaussures Imperméable de Randonnée Mi-saison Femme,9.5,Dark Petrol Blue,40.00,38.0,EUR,fr-FR,PW-01,3,quechua-womens-mh100-waterproof-mid-hiking-shoes-133726-133727,https://cdn.shopify.com/s/files/1/1330/6287/files/8397086-product_image-p1568309.jpg?v=1716203002,13
3608439486722,2353540,Quechua,footwear,footwear.shoes,hike_camp,Shoes,Quechua Women's MH100 Waterproof Mid Hiking Shoes,Quechua MH100 Chaussures Imperméable de Randonnée Mi-saison Femme,5.5,Dark Petrol Blue,40.00,38.0,EUR,fr-FR,PW-01,2,quechua-womens-mh100-waterproof-mid-hiking-shoes-133726-133727,https://cdn.shopify.com/s/files/1/1330/6287/files/8397086-product_image-p1568309.jpg?v=1716203002,13
3608439486739,2353541,Quechua,footwear,footwear.shoes,hike_camp,Shoes,Quechua Women's MH100 Waterproof Mid Hiking Shoes,Quechua MH100 Chaussures Imperméable de Randonnée Mi-saison Femme,6.5,Dark Petrol Blue,40.00,38.0,EUR,fr-FR,PW-01,3,quechua-womens-mh100-waterproof-mid-hiking-shoes-133726-133727,https://cdn.shopify.com/s/files/1/1330/6287/files/8397086-product_image-p1568309.jpg?v=1716203002,13
3608390767977,5075667,Kiprun,apparel,apparel.shorts,running,Shorts,Women's Running & Trail Running Breathable Shorts KIPRUN Run 500 Dry-black,KIPRUN Run 500 Dry-black Short Respirant de Running Trail Femme,XS,Tropical Lime,20.00,19.0,EUR,fr-FR,GB-R2-U2,1,womens-running-trail-running-breathable-shorts-kiprun-run-500-dry-black-351243,https://cdn.shopify.com/s/files/1/1330/6287/files/8852978-product_image-p2645512.jpg?v=1753984517,19
3608390767984,5075668,Kiprun,apparel,apparel.shorts,running,Shorts,Women's Running & Trail Running Breathable Shorts KIPRUN Run 500 Dry-black,KIPRUN Run 500 Dry-black Short Respirant de Running Trail Femme,S,Tropical Lime,20.00,19.0,EUR,fr-FR,GB-R2-U2,2,womens-running-trail-running-breathable-shorts-kiprun-run-500-dry-black-351243,https://cdn.shopify.com/s/files/1/1330/6287/files/8852978-product_image-p2645512.jpg?v=1753984517,19
3608390767991,5075669,Kiprun,apparel,apparel.shorts,running,Shorts,Women's Running & Trail Running Breathable Shorts KIPRUN Run 500 Dry-black,KIPRUN Run 500 Dry-black Short Respirant de Running Trail Femme,M,Tropical Lime,20.00,19.0,EUR,fr-FR,GB-R2-U2,2,womens-running-trail-running-breathable-shorts-kiprun-run-500-dry-black-351243,https://cdn.shopify.com/s/files/1/1330/6287/files/8852978-product_image-p2645512.jpg?v=1753984517,19
3608390768004,5075670,Kiprun,apparel,apparel.shorts,running,Shorts,Women's Running & Trail Running Breathable Shorts KIPRUN Run 500 Dry-black,KIPRUN Run 500 Dry-black Short Respirant de Running Trail Femme,L,Tropical Lime,20.00,19.0,EUR,fr-FR,GB-R2-U2,3,womens-running-trail-running-breathable-shorts-kiprun-run-500-dry-black-351243,https://cdn.shopify.com/s/files/1/1330/6287/files/8852978-product_image-p2645512.jpg?v=1753984517,19
3608390768011,5075671,Kiprun,apparel,apparel.shorts,running,Shorts,Women's Running & Trail Running Breathable Shorts KIPRUN Run 500 Dry-black,KIPRUN Run 500 Dry-black Short Respirant de Running Trail Femme,XL,Tropical Lime,20.00,19.0,EUR,fr-FR,GB-R2-U2,2,womens-running-trail-running-breathable-shorts-kiprun-run-500-dry-black-351243,https://cdn.shopify.com/s/files/1/1330/6287/files/8852978-product_image-p2645512.jpg?v=1753984517,19
3608390768028,5075672,Kiprun,apparel,apparel.shorts,running,Shorts,Women's Running & Trail Running Breathable Shorts KIPRUN Run 500 Dry-black,KIPRUN Run 500 Dry-black Short Respirant de Running Trail Femme,2XL,Tropical Lime,20.00,19.0,EUR,fr-FR,GB-R2-U2,1,womens-running-trail-running-breathable-shorts-kiprun-run-500-dry-black-351243,https://cdn.shopify.com/s/files/1/1330/6287/files/8852978-product_image-p2645512.jpg?v=1753984517,19
3608390860272,5075733,Kiprun,apparel,apparel.shorts,running,Shorts,Women's Running & Trail Running Breathable Shorts KIPRUN Run 500 Dry-black,KIPRUN Run 500 Dry-black Short Respirant de Running Trail Femme,XS,Smoked Black,29.99,28.49,EUR,fr-FR,GB-R2-U2,1,womens-running-trail-running-breathable-shorts-kiprun-run-500-dry-black-351243,https://cdn.shopify.com/s/files/1/1330/6287/files/8852978-product_image-p2645512.jpg?v=1753984517,19
3608390860289,5075734,Kiprun,apparel,apparel.shorts,running,Shorts,Women's Running & Trail Running Breathable Shorts KIPRUN Run 500 Dry-black,KIPRUN Run 500 Dry-black Short Respirant de Running Trail Femme,S,Smoked Black,29.99,28.49,EUR,fr-FR,GB-R2-U2,1,womens-running-trail-running-breathable-shorts-kiprun-run-500-dry-black-351243,https://cdn.shopify.com/s/files/1/1330/6287/files/8852978-product_image-p2645512.jpg?v=1753984517,19
3608390860296,5075735,Kiprun,apparel,apparel.shorts,running,Shorts,Women's Running & Trail Running Breathable Shorts KIPRUN Run 500 Dry-black,KIPRUN Run 500 Dry-black Short Respirant de Running Trail Femme,M,Smoked Black,29.99,28.49,EUR,fr-FR,GB-R2-U2,3,womens-running-trail-running-breathable-shorts-kiprun-run-500-dry-black-351243,https://cdn.shopify.com/s/files/1/1330/6287/files/8852978-product_image-p2645512.jpg?v=1753984517,19
3608390861408,5075736,Kiprun,apparel,apparel.shorts,running,Shorts,Women's Running & Trail Running Breathable Shorts KIPRUN Run 500 Dry-black,KIPRUN Run 500 Dry-black Short Respirant de Running Trail Femme,L,Smoked Black,29.99,28.49,EUR,fr-FR,GB-R2-U2,2,womens-running-trail-running-breathable-shorts-kiprun-run-500-dry-black-351243,https://cdn.shopify.com/s/files/1/1330/6287/files/8852978-product_image-p2645512.jpg?v=1753984517,19
3608390861415,5075737,Kiprun,apparel,apparel.shorts,running,Shorts,Women's Running & Trail Running Breathable Shorts KIPRUN Run 500 Dry-black,KIPRUN Run 500 Dry-black Short Respirant de Running Trail Femme,XL,Smoked Black,29.99,28.49,EUR,fr-FR,GB-R2-U2,2,womens-running-trail-running-breathable-shorts-kiprun-run-500-dry-black-351243,https://cdn.shopify.com/s/files/1/1330/6287/files/8852978-product_image-p2645512.jpg?v=1753984517,19
3608390861422,5075738,Kiprun,apparel,apparel.shorts,running,Shorts,Women's Running & Trail Running Breathable Shorts KIPRUN Run 500 Dry-black,KIPRUN Run 500 Dry-black Short Respirant de Running Trail Femme,2XL,Smoked Black,29.99,28.49,EUR,fr-FR,GB-R2-U2,1,womens-running-trail-running-breathable-shorts-kiprun-run-500-dry-black-351243,https://cdn.shopify.com/s/files/1/1330/6287/files/8852978-product_image-p2645512.jpg?v=1753984517,19
3608429678304,4168811,Kiprun,accessories,accessories.water-bag,running,Water bag,Kiprun 5 L Trail Running Bag - 1 L Water Bladder Included,Kiprun 5 Bag 1 Water Included Poche à eau de Running Trail,One Size,Black,74.99,71.24,EUR,fr-FR,GB-R2-U1,11,bag-trail-running-5l-blue-312059,https://cdn.shopify.com/s/files/1/1330/6287/files/8607680-product_image-p2713547.jpg?v=1758751193,11
3608439230806,4864685,Quechua,footwear,footwear.snow-boots,hike_camp,Snow boots,Quechua Women's NH500 Warm Waterproof High Lace Snow Boots,Quechua NH500 High Lace Après-ski Imperméable Chaud Femme,10.5,Linen,75.00,71.25,EUR,fr-FR,PE-01,1,quechua-womens-sh500-waterproof-snow-boots-340155-fw25,https://cdn.shopify.com/s/files/1/1330/6287/files/8802419-product_image-p2579364.jpg?v=1755549503,11
3608439230813,4864682,Quechua,footwear,footwear.snow-boots,hike_camp,Snow boots,Quechua Women's NH500 Warm Waterproof High Lace Snow Boots,Quechua NH500 High Lace Après-ski Imperméable Chaud Femme,8,Linen,75.00,71.25,EUR,fr-FR,PE-01,2,quechua-womens-sh500-waterproof-snow-boots-340155-fw25,https://cdn.shopify.com/s/files/1/1330/6287/files/8802419-product_image-p2579364.jpg?v=1755549503,11
3608439230820,4864681,Quechua,footwear,footwear.snow-boots,hike_camp,Snow boots,Quechua Women's NH500 Warm Waterproof High Lace Snow Boots,Quechua NH500 High Lace Après-ski Imperméable Chaud Femme,7.5,Linen,75.00,71.25,EUR,fr-FR,PE-01,2,quechua-womens-sh500-waterproof-snow-boots-340155-fw25,https://cdn.shopify.com/s/files/1/1330/6287/files/8802419-product_image-p2579364.jpg?v=1755549503,11
3608439230837,4864684,Quechua,footwear,footwear.snow-boots,hike_camp,Snow boots,Quechua Women's NH500 Warm Waterproof High Lace Snow Boots,Quechua NH500 High Lace Après-ski Imperméable Chaud Femme,9.5,Linen,75.00,71.25,EUR,fr-FR,PE-01,2,quechua-womens-sh500-waterproof-snow-boots-340155-fw25,https://cdn.shopify.com/s/files/1/1330/6287/files/8802419-product_image-p2579364.jpg?v=1755549503,11
3608439230844,4864683,Quechua,footwear,footwear.snow-boots,hike_camp,Snow boots,Quechua Women's NH500 Warm Waterproof High Lace Snow Boots,Quechua NH500 High Lace Après-ski Imperméable Chaud Femme,9,Linen,75.00,71.25,EUR,fr-FR,PE-01,2,quechua-womens-sh500-waterproof-snow-boots-340155-fw25,https://cdn.shopify.com/s/files/1/1330/6287/files/8802419-product_image-p2579364.jpg?v=1755549503,11
3608439230851,4864680,Quechua,footwear,footwear.snow-boots,hike_camp,Snow boots,Quechua Women's NH500 Warm Waterproof High Lace Snow Boots,Quechua NH500 High Lace Après-ski Imperméable Chaud Femme,6.5,Linen,75.00,71.25,EUR,fr-FR,PE-01,2,quechua-womens-sh500-waterproof-snow-boots-340155-fw25,https://cdn.shopify.com/s/files/1/1330/6287/files/8802419-product_image-p2579364.jpg?v=1755549503,11
3608439230868,4864679,Quechua,footwear,footwear.snow-boots,hike_camp,Snow boots,Quechua Women's NH500 Warm Waterproof High Lace Snow Boots,Quechua NH500 High Lace Après-ski Imperméable Chaud Femme,5.5,Linen,75.00,71.25,EUR,fr-FR,PE-01,1,quechua-womens-sh500-waterproof-snow-boots-340155-fw25,https://cdn.shopify.com/s/files/1/1330/6287/files/8802419-product_image-p2579364.jpg?v=1755549503,11
3608393015914,5551323,Quechua,apparel,apparel.fleece,hike_camp,Fleece,Quechua Men’s MH500 Half-Zip Hiking Fleece,Quechua ’s MH500 Half-Zip Polaire de Randonnée Homme,S,Sand,20.00,19.0,EUR,fr-FR,GB-R3-U1,5,quechua-mens-mountain-hiking-fleece-jacket-mh500-half-zip-beige-341167-fw25,https://cdn.shopify.com/s/files/1/1330/6287/files/8947852-product_image-p2939105.jpg?v=1755561364,5
3608393015921,5551324,Quechua,apparel,apparel.fleece,hike_camp,Fleece,Quechua Men’s MH500 Half-Zip Hiking Fleece,Quechua ’s MH500 Half-Zip Polaire de Randonnée Homme,M,Sand,20.00,19.0,EUR,fr-FR,GB-R3-U1,9,quechua-mens-mountain-hiking-fleece-jacket-mh500-half-zip-beige-341167-fw25,https://cdn.shopify.com/s/files/1/1330/6287/files/8947852-product_image-p2939105.jpg?v=1755561364,5
3608393015938,5551325,Quechua,apparel,apparel.fleece,hike_camp,Fleece,Quechua Men’s MH500 Half-Zip Hiking Fleece,Quechua ’s MH500 Half-Zip Polaire de Randonnée Homme,XL,Sand,20.00,19.0,EUR,fr-FR,GB-R3-U1,6,quechua-mens-mountain-hiking-fleece-jacket-mh500-half-zip-beige-341167-fw25,https://cdn.shopify.com/s/files/1/1330/6287/files/8947852-product_image-p2939105.jpg?v=1755561364,5
3608393015945,5551326,Quechua,apparel,apparel.fleece,hike_camp,Fleece,Quechua Men’s MH500 Half-Zip Hiking Fleece,Quechua ’s MH500 Half-Zip Polaire de Randonnée Homme,L,Sand,20.00,19.0,EUR,fr-FR,GB-R3-U1,8,quechua-mens-mountain-hiking-fleece-jacket-mh500-half-zip-beige-341167-fw25,https://cdn.shopify.com/s/files/1/1330/6287/files/8947852-product_image-p2939105.jpg?v=1755561364,5
3608393015952,5551327,Quechua,apparel,apparel.fleece,hike_camp,Fleece,Quechua Men’s MH500 Half-Zip Hiking Fleece,Quechua ’s MH500 Half-Zip Polaire de Randonnée Homme,2XL,Sand,20.00,19.0,EUR,fr-FR,GB-R3-U1,3,quechua-mens-mountain-hiking-fleece-jacket-mh500-half-zip-beige-341167-fw25,https://cdn.shopify.com/s/files/1/1330/6287/files/8947852-product_image-p2939105.jpg?v=1755561364,5
3608393015969,5551328,Quechua,apparel,apparel.fleece,hike_camp,Fleece,Quechua Men’s MH500 Half-Zip Hiking Fleece,Quechua ’s MH500 Half-Zip Polaire de Randonnée Homme,3XL,Sand,20.00,19.0,EUR,fr-FR,GB-R3-U1,2,quechua-mens-mountain-hiking-fleece-jacket-mh500-half-zip-beige-341167-fw25,https://cdn.shopify.com/s/files/1/1330/6287/files/8947852-product_image-p2939105.jpg?v=1755561364,5
3608439366802,4043983,Quechua,apparel,apparel.trousers-pants,hike_camp,Trousers/pants,Quechua Women's NH100 Hiking Pants,Quechua NH100 Pantalon de Randonnée Femme,W36 L31,Smoked Black,18.00,17.1,EUR,fr-FR,GB-R3-U2,1,quechua-womens-nh100-hiking-pants-308204,https://cdn.shopify.com/s/files/1/1330/6287/files/8588308-product_image-p2582538.jpg?v=1740098949,6
3608439366833,4043977,Quechua,apparel,apparel.trousers-pants,hike_camp,Trousers/pants,Quechua Women's NH100 Hiking Pants,Quechua NH100 Pantalon de Randonnée Femme,W31 L31,Smoked Black,18.00,17.1,EUR,fr-FR,GB-R3-U2,3,quechua-womens-nh100-hiking-pants-308204,https://cdn.shopify.com/s/files/1/1330/6287/files/8588308-product_image-p2582538.jpg?v=1740098949,6
3608439366857,4043975,Quechua,apparel,apparel.trousers-pants,hike_camp,Trousers/pants,Quechua Women's NH100 Hiking Pants,Quechua NH100 Pantalon de Randonnée Femme,W29 L31,Smoked Black,18.00,17.1,EUR,fr-FR,GB-R3-U2,3,quechua-womens-nh100-hiking-pants-308204,https://cdn.shopify.com/s/files/1/1330/6287/files/8588308-product_image-p2582538.jpg?v=1740098949,6
3608439366888,4043981,Quechua,apparel,apparel.trousers-pants,hike_camp,Trousers/pants,Quechua Women's NH100 Hiking Pants,Quechua NH100 Pantalon de Randonnée Femme,W34 L31,Smoked Black,18.00,17.1,EUR,fr-FR,GB-R3-U2,2,quechua-womens-nh100-hiking-pants-308204,https://cdn.shopify.com/s/files/1/1330/6287/files/8588308-product_image-p2582538.jpg?v=1740098949,6
3608439366918,4043979,Quechua,apparel,apparel.trousers-pants,hike_camp,Trousers/pants,Quechua Women's NH100 Hiking Pants,Quechua NH100 Pantalon de Randonnée Femme,W33 L31,Smoked Black,18.00,17.1,EUR,fr-FR,GB-R3-U2,2,quechua-womens-nh100-hiking-pants-308204,https://cdn.shopify.com/s/files/1/1330/6287/files/8588308-product_image-p2582538.jpg?v=1740098949,6
3608439366932,4043973,Quechua,apparel,apparel.trousers-pants,hike_camp,Trousers/pants,Quechua Women's NH100 Hiking Pants,Quechua NH100 Pantalon de Randonnée Femme,W28 L30,Smoked Black,18.00,17.1,EUR,fr-FR,GB-R3-U2,2,quechua-womens-nh100-hiking-pants-308204,https://cdn.shopify.com/s/files/1/1330/6287/files/8588308-product_image-p2582538.jpg?v=1740098949,6
3608439366949,4043971,Quechua,apparel,apparel.trousers-pants,hike_camp,Trousers/pants,Quechua Women's NH100 Hiking Pants,Quechua NH100 Pantalon de Randonnée Femme,W26 L30,Smoked Black,18.00,17.1,EUR,fr-FR,GB-R3-U2,1,quechua-womens-nh100-hiking-pants-308204,https://cdn.shopify.com/s/files/1/1330/6287/files/8588308-product_image-p2582538.jpg?v=1740098949,6
3583787146743,4531543,Forclaz,accessories,accessories.glove-liner,hike_camp,Glove liner,Forclaz Adult MT500 Seamless Liner Gloves,Forclaz MT500 Liner Gants Sans couture Adulte,S - M,Black,14.99,14.24,EUR,fr-FR,GB-R3-U2,1,adult-mountain-backpacking-seamless-liner-gloves-mt500-black-339331,https://cdn.shopify.com/s/files/1/1330/6287/files/8738802-product_image-p2573103.jpg?v=1704805890,6
3583787146750,4531542,Forclaz,accessories,accessories.glove-liner,hike_camp,Glove liner,Forclaz Adult MT500 Seamless Liner Gloves,Forclaz MT500 Liner Gants Sans couture Adulte,L - XL,Black,14.99,14.24,EUR,fr-FR,GB-R3-U2,1,adult-mountain-backpacking-seamless-liner-gloves-mt500-black-339331,https://cdn.shopify.com/s/files/1/1330/6287/files/8738802-product_image-p2573103.jpg?v=1704805890,6
3583787146767,4531544,Forclaz,accessories,accessories.glove-liner,hike_camp,Glove liner,Forclaz Adult MT500 Seamless Liner Gloves,Forclaz MT500 Liner Gants Sans couture Adulte,2XL - 3XL,Black,14.99,14.24,EUR,fr-FR,GB-R3-U2,2,adult-mountain-backpacking-seamless-liner-gloves-mt500-black-339331,https://cdn.shopify.com/s/files/1/1330/6287/files/8738802-product_image-p2573103.jpg?v=1704805890,6
3583787146828,4531541,Forclaz,accessories,accessories.glove-liner,hike_camp,Glove liner,Forclaz Adult MT500 Seamless Liner Gloves,Forclaz MT500 Liner Gants Sans couture Adulte,2XS - XS,Black,14.99,14.24,EUR,fr-FR,GB-R3-U2,2,adult-mountain-backpacking-seamless-liner-gloves-mt500-black-339331,https://cdn.shopify.com/s/files/1/1330/6287/files/8738802-product_image-p2573103.jpg?v=1704805890,6
3608390280445,4898515,Kiprun,accessories,accessories.socks,running,Socks,Kiprun Run 500 Thick Mid-Calf Socks 2-Pack,Kiprun Run 500 Thick -Calf 2-Pack Chaussettes Mi-saison,W5-7.5 / M3.5-6,Snowy White,14.99,14.24,EUR,fr-FR,GB-R2-U2,3,kiprun-pack-of-2-pairs-of-run500-thick-mid-calf-running-socks-348201,https://cdn.shopify.com/s/files/1/1330/6287/files/8810472-product_image-p2590704.jpg?v=1747178130,9
3608390280452,4898516,Kiprun,accessories,accessories.socks,running,Socks,Kiprun Run 500 Thick Mid-Calf Socks 2-Pack,Kiprun Run 500 Thick -Calf 2-Pack Chaussettes Mi-saison,W8-10.5 / M6.5-9,Snowy White,14.99,14.24,EUR,fr-FR,GB-R2-U2,3,kiprun-pack-of-2-pairs-of-run500-thick-mid-calf-running-socks-348201,https://cdn.shopify.com/s/files/1/1330/6287/files/8810472-product_image-p2590704.jpg?v=1747178130,9
3608390280469,4898517,Kiprun,accessories,accessories.socks,running,Socks,Kiprun Run 500 Thick Mid-Calf Socks 2-Pack,Kiprun Run 500 Thick -Calf 2-Pack Chaussettes Mi-saison,W11-14 / M9.5-12,Snowy White,14.99,14.24,EUR,fr-FR,GB-R2-U2,3,kiprun-pack-of-2-pairs-of-run500-thick-mid-calf-running-socks-348201,https://cdn.shopify.com/s/files/1/1330/6287/files/8810472-product_image-p2590704.jpg?v=1747178130,9
3608439233395,4854947,Quechua,apparel,apparel.parka,hike_camp,Parka,Quechua Women's SH500 Waterproof Winter Parka,Quechua SH500 Parka Imperméable Hiver Femme,2XL,Black,189.00,179.55,EUR,fr-FR,GF-R3-U1,3,quechua-womens-sh500-waterproof-winter-parka-340342,https://cdn.shopify.com/s/files/1/1330/6287/files/8801622-product_image-p2583909.jpg?v=1728425621,14
3608439233401,4854946,Quechua,apparel,apparel.parka,hike_camp,Parka,Quechua Women's SH500 Waterproof Winter Parka,Quechua SH500 Parka Imperméable Hiver Femme,XL,Black,189.00,179.55,EUR,fr-FR,GF-R3-U1,5,quechua-womens-sh500-waterproof-winter-parka-340342,https://cdn.shopify.com/s/files/1/1330/6287/files/8801622-product_image-p2583909.jpg?v=1728425621,14
3608439233418,4854943,Quechua,apparel,apparel.parka,hike_camp,Parka,Quechua Women's SH500 Waterproof Winter Parka,Quechua SH500 Parka Imperméable Hiver Femme,S,Black,189.00,179.55,EUR,fr-FR,GF-R3-U1,4,quechua-womens-sh500-waterproof-winter-parka-340342,https://cdn.shopify.com/s/files/1/1330/6287/files/8801622-product_image-p2583909.jpg?v=1728425621,14
3608439233432,4854942,Quechua,apparel,apparel.parka,hike_camp,Parka,Quechua Women's SH500 Waterproof Winter Parka,Quechua SH500 Parka Imperméable Hiver Femme,XS,Black,189.00,179.55,EUR,fr-FR,GF-R3-U1,2,quechua-womens-sh500-waterproof-winter-parka-340342,https://cdn.shopify.com/s/files/1/1330/6287/files/8801622-product_image-p2583909.jpg?v=1728425621,14
3608439233456,4854945,Quechua,apparel,apparel.parka,hike_camp,Parka,Quechua Women's SH500 Waterproof Winter Parka,Quechua SH500 Parka Imperméable Hiver Femme,L,Black,189.00,179.55,EUR,fr-FR,GF-R3-U1,7,quechua-womens-sh500-waterproof-winter-parka-340342,https://cdn.shopify.com/s/files/1/1330/6287/files/8801622-product_image-p2583909.jpg?v=1728425621,14
3608439233463,4854944,Quechua,apparel,apparel.parka,hike_camp,Parka,Quechua Women's SH500 Waterproof Winter Parka,Quechua SH500 Parka Imperméable Hiver Femme,M,Black,189.00,179.55,EUR,fr-FR,GF-R3-U1,7,quechua-womens-sh500-waterproof-winter-parka-340342,https://cdn.shopify.com/s/files/1/1330/6287/files/8801622-product_image-p2583909.jpg?v=1728425621,14
3608391040338,5158340,Wedze,apparel,apparel.base-layer,general,Base layer,Wedze Men’s BL900 Wool Thermal Ski Base Layer Top,Wedze ’s BL900 Top Sous-vêtement technique Thermique Laine de Ski Homme,XS / S,Smoked Black,99.99,94.99,EUR,fr-FR,GB-R1-U1,3,wedze-mens-breathable-wool-thermal-ski-base-layer-top-bl900-black-306067-fw25,https://cdn.shopify.com/s/files/1/1330/6287/files/8872311-product_image-p2709588.jpg?v=1755553515,6
3608391040345,5158341,Wedze,apparel,apparel.base-layer,general,Base layer,Wedze Men’s BL900 Wool Thermal Ski Base Layer Top,Wedze ’s BL900 Top Sous-vêtement technique Thermique Laine de Ski Homme,M / L,Smoked Black,99.99,94.99,EUR,fr-FR,GB-R1-U1,11,wedze-mens-breathable-wool-thermal-ski-base-layer-top-bl900-black-306067-fw25,https://cdn.shopify.com/s/files/1/1330/6287/files/8872311-product_image-p2709588.jpg?v=1755553515,6
3608391040352,5158342,Wedze,apparel,apparel.base-layer,general,Base layer,Wedze Men’s BL900 Wool Thermal Ski Base Layer Top,Wedze ’s BL900 Top Sous-vêtement technique Thermique Laine de Ski Homme,XL / 2XL,Smoked Black,99.99,94.99,EUR,fr-FR,GB-R1-U1,8,wedze-mens-breathable-wool-thermal-ski-base-layer-top-bl900-black-306067-fw25,https://cdn.shopify.com/s/files/1/1330/6287/files/8872311-product_image-p2709588.jpg?v=1755553515,6
3608390300693,4977160,Quechua,bag_pack,bag_pack.backpack,hike_camp,Backpack,Quechua MH500 22L Lightweight Hiking Backpack,Quechua MH500 22L Sac à dos Léger de Randonnée,One Size,Laurel Green,60.00,57.0,EUR,fr-FR,GF-R3-U1,4,quechua-mh500-22l-lightweight-hiking-backpack-346030,https://cdn.shopify.com/s/files/1/1330/6287/files/8826305-product_image-p2612825.jpg?v=1755814050,35
3608390302048,4977159,Quechua,bag_pack,bag_pack.backpack,hike_camp,Backpack,Quechua MH500 22L Lightweight Hiking Backpack,Quechua MH500 22L Sac à dos Léger de Randonnée,One Size,Smoked Black,114.99,109.24,EUR,fr-FR,GF-R3-U1,4,quechua-mh500-22l-lightweight-hiking-backpack-346030,https://cdn.shopify.com/s/files/1/1330/6287/files/8826305-product_image-p2612825.jpg?v=1755814050,35
3608439245046,4340145,Quechua,outdoor,outdoor.shower,hike_camp,Shower,Quechua 10 L Solar Pressure Camping Shower,Quechua 10 Solar Pressure Camping Douche,10 L,Black,99.99,94.99,EUR,fr-FR,GF-R3-U1,1,quechua-10-l-solar-camping-shower-bag-334620,https://cdn.shopify.com/s/files/1/1330/6287/files/8650195-product_image-p2621201.jpg?v=1711972360,10
3608429657613,4683436,Kiprun,accessories,accessories.water-bag,running,Water bag,Kiprun Essential 5L Trail Running Hydration Vest -  1L Water Bladder Included,Kiprun Essential 5L Hydration Vest 1L Water Included Poche à eau de Running Trail,One Size,Black,59.99,56.99,EUR,fr-FR,GB-R2-U1,9,unisex-5l-black-trail-running-bag-with-1l-water-bladder-168331,https://cdn.shopify.com/s/files/1/1330/6287/files/8771848-product_image-p2398951.jpg?v=1744146528,9
3608392796548,5057675,Quechua,footwear,footwear.snow-boots,hike_camp,Snow boots,Quechua Men’s NH100 Warm Waterproof Easy-On Snow Hiking Boots,Quechua ’s NH100 Easy-On Bottes Imperméable de Randonnée Neige Chaud Homme,6.5,Smoked Black,45.00,42.75,EUR,fr-FR,PW-01,1,quechua-mens-waterproof-snow-hiking-boots-nh100-high-top-zip-black-351123-fw25,https://cdn.shopify.com/s/files/1/1330/6287/files/8851794-product_image-p2904869.jpg?v=1755553663,8
3608392796555,5057676,Quechua,footwear,footwear.snow-boots,hike_camp,Snow boots,Quechua Men’s NH100 Warm Waterproof Easy-On Snow Hiking Boots,Quechua ’s NH100 Easy-On Bottes Imperméable de Randonnée Neige Chaud Homme,7.5,Smoked Black,45.00,42.75,EUR,fr-FR,PW-01,2,quechua-mens-waterproof-snow-hiking-boots-nh100-high-top-zip-black-351123-fw25,https://cdn.shopify.com/s/files/1/1330/6287/files/8851794-product_image-p2904869.jpg?v=1755553663,8
3608392796562,5057677,Quechua,footwear,footwear.snow-boots,hike_camp,Snow boots,Quechua Men’s NH100 Warm Waterproof Easy-On Snow Hiking Boots,Quechua ’s NH100 Easy-On Bottes Imperméable de Randonnée Neige Chaud Homme,8,Smoked Black,45.00,42.75,EUR,fr-FR,PW-01,3,quechua-mens-waterproof-snow-hiking-boots-nh100-high-top-zip-black-351123-fw25,https://cdn.shopify.com/s/files/1/1330/6287/files/8851794-product_image-p2904869.jpg?v=1755553663,8
3608392796579,5057678,Quechua,footwear,footwear.snow-boots,hike_camp,Snow boots,Quechua Men’s NH100 Warm Waterproof Easy-On Snow Hiking Boots,Quechua ’s NH100 Easy-On Bottes Imperméable de Randonnée Neige Chaud Homme,9,Smoked Black,45.00,42.75,EUR,fr-FR,PW-01,4,quechua-mens-waterproof-snow-hiking-boots-nh100-high-top-zip-black-351123-fw25,https://cdn.shopify.com/s/files/1/1330/6287/files/8851794-product_image-p2904869.jpg?v=1755553663,8
3608392796586,5057679,Quechua,footwear,footwear.snow-boots,hike_camp,Snow boots,Quechua Men’s NH100 Warm Waterproof Easy-On Snow Hiking Boots,Quechua ’s NH100 Easy-On Bottes Imperméable de Randonnée Neige Chaud Homme,9.5,Smoked Black,45.00,42.75,EUR,fr-FR,PW-01,4,quechua-mens-waterproof-snow-hiking-boots-nh100-high-top-zip-black-351123-fw25,https://cdn.shopify.com/s/files/1/1330/6287/files/8851794-product_image-p2904869.jpg?v=1755553663,8
3608392796593,5057680,Quechua,footwear,footwear.snow-boots,hike_camp,Snow boots,Quechua Men’s NH100 Warm Waterproof Easy-On Snow Hiking Boots,Quechua ’s NH100 Easy-On Bottes Imperméable de Randonnée Neige Chaud Homme,10.5,Smoked Black,45.00,42.75,EUR,fr-FR,PW-01,4,quechua-mens-waterproof-snow-hiking-boots-nh100-high-top-zip-black-351123-fw25,https://cdn.shopify.com/s/files/1/1330/6287/files/8851794-product_image-p2904869.jpg?v=1755553663,8
3608392796906,5057681,Quechua,footwear,footwear.snow-boots,hike_camp,Snow boots,Quechua Men’s NH100 Warm Waterproof Easy-On Snow Hiking Boots,Quechua ’s NH100 Easy-On Bottes Imperméable de Randonnée Neige Chaud Homme,11.5,Smoked Black,45.00,42.75,EUR,fr-FR,PW-01,2,quechua-mens-waterproof-snow-hiking-boots-nh100-high-top-zip-black-351123-fw25,https://cdn.shopify.com/s/files/1/1330/6287/files/8851794-product_image-p2904869.jpg?v=1755553663,8
3608392796913,5057682,Quechua,footwear,footwear.snow-boots,hike_camp,Snow boots,Quechua Men’s NH100 Warm Waterproof Easy-On Snow Hiking Boots,Quechua ’s NH100 Easy-On Bottes Imperméable de Randonnée Neige Chaud Homme,12,Smoked Black,45.00,42.75,EUR,fr-FR,PW-01,2,quechua-mens-waterproof-snow-hiking-boots-nh100-high-top-zip-black-351123-fw25,https://cdn.shopify.com/s/files/1/1330/6287/files/8851794-product_image-p2904869.jpg?v=1755553663,8
3608392796920,5057683,Quechua,footwear,footwear.snow-boots,hike_camp,Snow boots,Quechua Men’s NH100 Warm Waterproof Easy-On Snow Hiking Boots,Quechua ’s NH100 Easy-On Bottes Imperméable de Randonnée Neige Chaud Homme,13,Smoked Black,45.00,42.75,EUR,fr-FR,PW-01,1,quechua-mens-waterproof-snow-hiking-boots-nh100-high-top-zip-black-351123-fw25,https://cdn.shopify.com/s/files/1/1330/6287/files/8851794-product_image-p2904869.jpg?v=1755553663,8
3608391515836,4944657,Van Rysel,apparel,apparel.long-sleeved-jersey,general,Long-sleeved jersey,Van Rysel Unisex RCR 2 Long-Sleeved Fleece-Lined Cycling Jersey,Van Rysel RCR 2 Long-Sleeved -Lined Jersey Polaire de Vélo Mixte,L,Snowy White,60.00,57.0,EUR,fr-FR,GB-R1-U2,9,van-rysel-unisex-mid-season-long-sleeved-road-cycling-jersey-racer-2-347689-fw25,https://cdn.shopify.com/s/files/1/1330/6287/files/8819702-product_image-p2993309.jpg?v=1755553630,11
3608391526962,4944656,Van Rysel,apparel,apparel.long-sleeved-jersey,general,Long-sleeved jersey,Van Rysel Unisex RCR 2 Long-Sleeved Fleece-Lined Cycling Jersey,Van Rysel RCR 2 Long-Sleeved -Lined Jersey Polaire de Vélo Mixte,S,Snowy White,60.00,57.0,EUR,fr-FR,GB-R1-U2,6,van-rysel-unisex-mid-season-long-sleeved-road-cycling-jersey-racer-2-347689-fw25,https://cdn.shopify.com/s/files/1/1330/6287/files/8819702-product_image-p2993309.jpg?v=1755553630,11
3608391533250,4944658,Van Rysel,apparel,apparel.long-sleeved-jersey,general,Long-sleeved jersey,Van Rysel Unisex RCR 2 Long-Sleeved Fleece-Lined Cycling Jersey,Van Rysel RCR 2 Long-Sleeved -Lined Jersey Polaire de Vélo Mixte,M,Snowy White,60.00,57.0,EUR,fr-FR,GB-R1-U2,9,van-rysel-unisex-mid-season-long-sleeved-road-cycling-jersey-racer-2-347689-fw25,https://cdn.shopify.com/s/files/1/1330/6287/files/8819702-product_image-p2993309.jpg?v=1755553630,11
3608391534660,4944659,Van Rysel,apparel,apparel.long-sleeved-jersey,general,Long-sleeved jersey,Van Rysel Unisex RCR 2 Long-Sleeved Fleece-Lined Cycling Jersey,Van Rysel RCR 2 Long-Sleeved -Lined Jersey Polaire de Vélo Mixte,XL,Snowy White,60.00,57.0,EUR,fr-FR,GB-R1-U2,6,van-rysel-unisex-mid-season-long-sleeved-road-cycling-jersey-racer-2-347689-fw25,https://cdn.shopify.com/s/files/1/1330/6287/files/8819702-product_image-p2993309.jpg?v=1755553630,11
3608390011506,2982055,Forclaz,outdoor,outdoor.sleeping-bag-liner,hike_camp,Sleeping bag liner,Forclaz Silk Sleeping Bag Liner,Forclaz Silk Drap de sac de couchage,One Size,Snowy White,40.00,38.0,EUR,fr-FR,GF-R3-U2,1,backpacking-silk-bag-cover-323651,https://cdn.shopify.com/s/files/1/1330/6287/files/8578334-product_image-p2606856.jpg?v=1712144925,5
3608390344307,4521313,Kiprun,accessories,accessories.water-bag,running,Water bag,Kiprun 15L Ultra Trail Running Hydration Vest - 2L Water Bladder Included,Kiprun 15L Hydration Vest 2L Water Included Poche à eau de Running Trail Ultra,XL,Smoked Black,160.00,152.0,EUR,fr-FR,GB-R2-U2,3,kiprun-15l-unisex-trail-running-bag-338987,https://cdn.shopify.com/s/files/1/1330/6287/files/8737877-product_image-p2806411.jpg?v=1751070197,16
3608390344314,4521314,Kiprun,accessories,accessories.water-bag,running,Water bag,Kiprun 15L Ultra Trail Running Hydration Vest - 2L Water Bladder Included,Kiprun 15L Hydration Vest 2L Water Included Poche à eau de Running Trail Ultra,XS / S,Smoked Black,160.00,152.0,EUR,fr-FR,GB-R2-U2,3,kiprun-15l-unisex-trail-running-bag-338987,https://cdn.shopify.com/s/files/1/1330/6287/files/8737877-product_image-p2806411.jpg?v=1751070197,16
3608390344321,4521315,Kiprun,accessories,accessories.water-bag,running,Water bag,Kiprun 15L Ultra Trail Running Hydration Vest - 2L Water Bladder Included,Kiprun 15L Hydration Vest 2L Water Included Poche à eau de Running Trail Ultra,M / L,Smoked Black,160.00,152.0,EUR,fr-FR,GB-R2-U2,2,kiprun-15l-unisex-trail-running-bag-338987,https://cdn.shopify.com/s/files/1/1330/6287/files/8737877-product_image-p2806411.jpg?v=1751070197,16
3583787109939,4193718,Forclaz,apparel,apparel.shorts,hike_camp,Shorts,Forclaz Men’s Travel 900 Hiking Shorts,Forclaz ’s 900 Short de Randonnée Voyage Homme,S,Bronze Brown,59.99,56.99,EUR,fr-FR,GF-R3-U2,4,forclaz-mens-shorts-travel-900-brown-307236,https://cdn.shopify.com/s/files/1/1330/6287/files/8612087-product_image-p2660387.jpg?v=1745013825,4
3583787109953,4193719,Forclaz,apparel,apparel.shorts,hike_camp,Shorts,Forclaz Men’s Travel 900 Hiking Shorts,Forclaz ’s 900 Short de Randonnée Voyage Homme,S - M,Bronze Brown,59.99,56.99,EUR,fr-FR,GF-R3-U2,4,forclaz-mens-shorts-travel-900-brown-307236,https://cdn.shopify.com/s/files/1/1330/6287/files/8612087-product_image-p2660387.jpg?v=1745013825,4
3583787109977,4193720,Forclaz,apparel,apparel.shorts,hike_camp,Shorts,Forclaz Men’s Travel 900 Hiking Shorts,Forclaz ’s 900 Short de Randonnée Voyage Homme,M,Bronze Brown,59.99,56.99,EUR,fr-FR,GF-R3-U2,7,forclaz-mens-shorts-travel-900-brown-307236,https://cdn.shopify.com/s/files/1/1330/6287/files/8612087-product_image-p2660387.jpg?v=1745013825,4
3583787109984,4193721,Forclaz,apparel,apparel.shorts,hike_camp,Shorts,Forclaz Men’s Travel 900 Hiking Shorts,Forclaz ’s 900 Short de Randonnée Voyage Homme,L,Bronze Brown,59.99,56.99,EUR,fr-FR,GF-R3-U2,6,forclaz-mens-shorts-travel-900-brown-307236,https://cdn.shopify.com/s/files/1/1330/6287/files/8612087-product_image-p2660387.jpg?v=1745013825,4
3583787109991,4193722,Forclaz,apparel,apparel.shorts,hike_camp,Shorts,Forclaz Men’s Travel 900 Hiking Shorts,Forclaz ’s 900 Short de Randonnée Voyage Homme,XL,Bronze Brown,59.99,56.99,EUR,fr-FR,GF-R3-U2,2,forclaz-mens-shorts-travel-900-brown-307236,https://cdn.shopify.com/s/files/1/1330/6287/files/8612087-product_image-p2660387.jpg?v=1745013825,4
3583787110003,4193723,Forclaz,apparel,apparel.shorts,hike_camp,Shorts,Forclaz Men’s Travel 900 Hiking Shorts,Forclaz ’s 900 Short de Randonnée Voyage Homme,XL - 2XL,Bronze Brown,59.99,56.99,EUR,fr-FR,GF-R3-U2,3,forclaz-mens-shorts-travel-900-brown-307236,https://cdn.shopify.com/s/files/1/1330/6287/files/8612087-product_image-p2660387.jpg?v=1745013825,4
3583787110010,4193724,Forclaz,apparel,apparel.shorts,hike_camp,Shorts,Forclaz Men’s Travel 900 Hiking Shorts,Forclaz ’s 900 Short de Randonnée Voyage Homme,2XL,Bronze Brown,59.99,56.99,EUR,fr-FR,GF-R3-U2,3,forclaz-mens-shorts-travel-900-brown-307236,https://cdn.shopify.com/s/files/1/1330/6287/files/8612087-product_image-p2660387.jpg?v=1745013825,4
3583787110027,4193725,Forclaz,apparel,apparel.shorts,hike_camp,Shorts,Forclaz Men’s Travel 900 Hiking Shorts,Forclaz ’s 900 Short de Randonnée Voyage Homme,3XL,Bronze Brown,59.99,56.99,EUR,fr-FR,GF-R3-U2,0,forclaz-mens-shorts-travel-900-brown-307236,https://cdn.shopify.com/s/files/1/1330/6287/files/8612087-product_image-p2660387.jpg?v=1745013825,4
3583787110041,4193726,Forclaz,apparel,apparel.shorts,hike_camp,Shorts,Forclaz Men’s Travel 900 Hiking Shorts,Forclaz ’s 900 Short de Randonnée Voyage Homme,3XL - 4XL,Bronze Brown,59.99,56.99,EUR,fr-FR,GF-R3-U2,1,forclaz-mens-shorts-travel-900-brown-307236,https://cdn.shopify.com/s/files/1/1330/6287/files/8612087-product_image-p2660387.jpg?v=1745013825,4
3608392318795,5419819,Quechua,bag_pack,bag_pack.backpack,hike_camp,Backpack,Quechua NH500 Escape 16L+4 Rolltop Hiking Backpack,Quechua NH500 Escape 16L+4 Rolltop Sac à dos de Randonnée,16L,Lunar Beige,49.99,47.49,EUR,fr-FR,GF-R3-U2,3,quechua-escape-rolltop-16-l4-hiking-backpack-blue-358339,https://cdn.shopify.com/s/files/1/1330/6287/files/8920375-product_image-p2837411.jpg?v=1743786775,24
3608392320019,5419817,Quechua,bag_pack,bag_pack.backpack,hike_camp,Backpack,Quechua NH500 Escape 16L+4 Rolltop Hiking Backpack,Quechua NH500 Escape 16L+4 Rolltop Sac à dos de Randonnée,16L,Deep Sea Turquoise,30.00,28.5,EUR,fr-FR,GF-R3-U2,4,quechua-escape-rolltop-16-l4-hiking-backpack-blue-358339,https://cdn.shopify.com/s/files/1/1330/6287/files/8920375-product_image-p2837411.jpg?v=1743786775,24
3583787448359,4468395,Simond,apparel,apparel.pullover,general,Pullover,Simond Women's Merino Wool Mountaineering Stretch Hoodie,Simond Mountaineering Stretch Hoodie Mérinos Laine Femme,L,Dark Petrol Blue,95.00,90.25,EUR,fr-FR,GF-R1-U1,4,simond-womens-hooded-pullover-merino-wool-mountaineering-blue-309576-fw25,https://cdn.shopify.com/s/files/1/1330/6287/files/8732622-product_image-p2710360.jpg?v=1755289823,14
3583787448366,4468396,Simond,apparel,apparel.pullover,general,Pullover,Simond Women's Merino Wool Mountaineering Stretch Hoodie,Simond Mountaineering Stretch Hoodie Mérinos Laine Femme,XL,Dark Petrol Blue,95.00,90.25,EUR,fr-FR,GF-R1-U1,3,simond-womens-hooded-pullover-merino-wool-mountaineering-blue-309576-fw25,https://cdn.shopify.com/s/files/1/1330/6287/files/8732622-product_image-p2710360.jpg?v=1755289823,14
3583787448380,4468392,Simond,apparel,apparel.pullover,general,Pullover,Simond Women's Merino Wool Mountaineering Stretch Hoodie,Simond Mountaineering Stretch Hoodie Mérinos Laine Femme,S,Dark Petrol Blue,95.00,90.25,EUR,fr-FR,GF-R1-U1,3,simond-womens-hooded-pullover-merino-wool-mountaineering-blue-309576-fw25,https://cdn.shopify.com/s/files/1/1330/6287/files/8732622-product_image-p2710360.jpg?v=1755289823,14
3583787448403,4468393,Simond,apparel,apparel.pullover,general,Pullover,Simond Women's Merino Wool Mountaineering Stretch Hoodie,Simond Mountaineering Stretch Hoodie Mérinos Laine Femme,M,Dark Petrol Blue,95.00,90.25,EUR,fr-FR,GF-R1-U1,4,simond-womens-hooded-pullover-merino-wool-mountaineering-blue-309576-fw25,https://cdn.shopify.com/s/files/1/1330/6287/files/8732622-product_image-p2710360.jpg?v=1755289823,14
3583784765275,4972801,Riverside,outdoor,outdoor.road-bike,general,Road bike,Riverside GCR Rival AXS Carbon Gravel Bike,Riverside GCR Rival AXS Carbon Vélo gravel,S / 5’1” - 5’6”,Light Khaki,1999.00,1899.05,EUR,fr-FR,GB-R1-U2,0,gcr-gravel-carbon-racing-bike-rival-axs-349905,https://cdn.shopify.com/s/files/1/1330/6287/files/8824881-product_image-p2391891.jpg?v=1704713335,15
3583784765282,4972837,Riverside,outdoor,outdoor.road-bike,general,Road bike,Riverside GCR Rival AXS Carbon Gravel Bike,Riverside GCR Rival AXS Carbon Vélo gravel,M / 5’5” - 5’9”,Light Khaki,1999.00,1899.05,EUR,fr-FR,GB-R1-U2,1,gcr-gravel-carbon-racing-bike-rival-axs-349905,https://cdn.shopify.com/s/files/1/1330/6287/files/8824881-product_image-p2391891.jpg?v=1704713335,15
3583784765299,4972839,Riverside,outdoor,outdoor.road-bike,general,Road bike,Riverside GCR Rival AXS Carbon Gravel Bike,Riverside GCR Rival AXS Carbon Vélo gravel,L / 5’8” - 6’2”,Light Khaki,1999.00,1899.05,EUR,fr-FR,GB-R1-U2,0,gcr-gravel-carbon-racing-bike-rival-axs-349905,https://cdn.shopify.com/s/files/1/1330/6287/files/8824881-product_image-p2391891.jpg?v=1704713335,15
3583784768207,4972841,Riverside,outdoor,outdoor.road-bike,general,Road bike,Riverside GCR Rival AXS Carbon Gravel Bike,Riverside GCR Rival AXS Carbon Vélo gravel,XL / 6’1” - 6’6”,Light Khaki,1999.00,1899.05,EUR,fr-FR,GB-R1-U2,1,gcr-gravel-carbon-racing-bike-rival-axs-349905,https://cdn.shopify.com/s/files/1/1330/6287/files/8824881-product_image-p2391891.jpg?v=1704713335,15
3608393922243,5637507,Kiprun,footwear,footwear.shoes,running,Shoes,Kiprun Kipride Max Men's Running Shoes,Kiprun Kipride Chaussures de Running Max Homme,7,Black,160.00,152.0,EUR,fr-FR,PE-02,0,kiprun-kipride-max-mens-running-shoes-362185,https://cdn.shopify.com/s/files/1/1330/6287/files/8960548-KIPRUNKIPRIDEMAXHNOIRPE6PE26-8960548-001---Expireson28-10-2035.jpg?v=1774547980,16
3608393922250,5637508,Kiprun,footwear,footwear.shoes,running,Shoes,Kiprun Kipride Max Men's Running Shoes,Kiprun Kipride Chaussures de Running Max Homme,8,Black,160.00,152.0,EUR,fr-FR,PE-02,1,kiprun-kipride-max-mens-running-shoes-362185,https://cdn.shopify.com/s/files/1/1330/6287/files/8960548-KIPRUNKIPRIDEMAXHNOIRPE6PE26-8960548-001---Expireson28-10-2035.jpg?v=1774547980,16
3608393922267,5637509,Kiprun,footwear,footwear.shoes,running,Shoes,Kiprun Kipride Max Men's Running Shoes,Kiprun Kipride Chaussures de Running Max Homme,9,Black,160.00,152.0,EUR,fr-FR,PE-02,1,kiprun-kipride-max-mens-running-shoes-362185,https://cdn.shopify.com/s/files/1/1330/6287/files/8960548-KIPRUNKIPRIDEMAXHNOIRPE6PE26-8960548-001---Expireson28-10-2035.jpg?v=1774547980,16
3608393922274,5637510,Kiprun,footwear,footwear.shoes,running,Shoes,Kiprun Kipride Max Men's Running Shoes,Kiprun Kipride Chaussures de Running Max Homme,9.5,Black,160.00,152.0,EUR,fr-FR,PE-02,1,kiprun-kipride-max-mens-running-shoes-362185,https://cdn.shopify.com/s/files/1/1330/6287/files/8960548-KIPRUNKIPRIDEMAXHNOIRPE6PE26-8960548-001---Expireson28-10-2035.jpg?v=1774547980,16
3608393923875,5518789,Kiprun,footwear,footwear.shoes,running,Shoes,Kiprun Kipride Max Men's Running Shoes,Kiprun Kipride Chaussures de Running Max Homme,7,Purple,160.00,152.0,EUR,fr-FR,PE-02,1,kiprun-kipride-max-mens-running-shoes-362185,https://cdn.shopify.com/s/files/1/1330/6287/files/8960548-KIPRUNKIPRIDEMAXHNOIRPE6PE26-8960548-001---Expireson28-10-2035.jpg?v=1774547980,16
3608393923882,5518790,Kiprun,footwear,footwear.shoes,running,Shoes,Kiprun Kipride Max Men's Running Shoes,Kiprun Kipride Chaussures de Running Max Homme,8,Purple,160.00,152.0,EUR,fr-FR,PE-02,0,kiprun-kipride-max-mens-running-shoes-362185,https://cdn.shopify.com/s/files/1/1330/6287/files/8960548-KIPRUNKIPRIDEMAXHNOIRPE6PE26-8960548-001---Expireson28-10-2035.jpg?v=1774547980,16
3608393923899,5518791,Kiprun,footwear,footwear.shoes,running,Shoes,Kiprun Kipride Max Men's Running Shoes,Kiprun Kipride Chaussures de Running Max Homme,9,Purple,160.00,152.0,EUR,fr-FR,PE-02,1,kiprun-kipride-max-mens-running-shoes-362185,https://cdn.shopify.com/s/files/1/1330/6287/files/8960548-KIPRUNKIPRIDEMAXHNOIRPE6PE26-8960548-001---Expireson28-10-2035.jpg?v=1774547980,16
3608393924308,5637513,Kiprun,footwear,footwear.shoes,running,Shoes,Kiprun Kipride Max Men's Running Shoes,Kiprun Kipride Chaussures de Running Max Homme,10,Black,160.00,152.0,EUR,fr-FR,PE-02,0,kiprun-kipride-max-mens-running-shoes-362185,https://cdn.shopify.com/s/files/1/1330/6287/files/8960548-KIPRUNKIPRIDEMAXHNOIRPE6PE26-8960548-001---Expireson28-10-2035.jpg?v=1774547980,16
3608393924315,5637514,Kiprun,footwear,footwear.shoes,running,Shoes,Kiprun Kipride Max Men's Running Shoes,Kiprun Kipride Chaussures de Running Max Homme,10.5,Black,160.00,152.0,EUR,fr-FR,PE-02,1,kiprun-kipride-max-mens-running-shoes-362185,https://cdn.shopify.com/s/files/1/1330/6287/files/8960548-KIPRUNKIPRIDEMAXHNOIRPE6PE26-8960548-001---Expireson28-10-2035.jpg?v=1774547980,16
3608393924322,5637516,Kiprun,footwear,footwear.shoes,running,Shoes,Kiprun Kipride Max Men's Running Shoes,Kiprun Kipride Chaussures de Running Max Homme,11,Black,160.00,152.0,EUR,fr-FR,PE-02,0,kiprun-kipride-max-mens-running-shoes-362185,https://cdn.shopify.com/s/files/1/1330/6287/files/8960548-KIPRUNKIPRIDEMAXHNOIRPE6PE26-8960548-001---Expireson28-10-2035.jpg?v=1774547980,16
3608393924339,5637517,Kiprun,footwear,footwear.shoes,running,Shoes,Kiprun Kipride Max Men's Running Shoes,Kiprun Kipride Chaussures de Running Max Homme,12,Black,160.00,152.0,EUR,fr-FR,PE-02,1,kiprun-kipride-max-mens-running-shoes-362185,https://cdn.shopify.com/s/files/1/1330/6287/files/8960548-KIPRUNKIPRIDEMAXHNOIRPE6PE26-8960548-001---Expireson28-10-2035.jpg?v=1774547980,16
3608393924346,5637518,Kiprun,footwear,footwear.shoes,running,Shoes,Kiprun Kipride Max Men's Running Shoes,Kiprun Kipride Chaussures de Running Max Homme,13,Black,160.00,152.0,EUR,fr-FR,PE-02,0,kiprun-kipride-max-mens-running-shoes-362185,https://cdn.shopify.com/s/files/1/1330/6287/files/8960548-KIPRUNKIPRIDEMAXHNOIRPE6PE26-8960548-001---Expireson28-10-2035.jpg?v=1774547980,16
3608393925114,5518793,Kiprun,footwear,footwear.shoes,running,Shoes,Kiprun Kipride Max Men's Running Shoes,Kiprun Kipride Chaussures de Running Max Homme,9.5,Purple,160.00,152.0,EUR,fr-FR,PE-02,1,kiprun-kipride-max-mens-running-shoes-362185,https://cdn.shopify.com/s/files/1/1330/6287/files/8960548-KIPRUNKIPRIDEMAXHNOIRPE6PE26-8960548-001---Expireson28-10-2035.jpg?v=1774547980,16
3608393925138,5518795,Kiprun,footwear,footwear.shoes,running,Shoes,Kiprun Kipride Max Men's Running Shoes,Kiprun Kipride Chaussures de Running Max Homme,10,Purple,160.00,152.0,EUR,fr-FR,PE-02,1,kiprun-kipride-max-mens-running-shoes-362185,https://cdn.shopify.com/s/files/1/1330/6287/files/8960548-KIPRUNKIPRIDEMAXHNOIRPE6PE26-8960548-001---Expireson28-10-2035.jpg?v=1774547980,16
3608393925145,5518796,Kiprun,footwear,footwear.shoes,running,Shoes,Kiprun Kipride Max Men's Running Shoes,Kiprun Kipride Chaussures de Running Max Homme,10.5,Purple,160.00,152.0,EUR,fr-FR,PE-02,0,kiprun-kipride-max-mens-running-shoes-362185,https://cdn.shopify.com/s/files/1/1330/6287/files/8960548-KIPRUNKIPRIDEMAXHNOIRPE6PE26-8960548-001---Expireson28-10-2035.jpg?v=1774547980,16
3608393925152,5518797,Kiprun,footwear,footwear.shoes,running,Shoes,Kiprun Kipride Max Men's Running Shoes,Kiprun Kipride Chaussures de Running Max Homme,11,Purple,160.00,152.0,EUR,fr-FR,PE-02,1,kiprun-kipride-max-mens-running-shoes-362185,https://cdn.shopify.com/s/files/1/1330/6287/files/8960548-KIPRUNKIPRIDEMAXHNOIRPE6PE26-8960548-001---Expireson28-10-2035.jpg?v=1774547980,16
3608393925169,5518798,Kiprun,footwear,footwear.shoes,running,Shoes,Kiprun Kipride Max Men's Running Shoes,Kiprun Kipride Chaussures de Running Max Homme,12,Purple,160.00,152.0,EUR,fr-FR,PE-02,0,kiprun-kipride-max-mens-running-shoes-362185,https://cdn.shopify.com/s/files/1/1330/6287/files/8960548-KIPRUNKIPRIDEMAXHNOIRPE6PE26-8960548-001---Expireson28-10-2035.jpg?v=1774547980,16
3608393925176,5518799,Kiprun,footwear,footwear.shoes,running,Shoes,Kiprun Kipride Max Men's Running Shoes,Kiprun Kipride Chaussures de Running Max Homme,13,Purple,160.00,152.0,EUR,fr-FR,PE-02,0,kiprun-kipride-max-mens-running-shoes-362185,https://cdn.shopify.com/s/files/1/1330/6287/files/8960548-KIPRUNKIPRIDEMAXHNOIRPE6PE26-8960548-001---Expireson28-10-2035.jpg?v=1774547980,16
3608394133921,5790718,Kiprun,footwear,footwear.shoes,running,Shoes,Kiprun Kipride Max Men's Running Shoes,Kiprun Kipride Chaussures de Running Max Homme,8.5,Purple,160.00,152.0,EUR,fr-FR,PE-02,1,kiprun-kipride-max-mens-running-shoes-362185,https://cdn.shopify.com/s/files/1/1330/6287/files/8960548-KIPRUNKIPRIDEMAXHNOIRPE6PE26-8960548-001---Expireson28-10-2035.jpg?v=1774547980,16
3608394133938,5794141,Kiprun,footwear,footwear.shoes,running,Shoes,Kiprun Kipride Max Men's Running Shoes,Kiprun Kipride Chaussures de Running Max Homme,11.5,Purple,160.00,152.0,EUR,fr-FR,PE-02,1,kiprun-kipride-max-mens-running-shoes-362185,https://cdn.shopify.com/s/files/1/1330/6287/files/8960548-KIPRUNKIPRIDEMAXHNOIRPE6PE26-8960548-001---Expireson28-10-2035.jpg?v=1774547980,16
3608394135284,5779653,Kiprun,footwear,footwear.shoes,running,Shoes,Kiprun Kipride Max Men's Running Shoes,Kiprun Kipride Chaussures de Running Max Homme,11.5,Black,160.00,152.0,EUR,fr-FR,PE-02,0,kiprun-kipride-max-mens-running-shoes-362185,https://cdn.shopify.com/s/files/1/1330/6287/files/8960548-KIPRUNKIPRIDEMAXHNOIRPE6PE26-8960548-001---Expireson28-10-2035.jpg?v=1774547980,16
3608394135345,5792088,Kiprun,footwear,footwear.shoes,running,Shoes,Kiprun Kipride Max Men's Running Shoes,Kiprun Kipride Chaussures de Running Max Homme,8.5,Black,160.00,152.0,EUR,fr-FR,PE-02,0,kiprun-kipride-max-mens-running-shoes-362185,https://cdn.shopify.com/s/files/1/1330/6287/files/8960548-KIPRUNKIPRIDEMAXHNOIRPE6PE26-8960548-001---Expireson28-10-2035.jpg?v=1774547980,16
3583784914123,5285942,Van Rysel,outdoor,outdoor.road-bike,general,Road bike,Van Rysel RCR Pro Ultegra Di2,Van Rysel RCR Pro Ultegra Di2,XS,Smoked Black,6999.00,6649.05,EUR,fr-FR,GF-R1-U1,0,van-rysel-rcr-pro-ultegra-di2-green-356501,https://cdn.shopify.com/s/files/1/1330/6287/files/VAN_RYSEL_RCR_PRO_ULTEGRA_DI2_SS_BLACK_PE24_-_8872072_8826602_8894076_-_001_---_Expires_on_23-03-2033.jpg?v=1759933010,21
3583784914130,5285943,Van Rysel,outdoor,outdoor.road-bike,general,Road bike,Van Rysel RCR Pro Ultegra Di2,Van Rysel RCR Pro Ultegra Di2,S,Smoked Black,6999.00,6649.05,EUR,fr-FR,GF-R1-U1,0,van-rysel-rcr-pro-ultegra-di2-green-356501,https://cdn.shopify.com/s/files/1/1330/6287/files/VAN_RYSEL_RCR_PRO_ULTEGRA_DI2_SS_BLACK_PE24_-_8872072_8826602_8894076_-_001_---_Expires_on_23-03-2033.jpg?v=1759933010,21
3583784914147,5285944,Van Rysel,outdoor,outdoor.road-bike,general,Road bike,Van Rysel RCR Pro Ultegra Di2,Van Rysel RCR Pro Ultegra Di2,M,Smoked Black,6999.00,6649.05,EUR,fr-FR,GF-R1-U1,0,van-rysel-rcr-pro-ultegra-di2-green-356501,https://cdn.shopify.com/s/files/1/1330/6287/files/VAN_RYSEL_RCR_PRO_ULTEGRA_DI2_SS_BLACK_PE24_-_8872072_8826602_8894076_-_001_---_Expires_on_23-03-2033.jpg?v=1759933010,21
3583784914154,5285945,Van Rysel,outdoor,outdoor.road-bike,general,Road bike,Van Rysel RCR Pro Ultegra Di2,Van Rysel RCR Pro Ultegra Di2,L,Smoked Black,6999.00,6649.05,EUR,fr-FR,GF-R1-U1,1,van-rysel-rcr-pro-ultegra-di2-green-356501,https://cdn.shopify.com/s/files/1/1330/6287/files/VAN_RYSEL_RCR_PRO_ULTEGRA_DI2_SS_BLACK_PE24_-_8872072_8826602_8894076_-_001_---_Expires_on_23-03-2033.jpg?v=1759933010,21
3583784914161,5285946,Van Rysel,outdoor,outdoor.road-bike,general,Road bike,Van Rysel RCR Pro Ultegra Di2,Van Rysel RCR Pro Ultegra Di2,XL,Smoked Black,6999.00,6649.05,EUR,fr-FR,GF-R1-U1,1,van-rysel-rcr-pro-ultegra-di2-green-356501,https://cdn.shopify.com/s/files/1/1330/6287/files/VAN_RYSEL_RCR_PRO_ULTEGRA_DI2_SS_BLACK_PE24_-_8872072_8826602_8894076_-_001_---_Expires_on_23-03-2033.jpg?v=1759933010,21
3583784914178,5285947,Van Rysel,outdoor,outdoor.road-bike,general,Road bike,Van Rysel RCR Pro Ultegra Di2,Van Rysel RCR Pro Ultegra Di2,XS,Deep Sea Turquoise,6999.00,6649.05,EUR,fr-FR,GF-R1-U1,0,van-rysel-rcr-pro-ultegra-di2-green-356501,https://cdn.shopify.com/s/files/1/1330/6287/files/VAN_RYSEL_RCR_PRO_ULTEGRA_DI2_SS_BLACK_PE24_-_8872072_8826602_8894076_-_001_---_Expires_on_23-03-2033.jpg?v=1759933010,21
3583784914185,5285948,Van Rysel,outdoor,outdoor.road-bike,general,Road bike,Van Rysel RCR Pro Ultegra Di2,Van Rysel RCR Pro Ultegra Di2,S,Deep Sea Turquoise,6999.00,6649.05,EUR,fr-FR,GF-R1-U1,0,van-rysel-rcr-pro-ultegra-di2-green-356501,https://cdn.shopify.com/s/files/1/1330/6287/files/VAN_RYSEL_RCR_PRO_ULTEGRA_DI2_SS_BLACK_PE24_-_8872072_8826602_8894076_-_001_---_Expires_on_23-03-2033.jpg?v=1759933010,21
3583784914192,5285949,Van Rysel,outdoor,outdoor.road-bike,general,Road bike,Van Rysel RCR Pro Ultegra Di2,Van Rysel RCR Pro Ultegra Di2,M,Deep Sea Turquoise,6999.00,6649.05,EUR,fr-FR,GF-R1-U1,0,van-rysel-rcr-pro-ultegra-di2-green-356501,https://cdn.shopify.com/s/files/1/1330/6287/files/VAN_RYSEL_RCR_PRO_ULTEGRA_DI2_SS_BLACK_PE24_-_8872072_8826602_8894076_-_001_---_Expires_on_23-03-2033.jpg?v=1759933010,21
3583784914208,5285950,Van Rysel,outdoor,outdoor.road-bike,general,Road bike,Van Rysel RCR Pro Ultegra Di2,Van Rysel RCR Pro Ultegra Di2,L,Deep Sea Turquoise,6999.00,6649.05,EUR,fr-FR,GF-R1-U1,0,van-rysel-rcr-pro-ultegra-di2-green-356501,https://cdn.shopify.com/s/files/1/1330/6287/files/VAN_RYSEL_RCR_PRO_ULTEGRA_DI2_SS_BLACK_PE24_-_8872072_8826602_8894076_-_001_---_Expires_on_23-03-2033.jpg?v=1759933010,21
3583784914215,5285951,Van Rysel,outdoor,outdoor.road-bike,general,Road bike,Van Rysel RCR Pro Ultegra Di2,Van Rysel RCR Pro Ultegra Di2,XL,Deep Sea Turquoise,6999.00,6649.05,EUR,fr-FR,GF-R1-U1,0,van-rysel-rcr-pro-ultegra-di2-green-356501,https://cdn.shopify.com/s/files/1/1330/6287/files/VAN_RYSEL_RCR_PRO_ULTEGRA_DI2_SS_BLACK_PE24_-_8872072_8826602_8894076_-_001_---_Expires_on_23-03-2033.jpg?v=1759933010,21
3608439249952,4833696,Quechua,apparel,apparel.overalls,hike_camp,Overalls,Quechua Men's NH500 Waterproof Over Pants,Quechua NH500 Over Pantalon Imperméable Homme,W30 L33,Black,34.99,33.24,EUR,fr-FR,GB-R3-U1,4,mens-waterproof-hiking-over-pants-nh500-imper-345947,https://cdn.shopify.com/s/files/1/1330/6287/files/8796550-product_image-p2621215.jpg?v=1755805959,9
3608439249969,4833694,Quechua,apparel,apparel.overalls,hike_camp,Overalls,Quechua Men's NH500 Waterproof Over Pants,Quechua NH500 Over Pantalon Imperméable Homme,W28 L33,Black,34.99,33.24,EUR,fr-FR,GB-R3-U1,3,mens-waterproof-hiking-over-pants-nh500-imper-345947,https://cdn.shopify.com/s/files/1/1330/6287/files/8796550-product_image-p2621215.jpg?v=1755805959,9
3608439249976,4833706,Quechua,apparel,apparel.overalls,hike_camp,Overalls,Quechua Men's NH500 Waterproof Over Pants,Quechua NH500 Over Pantalon Imperméable Homme,W44 L34,Black,34.99,33.24,EUR,fr-FR,GB-R3-U1,2,mens-waterproof-hiking-over-pants-nh500-imper-345947,https://cdn.shopify.com/s/files/1/1330/6287/files/8796550-product_image-p2621215.jpg?v=1755805959,9
3608439249983,4833704,Quechua,apparel,apparel.overalls,hike_camp,Overalls,Quechua Men's NH500 Waterproof Over Pants,Quechua NH500 Over Pantalon Imperméable Homme,W41 L34,Black,34.99,33.24,EUR,fr-FR,GB-R3-U1,4,mens-waterproof-hiking-over-pants-nh500-imper-345947,https://cdn.shopify.com/s/files/1/1330/6287/files/8796550-product_image-p2621215.jpg?v=1755805959,9
3608439249990,4833702,Quechua,apparel,apparel.overalls,hike_camp,Overalls,Quechua Men's NH500 Waterproof Over Pants,Quechua NH500 Over Pantalon Imperméable Homme,W37 L34,Black,34.99,33.24,EUR,fr-FR,GB-R3-U1,6,mens-waterproof-hiking-over-pants-nh500-imper-345947,https://cdn.shopify.com/s/files/1/1330/6287/files/8796550-product_image-p2621215.jpg?v=1755805959,9
3608439250002,4833700,Quechua,apparel,apparel.overalls,hike_camp,Overalls,Quechua Men's NH500 Waterproof Over Pants,Quechua NH500 Over Pantalon Imperméable Homme,W34 L34,Black,34.99,33.24,EUR,fr-FR,GB-R3-U1,6,mens-waterproof-hiking-over-pants-nh500-imper-345947,https://cdn.shopify.com/s/files/1/1330/6287/files/8796550-product_image-p2621215.jpg?v=1755805959,9
3608439250019,4833698,Quechua,apparel,apparel.overalls,hike_camp,Overalls,Quechua Men's NH500 Waterproof Over Pants,Quechua NH500 Over Pantalon Imperméable Homme,W32 L33,Black,34.99,33.24,EUR,fr-FR,GB-R3-U1,6,mens-waterproof-hiking-over-pants-nh500-imper-345947,https://cdn.shopify.com/s/files/1/1330/6287/files/8796550-product_image-p2621215.jpg?v=1755805959,9
3583784285490,4630474,Quechua,apparel,apparel.fleece,hike_camp,Fleece,Quechua Men's MH120 Fleece Hiking Jacket,Quechua MH120 Fleece Veste de Randonnée Homme,S,Laurel Green,24.00,22.8,EUR,fr-FR,GB-R3-U2,5,quechua-mens-hiking-fleece-jacket-mh120-333908,https://cdn.shopify.com/s/files/1/1330/6287/files/8749613-product_image-p2387087.jpg?v=1755805888,14
3583784286404,4630475,Quechua,apparel,apparel.fleece,hike_camp,Fleece,Quechua Men's MH120 Fleece Hiking Jacket,Quechua MH120 Fleece Veste de Randonnée Homme,M,Laurel Green,24.00,22.8,EUR,fr-FR,GB-R3-U2,8,quechua-mens-hiking-fleece-jacket-mh120-333908,https://cdn.shopify.com/s/files/1/1330/6287/files/8749613-product_image-p2387087.jpg?v=1755805888,14
3583784286411,4630476,Quechua,apparel,apparel.fleece,hike_camp,Fleece,Quechua Men's MH120 Fleece Hiking Jacket,Quechua MH120 Fleece Veste de Randonnée Homme,L,Laurel Green,24.00,22.8,EUR,fr-FR,GB-R3-U2,7,quechua-mens-hiking-fleece-jacket-mh120-333908,https://cdn.shopify.com/s/files/1/1330/6287/files/8749613-product_image-p2387087.jpg?v=1755805888,14
3583784286428,4630477,Quechua,apparel,apparel.fleece,hike_camp,Fleece,Quechua Men's MH120 Fleece Hiking Jacket,Quechua MH120 Fleece Veste de Randonnée Homme,XL,Laurel Green,24.00,22.8,EUR,fr-FR,GB-R3-U2,5,quechua-mens-hiking-fleece-jacket-mh120-333908,https://cdn.shopify.com/s/files/1/1330/6287/files/8749613-product_image-p2387087.jpg?v=1755805888,14
3583784286435,4630478,Quechua,apparel,apparel.fleece,hike_camp,Fleece,Quechua Men's MH120 Fleece Hiking Jacket,Quechua MH120 Fleece Veste de Randonnée Homme,2XL,Laurel Green,24.00,22.8,EUR,fr-FR,GB-R3-U2,3,quechua-mens-hiking-fleece-jacket-mh120-333908,https://cdn.shopify.com/s/files/1/1330/6287/files/8749613-product_image-p2387087.jpg?v=1755805888,14
3583784286442,4630479,Quechua,apparel,apparel.fleece,hike_camp,Fleece,Quechua Men's MH120 Fleece Hiking Jacket,Quechua MH120 Fleece Veste de Randonnée Homme,3XL,Laurel Green,24.00,22.8,EUR,fr-FR,GB-R3-U2,1,quechua-mens-hiking-fleece-jacket-mh120-333908,https://cdn.shopify.com/s/files/1/1330/6287/files/8749613-product_image-p2387087.jpg?v=1755805888,14
3608390862221,5102104,Van Rysel,outdoor,outdoor.home-trainer,general,Home trainer,Van Rysel RCR Smart Trainer with Zwift Cog and Click,Van Rysel RCR Smart Trainer with Zwift Cog and Click,OS,,999.00,949.05,EUR,fr-FR,GF-R1-U2,3,van-rysel-rcr-home-trainer-with-zwift-cog-and-click-347879-fw25,https://cdn.shopify.com/s/files/1/1330/6287/files/8861638-product_image-p2994247.jpg?v=1755553639,13
3608393232267,5625174,Quechua,outdoor,outdoor.tent,hike_camp,tent,Quechua 2 Second Easy Fresh & Black Waterproof Pop Up Camping Tent 3 Person,Quechua 2 Second Easy Fresh Black Pop Up Camping 3 Person Tente Imperméable,3 Person,Snowy White,359.00,341.05,EUR,fr-FR,GB-R3-U1,2,quechua-fresh-black-2-seconds-easy-waterproof-pop-up-camping-tent-3-person-331608,https://cdn.shopify.com/s/files/1/1330/6287/files/8640907-product_image-p2182779.jpg?v=1754004042,30
3583787261712,4516772,Simond,bag_pack,bag_pack.backpack,general,Backpack,Simond Alpinism Evo 40L Mountaineering Backpack,Simond Alpinism Evo 40L Mountaineering Sac à dos,40 L,Black,150.00,142.5,EUR,fr-FR,PE-03,7,simond-alpinism-evo-40l-mountaineering-backpack-338931,https://cdn.shopify.com/s/files/1/1330/6287/files/8737227-product_image-p2422973.jpg?v=1740485055,15
3608391920982,5335091,Quechua,apparel,apparel.jacket,hike_camp,Jacket,Quechua Women's MH100 Lightweight Waterproof Hiking Jacket,Quechua MH100 Veste Léger Imperméable de Randonnée Femme,S,Pearl Beige,60.00,57.0,EUR,fr-FR,GF-R3-U1,2,quechua-womens-hiking-jacket-mh100-beige-351385,https://cdn.shopify.com/s/files/1/1330/6287/files/8911566-product_image-p2862706.jpg?v=1746484986,13
3608391920999,5335092,Quechua,apparel,apparel.jacket,hike_camp,Jacket,Quechua Women's MH100 Lightweight Waterproof Hiking Jacket,Quechua MH100 Veste Léger Imperméable de Randonnée Femme,M,Pearl Beige,60.00,57.0,EUR,fr-FR,GF-R3-U1,4,quechua-womens-hiking-jacket-mh100-beige-351385,https://cdn.shopify.com/s/files/1/1330/6287/files/8911566-product_image-p2862706.jpg?v=1746484986,13
3608391921309,5335093,Quechua,apparel,apparel.jacket,hike_camp,Jacket,Quechua Women's MH100 Lightweight Waterproof Hiking Jacket,Quechua MH100 Veste Léger Imperméable de Randonnée Femme,L,Pearl Beige,60.00,57.0,EUR,fr-FR,GF-R3-U1,4,quechua-womens-hiking-jacket-mh100-beige-351385,https://cdn.shopify.com/s/files/1/1330/6287/files/8911566-product_image-p2862706.jpg?v=1746484986,13
3608391921316,5335094,Quechua,apparel,apparel.jacket,hike_camp,Jacket,Quechua Women's MH100 Lightweight Waterproof Hiking Jacket,Quechua MH100 Veste Léger Imperméable de Randonnée Femme,XL,Pearl Beige,60.00,57.0,EUR,fr-FR,GF-R3-U1,3,quechua-womens-hiking-jacket-mh100-beige-351385,https://cdn.shopify.com/s/files/1/1330/6287/files/8911566-product_image-p2862706.jpg?v=1746484986,13
3608391921323,5335095,Quechua,apparel,apparel.jacket,hike_camp,Jacket,Quechua Women's MH100 Lightweight Waterproof Hiking Jacket,Quechua MH100 Veste Léger Imperméable de Randonnée Femme,2XL,Pearl Beige,60.00,57.0,EUR,fr-FR,GF-R3-U1,1,quechua-womens-hiking-jacket-mh100-beige-351385,https://cdn.shopify.com/s/files/1/1330/6287/files/8911566-product_image-p2862706.jpg?v=1746484986,13
3608391921330,5335096,Quechua,apparel,apparel.jacket,hike_camp,Jacket,Quechua Women's MH100 Lightweight Waterproof Hiking Jacket,Quechua MH100 Veste Léger Imperméable de Randonnée Femme,3XL,Pearl Beige,60.00,57.0,EUR,fr-FR,GF-R3-U1,1,quechua-womens-hiking-jacket-mh100-beige-351385,https://cdn.shopify.com/s/files/1/1330/6287/files/8911566-product_image-p2862706.jpg?v=1746484986,13
3583787764930,2837645,Simond,apparel,apparel.pullover,general,Pullover,Simond Men's Hooded Merino Wool Pullover,Simond Pull à Capuche Mérinos Laine Homme,L,Inkpot Blue,95.00,90.25,EUR,fr-FR,GF-R1-U2,6,simond-mens-hooded-pullover-merino-wool-mountaineering-blue-309545,https://cdn.shopify.com/s/files/1/1330/6287/files/8540152-product_image-p2710486.jpg?v=1762552950,14
3583787764947,2837646,Simond,apparel,apparel.pullover,general,Pullover,Simond Men's Hooded Merino Wool Pullover,Simond Pull à Capuche Mérinos Laine Homme,M,Inkpot Blue,95.00,90.25,EUR,fr-FR,GF-R1-U2,6,simond-mens-hooded-pullover-merino-wool-mountaineering-blue-309545,https://cdn.shopify.com/s/files/1/1330/6287/files/8540152-product_image-p2710486.jpg?v=1762552950,14
3583787764954,2837644,Simond,apparel,apparel.pullover,general,Pullover,Simond Men's Hooded Merino Wool Pullover,Simond Pull à Capuche Mérinos Laine Homme,2XL,Inkpot Blue,95.00,90.25,EUR,fr-FR,GF-R1-U2,2,simond-mens-hooded-pullover-merino-wool-mountaineering-blue-309545,https://cdn.shopify.com/s/files/1/1330/6287/files/8540152-product_image-p2710486.jpg?v=1762552950,14
3583787764978,2837647,Simond,apparel,apparel.pullover,general,Pullover,Simond Men's Hooded Merino Wool Pullover,Simond Pull à Capuche Mérinos Laine Homme,S,Inkpot Blue,95.00,90.25,EUR,fr-FR,GF-R1-U2,4,simond-mens-hooded-pullover-merino-wool-mountaineering-blue-309545,https://cdn.shopify.com/s/files/1/1330/6287/files/8540152-product_image-p2710486.jpg?v=1762552950,14
3583787764985,2837648,Simond,apparel,apparel.pullover,general,Pullover,Simond Men's Hooded Merino Wool Pullover,Simond Pull à Capuche Mérinos Laine Homme,XL,Inkpot Blue,95.00,90.25,EUR,fr-FR,GF-R1-U2,4,simond-mens-hooded-pullover-merino-wool-mountaineering-blue-309545,https://cdn.shopify.com/s/files/1/1330/6287/files/8540152-product_image-p2710486.jpg?v=1762552950,14
3608393142689,4512979,Simond,apparel,apparel.down-jacket,general,Down jacket,Simond Women’s MT900 Hooded Down Puffer Jacket,Simond ’s MT900 Doudoune à Capuche Duvet Femme,XS,Carbon Gray,170.00,161.5,EUR,fr-FR,GB-R1-U1,1,simond-womens-mt900-hooded-down-puffer-jacket-338697,https://cdn.shopify.com/s/files/1/1330/6287/files/8736242-product_image-p2688023.jpg?v=1757698454,25
3608393142696,4512980,Simond,apparel,apparel.down-jacket,general,Down jacket,Simond Women’s MT900 Hooded Down Puffer Jacket,Simond ’s MT900 Doudoune à Capuche Duvet Femme,S,Carbon Gray,170.00,161.5,EUR,fr-FR,GB-R1-U1,1,simond-womens-mt900-hooded-down-puffer-jacket-338697,https://cdn.shopify.com/s/files/1/1330/6287/files/8736242-product_image-p2688023.jpg?v=1757698454,25
3608393142702,4512981,Simond,apparel,apparel.down-jacket,general,Down jacket,Simond Women’s MT900 Hooded Down Puffer Jacket,Simond ’s MT900 Doudoune à Capuche Duvet Femme,M,Carbon Gray,170.00,161.5,EUR,fr-FR,GB-R1-U1,2,simond-womens-mt900-hooded-down-puffer-jacket-338697,https://cdn.shopify.com/s/files/1/1330/6287/files/8736242-product_image-p2688023.jpg?v=1757698454,25
3608393142719,4512982,Simond,apparel,apparel.down-jacket,general,Down jacket,Simond Women’s MT900 Hooded Down Puffer Jacket,Simond ’s MT900 Doudoune à Capuche Duvet Femme,L,Carbon Gray,170.00,161.5,EUR,fr-FR,GB-R1-U1,1,simond-womens-mt900-hooded-down-puffer-jacket-338697,https://cdn.shopify.com/s/files/1/1330/6287/files/8736242-product_image-p2688023.jpg?v=1757698454,25
3608393142726,4512983,Simond,apparel,apparel.down-jacket,general,Down jacket,Simond Women’s MT900 Hooded Down Puffer Jacket,Simond ’s MT900 Doudoune à Capuche Duvet Femme,XL,Carbon Gray,170.00,161.5,EUR,fr-FR,GB-R1-U1,2,simond-womens-mt900-hooded-down-puffer-jacket-338697,https://cdn.shopify.com/s/files/1/1330/6287/files/8736242-product_image-p2688023.jpg?v=1757698454,25
3608393142733,4512984,Simond,apparel,apparel.down-jacket,general,Down jacket,Simond Women’s MT900 Hooded Down Puffer Jacket,Simond ’s MT900 Doudoune à Capuche Duvet Femme,2XL,Carbon Gray,170.00,161.5,EUR,fr-FR,GB-R1-U1,1,simond-womens-mt900-hooded-down-puffer-jacket-338697,https://cdn.shopify.com/s/files/1/1330/6287/files/8736242-product_image-p2688023.jpg?v=1757698454,25
3608393142740,4512991,Simond,apparel,apparel.down-jacket,general,Down jacket,Simond Women’s MT900 Hooded Down Puffer Jacket,Simond ’s MT900 Doudoune à Capuche Duvet Femme,XS,Deep Chocolate Truffle,249.00,236.55,EUR,fr-FR,GB-R1-U1,0,simond-womens-mt900-hooded-down-puffer-jacket-338697,https://cdn.shopify.com/s/files/1/1330/6287/files/8736242-product_image-p2688023.jpg?v=1757698454,25
3608393142757,4512992,Simond,apparel,apparel.down-jacket,general,Down jacket,Simond Women’s MT900 Hooded Down Puffer Jacket,Simond ’s MT900 Doudoune à Capuche Duvet Femme,S,Deep Chocolate Truffle,249.00,236.55,EUR,fr-FR,GB-R1-U1,1,simond-womens-mt900-hooded-down-puffer-jacket-338697,https://cdn.shopify.com/s/files/1/1330/6287/files/8736242-product_image-p2688023.jpg?v=1757698454,25
3608393142764,4512993,Simond,apparel,apparel.down-jacket,general,Down jacket,Simond Women’s MT900 Hooded Down Puffer Jacket,Simond ’s MT900 Doudoune à Capuche Duvet Femme,M,Deep Chocolate Truffle,249.00,236.55,EUR,fr-FR,GB-R1-U1,2,simond-womens-mt900-hooded-down-puffer-jacket-338697,https://cdn.shopify.com/s/files/1/1330/6287/files/8736242-product_image-p2688023.jpg?v=1757698454,25
3608393142771,4512994,Simond,apparel,apparel.down-jacket,general,Down jacket,Simond Women’s MT900 Hooded Down Puffer Jacket,Simond ’s MT900 Doudoune à Capuche Duvet Femme,L,Deep Chocolate Truffle,249.00,236.55,EUR,fr-FR,GB-R1-U1,2,simond-womens-mt900-hooded-down-puffer-jacket-338697,https://cdn.shopify.com/s/files/1/1330/6287/files/8736242-product_image-p2688023.jpg?v=1757698454,25
3608393142788,4512995,Simond,apparel,apparel.down-jacket,general,Down jacket,Simond Women’s MT900 Hooded Down Puffer Jacket,Simond ’s MT900 Doudoune à Capuche Duvet Femme,XL,Deep Chocolate Truffle,249.00,236.55,EUR,fr-FR,GB-R1-U1,1,simond-womens-mt900-hooded-down-puffer-jacket-338697,https://cdn.shopify.com/s/files/1/1330/6287/files/8736242-product_image-p2688023.jpg?v=1757698454,25
3608393142795,4512996,Simond,apparel,apparel.down-jacket,general,Down jacket,Simond Women’s MT900 Hooded Down Puffer Jacket,Simond ’s MT900 Doudoune à Capuche Duvet Femme,2XL,Deep Chocolate Truffle,249.00,236.55,EUR,fr-FR,GB-R1-U1,0,simond-womens-mt900-hooded-down-puffer-jacket-338697,https://cdn.shopify.com/s/files/1/1330/6287/files/8736242-product_image-p2688023.jpg?v=1757698454,25
3608390000326,2706524,Wedze,accessories,accessories.mittens,general,Mittens,Wedze Kids' 100 Warm and Waterproof Ski Mittens,Wedze 100 and Moufles Imperméable Chaud de Ski Enfant,10 Years,Smoked Black,16.99,16.14,EUR,fr-FR,CO-IR,1,100-ski-mittens-306373-fw25,https://cdn.shopify.com/s/files/1/1330/6287/products/8543179-product_image-1668772.jpg?v=1700502965,5
3608390000333,2706525,Wedze,accessories,accessories.mittens,general,Mittens,Wedze Kids' 100 Warm and Waterproof Ski Mittens,Wedze 100 and Moufles Imperméable Chaud de Ski Enfant,12 Years,Smoked Black,16.99,16.14,EUR,fr-FR,CO-IR,1,100-ski-mittens-306373-fw25,https://cdn.shopify.com/s/files/1/1330/6287/products/8543179-product_image-1668772.jpg?v=1700502965,5
3608390000340,2706526,Wedze,accessories,accessories.mittens,general,Mittens,Wedze Kids' 100 Warm and Waterproof Ski Mittens,Wedze 100 and Moufles Imperméable Chaud de Ski Enfant,4 Years,Smoked Black,16.99,16.14,EUR,fr-FR,CO-IR,1,100-ski-mittens-306373-fw25,https://cdn.shopify.com/s/files/1/1330/6287/products/8543179-product_image-1668772.jpg?v=1700502965,5
3608390000357,2706527,Wedze,accessories,accessories.mittens,general,Mittens,Wedze Kids' 100 Warm and Waterproof Ski Mittens,Wedze 100 and Moufles Imperméable Chaud de Ski Enfant,6 Years,Smoked Black,16.99,16.14,EUR,fr-FR,CO-IR,2,100-ski-mittens-306373-fw25,https://cdn.shopify.com/s/files/1/1330/6287/products/8543179-product_image-1668772.jpg?v=1700502965,5
3608390000364,2706528,Wedze,accessories,accessories.mittens,general,Mittens,Wedze Kids' 100 Warm and Waterproof Ski Mittens,Wedze 100 and Moufles Imperméable Chaud de Ski Enfant,8 Years,Smoked Black,16.99,16.14,EUR,fr-FR,CO-IR,1,100-ski-mittens-306373-fw25,https://cdn.shopify.com/s/files/1/1330/6287/products/8543179-product_image-1668772.jpg?v=1700502965,5
3608390009817,2989144,Wedze,accessories,accessories.mittens,general,Mittens,Wedze Kids' 100 Warm and Waterproof Ski Mittens,Wedze 100 and Moufles Imperméable Chaud de Ski Enfant,14 Years,Smoked Black,16.99,16.14,EUR,fr-FR,CO-IR,1,100-ski-mittens-306373-fw25,https://cdn.shopify.com/s/files/1/1330/6287/products/8543179-product_image-1668772.jpg?v=1700502965,5
3608439462788,2558434,Quechua,outdoor,outdoor.cookset,hike_camp,Cookset,Quechua MH100 1.6 L Stainless Steel 2-Person Camping Cookset,Quechua MH100 1.6 Stainless Steel 2-Person Camping Popote,One Size,Dark Gray,24.99,23.74,EUR,fr-FR,GB-R3-U2,2,camping-cook-set-stainless-2-person-mh100,https://cdn.shopify.com/s/files/1/1330/6287/files/8492725-product_image-p2578992.jpg?v=1712143243,11
3608390009060,2908939,Wedze,accessories,accessories.mittens,general,Mittens,Wedze Adult 100 Waterproof Ski Mitten,Wedze 100 Mitten Imperméable de Ski Adulte,2XL,Smoked Black,29.99,28.49,EUR,fr-FR,GB-R1-U1,2,wedze-100-ski-mittens-adult-310527-fw25,https://cdn.shopify.com/s/files/1/1330/6287/files/8562903-product_image-p2910805.jpg?v=1755560779,7
3608390009077,2908940,Wedze,accessories,accessories.mittens,general,Mittens,Wedze Adult 100 Waterproof Ski Mitten,Wedze 100 Mitten Imperméable de Ski Adulte,L,Smoked Black,29.99,28.49,EUR,fr-FR,GB-R1-U1,2,wedze-100-ski-mittens-adult-310527-fw25,https://cdn.shopify.com/s/files/1/1330/6287/files/8562903-product_image-p2910805.jpg?v=1755560779,7
3608390009084,2908941,Wedze,accessories,accessories.mittens,general,Mittens,Wedze Adult 100 Waterproof Ski Mitten,Wedze 100 Mitten Imperméable de Ski Adulte,M,Smoked Black,29.99,28.49,EUR,fr-FR,GB-R1-U1,1,wedze-100-ski-mittens-adult-310527-fw25,https://cdn.shopify.com/s/files/1/1330/6287/files/8562903-product_image-p2910805.jpg?v=1755560779,7
3608390009091,2908942,Wedze,accessories,accessories.mittens,general,Mittens,Wedze Adult 100 Waterproof Ski Mitten,Wedze 100 Mitten Imperméable de Ski Adulte,S,Smoked Black,29.99,28.49,EUR,fr-FR,GB-R1-U1,2,wedze-100-ski-mittens-adult-310527-fw25,https://cdn.shopify.com/s/files/1/1330/6287/files/8562903-product_image-p2910805.jpg?v=1755560779,7
3608390009107,2908943,Wedze,accessories,accessories.mittens,general,Mittens,Wedze Adult 100 Waterproof Ski Mitten,Wedze 100 Mitten Imperméable de Ski Adulte,XL,Smoked Black,29.99,28.49,EUR,fr-FR,GB-R1-U1,1,wedze-100-ski-mittens-adult-310527-fw25,https://cdn.shopify.com/s/files/1/1330/6287/files/8562903-product_image-p2910805.jpg?v=1755560779,7
3608393003782,5395754,Quechua,apparel,apparel.fleece,hike_camp,Fleece,Quechua Men's MH500 Full-Zip Hiking Fleece,Quechua MH500 Full-Zip Polaire de Randonnée Homme,S,Sand,60.00,57.0,EUR,fr-FR,GF-R3-U2,1,quechua-mens-mountain-hiking-fleece-jacket-mh500-full-zip-black-358741-fw25,https://cdn.shopify.com/s/files/1/1330/6287/files/8917587-product_image-p2938992.jpg?v=1755553809,16
3608393003799,5395755,Quechua,apparel,apparel.fleece,hike_camp,Fleece,Quechua Men's MH500 Full-Zip Hiking Fleece,Quechua MH500 Full-Zip Polaire de Randonnée Homme,M,Sand,60.00,57.0,EUR,fr-FR,GF-R3-U2,2,quechua-mens-mountain-hiking-fleece-jacket-mh500-full-zip-black-358741-fw25,https://cdn.shopify.com/s/files/1/1330/6287/files/8917587-product_image-p2938992.jpg?v=1755553809,16
3608393003805,5395756,Quechua,apparel,apparel.fleece,hike_camp,Fleece,Quechua Men's MH500 Full-Zip Hiking Fleece,Quechua MH500 Full-Zip Polaire de Randonnée Homme,L,Sand,60.00,57.0,EUR,fr-FR,GF-R3-U2,2,quechua-mens-mountain-hiking-fleece-jacket-mh500-full-zip-black-358741-fw25,https://cdn.shopify.com/s/files/1/1330/6287/files/8917587-product_image-p2938992.jpg?v=1755553809,16
3608393003812,5395757,Quechua,apparel,apparel.fleece,hike_camp,Fleece,Quechua Men's MH500 Full-Zip Hiking Fleece,Quechua MH500 Full-Zip Polaire de Randonnée Homme,XL,Sand,60.00,57.0,EUR,fr-FR,GF-R3-U2,1,quechua-mens-mountain-hiking-fleece-jacket-mh500-full-zip-black-358741-fw25,https://cdn.shopify.com/s/files/1/1330/6287/files/8917587-product_image-p2938992.jpg?v=1755553809,16
3608393003829,5395758,Quechua,apparel,apparel.fleece,hike_camp,Fleece,Quechua Men's MH500 Full-Zip Hiking Fleece,Quechua MH500 Full-Zip Polaire de Randonnée Homme,2XL,Sand,60.00,57.0,EUR,fr-FR,GF-R3-U2,0,quechua-mens-mountain-hiking-fleece-jacket-mh500-full-zip-black-358741-fw25,https://cdn.shopify.com/s/files/1/1330/6287/files/8917587-product_image-p2938992.jpg?v=1755553809,16
3608393003836,5395759,Quechua,apparel,apparel.fleece,hike_camp,Fleece,Quechua Men's MH500 Full-Zip Hiking Fleece,Quechua MH500 Full-Zip Polaire de Randonnée Homme,3XL,Sand,60.00,57.0,EUR,fr-FR,GF-R3-U2,1,quechua-mens-mountain-hiking-fleece-jacket-mh500-full-zip-black-358741-fw25,https://cdn.shopify.com/s/files/1/1330/6287/files/8917587-product_image-p2938992.jpg?v=1755553809,16
3608393003928,5395763,Quechua,apparel,apparel.fleece,hike_camp,Fleece,Quechua Men's MH500 Full-Zip Hiking Fleece,Quechua MH500 Full-Zip Polaire de Randonnée Homme,S,Dark Green Gray,89.99,85.49,EUR,fr-FR,GF-R3-U2,1,quechua-mens-mountain-hiking-fleece-jacket-mh500-full-zip-black-358741-fw25,https://cdn.shopify.com/s/files/1/1330/6287/files/8917587-product_image-p2938992.jpg?v=1755553809,16
3608393003935,5395764,Quechua,apparel,apparel.fleece,hike_camp,Fleece,Quechua Men's MH500 Full-Zip Hiking Fleece,Quechua MH500 Full-Zip Polaire de Randonnée Homme,M,Dark Green Gray,89.99,85.49,EUR,fr-FR,GF-R3-U2,2,quechua-mens-mountain-hiking-fleece-jacket-mh500-full-zip-black-358741-fw25,https://cdn.shopify.com/s/files/1/1330/6287/files/8917587-product_image-p2938992.jpg?v=1755553809,16
3608393003942,5395765,Quechua,apparel,apparel.fleece,hike_camp,Fleece,Quechua Men's MH500 Full-Zip Hiking Fleece,Quechua MH500 Full-Zip Polaire de Randonnée Homme,L,Dark Green Gray,89.99,85.49,EUR,fr-FR,GF-R3-U2,2,quechua-mens-mountain-hiking-fleece-jacket-mh500-full-zip-black-358741-fw25,https://cdn.shopify.com/s/files/1/1330/6287/files/8917587-product_image-p2938992.jpg?v=1755553809,16
3608393003959,5395766,Quechua,apparel,apparel.fleece,hike_camp,Fleece,Quechua Men's MH500 Full-Zip Hiking Fleece,Quechua MH500 Full-Zip Polaire de Randonnée Homme,XL,Dark Green Gray,89.99,85.49,EUR,fr-FR,GF-R3-U2,1,quechua-mens-mountain-hiking-fleece-jacket-mh500-full-zip-black-358741-fw25,https://cdn.shopify.com/s/files/1/1330/6287/files/8917587-product_image-p2938992.jpg?v=1755553809,16
3608393003966,5395767,Quechua,apparel,apparel.fleece,hike_camp,Fleece,Quechua Men's MH500 Full-Zip Hiking Fleece,Quechua MH500 Full-Zip Polaire de Randonnée Homme,2XL,Dark Green Gray,89.99,85.49,EUR,fr-FR,GF-R3-U2,1,quechua-mens-mountain-hiking-fleece-jacket-mh500-full-zip-black-358741-fw25,https://cdn.shopify.com/s/files/1/1330/6287/files/8917587-product_image-p2938992.jpg?v=1755553809,16
3608393003973,5395768,Quechua,apparel,apparel.fleece,hike_camp,Fleece,Quechua Men's MH500 Full-Zip Hiking Fleece,Quechua MH500 Full-Zip Polaire de Randonnée Homme,3XL,Dark Green Gray,89.99,85.49,EUR,fr-FR,GF-R3-U2,0,quechua-mens-mountain-hiking-fleece-jacket-mh500-full-zip-black-358741-fw25,https://cdn.shopify.com/s/files/1/1330/6287/files/8917587-product_image-p2938992.jpg?v=1755553809,16
3608391190002,5034572,Kiprun,apparel,apparel.windbreaker,running,Windbreaker,Kiprun Men's Run 100 Windproof Running & Trail Jacket,Kiprun Run 100 Windproof Veste de Running Trail Homme,S,Smoked Black,25.00,23.75,EUR,fr-FR,GF-R2-U1,4,kalenji-mens-kiprun-run-100-windproof-running-trail-running-jacket-black-350661,https://cdn.shopify.com/s/files/1/1330/6287/files/8843362-product_image-p2709158.jpg?v=1741974183,6
3608391190019,5034573,Kiprun,apparel,apparel.windbreaker,running,Windbreaker,Kiprun Men's Run 100 Windproof Running & Trail Jacket,Kiprun Run 100 Windproof Veste de Running Trail Homme,M,Smoked Black,25.00,23.75,EUR,fr-FR,GF-R2-U1,6,kalenji-mens-kiprun-run-100-windproof-running-trail-running-jacket-black-350661,https://cdn.shopify.com/s/files/1/1330/6287/files/8843362-product_image-p2709158.jpg?v=1741974183,6
3608391190026,5034574,Kiprun,apparel,apparel.windbreaker,running,Windbreaker,Kiprun Men's Run 100 Windproof Running & Trail Jacket,Kiprun Run 100 Windproof Veste de Running Trail Homme,L,Smoked Black,25.00,23.75,EUR,fr-FR,GF-R2-U1,6,kalenji-mens-kiprun-run-100-windproof-running-trail-running-jacket-black-350661,https://cdn.shopify.com/s/files/1/1330/6287/files/8843362-product_image-p2709158.jpg?v=1741974183,6
3608391190033,5034575,Kiprun,apparel,apparel.windbreaker,running,Windbreaker,Kiprun Men's Run 100 Windproof Running & Trail Jacket,Kiprun Run 100 Windproof Veste de Running Trail Homme,XL,Smoked Black,25.00,23.75,EUR,fr-FR,GF-R2-U1,4,kalenji-mens-kiprun-run-100-windproof-running-trail-running-jacket-black-350661,https://cdn.shopify.com/s/files/1/1330/6287/files/8843362-product_image-p2709158.jpg?v=1741974183,6
3608391190040,5034576,Kiprun,apparel,apparel.windbreaker,running,Windbreaker,Kiprun Men's Run 100 Windproof Running & Trail Jacket,Kiprun Run 100 Windproof Veste de Running Trail Homme,2XL,Smoked Black,25.00,23.75,EUR,fr-FR,GF-R2-U1,2,kalenji-mens-kiprun-run-100-windproof-running-trail-running-jacket-black-350661,https://cdn.shopify.com/s/files/1/1330/6287/files/8843362-product_image-p2709158.jpg?v=1741974183,6
3608439341663,4012160,Quechua,apparel,apparel.fleece,hike_camp,Fleece,Quechua Women's SH500 U-Warm Fleece Jacket,Quechua SH500 U- Veste polaire Chaud Femme,XS,Default Color,50.00,47.5,EUR,fr-FR,GB-R3-U1,2,quechua-womens-sh100-u-warm-fleece-jacket-305153,https://cdn.shopify.com/s/files/1/1330/6287/files/8582921-product_image-p2718214.jpg?v=1715857578,10
3608439341670,4012159,Quechua,apparel,apparel.fleece,hike_camp,Fleece,Quechua Women's SH500 U-Warm Fleece Jacket,Quechua SH500 U- Veste polaire Chaud Femme,XL,Default Color,50.00,47.5,EUR,fr-FR,GB-R3-U1,5,quechua-womens-sh100-u-warm-fleece-jacket-305153,https://cdn.shopify.com/s/files/1/1330/6287/files/8582921-product_image-p2718214.jpg?v=1715857578,10
3608439341687,4012158,Quechua,apparel,apparel.fleece,hike_camp,Fleece,Quechua Women's SH500 U-Warm Fleece Jacket,Quechua SH500 U- Veste polaire Chaud Femme,S,Default Color,50.00,47.5,EUR,fr-FR,GB-R3-U1,5,quechua-womens-sh100-u-warm-fleece-jacket-305153,https://cdn.shopify.com/s/files/1/1330/6287/files/8582921-product_image-p2718214.jpg?v=1715857578,10
3608439341694,4012157,Quechua,apparel,apparel.fleece,hike_camp,Fleece,Quechua Women's SH500 U-Warm Fleece Jacket,Quechua SH500 U- Veste polaire Chaud Femme,M,Default Color,50.00,47.5,EUR,fr-FR,GB-R3-U1,8,quechua-womens-sh100-u-warm-fleece-jacket-305153,https://cdn.shopify.com/s/files/1/1330/6287/files/8582921-product_image-p2718214.jpg?v=1715857578,10
3608439341700,4012156,Quechua,apparel,apparel.fleece,hike_camp,Fleece,Quechua Women's SH500 U-Warm Fleece Jacket,Quechua SH500 U- Veste polaire Chaud Femme,L,Default Color,50.00,47.5,EUR,fr-FR,GB-R3-U1,8,quechua-womens-sh100-u-warm-fleece-jacket-305153,https://cdn.shopify.com/s/files/1/1330/6287/files/8582921-product_image-p2718214.jpg?v=1715857578,10
3608439341717,4012154,Quechua,apparel,apparel.fleece,hike_camp,Fleece,Quechua Women's SH500 U-Warm Fleece Jacket,Quechua SH500 U- Veste polaire Chaud Femme,2XL,Default Color,50.00,47.5,EUR,fr-FR,GB-R3-U1,3,quechua-womens-sh100-u-warm-fleece-jacket-305153,https://cdn.shopify.com/s/files/1/1330/6287/files/8582921-product_image-p2718214.jpg?v=1715857578,10
3608391641481,5225796,Forclaz,outdoor,outdoor.inflatable-mattress,hike_camp,Inflatable mattress,Forclaz MT500 Air Sleeping Pad - XL,Forclaz MT500 Air XL Matelas de sol,XL,Default Color,55.00,52.25,EUR,fr-FR,GF-R3-U1,2,forclaz-mt500-air-mattress-189394,https://cdn.shopify.com/s/files/1/1330/6287/files/8883439-product_image-p2399021.jpg?v=1718736556,9
3583787788325,2899305,Simond,bag_pack,bag_pack.backpack,general,Backpack,Simond Men's MT100 Easyfit 50 L Backpacking Pack,Simond MT100 Easyfit 50 Pack Trekking Homme,50 L,Carbon Gray,109.00,103.55,EUR,fr-FR,GF-R1-U1,6,mens-mountain-backpacking-rucksack-50-l-trek-100-easyfit-309807,https://cdn.shopify.com/s/files/1/1330/6287/files/FORCLAZ_SAD_H_MT_100_EASYFIT_50L_NOIR_-_8559690_-_001_---_Expires_on_04-06-2035.jpg?v=1749858393,9
3608390858910,5098835,Kiprun,accessories,accessories.water-bag,running,Water bag,Kiprun 900 Unisex 20+5L Trail Running Bag + 2L Water Bladder Included,Kiprun 900 20+5L Bag 2L Water Included Poche à eau de Running Trail Mixte,One Size,Dark Green Gray,220.00,209.0,EUR,fr-FR,GB-R2-U1,5,kiprun-900-unisex-20-5l-trail-running-bag-343432,https://cdn.shopify.com/s/files/1/1330/6287/files/8857657-default_13bafb7d-2b70-43ba-8a92-b5b569ff19e1.jpg?v=1774355290,10
3583787480373,4275492,Forclaz,bag_pack,bag_pack.backpack,hike_camp,Backpack,Forclaz Men's MT900 50+10 L Ultralight Backpacking Pack,Forclaz MT900 50+10 Ultralight Pack Trekking Homme,50+10 L,Blue Gray,160.00,152.0,EUR,fr-FR,PE-01,5,mens-ultralight-backpacking-backpack-5010-l-mt900-ul-332178,https://cdn.shopify.com/s/files/1/1330/6287/files/8642599-product_image-p2687928.jpg?v=1714475928,14
3583787520864,4188552,Simond,apparel,apparel.down-jacket,general,Down jacket,Simond Men's MT500 Down Puffer Jacket,Simond MT500 Doudoune Duvet Homme,3XL,Camouflage Brown,100.00,95.0,EUR,fr-FR,GB-R1-U2,0,mens-mountain-trekking-down-jacket-mt500-10-degrees-celcius-12077,https://cdn.shopify.com/s/files/1/1330/6287/files/8611349-product_image-p2920873_dcee697e-fff3-4056-bc17-13187e98513d.jpg?v=1757361220,20
3583787520871,4188551,Simond,apparel,apparel.down-jacket,general,Down jacket,Simond Men's MT500 Down Puffer Jacket,Simond MT500 Doudoune Duvet Homme,2XL,Camouflage Brown,100.00,95.0,EUR,fr-FR,GB-R1-U2,2,mens-mountain-trekking-down-jacket-mt500-10-degrees-celcius-12077,https://cdn.shopify.com/s/files/1/1330/6287/files/8611349-product_image-p2920873_dcee697e-fff3-4056-bc17-13187e98513d.jpg?v=1757361220,20
3583787520888,4188554,Simond,apparel,apparel.down-jacket,general,Down jacket,Simond Men's MT500 Down Puffer Jacket,Simond MT500 Doudoune Duvet Homme,M,Camouflage Brown,100.00,95.0,EUR,fr-FR,GB-R1-U2,4,mens-mountain-trekking-down-jacket-mt500-10-degrees-celcius-12077,https://cdn.shopify.com/s/files/1/1330/6287/files/8611349-product_image-p2920873_dcee697e-fff3-4056-bc17-13187e98513d.jpg?v=1757361220,20
3583787520895,4188553,Simond,apparel,apparel.down-jacket,general,Down jacket,Simond Men's MT500 Down Puffer Jacket,Simond MT500 Doudoune Duvet Homme,L,Camouflage Brown,100.00,95.0,EUR,fr-FR,GB-R1-U2,4,mens-mountain-trekking-down-jacket-mt500-10-degrees-celcius-12077,https://cdn.shopify.com/s/files/1/1330/6287/files/8611349-product_image-p2920873_dcee697e-fff3-4056-bc17-13187e98513d.jpg?v=1757361220,20
3583787520901,4188556,Simond,apparel,apparel.down-jacket,general,Down jacket,Simond Men's MT500 Down Puffer Jacket,Simond MT500 Doudoune Duvet Homme,XL,Camouflage Brown,100.00,95.0,EUR,fr-FR,GB-R1-U2,2,mens-mountain-trekking-down-jacket-mt500-10-degrees-celcius-12077,https://cdn.shopify.com/s/files/1/1330/6287/files/8611349-product_image-p2920873_dcee697e-fff3-4056-bc17-13187e98513d.jpg?v=1757361220,20
3583787520918,4188555,Simond,apparel,apparel.down-jacket,general,Down jacket,Simond Men's MT500 Down Puffer Jacket,Simond MT500 Doudoune Duvet Homme,S,Camouflage Brown,100.00,95.0,EUR,fr-FR,GB-R1-U2,2,mens-mountain-trekking-down-jacket-mt500-10-degrees-celcius-12077,https://cdn.shopify.com/s/files/1/1330/6287/files/8611349-product_image-p2920873_dcee697e-fff3-4056-bc17-13187e98513d.jpg?v=1757361220,20
3608439667671,375674,Simond,apparel,apparel.down-jacket,general,Down jacket,Simond Men's MT500 Down Puffer Jacket,Simond MT500 Doudoune Duvet Homme,M,Black,149.00,141.55,EUR,fr-FR,GB-R1-U2,4,mens-mountain-trekking-down-jacket-mt500-10-degrees-celcius-12077,https://cdn.shopify.com/s/files/1/1330/6287/files/8611349-product_image-p2920873_dcee697e-fff3-4056-bc17-13187e98513d.jpg?v=1757361220,20
3608439667688,375668,Simond,apparel,apparel.down-jacket,general,Down jacket,Simond Men's MT500 Down Puffer Jacket,Simond MT500 Doudoune Duvet Homme,S,Black,149.00,141.55,EUR,fr-FR,GB-R1-U2,3,mens-mountain-trekking-down-jacket-mt500-10-degrees-celcius-12077,https://cdn.shopify.com/s/files/1/1330/6287/files/8611349-product_image-p2920873_dcee697e-fff3-4056-bc17-13187e98513d.jpg?v=1757361220,20
3608439667701,375682,Simond,apparel,apparel.down-jacket,general,Down jacket,Simond Men's MT500 Down Puffer Jacket,Simond MT500 Doudoune Duvet Homme,3XL,Black,149.00,141.55,EUR,fr-FR,GB-R1-U2,1,mens-mountain-trekking-down-jacket-mt500-10-degrees-celcius-12077,https://cdn.shopify.com/s/files/1/1330/6287/files/8611349-product_image-p2920873_dcee697e-fff3-4056-bc17-13187e98513d.jpg?v=1757361220,20
3608439667718,375680,Simond,apparel,apparel.down-jacket,general,Down jacket,Simond Men's MT500 Down Puffer Jacket,Simond MT500 Doudoune Duvet Homme,2XL,Black,149.00,141.55,EUR,fr-FR,GB-R1-U2,1,mens-mountain-trekking-down-jacket-mt500-10-degrees-celcius-12077,https://cdn.shopify.com/s/files/1/1330/6287/files/8611349-product_image-p2920873_dcee697e-fff3-4056-bc17-13187e98513d.jpg?v=1757361220,20
3608439667725,375678,Simond,apparel,apparel.down-jacket,general,Down jacket,Simond Men's MT500 Down Puffer Jacket,Simond MT500 Doudoune Duvet Homme,XL,Black,149.00,141.55,EUR,fr-FR,GB-R1-U2,3,mens-mountain-trekking-down-jacket-mt500-10-degrees-celcius-12077,https://cdn.shopify.com/s/files/1/1330/6287/files/8611349-product_image-p2920873_dcee697e-fff3-4056-bc17-13187e98513d.jpg?v=1757361220,20
3608439667732,375675,Simond,apparel,apparel.down-jacket,general,Down jacket,Simond Men's MT500 Down Puffer Jacket,Simond MT500 Doudoune Duvet Homme,L,Black,149.00,141.55,EUR,fr-FR,GB-R1-U2,3,mens-mountain-trekking-down-jacket-mt500-10-degrees-celcius-12077,https://cdn.shopify.com/s/files/1/1330/6287/files/8611349-product_image-p2920873_dcee697e-fff3-4056-bc17-13187e98513d.jpg?v=1757361220,20
3583787480410,4006201,Simond,bag_pack,bag_pack.backpack,general,Backpack,Simond Women's MT500 Air 45+10 L Backpacking Pack,Simond MT500 Air 45+10 Pack Trekking Femme,45+10 L,Gray Blue,110.00,104.5,EUR,fr-FR,GF-R1-U2,8,simond-womens-mt500-air-45-10-l-backpacking-backpack-324445,https://cdn.shopify.com/s/files/1/1330/6287/files/8581391-product_image-p2148630_228a42d5-7b03-403b-b243-6045aaed1c64.jpg?v=1747771062,11
3608393006929,5395813,Quechua,apparel,apparel.fleece,hike_camp,Fleece,Quechua Women’s MH500 Full-Zip Hiking Fleece,Quechua ’s MH500 Full-Zip Polaire de Randonnée Femme,S,Pearl Beige,60.00,57.0,EUR,fr-FR,GB-R3-U2,2,quechua-womens-mountain-hiking-fleece-jacket-mh500-full-zip-red-358684-fw25,https://cdn.shopify.com/s/files/1/1330/6287/files/8917595-product_image-p2937497.jpg?v=1755553804,15
3608393006936,5395814,Quechua,apparel,apparel.fleece,hike_camp,Fleece,Quechua Women’s MH500 Full-Zip Hiking Fleece,Quechua ’s MH500 Full-Zip Polaire de Randonnée Femme,M,Pearl Beige,60.00,57.0,EUR,fr-FR,GB-R3-U2,4,quechua-womens-mountain-hiking-fleece-jacket-mh500-full-zip-red-358684-fw25,https://cdn.shopify.com/s/files/1/1330/6287/files/8917595-product_image-p2937497.jpg?v=1755553804,15
3608393006943,5395815,Quechua,apparel,apparel.fleece,hike_camp,Fleece,Quechua Women’s MH500 Full-Zip Hiking Fleece,Quechua ’s MH500 Full-Zip Polaire de Randonnée Femme,L,Pearl Beige,60.00,57.0,EUR,fr-FR,GB-R3-U2,4,quechua-womens-mountain-hiking-fleece-jacket-mh500-full-zip-red-358684-fw25,https://cdn.shopify.com/s/files/1/1330/6287/files/8917595-product_image-p2937497.jpg?v=1755553804,15
3608393006950,5395816,Quechua,apparel,apparel.fleece,hike_camp,Fleece,Quechua Women’s MH500 Full-Zip Hiking Fleece,Quechua ’s MH500 Full-Zip Polaire de Randonnée Femme,XL,Pearl Beige,60.00,57.0,EUR,fr-FR,GB-R3-U2,3,quechua-womens-mountain-hiking-fleece-jacket-mh500-full-zip-red-358684-fw25,https://cdn.shopify.com/s/files/1/1330/6287/files/8917595-product_image-p2937497.jpg?v=1755553804,15
3608393006967,5395817,Quechua,apparel,apparel.fleece,hike_camp,Fleece,Quechua Women’s MH500 Full-Zip Hiking Fleece,Quechua ’s MH500 Full-Zip Polaire de Randonnée Femme,2XL,Pearl Beige,60.00,57.0,EUR,fr-FR,GB-R3-U2,1,quechua-womens-mountain-hiking-fleece-jacket-mh500-full-zip-red-358684-fw25,https://cdn.shopify.com/s/files/1/1330/6287/files/8917595-product_image-p2937497.jpg?v=1755553804,15
3583784227889,4361619,Forclaz,accessories,accessories.gloves,hike_camp,Gloves,Forclaz Adult MT500 Touchscreen Stretch Backpacking Gloves,Forclaz MT500 Touchscreen Stretch Gants Trekking Adulte,XS,Steel Blue,29.99,28.49,EUR,fr-FR,GB-R3-U1,0,simond-forclaz-adult-mt500-touchscreen-stretch-backpacking-gloves-335330,https://cdn.shopify.com/s/files/1/1330/6287/files/8655827-product_image-p2264339.jpg?v=1741885642,25
3583784227896,4361620,Forclaz,accessories,accessories.gloves,hike_camp,Gloves,Forclaz Adult MT500 Touchscreen Stretch Backpacking Gloves,Forclaz MT500 Touchscreen Stretch Gants Trekking Adulte,S,Steel Blue,29.99,28.49,EUR,fr-FR,GB-R3-U1,0,simond-forclaz-adult-mt500-touchscreen-stretch-backpacking-gloves-335330,https://cdn.shopify.com/s/files/1/1330/6287/files/8655827-product_image-p2264339.jpg?v=1741885642,25
3583784230551,4361627,Forclaz,accessories,accessories.gloves,hike_camp,Gloves,Forclaz Adult MT500 Touchscreen Stretch Backpacking Gloves,Forclaz MT500 Touchscreen Stretch Gants Trekking Adulte,XS,Bronze Khaki Green,29.99,28.49,EUR,fr-FR,GB-R3-U1,1,simond-forclaz-adult-mt500-touchscreen-stretch-backpacking-gloves-335330,https://cdn.shopify.com/s/files/1/1330/6287/files/8655827-product_image-p2264339.jpg?v=1741885642,25
3583784230568,4361628,Forclaz,accessories,accessories.gloves,hike_camp,Gloves,Forclaz Adult MT500 Touchscreen Stretch Backpacking Gloves,Forclaz MT500 Touchscreen Stretch Gants Trekking Adulte,S,Bronze Khaki Green,29.99,28.49,EUR,fr-FR,GB-R3-U1,1,simond-forclaz-adult-mt500-touchscreen-stretch-backpacking-gloves-335330,https://cdn.shopify.com/s/files/1/1330/6287/files/8655827-product_image-p2264339.jpg?v=1741885642,25
3583784230575,4361629,Forclaz,accessories,accessories.gloves,hike_camp,Gloves,Forclaz Adult MT500 Touchscreen Stretch Backpacking Gloves,Forclaz MT500 Touchscreen Stretch Gants Trekking Adulte,M,Bronze Khaki Green,29.99,28.49,EUR,fr-FR,GB-R3-U1,1,simond-forclaz-adult-mt500-touchscreen-stretch-backpacking-gloves-335330,https://cdn.shopify.com/s/files/1/1330/6287/files/8655827-product_image-p2264339.jpg?v=1741885642,25
3583784230582,4361630,Forclaz,accessories,accessories.gloves,hike_camp,Gloves,Forclaz Adult MT500 Touchscreen Stretch Backpacking Gloves,Forclaz MT500 Touchscreen Stretch Gants Trekking Adulte,L,Bronze Khaki Green,29.99,28.49,EUR,fr-FR,GB-R3-U1,1,simond-forclaz-adult-mt500-touchscreen-stretch-backpacking-gloves-335330,https://cdn.shopify.com/s/files/1/1330/6287/files/8655827-product_image-p2264339.jpg?v=1741885642,25
3583784230599,4361631,Forclaz,accessories,accessories.gloves,hike_camp,Gloves,Forclaz Adult MT500 Touchscreen Stretch Backpacking Gloves,Forclaz MT500 Touchscreen Stretch Gants Trekking Adulte,XL,Bronze Khaki Green,29.99,28.49,EUR,fr-FR,GB-R3-U1,1,simond-forclaz-adult-mt500-touchscreen-stretch-backpacking-gloves-335330,https://cdn.shopify.com/s/files/1/1330/6287/files/8655827-product_image-p2264339.jpg?v=1741885642,25
3583784230605,4361621,Forclaz,accessories,accessories.gloves,hike_camp,Gloves,Forclaz Adult MT500 Touchscreen Stretch Backpacking Gloves,Forclaz MT500 Touchscreen Stretch Gants Trekking Adulte,M,Steel Blue,29.99,28.49,EUR,fr-FR,GB-R3-U1,1,simond-forclaz-adult-mt500-touchscreen-stretch-backpacking-gloves-335330,https://cdn.shopify.com/s/files/1/1330/6287/files/8655827-product_image-p2264339.jpg?v=1741885642,25
3583784230612,4361622,Forclaz,accessories,accessories.gloves,hike_camp,Gloves,Forclaz Adult MT500 Touchscreen Stretch Backpacking Gloves,Forclaz MT500 Touchscreen Stretch Gants Trekking Adulte,L,Steel Blue,29.99,28.49,EUR,fr-FR,GB-R3-U1,0,simond-forclaz-adult-mt500-touchscreen-stretch-backpacking-gloves-335330,https://cdn.shopify.com/s/files/1/1330/6287/files/8655827-product_image-p2264339.jpg?v=1741885642,25
3583784230629,4361623,Forclaz,accessories,accessories.gloves,hike_camp,Gloves,Forclaz Adult MT500 Touchscreen Stretch Backpacking Gloves,Forclaz MT500 Touchscreen Stretch Gants Trekking Adulte,XL,Steel Blue,29.99,28.49,EUR,fr-FR,GB-R3-U1,1,simond-forclaz-adult-mt500-touchscreen-stretch-backpacking-gloves-335330,https://cdn.shopify.com/s/files/1/1330/6287/files/8655827-product_image-p2264339.jpg?v=1741885642,25
3583784230636,4361624,Forclaz,accessories,accessories.gloves,hike_camp,Gloves,Forclaz Adult MT500 Touchscreen Stretch Backpacking Gloves,Forclaz MT500 Touchscreen Stretch Gants Trekking Adulte,2XL,Steel Blue,29.99,28.49,EUR,fr-FR,GB-R3-U1,1,simond-forclaz-adult-mt500-touchscreen-stretch-backpacking-gloves-335330,https://cdn.shopify.com/s/files/1/1330/6287/files/8655827-product_image-p2264339.jpg?v=1741885642,25
3583784230704,4361632,Forclaz,accessories,accessories.gloves,hike_camp,Gloves,Forclaz Adult MT500 Touchscreen Stretch Backpacking Gloves,Forclaz MT500 Touchscreen Stretch Gants Trekking Adulte,2XL,Bronze Khaki Green,29.99,28.49,EUR,fr-FR,GB-R3-U1,1,simond-forclaz-adult-mt500-touchscreen-stretch-backpacking-gloves-335330,https://cdn.shopify.com/s/files/1/1330/6287/files/8655827-product_image-p2264339.jpg?v=1741885642,25
3608439306792,4405604,Quechua,apparel,apparel.fleece,hike_camp,Fleece,Quechua Men's MH100 Hiking Fleece,Quechua MH100 Polaire de Randonnée Homme,S,Slate Blue,24.99,23.74,EUR,fr-FR,GF-R3-U1,2,mens-hiking-fleece-mh100-312361,https://cdn.shopify.com/s/files/1/1330/6287/files/8670150-product_image-p2607075.jpg?v=1740180532,15
3608439306808,4405609,Quechua,apparel,apparel.fleece,hike_camp,Fleece,Quechua Men's MH100 Hiking Fleece,Quechua MH100 Polaire de Randonnée Homme,3XL,Slate Blue,24.99,23.74,EUR,fr-FR,GF-R3-U1,0,mens-hiking-fleece-mh100-312361,https://cdn.shopify.com/s/files/1/1330/6287/files/8670150-product_image-p2607075.jpg?v=1740180532,15
3608439306815,4405610,Quechua,apparel,apparel.fleece,hike_camp,Fleece,Quechua Men's MH100 Hiking Fleece,Quechua MH100 Polaire de Randonnée Homme,4XL,Slate Blue,24.99,23.74,EUR,fr-FR,GF-R3-U1,0,mens-hiking-fleece-mh100-312361,https://cdn.shopify.com/s/files/1/1330/6287/files/8670150-product_image-p2607075.jpg?v=1740180532,15
3608439306822,4405607,Quechua,apparel,apparel.fleece,hike_camp,Fleece,Quechua Men's MH100 Hiking Fleece,Quechua MH100 Polaire de Randonnée Homme,XL,Slate Blue,24.99,23.74,EUR,fr-FR,GF-R3-U1,2,mens-hiking-fleece-mh100-312361,https://cdn.shopify.com/s/files/1/1330/6287/files/8670150-product_image-p2607075.jpg?v=1740180532,15
3608439306839,4405608,Quechua,apparel,apparel.fleece,hike_camp,Fleece,Quechua Men's MH100 Hiking Fleece,Quechua MH100 Polaire de Randonnée Homme,2XL,Slate Blue,24.99,23.74,EUR,fr-FR,GF-R3-U1,1,mens-hiking-fleece-mh100-312361,https://cdn.shopify.com/s/files/1/1330/6287/files/8670150-product_image-p2607075.jpg?v=1740180532,15
3608439306846,4405605,Quechua,apparel,apparel.fleece,hike_camp,Fleece,Quechua Men's MH100 Hiking Fleece,Quechua MH100 Polaire de Randonnée Homme,M,Slate Blue,24.99,23.74,EUR,fr-FR,GF-R3-U1,3,mens-hiking-fleece-mh100-312361,https://cdn.shopify.com/s/files/1/1330/6287/files/8670150-product_image-p2607075.jpg?v=1740180532,15
3608439306853,4405606,Quechua,apparel,apparel.fleece,hike_camp,Fleece,Quechua Men's MH100 Hiking Fleece,Quechua MH100 Polaire de Randonnée Homme,L,Slate Blue,24.99,23.74,EUR,fr-FR,GF-R3-U1,3,mens-hiking-fleece-mh100-312361,https://cdn.shopify.com/s/files/1/1330/6287/files/8670150-product_image-p2607075.jpg?v=1740180532,15
3608439346347,4094280,Quechua,apparel,apparel.fleece,hike_camp,Fleece,Quechua Men's MH100 Hiking Fleece,Quechua MH100 Polaire de Randonnée Homme,2XL,Black,24.99,23.74,EUR,fr-FR,GF-R3-U1,1,mens-hiking-fleece-mh100-312361,https://cdn.shopify.com/s/files/1/1330/6287/files/8670150-product_image-p2607075.jpg?v=1740180532,15
3608439346354,4094281,Quechua,apparel,apparel.fleece,hike_camp,Fleece,Quechua Men's MH100 Hiking Fleece,Quechua MH100 Polaire de Randonnée Homme,3XL,Black,24.99,23.74,EUR,fr-FR,GF-R3-U1,1,mens-hiking-fleece-mh100-312361,https://cdn.shopify.com/s/files/1/1330/6287/files/8670150-product_image-p2607075.jpg?v=1740180532,15
3608439346569,4094320,Quechua,apparel,apparel.fleece,hike_camp,Fleece,Quechua Men's MH100 Hiking Fleece,Quechua MH100 Polaire de Randonnée Homme,S,Black,24.99,23.74,EUR,fr-FR,GF-R3-U1,2,mens-hiking-fleece-mh100-312361,https://cdn.shopify.com/s/files/1/1330/6287/files/8670150-product_image-p2607075.jpg?v=1740180532,15
3608439346576,4094321,Quechua,apparel,apparel.fleece,hike_camp,Fleece,Quechua Men's MH100 Hiking Fleece,Quechua MH100 Polaire de Randonnée Homme,XL,Black,24.99,23.74,EUR,fr-FR,GF-R3-U1,2,mens-hiking-fleece-mh100-312361,https://cdn.shopify.com/s/files/1/1330/6287/files/8670150-product_image-p2607075.jpg?v=1740180532,15
3608439346583,4094318,Quechua,apparel,apparel.fleece,hike_camp,Fleece,Quechua Men's MH100 Hiking Fleece,Quechua MH100 Polaire de Randonnée Homme,L,Black,24.99,23.74,EUR,fr-FR,GF-R3-U1,3,mens-hiking-fleece-mh100-312361,https://cdn.shopify.com/s/files/1/1330/6287/files/8670150-product_image-p2607075.jpg?v=1740180532,15
3608439346590,4094319,Quechua,apparel,apparel.fleece,hike_camp,Fleece,Quechua Men's MH100 Hiking Fleece,Quechua MH100 Polaire de Randonnée Homme,M,Black,24.99,23.74,EUR,fr-FR,GF-R3-U1,3,mens-hiking-fleece-mh100-312361,https://cdn.shopify.com/s/files/1/1330/6287/files/8670150-product_image-p2607075.jpg?v=1740180532,15
3608439346606,4094282,Quechua,apparel,apparel.fleece,hike_camp,Fleece,Quechua Men's MH100 Hiking Fleece,Quechua MH100 Polaire de Randonnée Homme,4XL,Black,24.99,23.74,EUR,fr-FR,GF-R3-U1,1,mens-hiking-fleece-mh100-312361,https://cdn.shopify.com/s/files/1/1330/6287/files/8670150-product_image-p2607075.jpg?v=1740180532,15
3583787275221,4724864,Simond,apparel,apparel.t-shirt,general,T-shirt,Simond Women's Travel 500 Merino Wool T-Shirt,Simond 500 T-shirt Mérinos Voyage Laine Femme,S,Dark Blue,30.00,28.5,EUR,fr-FR,GF-R1-U1,2,forclaz-womens-travel-500-merino-wool-t-shirt-6455,https://cdn.shopify.com/s/files/1/1330/6287/files/8774964-product_image-p2865167.jpg?v=1748655281,19
3583787275238,4724863,Simond,apparel,apparel.t-shirt,general,T-shirt,Simond Women's Travel 500 Merino Wool T-Shirt,Simond 500 T-shirt Mérinos Voyage Laine Femme,XS,Dark Blue,30.00,28.5,EUR,fr-FR,GF-R1-U1,1,forclaz-womens-travel-500-merino-wool-t-shirt-6455,https://cdn.shopify.com/s/files/1/1330/6287/files/8774964-product_image-p2865167.jpg?v=1748655281,19
3583787275276,4724867,Simond,apparel,apparel.t-shirt,general,T-shirt,Simond Women's Travel 500 Merino Wool T-Shirt,Simond 500 T-shirt Mérinos Voyage Laine Femme,XL,Dark Blue,30.00,28.5,EUR,fr-FR,GF-R1-U1,3,forclaz-womens-travel-500-merino-wool-t-shirt-6455,https://cdn.shopify.com/s/files/1/1330/6287/files/8774964-product_image-p2865167.jpg?v=1748655281,19
3583787275306,4724866,Simond,apparel,apparel.t-shirt,general,T-shirt,Simond Women's Travel 500 Merino Wool T-Shirt,Simond 500 T-shirt Mérinos Voyage Laine Femme,L,Dark Blue,30.00,28.5,EUR,fr-FR,GF-R1-U1,4,forclaz-womens-travel-500-merino-wool-t-shirt-6455,https://cdn.shopify.com/s/files/1/1330/6287/files/8774964-product_image-p2865167.jpg?v=1748655281,19
3583787275337,4724865,Simond,apparel,apparel.t-shirt,general,T-shirt,Simond Women's Travel 500 Merino Wool T-Shirt,Simond 500 T-shirt Mérinos Voyage Laine Femme,M,Dark Blue,30.00,28.5,EUR,fr-FR,GF-R1-U1,4,forclaz-womens-travel-500-merino-wool-t-shirt-6455,https://cdn.shopify.com/s/files/1/1330/6287/files/8774964-product_image-p2865167.jpg?v=1748655281,19
3608390705467,5059319,Simond,apparel,apparel.t-shirt,general,T-shirt,Simond Women's Travel 500 Merino Wool T-Shirt,Simond 500 T-shirt Mérinos Voyage Laine Femme,XS,Magnolia,30.00,28.5,EUR,fr-FR,GF-R1-U1,1,forclaz-womens-travel-500-merino-wool-t-shirt-6455,https://cdn.shopify.com/s/files/1/1330/6287/files/8774964-product_image-p2865167.jpg?v=1748655281,19
3608390705474,5059320,Simond,apparel,apparel.t-shirt,general,T-shirt,Simond Women's Travel 500 Merino Wool T-Shirt,Simond 500 T-shirt Mérinos Voyage Laine Femme,S,Magnolia,30.00,28.5,EUR,fr-FR,GF-R1-U1,3,forclaz-womens-travel-500-merino-wool-t-shirt-6455,https://cdn.shopify.com/s/files/1/1330/6287/files/8774964-product_image-p2865167.jpg?v=1748655281,19
3608390705481,5059321,Simond,apparel,apparel.t-shirt,general,T-shirt,Simond Women's Travel 500 Merino Wool T-Shirt,Simond 500 T-shirt Mérinos Voyage Laine Femme,M,Magnolia,30.00,28.5,EUR,fr-FR,GF-R1-U1,4,forclaz-womens-travel-500-merino-wool-t-shirt-6455,https://cdn.shopify.com/s/files/1/1330/6287/files/8774964-product_image-p2865167.jpg?v=1748655281,19
3608390705498,5059322,Simond,apparel,apparel.t-shirt,general,T-shirt,Simond Women's Travel 500 Merino Wool T-Shirt,Simond 500 T-shirt Mérinos Voyage Laine Femme,L,Magnolia,30.00,28.5,EUR,fr-FR,GF-R1-U1,4,forclaz-womens-travel-500-merino-wool-t-shirt-6455,https://cdn.shopify.com/s/files/1/1330/6287/files/8774964-product_image-p2865167.jpg?v=1748655281,19
3608390713301,5059323,Simond,apparel,apparel.t-shirt,general,T-shirt,Simond Women's Travel 500 Merino Wool T-Shirt,Simond 500 T-shirt Mérinos Voyage Laine Femme,XL,Magnolia,30.00,28.5,EUR,fr-FR,GF-R1-U1,3,forclaz-womens-travel-500-merino-wool-t-shirt-6455,https://cdn.shopify.com/s/files/1/1330/6287/files/8774964-product_image-p2865167.jpg?v=1748655281,19
3608393477767,5668942,Kiprun,footwear,footwear.shoes,running,Shoes,Kiprun Kipsummit Women's Trail Running Shoes,Kiprun Kipsummit Chaussures de Running Trail Femme,5.5,Dark Green,130.00,123.5,EUR,fr-FR,PW-02,0,kiprun-kipsummit-womens-trail-running-shoes-361996,https://cdn.shopify.com/s/files/1/1330/6287/files/8970301-001.jpg?v=1774445415,18
3608393477774,5668943,Kiprun,footwear,footwear.shoes,running,Shoes,Kiprun Kipsummit Women's Trail Running Shoes,Kiprun Kipsummit Chaussures de Running Trail Femme,6,Dark Green,130.00,123.5,EUR,fr-FR,PW-02,0,kiprun-kipsummit-womens-trail-running-shoes-361996,https://cdn.shopify.com/s/files/1/1330/6287/files/8970301-001.jpg?v=1774445415,18
3608393477781,5668944,Kiprun,footwear,footwear.shoes,running,Shoes,Kiprun Kipsummit Women's Trail Running Shoes,Kiprun Kipsummit Chaussures de Running Trail Femme,7,Dark Green,130.00,123.5,EUR,fr-FR,PW-02,1,kiprun-kipsummit-womens-trail-running-shoes-361996,https://cdn.shopify.com/s/files/1/1330/6287/files/8970301-001.jpg?v=1774445415,18
3608393477798,5668945,Kiprun,footwear,footwear.shoes,running,Shoes,Kiprun Kipsummit Women's Trail Running Shoes,Kiprun Kipsummit Chaussures de Running Trail Femme,8,Dark Green,130.00,123.5,EUR,fr-FR,PW-02,2,kiprun-kipsummit-womens-trail-running-shoes-361996,https://cdn.shopify.com/s/files/1/1330/6287/files/8970301-001.jpg?v=1774445415,18
3608393477804,5668946,Kiprun,footwear,footwear.shoes,running,Shoes,Kiprun Kipsummit Women's Trail Running Shoes,Kiprun Kipsummit Chaussures de Running Trail Femme,9,Dark Green,130.00,123.5,EUR,fr-FR,PW-02,1,kiprun-kipsummit-womens-trail-running-shoes-361996,https://cdn.shopify.com/s/files/1/1330/6287/files/8970301-001.jpg?v=1774445415,18
3608393477811,5668947,Kiprun,footwear,footwear.shoes,running,Shoes,Kiprun Kipsummit Women's Trail Running Shoes,Kiprun Kipsummit Chaussures de Running Trail Femme,9.5,Dark Green,130.00,123.5,EUR,fr-FR,PW-02,1,kiprun-kipsummit-womens-trail-running-shoes-361996,https://cdn.shopify.com/s/files/1/1330/6287/files/8970301-001.jpg?v=1774445415,18
3608393477828,5668948,Kiprun,footwear,footwear.shoes,running,Shoes,Kiprun Kipsummit Women's Trail Running Shoes,Kiprun Kipsummit Chaussures de Running Trail Femme,10,Dark Green,130.00,123.5,EUR,fr-FR,PW-02,0,kiprun-kipsummit-womens-trail-running-shoes-361996,https://cdn.shopify.com/s/files/1/1330/6287/files/8970301-001.jpg?v=1774445415,18
3608394510623,5857317,Kiprun,footwear,footwear.shoes,running,Shoes,Kiprun Kipsummit Women's Trail Running Shoes,Kiprun Kipsummit Chaussures de Running Trail Femme,6.5,Dark Green,130.00,123.5,EUR,fr-FR,PW-02,1,kiprun-kipsummit-womens-trail-running-shoes-361996,https://cdn.shopify.com/s/files/1/1330/6287/files/8970301-001.jpg?v=1774445415,18
3608394510630,5857318,Kiprun,footwear,footwear.shoes,running,Shoes,Kiprun Kipsummit Women's Trail Running Shoes,Kiprun Kipsummit Chaussures de Running Trail Femme,7.5,Dark Green,130.00,123.5,EUR,fr-FR,PW-02,2,kiprun-kipsummit-womens-trail-running-shoes-361996,https://cdn.shopify.com/s/files/1/1330/6287/files/8970301-001.jpg?v=1774445415,18
3608394510647,5857319,Kiprun,footwear,footwear.shoes,running,Shoes,Kiprun Kipsummit Women's Trail Running Shoes,Kiprun Kipsummit Chaussures de Running Trail Femme,8.5,Dark Green,130.00,123.5,EUR,fr-FR,PW-02,1,kiprun-kipsummit-womens-trail-running-shoes-361996,https://cdn.shopify.com/s/files/1/1330/6287/files/8970301-001.jpg?v=1774445415,18
3608394572881,5835605,Kiprun,footwear,footwear.shoes,running,Shoes,Kiprun Kipsummit Women's Trail Running Shoes,Kiprun Kipsummit Chaussures de Running Trail Femme,5.5,Yellow,130.00,123.5,EUR,fr-FR,PW-02,1,kiprun-kipsummit-womens-trail-running-shoes-361996,https://cdn.shopify.com/s/files/1/1330/6287/files/8970301-001.jpg?v=1774445415,18
3608394572898,5835606,Kiprun,footwear,footwear.shoes,running,Shoes,Kiprun Kipsummit Women's Trail Running Shoes,Kiprun Kipsummit Chaussures de Running Trail Femme,6,Yellow,130.00,123.5,EUR,fr-FR,PW-02,1,kiprun-kipsummit-womens-trail-running-shoes-361996,https://cdn.shopify.com/s/files/1/1330/6287/files/8970301-001.jpg?v=1774445415,18
3608394573505,5835607,Kiprun,footwear,footwear.shoes,running,Shoes,Kiprun Kipsummit Women's Trail Running Shoes,Kiprun Kipsummit Chaussures de Running Trail Femme,8,Yellow,130.00,123.5,EUR,fr-FR,PW-02,1,kiprun-kipsummit-womens-trail-running-shoes-361996,https://cdn.shopify.com/s/files/1/1330/6287/files/8970301-001.jpg?v=1774445415,18
3608394573512,5835608,Kiprun,footwear,footwear.shoes,running,Shoes,Kiprun Kipsummit Women's Trail Running Shoes,Kiprun Kipsummit Chaussures de Running Trail Femme,9,Yellow,130.00,123.5,EUR,fr-FR,PW-02,1,kiprun-kipsummit-womens-trail-running-shoes-361996,https://cdn.shopify.com/s/files/1/1330/6287/files/8970301-001.jpg?v=1774445415,18
3608394573529,5835609,Kiprun,footwear,footwear.shoes,running,Shoes,Kiprun Kipsummit Women's Trail Running Shoes,Kiprun Kipsummit Chaussures de Running Trail Femme,10,Yellow,130.00,123.5,EUR,fr-FR,PW-02,1,kiprun-kipsummit-womens-trail-running-shoes-361996,https://cdn.shopify.com/s/files/1/1330/6287/files/8970301-001.jpg?v=1774445415,18
3608394573536,5844813,Kiprun,footwear,footwear.shoes,running,Shoes,Kiprun Kipsummit Women's Trail Running Shoes,Kiprun Kipsummit Chaussures de Running Trail Femme,7,Yellow,130.00,123.5,EUR,fr-FR,PW-02,1,kiprun-kipsummit-womens-trail-running-shoes-361996,https://cdn.shopify.com/s/files/1/1330/6287/files/8970301-001.jpg?v=1774445415,18
3608394573543,5844814,Kiprun,footwear,footwear.shoes,running,Shoes,Kiprun Kipsummit Women's Trail Running Shoes,Kiprun Kipsummit Chaussures de Running Trail Femme,9.5,Yellow,130.00,123.5,EUR,fr-FR,PW-02,1,kiprun-kipsummit-womens-trail-running-shoes-361996,https://cdn.shopify.com/s/files/1/1330/6287/files/8970301-001.jpg?v=1774445415,18
3608394573550,5844815,Kiprun,footwear,footwear.shoes,running,Shoes,Kiprun Kipsummit Women's Trail Running Shoes,Kiprun Kipsummit Chaussures de Running Trail Femme,8.5,Yellow,130.00,123.5,EUR,fr-FR,PW-02,1,kiprun-kipsummit-womens-trail-running-shoes-361996,https://cdn.shopify.com/s/files/1/1330/6287/files/8970301-001.jpg?v=1774445415,18
3608394573567,5844816,Kiprun,footwear,footwear.shoes,running,Shoes,Kiprun Kipsummit Women's Trail Running Shoes,Kiprun Kipsummit Chaussures de Running Trail Femme,7.5,Yellow,130.00,123.5,EUR,fr-FR,PW-02,1,kiprun-kipsummit-womens-trail-running-shoes-361996,https://cdn.shopify.com/s/files/1/1330/6287/files/8970301-001.jpg?v=1774445415,18
3608394573574,5844817,Kiprun,footwear,footwear.shoes,running,Shoes,Kiprun Kipsummit Women's Trail Running Shoes,Kiprun Kipsummit Chaussures de Running Trail Femme,6.5,Yellow,130.00,123.5,EUR,fr-FR,PW-02,1,kiprun-kipsummit-womens-trail-running-shoes-361996,https://cdn.shopify.com/s/files/1/1330/6287/files/8970301-001.jpg?v=1774445415,18
3608439227998,4820313,Quechua,apparel,apparel.rain-poncho,hike_camp,Rain Poncho,Quechua Kids’ MH100 Rain Poncho – Ages 2–6,Quechua MH100 Ages 2–6 Poncho de pluie Enfant,"4-6 Years / 3'4""-4'",Verdigris,15.99,15.19,EUR,fr-FR,GF-R3-U2,7,quechua-rain-cape-mh100-age-2-6-green-345380,https://cdn.shopify.com/s/files/1/1330/6287/files/8797552-product_image-p2627283.jpg?v=1745452098,11
3608439228001,4817651,Quechua,apparel,apparel.rain-poncho,hike_camp,Rain Poncho,Quechua Kids’ MH100 Rain Poncho – Ages 2–6,Quechua MH100 Ages 2–6 Poncho de pluie Enfant,"2 - 4 Years / 2'9"" - 3'3""",Verdigris,15.99,15.19,EUR,fr-FR,GF-R3-U2,7,quechua-rain-cape-mh100-age-2-6-green-345380,https://cdn.shopify.com/s/files/1/1330/6287/files/8797552-product_image-p2627283.jpg?v=1745452098,11
3583787865262,2751070,Simond,apparel,apparel.boxers,general,Boxers,Simond Men's MT500 Merino Wool Boxer Briefs,Simond MT500 Boxer Briefs Mérinos Laine Homme,2XL,Black,34.99,33.24,EUR,fr-FR,GF-R1-U2,2,mens-mountain-trekking-merino-wool-boxer-shorts-mt500-306561,https://cdn.shopify.com/s/files/1/1330/6287/files/8542384-product_image-p2815510.jpg?v=1748650624,6
3583787865323,2751076,Simond,apparel,apparel.boxers,general,Boxers,Simond Men's MT500 Merino Wool Boxer Briefs,Simond MT500 Boxer Briefs Mérinos Laine Homme,S,Black,34.99,33.24,EUR,fr-FR,GF-R1-U2,3,mens-mountain-trekking-merino-wool-boxer-shorts-mt500-306561,https://cdn.shopify.com/s/files/1/1330/6287/files/8542384-product_image-p2815510.jpg?v=1748650624,6
3583787865330,2751077,Simond,apparel,apparel.boxers,general,Boxers,Simond Men's MT500 Merino Wool Boxer Briefs,Simond MT500 Boxer Briefs Mérinos Laine Homme,XL,Black,34.99,33.24,EUR,fr-FR,GF-R1-U2,3,mens-mountain-trekking-merino-wool-boxer-shorts-mt500-306561,https://cdn.shopify.com/s/files/1/1330/6287/files/8542384-product_image-p2815510.jpg?v=1748650624,6
3583787865347,2751074,Simond,apparel,apparel.boxers,general,Boxers,Simond Men's MT500 Merino Wool Boxer Briefs,Simond MT500 Boxer Briefs Mérinos Laine Homme,L,Black,34.99,33.24,EUR,fr-FR,GF-R1-U2,5,mens-mountain-trekking-merino-wool-boxer-shorts-mt500-306561,https://cdn.shopify.com/s/files/1/1330/6287/files/8542384-product_image-p2815510.jpg?v=1748650624,6
3583787865354,2751075,Simond,apparel,apparel.boxers,general,Boxers,Simond Men's MT500 Merino Wool Boxer Briefs,Simond MT500 Boxer Briefs Mérinos Laine Homme,M,Black,34.99,33.24,EUR,fr-FR,GF-R1-U2,5,mens-mountain-trekking-merino-wool-boxer-shorts-mt500-306561,https://cdn.shopify.com/s/files/1/1330/6287/files/8542384-product_image-p2815510.jpg?v=1748650624,6
3608390269587,4881049,Forclaz,accessories,accessories.hiking-pole,hike_camp,Hiking pole,Forclaz MT100 Hiking Pole (Single Pole),Forclaz MT100 (Single Pole) Bâton de randonnée,One Size,Blue Gray,10.00,9.5,EUR,fr-FR,GB-R3-U2,9,forclaz-mt100-hiking-pole-single-pole-122861,https://cdn.shopify.com/s/files/1/1330/6287/files/8807204-product_image-p2439600.jpg?v=1705412718,4
3608391076252,5166855,Wedze,apparel,apparel.base-layer,general,Base layer,Wedze Women’s BL500 Seamless Ski Base Layer Top,Wedze ’s BL500 Top Sous-vêtement technique Sans couture de Ski Femme,S,Smoked Black,49.99,47.49,EUR,fr-FR,GB-R1-U1,4,wedze-womens-comfortable-soft-seamless-base-layer-ski-top-bl-500-pink-black-306128-fw25,https://cdn.shopify.com/s/files/1/1330/6287/files/8873107-product_image-p2708637.jpg?v=1755553518,5
3608391076269,5166856,Wedze,apparel,apparel.base-layer,general,Base layer,Wedze Women’s BL500 Seamless Ski Base Layer Top,Wedze ’s BL500 Top Sous-vêtement technique Sans couture de Ski Femme,M,Smoked Black,49.99,47.49,EUR,fr-FR,GB-R1-U1,6,wedze-womens-comfortable-soft-seamless-base-layer-ski-top-bl-500-pink-black-306128-fw25,https://cdn.shopify.com/s/files/1/1330/6287/files/8873107-product_image-p2708637.jpg?v=1755553518,5
3608391076276,5166857,Wedze,apparel,apparel.base-layer,general,Base layer,Wedze Women’s BL500 Seamless Ski Base Layer Top,Wedze ’s BL500 Top Sous-vêtement technique Sans couture de Ski Femme,L,Smoked Black,49.99,47.49,EUR,fr-FR,GB-R1-U1,5,wedze-womens-comfortable-soft-seamless-base-layer-ski-top-bl-500-pink-black-306128-fw25,https://cdn.shopify.com/s/files/1/1330/6287/files/8873107-product_image-p2708637.jpg?v=1755553518,5
3608391076283,5166858,Wedze,apparel,apparel.base-layer,general,Base layer,Wedze Women’s BL500 Seamless Ski Base Layer Top,Wedze ’s BL500 Top Sous-vêtement technique Sans couture de Ski Femme,XL,Smoked Black,49.99,47.49,EUR,fr-FR,GB-R1-U1,4,wedze-womens-comfortable-soft-seamless-base-layer-ski-top-bl-500-pink-black-306128-fw25,https://cdn.shopify.com/s/files/1/1330/6287/files/8873107-product_image-p2708637.jpg?v=1755553518,5
3608390626939,5042465,Quechua,apparel,apparel.jacket,hike_camp,Jacket,Quechua Men's NH500 Imper Waterproof Rain Jacket,Quechua NH500 Imper Veste de pluie Imperméable Homme,S,Dark Green Gray,50.00,47.5,EUR,fr-FR,GB-R3-U1,2,quechua-mens-nh500-waterproof-rain-jacket-334354,https://cdn.shopify.com/s/files/1/1330/6287/files/8785166-product_image-p2582643.jpg?v=1747176468,31
3608390626946,5042466,Quechua,apparel,apparel.jacket,hike_camp,Jacket,Quechua Men's NH500 Imper Waterproof Rain Jacket,Quechua NH500 Imper Veste de pluie Imperméable Homme,L,Dark Green Gray,50.00,47.5,EUR,fr-FR,GB-R3-U1,3,quechua-mens-nh500-waterproof-rain-jacket-334354,https://cdn.shopify.com/s/files/1/1330/6287/files/8785166-product_image-p2582643.jpg?v=1747176468,31
3608390626953,5042467,Quechua,apparel,apparel.jacket,hike_camp,Jacket,Quechua Men's NH500 Imper Waterproof Rain Jacket,Quechua NH500 Imper Veste de pluie Imperméable Homme,2XL,Dark Green Gray,50.00,47.5,EUR,fr-FR,GB-R3-U1,1,quechua-mens-nh500-waterproof-rain-jacket-334354,https://cdn.shopify.com/s/files/1/1330/6287/files/8785166-product_image-p2582643.jpg?v=1747176468,31
3608390626977,5042469,Quechua,apparel,apparel.jacket,hike_camp,Jacket,Quechua Men's NH500 Imper Waterproof Rain Jacket,Quechua NH500 Imper Veste de pluie Imperméable Homme,XL,Dark Green Gray,50.00,47.5,EUR,fr-FR,GB-R3-U1,2,quechua-mens-nh500-waterproof-rain-jacket-334354,https://cdn.shopify.com/s/files/1/1330/6287/files/8785166-product_image-p2582643.jpg?v=1747176468,31
3608390626984,5042470,Quechua,apparel,apparel.jacket,hike_camp,Jacket,Quechua Men's NH500 Imper Waterproof Rain Jacket,Quechua NH500 Imper Veste de pluie Imperméable Homme,M,Dark Green Gray,50.00,47.5,EUR,fr-FR,GB-R3-U1,3,quechua-mens-nh500-waterproof-rain-jacket-334354,https://cdn.shopify.com/s/files/1/1330/6287/files/8785166-product_image-p2582643.jpg?v=1747176468,31
3608439244254,4756884,Quechua,apparel,apparel.jacket,hike_camp,Jacket,Quechua Men's NH500 Imper Waterproof Rain Jacket,Quechua NH500 Imper Veste de pluie Imperméable Homme,2XL,Black,50.00,47.5,EUR,fr-FR,GB-R3-U1,1,quechua-mens-nh500-waterproof-rain-jacket-334354,https://cdn.shopify.com/s/files/1/1330/6287/files/8785166-product_image-p2582643.jpg?v=1747176468,31
3608439244278,4756881,Quechua,apparel,apparel.jacket,hike_camp,Jacket,Quechua Men's NH500 Imper Waterproof Rain Jacket,Quechua NH500 Imper Veste de pluie Imperméable Homme,M,Black,50.00,47.5,EUR,fr-FR,GB-R3-U1,3,quechua-mens-nh500-waterproof-rain-jacket-334354,https://cdn.shopify.com/s/files/1/1330/6287/files/8785166-product_image-p2582643.jpg?v=1747176468,31
3608439244285,4756880,Quechua,apparel,apparel.jacket,hike_camp,Jacket,Quechua Men's NH500 Imper Waterproof Rain Jacket,Quechua NH500 Imper Veste de pluie Imperméable Homme,S,Black,50.00,47.5,EUR,fr-FR,GB-R3-U1,2,quechua-mens-nh500-waterproof-rain-jacket-334354,https://cdn.shopify.com/s/files/1/1330/6287/files/8785166-product_image-p2582643.jpg?v=1747176468,31
3608439244292,4756883,Quechua,apparel,apparel.jacket,hike_camp,Jacket,Quechua Men's NH500 Imper Waterproof Rain Jacket,Quechua NH500 Imper Veste de pluie Imperméable Homme,XL,Black,50.00,47.5,EUR,fr-FR,GB-R3-U1,2,quechua-mens-nh500-waterproof-rain-jacket-334354,https://cdn.shopify.com/s/files/1/1330/6287/files/8785166-product_image-p2582643.jpg?v=1747176468,31
3608439244308,4756882,Quechua,apparel,apparel.jacket,hike_camp,Jacket,Quechua Men's NH500 Imper Waterproof Rain Jacket,Quechua NH500 Imper Veste de pluie Imperméable Homme,L,Black,50.00,47.5,EUR,fr-FR,GB-R3-U1,3,quechua-mens-nh500-waterproof-rain-jacket-334354,https://cdn.shopify.com/s/files/1/1330/6287/files/8785166-product_image-p2582643.jpg?v=1747176468,31
3608439283390,4455436,Quechua,apparel,apparel.jacket,hike_camp,Jacket,Quechua Men's NH500 Imper Waterproof Rain Jacket,Quechua NH500 Imper Veste de pluie Imperméable Homme,L,Slate Blue,50.00,47.5,EUR,fr-FR,GB-R3-U1,3,quechua-mens-nh500-waterproof-rain-jacket-334354,https://cdn.shopify.com/s/files/1/1330/6287/files/8785166-product_image-p2582643.jpg?v=1747176468,31
3608439283406,4455437,Quechua,apparel,apparel.jacket,hike_camp,Jacket,Quechua Men's NH500 Imper Waterproof Rain Jacket,Quechua NH500 Imper Veste de pluie Imperméable Homme,S,Slate Blue,50.00,47.5,EUR,fr-FR,GB-R3-U1,2,quechua-mens-nh500-waterproof-rain-jacket-334354,https://cdn.shopify.com/s/files/1/1330/6287/files/8785166-product_image-p2582643.jpg?v=1747176468,31
3608439283420,4455435,Quechua,apparel,apparel.jacket,hike_camp,Jacket,Quechua Men's NH500 Imper Waterproof Rain Jacket,Quechua NH500 Imper Veste de pluie Imperméable Homme,2XL,Slate Blue,50.00,47.5,EUR,fr-FR,GB-R3-U1,1,quechua-mens-nh500-waterproof-rain-jacket-334354,https://cdn.shopify.com/s/files/1/1330/6287/files/8785166-product_image-p2582643.jpg?v=1747176468,31
3608439283437,4455432,Quechua,apparel,apparel.jacket,hike_camp,Jacket,Quechua Men's NH500 Imper Waterproof Rain Jacket,Quechua NH500 Imper Veste de pluie Imperméable Homme,XL,Slate Blue,50.00,47.5,EUR,fr-FR,GB-R3-U1,2,quechua-mens-nh500-waterproof-rain-jacket-334354,https://cdn.shopify.com/s/files/1/1330/6287/files/8785166-product_image-p2582643.jpg?v=1747176468,31
3608439283475,4455431,Quechua,apparel,apparel.jacket,hike_camp,Jacket,Quechua Men's NH500 Imper Waterproof Rain Jacket,Quechua NH500 Imper Veste de pluie Imperméable Homme,M,Slate Blue,50.00,47.5,EUR,fr-FR,GB-R3-U1,3,quechua-mens-nh500-waterproof-rain-jacket-334354,https://cdn.shopify.com/s/files/1/1330/6287/files/8785166-product_image-p2582643.jpg?v=1747176468,31
3608439258329,4743552,Quechua,footwear,footwear.snow-boots,hike_camp,Snow boots,Quechua Men's NH500 Warm Waterproof Snow Boots,Quechua NH500 Après-ski Imperméable Chaud Homme,9,Smoked Black,75.00,71.25,EUR,fr-FR,PE-01,2,quechua-warm-waterproof-snow-boots-sh500-lace-up-mens-344259-fw25,https://cdn.shopify.com/s/files/1/1330/6287/files/8785598-product_image-p2579689.jpg?v=1755549678,11
3608439258336,4743551,Quechua,footwear,footwear.snow-boots,hike_camp,Snow boots,Quechua Men's NH500 Warm Waterproof Snow Boots,Quechua NH500 Après-ski Imperméable Chaud Homme,8,Smoked Black,75.00,71.25,EUR,fr-FR,PE-01,2,quechua-warm-waterproof-snow-boots-sh500-lace-up-mens-344259-fw25,https://cdn.shopify.com/s/files/1/1330/6287/files/8785598-product_image-p2579689.jpg?v=1755549678,11
3608439258343,4743554,Quechua,footwear,footwear.snow-boots,hike_camp,Snow boots,Quechua Men's NH500 Warm Waterproof Snow Boots,Quechua NH500 Après-ski Imperméable Chaud Homme,10.5,Smoked Black,75.00,71.25,EUR,fr-FR,PE-01,2,quechua-warm-waterproof-snow-boots-sh500-lace-up-mens-344259-fw25,https://cdn.shopify.com/s/files/1/1330/6287/files/8785598-product_image-p2579689.jpg?v=1755549678,11
3608439258350,4743553,Quechua,footwear,footwear.snow-boots,hike_camp,Snow boots,Quechua Men's NH500 Warm Waterproof Snow Boots,Quechua NH500 Après-ski Imperméable Chaud Homme,9.5,Smoked Black,75.00,71.25,EUR,fr-FR,PE-01,2,quechua-warm-waterproof-snow-boots-sh500-lace-up-mens-344259-fw25,https://cdn.shopify.com/s/files/1/1330/6287/files/8785598-product_image-p2579689.jpg?v=1755549678,11
3608439258367,4743550,Quechua,footwear,footwear.snow-boots,hike_camp,Snow boots,Quechua Men's NH500 Warm Waterproof Snow Boots,Quechua NH500 Après-ski Imperméable Chaud Homme,7.5,Smoked Black,75.00,71.25,EUR,fr-FR,PE-01,1,quechua-warm-waterproof-snow-boots-sh500-lace-up-mens-344259-fw25,https://cdn.shopify.com/s/files/1/1330/6287/files/8785598-product_image-p2579689.jpg?v=1755549678,11
3608439258374,4743548,Quechua,footwear,footwear.snow-boots,hike_camp,Snow boots,Quechua Men's NH500 Warm Waterproof Snow Boots,Quechua NH500 Après-ski Imperméable Chaud Homme,6.5,Smoked Black,75.00,71.25,EUR,fr-FR,PE-01,1,quechua-warm-waterproof-snow-boots-sh500-lace-up-mens-344259-fw25,https://cdn.shopify.com/s/files/1/1330/6287/files/8785598-product_image-p2579689.jpg?v=1755549678,11
3608439258381,4743556,Quechua,footwear,footwear.snow-boots,hike_camp,Snow boots,Quechua Men's NH500 Warm Waterproof Snow Boots,Quechua NH500 Après-ski Imperméable Chaud Homme,12,Smoked Black,75.00,71.25,EUR,fr-FR,PE-01,1,quechua-warm-waterproof-snow-boots-sh500-lace-up-mens-344259-fw25,https://cdn.shopify.com/s/files/1/1330/6287/files/8785598-product_image-p2579689.jpg?v=1755549678,11
3608439258398,4743555,Quechua,footwear,footwear.snow-boots,hike_camp,Snow boots,Quechua Men's NH500 Warm Waterproof Snow Boots,Quechua NH500 Après-ski Imperméable Chaud Homme,11.5,Smoked Black,75.00,71.25,EUR,fr-FR,PE-01,1,quechua-warm-waterproof-snow-boots-sh500-lace-up-mens-344259-fw25,https://cdn.shopify.com/s/files/1/1330/6287/files/8785598-product_image-p2579689.jpg?v=1755549678,11
3608439258411,4743558,Quechua,footwear,footwear.snow-boots,hike_camp,Snow boots,Quechua Men's NH500 Warm Waterproof Snow Boots,Quechua NH500 Après-ski Imperméable Chaud Homme,13,Smoked Black,75.00,71.25,EUR,fr-FR,PE-01,0,quechua-warm-waterproof-snow-boots-sh500-lace-up-mens-344259-fw25,https://cdn.shopify.com/s/files/1/1330/6287/files/8785598-product_image-p2579689.jpg?v=1755549678,11
3608393140470,4002642,Forclaz,apparel,apparel.softshell,hike_camp,Softshell,Forclaz Men's 500 Windbreaker Softshell Jacket,Forclaz 500 Softshell Jacket Coupe-vent Homme,2XL,Bronze Khaki Green,70.00,66.5,EUR,fr-FR,GB-R3-U2,2,forclaz-mens-softshell-mt-500-windwarm-khaki-324230-fw25,https://cdn.shopify.com/s/files/1/1330/6287/files/8580220-product_image-p2718264.jpg?v=1755561064,10
3608393140487,4002643,Forclaz,apparel,apparel.softshell,hike_camp,Softshell,Forclaz Men's 500 Windbreaker Softshell Jacket,Forclaz 500 Softshell Jacket Coupe-vent Homme,3XL,Bronze Khaki Green,70.00,66.5,EUR,fr-FR,GB-R3-U2,1,forclaz-mens-softshell-mt-500-windwarm-khaki-324230-fw25,https://cdn.shopify.com/s/files/1/1330/6287/files/8580220-product_image-p2718264.jpg?v=1755561064,10
3608393140494,4002645,Forclaz,apparel,apparel.softshell,hike_camp,Softshell,Forclaz Men's 500 Windbreaker Softshell Jacket,Forclaz 500 Softshell Jacket Coupe-vent Homme,L,Bronze Khaki Green,70.00,66.5,EUR,fr-FR,GB-R3-U2,4,forclaz-mens-softshell-mt-500-windwarm-khaki-324230-fw25,https://cdn.shopify.com/s/files/1/1330/6287/files/8580220-product_image-p2718264.jpg?v=1755561064,10
3608393140609,4002646,Forclaz,apparel,apparel.softshell,hike_camp,Softshell,Forclaz Men's 500 Windbreaker Softshell Jacket,Forclaz 500 Softshell Jacket Coupe-vent Homme,M,Bronze Khaki Green,70.00,66.5,EUR,fr-FR,GB-R3-U2,5,forclaz-mens-softshell-mt-500-windwarm-khaki-324230-fw25,https://cdn.shopify.com/s/files/1/1330/6287/files/8580220-product_image-p2718264.jpg?v=1755561064,10
3608393140616,4002647,Forclaz,apparel,apparel.softshell,hike_camp,Softshell,Forclaz Men's 500 Windbreaker Softshell Jacket,Forclaz 500 Softshell Jacket Coupe-vent Homme,S,Bronze Khaki Green,70.00,66.5,EUR,fr-FR,GB-R3-U2,3,forclaz-mens-softshell-mt-500-windwarm-khaki-324230-fw25,https://cdn.shopify.com/s/files/1/1330/6287/files/8580220-product_image-p2718264.jpg?v=1755561064,10
3608393140623,4002648,Forclaz,apparel,apparel.softshell,hike_camp,Softshell,Forclaz Men's 500 Windbreaker Softshell Jacket,Forclaz 500 Softshell Jacket Coupe-vent Homme,XL,Bronze Khaki Green,70.00,66.5,EUR,fr-FR,GB-R3-U2,3,forclaz-mens-softshell-mt-500-windwarm-khaki-324230-fw25,https://cdn.shopify.com/s/files/1/1330/6287/files/8580220-product_image-p2718264.jpg?v=1755561064,10
3608429804710,2501397,Kiprun,apparel,apparel.t-shirt,running,T-shirt,Kiprun Men's Run 100 Dry Running T-Shirt,Kiprun Run 100 Dry T-shirt de Running Homme,3XL,Smoked Black,10.00,9.5,EUR,fr-FR,GF-R2-U2,1,dry-breathable-running-t-shirt-165437,https://cdn.shopify.com/s/files/1/1330/6287/files/DECATHLONTSHIRTRUNDRYHNOIRSS25PE25-8488034_8817443-069---Expireson06-11-2028.jpg?v=1741973834,7
3608429804727,2501396,Kiprun,apparel,apparel.t-shirt,running,T-shirt,Kiprun Men's Run 100 Dry Running T-Shirt,Kiprun Run 100 Dry T-shirt de Running Homme,2XL,Smoked Black,10.00,9.5,EUR,fr-FR,GF-R2-U2,2,dry-breathable-running-t-shirt-165437,https://cdn.shopify.com/s/files/1/1330/6287/files/DECATHLONTSHIRTRUNDRYHNOIRSS25PE25-8488034_8817443-069---Expireson06-11-2028.jpg?v=1741973834,7
3608429804741,2501395,Kiprun,apparel,apparel.t-shirt,running,T-shirt,Kiprun Men's Run 100 Dry Running T-Shirt,Kiprun Run 100 Dry T-shirt de Running Homme,XL,Smoked Black,10.00,9.5,EUR,fr-FR,GF-R2-U2,4,dry-breathable-running-t-shirt-165437,https://cdn.shopify.com/s/files/1/1330/6287/files/DECATHLONTSHIRTRUNDRYHNOIRSS25PE25-8488034_8817443-069---Expireson06-11-2028.jpg?v=1741973834,7
3608429804765,2501394,Kiprun,apparel,apparel.t-shirt,running,T-shirt,Kiprun Men's Run 100 Dry Running T-Shirt,Kiprun Run 100 Dry T-shirt de Running Homme,L,Smoked Black,10.00,9.5,EUR,fr-FR,GF-R2-U2,5,dry-breathable-running-t-shirt-165437,https://cdn.shopify.com/s/files/1/1330/6287/files/DECATHLONTSHIRTRUNDRYHNOIRSS25PE25-8488034_8817443-069---Expireson06-11-2028.jpg?v=1741973834,7
3608429804789,2501393,Kiprun,apparel,apparel.t-shirt,running,T-shirt,Kiprun Men's Run 100 Dry Running T-Shirt,Kiprun Run 100 Dry T-shirt de Running Homme,M,Smoked Black,10.00,9.5,EUR,fr-FR,GF-R2-U2,5,dry-breathable-running-t-shirt-165437,https://cdn.shopify.com/s/files/1/1330/6287/files/DECATHLONTSHIRTRUNDRYHNOIRSS25PE25-8488034_8817443-069---Expireson06-11-2028.jpg?v=1741973834,7
3608429804796,2501392,Kiprun,apparel,apparel.t-shirt,running,T-shirt,Kiprun Men's Run 100 Dry Running T-Shirt,Kiprun Run 100 Dry T-shirt de Running Homme,S,Smoked Black,10.00,9.5,EUR,fr-FR,GF-R2-U2,3,dry-breathable-running-t-shirt-165437,https://cdn.shopify.com/s/files/1/1330/6287/files/DECATHLONTSHIRTRUNDRYHNOIRSS25PE25-8488034_8817443-069---Expireson06-11-2028.jpg?v=1741973834,7
3583789463688,4560174,Wedze,apparel,apparel.baselayer-bottom,general,Baselayer bottom,Wedze Men's BL500 Ski Base Layer Bottoms,Wedze BL500 Bottoms Sous-vêtement technique de Ski Homme,3XL,Smoked Black,24.99,23.74,EUR,fr-FR,GB-R1-U2,1,mens-ski-base-layer-bottoms-bl-500-black-340509,https://cdn.shopify.com/s/files/1/1330/6287/files/8759473-product_image-p2579633.jpg?v=1755818932,6
3608449806251,4560172,Wedze,apparel,apparel.baselayer-bottom,general,Baselayer bottom,Wedze Men's BL500 Ski Base Layer Bottoms,Wedze BL500 Bottoms Sous-vêtement technique de Ski Homme,XL,Smoked Black,24.99,23.74,EUR,fr-FR,GB-R1-U2,3,mens-ski-base-layer-bottoms-bl-500-black-340509,https://cdn.shopify.com/s/files/1/1330/6287/files/8759473-product_image-p2579633.jpg?v=1755818932,6
3608449806268,4560173,Wedze,apparel,apparel.baselayer-bottom,general,Baselayer bottom,Wedze Men's BL500 Ski Base Layer Bottoms,Wedze BL500 Bottoms Sous-vêtement technique de Ski Homme,2XL,Smoked Black,24.99,23.74,EUR,fr-FR,GB-R1-U2,1,mens-ski-base-layer-bottoms-bl-500-black-340509,https://cdn.shopify.com/s/files/1/1330/6287/files/8759473-product_image-p2579633.jpg?v=1755818932,6
3608449806282,4560170,Wedze,apparel,apparel.baselayer-bottom,general,Baselayer bottom,Wedze Men's BL500 Ski Base Layer Bottoms,Wedze BL500 Bottoms Sous-vêtement technique de Ski Homme,M,Smoked Black,24.99,23.74,EUR,fr-FR,GB-R1-U2,4,mens-ski-base-layer-bottoms-bl-500-black-340509,https://cdn.shopify.com/s/files/1/1330/6287/files/8759473-product_image-p2579633.jpg?v=1755818932,6
3608449806305,4560171,Wedze,apparel,apparel.baselayer-bottom,general,Baselayer bottom,Wedze Men's BL500 Ski Base Layer Bottoms,Wedze BL500 Bottoms Sous-vêtement technique de Ski Homme,L,Smoked Black,24.99,23.74,EUR,fr-FR,GB-R1-U2,4,mens-ski-base-layer-bottoms-bl-500-black-340509,https://cdn.shopify.com/s/files/1/1330/6287/files/8759473-product_image-p2579633.jpg?v=1755818932,6
3608449806329,4560168,Wedze,apparel,apparel.baselayer-bottom,general,Baselayer bottom,Wedze Men's BL500 Ski Base Layer Bottoms,Wedze BL500 Bottoms Sous-vêtement technique de Ski Homme,XS,Smoked Black,24.99,23.74,EUR,fr-FR,GB-R1-U2,1,mens-ski-base-layer-bottoms-bl-500-black-340509,https://cdn.shopify.com/s/files/1/1330/6287/files/8759473-product_image-p2579633.jpg?v=1755818932,6
3608449806343,4560169,Wedze,apparel,apparel.baselayer-bottom,general,Baselayer bottom,Wedze Men's BL500 Ski Base Layer Bottoms,Wedze BL500 Bottoms Sous-vêtement technique de Ski Homme,S,Smoked Black,24.99,23.74,EUR,fr-FR,GB-R1-U2,2,mens-ski-base-layer-bottoms-bl-500-black-340509,https://cdn.shopify.com/s/files/1/1330/6287/files/8759473-product_image-p2579633.jpg?v=1755818932,6
3583788044734,2648443,Forclaz,accessories,accessories.hat,hike_camp,Hat,Forclaz Women's MT500 UPF 50+ Hiking Hat,Forclaz MT500 UPF 50+ Chapeau de Randonnée Femme,56-58cm / 22-23'',Crimson Purple,20.00,19.0,EUR,fr-FR,GB-R3-U1,3,womens-mountain-backpacking-uv-protective-hat-trek500,https://cdn.shopify.com/s/files/1/1330/6287/products/8526260-product_image-1793789.jpg?v=1688643763,5
3583788044758,2648444,Forclaz,accessories,accessories.hat,hike_camp,Hat,Forclaz Women's MT500 UPF 50+ Hiking Hat,Forclaz MT500 UPF 50+ Chapeau de Randonnée Femme,60-62cm / 24'',Crimson Purple,20.00,19.0,EUR,fr-FR,GB-R3-U1,2,womens-mountain-backpacking-uv-protective-hat-trek500,https://cdn.shopify.com/s/files/1/1330/6287/products/8526260-product_image-1793789.jpg?v=1688643763,5
3608449805179,4560181,Wedze,apparel,apparel.baselayer-bottom,general,Baselayer bottom,Wedze Women's BL500 Ski Base Layer Bottoms,Wedze BL500 Bottoms Sous-vêtement technique de Ski Femme,2XL,Black,24.99,23.74,EUR,fr-FR,GF-R1-U1,2,womens-ski-base-layer-bottoms-bl-500-black-340556,https://cdn.shopify.com/s/files/1/1330/6287/files/8759474-product_image-p2579859.jpg?v=1755805942,4
3608449805186,4560179,Wedze,apparel,apparel.baselayer-bottom,general,Baselayer bottom,Wedze Women's BL500 Ski Base Layer Bottoms,Wedze BL500 Bottoms Sous-vêtement technique de Ski Femme,L,Black,24.99,23.74,EUR,fr-FR,GF-R1-U1,5,womens-ski-base-layer-bottoms-bl-500-black-340556,https://cdn.shopify.com/s/files/1/1330/6287/files/8759474-product_image-p2579859.jpg?v=1755805942,4
3608449805193,4560180,Wedze,apparel,apparel.baselayer-bottom,general,Baselayer bottom,Wedze Women's BL500 Ski Base Layer Bottoms,Wedze BL500 Bottoms Sous-vêtement technique de Ski Femme,XL,Black,24.99,23.74,EUR,fr-FR,GF-R1-U1,3,womens-ski-base-layer-bottoms-bl-500-black-340556,https://cdn.shopify.com/s/files/1/1330/6287/files/8759474-product_image-p2579859.jpg?v=1755805942,4
3608449805209,4560177,Wedze,apparel,apparel.baselayer-bottom,general,Baselayer bottom,Wedze Women's BL500 Ski Base Layer Bottoms,Wedze BL500 Bottoms Sous-vêtement technique de Ski Femme,S,Black,24.99,23.74,EUR,fr-FR,GF-R1-U1,3,womens-ski-base-layer-bottoms-bl-500-black-340556,https://cdn.shopify.com/s/files/1/1330/6287/files/8759474-product_image-p2579859.jpg?v=1755805942,4
3608449805216,4560178,Wedze,apparel,apparel.baselayer-bottom,general,Baselayer bottom,Wedze Women's BL500 Ski Base Layer Bottoms,Wedze BL500 Bottoms Sous-vêtement technique de Ski Femme,M,Black,24.99,23.74,EUR,fr-FR,GF-R1-U1,5,womens-ski-base-layer-bottoms-bl-500-black-340556,https://cdn.shopify.com/s/files/1/1330/6287/files/8759474-product_image-p2579859.jpg?v=1755805942,4
3608449805223,4560176,Wedze,apparel,apparel.baselayer-bottom,general,Baselayer bottom,Wedze Women's BL500 Ski Base Layer Bottoms,Wedze BL500 Bottoms Sous-vêtement technique de Ski Femme,XS,Black,24.99,23.74,EUR,fr-FR,GF-R1-U1,1,womens-ski-base-layer-bottoms-bl-500-black-340556,https://cdn.shopify.com/s/files/1/1330/6287/files/8759474-product_image-p2579859.jpg?v=1755805942,4
3608391901912,5319238,Kiprun,apparel,apparel.tank,running,Tank,Kiprun Run 500 Women's Cropped Running Tank Top,Kiprun Run 500 Cropped Top Débardeur de Running Femme,XS,Light Jade,12.00,11.4,EUR,fr-FR,GB-R2-U1,2,womens-running-breathable-cropped-tank-top-kiprun-run-500-340009,https://cdn.shopify.com/s/files/1/1330/6287/files/8903229-product_image-p2789193.jpg?v=1744905268,5
3608391901929,5319239,Kiprun,apparel,apparel.tank,running,Tank,Kiprun Run 500 Women's Cropped Running Tank Top,Kiprun Run 500 Cropped Top Débardeur de Running Femme,S,Light Jade,12.00,11.4,EUR,fr-FR,GB-R2-U1,5,womens-running-breathable-cropped-tank-top-kiprun-run-500-340009,https://cdn.shopify.com/s/files/1/1330/6287/files/8903229-product_image-p2789193.jpg?v=1744905268,5
3608391901936,5319240,Kiprun,apparel,apparel.tank,running,Tank,Kiprun Run 500 Women's Cropped Running Tank Top,Kiprun Run 500 Cropped Top Débardeur de Running Femme,M,Light Jade,12.00,11.4,EUR,fr-FR,GB-R2-U1,8,womens-running-breathable-cropped-tank-top-kiprun-run-500-340009,https://cdn.shopify.com/s/files/1/1330/6287/files/8903229-product_image-p2789193.jpg?v=1744905268,5
3608391901943,5319241,Kiprun,apparel,apparel.tank,running,Tank,Kiprun Run 500 Women's Cropped Running Tank Top,Kiprun Run 500 Cropped Top Débardeur de Running Femme,L,Light Jade,12.00,11.4,EUR,fr-FR,GB-R2-U1,7,womens-running-breathable-cropped-tank-top-kiprun-run-500-340009,https://cdn.shopify.com/s/files/1/1330/6287/files/8903229-product_image-p2789193.jpg?v=1744905268,5
3608391901950,5319242,Kiprun,apparel,apparel.tank,running,Tank,Kiprun Run 500 Women's Cropped Running Tank Top,Kiprun Run 500 Cropped Top Débardeur de Running Femme,XL,Light Jade,12.00,11.4,EUR,fr-FR,GB-R2-U1,5,womens-running-breathable-cropped-tank-top-kiprun-run-500-340009,https://cdn.shopify.com/s/files/1/1330/6287/files/8903229-product_image-p2789193.jpg?v=1744905268,5
3583784886833,5242389,Van Rysel,outdoor,outdoor.road-bike,general,Road bike,Van Rysel RCR Pro Replica Dura Ace Road Bike - Di2 AG2R Team,Van Rysel RCR Pro Replica Dura Ace Di2 AG2R Team Vélo de route,"S / 5'3"" - 5'8""",Charcoal,10999.00,10449.05,EUR,fr-FR,GB-R1-U1,0,van-rysel-rcr-pro-replica-dura-ace-road-bike-di2-ag2r-team-355688,https://cdn.shopify.com/s/files/1/1330/6287/files/8885221-product_image-p2693528.webp?v=1726087541,16
3583784886840,5242390,Van Rysel,outdoor,outdoor.road-bike,general,Road bike,Van Rysel RCR Pro Replica Dura Ace Road Bike - Di2 AG2R Team,Van Rysel RCR Pro Replica Dura Ace Di2 AG2R Team Vélo de route,"M / 5'7"" - 5'11""",Charcoal,10999.00,10449.05,EUR,fr-FR,GB-R1-U1,0,van-rysel-rcr-pro-replica-dura-ace-road-bike-di2-ag2r-team-355688,https://cdn.shopify.com/s/files/1/1330/6287/files/8885221-product_image-p2693528.webp?v=1726087541,16
3583784886857,5242391,Van Rysel,outdoor,outdoor.road-bike,general,Road bike,Van Rysel RCR Pro Replica Dura Ace Road Bike - Di2 AG2R Team,Van Rysel RCR Pro Replica Dura Ace Di2 AG2R Team Vélo de route,"L / 5'10"" - 6'2""",Charcoal,10999.00,10449.05,EUR,fr-FR,GB-R1-U1,0,van-rysel-rcr-pro-replica-dura-ace-road-bike-di2-ag2r-team-355688,https://cdn.shopify.com/s/files/1/1330/6287/files/8885221-product_image-p2693528.webp?v=1726087541,16
3583784886864,5242392,Van Rysel,outdoor,outdoor.road-bike,general,Road bike,Van Rysel RCR Pro Replica Dura Ace Road Bike - Di2 AG2R Team,Van Rysel RCR Pro Replica Dura Ace Di2 AG2R Team Vélo de route,"XL / 6'1"" - 6'5""",Charcoal,10999.00,10449.05,EUR,fr-FR,GB-R1-U1,0,van-rysel-rcr-pro-replica-dura-ace-road-bike-di2-ag2r-team-355688,https://cdn.shopify.com/s/files/1/1330/6287/files/8885221-product_image-p2693528.webp?v=1726087541,16
3608392744020,,Van Rysel,outdoor,outdoor.road-bike,general,Road bike,Van Rysel RCR Pro Replica Dura Ace Road Bike - Di2 AG2R Team,Van Rysel RCR Pro Replica Dura Ace Di2 AG2R Team Vélo de route,XS,Charcoal,11599.00,11019.05,EUR,fr-FR,GB-R1-U1,0,van-rysel-rcr-pro-replica-dura-ace-road-bike-di2-ag2r-team-355688,https://cdn.shopify.com/s/files/1/1330/6287/files/8885221-product_image-p2693528.webp?v=1726087541,16
3608392744037,,Van Rysel,outdoor,outdoor.road-bike,general,Road bike,Van Rysel RCR Pro Replica Dura Ace Road Bike - Di2 AG2R Team,Van Rysel RCR Pro Replica Dura Ace Di2 AG2R Team Vélo de route,S,Charcoal,11599.00,11019.05,EUR,fr-FR,GB-R1-U1,0,van-rysel-rcr-pro-replica-dura-ace-road-bike-di2-ag2r-team-355688,https://cdn.shopify.com/s/files/1/1330/6287/files/8885221-product_image-p2693528.webp?v=1726087541,16
3608392744044,,Van Rysel,outdoor,outdoor.road-bike,general,Road bike,Van Rysel RCR Pro Replica Dura Ace Road Bike - Di2 AG2R Team,Van Rysel RCR Pro Replica Dura Ace Di2 AG2R Team Vélo de route,M,Charcoal,11599.00,11019.05,EUR,fr-FR,GB-R1-U1,1,van-rysel-rcr-pro-replica-dura-ace-road-bike-di2-ag2r-team-355688,https://cdn.shopify.com/s/files/1/1330/6287/files/8885221-product_image-p2693528.webp?v=1726087541,16
3608392744051,,Van Rysel,outdoor,outdoor.road-bike,general,Road bike,Van Rysel RCR Pro Replica Dura Ace Road Bike - Di2 AG2R Team,Van Rysel RCR Pro Replica Dura Ace Di2 AG2R Team Vélo de route,L,Charcoal,11599.00,11019.05,EUR,fr-FR,GB-R1-U1,0,van-rysel-rcr-pro-replica-dura-ace-road-bike-di2-ag2r-team-355688,https://cdn.shopify.com/s/files/1/1330/6287/files/8885221-product_image-p2693528.webp?v=1726087541,16
3608392744068,,Van Rysel,outdoor,outdoor.road-bike,general,Road bike,Van Rysel RCR Pro Replica Dura Ace Road Bike - Di2 AG2R Team,Van Rysel RCR Pro Replica Dura Ace Di2 AG2R Team Vélo de route,XL,Charcoal,11599.00,11019.05,EUR,fr-FR,GB-R1-U1,0,van-rysel-rcr-pro-replica-dura-ace-road-bike-di2-ag2r-team-355688,https://cdn.shopify.com/s/files/1/1330/6287/files/8885221-product_image-p2693528.webp?v=1726087541,16
3608390647361,4955224,Quechua,apparel,apparel.fleece,hike_camp,Fleece,Quechua Men’s MH500 Warm Water-Repellent Hiking Fleece Jacket,Quechua ’s MH500 Veste polaire Déperlant de Randonnée Chaud Homme,S,Deep Sea Turquoise,65.00,61.75,EUR,fr-FR,GF-R3-U1,2,quechua-mens-warm-hiking-fleece-jacket-mh500-mountain-green-348881-fw25,https://cdn.shopify.com/s/files/1/1330/6287/files/8827669-product_image-p2718081.jpg?v=1755553102,10
3608390647378,4955225,Quechua,apparel,apparel.fleece,hike_camp,Fleece,Quechua Men’s MH500 Warm Water-Repellent Hiking Fleece Jacket,Quechua ’s MH500 Veste polaire Déperlant de Randonnée Chaud Homme,M,Deep Sea Turquoise,65.00,61.75,EUR,fr-FR,GF-R3-U1,4,quechua-mens-warm-hiking-fleece-jacket-mh500-mountain-green-348881-fw25,https://cdn.shopify.com/s/files/1/1330/6287/files/8827669-product_image-p2718081.jpg?v=1755553102,10
3608390647385,4955226,Quechua,apparel,apparel.fleece,hike_camp,Fleece,Quechua Men’s MH500 Warm Water-Repellent Hiking Fleece Jacket,Quechua ’s MH500 Veste polaire Déperlant de Randonnée Chaud Homme,L,Deep Sea Turquoise,65.00,61.75,EUR,fr-FR,GF-R3-U1,4,quechua-mens-warm-hiking-fleece-jacket-mh500-mountain-green-348881-fw25,https://cdn.shopify.com/s/files/1/1330/6287/files/8827669-product_image-p2718081.jpg?v=1755553102,10
3608390647392,4955227,Quechua,apparel,apparel.fleece,hike_camp,Fleece,Quechua Men’s MH500 Warm Water-Repellent Hiking Fleece Jacket,Quechua ’s MH500 Veste polaire Déperlant de Randonnée Chaud Homme,XL,Deep Sea Turquoise,65.00,61.75,EUR,fr-FR,GF-R3-U1,3,quechua-mens-warm-hiking-fleece-jacket-mh500-mountain-green-348881-fw25,https://cdn.shopify.com/s/files/1/1330/6287/files/8827669-product_image-p2718081.jpg?v=1755553102,10
3608390651801,4955228,Quechua,apparel,apparel.fleece,hike_camp,Fleece,Quechua Men’s MH500 Warm Water-Repellent Hiking Fleece Jacket,Quechua ’s MH500 Veste polaire Déperlant de Randonnée Chaud Homme,2XL,Deep Sea Turquoise,65.00,61.75,EUR,fr-FR,GF-R3-U1,1,quechua-mens-warm-hiking-fleece-jacket-mh500-mountain-green-348881-fw25,https://cdn.shopify.com/s/files/1/1330/6287/files/8827669-product_image-p2718081.jpg?v=1755553102,10
3608390651818,4955229,Quechua,apparel,apparel.fleece,hike_camp,Fleece,Quechua Men’s MH500 Warm Water-Repellent Hiking Fleece Jacket,Quechua ’s MH500 Veste polaire Déperlant de Randonnée Chaud Homme,3XL,Deep Sea Turquoise,65.00,61.75,EUR,fr-FR,GF-R3-U1,1,quechua-mens-warm-hiking-fleece-jacket-mh500-mountain-green-348881-fw25,https://cdn.shopify.com/s/files/1/1330/6287/files/8827669-product_image-p2718081.jpg?v=1755553102,10
3608391922016,5335216,Kiprun,accessories,accessories.water-bag,running,Water bag,KIPRUN 8L Women's trail running bag - Beige purple,KIPRUN 8L bag Beige purple de Running Trail Femme,2XS / XS,Linen,80.00,76.0,EUR,fr-FR,GB-R2-U2,2,kiprun-womens-8l-trail-running-hydration-vest-338986,https://cdn.shopify.com/s/files/1/1330/6287/files/8911584-product_image-p2806371.jpg?v=1758753828,12
3608391922023,5335217,Kiprun,accessories,accessories.water-bag,running,Water bag,KIPRUN 8L Women's trail running bag - Beige purple,KIPRUN 8L bag Beige purple de Running Trail Femme,SM,Linen,80.00,76.0,EUR,fr-FR,GB-R2-U2,2,kiprun-womens-8l-trail-running-hydration-vest-338986,https://cdn.shopify.com/s/files/1/1330/6287/files/8911584-product_image-p2806371.jpg?v=1758753828,12
3608391922030,5335218,Kiprun,accessories,accessories.water-bag,running,Water bag,KIPRUN 8L Women's trail running bag - Beige purple,KIPRUN 8L bag Beige purple de Running Trail Femme,L / XL,Linen,80.00,76.0,EUR,fr-FR,GB-R2-U2,2,kiprun-womens-8l-trail-running-hydration-vest-338986,https://cdn.shopify.com/s/files/1/1330/6287/files/8911584-product_image-p2806371.jpg?v=1758753828,12
3608439450211,2557561,Forclaz,accessories,accessories.hiking-pole,hike_camp,Hiking pole,Forclaz MT500 Hiking Pole (Single Pole),Forclaz MT500 (Single Pole) Bâton de randonnée,One Size,Dark Olive Green,34.99,33.24,EUR,fr-FR,GB-R3-U2,6,hiking-pole-500,https://cdn.shopify.com/s/files/1/1330/6287/files/8492573-product_image-p2675321.jpg?v=1712143182,4
3608392226397,5404893,Quechua,bag_pack,bag_pack.backpack,hike_camp,Backpack,Quechua Kids' MH500 18L Hiking Backpack,Quechua MH500 18L Sac à dos de Randonnée Enfant,One Size,Pink,30.00,28.5,EUR,fr-FR,GF-R3-U1,6,quechua-kids-hiking-backpack-mh500-122867p,https://cdn.shopify.com/s/files/1/1330/6287/files/8916583-product_image-p2823654.jpg?v=1744911962,5
3583784258081,4631288,Quechua,apparel,apparel.fleece,hike_camp,Fleece,Quechua Men's SH100 Fleece Winter Jacket,Quechua SH100 Fleece Veste Hiver Homme,S,Asphalt Blue,69.99,66.49,EUR,fr-FR,GF-R3-U2,4,quechua-mens-sh100-fleece-winter-jacket-342183,https://cdn.shopify.com/s/files/1/1330/6287/files/8749770-product_image-p2607152.jpg?v=1755805950,11
3583784258098,4631289,Quechua,apparel,apparel.fleece,hike_camp,Fleece,Quechua Men's SH100 Fleece Winter Jacket,Quechua SH100 Fleece Veste Hiver Homme,M,Asphalt Blue,69.99,66.49,EUR,fr-FR,GF-R3-U2,7,quechua-mens-sh100-fleece-winter-jacket-342183,https://cdn.shopify.com/s/files/1/1330/6287/files/8749770-product_image-p2607152.jpg?v=1755805950,11
3583784261104,4631290,Quechua,apparel,apparel.fleece,hike_camp,Fleece,Quechua Men's SH100 Fleece Winter Jacket,Quechua SH100 Fleece Veste Hiver Homme,L,Asphalt Blue,69.99,66.49,EUR,fr-FR,GF-R3-U2,6,quechua-mens-sh100-fleece-winter-jacket-342183,https://cdn.shopify.com/s/files/1/1330/6287/files/8749770-product_image-p2607152.jpg?v=1755805950,11
3583784261111,4631291,Quechua,apparel,apparel.fleece,hike_camp,Fleece,Quechua Men's SH100 Fleece Winter Jacket,Quechua SH100 Fleece Veste Hiver Homme,XL,Asphalt Blue,69.99,66.49,EUR,fr-FR,GF-R3-U2,5,quechua-mens-sh100-fleece-winter-jacket-342183,https://cdn.shopify.com/s/files/1/1330/6287/files/8749770-product_image-p2607152.jpg?v=1755805950,11
3583784261128,4631292,Quechua,apparel,apparel.fleece,hike_camp,Fleece,Quechua Men's SH100 Fleece Winter Jacket,Quechua SH100 Fleece Veste Hiver Homme,2XL,Asphalt Blue,69.99,66.49,EUR,fr-FR,GF-R3-U2,2,quechua-mens-sh100-fleece-winter-jacket-342183,https://cdn.shopify.com/s/files/1/1330/6287/files/8749770-product_image-p2607152.jpg?v=1755805950,11
3583784261135,4631293,Quechua,apparel,apparel.fleece,hike_camp,Fleece,Quechua Men's SH100 Fleece Winter Jacket,Quechua SH100 Fleece Veste Hiver Homme,3XL,Asphalt Blue,69.99,66.49,EUR,fr-FR,GF-R3-U2,1,quechua-mens-sh100-fleece-winter-jacket-342183,https://cdn.shopify.com/s/files/1/1330/6287/files/8749770-product_image-p2607152.jpg?v=1755805950,11
3608391795962,5283901,Simond,apparel,apparel.down-jacket,general,Down jacket,Simond Men's MT100 Down Puffer Jacket,Simond MT100 Doudoune Duvet Homme,S,Black,99.00,94.05,EUR,fr-FR,GF-R1-U2,3,forclaz-mens-backpacking-down-jacket-266-f-mt100-black-356260-fw25,https://cdn.shopify.com/s/files/1/1330/6287/files/8901459-product_image-p2920889.jpg?v=1755553777,7
3608391795979,5283902,Simond,apparel,apparel.down-jacket,general,Down jacket,Simond Men's MT100 Down Puffer Jacket,Simond MT100 Doudoune Duvet Homme,M,Black,99.00,94.05,EUR,fr-FR,GF-R1-U2,4,forclaz-mens-backpacking-down-jacket-266-f-mt100-black-356260-fw25,https://cdn.shopify.com/s/files/1/1330/6287/files/8901459-product_image-p2920889.jpg?v=1755553777,7
3608391795986,5283903,Simond,apparel,apparel.down-jacket,general,Down jacket,Simond Men's MT100 Down Puffer Jacket,Simond MT100 Doudoune Duvet Homme,L,Black,99.00,94.05,EUR,fr-FR,GF-R1-U2,4,forclaz-mens-backpacking-down-jacket-266-f-mt100-black-356260-fw25,https://cdn.shopify.com/s/files/1/1330/6287/files/8901459-product_image-p2920889.jpg?v=1755553777,7
3608391795993,5283904,Simond,apparel,apparel.down-jacket,general,Down jacket,Simond Men's MT100 Down Puffer Jacket,Simond MT100 Doudoune Duvet Homme,XL,Black,99.00,94.05,EUR,fr-FR,GF-R1-U2,3,forclaz-mens-backpacking-down-jacket-266-f-mt100-black-356260-fw25,https://cdn.shopify.com/s/files/1/1330/6287/files/8901459-product_image-p2920889.jpg?v=1755553777,7
3608391796105,5283905,Simond,apparel,apparel.down-jacket,general,Down jacket,Simond Men's MT100 Down Puffer Jacket,Simond MT100 Doudoune Duvet Homme,2XL,Black,99.00,94.05,EUR,fr-FR,GF-R1-U2,1,forclaz-mens-backpacking-down-jacket-266-f-mt100-black-356260-fw25,https://cdn.shopify.com/s/files/1/1330/6287/files/8901459-product_image-p2920889.jpg?v=1755553777,7
3608391796112,5283906,Simond,apparel,apparel.down-jacket,general,Down jacket,Simond Men's MT100 Down Puffer Jacket,Simond MT100 Doudoune Duvet Homme,3XL,Black,99.00,94.05,EUR,fr-FR,GF-R1-U2,1,forclaz-mens-backpacking-down-jacket-266-f-mt100-black-356260-fw25,https://cdn.shopify.com/s/files/1/1330/6287/files/8901459-product_image-p2920889.jpg?v=1755553777,7
3583787106471,4775157,Simond,apparel,apparel.t-shirt,general,T-shirt,Simond Men's Travel 500 Merino Wool T-Shirt,Simond 500 T-shirt Mérinos Voyage Laine Homme,M,Steel Gray,35.00,33.25,EUR,fr-FR,GB-R1-U1,2,mens-short-sleeved-merino-wool-hiking-travel-t-shirt-travel-500-106265,https://cdn.shopify.com/s/files/1/1330/6287/files/8789726-product_image-p2601365_c55edbc8-5135-4e6c-bbd3-81f3b89d1a8e.jpg?v=1748626071,22
3583787106488,4775156,Simond,apparel,apparel.t-shirt,general,T-shirt,Simond Men's Travel 500 Merino Wool T-Shirt,Simond 500 T-shirt Mérinos Voyage Laine Homme,S,Steel Gray,35.00,33.25,EUR,fr-FR,GB-R1-U1,0,mens-short-sleeved-merino-wool-hiking-travel-t-shirt-travel-500-106265,https://cdn.shopify.com/s/files/1/1330/6287/files/8789726-product_image-p2601365_c55edbc8-5135-4e6c-bbd3-81f3b89d1a8e.jpg?v=1748626071,22
3583787106495,4775160,Simond,apparel,apparel.t-shirt,general,T-shirt,Simond Men's Travel 500 Merino Wool T-Shirt,Simond 500 T-shirt Mérinos Voyage Laine Homme,2XL,Steel Gray,35.00,33.25,EUR,fr-FR,GB-R1-U1,1,mens-short-sleeved-merino-wool-hiking-travel-t-shirt-travel-500-106265,https://cdn.shopify.com/s/files/1/1330/6287/files/8789726-product_image-p2601365_c55edbc8-5135-4e6c-bbd3-81f3b89d1a8e.jpg?v=1748626071,22
3583787106501,4775159,Simond,apparel,apparel.t-shirt,general,T-shirt,Simond Men's Travel 500 Merino Wool T-Shirt,Simond 500 T-shirt Mérinos Voyage Laine Homme,XL,Steel Gray,35.00,33.25,EUR,fr-FR,GB-R1-U1,1,mens-short-sleeved-merino-wool-hiking-travel-t-shirt-travel-500-106265,https://cdn.shopify.com/s/files/1/1330/6287/files/8789726-product_image-p2601365_c55edbc8-5135-4e6c-bbd3-81f3b89d1a8e.jpg?v=1748626071,22
3583787106518,4775158,Simond,apparel,apparel.t-shirt,general,T-shirt,Simond Men's Travel 500 Merino Wool T-Shirt,Simond 500 T-shirt Mérinos Voyage Laine Homme,L,Steel Gray,35.00,33.25,EUR,fr-FR,GB-R1-U1,1,mens-short-sleeved-merino-wool-hiking-travel-t-shirt-travel-500-106265,https://cdn.shopify.com/s/files/1/1330/6287/files/8789726-product_image-p2601365_c55edbc8-5135-4e6c-bbd3-81f3b89d1a8e.jpg?v=1748626071,22
3583787858479,2562324,Simond,apparel,apparel.t-shirt,general,T-shirt,Simond Men's Travel 500 Merino Wool T-Shirt,Simond 500 T-shirt Mérinos Voyage Laine Homme,L,Abyss Blue,30.00,28.5,EUR,fr-FR,GB-R1-U1,1,mens-short-sleeved-merino-wool-hiking-travel-t-shirt-travel-500-106265,https://cdn.shopify.com/s/files/1/1330/6287/files/8789726-product_image-p2601365_c55edbc8-5135-4e6c-bbd3-81f3b89d1a8e.jpg?v=1748626071,22
3583787858486,2562322,Simond,apparel,apparel.t-shirt,general,T-shirt,Simond Men's Travel 500 Merino Wool T-Shirt,Simond 500 T-shirt Mérinos Voyage Laine Homme,M,Abyss Blue,30.00,28.5,EUR,fr-FR,GB-R1-U1,1,mens-short-sleeved-merino-wool-hiking-travel-t-shirt-travel-500-106265,https://cdn.shopify.com/s/files/1/1330/6287/files/8789726-product_image-p2601365_c55edbc8-5135-4e6c-bbd3-81f3b89d1a8e.jpg?v=1748626071,22
3583787858493,2562326,Simond,apparel,apparel.t-shirt,general,T-shirt,Simond Men's Travel 500 Merino Wool T-Shirt,Simond 500 T-shirt Mérinos Voyage Laine Homme,2XL,Abyss Blue,30.00,28.5,EUR,fr-FR,GB-R1-U1,0,mens-short-sleeved-merino-wool-hiking-travel-t-shirt-travel-500-106265,https://cdn.shopify.com/s/files/1/1330/6287/files/8789726-product_image-p2601365_c55edbc8-5135-4e6c-bbd3-81f3b89d1a8e.jpg?v=1748626071,22
3583787858509,2562325,Simond,apparel,apparel.t-shirt,general,T-shirt,Simond Men's Travel 500 Merino Wool T-Shirt,Simond 500 T-shirt Mérinos Voyage Laine Homme,XL,Abyss Blue,30.00,28.5,EUR,fr-FR,GB-R1-U1,1,mens-short-sleeved-merino-wool-hiking-travel-t-shirt-travel-500-106265,https://cdn.shopify.com/s/files/1/1330/6287/files/8789726-product_image-p2601365_c55edbc8-5135-4e6c-bbd3-81f3b89d1a8e.jpg?v=1748626071,22
3583787858516,2562321,Simond,apparel,apparel.t-shirt,general,T-shirt,Simond Men's Travel 500 Merino Wool T-Shirt,Simond 500 T-shirt Mérinos Voyage Laine Homme,S,Abyss Blue,30.00,28.5,EUR,fr-FR,GB-R1-U1,1,mens-short-sleeved-merino-wool-hiking-travel-t-shirt-travel-500-106265,https://cdn.shopify.com/s/files/1/1330/6287/files/8789726-product_image-p2601365_c55edbc8-5135-4e6c-bbd3-81f3b89d1a8e.jpg?v=1748626071,22
3583787866689,2920615,Simond,apparel,apparel.t-shirt,general,T-shirt,Simond Men's Travel 500 Merino Wool T-Shirt,Simond 500 T-shirt Mérinos Voyage Laine Homme,L,Yellow Ochre,30.00,28.5,EUR,fr-FR,GB-R1-U1,2,mens-short-sleeved-merino-wool-hiking-travel-t-shirt-travel-500-106265,https://cdn.shopify.com/s/files/1/1330/6287/files/8789726-product_image-p2601365_c55edbc8-5135-4e6c-bbd3-81f3b89d1a8e.jpg?v=1748626071,22
3583787866719,2920617,Simond,apparel,apparel.t-shirt,general,T-shirt,Simond Men's Travel 500 Merino Wool T-Shirt,Simond 500 T-shirt Mérinos Voyage Laine Homme,S,Yellow Ochre,30.00,28.5,EUR,fr-FR,GB-R1-U1,1,mens-short-sleeved-merino-wool-hiking-travel-t-shirt-travel-500-106265,https://cdn.shopify.com/s/files/1/1330/6287/files/8789726-product_image-p2601365_c55edbc8-5135-4e6c-bbd3-81f3b89d1a8e.jpg?v=1748626071,22
3583787866733,2920616,Simond,apparel,apparel.t-shirt,general,T-shirt,Simond Men's Travel 500 Merino Wool T-Shirt,Simond 500 T-shirt Mérinos Voyage Laine Homme,M,Yellow Ochre,30.00,28.5,EUR,fr-FR,GB-R1-U1,1,mens-short-sleeved-merino-wool-hiking-travel-t-shirt-travel-500-106265,https://cdn.shopify.com/s/files/1/1330/6287/files/8789726-product_image-p2601365_c55edbc8-5135-4e6c-bbd3-81f3b89d1a8e.jpg?v=1748626071,22
3583787866764,2920618,Simond,apparel,apparel.t-shirt,general,T-shirt,Simond Men's Travel 500 Merino Wool T-Shirt,Simond 500 T-shirt Mérinos Voyage Laine Homme,XL,Yellow Ochre,30.00,28.5,EUR,fr-FR,GB-R1-U1,1,mens-short-sleeved-merino-wool-hiking-travel-t-shirt-travel-500-106265,https://cdn.shopify.com/s/files/1/1330/6287/files/8789726-product_image-p2601365_c55edbc8-5135-4e6c-bbd3-81f3b89d1a8e.jpg?v=1748626071,22
3583787866801,2920611,Simond,apparel,apparel.t-shirt,general,T-shirt,Simond Men's Travel 500 Merino Wool T-Shirt,Simond 500 T-shirt Mérinos Voyage Laine Homme,2XL,Yellow Ochre,30.00,28.5,EUR,fr-FR,GB-R1-U1,0,mens-short-sleeved-merino-wool-hiking-travel-t-shirt-travel-500-106265,https://cdn.shopify.com/s/files/1/1330/6287/files/8789726-product_image-p2601365_c55edbc8-5135-4e6c-bbd3-81f3b89d1a8e.jpg?v=1748626071,22
3608439346163,4163887,Quechua,apparel,apparel.fleece,hike_camp,Fleece,Quechua Men's MH120 Hiking Fleece,Quechua MH120 Polaire de Randonnée Homme,S,Black,34.99,33.24,EUR,fr-FR,GB-R3-U1,4,quechua-mens-mh120-hiking-fleece-176453,https://cdn.shopify.com/s/files/1/1330/6287/files/8606098-product_image-p2607248.jpg?v=1706185330,10
3608439346187,4163888,Quechua,apparel,apparel.fleece,hike_camp,Fleece,Quechua Men's MH120 Hiking Fleece,Quechua MH120 Polaire de Randonnée Homme,XL,Black,34.99,33.24,EUR,fr-FR,GB-R3-U1,4,quechua-mens-mh120-hiking-fleece-176453,https://cdn.shopify.com/s/files/1/1330/6287/files/8606098-product_image-p2607248.jpg?v=1706185330,10
3608439346224,4163883,Quechua,apparel,apparel.fleece,hike_camp,Fleece,Quechua Men's MH120 Hiking Fleece,Quechua MH120 Polaire de Randonnée Homme,3XL,Black,34.99,33.24,EUR,fr-FR,GB-R3-U1,1,quechua-mens-mh120-hiking-fleece-176453,https://cdn.shopify.com/s/files/1/1330/6287/files/8606098-product_image-p2607248.jpg?v=1706185330,10
3608439346248,4163884,Quechua,apparel,apparel.fleece,hike_camp,Fleece,Quechua Men's MH120 Hiking Fleece,Quechua MH120 Polaire de Randonnée Homme,4XL,Black,34.99,33.24,EUR,fr-FR,GB-R3-U1,1,quechua-mens-mh120-hiking-fleece-176453,https://cdn.shopify.com/s/files/1/1330/6287/files/8606098-product_image-p2607248.jpg?v=1706185330,10
3608439346262,4163885,Quechua,apparel,apparel.fleece,hike_camp,Fleece,Quechua Men's MH120 Hiking Fleece,Quechua MH120 Polaire de Randonnée Homme,L,Black,34.99,33.24,EUR,fr-FR,GB-R3-U1,6,quechua-mens-mh120-hiking-fleece-176453,https://cdn.shopify.com/s/files/1/1330/6287/files/8606098-product_image-p2607248.jpg?v=1706185330,10
3608439346286,4163886,Quechua,apparel,apparel.fleece,hike_camp,Fleece,Quechua Men's MH120 Hiking Fleece,Quechua MH120 Polaire de Randonnée Homme,M,Black,34.99,33.24,EUR,fr-FR,GB-R3-U1,6,quechua-mens-mh120-hiking-fleece-176453,https://cdn.shopify.com/s/files/1/1330/6287/files/8606098-product_image-p2607248.jpg?v=1706185330,10
3608439346309,4163882,Quechua,apparel,apparel.fleece,hike_camp,Fleece,Quechua Men's MH120 Hiking Fleece,Quechua MH120 Polaire de Randonnée Homme,2XL,Black,34.99,33.24,EUR,fr-FR,GB-R3-U1,3,quechua-mens-mh120-hiking-fleece-176453,https://cdn.shopify.com/s/files/1/1330/6287/files/8606098-product_image-p2607248.jpg?v=1706185330,10
3608393144409,4866415,Quechua,apparel,apparel.trousers-pants,hike_camp,Trousers/pants,Quechua Men's Hiking Pants NH100,Quechua NH100 Pantalon de Randonnée Homme,W29 L33,Carbon Gray,20.00,19.0,EUR,fr-FR,GB-R3-U2,1,quechua-mens-hiking-pants-nh100-347183,https://cdn.shopify.com/s/files/1/1330/6287/files/8803965-product_image-p2852838.jpg?v=1744325529,6
3608393144423,4866417,Quechua,apparel,apparel.trousers-pants,hike_camp,Trousers/pants,Quechua Men's Hiking Pants NH100,Quechua NH100 Pantalon de Randonnée Homme,W31 L33,Carbon Gray,20.00,19.0,EUR,fr-FR,GB-R3-U2,3,quechua-mens-hiking-pants-nh100-347183,https://cdn.shopify.com/s/files/1/1330/6287/files/8803965-product_image-p2852838.jpg?v=1744325529,6
3608393144447,4866419,Quechua,apparel,apparel.trousers-pants,hike_camp,Trousers/pants,Quechua Men's Hiking Pants NH100,Quechua NH100 Pantalon de Randonnée Homme,W33 L33,Carbon Gray,20.00,19.0,EUR,fr-FR,GB-R3-U2,3,quechua-mens-hiking-pants-nh100-347183,https://cdn.shopify.com/s/files/1/1330/6287/files/8803965-product_image-p2852838.jpg?v=1744325529,6
3608393144461,4866421,Quechua,apparel,apparel.trousers-pants,hike_camp,Trousers/pants,Quechua Men's Hiking Pants NH100,Quechua NH100 Pantalon de Randonnée Homme,W34 L34,Carbon Gray,20.00,19.0,EUR,fr-FR,GB-R3-U2,4,quechua-mens-hiking-pants-nh100-347183,https://cdn.shopify.com/s/files/1/1330/6287/files/8803965-product_image-p2852838.jpg?v=1744325529,6
3608393144485,4866423,Quechua,apparel,apparel.trousers-pants,hike_camp,Trousers/pants,Quechua Men's Hiking Pants NH100,Quechua NH100 Pantalon de Randonnée Homme,W36 L34,Carbon Gray,20.00,19.0,EUR,fr-FR,GB-R3-U2,4,quechua-mens-hiking-pants-nh100-347183,https://cdn.shopify.com/s/files/1/1330/6287/files/8803965-product_image-p2852838.jpg?v=1744325529,6
3608393144508,4866425,Quechua,apparel,apparel.trousers-pants,hike_camp,Trousers/pants,Quechua Men's Hiking Pants NH100,Quechua NH100 Pantalon de Randonnée Homme,W39 L34,Carbon Gray,20.00,19.0,EUR,fr-FR,GB-R3-U2,2,quechua-mens-hiking-pants-nh100-347183,https://cdn.shopify.com/s/files/1/1330/6287/files/8803965-product_image-p2852838.jpg?v=1744325529,6
3608393144522,4866427,Quechua,apparel,apparel.trousers-pants,hike_camp,Trousers/pants,Quechua Men's Hiking Pants NH100,Quechua NH100 Pantalon de Randonnée Homme,W42 L34,Carbon Gray,20.00,19.0,EUR,fr-FR,GB-R3-U2,1,quechua-mens-hiking-pants-nh100-347183,https://cdn.shopify.com/s/files/1/1330/6287/files/8803965-product_image-p2852838.jpg?v=1744325529,6
3608390281626,4899427,Kiprun,accessories,accessories.socks,running,Socks,Kiprun Run 500 Thin Breathable Mid Socks 2-Pack,Kiprun Run 500 Thin 2-Pack Chaussettes Respirant Mi-saison,W5-7.5 / M3.5-6,Snowy White,11.99,11.39,EUR,fr-FR,GB-R2-U1,3,kiprun-pack-of-2-pairs-of-run500-fine-crew-running-socks-348159,https://cdn.shopify.com/s/files/1/1330/6287/files/8810971-product_image-p2590675.jpg?v=1741977127,6
3608390281633,4899428,Kiprun,accessories,accessories.socks,running,Socks,Kiprun Run 500 Thin Breathable Mid Socks 2-Pack,Kiprun Run 500 Thin 2-Pack Chaussettes Respirant Mi-saison,W8-10.5 / M6.5-9,Snowy White,11.99,11.39,EUR,fr-FR,GB-R2-U1,2,kiprun-pack-of-2-pairs-of-run500-fine-crew-running-socks-348159,https://cdn.shopify.com/s/files/1/1330/6287/files/8810971-product_image-p2590675.jpg?v=1741977127,6
3608390281640,4899429,Kiprun,accessories,accessories.socks,running,Socks,Kiprun Run 500 Thin Breathable Mid Socks 2-Pack,Kiprun Run 500 Thin 2-Pack Chaussettes Respirant Mi-saison,W11-14 / M9.5-12,Snowy White,11.99,11.39,EUR,fr-FR,GB-R2-U1,3,kiprun-pack-of-2-pairs-of-run500-fine-crew-running-socks-348159,https://cdn.shopify.com/s/files/1/1330/6287/files/8810971-product_image-p2590675.jpg?v=1741977127,6
3583783858336,2478028,Simond,apparel,apparel.long-sleeved-t-shirt,general,Long-sleeved t-shirt,Simond Men's Travel 500 Merino Wool Long-sleeve Shirt,Simond 500 Haut Manches longues Mérinos Voyage Laine Homme,3XL,Slate Blue,40.00,38.0,EUR,fr-FR,GB-R1-U2,1,simond-mens-travel-500-merino-wool-long-sleeve-shirt-4523,https://cdn.shopify.com/s/files/1/1330/6287/files/8504630-product_image-p2510724_d57b8b0a-2307-41bc-adc0-0f620716b28e.jpg?v=1771014098,14
3608392258091,5414052,Simond,apparel,apparel.long-sleeved-t-shirt,general,Long-sleeved t-shirt,Simond Men's Travel 500 Merino Wool Long-sleeve Shirt,Simond 500 Haut Manches longues Mérinos Voyage Laine Homme,M,Golden Olive Green,40.00,38.0,EUR,fr-FR,GB-R1-U2,3,simond-mens-travel-500-merino-wool-long-sleeve-shirt-4523,https://cdn.shopify.com/s/files/1/1330/6287/files/8504630-product_image-p2510724_d57b8b0a-2307-41bc-adc0-0f620716b28e.jpg?v=1771014098,14
3608392258305,5414053,Simond,apparel,apparel.long-sleeved-t-shirt,general,Long-sleeved t-shirt,Simond Men's Travel 500 Merino Wool Long-sleeve Shirt,Simond 500 Haut Manches longues Mérinos Voyage Laine Homme,L,Golden Olive Green,40.00,38.0,EUR,fr-FR,GB-R1-U2,2,simond-mens-travel-500-merino-wool-long-sleeve-shirt-4523,https://cdn.shopify.com/s/files/1/1330/6287/files/8504630-product_image-p2510724_d57b8b0a-2307-41bc-adc0-0f620716b28e.jpg?v=1771014098,14
3608392258312,5414054,Simond,apparel,apparel.long-sleeved-t-shirt,general,Long-sleeved t-shirt,Simond Men's Travel 500 Merino Wool Long-sleeve Shirt,Simond 500 Haut Manches longues Mérinos Voyage Laine Homme,XL,Golden Olive Green,40.00,38.0,EUR,fr-FR,GB-R1-U2,2,simond-mens-travel-500-merino-wool-long-sleeve-shirt-4523,https://cdn.shopify.com/s/files/1/1330/6287/files/8504630-product_image-p2510724_d57b8b0a-2307-41bc-adc0-0f620716b28e.jpg?v=1771014098,14
3608439438110,2478026,Simond,apparel,apparel.long-sleeved-t-shirt,general,Long-sleeved t-shirt,Simond Men's Travel 500 Merino Wool Long-sleeve Shirt,Simond 500 Haut Manches longues Mérinos Voyage Laine Homme,2XL,Slate Blue,40.00,38.0,EUR,fr-FR,GB-R1-U2,2,simond-mens-travel-500-merino-wool-long-sleeve-shirt-4523,https://cdn.shopify.com/s/files/1/1330/6287/files/8504630-product_image-p2510724_d57b8b0a-2307-41bc-adc0-0f620716b28e.jpg?v=1771014098,14
3608439438127,2478033,Simond,apparel,apparel.long-sleeved-t-shirt,general,Long-sleeved t-shirt,Simond Men's Travel 500 Merino Wool Long-sleeve Shirt,Simond 500 Haut Manches longues Mérinos Voyage Laine Homme,M,Slate Blue,40.00,38.0,EUR,fr-FR,GB-R1-U2,2,simond-mens-travel-500-merino-wool-long-sleeve-shirt-4523,https://cdn.shopify.com/s/files/1/1330/6287/files/8504630-product_image-p2510724_d57b8b0a-2307-41bc-adc0-0f620716b28e.jpg?v=1771014098,14
3608439438134,2478032,Simond,apparel,apparel.long-sleeved-t-shirt,general,Long-sleeved t-shirt,Simond Men's Travel 500 Merino Wool Long-sleeve Shirt,Simond 500 Haut Manches longues Mérinos Voyage Laine Homme,L,Slate Blue,40.00,38.0,EUR,fr-FR,GB-R1-U2,3,simond-mens-travel-500-merino-wool-long-sleeve-shirt-4523,https://cdn.shopify.com/s/files/1/1330/6287/files/8504630-product_image-p2510724_d57b8b0a-2307-41bc-adc0-0f620716b28e.jpg?v=1771014098,14
3608439438141,2478035,Simond,apparel,apparel.long-sleeved-t-shirt,general,Long-sleeved t-shirt,Simond Men's Travel 500 Merino Wool Long-sleeve Shirt,Simond 500 Haut Manches longues Mérinos Voyage Laine Homme,XL,Slate Blue,40.00,38.0,EUR,fr-FR,GB-R1-U2,1,simond-mens-travel-500-merino-wool-long-sleeve-shirt-4523,https://cdn.shopify.com/s/files/1/1330/6287/files/8504630-product_image-p2510724_d57b8b0a-2307-41bc-adc0-0f620716b28e.jpg?v=1771014098,14
3608439438158,2478034,Simond,apparel,apparel.long-sleeved-t-shirt,general,Long-sleeved t-shirt,Simond Men's Travel 500 Merino Wool Long-sleeve Shirt,Simond 500 Haut Manches longues Mérinos Voyage Laine Homme,S,Slate Blue,40.00,38.0,EUR,fr-FR,GB-R1-U2,3,simond-mens-travel-500-merino-wool-long-sleeve-shirt-4523,https://cdn.shopify.com/s/files/1/1330/6287/files/8504630-product_image-p2510724_d57b8b0a-2307-41bc-adc0-0f620716b28e.jpg?v=1771014098,14
3583787908105,2485001,Forclaz,apparel,apparel.leggings,hike_camp,Leggings,Forclaz Men's MT500 Merino Wool Base Layer Tights,Forclaz MT500 Tights Sous-vêtement technique Mérinos Laine Homme,2XL,Black,79.99,75.99,EUR,fr-FR,GF-R3-U1,2,forclaz-trek-500-merino-wool-tights-backpacking-undergarment-301655,https://cdn.shopify.com/s/files/1/1330/6287/files/8501932-product_image-p2599257.jpg?v=1712056985,5
3583787908174,2485009,Forclaz,apparel,apparel.leggings,hike_camp,Leggings,Forclaz Men's MT500 Merino Wool Base Layer Tights,Forclaz MT500 Tights Sous-vêtement technique Mérinos Laine Homme,S,Black,79.99,75.99,EUR,fr-FR,GF-R3-U1,3,forclaz-trek-500-merino-wool-tights-backpacking-undergarment-301655,https://cdn.shopify.com/s/files/1/1330/6287/files/8501932-product_image-p2599257.jpg?v=1712056985,5
3583787908181,2485008,Forclaz,apparel,apparel.leggings,hike_camp,Leggings,Forclaz Men's MT500 Merino Wool Base Layer Tights,Forclaz MT500 Tights Sous-vêtement technique Mérinos Laine Homme,M,Black,79.99,75.99,EUR,fr-FR,GF-R3-U1,4,forclaz-trek-500-merino-wool-tights-backpacking-undergarment-301655,https://cdn.shopify.com/s/files/1/1330/6287/files/8501932-product_image-p2599257.jpg?v=1712056985,5
3583787908198,2485007,Forclaz,apparel,apparel.leggings,hike_camp,Leggings,Forclaz Men's MT500 Merino Wool Base Layer Tights,Forclaz MT500 Tights Sous-vêtement technique Mérinos Laine Homme,L,Black,79.99,75.99,EUR,fr-FR,GF-R3-U1,4,forclaz-trek-500-merino-wool-tights-backpacking-undergarment-301655,https://cdn.shopify.com/s/files/1/1330/6287/files/8501932-product_image-p2599257.jpg?v=1712056985,5
3583787908228,2485003,Forclaz,apparel,apparel.leggings,hike_camp,Leggings,Forclaz Men's MT500 Merino Wool Base Layer Tights,Forclaz MT500 Tights Sous-vêtement technique Mérinos Laine Homme,3XL,Black,79.99,75.99,EUR,fr-FR,GF-R3-U1,1,forclaz-trek-500-merino-wool-tights-backpacking-undergarment-301655,https://cdn.shopify.com/s/files/1/1330/6287/files/8501932-product_image-p2599257.jpg?v=1712056985,5
3583787908303,2485010,Forclaz,apparel,apparel.leggings,hike_camp,Leggings,Forclaz Men's MT500 Merino Wool Base Layer Tights,Forclaz MT500 Tights Sous-vêtement technique Mérinos Laine Homme,XL,Black,79.99,75.99,EUR,fr-FR,GF-R3-U1,3,forclaz-trek-500-merino-wool-tights-backpacking-undergarment-301655,https://cdn.shopify.com/s/files/1/1330/6287/files/8501932-product_image-p2599257.jpg?v=1712056985,5
3583783955769,2976475,Quechua,apparel,apparel.fleece,hike_camp,Fleece,Quechua Men's NH500 Warm Hiking Fleece Jacket,Quechua NH500 Veste polaire de Randonnée Chaud Homme,4XL,Black,55.00,52.25,EUR,fr-FR,GF-R3-U2,0,sh100-u-warm-fleece-hiking-jacket-mens-304984,https://cdn.shopify.com/s/files/1/1330/6287/files/8526050-product_image-p2607189.jpg?v=1742382192,18
3608390422340,5006088,Quechua,apparel,apparel.fleece,hike_camp,Fleece,Quechua Men's NH500 Warm Hiking Fleece Jacket,Quechua NH500 Veste polaire de Randonnée Chaud Homme,S,Dark Gray,55.00,52.25,EUR,fr-FR,GF-R3-U2,2,sh100-u-warm-fleece-hiking-jacket-mens-304984,https://cdn.shopify.com/s/files/1/1330/6287/files/8526050-product_image-p2607189.jpg?v=1742382192,18
3608390422357,5006089,Quechua,apparel,apparel.fleece,hike_camp,Fleece,Quechua Men's NH500 Warm Hiking Fleece Jacket,Quechua NH500 Veste polaire de Randonnée Chaud Homme,M,Dark Gray,55.00,52.25,EUR,fr-FR,GF-R3-U2,2,sh100-u-warm-fleece-hiking-jacket-mens-304984,https://cdn.shopify.com/s/files/1/1330/6287/files/8526050-product_image-p2607189.jpg?v=1742382192,18
3608390422364,5006090,Quechua,apparel,apparel.fleece,hike_camp,Fleece,Quechua Men's NH500 Warm Hiking Fleece Jacket,Quechua NH500 Veste polaire de Randonnée Chaud Homme,L,Dark Gray,55.00,52.25,EUR,fr-FR,GF-R3-U2,2,sh100-u-warm-fleece-hiking-jacket-mens-304984,https://cdn.shopify.com/s/files/1/1330/6287/files/8526050-product_image-p2607189.jpg?v=1742382192,18
3608390422371,5006091,Quechua,apparel,apparel.fleece,hike_camp,Fleece,Quechua Men's NH500 Warm Hiking Fleece Jacket,Quechua NH500 Veste polaire de Randonnée Chaud Homme,XL,Dark Gray,55.00,52.25,EUR,fr-FR,GF-R3-U2,2,sh100-u-warm-fleece-hiking-jacket-mens-304984,https://cdn.shopify.com/s/files/1/1330/6287/files/8526050-product_image-p2607189.jpg?v=1742382192,18
3608390422388,5006092,Quechua,apparel,apparel.fleece,hike_camp,Fleece,Quechua Men's NH500 Warm Hiking Fleece Jacket,Quechua NH500 Veste polaire de Randonnée Chaud Homme,2XL,Dark Gray,55.00,52.25,EUR,fr-FR,GF-R3-U2,1,sh100-u-warm-fleece-hiking-jacket-mens-304984,https://cdn.shopify.com/s/files/1/1330/6287/files/8526050-product_image-p2607189.jpg?v=1742382192,18
3608390422395,5006093,Quechua,apparel,apparel.fleece,hike_camp,Fleece,Quechua Men's NH500 Warm Hiking Fleece Jacket,Quechua NH500 Veste polaire de Randonnée Chaud Homme,3XL,Dark Gray,55.00,52.25,EUR,fr-FR,GF-R3-U2,1,sh100-u-warm-fleece-hiking-jacket-mens-304984,https://cdn.shopify.com/s/files/1/1330/6287/files/8526050-product_image-p2607189.jpg?v=1742382192,18
3608439381119,2647011,Quechua,apparel,apparel.fleece,hike_camp,Fleece,Quechua Men's NH500 Warm Hiking Fleece Jacket,Quechua NH500 Veste polaire de Randonnée Chaud Homme,XL,Black,55.00,52.25,EUR,fr-FR,GF-R3-U2,1,sh100-u-warm-fleece-hiking-jacket-mens-304984,https://cdn.shopify.com/s/files/1/1330/6287/files/8526050-product_image-p2607189.jpg?v=1742382192,18
3608439381171,2647006,Quechua,apparel,apparel.fleece,hike_camp,Fleece,Quechua Men's NH500 Warm Hiking Fleece Jacket,Quechua NH500 Veste polaire de Randonnée Chaud Homme,2XL,Black,55.00,52.25,EUR,fr-FR,GF-R3-U2,1,sh100-u-warm-fleece-hiking-jacket-mens-304984,https://cdn.shopify.com/s/files/1/1330/6287/files/8526050-product_image-p2607189.jpg?v=1742382192,18
3608439381188,2647008,Quechua,apparel,apparel.fleece,hike_camp,Fleece,Quechua Men's NH500 Warm Hiking Fleece Jacket,Quechua NH500 Veste polaire de Randonnée Chaud Homme,L,Black,55.00,52.25,EUR,fr-FR,GF-R3-U2,2,sh100-u-warm-fleece-hiking-jacket-mens-304984,https://cdn.shopify.com/s/files/1/1330/6287/files/8526050-product_image-p2607189.jpg?v=1742382192,18
3608439381195,2647007,Quechua,apparel,apparel.fleece,hike_camp,Fleece,Quechua Men's NH500 Warm Hiking Fleece Jacket,Quechua NH500 Veste polaire de Randonnée Chaud Homme,3XL,Black,55.00,52.25,EUR,fr-FR,GF-R3-U2,0,sh100-u-warm-fleece-hiking-jacket-mens-304984,https://cdn.shopify.com/s/files/1/1330/6287/files/8526050-product_image-p2607189.jpg?v=1742382192,18
3608439381201,2647010,Quechua,apparel,apparel.fleece,hike_camp,Fleece,Quechua Men's NH500 Warm Hiking Fleece Jacket,Quechua NH500 Veste polaire de Randonnée Chaud Homme,S,Black,55.00,52.25,EUR,fr-FR,GF-R3-U2,1,sh100-u-warm-fleece-hiking-jacket-mens-304984,https://cdn.shopify.com/s/files/1/1330/6287/files/8526050-product_image-p2607189.jpg?v=1742382192,18
3608439381218,2647009,Quechua,apparel,apparel.fleece,hike_camp,Fleece,Quechua Men's NH500 Warm Hiking Fleece Jacket,Quechua NH500 Veste polaire de Randonnée Chaud Homme,M,Black,55.00,52.25,EUR,fr-FR,GF-R3-U2,2,sh100-u-warm-fleece-hiking-jacket-mens-304984,https://cdn.shopify.com/s/files/1/1330/6287/files/8526050-product_image-p2607189.jpg?v=1742382192,18
3608392398513,5436129,Simond,accessories,accessories.headband,general,Headband,Simond Merino Wool Backpacking Headband - MT500,Simond MT500 Bandeau Trekking Mérinos Laine,One Size,Ultra Black,19.99,18.99,EUR,fr-FR,GB-R1-U2,11,simond-merino-wool-backpacking-headband-mt500-black-329167,https://cdn.shopify.com/s/files/1/1330/6287/files/8928181-product_image-p2837023.jpg?v=1762798720,3
3608392758300,5509425,Wedze,apparel,apparel.jacket,general,Jacket,Wedze Kids' 100 Warm Waterproof Ski Jacket,Wedze 100 Veste Imperméable Chaud de Ski Enfant,"5-6 Years / 3'7""-4'",Carbon Gray,49.99,47.49,EUR,fr-FR,GF-R1-U1,3,wedze-kids-warm-ski-jacket-5-13-years-ski100-blue-and-grey-352802-fw25,https://cdn.shopify.com/s/files/1/1330/6287/files/8938129-product_image-p2912012.jpg?v=1755561450,9
3608392758317,5509426,Wedze,apparel,apparel.jacket,general,Jacket,Wedze Kids' 100 Warm Waterproof Ski Jacket,Wedze 100 Veste Imperméable Chaud de Ski Enfant,7-8 Years / 48''-51'',Carbon Gray,49.99,47.49,EUR,fr-FR,GF-R1-U1,6,wedze-kids-warm-ski-jacket-5-13-years-ski100-blue-and-grey-352802-fw25,https://cdn.shopify.com/s/files/1/1330/6287/files/8938129-product_image-p2912012.jpg?v=1755561450,9
3608392758324,5509431,Wedze,apparel,apparel.jacket,general,Jacket,Wedze Kids' 100 Warm Waterproof Ski Jacket,Wedze 100 Veste Imperméable Chaud de Ski Enfant,8-9 Years / 52''-55'',Carbon Gray,49.99,47.49,EUR,fr-FR,GF-R1-U1,8,wedze-kids-warm-ski-jacket-5-13-years-ski100-blue-and-grey-352802-fw25,https://cdn.shopify.com/s/files/1/1330/6287/files/8938129-product_image-p2912012.jpg?v=1755561450,9
3608392758331,5509432,Wedze,apparel,apparel.jacket,general,Jacket,Wedze Kids' 100 Warm Waterproof Ski Jacket,Wedze 100 Veste Imperméable Chaud de Ski Enfant,10-11 Years / 55''-59'',Carbon Gray,49.99,47.49,EUR,fr-FR,GF-R1-U1,6,wedze-kids-warm-ski-jacket-5-13-years-ski100-blue-and-grey-352802-fw25,https://cdn.shopify.com/s/files/1/1330/6287/files/8938129-product_image-p2912012.jpg?v=1755561450,9
3608392758348,5509433,Wedze,apparel,apparel.jacket,general,Jacket,Wedze Kids' 100 Warm Waterproof Ski Jacket,Wedze 100 Veste Imperméable Chaud de Ski Enfant,12-13 Years / 59''-63'',Carbon Gray,49.99,47.49,EUR,fr-FR,GF-R1-U1,2,wedze-kids-warm-ski-jacket-5-13-years-ski100-blue-and-grey-352802-fw25,https://cdn.shopify.com/s/files/1/1330/6287/files/8938129-product_image-p2912012.jpg?v=1755561450,9
3608439551260,2095208,Quechua,footwear,footwear.shoes,hike_camp,Shoes,Quechua Men's NH100 Warm Waterproof High Hiking Boots,Quechua NH100 High Bottes Imperméable de Randonnée Chaud Homme,6.5,Smoked Black,55.00,52.25,EUR,fr-FR,PW-01,1,mens-warm-and-waterproof-hiking-boots-sh100-high-143765,https://cdn.shopify.com/s/files/1/1330/6287/files/8367617-product_image-p2579580.jpg?v=1755558701,10
3608439551277,2095209,Quechua,footwear,footwear.shoes,hike_camp,Shoes,Quechua Men's NH100 Warm Waterproof High Hiking Boots,Quechua NH100 High Bottes Imperméable de Randonnée Chaud Homme,7.5,Smoked Black,55.00,52.25,EUR,fr-FR,PW-01,2,mens-warm-and-waterproof-hiking-boots-sh100-high-143765,https://cdn.shopify.com/s/files/1/1330/6287/files/8367617-product_image-p2579580.jpg?v=1755558701,10
3608439551284,2095210,Quechua,footwear,footwear.shoes,hike_camp,Shoes,Quechua Men's NH100 Warm Waterproof High Hiking Boots,Quechua NH100 High Bottes Imperméable de Randonnée Chaud Homme,8,Smoked Black,55.00,52.25,EUR,fr-FR,PW-01,3,mens-warm-and-waterproof-hiking-boots-sh100-high-143765,https://cdn.shopify.com/s/files/1/1330/6287/files/8367617-product_image-p2579580.jpg?v=1755558701,10
3608439551291,2095211,Quechua,footwear,footwear.shoes,hike_camp,Shoes,Quechua Men's NH100 Warm Waterproof High Hiking Boots,Quechua NH100 High Bottes Imperméable de Randonnée Chaud Homme,9,Smoked Black,55.00,52.25,EUR,fr-FR,PW-01,4,mens-warm-and-waterproof-hiking-boots-sh100-high-143765,https://cdn.shopify.com/s/files/1/1330/6287/files/8367617-product_image-p2579580.jpg?v=1755558701,10
3608439551338,2095216,Quechua,footwear,footwear.shoes,hike_camp,Shoes,Quechua Men's NH100 Warm Waterproof High Hiking Boots,Quechua NH100 High Bottes Imperméable de Randonnée Chaud Homme,13,Smoked Black,55.00,52.25,EUR,fr-FR,PW-01,1,mens-warm-and-waterproof-hiking-boots-sh100-high-143765,https://cdn.shopify.com/s/files/1/1330/6287/files/8367617-product_image-p2579580.jpg?v=1755558701,10
3608439551345,2095213,Quechua,footwear,footwear.shoes,hike_camp,Shoes,Quechua Men's NH100 Warm Waterproof High Hiking Boots,Quechua NH100 High Bottes Imperméable de Randonnée Chaud Homme,10.5,Smoked Black,55.00,52.25,EUR,fr-FR,PW-01,4,mens-warm-and-waterproof-hiking-boots-sh100-high-143765,https://cdn.shopify.com/s/files/1/1330/6287/files/8367617-product_image-p2579580.jpg?v=1755558701,10
3608439551352,2095212,Quechua,footwear,footwear.shoes,hike_camp,Shoes,Quechua Men's NH100 Warm Waterproof High Hiking Boots,Quechua NH100 High Bottes Imperméable de Randonnée Chaud Homme,9.5,Smoked Black,55.00,52.25,EUR,fr-FR,PW-01,5,mens-warm-and-waterproof-hiking-boots-sh100-high-143765,https://cdn.shopify.com/s/files/1/1330/6287/files/8367617-product_image-p2579580.jpg?v=1755558701,10
3608439551369,2095215,Quechua,footwear,footwear.shoes,hike_camp,Shoes,Quechua Men's NH100 Warm Waterproof High Hiking Boots,Quechua NH100 High Bottes Imperméable de Randonnée Chaud Homme,12,Smoked Black,55.00,52.25,EUR,fr-FR,PW-01,2,mens-warm-and-waterproof-hiking-boots-sh100-high-143765,https://cdn.shopify.com/s/files/1/1330/6287/files/8367617-product_image-p2579580.jpg?v=1755558701,10
3608439551376,2095214,Quechua,footwear,footwear.shoes,hike_camp,Shoes,Quechua Men's NH100 Warm Waterproof High Hiking Boots,Quechua NH100 High Bottes Imperméable de Randonnée Chaud Homme,11.5,Smoked Black,55.00,52.25,EUR,fr-FR,PW-01,2,mens-warm-and-waterproof-hiking-boots-sh100-high-143765,https://cdn.shopify.com/s/files/1/1330/6287/files/8367617-product_image-p2579580.jpg?v=1755558701,10
3583784952101,2500491,Kiprun,apparel,apparel.long-sleeved-jersey,running,Long-sleeved jersey,Women's 100 Long-Sleeved Half-Zip Running T-shirt,100 Long-Sleeved Half-Zip T-shirt de Running Femme,XL-2XL,Smoked Black,15.00,14.25,EUR,fr-FR,GB-R2-U2,2,run-warm-long-sleeve-running-jersey-152557-fw25,https://cdn.shopify.com/s/files/1/1330/6287/products/8394789-product_image-2049013.jpg?v=1694087594,6
3608429812296,2354258,Kiprun,apparel,apparel.long-sleeved-jersey,running,Long-sleeved jersey,Women's 100 Long-Sleeved Half-Zip Running T-shirt,100 Long-Sleeved Half-Zip T-shirt de Running Femme,2XS,Smoked Black,15.00,14.25,EUR,fr-FR,GB-R2-U2,1,run-warm-long-sleeve-running-jersey-152557-fw25,https://cdn.shopify.com/s/files/1/1330/6287/products/8394789-product_image-2049013.jpg?v=1694087594,6
3608429817000,2342114,Kiprun,apparel,apparel.long-sleeved-jersey,running,Long-sleeved jersey,Women's 100 Long-Sleeved Half-Zip Running T-shirt,100 Long-Sleeved Half-Zip T-shirt de Running Femme,S,Smoked Black,15.00,14.25,EUR,fr-FR,GB-R2-U2,3,run-warm-long-sleeve-running-jersey-152557-fw25,https://cdn.shopify.com/s/files/1/1330/6287/products/8394789-product_image-2049013.jpg?v=1694087594,6
3608429817017,2342113,Kiprun,apparel,apparel.long-sleeved-jersey,running,Long-sleeved jersey,Women's 100 Long-Sleeved Half-Zip Running T-shirt,100 Long-Sleeved Half-Zip T-shirt de Running Femme,XS,Smoked Black,15.00,14.25,EUR,fr-FR,GB-R2-U2,2,run-warm-long-sleeve-running-jersey-152557-fw25,https://cdn.shopify.com/s/files/1/1330/6287/products/8394789-product_image-2049013.jpg?v=1694087594,6
3608429817024,2342116,Kiprun,apparel,apparel.long-sleeved-jersey,running,Long-sleeved jersey,Women's 100 Long-Sleeved Half-Zip Running T-shirt,100 Long-Sleeved Half-Zip T-shirt de Running Femme,M - L,Smoked Black,15.00,14.25,EUR,fr-FR,GB-R2-U2,5,run-warm-long-sleeve-running-jersey-152557-fw25,https://cdn.shopify.com/s/files/1/1330/6287/products/8394789-product_image-2049013.jpg?v=1694087594,6
3608429817031,2342115,Kiprun,apparel,apparel.long-sleeved-jersey,running,Long-sleeved jersey,Women's 100 Long-Sleeved Half-Zip Running T-shirt,100 Long-Sleeved Half-Zip T-shirt de Running Femme,M,Smoked Black,15.00,14.25,EUR,fr-FR,GB-R2-U2,5,run-warm-long-sleeve-running-jersey-152557-fw25,https://cdn.shopify.com/s/files/1/1330/6287/products/8394789-product_image-2049013.jpg?v=1694087594,6
3608429817048,2342118,Kiprun,apparel,apparel.long-sleeved-jersey,running,Long-sleeved jersey,Women's 100 Long-Sleeved Half-Zip Running T-shirt,100 Long-Sleeved Half-Zip T-shirt de Running Femme,L - XL,Smoked Black,15.00,14.25,EUR,fr-FR,GB-R2-U2,5,run-warm-long-sleeve-running-jersey-152557-fw25,https://cdn.shopify.com/s/files/1/1330/6287/products/8394789-product_image-2049013.jpg?v=1694087594,6
3608429817055,2342117,Kiprun,apparel,apparel.long-sleeved-jersey,running,Long-sleeved jersey,Women's 100 Long-Sleeved Half-Zip Running T-shirt,100 Long-Sleeved Half-Zip T-shirt de Running Femme,L,Smoked Black,15.00,14.25,EUR,fr-FR,GB-R2-U2,5,run-warm-long-sleeve-running-jersey-152557-fw25,https://cdn.shopify.com/s/files/1/1330/6287/products/8394789-product_image-2049013.jpg?v=1694087594,6
3608429817062,2342119,Kiprun,apparel,apparel.long-sleeved-jersey,running,Long-sleeved jersey,Women's 100 Long-Sleeved Half-Zip Running T-shirt,100 Long-Sleeved Half-Zip T-shirt de Running Femme,XL,Smoked Black,15.00,14.25,EUR,fr-FR,GB-R2-U2,2,run-warm-long-sleeve-running-jersey-152557-fw25,https://cdn.shopify.com/s/files/1/1330/6287/products/8394789-product_image-2049013.jpg?v=1694087594,6
