epc,ean,item_cd,category,fixture,store_id
30395DFA81A1E6C00049D2CE,3583784279314,2911289,apparel,GB-R1-U1,dec-fr-bordeaux
30395DFA81A1E740000EB9B0,3583784279338,2911291,apparel,GB-R1-U1,dec-fr-bordeaux
30395DFA81A1E7400068D1E8,3583784279338,2911291,apparel,GB-R1-U1,dec-fr-bordeaux
30395DFA81A1E740006F85F8,3583784279338,2911291,apparel,BR-01,dec-fr-bordeaux
30395DFA81A1E780001FF04B,3583784279345,2911292,apparel,GB-R1-U1,dec-fr-bordeaux
30395DFA81A1E7800060149B,3583784279345,2911292,apparel,GB-R1-U1,dec-fr-bordeaux
30395DFA81A1E78000231DF8,3583784279345,2911292,apparel,BR-02,dec-fr-bordeaux
30395DFA81A1E7C000504878,3583784279352,2911293,apparel,GB-R1-U1,dec-fr-bordeaux
30395DFA81A1E7C000807A82,3583784279352,2911293,apparel,GB-R1-U1,dec-fr-bordeaux
30395DFA81A1E80000386A7D,3583784279369,2911294,apparel,GB-R1-U1,dec-fr-bordeaux
30395DFA81A1E800001F8601,3583784279369,2911294,apparel,GB-R1-U1,dec-fr-bordeaux
30395DFA81A1EDC0007381F9,3583784279598,2911275,apparel,GB-R1-U1,dec-fr-bordeaux
30395DFA81A1EDC000009FD9,3583784279598,2911275,apparel,GB-R1-U1,dec-fr-bordeaux
30395DFA81A20EC0006E0C28,3583784280914,2911277,apparel,GB-R1-U1,dec-fr-bordeaux
30395DFA81A20EC0008692DD,3583784280914,2911277,apparel,GB-R1-U1,dec-fr-bordeaux
30395DFA81A20EC00086D464,3583784280914,2911277,apparel,GB-R1-U1,dec-fr-bordeaux
30395DFA81A20EC00090ADB6,3583784280914,2911277,apparel,BR-03,dec-fr-bordeaux
30395DFA81A20F00002BCDFA,3583784280921,2911278,apparel,GB-R1-U1,dec-fr-bordeaux
30395DFA81A20F00004C0A5B,3583784280921,2911278,apparel,GB-R1-U1,dec-fr-bordeaux
30395DFA81A20F0000881B74,3583784280921,2911278,apparel,GB-R1-U1,dec-fr-bordeaux
30395DFA81A20F000069FE8D,3583784280921,2911278,apparel,BR-04,dec-fr-bordeaux
30395DFA81A20F40008F8342,3583784280938,2911279,apparel,GB-R1-U1,dec-fr-bordeaux
30395DFA81A20F40001B81C6,3583784280938,2911279,apparel,GB-R1-U1,dec-fr-bordeaux
30395DFA81A20F800081B279,3583784280945,2911280,apparel,GB-R1-U1,dec-fr-bordeaux
30395DFA81A20F800097C4FF,3583784280945,2911280,apparel,GB-R1-U1,dec-fr-bordeaux
30395DFA81A20F800029D114,3583784280945,2911280,apparel,BR-01,dec-fr-bordeaux
30396061C18068000036134B,3608393936325,5638068,footwear,PE-02,dec-fr-bordeaux
30396061C1806840001D0B01,3608393936332,5638069,footwear,PE-02,dec-fr-bordeaux
30396061C18068800005A9AD,3608393936349,5638070,footwear,PE-02,dec-fr-bordeaux
30396061C18068C000125F1B,3608393936356,5638071,footwear,PE-02,dec-fr-bordeaux
30396061C180690000301619,3608393936363,5638072,footwear,PE-02,dec-fr-bordeaux
30396061C1807040008D6062,3608393936653,5638065,footwear,PE-02,dec-fr-bordeaux
30396061C18070800026764D,3608393936660,5638066,footwear,PE-02,dec-fr-bordeaux
30396061C18070C000558B23,3608393936677,5638067,footwear,PE-02,dec-fr-bordeaux
30396061C193D88000930A49,3608394135383,5779681,footwear,PE-02,dec-fr-bordeaux
30396061C193D8C0000B999D,3608394135390,5779682,footwear,PE-02,dec-fr-bordeaux
30396061C193F100003B4927,3608394136366,5791034,footwear,PE-02,dec-fr-bordeaux
30396061C193F180001A0D8D,3608394136380,5792991,footwear,PE-02,dec-fr-bordeaux
30396061C01B7000008EDF6A,3608390280964,4899397,accessories,GB-R2-U1,dec-fr-bordeaux
30396061C01B7000004105D2,3608390280964,4899397,accessories,GB-R2-U1,dec-fr-bordeaux
30396061C01B70400018EAD5,3608390280971,4899398,accessories,GB-R2-U1,dec-fr-bordeaux
30396061C01B7040008DE9E0,3608390280971,4899398,accessories,GB-R2-U1,dec-fr-bordeaux
30396061C01B7080005A499C,3608390280988,4899399,accessories,GB-R2-U1,dec-fr-bordeaux
30396061C01B708000446D88,3608390280988,4899399,accessories,GB-R2-U1,dec-fr-bordeaux
30396061C06E38800036A41E,3608391128661,4865708,accessories,GB-R3-U1,dec-fr-bordeaux
30396061C06E3880003F7267,3608391128661,4865708,accessories,GB-R3-U1,dec-fr-bordeaux
30396061C06E38C0006E3C15,3608391128678,4865709,accessories,GB-R3-U1,dec-fr-bordeaux
30396061C06E38C000784141,3608391128678,4865709,accessories,GB-R3-U1,dec-fr-bordeaux
30396061C06E390000813324,3608391128685,4865710,accessories,GB-R3-U1,dec-fr-bordeaux
30396061C06E390000227872,3608391128685,4865710,accessories,GB-R3-U1,dec-fr-bordeaux
30396061C06E394000453C2F,3608391128692,4865711,accessories,GB-R3-U1,dec-fr-bordeaux
30396061C06E3940004E540B,3608391128692,4865711,accessories,GB-R3-U1,dec-fr-bordeaux
30395DFA82E3004000554E88,3583787567371,4335158,accessories,ACC-01,dec-fr-bordeaux
30395DFA82E3004000010A6B,3583787567371,4335158,accessories,ACC-01,dec-fr-bordeaux
30395DFA82E30040000837FE,3583787567371,4335158,accessories,ACC-01,dec-fr-bordeaux
30395DFA82E30040003DDDEC,3583787567371,4335158,accessories,ACC-01,dec-fr-bordeaux
30395DFA82E300400000666C,3583787567371,4335158,accessories,ACC-01,dec-fr-bordeaux
30395DFA82E300400086F614,3583787567371,4335158,accessories,ACC-01,dec-fr-bordeaux
30395DFA82E300400033960C,3583787567371,4335158,accessories,ACC-01,dec-fr-bordeaux
30395DFA82E300400057889A,3583787567371,4335158,accessories,BR-02,dec-fr-bordeaux
30396061C09D15000073AE49,3608391608521,4954142,accessories,ACC-02,dec-fr-bordeaux
30396061C09D1500001CA754,3608391608521,4954142,accessories,ACC-02,dec-fr-bordeaux
30396061C09D1540002B98AD,3608391608538,4954143,accessories,ACC-02,dec-fr-bordeaux
30396061C09D1540004FD13D,3608391608538,4954143,accessories,ACC-02,dec-fr-bordeaux
30396061C09D158000254DD8,3608391608545,4954144,accessories,ACC-02,dec-fr-bordeaux
30396061C09D15800040BDD2,3608391608545,4954144,accessories,ACC-02,dec-fr-bordeaux
30396061C09D15800080C168,3608391608545,4954144,accessories,BR-03,dec-fr-bordeaux
30396061C09D15C0001467FA,3608391608552,4954145,accessories,ACC-02,dec-fr-bordeaux
30396061C09D15C00002E1DE,3608391608552,4954145,accessories,ACC-02,dec-fr-bordeaux
30396061C09D16000052F114,3608391608569,4954146,accessories,ACC-02,dec-fr-bordeaux
30396061C09D1600007EA73F,3608391608569,4954146,accessories,ACC-02,dec-fr-bordeaux
3039606203C1568000311F45,3608409844101,2771158,outdoor,GB-R1-U1,dec-fr-bordeaux
3039606203C15680007DA48D,3608409844101,2771158,outdoor,GB-R1-U1,dec-fr-bordeaux
30396061C026B840005A2632,3608390396498,4925472,apparel,GB-R2-U1,dec-fr-bordeaux
30396061C026B84000151316,3608390396498,4925472,apparel,GB-R2-U1,dec-fr-bordeaux
30396061C026B84000100FA9,3608390396498,4925472,apparel,GB-R2-U1,dec-fr-bordeaux
30396061C026B84000858F85,3608390396498,4925472,apparel,GB-R2-U1,dec-fr-bordeaux
30396061C026B84000036396,3608390396498,4925472,apparel,BR-04,dec-fr-bordeaux
30396061C026CC800087CE62,3608390397303,4925473,apparel,GB-R2-U1,dec-fr-bordeaux
30396061C026CC80003BEFD4,3608390397303,4925473,apparel,GB-R2-U1,dec-fr-bordeaux
30396061C026CC8000205F55,3608390397303,4925473,apparel,GB-R2-U1,dec-fr-bordeaux
30396061C026CC800074CEBE,3608390397303,4925473,apparel,GB-R2-U1,dec-fr-bordeaux
30396061C026CC8000483C84,3608390397303,4925473,apparel,GB-R2-U1,dec-fr-bordeaux
30396061C026CC8000591C69,3608390397303,4925473,apparel,GB-R2-U1,dec-fr-bordeaux
30396061C026CC80003F3377,3608390397303,4925473,apparel,GB-R2-U1,dec-fr-bordeaux
30396061C026CC800085D1EC,3608390397303,4925473,apparel,BR-01,dec-fr-bordeaux
30396061C026CC80009386FF,3608390397303,4925473,apparel,BR-02,dec-fr-bordeaux
30396061C026CCC0007C8BF4,3608390397310,4925474,apparel,GB-R2-U1,dec-fr-bordeaux
30396061C026CCC000067A13,3608390397310,4925474,apparel,GB-R2-U1,dec-fr-bordeaux
30396061C026CCC0008B3E3C,3608390397310,4925474,apparel,GB-R2-U1,dec-fr-bordeaux
30396061C026CCC00069A355,3608390397310,4925474,apparel,GB-R2-U1,dec-fr-bordeaux
30396061C026CCC0005B8994,3608390397310,4925474,apparel,GB-R2-U1,dec-fr-bordeaux
30396061C026CCC00028BCBF,3608390397310,4925474,apparel,GB-R2-U1,dec-fr-bordeaux
30396061C026CCC0007E3483,3608390397310,4925474,apparel,GB-R2-U1,dec-fr-bordeaux
30396061C026CCC00097DC9F,3608390397310,4925474,apparel,BR-03,dec-fr-bordeaux
30396061C026CD00005B0A42,3608390397327,4925475,apparel,GB-R2-U1,dec-fr-bordeaux
30396061C026CD000083622B,3608390397327,4925475,apparel,GB-R2-U1,dec-fr-bordeaux
30396061C026CD0000483706,3608390397327,4925475,apparel,GB-R2-U1,dec-fr-bordeaux
30396061C026CD0000343B92,3608390397327,4925475,apparel,GB-R2-U1,dec-fr-bordeaux
30396061C026CD0000423567,3608390397327,4925475,apparel,GB-R2-U1,dec-fr-bordeaux
30396061C026CD000086CC8B,3608390397327,4925475,apparel,BR-04,dec-fr-bordeaux
30396061C026CD4000554257,3608390397334,4925476,apparel,GB-R2-U1,dec-fr-bordeaux
30396061C026CD400055BB62,3608390397334,4925476,apparel,GB-R2-U1,dec-fr-bordeaux
30396061C026CD4000872E5E,3608390397334,4925476,apparel,BR-01,dec-fr-bordeaux
30396061C026CD800062A09F,3608390397341,4925477,apparel,GB-R2-U1,dec-fr-bordeaux
30396061C026CD800083C891,3608390397341,4925477,apparel,GB-R2-U1,dec-fr-bordeaux
30396062C0036A40001D2D00,3608430034977,5881481,outdoor,GB-R3-U1,dec-fr-bordeaux
3039606303C1A480000A1841,3608449847223,2456163,apparel,GB-R1-U2,dec-fr-bordeaux
3039606303C1A48000087CB6,3608449847223,2456163,apparel,GB-R1-U2,dec-fr-bordeaux
3039606303C1A4C00085DA6E,3608449847230,2456164,apparel,GB-R1-U2,dec-fr-bordeaux
3039606303C1A50000953768,3608449847247,2456165,apparel,GB-R1-U2,dec-fr-bordeaux
3039606303C1A50000339B3F,3608449847247,2456165,apparel,GB-R1-U2,dec-fr-bordeaux
3039606303C1A500000B918E,3608449847247,2456165,apparel,GB-R1-U2,dec-fr-bordeaux
3039606303C1A500005CB4AE,3608449847247,2456165,apparel,GB-R1-U2,dec-fr-bordeaux
3039606303C1A5000048C35C,3608449847247,2456165,apparel,BR-02,dec-fr-bordeaux
3039606303C1A54000535231,3608449847254,2456166,apparel,GB-R1-U2,dec-fr-bordeaux
3039606303C1A5400089E420,3608449847254,2456166,apparel,GB-R1-U2,dec-fr-bordeaux
3039606303C1A54000169CCD,3608449847254,2456166,apparel,GB-R1-U2,dec-fr-bordeaux
3039606303C1A54000786021,3608449847254,2456166,apparel,GB-R1-U2,dec-fr-bordeaux
3039606303C1A54000910D2D,3608449847254,2456166,apparel,BR-03,dec-fr-bordeaux
3039606303C1A580002F8B77,3608449847261,2456167,apparel,GB-R1-U2,dec-fr-bordeaux
3039606303C1A580008A1E81,3608449847261,2456167,apparel,GB-R1-U2,dec-fr-bordeaux
3039606303C1A58000879EAE,3608449847261,2456167,apparel,BR-04,dec-fr-bordeaux
3039606303C1A5C00090C2AE,3608449847278,2456168,apparel,GB-R1-U2,dec-fr-bordeaux
3039606303C1A5C0002E71AF,3608449847278,2456168,apparel,GB-R1-U2,dec-fr-bordeaux
3039606303C1A5C00081FA25,3608449847278,2456168,apparel,GB-R1-U2,dec-fr-bordeaux
3039606303C1A5C00084BFE8,3608449847278,2456168,apparel,BR-01,dec-fr-bordeaux
3039606303C1A600004B0246,3608449847285,2456169,apparel,GB-R1-U2,dec-fr-bordeaux
3039606303C1A600000AD04F,3608449847285,2456169,apparel,GB-R1-U2,dec-fr-bordeaux
30395DFA82F2D80000959394,3583787729601,2989125,accessories,ACC-03,dec-fr-bordeaux
30395DFA82F2D8000025DFCC,3583787729601,2989125,accessories,ACC-03,dec-fr-bordeaux
30395DFA82F2D80000088460,3583787729601,2989125,accessories,ACC-03,dec-fr-bordeaux
30395DFA82F2D8000027D73F,3583787729601,2989125,accessories,ACC-03,dec-fr-bordeaux
30395DFA82F2D80000626052,3583787729601,2989125,accessories,ACC-03,dec-fr-bordeaux
30395DFA82F2D800007FE1CC,3583787729601,2989125,accessories,ACC-03,dec-fr-bordeaux
30395DFA82F2D80000516DB1,3583787729601,2989125,accessories,ACC-03,dec-fr-bordeaux
30395DFA82F2D80000022EBC,3583787729601,2989125,accessories,BR-02,dec-fr-bordeaux
30395DFA82F2D800004DA0FA,3583787729601,2989125,accessories,BR-03,dec-fr-bordeaux
30396061C0729C0000490D38,3608391173609,5189936,apparel,GB-R3-U1,dec-fr-bordeaux
30396061C0729C400010D04F,3608391173616,5189937,apparel,GB-R3-U1,dec-fr-bordeaux
30396061C072A38000373868,3608391173906,5189938,apparel,GB-R3-U1,dec-fr-bordeaux
30396061C072A3800057BC03,3608391173906,5189938,apparel,GB-R3-U1,dec-fr-bordeaux
30396061C072A3C00055D6B2,3608391173913,5189939,apparel,GB-R3-U1,dec-fr-bordeaux
30396061C072A400001FB657,3608391173920,5189941,apparel,GB-R3-U1,dec-fr-bordeaux
30396061C072A400002F8458,3608391173920,5189941,apparel,GB-R3-U1,dec-fr-bordeaux
30396061C072A440001D72E5,3608391173937,5189942,apparel,GB-R3-U1,dec-fr-bordeaux
30396061C072A4400049FC99,3608391173937,5189942,apparel,GB-R3-U1,dec-fr-bordeaux
30396061C072A4800045C44B,3608391173944,5189943,apparel,GB-R3-U1,dec-fr-bordeaux
30396061C072A4800029D3FC,3608391173944,5189943,apparel,GB-R3-U1,dec-fr-bordeaux
30396061C072A4C0002635AA,3608391173951,5189944,apparel,GB-R3-U1,dec-fr-bordeaux
30396061C072A4C000169D38,3608391173951,5189944,apparel,GB-R3-U1,dec-fr-bordeaux
30396061C072A50000459399,3608391173968,5189945,apparel,GB-R3-U1,dec-fr-bordeaux
30396061C072A5000045D008,3608391173968,5189945,apparel,GB-R3-U1,dec-fr-bordeaux
30396061C072A500006B7A72,3608391173968,5189945,apparel,BR-04,dec-fr-bordeaux
30396061C072A540004F0C2A,3608391173975,5189946,apparel,GB-R3-U1,dec-fr-bordeaux
30396061C072A540007C50F4,3608391173975,5189946,apparel,GB-R3-U1,dec-fr-bordeaux
30396061C072A5C0001AAEE9,3608391173999,5189948,apparel,GB-R3-U1,dec-fr-bordeaux
30396061C072A5C0006D99C6,3608391173999,5189948,apparel,GB-R3-U1,dec-fr-bordeaux
30396061C072A5C000460B52,3608391173999,5189948,apparel,GB-R3-U1,dec-fr-bordeaux
30396061C072A5C00016C33B,3608391173999,5189948,apparel,BR-01,dec-fr-bordeaux
30396061C072A600002793A4,3608391174002,5189949,apparel,GB-R3-U1,dec-fr-bordeaux
30396061C072A64000480A52,3608391174019,5189950,apparel,GB-R3-U1,dec-fr-bordeaux
30396061C072A6800041D98A,3608391174026,5189951,apparel,GB-R3-U1,dec-fr-bordeaux
30395DFA8302FA4000390080,3583787894811,2920306,apparel,GB-R3-U2,dec-fr-bordeaux
30395DFA8302FA400072E8CF,3583787894811,2920306,apparel,GB-R3-U2,dec-fr-bordeaux
30395DFA8302FA40007B73EB,3583787894811,2920306,apparel,GB-R3-U2,dec-fr-bordeaux
30395DFA8302FA40003ED929,3583787894811,2920306,apparel,GB-R3-U2,dec-fr-bordeaux
30395DFA8302FA4000761295,3583787894811,2920306,apparel,BR-02,dec-fr-bordeaux
30395DFA8302FA800048F6A3,3583787894828,2920304,apparel,GB-R3-U2,dec-fr-bordeaux
30395DFA8302FA8000596FD1,3583787894828,2920304,apparel,GB-R3-U2,dec-fr-bordeaux
30395DFA8302FA80003F95F2,3583787894828,2920304,apparel,GB-R3-U2,dec-fr-bordeaux
30395DFA8302FA8000272175,3583787894828,2920304,apparel,GB-R3-U2,dec-fr-bordeaux
30395DFA8302FA80000D5458,3583787894828,2920304,apparel,GB-R3-U2,dec-fr-bordeaux
30395DFA8302FA800091AA96,3583787894828,2920304,apparel,GB-R3-U2,dec-fr-bordeaux
30395DFA8302FA800032F24A,3583787894828,2920304,apparel,GB-R3-U2,dec-fr-bordeaux
30395DFA8302FA800036169D,3583787894828,2920304,apparel,BR-03,dec-fr-bordeaux
30395DFA8302FAC0008B5F15,3583787894835,2920305,apparel,GB-R3-U2,dec-fr-bordeaux
30395DFA8302FAC00009861D,3583787894835,2920305,apparel,GB-R3-U2,dec-fr-bordeaux
30395DFA8302FAC0005EF8CB,3583787894835,2920305,apparel,GB-R3-U2,dec-fr-bordeaux
30395DFA8302FAC0001F4B5B,3583787894835,2920305,apparel,GB-R3-U2,dec-fr-bordeaux
30395DFA8302FAC00012505C,3583787894835,2920305,apparel,BR-04,dec-fr-bordeaux
30395DFA8302FB4000736817,3583787894859,2920303,apparel,GB-R3-U2,dec-fr-bordeaux
30395DFA8302FB40008157E5,3583787894859,2920303,apparel,GB-R3-U2,dec-fr-bordeaux
30395DFA8302FB4000459093,3583787894859,2920303,apparel,GB-R3-U2,dec-fr-bordeaux
30395DFA8302FB40008A5214,3583787894859,2920303,apparel,GB-R3-U2,dec-fr-bordeaux
30395DFA8302FB400012667D,3583787894859,2920303,apparel,GB-R3-U2,dec-fr-bordeaux
30395DFA8302FB4000443D76,3583787894859,2920303,apparel,GB-R3-U2,dec-fr-bordeaux
30395DFA8302FB40006E5834,3583787894859,2920303,apparel,GB-R3-U2,dec-fr-bordeaux
30395DFA8302FB4000695127,3583787894859,2920303,apparel,BR-01,dec-fr-bordeaux
30395DFA8302FBC000123D72,3583787894873,2920300,apparel,GB-R3-U2,dec-fr-bordeaux
30395DFA8302FBC000783EDF,3583787894873,2920300,apparel,GB-R3-U2,dec-fr-bordeaux
30395DFA8302FBC0005F7005,3583787894873,2920300,apparel,BR-02,dec-fr-bordeaux
30395DFA8302FC00007F5501,3583787894880,2920301,apparel,GB-R3-U2,dec-fr-bordeaux
30395DFA81E71C000010339D,3583784988001,5320705,outdoor,GB-R1-U2,dec-fr-bordeaux
30396061C0F1EA000035C1A8,3608392477201,5449873,apparel,GF-R1-U1,dec-fr-bordeaux
30396061C0F1EA0000237237,3608392477201,5449873,apparel,GF-R1-U1,dec-fr-bordeaux
30396061C0F1EA0000970E37,3608392477201,5449873,apparel,GF-R1-U1,dec-fr-bordeaux
30396061C0F1EA0000824DE4,3608392477201,5449873,apparel,GF-R1-U1,dec-fr-bordeaux
30396061C0F1EA0000668863,3608392477201,5449873,apparel,BR-03,dec-fr-bordeaux
30396061C0F1EA4000375620,3608392477218,5449874,apparel,GF-R1-U1,dec-fr-bordeaux
30396061C0F1EA4000344F7F,3608392477218,5449874,apparel,GF-R1-U1,dec-fr-bordeaux
30396061C0F1EA40008958BF,3608392477218,5449874,apparel,GF-R1-U1,dec-fr-bordeaux
30396061C0F1EA40000177D5,3608392477218,5449874,apparel,GF-R1-U1,dec-fr-bordeaux
30396061C0F1EA4000363DCA,3608392477218,5449874,apparel,GF-R1-U1,dec-fr-bordeaux
30396061C0F1EA40001A8C95,3608392477218,5449874,apparel,GF-R1-U1,dec-fr-bordeaux
30396061C0F1EA4000635DA7,3608392477218,5449874,apparel,GF-R1-U1,dec-fr-bordeaux
30396061C0F1EA40008A66E5,3608392477218,5449874,apparel,BR-04,dec-fr-bordeaux
30396061C0F1EA800018A33D,3608392477225,5449875,apparel,GF-R1-U1,dec-fr-bordeaux
30396061C0F1EA80000F48D3,3608392477225,5449875,apparel,GF-R1-U1,dec-fr-bordeaux
30396061C0F1EA800016931A,3608392477225,5449875,apparel,GF-R1-U1,dec-fr-bordeaux
30396061C0F1EA8000594B32,3608392477225,5449875,apparel,GF-R1-U1,dec-fr-bordeaux
30396061C0F1EA80008B43D7,3608392477225,5449875,apparel,GF-R1-U1,dec-fr-bordeaux
30396061C0F1EA80001C79B6,3608392477225,5449875,apparel,GF-R1-U1,dec-fr-bordeaux
30396061C0F1EA800064FD93,3608392477225,5449875,apparel,BR-01,dec-fr-bordeaux
30396061C0F1EAC0001BE7CC,3608392477232,5449876,apparel,GF-R1-U1,dec-fr-bordeaux
30396061C0F1EAC00001A76A,3608392477232,5449876,apparel,GF-R1-U1,dec-fr-bordeaux
30396061C0F1EAC00052DD34,3608392477232,5449876,apparel,GF-R1-U1,dec-fr-bordeaux
30396061C0F1EAC0000857B0,3608392477232,5449876,apparel,GF-R1-U1,dec-fr-bordeaux
30396061C0F1EAC000824BCF,3608392477232,5449876,apparel,BR-02,dec-fr-bordeaux
30396061C0F1EB0000686CD6,3608392477249,5449877,apparel,GF-R1-U1,dec-fr-bordeaux
30396061C0F1EB00004FCDCC,3608392477249,5449877,apparel,GF-R1-U1,dec-fr-bordeaux
30396061C0F1EB00001EB9B0,3608392477249,5449877,apparel,BR-03,dec-fr-bordeaux
30395DFA82D4EF800020F0CB,3583787423349,4023635,apparel,GF-R1-U2,dec-fr-bordeaux
30395DFA82D4EF80000F10F4,3583787423349,4023635,apparel,GF-R1-U2,dec-fr-bordeaux
30395DFA82D4EF80000F3BEE,3583787423349,4023635,apparel,GF-R1-U2,dec-fr-bordeaux
30395DFA82D4EF80000BAB29,3583787423349,4023635,apparel,GF-R1-U2,dec-fr-bordeaux
30395DFA82D4EF8000469C36,3583787423349,4023635,apparel,GF-R1-U2,dec-fr-bordeaux
30395DFA82D4EF80008497D5,3583787423349,4023635,apparel,GF-R1-U2,dec-fr-bordeaux
30395DFA82D4EF80004139C0,3583787423349,4023635,apparel,GF-R1-U2,dec-fr-bordeaux
30395DFA82D4EF800057C351,3583787423349,4023635,apparel,GF-R1-U2,dec-fr-bordeaux
30395DFA82D4EF80004D0B65,3583787423349,4023635,apparel,GF-R1-U2,dec-fr-bordeaux
30395DFA82D4EF800007DDA1,3583787423349,4023635,apparel,BR-04,dec-fr-bordeaux
30395DFA82D4EF80004D29FC,3583787423349,4023635,apparel,BR-01,dec-fr-bordeaux
30395DFA82D4EFC00004ED88,3583787423356,4023636,apparel,GF-R1-U2,dec-fr-bordeaux
30395DFA82D4EFC0005B901B,3583787423356,4023636,apparel,GF-R1-U2,dec-fr-bordeaux
30395DFA82D4EFC000338409,3583787423356,4023636,apparel,GF-R1-U2,dec-fr-bordeaux
30395DFA82D4EFC0002E7D64,3583787423356,4023636,apparel,GF-R1-U2,dec-fr-bordeaux
30395DFA82D4EFC00058DB49,3583787423356,4023636,apparel,GF-R1-U2,dec-fr-bordeaux
30395DFA82D4EFC00089C5E8,3583787423356,4023636,apparel,GF-R1-U2,dec-fr-bordeaux
30395DFA82D4EFC0006DE4B7,3583787423356,4023636,apparel,BR-02,dec-fr-bordeaux
3039606283AEE6C00025A111,3608429655312,4564124,accessories,GB-R2-U2,dec-fr-bordeaux
3039606283AEE6C000828056,3608429655312,4564124,accessories,GB-R2-U2,dec-fr-bordeaux
3039606283AEE700001073CA,3608429655329,4564125,accessories,GB-R2-U2,dec-fr-bordeaux
3039606283AEE700004DE7F2,3608429655329,4564125,accessories,GB-R2-U2,dec-fr-bordeaux
3039606283AEE740003F2F79,3608429655336,4564122,accessories,GB-R2-U2,dec-fr-bordeaux
3039606283AEE740001C5F75,3608429655336,4564122,accessories,GB-R2-U2,dec-fr-bordeaux
3039606283AEE780005B6728,3608429655343,4564123,accessories,GB-R2-U2,dec-fr-bordeaux
3039606283AEE780007859FB,3608429655343,4564123,accessories,GB-R2-U2,dec-fr-bordeaux
3039606283AEE7C000296A9C,3608429655350,4564121,accessories,GB-R2-U2,dec-fr-bordeaux
3039606283AEE7C00031BB51,3608429655350,4564121,accessories,GB-R2-U2,dec-fr-bordeaux
3039606283AEE7C000482785,3608429655350,4564121,accessories,BR-03,dec-fr-bordeaux
30395DFA8178C6C0000C5D0B,3583783858190,2562988,outdoor,GB-R3-U2,dec-fr-bordeaux
30395DFA8178C6C00020DFFB,3583783858190,2562988,outdoor,GB-R3-U2,dec-fr-bordeaux
30395DFA8178C6C00028354F,3583783858190,2562988,outdoor,BR-04,dec-fr-bordeaux
30396062C39B878000139E5A,3608439456947,2556253,apparel,GF-R3-U1,dec-fr-bordeaux
30396062C39B878000259430,3608439456947,2556253,apparel,GF-R3-U1,dec-fr-bordeaux
30396062C39B87C0004C5AED,3608439456954,2556252,apparel,GF-R3-U1,dec-fr-bordeaux
30396062C39B87C0003A3537,3608439456954,2556252,apparel,GF-R3-U1,dec-fr-bordeaux
30396062C39B880000170B9C,3608439456961,2556248,apparel,GF-R3-U1,dec-fr-bordeaux
30396062C39B88000074B259,3608439456961,2556248,apparel,GF-R3-U1,dec-fr-bordeaux
30396062C39B8840003A225A,3608439456978,2556247,apparel,GF-R3-U1,dec-fr-bordeaux
30396062C39B8880002F45F6,3608439456985,2556251,apparel,GF-R3-U1,dec-fr-bordeaux
30396062C39B888000379558,3608439456985,2556251,apparel,GF-R3-U1,dec-fr-bordeaux
30396062C39B888000123D1C,3608439456985,2556251,apparel,BR-01,dec-fr-bordeaux
30396062C39B88C000329AB1,3608439456992,2556249,apparel,GF-R3-U1,dec-fr-bordeaux
30396062C39B88C00081AE99,3608439456992,2556249,apparel,GF-R3-U1,dec-fr-bordeaux
30396062C39B88C0005C54D6,3608439456992,2556249,apparel,BR-02,dec-fr-bordeaux
30396062C39B8900000F5947,3608439457005,2556246,apparel,GF-R3-U1,dec-fr-bordeaux
30396062C39B89C00006379C,3608439457036,2563485,apparel,GF-R3-U1,dec-fr-bordeaux
30396062C39B89C000872E64,3608439457036,2563485,apparel,GF-R3-U1,dec-fr-bordeaux
30396062C39B8A00007C2A81,3608439457043,2563484,apparel,GF-R3-U1,dec-fr-bordeaux
30396062C39B8A40000B59EB,3608439457050,2563487,apparel,GF-R3-U1,dec-fr-bordeaux
30396062C39B8A80003E31DF,3608439457067,2563486,apparel,GF-R3-U1,dec-fr-bordeaux
30396062C39B8A80008B2694,3608439457067,2563486,apparel,GF-R3-U1,dec-fr-bordeaux
30396061C04E5F400084F340,3608390802531,5086479,apparel,GB-R1-U1,dec-fr-bordeaux
30396061C04E5FC00032619E,3608390802555,5086481,apparel,GB-R1-U1,dec-fr-bordeaux
30396061C04E5FC00003A191,3608390802555,5086481,apparel,GB-R1-U1,dec-fr-bordeaux
30396061C04E6040008143AE,3608390802579,5086483,apparel,GB-R1-U1,dec-fr-bordeaux
30396061C04E60400061092A,3608390802579,5086483,apparel,GB-R1-U1,dec-fr-bordeaux
30396061C04E60400049558C,3608390802579,5086483,apparel,BR-03,dec-fr-bordeaux
30396061C04E60C00046DFAC,3608390802593,5086485,apparel,GB-R1-U1,dec-fr-bordeaux
30396061C04E60C00094CB7C,3608390802593,5086485,apparel,GB-R1-U1,dec-fr-bordeaux
30396061C04E60C000898267,3608390802593,5086485,apparel,BR-04,dec-fr-bordeaux
30396061C04E6140001CD7C4,3608390802616,5086487,apparel,GB-R1-U1,dec-fr-bordeaux
30396061C04E61400008E37E,3608390802616,5086487,apparel,GB-R1-U1,dec-fr-bordeaux
30396061C04E6140002DB3BB,3608390802616,5086487,apparel,BR-01,dec-fr-bordeaux
30396061C04E61C0008F27FB,3608390802630,5086489,apparel,GB-R1-U1,dec-fr-bordeaux
30396061C04E61C0001DD43E,3608390802630,5086489,apparel,GB-R1-U1,dec-fr-bordeaux
30396061C04E61C000428C84,3608390802630,5086489,apparel,BR-02,dec-fr-bordeaux
30396061C04E62400043652C,3608390802654,5086492,apparel,GB-R1-U1,dec-fr-bordeaux
30396061C04E62C0006A076F,3608390802678,5086494,apparel,GB-R1-U1,dec-fr-bordeaux
30396062C38760C0003F5E60,3608439250590,4773410,bag_pack,GF-R3-U1,dec-fr-bordeaux
30396062C38B1CC00066A55A,3608439288838,4455299,bag_pack,GF-R3-U1,dec-fr-bordeaux
30396062C38DA1C00036B303,3608439314636,4013297,bag_pack,GF-R3-U1,dec-fr-bordeaux
30396062C39738800072675A,3608439412820,2663481,bag_pack,GF-R3-U1,dec-fr-bordeaux
3039606283C14E000069EC83,3608429843764,2111280,accessories,GB-R2-U1,dec-fr-bordeaux
3039606283C14E000027DFB4,3608429843764,2111280,accessories,GB-R2-U1,dec-fr-bordeaux
3039606283C14E0000196A43,3608429843764,2111280,accessories,GB-R2-U1,dec-fr-bordeaux
3039606283C14E00008C9A5F,3608429843764,2111280,accessories,GB-R2-U1,dec-fr-bordeaux
3039606283C14E000072F309,3608429843764,2111280,accessories,GB-R2-U1,dec-fr-bordeaux
3039606283C14E000045A897,3608429843764,2111280,accessories,BR-03,dec-fr-bordeaux
30396062C38B87C0001BB042,3608439293115,4484575,apparel,GF-R3-U2,dec-fr-bordeaux
30396062C38B87C000524C29,3608439293115,4484575,apparel,GF-R3-U2,dec-fr-bordeaux
30396062C38B880000064543,3608439293122,4484573,apparel,GF-R3-U2,dec-fr-bordeaux
30396062C38B88000042A88A,3608439293122,4484573,apparel,GF-R3-U2,dec-fr-bordeaux
30396062C38B88400065F36A,3608439293139,4484571,apparel,GF-R3-U2,dec-fr-bordeaux
30396062C38B88400036B2D3,3608439293139,4484571,apparel,GF-R3-U2,dec-fr-bordeaux
30396062C38B8840000079C9,3608439293139,4484571,apparel,BR-04,dec-fr-bordeaux
30396062C38B88C000116701,3608439293153,4484568,apparel,GF-R3-U2,dec-fr-bordeaux
30396062C38B88C0007A25CF,3608439293153,4484568,apparel,GF-R3-U2,dec-fr-bordeaux
30396062C38B88C0007165D2,3608439293153,4484568,apparel,BR-01,dec-fr-bordeaux
30396062C38B8A40003EF6DA,3608439293214,4484579,apparel,GF-R3-U2,dec-fr-bordeaux
30396062C38B8A400053EC6A,3608439293214,4484579,apparel,GF-R3-U2,dec-fr-bordeaux
30396062C38B8B0000553A77,3608439293245,4484577,apparel,GF-R3-U2,dec-fr-bordeaux
30396062C38B8B00003DE32F,3608439293245,4484577,apparel,GF-R3-U2,dec-fr-bordeaux
30396062C3874100003BA740,3608439249327,4757793,apparel,GB-R3-U1,dec-fr-bordeaux
30396062C3874140006C15E7,3608439249334,4757792,apparel,GB-R3-U1,dec-fr-bordeaux
30396062C38741800072DC2E,3608439249341,4757791,apparel,GB-R3-U1,dec-fr-bordeaux
30396062C38741C0003ED093,3608439249358,4757790,apparel,GB-R3-U1,dec-fr-bordeaux
30396062C38741C00000A974,3608439249358,4757790,apparel,GB-R3-U1,dec-fr-bordeaux
30396062C38741C0000F9B47,3608439249358,4757790,apparel,BR-02,dec-fr-bordeaux
30396062C38742000084526D,3608439249365,4757789,apparel,GB-R3-U1,dec-fr-bordeaux
30396062C38742000006DC5A,3608439249365,4757789,apparel,GB-R3-U1,dec-fr-bordeaux
30396062C38742400034EECA,3608439249372,4757788,apparel,GB-R3-U1,dec-fr-bordeaux
30396062C38EB2000054DADF,3608439325526,4194319,apparel,GB-R3-U1,dec-fr-bordeaux
30396062C38EB20000608516,3608439325526,4194319,apparel,GB-R3-U1,dec-fr-bordeaux
30396062C38EB24000598007,3608439325533,4194316,apparel,GB-R3-U1,dec-fr-bordeaux
30396062C38EB2C0005E61E8,3608439325557,4194322,apparel,GB-R3-U1,dec-fr-bordeaux
30396062C38EB2C0006FA53A,3608439325557,4194322,apparel,GB-R3-U1,dec-fr-bordeaux
30396062C38EB340000351D1,3608439325571,4194321,apparel,GB-R3-U1,dec-fr-bordeaux
30396062C38EB34000424919,3608439325571,4194321,apparel,GB-R3-U1,dec-fr-bordeaux
30396062C38EB3C00078760E,3608439325595,4194320,apparel,GB-R3-U1,dec-fr-bordeaux
30396062C38EB3C00038FF6A,3608439325595,4194320,apparel,GB-R3-U1,dec-fr-bordeaux
30396062C38EB3C0001CB885,3608439325595,4194320,apparel,BR-03,dec-fr-bordeaux
30396061C0A1BBC0001513E6,3608391656157,5234350,apparel,GB-R3-U2,dec-fr-bordeaux
30396061C0A1BBC00003D1B6,3608391656157,5234350,apparel,GB-R3-U2,dec-fr-bordeaux
30396061C0A1BC40000837F0,3608391656171,5234352,apparel,GB-R3-U2,dec-fr-bordeaux
30396061C0A1BC40002A57A1,3608391656171,5234352,apparel,GB-R3-U2,dec-fr-bordeaux
30396061C0A1BC40007426A7,3608391656171,5234352,apparel,BR-04,dec-fr-bordeaux
30396061C0A1BCC0003482C8,3608391656195,5234354,apparel,GB-R3-U2,dec-fr-bordeaux
30396061C0A1BCC0006ED663,3608391656195,5234354,apparel,GB-R3-U2,dec-fr-bordeaux
30396061C0A1BCC0003D7F64,3608391656195,5234354,apparel,GB-R3-U2,dec-fr-bordeaux
30396061C0A1BCC000072D33,3608391656195,5234354,apparel,BR-01,dec-fr-bordeaux
30396061C0A1FBC0001D0117,3608391658717,5234356,apparel,GB-R3-U2,dec-fr-bordeaux
30396061C0A1FBC00063CF6D,3608391658717,5234356,apparel,GB-R3-U2,dec-fr-bordeaux
30396061C0A1FBC00066A90A,3608391658717,5234356,apparel,GB-R3-U2,dec-fr-bordeaux
30396061C0A1FBC00065B13B,3608391658717,5234356,apparel,GB-R3-U2,dec-fr-bordeaux
30396061C0A1FBC00000B65A,3608391658717,5234356,apparel,BR-02,dec-fr-bordeaux
30396061C0A1FC40006E3232,3608391658731,5234358,apparel,GB-R3-U2,dec-fr-bordeaux
30396061C0A1FC400046BA54,3608391658731,5234358,apparel,GB-R3-U2,dec-fr-bordeaux
30396061C0A1FC4000503F66,3608391658731,5234358,apparel,GB-R3-U2,dec-fr-bordeaux
30396061C0A1FC4000907FD3,3608391658731,5234358,apparel,GB-R3-U2,dec-fr-bordeaux
30396061C0A1FC40000B6676,3608391658731,5234358,apparel,BR-03,dec-fr-bordeaux
30396061C0A1FCC00095C83A,3608391658755,5234360,apparel,GB-R3-U2,dec-fr-bordeaux
30396061C0A1FCC00017000B,3608391658755,5234360,apparel,GB-R3-U2,dec-fr-bordeaux
30396061C0A1FCC0003D6D1B,3608391658755,5234360,apparel,GB-R3-U2,dec-fr-bordeaux
30396061C0A1FCC000159CD4,3608391658755,5234360,apparel,GB-R3-U2,dec-fr-bordeaux
30396061C0A1FCC000809EB2,3608391658755,5234360,apparel,BR-04,dec-fr-bordeaux
30396061C0A1FD000083CFB7,3608391658762,5234361,apparel,GB-R3-U2,dec-fr-bordeaux
30396061C0A1FD4000321B3C,3608391658779,5234362,apparel,GB-R3-U2,dec-fr-bordeaux
30396061C0A1FD400021F332,3608391658779,5234362,apparel,GB-R3-U2,dec-fr-bordeaux
30396061C0A1FDC000767D56,3608391658793,5234364,apparel,GB-R3-U2,dec-fr-bordeaux
30395DFA819E764000723146,3583784244091,4439712,apparel,GB-R1-U2,dec-fr-bordeaux
30395DFA819EB50000377219,3583784246606,4312908,apparel,GB-R1-U2,dec-fr-bordeaux
30395DFA819EB540005DB1A0,3583784246613,4312909,apparel,GB-R1-U2,dec-fr-bordeaux
30395DFA819EB540004ECE76,3583784246613,4312909,apparel,GB-R1-U2,dec-fr-bordeaux
30395DFA819EB580003A1823,3583784246620,4312910,apparel,GB-R1-U2,dec-fr-bordeaux
30395DFA819EB5800018763C,3583784246620,4312910,apparel,GB-R1-U2,dec-fr-bordeaux
30395DFA819EB5C000640E8E,3583784246637,4312911,apparel,GB-R1-U2,dec-fr-bordeaux
30395DFA819EB600005D5479,3583784246644,4312913,apparel,GB-R1-U2,dec-fr-bordeaux
30395DFA819EBA0000712D82,3583784246804,4439713,apparel,GB-R1-U2,dec-fr-bordeaux
30395DFA819EBA000075A814,3583784246804,4439713,apparel,GB-R1-U2,dec-fr-bordeaux
30395DFA819EBA4000459535,3583784246811,4439714,apparel,GB-R1-U2,dec-fr-bordeaux
30395DFA819EBA400057F2DB,3583784246811,4439714,apparel,GB-R1-U2,dec-fr-bordeaux
30395DFA819EBA800052D9A5,3583784246828,4439715,apparel,GB-R1-U2,dec-fr-bordeaux
30395DFA819EBA80004E2DBE,3583784246828,4439715,apparel,GB-R1-U2,dec-fr-bordeaux
30395DFA819EBAC000139FF8,3583784246835,4439716,apparel,GB-R1-U2,dec-fr-bordeaux
30395DFA819ED540001D40F3,3583784247894,4312896,apparel,GB-R1-U2,dec-fr-bordeaux
30395DFA819ED540000D9747,3583784247894,4312896,apparel,GB-R1-U2,dec-fr-bordeaux
30395DFA819EDF80004E8BF9,3583784248303,4312897,apparel,GB-R1-U2,dec-fr-bordeaux
30395DFA819EDF80006FC4E3,3583784248303,4312897,apparel,GB-R1-U2,dec-fr-bordeaux
30395DFA819EDFC0000476C4,3583784248310,4312898,apparel,GB-R1-U2,dec-fr-bordeaux
30395DFA819EDFC0003DFAFB,3583784248310,4312898,apparel,GB-R1-U2,dec-fr-bordeaux
30395DFA819EE000003C8469,3583784248327,4312899,apparel,GB-R1-U2,dec-fr-bordeaux
30396061C0E420C0000CA4C8,3608392336034,5413375,outdoor,GF-R3-U1,dec-fr-bordeaux
30396061C0E420C00049CF5F,3608392336034,5413375,outdoor,GF-R3-U1,dec-fr-bordeaux
30396062C386F8800095CFB3,3608439246425,4548274,footwear,PE-01,dec-fr-bordeaux
30396062C386F8800060B2DC,3608439246425,4548274,footwear,PE-01,dec-fr-bordeaux
30396062C386F880006D293D,3608439246425,4548274,footwear,PE-01,dec-fr-bordeaux
30396062C386F880002DD576,3608439246425,4548274,footwear,BR-01,dec-fr-bordeaux
30396062C386F980007546F9,3608439246463,4548276,footwear,PE-01,dec-fr-bordeaux
30396062C386F980000186AB,3608439246463,4548276,footwear,PE-01,dec-fr-bordeaux
30396062C386FA00003FCAEB,3608439246487,4548275,footwear,PE-01,dec-fr-bordeaux
30396062C386FA000091769B,3608439246487,4548275,footwear,PE-01,dec-fr-bordeaux
30396062C386FA00003E4D86,3608439246487,4548275,footwear,BR-02,dec-fr-bordeaux
30396062C386FA80005CBC6F,3608439246500,4548270,footwear,PE-01,dec-fr-bordeaux
30396062C386FA80001E9513,3608439246500,4548270,footwear,PE-01,dec-fr-bordeaux
30396062C386FA800051ECBA,3608439246500,4548270,footwear,PE-01,dec-fr-bordeaux
30396062C386FA800060E9B9,3608439246500,4548270,footwear,PE-01,dec-fr-bordeaux
30396062C386FA800023F8A6,3608439246500,4548270,footwear,BR-03,dec-fr-bordeaux
30396062C386FB00003F6D84,3608439246524,4548269,footwear,PE-01,dec-fr-bordeaux
30396062C386FB000042E4A4,3608439246524,4548269,footwear,PE-01,dec-fr-bordeaux
30396062C386FB00004637C2,3608439246524,4548269,footwear,PE-01,dec-fr-bordeaux
30396062C386FB000033E0C6,3608439246524,4548269,footwear,BR-04,dec-fr-bordeaux
30396062C386FBC0002CCE96,3608439246555,4548271,footwear,PE-01,dec-fr-bordeaux
30396062C386FBC0003471E2,3608439246555,4548271,footwear,PE-01,dec-fr-bordeaux
30396062C386FBC000109AF5,3608439246555,4548271,footwear,PE-01,dec-fr-bordeaux
30396062C386FBC000563B0C,3608439246555,4548271,footwear,PE-01,dec-fr-bordeaux
30396062C386FBC00075C33F,3608439246555,4548271,footwear,BR-01,dec-fr-bordeaux
30396062C386FD00005DAE89,3608439246609,4548268,footwear,PE-01,dec-fr-bordeaux
30396062C386FD000059087F,3608439246609,4548268,footwear,PE-01,dec-fr-bordeaux
30396062C386FD00001A2139,3608439246609,4548268,footwear,BR-02,dec-fr-bordeaux
30396062C386FD40002EDC47,3608439246616,4548267,footwear,PE-01,dec-fr-bordeaux
30396061C0BAE4C00075067C,3608391913793,5334356,accessories,GB-R2-U2,dec-fr-bordeaux
30396061C0BAF980000CC697,3608391914622,5334358,accessories,GB-R2-U2,dec-fr-bordeaux
30396061C0BAF9C000384303,3608391914639,5334359,accessories,GB-R2-U2,dec-fr-bordeaux
30396061C0BAF9C00057436A,3608391914639,5334359,accessories,GB-R2-U2,dec-fr-bordeaux
30396061C0BAFA000074959C,3608391914646,5334376,accessories,GB-R2-U2,dec-fr-bordeaux
30396061C0BB0F80000CA11E,3608391915506,5334357,accessories,GB-R2-U2,dec-fr-bordeaux
30396061C0BB0FC000247E4E,3608391915513,5334377,accessories,GB-R2-U2,dec-fr-bordeaux
30396061C04BDE800025123B,3608390776900,5076875,apparel,GF-R1-U1,dec-fr-bordeaux
30396061C04BDF000058B394,3608390776924,5076877,apparel,GF-R1-U1,dec-fr-bordeaux
30396061C04BDF0000294A00,3608390776924,5076877,apparel,GF-R1-U1,dec-fr-bordeaux
30396061C04BDF80004AA357,3608390776948,5076880,apparel,GF-R1-U1,dec-fr-bordeaux
30396061C04BDF800088B273,3608390776948,5076880,apparel,GF-R1-U1,dec-fr-bordeaux
30396061C04BDF8000474F71,3608390776948,5076880,apparel,GF-R1-U1,dec-fr-bordeaux
30396061C04BDF80007E0BEA,3608390776948,5076880,apparel,BR-03,dec-fr-bordeaux
30396061C04BE000006D1B9D,3608390776962,5076882,apparel,GF-R1-U1,dec-fr-bordeaux
30396061C04BE0000068379F,3608390776962,5076882,apparel,GF-R1-U1,dec-fr-bordeaux
30396061C04BE0000032070E,3608390776962,5076882,apparel,BR-04,dec-fr-bordeaux
30396061C04BE080003708D2,3608390776986,5076884,apparel,GF-R1-U1,dec-fr-bordeaux
30396061C04BE080000DACF8,3608390776986,5076884,apparel,GF-R1-U1,dec-fr-bordeaux
30396061C04BE0800031EDC5,3608390776986,5076884,apparel,BR-01,dec-fr-bordeaux
30396061C04BE100006879CB,3608390777006,5076886,apparel,GF-R1-U1,dec-fr-bordeaux
30396061C130DD00002C6817,3608393121806,5590879,apparel,GF-R3-U1,dec-fr-bordeaux
30396061C130DD00006ECFF2,3608393121806,5590879,apparel,GF-R3-U1,dec-fr-bordeaux
30396061C130DD00004A253E,3608393121806,5590879,apparel,GF-R3-U1,dec-fr-bordeaux
30396061C130DD00006D5632,3608393121806,5590879,apparel,GF-R3-U1,dec-fr-bordeaux
30396061C130DD0000119F24,3608393121806,5590879,apparel,BR-02,dec-fr-bordeaux
30396061C130DD40006D5AF7,3608393121813,5590880,apparel,GF-R3-U1,dec-fr-bordeaux
30396061C130DD40008955C1,3608393121813,5590880,apparel,GF-R3-U1,dec-fr-bordeaux
30396061C130DD4000244A46,3608393121813,5590880,apparel,GF-R3-U1,dec-fr-bordeaux
30396061C130DD40005F3181,3608393121813,5590880,apparel,GF-R3-U1,dec-fr-bordeaux
30396061C130DD4000548267,3608393121813,5590880,apparel,GF-R3-U1,dec-fr-bordeaux
30396061C130DD40002158EC,3608393121813,5590880,apparel,GF-R3-U1,dec-fr-bordeaux
30396061C130DD4000699C32,3608393121813,5590880,apparel,GF-R3-U1,dec-fr-bordeaux
30396061C130DD4000639030,3608393121813,5590880,apparel,BR-03,dec-fr-bordeaux
30396061C130DD80008321DC,3608393121820,5590881,apparel,GF-R3-U1,dec-fr-bordeaux
30396061C130DD80003CA3F8,3608393121820,5590881,apparel,GF-R3-U1,dec-fr-bordeaux
30396061C130DD800058B5AE,3608393121820,5590881,apparel,GF-R3-U1,dec-fr-bordeaux
30396061C130DD800063E28C,3608393121820,5590881,apparel,GF-R3-U1,dec-fr-bordeaux
30396061C130DD8000707C1A,3608393121820,5590881,apparel,GF-R3-U1,dec-fr-bordeaux
30396061C130DD800056A4BF,3608393121820,5590881,apparel,GF-R3-U1,dec-fr-bordeaux
30396061C130DD80004CEA96,3608393121820,5590881,apparel,GF-R3-U1,dec-fr-bordeaux
30396061C130DD800015E01F,3608393121820,5590881,apparel,BR-04,dec-fr-bordeaux
30396061C130DDC0008B6FF8,3608393121837,5590883,apparel,GF-R3-U1,dec-fr-bordeaux
30396061C130DDC0007D9BDD,3608393121837,5590883,apparel,GF-R3-U1,dec-fr-bordeaux
30396061C130DDC0006E2802,3608393121837,5590883,apparel,GF-R3-U1,dec-fr-bordeaux
30396061C130DDC0004964F8,3608393121837,5590883,apparel,GF-R3-U1,dec-fr-bordeaux
30396061C130DDC0000D3864,3608393121837,5590883,apparel,GF-R3-U1,dec-fr-bordeaux
30396061C130DDC000740170,3608393121837,5590883,apparel,BR-01,dec-fr-bordeaux
30396061C130DE00009355B5,3608393121844,5590884,apparel,GF-R3-U1,dec-fr-bordeaux
30396061C130DE000019B949,3608393121844,5590884,apparel,GF-R3-U1,dec-fr-bordeaux
30396061C130DE0000901201,3608393121844,5590884,apparel,BR-02,dec-fr-bordeaux
30396061C130DE40003A2243,3608393121851,5590885,apparel,GF-R3-U1,dec-fr-bordeaux
30395DFA82BF3440009651E8,3583787200810,4504066,bag_pack,GF-R1-U1,dec-fr-bordeaux
30395DFA82BF3440006EDE59,3583787200810,4504066,bag_pack,GF-R1-U1,dec-fr-bordeaux
30395DFA82BF3480007963B8,3583787200827,4775700,bag_pack,GF-R1-U1,dec-fr-bordeaux
30395DFA82BF34800017C170,3583787200827,4775700,bag_pack,GF-R1-U1,dec-fr-bordeaux
30396061C1788340000E5E02,3608393855497,5730081,bag_pack,GF-R1-U1,dec-fr-bordeaux
30396061C17883400093D2A0,3608393855497,5730081,bag_pack,GF-R1-U1,dec-fr-bordeaux
30396061C17A64000064A02B,3608393874726,5734961,bag_pack,GF-R1-U1,dec-fr-bordeaux
30396061C17A6400004F7D3F,3608393874726,5734961,bag_pack,GF-R1-U1,dec-fr-bordeaux
3039606283ADDC00006336D6,3608429644644,4925304,apparel,GB-R2-U2,dec-fr-bordeaux
3039606283ADDC800085FD77,3608429644668,4925305,apparel,GB-R2-U2,dec-fr-bordeaux
3039606283ADDC800074D753,3608429644668,4925305,apparel,GB-R2-U2,dec-fr-bordeaux
3039606283ADDC800001B26A,3608429644668,4925305,apparel,BR-03,dec-fr-bordeaux
3039606283ADDD00005C0658,3608429644682,4925306,apparel,GB-R2-U2,dec-fr-bordeaux
3039606283ADDD0000948937,3608429644682,4925306,apparel,GB-R2-U2,dec-fr-bordeaux
3039606283ADDD00008655BA,3608429644682,4925306,apparel,GB-R2-U2,dec-fr-bordeaux
3039606283ADDD000023E547,3608429644682,4925306,apparel,BR-04,dec-fr-bordeaux
3039606283ADDD80002A923E,3608429644705,4925307,apparel,GB-R2-U2,dec-fr-bordeaux
3039606283ADDD80001E3EF2,3608429644705,4925307,apparel,GB-R2-U2,dec-fr-bordeaux
3039606283ADDD8000638080,3608429644705,4925307,apparel,GB-R2-U2,dec-fr-bordeaux
3039606283ADDD8000701894,3608429644705,4925307,apparel,BR-01,dec-fr-bordeaux
3039606283ADDE000031BCF4,3608429644729,4925308,apparel,GB-R2-U2,dec-fr-bordeaux
3039606283ADDE000040B88A,3608429644729,4925308,apparel,GB-R2-U2,dec-fr-bordeaux
3039606283ADDE000092CC5B,3608429644729,4925308,apparel,BR-02,dec-fr-bordeaux
3039606283ADDE80002D9BFD,3608429644743,4925309,apparel,GB-R2-U2,dec-fr-bordeaux
3039606283ADDF00008573A6,3608429644767,4925310,apparel,GB-R2-U2,dec-fr-bordeaux
30395DFA81DD3D00004D1345,3583784886925,5242418,bag_pack,GF-R3-U2,dec-fr-bordeaux
30395DFA81DD3D00003C39F2,3583784886925,5242418,bag_pack,GF-R3-U2,dec-fr-bordeaux
30395DFA81DD3D0000811659,3583784886925,5242418,bag_pack,GF-R3-U2,dec-fr-bordeaux
30395DFA81DD3D0000576F2A,3583784886925,5242418,bag_pack,GF-R3-U2,dec-fr-bordeaux
30395DFA81DD3D000001A6B4,3583784886925,5242418,bag_pack,GF-R3-U2,dec-fr-bordeaux
30395DFA81DD3D00002AE304,3583784886925,5242418,bag_pack,GF-R3-U2,dec-fr-bordeaux
30395DFA81DD3D0000323E5F,3583784886925,5242418,bag_pack,GF-R3-U2,dec-fr-bordeaux
30395DFA81DD3D000020B92A,3583784886925,5242418,bag_pack,BR-03,dec-fr-bordeaux
30395DFA81DD3D000021A93B,3583784886925,5242418,bag_pack,BR-04,dec-fr-bordeaux
3039606303BD87C000529EEF,3608449805117,4560145,apparel,GF-R1-U2,dec-fr-bordeaux
3039606303BD87C0008DD5E5,3608449805117,4560145,apparel,GF-R1-U2,dec-fr-bordeaux
3039606303BD87C00045AAC6,3608449805117,4560145,apparel,GF-R1-U2,dec-fr-bordeaux
3039606303BD87C00095F21C,3608449805117,4560145,apparel,GF-R1-U2,dec-fr-bordeaux
3039606303BD87C00023964E,3608449805117,4560145,apparel,BR-01,dec-fr-bordeaux
3039606303BD88000015B535,3608449805124,4560146,apparel,GF-R1-U2,dec-fr-bordeaux
3039606303BD880000022AF8,3608449805124,4560146,apparel,GF-R1-U2,dec-fr-bordeaux
3039606303BD88400021CD0A,3608449805131,4560143,apparel,GF-R1-U2,dec-fr-bordeaux
3039606303BD8840000C2C6D,3608449805131,4560143,apparel,GF-R1-U2,dec-fr-bordeaux
3039606303BD88400070A186,3608449805131,4560143,apparel,GF-R1-U2,dec-fr-bordeaux
3039606303BD8840004264F1,3608449805131,4560143,apparel,GF-R1-U2,dec-fr-bordeaux
3039606303BD88400094C79C,3608449805131,4560143,apparel,GF-R1-U2,dec-fr-bordeaux
3039606303BD884000326416,3608449805131,4560143,apparel,GF-R1-U2,dec-fr-bordeaux
3039606303BD88400000A8AA,3608449805131,4560143,apparel,BR-02,dec-fr-bordeaux
3039606303BD8880008D8421,3608449805148,4560144,apparel,GF-R1-U2,dec-fr-bordeaux
3039606303BD8880000701D3,3608449805148,4560144,apparel,GF-R1-U2,dec-fr-bordeaux
3039606303BD888000800C38,3608449805148,4560144,apparel,GF-R1-U2,dec-fr-bordeaux
3039606303BD888000935C08,3608449805148,4560144,apparel,GF-R1-U2,dec-fr-bordeaux
3039606303BD88800051AC08,3608449805148,4560144,apparel,GF-R1-U2,dec-fr-bordeaux
3039606303BD8880003B14CC,3608449805148,4560144,apparel,GF-R1-U2,dec-fr-bordeaux
3039606303BD8880006C4FE4,3608449805148,4560144,apparel,BR-03,dec-fr-bordeaux
3039606303BD88C000328DE0,3608449805155,4560141,apparel,GF-R1-U2,dec-fr-bordeaux
3039606303BD88C000253846,3608449805155,4560141,apparel,GF-R1-U2,dec-fr-bordeaux
3039606303BD890000749E72,3608449805162,4560142,apparel,GF-R1-U2,dec-fr-bordeaux
3039606303BD89000097D0D2,3608449805162,4560142,apparel,GF-R1-U2,dec-fr-bordeaux
3039606303BD89000030EFA6,3608449805162,4560142,apparel,GF-R1-U2,dec-fr-bordeaux
3039606303BD8900001C2B13,3608449805162,4560142,apparel,BR-04,dec-fr-bordeaux
30396061C0EDD6C0002EA5BD,3608392435478,5445521,apparel,GF-R3-U2,dec-fr-bordeaux
30396061C0EDEE4000074D11,3608392436413,5445525,apparel,GF-R3-U2,dec-fr-bordeaux
30396061C0EDEE4000763022,3608392436413,5445525,apparel,GF-R3-U2,dec-fr-bordeaux
30396061C0EDEE400041D035,3608392436413,5445525,apparel,GF-R3-U2,dec-fr-bordeaux
30396061C0EDEE40008B974D,3608392436413,5445525,apparel,BR-01,dec-fr-bordeaux
30396061C0EDEEC0008B1412,3608392436437,5445527,apparel,GF-R3-U2,dec-fr-bordeaux
30396061C0EDEEC0001B8479,3608392436437,5445527,apparel,GF-R3-U2,dec-fr-bordeaux
30396061C0EDEEC00004EF0F,3608392436437,5445527,apparel,GF-R3-U2,dec-fr-bordeaux
30396061C0EDEEC00067BC6F,3608392436437,5445527,apparel,BR-02,dec-fr-bordeaux
30396061C0EDEF40000473D8,3608392436451,5445529,apparel,GF-R3-U2,dec-fr-bordeaux
30396061C0EDEF40004FDC26,3608392436451,5445529,apparel,GF-R3-U2,dec-fr-bordeaux
30396061C0EDEF4000931ADB,3608392436451,5445529,apparel,BR-03,dec-fr-bordeaux
30396061C0EDF3C0002FE5AE,3608392436635,5445501,apparel,GF-R3-U2,dec-fr-bordeaux
30396061C0EDF4400005F5EA,3608392436659,5445503,apparel,GF-R3-U2,dec-fr-bordeaux
30396061C0EDF4400023B0C3,3608392436659,5445503,apparel,GF-R3-U2,dec-fr-bordeaux
30396061C0EDF440008BF654,3608392436659,5445503,apparel,GF-R3-U2,dec-fr-bordeaux
30396061C0EDF440001DE3FA,3608392436659,5445503,apparel,GF-R3-U2,dec-fr-bordeaux
30396061C0EDF4400012016D,3608392436659,5445503,apparel,BR-04,dec-fr-bordeaux
30396061C0EDF4C000787312,3608392436673,5445505,apparel,GF-R3-U2,dec-fr-bordeaux
30396061C0EDF4C0002523CD,3608392436673,5445505,apparel,GF-R3-U2,dec-fr-bordeaux
30396061C0EDF4C00010F9B7,3608392436673,5445505,apparel,GF-R3-U2,dec-fr-bordeaux
30396061C0EDF4C00007208F,3608392436673,5445505,apparel,BR-01,dec-fr-bordeaux
30396061C0EDF540002F5280,3608392436697,5445507,apparel,GF-R3-U2,dec-fr-bordeaux
30396061C0EDF5400062E036,3608392436697,5445507,apparel,GF-R3-U2,dec-fr-bordeaux
30396061C0EDF54000396850,3608392436697,5445507,apparel,GF-R3-U2,dec-fr-bordeaux
30396061C0EDF540001B13FD,3608392436697,5445507,apparel,BR-02,dec-fr-bordeaux
30396061C0EDF5C000113316,3608392436710,5445509,apparel,GF-R3-U2,dec-fr-bordeaux
30396061C0EDF5C0003688D2,3608392436710,5445509,apparel,GF-R3-U2,dec-fr-bordeaux
30396061C0EDF5C000756182,3608392436710,5445509,apparel,BR-03,dec-fr-bordeaux
30395DFA82F88EC0006E9612,3583787788110,2422755,accessories,GB-R3-U2,dec-fr-bordeaux
30395DFA82F88EC0005B0048,3583787788110,2422755,accessories,GB-R3-U2,dec-fr-bordeaux
30395DFA82F88EC0005FBC25,3583787788110,2422755,accessories,GB-R3-U2,dec-fr-bordeaux
30395DFA82F88EC0008C8AC2,3583787788110,2422755,accessories,GB-R3-U2,dec-fr-bordeaux
30395DFA82F88EC000155F43,3583787788110,2422755,accessories,GB-R3-U2,dec-fr-bordeaux
30395DFA82F88EC0000BE264,3583787788110,2422755,accessories,GB-R3-U2,dec-fr-bordeaux
30395DFA82F88EC0005601D3,3583787788110,2422755,accessories,GB-R3-U2,dec-fr-bordeaux
30395DFA82F88EC00088FD7B,3583787788110,2422755,accessories,GB-R3-U2,dec-fr-bordeaux
30395DFA82F88EC0006643AB,3583787788110,2422755,accessories,BR-04,dec-fr-bordeaux
30395DFA82F88EC0002A5365,3583787788110,2422755,accessories,BR-01,dec-fr-bordeaux
30395DFA81865B00005F0615,3583783997240,4097226,apparel,GB-R3-U1,dec-fr-bordeaux
30395DFA81865B00003A71F7,3583783997240,4097226,apparel,GB-R3-U1,dec-fr-bordeaux
30395DFA81865B4000866665,3583783997257,4097229,apparel,GB-R3-U1,dec-fr-bordeaux
30395DFA81865B400035945D,3583783997257,4097229,apparel,GB-R3-U1,dec-fr-bordeaux
30395DFA81865B40002DB21C,3583783997257,4097229,apparel,GB-R3-U1,dec-fr-bordeaux
30395DFA81865B400076E610,3583783997257,4097229,apparel,GB-R3-U1,dec-fr-bordeaux
30395DFA81865B40007D6502,3583783997257,4097229,apparel,GB-R3-U1,dec-fr-bordeaux
30395DFA81865B400006EB06,3583783997257,4097229,apparel,BR-02,dec-fr-bordeaux
30395DFA81865B8000276BBF,3583783997264,4097230,apparel,GB-R3-U1,dec-fr-bordeaux
30395DFA81865B80001C9273,3583783997264,4097230,apparel,GB-R3-U1,dec-fr-bordeaux
30395DFA81865B80001CA0A7,3583783997264,4097230,apparel,GB-R3-U1,dec-fr-bordeaux
30395DFA81865B800072E88E,3583783997264,4097230,apparel,GB-R3-U1,dec-fr-bordeaux
30395DFA81865B80005CEDAC,3583783997264,4097230,apparel,GB-R3-U1,dec-fr-bordeaux
30395DFA81865B800079ABF6,3583783997264,4097230,apparel,GB-R3-U1,dec-fr-bordeaux
30395DFA81865B8000597144,3583783997264,4097230,apparel,BR-03,dec-fr-bordeaux
30395DFA81865BC0008EE8B1,3583783997271,4097231,apparel,GB-R3-U1,dec-fr-bordeaux
30395DFA81865BC0004ED2A3,3583783997271,4097231,apparel,GB-R3-U1,dec-fr-bordeaux
30395DFA81865BC00070209E,3583783997271,4097231,apparel,GB-R3-U1,dec-fr-bordeaux
30395DFA81865BC0004F8EAF,3583783997271,4097231,apparel,BR-04,dec-fr-bordeaux
30395DFA81865C00007E161E,3583783997288,4097232,apparel,GB-R3-U1,dec-fr-bordeaux
30395DFA81865C000025B11B,3583783997288,4097232,apparel,GB-R3-U1,dec-fr-bordeaux
30395DFA81865C000044B635,3583783997288,4097232,apparel,GB-R3-U1,dec-fr-bordeaux
30395DFA81865C000034F25F,3583783997288,4097232,apparel,GB-R3-U1,dec-fr-bordeaux
30395DFA81865C00001B82FB,3583783997288,4097232,apparel,BR-01,dec-fr-bordeaux
30395DFA81865C40000FB2C0,3583783997295,4097233,apparel,GB-R3-U1,dec-fr-bordeaux
30395DFA81865C40004F627A,3583783997295,4097233,apparel,GB-R3-U1,dec-fr-bordeaux
30395DFA8190FD8000857428,3583784106146,4097228,apparel,GB-R3-U1,dec-fr-bordeaux
30396061C03CB7C000587073,3608390621750,5045537,bag_pack,PE-01,dec-fr-bordeaux
30396061C03CB7C00069A010,3608390621750,5045537,bag_pack,PE-01,dec-fr-bordeaux
30396061C16233C000093752,3608393627032,5687608,bag_pack,PE-01,dec-fr-bordeaux
30396061C16233C0001A18BF,3608393627032,5687608,bag_pack,PE-01,dec-fr-bordeaux
30396062C386C100008A9A4D,3608439244209,4728757,bag_pack,PE-01,dec-fr-bordeaux
30396062C386C180002A1D42,3608439244223,4773405,bag_pack,PE-01,dec-fr-bordeaux
30396062C387D9C000562DFE,3608439255434,4728754,bag_pack,PE-01,dec-fr-bordeaux
30396062C387D9C0003FD51A,3608439255434,4728754,bag_pack,PE-01,dec-fr-bordeaux
30395DFA819C6640008A393B,3583784222976,4311924,apparel,GB-R3-U2,dec-fr-bordeaux
30395DFA819C6680004CC13F,3583784222983,4311926,apparel,GB-R3-U2,dec-fr-bordeaux
30395DFA819C6680007B5145,3583784222983,4311926,apparel,GB-R3-U2,dec-fr-bordeaux
30395DFA819C66800074A09D,3583784222983,4311926,apparel,GB-R3-U2,dec-fr-bordeaux
30395DFA819C668000416D36,3583784222983,4311926,apparel,GB-R3-U2,dec-fr-bordeaux
30395DFA819C6680008B3F06,3583784222983,4311926,apparel,BR-02,dec-fr-bordeaux
30395DFA819C66C000535A72,3583784222990,4311928,apparel,GB-R3-U2,dec-fr-bordeaux
30395DFA819C66C0000A6EFB,3583784222990,4311928,apparel,GB-R3-U2,dec-fr-bordeaux
30395DFA819C66C0007EF102,3583784222990,4311928,apparel,GB-R3-U2,dec-fr-bordeaux
30395DFA819C66C00069DBB3,3583784222990,4311928,apparel,GB-R3-U2,dec-fr-bordeaux
30395DFA819C66C00002796E,3583784222990,4311928,apparel,BR-03,dec-fr-bordeaux
30395DFA819C9400007CF5C8,3583784224802,4311930,apparel,GB-R3-U2,dec-fr-bordeaux
30395DFA819C9400008E1A04,3583784224802,4311930,apparel,GB-R3-U2,dec-fr-bordeaux
30395DFA819C9400007DEE7D,3583784224802,4311930,apparel,GB-R3-U2,dec-fr-bordeaux
30395DFA819C9400006CA872,3583784224802,4311930,apparel,BR-04,dec-fr-bordeaux
30395DFA819C9440000FC04E,3583784224819,4311933,apparel,GB-R3-U2,dec-fr-bordeaux
30395DFA819C944000797C64,3583784224819,4311933,apparel,GB-R3-U2,dec-fr-bordeaux
30395DFA819C9440003BB82C,3583784224819,4311933,apparel,GB-R3-U2,dec-fr-bordeaux
30395DFA819C9440001F3E49,3583784224819,4311933,apparel,BR-01,dec-fr-bordeaux
30395DFA819C9480005D2E4A,3583784224826,4311935,apparel,GB-R3-U2,dec-fr-bordeaux
30395DFA819C948000555AE2,3583784224826,4311935,apparel,GB-R3-U2,dec-fr-bordeaux
30396061C02EFA400053D13D,3608390481057,4995764,apparel,GF-R2-U1,dec-fr-bordeaux
30396061C02EFA8000813A56,3608390481064,4995765,apparel,GF-R2-U1,dec-fr-bordeaux
30396061C02EFA800089C220,3608390481064,4995765,apparel,GF-R2-U1,dec-fr-bordeaux
30396061C02EFAC000658D25,3608390481071,4995766,apparel,GF-R2-U1,dec-fr-bordeaux
30396061C02EFAC000239ED0,3608390481071,4995766,apparel,GF-R2-U1,dec-fr-bordeaux
30396061C02EFAC0002FD769,3608390481071,4995766,apparel,GF-R2-U1,dec-fr-bordeaux
30396061C02EFAC00055C295,3608390481071,4995766,apparel,BR-02,dec-fr-bordeaux
30396061C02EFB00003366E0,3608390481088,4995767,apparel,GF-R2-U1,dec-fr-bordeaux
30396061C02EFB00003377A3,3608390481088,4995767,apparel,GF-R2-U1,dec-fr-bordeaux
30396061C02EFB00006C93F7,3608390481088,4995767,apparel,BR-03,dec-fr-bordeaux
30396061C02EFB4000501B5C,3608390481095,4995768,apparel,GF-R2-U1,dec-fr-bordeaux
30396061C02EFB400031FD1C,3608390481095,4995768,apparel,GF-R2-U1,dec-fr-bordeaux
30396061C02F4680005F6AD2,3608390484102,4995769,apparel,GF-R2-U1,dec-fr-bordeaux
30396061C02F46C00066E1F4,3608390484119,4995770,apparel,GF-R2-U1,dec-fr-bordeaux
30396061C1E33A40007789D4,3608394948259,5395831,bag_pack,GF-R1-U2,dec-fr-bordeaux
30396061C1E33A40006A6FCC,3608394948259,5395831,bag_pack,GF-R1-U2,dec-fr-bordeaux
30396061C1E33A40007346F9,3608394948259,5395831,bag_pack,GF-R1-U2,dec-fr-bordeaux
30396061C1E33A400079D00D,3608394948259,5395831,bag_pack,GF-R1-U2,dec-fr-bordeaux
30396061C1E33A40006BC9A1,3608394948259,5395831,bag_pack,GF-R1-U2,dec-fr-bordeaux
30396061C1E33A4000064568,3608394948259,5395831,bag_pack,GF-R1-U2,dec-fr-bordeaux
30396061C1E33A40008AFAC2,3608394948259,5395831,bag_pack,GF-R1-U2,dec-fr-bordeaux
30396061C1E33A4000388882,3608394948259,5395831,bag_pack,BR-04,dec-fr-bordeaux
30396061C000CE000027BD5B,3608390008247,2909020,accessories,CO-IR,dec-fr-bordeaux
30396061C000CE40008A2A2E,3608390008254,2909021,accessories,CO-IR,dec-fr-bordeaux
30396061C000CE80001509A8,3608390008261,2909022,accessories,CO-IR,dec-fr-bordeaux
30396061C000CEC0005CF312,3608390008278,2909023,accessories,CO-IR,dec-fr-bordeaux
30396061C000CF00005B840D,3608390008285,2909024,accessories,CO-IR,dec-fr-bordeaux
30396061C000CF400060467B,3608390008292,2909025,accessories,CO-IR,dec-fr-bordeaux
30396061C000CF800063EC58,3608390008308,2909026,accessories,CO-IR,dec-fr-bordeaux
30396061C0019D000041CA64,3608390016525,4062636,accessories,CO-IR,dec-fr-bordeaux
30395DFA81A689C000778816,3583784326797,4270723,apparel,GF-R3-U1,dec-fr-bordeaux
30396062C38CE3400013B122,3608439307010,4270728,apparel,GF-R3-U1,dec-fr-bordeaux
30396062C38CE340002FDDCC,3608439307010,4270728,apparel,GF-R3-U1,dec-fr-bordeaux
30396062C38CE3400058BB14,3608439307010,4270728,apparel,GF-R3-U1,dec-fr-bordeaux
30396062C38CE340007534A7,3608439307010,4270728,apparel,GF-R3-U1,dec-fr-bordeaux
30396062C38CE3400052C0D5,3608439307010,4270728,apparel,GF-R3-U1,dec-fr-bordeaux
30396062C38CE340000E6751,3608439307010,4270728,apparel,GF-R3-U1,dec-fr-bordeaux
30396062C38CE34000008BF4,3608439307010,4270728,apparel,GF-R3-U1,dec-fr-bordeaux
30396062C38CE3400028404C,3608439307010,4270728,apparel,BR-01,dec-fr-bordeaux
30396062C38CE3800046F173,3608439307027,4270729,apparel,GF-R3-U1,dec-fr-bordeaux
30396062C38CE38000537022,3608439307027,4270729,apparel,GF-R3-U1,dec-fr-bordeaux
30396062C38CE380008A391D,3608439307027,4270729,apparel,GF-R3-U1,dec-fr-bordeaux
30396062C38CE380003F2D28,3608439307027,4270729,apparel,GF-R3-U1,dec-fr-bordeaux
30396062C38CE380007609B6,3608439307027,4270729,apparel,BR-02,dec-fr-bordeaux
30396062C38CE3C0009862E1,3608439307034,4270727,apparel,GF-R3-U1,dec-fr-bordeaux
30396062C38CE3C0002A35EC,3608439307034,4270727,apparel,GF-R3-U1,dec-fr-bordeaux
30396062C38CE3C0003DC4D6,3608439307034,4270727,apparel,GF-R3-U1,dec-fr-bordeaux
30396062C38CE3C0007B0B51,3608439307034,4270727,apparel,GF-R3-U1,dec-fr-bordeaux
30396062C38CE3C000743820,3608439307034,4270727,apparel,GF-R3-U1,dec-fr-bordeaux
30396062C38CE3C0007D3E0F,3608439307034,4270727,apparel,GF-R3-U1,dec-fr-bordeaux
30396062C38CE3C00038A05D,3608439307034,4270727,apparel,BR-03,dec-fr-bordeaux
30396062C38CE4000093621A,3608439307041,4270730,apparel,GF-R3-U1,dec-fr-bordeaux
30396062C38CE40000002EE3,3608439307041,4270730,apparel,GF-R3-U1,dec-fr-bordeaux
30396062C38CE400004BD233,3608439307041,4270730,apparel,GF-R3-U1,dec-fr-bordeaux
30396062C38CE400001D31F4,3608439307041,4270730,apparel,GF-R3-U1,dec-fr-bordeaux
30396062C38CE400007B0097,3608439307041,4270730,apparel,BR-04,dec-fr-bordeaux
30396062C38CE480008EC37B,3608439307065,4270721,apparel,GF-R3-U1,dec-fr-bordeaux
30396062C38CE480004DE039,3608439307065,4270721,apparel,GF-R3-U1,dec-fr-bordeaux
30396062C38CE480000F2458,3608439307065,4270721,apparel,BR-01,dec-fr-bordeaux
30395DFA82C3C7C00068A539,3583787247679,4776658,apparel,GB-R1-U1,dec-fr-bordeaux
30395DFA82C3C7C00092A093,3583787247679,4776658,apparel,GB-R1-U1,dec-fr-bordeaux
30395DFA82C3C7C0003E381D,3583787247679,4776658,apparel,GB-R1-U1,dec-fr-bordeaux
30395DFA82C3C7C000453B96,3583787247679,4776658,apparel,BR-02,dec-fr-bordeaux
30395DFA82C3C8000013A77C,3583787247686,4776660,apparel,GB-R1-U1,dec-fr-bordeaux
30395DFA82C3C80000441ABD,3583787247686,4776660,apparel,GB-R1-U1,dec-fr-bordeaux
30395DFA82C3C800006C8763,3583787247686,4776660,apparel,GB-R1-U1,dec-fr-bordeaux
30395DFA82C3C800003152E6,3583787247686,4776660,apparel,GB-R1-U1,dec-fr-bordeaux
30395DFA82C3C8000004E31F,3583787247686,4776660,apparel,BR-03,dec-fr-bordeaux
30395DFA82C3C840001A05C9,3583787247693,4776654,apparel,GB-R1-U1,dec-fr-bordeaux
30395DFA82C3C840000231B9,3583787247693,4776654,apparel,GB-R1-U1,dec-fr-bordeaux
30395DFA82C3C8800003AE31,3583787247709,4776656,apparel,GB-R1-U1,dec-fr-bordeaux
30395DFA82C3C88000620A62,3583787247709,4776656,apparel,GB-R1-U1,dec-fr-bordeaux
30395DFA82C3C880007F8FE9,3583787247709,4776656,apparel,BR-04,dec-fr-bordeaux
30395DFA82C3C9000094A5B0,3583787247723,4776662,apparel,GB-R1-U1,dec-fr-bordeaux
30395DFA82C3C900003AA212,3583787247723,4776662,apparel,GB-R1-U1,dec-fr-bordeaux
30395DFA82C3C90000623658,3583787247723,4776662,apparel,BR-01,dec-fr-bordeaux
30395DFA82C3C94000021E41,3583787247730,4776664,apparel,GB-R1-U1,dec-fr-bordeaux
30396062C38BA340005AD99D,3608439294211,4273723,apparel,GF-R3-U2,dec-fr-bordeaux
30396062C38BA34000267B77,3608439294211,4273723,apparel,GF-R3-U2,dec-fr-bordeaux
30396062C38BA3800045D7A2,3608439294228,4273721,apparel,GF-R3-U2,dec-fr-bordeaux
30396062C38BA38000936E29,3608439294228,4273721,apparel,GF-R3-U2,dec-fr-bordeaux
30396062C38BA38000480502,3608439294228,4273721,apparel,GF-R3-U2,dec-fr-bordeaux
30396062C38BA3800055DE06,3608439294228,4273721,apparel,GF-R3-U2,dec-fr-bordeaux
30396062C38BA3800070D333,3608439294228,4273721,apparel,BR-02,dec-fr-bordeaux
30396062C38BA3C00068D807,3608439294235,4273722,apparel,GF-R3-U2,dec-fr-bordeaux
30396062C38BA3C0007985B1,3608439294235,4273722,apparel,GF-R3-U2,dec-fr-bordeaux
30396062C38BA3C0000263E9,3608439294235,4273722,apparel,GF-R3-U2,dec-fr-bordeaux
30396062C38BA3C00088C0E7,3608439294235,4273722,apparel,BR-03,dec-fr-bordeaux
30396062C38BA40000808178,3608439294242,4273719,apparel,GF-R3-U2,dec-fr-bordeaux
30396062C38BA4000065D86E,3608439294242,4273719,apparel,GF-R3-U2,dec-fr-bordeaux
30396062C38BA4400042B94F,3608439294259,4273720,apparel,GF-R3-U2,dec-fr-bordeaux
30396062C38BA4400060CE74,3608439294259,4273720,apparel,GF-R3-U2,dec-fr-bordeaux
30396062C38BA4400044CFE1,3608439294259,4273720,apparel,BR-04,dec-fr-bordeaux
30396061C183BDC00046603F,3608393970473,5640546,footwear,PW-02,dec-fr-bordeaux
30396061C183BE400034C38C,3608393970497,5640548,footwear,PW-02,dec-fr-bordeaux
30396061C183BE40002F369E,3608393970497,5640548,footwear,PW-02,dec-fr-bordeaux
30396061C183BE4000771764,3608393970497,5640548,footwear,BR-01,dec-fr-bordeaux
30396061C183DA4000569EB2,3608393971616,5640550,footwear,PW-02,dec-fr-bordeaux
30396061C183DA4000223FBA,3608393971616,5640550,footwear,PW-02,dec-fr-bordeaux
30396061C183DA4000918037,3608393971616,5640550,footwear,BR-02,dec-fr-bordeaux
30396061C183DA80007C69F3,3608393971623,5640551,footwear,PW-02,dec-fr-bordeaux
30396061C183DA8000724BE0,3608393971623,5640551,footwear,PW-02,dec-fr-bordeaux
30396061C183DAC0004C6BEF,3608393971630,5640552,footwear,PW-02,dec-fr-bordeaux
30396061C183DB400056548F,3608393971654,5653434,footwear,PW-02,dec-fr-bordeaux
30396061C183DB40004BA3D9,3608393971654,5653434,footwear,PW-02,dec-fr-bordeaux
30396061C183DB800082B316,3608393971661,5654145,footwear,PW-02,dec-fr-bordeaux
30396061C183DB800075E4FD,3608393971661,5654145,footwear,PW-02,dec-fr-bordeaux
30396061C183DB800016CB05,3608393971661,5654145,footwear,BR-03,dec-fr-bordeaux
30396061C19429C000489B5B,3608394138636,5793281,footwear,PW-02,dec-fr-bordeaux
30396061C19429C000384560,3608394138636,5793281,footwear,PW-02,dec-fr-bordeaux
30396061C1942A0000818814,3608394138643,5790461,footwear,PW-02,dec-fr-bordeaux
30396061C1942A0000148516,3608394138643,5790461,footwear,PW-02,dec-fr-bordeaux
30396061C1942A000088691E,3608394138643,5790461,footwear,BR-04,dec-fr-bordeaux
30396061C1942A4000733B43,3608394138650,5779821,footwear,PW-02,dec-fr-bordeaux
30396061C1942A40000DE4A8,3608394138650,5779821,footwear,PW-02,dec-fr-bordeaux
30395DFA81DFE9400007E47E,3583784914291,5285958,outdoor,GF-R1-U1,dec-fr-bordeaux
30396061C14345C00065615B,3608393310316,5637065,outdoor,GF-R1-U1,dec-fr-bordeaux
3039606303BEDE80005FC13D,3608449818827,2912221,apparel,GB-R1-U2,dec-fr-bordeaux
3039606303BEDE800027EECE,3608449818827,2912221,apparel,GB-R1-U2,dec-fr-bordeaux
3039606303BEDE80002A2D46,3608449818827,2912221,apparel,BR-01,dec-fr-bordeaux
3039606303BEDEC0007CDBBE,3608449818834,2912220,apparel,GB-R1-U2,dec-fr-bordeaux
3039606303BEDEC0008F4141,3608449818834,2912220,apparel,GB-R1-U2,dec-fr-bordeaux
3039606303BEDEC0004879DE,3608449818834,2912220,apparel,GB-R1-U2,dec-fr-bordeaux
3039606303BEDEC000253E4E,3608449818834,2912220,apparel,GB-R1-U2,dec-fr-bordeaux
3039606303BEDEC000065982,3608449818834,2912220,apparel,GB-R1-U2,dec-fr-bordeaux
3039606303BEDEC0001E5156,3608449818834,2912220,apparel,GB-R1-U2,dec-fr-bordeaux
3039606303BEDEC000243DE7,3608449818834,2912220,apparel,BR-02,dec-fr-bordeaux
3039606303BEDF000079C81D,3608449818841,2912219,apparel,GB-R1-U2,dec-fr-bordeaux
3039606303BEDF00006DEAD7,3608449818841,2912219,apparel,GB-R1-U2,dec-fr-bordeaux
3039606303BEDF000030936D,3608449818841,2912219,apparel,GB-R1-U2,dec-fr-bordeaux
3039606303BEDF00004E26D1,3608449818841,2912219,apparel,GB-R1-U2,dec-fr-bordeaux
3039606303BEDF00002DFE19,3608449818841,2912219,apparel,GB-R1-U2,dec-fr-bordeaux
3039606303BEDF00007A4D36,3608449818841,2912219,apparel,GB-R1-U2,dec-fr-bordeaux
3039606303BEDF0000096290,3608449818841,2912219,apparel,GB-R1-U2,dec-fr-bordeaux
3039606303BEDF000056675A,3608449818841,2912219,apparel,BR-03,dec-fr-bordeaux
3039606303BEDF0000696632,3608449818841,2912219,apparel,BR-04,dec-fr-bordeaux
3039606303BEDF4000811DC9,3608449818858,2912223,apparel,GB-R1-U2,dec-fr-bordeaux
3039606303BEDF4000121380,3608449818858,2912223,apparel,GB-R1-U2,dec-fr-bordeaux
3039606303BEDF4000133154,3608449818858,2912223,apparel,GB-R1-U2,dec-fr-bordeaux
3039606303BEDF4000820930,3608449818858,2912223,apparel,GB-R1-U2,dec-fr-bordeaux
3039606303BEDF400058F109,3608449818858,2912223,apparel,GB-R1-U2,dec-fr-bordeaux
3039606303BEDF40008A815D,3608449818858,2912223,apparel,BR-01,dec-fr-bordeaux
3039606303BEDF80001BF6F5,3608449818865,2912222,apparel,GB-R1-U2,dec-fr-bordeaux
3039606303BEDF8000281FD6,3608449818865,2912222,apparel,GB-R1-U2,dec-fr-bordeaux
3039606303BEDF80006CC1AF,3608449818865,2912222,apparel,BR-02,dec-fr-bordeaux
30395DFA819034C0003EAD0D,3583784098113,4289568,apparel,GF-R1-U1,dec-fr-bordeaux
30395DFA819034C000467DDF,3583784098113,4289568,apparel,GF-R1-U1,dec-fr-bordeaux
30395DFA82E55E40008A17F5,3583787591611,4289569,apparel,GF-R1-U1,dec-fr-bordeaux
30395DFA82E55E400056644C,3583787591611,4289569,apparel,GF-R1-U1,dec-fr-bordeaux
30395DFA82E55E40006843D9,3583787591611,4289569,apparel,GF-R1-U1,dec-fr-bordeaux
30395DFA82E55E40000A0F33,3583787591611,4289569,apparel,GF-R1-U1,dec-fr-bordeaux
30395DFA82E55E4000515A8C,3583787591611,4289569,apparel,BR-03,dec-fr-bordeaux
30395DFA82E55E80007838D5,3583787591628,4289570,apparel,GF-R1-U1,dec-fr-bordeaux
30395DFA82E55E800035F253,3583787591628,4289570,apparel,GF-R1-U1,dec-fr-bordeaux
30395DFA82E55E80005D7FA5,3583787591628,4289570,apparel,GF-R1-U1,dec-fr-bordeaux
30395DFA82E55E8000030FAD,3583787591628,4289570,apparel,GF-R1-U1,dec-fr-bordeaux
30395DFA82E55E8000241942,3583787591628,4289570,apparel,GF-R1-U1,dec-fr-bordeaux
30395DFA82E55E800064805B,3583787591628,4289570,apparel,BR-04,dec-fr-bordeaux
30395DFA82E55EC0002B43DC,3583787591635,4289571,apparel,GF-R1-U1,dec-fr-bordeaux
30395DFA82E55EC00091D0C7,3583787591635,4289571,apparel,GF-R1-U1,dec-fr-bordeaux
30395DFA82E55EC0003B0385,3583787591635,4289571,apparel,BR-01,dec-fr-bordeaux
30395DFA82E55F00004B57B8,3583787591642,4289572,apparel,GF-R1-U1,dec-fr-bordeaux
30395DFA82E55F00007F5A7F,3583787591642,4289572,apparel,GF-R1-U1,dec-fr-bordeaux
30395DFA82E55F00007B67B5,3583787591642,4289572,apparel,GF-R1-U1,dec-fr-bordeaux
30395DFA82E55F00005C4E80,3583787591642,4289572,apparel,BR-02,dec-fr-bordeaux
30396062C38FC48000854F35,3608439336508,4006585,outdoor,GF-R3-U2,dec-fr-bordeaux
30396062C38FC4800064AA03,3608439336508,4006585,outdoor,GF-R3-U2,dec-fr-bordeaux
30396061C1312700008A95CD,3608393124760,5395712,bag_pack,PE-03,dec-fr-bordeaux
30396061C131270000914AA3,3608393124760,5395712,bag_pack,PE-03,dec-fr-bordeaux
30396061C13127000081CCCA,3608393124760,5395712,bag_pack,PE-03,dec-fr-bordeaux
30396061C13127000056DC1A,3608393124760,5395712,bag_pack,PE-03,dec-fr-bordeaux
30396061C1312700004F7877,3608393124760,5395712,bag_pack,BR-03,dec-fr-bordeaux
30395DFA82EF33C00092111D,3583787692318,4032265,apparel,GF-R1-U2,dec-fr-bordeaux
30395DFA82EF34000058CD7D,3583787692325,4032266,apparel,GF-R1-U2,dec-fr-bordeaux
30395DFA82EF3440000AD96D,3583787692332,4032267,apparel,GF-R1-U2,dec-fr-bordeaux
30395DFA82EF3480006579F8,3583787692349,4032268,apparel,GF-R1-U2,dec-fr-bordeaux
30395DFA82EF34C00001FE0A,3583787692356,4032261,apparel,GF-R1-U2,dec-fr-bordeaux
30396061C05BF700005D2CAC,3608390941728,5133911,apparel,GF-R1-U2,dec-fr-bordeaux
30396061C05BF740007B5D37,3608390941735,5133912,apparel,GF-R1-U2,dec-fr-bordeaux
30396061C05BF78000257AF0,3608390941742,5133913,apparel,GF-R1-U2,dec-fr-bordeaux
30396061C05BF780002E61D9,3608390941742,5133913,apparel,GF-R1-U2,dec-fr-bordeaux
30396061C05BF7C000364AB1,3608390941759,5133914,apparel,GF-R1-U2,dec-fr-bordeaux
30396061C05BF80000476207,3608390941766,5133915,apparel,GF-R1-U2,dec-fr-bordeaux
30396061C05BF840001ECD26,3608390941773,5133916,apparel,GF-R1-U2,dec-fr-bordeaux
30396061C05C0400003297E6,3608390942244,5133887,apparel,GF-R1-U2,dec-fr-bordeaux
30396061C05C0440003A9AD4,3608390942251,5133888,apparel,GF-R1-U2,dec-fr-bordeaux
30396061C05C0480007F8782,3608390942268,5133889,apparel,GF-R1-U2,dec-fr-bordeaux
30396061C05C04C000764CCA,3608390942275,5133890,apparel,GF-R1-U2,dec-fr-bordeaux
30396061C05C04C0000840D7,3608390942275,5133890,apparel,GF-R1-U2,dec-fr-bordeaux
30396061C05C05000059D811,3608390942282,5133891,apparel,GF-R1-U2,dec-fr-bordeaux
30396061C05C0AC00000A2B2,3608390942510,5133896,apparel,GF-R1-U2,dec-fr-bordeaux
30396061C05C0B000024C040,3608390942527,5133897,apparel,GF-R1-U2,dec-fr-bordeaux
30396061C05C0B00005DD080,3608390942527,5133897,apparel,GF-R1-U2,dec-fr-bordeaux
30396061C05C0B40005CFBEE,3608390942534,5133898,apparel,GF-R1-U2,dec-fr-bordeaux
30396061C05C0B40008BC181,3608390942534,5133898,apparel,GF-R1-U2,dec-fr-bordeaux
30396061C05C0B80002697DA,3608390942541,5133899,apparel,GF-R1-U2,dec-fr-bordeaux
30396061C05BF4C0003AC3C2,3608390941636,5133984,apparel,GB-R3-U1,dec-fr-bordeaux
30396061C05BF4C0004DE014,3608390941636,5133984,apparel,GB-R3-U1,dec-fr-bordeaux
30396061C05BF50000108EE0,3608390941643,5133985,apparel,GB-R3-U1,dec-fr-bordeaux
30396061C05BF500000E0A10,3608390941643,5133985,apparel,GB-R3-U1,dec-fr-bordeaux
30396061C05BF50000334F41,3608390941643,5133985,apparel,BR-04,dec-fr-bordeaux
30396061C05BF540003938CB,3608390941650,5133986,apparel,GB-R3-U1,dec-fr-bordeaux
30396061C05BF5400084B44A,3608390941650,5133986,apparel,GB-R3-U1,dec-fr-bordeaux
30396061C05BF5400050F792,3608390941650,5133986,apparel,BR-01,dec-fr-bordeaux
30396061C05BF580001CD6DC,3608390941667,5133987,apparel,GB-R3-U1,dec-fr-bordeaux
30396061C05BF5800057D96F,3608390941667,5133987,apparel,GB-R3-U1,dec-fr-bordeaux
30396061C05BF5C000046D80,3608390941674,5133988,apparel,GB-R3-U1,dec-fr-bordeaux
30396061C05BF5C00017094C,3608390941674,5133988,apparel,GB-R3-U1,dec-fr-bordeaux
30396061C05BF600003C0BF0,3608390941681,5133989,apparel,GB-R3-U1,dec-fr-bordeaux
30396062C3B06840006BD9A0,3608439670732,364808,apparel,GB-R3-U1,dec-fr-bordeaux
30396062C3B068C0004BC718,3608439670756,364803,apparel,GB-R3-U1,dec-fr-bordeaux
30396062C3B068C0001A4A9A,3608439670756,364803,apparel,GB-R3-U1,dec-fr-bordeaux
30396062C3B068C0004750C5,3608439670756,364803,apparel,BR-02,dec-fr-bordeaux
30396062C3B069000043AD9F,3608439670763,364806,apparel,GB-R3-U1,dec-fr-bordeaux
30396062C3B069000079E6DC,3608439670763,364806,apparel,GB-R3-U1,dec-fr-bordeaux
30396062C3B06940007AA9D3,3608439670770,364794,apparel,GB-R3-U1,dec-fr-bordeaux
30396062C3B069400064E4C4,3608439670770,364794,apparel,GB-R3-U1,dec-fr-bordeaux
30396062C3B06980001A4723,3608439670787,364796,apparel,GB-R3-U1,dec-fr-bordeaux
30396062C3B069800089AB41,3608439670787,364796,apparel,GB-R3-U1,dec-fr-bordeaux
30396062C3B06980008F2B91,3608439670787,364796,apparel,BR-03,dec-fr-bordeaux
30396061C0B1AE40003994C0,3608391819453,5284390,apparel,GB-R1-U1,dec-fr-bordeaux
30396061C0B1AE40003AFEE2,3608391819453,5284390,apparel,GB-R1-U1,dec-fr-bordeaux
30396061C0B1AE400007EBF8,3608391819453,5284390,apparel,BR-04,dec-fr-bordeaux
30396061C0B1AEC000928255,3608391819477,5284392,apparel,GB-R1-U1,dec-fr-bordeaux
30396061C0B1AEC00017F2AB,3608391819477,5284392,apparel,GB-R1-U1,dec-fr-bordeaux
30396061C0B1AEC0005BAC19,3608391819477,5284392,apparel,GB-R1-U1,dec-fr-bordeaux
30396061C0B1AEC00095717F,3608391819477,5284392,apparel,BR-01,dec-fr-bordeaux
30396061C0B1AF40004184E9,3608391819491,5284394,apparel,GB-R1-U1,dec-fr-bordeaux
30396061C0B1AF400057FAD3,3608391819491,5284394,apparel,GB-R1-U1,dec-fr-bordeaux
30396061C0B1AF400084E09D,3608391819491,5284394,apparel,GB-R1-U1,dec-fr-bordeaux
30396061C0B1AF4000253DAD,3608391819491,5284394,apparel,BR-02,dec-fr-bordeaux
30396061C0B1AFC0003A34D8,3608391819514,5284396,apparel,GB-R1-U1,dec-fr-bordeaux
30396061C0B1AFC0005B39D1,3608391819514,5284396,apparel,GB-R1-U1,dec-fr-bordeaux
30396061C0B1AFC00058E928,3608391819514,5284396,apparel,BR-03,dec-fr-bordeaux
30396061C0B1B040001B8D30,3608391819538,5284398,apparel,GB-R1-U1,dec-fr-bordeaux
30396061C0B1B04000000A02,3608391819538,5284398,apparel,GB-R1-U1,dec-fr-bordeaux
30396061C0B1B300008F4BD6,3608391819644,5284370,apparel,GB-R1-U1,dec-fr-bordeaux
30396061C0B1B3000043C4F2,3608391819644,5284370,apparel,GB-R1-U1,dec-fr-bordeaux
30396061C0B1B3800039FD33,3608391819668,5284372,apparel,GB-R1-U1,dec-fr-bordeaux
30396061C0B1B3800069694B,3608391819668,5284372,apparel,GB-R1-U1,dec-fr-bordeaux
30396061C0B1B38000445DD1,3608391819668,5284372,apparel,GB-R1-U1,dec-fr-bordeaux
30396061C0B1B380008212D0,3608391819668,5284372,apparel,BR-04,dec-fr-bordeaux
30396061C0B1B400004AB86D,3608391819682,5284374,apparel,GB-R1-U1,dec-fr-bordeaux
30396061C0B1B40000391A1F,3608391819682,5284374,apparel,GB-R1-U1,dec-fr-bordeaux
30396061C0B1B40000907CC2,3608391819682,5284374,apparel,GB-R1-U1,dec-fr-bordeaux
30396061C0B1B400007F72A3,3608391819682,5284374,apparel,BR-01,dec-fr-bordeaux
30396061C0B1B4800036719E,3608391819705,5284376,apparel,GB-R1-U1,dec-fr-bordeaux
30396061C0B1B480009690EA,3608391819705,5284376,apparel,GB-R1-U1,dec-fr-bordeaux
30396061C0B1B4800045BC7D,3608391819705,5284376,apparel,BR-02,dec-fr-bordeaux
30396061C0B1B50000502E3C,3608391819729,5284378,apparel,GB-R1-U1,dec-fr-bordeaux
30395DFA81A078C000733827,3583784264679,4545499,apparel,GB-R3-U2,dec-fr-bordeaux
30395DFA81A078C000190EC7,3583784264679,4545499,apparel,GB-R3-U2,dec-fr-bordeaux
30395DFA81A078C0001000F7,3583784264679,4545499,apparel,GB-R3-U2,dec-fr-bordeaux
30395DFA81A078C0003B1924,3583784264679,4545499,apparel,BR-03,dec-fr-bordeaux
30395DFA81A0790000837542,3583784264686,4545500,apparel,GB-R3-U2,dec-fr-bordeaux
30395DFA81A0790000852F37,3583784264686,4545500,apparel,GB-R3-U2,dec-fr-bordeaux
30395DFA81A07900000CA455,3583784264686,4545500,apparel,GB-R3-U2,dec-fr-bordeaux
30395DFA81A079000030E16B,3583784264686,4545500,apparel,GB-R3-U2,dec-fr-bordeaux
30395DFA81A079000020F98E,3583784264686,4545500,apparel,GB-R3-U2,dec-fr-bordeaux
30395DFA81A0790000294EF9,3583784264686,4545500,apparel,GB-R3-U2,dec-fr-bordeaux
30395DFA81A0790000068277,3583784264686,4545500,apparel,BR-04,dec-fr-bordeaux
30395DFA81A07940003086D2,3583784264693,4545501,apparel,GB-R3-U2,dec-fr-bordeaux
30395DFA81A079400085F92E,3583784264693,4545501,apparel,GB-R3-U2,dec-fr-bordeaux
30395DFA81A0794000048742,3583784264693,4545501,apparel,GB-R3-U2,dec-fr-bordeaux
30395DFA81A0794000801EDE,3583784264693,4545501,apparel,GB-R3-U2,dec-fr-bordeaux
30395DFA81A0794000777508,3583784264693,4545501,apparel,GB-R3-U2,dec-fr-bordeaux
30395DFA81A07940003A4F4F,3583784264693,4545501,apparel,BR-01,dec-fr-bordeaux
30395DFA81A0A400009443BA,3583784266406,4545502,apparel,GB-R3-U2,dec-fr-bordeaux
30395DFA81A0A400007B6777,3583784266406,4545502,apparel,GB-R3-U2,dec-fr-bordeaux
30395DFA81A0A40000859D0F,3583784266406,4545502,apparel,GB-R3-U2,dec-fr-bordeaux
30395DFA81A0A40000823B45,3583784266406,4545502,apparel,GB-R3-U2,dec-fr-bordeaux
30395DFA81A0A4000056FBE0,3583784266406,4545502,apparel,BR-02,dec-fr-bordeaux
30395DFA81A0A44000280C34,3583784266413,4545503,apparel,GB-R3-U2,dec-fr-bordeaux
30395DFA81A0A4400029DA0F,3583784266413,4545503,apparel,GB-R3-U2,dec-fr-bordeaux
30395DFA819C5C800014247E,3583784222587,4402527,apparel,GF-R3-U1,dec-fr-bordeaux
30395DFA819C5C8000344DE2,3583784222587,4402527,apparel,GF-R3-U1,dec-fr-bordeaux
30395DFA819C5C80005EFF01,3583784222587,4402527,apparel,GF-R3-U1,dec-fr-bordeaux
30395DFA819C5C8000655E69,3583784222587,4402527,apparel,BR-03,dec-fr-bordeaux
30395DFA819C5CC0004565F1,3583784222594,4402528,apparel,GF-R3-U1,dec-fr-bordeaux
30395DFA819C5CC0004F90AE,3583784222594,4402528,apparel,GF-R3-U1,dec-fr-bordeaux
30395DFA819C5CC000211FBC,3583784222594,4402528,apparel,GF-R3-U1,dec-fr-bordeaux
30395DFA819C5CC0002A3472,3583784222594,4402528,apparel,GF-R3-U1,dec-fr-bordeaux
30395DFA819C5CC00039D878,3583784222594,4402528,apparel,GF-R3-U1,dec-fr-bordeaux
30395DFA819C5CC00034ED1A,3583784222594,4402528,apparel,BR-04,dec-fr-bordeaux
30395DFA819C918000920E3B,3583784224703,4402529,apparel,GF-R3-U1,dec-fr-bordeaux
30395DFA819C91800029CA1B,3583784224703,4402529,apparel,GF-R3-U1,dec-fr-bordeaux
30395DFA819C91800032653F,3583784224703,4402529,apparel,GF-R3-U1,dec-fr-bordeaux
30395DFA819C91800041DD76,3583784224703,4402529,apparel,GF-R3-U1,dec-fr-bordeaux
30395DFA819C9180005DDA43,3583784224703,4402529,apparel,BR-01,dec-fr-bordeaux
30395DFA819C91C00000347C,3583784224710,4402530,apparel,GF-R3-U1,dec-fr-bordeaux
30395DFA819C91C0008A4735,3583784224710,4402530,apparel,GF-R3-U1,dec-fr-bordeaux
30395DFA819C9200004CFCBF,3583784224727,4402531,apparel,GF-R3-U1,dec-fr-bordeaux
30395DFA819C92000084B148,3583784224727,4402531,apparel,GF-R3-U1,dec-fr-bordeaux
30395DFA819C920000902963,3583784224727,4402531,apparel,GF-R3-U1,dec-fr-bordeaux
30395DFA819C9200008036AE,3583784224727,4402531,apparel,BR-02,dec-fr-bordeaux
30395DFA819C924000563943,3583784224734,4402532,apparel,GF-R3-U1,dec-fr-bordeaux
30396062C3AA0B00000DAB01,3608439605567,894035,footwear,PW-01,dec-fr-bordeaux
30396062C3AA0B0000569353,3608439605567,894035,footwear,PW-01,dec-fr-bordeaux
30396062C3AA0B0000037DFA,3608439605567,894035,footwear,PW-01,dec-fr-bordeaux
30396062C3AA0B000088725D,3608439605567,894035,footwear,PW-01,dec-fr-bordeaux
30396062C3AA0B0000655088,3608439605567,894035,footwear,BR-03,dec-fr-bordeaux
30396062C3AA0B40003CC3B8,3608439605574,894031,footwear,PW-01,dec-fr-bordeaux
30396062C3AA0B400077C573,3608439605574,894031,footwear,PW-01,dec-fr-bordeaux
30396062C3AA0B40006A0077,3608439605574,894031,footwear,PW-01,dec-fr-bordeaux
30396062C3AA0B40005CE0F7,3608439605574,894031,footwear,PW-01,dec-fr-bordeaux
30396062C3AA0B40005ED825,3608439605574,894031,footwear,PW-01,dec-fr-bordeaux
30396062C3AA0B4000366CFC,3608439605574,894031,footwear,BR-04,dec-fr-bordeaux
30396062C3AA0B8000834096,3608439605581,894037,footwear,PW-01,dec-fr-bordeaux
30396062C3AA0B80008668DC,3608439605581,894037,footwear,PW-01,dec-fr-bordeaux
30396062C3AA0BC00096AB03,3608439605598,894030,footwear,PW-01,dec-fr-bordeaux
30396062C3AA0BC0002B84F9,3608439605598,894030,footwear,PW-01,dec-fr-bordeaux
30396062C3AA0BC0003B5F8E,3608439605598,894030,footwear,PW-01,dec-fr-bordeaux
30396062C3AA0BC0002716B9,3608439605598,894030,footwear,BR-01,dec-fr-bordeaux
30396062C3AA0C0000354DEB,3608439605604,894029,footwear,PW-01,dec-fr-bordeaux
30396061C05C05800064360E,3608390942305,5133871,apparel,GF-R3-U2,dec-fr-bordeaux
30396061C05C058000630246,3608390942305,5133871,apparel,GF-R3-U2,dec-fr-bordeaux
30396061C05C05C0003D55FB,3608390942312,5133872,apparel,GF-R3-U2,dec-fr-bordeaux
30396061C05C05C000808151,3608390942312,5133872,apparel,GF-R3-U2,dec-fr-bordeaux
30396061C05C05C0007304EB,3608390942312,5133872,apparel,BR-02,dec-fr-bordeaux
30396061C05C06000058A628,3608390942329,5133873,apparel,GF-R3-U2,dec-fr-bordeaux
30396061C05C0600004BC518,3608390942329,5133873,apparel,GF-R3-U2,dec-fr-bordeaux
30396061C05C060000625255,3608390942329,5133873,apparel,GF-R3-U2,dec-fr-bordeaux
30396061C05C06000030C119,3608390942329,5133873,apparel,GF-R3-U2,dec-fr-bordeaux
30396061C05C0600007EB3FA,3608390942329,5133873,apparel,GF-R3-U2,dec-fr-bordeaux
30396061C05C0600006E9122,3608390942329,5133873,apparel,BR-03,dec-fr-bordeaux
30396061C05C06400052BAB9,3608390942336,5133874,apparel,GF-R3-U2,dec-fr-bordeaux
30396061C05C06400082414D,3608390942336,5133874,apparel,GF-R3-U2,dec-fr-bordeaux
30396061C05C064000873AF1,3608390942336,5133874,apparel,GF-R3-U2,dec-fr-bordeaux
30396061C05C06400057BEE6,3608390942336,5133874,apparel,GF-R3-U2,dec-fr-bordeaux
30396061C05C064000385267,3608390942336,5133874,apparel,BR-04,dec-fr-bordeaux
30396061C05C068000610B48,3608390942343,5133875,apparel,GF-R3-U2,dec-fr-bordeaux
30396061C05C068000163763,3608390942343,5133875,apparel,GF-R3-U2,dec-fr-bordeaux
30396061C05C068000896A91,3608390942343,5133875,apparel,GF-R3-U2,dec-fr-bordeaux
30396061C05C06800023D942,3608390942343,5133875,apparel,BR-01,dec-fr-bordeaux
30396061C05C06C000224192,3608390942350,5133876,apparel,GF-R3-U2,dec-fr-bordeaux
30396061C05C06C00060003C,3608390942350,5133876,apparel,GF-R3-U2,dec-fr-bordeaux
30396061C18F3B40001A8DDD,3608394088139,5772456,apparel,GB-R1-U2,dec-fr-bordeaux
30396061C18F3B400019FB88,3608394088139,5772456,apparel,GB-R1-U2,dec-fr-bordeaux
30396061C18F3B40000EE343,3608394088139,5772456,apparel,GB-R1-U2,dec-fr-bordeaux
30396061C18F3B40005979C7,3608394088139,5772456,apparel,GB-R1-U2,dec-fr-bordeaux
30396061C18F3B40007DE5F7,3608394088139,5772456,apparel,BR-02,dec-fr-bordeaux
30396061C18F3B800090DBC2,3608394088146,5772458,apparel,GB-R1-U2,dec-fr-bordeaux
30396061C18F3B80000349D8,3608394088146,5772458,apparel,GB-R1-U2,dec-fr-bordeaux
30396061C18F3B80007D5941,3608394088146,5772458,apparel,GB-R1-U2,dec-fr-bordeaux
30396061C18F3B8000400F1F,3608394088146,5772458,apparel,GB-R1-U2,dec-fr-bordeaux
30396061C18F3B80001D5DD2,3608394088146,5772458,apparel,GB-R1-U2,dec-fr-bordeaux
30396061C18F3B80005C480D,3608394088146,5772458,apparel,GB-R1-U2,dec-fr-bordeaux
30396061C18F3B800013FE60,3608394088146,5772458,apparel,GB-R1-U2,dec-fr-bordeaux
30396061C18F3B80002CE7B7,3608394088146,5772458,apparel,BR-03,dec-fr-bordeaux
30396061C18F3BC000448684,3608394088153,5772459,apparel,GB-R1-U2,dec-fr-bordeaux
30396061C18F3BC0007B6575,3608394088153,5772459,apparel,GB-R1-U2,dec-fr-bordeaux
30396061C18F3BC00092B1B5,3608394088153,5772459,apparel,GB-R1-U2,dec-fr-bordeaux
30396061C18F3BC00067C8F3,3608394088153,5772459,apparel,GB-R1-U2,dec-fr-bordeaux
30396061C18F3BC00077743B,3608394088153,5772459,apparel,GB-R1-U2,dec-fr-bordeaux
30396061C18F3BC0000F69A3,3608394088153,5772459,apparel,GB-R1-U2,dec-fr-bordeaux
30396061C18F3BC00000ABDE,3608394088153,5772459,apparel,BR-04,dec-fr-bordeaux
30396061C18F3C0000697870,3608394088160,5772460,apparel,GB-R1-U2,dec-fr-bordeaux
30396061C18F3C00002B4153,3608394088160,5772460,apparel,GB-R1-U2,dec-fr-bordeaux
30396061C18F3C000017C8F0,3608394088160,5772460,apparel,GB-R1-U2,dec-fr-bordeaux
30396061C18F3C00004762ED,3608394088160,5772460,apparel,GB-R1-U2,dec-fr-bordeaux
30396061C18F3C00004EB3D1,3608394088160,5772460,apparel,BR-01,dec-fr-bordeaux
30396061C18F3C40009358A1,3608394088177,5772461,apparel,GB-R1-U2,dec-fr-bordeaux
30396061C18F3C40001A70A1,3608394088177,5772461,apparel,GB-R1-U2,dec-fr-bordeaux
30396061C18F3C4000185594,3608394088177,5772461,apparel,BR-02,dec-fr-bordeaux
30396061C134C0000089A6F8,3608393161604,5624301,outdoor,GF-R1-U2,dec-fr-bordeaux
30396062C395FF000067002F,3608439400285,2668620,apparel,GB-R3-U1,dec-fr-bordeaux
30396062C395FF0000264AF2,3608439400285,2668620,apparel,GB-R3-U1,dec-fr-bordeaux
30396062C395FF00005BE66B,3608439400285,2668620,apparel,GB-R3-U1,dec-fr-bordeaux
30396062C395FF000084A555,3608439400285,2668620,apparel,GB-R3-U1,dec-fr-bordeaux
30396062C395FF0000429D23,3608439400285,2668620,apparel,GB-R3-U1,dec-fr-bordeaux
30396062C395FF000016EBC7,3608439400285,2668620,apparel,BR-03,dec-fr-bordeaux
30396062C395FF400081B76F,3608439400292,2668621,apparel,GB-R3-U1,dec-fr-bordeaux
30396062C395FF40000287C9,3608439400292,2668621,apparel,GB-R3-U1,dec-fr-bordeaux
30396062C395FF4000304E9C,3608439400292,2668621,apparel,GB-R3-U1,dec-fr-bordeaux
30396062C395FF4000058595,3608439400292,2668621,apparel,GB-R3-U1,dec-fr-bordeaux
30396062C395FF400074C2F5,3608439400292,2668621,apparel,GB-R3-U1,dec-fr-bordeaux
30396062C395FF40007A3F7D,3608439400292,2668621,apparel,GB-R3-U1,dec-fr-bordeaux
30396062C395FF40009796BD,3608439400292,2668621,apparel,GB-R3-U1,dec-fr-bordeaux
30396062C395FF4000073E83,3608439400292,2668621,apparel,GB-R3-U1,dec-fr-bordeaux
30396062C395FF40008B8AFE,3608439400292,2668621,apparel,BR-04,dec-fr-bordeaux
30396062C395FF400014D466,3608439400292,2668621,apparel,BR-01,dec-fr-bordeaux
30396062C395FF8000465F12,3608439400308,2668619,apparel,GB-R3-U1,dec-fr-bordeaux
30396062C395FF80003C1078,3608439400308,2668619,apparel,GB-R3-U1,dec-fr-bordeaux
30396062C395FF8000418AB9,3608439400308,2668619,apparel,GB-R3-U1,dec-fr-bordeaux
30396062C395FF8000549145,3608439400308,2668619,apparel,BR-02,dec-fr-bordeaux
30396062C395FFC000095275,3608439400315,2668623,apparel,GB-R3-U1,dec-fr-bordeaux
30396062C395FFC00070BCB0,3608439400315,2668623,apparel,GB-R3-U1,dec-fr-bordeaux
30396062C395FFC00053B354,3608439400315,2668623,apparel,BR-03,dec-fr-bordeaux
30396062C3960000005A6F1A,3608439400322,2668622,apparel,GB-R3-U1,dec-fr-bordeaux
30396062C3960000002FE8A2,3608439400322,2668622,apparel,GB-R3-U1,dec-fr-bordeaux
30396062C396000000523E64,3608439400322,2668622,apparel,GB-R3-U1,dec-fr-bordeaux
30396062C396000000096D5F,3608439400322,2668622,apparel,GB-R3-U1,dec-fr-bordeaux
30396062C39600000045E8CA,3608439400322,2668622,apparel,GB-R3-U1,dec-fr-bordeaux
30396062C396000000719747,3608439400322,2668622,apparel,GB-R3-U1,dec-fr-bordeaux
30396062C396000000171EF8,3608439400322,2668622,apparel,GB-R3-U1,dec-fr-bordeaux
30396062C396000000322F7B,3608439400322,2668622,apparel,BR-04,dec-fr-bordeaux
30396062C3938500004264E9,3608439374920,2728609,footwear,PE-01,dec-fr-bordeaux
30396062C39385000010BB0C,3608439374920,2728609,footwear,PE-01,dec-fr-bordeaux
30396062C39385000005E3A1,3608439374920,2728609,footwear,PE-01,dec-fr-bordeaux
30396062C39385000089107F,3608439374920,2728609,footwear,BR-01,dec-fr-bordeaux
30396062C39385400016F4B2,3608439374937,2728610,footwear,PE-01,dec-fr-bordeaux
30396062C3938540005CDE17,3608439374937,2728610,footwear,PE-01,dec-fr-bordeaux
30396062C3938540000043D8,3608439374937,2728610,footwear,BR-02,dec-fr-bordeaux
30396062C3938580007B73CD,3608439374944,2728611,footwear,PE-01,dec-fr-bordeaux
30396062C39385800045B035,3608439374944,2728611,footwear,PE-01,dec-fr-bordeaux
30396062C39385C000375AA4,3608439374951,2728613,footwear,PE-01,dec-fr-bordeaux
30396062C39385C0008C385B,3608439374951,2728613,footwear,PE-01,dec-fr-bordeaux
30396062C393860000056E04,3608439374968,2728614,footwear,PE-01,dec-fr-bordeaux
30396062C3938680006C2E7B,3608439374982,2728608,footwear,PE-01,dec-fr-bordeaux
30396062C393868000968246,3608439374982,2728608,footwear,PE-01,dec-fr-bordeaux
30396062C39386800044F8EB,3608439374982,2728608,footwear,PE-01,dec-fr-bordeaux
30396062C3938680005ED21E,3608439374982,2728608,footwear,BR-03,dec-fr-bordeaux
30396062C39386C0005203C0,3608439374999,2728607,footwear,PE-01,dec-fr-bordeaux
30396062C39386C000367E34,3608439374999,2728607,footwear,PE-01,dec-fr-bordeaux
30396062C39386C0009637F3,3608439374999,2728607,footwear,BR-04,dec-fr-bordeaux
30396062C393870000151C10,3608439375002,2728606,footwear,PE-01,dec-fr-bordeaux
30396062C3938700004C12B6,3608439375002,2728606,footwear,PE-01,dec-fr-bordeaux
30396062C3938740005A515E,3608439375019,2728605,footwear,PE-01,dec-fr-bordeaux
30396061C1129C4000316A33,3608392812019,5525007,accessories,GB-R1-U1,dec-fr-bordeaux
30396061C1129C4000570C5C,3608392812019,5525007,accessories,GB-R1-U1,dec-fr-bordeaux
3039606303C0AD0000298E10,3608449837323,2769780,accessories,GB-R1-U1,dec-fr-bordeaux
3039606303C0AD000095BA43,3608449837323,2769780,accessories,GB-R1-U1,dec-fr-bordeaux
3039606303C34F80005294BD,3608449864305,2614376,accessories,GB-R1-U1,dec-fr-bordeaux
3039606303C34F800013B39D,3608449864305,2614376,accessories,GB-R1-U1,dec-fr-bordeaux
3039606303C34F8000224823,3608449864305,2614376,accessories,BR-01,dec-fr-bordeaux
30395DFA82F89340007A61F4,3583787788295,2899311,bag_pack,GF-R1-U1,dec-fr-bordeaux
30395DFA82F8934000871FE0,3583787788295,2899311,bag_pack,GF-R1-U1,dec-fr-bordeaux
30395DFA82F89340002FDEDA,3583787788295,2899311,bag_pack,GF-R1-U1,dec-fr-bordeaux
30395DFA82F8934000953E87,3583787788295,2899311,bag_pack,GF-R1-U1,dec-fr-bordeaux
30395DFA82F89340006B4F1A,3583787788295,2899311,bag_pack,GF-R1-U1,dec-fr-bordeaux
30395DFA82F8934000089828,3583787788295,2899311,bag_pack,GF-R1-U1,dec-fr-bordeaux
30395DFA82F8934000503DCB,3583787788295,2899311,bag_pack,GF-R1-U1,dec-fr-bordeaux
30395DFA82F8934000119964,3583787788295,2899311,bag_pack,BR-02,dec-fr-bordeaux
30396061C062ABC0008B6F05,3608391010393,5102873,apparel,GF-R1-U1,dec-fr-bordeaux
30396061C062ABC0007B1DF8,3608391010393,5102873,apparel,GF-R1-U1,dec-fr-bordeaux
30396061C062BD80007C248D,3608391011109,5102874,apparel,GF-R1-U1,dec-fr-bordeaux
30396061C062BD80004D5E6C,3608391011109,5102874,apparel,GF-R1-U1,dec-fr-bordeaux
30396061C062BD800058A00A,3608391011109,5102874,apparel,GF-R1-U1,dec-fr-bordeaux
30396061C062BD80007B0E9F,3608391011109,5102874,apparel,BR-03,dec-fr-bordeaux
30396061C062BDC00032CCE1,3608391011116,5102875,apparel,GF-R1-U1,dec-fr-bordeaux
30396061C062BDC0005B17B0,3608391011116,5102875,apparel,GF-R1-U1,dec-fr-bordeaux
30396061C062BDC0004A2020,3608391011116,5102875,apparel,GF-R1-U1,dec-fr-bordeaux
30396061C062BDC0001E451A,3608391011116,5102875,apparel,GF-R1-U1,dec-fr-bordeaux
30396061C062BDC0006E5F11,3608391011116,5102875,apparel,GF-R1-U1,dec-fr-bordeaux
30396061C062BDC00097B5AB,3608391011116,5102875,apparel,BR-04,dec-fr-bordeaux
30396061C062BE000040ABED,3608391011123,5102876,apparel,GF-R1-U1,dec-fr-bordeaux
30396061C062BE0000416587,3608391011123,5102876,apparel,GF-R1-U1,dec-fr-bordeaux
30396061C062BE000021ACF4,3608391011123,5102876,apparel,GF-R1-U1,dec-fr-bordeaux
30396061C062BE000056A40D,3608391011123,5102876,apparel,GF-R1-U1,dec-fr-bordeaux
30396061C062BE000058A93B,3608391011123,5102876,apparel,GF-R1-U1,dec-fr-bordeaux
30396061C062BE00008AE2EF,3608391011123,5102876,apparel,BR-01,dec-fr-bordeaux
30396061C062BE4000951612,3608391011130,5102877,apparel,GF-R1-U1,dec-fr-bordeaux
30396061C062BE4000052438,3608391011130,5102877,apparel,GF-R1-U1,dec-fr-bordeaux
30396061C062BE400073728D,3608391011130,5102877,apparel,GF-R1-U1,dec-fr-bordeaux
30396061C062BE40003BEFDD,3608391011130,5102877,apparel,GF-R1-U1,dec-fr-bordeaux
30396061C062BE400087A6DA,3608391011130,5102877,apparel,GF-R1-U1,dec-fr-bordeaux
30396061C062BE40007A4FFF,3608391011130,5102877,apparel,BR-02,dec-fr-bordeaux
30396061C062BE80009709E4,3608391011147,5102878,apparel,GF-R1-U1,dec-fr-bordeaux
30396061C062BE8000332C2F,3608391011147,5102878,apparel,GF-R1-U1,dec-fr-bordeaux
30396061C062BE80006F3904,3608391011147,5102878,apparel,GF-R1-U1,dec-fr-bordeaux
30396061C062BE8000947793,3608391011147,5102878,apparel,BR-03,dec-fr-bordeaux
30396061C062BEC00058CF28,3608391011154,5102879,apparel,GF-R1-U1,dec-fr-bordeaux
30396061C062BEC00002BFBF,3608391011154,5102879,apparel,GF-R1-U1,dec-fr-bordeaux
30395DFA81868740006DF76F,3583783999015,2956238,apparel,GB-R3-U2,dec-fr-bordeaux
30396062C3944C80005FEF07,3608439382901,2956244,apparel,GB-R3-U2,dec-fr-bordeaux
30396062C3944C80003C4C62,3608439382901,2956244,apparel,GB-R3-U2,dec-fr-bordeaux
30396062C3944C80006492AE,3608439382901,2956244,apparel,GB-R3-U2,dec-fr-bordeaux
30396062C3944C800039706A,3608439382901,2956244,apparel,BR-04,dec-fr-bordeaux
30396062C3944CC0003970B5,3608439382918,2956245,apparel,GB-R3-U2,dec-fr-bordeaux
30396062C3944CC000428FA9,3608439382918,2956245,apparel,GB-R3-U2,dec-fr-bordeaux
30396062C3944CC00028C68C,3608439382918,2956245,apparel,GB-R3-U2,dec-fr-bordeaux
30396062C3944CC0002D7CDC,3608439382918,2956245,apparel,BR-01,dec-fr-bordeaux
30396062C3944D00004D2980,3608439382925,2956242,apparel,GB-R3-U2,dec-fr-bordeaux
30396062C3944D00001A8292,3608439382925,2956242,apparel,GB-R3-U2,dec-fr-bordeaux
30396062C3944D000072AE81,3608439382925,2956242,apparel,GB-R3-U2,dec-fr-bordeaux
30396062C3944D00005CCA45,3608439382925,2956242,apparel,GB-R3-U2,dec-fr-bordeaux
30396062C3944D000078E9FD,3608439382925,2956242,apparel,BR-02,dec-fr-bordeaux
30396062C3944D40001199B1,3608439382932,2956243,apparel,GB-R3-U2,dec-fr-bordeaux
30396062C3944D4000806AF1,3608439382932,2956243,apparel,GB-R3-U2,dec-fr-bordeaux
30396062C3944D400067F9A4,3608439382932,2956243,apparel,GB-R3-U2,dec-fr-bordeaux
30396062C3944D40008974A7,3608439382932,2956243,apparel,GB-R3-U2,dec-fr-bordeaux
30396062C3944D40003F0B2C,3608439382932,2956243,apparel,GB-R3-U2,dec-fr-bordeaux
30396062C3944D4000186F49,3608439382932,2956243,apparel,BR-03,dec-fr-bordeaux
30396062C3944D80002328D2,3608439382949,2956246,apparel,GB-R3-U2,dec-fr-bordeaux
30396062C3944D80003BCC0D,3608439382949,2956246,apparel,GB-R3-U2,dec-fr-bordeaux
30396062C3944DC0006E513C,3608439382956,2956236,apparel,GB-R3-U2,dec-fr-bordeaux
30396062C3944DC0005DB307,3608439382956,2956236,apparel,GB-R3-U2,dec-fr-bordeaux
30396061C11EFEC0008D7E18,3608392938832,5474736,apparel,GF-R2-U2,dec-fr-bordeaux
30396061C11EFEC0007A17C7,3608392938832,5474736,apparel,GF-R2-U2,dec-fr-bordeaux
30396061C11EFEC0008150C1,3608392938832,5474736,apparel,GF-R2-U2,dec-fr-bordeaux
30396061C11EFEC0004554D4,3608392938832,5474736,apparel,GF-R2-U2,dec-fr-bordeaux
30396061C11EFEC0002677C0,3608392938832,5474736,apparel,BR-04,dec-fr-bordeaux
30396061C11EFF00008C8316,3608392938849,5474737,apparel,GF-R2-U2,dec-fr-bordeaux
30396061C11EFF000070F463,3608392938849,5474737,apparel,GF-R2-U2,dec-fr-bordeaux
30396061C11EFF0000124484,3608392938849,5474737,apparel,GF-R2-U2,dec-fr-bordeaux
30396061C11EFF00004A77E0,3608392938849,5474737,apparel,GF-R2-U2,dec-fr-bordeaux
30396061C11EFF0000741A54,3608392938849,5474737,apparel,GF-R2-U2,dec-fr-bordeaux
30396061C11EFF0000118E11,3608392938849,5474737,apparel,GF-R2-U2,dec-fr-bordeaux
30396061C11EFF00005F9EDB,3608392938849,5474737,apparel,GF-R2-U2,dec-fr-bordeaux
30396061C11EFF000000FD67,3608392938849,5474737,apparel,BR-01,dec-fr-bordeaux
30396061C11EFF4000007D4D,3608392938856,5474738,apparel,GF-R2-U2,dec-fr-bordeaux
30396061C11EFF4000390CB4,3608392938856,5474738,apparel,GF-R2-U2,dec-fr-bordeaux
30396061C11EFF400062C677,3608392938856,5474738,apparel,GF-R2-U2,dec-fr-bordeaux
30396061C11EFF4000672722,3608392938856,5474738,apparel,GF-R2-U2,dec-fr-bordeaux
30396061C11EFF40003DA109,3608392938856,5474738,apparel,GF-R2-U2,dec-fr-bordeaux
30396061C11EFF400014FB6B,3608392938856,5474738,apparel,GF-R2-U2,dec-fr-bordeaux
30396061C11EFF40004999F4,3608392938856,5474738,apparel,BR-02,dec-fr-bordeaux
30396061C11EFF8000964813,3608392938863,5474739,apparel,GF-R2-U2,dec-fr-bordeaux
30396061C11EFF80005C1DDD,3608392938863,5474739,apparel,GF-R2-U2,dec-fr-bordeaux
30396061C11EFF800079A228,3608392938863,5474739,apparel,GF-R2-U2,dec-fr-bordeaux
30396061C11EFF800061CBE8,3608392938863,5474739,apparel,GF-R2-U2,dec-fr-bordeaux
30396061C11EFF8000910EBC,3608392938863,5474739,apparel,BR-03,dec-fr-bordeaux
30396061C11EFFC0007CD17D,3608392938870,5474740,apparel,GF-R2-U2,dec-fr-bordeaux
30396061C11EFFC00049E121,3608392938870,5474740,apparel,GF-R2-U2,dec-fr-bordeaux
30396061C11EFFC000705CDB,3608392938870,5474740,apparel,BR-04,dec-fr-bordeaux
30396061C0AE6D8000430DE2,3608391786144,5276078,apparel,GF-R3-U1,dec-fr-bordeaux
30396061C0AE6DC000452C0B,3608391786151,5276079,apparel,GF-R3-U1,dec-fr-bordeaux
30396061C0AE6DC0002A8A97,3608391786151,5276079,apparel,GF-R3-U1,dec-fr-bordeaux
30396061C0AE6DC000039227,3608391786151,5276079,apparel,BR-01,dec-fr-bordeaux
30396061C0AE6E00001A831E,3608391786168,5276080,apparel,GF-R3-U1,dec-fr-bordeaux
30396061C0AE6E8000020F40,3608391786182,5276082,apparel,GF-R3-U1,dec-fr-bordeaux
30396061C0AE6E8000144AB3,3608391786182,5276082,apparel,GF-R3-U1,dec-fr-bordeaux
30396061C0AE6EC0005143DE,3608391786199,5276083,apparel,GF-R3-U1,dec-fr-bordeaux
30396061C0AE6EC0000383B1,3608391786199,5276083,apparel,GF-R3-U1,dec-fr-bordeaux
30396061C0AE6EC0000E739B,3608391786199,5276083,apparel,BR-02,dec-fr-bordeaux
30396061C121AD000070B80B,3608392966286,5554270,apparel,GF-R3-U1,dec-fr-bordeaux
30396061C121AD00002E07E2,3608392966286,5554270,apparel,GF-R3-U1,dec-fr-bordeaux
30396061C121AD400052326C,3608392966293,5554271,apparel,GF-R3-U1,dec-fr-bordeaux
30396061C121AD400094A492,3608392966293,5554271,apparel,GF-R3-U1,dec-fr-bordeaux
30396061C121BA0000579579,3608392966804,5554272,apparel,GF-R3-U1,dec-fr-bordeaux
30396061C121BA800084594E,3608392966828,5554275,apparel,GF-R3-U1,dec-fr-bordeaux
30396061C121BAC0004BC33B,3608392966835,5554276,apparel,GF-R3-U1,dec-fr-bordeaux
30396061C121BAC0000C405F,3608392966835,5554276,apparel,GF-R3-U1,dec-fr-bordeaux
30396061C121BB00003B2307,3608392966842,5554277,apparel,GF-R3-U1,dec-fr-bordeaux
30396061C121BB000095E1C4,3608392966842,5554277,apparel,GF-R3-U1,dec-fr-bordeaux
30396061C0110B8000846025,3608390174546,4513671,outdoor,GB-R3-U1,dec-fr-bordeaux
30396061C0110B80004BC79B,3608390174546,4513671,outdoor,GB-R3-U1,dec-fr-bordeaux
30396061C0EE79C0003127A1,3608392441998,5275236,accessories,GB-R1-U2,dec-fr-bordeaux
30396061C0EE8900007EBF07,3608392442605,5275237,accessories,GB-R1-U2,dec-fr-bordeaux
30396061C0EE89400037FA97,3608392442612,5275238,accessories,GB-R1-U2,dec-fr-bordeaux
30396061C0EE894000270178,3608392442612,5275238,accessories,GB-R1-U2,dec-fr-bordeaux
30396061C0EE89800084CDA3,3608392442629,5275239,accessories,GB-R1-U2,dec-fr-bordeaux
30396061C0EE89C00067C7C3,3608392442636,5275240,accessories,GB-R1-U2,dec-fr-bordeaux
30396061C0EE89C00031FE0B,3608392442636,5275240,accessories,GB-R1-U2,dec-fr-bordeaux
30395DFA818E2200008AA7C9,3583784076883,4303769,accessories,GB-R2-U1,dec-fr-bordeaux
30395DFA818E220000635A25,3583784076883,4303769,accessories,GB-R2-U1,dec-fr-bordeaux
30395DFA818E22400035D7A9,3583784076890,4303770,accessories,GB-R2-U1,dec-fr-bordeaux
30395DFA818E2240000A4AF9,3583784076890,4303770,accessories,GB-R2-U1,dec-fr-bordeaux
30395DFA818E8E000054187C,3583784081207,4303771,accessories,GB-R2-U1,dec-fr-bordeaux
30395DFA818E8E40006BE537,3583784081214,4303772,accessories,GB-R2-U1,dec-fr-bordeaux
30395DFA818E8E80004D42A7,3583784081221,4303773,accessories,GB-R2-U1,dec-fr-bordeaux
30395DFA818E8E80002482C2,3583784081221,4303773,accessories,GB-R2-U1,dec-fr-bordeaux
30395DFA82D3F1400075D5F3,3583787413173,4001600,bag_pack,GF-R3-U1,dec-fr-bordeaux
30395DFA82D3F1400068CDFB,3583787413173,4001600,bag_pack,GF-R3-U1,dec-fr-bordeaux
30395DFA82D3F1400006B73C,3583787413173,4001600,bag_pack,GF-R3-U1,dec-fr-bordeaux
30395DFA82D3F140007BD5B7,3583787413173,4001600,bag_pack,GF-R3-U1,dec-fr-bordeaux
30395DFA82D3F14000686B56,3583787413173,4001600,bag_pack,GF-R3-U1,dec-fr-bordeaux
30395DFA82D3F1400000913B,3583787413173,4001600,bag_pack,GF-R3-U1,dec-fr-bordeaux
30395DFA82D3F1400038B3CF,3583787413173,4001600,bag_pack,BR-03,dec-fr-bordeaux
30396061C017D780005728B6,3608390244140,4695251,outdoor,GB-R3-U2,dec-fr-bordeaux
30396061C017D780000FAAA2,3608390244140,4695251,outdoor,GB-R3-U2,dec-fr-bordeaux
30396061C118B500000A7C73,3608392874444,5526050,apparel,GF-R1-U2,dec-fr-bordeaux
30396061C118B500004389BF,3608392874444,5526050,apparel,GF-R1-U2,dec-fr-bordeaux
30396061C118B5400094FE6B,3608392874451,5526051,apparel,GF-R1-U2,dec-fr-bordeaux
30396061C118B540004393CE,3608392874451,5526051,apparel,GF-R1-U2,dec-fr-bordeaux
30396061C118B540007FA1AF,3608392874451,5526051,apparel,GF-R1-U2,dec-fr-bordeaux
30396061C118B5400044F11B,3608392874451,5526051,apparel,BR-04,dec-fr-bordeaux
30396061C118B58000009D79,3608392874468,5526052,apparel,GF-R1-U2,dec-fr-bordeaux
30396061C118B5800026B16B,3608392874468,5526052,apparel,GF-R1-U2,dec-fr-bordeaux
30396061C118B580004D7D95,3608392874468,5526052,apparel,GF-R1-U2,dec-fr-bordeaux
30396061C118B5800072B500,3608392874468,5526052,apparel,GF-R1-U2,dec-fr-bordeaux
30396061C118B5800003CE29,3608392874468,5526052,apparel,GF-R1-U2,dec-fr-bordeaux
30396061C118B58000843DF0,3608392874468,5526052,apparel,GF-R1-U2,dec-fr-bordeaux
30396061C118B58000070500,3608392874468,5526052,apparel,GF-R1-U2,dec-fr-bordeaux
30396061C118B580008FE4AD,3608392874468,5526052,apparel,BR-01,dec-fr-bordeaux
30396061C14E1C00000FAACE,3608393421289,5395910,bag_pack,GF-R1-U2,dec-fr-bordeaux
30396061C14E1C000061B68B,3608393421289,5395910,bag_pack,GF-R1-U2,dec-fr-bordeaux
30396061C14E1C000069C8EC,3608393421289,5395910,bag_pack,GF-R1-U2,dec-fr-bordeaux
30396061C14E1C00006CF5F1,3608393421289,5395910,bag_pack,GF-R1-U2,dec-fr-bordeaux
30396061C14E1C0000342A3A,3608393421289,5395910,bag_pack,GF-R1-U2,dec-fr-bordeaux
30396061C14E1C000025AFFA,3608393421289,5395910,bag_pack,GF-R1-U2,dec-fr-bordeaux
30396061C14E1C00007D0407,3608393421289,5395910,bag_pack,GF-R1-U2,dec-fr-bordeaux
30396061C14E1C0000464CA4,3608393421289,5395910,bag_pack,BR-02,dec-fr-bordeaux
30396061C0CC9AC000097120,3608392095153,5378047,apparel,GB-R2-U1,dec-fr-bordeaux
30396061C0CC9B000071D902,3608392095160,5378048,apparel,GB-R2-U1,dec-fr-bordeaux
30396061C0CC9B00003D38E8,3608392095160,5378048,apparel,GB-R2-U1,dec-fr-bordeaux
30396061C0CC9B00002E012C,3608392095160,5378048,apparel,GB-R2-U1,dec-fr-bordeaux
30396061C0CC9B000009F9C0,3608392095160,5378048,apparel,BR-03,dec-fr-bordeaux
30396061C0CC9B40004FD1A9,3608392095177,5378049,apparel,GB-R2-U1,dec-fr-bordeaux
30396061C0CC9B4000519E7F,3608392095177,5378049,apparel,GB-R2-U1,dec-fr-bordeaux
30396061C0CC9B40000655F6,3608392095177,5378049,apparel,GB-R2-U1,dec-fr-bordeaux
30396061C0CC9B40003E4FA2,3608392095177,5378049,apparel,GB-R2-U1,dec-fr-bordeaux
30396061C0CC9B4000252873,3608392095177,5378049,apparel,GB-R2-U1,dec-fr-bordeaux
30396061C0CC9B40002B08E1,3608392095177,5378049,apparel,BR-04,dec-fr-bordeaux
30396061C0CC9B80007EEDBE,3608392095184,5378050,apparel,GB-R2-U1,dec-fr-bordeaux
30396061C0CC9B800041473F,3608392095184,5378050,apparel,GB-R2-U1,dec-fr-bordeaux
30396061C0CC9B8000079067,3608392095184,5378050,apparel,GB-R2-U1,dec-fr-bordeaux
30396061C0CC9B800016B586,3608392095184,5378050,apparel,GB-R2-U1,dec-fr-bordeaux
30396061C0CC9B80005FBBD6,3608392095184,5378050,apparel,GB-R2-U1,dec-fr-bordeaux
30396061C0CC9B800038CB2F,3608392095184,5378050,apparel,BR-01,dec-fr-bordeaux
30396061C0CC9BC0001E7971,3608392095191,5378051,apparel,GB-R2-U1,dec-fr-bordeaux
30396061C0CC9BC0005D0313,3608392095191,5378051,apparel,GB-R2-U1,dec-fr-bordeaux
30396061C0CC9BC00095A7B7,3608392095191,5378051,apparel,GB-R2-U1,dec-fr-bordeaux
30396061C0CC9BC00054B28E,3608392095191,5378051,apparel,BR-02,dec-fr-bordeaux
30395DFA82B9ED400096FFAE,3583787146774,4531552,accessories,GB-R3-U1,dec-fr-bordeaux
30395DFA82B9EDC0005D6E1A,3583787146798,4531551,accessories,GB-R3-U1,dec-fr-bordeaux
30395DFA82B9EDC000929BDD,3583787146798,4531551,accessories,GB-R3-U1,dec-fr-bordeaux
30395DFA82B9EF00004FE3BE,3583787146842,4531548,accessories,GB-R3-U1,dec-fr-bordeaux
30395DFA82B9EF00005998F6,3583787146842,4531548,accessories,GB-R3-U1,dec-fr-bordeaux
30395DFA82B9EF40000E37A1,3583787146859,4531547,accessories,GB-R3-U1,dec-fr-bordeaux
30395DFA82B9EF8000392207,3583787146866,4531550,accessories,GB-R3-U1,dec-fr-bordeaux
30395DFA82B9EF80000CBF99,3583787146866,4531550,accessories,GB-R3-U1,dec-fr-bordeaux
30395DFA82B9F00000293155,3583787146880,4531549,accessories,GB-R3-U1,dec-fr-bordeaux
30396062C38AF840005CB96B,3608439287374,4336817,accessories,GB-R3-U2,dec-fr-bordeaux
30396062C38AF84000814D59,3608439287374,4336817,accessories,GB-R3-U2,dec-fr-bordeaux
30396062C38AFA0000357FF8,3608439287442,4336819,accessories,GB-R3-U2,dec-fr-bordeaux
30396062C38AFA00006D4687,3608439287442,4336819,accessories,GB-R3-U2,dec-fr-bordeaux
30396062C38AFA00000B8E5B,3608439287442,4336819,accessories,BR-03,dec-fr-bordeaux
30396062C38AFA40004BD17A,3608439287459,4336818,accessories,GB-R3-U2,dec-fr-bordeaux
30396062C38AFA400037931D,3608439287459,4336818,accessories,GB-R3-U2,dec-fr-bordeaux
30396061C02F7C0000979791,3608390486243,5013777,bag_pack,GF-R3-U2,dec-fr-bordeaux
30396061C02F7C00004DF376,3608390486243,5013777,bag_pack,GF-R3-U2,dec-fr-bordeaux
30396061C02F7C00004FFC25,3608390486243,5013777,bag_pack,GF-R3-U2,dec-fr-bordeaux
30396061C02F7C000057FA14,3608390486243,5013777,bag_pack,BR-04,dec-fr-bordeaux
30395DFA82DF6880008DBD6F,3583787530580,4300031,apparel,GF-R3-U2,dec-fr-bordeaux
30395DFA82DF688000649C86,3583787530580,4300031,apparel,GF-R3-U2,dec-fr-bordeaux
30395DFA82DF6BC000406CBA,3583787530719,4300030,apparel,GF-R3-U2,dec-fr-bordeaux
30395DFA82DF6BC0000B510C,3583787530719,4300030,apparel,GF-R3-U2,dec-fr-bordeaux
30395DFA82DF6BC000904463,3583787530719,4300030,apparel,GF-R3-U2,dec-fr-bordeaux
30395DFA82DF6BC0006A5FD8,3583787530719,4300030,apparel,GF-R3-U2,dec-fr-bordeaux
30395DFA82DF6BC0002E78E1,3583787530719,4300030,apparel,BR-01,dec-fr-bordeaux
30395DFA82DF6C4000976D59,3583787530733,4300029,apparel,GF-R3-U2,dec-fr-bordeaux
30395DFA82DF6C40004CDFE1,3583787530733,4300029,apparel,GF-R3-U2,dec-fr-bordeaux
30395DFA82DF6C400098094D,3583787530733,4300029,apparel,GF-R3-U2,dec-fr-bordeaux
30395DFA82DF6C40001A99CB,3583787530733,4300029,apparel,GF-R3-U2,dec-fr-bordeaux
30395DFA82DF6C400001B1A7,3583787530733,4300029,apparel,BR-02,dec-fr-bordeaux
30395DFA82DF6CC00017E90C,3583787530757,4300028,apparel,GF-R3-U2,dec-fr-bordeaux
30395DFA82DF6CC0005BB8D9,3583787530757,4300028,apparel,GF-R3-U2,dec-fr-bordeaux
30395DFA82DF6CC000814BBF,3583787530757,4300028,apparel,GF-R3-U2,dec-fr-bordeaux
30395DFA82DF6CC00061573F,3583787530757,4300028,apparel,GF-R3-U2,dec-fr-bordeaux
30395DFA82DF6CC0004303F0,3583787530757,4300028,apparel,GF-R3-U2,dec-fr-bordeaux
30395DFA82DF6CC00074B30A,3583787530757,4300028,apparel,GF-R3-U2,dec-fr-bordeaux
30395DFA82DF6CC000183577,3583787530757,4300028,apparel,GF-R3-U2,dec-fr-bordeaux
30395DFA82DF6CC000733E09,3583787530757,4300028,apparel,BR-03,dec-fr-bordeaux
30395DFA82DF6D400030CED0,3583787530771,4300027,apparel,GF-R3-U2,dec-fr-bordeaux
30395DFA82DF6D40000411B2,3583787530771,4300027,apparel,GF-R3-U2,dec-fr-bordeaux
30395DFA82DF6D4000874A8B,3583787530771,4300027,apparel,GF-R3-U2,dec-fr-bordeaux
30395DFA82DF6D4000765A11,3583787530771,4300027,apparel,GF-R3-U2,dec-fr-bordeaux
30395DFA82DF6D40001C3CAD,3583787530771,4300027,apparel,GF-R3-U2,dec-fr-bordeaux
30395DFA82DF6D40007B5936,3583787530771,4300027,apparel,GF-R3-U2,dec-fr-bordeaux
30395DFA82DF6D400064E396,3583787530771,4300027,apparel,GF-R3-U2,dec-fr-bordeaux
30395DFA82DF6D40005153D4,3583787530771,4300027,apparel,BR-04,dec-fr-bordeaux
30395DFA82DF6E000053D69D,3583787530801,4300023,apparel,GF-R3-U2,dec-fr-bordeaux
30395DFA82DF6E0000358031,3583787530801,4300023,apparel,GF-R3-U2,dec-fr-bordeaux
30395DFA82DF6E0000006AA8,3583787530801,4300023,apparel,BR-01,dec-fr-bordeaux
30396062C394E4C0007FB97B,3608439388996,2839745,apparel,GB-R3-U1,dec-fr-bordeaux
30396062C394E5000095BD75,3608439389009,2839754,apparel,GB-R3-U1,dec-fr-bordeaux
30396062C394E500007F1C1A,3608439389009,2839754,apparel,GB-R3-U1,dec-fr-bordeaux
30396062C394E5400024CDF7,3608439389016,2839753,apparel,GB-R3-U1,dec-fr-bordeaux
30396062C394E54000643FEE,3608439389016,2839753,apparel,GB-R3-U1,dec-fr-bordeaux
30396062C394E580002168D3,3608439389023,2839752,apparel,GB-R3-U1,dec-fr-bordeaux
30396062C394E58000406933,3608439389023,2839752,apparel,GB-R3-U1,dec-fr-bordeaux
30396062C394E5800075A96E,3608439389023,2839752,apparel,BR-02,dec-fr-bordeaux
30396062C394E5C00013B270,3608439389030,2839751,apparel,GB-R3-U1,dec-fr-bordeaux
30396062C394E5C0009549D4,3608439389030,2839751,apparel,GB-R3-U1,dec-fr-bordeaux
30396062C394E5C00003485E,3608439389030,2839751,apparel,BR-03,dec-fr-bordeaux
30396062C399A4C0001BECF8,3608439437632,2560931,apparel,GB-R3-U1,dec-fr-bordeaux
30396062C399A540007096E9,3608439437656,2560933,apparel,GB-R3-U1,dec-fr-bordeaux
30396062C399A540005C6FA7,3608439437656,2560933,apparel,GB-R3-U1,dec-fr-bordeaux
30396062C399A5C000547FC4,3608439437670,2560934,apparel,GB-R3-U1,dec-fr-bordeaux
30396062C399A5C000572E1A,3608439437670,2560934,apparel,GB-R3-U1,dec-fr-bordeaux
30396062C399A6400090076E,3608439437694,2560935,apparel,GB-R3-U1,dec-fr-bordeaux
30396062C399A6400023DD55,3608439437694,2560935,apparel,GB-R3-U1,dec-fr-bordeaux
30396062C399A74000205C62,3608439437731,2560937,apparel,GB-R3-U1,dec-fr-bordeaux
30396062C399A7800085F7E2,3608439437748,2560936,apparel,GB-R3-U1,dec-fr-bordeaux
3039606303C1A040005C232D,3608449847056,2456175,apparel,GB-R1-U1,dec-fr-bordeaux
3039606303C1A040004543E7,3608449847056,2456175,apparel,GB-R1-U1,dec-fr-bordeaux
3039606303C1A04000250E7A,3608449847056,2456175,apparel,GB-R1-U1,dec-fr-bordeaux
3039606303C1A040002569D0,3608449847056,2456175,apparel,GB-R1-U1,dec-fr-bordeaux
3039606303C1A0400076E2F8,3608449847056,2456175,apparel,GB-R1-U1,dec-fr-bordeaux
3039606303C1A040001D68B8,3608449847056,2456175,apparel,BR-04,dec-fr-bordeaux
3039606303C1A0C0002E6815,3608449847070,2456176,apparel,GB-R1-U1,dec-fr-bordeaux
3039606303C1A0C00095AF30,3608449847070,2456176,apparel,GB-R1-U1,dec-fr-bordeaux
3039606303C1A180005D1E9B,3608449847100,2456170,apparel,GB-R1-U1,dec-fr-bordeaux
3039606303C1A180005C535D,3608449847100,2456170,apparel,GB-R1-U1,dec-fr-bordeaux
3039606303C1A1800033B6FE,3608449847100,2456170,apparel,BR-01,dec-fr-bordeaux
3039606303C1A1C000621B10,3608449847117,2456173,apparel,GB-R1-U1,dec-fr-bordeaux
3039606303C1A1C000557DF3,3608449847117,2456173,apparel,GB-R1-U1,dec-fr-bordeaux
3039606303C1A1C0008D086C,3608449847117,2456173,apparel,GB-R1-U1,dec-fr-bordeaux
3039606303C1A1C000709696,3608449847117,2456173,apparel,GB-R1-U1,dec-fr-bordeaux
3039606303C1A1C0000B8F82,3608449847117,2456173,apparel,GB-R1-U1,dec-fr-bordeaux
3039606303C1A1C000210BDC,3608449847117,2456173,apparel,GB-R1-U1,dec-fr-bordeaux
3039606303C1A1C000566A8D,3608449847117,2456173,apparel,GB-R1-U1,dec-fr-bordeaux
3039606303C1A1C000217127,3608449847117,2456173,apparel,BR-02,dec-fr-bordeaux
3039606303C1A1C0008A2E0B,3608449847117,2456173,apparel,BR-03,dec-fr-bordeaux
3039606303C1A20000344B50,3608449847124,2456174,apparel,GB-R1-U1,dec-fr-bordeaux
3039606303C1A200006684BD,3608449847124,2456174,apparel,GB-R1-U1,dec-fr-bordeaux
3039606303C1A200002943A9,3608449847124,2456174,apparel,GB-R1-U1,dec-fr-bordeaux
3039606303C1A20000909D3A,3608449847124,2456174,apparel,GB-R1-U1,dec-fr-bordeaux
3039606303C1A200003094C2,3608449847124,2456174,apparel,BR-04,dec-fr-bordeaux
3039606303C1A240001E9259,3608449847131,2456172,apparel,GB-R1-U1,dec-fr-bordeaux
3039606303C1A2400008DC7B,3608449847131,2456172,apparel,GB-R1-U1,dec-fr-bordeaux
3039606303C1A2400051D23F,3608449847131,2456172,apparel,GB-R1-U1,dec-fr-bordeaux
3039606303C1A240006E3630,3608449847131,2456172,apparel,GB-R1-U1,dec-fr-bordeaux
3039606303C1A240000F631D,3608449847131,2456172,apparel,GB-R1-U1,dec-fr-bordeaux
3039606303C1A240007E6E4F,3608449847131,2456172,apparel,GB-R1-U1,dec-fr-bordeaux
3039606303C1A240005CD565,3608449847131,2456172,apparel,GB-R1-U1,dec-fr-bordeaux
3039606303C1A24000892ED8,3608449847131,2456172,apparel,BR-01,dec-fr-bordeaux
30395DFA819EB3C000193533,3583784246552,4333260,apparel,GB-R3-U2,dec-fr-bordeaux
30395DFA819EB3C00032D1AB,3583784246552,4333260,apparel,GB-R3-U2,dec-fr-bordeaux
30395DFA819EB3C000781AA4,3583784246552,4333260,apparel,BR-02,dec-fr-bordeaux
30395DFA819EB4000014EDDE,3583784246569,4333264,apparel,GB-R3-U2,dec-fr-bordeaux
30395DFA819EB400003BFDEE,3583784246569,4333264,apparel,GB-R3-U2,dec-fr-bordeaux
30395DFA819EB4000087FB9D,3583784246569,4333264,apparel,GB-R3-U2,dec-fr-bordeaux
30395DFA819EB400000C8AD4,3583784246569,4333264,apparel,GB-R3-U2,dec-fr-bordeaux
30395DFA819EB40000798BA5,3583784246569,4333264,apparel,GB-R3-U2,dec-fr-bordeaux
30395DFA819EB40000306314,3583784246569,4333264,apparel,GB-R3-U2,dec-fr-bordeaux
30395DFA819EB400000F57EE,3583784246569,4333264,apparel,BR-03,dec-fr-bordeaux
30395DFA819EB4400022A07F,3583784246576,4333265,apparel,GB-R3-U2,dec-fr-bordeaux
30395DFA819EB44000604D5C,3583784246576,4333265,apparel,GB-R3-U2,dec-fr-bordeaux
30395DFA819EB44000409527,3583784246576,4333265,apparel,GB-R3-U2,dec-fr-bordeaux
30395DFA819EB4400003F7D3,3583784246576,4333265,apparel,GB-R3-U2,dec-fr-bordeaux
30395DFA819EB440008605F3,3583784246576,4333265,apparel,GB-R3-U2,dec-fr-bordeaux
30395DFA819EB440004993AE,3583784246576,4333265,apparel,GB-R3-U2,dec-fr-bordeaux
30395DFA819EB4400026636C,3583784246576,4333265,apparel,BR-04,dec-fr-bordeaux
30395DFA819EB480004BA2F3,3583784246583,4333266,apparel,GB-R3-U2,dec-fr-bordeaux
30395DFA819EB4800082F30B,3583784246583,4333266,apparel,GB-R3-U2,dec-fr-bordeaux
30395DFA819EB48000619F1A,3583784246583,4333266,apparel,GB-R3-U2,dec-fr-bordeaux
30395DFA819EB48000598EDC,3583784246583,4333266,apparel,GB-R3-U2,dec-fr-bordeaux
30395DFA819EB4800079A182,3583784246583,4333266,apparel,BR-01,dec-fr-bordeaux
30395DFA819EB4C00094A991,3583784246590,4333267,apparel,GB-R3-U2,dec-fr-bordeaux
30395DFA819EB4C00097341D,3583784246590,4333267,apparel,GB-R3-U2,dec-fr-bordeaux
30395DFA819EB4C0007BFBA9,3583784246590,4333267,apparel,GB-R3-U2,dec-fr-bordeaux
30395DFA819EB4C00055BE38,3583784246590,4333267,apparel,GB-R3-U2,dec-fr-bordeaux
30395DFA819EB4C00061F2CC,3583784246590,4333267,apparel,BR-02,dec-fr-bordeaux
30396062C3A0B340004E9015,3608439509896,2191613,apparel,GF-R3-U1,dec-fr-bordeaux
30396062C3A0B340008C4733,3608439509896,2191613,apparel,GF-R3-U1,dec-fr-bordeaux
30396062C3A0B3C000781885,3608439509919,2191616,apparel,GF-R3-U1,dec-fr-bordeaux
30396062C3A0B3C0003908BE,3608439509919,2191616,apparel,GF-R3-U1,dec-fr-bordeaux
30396062C3A0B3C0000A02C5,3608439509919,2191616,apparel,GF-R3-U1,dec-fr-bordeaux
30396062C3A0B3C0005BBED6,3608439509919,2191616,apparel,GF-R3-U1,dec-fr-bordeaux
30396062C3A0B3C0001C8B09,3608439509919,2191616,apparel,BR-03,dec-fr-bordeaux
30396062C3A0B40000243EE2,3608439509926,2191617,apparel,GF-R3-U1,dec-fr-bordeaux
30396062C3A0B4000010B85B,3608439509926,2191617,apparel,GF-R3-U1,dec-fr-bordeaux
30396062C3A0B400007344B7,3608439509926,2191617,apparel,GF-R3-U1,dec-fr-bordeaux
30396062C3A0B4000059E07B,3608439509926,2191617,apparel,BR-04,dec-fr-bordeaux
30396062C3A0B44000455454,3608439509933,2191614,apparel,GF-R3-U1,dec-fr-bordeaux
30396062C3A0B44000267383,3608439509933,2191614,apparel,GF-R3-U1,dec-fr-bordeaux
30396062C3A0B440007C18C5,3608439509933,2191614,apparel,BR-01,dec-fr-bordeaux
30396062C3A0B480000009F8,3608439509940,2191615,apparel,GF-R3-U1,dec-fr-bordeaux
30396062C3A0B480005431A0,3608439509940,2191615,apparel,GF-R3-U1,dec-fr-bordeaux
30396062C3A0B4800024EA79,3608439509940,2191615,apparel,GF-R3-U1,dec-fr-bordeaux
30396062C3A0B480007415BF,3608439509940,2191615,apparel,GF-R3-U1,dec-fr-bordeaux
30396062C3A0B480005056A9,3608439509940,2191615,apparel,BR-02,dec-fr-bordeaux
30395DFA82EA244000830500,3583787640494,4273312,bag_pack,PE-03,dec-fr-bordeaux
30395DFA82EA24400021119A,3583787640494,4273312,bag_pack,PE-03,dec-fr-bordeaux
30395DFA82EA24400081033D,3583787640494,4273312,bag_pack,PE-03,dec-fr-bordeaux
30395DFA82EA2440007F9284,3583787640494,4273312,bag_pack,PE-03,dec-fr-bordeaux
30395DFA82EA244000906915,3583787640494,4273312,bag_pack,PE-03,dec-fr-bordeaux
30395DFA82EA244000549C02,3583787640494,4273312,bag_pack,PE-03,dec-fr-bordeaux
30395DFA82EA2440002FA33C,3583787640494,4273312,bag_pack,PE-03,dec-fr-bordeaux
30395DFA82EA2440007E987C,3583787640494,4273312,bag_pack,BR-03,dec-fr-bordeaux
30395DFA82EA2440003BB67D,3583787640494,4273312,bag_pack,BR-04,dec-fr-bordeaux
30396062C3909900000823D1,3608439345005,2713551,footwear,PW-01,dec-fr-bordeaux
30396062C390990000667E3F,3608439345005,2713551,footwear,PW-01,dec-fr-bordeaux
30396062C3909900007FFD53,3608439345005,2713551,footwear,PW-01,dec-fr-bordeaux
30396062C3909900007A1C0F,3608439345005,2713551,footwear,BR-01,dec-fr-bordeaux
30396062C3909940007EC918,3608439345012,2713552,footwear,PW-01,dec-fr-bordeaux
30396062C390994000558786,3608439345012,2713552,footwear,PW-01,dec-fr-bordeaux
30396062C390994000139D06,3608439345012,2713552,footwear,BR-02,dec-fr-bordeaux
30396062C3909980001A8C8F,3608439345029,2713548,footwear,PW-01,dec-fr-bordeaux
30396062C3909980001B7150,3608439345029,2713548,footwear,PW-01,dec-fr-bordeaux
30396062C39099800043A144,3608439345029,2713548,footwear,BR-03,dec-fr-bordeaux
30396062C39099C000492EBE,3608439345036,2713549,footwear,PW-01,dec-fr-bordeaux
30396062C39099C00069621E,3608439345036,2713549,footwear,PW-01,dec-fr-bordeaux
30396062C39099C0006DD4E0,3608439345036,2713549,footwear,PW-01,dec-fr-bordeaux
30396062C39099C000623DDF,3608439345036,2713549,footwear,BR-04,dec-fr-bordeaux
30396062C3909A00003FC81A,3608439345043,2713546,footwear,PW-01,dec-fr-bordeaux
30396062C3909A80003D3D78,3608439345067,2713547,footwear,PW-01,dec-fr-bordeaux
30396062C3909A8000656FC0,3608439345067,2713547,footwear,PW-01,dec-fr-bordeaux
30396062C3909C000072B219,3608439345128,2713553,footwear,PW-01,dec-fr-bordeaux
30396062C3909C000011356C,3608439345128,2713553,footwear,PW-01,dec-fr-bordeaux
30396062C3909C4000777097,3608439345135,2713554,footwear,PW-01,dec-fr-bordeaux
30395DFA8182FA000097670E,3583783962644,4018101,footwear,PE-01,dec-fr-bordeaux
30396062C3A4ED8000110164,3608439553189,2094206,footwear,PE-01,dec-fr-bordeaux
30396062C3A4ED8000653C2A,3608439553189,2094206,footwear,PE-01,dec-fr-bordeaux
30396062C3A4EDC000861C32,3608439553196,2094207,footwear,PE-01,dec-fr-bordeaux
30396062C3A4EDC00089FD78,3608439553196,2094207,footwear,PE-01,dec-fr-bordeaux
30396062C3A4EDC0003E7F57,3608439553196,2094207,footwear,BR-01,dec-fr-bordeaux
30396062C3A4EE00006995CF,3608439553202,2094208,footwear,PE-01,dec-fr-bordeaux
30396062C3A4EE0000759177,3608439553202,2094208,footwear,PE-01,dec-fr-bordeaux
30396062C3A4EE00007A708D,3608439553202,2094208,footwear,PE-01,dec-fr-bordeaux
30396062C3A4EE00003D3ADC,3608439553202,2094208,footwear,PE-01,dec-fr-bordeaux
30396062C3A4EE0000704467,3608439553202,2094208,footwear,BR-02,dec-fr-bordeaux
30396062C3A4EE4000245105,3608439553219,2094209,footwear,PE-01,dec-fr-bordeaux
30396062C3A4EE40004C3B4B,3608439553219,2094209,footwear,PE-01,dec-fr-bordeaux
30396062C3A4EE400089C168,3608439553219,2094209,footwear,PE-01,dec-fr-bordeaux
30396062C3A4EE40006BCD48,3608439553219,2094209,footwear,PE-01,dec-fr-bordeaux
30396062C3A4EE40002EEE48,3608439553219,2094209,footwear,BR-03,dec-fr-bordeaux
30396062C3A4EE800062D7F8,3608439553226,2094210,footwear,PE-01,dec-fr-bordeaux
30396062C3A4EE8000185D3F,3608439553226,2094210,footwear,PE-01,dec-fr-bordeaux
30396062C3A4EE8000004F71,3608439553226,2094210,footwear,PE-01,dec-fr-bordeaux
30396062C3A4EE80000BAEE9,3608439553226,2094210,footwear,BR-04,dec-fr-bordeaux
30396062C3A4EEC0005BE52A,3608439553233,2094211,footwear,PE-01,dec-fr-bordeaux
30396062C3A4EEC0002C69CB,3608439553233,2094211,footwear,PE-01,dec-fr-bordeaux
30396062C3A4EEC00049B5D8,3608439553233,2094211,footwear,BR-01,dec-fr-bordeaux
30396062C3A4EF00000DD1EF,3608439553240,2094212,footwear,PE-01,dec-fr-bordeaux
30396062C3A4EF00004BCAA4,3608439553240,2094212,footwear,PE-01,dec-fr-bordeaux
30395DFA82F896000069C1C6,3583787788400,2899478,bag_pack,PE-01,dec-fr-bordeaux
30395DFA82F896000006DBFC,3583787788400,2899478,bag_pack,PE-01,dec-fr-bordeaux
30395DFA82F8960000179661,3583787788400,2899478,bag_pack,PE-01,dec-fr-bordeaux
30395DFA82F89600008F6024,3583787788400,2899478,bag_pack,PE-01,dec-fr-bordeaux
30395DFA82F89600002EA40C,3583787788400,2899478,bag_pack,PE-01,dec-fr-bordeaux
30395DFA82F8960000266CD8,3583787788400,2899478,bag_pack,BR-02,dec-fr-bordeaux
30395DFA82E76AC0001DFDB4,3583787612590,4228776,accessories,PI-01,dec-fr-bordeaux
30395DFA82E76AC0006BF6B7,3583787612590,4228776,accessories,PI-01,dec-fr-bordeaux
30395DFA82E76B00007EA3F1,3583787612606,4228775,accessories,PI-01,dec-fr-bordeaux
30395DFA82E76B0000828FCC,3583787612606,4228775,accessories,PI-01,dec-fr-bordeaux
30395DFA82E76B40002F2189,3583787612613,4228774,accessories,PI-01,dec-fr-bordeaux
30395DFA82E76D4000172DB6,3583787612699,4228785,accessories,PI-01,dec-fr-bordeaux
30395DFA82E76D40008073C7,3583787612699,4228785,accessories,PI-01,dec-fr-bordeaux
30395DFA82E76DC0002D0E75,3583787612712,4228784,accessories,PI-01,dec-fr-bordeaux
30395DFA82E76DC000154AFB,3583787612712,4228784,accessories,PI-01,dec-fr-bordeaux
30395DFA82E76E40002C97A1,3583787612736,4228783,accessories,PI-01,dec-fr-bordeaux
30395DFA82E76E40006A3CF8,3583787612736,4228783,accessories,PI-01,dec-fr-bordeaux
30395DFA82FD61800027C73D,3583787837504,2899682,bag_pack,GF-R3-U1,dec-fr-bordeaux
30395DFA82FD61800012390F,3583787837504,2899682,bag_pack,GF-R3-U1,dec-fr-bordeaux
30395DFA82FD6180005790E0,3583787837504,2899682,bag_pack,GF-R3-U1,dec-fr-bordeaux
30395DFA82FD61800032D623,3583787837504,2899682,bag_pack,GF-R3-U1,dec-fr-bordeaux
30395DFA82FD618000804738,3583787837504,2899682,bag_pack,GF-R3-U1,dec-fr-bordeaux
30395DFA82FD61800015D83D,3583787837504,2899682,bag_pack,GF-R3-U1,dec-fr-bordeaux
30395DFA82FD618000278D52,3583787837504,2899682,bag_pack,GF-R3-U1,dec-fr-bordeaux
30395DFA82FD61800043B4CC,3583787837504,2899682,bag_pack,BR-03,dec-fr-bordeaux
30395DFA82FD6180008A32D8,3583787837504,2899682,bag_pack,BR-04,dec-fr-bordeaux
30396061C0F8FC400095AAF0,3608392549618,5463304,apparel,GF-R3-U2,dec-fr-bordeaux
30396061C0F8FC40001A6C9B,3608392549618,5463304,apparel,GF-R3-U2,dec-fr-bordeaux
30396061C0F8FC400020CD9E,3608392549618,5463304,apparel,GF-R3-U2,dec-fr-bordeaux
30396061C0F8FC40003C5E0D,3608392549618,5463304,apparel,GF-R3-U2,dec-fr-bordeaux
30396061C0F8FC40005EB4DF,3608392549618,5463304,apparel,BR-01,dec-fr-bordeaux
30396061C0F8FC8000382A90,3608392549625,5463305,apparel,GF-R3-U2,dec-fr-bordeaux
30396061C0F8FC80000C743B,3608392549625,5463305,apparel,GF-R3-U2,dec-fr-bordeaux
30396061C0F8FC8000828D2B,3608392549625,5463305,apparel,GF-R3-U2,dec-fr-bordeaux
30396061C0F8FC80000468BB,3608392549625,5463305,apparel,GF-R3-U2,dec-fr-bordeaux
30396061C0F8FC800019750F,3608392549625,5463305,apparel,GF-R3-U2,dec-fr-bordeaux
30396061C0F8FC80002435BB,3608392549625,5463305,apparel,GF-R3-U2,dec-fr-bordeaux
30396061C0F8FC8000767CF9,3608392549625,5463305,apparel,GF-R3-U2,dec-fr-bordeaux
30396061C0F8FC8000098262,3608392549625,5463305,apparel,BR-02,dec-fr-bordeaux
30396061C0F8FCC0008A0E38,3608392549632,5463306,apparel,GF-R3-U2,dec-fr-bordeaux
30396061C0F8FCC0006C303A,3608392549632,5463306,apparel,GF-R3-U2,dec-fr-bordeaux
30396061C0F8FCC00095A3F5,3608392549632,5463306,apparel,GF-R3-U2,dec-fr-bordeaux
30396061C0F8FCC0006C4FC2,3608392549632,5463306,apparel,GF-R3-U2,dec-fr-bordeaux
30396061C0F8FCC0000D7C61,3608392549632,5463306,apparel,GF-R3-U2,dec-fr-bordeaux
30396061C0F8FCC0000137E2,3608392549632,5463306,apparel,GF-R3-U2,dec-fr-bordeaux
30396061C0F8FCC00090BF49,3608392549632,5463306,apparel,GF-R3-U2,dec-fr-bordeaux
30396061C0F8FCC0007AC133,3608392549632,5463306,apparel,BR-03,dec-fr-bordeaux
30396061C0F8FD00001139BA,3608392549649,5463307,apparel,GF-R3-U2,dec-fr-bordeaux
30396061C0F8FD00007AD5F5,3608392549649,5463307,apparel,GF-R3-U2,dec-fr-bordeaux
30396061C0F8FD000077600D,3608392549649,5463307,apparel,GF-R3-U2,dec-fr-bordeaux
30396061C0F8FD00008E1A74,3608392549649,5463307,apparel,GF-R3-U2,dec-fr-bordeaux
30396061C0F8FD00002C4350,3608392549649,5463307,apparel,GF-R3-U2,dec-fr-bordeaux
30396061C0F8FD00003B875D,3608392549649,5463307,apparel,BR-04,dec-fr-bordeaux
30396061C0F8FD40007B055D,3608392549656,5463308,apparel,GF-R3-U2,dec-fr-bordeaux
30396061C0F8FD40007A3C56,3608392549656,5463308,apparel,GF-R3-U2,dec-fr-bordeaux
30396061C0F8FD40007EF7FF,3608392549656,5463308,apparel,BR-01,dec-fr-bordeaux
30396061C0F8FD800056C14B,3608392549663,5463309,apparel,GF-R3-U2,dec-fr-bordeaux
30396061C0F8FD80001948D1,3608392549663,5463309,apparel,GF-R3-U2,dec-fr-bordeaux
30396061C15F3400001122FC,3608393596321,5694611,apparel,GB-R1-U2,dec-fr-bordeaux
30396061C15F340000515999,3608393596321,5694611,apparel,GB-R1-U2,dec-fr-bordeaux
30396061C15F34000056EB86,3608393596321,5694611,apparel,GB-R1-U2,dec-fr-bordeaux
30396061C15F34000090343F,3608393596321,5694611,apparel,GB-R1-U2,dec-fr-bordeaux
30396061C15F3400006E4B3F,3608393596321,5694611,apparel,BR-02,dec-fr-bordeaux
30396061C15F3440007A4093,3608393596338,5694612,apparel,GB-R1-U2,dec-fr-bordeaux
30396061C15F34400075C8E9,3608393596338,5694612,apparel,GB-R1-U2,dec-fr-bordeaux
30396061C15F3440004403C8,3608393596338,5694612,apparel,GB-R1-U2,dec-fr-bordeaux
30396061C15F3440006C7648,3608393596338,5694612,apparel,GB-R1-U2,dec-fr-bordeaux
30396061C15F3440004B6CA7,3608393596338,5694612,apparel,GB-R1-U2,dec-fr-bordeaux
30396061C15F34400027DEC0,3608393596338,5694612,apparel,GB-R1-U2,dec-fr-bordeaux
30396061C15F3440001E865B,3608393596338,5694612,apparel,GB-R1-U2,dec-fr-bordeaux
30396061C15F3440002FD5C4,3608393596338,5694612,apparel,BR-03,dec-fr-bordeaux
30396061C15F348000594255,3608393596345,5694613,apparel,GB-R1-U2,dec-fr-bordeaux
30396061C15F348000505105,3608393596345,5694613,apparel,GB-R1-U2,dec-fr-bordeaux
30396061C15F34800084A15F,3608393596345,5694613,apparel,BR-04,dec-fr-bordeaux
30396061C15F34C0005C7C5B,3608393596352,5694614,apparel,GB-R1-U2,dec-fr-bordeaux
30396061C15F34C000546F8A,3608393596352,5694614,apparel,GB-R1-U2,dec-fr-bordeaux
30396061C15F34C00027E792,3608393596352,5694614,apparel,GB-R1-U2,dec-fr-bordeaux
30396061C15F34C000685FA9,3608393596352,5694614,apparel,GB-R1-U2,dec-fr-bordeaux
30396061C15F34C0000C3E2A,3608393596352,5694614,apparel,GB-R1-U2,dec-fr-bordeaux
30396061C15F34C00015C19E,3608393596352,5694614,apparel,GB-R1-U2,dec-fr-bordeaux
30396061C15F34C0008A9D6B,3608393596352,5694614,apparel,GB-R1-U2,dec-fr-bordeaux
30396061C15F34C0007AF90B,3608393596352,5694614,apparel,BR-01,dec-fr-bordeaux
30396061C15F34C0000A2101,3608393596352,5694614,apparel,BR-02,dec-fr-bordeaux
30396061C15F3500000837C3,3608393596369,5694615,apparel,GB-R1-U2,dec-fr-bordeaux
30396061C15F35000017BACD,3608393596369,5694615,apparel,GB-R1-U2,dec-fr-bordeaux
30396061C15F3500006379D4,3608393596369,5694615,apparel,GB-R1-U2,dec-fr-bordeaux
30396061C15F350000098CAB,3608393596369,5694615,apparel,GB-R1-U2,dec-fr-bordeaux
30396061C15F350000207A5E,3608393596369,5694615,apparel,GB-R1-U2,dec-fr-bordeaux
30396061C15F35000092C320,3608393596369,5694615,apparel,BR-03,dec-fr-bordeaux
30395DFA82B65880008EBDB4,3583787110102,4231306,bag_pack,GF-R3-U2,dec-fr-bordeaux
30395DFA82B658800064E0AE,3583787110102,4231306,bag_pack,GF-R3-U2,dec-fr-bordeaux
30395DFA82B6588000671488,3583787110102,4231306,bag_pack,GF-R3-U2,dec-fr-bordeaux
30395DFA82B6588000170996,3583787110102,4231306,bag_pack,GF-R3-U2,dec-fr-bordeaux
30395DFA82B658800027C1D5,3583787110102,4231306,bag_pack,GF-R3-U2,dec-fr-bordeaux
30395DFA82B658800047E957,3583787110102,4231306,bag_pack,GF-R3-U2,dec-fr-bordeaux
30395DFA82B65880002C7DBE,3583787110102,4231306,bag_pack,GF-R3-U2,dec-fr-bordeaux
30395DFA82B658800052C23E,3583787110102,4231306,bag_pack,BR-04,dec-fr-bordeaux
30396061C0B180800095DD73,3608391817626,5304359,apparel,GF-R1-U1,dec-fr-bordeaux
30396061C0B1808000795A30,3608391817626,5304359,apparel,GF-R1-U1,dec-fr-bordeaux
30396061C0B18080006F49EA,3608391817626,5304359,apparel,BR-01,dec-fr-bordeaux
30396061C0B180C00066C1D1,3608391817633,5304360,apparel,GF-R1-U1,dec-fr-bordeaux
30396061C0B180C0001188D6,3608391817633,5304360,apparel,GF-R1-U1,dec-fr-bordeaux
30396061C0B180C000516457,3608391817633,5304360,apparel,GF-R1-U1,dec-fr-bordeaux
30396061C0B180C000022E54,3608391817633,5304360,apparel,GF-R1-U1,dec-fr-bordeaux
30396061C0B180C0002AC464,3608391817633,5304360,apparel,BR-02,dec-fr-bordeaux
30396061C0B18100002A2D19,3608391817640,5304361,apparel,GF-R1-U1,dec-fr-bordeaux
30396061C0B18100002B402D,3608391817640,5304361,apparel,GF-R1-U1,dec-fr-bordeaux
30396061C0B18100001C1C1D,3608391817640,5304361,apparel,GF-R1-U1,dec-fr-bordeaux
30396061C0B18100005A6778,3608391817640,5304361,apparel,BR-03,dec-fr-bordeaux
30396061C0B18140007874E8,3608391817657,5304362,apparel,GF-R1-U1,dec-fr-bordeaux
30396061C0B18140004B415C,3608391817657,5304362,apparel,GF-R1-U1,dec-fr-bordeaux
30396061C0B1814000576C45,3608391817657,5304362,apparel,BR-04,dec-fr-bordeaux
30396061C0B18180006A5FF4,3608391817664,5304363,apparel,GF-R1-U1,dec-fr-bordeaux
30396061C0B1B8C0002EA840,3608391819873,5304380,apparel,GF-R1-U1,dec-fr-bordeaux
30396061C0B1B8C0002683B2,3608391819873,5304380,apparel,GF-R1-U1,dec-fr-bordeaux
30396061C0B1B900008483AD,3608391819880,5304381,apparel,GF-R1-U1,dec-fr-bordeaux
30396061C0B1B900007B7397,3608391819880,5304381,apparel,GF-R1-U1,dec-fr-bordeaux
30396061C0B1B90000733F96,3608391819880,5304381,apparel,GF-R1-U1,dec-fr-bordeaux
30396061C0B1B900004C5A9A,3608391819880,5304381,apparel,BR-01,dec-fr-bordeaux
30396061C0B1B9400088F80F,3608391819897,5304382,apparel,GF-R1-U1,dec-fr-bordeaux
30396061C0B1B940007C1711,3608391819897,5304382,apparel,GF-R1-U1,dec-fr-bordeaux
30396061C0B1B94000200569,3608391819897,5304382,apparel,GF-R1-U1,dec-fr-bordeaux
30396061C0B1B940005A978B,3608391819897,5304382,apparel,BR-02,dec-fr-bordeaux
30396061C0B1C380006A14DE,3608391820305,5304383,apparel,GF-R1-U1,dec-fr-bordeaux
30396061C0B1C38000735381,3608391820305,5304383,apparel,GF-R1-U1,dec-fr-bordeaux
30396061C0B1C3800033A7F3,3608391820305,5304383,apparel,BR-03,dec-fr-bordeaux
30396061C0B1C3C000335F3C,3608391820312,5304384,apparel,GF-R1-U1,dec-fr-bordeaux
30396061C0B1C3C00041D36E,3608391820312,5304384,apparel,GF-R1-U1,dec-fr-bordeaux
30396061C178AB8000758F3C,3608393857101,5730110,bag_pack,GF-R1-U1,dec-fr-bordeaux
30396061C178AB80004AB41E,3608393857101,5730110,bag_pack,GF-R1-U1,dec-fr-bordeaux
30396062C3A0E4C0008B144F,3608439511875,2189141,bag_pack,GF-R1-U1,dec-fr-bordeaux
30396062C3A0E4C00086054D,3608439511875,2189141,bag_pack,GF-R1-U1,dec-fr-bordeaux
30396062C3A0E54000361440,3608439511899,2189140,bag_pack,GF-R1-U1,dec-fr-bordeaux
30396062C3A0E540001D18EA,3608439511899,2189140,bag_pack,GF-R1-U1,dec-fr-bordeaux
30396061C08DBDC0003BFFD6,3608391451431,4864020,apparel,GB-R3-U1,dec-fr-bordeaux
30396061C08DBDC0001E0706,3608391451431,4864020,apparel,GB-R3-U1,dec-fr-bordeaux
30396061C08E8E4000781FF6,3608391459772,4864022,apparel,GB-R3-U1,dec-fr-bordeaux
30396061C08E8E400057588E,3608391459772,4864022,apparel,GB-R3-U1,dec-fr-bordeaux
30396061C08E8E400041739A,3608391459772,4864022,apparel,BR-04,dec-fr-bordeaux
30396061C08EF340009039B1,3608391463816,4864028,apparel,GB-R3-U1,dec-fr-bordeaux
30396061C08F2B00001A7395,3608391466046,4864015,apparel,GB-R3-U1,dec-fr-bordeaux
30396061C08F3A0000783B48,3608391466640,4864019,apparel,GB-R3-U1,dec-fr-bordeaux
30396061C08F3A00007AF015,3608391466640,4864019,apparel,GB-R3-U1,dec-fr-bordeaux
30396061C08F8CC000937F31,3608391469955,4864023,apparel,GB-R3-U1,dec-fr-bordeaux
30396061C08F8CC000715D4A,3608391469955,4864023,apparel,GB-R3-U1,dec-fr-bordeaux
30396061C09038400037D873,3608391476816,4864017,apparel,GB-R3-U1,dec-fr-bordeaux
30396061C09038400026CDD5,3608391476816,4864017,apparel,GB-R3-U1,dec-fr-bordeaux
30396061C091DE8000775FF1,3608391493707,4864021,apparel,GB-R3-U1,dec-fr-bordeaux
30396061C091DE800093D907,3608391493707,4864021,apparel,GB-R3-U1,dec-fr-bordeaux
30396061C092DF4000959850,3608391503970,4864018,apparel,GB-R3-U1,dec-fr-bordeaux
30396061C092EE80001B6157,3608391504588,4864024,apparel,GB-R3-U1,dec-fr-bordeaux
30396061C092EE80006D5678,3608391504588,4864024,apparel,GB-R3-U1,dec-fr-bordeaux
30396061C092F58000110178,3608391504861,4864025,apparel,GB-R3-U1,dec-fr-bordeaux
30396061C09330000080650E,3608391507206,4864026,apparel,GB-R3-U1,dec-fr-bordeaux
30396061C093300000137A76,3608391507206,4864026,apparel,GB-R3-U1,dec-fr-bordeaux
30396061C1057BC00091902E,3608392677595,5491591,outdoor,GB-R1-U1,dec-fr-bordeaux
30396061C1058D800061FE2A,3608392678301,5491592,outdoor,GB-R1-U1,dec-fr-bordeaux
30395DFA82D89A80007120FD,3583787460900,4494178,bag_pack,GF-R1-U2,dec-fr-bordeaux
30395DFA82D89A8000840556,3583787460900,4494178,bag_pack,GF-R1-U2,dec-fr-bordeaux
30395DFA82D89A800084529D,3583787460900,4494178,bag_pack,GF-R1-U2,dec-fr-bordeaux
30395DFA82D89A800088F999,3583787460900,4494178,bag_pack,GF-R1-U2,dec-fr-bordeaux
30395DFA82D89A80002A19F9,3583787460900,4494178,bag_pack,GF-R1-U2,dec-fr-bordeaux
30395DFA82D89A8000867560,3583787460900,4494178,bag_pack,GF-R1-U2,dec-fr-bordeaux
30395DFA82D89A80007B9372,3583787460900,4494178,bag_pack,GF-R1-U2,dec-fr-bordeaux
30395DFA82D89A8000247CE3,3583787460900,4494178,bag_pack,BR-01,dec-fr-bordeaux
30396062C38637C0009229CF,3608439238710,4841008,outdoor,GF-R3-U1,dec-fr-bordeaux
30396062C38637C0004CC81E,3608439238710,4841008,outdoor,GF-R3-U1,dec-fr-bordeaux
30396061C09FF7C00095F3B3,3608391638078,5225493,outdoor,GB-R1-U2,dec-fr-bordeaux
30396061C09FF80000926DCD,3608391638085,5225494,outdoor,GB-R1-U2,dec-fr-bordeaux
3039606203C6E3C00063BB93,3608409900951,2177858,apparel,GF-R1-U2,dec-fr-bordeaux
3039606203C6E3C0003018C8,3608409900951,2177858,apparel,GF-R1-U2,dec-fr-bordeaux
3039606203C6E3C0004A3C6B,3608409900951,2177858,apparel,BR-02,dec-fr-bordeaux
3039606203C6E4000089CDFA,3608409900968,2177859,apparel,GF-R1-U2,dec-fr-bordeaux
3039606203C6E4000013ACD9,3608409900968,2177859,apparel,GF-R1-U2,dec-fr-bordeaux
3039606203C6E400009273A6,3608409900968,2177859,apparel,GF-R1-U2,dec-fr-bordeaux
3039606203C6E4000009316B,3608409900968,2177859,apparel,GF-R1-U2,dec-fr-bordeaux
3039606203C6E400006E1A40,3608409900968,2177859,apparel,GF-R1-U2,dec-fr-bordeaux
3039606203C6E400006FD4C5,3608409900968,2177859,apparel,BR-03,dec-fr-bordeaux
3039606203C6E4400094A8A3,3608409900975,2177857,apparel,GF-R1-U2,dec-fr-bordeaux
3039606203C6E44000231B6D,3608409900975,2177857,apparel,GF-R1-U2,dec-fr-bordeaux
3039606203C6E4800009981E,3608409900982,2177860,apparel,GF-R1-U2,dec-fr-bordeaux
3039606203C6E480000B84B0,3608409900982,2177860,apparel,GF-R1-U2,dec-fr-bordeaux
3039606203C6E480004D0C3E,3608409900982,2177860,apparel,GF-R1-U2,dec-fr-bordeaux
3039606203C6E4800051CEAA,3608409900982,2177860,apparel,GF-R1-U2,dec-fr-bordeaux
3039606203C6E480002C1701,3608409900982,2177860,apparel,GF-R1-U2,dec-fr-bordeaux
3039606203C6E480004FCE81,3608409900982,2177860,apparel,BR-04,dec-fr-bordeaux
3039606203C6E4C0000742FB,3608409900999,2177861,apparel,GF-R1-U2,dec-fr-bordeaux
3039606203C6E4C000155964,3608409900999,2177861,apparel,GF-R1-U2,dec-fr-bordeaux
3039606203C6E4C000741420,3608409900999,2177861,apparel,GF-R1-U2,dec-fr-bordeaux
3039606203C6E4C000972D13,3608409900999,2177861,apparel,GF-R1-U2,dec-fr-bordeaux
3039606203C6E4C00022BEB3,3608409900999,2177861,apparel,BR-01,dec-fr-bordeaux
30396061C062600000864C99,3608391007362,5102866,apparel,GB-R1-U1,dec-fr-bordeaux
30396061C0626000007AD8B6,3608391007362,5102866,apparel,GB-R1-U1,dec-fr-bordeaux
30396061C0626000005AAADC,3608391007362,5102866,apparel,BR-02,dec-fr-bordeaux
30396061C062604000626740,3608391007379,5102867,apparel,GB-R1-U1,dec-fr-bordeaux
30396061C0626040001777C9,3608391007379,5102867,apparel,GB-R1-U1,dec-fr-bordeaux
30396061C0626040002306C4,3608391007379,5102867,apparel,GB-R1-U1,dec-fr-bordeaux
30396061C06260400054F9D4,3608391007379,5102867,apparel,GB-R1-U1,dec-fr-bordeaux
30396061C06260400095929A,3608391007379,5102867,apparel,BR-03,dec-fr-bordeaux
30396061C0626080000B4C3B,3608391007386,5102868,apparel,GB-R1-U1,dec-fr-bordeaux
30396061C06260800064B838,3608391007386,5102868,apparel,GB-R1-U1,dec-fr-bordeaux
30396061C0626080004C6563,3608391007386,5102868,apparel,GB-R1-U1,dec-fr-bordeaux
30396061C0626080007531BE,3608391007386,5102868,apparel,BR-04,dec-fr-bordeaux
30396061C06260C00005A044,3608391007393,5102869,apparel,GB-R1-U1,dec-fr-bordeaux
30396061C06260C000768E5E,3608391007393,5102869,apparel,GB-R1-U1,dec-fr-bordeaux
30396061C06260C0003CAEC6,3608391007393,5102869,apparel,BR-01,dec-fr-bordeaux
30396061C0627C80003F4525,3608391008505,5102870,apparel,GB-R1-U1,dec-fr-bordeaux
30396061C0627C80007108AF,3608391008505,5102870,apparel,GB-R1-U1,dec-fr-bordeaux
30396061C0627CC0003205B3,3608391008512,5102871,apparel,GB-R1-U1,dec-fr-bordeaux
30396062C3A94180000027CF,3608439597503,1832644,footwear,PW-01,dec-fr-bordeaux
30396062C3A941800004949D,3608439597503,1832644,footwear,PW-01,dec-fr-bordeaux
30396062C3A941800019F405,3608439597503,1832644,footwear,BR-02,dec-fr-bordeaux
30396062C3A941C00044080E,3608439597510,1832643,footwear,PW-01,dec-fr-bordeaux
30396062C3A941C0005D03DC,3608439597510,1832643,footwear,PW-01,dec-fr-bordeaux
30396062C3A941C000079408,3608439597510,1832643,footwear,PW-01,dec-fr-bordeaux
30396062C3A941C0008AC99D,3608439597510,1832643,footwear,PW-01,dec-fr-bordeaux
30396062C3A941C00071620A,3608439597510,1832643,footwear,PW-01,dec-fr-bordeaux
30396062C3A941C000322191,3608439597510,1832643,footwear,PW-01,dec-fr-bordeaux
30396062C3A941C000826590,3608439597510,1832643,footwear,BR-03,dec-fr-bordeaux
30396062C3A94200008B0D27,3608439597527,1832642,footwear,PW-01,dec-fr-bordeaux
30396062C3A94200000E927C,3608439597527,1832642,footwear,PW-01,dec-fr-bordeaux
30396062C3A94200001806AE,3608439597527,1832642,footwear,PW-01,dec-fr-bordeaux
30396062C3A9420000968909,3608439597527,1832642,footwear,PW-01,dec-fr-bordeaux
30396062C3A942000059B53E,3608439597527,1832642,footwear,PW-01,dec-fr-bordeaux
30396062C3A942000022E31C,3608439597527,1832642,footwear,PW-01,dec-fr-bordeaux
30396062C3A942000090F8F4,3608439597527,1832642,footwear,PW-01,dec-fr-bordeaux
30396062C3A942000077720E,3608439597527,1832642,footwear,BR-04,dec-fr-bordeaux
30396062C3A94240009818ED,3608439597534,1832641,footwear,PW-01,dec-fr-bordeaux
30396062C3A94240001F4CDB,3608439597534,1832641,footwear,PW-01,dec-fr-bordeaux
30396062C3A9424000725A01,3608439597534,1832641,footwear,PW-01,dec-fr-bordeaux
30396062C3A94240001F1A12,3608439597534,1832641,footwear,BR-01,dec-fr-bordeaux
30395DFA819CFFC0008063ED,3583784229111,4361602,accessories,GB-R3-U1,dec-fr-bordeaux
30395DFA819CFFC0007475E6,3583784229111,4361602,accessories,GB-R3-U1,dec-fr-bordeaux
30395DFA819D0000006C382B,3583784229128,4361603,accessories,GB-R3-U1,dec-fr-bordeaux
30395DFA819D000000063CE8,3583784229128,4361603,accessories,GB-R3-U1,dec-fr-bordeaux
30395DFA819D004000000B56,3583784229135,4361604,accessories,GB-R3-U1,dec-fr-bordeaux
30395DFA819D0080002AEE51,3583784229142,4361605,accessories,GB-R3-U1,dec-fr-bordeaux
30395DFA819D00C00068B4F9,3583784229159,4361606,accessories,GB-R3-U1,dec-fr-bordeaux
30395DFA819D00C0001D517E,3583784229159,4361606,accessories,GB-R3-U1,dec-fr-bordeaux
30395DFA819D010000116D27,3583784229166,4361607,accessories,GB-R3-U1,dec-fr-bordeaux
30395DFA819D014000274CDF,3583784229173,4361608,accessories,GB-R3-U1,dec-fr-bordeaux
30396062C390E8000032A99B,3608439348167,4102164,footwear,PE-01,dec-fr-bordeaux
30396062C390E840008D993E,3608439348174,4102165,footwear,PE-01,dec-fr-bordeaux
30396062C390E8400090BC20,3608439348174,4102165,footwear,PE-01,dec-fr-bordeaux
30396062C390E880000C8502,3608439348181,4102167,footwear,PE-01,dec-fr-bordeaux
30396062C390E8800056C044,3608439348181,4102167,footwear,PE-01,dec-fr-bordeaux
30396062C390E880005378C9,3608439348181,4102167,footwear,PE-01,dec-fr-bordeaux
30396062C390E880003A507A,3608439348181,4102167,footwear,PE-01,dec-fr-bordeaux
30396062C390E8800039A0A4,3608439348181,4102167,footwear,PE-01,dec-fr-bordeaux
30396062C390E88000427BD8,3608439348181,4102167,footwear,PE-01,dec-fr-bordeaux
30396062C390E8800021A365,3608439348181,4102167,footwear,PE-01,dec-fr-bordeaux
30396062C390E88000926E14,3608439348181,4102167,footwear,PE-01,dec-fr-bordeaux
30396062C390E8800034B521,3608439348181,4102167,footwear,PE-01,dec-fr-bordeaux
30396062C390E880003B923B,3608439348181,4102167,footwear,PE-01,dec-fr-bordeaux
30396062C390E8800044668D,3608439348181,4102167,footwear,PE-01,dec-fr-bordeaux
30396062C390E880001E6E95,3608439348181,4102167,footwear,PE-01,dec-fr-bordeaux
30396062C390E8800063E17E,3608439348181,4102167,footwear,PE-01,dec-fr-bordeaux
30396062C390E880003E36DD,3608439348181,4102167,footwear,PE-01,dec-fr-bordeaux
30396062C390E880008220A9,3608439348181,4102167,footwear,PE-01,dec-fr-bordeaux
30396062C390E880005621F8,3608439348181,4102167,footwear,BR-02,dec-fr-bordeaux
30396062C390E8800082511E,3608439348181,4102167,footwear,BR-03,dec-fr-bordeaux
30396062C390E880007D8F77,3608439348181,4102167,footwear,BR-04,dec-fr-bordeaux
30396062C390E8C00054CB1B,3608439348198,4102166,footwear,PE-01,dec-fr-bordeaux
30396062C390E8C00076A9B0,3608439348198,4102166,footwear,PE-01,dec-fr-bordeaux
30396062C390E8C00074AF5B,3608439348198,4102166,footwear,PE-01,dec-fr-bordeaux
30396062C390E8C0003F81A8,3608439348198,4102166,footwear,PE-01,dec-fr-bordeaux
30396062C390E8C0002983B2,3608439348198,4102166,footwear,PE-01,dec-fr-bordeaux
30396062C390E8C0006C000F,3608439348198,4102166,footwear,BR-01,dec-fr-bordeaux
30396061C065E4C0007C0114,3608391043391,5158776,apparel,GB-R1-U2,dec-fr-bordeaux
30396061C0660D000032DE2C,3608391045005,5158777,apparel,GB-R1-U2,dec-fr-bordeaux
30396061C0660D000011A514,3608391045005,5158777,apparel,GB-R1-U2,dec-fr-bordeaux
30396061C0660D00003F6300,3608391045005,5158777,apparel,GB-R1-U2,dec-fr-bordeaux
30396061C0660D000080A86C,3608391045005,5158777,apparel,GB-R1-U2,dec-fr-bordeaux
30396061C0660D00001F2DBC,3608391045005,5158777,apparel,GB-R1-U2,dec-fr-bordeaux
30396061C0660D0000383B1C,3608391045005,5158777,apparel,BR-02,dec-fr-bordeaux
30396061C0660D4000503A0C,3608391045012,5158779,apparel,GB-R1-U2,dec-fr-bordeaux
30396061C0660D4000845083,3608391045012,5158779,apparel,GB-R1-U2,dec-fr-bordeaux
30396061C0660D4000257DE8,3608391045012,5158779,apparel,GB-R1-U2,dec-fr-bordeaux
30396061C0660D400025551F,3608391045012,5158779,apparel,GB-R1-U2,dec-fr-bordeaux
30396061C0660D400039B32E,3608391045012,5158779,apparel,GB-R1-U2,dec-fr-bordeaux
30396061C0660D40000F813A,3608391045012,5158779,apparel,GB-R1-U2,dec-fr-bordeaux
30396061C0660D40005DEE31,3608391045012,5158779,apparel,GB-R1-U2,dec-fr-bordeaux
30396061C0660D400055F6F7,3608391045012,5158779,apparel,BR-03,dec-fr-bordeaux
30396061C0EDD4000070EDD7,3608392435362,5445461,accessories,ACC-01,dec-fr-bordeaux
30396061C0EDD400003B1569,3608392435362,5445461,accessories,ACC-01,dec-fr-bordeaux
30396061C0EDD400007F3628,3608392435362,5445461,accessories,ACC-01,dec-fr-bordeaux
30396061C0EDD40000153E61,3608392435362,5445461,accessories,ACC-01,dec-fr-bordeaux
30396061C0EDD40000440E59,3608392435362,5445461,accessories,ACC-01,dec-fr-bordeaux
30396061C0EDD400004BA2C1,3608392435362,5445461,accessories,ACC-01,dec-fr-bordeaux
30396061C0EDD400005AD5B8,3608392435362,5445461,accessories,ACC-01,dec-fr-bordeaux
30396061C0EDD400002D9CA4,3608392435362,5445461,accessories,BR-04,dec-fr-bordeaux
30396061C0EDD400008A8237,3608392435362,5445461,accessories,BR-01,dec-fr-bordeaux
30395DFA8186A6400062136A,3583784000253,4006892,footwear,PW-01,dec-fr-bordeaux
30396062C3901EC000041B09,3608439340116,4006890,footwear,PW-01,dec-fr-bordeaux
30396062C3901EC00062121E,3608439340116,4006890,footwear,PW-01,dec-fr-bordeaux
30396062C3901EC0008940E5,3608439340116,4006890,footwear,BR-02,dec-fr-bordeaux
30396062C3901F00005C0B6D,3608439340123,4006891,footwear,PW-01,dec-fr-bordeaux
30396062C3901F000005F44F,3608439340123,4006891,footwear,PW-01,dec-fr-bordeaux
30396062C3901F0000671774,3608439340123,4006891,footwear,BR-03,dec-fr-bordeaux
30396062C3901F40005F2327,3608439340130,4006888,footwear,PW-01,dec-fr-bordeaux
30396062C3901F40000D2AE9,3608439340130,4006888,footwear,PW-01,dec-fr-bordeaux
30396062C3901F400097D03C,3608439340130,4006888,footwear,PW-01,dec-fr-bordeaux
30396062C3901F4000214015,3608439340130,4006888,footwear,BR-04,dec-fr-bordeaux
30396062C3901F8000499854,3608439340147,4006889,footwear,PW-01,dec-fr-bordeaux
30396062C3901F80003A3033,3608439340147,4006889,footwear,PW-01,dec-fr-bordeaux
30396062C3901F800030A641,3608439340147,4006889,footwear,PW-01,dec-fr-bordeaux
30396062C3901F800069CF07,3608439340147,4006889,footwear,BR-01,dec-fr-bordeaux
30396062C3901FC000717DC3,3608439340154,4006886,footwear,PW-01,dec-fr-bordeaux
30396062C3902000005C3B7E,3608439340161,4006887,footwear,PW-01,dec-fr-bordeaux
30396062C3902000006407CB,3608439340161,4006887,footwear,PW-01,dec-fr-bordeaux
30396062C3902000006DB7D4,3608439340161,4006887,footwear,BR-02,dec-fr-bordeaux
30396061C09E84C0000AD103,3608391623234,5223932,accessories,ACC-02,dec-fr-bordeaux
30396061C09E84C00003DBFA,3608391623234,5223932,accessories,ACC-02,dec-fr-bordeaux
30396061C09E84C0001F0DA9,3608391623234,5223932,accessories,ACC-02,dec-fr-bordeaux
30396061C09E84C000076A6E,3608391623234,5223932,accessories,ACC-02,dec-fr-bordeaux
30396061C09E84C0007C0EA1,3608391623234,5223932,accessories,ACC-02,dec-fr-bordeaux
30396061C09E84C0006A7954,3608391623234,5223932,accessories,ACC-02,dec-fr-bordeaux
30396061C09E84C00042B0C2,3608391623234,5223932,accessories,ACC-02,dec-fr-bordeaux
30396061C09E84C0004626E8,3608391623234,5223932,accessories,ACC-02,dec-fr-bordeaux
30396061C09E84C000189288,3608391623234,5223932,accessories,BR-03,dec-fr-bordeaux
30396061C09E84C00078C362,3608391623234,5223932,accessories,BR-04,dec-fr-bordeaux
30396061C174FA400049FA55,3608393819291,5722028,apparel,GF-R1-U1,dec-fr-bordeaux
30396061C174FA40004F94F1,3608393819291,5722028,apparel,GF-R1-U1,dec-fr-bordeaux
30396061C174FA400032F4D8,3608393819291,5722028,apparel,GF-R1-U1,dec-fr-bordeaux
30396061C174FA400031AF99,3608393819291,5722028,apparel,BR-01,dec-fr-bordeaux
30396061C1751880005ADF74,3608393820501,5722029,apparel,GF-R1-U1,dec-fr-bordeaux
30396061C1751880004448ED,3608393820501,5722029,apparel,GF-R1-U1,dec-fr-bordeaux
30396061C17518800038EA08,3608393820501,5722029,apparel,GF-R1-U1,dec-fr-bordeaux
30396061C1751880005F710F,3608393820501,5722029,apparel,GF-R1-U1,dec-fr-bordeaux
30396061C175188000380E46,3608393820501,5722029,apparel,GF-R1-U1,dec-fr-bordeaux
30396061C17518800047FBC9,3608393820501,5722029,apparel,BR-02,dec-fr-bordeaux
30396061C17518C00081C4C7,3608393820518,5722030,apparel,GF-R1-U1,dec-fr-bordeaux
30396061C17518C0004EE06F,3608393820518,5722030,apparel,GF-R1-U1,dec-fr-bordeaux
30396061C17518C0004A32D1,3608393820518,5722030,apparel,GF-R1-U1,dec-fr-bordeaux
30396061C17518C0005FC941,3608393820518,5722030,apparel,GF-R1-U1,dec-fr-bordeaux
30396061C17518C00067F71C,3608393820518,5722030,apparel,BR-03,dec-fr-bordeaux
30396061C1751900003EE585,3608393820525,5722031,apparel,GF-R1-U1,dec-fr-bordeaux
30396061C175190000399E14,3608393820525,5722031,apparel,GF-R1-U1,dec-fr-bordeaux
30396061C17519000051B14E,3608393820525,5722031,apparel,GF-R1-U1,dec-fr-bordeaux
30396061C17519000019F076,3608393820525,5722031,apparel,BR-04,dec-fr-bordeaux
30396061C175194000785482,3608393820532,5722032,apparel,GF-R1-U1,dec-fr-bordeaux
30396061C1751940000442F9,3608393820532,5722032,apparel,GF-R1-U1,dec-fr-bordeaux
30395DFA81A2DD00006714CC,3583784289160,4602906,apparel,GF-R1-U2,dec-fr-bordeaux
30395DFA81A2DD40008C4043,3583784289177,4602907,apparel,GF-R1-U2,dec-fr-bordeaux
30395DFA81A2DD400025A50B,3583784289177,4602907,apparel,GF-R1-U2,dec-fr-bordeaux
30395DFA81A2DD800086415E,3583784289184,4602908,apparel,GF-R1-U2,dec-fr-bordeaux
30395DFA81A2DD80008AFA15,3583784289184,4602908,apparel,GF-R1-U2,dec-fr-bordeaux
30395DFA81A2DD8000802C74,3583784289184,4602908,apparel,GF-R1-U2,dec-fr-bordeaux
30395DFA81A2DD80004A0C60,3583784289184,4602908,apparel,BR-01,dec-fr-bordeaux
30395DFA81A2DDC000490793,3583784289191,4602909,apparel,GF-R1-U2,dec-fr-bordeaux
30395DFA81A2DDC000832BCE,3583784289191,4602909,apparel,GF-R1-U2,dec-fr-bordeaux
30395DFA81A2DDC0007365A4,3583784289191,4602909,apparel,GF-R1-U2,dec-fr-bordeaux
30395DFA81A2DDC0002DC5CB,3583784289191,4602909,apparel,BR-02,dec-fr-bordeaux
30395DFA81A2ED0000957C97,3583784289801,4602911,apparel,GF-R1-U2,dec-fr-bordeaux
30395DFA81A2ED000011524F,3583784289801,4602911,apparel,GF-R1-U2,dec-fr-bordeaux
30395DFA81A2ED00007B5A21,3583784289801,4602911,apparel,GF-R1-U2,dec-fr-bordeaux
30395DFA81A2ED00001569E8,3583784289801,4602911,apparel,BR-03,dec-fr-bordeaux
30395DFA81A2ED4000751F08,3583784289818,4602912,apparel,GF-R1-U2,dec-fr-bordeaux
30395DFA81A2ED40004C476A,3583784289818,4602912,apparel,GF-R1-U2,dec-fr-bordeaux
30395DFA81A2ED40004B9FA9,3583784289818,4602912,apparel,BR-04,dec-fr-bordeaux
30395DFA81A2ED800096A3F0,3583784289825,4602913,apparel,GF-R1-U2,dec-fr-bordeaux
30395DFA81A2EDC00004A0D1,3583784289832,4602914,apparel,GF-R1-U2,dec-fr-bordeaux
30395DFA819E01C000943157,3583784239431,4010359,apparel,GB-R3-U2,dec-fr-bordeaux
30395DFA819E0200003FEB97,3583784239448,4010361,apparel,GB-R3-U2,dec-fr-bordeaux
30395DFA819E024000301FF1,3583784239455,4010363,apparel,GB-R3-U2,dec-fr-bordeaux
30395DFA819E02800068D714,3583784239462,4010365,apparel,GB-R3-U2,dec-fr-bordeaux
30395DFA819E028000142D16,3583784239462,4010365,apparel,GB-R3-U2,dec-fr-bordeaux
30395DFA819E02C0007397F6,3583784239479,4010367,apparel,GB-R3-U2,dec-fr-bordeaux
30395DFA819E0300002B913C,3583784239486,4010369,apparel,GB-R3-U2,dec-fr-bordeaux
30395DFA819E0300001C9FBF,3583784239486,4010369,apparel,GB-R3-U2,dec-fr-bordeaux
30395DFA819E03000058073B,3583784239486,4010369,apparel,BR-01,dec-fr-bordeaux
30395DFA819E034000384E13,3583784239493,4010371,apparel,GB-R3-U2,dec-fr-bordeaux
30396061C12FDFC0001E1005,3608393111678,4010362,apparel,GB-R3-U2,dec-fr-bordeaux
30396061C12FDFC0005A15E0,3608393111678,4010362,apparel,GB-R3-U2,dec-fr-bordeaux
30396061C12FE00000536C56,3608393111685,4010364,apparel,GB-R3-U2,dec-fr-bordeaux
30396061C12FE0400004322A,3608393111692,4010360,apparel,GB-R3-U2,dec-fr-bordeaux
30396061C12FFC800046A922,3608393112828,4010373,apparel,GB-R3-U2,dec-fr-bordeaux
30396061C12FFCC0005560B4,3608393112835,4010366,apparel,GB-R3-U2,dec-fr-bordeaux
30396061C12FFCC0004DABB6,3608393112835,4010366,apparel,GB-R3-U2,dec-fr-bordeaux
30396061C12FFD0000006DA0,3608393112842,4010370,apparel,GB-R3-U2,dec-fr-bordeaux
30395DFA8037C800002C0217,3583780571207,522209,outdoor,GF-R3-U2,dec-fr-bordeaux
30395DFA8037C800007C7FBC,3583780571207,522209,outdoor,GF-R3-U2,dec-fr-bordeaux
30396061C04862400007D05F,3608390741212,5066079,accessories,GB-R2-U2,dec-fr-bordeaux
30396061C0486F0000718A1A,3608390741724,5066080,accessories,GB-R2-U2,dec-fr-bordeaux
30396061C0C526C00040E205,3608392018831,5365302,accessories,GB-R2-U2,dec-fr-bordeaux
30396061C15FCD40008E5A9C,3608393602459,5538474,accessories,GB-R2-U2,dec-fr-bordeaux
30396061C15FCD40000C9540,3608393602459,5538474,accessories,GB-R2-U2,dec-fr-bordeaux
30396061C1601F0000208558,3608393605726,5537069,accessories,GB-R2-U2,dec-fr-bordeaux
3039606203C0F44000931856,3608409840172,4184205,outdoor,GF-R1-U1,dec-fr-bordeaux
30395DFA81DCB68000268E22,3583784881548,5242383,outdoor,GF-R1-U2,dec-fr-bordeaux
30395DFA81DCB700003D0DF5,3583784881562,5242385,outdoor,GF-R1-U2,dec-fr-bordeaux
30396062C3882B80000788E7,3608439258701,4264187,apparel,GF-R3-U1,dec-fr-bordeaux
30396062C38D77C0000581B1,3608439312953,4264185,apparel,GF-R3-U1,dec-fr-bordeaux
30396062C38D77C00030B7E7,3608439312953,4264185,apparel,GF-R3-U1,dec-fr-bordeaux
30396062C38D7900006F8C1A,3608439313004,4264194,apparel,GF-R3-U1,dec-fr-bordeaux
30396062C38D79000044DE74,3608439313004,4264194,apparel,GF-R3-U1,dec-fr-bordeaux
30396062C38D79400001166E,3608439313011,4264193,apparel,GF-R3-U1,dec-fr-bordeaux
30396062C38D7940009679DE,3608439313011,4264193,apparel,GF-R3-U1,dec-fr-bordeaux
30396062C38D79400010D517,3608439313011,4264193,apparel,GF-R3-U1,dec-fr-bordeaux
30396062C38D79400097D2E1,3608439313011,4264193,apparel,BR-02,dec-fr-bordeaux
30396062C38D79C000454061,3608439313035,4264190,apparel,GF-R3-U1,dec-fr-bordeaux
30396062C38D79C000481FC4,3608439313035,4264190,apparel,GF-R3-U1,dec-fr-bordeaux
30396062C38D79C000986C53,3608439313035,4264190,apparel,GF-R3-U1,dec-fr-bordeaux
30396062C38D79C0001432CF,3608439313035,4264190,apparel,GF-R3-U1,dec-fr-bordeaux
30396062C38D79C0005CE288,3608439313035,4264190,apparel,BR-03,dec-fr-bordeaux
30396062C38D7A00000C899E,3608439313042,4264192,apparel,GF-R3-U1,dec-fr-bordeaux
30396062C38D7A00008D6FB8,3608439313042,4264192,apparel,GF-R3-U1,dec-fr-bordeaux
30396062C38D7A00001A2880,3608439313042,4264192,apparel,GF-R3-U1,dec-fr-bordeaux
30396062C38D7A000038DD1A,3608439313042,4264192,apparel,BR-04,dec-fr-bordeaux
30396062C38D7A8000988660,3608439313066,4264191,apparel,GF-R3-U1,dec-fr-bordeaux
30396062C38D7A80004EE6AA,3608439313066,4264191,apparel,GF-R3-U1,dec-fr-bordeaux
30396062C38D7A80005F6EC4,3608439313066,4264191,apparel,GF-R3-U1,dec-fr-bordeaux
30396062C38D7A80004BAE21,3608439313066,4264191,apparel,GF-R3-U1,dec-fr-bordeaux
30396062C38D7A800007D880,3608439313066,4264191,apparel,GF-R3-U1,dec-fr-bordeaux
30396062C38D7A8000452D89,3608439313066,4264191,apparel,BR-01,dec-fr-bordeaux
30396061C0A0260000810ADD,3608391639921,5225506,outdoor,GB-R1-U1,dec-fr-bordeaux
30396061C0FF788000877E57,3608392616020,5485697,bag_pack,PE-03,dec-fr-bordeaux
30396061C0FF7880005A088F,3608392616020,5485697,bag_pack,PE-03,dec-fr-bordeaux
30396061C0FF788000090987,3608392616020,5485697,bag_pack,PE-03,dec-fr-bordeaux
30396061C0FF7880007BC5CD,3608392616020,5485697,bag_pack,BR-02,dec-fr-bordeaux
30395DFA82C94680004688AE,3583787303948,4361592,accessories,GB-R3-U2,dec-fr-bordeaux
30395DFA82C94680006BF1F0,3583787303948,4361592,accessories,GB-R3-U2,dec-fr-bordeaux
30395DFA82C946C000719AB0,3583787303955,4361593,accessories,GB-R3-U2,dec-fr-bordeaux
30395DFA82C9470000898F6E,3583787303962,4361594,accessories,GB-R3-U2,dec-fr-bordeaux
30395DFA82C94740008BEEEB,3583787303979,4361595,accessories,GB-R3-U2,dec-fr-bordeaux
30395DFA82C9474000126C7A,3583787303979,4361595,accessories,GB-R3-U2,dec-fr-bordeaux
30395DFA82C947C0000166AF,3583787303993,4361589,accessories,GB-R3-U2,dec-fr-bordeaux
30395DFA82C948000085E0D5,3583787304006,4361590,accessories,GB-R3-U2,dec-fr-bordeaux
30395DFA82C94800005B3EED,3583787304006,4361590,accessories,GB-R3-U2,dec-fr-bordeaux
30395DFA82C94840001534B1,3583787304013,4361591,accessories,GB-R3-U2,dec-fr-bordeaux
30395DFA82C212C000657B29,3583787230190,4879842,apparel,GB-R1-U1,dec-fr-bordeaux
30395DFA82C212C00025D3E1,3583787230190,4879842,apparel,GB-R1-U1,dec-fr-bordeaux
30395DFA82C212C000929BAC,3583787230190,4879842,apparel,GB-R1-U1,dec-fr-bordeaux
30395DFA82C212C00049C972,3583787230190,4879842,apparel,BR-03,dec-fr-bordeaux
30395DFA82C21600007204FE,3583787230329,4879845,apparel,GB-R1-U1,dec-fr-bordeaux
30395DFA82C21600006E023D,3583787230329,4879845,apparel,GB-R1-U1,dec-fr-bordeaux
30395DFA82C21600001AC447,3583787230329,4879845,apparel,GB-R1-U1,dec-fr-bordeaux
30395DFA82C216000032CB72,3583787230329,4879845,apparel,GB-R1-U1,dec-fr-bordeaux
30395DFA82C216000067962E,3583787230329,4879845,apparel,BR-04,dec-fr-bordeaux
30395DFA82C21640007DA11E,3583787230336,4879844,apparel,GB-R1-U1,dec-fr-bordeaux
30395DFA82C21640001BCF63,3583787230336,4879844,apparel,GB-R1-U1,dec-fr-bordeaux
30395DFA82C21640001C7657,3583787230336,4879844,apparel,GB-R1-U1,dec-fr-bordeaux
30395DFA82C21640004C4EAB,3583787230336,4879844,apparel,GB-R1-U1,dec-fr-bordeaux
30395DFA82C216400037952A,3583787230336,4879844,apparel,GB-R1-U1,dec-fr-bordeaux
30395DFA82C2164000169660,3583787230336,4879844,apparel,BR-01,dec-fr-bordeaux
30395DFA82C2168000546D8A,3583787230343,4879843,apparel,GB-R1-U1,dec-fr-bordeaux
30395DFA82C216800071F11C,3583787230343,4879843,apparel,GB-R1-U1,dec-fr-bordeaux
30395DFA82C216800011B9BD,3583787230343,4879843,apparel,GB-R1-U1,dec-fr-bordeaux
30395DFA82C2168000344AB6,3583787230343,4879843,apparel,GB-R1-U1,dec-fr-bordeaux
30395DFA82C216800049787B,3583787230343,4879843,apparel,GB-R1-U1,dec-fr-bordeaux
30395DFA82C21680004CA0A2,3583787230343,4879843,apparel,BR-02,dec-fr-bordeaux
3039606303C85140004A482D,3608449915571,885265,apparel,GB-R1-U2,dec-fr-bordeaux
3039606303C851400060702B,3608449915571,885265,apparel,GB-R1-U2,dec-fr-bordeaux
3039606303C8514000915553,3608449915571,885265,apparel,BR-03,dec-fr-bordeaux
3039606303C851800036BD29,3608449915588,885264,apparel,GB-R1-U2,dec-fr-bordeaux
3039606303C8518000755189,3608449915588,885264,apparel,GB-R1-U2,dec-fr-bordeaux
3039606303C8518000353134,3608449915588,885264,apparel,GB-R1-U2,dec-fr-bordeaux
3039606303C85180000EC736,3608449915588,885264,apparel,GB-R1-U2,dec-fr-bordeaux
3039606303C85180000E77A1,3608449915588,885264,apparel,BR-04,dec-fr-bordeaux
3039606303C851C0004B5911,3608449915595,885261,apparel,GB-R1-U2,dec-fr-bordeaux
3039606303C851C0000A1B39,3608449915595,885261,apparel,GB-R1-U2,dec-fr-bordeaux
3039606303C851C00033F2B2,3608449915595,885261,apparel,GB-R1-U2,dec-fr-bordeaux
3039606303C851C0006296C5,3608449915595,885261,apparel,GB-R1-U2,dec-fr-bordeaux
3039606303C851C0000673D5,3608449915595,885261,apparel,GB-R1-U2,dec-fr-bordeaux
3039606303C851C000823556,3608449915595,885261,apparel,GB-R1-U2,dec-fr-bordeaux
3039606303C851C000029E2A,3608449915595,885261,apparel,GB-R1-U2,dec-fr-bordeaux
3039606303C851C00019BC01,3608449915595,885261,apparel,BR-01,dec-fr-bordeaux
3039606303C852000067AD83,3608449915601,885260,apparel,GB-R1-U2,dec-fr-bordeaux
3039606303C85200008892B7,3608449915601,885260,apparel,GB-R1-U2,dec-fr-bordeaux
3039606303C8520000523BBD,3608449915601,885260,apparel,GB-R1-U2,dec-fr-bordeaux
3039606303C852000024B6C5,3608449915601,885260,apparel,GB-R1-U2,dec-fr-bordeaux
3039606303C85200008D3105,3608449915601,885260,apparel,GB-R1-U2,dec-fr-bordeaux
3039606303C85200007A317A,3608449915601,885260,apparel,GB-R1-U2,dec-fr-bordeaux
3039606303C8520000245AB4,3608449915601,885260,apparel,GB-R1-U2,dec-fr-bordeaux
3039606303C8520000782EE3,3608449915601,885260,apparel,BR-02,dec-fr-bordeaux
3039606303C852400050F8DC,3608449915618,885258,apparel,GB-R1-U2,dec-fr-bordeaux
3039606303C85240000E4C73,3608449915618,885258,apparel,GB-R1-U2,dec-fr-bordeaux
3039606303C852400020C4E6,3608449915618,885258,apparel,GB-R1-U2,dec-fr-bordeaux
3039606303C852400048B84D,3608449915618,885258,apparel,GB-R1-U2,dec-fr-bordeaux
3039606303C852400059EC1A,3608449915618,885258,apparel,BR-03,dec-fr-bordeaux
3039606303C85280007865E2,3608449915625,885256,apparel,GB-R1-U2,dec-fr-bordeaux
3039606303C85280007C1FA5,3608449915625,885256,apparel,GB-R1-U2,dec-fr-bordeaux
3039606303C8528000044AC3,3608449915625,885256,apparel,BR-04,dec-fr-bordeaux
30396061C0B9FE000092EC85,3608391904562,5326036,outdoor,GB-R1-U2,dec-fr-bordeaux
30396061C0B9FE80001DE629,3608391904586,5326038,outdoor,GB-R1-U2,dec-fr-bordeaux
30396061C04CBC40009364BF,3608390785773,5083867,footwear,PE-01,dec-fr-bordeaux
30396061C04CBC40005F0796,3608390785773,5083867,footwear,PE-01,dec-fr-bordeaux
30396061C04CBC40001952A9,3608390785773,5083867,footwear,PE-01,dec-fr-bordeaux
30396061C04CBC400012958F,3608390785773,5083867,footwear,PE-01,dec-fr-bordeaux
30396061C04CBC4000029779,3608390785773,5083867,footwear,PE-01,dec-fr-bordeaux
30396061C04CBC40006748E4,3608390785773,5083867,footwear,PE-01,dec-fr-bordeaux
30396061C04CBC400039382D,3608390785773,5083867,footwear,PE-01,dec-fr-bordeaux
30396061C04CBC4000221893,3608390785773,5083867,footwear,PE-01,dec-fr-bordeaux
30396061C04CBC400035B9BD,3608390785773,5083867,footwear,BR-01,dec-fr-bordeaux
30396061C04CBC40003ACC73,3608390785773,5083867,footwear,BR-02,dec-fr-bordeaux
30396061C04CBC80006726C7,3608390785780,5083868,footwear,PE-01,dec-fr-bordeaux
30396061C04CBC8000126B54,3608390785780,5083868,footwear,PE-01,dec-fr-bordeaux
30396061C04CBC800079E11C,3608390785780,5083868,footwear,PE-01,dec-fr-bordeaux
30396061C04CBC80004F8217,3608390785780,5083868,footwear,PE-01,dec-fr-bordeaux
30396061C04CBC80003BD35E,3608390785780,5083868,footwear,PE-01,dec-fr-bordeaux
30396061C04CBC8000843C19,3608390785780,5083868,footwear,PE-01,dec-fr-bordeaux
30396061C04CBC800024209B,3608390785780,5083868,footwear,BR-03,dec-fr-bordeaux
30396061C04CBCC00014E393,3608390785797,5083869,footwear,PE-01,dec-fr-bordeaux
30396061C04CBCC000213288,3608390785797,5083869,footwear,PE-01,dec-fr-bordeaux
30396061C04CD380005BC918,3608390786701,5083870,footwear,PE-01,dec-fr-bordeaux
30396061C04CD3800080B4AE,3608390786701,5083870,footwear,PE-01,dec-fr-bordeaux
30396061C04CD380007CAB30,3608390786701,5083870,footwear,BR-04,dec-fr-bordeaux
30396061C04CD3C00056946F,3608390786718,5083871,footwear,PE-01,dec-fr-bordeaux
30396061C04CD3C0001E8201,3608390786718,5083871,footwear,PE-01,dec-fr-bordeaux
30396061C04CD3C00024B8F7,3608390786718,5083871,footwear,PE-01,dec-fr-bordeaux
30396061C04CD3C00086FB61,3608390786718,5083871,footwear,PE-01,dec-fr-bordeaux
30396061C04CD3C0004C0CEA,3608390786718,5083871,footwear,PE-01,dec-fr-bordeaux
30396061C04CD3C0002D0353,3608390786718,5083871,footwear,BR-01,dec-fr-bordeaux
30395DFA82BECA800048E93C,3583787196588,4777408,bag_pack,PE-01,dec-fr-bordeaux
30395DFA82BECA80003A472E,3583787196588,4777408,bag_pack,PE-01,dec-fr-bordeaux
30395DFA82BECA800082DDF0,3583787196588,4777408,bag_pack,BR-02,dec-fr-bordeaux
30395DFA82C4B380005B7EF0,3583787257104,4777409,bag_pack,PE-01,dec-fr-bordeaux
30395DFA82C4B380004F3BA1,3583787257104,4777409,bag_pack,PE-01,dec-fr-bordeaux
30395DFA82C4B3800061A0FC,3583787257104,4777409,bag_pack,BR-03,dec-fr-bordeaux
30395DFA82C6764000075C51,3583787275139,4504051,bag_pack,PE-01,dec-fr-bordeaux
30395DFA82C67640002E03DC,3583787275139,4504051,bag_pack,PE-01,dec-fr-bordeaux
30396062C392138000713A09,3608439360145,2923834,outdoor,GB-R3-U1,dec-fr-bordeaux
30396062C39213800039D726,3608439360145,2923834,outdoor,GB-R3-U1,dec-fr-bordeaux
30396061C150848000407C17,3608393445940,5395829,bag_pack,GF-R1-U1,dec-fr-bordeaux
30396061C15084800011589F,3608393445940,5395829,bag_pack,GF-R1-U1,dec-fr-bordeaux
30396061C1508480008A96A2,3608393445940,5395829,bag_pack,GF-R1-U1,dec-fr-bordeaux
30396061C15084800021E179,3608393445940,5395829,bag_pack,GF-R1-U1,dec-fr-bordeaux
30396061C150848000856ECB,3608393445940,5395829,bag_pack,BR-04,dec-fr-bordeaux
30395DFA8185E780009819A6,3583783992627,2458962,apparel,GF-R3-U2,dec-fr-bordeaux
30395DFA8185E780003CCD5A,3583783992627,2458962,apparel,GF-R3-U2,dec-fr-bordeaux
30395DFA8185E780003D0049,3583783992627,2458962,apparel,BR-01,dec-fr-bordeaux
30395DFA8185E7C00010D926,3583783992634,2458963,apparel,GF-R3-U2,dec-fr-bordeaux
30395DFA83045840006A3CDC,3583787908815,2458972,apparel,GF-R3-U2,dec-fr-bordeaux
30395DFA83045840000DDF53,3583787908815,2458972,apparel,GF-R3-U2,dec-fr-bordeaux
30395DFA83045880002A3A87,3583787908822,2458970,apparel,GF-R3-U2,dec-fr-bordeaux
30395DFA830458800020FE53,3583787908822,2458970,apparel,GF-R3-U2,dec-fr-bordeaux
30395DFA8304588000340406,3583787908822,2458970,apparel,GF-R3-U2,dec-fr-bordeaux
30395DFA83045880002493D0,3583787908822,2458970,apparel,GF-R3-U2,dec-fr-bordeaux
30395DFA830458800097B666,3583787908822,2458970,apparel,BR-02,dec-fr-bordeaux
30395DFA830458C0007BB671,3583787908839,2458971,apparel,GF-R3-U2,dec-fr-bordeaux
30395DFA830458C0008FF6A6,3583787908839,2458971,apparel,GF-R3-U2,dec-fr-bordeaux
30395DFA830458C00046A3BA,3583787908839,2458971,apparel,GF-R3-U2,dec-fr-bordeaux
30395DFA830458C000272741,3583787908839,2458971,apparel,GF-R3-U2,dec-fr-bordeaux
30395DFA830458C0003C8CC2,3583787908839,2458971,apparel,BR-03,dec-fr-bordeaux
30395DFA830459000095240C,3583787908846,2458968,apparel,GF-R3-U2,dec-fr-bordeaux
30395DFA830459000097E15D,3583787908846,2458968,apparel,GF-R3-U2,dec-fr-bordeaux
30395DFA830459000042E3D6,3583787908846,2458968,apparel,GF-R3-U2,dec-fr-bordeaux
30395DFA8304590000469C88,3583787908846,2458968,apparel,GF-R3-U2,dec-fr-bordeaux
30395DFA83045900003A8DC9,3583787908846,2458968,apparel,GF-R3-U2,dec-fr-bordeaux
30395DFA83045900001458B8,3583787908846,2458968,apparel,GF-R3-U2,dec-fr-bordeaux
30395DFA83045900006F2F56,3583787908846,2458968,apparel,GF-R3-U2,dec-fr-bordeaux
30395DFA83045900005D2DD8,3583787908846,2458968,apparel,BR-04,dec-fr-bordeaux
30395DFA83045940007C986B,3583787908853,2458969,apparel,GF-R3-U2,dec-fr-bordeaux
30395DFA8304594000704070,3583787908853,2458969,apparel,GF-R3-U2,dec-fr-bordeaux
30395DFA8304594000836782,3583787908853,2458969,apparel,GF-R3-U2,dec-fr-bordeaux
30395DFA8304594000870729,3583787908853,2458969,apparel,GF-R3-U2,dec-fr-bordeaux
30395DFA830459400078D786,3583787908853,2458969,apparel,GF-R3-U2,dec-fr-bordeaux
30395DFA83045940007791D9,3583787908853,2458969,apparel,GF-R3-U2,dec-fr-bordeaux
30395DFA83045940006D7D42,3583787908853,2458969,apparel,GF-R3-U2,dec-fr-bordeaux
30395DFA83045940003ADADA,3583787908853,2458969,apparel,BR-01,dec-fr-bordeaux
30396061C132990000677EA8,3608393139566,5624254,bag_pack,GF-R3-U1,dec-fr-bordeaux
30396061C13299000036B1D7,3608393139566,5624254,bag_pack,GF-R3-U1,dec-fr-bordeaux
30396061C1349600006DE83C,3608393159922,5624261,bag_pack,GF-R3-U1,dec-fr-bordeaux
30396061C1349600005559F7,3608393159922,5624261,bag_pack,GF-R3-U1,dec-fr-bordeaux
30396061C134A8400016FF7D,3608393160652,5624252,bag_pack,GF-R3-U1,dec-fr-bordeaux
30396061C134A84000183B4C,3608393160652,5624252,bag_pack,GF-R3-U1,dec-fr-bordeaux
30396061C173B98000169CFE,3608393806468,5723430,bag_pack,GF-R3-U1,dec-fr-bordeaux
30396061C173B9800071E96E,3608393806468,5723430,bag_pack,GF-R3-U1,dec-fr-bordeaux
30396061C173B98000765693,3608393806468,5723430,bag_pack,BR-02,dec-fr-bordeaux
30396061C0A02F40000ABF36,3608391640293,5225785,outdoor,GB-R3-U2,dec-fr-bordeaux
30396061C1ADBF4000360037,3608394400610,5830896,outdoor,GF-R3-U1,dec-fr-bordeaux
30396061C1ADBF40008205A9,3608394400610,5830896,outdoor,GF-R3-U1,dec-fr-bordeaux
30395DFA819EF000004B00E2,3583784248969,4391991,apparel,GF-R1-U1,dec-fr-bordeaux
30395DFA819EF040006FFAEB,3583784248976,4391992,apparel,GF-R1-U1,dec-fr-bordeaux
30395DFA819EF080002F2BC5,3583784248983,4391993,apparel,GF-R1-U1,dec-fr-bordeaux
30395DFA819EF0C0003ED3E9,3583784248990,4391994,apparel,GF-R1-U1,dec-fr-bordeaux
30395DFA819EF8C00066ADCB,3583784249317,4246407,apparel,GF-R1-U1,dec-fr-bordeaux
30395DFA819EF900004FD042,3583784249324,4246408,apparel,GF-R1-U1,dec-fr-bordeaux
30395DFA819EF9400060805A,3583784249331,4246409,apparel,GF-R1-U1,dec-fr-bordeaux
30395DFA819EF9800091B0AC,3583784249348,4246410,apparel,GF-R1-U1,dec-fr-bordeaux
30395DFA819EFB4000185468,3583784249416,4391997,apparel,GF-R1-U1,dec-fr-bordeaux
30395DFA81A59440004842E8,3583784316972,4392018,apparel,GF-R1-U1,dec-fr-bordeaux
30395DFA81A594800082571C,3583784316989,4392019,apparel,GF-R1-U1,dec-fr-bordeaux
30396061C05C3D000029BD9B,3608390944521,5134095,apparel,GF-R1-U1,dec-fr-bordeaux
30396061C05C3D4000743417,3608390944538,5134096,apparel,GF-R1-U1,dec-fr-bordeaux
30396061C05C3DC0006FA479,3608390944552,5134098,apparel,GF-R1-U1,dec-fr-bordeaux
30396061C00B92800043CB2A,3608390118502,4047155,accessories,GB-R2-U1,dec-fr-bordeaux
30396061C00B9280003AA9EF,3608390118502,4047155,accessories,GB-R2-U1,dec-fr-bordeaux
30396061C00B9280007C95F6,3608390118502,4047155,accessories,GB-R2-U1,dec-fr-bordeaux
30396061C00B9280004CEBB3,3608390118502,4047155,accessories,GB-R2-U1,dec-fr-bordeaux
30396061C00B928000323354,3608390118502,4047155,accessories,GB-R2-U1,dec-fr-bordeaux
30396061C00B92800050DE5D,3608390118502,4047155,accessories,GB-R2-U1,dec-fr-bordeaux
30396061C00B9280004504B1,3608390118502,4047155,accessories,GB-R2-U1,dec-fr-bordeaux
30396061C00B928000476C37,3608390118502,4047155,accessories,BR-03,dec-fr-bordeaux
30396061C00B92800007F53E,3608390118502,4047155,accessories,BR-04,dec-fr-bordeaux
30396061C17D8AC0003BC3DC,3608393906991,5075896,apparel,GF-R1-U2,dec-fr-bordeaux
30396061C17D8AC00072D784,3608393906991,5075896,apparel,GF-R1-U2,dec-fr-bordeaux
30396061C17D9F00009280A3,3608393907806,5075897,apparel,GF-R1-U2,dec-fr-bordeaux
30396061C17D9F00006C3829,3608393907806,5075897,apparel,GF-R1-U2,dec-fr-bordeaux
30396061C17D9F000013A97F,3608393907806,5075897,apparel,GF-R1-U2,dec-fr-bordeaux
30396061C17D9F00007DAC8F,3608393907806,5075897,apparel,BR-01,dec-fr-bordeaux
30396061C17D9F400083BC94,3608393907813,5075898,apparel,GF-R1-U2,dec-fr-bordeaux
30396061C17D9F4000147255,3608393907813,5075898,apparel,GF-R1-U2,dec-fr-bordeaux
30396061C17D9F40005990BB,3608393907813,5075898,apparel,GF-R1-U2,dec-fr-bordeaux
30396061C17D9F40008F7B64,3608393907813,5075898,apparel,GF-R1-U2,dec-fr-bordeaux
30396061C17D9F400061E78D,3608393907813,5075898,apparel,GF-R1-U2,dec-fr-bordeaux
30396061C17D9F40007EE5E9,3608393907813,5075898,apparel,GF-R1-U2,dec-fr-bordeaux
30396061C17D9F400098580D,3608393907813,5075898,apparel,BR-02,dec-fr-bordeaux
30396061C17D9F800036242A,3608393907820,5075900,apparel,GF-R1-U2,dec-fr-bordeaux
30396061C17D9F80005AEF8F,3608393907820,5075900,apparel,GF-R1-U2,dec-fr-bordeaux
30396061C17D9F800090D369,3608393907820,5075900,apparel,GF-R1-U2,dec-fr-bordeaux
30396061C17D9F800014E17E,3608393907820,5075900,apparel,GF-R1-U2,dec-fr-bordeaux
30396061C17D9F8000322071,3608393907820,5075900,apparel,GF-R1-U2,dec-fr-bordeaux
30396061C17D9F800054A94B,3608393907820,5075900,apparel,GF-R1-U2,dec-fr-bordeaux
30396061C17D9F80002061D7,3608393907820,5075900,apparel,BR-03,dec-fr-bordeaux
30396061C17D9FC0002E4479,3608393907837,5075901,apparel,GF-R1-U2,dec-fr-bordeaux
30396061C17D9FC00029D9BA,3608393907837,5075901,apparel,GF-R1-U2,dec-fr-bordeaux
30396061C17D9FC00075141E,3608393907837,5075901,apparel,GF-R1-U2,dec-fr-bordeaux
30396061C17D9FC000682CC4,3608393907837,5075901,apparel,GF-R1-U2,dec-fr-bordeaux
30396061C17D9FC00036BA71,3608393907837,5075901,apparel,BR-04,dec-fr-bordeaux
30396061C17DA000005B58A1,3608393907844,5075903,apparel,GF-R1-U2,dec-fr-bordeaux
30396061C17DA00000235A09,3608393907844,5075903,apparel,GF-R1-U2,dec-fr-bordeaux
30396061C17DA0000080A2CC,3608393907844,5075903,apparel,BR-01,dec-fr-bordeaux
30395DFA82D4CD00001CC776,3583787421963,4102216,bag_pack,GF-R1-U2,dec-fr-bordeaux
30395DFA82D4CD000077E7BA,3583787421963,4102216,bag_pack,GF-R1-U2,dec-fr-bordeaux
30395DFA82D4CD0000264FF1,3583787421963,4102216,bag_pack,GF-R1-U2,dec-fr-bordeaux
30395DFA82D4CD000084BC7F,3583787421963,4102216,bag_pack,GF-R1-U2,dec-fr-bordeaux
30395DFA82D4CD0000213680,3583787421963,4102216,bag_pack,GF-R1-U2,dec-fr-bordeaux
30395DFA82D4CD00002F28E0,3583787421963,4102216,bag_pack,GF-R1-U2,dec-fr-bordeaux
30395DFA82D4CD00004E48E9,3583787421963,4102216,bag_pack,GF-R1-U2,dec-fr-bordeaux
30395DFA82D4CD00007D8FAE,3583787421963,4102216,bag_pack,BR-02,dec-fr-bordeaux
30395DFA82F8E400004C4D1B,3583787791523,4017765,accessories,ACC-03,dec-fr-bordeaux
30395DFA82F8E400002AABA7,3583787791523,4017765,accessories,ACC-03,dec-fr-bordeaux
30395DFA82F8E400001C8750,3583787791523,4017765,accessories,ACC-03,dec-fr-bordeaux
30395DFA82F8E40000412115,3583787791523,4017765,accessories,ACC-03,dec-fr-bordeaux
30395DFA82F8E4000002C778,3583787791523,4017765,accessories,ACC-03,dec-fr-bordeaux
30395DFA82F8E4000034DD4B,3583787791523,4017765,accessories,ACC-03,dec-fr-bordeaux
30395DFA82F8E40000752FAF,3583787791523,4017765,accessories,BR-03,dec-fr-bordeaux
30396062C3925A80001E4E07,3608439362989,4047131,bag_pack,GF-R3-U2,dec-fr-bordeaux
30396062C3925A80005514C7,3608439362989,4047131,bag_pack,GF-R3-U2,dec-fr-bordeaux
30396062C3925A8000839BFE,3608439362989,4047131,bag_pack,GF-R3-U2,dec-fr-bordeaux
30396062C3925A80002CBC6A,3608439362989,4047131,bag_pack,GF-R3-U2,dec-fr-bordeaux
30396062C3925A80000062DD,3608439362989,4047131,bag_pack,BR-04,dec-fr-bordeaux
30395DFA82DF0940006B1687,3583787526774,4406775,apparel,GB-R1-U1,dec-fr-bordeaux
30395DFA82DF094000572D68,3583787526774,4406775,apparel,GB-R1-U1,dec-fr-bordeaux
30395DFA82DF09400020D8B5,3583787526774,4406775,apparel,BR-01,dec-fr-bordeaux
30395DFA82DF098000631153,3583787526781,4406776,apparel,GB-R1-U1,dec-fr-bordeaux
30395DFA82DF09C000432158,3583787526798,4406773,apparel,GB-R1-U1,dec-fr-bordeaux
30395DFA82DF09C0004A862B,3583787526798,4406773,apparel,GB-R1-U1,dec-fr-bordeaux
30395DFA82DF09C0003AAAEA,3583787526798,4406773,apparel,GB-R1-U1,dec-fr-bordeaux
30395DFA82DF09C000389035,3583787526798,4406773,apparel,BR-02,dec-fr-bordeaux
30395DFA82DF0A00000C3223,3583787526804,4406774,apparel,GB-R1-U1,dec-fr-bordeaux
30395DFA82DF0A0000756475,3583787526804,4406774,apparel,GB-R1-U1,dec-fr-bordeaux
30395DFA82DF0A000040EC9E,3583787526804,4406774,apparel,GB-R1-U1,dec-fr-bordeaux
30395DFA82DF0A00008F74B9,3583787526804,4406774,apparel,BR-03,dec-fr-bordeaux
30395DFA82DF0A400031B934,3583787526811,4406772,apparel,GB-R1-U1,dec-fr-bordeaux
30395DFA82DF0A400040684F,3583787526811,4406772,apparel,GB-R1-U1,dec-fr-bordeaux
30396061C0DBAA4000723BE2,3608392249372,5407392,apparel,GB-R1-U1,dec-fr-bordeaux
30396061C0DBAA40005F5091,3608392249372,5407392,apparel,GB-R1-U1,dec-fr-bordeaux
30396061C0DBAA400077F17B,3608392249372,5407392,apparel,BR-04,dec-fr-bordeaux
30396061C0DBAA80006A96BD,3608392249389,5407393,apparel,GB-R1-U1,dec-fr-bordeaux
30396061C0DBAA800040CBE3,3608392249389,5407393,apparel,GB-R1-U1,dec-fr-bordeaux
30396061C0DBAA80003F9C47,3608392249389,5407393,apparel,GB-R1-U1,dec-fr-bordeaux
30396061C0DBAA800062AD85,3608392249389,5407393,apparel,BR-01,dec-fr-bordeaux
30396061C0DBAAC000397BB6,3608392249396,5407394,apparel,GB-R1-U1,dec-fr-bordeaux
30396061C0DBAAC0005BD195,3608392249396,5407394,apparel,GB-R1-U1,dec-fr-bordeaux
30396061C0DBAAC00067C5E9,3608392249396,5407394,apparel,GB-R1-U1,dec-fr-bordeaux
30396061C0DBAAC0003F47AC,3608392249396,5407394,apparel,BR-02,dec-fr-bordeaux
30396061C0DBCB80008942BB,3608392250705,5407395,apparel,GB-R1-U1,dec-fr-bordeaux
30396061C0DBCB800079B880,3608392250705,5407395,apparel,GB-R1-U1,dec-fr-bordeaux
30396061C0DBCB80003A3EE1,3608392250705,5407395,apparel,BR-03,dec-fr-bordeaux
30396061C0DBCBC0003449AA,3608392250712,5407396,apparel,GB-R1-U1,dec-fr-bordeaux
30396061C0DBCBC00011B245,3608392250712,5407396,apparel,GB-R1-U1,dec-fr-bordeaux
30395DFA830001000091F3BD,3583787864364,2712105,apparel,GB-R1-U2,dec-fr-bordeaux
30395DFA83000100005F17C8,3583787864364,2712105,apparel,GB-R1-U2,dec-fr-bordeaux
30395DFA830001000010241C,3583787864364,2712105,apparel,GB-R1-U2,dec-fr-bordeaux
30395DFA8300010000968D68,3583787864364,2712105,apparel,GB-R1-U2,dec-fr-bordeaux
30395DFA83000100004768A5,3583787864364,2712105,apparel,GB-R1-U2,dec-fr-bordeaux
30395DFA830001000013EA9E,3583787864364,2712105,apparel,GB-R1-U2,dec-fr-bordeaux
30395DFA83000100007095F3,3583787864364,2712105,apparel,GB-R1-U2,dec-fr-bordeaux
30395DFA830001000064AFE0,3583787864364,2712105,apparel,BR-04,dec-fr-bordeaux
30395DFA830001800088F919,3583787864388,2712109,apparel,GB-R1-U2,dec-fr-bordeaux
30395DFA830001800083A902,3583787864388,2712109,apparel,GB-R1-U2,dec-fr-bordeaux
30395DFA830001C000966174,3583787864395,2712108,apparel,GB-R1-U2,dec-fr-bordeaux
30395DFA830001C0005F2AD5,3583787864395,2712108,apparel,GB-R1-U2,dec-fr-bordeaux
30395DFA830001C00059DA48,3583787864395,2712108,apparel,GB-R1-U2,dec-fr-bordeaux
30395DFA830001C0008F81FE,3583787864395,2712108,apparel,GB-R1-U2,dec-fr-bordeaux
30395DFA830001C0008593D5,3583787864395,2712108,apparel,BR-01,dec-fr-bordeaux
30395DFA8300020000814D69,3583787864401,2712107,apparel,GB-R1-U2,dec-fr-bordeaux
30395DFA830002000057B50E,3583787864401,2712107,apparel,GB-R1-U2,dec-fr-bordeaux
30395DFA83000200008BBEEA,3583787864401,2712107,apparel,GB-R1-U2,dec-fr-bordeaux
30395DFA8300020000589086,3583787864401,2712107,apparel,GB-R1-U2,dec-fr-bordeaux
30395DFA8300020000470103,3583787864401,2712107,apparel,BR-02,dec-fr-bordeaux
30395DFA830002400019E889,3583787864418,2712106,apparel,GB-R1-U2,dec-fr-bordeaux
30395DFA830002400041B6A6,3583787864418,2712106,apparel,GB-R1-U2,dec-fr-bordeaux
30395DFA830002400070BC12,3583787864418,2712106,apparel,GB-R1-U2,dec-fr-bordeaux
30395DFA83000240006C1517,3583787864418,2712106,apparel,GB-R1-U2,dec-fr-bordeaux
30395DFA8300024000475914,3583787864418,2712106,apparel,GB-R1-U2,dec-fr-bordeaux
30395DFA83000240007CC7A9,3583787864418,2712106,apparel,GB-R1-U2,dec-fr-bordeaux
30395DFA8300024000175F3C,3583787864418,2712106,apparel,GB-R1-U2,dec-fr-bordeaux
30395DFA8300024000351CF9,3583787864418,2712106,apparel,BR-03,dec-fr-bordeaux
30396062C38589800009649F,3608439231742,4927573,apparel,GB-R3-U1,dec-fr-bordeaux
30396062C3858A0000804761,3608439231766,4927572,apparel,GB-R3-U1,dec-fr-bordeaux
30396062C3858A0000355C5D,3608439231766,4927572,apparel,GB-R3-U1,dec-fr-bordeaux
30396062C3858C000050BB6D,3608439231841,4927569,apparel,GB-R3-U1,dec-fr-bordeaux
30396062C3858C00003796CE,3608439231841,4927569,apparel,GB-R3-U1,dec-fr-bordeaux
30396062C3858C00005D86F9,3608439231841,4927569,apparel,GB-R3-U1,dec-fr-bordeaux
30396062C3858C0000809143,3608439231841,4927569,apparel,GB-R3-U1,dec-fr-bordeaux
30396062C3858C00007BE319,3608439231841,4927569,apparel,BR-04,dec-fr-bordeaux
30396062C3858C8000065F2C,3608439231865,4927568,apparel,GB-R3-U1,dec-fr-bordeaux
30396062C3858C80006B7153,3608439231865,4927568,apparel,GB-R3-U1,dec-fr-bordeaux
30396062C3858C80001015C4,3608439231865,4927568,apparel,BR-01,dec-fr-bordeaux
30396062C3858D000066B60F,3608439231889,4927571,apparel,GB-R3-U1,dec-fr-bordeaux
30396062C3858D000025E7B1,3608439231889,4927571,apparel,GB-R3-U1,dec-fr-bordeaux
30396062C3858D0000612EC0,3608439231889,4927571,apparel,BR-02,dec-fr-bordeaux
30396062C3858DC000320444,3608439231919,4927570,apparel,GB-R3-U1,dec-fr-bordeaux
30396062C3858DC0008BE9BD,3608439231919,4927570,apparel,GB-R3-U1,dec-fr-bordeaux
30396062C3858DC00071B2DC,3608439231919,4927570,apparel,GB-R3-U1,dec-fr-bordeaux
30396062C3858DC0003C2FD8,3608439231919,4927570,apparel,BR-03,dec-fr-bordeaux
30396061C04763C0000F8DE2,3608390731039,5056926,apparel,GB-R3-U2,dec-fr-bordeaux
30396061C04763C000981FB7,3608390731039,5056926,apparel,GB-R3-U2,dec-fr-bordeaux
30396061C04763C0001BA2E4,3608390731039,5056926,apparel,GB-R3-U2,dec-fr-bordeaux
30396061C04763C000599CC3,3608390731039,5056926,apparel,BR-04,dec-fr-bordeaux
30396061C0476400000F52A3,3608390731046,5056927,apparel,GB-R3-U2,dec-fr-bordeaux
30396061C047640000901B42,3608390731046,5056927,apparel,GB-R3-U2,dec-fr-bordeaux
30396061C04764000063A743,3608390731046,5056927,apparel,GB-R3-U2,dec-fr-bordeaux
30396061C047640000841C2C,3608390731046,5056927,apparel,GB-R3-U2,dec-fr-bordeaux
30396061C0476400000F16FA,3608390731046,5056927,apparel,GB-R3-U2,dec-fr-bordeaux
30396061C047640000198A99,3608390731046,5056927,apparel,BR-01,dec-fr-bordeaux
30396061C0476440003C54E0,3608390731053,5056928,apparel,GB-R3-U2,dec-fr-bordeaux
30396061C047644000283D2F,3608390731053,5056928,apparel,GB-R3-U2,dec-fr-bordeaux
30396061C047644000754314,3608390731053,5056928,apparel,GB-R3-U2,dec-fr-bordeaux
30396061C0476440000BF8B4,3608390731053,5056928,apparel,GB-R3-U2,dec-fr-bordeaux
30396061C04764400018768D,3608390731053,5056928,apparel,GB-R3-U2,dec-fr-bordeaux
30396061C04764400030D00C,3608390731053,5056928,apparel,GB-R3-U2,dec-fr-bordeaux
30396061C047644000131EE7,3608390731053,5056928,apparel,GB-R3-U2,dec-fr-bordeaux
30396061C047644000459BE7,3608390731053,5056928,apparel,GB-R3-U2,dec-fr-bordeaux
30396061C0476440004D2EA9,3608390731053,5056928,apparel,BR-02,dec-fr-bordeaux
30396061C047644000150EA4,3608390731053,5056928,apparel,BR-03,dec-fr-bordeaux
30396061C04764800030E46D,3608390731060,5056929,apparel,GB-R3-U2,dec-fr-bordeaux
30396061C0476480003BFA50,3608390731060,5056929,apparel,GB-R3-U2,dec-fr-bordeaux
30396061C047648000710C48,3608390731060,5056929,apparel,GB-R3-U2,dec-fr-bordeaux
30396061C0476480005C8958,3608390731060,5056929,apparel,GB-R3-U2,dec-fr-bordeaux
30396061C0476480001956FA,3608390731060,5056929,apparel,GB-R3-U2,dec-fr-bordeaux
30396061C0476480006B68D9,3608390731060,5056929,apparel,GB-R3-U2,dec-fr-bordeaux
30396061C0476480001F3029,3608390731060,5056929,apparel,BR-04,dec-fr-bordeaux
30396061C04764C000808277,3608390731077,5056930,apparel,GB-R3-U2,dec-fr-bordeaux
30396061C04764C0008B3215,3608390731077,5056930,apparel,GB-R3-U2,dec-fr-bordeaux
30396061C04764C0002A4252,3608390731077,5056930,apparel,BR-01,dec-fr-bordeaux
30395DFA82B657C00039CA43,3583787110072,2989773,bag_pack,PE-01,dec-fr-bordeaux
30395DFA82B657C00022997D,3583787110072,2989773,bag_pack,PE-01,dec-fr-bordeaux
30395DFA82B657C00096B0A4,3583787110072,2989773,bag_pack,PE-01,dec-fr-bordeaux
30395DFA82B657C0001AEEF8,3583787110072,2989773,bag_pack,PE-01,dec-fr-bordeaux
30395DFA82B657C0004C4B3C,3583787110072,2989773,bag_pack,BR-02,dec-fr-bordeaux
30395DFA82F8C500008C2517,3583787790281,2899631,bag_pack,PE-01,dec-fr-bordeaux
30395DFA82F8C500005B5E66,3583787790281,2899631,bag_pack,PE-01,dec-fr-bordeaux
30395DFA82F8C500005A4535,3583787790281,2899631,bag_pack,PE-01,dec-fr-bordeaux
30395DFA82F8C500008E220A,3583787790281,2899631,bag_pack,BR-03,dec-fr-bordeaux
30395DFA819D8F40003C6389,3583784234856,4557025,apparel,GF-R3-U1,dec-fr-bordeaux
30395DFA819D8F800016BB56,3583784234863,4557026,apparel,GF-R3-U1,dec-fr-bordeaux
30395DFA819D8F80002CE6B6,3583784234863,4557026,apparel,GF-R3-U1,dec-fr-bordeaux
30395DFA819D8FC000547EDF,3583784234870,4557027,apparel,GF-R3-U1,dec-fr-bordeaux
30395DFA819D8FC0000FA0FC,3583784234870,4557027,apparel,GF-R3-U1,dec-fr-bordeaux
30395DFA819D8FC0008D9165,3583784234870,4557027,apparel,GF-R3-U1,dec-fr-bordeaux
30395DFA819D8FC00012502F,3583784234870,4557027,apparel,BR-04,dec-fr-bordeaux
30395DFA819D90000023E9CC,3583784234887,4557028,apparel,GF-R3-U1,dec-fr-bordeaux
30395DFA819D9000003AEFFA,3583784234887,4557028,apparel,GF-R3-U1,dec-fr-bordeaux
30395DFA819D9000001EDC28,3583784234887,4557028,apparel,GF-R3-U1,dec-fr-bordeaux
30395DFA819D900000239A2D,3583784234887,4557028,apparel,BR-01,dec-fr-bordeaux
30395DFA819D90400053AAA1,3583784234894,4557029,apparel,GF-R3-U1,dec-fr-bordeaux
30395DFA819D904000259222,3583784234894,4557029,apparel,GF-R3-U1,dec-fr-bordeaux
30395DFA819DB600008429E1,3583784236409,4557030,apparel,GF-R3-U1,dec-fr-bordeaux
30395DFA81A5FD40007DAFCE,3583784321174,4557031,apparel,GF-R3-U1,dec-fr-bordeaux
30396061C04C2A00006125CA,3608390779925,5083886,footwear,PW-01,dec-fr-bordeaux
30396061C04C2A40007CE620,3608390779932,5083887,footwear,PW-01,dec-fr-bordeaux
30396061C04C2A80008F0FD0,3608390779949,5083888,footwear,PW-01,dec-fr-bordeaux
30396061C04C2A800085A73B,3608390779949,5083888,footwear,PW-01,dec-fr-bordeaux
30396061C04C2A8000827CDA,3608390779949,5083888,footwear,PW-01,dec-fr-bordeaux
30396061C04C2A800018F1CC,3608390779949,5083888,footwear,BR-02,dec-fr-bordeaux
30396061C04C2AC0003E6B85,3608390779956,5083889,footwear,PW-01,dec-fr-bordeaux
30396061C04C2AC0003EC4B0,3608390779956,5083889,footwear,PW-01,dec-fr-bordeaux
30396061C04C2AC0000821EC,3608390779956,5083889,footwear,PW-01,dec-fr-bordeaux
30396061C04C2AC0005F9B2E,3608390779956,5083889,footwear,PW-01,dec-fr-bordeaux
30396061C04C2AC0001B890A,3608390779956,5083889,footwear,PW-01,dec-fr-bordeaux
30396061C04C2AC0001B4073,3608390779956,5083889,footwear,PW-01,dec-fr-bordeaux
30396061C04C2AC00040146B,3608390779956,5083889,footwear,PW-01,dec-fr-bordeaux
30396061C04C2AC00024B9CF,3608390779956,5083889,footwear,PW-01,dec-fr-bordeaux
30396061C04C2AC00029BAE8,3608390779956,5083889,footwear,PW-01,dec-fr-bordeaux
30396061C04C2AC0005D44F2,3608390779956,5083889,footwear,PW-01,dec-fr-bordeaux
30396061C04C2AC0000CD1AD,3608390779956,5083889,footwear,BR-03,dec-fr-bordeaux
30396061C04C2AC00020BBEF,3608390779956,5083889,footwear,BR-04,dec-fr-bordeaux
30396061C1203B00003C5D7A,3608392951480,5539276,apparel,GF-R3-U2,dec-fr-bordeaux
30396061C1203B00003A326F,3608392951480,5539276,apparel,GF-R3-U2,dec-fr-bordeaux
30396061C1203B00000B85F7,3608392951480,5539276,apparel,GF-R3-U2,dec-fr-bordeaux
30396061C1203B00005CBDCA,3608392951480,5539276,apparel,GF-R3-U2,dec-fr-bordeaux
30396061C1203B00005A9F19,3608392951480,5539276,apparel,GF-R3-U2,dec-fr-bordeaux
30396061C1203B00007ABB5A,3608392951480,5539276,apparel,BR-01,dec-fr-bordeaux
30396061C1203B40000C0374,3608392951497,5539277,apparel,GF-R3-U2,dec-fr-bordeaux
30396061C1203B40006A0B7F,3608392951497,5539277,apparel,GF-R3-U2,dec-fr-bordeaux
30396061C1203B40006BD6D6,3608392951497,5539277,apparel,GF-R3-U2,dec-fr-bordeaux
30396061C1203B40008DFE13,3608392951497,5539277,apparel,GF-R3-U2,dec-fr-bordeaux
30396061C1203B40007C6967,3608392951497,5539277,apparel,GF-R3-U2,dec-fr-bordeaux
30396061C1203B4000593A59,3608392951497,5539277,apparel,GF-R3-U2,dec-fr-bordeaux
30396061C1203B40006B5A8D,3608392951497,5539277,apparel,BR-02,dec-fr-bordeaux
30396061C12048000020EA36,3608392952005,5539278,apparel,GF-R3-U2,dec-fr-bordeaux
30396061C1204800006AE414,3608392952005,5539278,apparel,GF-R3-U2,dec-fr-bordeaux
30396061C1204800007F442E,3608392952005,5539278,apparel,BR-03,dec-fr-bordeaux
30396061C120484000467138,3608392952012,5539279,apparel,GF-R3-U2,dec-fr-bordeaux
30396061C1204840004CCCCB,3608392952012,5539279,apparel,GF-R3-U2,dec-fr-bordeaux
30396061C1204840003671C3,3608392952012,5539279,apparel,GF-R3-U2,dec-fr-bordeaux
30396061C12048400042E934,3608392952012,5539279,apparel,GF-R3-U2,dec-fr-bordeaux
30396061C1204840002CCE5B,3608392952012,5539279,apparel,BR-04,dec-fr-bordeaux
30396061C12048800092C89D,3608392952029,5545114,apparel,GF-R3-U2,dec-fr-bordeaux
30396061C12048800053B7FC,3608392952029,5545114,apparel,GF-R3-U2,dec-fr-bordeaux
30396062C392518000230433,3608439362620,2779823,bag_pack,GF-R3-U1,dec-fr-bordeaux
30396062C3925180008E6976,3608439362620,2779823,bag_pack,GF-R3-U1,dec-fr-bordeaux
30396062C3925180004E4E51,3608439362620,2779823,bag_pack,BR-01,dec-fr-bordeaux
30396062C3973840007AC9FC,3608439412813,2487053,bag_pack,GF-R3-U1,dec-fr-bordeaux
30396062C3973840002587B1,3608439412813,2487053,bag_pack,GF-R3-U1,dec-fr-bordeaux
30396062C3973840003CD9B2,3608439412813,2487053,bag_pack,BR-02,dec-fr-bordeaux
30395DFA81A3C8C00074AA86,3583784298599,4294662,footwear,PE-01,dec-fr-bordeaux
30395DFA81A3C8C0005EFBCF,3583784298599,4294662,footwear,PE-01,dec-fr-bordeaux
30395DFA81A43700000CD7DF,3583784303002,4294663,footwear,PE-01,dec-fr-bordeaux
30395DFA81A43700004DC1E7,3583784303002,4294663,footwear,PE-01,dec-fr-bordeaux
30395DFA81A437000015D67A,3583784303002,4294663,footwear,BR-03,dec-fr-bordeaux
30395DFA81A43740006DFEE5,3583784303019,4294664,footwear,PE-01,dec-fr-bordeaux
30395DFA81A43740000C44DD,3583784303019,4294664,footwear,PE-01,dec-fr-bordeaux
30395DFA81A43740007F2221,3583784303019,4294664,footwear,PE-01,dec-fr-bordeaux
30395DFA81A437400016FA74,3583784303019,4294664,footwear,BR-04,dec-fr-bordeaux
30395DFA81A437800095DBF6,3583784303026,4294665,footwear,PE-01,dec-fr-bordeaux
30395DFA81A43780005313D3,3583784303026,4294665,footwear,PE-01,dec-fr-bordeaux
30395DFA81A43780001ADBF0,3583784303026,4294665,footwear,PE-01,dec-fr-bordeaux
30395DFA81A4378000103365,3583784303026,4294665,footwear,PE-01,dec-fr-bordeaux
30395DFA81A437800085D098,3583784303026,4294665,footwear,BR-01,dec-fr-bordeaux
30395DFA81A437C0005BF426,3583784303033,4294666,footwear,PE-01,dec-fr-bordeaux
30395DFA81A437C0009089E6,3583784303033,4294666,footwear,PE-01,dec-fr-bordeaux
30395DFA81A437C000537A6B,3583784303033,4294666,footwear,PE-01,dec-fr-bordeaux
30395DFA81A437C00075FD3F,3583784303033,4294666,footwear,BR-02,dec-fr-bordeaux
30395DFA81A43800005116D3,3583784303040,4294667,footwear,PE-01,dec-fr-bordeaux
30395DFA81A438000043DE49,3583784303040,4294667,footwear,PE-01,dec-fr-bordeaux
30395DFA81A438000085955E,3583784303040,4294667,footwear,BR-03,dec-fr-bordeaux
30395DFA81A43840006CFF2C,3583784303057,4294668,footwear,PE-01,dec-fr-bordeaux
30395DFA81A4384000434ECB,3583784303057,4294668,footwear,PE-01,dec-fr-bordeaux
30395DFA82E2FD000022F4D1,3583787567241,4335163,accessories,CO-IR,dec-fr-bordeaux
30395DFA82E2FD0000835244,3583787567241,4335163,accessories,CO-IR,dec-fr-bordeaux
30395DFA82E2FD00000BE604,3583787567241,4335163,accessories,CO-IR,dec-fr-bordeaux
30395DFA82E2FD000004C632,3583787567241,4335163,accessories,CO-IR,dec-fr-bordeaux
30395DFA82E2FD000092B609,3583787567241,4335163,accessories,CO-IR,dec-fr-bordeaux
30395DFA82E2FD0000455886,3583787567241,4335163,accessories,CO-IR,dec-fr-bordeaux
30395DFA82E2FD00004CCFB3,3583787567241,4335163,accessories,BR-04,dec-fr-bordeaux
30396061C0ABCA40006909A3,3608391759131,5264481,apparel,GF-R1-U1,dec-fr-bordeaux
30396061C0ABCA40005BB9D9,3608391759131,5264481,apparel,GF-R1-U1,dec-fr-bordeaux
30396061C0ABCA40007BDE79,3608391759131,5264481,apparel,GF-R1-U1,dec-fr-bordeaux
30396061C0ABCA40005DBD16,3608391759131,5264481,apparel,GF-R1-U1,dec-fr-bordeaux
30396061C0ABCA400045F00D,3608391759131,5264481,apparel,BR-01,dec-fr-bordeaux
30396061C0ABCA800032E07E,3608391759148,5264482,apparel,GF-R1-U1,dec-fr-bordeaux
30396061C0ABCA80003E60A7,3608391759148,5264482,apparel,GF-R1-U1,dec-fr-bordeaux
30396061C0ABCA8000519381,3608391759148,5264482,apparel,GF-R1-U1,dec-fr-bordeaux
30396061C0ABCA80004A4E94,3608391759148,5264482,apparel,GF-R1-U1,dec-fr-bordeaux
30396061C0ABCA80009290F5,3608391759148,5264482,apparel,GF-R1-U1,dec-fr-bordeaux
30396061C0ABCA80002E050B,3608391759148,5264482,apparel,GF-R1-U1,dec-fr-bordeaux
30396061C0ABCA800087F4E3,3608391759148,5264482,apparel,GF-R1-U1,dec-fr-bordeaux
30396061C0ABCA80000E762F,3608391759148,5264482,apparel,BR-02,dec-fr-bordeaux
30396061C0ABCAC0006AC8AE,3608391759155,5264483,apparel,GF-R1-U1,dec-fr-bordeaux
30396061C0ABCAC0000A781A,3608391759155,5264483,apparel,GF-R1-U1,dec-fr-bordeaux
30396061C0ABCAC000653E55,3608391759155,5264483,apparel,GF-R1-U1,dec-fr-bordeaux
30396061C0ABCAC0005F9519,3608391759155,5264483,apparel,GF-R1-U1,dec-fr-bordeaux
30396061C0ABCAC0003E68AA,3608391759155,5264483,apparel,GF-R1-U1,dec-fr-bordeaux
30396061C0ABCAC00079C3CE,3608391759155,5264483,apparel,GF-R1-U1,dec-fr-bordeaux
30396061C0ABCAC00075C7E9,3608391759155,5264483,apparel,GF-R1-U1,dec-fr-bordeaux
30396061C0ABCAC00009751A,3608391759155,5264483,apparel,BR-03,dec-fr-bordeaux
30396061C0ABCB00005E7455,3608391759162,5264484,apparel,GF-R1-U1,dec-fr-bordeaux
30396061C0ABCB00000AEC37,3608391759162,5264484,apparel,GF-R1-U1,dec-fr-bordeaux
30396061C0ABCB00000E8A66,3608391759162,5264484,apparel,GF-R1-U1,dec-fr-bordeaux
30396061C0ABCB00003559FD,3608391759162,5264484,apparel,GF-R1-U1,dec-fr-bordeaux
30396061C0ABCB000068CD00,3608391759162,5264484,apparel,GF-R1-U1,dec-fr-bordeaux
30396061C0ABCB00004853A9,3608391759162,5264484,apparel,BR-04,dec-fr-bordeaux
30396061C0ABCB40008AE03D,3608391759179,5264485,apparel,GF-R1-U1,dec-fr-bordeaux
30396061C0ABCB400064796B,3608391759179,5264485,apparel,GF-R1-U1,dec-fr-bordeaux
30396061C0ABCB4000082810,3608391759179,5264485,apparel,BR-01,dec-fr-bordeaux
3039606303C585C00036ADD9,3608449886956,2130173,accessories,GB-R1-U1,dec-fr-bordeaux
3039606303C585C000353C66,3608449886956,2130173,accessories,GB-R1-U1,dec-fr-bordeaux
3039606303C585C0006F504A,3608449886956,2130173,accessories,GB-R1-U1,dec-fr-bordeaux
3039606303C585C0000ABC85,3608449886956,2130173,accessories,GB-R1-U1,dec-fr-bordeaux
3039606303C585C00019472C,3608449886956,2130173,accessories,GB-R1-U1,dec-fr-bordeaux
3039606303C585C00016C549,3608449886956,2130173,accessories,BR-02,dec-fr-bordeaux
30396062C38E0200008B7146,3608439318481,4195021,accessories,GB-R3-U1,dec-fr-bordeaux
30396062C38E0200004DCFB7,3608439318481,4195021,accessories,GB-R3-U1,dec-fr-bordeaux
30396062C38E02000074556D,3608439318481,4195021,accessories,GB-R3-U1,dec-fr-bordeaux
30396062C38E020000940542,3608439318481,4195021,accessories,GB-R3-U1,dec-fr-bordeaux
30396062C38E0200000A3A2F,3608439318481,4195021,accessories,GB-R3-U1,dec-fr-bordeaux
30396062C38E020000471F9F,3608439318481,4195021,accessories,BR-03,dec-fr-bordeaux
30396062C387FD40005F3D8D,3608439256851,4744756,apparel,GB-R3-U1,dec-fr-bordeaux
30396062C387FD400067A8A4,3608439256851,4744756,apparel,GB-R3-U1,dec-fr-bordeaux
30396062C387FD40008A654F,3608439256851,4744756,apparel,GB-R3-U1,dec-fr-bordeaux
30396062C387FD40001EED4B,3608439256851,4744756,apparel,GB-R3-U1,dec-fr-bordeaux
30396062C387FD40005D1DDA,3608439256851,4744756,apparel,GB-R3-U1,dec-fr-bordeaux
30396062C387FD40000AB5FB,3608439256851,4744756,apparel,GB-R3-U1,dec-fr-bordeaux
30396062C387FD400088B060,3608439256851,4744756,apparel,GB-R3-U1,dec-fr-bordeaux
30396062C387FD4000211798,3608439256851,4744756,apparel,GB-R3-U1,dec-fr-bordeaux
30396062C387FD4000794E07,3608439256851,4744756,apparel,GB-R3-U1,dec-fr-bordeaux
30396062C387FD4000817A74,3608439256851,4744756,apparel,BR-04,dec-fr-bordeaux
30396062C387FD4000713783,3608439256851,4744756,apparel,BR-01,dec-fr-bordeaux
30396062C387FD80008D7903,3608439256868,4744757,apparel,GB-R3-U1,dec-fr-bordeaux
30396062C387FD800041A36F,3608439256868,4744757,apparel,GB-R3-U1,dec-fr-bordeaux
30396062C387FD8000041504,3608439256868,4744757,apparel,GB-R3-U1,dec-fr-bordeaux
30396062C387FD800061CBAD,3608439256868,4744757,apparel,GB-R3-U1,dec-fr-bordeaux
30396062C387FD80008940E0,3608439256868,4744757,apparel,GB-R3-U1,dec-fr-bordeaux
30396062C387FD800009EA49,3608439256868,4744757,apparel,GB-R3-U1,dec-fr-bordeaux
30396062C387FD80007FFB6D,3608439256868,4744757,apparel,GB-R3-U1,dec-fr-bordeaux
30396062C387FD80007D0179,3608439256868,4744757,apparel,BR-02,dec-fr-bordeaux
30396062C387FDC000450C7D,3608439256875,4744759,apparel,GB-R3-U1,dec-fr-bordeaux
30396062C387FDC0005756F2,3608439256875,4744759,apparel,GB-R3-U1,dec-fr-bordeaux
30396062C387FDC00049CBDE,3608439256875,4744759,apparel,BR-03,dec-fr-bordeaux
30396062C38807C000846B82,3608439257278,4744754,apparel,GB-R3-U1,dec-fr-bordeaux
30396062C38807C0002CC6E9,3608439257278,4744754,apparel,GB-R3-U1,dec-fr-bordeaux
30396062C38807C0008D8ADB,3608439257278,4744754,apparel,GB-R3-U1,dec-fr-bordeaux
30396062C38807C0003B22FC,3608439257278,4744754,apparel,BR-04,dec-fr-bordeaux
30396062C38808400012E716,3608439257292,4744755,apparel,GB-R3-U1,dec-fr-bordeaux
30396062C38808400055132D,3608439257292,4744755,apparel,GB-R3-U1,dec-fr-bordeaux
30396062C388084000129C09,3608439257292,4744755,apparel,GB-R3-U1,dec-fr-bordeaux
30396062C3880840007A42EF,3608439257292,4744755,apparel,GB-R3-U1,dec-fr-bordeaux
30396062C3880840005A85FA,3608439257292,4744755,apparel,GB-R3-U1,dec-fr-bordeaux
30396062C388084000646E23,3608439257292,4744755,apparel,GB-R3-U1,dec-fr-bordeaux
30396062C3880840003530C3,3608439257292,4744755,apparel,BR-01,dec-fr-bordeaux
30395DFA82B6F0C000499325,3583787116197,4696562,outdoor,GF-R1-U1,dec-fr-bordeaux
30395DFA82B6F24000311EF6,3583787116258,4696564,outdoor,GF-R1-U1,dec-fr-bordeaux
30395DFA818F36800078843D,3583784087940,4234213,accessories,GB-R3-U2,dec-fr-bordeaux
30395DFA818F36800063A26C,3583784087940,4234213,accessories,GB-R3-U2,dec-fr-bordeaux
30396062C38DD5400075B8C0,3608439316692,4234210,accessories,GB-R3-U2,dec-fr-bordeaux
30396062C38DD580001F1080,3608439316708,4234212,accessories,GB-R3-U2,dec-fr-bordeaux
30396062C38DD5C000959FEF,3608439316715,4234211,accessories,GB-R3-U2,dec-fr-bordeaux
30396061C09F0AC0007E85ED,3608391628598,5224600,outdoor,GF-R1-U2,dec-fr-bordeaux
30396061C09F0AC00012F128,3608391628598,5224600,outdoor,GF-R1-U2,dec-fr-bordeaux
30396061C13BAC80005634FB,3608393232502,5625145,outdoor,GF-R3-U2,dec-fr-bordeaux
30396061C04BCC40001CB0BD,3608390776177,5076846,apparel,GF-R1-U2,dec-fr-bordeaux
30396061C04BCC40004D7817,3608390776177,5076846,apparel,GF-R1-U2,dec-fr-bordeaux
30396061C04BCC800010283A,3608390776184,5076847,apparel,GF-R1-U2,dec-fr-bordeaux
30396061C04BCC8000364FF5,3608390776184,5076847,apparel,GF-R1-U2,dec-fr-bordeaux
30396061C04BCC80008FF9CA,3608390776184,5076847,apparel,BR-02,dec-fr-bordeaux
30396061C04BCCC000041EAC,3608390776191,5076848,apparel,GF-R1-U2,dec-fr-bordeaux
30396061C04BCCC00097CE50,3608390776191,5076848,apparel,GF-R1-U2,dec-fr-bordeaux
30396061C04BCCC0002A8B35,3608390776191,5076848,apparel,BR-03,dec-fr-bordeaux
30396061C04BEB000027E330,3608390777402,5076849,apparel,GF-R1-U2,dec-fr-bordeaux
30396061C04BEB0000789722,3608390777402,5076849,apparel,GF-R1-U2,dec-fr-bordeaux
30396061C04BEB000028131B,3608390777402,5076849,apparel,BR-04,dec-fr-bordeaux
30396061C04BEB40004C3B09,3608390777419,5076850,apparel,GF-R1-U2,dec-fr-bordeaux
30396061C0DB9940000CA1A2,3608392248696,5407228,apparel,GF-R1-U2,dec-fr-bordeaux
30396061C0DB994000337EB6,3608392248696,5407228,apparel,GF-R1-U2,dec-fr-bordeaux
30396061C0DB9C00005162E1,3608392248801,5407229,apparel,GF-R1-U2,dec-fr-bordeaux
30396061C0DB9C00007EE718,3608392248801,5407229,apparel,GF-R1-U2,dec-fr-bordeaux
30396061C0DB9C00004B6C03,3608392248801,5407229,apparel,BR-01,dec-fr-bordeaux
30396061C0DB9C40002A0DA4,3608392248818,5407230,apparel,GF-R1-U2,dec-fr-bordeaux
30396061C0DB9C4000462C68,3608392248818,5407230,apparel,GF-R1-U2,dec-fr-bordeaux
30396061C0DB9C4000312DEA,3608392248818,5407230,apparel,GF-R1-U2,dec-fr-bordeaux
30396061C0DB9C4000015185,3608392248818,5407230,apparel,BR-02,dec-fr-bordeaux
30396061C0DB9C80004DD029,3608392248825,5407231,apparel,GF-R1-U2,dec-fr-bordeaux
30396061C0DB9C800055D88B,3608392248825,5407231,apparel,GF-R1-U2,dec-fr-bordeaux
30396061C0DB9C80007C01F2,3608392248825,5407231,apparel,GF-R1-U2,dec-fr-bordeaux
30396061C0DB9C80003BCD9C,3608392248825,5407231,apparel,BR-03,dec-fr-bordeaux
30396061C0DB9CC0009125A0,3608392248832,5407232,apparel,GF-R1-U2,dec-fr-bordeaux
30396061C0DB9CC000719F2C,3608392248832,5407232,apparel,GF-R1-U2,dec-fr-bordeaux
30396061C0DB9D00007E385E,3608392248849,5407233,apparel,GF-R1-U2,dec-fr-bordeaux
30396061C0DB9D00005F6B7C,3608392248849,5407233,apparel,GF-R1-U2,dec-fr-bordeaux
30396062C388AF00001A3B7E,3608439263965,4513670,outdoor,GB-R3-U1,dec-fr-bordeaux
30396062C388AF0000624F66,3608439263965,4513670,outdoor,GB-R3-U1,dec-fr-bordeaux
30395DFA82E0360000118B26,3583787538807,4176731,apparel,GB-R1-U1,dec-fr-bordeaux
30395DFA82E0364000920D7F,3583787538814,4176734,apparel,GB-R1-U1,dec-fr-bordeaux
30395DFA82E036400090A223,3583787538814,4176734,apparel,GB-R1-U1,dec-fr-bordeaux
30395DFA82E0364000937BCF,3583787538814,4176734,apparel,GB-R1-U1,dec-fr-bordeaux
30395DFA82E036400047F823,3583787538814,4176734,apparel,BR-04,dec-fr-bordeaux
30395DFA82E036800080476E,3583787538821,4176735,apparel,GB-R1-U1,dec-fr-bordeaux
30395DFA82E036800031D631,3583787538821,4176735,apparel,GB-R1-U1,dec-fr-bordeaux
30395DFA82E0368000705529,3583787538821,4176735,apparel,BR-01,dec-fr-bordeaux
30395DFA82E036C00055F788,3583787538838,4176733,apparel,GB-R1-U1,dec-fr-bordeaux
30395DFA82E036C00059F949,3583787538838,4176733,apparel,GB-R1-U1,dec-fr-bordeaux
30395DFA82E036C00083B772,3583787538838,4176733,apparel,GB-R1-U1,dec-fr-bordeaux
30395DFA82E036C000250C4D,3583787538838,4176733,apparel,BR-02,dec-fr-bordeaux
30395DFA82E03700002DD8D1,3583787538845,4176736,apparel,GB-R1-U1,dec-fr-bordeaux
30395DFA82E03700001F24E4,3583787538845,4176736,apparel,GB-R1-U1,dec-fr-bordeaux
30395DFA82E03700000884F2,3583787538845,4176736,apparel,BR-03,dec-fr-bordeaux
30396062C38849800014A93E,3608439259906,4513650,outdoor,GB-R3-U2,dec-fr-bordeaux
30396061C0549D0000959300,3608390866441,5101373,apparel,GB-R2-U2,dec-fr-bordeaux
30396061C0549D0000980987,3608390866441,5101373,apparel,GB-R2-U2,dec-fr-bordeaux
30396061C0549D4000823FD6,3608390866458,5101374,apparel,GB-R2-U2,dec-fr-bordeaux
30396061C0549D40007F1133,3608390866458,5101374,apparel,GB-R2-U2,dec-fr-bordeaux
30396061C0549D8000428AB9,3608390866465,5101375,apparel,GB-R2-U2,dec-fr-bordeaux
30396061C0549D8000009E49,3608390866465,5101375,apparel,GB-R2-U2,dec-fr-bordeaux
30396061C0549DC0007BFFFA,3608390866472,5101376,apparel,GB-R2-U2,dec-fr-bordeaux
30396061C0549DC00096B1B7,3608390866472,5101376,apparel,GB-R2-U2,dec-fr-bordeaux
30396061C0549E00000CBAE3,3608390866489,5101377,apparel,GB-R2-U2,dec-fr-bordeaux
30396061C054A940003B3026,3608390866939,5103763,apparel,GB-R2-U2,dec-fr-bordeaux
30396061C054A98000872D1E,3608390866946,5103764,apparel,GB-R2-U2,dec-fr-bordeaux
30396061C054A9800029BB6A,3608390866946,5103764,apparel,GB-R2-U2,dec-fr-bordeaux
30396061C054A9C00097EEF7,3608390866953,5103765,apparel,GB-R2-U2,dec-fr-bordeaux
30396061C054A9C00022BBCB,3608390866953,5103765,apparel,GB-R2-U2,dec-fr-bordeaux
30396061C054AA0000225C25,3608390866960,5103766,apparel,GB-R2-U2,dec-fr-bordeaux
30396061C054AA40008B82BA,3608390866977,5103767,apparel,GB-R2-U2,dec-fr-bordeaux
30395DFA82D3F0C0005C6289,3583787413159,4001607,bag_pack,GF-R3-U2,dec-fr-bordeaux
30395DFA82D3F0C000485A0E,3583787413159,4001607,bag_pack,GF-R3-U2,dec-fr-bordeaux
30395DFA82D3F0C00087C5DA,3583787413159,4001607,bag_pack,GF-R3-U2,dec-fr-bordeaux
30395DFA82D3F0C000589143,3583787413159,4001607,bag_pack,GF-R3-U2,dec-fr-bordeaux
30395DFA82D3F0C000731B5B,3583787413159,4001607,bag_pack,GF-R3-U2,dec-fr-bordeaux
30395DFA82D3F0C0002ABE5B,3583787413159,4001607,bag_pack,BR-04,dec-fr-bordeaux
30396061C15CC24000436C9E,3608393571298,5678791,apparel,GB-R1-U2,dec-fr-bordeaux
30396061C15CC24000166108,3608393571298,5678791,apparel,GB-R1-U2,dec-fr-bordeaux
30396061C15CC2400077F20F,3608393571298,5678791,apparel,GB-R1-U2,dec-fr-bordeaux
30396061C15CC2400062E64C,3608393571298,5678791,apparel,BR-01,dec-fr-bordeaux
30396061C15CD400000AC497,3608393572004,5678792,apparel,GB-R1-U2,dec-fr-bordeaux
30396061C15CD400008A1C9C,3608393572004,5678792,apparel,GB-R1-U2,dec-fr-bordeaux
30396061C15CD40000842DC7,3608393572004,5678792,apparel,BR-02,dec-fr-bordeaux
30396061C15CD440000BC0C9,3608393572011,5678793,apparel,GB-R1-U2,dec-fr-bordeaux
30396061C15CD4800025053C,3608393572028,5688876,apparel,GB-R1-U2,dec-fr-bordeaux
30396061C15CD480004A7808,3608393572028,5688876,apparel,GB-R1-U2,dec-fr-bordeaux
30396061C15CD480007961A3,3608393572028,5688876,apparel,BR-03,dec-fr-bordeaux
30396061C15CD4C0004B859A,3608393572035,5690093,apparel,GB-R1-U2,dec-fr-bordeaux
30396061C15CD5400091D69D,3608393572059,5691762,apparel,GB-R1-U2,dec-fr-bordeaux
30396061C15CD540005DEAFC,3608393572059,5691762,apparel,GB-R1-U2,dec-fr-bordeaux
30396061C15CD54000960A8B,3608393572059,5691762,apparel,GB-R1-U2,dec-fr-bordeaux
30396061C15CD540004BECF5,3608393572059,5691762,apparel,BR-04,dec-fr-bordeaux
30395DFA82E2FF0000553394,3583787567326,4335166,accessories,GB-R1-U2,dec-fr-bordeaux
30395DFA82E2FF00004EAE5B,3583787567326,4335166,accessories,GB-R1-U2,dec-fr-bordeaux
30395DFA82E2FF000049E712,3583787567326,4335166,accessories,GB-R1-U2,dec-fr-bordeaux
30395DFA82E2FF00000E2E84,3583787567326,4335166,accessories,GB-R1-U2,dec-fr-bordeaux
30395DFA82E2FF0000011F79,3583787567326,4335166,accessories,GB-R1-U2,dec-fr-bordeaux
30395DFA82E2FF0000856522,3583787567326,4335166,accessories,GB-R1-U2,dec-fr-bordeaux
30395DFA82E2FF000003BA6B,3583787567326,4335166,accessories,GB-R1-U2,dec-fr-bordeaux
30395DFA82E2FF0000276ECF,3583787567326,4335166,accessories,GB-R1-U2,dec-fr-bordeaux
30395DFA82E2FF00001E251B,3583787567326,4335166,accessories,BR-01,dec-fr-bordeaux
30395DFA82E2FF000002F914,3583787567326,4335166,accessories,BR-02,dec-fr-bordeaux
30396061C15CC98000681892,3608393571588,5678854,apparel,GF-R1-U1,dec-fr-bordeaux
30396061C15CC980001CDBED,3608393571588,5678854,apparel,GF-R1-U1,dec-fr-bordeaux
30396061C15CC980004AA9E1,3608393571588,5678854,apparel,BR-03,dec-fr-bordeaux
30396061C15CC9C0002E992B,3608393571595,5678855,apparel,GF-R1-U1,dec-fr-bordeaux
30396061C15CE34000441110,3608393572615,5692269,apparel,GF-R1-U1,dec-fr-bordeaux
30396061C15CE3400020D2BC,3608393572615,5692269,apparel,GF-R1-U1,dec-fr-bordeaux
30396061C15CE340000E79C0,3608393572615,5692269,apparel,GF-R1-U1,dec-fr-bordeaux
30396061C15CE340006921CA,3608393572615,5692269,apparel,BR-04,dec-fr-bordeaux
30396061C15CE38000774FAC,3608393572622,5692370,apparel,GF-R1-U1,dec-fr-bordeaux
30396061C15CE380006B2177,3608393572622,5692370,apparel,GF-R1-U1,dec-fr-bordeaux
30396061C15CE380006AFA20,3608393572622,5692370,apparel,GF-R1-U1,dec-fr-bordeaux
30396061C15CE3800010A67A,3608393572622,5692370,apparel,BR-01,dec-fr-bordeaux
30396061C15CE3C0005BBC3D,3608393572639,5692769,apparel,GF-R1-U1,dec-fr-bordeaux
30396061C15CE3C0001B8C1B,3608393572639,5692769,apparel,GF-R1-U1,dec-fr-bordeaux
30396061C15CE3C000239430,3608393572639,5692769,apparel,BR-02,dec-fr-bordeaux
30396061C12FE6C0008B2900,3608393111951,5588962,outdoor,GF-R3-U1,dec-fr-bordeaux
30396061C12FE6C0003666FE,3608393111951,5588962,outdoor,GF-R3-U1,dec-fr-bordeaux
30396062C39671C00004208F,3608439404870,2470579,footwear,PW-01,dec-fr-bordeaux
30396062C39672000060864D,3608439404887,2470589,footwear,PW-01,dec-fr-bordeaux
30396062C396720000518C71,3608439404887,2470589,footwear,PW-01,dec-fr-bordeaux
30396062C39672400000D6D0,3608439404894,2470591,footwear,PW-01,dec-fr-bordeaux
30396062C3967280007383EC,3608439404900,2470585,footwear,PW-01,dec-fr-bordeaux
30396062C3967280005A888A,3608439404900,2470585,footwear,PW-01,dec-fr-bordeaux
30396062C396728000757A72,3608439404900,2470585,footwear,BR-03,dec-fr-bordeaux
30396062C39672C00026E242,3608439404917,2470587,footwear,PW-01,dec-fr-bordeaux
30396062C39672C000297887,3608439404917,2470587,footwear,PW-01,dec-fr-bordeaux
30396062C39672C0000BBF4F,3608439404917,2470587,footwear,BR-04,dec-fr-bordeaux
30396062C39673000079026D,3608439404924,2470581,footwear,PW-01,dec-fr-bordeaux
30396062C396730000805B08,3608439404924,2470581,footwear,PW-01,dec-fr-bordeaux
30396062C3967340000B20DF,3608439404931,2470583,footwear,PW-01,dec-fr-bordeaux
30396062C3967340000A2A5A,3608439404931,2470583,footwear,PW-01,dec-fr-bordeaux
30396062C3967340008A9702,3608439404931,2470583,footwear,BR-01,dec-fr-bordeaux
30396061C000A2800006F314,3608390006502,2771866,accessories,PI-01,dec-fr-bordeaux
30396061C000A280007A01BE,3608390006502,2771866,accessories,PI-01,dec-fr-bordeaux
30396061C000A2C0005135E0,3608390006519,2771867,accessories,PI-01,dec-fr-bordeaux
30396061C000A3000051E65B,3608390006526,2771868,accessories,PI-01,dec-fr-bordeaux
30396061C000A3800037B496,3608390006540,2771870,accessories,PI-01,dec-fr-bordeaux
30396061C000A3800011F0FF,3608390006540,2771870,accessories,PI-01,dec-fr-bordeaux
30396061C000A3C00007AC47,3608390006557,2771871,accessories,PI-01,dec-fr-bordeaux
30395DFA82B56F000036598B,3583787100769,4718097,apparel,GF-R1-U2,dec-fr-bordeaux
30395DFA82B56F40008CFF74,3583787100776,4718098,apparel,GF-R1-U2,dec-fr-bordeaux
30395DFA82B56F80004C3FE2,3583787100783,4718095,apparel,GF-R1-U2,dec-fr-bordeaux
30395DFA82B56FC000479BBA,3583787100790,4718096,apparel,GF-R1-U2,dec-fr-bordeaux
30395DFA82B5700000818DCC,3583787100806,4794604,apparel,GF-R1-U2,dec-fr-bordeaux
30395DFA82B61A4000767BA2,3583787107614,4472692,apparel,GF-R1-U2,dec-fr-bordeaux
30395DFA82B61A400031B99B,3583787107614,4472692,apparel,GF-R1-U2,dec-fr-bordeaux
30395DFA82B61AC0004488ED,3583787107638,4472695,apparel,GF-R1-U2,dec-fr-bordeaux
30395DFA82B61AC00037055E,3583787107638,4472695,apparel,GF-R1-U2,dec-fr-bordeaux
30395DFA82B61B000032D785,3583787107645,4472694,apparel,GF-R1-U2,dec-fr-bordeaux
30395DFA82B61B40007A0F8A,3583787107652,4472697,apparel,GF-R1-U2,dec-fr-bordeaux
30395DFA82B61BC0003A95F4,3583787107676,4472696,apparel,GF-R1-U2,dec-fr-bordeaux
30396061C0747800005D4A90,3608391192648,5203801,apparel,GF-R1-U2,dec-fr-bordeaux
30396061C0747800000E853F,3608391192648,5203801,apparel,GF-R1-U2,dec-fr-bordeaux
30396061C07478400053906E,3608391192655,5203802,apparel,GF-R1-U2,dec-fr-bordeaux
30396061C07478C000832424,3608391192679,5203804,apparel,GF-R1-U2,dec-fr-bordeaux
30396061C07478C000579C56,3608391192679,5203804,apparel,GF-R1-U2,dec-fr-bordeaux
30396061C0747900004530F2,3608391192686,5203805,apparel,GF-R1-U2,dec-fr-bordeaux
30396061C074790000122B03,3608391192686,5203805,apparel,GF-R1-U2,dec-fr-bordeaux
30396062C3CA2C800015563F,3608439934582,1406398,apparel,GB-R3-U2,dec-fr-bordeaux
30396062C3CA2C800006F7D6,3608439934582,1406398,apparel,GB-R3-U2,dec-fr-bordeaux
30396062C3CA2C80007EEB45,3608439934582,1406398,apparel,BR-02,dec-fr-bordeaux
30396062C3CA3640001A01B1,3608439934971,1406394,apparel,GB-R3-U2,dec-fr-bordeaux
30396062C3CA3640002BAF00,3608439934971,1406394,apparel,GB-R3-U2,dec-fr-bordeaux
30396062C3CA3640001A1EF3,3608439934971,1406394,apparel,GB-R3-U2,dec-fr-bordeaux
30396062C3CA36400074DABC,3608439934971,1406394,apparel,GB-R3-U2,dec-fr-bordeaux
30396062C3CA3640003B8332,3608439934971,1406394,apparel,GB-R3-U2,dec-fr-bordeaux
30396062C3CA3640004D9C31,3608439934971,1406394,apparel,GB-R3-U2,dec-fr-bordeaux
30396062C3CA36400085822C,3608439934971,1406394,apparel,GB-R3-U2,dec-fr-bordeaux
30396062C3CA364000251FA7,3608439934971,1406394,apparel,BR-03,dec-fr-bordeaux
30396062C3CA3840001DF2F9,3608439935053,1406395,apparel,GB-R3-U2,dec-fr-bordeaux
30396062C3CA384000404BE4,3608439935053,1406395,apparel,GB-R3-U2,dec-fr-bordeaux
30396062C3CA3840004F3833,3608439935053,1406395,apparel,GB-R3-U2,dec-fr-bordeaux
30396062C3CA3840006CBFAA,3608439935053,1406395,apparel,GB-R3-U2,dec-fr-bordeaux
30396062C3CA38400076FE2B,3608439935053,1406395,apparel,GB-R3-U2,dec-fr-bordeaux
30396062C3CA38400096ED46,3608439935053,1406395,apparel,GB-R3-U2,dec-fr-bordeaux
30396062C3CA3840004B3A6A,3608439935053,1406395,apparel,BR-04,dec-fr-bordeaux
30396062C3CA390000916A3B,3608439935084,1406397,apparel,GB-R3-U2,dec-fr-bordeaux
30396062C3CA39000042ADF7,3608439935084,1406397,apparel,GB-R3-U2,dec-fr-bordeaux
30396062C3CA39000049CCF4,3608439935084,1406397,apparel,GB-R3-U2,dec-fr-bordeaux
30396062C3CA3900006D3A43,3608439935084,1406397,apparel,GB-R3-U2,dec-fr-bordeaux
30396062C3CA39000064ABA0,3608439935084,1406397,apparel,BR-01,dec-fr-bordeaux
30396062C3CA3A000089092A,3608439935121,1406393,apparel,GB-R3-U2,dec-fr-bordeaux
30396062C3CA3A00008ECDC6,3608439935121,1406393,apparel,GB-R3-U2,dec-fr-bordeaux
30396062C3CA3A000047067F,3608439935121,1406393,apparel,GB-R3-U2,dec-fr-bordeaux
30396062C3CA3A00008BA822,3608439935121,1406393,apparel,GB-R3-U2,dec-fr-bordeaux
30396062C3CA3A00001D9981,3608439935121,1406393,apparel,BR-02,dec-fr-bordeaux
30395DFA81864040006DFBD7,3583783996175,2422429,apparel,GF-R3-U1,dec-fr-bordeaux
30396062C393E880003A7F18,3608439378904,2422432,apparel,GF-R3-U1,dec-fr-bordeaux
30396062C393E880006F2DBA,3608439378904,2422432,apparel,GF-R3-U1,dec-fr-bordeaux
30396062C393E8C000362CCD,3608439378911,2422431,apparel,GF-R3-U1,dec-fr-bordeaux
30396062C393E8C0006D8841,3608439378911,2422431,apparel,GF-R3-U1,dec-fr-bordeaux
30396062C393E900003F6FA0,3608439378928,2422434,apparel,GF-R3-U1,dec-fr-bordeaux
30396062C393E940005D1369,3608439378935,2422433,apparel,GF-R3-U1,dec-fr-bordeaux
30396062C393E9C0007B24C4,3608439378959,2422427,apparel,GF-R3-U1,dec-fr-bordeaux
30396062C39481800072F99A,3608439385025,2778462,apparel,GF-R3-U1,dec-fr-bordeaux
30396062C39481800047E340,3608439385025,2778462,apparel,GF-R3-U1,dec-fr-bordeaux
30396062C39481C00042D4E7,3608439385032,2778464,apparel,GF-R3-U1,dec-fr-bordeaux
30396062C3948200000A724D,3608439385049,2778463,apparel,GF-R3-U1,dec-fr-bordeaux
30396062C3948200001D3315,3608439385049,2778463,apparel,GF-R3-U1,dec-fr-bordeaux
30396062C3948240005C4435,3608439385056,2778467,apparel,GF-R3-U1,dec-fr-bordeaux
30396062C394828000738B21,3608439385063,2778465,apparel,GF-R3-U1,dec-fr-bordeaux
30396062C3948280008D7B9E,3608439385063,2778465,apparel,GF-R3-U1,dec-fr-bordeaux
30396061C03196C000341428,3608390507795,5023960,apparel,GB-R1-U1,dec-fr-bordeaux
30396061C03196C0001FB304,3608390507795,5023960,apparel,GB-R1-U1,dec-fr-bordeaux
30396061C03196C000788308,3608390507795,5023960,apparel,BR-03,dec-fr-bordeaux
30396061C031A880001B37F0,3608390508501,5023961,apparel,GB-R1-U1,dec-fr-bordeaux
30396061C031A8800036504E,3608390508501,5023961,apparel,GB-R1-U1,dec-fr-bordeaux
30396061C031A88000071A0E,3608390508501,5023961,apparel,GB-R1-U1,dec-fr-bordeaux
30396061C031A88000450A5C,3608390508501,5023961,apparel,GB-R1-U1,dec-fr-bordeaux
30396061C031A880007BC8D3,3608390508501,5023961,apparel,BR-04,dec-fr-bordeaux
30396061C031A8C000943117,3608390508518,5023962,apparel,GB-R1-U1,dec-fr-bordeaux
30396061C031A8C00031D6E3,3608390508518,5023962,apparel,GB-R1-U1,dec-fr-bordeaux
30396061C031A8C000341B20,3608390508518,5023962,apparel,GB-R1-U1,dec-fr-bordeaux
30396061C031A8C00047F084,3608390508518,5023962,apparel,GB-R1-U1,dec-fr-bordeaux
30396061C031A8C00089FE8F,3608390508518,5023962,apparel,GB-R1-U1,dec-fr-bordeaux
30396061C031A8C0004597E7,3608390508518,5023962,apparel,BR-01,dec-fr-bordeaux
30396061C031A94000184064,3608390508532,5023964,apparel,GB-R1-U1,dec-fr-bordeaux
30396061C031A9400054D06B,3608390508532,5023964,apparel,GB-R1-U1,dec-fr-bordeaux
30396061C031A9400023E5E7,3608390508532,5023964,apparel,GB-R1-U1,dec-fr-bordeaux
30396061C031A940004B3E99,3608390508532,5023964,apparel,BR-02,dec-fr-bordeaux
30396061C031A980006A352A,3608390508549,5023965,apparel,GB-R1-U1,dec-fr-bordeaux
30396061C031A980002DEFF4,3608390508549,5023965,apparel,GB-R1-U1,dec-fr-bordeaux
30395DFA82DA8180005766EC,3583787480380,4275497,bag_pack,PE-01,dec-fr-bordeaux
30395DFA82DA81800057BD2B,3583787480380,4275497,bag_pack,PE-01,dec-fr-bordeaux
30395DFA82DA8180004F3840,3583787480380,4275497,bag_pack,PE-01,dec-fr-bordeaux
30395DFA82DA8180002B6D96,3583787480380,4275497,bag_pack,PE-01,dec-fr-bordeaux
30395DFA82DA818000439229,3583787480380,4275497,bag_pack,PE-01,dec-fr-bordeaux
30395DFA82DA818000381B9D,3583787480380,4275497,bag_pack,BR-03,dec-fr-bordeaux
30396062C38B170000114556,3608439288609,4486689,bag_pack,GF-R3-U1,dec-fr-bordeaux
30396062C38B170000146257,3608439288609,4486689,bag_pack,GF-R3-U1,dec-fr-bordeaux
30396062C38B170000861A97,3608439288609,4486689,bag_pack,GF-R3-U1,dec-fr-bordeaux
30396062C38B1700006877CB,3608439288609,4486689,bag_pack,GF-R3-U1,dec-fr-bordeaux
30396062C38B17000013DCB8,3608439288609,4486689,bag_pack,GF-R3-U1,dec-fr-bordeaux
30396062C38B170000264B52,3608439288609,4486689,bag_pack,GF-R3-U1,dec-fr-bordeaux
30396062C38B17000039801B,3608439288609,4486689,bag_pack,GF-R3-U1,dec-fr-bordeaux
30396062C38B17000033F5B6,3608439288609,4486689,bag_pack,BR-04,dec-fr-bordeaux
30396062C38B17000089213E,3608439288609,4486689,bag_pack,BR-01,dec-fr-bordeaux
3039606283AE0FC000766688,3608429646716,4924327,apparel,GF-R2-U1,dec-fr-bordeaux
3039606283AE0FC000768CD3,3608429646716,4924327,apparel,GF-R2-U1,dec-fr-bordeaux
3039606283AE0FC00057C59F,3608429646716,4924327,apparel,GF-R2-U1,dec-fr-bordeaux
3039606283AE0FC0008A2569,3608429646716,4924327,apparel,GF-R2-U1,dec-fr-bordeaux
3039606283AE0FC00034C423,3608429646716,4924327,apparel,GF-R2-U1,dec-fr-bordeaux
3039606283AE0FC000333712,3608429646716,4924327,apparel,BR-02,dec-fr-bordeaux
3039606283AE10000053F7A6,3608429646723,4924328,apparel,GF-R2-U1,dec-fr-bordeaux
3039606283AE1000009319C8,3608429646723,4924328,apparel,GF-R2-U1,dec-fr-bordeaux
3039606283AE10000031EB76,3608429646723,4924328,apparel,GF-R2-U1,dec-fr-bordeaux
3039606283AE1000005E5750,3608429646723,4924328,apparel,BR-03,dec-fr-bordeaux
3039606283AE10400071F879,3608429646730,4924325,apparel,GF-R2-U1,dec-fr-bordeaux
3039606283AE1040006CFDF0,3608429646730,4924325,apparel,GF-R2-U1,dec-fr-bordeaux
3039606283AE10400069FCB4,3608429646730,4924325,apparel,GF-R2-U1,dec-fr-bordeaux
3039606283AE1040007D9C37,3608429646730,4924325,apparel,BR-04,dec-fr-bordeaux
3039606283AE1080002CECA9,3608429646747,4924326,apparel,GF-R2-U1,dec-fr-bordeaux
3039606283AE1080006252E9,3608429646747,4924326,apparel,GF-R2-U1,dec-fr-bordeaux
3039606283AE108000644A02,3608429646747,4924326,apparel,GF-R2-U1,dec-fr-bordeaux
3039606283AE10800080C28D,3608429646747,4924326,apparel,GF-R2-U1,dec-fr-bordeaux
3039606283AE1080001D5E8D,3608429646747,4924326,apparel,GF-R2-U1,dec-fr-bordeaux
3039606283AE1080002CFAA1,3608429646747,4924326,apparel,BR-01,dec-fr-bordeaux
3039606283AE10C00048075E,3608429646754,4924329,apparel,GF-R2-U1,dec-fr-bordeaux
3039606283AE10C000847D6F,3608429646754,4924329,apparel,GF-R2-U1,dec-fr-bordeaux
3039606283AE110000210BB3,3608429646761,4924330,apparel,GF-R2-U1,dec-fr-bordeaux
30396062C38B1D00004E30D3,3608439288845,4528056,bag_pack,GF-R3-U2,dec-fr-bordeaux
30396062C38B1D00003732BD,3608439288845,4528056,bag_pack,GF-R3-U2,dec-fr-bordeaux
30396062C38B1D00002A117E,3608439288845,4528056,bag_pack,GF-R3-U2,dec-fr-bordeaux
30396062C38B1D00001FF866,3608439288845,4528056,bag_pack,GF-R3-U2,dec-fr-bordeaux
30396062C38B1D000082DAE7,3608439288845,4528056,bag_pack,GF-R3-U2,dec-fr-bordeaux
30396062C38B1D00007D9287,3608439288845,4528056,bag_pack,BR-02,dec-fr-bordeaux
30396062C392A80000391890,3608439366086,2938498,footwear,PE-01,dec-fr-bordeaux
30396062C392A840001C9A90,3608439366093,2938497,footwear,PE-01,dec-fr-bordeaux
30396062C392A880004D3B02,3608439366109,2938499,footwear,PE-01,dec-fr-bordeaux
30396062C392A8800055A63F,3608439366109,2938499,footwear,PE-01,dec-fr-bordeaux
30396062C392A8C0002FB099,3608439366116,2938500,footwear,PE-01,dec-fr-bordeaux
30396062C392A8C0000DD8CA,3608439366116,2938500,footwear,PE-01,dec-fr-bordeaux
30396062C392A90000260D2D,3608439366123,2938501,footwear,PE-01,dec-fr-bordeaux
30396062C392A900006E9756,3608439366123,2938501,footwear,PE-01,dec-fr-bordeaux
30396062C392A9000060A429,3608439366123,2938501,footwear,BR-03,dec-fr-bordeaux
30396062C392A940004F2380,3608439366130,2938502,footwear,PE-01,dec-fr-bordeaux
30396062C392A9400046D34B,3608439366130,2938502,footwear,PE-01,dec-fr-bordeaux
30396062C392A9800075CB27,3608439366147,2938503,footwear,PE-01,dec-fr-bordeaux
30396062C392A9C000488869,3608439366154,2938504,footwear,PE-01,dec-fr-bordeaux
30395DFA82E03240002D80C3,3583787538654,4108820,apparel,GB-R1-U2,dec-fr-bordeaux
30395DFA82E032400030E4A7,3583787538654,4108820,apparel,GB-R1-U2,dec-fr-bordeaux
30395DFA82E0324000209638,3583787538654,4108820,apparel,GB-R1-U2,dec-fr-bordeaux
30395DFA82E03240004A8C79,3583787538654,4108820,apparel,GB-R1-U2,dec-fr-bordeaux
30395DFA82E03240004B5309,3583787538654,4108820,apparel,BR-04,dec-fr-bordeaux
30395DFA82E03280005F795B,3583787538661,4108821,apparel,GB-R1-U2,dec-fr-bordeaux
30395DFA82E0328000966BAE,3583787538661,4108821,apparel,GB-R1-U2,dec-fr-bordeaux
30395DFA82E032800073EDA9,3583787538661,4108821,apparel,BR-01,dec-fr-bordeaux
30395DFA82E032C000082184,3583787538678,4108822,apparel,GB-R1-U2,dec-fr-bordeaux
30395DFA82E032C0003F52B3,3583787538678,4108822,apparel,GB-R1-U2,dec-fr-bordeaux
30395DFA82E032C000387305,3583787538678,4108822,apparel,BR-02,dec-fr-bordeaux
30395DFA82E03300008AB539,3583787538685,4108823,apparel,GB-R1-U2,dec-fr-bordeaux
30395DFA82E03340002AD899,3583787538692,4108819,apparel,GB-R1-U2,dec-fr-bordeaux
30395DFA82E0334000449BD4,3583787538692,4108819,apparel,GB-R1-U2,dec-fr-bordeaux
30395DFA82E03340002EB3CA,3583787538692,4108819,apparel,GB-R1-U2,dec-fr-bordeaux
30395DFA82E03340007B68E0,3583787538692,4108819,apparel,GB-R1-U2,dec-fr-bordeaux
30395DFA82E03340000AEBA7,3583787538692,4108819,apparel,BR-03,dec-fr-bordeaux
30395DFA81A13A40004C2B7F,3583784272414,4299408,apparel,GF-R1-U1,dec-fr-bordeaux
30395DFA81A13A4000554FDA,3583784272414,4299408,apparel,GF-R1-U1,dec-fr-bordeaux
30395DFA81A13A4000700FD6,3583784272414,4299408,apparel,GF-R1-U1,dec-fr-bordeaux
30395DFA81A13A400038D36D,3583784272414,4299408,apparel,GF-R1-U1,dec-fr-bordeaux
30395DFA81A13A4000680BB2,3583784272414,4299408,apparel,GF-R1-U1,dec-fr-bordeaux
30395DFA81A13A4000498054,3583784272414,4299408,apparel,GF-R1-U1,dec-fr-bordeaux
30395DFA81A13A40008AA430,3583784272414,4299408,apparel,BR-04,dec-fr-bordeaux
30395DFA81A13A800005241E,3583784272421,4299409,apparel,GF-R1-U1,dec-fr-bordeaux
30395DFA81A13A80008B98D6,3583784272421,4299409,apparel,GF-R1-U1,dec-fr-bordeaux
30395DFA81A13A8000765325,3583784272421,4299409,apparel,GF-R1-U1,dec-fr-bordeaux
30395DFA81A13A8000953D60,3583784272421,4299409,apparel,GF-R1-U1,dec-fr-bordeaux
30395DFA81A13A80005957B1,3583784272421,4299409,apparel,BR-01,dec-fr-bordeaux
30395DFA81A13AC00071F7AC,3583784272438,4299410,apparel,GF-R1-U1,dec-fr-bordeaux
30395DFA81A13AC0002CE94B,3583784272438,4299410,apparel,GF-R1-U1,dec-fr-bordeaux
30395DFA81A13B00000E34D0,3583784272445,4299411,apparel,GF-R1-U1,dec-fr-bordeaux
30395DFA81A13B000045C77F,3583784272445,4299411,apparel,GF-R1-U1,dec-fr-bordeaux
30395DFA81A13B00001068FB,3583784272445,4299411,apparel,GF-R1-U1,dec-fr-bordeaux
30395DFA81A13B00005D67D1,3583784272445,4299411,apparel,GF-R1-U1,dec-fr-bordeaux
30395DFA81A13B00003BCF71,3583784272445,4299411,apparel,BR-02,dec-fr-bordeaux
30395DFA81A13B40007C1F75,3583784272452,4666757,apparel,GF-R1-U1,dec-fr-bordeaux
30395DFA81A13B400062B980,3583784272452,4666757,apparel,GF-R1-U1,dec-fr-bordeaux
30395DFA81A13B400040379F,3583784272452,4666757,apparel,BR-03,dec-fr-bordeaux
30396061C0BAD2C0003F54A8,3608391913076,5334290,apparel,GF-R3-U2,dec-fr-bordeaux
30396061C0BAD2C0001D6A90,3608391913076,5334290,apparel,GF-R3-U2,dec-fr-bordeaux
30396061C0BAD2C0002C4E5A,3608391913076,5334290,apparel,BR-04,dec-fr-bordeaux
30396061C0BAF18000756F08,3608391914301,5334293,apparel,GF-R3-U2,dec-fr-bordeaux
30396061C0BAF180004DEB41,3608391914301,5334293,apparel,GF-R3-U2,dec-fr-bordeaux
30396061C0BAF1800062EF61,3608391914301,5334293,apparel,GF-R3-U2,dec-fr-bordeaux
30396061C0BAF180008CC517,3608391914301,5334293,apparel,GF-R3-U2,dec-fr-bordeaux
30396061C0BAF1800078C1FC,3608391914301,5334293,apparel,BR-01,dec-fr-bordeaux
30396061C0BAF1C00091C1B8,3608391914318,5334294,apparel,GF-R3-U2,dec-fr-bordeaux
30396061C0BAF1C00009CCD7,3608391914318,5334294,apparel,GF-R3-U2,dec-fr-bordeaux
30396061C0BAF1C00085BBC2,3608391914318,5334294,apparel,GF-R3-U2,dec-fr-bordeaux
30396061C0BAF1C000508BD5,3608391914318,5334294,apparel,BR-02,dec-fr-bordeaux
30396061C0BAF2000092C43D,3608391914325,5334295,apparel,GF-R3-U2,dec-fr-bordeaux
30396061C0BAF200006A00DD,3608391914325,5334295,apparel,GF-R3-U2,dec-fr-bordeaux
30396061C0BAF2000006119D,3608391914325,5334295,apparel,BR-03,dec-fr-bordeaux
30396061C0BAF240007B8723,3608391914332,5334296,apparel,GF-R3-U2,dec-fr-bordeaux
30396061C0BAF240008F7740,3608391914332,5334296,apparel,GF-R3-U2,dec-fr-bordeaux
30396062C38ECAC000642B47,3608439326516,4052741,apparel,GF-R3-U2,dec-fr-bordeaux
30396062C38ECB0000525566,3608439326523,4052745,apparel,GF-R3-U2,dec-fr-bordeaux
30396062C38ECB00002A294A,3608439326523,4052745,apparel,GF-R3-U2,dec-fr-bordeaux
30396062C38ECB000051BB7C,3608439326523,4052745,apparel,GF-R3-U2,dec-fr-bordeaux
30396062C38ECB0000212A6C,3608439326523,4052745,apparel,BR-04,dec-fr-bordeaux
30396062C38ECB40002F2461,3608439326530,4052744,apparel,GF-R3-U2,dec-fr-bordeaux
30396062C38ECB400058A96B,3608439326530,4052744,apparel,GF-R3-U2,dec-fr-bordeaux
30396062C38ECB40005A3D5A,3608439326530,4052744,apparel,GF-R3-U2,dec-fr-bordeaux
30396062C38ECB40003F421E,3608439326530,4052744,apparel,BR-01,dec-fr-bordeaux
30396062C38ECB80006706F6,3608439326547,4052747,apparel,GF-R3-U2,dec-fr-bordeaux
30396062C38ECB80007DDC89,3608439326547,4052747,apparel,GF-R3-U2,dec-fr-bordeaux
30396062C38ECB800035E7AC,3608439326547,4052747,apparel,BR-02,dec-fr-bordeaux
30396062C38ECBC0002C9D34,3608439326554,4052746,apparel,GF-R3-U2,dec-fr-bordeaux
30396062C38ECBC0006B7972,3608439326554,4052746,apparel,GF-R3-U2,dec-fr-bordeaux
30396062C38ECC000024E69D,3608439326561,4052748,apparel,GF-R3-U2,dec-fr-bordeaux
30396062C38ECC000064C95C,3608439326561,4052748,apparel,GF-R3-U2,dec-fr-bordeaux
30396061C183D540004DFC21,3608393971418,5671043,footwear,PE-02,dec-fr-bordeaux
30396061C183D580005C9DCD,3608393971425,5671044,footwear,PE-02,dec-fr-bordeaux
30396061C183D5C0008DD103,3608393971432,5671045,footwear,PE-02,dec-fr-bordeaux
30396061C183D5C0002607EB,3608393971432,5671045,footwear,PE-02,dec-fr-bordeaux
30396061C183D60000687A10,3608393971449,5671046,footwear,PE-02,dec-fr-bordeaux
30396061C183D6000078718B,3608393971449,5671046,footwear,PE-02,dec-fr-bordeaux
30396061C183D64000527DB7,3608393971456,5671047,footwear,PE-02,dec-fr-bordeaux
30396061C183D640001862E5,3608393971456,5671047,footwear,PE-02,dec-fr-bordeaux
30396061C183D680000F0889,3608393971463,5671050,footwear,PE-02,dec-fr-bordeaux
30396061C183D680004B0A6A,3608393971463,5671050,footwear,PE-02,dec-fr-bordeaux
30396061C183D6C0000646AA,3608393971470,5671051,footwear,PE-02,dec-fr-bordeaux
30396061C19412400056A6C6,3608394137691,5779833,footwear,PE-02,dec-fr-bordeaux
30396061C1941240001BE6AE,3608394137691,5779833,footwear,PE-02,dec-fr-bordeaux
30396061C1943080006FB2B3,3608394138902,5779834,footwear,PE-02,dec-fr-bordeaux
30396061C1943080007C1087,3608394138902,5779834,footwear,PE-02,dec-fr-bordeaux
30396061C19430C00039787B,3608394138919,5779835,footwear,PE-02,dec-fr-bordeaux
30396061C19430C000284D97,3608394138919,5779835,footwear,PE-02,dec-fr-bordeaux
30395DFA82C44B80005B6A92,3583787252949,4521014,apparel,GB-R3-U1,dec-fr-bordeaux
30395DFA82C44B80001EE766,3583787252949,4521014,apparel,GB-R3-U1,dec-fr-bordeaux
30395DFA82C44B80001AA16B,3583787252949,4521014,apparel,GB-R3-U1,dec-fr-bordeaux
30395DFA82C44B800054FAB0,3583787252949,4521014,apparel,GB-R3-U1,dec-fr-bordeaux
30395DFA82C44B80001F9611,3583787252949,4521014,apparel,GB-R3-U1,dec-fr-bordeaux
30395DFA82C44B80004C8AB1,3583787252949,4521014,apparel,GB-R3-U1,dec-fr-bordeaux
30395DFA82C44B800059DF84,3583787252949,4521014,apparel,GB-R3-U1,dec-fr-bordeaux
30395DFA82C44B800071C56D,3583787252949,4521014,apparel,BR-03,dec-fr-bordeaux
30395DFA82C44BC0003CA276,3583787252956,4521015,apparel,GB-R3-U1,dec-fr-bordeaux
30395DFA82C44BC000040479,3583787252956,4521015,apparel,GB-R3-U1,dec-fr-bordeaux
30395DFA82C44BC000912FB1,3583787252956,4521015,apparel,GB-R3-U1,dec-fr-bordeaux
30395DFA82C44BC00046D470,3583787252956,4521015,apparel,GB-R3-U1,dec-fr-bordeaux
30395DFA82C44BC000109566,3583787252956,4521015,apparel,GB-R3-U1,dec-fr-bordeaux
30395DFA82C44BC0004082DF,3583787252956,4521015,apparel,GB-R3-U1,dec-fr-bordeaux
30395DFA82C44BC0000B74B1,3583787252956,4521015,apparel,GB-R3-U1,dec-fr-bordeaux
30395DFA82C44BC0002B2362,3583787252956,4521015,apparel,GB-R3-U1,dec-fr-bordeaux
30395DFA82C44BC0008B2274,3583787252956,4521015,apparel,GB-R3-U1,dec-fr-bordeaux
30395DFA82C44BC00047A4A7,3583787252956,4521015,apparel,GB-R3-U1,dec-fr-bordeaux
30395DFA82C44BC0004DF018,3583787252956,4521015,apparel,BR-04,dec-fr-bordeaux
30395DFA82C44BC00096AF99,3583787252956,4521015,apparel,BR-01,dec-fr-bordeaux
30396061C1A95B400040129D,3608394355651,5816928,footwear,PW-02,dec-fr-bordeaux
30396061C1A95B800020F145,3608394355668,5816929,footwear,PW-02,dec-fr-bordeaux
30396061C1A95B80008B2931,3608394355668,5816929,footwear,PW-02,dec-fr-bordeaux
30396061C1A95BC00019C310,3608394355675,5816930,footwear,PW-02,dec-fr-bordeaux
30396061C1A95BC0003E0CCA,3608394355675,5816930,footwear,PW-02,dec-fr-bordeaux
30396061C1A95C000067FAC6,3608394355682,5816931,footwear,PW-02,dec-fr-bordeaux
30396061C1A95C00006658A9,3608394355682,5816931,footwear,PW-02,dec-fr-bordeaux
30396061C1A95C00005E6617,3608394355682,5816931,footwear,BR-02,dec-fr-bordeaux
30396061C1A95C4000063B90,3608394355699,5816932,footwear,PW-02,dec-fr-bordeaux
30396061C1A95C400048F0E4,3608394355699,5816932,footwear,PW-02,dec-fr-bordeaux
30396061C1A95C400081731E,3608394355699,5816932,footwear,BR-03,dec-fr-bordeaux
30396061C1A95F00000D29BC,3608394355804,5816933,footwear,PW-02,dec-fr-bordeaux
30396061C1A95F00004FA0FB,3608394355804,5816933,footwear,PW-02,dec-fr-bordeaux
30396061C1A95F0000590922,3608394355804,5816933,footwear,BR-04,dec-fr-bordeaux
30396061C1A95F40002D6E35,3608394355811,5816934,footwear,PW-02,dec-fr-bordeaux
30396061C1A95F40008EF44B,3608394355811,5816934,footwear,PW-02,dec-fr-bordeaux
30396061C1A95F400067F224,3608394355811,5816934,footwear,BR-01,dec-fr-bordeaux
30396061C1A95F80004C3034,3608394355828,5816935,footwear,PW-02,dec-fr-bordeaux
30396061C1A95F80005951CE,3608394355828,5816935,footwear,PW-02,dec-fr-bordeaux
30396061C1A96000003F659B,3608394355842,5816937,footwear,PW-02,dec-fr-bordeaux
30396061C1A96000003E8BD2,3608394355842,5816937,footwear,PW-02,dec-fr-bordeaux
30396061C1A960400036DA0E,3608394355859,5816938,footwear,PW-02,dec-fr-bordeaux
30396061C1A96040002FDDF4,3608394355859,5816938,footwear,PW-02,dec-fr-bordeaux
30395DFA80CC2E80005C0825,3583782090829,1033680,apparel,GB-R3-U2,dec-fr-bordeaux
30395DFA80CC2E800096B0D8,3583782090829,1033680,apparel,GB-R3-U2,dec-fr-bordeaux
30395DFA80CC2E800004B5E6,3583782090829,1033680,apparel,BR-02,dec-fr-bordeaux
30395DFA80CC2EC0004417E0,3583782090836,1033681,apparel,GB-R3-U2,dec-fr-bordeaux
30395DFA80CC2EC00005812B,3583782090836,1033681,apparel,GB-R3-U2,dec-fr-bordeaux
30395DFA80CC2EC00023674B,3583782090836,1033681,apparel,GB-R3-U2,dec-fr-bordeaux
30395DFA80CC2EC0001DB27F,3583782090836,1033681,apparel,GB-R3-U2,dec-fr-bordeaux
30395DFA80CC2EC0000D42EE,3583782090836,1033681,apparel,GB-R3-U2,dec-fr-bordeaux
30395DFA80CC2EC0001F7534,3583782090836,1033681,apparel,BR-03,dec-fr-bordeaux
30395DFA80CC2F0000495DF0,3583782090843,1033682,apparel,GB-R3-U2,dec-fr-bordeaux
30395DFA80CC2F00002396B2,3583782090843,1033682,apparel,GB-R3-U2,dec-fr-bordeaux
30395DFA80CC2F000057B035,3583782090843,1033682,apparel,GB-R3-U2,dec-fr-bordeaux
30395DFA80CC2F00003154FE,3583782090843,1033682,apparel,GB-R3-U2,dec-fr-bordeaux
30395DFA80CC2F00003BDCD2,3583782090843,1033682,apparel,GB-R3-U2,dec-fr-bordeaux
30395DFA80CC2F000027D53E,3583782090843,1033682,apparel,GB-R3-U2,dec-fr-bordeaux
30395DFA80CC2F00004AC879,3583782090843,1033682,apparel,GB-R3-U2,dec-fr-bordeaux
30395DFA80CC2F00006A3EEB,3583782090843,1033682,apparel,BR-04,dec-fr-bordeaux
30395DFA80CC2F4000889D1D,3583782090850,1033683,apparel,GB-R3-U2,dec-fr-bordeaux
30395DFA80CC2F40007DDDCE,3583782090850,1033683,apparel,GB-R3-U2,dec-fr-bordeaux
30395DFA80CC2F400004D840,3583782090850,1033683,apparel,GB-R3-U2,dec-fr-bordeaux
30395DFA80CC2F40004BF8C6,3583782090850,1033683,apparel,GB-R3-U2,dec-fr-bordeaux
30395DFA80CC2F40001C46F9,3583782090850,1033683,apparel,GB-R3-U2,dec-fr-bordeaux
30395DFA80CC2F40007D6C0F,3583782090850,1033683,apparel,GB-R3-U2,dec-fr-bordeaux
30395DFA80CC2F4000899888,3583782090850,1033683,apparel,GB-R3-U2,dec-fr-bordeaux
30395DFA80CC2F4000684000,3583782090850,1033683,apparel,BR-01,dec-fr-bordeaux
30395DFA80CC2F800069D03C,3583782090867,1033684,apparel,GB-R3-U2,dec-fr-bordeaux
30395DFA80CC2F800023E25F,3583782090867,1033684,apparel,GB-R3-U2,dec-fr-bordeaux
30395DFA80CC2F80008749DF,3583782090867,1033684,apparel,GB-R3-U2,dec-fr-bordeaux
30395DFA80CC2F80001EFF1E,3583782090867,1033684,apparel,GB-R3-U2,dec-fr-bordeaux
30395DFA80CC2F8000026FA3,3583782090867,1033684,apparel,BR-02,dec-fr-bordeaux
30395DFA80CC2FC0007BF6B7,3583782090874,1033685,apparel,GB-R3-U2,dec-fr-bordeaux
30395DFA80CC2FC00050F216,3583782090874,1033685,apparel,GB-R3-U2,dec-fr-bordeaux
30396061C0EE6F00004CE42E,3608392441561,5275184,accessories,ACC-01,dec-fr-bordeaux
30396061C0EE6F00001373CE,3608392441561,5275184,accessories,ACC-01,dec-fr-bordeaux
30396061C0EE6F80006DB356,3608392441585,5275186,accessories,ACC-01,dec-fr-bordeaux
30396061C0EE6F800013D9B2,3608392441585,5275186,accessories,ACC-01,dec-fr-bordeaux
30396061C0EE6FC00034C5CE,3608392441592,5275187,accessories,ACC-01,dec-fr-bordeaux
30396061C0EE6FC000612453,3608392441592,5275187,accessories,ACC-01,dec-fr-bordeaux
30396061C0EE6FC00069F418,3608392441592,5275187,accessories,BR-03,dec-fr-bordeaux
30396061C0EE840000768C15,3608392442407,5275188,accessories,ACC-01,dec-fr-bordeaux
30396061C0EE840000059ED5,3608392442407,5275188,accessories,ACC-01,dec-fr-bordeaux
3039606303BD9C000006E7B4,3608449805926,4560115,apparel,GF-R1-U2,dec-fr-bordeaux
3039606303BD9C0000181FE5,3608449805926,4560115,apparel,GF-R1-U2,dec-fr-bordeaux
3039606303BD9C000091F72F,3608449805926,4560115,apparel,GF-R1-U2,dec-fr-bordeaux
3039606303BD9C00004F4BFF,3608449805926,4560115,apparel,BR-04,dec-fr-bordeaux
3039606303BD9C40002EB163,3608449805933,4560116,apparel,GF-R1-U2,dec-fr-bordeaux
3039606303BD9C40008E54BA,3608449805933,4560116,apparel,GF-R1-U2,dec-fr-bordeaux
3039606303BD9C8000821120,3608449805940,4560113,apparel,GF-R1-U2,dec-fr-bordeaux
3039606303BD9C800001ACDC,3608449805940,4560113,apparel,GF-R1-U2,dec-fr-bordeaux
3039606303BD9C800079D33E,3608449805940,4560113,apparel,GF-R1-U2,dec-fr-bordeaux
3039606303BD9C80001DAABC,3608449805940,4560113,apparel,GF-R1-U2,dec-fr-bordeaux
3039606303BD9C80002C75CF,3608449805940,4560113,apparel,GF-R1-U2,dec-fr-bordeaux
3039606303BD9C80006C3700,3608449805940,4560113,apparel,BR-01,dec-fr-bordeaux
3039606303BD9CC0005ADC35,3608449805957,4560114,apparel,GF-R1-U2,dec-fr-bordeaux
3039606303BD9CC0005ABA6C,3608449805957,4560114,apparel,GF-R1-U2,dec-fr-bordeaux
3039606303BD9CC000318847,3608449805957,4560114,apparel,GF-R1-U2,dec-fr-bordeaux
3039606303BD9CC000300021,3608449805957,4560114,apparel,GF-R1-U2,dec-fr-bordeaux
3039606303BD9CC00036B830,3608449805957,4560114,apparel,BR-02,dec-fr-bordeaux
3039606303BD9D000097688D,3608449805964,4560111,apparel,GF-R1-U2,dec-fr-bordeaux
3039606303BD9D000002ACA2,3608449805964,4560111,apparel,GF-R1-U2,dec-fr-bordeaux
3039606303BD9DC00094B7D3,3608449805995,4560112,apparel,GF-R1-U2,dec-fr-bordeaux
3039606303BD9DC00019D781,3608449805995,4560112,apparel,GF-R1-U2,dec-fr-bordeaux
3039606303BD9DC00086076D,3608449805995,4560112,apparel,BR-03,dec-fr-bordeaux
30396062C3959A40001A805F,3608439396250,2705916,outdoor,GF-R3-U2,dec-fr-bordeaux
30396061C04CFD800079F814,3608390788385,5084556,apparel,GF-R3-U1,dec-fr-bordeaux
30396061C04CFDC0000790A6,3608390788392,5084557,apparel,GF-R3-U1,dec-fr-bordeaux
30396061C04D0D00001E5DA3,3608390789009,5084558,apparel,GF-R3-U1,dec-fr-bordeaux
30396061C04D0D00008C552D,3608390789009,5084558,apparel,GF-R3-U1,dec-fr-bordeaux
30396061C04D0D400024CA9E,3608390789016,5084559,apparel,GF-R3-U1,dec-fr-bordeaux
30396061C04D0D40001347B2,3608390789016,5084559,apparel,GF-R3-U1,dec-fr-bordeaux
30396061C04D0D80006EDBAF,3608390789023,5084560,apparel,GF-R3-U1,dec-fr-bordeaux
30396061C04D0D80003F8EBD,3608390789023,5084560,apparel,GF-R3-U1,dec-fr-bordeaux
30396061C04D0DC000356FB0,3608390789030,5084561,apparel,GF-R3-U1,dec-fr-bordeaux
30396061C04D0E400064E1F5,3608390789054,5084563,apparel,GF-R3-U1,dec-fr-bordeaux
30396061C0D9AB800022B2BD,3608392228940,5405077,apparel,GF-R3-U1,dec-fr-bordeaux
30396061C0D9ABC0006A854D,3608392228957,5405078,apparel,GF-R3-U1,dec-fr-bordeaux
30396061C0D9AC00002E6851,3608392228964,5405079,apparel,GF-R3-U1,dec-fr-bordeaux
30396061C0D9AC00003882DC,3608392228964,5405079,apparel,GF-R3-U1,dec-fr-bordeaux
30396061C0D9AC4000762376,3608392228971,5405080,apparel,GF-R3-U1,dec-fr-bordeaux
30396061C0D9AC40008D07A9,3608392228971,5405080,apparel,GF-R3-U1,dec-fr-bordeaux
30396061C0D9AC8000762B64,3608392228988,5405081,apparel,GF-R3-U1,dec-fr-bordeaux
30396061C0D9AC8000763BC9,3608392228988,5405081,apparel,GF-R3-U1,dec-fr-bordeaux
30396061C0D9AC800021AEC7,3608392228988,5405081,apparel,GF-R3-U1,dec-fr-bordeaux
30396061C0D9AC8000508663,3608392228988,5405081,apparel,BR-04,dec-fr-bordeaux
30396061C0D9B980004CF73B,3608392229503,5405083,apparel,GF-R3-U1,dec-fr-bordeaux
30396061C06090C0004BCB37,3608390988839,5145645,bag_pack,PE-01,dec-fr-bordeaux
30396061C06090C00037C7E1,3608390988839,5145645,bag_pack,PE-01,dec-fr-bordeaux
30396061C06090C000658529,3608390988839,5145645,bag_pack,PE-01,dec-fr-bordeaux
30396061C06090C00015F92B,3608390988839,5145645,bag_pack,BR-01,dec-fr-bordeaux
30396061C0609100007F3224,3608390988846,5145647,bag_pack,PE-01,dec-fr-bordeaux
30396061C0609100008BE86C,3608390988846,5145647,bag_pack,PE-01,dec-fr-bordeaux
30396061C0609100004CB44C,3608390988846,5145647,bag_pack,PE-01,dec-fr-bordeaux
30396061C060910000755D87,3608390988846,5145647,bag_pack,BR-02,dec-fr-bordeaux
3039606303C85440001705E8,3608449915694,885269,apparel,GB-R1-U1,dec-fr-bordeaux
3039606303C8544000346B7C,3608449915694,885269,apparel,GB-R1-U1,dec-fr-bordeaux
3039606303C85440001BF82E,3608449915694,885269,apparel,GB-R1-U1,dec-fr-bordeaux
3039606303C8544000291E43,3608449915694,885269,apparel,GB-R1-U1,dec-fr-bordeaux
3039606303C85440001F8473,3608449915694,885269,apparel,BR-03,dec-fr-bordeaux
3039606303C8548000187678,3608449915700,885266,apparel,GB-R1-U1,dec-fr-bordeaux
3039606303C8548000593A1A,3608449915700,885266,apparel,GB-R1-U1,dec-fr-bordeaux
3039606303C8548000679D35,3608449915700,885266,apparel,BR-04,dec-fr-bordeaux
3039606303C8558000257297,3608449915748,885276,apparel,GB-R1-U1,dec-fr-bordeaux
3039606303C8558000795848,3608449915748,885276,apparel,GB-R1-U1,dec-fr-bordeaux
3039606303C8558000660CD0,3608449915748,885276,apparel,GB-R1-U1,dec-fr-bordeaux
3039606303C855800072443C,3608449915748,885276,apparel,GB-R1-U1,dec-fr-bordeaux
3039606303C85580002BB5BB,3608449915748,885276,apparel,BR-01,dec-fr-bordeaux
3039606303C856000064C62B,3608449915762,885277,apparel,GB-R1-U1,dec-fr-bordeaux
3039606303C856000081FAAB,3608449915762,885277,apparel,GB-R1-U1,dec-fr-bordeaux
3039606303C85600005038A5,3608449915762,885277,apparel,BR-02,dec-fr-bordeaux
3039606303C85680001B34C0,3608449915786,885273,apparel,GB-R1-U1,dec-fr-bordeaux
3039606303C856800048F214,3608449915786,885273,apparel,GB-R1-U1,dec-fr-bordeaux
3039606303C85680009791F6,3608449915786,885273,apparel,GB-R1-U1,dec-fr-bordeaux
3039606303C8568000807B49,3608449915786,885273,apparel,GB-R1-U1,dec-fr-bordeaux
3039606303C8568000671A2B,3608449915786,885273,apparel,GB-R1-U1,dec-fr-bordeaux
3039606303C85680002F5607,3608449915786,885273,apparel,GB-R1-U1,dec-fr-bordeaux
3039606303C856800034BC0B,3608449915786,885273,apparel,GB-R1-U1,dec-fr-bordeaux
3039606303C85680000E968A,3608449915786,885273,apparel,BR-03,dec-fr-bordeaux
3039606303C856C00044588B,3608449915793,885274,apparel,GB-R1-U1,dec-fr-bordeaux
3039606303C856C0004817BB,3608449915793,885274,apparel,GB-R1-U1,dec-fr-bordeaux
3039606303C856C000478BDE,3608449915793,885274,apparel,GB-R1-U1,dec-fr-bordeaux
3039606303C856C00083F860,3608449915793,885274,apparel,GB-R1-U1,dec-fr-bordeaux
3039606303C856C0001BEE7C,3608449915793,885274,apparel,GB-R1-U1,dec-fr-bordeaux
3039606303C856C00060DA55,3608449915793,885274,apparel,GB-R1-U1,dec-fr-bordeaux
3039606303C856C00048C5A0,3608449915793,885274,apparel,GB-R1-U1,dec-fr-bordeaux
3039606303C856C0001AEC04,3608449915793,885274,apparel,BR-04,dec-fr-bordeaux
3039606303C1A2C0008B7CCC,3608449847155,2456158,apparel,GB-R1-U2,dec-fr-bordeaux
3039606303C1A2C00094DEAC,3608449847155,2456158,apparel,GB-R1-U2,dec-fr-bordeaux
3039606303C1A2C0002CFE86,3608449847155,2456158,apparel,GB-R1-U2,dec-fr-bordeaux
3039606303C1A2C000745B38,3608449847155,2456158,apparel,GB-R1-U2,dec-fr-bordeaux
3039606303C1A2C0006CD3FE,3608449847155,2456158,apparel,GB-R1-U2,dec-fr-bordeaux
3039606303C1A2C000517E3A,3608449847155,2456158,apparel,GB-R1-U2,dec-fr-bordeaux
3039606303C1A2C00066DA07,3608449847155,2456158,apparel,BR-01,dec-fr-bordeaux
3039606303C1A3000094F91B,3608449847162,2456159,apparel,GB-R1-U2,dec-fr-bordeaux
3039606303C1A300001BB0E8,3608449847162,2456159,apparel,GB-R1-U2,dec-fr-bordeaux
3039606303C1A300009024B2,3608449847162,2456159,apparel,GB-R1-U2,dec-fr-bordeaux
3039606303C1A3000001E920,3608449847162,2456159,apparel,GB-R1-U2,dec-fr-bordeaux
3039606303C1A3000070C9BA,3608449847162,2456159,apparel,GB-R1-U2,dec-fr-bordeaux
3039606303C1A30000720155,3608449847162,2456159,apparel,GB-R1-U2,dec-fr-bordeaux
3039606303C1A3000054EFBB,3608449847162,2456159,apparel,BR-02,dec-fr-bordeaux
3039606303C1A340002EDB59,3608449847179,2456156,apparel,GB-R1-U2,dec-fr-bordeaux
3039606303C1A3400067FB7E,3608449847179,2456156,apparel,GB-R1-U2,dec-fr-bordeaux
3039606303C1A3800074F0E5,3608449847186,2456157,apparel,GB-R1-U2,dec-fr-bordeaux
3039606303C1A3C000563F86,3608449847193,2456162,apparel,GB-R1-U2,dec-fr-bordeaux
3039606303C1A3C0006A158F,3608449847193,2456162,apparel,GB-R1-U2,dec-fr-bordeaux
3039606303C1A400005EDB11,3608449847209,2456161,apparel,GB-R1-U2,dec-fr-bordeaux
3039606303C1A4000068445E,3608449847209,2456161,apparel,GB-R1-U2,dec-fr-bordeaux
3039606303C1A40000689BDC,3608449847209,2456161,apparel,GB-R1-U2,dec-fr-bordeaux
3039606303C1A4000075430E,3608449847209,2456161,apparel,GB-R1-U2,dec-fr-bordeaux
3039606303C1A400003BC9E6,3608449847209,2456161,apparel,BR-03,dec-fr-bordeaux
3039606303C1A44000337E85,3608449847216,2456160,apparel,GB-R1-U2,dec-fr-bordeaux
3039606303C1A440002CC05E,3608449847216,2456160,apparel,GB-R1-U2,dec-fr-bordeaux
3039606303C1A4400072E9B2,3608449847216,2456160,apparel,GB-R1-U2,dec-fr-bordeaux
3039606303C1A4400063BB9C,3608449847216,2456160,apparel,BR-04,dec-fr-bordeaux
3039606303BE6640004E3B8D,3608449814010,4273814,apparel,GF-R1-U1,dec-fr-bordeaux
3039606303BE6640002C5448,3608449814010,4273814,apparel,GF-R1-U1,dec-fr-bordeaux
3039606303BE6640003BCA1E,3608449814010,4273814,apparel,BR-01,dec-fr-bordeaux
3039606303BE6680001E2DB2,3608449814027,4273816,apparel,GF-R1-U1,dec-fr-bordeaux
3039606303BE66C000917CA7,3608449814034,4273820,apparel,GF-R1-U1,dec-fr-bordeaux
3039606303BE66C000974A9E,3608449814034,4273820,apparel,GF-R1-U1,dec-fr-bordeaux
3039606303BE66C000054BC3,3608449814034,4273820,apparel,GF-R1-U1,dec-fr-bordeaux
3039606303BE66C0003EE5DD,3608449814034,4273820,apparel,GF-R1-U1,dec-fr-bordeaux
3039606303BE66C00021C2EB,3608449814034,4273820,apparel,GF-R1-U1,dec-fr-bordeaux
3039606303BE66C000016AD7,3608449814034,4273820,apparel,GF-R1-U1,dec-fr-bordeaux
3039606303BE66C0006044F4,3608449814034,4273820,apparel,BR-02,dec-fr-bordeaux
3039606303BE6700006F696A,3608449814041,4273822,apparel,GF-R1-U1,dec-fr-bordeaux
3039606303BE67000008B23B,3608449814041,4273822,apparel,GF-R1-U1,dec-fr-bordeaux
3039606303BE670000128A1D,3608449814041,4273822,apparel,GF-R1-U1,dec-fr-bordeaux
3039606303BE6700003AAD21,3608449814041,4273822,apparel,GF-R1-U1,dec-fr-bordeaux
3039606303BE6700002995D2,3608449814041,4273822,apparel,BR-03,dec-fr-bordeaux
3039606303BE674000933342,3608449814058,4273821,apparel,GF-R1-U1,dec-fr-bordeaux
3039606303BE6740000BCE28,3608449814058,4273821,apparel,GF-R1-U1,dec-fr-bordeaux
3039606303BE67400012B042,3608449814058,4273821,apparel,GF-R1-U1,dec-fr-bordeaux
3039606303BE6740007F9883,3608449814058,4273821,apparel,GF-R1-U1,dec-fr-bordeaux
3039606303BE67400085A64E,3608449814058,4273821,apparel,GF-R1-U1,dec-fr-bordeaux
3039606303BE67400063E41D,3608449814058,4273821,apparel,GF-R1-U1,dec-fr-bordeaux
3039606303BE6740001F2D28,3608449814058,4273821,apparel,BR-04,dec-fr-bordeaux
3039606303BE67C00059C6A3,3608449814072,4273823,apparel,GF-R1-U1,dec-fr-bordeaux
3039606303BE67C000805BC1,3608449814072,4273823,apparel,GF-R1-U1,dec-fr-bordeaux
3039606303BE67C00019C80B,3608449814072,4273823,apparel,GF-R1-U1,dec-fr-bordeaux
3039606303BE67C0004BD500,3608449814072,4273823,apparel,GF-R1-U1,dec-fr-bordeaux
3039606303BE67C000491729,3608449814072,4273823,apparel,BR-01,dec-fr-bordeaux
30395DFA82E2FF40002AD92B,3583787567333,4335164,accessories,ACC-02,dec-fr-bordeaux
30395DFA82E2FF4000590A48,3583787567333,4335164,accessories,ACC-02,dec-fr-bordeaux
30395DFA82E2FF40005BFC1B,3583787567333,4335164,accessories,ACC-02,dec-fr-bordeaux
30395DFA82E2FF4000347DB0,3583787567333,4335164,accessories,ACC-02,dec-fr-bordeaux
30395DFA82E2FF400023B6E6,3583787567333,4335164,accessories,ACC-02,dec-fr-bordeaux
30395DFA82E2FF4000679AE9,3583787567333,4335164,accessories,ACC-02,dec-fr-bordeaux
30395DFA82E2FF40003927FC,3583787567333,4335164,accessories,ACC-02,dec-fr-bordeaux
30395DFA82E2FF4000319260,3583787567333,4335164,accessories,ACC-02,dec-fr-bordeaux
30395DFA82E2FF4000266A44,3583787567333,4335164,accessories,ACC-02,dec-fr-bordeaux
30395DFA82E2FF40006C5387,3583787567333,4335164,accessories,BR-02,dec-fr-bordeaux
30395DFA82E2FF400078F52E,3583787567333,4335164,accessories,BR-03,dec-fr-bordeaux
30395DFA819CB240008D665B,3583784226011,4272515,apparel,GF-R3-U2,dec-fr-bordeaux
30395DFA819CB28000565EED,3583784226028,4272516,apparel,GF-R3-U2,dec-fr-bordeaux
30395DFA819CB2C000383125,3583784226035,4272519,apparel,GF-R3-U2,dec-fr-bordeaux
30395DFA819CB2C00067D946,3583784226035,4272519,apparel,GF-R3-U2,dec-fr-bordeaux
30395DFA819CB2C0006D7079,3583784226035,4272519,apparel,GF-R3-U2,dec-fr-bordeaux
30395DFA819CB2C0009338DD,3583784226035,4272519,apparel,BR-04,dec-fr-bordeaux
30395DFA819CB3000069B6B1,3583784226042,4272520,apparel,GF-R3-U2,dec-fr-bordeaux
30395DFA819CB30000885CF8,3583784226042,4272520,apparel,GF-R3-U2,dec-fr-bordeaux
30395DFA819CB300006D2260,3583784226042,4272520,apparel,GF-R3-U2,dec-fr-bordeaux
30395DFA819CB30000539164,3583784226042,4272520,apparel,BR-01,dec-fr-bordeaux
30395DFA819CB3400091C8EF,3583784226059,4272521,apparel,GF-R3-U2,dec-fr-bordeaux
30395DFA819CB3400024C880,3583784226059,4272521,apparel,GF-R3-U2,dec-fr-bordeaux
30395DFA819CB3800045DCD3,3583784226066,4272522,apparel,GF-R3-U2,dec-fr-bordeaux
30395DFA819CB3800073DBE3,3583784226066,4272522,apparel,GF-R3-U2,dec-fr-bordeaux
30395DFA819CB380004652A8,3583784226066,4272522,apparel,BR-02,dec-fr-bordeaux
30395DFA82B9ED80004591CF,3583787146781,4531445,accessories,GB-R3-U1,dec-fr-bordeaux
30395DFA82B9ED8000813449,3583787146781,4531445,accessories,GB-R3-U1,dec-fr-bordeaux
30395DFA82B9EE0000232D43,3583787146804,4531444,accessories,GB-R3-U1,dec-fr-bordeaux
30395DFA82B9EE000048CF4B,3583787146804,4531444,accessories,GB-R3-U1,dec-fr-bordeaux
30395DFA82B9EE400070852C,3583787146811,4531447,accessories,GB-R3-U1,dec-fr-bordeaux
30395DFA82B9EEC0006A7AA8,3583787146835,4531446,accessories,GB-R3-U1,dec-fr-bordeaux
30395DFA82B9EFC00042A4D4,3583787146873,4531443,accessories,GB-R3-U1,dec-fr-bordeaux
30395DFA82B9EFC0008D1699,3583787146873,4531443,accessories,GB-R3-U1,dec-fr-bordeaux
30395DFA82B9F040001BB75D,3583787146897,4531442,accessories,GB-R3-U1,dec-fr-bordeaux
30395DFA82B9F0400090EF17,3583787146897,4531442,accessories,GB-R3-U1,dec-fr-bordeaux
30396061C0FE42400086F110,3608392603617,5484461,apparel,GF-R1-U2,dec-fr-bordeaux
30396061C0FE42400007EF56,3608392603617,5484461,apparel,GF-R1-U2,dec-fr-bordeaux
30396061C0FE4240005284D3,3608392603617,5484461,apparel,GF-R1-U2,dec-fr-bordeaux
30396061C0FE4240001A9190,3608392603617,5484461,apparel,GF-R1-U2,dec-fr-bordeaux
30396061C0FE4240005A3D47,3608392603617,5484461,apparel,BR-03,dec-fr-bordeaux
30396061C0FE42800071AAC1,3608392603624,5484462,apparel,GF-R1-U2,dec-fr-bordeaux
30396061C0FE42800035D7F2,3608392603624,5484462,apparel,GF-R1-U2,dec-fr-bordeaux
30396061C0FE42800090B180,3608392603624,5484462,apparel,GF-R1-U2,dec-fr-bordeaux
30396061C0FE4280008C3C44,3608392603624,5484462,apparel,GF-R1-U2,dec-fr-bordeaux
30396061C0FE428000252D17,3608392603624,5484462,apparel,GF-R1-U2,dec-fr-bordeaux
30396061C0FE42800088AEDF,3608392603624,5484462,apparel,GF-R1-U2,dec-fr-bordeaux
30396061C0FE42800031D9C3,3608392603624,5484462,apparel,GF-R1-U2,dec-fr-bordeaux
30396061C0FE4280007E1E91,3608392603624,5484462,apparel,BR-04,dec-fr-bordeaux
30396061C0FE42C000059360,3608392603631,5484463,apparel,GF-R1-U2,dec-fr-bordeaux
30396061C0FE42C00036A38C,3608392603631,5484463,apparel,GF-R1-U2,dec-fr-bordeaux
30396061C0FE42C00074ACA9,3608392603631,5484463,apparel,GF-R1-U2,dec-fr-bordeaux
30396061C0FE42C0003EE71D,3608392603631,5484463,apparel,GF-R1-U2,dec-fr-bordeaux
30396061C0FE42C0004A847F,3608392603631,5484463,apparel,GF-R1-U2,dec-fr-bordeaux
30396061C0FE42C000883C0D,3608392603631,5484463,apparel,GF-R1-U2,dec-fr-bordeaux
30396061C0FE42C0001CF627,3608392603631,5484463,apparel,GF-R1-U2,dec-fr-bordeaux
30396061C0FE42C0000D5E5C,3608392603631,5484463,apparel,BR-01,dec-fr-bordeaux
30396061C0FE4300005B07C6,3608392603648,5484464,apparel,GF-R1-U2,dec-fr-bordeaux
30396061C0FE4300003D266B,3608392603648,5484464,apparel,GF-R1-U2,dec-fr-bordeaux
30396061C0FE43000036F806,3608392603648,5484464,apparel,GF-R1-U2,dec-fr-bordeaux
30396061C0FE430000171EB3,3608392603648,5484464,apparel,GF-R1-U2,dec-fr-bordeaux
30396061C0FE4300006FBEF9,3608392603648,5484464,apparel,BR-02,dec-fr-bordeaux
30396061C0FE434000860962,3608392603655,5484465,apparel,GF-R1-U2,dec-fr-bordeaux
30396061C0FE4340000D1FB3,3608392603655,5484465,apparel,GF-R1-U2,dec-fr-bordeaux
30396061C0FE434000799E59,3608392603655,5484465,apparel,BR-03,dec-fr-bordeaux
30396061C0D4594000423CD0,3608392174452,5391018,footwear,PW-01,dec-fr-bordeaux
30396061C0D4594000178458,3608392174452,5391018,footwear,PW-01,dec-fr-bordeaux
30396061C0D45940000E7C75,3608392174452,5391018,footwear,BR-04,dec-fr-bordeaux
30396061C0D459800090A5A5,3608392174469,5391019,footwear,PW-01,dec-fr-bordeaux
30396061C0D459800097812C,3608392174469,5391019,footwear,PW-01,dec-fr-bordeaux
30396061C0D459800088285E,3608392174469,5391019,footwear,PW-01,dec-fr-bordeaux
30396061C0D4598000708ED8,3608392174469,5391019,footwear,BR-01,dec-fr-bordeaux
30396061C0D459C0008ABA7C,3608392174476,5391020,footwear,PW-01,dec-fr-bordeaux
30396061C0D459C000484C89,3608392174476,5391020,footwear,PW-01,dec-fr-bordeaux
30396061C0D459C0007925A7,3608392174476,5391020,footwear,PW-01,dec-fr-bordeaux
30396061C0D459C0000F6C0D,3608392174476,5391020,footwear,BR-02,dec-fr-bordeaux
30396061C0D45A00003A7A53,3608392174483,5391021,footwear,PW-01,dec-fr-bordeaux
30396061C0D45A000054469F,3608392174483,5391021,footwear,PW-01,dec-fr-bordeaux
30396061C0D45A00004B68B6,3608392174483,5391021,footwear,BR-03,dec-fr-bordeaux
30396061C0D45A4000020751,3608392174490,5391022,footwear,PW-01,dec-fr-bordeaux
30396061C0D45A400007392E,3608392174490,5391022,footwear,PW-01,dec-fr-bordeaux
30396061C0D46700001E3925,3608392175008,5391023,footwear,PW-01,dec-fr-bordeaux
30396061C0D467000066644F,3608392175008,5391023,footwear,PW-01,dec-fr-bordeaux
30395DFA82E18080005D2E7E,3583787552025,4346154,accessories,ACC-03,dec-fr-bordeaux
30395DFA82E1808000707B4F,3583787552025,4346154,accessories,ACC-03,dec-fr-bordeaux
30395DFA82E18080005DFD13,3583787552025,4346154,accessories,ACC-03,dec-fr-bordeaux
30395DFA82E180800087358E,3583787552025,4346154,accessories,ACC-03,dec-fr-bordeaux
30395DFA82E18080006A9BED,3583787552025,4346154,accessories,ACC-03,dec-fr-bordeaux
30395DFA82E1808000905295,3583787552025,4346154,accessories,ACC-03,dec-fr-bordeaux
30395DFA82E180800069BD20,3583787552025,4346154,accessories,ACC-03,dec-fr-bordeaux
30395DFA82E180800073099F,3583787552025,4346154,accessories,BR-04,dec-fr-bordeaux
30396061C09EC680000C580D,3608391625863,5224122,apparel,GB-R1-U1,dec-fr-bordeaux
30396061C09EC68000021F57,3608391625863,5224122,apparel,GB-R1-U1,dec-fr-bordeaux
30396061C09EC680000077DE,3608391625863,5224122,apparel,BR-01,dec-fr-bordeaux
30396061C09EC6C000472859,3608391625870,5224123,apparel,GB-R1-U1,dec-fr-bordeaux
30396061C09EC6C00076FC77,3608391625870,5224123,apparel,GB-R1-U1,dec-fr-bordeaux
30396061C09EC6C00081C795,3608391625870,5224123,apparel,GB-R1-U1,dec-fr-bordeaux
30396061C09EC6C000728CFE,3608391625870,5224123,apparel,GB-R1-U1,dec-fr-bordeaux
30396061C09EC6C0008B23D4,3608391625870,5224123,apparel,BR-02,dec-fr-bordeaux
30396061C09EC7000052E65F,3608391625887,5224124,apparel,GB-R1-U1,dec-fr-bordeaux
30396061C09EC700000279BF,3608391625887,5224124,apparel,GB-R1-U1,dec-fr-bordeaux
30396061C09EC70000299A65,3608391625887,5224124,apparel,BR-03,dec-fr-bordeaux
30396061C09EC740000A7322,3608391625894,5224125,apparel,GB-R1-U1,dec-fr-bordeaux
30396061C09EC7400020A1F3,3608391625894,5224125,apparel,GB-R1-U1,dec-fr-bordeaux
30396061C09EC7400032BC2E,3608391625894,5224125,apparel,GB-R1-U1,dec-fr-bordeaux
30396061C09EC7400039B6D6,3608391625894,5224125,apparel,BR-04,dec-fr-bordeaux
30396062C38B888000216248,3608439293146,4432244,apparel,GB-R3-U1,dec-fr-bordeaux
30396062C38B89400008A646,3608439293177,4432243,apparel,GB-R3-U1,dec-fr-bordeaux
30396062C38B89C0008E0464,3608439293191,4432242,apparel,GB-R3-U1,dec-fr-bordeaux
30396062C38B89C000587FBC,3608439293191,4432242,apparel,GB-R3-U1,dec-fr-bordeaux
30396062C38B89C000121293,3608439293191,4432242,apparel,BR-01,dec-fr-bordeaux
30396062C38B8A00005B7FE5,3608439293207,4432240,apparel,GB-R3-U1,dec-fr-bordeaux
30396062C38B8A0000876961,3608439293207,4432240,apparel,GB-R3-U1,dec-fr-bordeaux
30396062C38B8A00003DD506,3608439293207,4432240,apparel,BR-02,dec-fr-bordeaux
30396062C38B8A80000A4BFA,3608439293221,4432239,apparel,GB-R3-U1,dec-fr-bordeaux
30396062C38B8A800097591A,3608439293221,4432239,apparel,GB-R3-U1,dec-fr-bordeaux
30396062C38B8A80006FAE30,3608439293221,4432239,apparel,GB-R3-U1,dec-fr-bordeaux
30396062C38B8A8000508BB9,3608439293221,4432239,apparel,BR-03,dec-fr-bordeaux
30396062C38B8AC0004CB824,3608439293238,4432238,apparel,GB-R3-U1,dec-fr-bordeaux
30396062C38B8AC0007CDA6C,3608439293238,4432238,apparel,GB-R3-U1,dec-fr-bordeaux
30396062C38B8B40005CCB50,3608439293252,4432237,apparel,GB-R3-U1,dec-fr-bordeaux
30396062C39B6340007D03E8,3608439455490,2563459,apparel,GB-R3-U1,dec-fr-bordeaux
30396062C39B63400045FB40,3608439455490,2563459,apparel,GB-R3-U1,dec-fr-bordeaux
30396062C39B6380000073AF,3608439455506,2563458,apparel,GB-R3-U1,dec-fr-bordeaux
30396062C39B63800000BA7A,3608439455506,2563458,apparel,GB-R3-U1,dec-fr-bordeaux
30396062C39B638000893664,3608439455506,2563458,apparel,BR-04,dec-fr-bordeaux
30396062C39B63C00088FF20,3608439455513,2563460,apparel,GB-R3-U1,dec-fr-bordeaux
30396062C39B6400007BCEBB,3608439455520,2563455,apparel,GB-R3-U1,dec-fr-bordeaux
30396062C39B644000937A64,3608439455537,2563457,apparel,GB-R3-U1,dec-fr-bordeaux
30396062C39B6440000040B3,3608439455537,2563457,apparel,GB-R3-U1,dec-fr-bordeaux
30396062C39B6440007D267C,3608439455537,2563457,apparel,BR-01,dec-fr-bordeaux
30396062C39B648000926A82,3608439455544,2563456,apparel,GB-R3-U1,dec-fr-bordeaux
30396062C39B64800016D1AF,3608439455544,2563456,apparel,GB-R3-U1,dec-fr-bordeaux
30395DFA82BD3C4000197FB4,3583787180655,4316401,bag_pack,PE-03,dec-fr-bordeaux
30395DFA82BD3C400040C976,3583787180655,4316401,bag_pack,PE-03,dec-fr-bordeaux
30395DFA82BD3C4000494D77,3583787180655,4316401,bag_pack,PE-03,dec-fr-bordeaux
30395DFA82BD3C40000FD78F,3583787180655,4316401,bag_pack,PE-03,dec-fr-bordeaux
30395DFA82BD3C40002F3DCC,3583787180655,4316401,bag_pack,PE-03,dec-fr-bordeaux
30395DFA82BD3C40003C7B31,3583787180655,4316401,bag_pack,PE-03,dec-fr-bordeaux
30395DFA82BD3C40006F8818,3583787180655,4316401,bag_pack,PE-03,dec-fr-bordeaux
30395DFA82BD3C400097D200,3583787180655,4316401,bag_pack,BR-02,dec-fr-bordeaux
30395DFA82BD3C400095188E,3583787180655,4316401,bag_pack,BR-03,dec-fr-bordeaux
30395DFA8306B100007F5A6D,3583787932841,2607383,outdoor,GB-R1-U1,dec-fr-bordeaux
30396062C38AF940001DF8B1,3608439287411,4336789,accessories,GB-R3-U2,dec-fr-bordeaux
30396062C38AF940002E1A41,3608439287411,4336789,accessories,GB-R3-U2,dec-fr-bordeaux
30396062C38AF940004AD8C6,3608439287411,4336789,accessories,BR-04,dec-fr-bordeaux
30396062C38AF9C00089F1EC,3608439287435,4336788,accessories,GB-R3-U2,dec-fr-bordeaux
30396062C38AF9C00062D975,3608439287435,4336788,accessories,GB-R3-U2,dec-fr-bordeaux
30396062C38AF9C000934A91,3608439287435,4336788,accessories,BR-01,dec-fr-bordeaux
30396062C38AFF800053856B,3608439287664,4336790,accessories,GB-R3-U2,dec-fr-bordeaux
30396062C38AFF80000DDC1F,3608439287664,4336790,accessories,GB-R3-U2,dec-fr-bordeaux
30395DFA81D1A3400086FB03,3583784768139,4977876,outdoor,GB-R1-U2,dec-fr-bordeaux
30395DFA81D1A380000297F6,3583784768146,4977877,outdoor,GB-R1-U2,dec-fr-bordeaux
30396061C1A9344000596BD1,3608394354098,5816939,footwear,PE-02,dec-fr-bordeaux
30396061C1A95C80006F55EB,3608394355705,5816940,footwear,PE-02,dec-fr-bordeaux
30396061C1A95CC0001238C5,3608394355712,5816941,footwear,PE-02,dec-fr-bordeaux
30396061C1A95CC0000BE427,3608394355712,5816941,footwear,PE-02,dec-fr-bordeaux
30396061C1A95D00002249C4,3608394355729,5816942,footwear,PE-02,dec-fr-bordeaux
30396061C1A95D00001A668D,3608394355729,5816942,footwear,PE-02,dec-fr-bordeaux
30396061C1A95D40003375F5,3608394355736,5816943,footwear,PE-02,dec-fr-bordeaux
30396061C1A95D40003DF9D9,3608394355736,5816943,footwear,PE-02,dec-fr-bordeaux
30396061C1A95D80007BD011,3608394355743,5816944,footwear,PE-02,dec-fr-bordeaux
30396061C1A95D800010BD37,3608394355743,5816944,footwear,PE-02,dec-fr-bordeaux
30396061C1A95DC0004F9D5B,3608394355750,5816945,footwear,PE-02,dec-fr-bordeaux
30396061C1A95DC0007898C0,3608394355750,5816945,footwear,PE-02,dec-fr-bordeaux
30396061C1A95E0000080C9B,3608394355767,5816946,footwear,PE-02,dec-fr-bordeaux
30396061C1A95E00005BEB35,3608394355767,5816946,footwear,PE-02,dec-fr-bordeaux
30396061C1A95E80006923D2,3608394355781,5816948,footwear,PE-02,dec-fr-bordeaux
30396061C1A95E8000391E84,3608394355781,5816948,footwear,PE-02,dec-fr-bordeaux
30396061C1A95EC000561617,3608394355798,5816949,footwear,PE-02,dec-fr-bordeaux
30396061C110E140004B4B93,3608392794292,5475667,footwear,PE-01,dec-fr-bordeaux
30396061C110E140008163E3,3608392794292,5475667,footwear,PE-01,dec-fr-bordeaux
30396061C1110E800049AF3B,3608392796104,5475668,footwear,PE-01,dec-fr-bordeaux
30396061C1110E8000447A41,3608392796104,5475668,footwear,PE-01,dec-fr-bordeaux
30396061C1110E80007C1289,3608392796104,5475668,footwear,PE-01,dec-fr-bordeaux
30396061C1110E80005D4A6D,3608392796104,5475668,footwear,BR-02,dec-fr-bordeaux
30396061C1110EC00043CE7B,3608392796111,5475669,footwear,PE-01,dec-fr-bordeaux
30396061C1110EC000040E67,3608392796111,5475669,footwear,PE-01,dec-fr-bordeaux
30396061C1110EC000142FC0,3608392796111,5475669,footwear,PE-01,dec-fr-bordeaux
30396061C1110EC00056F6FB,3608392796111,5475669,footwear,BR-03,dec-fr-bordeaux
30396061C1110F0000196024,3608392796128,5475670,footwear,PE-01,dec-fr-bordeaux
30396061C1110F00002E2426,3608392796128,5475670,footwear,PE-01,dec-fr-bordeaux
30396061C1110F00000F8A00,3608392796128,5475670,footwear,PE-01,dec-fr-bordeaux
30396061C1110F000002A1ED,3608392796128,5475670,footwear,BR-04,dec-fr-bordeaux
30396061C1110F40002053CE,3608392796135,5475671,footwear,PE-01,dec-fr-bordeaux
30396061C1110F400034107C,3608392796135,5475671,footwear,PE-01,dec-fr-bordeaux
30396061C1110F800033E7FC,3608392796142,5475672,footwear,PE-01,dec-fr-bordeaux
30396061C1110FC00061A682,3608392796159,5475673,footwear,PE-01,dec-fr-bordeaux
30396061C1110FC00091A57A,3608392796159,5475673,footwear,PE-01,dec-fr-bordeaux
30396061C1110FC0006DC93A,3608392796159,5475673,footwear,BR-01,dec-fr-bordeaux
30396061C11110000048A3F2,3608392796166,5475674,footwear,PE-01,dec-fr-bordeaux
30396061C1111000000CADAC,3608392796166,5475674,footwear,PE-01,dec-fr-bordeaux
30396061C11110400093C659,3608392796173,5475675,footwear,PE-01,dec-fr-bordeaux
30395DFA82B6A5400064906D,3583787113172,4605703,bag_pack,GF-R1-U1,dec-fr-bordeaux
30395DFA82B6A54000357B01,3583787113172,4605703,bag_pack,GF-R1-U1,dec-fr-bordeaux
30395DFA82B6A54000437869,3583787113172,4605703,bag_pack,GF-R1-U1,dec-fr-bordeaux
30395DFA82B6A5400006A18C,3583787113172,4605703,bag_pack,GF-R1-U1,dec-fr-bordeaux
30395DFA82B6A54000020AF4,3583787113172,4605703,bag_pack,GF-R1-U1,dec-fr-bordeaux
30395DFA82B6A540000FF2EA,3583787113172,4605703,bag_pack,GF-R1-U1,dec-fr-bordeaux
30395DFA82B6A5400093C900,3583787113172,4605703,bag_pack,GF-R1-U1,dec-fr-bordeaux
30395DFA82B6A540008E85CD,3583787113172,4605703,bag_pack,BR-02,dec-fr-bordeaux
30395DFA8195C640004AF2C0,3583784155137,4194525,footwear,PW-01,dec-fr-bordeaux
30396062C38E7080005AA43B,3608439322907,4194524,footwear,PW-01,dec-fr-bordeaux
30396062C38E7080000E12D6,3608439322907,4194524,footwear,PW-01,dec-fr-bordeaux
30396062C38E7080008E3515,3608439322907,4194524,footwear,BR-03,dec-fr-bordeaux
30396062C38E710000337CD3,3608439322921,4194523,footwear,PW-01,dec-fr-bordeaux
30396062C38E7100007C7545,3608439322921,4194523,footwear,PW-01,dec-fr-bordeaux
30396062C38E710000357684,3608439322921,4194523,footwear,BR-04,dec-fr-bordeaux
30396062C38E7180004C476D,3608439322945,4194522,footwear,PW-01,dec-fr-bordeaux
30396062C38E718000624FB4,3608439322945,4194522,footwear,PW-01,dec-fr-bordeaux
30396062C38E7180004B299A,3608439322945,4194522,footwear,BR-01,dec-fr-bordeaux
30396062C38E7200001F9945,3608439322969,4194521,footwear,PW-01,dec-fr-bordeaux
30396062C38E7200002EBDE4,3608439322969,4194521,footwear,PW-01,dec-fr-bordeaux
30396062C38E7200005C6179,3608439322969,4194521,footwear,BR-02,dec-fr-bordeaux
30396062C38E7280006CF930,3608439322983,4194520,footwear,PW-01,dec-fr-bordeaux
30396062C38E7280001DFA45,3608439322983,4194520,footwear,PW-01,dec-fr-bordeaux
30396062C38E7280005CCBD4,3608439322983,4194520,footwear,BR-03,dec-fr-bordeaux
30396062C38E730000448413,3608439323003,4194519,footwear,PW-01,dec-fr-bordeaux
30395DFA82D33AC000832B95,3583787405871,4156014,apparel,GB-R1-U2,dec-fr-bordeaux
30395DFA82D33AC00017AFF3,3583787405871,4156014,apparel,GB-R1-U2,dec-fr-bordeaux
30395DFA82D33B00001FE727,3583787405888,4156015,apparel,GB-R1-U2,dec-fr-bordeaux
30395DFA82D33B000077B912,3583787405888,4156015,apparel,GB-R1-U2,dec-fr-bordeaux
30395DFA82D33B000032FA37,3583787405888,4156015,apparel,GB-R1-U2,dec-fr-bordeaux
30395DFA82D33B00004227B1,3583787405888,4156015,apparel,BR-04,dec-fr-bordeaux
30395DFA82D33B400054B6EC,3583787405895,4156016,apparel,GB-R1-U2,dec-fr-bordeaux
30395DFA82D33B4000577C93,3583787405895,4156016,apparel,GB-R1-U2,dec-fr-bordeaux
30395DFA82D33B40008DB445,3583787405895,4156016,apparel,GB-R1-U2,dec-fr-bordeaux
30395DFA82D33B400034B927,3583787405895,4156016,apparel,GB-R1-U2,dec-fr-bordeaux
30395DFA82D33B40006934D1,3583787405895,4156016,apparel,GB-R1-U2,dec-fr-bordeaux
30395DFA82D33B400031661F,3583787405895,4156016,apparel,BR-01,dec-fr-bordeaux
30395DFA82D33B80004D54C0,3583787405901,4156017,apparel,GB-R1-U2,dec-fr-bordeaux
30395DFA82D33B8000025A12,3583787405901,4156017,apparel,GB-R1-U2,dec-fr-bordeaux
30395DFA82D33B8000922CE2,3583787405901,4156017,apparel,GB-R1-U2,dec-fr-bordeaux
30395DFA82D33B8000985C0E,3583787405901,4156017,apparel,GB-R1-U2,dec-fr-bordeaux
30395DFA82D33B800068F1BC,3583787405901,4156017,apparel,GB-R1-U2,dec-fr-bordeaux
30395DFA82D33B8000273D00,3583787405901,4156017,apparel,BR-02,dec-fr-bordeaux
30395DFA82D33BC00097B173,3583787405918,4156018,apparel,GB-R1-U2,dec-fr-bordeaux
30395DFA82D33BC0008F6DEA,3583787405918,4156018,apparel,GB-R1-U2,dec-fr-bordeaux
30395DFA82D33BC00069E80F,3583787405918,4156018,apparel,GB-R1-U2,dec-fr-bordeaux
30395DFA82D33BC00000C4E1,3583787405918,4156018,apparel,GB-R1-U2,dec-fr-bordeaux
30395DFA82D33BC00095E45E,3583787405918,4156018,apparel,GB-R1-U2,dec-fr-bordeaux
30395DFA82D33BC0008CEB28,3583787405918,4156018,apparel,BR-03,dec-fr-bordeaux
30395DFA82D33C0000593069,3583787405925,4156019,apparel,GB-R1-U2,dec-fr-bordeaux
30395DFA82D33C000002E27E,3583787405925,4156019,apparel,GB-R1-U2,dec-fr-bordeaux
30395DFA82D33C00003CFFD1,3583787405925,4156019,apparel,GB-R1-U2,dec-fr-bordeaux
30395DFA82D33C0000905EFC,3583787405925,4156019,apparel,BR-04,dec-fr-bordeaux
30395DFA82D33C40005ACB68,3583787405932,4156020,apparel,GB-R1-U2,dec-fr-bordeaux
30395DFA82D33C400006FC11,3583787405932,4156020,apparel,GB-R1-U2,dec-fr-bordeaux
3039606203C7D5C000337D75,3608409910639,2044126,apparel,GF-R1-U1,dec-fr-bordeaux
3039606203C7D5C0004EC904,3608409910639,2044126,apparel,GF-R1-U1,dec-fr-bordeaux
3039606203CBB080009354A5,3608409950109,1779032,apparel,GF-R1-U1,dec-fr-bordeaux
3039606203CBB08000205E80,3608409950109,1779032,apparel,GF-R1-U1,dec-fr-bordeaux
3039606203CBB080004E8E63,3608409950109,1779032,apparel,GF-R1-U1,dec-fr-bordeaux
3039606203CBB08000473451,3608409950109,1779032,apparel,GF-R1-U1,dec-fr-bordeaux
3039606203CBB080001649C1,3608409950109,1779032,apparel,BR-01,dec-fr-bordeaux
3039606203CBB0C0003CF67C,3608409950116,1779033,apparel,GF-R1-U1,dec-fr-bordeaux
3039606203CBB0C0003FB20C,3608409950116,1779033,apparel,GF-R1-U1,dec-fr-bordeaux
3039606203CBB0C000146767,3608409950116,1779033,apparel,BR-02,dec-fr-bordeaux
3039606203CBB1000032B518,3608409950123,1779030,apparel,GF-R1-U1,dec-fr-bordeaux
3039606203CBB1000026DCB0,3608409950123,1779030,apparel,GF-R1-U1,dec-fr-bordeaux
3039606203CBB100003ED705,3608409950123,1779030,apparel,GF-R1-U1,dec-fr-bordeaux
3039606203CBB10000379852,3608409950123,1779030,apparel,GF-R1-U1,dec-fr-bordeaux
3039606203CBB10000016FE7,3608409950123,1779030,apparel,GF-R1-U1,dec-fr-bordeaux
3039606203CBB1000082405C,3608409950123,1779030,apparel,GF-R1-U1,dec-fr-bordeaux
3039606203CBB1000043A1AD,3608409950123,1779030,apparel,GF-R1-U1,dec-fr-bordeaux
3039606203CBB1000038A729,3608409950123,1779030,apparel,BR-03,dec-fr-bordeaux
3039606203CBB14000335335,3608409950130,1779031,apparel,GF-R1-U1,dec-fr-bordeaux
3039606203CBB140003F2983,3608409950130,1779031,apparel,GF-R1-U1,dec-fr-bordeaux
3039606203CBB140003E94CC,3608409950130,1779031,apparel,GF-R1-U1,dec-fr-bordeaux
3039606203CBB140004438E5,3608409950130,1779031,apparel,GF-R1-U1,dec-fr-bordeaux
3039606203CBB140004F0779,3608409950130,1779031,apparel,GF-R1-U1,dec-fr-bordeaux
3039606203CBB14000068E79,3608409950130,1779031,apparel,GF-R1-U1,dec-fr-bordeaux
3039606203CBB140002DE381,3608409950130,1779031,apparel,GF-R1-U1,dec-fr-bordeaux
3039606203CBB1400001DACD,3608409950130,1779031,apparel,BR-04,dec-fr-bordeaux
3039606203CBB180007E981C,3608409950147,1779029,apparel,GF-R1-U1,dec-fr-bordeaux
3039606203CBB1800071874E,3608409950147,1779029,apparel,GF-R1-U1,dec-fr-bordeaux
3039606203CBB180009767C2,3608409950147,1779029,apparel,GF-R1-U1,dec-fr-bordeaux
3039606203CBB180005961F5,3608409950147,1779029,apparel,GF-R1-U1,dec-fr-bordeaux
3039606203CBB1800066F3AF,3608409950147,1779029,apparel,BR-01,dec-fr-bordeaux
30396061C0549B0000064F93,3608390866366,5104619,apparel,GF-R2-U2,dec-fr-bordeaux
30396061C0549B0000651019,3608390866366,5104619,apparel,GF-R2-U2,dec-fr-bordeaux
30396061C0549B000015E5EF,3608390866366,5104619,apparel,GF-R2-U2,dec-fr-bordeaux
30396061C0549B0000135405,3608390866366,5104619,apparel,GF-R2-U2,dec-fr-bordeaux
30396061C0549B000095E0C4,3608390866366,5104619,apparel,BR-02,dec-fr-bordeaux
30396061C0549B400014E13A,3608390866373,5104620,apparel,GF-R2-U2,dec-fr-bordeaux
30396061C0549B40007D19C1,3608390866373,5104620,apparel,GF-R2-U2,dec-fr-bordeaux
30396061C0549B4000639DB2,3608390866373,5104620,apparel,GF-R2-U2,dec-fr-bordeaux
30396061C0549B4000397D76,3608390866373,5104620,apparel,GF-R2-U2,dec-fr-bordeaux
30396061C0549B400081BCC5,3608390866373,5104620,apparel,GF-R2-U2,dec-fr-bordeaux
30396061C0549B4000479607,3608390866373,5104620,apparel,GF-R2-U2,dec-fr-bordeaux
30396061C0549B4000179495,3608390866373,5104620,apparel,GF-R2-U2,dec-fr-bordeaux
30396061C0549B400018C942,3608390866373,5104620,apparel,BR-03,dec-fr-bordeaux
30396061C0549B80004A7435,3608390866380,5104621,apparel,GF-R2-U2,dec-fr-bordeaux
30396061C0549B80006481C0,3608390866380,5104621,apparel,GF-R2-U2,dec-fr-bordeaux
30396061C0549B800050D377,3608390866380,5104621,apparel,GF-R2-U2,dec-fr-bordeaux
30396061C0549B800033C5FE,3608390866380,5104621,apparel,GF-R2-U2,dec-fr-bordeaux
30396061C0549B80000FB632,3608390866380,5104621,apparel,GF-R2-U2,dec-fr-bordeaux
30396061C0549B80003841B9,3608390866380,5104621,apparel,GF-R2-U2,dec-fr-bordeaux
30396061C0549B80001DA68F,3608390866380,5104621,apparel,BR-04,dec-fr-bordeaux
30396061C0549BC00024D00F,3608390866397,5104622,apparel,GF-R2-U2,dec-fr-bordeaux
30396061C0549BC000477355,3608390866397,5104622,apparel,GF-R2-U2,dec-fr-bordeaux
30396061C0549BC000199792,3608390866397,5104622,apparel,GF-R2-U2,dec-fr-bordeaux
30396061C0549BC000399C30,3608390866397,5104622,apparel,GF-R2-U2,dec-fr-bordeaux
30396061C0549BC0006633C1,3608390866397,5104622,apparel,BR-01,dec-fr-bordeaux
30396061C054AB000054ADFD,3608390867004,5104623,apparel,GF-R2-U2,dec-fr-bordeaux
30396061C054AB000049250C,3608390867004,5104623,apparel,GF-R2-U2,dec-fr-bordeaux
30396061C054AB00005B462C,3608390867004,5104623,apparel,BR-02,dec-fr-bordeaux
30396062C390EFC00002C3E7,3608439348471,4006571,outdoor,GB-R3-U1,dec-fr-bordeaux
30396062C3B216000053F450,3608439687921,338308,apparel,GB-R3-U2,dec-fr-bordeaux
30396062C3B217400058A1DB,3608439687976,338302,apparel,GB-R3-U2,dec-fr-bordeaux
30396062C3B2178000471DB1,3608439687983,338299,apparel,GB-R3-U2,dec-fr-bordeaux
30396062C3B21780007B1F86,3608439687983,338299,apparel,GB-R3-U2,dec-fr-bordeaux
30396062C3B21780007F7A06,3608439687983,338299,apparel,BR-03,dec-fr-bordeaux
30396062C3B218000011311B,3608439688003,338292,apparel,GB-R3-U2,dec-fr-bordeaux
30396062C3B218000047F787,3608439688003,338292,apparel,GB-R3-U2,dec-fr-bordeaux
30396062C3B218000027D8DD,3608439688003,338292,apparel,GB-R3-U2,dec-fr-bordeaux
30396062C3B21800003349EF,3608439688003,338292,apparel,BR-04,dec-fr-bordeaux
30396062C3B2188000646755,3608439688027,338287,apparel,GB-R3-U2,dec-fr-bordeaux
30396062C3B21880006733D1,3608439688027,338287,apparel,GB-R3-U2,dec-fr-bordeaux
30396062C3B21880003FBA80,3608439688027,338287,apparel,GB-R3-U2,dec-fr-bordeaux
30396062C3B21880003E7C97,3608439688027,338287,apparel,BR-01,dec-fr-bordeaux
30396062C3B218C0005D01CD,3608439688034,338286,apparel,GB-R3-U2,dec-fr-bordeaux
30396062C3B218C000964D73,3608439688034,338286,apparel,GB-R3-U2,dec-fr-bordeaux
3039606283C90C8000760AC8,3608429923060,1779337,accessories,GB-R2-U2,dec-fr-bordeaux
3039606283C90CC000835059,3608429923077,1779336,accessories,GB-R2-U2,dec-fr-bordeaux
3039606283C90CC00018597F,3608429923077,1779336,accessories,GB-R2-U2,dec-fr-bordeaux
3039606283C90D0000825F2E,3608429923084,1779339,accessories,GB-R2-U2,dec-fr-bordeaux
3039606283C90DC00084D825,3608429923114,1779335,accessories,GB-R2-U2,dec-fr-bordeaux
30395DFA82BFFD800001BF7D,3583787208861,4697726,apparel,GF-R3-U1,dec-fr-bordeaux
30395DFA82BFFD8000320615,3583787208861,4697726,apparel,GF-R3-U1,dec-fr-bordeaux
30395DFA82BFFD800075FA3B,3583787208861,4697726,apparel,GF-R3-U1,dec-fr-bordeaux
30395DFA82BFFD800003B0C0,3583787208861,4697726,apparel,GF-R3-U1,dec-fr-bordeaux
30395DFA82BFFD800041A7A6,3583787208861,4697726,apparel,GF-R3-U1,dec-fr-bordeaux
30395DFA82BFFD800057F5CE,3583787208861,4697726,apparel,GF-R3-U1,dec-fr-bordeaux
30395DFA82BFFD800017996B,3583787208861,4697726,apparel,GF-R3-U1,dec-fr-bordeaux
30395DFA82BFFD800070AC7E,3583787208861,4697726,apparel,GF-R3-U1,dec-fr-bordeaux
30395DFA82BFFD80002871DF,3583787208861,4697726,apparel,GF-R3-U1,dec-fr-bordeaux
30395DFA82BFFD8000254D80,3583787208861,4697726,apparel,GF-R3-U1,dec-fr-bordeaux
30395DFA82BFFD800005835F,3583787208861,4697726,apparel,GF-R3-U1,dec-fr-bordeaux
30395DFA82BFFD8000847D1F,3583787208861,4697726,apparel,GF-R3-U1,dec-fr-bordeaux
30395DFA82BFFD80000E3F23,3583787208861,4697726,apparel,GF-R3-U1,dec-fr-bordeaux
30395DFA82BFFD800008217E,3583787208861,4697726,apparel,GF-R3-U1,dec-fr-bordeaux
30395DFA82BFFD80004EAC25,3583787208861,4697726,apparel,GF-R3-U1,dec-fr-bordeaux
30395DFA82BFFD8000287EE5,3583787208861,4697726,apparel,GF-R3-U1,dec-fr-bordeaux
30395DFA82BFFD80003735EE,3583787208861,4697726,apparel,GF-R3-U1,dec-fr-bordeaux
30395DFA82BFFD8000208E7F,3583787208861,4697726,apparel,GF-R3-U1,dec-fr-bordeaux
30395DFA82BFFD800078C7FF,3583787208861,4697726,apparel,GF-R3-U1,dec-fr-bordeaux
30395DFA82BFFD8000180879,3583787208861,4697726,apparel,GF-R3-U1,dec-fr-bordeaux
30395DFA82BFFD800080D6C8,3583787208861,4697726,apparel,GF-R3-U1,dec-fr-bordeaux
30395DFA82BFFD80003C3CF0,3583787208861,4697726,apparel,GF-R3-U1,dec-fr-bordeaux
30395DFA82BFFD80007FF167,3583787208861,4697726,apparel,GF-R3-U1,dec-fr-bordeaux
30395DFA82BFFD80003604C8,3583787208861,4697726,apparel,BR-02,dec-fr-bordeaux
30395DFA82BFFD80003B1CC1,3583787208861,4697726,apparel,BR-03,dec-fr-bordeaux
30395DFA82BFFD80005C38C7,3583787208861,4697726,apparel,BR-04,dec-fr-bordeaux
30395DFA82BFFD800022403B,3583787208861,4697726,apparel,BR-01,dec-fr-bordeaux
30395DFA82BFFD800061D64C,3583787208861,4697726,apparel,BR-02,dec-fr-bordeaux
30396062C39BE100003F3EF0,3608439460524,2558419,outdoor,GB-R3-U2,dec-fr-bordeaux
30396062C39BE10000936C9A,3608439460524,2558419,outdoor,GB-R3-U2,dec-fr-bordeaux
30396062C3851FC000364A2B,3608439227516,2758216,footwear,PE-01,dec-fr-bordeaux
30396062C3851FC0008ED1F0,3608439227516,2758216,footwear,PE-01,dec-fr-bordeaux
30396062C3851FC000872053,3608439227516,2758216,footwear,PE-01,dec-fr-bordeaux
30396062C3851FC0006E9F3D,3608439227516,2758216,footwear,BR-03,dec-fr-bordeaux
30396062C385200000023EF4,3608439227523,2758217,footwear,PE-01,dec-fr-bordeaux
30396062C3852000007D2676,3608439227523,2758217,footwear,PE-01,dec-fr-bordeaux
30396062C38520000044DB91,3608439227523,2758217,footwear,PE-01,dec-fr-bordeaux
30396062C385200000292FDE,3608439227523,2758217,footwear,BR-04,dec-fr-bordeaux
30396062C3852040004BF26A,3608439227530,2758214,footwear,PE-01,dec-fr-bordeaux
30396062C385208000327C94,3608439227547,2758215,footwear,PE-01,dec-fr-bordeaux
30396062C3852080005218A7,3608439227547,2758215,footwear,PE-01,dec-fr-bordeaux
30396062C38520800046AB30,3608439227547,2758215,footwear,BR-01,dec-fr-bordeaux
30396062C38520C0005CE3C4,3608439227554,2758220,footwear,PE-01,dec-fr-bordeaux
30396062C38520C00094FB79,3608439227554,2758220,footwear,PE-01,dec-fr-bordeaux
30396062C3852100000B82AD,3608439227561,2758218,footwear,PE-01,dec-fr-bordeaux
30396062C3852100008DCAE2,3608439227561,2758218,footwear,PE-01,dec-fr-bordeaux
30396062C38521000064A70B,3608439227561,2758218,footwear,PE-01,dec-fr-bordeaux
30396062C385210000847E6E,3608439227561,2758218,footwear,BR-02,dec-fr-bordeaux
30396062C3852140002DC4D6,3608439227578,2758219,footwear,PE-01,dec-fr-bordeaux
30396062C38521400079B80A,3608439227578,2758219,footwear,PE-01,dec-fr-bordeaux
30396062C3852140001BBFA2,3608439227578,2758219,footwear,BR-03,dec-fr-bordeaux
30395DFA82B8CF40001969BF,3583787135334,4905816,outdoor,GF-R1-U1,dec-fr-bordeaux
30395DFA82B8CFC00063946B,3583787135358,4905818,outdoor,GF-R1-U1,dec-fr-bordeaux
30396062C38BA9800006177C,3608439294464,4435748,outdoor,GF-R3-U1,dec-fr-bordeaux
30396062C38BA98000354794,3608439294464,4435748,outdoor,GF-R3-U1,dec-fr-bordeaux
30396062C3863D40004FA28F,3608439238932,4767715,accessories,GB-R3-U1,dec-fr-bordeaux
30396062C3863D4000351355,3608439238932,4767715,accessories,GB-R3-U1,dec-fr-bordeaux
30396062C3863D40005F8B48,3608439238932,4767715,accessories,GB-R3-U1,dec-fr-bordeaux
30396062C3863D4000703494,3608439238932,4767715,accessories,GB-R3-U1,dec-fr-bordeaux
30396062C3863D4000866FBB,3608439238932,4767715,accessories,GB-R3-U1,dec-fr-bordeaux
30396062C3863D40006085F5,3608439238932,4767715,accessories,BR-04,dec-fr-bordeaux
30396062C3863D800082FF20,3608439238949,4767716,accessories,GB-R3-U1,dec-fr-bordeaux
30396062C3863D80002414DA,3608439238949,4767716,accessories,GB-R3-U1,dec-fr-bordeaux
30396062C3863D8000374FB7,3608439238949,4767716,accessories,GB-R3-U1,dec-fr-bordeaux
30396062C3863D80005F0D0B,3608439238949,4767716,accessories,GB-R3-U1,dec-fr-bordeaux
30396062C3863D80003E0F4A,3608439238949,4767716,accessories,BR-01,dec-fr-bordeaux
30396062C3925E000069850A,3608439363122,2945020,apparel,GF-R3-U2,dec-fr-bordeaux
30396062C3925E00002B9F58,3608439363122,2945020,apparel,GF-R3-U2,dec-fr-bordeaux
30396062C3925E00001939B9,3608439363122,2945020,apparel,GF-R3-U2,dec-fr-bordeaux
30396062C3925E000059FCA4,3608439363122,2945020,apparel,GF-R3-U2,dec-fr-bordeaux
30396062C3925E000001B2B3,3608439363122,2945020,apparel,GF-R3-U2,dec-fr-bordeaux
30396062C3925E000033AFEE,3608439363122,2945020,apparel,GF-R3-U2,dec-fr-bordeaux
30396062C3925E000053E6E1,3608439363122,2945020,apparel,BR-02,dec-fr-bordeaux
30396062C3925E400016C6A9,3608439363139,2945021,apparel,GF-R3-U2,dec-fr-bordeaux
30396062C3925E400045BE7F,3608439363139,2945021,apparel,GF-R3-U2,dec-fr-bordeaux
30396062C3925E4000055FF9,3608439363139,2945021,apparel,BR-03,dec-fr-bordeaux
30396062C3925F0000629E7C,3608439363160,2945022,apparel,GF-R3-U2,dec-fr-bordeaux
30396062C3925F00004383D0,3608439363160,2945022,apparel,GF-R3-U2,dec-fr-bordeaux
30396062C3925F000040B239,3608439363160,2945022,apparel,BR-04,dec-fr-bordeaux
30396062C3925F4000858546,3608439363177,2945023,apparel,GF-R3-U2,dec-fr-bordeaux
30396062C3925F40004282FF,3608439363177,2945023,apparel,GF-R3-U2,dec-fr-bordeaux
30396062C3925F40007362C2,3608439363177,2945023,apparel,GF-R3-U2,dec-fr-bordeaux
30396062C3925F4000867D69,3608439363177,2945023,apparel,GF-R3-U2,dec-fr-bordeaux
30396062C3925F4000010EE2,3608439363177,2945023,apparel,GF-R3-U2,dec-fr-bordeaux
30396062C3925F40002DA275,3608439363177,2945023,apparel,GF-R3-U2,dec-fr-bordeaux
30396062C3925F4000702B46,3608439363177,2945023,apparel,BR-01,dec-fr-bordeaux
30396061C16EA740008951B6,3608393754530,4517720,footwear,PW-01,dec-fr-bordeaux
30396061C16EA780006B8EF0,3608393754547,4517721,footwear,PW-01,dec-fr-bordeaux
30396061C16EA7C0003B4863,3608393754554,4517722,footwear,PW-01,dec-fr-bordeaux
30396061C16EA7C000650F63,3608393754554,4517722,footwear,PW-01,dec-fr-bordeaux
30396061C16EA80000698C98,3608393754561,4517723,footwear,PW-01,dec-fr-bordeaux
30396061C16EA800004A8D93,3608393754561,4517723,footwear,PW-01,dec-fr-bordeaux
30396061C16EA8000020B07B,3608393754561,4517723,footwear,BR-02,dec-fr-bordeaux
30396061C16EA840001762F6,3608393754578,4517724,footwear,PW-01,dec-fr-bordeaux
30396061C16EA840002EB75E,3608393754578,4517724,footwear,PW-01,dec-fr-bordeaux
30396061C16EA840009399F9,3608393754578,4517724,footwear,BR-03,dec-fr-bordeaux
30396061C16EA8800035A926,3608393754585,4517725,footwear,PW-01,dec-fr-bordeaux
30396061C16EA880006DDB03,3608393754585,4517725,footwear,PW-01,dec-fr-bordeaux
30396061C16EA8C0003893AD,3608393754592,4517726,footwear,PW-01,dec-fr-bordeaux
30396061C16EA900002CDE4B,3608393754608,4517727,footwear,PW-01,dec-fr-bordeaux
30395DFA800A2B0000029B58,3583780104122,827034,accessories,GB-R3-U2,dec-fr-bordeaux
30395DFA800A2B00006A3F85,3583780104122,827034,accessories,GB-R3-U2,dec-fr-bordeaux
30395DFA800A2B000037240A,3583780104122,827034,accessories,GB-R3-U2,dec-fr-bordeaux
30395DFA800A2B000095AF7A,3583780104122,827034,accessories,GB-R3-U2,dec-fr-bordeaux
30395DFA800A2B00000F262A,3583780104122,827034,accessories,GB-R3-U2,dec-fr-bordeaux
30395DFA800A2B00005563D2,3583780104122,827034,accessories,GB-R3-U2,dec-fr-bordeaux
30395DFA800A2B00003B6F85,3583780104122,827034,accessories,GB-R3-U2,dec-fr-bordeaux
30395DFA800A2B0000106881,3583780104122,827034,accessories,GB-R3-U2,dec-fr-bordeaux
30395DFA800A2B00000C9C99,3583780104122,827034,accessories,GB-R3-U2,dec-fr-bordeaux
30395DFA800A2B000006303B,3583780104122,827034,accessories,BR-04,dec-fr-bordeaux
30395DFA800A2B000045CD7A,3583780104122,827034,accessories,BR-01,dec-fr-bordeaux
30396061C0252C00001111E6,3608390380640,4883184,apparel,GF-R1-U2,dec-fr-bordeaux
30396061C0252C00008EE3ED,3608390380640,4883184,apparel,GF-R1-U2,dec-fr-bordeaux
30396061C0252C00008D20F4,3608390380640,4883184,apparel,GF-R1-U2,dec-fr-bordeaux
30396061C0252C000037DCC0,3608390380640,4883184,apparel,BR-02,dec-fr-bordeaux
30396061C0252C40000A0CA7,3608390380657,4883185,apparel,GF-R1-U2,dec-fr-bordeaux
30396061C0252C4000555A77,3608390380657,4883185,apparel,GF-R1-U2,dec-fr-bordeaux
30396061C0252C400088E612,3608390380657,4883185,apparel,BR-03,dec-fr-bordeaux
30396061C0252C80007D40E2,3608390380664,4883186,apparel,GF-R1-U2,dec-fr-bordeaux
30396061C0252C800019F4A6,3608390380664,4883186,apparel,GF-R1-U2,dec-fr-bordeaux
30396061C0252C800096240C,3608390380664,4883186,apparel,GF-R1-U2,dec-fr-bordeaux
30396061C0252C80008D2F77,3608390380664,4883186,apparel,BR-04,dec-fr-bordeaux
30396061C0252CC0006AA6A2,3608390380671,4883187,apparel,GF-R1-U2,dec-fr-bordeaux
30396061C0252CC0006A7CFB,3608390380671,4883187,apparel,GF-R1-U2,dec-fr-bordeaux
30396061C0252CC00095E430,3608390380671,4883187,apparel,BR-01,dec-fr-bordeaux
30396061C0252D00004AAA0A,3608390380688,4883188,apparel,GF-R1-U2,dec-fr-bordeaux
30396061C0252D00005B909F,3608390380688,4883188,apparel,GF-R1-U2,dec-fr-bordeaux
30396061C0252D40007028E5,3608390380695,4883189,apparel,GF-R1-U2,dec-fr-bordeaux
30396061C162194000890784,3608393625977,5686968,accessories,GB-R3-U1,dec-fr-bordeaux
30396061C1621940004A5BAB,3608393625977,5686968,accessories,GB-R3-U1,dec-fr-bordeaux
30396061C1621940004C1EC7,3608393625977,5686968,accessories,BR-02,dec-fr-bordeaux
30396062C39128C000276843,3608439350757,2755815,accessories,GB-R3-U1,dec-fr-bordeaux
30396062C39128C0001EB4EF,3608439350757,2755815,accessories,GB-R3-U1,dec-fr-bordeaux
30396062C39128C0006A3587,3608439350757,2755815,accessories,GB-R3-U1,dec-fr-bordeaux
30396062C39128C0007D02B4,3608439350757,2755815,accessories,BR-03,dec-fr-bordeaux
30396061C062CC8000596C2B,3608391011703,5148874,apparel,GB-R1-U1,dec-fr-bordeaux
30396061C062CC80001C3E2C,3608391011703,5148874,apparel,GB-R1-U1,dec-fr-bordeaux
30396061C062CCC000488088,3608391011710,5148875,apparel,GB-R1-U1,dec-fr-bordeaux
30396061C062CCC0007D86C6,3608391011710,5148875,apparel,GB-R1-U1,dec-fr-bordeaux
30396061C062CCC0002AECE9,3608391011710,5148875,apparel,GB-R1-U1,dec-fr-bordeaux
30396061C062CCC0008214C4,3608391011710,5148875,apparel,BR-04,dec-fr-bordeaux
30396061C062CD00005C3788,3608391011727,5148876,apparel,GB-R1-U1,dec-fr-bordeaux
30396061C062CD000017814A,3608391011727,5148876,apparel,GB-R1-U1,dec-fr-bordeaux
30396061C062CD000028CBF8,3608391011727,5148876,apparel,GB-R1-U1,dec-fr-bordeaux
30396061C062CD00003314E2,3608391011727,5148876,apparel,BR-01,dec-fr-bordeaux
30396061C062CD4000520311,3608391011734,5148877,apparel,GB-R1-U1,dec-fr-bordeaux
30396061C062CD40005EF760,3608391011734,5148877,apparel,GB-R1-U1,dec-fr-bordeaux
30396061C062CD400066FE40,3608391011734,5148877,apparel,BR-02,dec-fr-bordeaux
30396061C062CD80002F6F4F,3608391011741,5148878,apparel,GB-R1-U1,dec-fr-bordeaux
30396061C062CD8000834450,3608391011741,5148878,apparel,GB-R1-U1,dec-fr-bordeaux
3039606303BD72C0004F076F,3608449804271,4883302,apparel,GB-R1-U1,dec-fr-bordeaux
3039606303BD72C00033EA55,3608449804271,4883302,apparel,GB-R1-U1,dec-fr-bordeaux
3039606303BD72C0002F26FD,3608449804271,4883302,apparel,BR-03,dec-fr-bordeaux
3039606303BD7340001F6C0A,3608449804295,4883300,apparel,GB-R1-U1,dec-fr-bordeaux
3039606303BD738000917764,3608449804301,4883299,apparel,GB-R1-U1,dec-fr-bordeaux
3039606303BD7380004ECA88,3608449804301,4883299,apparel,GB-R1-U1,dec-fr-bordeaux
3039606303BD73C000443D6B,3608449804318,4883298,apparel,GB-R1-U1,dec-fr-bordeaux
3039606303BD73C0007038CC,3608449804318,4883298,apparel,GB-R1-U1,dec-fr-bordeaux
3039606303BD73C000718702,3608449804318,4883298,apparel,BR-04,dec-fr-bordeaux
3039606303BD74000031D183,3608449804325,4883297,apparel,GB-R1-U1,dec-fr-bordeaux
3039606303BD7400007065EA,3608449804325,4883297,apparel,GB-R1-U1,dec-fr-bordeaux
3039606303BD7400005321C7,3608449804325,4883297,apparel,GB-R1-U1,dec-fr-bordeaux
3039606303BD7400001FA330,3608449804325,4883297,apparel,BR-01,dec-fr-bordeaux
30396061C1B49080006C238E,3608394470422,5849972,outdoor,GF-R3-U2,dec-fr-bordeaux
30396061C1B49080002D9FC5,3608394470422,5849972,outdoor,GF-R3-U2,dec-fr-bordeaux
30396061C11DC54000441FEF,3608392926297,5476037,apparel,GB-R2-U1,dec-fr-bordeaux
30396061C11DC540003DD7E5,3608392926297,5476037,apparel,GB-R2-U1,dec-fr-bordeaux
30396061C11DC54000312793,3608392926297,5476037,apparel,GB-R2-U1,dec-fr-bordeaux
30396061C11DC540000A4A8D,3608392926297,5476037,apparel,BR-02,dec-fr-bordeaux
30396061C11DC58000587D4A,3608392926303,5476038,apparel,GB-R2-U1,dec-fr-bordeaux
30396061C11DC58000249E34,3608392926303,5476038,apparel,GB-R2-U1,dec-fr-bordeaux
30396061C11DC580005272C5,3608392926303,5476038,apparel,GB-R2-U1,dec-fr-bordeaux
30396061C11DC5800013A5F1,3608392926303,5476038,apparel,GB-R2-U1,dec-fr-bordeaux
30396061C11DC580004B38B1,3608392926303,5476038,apparel,GB-R2-U1,dec-fr-bordeaux
30396061C11DC5800058A318,3608392926303,5476038,apparel,GB-R2-U1,dec-fr-bordeaux
30396061C11DC580007075A0,3608392926303,5476038,apparel,BR-03,dec-fr-bordeaux
30396061C11DC5C000601904,3608392926310,5476039,apparel,GB-R2-U1,dec-fr-bordeaux
30396061C11DC5C000726B58,3608392926310,5476039,apparel,GB-R2-U1,dec-fr-bordeaux
30396061C11DC5C00030622D,3608392926310,5476039,apparel,GB-R2-U1,dec-fr-bordeaux
30396061C11DC5C0005306AF,3608392926310,5476039,apparel,GB-R2-U1,dec-fr-bordeaux
30396061C11DC5C0002897C5,3608392926310,5476039,apparel,GB-R2-U1,dec-fr-bordeaux
30396061C11DC5C000252F1E,3608392926310,5476039,apparel,GB-R2-U1,dec-fr-bordeaux
30396061C11DC5C0005FD7BF,3608392926310,5476039,apparel,BR-04,dec-fr-bordeaux
30396061C11DC600006EC733,3608392926327,5476040,apparel,GB-R2-U1,dec-fr-bordeaux
30396061C11DC600009174FF,3608392926327,5476040,apparel,GB-R2-U1,dec-fr-bordeaux
30396061C11DC6000064FA73,3608392926327,5476040,apparel,GB-R2-U1,dec-fr-bordeaux
30396061C11DC600004F7C4A,3608392926327,5476040,apparel,GB-R2-U1,dec-fr-bordeaux
30396061C11DC60000007FE4,3608392926327,5476040,apparel,BR-01,dec-fr-bordeaux
30396061C11DC640008663B2,3608392926334,5476041,apparel,GB-R2-U1,dec-fr-bordeaux
30396061C11DC640003274BA,3608392926334,5476041,apparel,GB-R2-U1,dec-fr-bordeaux
30396061C182F040007DF7B2,3608393962256,5640411,footwear,PW-02,dec-fr-bordeaux
30396061C182F0800021762E,3608393962263,5640412,footwear,PW-02,dec-fr-bordeaux
30396061C182F10000139788,3608393962287,5640414,footwear,PW-02,dec-fr-bordeaux
30396061C182F1400077A049,3608393962294,5640415,footwear,PW-02,dec-fr-bordeaux
30396061C182F90000629F76,3608393962607,5640416,footwear,PW-02,dec-fr-bordeaux
30396061C182F9800074EFAE,3608393962621,5650673,footwear,PW-02,dec-fr-bordeaux
30396061C182F9C00025AA8C,3608393962638,5652598,footwear,PW-02,dec-fr-bordeaux
30396061C19402C00055F807,3608394137073,5792796,footwear,PW-02,dec-fr-bordeaux
30396061C19403000010E556,3608394137080,5792586,footwear,PW-02,dec-fr-bordeaux
30396061C1BC890000049F00,3608394552043,5867611,footwear,PW-02,dec-fr-bordeaux
30396061C1BC8940008CCB35,3608394552050,5867612,footwear,PW-02,dec-fr-bordeaux
30396061C1BC8980005E44B9,3608394552067,5867613,footwear,PW-02,dec-fr-bordeaux
30396061C1BC89C000311F1C,3608394552074,5867614,footwear,PW-02,dec-fr-bordeaux
30396061C1BC8A400091423D,3608394552098,5867616,footwear,PW-02,dec-fr-bordeaux
30396061C1BC9C40007267F0,3608394552814,5867618,footwear,PW-02,dec-fr-bordeaux
30396061C1BC9C800012F4C7,3608394552821,5867619,footwear,PW-02,dec-fr-bordeaux
30396061C1BC9E000078E22E,3608394552883,5874796,footwear,PW-02,dec-fr-bordeaux
30395DFA82BA1440005DD1DD,3583787148334,4330661,footwear,FB-01,dec-fr-bordeaux
30395DFA82BA14400057FB41,3583787148334,4330661,footwear,FB-01,dec-fr-bordeaux
30395DFA82BA1480008788F6,3583787148341,4330660,footwear,FB-01,dec-fr-bordeaux
30395DFA82BA1480006CDB81,3583787148341,4330660,footwear,FB-01,dec-fr-bordeaux
30395DFA82BA14800037357F,3583787148341,4330660,footwear,BR-02,dec-fr-bordeaux
30395DFA82BA1500004F2F98,3583787148365,4330662,footwear,FB-01,dec-fr-bordeaux
30395DFA82BA1540008F437D,3583787148372,4330657,footwear,FB-01,dec-fr-bordeaux
30395DFA82BA15400028B9D4,3583787148372,4330657,footwear,FB-01,dec-fr-bordeaux
30395DFA82BA1540005F91B0,3583787148372,4330657,footwear,FB-01,dec-fr-bordeaux
30395DFA82BA15400040F90E,3583787148372,4330657,footwear,FB-01,dec-fr-bordeaux
30395DFA82BA1540006FED26,3583787148372,4330657,footwear,BR-03,dec-fr-bordeaux
30395DFA82BA1580004FCB55,3583787148389,4330656,footwear,FB-01,dec-fr-bordeaux
30395DFA82BA15800058FE12,3583787148389,4330656,footwear,FB-01,dec-fr-bordeaux
30395DFA82BA1580008B15C3,3583787148389,4330656,footwear,BR-04,dec-fr-bordeaux
30395DFA82BA15C00014D89A,3583787148396,4330659,footwear,FB-01,dec-fr-bordeaux
30395DFA82BA15C0007ABD53,3583787148396,4330659,footwear,FB-01,dec-fr-bordeaux
30395DFA82BA15C0002332B4,3583787148396,4330659,footwear,FB-01,dec-fr-bordeaux
30395DFA82BA15C000527FB3,3583787148396,4330659,footwear,FB-01,dec-fr-bordeaux
30395DFA82BA15C000479C9E,3583787148396,4330659,footwear,BR-01,dec-fr-bordeaux
30395DFA82BA16000024B0BE,3583787148402,4330658,footwear,FB-01,dec-fr-bordeaux
30395DFA82BA16000076A18C,3583787148402,4330658,footwear,FB-01,dec-fr-bordeaux
30395DFA82BA160000912ED6,3583787148402,4330658,footwear,FB-01,dec-fr-bordeaux
30395DFA82BA16000000A5AF,3583787148402,4330658,footwear,FB-01,dec-fr-bordeaux
30395DFA82BA16000059FE74,3583787148402,4330658,footwear,FB-01,dec-fr-bordeaux
30395DFA82BA1600007F0437,3583787148402,4330658,footwear,BR-02,dec-fr-bordeaux
30395DFA82BA17000096A644,3583787148440,4330655,footwear,FB-01,dec-fr-bordeaux
30395DFA82BA17000006302D,3583787148440,4330655,footwear,FB-01,dec-fr-bordeaux
30395DFA82BA19400083001D,3583787148532,4819130,footwear,FB-01,dec-fr-bordeaux
30396061C0D1EFC0004622A6,3608392149757,2637713,apparel,GB-R1-U2,dec-fr-bordeaux
30396061C0D1EFC00017C4DB,3608392149757,2637713,apparel,GB-R1-U2,dec-fr-bordeaux
30396061C0D1EFC0006A0CC9,3608392149757,2637713,apparel,BR-03,dec-fr-bordeaux
30396061C0D1F00000115B15,3608392149764,2637715,apparel,GB-R1-U2,dec-fr-bordeaux
30396061C0D1F000002204C8,3608392149764,2637715,apparel,GB-R1-U2,dec-fr-bordeaux
30396061C0D1F000002C677C,3608392149764,2637715,apparel,GB-R1-U2,dec-fr-bordeaux
30396061C0D1F00000273A76,3608392149764,2637715,apparel,GB-R1-U2,dec-fr-bordeaux
30396061C0D1F000002C0846,3608392149764,2637715,apparel,GB-R1-U2,dec-fr-bordeaux
30396061C0D1F00000224E1A,3608392149764,2637715,apparel,GB-R1-U2,dec-fr-bordeaux
30396061C0D1F00000028E3A,3608392149764,2637715,apparel,GB-R1-U2,dec-fr-bordeaux
30396061C0D1F0000093BCE2,3608392149764,2637715,apparel,BR-04,dec-fr-bordeaux
30396061C0D1F040005128B9,3608392149771,2637716,apparel,GB-R1-U2,dec-fr-bordeaux
30396061C0D1F040004470ED,3608392149771,2637716,apparel,GB-R1-U2,dec-fr-bordeaux
30396061C0D1F0400008B71A,3608392149771,2637716,apparel,GB-R1-U2,dec-fr-bordeaux
30396061C0D1F040000CE62B,3608392149771,2637716,apparel,GB-R1-U2,dec-fr-bordeaux
30396061C0D1F040005F60B8,3608392149771,2637716,apparel,GB-R1-U2,dec-fr-bordeaux
30396061C0D1F04000039DBE,3608392149771,2637716,apparel,GB-R1-U2,dec-fr-bordeaux
30396061C0D1F040000E4FCF,3608392149771,2637716,apparel,GB-R1-U2,dec-fr-bordeaux
30396061C0D1F0400043E3C8,3608392149771,2637716,apparel,BR-01,dec-fr-bordeaux
30396061C0D1F080005D1B30,3608392149788,2637717,apparel,GB-R1-U2,dec-fr-bordeaux
30396061C0D1F08000472CED,3608392149788,2637717,apparel,GB-R1-U2,dec-fr-bordeaux
30396061C0D1F08000268721,3608392149788,2637717,apparel,GB-R1-U2,dec-fr-bordeaux
30396061C0D1F08000389506,3608392149788,2637717,apparel,GB-R1-U2,dec-fr-bordeaux
30396061C0D1F080006F83A2,3608392149788,2637717,apparel,BR-02,dec-fr-bordeaux
30396061C0D1F0C00076AC8F,3608392149795,2637718,apparel,GB-R1-U2,dec-fr-bordeaux
30396061C0D1F0C0006A969A,3608392149795,2637718,apparel,GB-R1-U2,dec-fr-bordeaux
30396061C0D1F0C000601DAA,3608392149795,2637718,apparel,GB-R1-U2,dec-fr-bordeaux
30396061C0D1F0C0005EE778,3608392149795,2637718,apparel,GB-R1-U2,dec-fr-bordeaux
30396061C0D1F0C0002C6457,3608392149795,2637718,apparel,GB-R1-U2,dec-fr-bordeaux
30396061C0D1F0C0002E0A13,3608392149795,2637718,apparel,BR-03,dec-fr-bordeaux
30396061C1128180001C7972,3608392810947,4538037,footwear,PE-01,dec-fr-bordeaux
30396061C1128180000CE423,3608392810947,4538037,footwear,PE-01,dec-fr-bordeaux
30396061C1128180003971E8,3608392810947,4538037,footwear,BR-04,dec-fr-bordeaux
30396061C11281C000733C28,3608392810954,4538038,footwear,PE-01,dec-fr-bordeaux
30396061C11281C0008150BD,3608392810954,4538038,footwear,PE-01,dec-fr-bordeaux
30396061C112820000207147,3608392810961,4538039,footwear,PE-01,dec-fr-bordeaux
30396061C112820000546C75,3608392810961,4538039,footwear,PE-01,dec-fr-bordeaux
30396061C1128240007B4162,3608392810978,4538040,footwear,PE-01,dec-fr-bordeaux
30396061C1128280000F6CB7,3608392810985,4538041,footwear,PE-01,dec-fr-bordeaux
30396061C11290C00059C510,3608392811555,4538048,footwear,PE-01,dec-fr-bordeaux
30396061C112910000661259,3608392811562,4538049,footwear,PE-01,dec-fr-bordeaux
30396061C11291400008514C,3608392811579,4538050,footwear,PE-01,dec-fr-bordeaux
30396061C1129140005A0CA3,3608392811579,4538050,footwear,PE-01,dec-fr-bordeaux
30396061C11291800008F727,3608392811586,4538051,footwear,PE-01,dec-fr-bordeaux
30396061C1129180002CC7C8,3608392811586,4538051,footwear,PE-01,dec-fr-bordeaux
30396061C11291800079407F,3608392811586,4538051,footwear,BR-01,dec-fr-bordeaux
30395DFA81D1B2400010D35A,3583784768733,4990500,outdoor,GF-R1-U2,dec-fr-bordeaux
30395DFA82D3F100001AA367,3583787413166,4001604,bag_pack,GF-R3-U1,dec-fr-bordeaux
30395DFA82D3F1000095CD3C,3583787413166,4001604,bag_pack,GF-R3-U1,dec-fr-bordeaux
30395DFA82D3F1000059E974,3583787413166,4001604,bag_pack,GF-R3-U1,dec-fr-bordeaux
30395DFA82D3F10000221984,3583787413166,4001604,bag_pack,GF-R3-U1,dec-fr-bordeaux
30395DFA82D3F1000013F4E8,3583787413166,4001604,bag_pack,GF-R3-U1,dec-fr-bordeaux
30395DFA82D3F10000303465,3583787413166,4001604,bag_pack,BR-02,dec-fr-bordeaux
30395DFA819C7A0000169861,3583784223768,4557085,apparel,GB-R3-U1,dec-fr-bordeaux
30395DFA819C7A000005FA42,3583784223768,4557085,apparel,GB-R3-U1,dec-fr-bordeaux
30395DFA819C7A00008D75C9,3583784223768,4557085,apparel,GB-R3-U1,dec-fr-bordeaux
30395DFA819C7A000049556D,3583784223768,4557085,apparel,GB-R3-U1,dec-fr-bordeaux
30395DFA819C7A0000929C78,3583784223768,4557085,apparel,BR-03,dec-fr-bordeaux
30395DFA819C7A400011D831,3583784223775,4557086,apparel,GB-R3-U1,dec-fr-bordeaux
30395DFA819C7A4000315AD3,3583784223775,4557086,apparel,GB-R3-U1,dec-fr-bordeaux
30395DFA819C7A40003825E4,3583784223775,4557086,apparel,GB-R3-U1,dec-fr-bordeaux
30395DFA819C7A40002F3BBA,3583784223775,4557086,apparel,GB-R3-U1,dec-fr-bordeaux
30395DFA819C7A400002B62C,3583784223775,4557086,apparel,GB-R3-U1,dec-fr-bordeaux
30395DFA819C7A40002FB297,3583784223775,4557086,apparel,GB-R3-U1,dec-fr-bordeaux
30395DFA819C7A40004EAA7D,3583784223775,4557086,apparel,GB-R3-U1,dec-fr-bordeaux
30395DFA819C7A40004845DB,3583784223775,4557086,apparel,BR-04,dec-fr-bordeaux
30395DFA819C7A800074A226,3583784223782,4557087,apparel,GB-R3-U1,dec-fr-bordeaux
30395DFA819C7A80001BED02,3583784223782,4557087,apparel,GB-R3-U1,dec-fr-bordeaux
30395DFA819C7A800027B3C9,3583784223782,4557087,apparel,GB-R3-U1,dec-fr-bordeaux
30395DFA819C7A80005BECA5,3583784223782,4557087,apparel,GB-R3-U1,dec-fr-bordeaux
30395DFA819C7A8000246548,3583784223782,4557087,apparel,GB-R3-U1,dec-fr-bordeaux
30395DFA819C7A80003FD3E1,3583784223782,4557087,apparel,GB-R3-U1,dec-fr-bordeaux
30395DFA819C7A80009221CC,3583784223782,4557087,apparel,GB-R3-U1,dec-fr-bordeaux
30395DFA819C7A80008157C6,3583784223782,4557087,apparel,BR-01,dec-fr-bordeaux
30395DFA819C7AC0004072A0,3583784223799,4557088,apparel,GB-R3-U1,dec-fr-bordeaux
30395DFA819C7AC0004CCD47,3583784223799,4557088,apparel,GB-R3-U1,dec-fr-bordeaux
30395DFA819C7AC00039A367,3583784223799,4557088,apparel,GB-R3-U1,dec-fr-bordeaux
30395DFA819C7AC0007EDEEB,3583784223799,4557088,apparel,GB-R3-U1,dec-fr-bordeaux
30395DFA819C7AC00062F3D8,3583784223799,4557088,apparel,GB-R3-U1,dec-fr-bordeaux
30395DFA819C7AC0002704B9,3583784223799,4557088,apparel,BR-02,dec-fr-bordeaux
30395DFA819CBE80003195A5,3583784226509,4557089,apparel,GB-R3-U1,dec-fr-bordeaux
30395DFA819CBE80006E7513,3583784226509,4557089,apparel,GB-R3-U1,dec-fr-bordeaux
30395DFA819CBE800011F9A0,3583784226509,4557089,apparel,BR-03,dec-fr-bordeaux
30395DFA819CBEC0005ACFA7,3583784226516,4557090,apparel,GB-R3-U1,dec-fr-bordeaux
30396062C39A68800025BCE3,3608439445460,2432099,footwear,PW-01,dec-fr-bordeaux
30396062C39A6880008BCA19,3608439445460,2432099,footwear,PW-01,dec-fr-bordeaux
30396062C39A68C00046B6D1,3608439445477,2432100,footwear,PW-01,dec-fr-bordeaux
30396062C39A68C0007FCDD1,3608439445477,2432100,footwear,PW-01,dec-fr-bordeaux
30396062C39A694000340140,3608439445491,2432098,footwear,PW-01,dec-fr-bordeaux
30396062C39A6980005579BD,3608439445507,2432104,footwear,PW-01,dec-fr-bordeaux
30396062C39A6980002DADF4,3608439445507,2432104,footwear,PW-01,dec-fr-bordeaux
30396062C39A698000012A1F,3608439445507,2432104,footwear,PW-01,dec-fr-bordeaux
30396062C39A69800001F045,3608439445507,2432104,footwear,BR-04,dec-fr-bordeaux
30396062C39A69C0006DD14F,3608439445514,2432103,footwear,PW-01,dec-fr-bordeaux
30396062C39A69C00043642A,3608439445514,2432103,footwear,PW-01,dec-fr-bordeaux
30396062C39A69C0003249BA,3608439445514,2432103,footwear,PW-01,dec-fr-bordeaux
30396062C39A69C00048B8CB,3608439445514,2432103,footwear,BR-01,dec-fr-bordeaux
30396062C39A6A00003545C2,3608439445521,2432102,footwear,PW-01,dec-fr-bordeaux
30396062C39A6A00001ADFAB,3608439445521,2432102,footwear,PW-01,dec-fr-bordeaux
30396062C39A6A000072E969,3608439445521,2432102,footwear,PW-01,dec-fr-bordeaux
30396062C39A6A0000253DE7,3608439445521,2432102,footwear,PW-01,dec-fr-bordeaux
30396062C39A6A000067925C,3608439445521,2432102,footwear,BR-02,dec-fr-bordeaux
30396062C39A6A400088B981,3608439445538,2432101,footwear,PW-01,dec-fr-bordeaux
30396062C39A6A40003EDB25,3608439445538,2432101,footwear,PW-01,dec-fr-bordeaux
30396062C39A6A4000942DAE,3608439445538,2432101,footwear,PW-01,dec-fr-bordeaux
30396062C39A6A40008A5165,3608439445538,2432101,footwear,BR-03,dec-fr-bordeaux
30396062C39A6AC00081C9BC,3608439445552,2432106,footwear,PW-01,dec-fr-bordeaux
30396062C39A6B000085432E,3608439445569,2432105,footwear,PW-01,dec-fr-bordeaux
30396062C39A6B00009615E5,3608439445569,2432105,footwear,PW-01,dec-fr-bordeaux
30395DFA82EF3200005C62EA,3583787692240,4032203,apparel,GB-R3-U2,dec-fr-bordeaux
30395DFA82EF32000032A2C0,3583787692240,4032203,apparel,GB-R3-U2,dec-fr-bordeaux
30395DFA82EF3500003063C3,3583787692363,4032208,apparel,GB-R3-U2,dec-fr-bordeaux
30395DFA82EF350000649376,3583787692363,4032208,apparel,GB-R3-U2,dec-fr-bordeaux
30395DFA82EF3500008D56CB,3583787692363,4032208,apparel,BR-04,dec-fr-bordeaux
30395DFA82EF354000441441,3583787692370,4032209,apparel,GB-R3-U2,dec-fr-bordeaux
30395DFA82EF3540003D3C83,3583787692370,4032209,apparel,GB-R3-U2,dec-fr-bordeaux
30395DFA82EF3540003AEF29,3583787692370,4032209,apparel,BR-01,dec-fr-bordeaux
30395DFA82EF35C000036B1A,3583787692394,4032212,apparel,GB-R3-U2,dec-fr-bordeaux
30395DFA82EF3600001B7234,3583787692400,4032210,apparel,GB-R3-U2,dec-fr-bordeaux
30395DFA82EF3600008E1A05,3583787692400,4032210,apparel,GB-R3-U2,dec-fr-bordeaux
30395DFA82EF364000296784,3583787692417,4032211,apparel,GB-R3-U2,dec-fr-bordeaux
30395DFA82EF364000906C51,3583787692417,4032211,apparel,GB-R3-U2,dec-fr-bordeaux
30395DFA830302C0001F2313,3583787895153,2920393,apparel,GB-R3-U2,dec-fr-bordeaux
30395DFA830302C00090CA61,3583787895153,2920393,apparel,GB-R3-U2,dec-fr-bordeaux
30395DFA830302C0001BD322,3583787895153,2920393,apparel,BR-02,dec-fr-bordeaux
30395DFA8303030000146D06,3583787895160,2920390,apparel,GB-R3-U2,dec-fr-bordeaux
30395DFA830303400098450D,3583787895177,2920397,apparel,GB-R3-U2,dec-fr-bordeaux
30395DFA830303800002B83C,3583787895184,2920396,apparel,GB-R3-U2,dec-fr-bordeaux
30395DFA8303038000415949,3583787895184,2920396,apparel,GB-R3-U2,dec-fr-bordeaux
30395DFA830303C0004E5F7C,3583787895191,2920395,apparel,GB-R3-U2,dec-fr-bordeaux
30395DFA830303C00096F905,3583787895191,2920395,apparel,GB-R3-U2,dec-fr-bordeaux
30395DFA830304000008570D,3583787895207,2920394,apparel,GB-R3-U2,dec-fr-bordeaux
30395DFA83030400002723AD,3583787895207,2920394,apparel,GB-R3-U2,dec-fr-bordeaux
30395DFA8303040000466EA5,3583787895207,2920394,apparel,BR-03,dec-fr-bordeaux
30396061C0D84CC000540037,3608392214912,5183782,accessories,GB-R3-U2,dec-fr-bordeaux
30396061C0D84CC00026840D,3608392214912,5183782,accessories,GB-R3-U2,dec-fr-bordeaux
30396061C0D84CC000070326,3608392214912,5183782,accessories,GB-R3-U2,dec-fr-bordeaux
30396061C0D84CC00052268A,3608392214912,5183782,accessories,BR-04,dec-fr-bordeaux
30396061C0D877C0003BD5B3,3608392216633,5404211,accessories,GB-R3-U2,dec-fr-bordeaux
30396061C0D877C0000055EB,3608392216633,5404211,accessories,GB-R3-U2,dec-fr-bordeaux
30396061C0D877C000455D4B,3608392216633,5404211,accessories,BR-01,dec-fr-bordeaux
30396062C3884D8000649E24,3608439260063,4646131,outdoor,GB-R3-U1,dec-fr-bordeaux
30396062C3884D80006777EC,3608439260063,4646131,outdoor,GB-R3-U1,dec-fr-bordeaux
30395DFA82F38E800087D06C,3583787736906,2648460,accessories,GB-R3-U1,dec-fr-bordeaux
30395DFA82F38E800006E999,3583787736906,2648460,accessories,GB-R3-U1,dec-fr-bordeaux
30395DFA82F38E800034E167,3583787736906,2648460,accessories,BR-02,dec-fr-bordeaux
30395DFA82F38EC0000AB687,3583787736913,2648459,accessories,GB-R3-U1,dec-fr-bordeaux
30395DFA82F38EC0008BB74C,3583787736913,2648459,accessories,GB-R3-U1,dec-fr-bordeaux
30395DFA82FABA000032AFC4,3583787810323,4065499,accessories,GB-R3-U1,dec-fr-bordeaux
30395DFA82FABA00000EA5B9,3583787810323,4065499,accessories,GB-R3-U1,dec-fr-bordeaux
30395DFA82FABA000075C6D8,3583787810323,4065499,accessories,BR-03,dec-fr-bordeaux
30395DFA82FABB000008819D,3583787810361,4065500,accessories,GB-R3-U1,dec-fr-bordeaux
30395DFA82FABB00000CACD8,3583787810361,4065500,accessories,GB-R3-U1,dec-fr-bordeaux
30395DFA81DCE4C00009FBDF,3583784883399,5242314,bag_pack,GF-R3-U2,dec-fr-bordeaux
30395DFA81DCE4C0003868BE,3583784883399,5242314,bag_pack,GF-R3-U2,dec-fr-bordeaux
30395DFA81DCE4C0001B7B9F,3583784883399,5242314,bag_pack,GF-R3-U2,dec-fr-bordeaux
30395DFA81DCE4C0004B6505,3583784883399,5242314,bag_pack,GF-R3-U2,dec-fr-bordeaux
30395DFA81DCE4C00044FAA6,3583784883399,5242314,bag_pack,GF-R3-U2,dec-fr-bordeaux
30395DFA81DCE4C00097BDF5,3583784883399,5242314,bag_pack,GF-R3-U2,dec-fr-bordeaux
30395DFA81DCE4C000011F63,3583784883399,5242314,bag_pack,BR-04,dec-fr-bordeaux
30395DFA81DFE8C000756EB2,3583784914277,5285955,outdoor,GB-R1-U1,dec-fr-bordeaux
30395DFA81DFE90000806558,3583784914284,5285957,outdoor,GB-R1-U1,dec-fr-bordeaux
30396061C13306400066C4E7,3608393143938,4722392,apparel,GF-R1-U1,dec-fr-bordeaux
30396061C13306400062FF67,3608393143938,4722392,apparel,GF-R1-U1,dec-fr-bordeaux
30396061C1330640000F3020,3608393143938,4722392,apparel,GF-R1-U1,dec-fr-bordeaux
30396061C1330640002377C7,3608393143938,4722392,apparel,GF-R1-U1,dec-fr-bordeaux
30396061C133064000863621,3608393143938,4722392,apparel,BR-01,dec-fr-bordeaux
30396061C13306800049FEA0,3608393143945,4722393,apparel,GF-R1-U1,dec-fr-bordeaux
30396061C13306800056818E,3608393143945,4722393,apparel,GF-R1-U1,dec-fr-bordeaux
30396061C1330680000CA4EC,3608393143945,4722393,apparel,GF-R1-U1,dec-fr-bordeaux
30396061C1330680007AF31A,3608393143945,4722393,apparel,GF-R1-U1,dec-fr-bordeaux
30396061C133068000015DCC,3608393143945,4722393,apparel,GF-R1-U1,dec-fr-bordeaux
30396061C1330680005A9FCD,3608393143945,4722393,apparel,GF-R1-U1,dec-fr-bordeaux
30396061C1330680008139A4,3608393143945,4722393,apparel,BR-02,dec-fr-bordeaux
30396061C13306C000273FE0,3608393143952,4722394,apparel,GF-R1-U1,dec-fr-bordeaux
30396061C13306C00070108C,3608393143952,4722394,apparel,GF-R1-U1,dec-fr-bordeaux
30396061C13306C00095B11C,3608393143952,4722394,apparel,GF-R1-U1,dec-fr-bordeaux
30396061C13306C0008F0D6E,3608393143952,4722394,apparel,GF-R1-U1,dec-fr-bordeaux
30396061C13306C00085A5B3,3608393143952,4722394,apparel,GF-R1-U1,dec-fr-bordeaux
30396061C13306C0005C3B4B,3608393143952,4722394,apparel,GF-R1-U1,dec-fr-bordeaux
30396061C13306C00018A261,3608393143952,4722394,apparel,BR-03,dec-fr-bordeaux
30396061C13307000004E0BD,3608393143969,4722395,apparel,GF-R1-U1,dec-fr-bordeaux
30396061C13307000022116E,3608393143969,4722395,apparel,GF-R1-U1,dec-fr-bordeaux
30396061C1330700003D6617,3608393143969,4722395,apparel,GF-R1-U1,dec-fr-bordeaux
30396061C1330700002C7305,3608393143969,4722395,apparel,GF-R1-U1,dec-fr-bordeaux
30396061C1330700006EEABD,3608393143969,4722395,apparel,BR-04,dec-fr-bordeaux
30396061C13307400004E77D,3608393143976,4722396,apparel,GF-R1-U1,dec-fr-bordeaux
30396061C1330740005F2C7F,3608393143976,4722396,apparel,GF-R1-U1,dec-fr-bordeaux
30396061C13307400002C378,3608393143976,4722396,apparel,BR-01,dec-fr-bordeaux
30395DFA819562000014A8CA,3583784151122,4246041,apparel,GF-R3-U1,dec-fr-bordeaux
30395DFA819562000087B07E,3583784151122,4246041,apparel,GF-R3-U1,dec-fr-bordeaux
30395DFA81956240008D5DC8,3583784151139,4246042,apparel,GF-R3-U1,dec-fr-bordeaux
30395DFA81956240006BF880,3583784151139,4246042,apparel,GF-R3-U1,dec-fr-bordeaux
30395DFA81956280007FD5A4,3583784151146,4246043,apparel,GF-R3-U1,dec-fr-bordeaux
30395DFA81956280008EFD41,3583784151146,4246043,apparel,GF-R3-U1,dec-fr-bordeaux
30395DFA81956280003FC41D,3583784151146,4246043,apparel,GF-R3-U1,dec-fr-bordeaux
30395DFA81956280006E06C2,3583784151146,4246043,apparel,GF-R3-U1,dec-fr-bordeaux
30395DFA8195628000541875,3583784151146,4246043,apparel,BR-02,dec-fr-bordeaux
30395DFA819562C00055DE4D,3583784151153,4246044,apparel,GF-R3-U1,dec-fr-bordeaux
30395DFA819562C000556B33,3583784151153,4246044,apparel,GF-R3-U1,dec-fr-bordeaux
30395DFA819562C00023143C,3583784151153,4246044,apparel,GF-R3-U1,dec-fr-bordeaux
30395DFA819562C0003DCCE2,3583784151153,4246044,apparel,GF-R3-U1,dec-fr-bordeaux
30395DFA819562C0005AA010,3583784151153,4246044,apparel,GF-R3-U1,dec-fr-bordeaux
30395DFA819562C0006CA28C,3583784151153,4246044,apparel,GF-R3-U1,dec-fr-bordeaux
30395DFA819562C00084927C,3583784151153,4246044,apparel,GF-R3-U1,dec-fr-bordeaux
30395DFA819562C0001D91F2,3583784151153,4246044,apparel,BR-03,dec-fr-bordeaux
30395DFA81956300003D868E,3583784151160,4246045,apparel,GF-R3-U1,dec-fr-bordeaux
30395DFA81956300005E51DD,3583784151160,4246045,apparel,GF-R3-U1,dec-fr-bordeaux
30395DFA81956300006E735D,3583784151160,4246045,apparel,GF-R3-U1,dec-fr-bordeaux
30395DFA8195630000057ACD,3583784151160,4246045,apparel,GF-R3-U1,dec-fr-bordeaux
30395DFA81956300003C0CDF,3583784151160,4246045,apparel,GF-R3-U1,dec-fr-bordeaux
30395DFA819563000054AF21,3583784151160,4246045,apparel,GF-R3-U1,dec-fr-bordeaux
30395DFA81956300001DDBEB,3583784151160,4246045,apparel,BR-04,dec-fr-bordeaux
30395DFA8195634000450A98,3583784151177,4246046,apparel,GF-R3-U1,dec-fr-bordeaux
30395DFA819563400028DCB3,3583784151177,4246046,apparel,GF-R3-U1,dec-fr-bordeaux
30395DFA819563400060FB35,3583784151177,4246046,apparel,GF-R3-U1,dec-fr-bordeaux
30395DFA8195634000558BD1,3583784151177,4246046,apparel,GF-R3-U1,dec-fr-bordeaux
30395DFA81956340000C3099,3583784151177,4246046,apparel,GF-R3-U1,dec-fr-bordeaux
30395DFA81956340003E7308,3583784151177,4246046,apparel,GF-R3-U1,dec-fr-bordeaux
30395DFA819563400083AFB4,3583784151177,4246046,apparel,BR-01,dec-fr-bordeaux
30396062C394E78000724F4B,3608439389108,2611395,outdoor,GB-R3-U2,dec-fr-bordeaux
30396061C0A0EAC0007AE462,3608391647797,5230913,apparel,GF-R3-U2,dec-fr-bordeaux
30396061C0A0EAC0004AA211,3608391647797,5230913,apparel,GF-R3-U2,dec-fr-bordeaux
30396061C0A0EAC0005D6605,3608391647797,5230913,apparel,BR-02,dec-fr-bordeaux
30396061C0A1040000845A9D,3608391648800,5230914,apparel,GF-R3-U2,dec-fr-bordeaux
30396061C0A10400007915D3,3608391648800,5230914,apparel,GF-R3-U2,dec-fr-bordeaux
30396061C0A10400000E69F7,3608391648800,5230914,apparel,GF-R3-U2,dec-fr-bordeaux
30396061C0A104000091177A,3608391648800,5230914,apparel,BR-03,dec-fr-bordeaux
30396061C0A104400047CDF4,3608391648817,5230915,apparel,GF-R3-U2,dec-fr-bordeaux
30396061C0A1044000625743,3608391648817,5230915,apparel,GF-R3-U2,dec-fr-bordeaux
30396061C0A10440002A6F62,3608391648817,5230915,apparel,GF-R3-U2,dec-fr-bordeaux
30396061C0A10440003D5CF2,3608391648817,5230915,apparel,BR-04,dec-fr-bordeaux
30396061C0A10480002FFC30,3608391648824,5230916,apparel,GF-R3-U2,dec-fr-bordeaux
30396061C0A1048000905D4D,3608391648824,5230916,apparel,GF-R3-U2,dec-fr-bordeaux
30396061C0A1048000875A05,3608391648824,5230916,apparel,BR-01,dec-fr-bordeaux
30396061C0A104C0000094F3,3608391648831,5230917,apparel,GF-R3-U2,dec-fr-bordeaux
30396061C0A104C0003D77D9,3608391648831,5230917,apparel,GF-R3-U2,dec-fr-bordeaux
30396061C0A10500008738C2,3608391648848,5230918,apparel,GF-R3-U2,dec-fr-bordeaux
30396061C0D46580005AE061,3608392174940,5391033,footwear,PE-01,dec-fr-bordeaux
30396061C0D465C0008B46A4,3608392174957,5391034,footwear,PE-01,dec-fr-bordeaux
30396061C0D465C0006086D5,3608392174957,5391034,footwear,PE-01,dec-fr-bordeaux
30396061C0D466000031A920,3608392174964,5391035,footwear,PE-01,dec-fr-bordeaux
30396061C0D46600000B84BB,3608392174964,5391035,footwear,PE-01,dec-fr-bordeaux
30396061C0D466000016EB5E,3608392174964,5391035,footwear,BR-02,dec-fr-bordeaux
30396061C0D46640002B005F,3608392174971,5391036,footwear,PE-01,dec-fr-bordeaux
30396061C0D466400062A4C6,3608392174971,5391036,footwear,PE-01,dec-fr-bordeaux
30396061C0D46640006FD3CC,3608392174971,5391036,footwear,BR-03,dec-fr-bordeaux
30396061C0D46680006A0B31,3608392174988,5391035,footwear,PE-01,dec-fr-bordeaux
30396061C0D46680008ABB04,3608392174988,5391035,footwear,PE-01,dec-fr-bordeaux
30396061C0D4668000401E8B,3608392174988,5391035,footwear,BR-04,dec-fr-bordeaux
30396061C0D466C0006D51F3,3608392174995,5391038,footwear,PE-01,dec-fr-bordeaux
30396061C0D466C0000E7BB2,3608392174995,5391038,footwear,PE-01,dec-fr-bordeaux
30396061C0D466C000412517,3608392174995,5391038,footwear,BR-01,dec-fr-bordeaux
30396061C1AAAB000014E602,3608394369085,5834238,bag_pack,PE-01,dec-fr-bordeaux
30396061C1AAAB00007EC0EE,3608394369085,5834238,bag_pack,PE-01,dec-fr-bordeaux
30396061C1AAAB0000611BC5,3608394369085,5834238,bag_pack,BR-02,dec-fr-bordeaux
30396061C1AADC00004EF410,3608394371040,5834237,bag_pack,PE-01,dec-fr-bordeaux
30396061C1AADC000049EE6D,3608394371040,5834237,bag_pack,PE-01,dec-fr-bordeaux
30396061C1AADC00001E88D7,3608394371040,5834237,bag_pack,PE-01,dec-fr-bordeaux
30396061C1AADC00000710BB,3608394371040,5834237,bag_pack,BR-03,dec-fr-bordeaux
30396061C0B10100006B4B58,3608391812522,5187600,accessories,GB-R3-U2,dec-fr-bordeaux
30396061C0B101000095F9BF,3608391812522,5187600,accessories,GB-R3-U2,dec-fr-bordeaux
30396061C0B10100006421D7,3608391812522,5187600,accessories,BR-04,dec-fr-bordeaux
30396061C0B101400084DBC1,3608391812539,5187601,accessories,GB-R3-U2,dec-fr-bordeaux
30396061C0B101400065AA7C,3608391812539,5187601,accessories,GB-R3-U2,dec-fr-bordeaux
30396061C0B10180002DACD9,3608391812546,5187602,accessories,GB-R3-U2,dec-fr-bordeaux
30396061C0B10180007248FA,3608391812546,5187602,accessories,GB-R3-U2,dec-fr-bordeaux
30396061C0B101800073A39D,3608391812546,5187602,accessories,BR-01,dec-fr-bordeaux
30396061C04AAC8000830DCE,3608390764662,5075450,apparel,GF-R1-U2,dec-fr-bordeaux
30396061C04AAD0000912219,3608390764686,5075452,apparel,GF-R1-U2,dec-fr-bordeaux
30396061C04AAD000069DD64,3608390764686,5075452,apparel,GF-R1-U2,dec-fr-bordeaux
30396061C04AD30000524178,3608390766208,5075454,apparel,GF-R1-U2,dec-fr-bordeaux
30396061C04AD300008FB9C7,3608390766208,5075454,apparel,GF-R1-U2,dec-fr-bordeaux
30396061C04AD3000029FBEA,3608390766208,5075454,apparel,BR-02,dec-fr-bordeaux
30396061C04AD380004B58BF,3608390766222,5075456,apparel,GF-R1-U2,dec-fr-bordeaux
30396061C04AD380008ABD0C,3608390766222,5075456,apparel,GF-R1-U2,dec-fr-bordeaux
30396061C04AD380004F3A06,3608390766222,5075456,apparel,GF-R1-U2,dec-fr-bordeaux
30396061C04AD380003D551C,3608390766222,5075456,apparel,BR-03,dec-fr-bordeaux
30396061C04AD4000040A50E,3608390766246,5075458,apparel,GF-R1-U2,dec-fr-bordeaux
30396061C04AD400005D75F0,3608390766246,5075458,apparel,GF-R1-U2,dec-fr-bordeaux
30396061C04AD4000017304C,3608390766246,5075458,apparel,GF-R1-U2,dec-fr-bordeaux
30396061C04AD400009668CB,3608390766246,5075458,apparel,BR-04,dec-fr-bordeaux
30396061C04AD480002209F2,3608390766260,5075460,apparel,GF-R1-U2,dec-fr-bordeaux
30396061C04AD4800058B58F,3608390766260,5075460,apparel,GF-R1-U2,dec-fr-bordeaux
30396061C04AD48000423339,3608390766260,5075460,apparel,BR-01,dec-fr-bordeaux
30396061C04AD50000743143,3608390766284,5075462,apparel,GF-R1-U2,dec-fr-bordeaux
30396061C04AD5000088F732,3608390766284,5075462,apparel,GF-R1-U2,dec-fr-bordeaux
30396061C04AD5800048EFB2,3608390766307,5075464,apparel,GF-R1-U2,dec-fr-bordeaux
30395DFA82E65400002A2423,3583787601440,4006564,bag_pack,GF-R1-U2,dec-fr-bordeaux
30395DFA82E65400005CA31F,3583787601440,4006564,bag_pack,GF-R1-U2,dec-fr-bordeaux
30395DFA82E65400008C3042,3583787601440,4006564,bag_pack,GF-R1-U2,dec-fr-bordeaux
30395DFA82E654000002B1F8,3583787601440,4006564,bag_pack,GF-R1-U2,dec-fr-bordeaux
30395DFA82E65400006E326B,3583787601440,4006564,bag_pack,GF-R1-U2,dec-fr-bordeaux
30395DFA82E654000032200E,3583787601440,4006564,bag_pack,BR-02,dec-fr-bordeaux
30395DFA82EA588000182483,3583787642580,2750074,accessories,GB-R3-U1,dec-fr-bordeaux
30395DFA82EA588000806B06,3583787642580,2750074,accessories,GB-R3-U1,dec-fr-bordeaux
30395DFA82EA58800091CC24,3583787642580,2750074,accessories,GB-R3-U1,dec-fr-bordeaux
30395DFA82EA5880002FE817,3583787642580,2750074,accessories,GB-R3-U1,dec-fr-bordeaux
30395DFA82EA5880001B43A1,3583787642580,2750074,accessories,GB-R3-U1,dec-fr-bordeaux
30395DFA82EA5880003B53F5,3583787642580,2750074,accessories,GB-R3-U1,dec-fr-bordeaux
30395DFA82EA58800081EB1D,3583787642580,2750074,accessories,GB-R3-U1,dec-fr-bordeaux
30395DFA82EA58800026706E,3583787642580,2750074,accessories,GB-R3-U1,dec-fr-bordeaux
30395DFA82EA58800018B261,3583787642580,2750074,accessories,GB-R3-U1,dec-fr-bordeaux
30395DFA82EA588000317B85,3583787642580,2750074,accessories,BR-03,dec-fr-bordeaux
30395DFA82EA5880008E106E,3583787642580,2750074,accessories,BR-04,dec-fr-bordeaux
30396062C39E6F0000415E4A,3608439486685,2353542,footwear,PW-01,dec-fr-bordeaux
30396062C39E6F00003A82EC,3608439486685,2353542,footwear,PW-01,dec-fr-bordeaux
30396062C39E6F00001FCFF3,3608439486685,2353542,footwear,PW-01,dec-fr-bordeaux
30396062C39E6F00006024F1,3608439486685,2353542,footwear,BR-01,dec-fr-bordeaux
30396062C39E6F400088DA99,3608439486692,2353543,footwear,PW-01,dec-fr-bordeaux
30396062C39E6F4000111EA1,3608439486692,2353543,footwear,PW-01,dec-fr-bordeaux
30396062C39E6F40005E08CB,3608439486692,2353543,footwear,PW-01,dec-fr-bordeaux
30396062C39E6F400039F9CF,3608439486692,2353543,footwear,PW-01,dec-fr-bordeaux
30396062C39E6F400069920D,3608439486692,2353543,footwear,BR-02,dec-fr-bordeaux
30396062C39E6F80004CD3DC,3608439486708,2353544,footwear,PW-01,dec-fr-bordeaux
30396062C39E6F80002C98F1,3608439486708,2353544,footwear,PW-01,dec-fr-bordeaux
30396062C39E6F800062E710,3608439486708,2353544,footwear,PW-01,dec-fr-bordeaux
30396062C39E6F80005A6612,3608439486708,2353544,footwear,BR-03,dec-fr-bordeaux
30396062C39E6FC00035E976,3608439486715,2353545,footwear,PW-01,dec-fr-bordeaux
30396062C39E6FC0001C38BE,3608439486715,2353545,footwear,PW-01,dec-fr-bordeaux
30396062C39E6FC00075B33A,3608439486715,2353545,footwear,BR-04,dec-fr-bordeaux
30396062C39E700000117E64,3608439486722,2353540,footwear,PW-01,dec-fr-bordeaux
30396062C39E700000975992,3608439486722,2353540,footwear,PW-01,dec-fr-bordeaux
30396062C39E7040006F14AB,3608439486739,2353541,footwear,PW-01,dec-fr-bordeaux
30396062C39E704000683EA3,3608439486739,2353541,footwear,PW-01,dec-fr-bordeaux
30396062C39E7040000702EA,3608439486739,2353541,footwear,BR-01,dec-fr-bordeaux
30396061C04AFF40008FCDD4,3608390767977,5075667,apparel,GB-R2-U2,dec-fr-bordeaux
30396061C04AFF80006658C8,3608390767984,5075668,apparel,GB-R2-U2,dec-fr-bordeaux
30396061C04AFF80008D1C49,3608390767984,5075668,apparel,GB-R2-U2,dec-fr-bordeaux
30396061C04AFFC000072429,3608390767991,5075669,apparel,GB-R2-U2,dec-fr-bordeaux
30396061C04AFFC000352520,3608390767991,5075669,apparel,GB-R2-U2,dec-fr-bordeaux
30396061C04B00000083AF0E,3608390768004,5075670,apparel,GB-R2-U2,dec-fr-bordeaux
30396061C04B00000038DFB6,3608390768004,5075670,apparel,GB-R2-U2,dec-fr-bordeaux
30396061C04B0000006F75AA,3608390768004,5075670,apparel,BR-02,dec-fr-bordeaux
30396061C04B0040004CB891,3608390768011,5075671,apparel,GB-R2-U2,dec-fr-bordeaux
30396061C04B00400010F60E,3608390768011,5075671,apparel,GB-R2-U2,dec-fr-bordeaux
30396061C04B0080008D5359,3608390768028,5075672,apparel,GB-R2-U2,dec-fr-bordeaux
30396061C05402C000406B62,3608390860272,5075733,apparel,GB-R2-U2,dec-fr-bordeaux
30396061C0540300007C69E9,3608390860289,5075734,apparel,GB-R2-U2,dec-fr-bordeaux
30396061C054034000023500,3608390860296,5075735,apparel,GB-R2-U2,dec-fr-bordeaux
30396061C054034000839CFE,3608390860296,5075735,apparel,GB-R2-U2,dec-fr-bordeaux
30396061C0540340006C29DA,3608390860296,5075735,apparel,BR-03,dec-fr-bordeaux
30396061C0541F0000927AD5,3608390861408,5075736,apparel,GB-R2-U2,dec-fr-bordeaux
30396061C0541F000087A0F1,3608390861408,5075736,apparel,GB-R2-U2,dec-fr-bordeaux
30396061C0541F40007BA4C5,3608390861415,5075737,apparel,GB-R2-U2,dec-fr-bordeaux
30396061C0541F4000156A2A,3608390861415,5075737,apparel,GB-R2-U2,dec-fr-bordeaux
30396061C0541F8000046467,3608390861422,5075738,apparel,GB-R2-U2,dec-fr-bordeaux
3039606283B12580007EF8AD,3608429678304,4168811,accessories,GB-R2-U1,dec-fr-bordeaux
3039606283B12580003CCF4C,3608429678304,4168811,accessories,GB-R2-U1,dec-fr-bordeaux
3039606283B125800048AA67,3608429678304,4168811,accessories,GB-R2-U1,dec-fr-bordeaux
3039606283B12580008AB89F,3608429678304,4168811,accessories,GB-R2-U1,dec-fr-bordeaux
3039606283B125800087D2DD,3608429678304,4168811,accessories,GB-R2-U1,dec-fr-bordeaux
3039606283B12580008AE498,3608429678304,4168811,accessories,GB-R2-U1,dec-fr-bordeaux
3039606283B125800072DB7C,3608429678304,4168811,accessories,GB-R2-U1,dec-fr-bordeaux
3039606283B12580006A1A18,3608429678304,4168811,accessories,GB-R2-U1,dec-fr-bordeaux
3039606283B1258000644520,3608429678304,4168811,accessories,GB-R2-U1,dec-fr-bordeaux
3039606283B125800078DDB4,3608429678304,4168811,accessories,BR-04,dec-fr-bordeaux
3039606283B12580007E96BD,3608429678304,4168811,accessories,BR-01,dec-fr-bordeaux
30396062C3857200002B7388,3608439230806,4864685,footwear,PE-01,dec-fr-bordeaux
30396062C385724000765082,3608439230813,4864682,footwear,PE-01,dec-fr-bordeaux
30396062C38572400094FFC2,3608439230813,4864682,footwear,PE-01,dec-fr-bordeaux
30396062C38572800027F7B8,3608439230820,4864681,footwear,PE-01,dec-fr-bordeaux
30396062C3857280002C7257,3608439230820,4864681,footwear,PE-01,dec-fr-bordeaux
30396062C38572C000801012,3608439230837,4864684,footwear,PE-01,dec-fr-bordeaux
30396062C38572C00043D889,3608439230837,4864684,footwear,PE-01,dec-fr-bordeaux
30396062C385730000776729,3608439230844,4864683,footwear,PE-01,dec-fr-bordeaux
30396062C3857300007ADFB8,3608439230844,4864683,footwear,PE-01,dec-fr-bordeaux
30396062C385734000831BCB,3608439230851,4864680,footwear,PE-01,dec-fr-bordeaux
30396062C38573400025975F,3608439230851,4864680,footwear,PE-01,dec-fr-bordeaux
30396062C38573800084E386,3608439230868,4864679,footwear,PE-01,dec-fr-bordeaux
30396061C12685C000626E88,3608393015914,5551323,apparel,GB-R3-U1,dec-fr-bordeaux
30396061C12685C000428D26,3608393015914,5551323,apparel,GB-R3-U1,dec-fr-bordeaux
30396061C12685C000976800,3608393015914,5551323,apparel,GB-R3-U1,dec-fr-bordeaux
30396061C12685C000028B5F,3608393015914,5551323,apparel,GB-R3-U1,dec-fr-bordeaux
30396061C12685C000683594,3608393015914,5551323,apparel,BR-02,dec-fr-bordeaux
30396061C12686000030BFD3,3608393015921,5551324,apparel,GB-R3-U1,dec-fr-bordeaux
30396061C1268600003D386E,3608393015921,5551324,apparel,GB-R3-U1,dec-fr-bordeaux
30396061C126860000761CB6,3608393015921,5551324,apparel,GB-R3-U1,dec-fr-bordeaux
30396061C1268600002B55E8,3608393015921,5551324,apparel,GB-R3-U1,dec-fr-bordeaux
30396061C126860000061F7C,3608393015921,5551324,apparel,GB-R3-U1,dec-fr-bordeaux
30396061C1268600007574E2,3608393015921,5551324,apparel,GB-R3-U1,dec-fr-bordeaux
30396061C126860000352649,3608393015921,5551324,apparel,GB-R3-U1,dec-fr-bordeaux
30396061C12686000092AD68,3608393015921,5551324,apparel,BR-03,dec-fr-bordeaux
30396061C1268600002E4022,3608393015921,5551324,apparel,BR-04,dec-fr-bordeaux
30396061C1268640003C1622,3608393015938,5551325,apparel,GB-R3-U1,dec-fr-bordeaux
30396061C1268640002DE981,3608393015938,5551325,apparel,GB-R3-U1,dec-fr-bordeaux
30396061C126864000946ED7,3608393015938,5551325,apparel,GB-R3-U1,dec-fr-bordeaux
30396061C1268640004BEE64,3608393015938,5551325,apparel,GB-R3-U1,dec-fr-bordeaux
30396061C12686400062EBA7,3608393015938,5551325,apparel,GB-R3-U1,dec-fr-bordeaux
30396061C12686400050E398,3608393015938,5551325,apparel,BR-01,dec-fr-bordeaux
30396061C1268680008C6AB0,3608393015945,5551326,apparel,GB-R3-U1,dec-fr-bordeaux
30396061C1268680002E9F6B,3608393015945,5551326,apparel,GB-R3-U1,dec-fr-bordeaux
30396061C1268680004CAC19,3608393015945,5551326,apparel,GB-R3-U1,dec-fr-bordeaux
30396061C126868000940172,3608393015945,5551326,apparel,GB-R3-U1,dec-fr-bordeaux
30396061C12686800061FBF7,3608393015945,5551326,apparel,GB-R3-U1,dec-fr-bordeaux
30396061C12686800045E10D,3608393015945,5551326,apparel,GB-R3-U1,dec-fr-bordeaux
30396061C12686800007F5FC,3608393015945,5551326,apparel,GB-R3-U1,dec-fr-bordeaux
30396061C12686800066E123,3608393015945,5551326,apparel,BR-02,dec-fr-bordeaux
30396061C12686C0001F9419,3608393015952,5551327,apparel,GB-R3-U1,dec-fr-bordeaux
30396061C12686C00015F1FB,3608393015952,5551327,apparel,GB-R3-U1,dec-fr-bordeaux
30396061C12686C00003D7F6,3608393015952,5551327,apparel,BR-03,dec-fr-bordeaux
30396061C1268700005885D2,3608393015969,5551328,apparel,GB-R3-U1,dec-fr-bordeaux
30396061C1268700002F921D,3608393015969,5551328,apparel,GB-R3-U1,dec-fr-bordeaux
30396062C392BA00003E69F0,3608439366802,4043983,apparel,GB-R3-U2,dec-fr-bordeaux
30396062C392BAC00095DB14,3608439366833,4043977,apparel,GB-R3-U2,dec-fr-bordeaux
30396062C392BAC000310D41,3608439366833,4043977,apparel,GB-R3-U2,dec-fr-bordeaux
30396062C392BAC000566898,3608439366833,4043977,apparel,BR-04,dec-fr-bordeaux
30396062C392BB40000EF7D0,3608439366857,4043975,apparel,GB-R3-U2,dec-fr-bordeaux
30396062C392BB40005DD7F6,3608439366857,4043975,apparel,GB-R3-U2,dec-fr-bordeaux
30396062C392BB40002213BB,3608439366857,4043975,apparel,BR-01,dec-fr-bordeaux
30396062C392BC00001EBBA9,3608439366888,4043981,apparel,GB-R3-U2,dec-fr-bordeaux
30396062C392BC000032151A,3608439366888,4043981,apparel,GB-R3-U2,dec-fr-bordeaux
30396062C392BCC0009127B4,3608439366918,4043979,apparel,GB-R3-U2,dec-fr-bordeaux
30396062C392BCC000793315,3608439366918,4043979,apparel,GB-R3-U2,dec-fr-bordeaux
30396062C392BD4000790CBF,3608439366932,4043973,apparel,GB-R3-U2,dec-fr-bordeaux
30396062C392BD4000796EAC,3608439366932,4043973,apparel,GB-R3-U2,dec-fr-bordeaux
30396062C392BD80002DB3EB,3608439366949,4043971,apparel,GB-R3-U2,dec-fr-bordeaux
30395DFA82B9EC800095B0A3,3583787146743,4531543,accessories,GB-R3-U2,dec-fr-bordeaux
30395DFA82B9ECC0007C9CF9,3583787146750,4531542,accessories,GB-R3-U2,dec-fr-bordeaux
30395DFA82B9ED00002E837F,3583787146767,4531544,accessories,GB-R3-U2,dec-fr-bordeaux
30395DFA82B9ED000079AA47,3583787146767,4531544,accessories,GB-R3-U2,dec-fr-bordeaux
30395DFA82B9EE80008E2A17,3583787146828,4531541,accessories,GB-R3-U2,dec-fr-bordeaux
30395DFA82B9EE8000890271,3583787146828,4531541,accessories,GB-R3-U2,dec-fr-bordeaux
30396061C01B630000386512,3608390280445,4898515,accessories,GB-R2-U2,dec-fr-bordeaux
30396061C01B6300005E0C4E,3608390280445,4898515,accessories,GB-R2-U2,dec-fr-bordeaux
30396061C01B6300005E43C6,3608390280445,4898515,accessories,BR-02,dec-fr-bordeaux
30396061C01B634000646BA5,3608390280452,4898516,accessories,GB-R2-U2,dec-fr-bordeaux
30396061C01B6340005BE80B,3608390280452,4898516,accessories,GB-R2-U2,dec-fr-bordeaux
30396061C01B63400030191B,3608390280452,4898516,accessories,BR-03,dec-fr-bordeaux
30396061C01B6380002EEA15,3608390280469,4898517,accessories,GB-R2-U2,dec-fr-bordeaux
30396061C01B6380004345A4,3608390280469,4898517,accessories,GB-R2-U2,dec-fr-bordeaux
30396061C01B63800085E873,3608390280469,4898517,accessories,BR-04,dec-fr-bordeaux
30396062C385B2C0006B09E1,3608439233395,4854947,apparel,GF-R3-U1,dec-fr-bordeaux
30396062C385B2C000250C00,3608439233395,4854947,apparel,GF-R3-U1,dec-fr-bordeaux
30396062C385B2C00076F96C,3608439233395,4854947,apparel,BR-01,dec-fr-bordeaux
30396062C385B3000055A842,3608439233401,4854946,apparel,GF-R3-U1,dec-fr-bordeaux
30396062C385B300004D7D2F,3608439233401,4854946,apparel,GF-R3-U1,dec-fr-bordeaux
30396062C385B300004C20D2,3608439233401,4854946,apparel,GF-R3-U1,dec-fr-bordeaux
30396062C385B300005CD043,3608439233401,4854946,apparel,GF-R3-U1,dec-fr-bordeaux
30396062C385B30000519B25,3608439233401,4854946,apparel,BR-02,dec-fr-bordeaux
30396062C385B340001D8490,3608439233418,4854943,apparel,GF-R3-U1,dec-fr-bordeaux
30396062C385B34000750121,3608439233418,4854943,apparel,GF-R3-U1,dec-fr-bordeaux
30396062C385B340000C66E7,3608439233418,4854943,apparel,GF-R3-U1,dec-fr-bordeaux
30396062C385B34000266F97,3608439233418,4854943,apparel,BR-03,dec-fr-bordeaux
30396062C385B3C000465E56,3608439233432,4854942,apparel,GF-R3-U1,dec-fr-bordeaux
30396062C385B3C0009042AD,3608439233432,4854942,apparel,GF-R3-U1,dec-fr-bordeaux
30396062C385B44000389D6A,3608439233456,4854945,apparel,GF-R3-U1,dec-fr-bordeaux
30396062C385B44000867D06,3608439233456,4854945,apparel,GF-R3-U1,dec-fr-bordeaux
30396062C385B440008D919C,3608439233456,4854945,apparel,GF-R3-U1,dec-fr-bordeaux
30396062C385B4400059C1B9,3608439233456,4854945,apparel,GF-R3-U1,dec-fr-bordeaux
30396062C385B440005E8B33,3608439233456,4854945,apparel,GF-R3-U1,dec-fr-bordeaux
30396062C385B4400090144F,3608439233456,4854945,apparel,GF-R3-U1,dec-fr-bordeaux
30396062C385B44000390C88,3608439233456,4854945,apparel,BR-04,dec-fr-bordeaux
30396062C385B4800003790D,3608439233463,4854944,apparel,GF-R3-U1,dec-fr-bordeaux
30396062C385B480006BAF75,3608439233463,4854944,apparel,GF-R3-U1,dec-fr-bordeaux
30396062C385B4800081D9E7,3608439233463,4854944,apparel,GF-R3-U1,dec-fr-bordeaux
30396062C385B4800043B821,3608439233463,4854944,apparel,GF-R3-U1,dec-fr-bordeaux
30396062C385B4800054ED9D,3608439233463,4854944,apparel,GF-R3-U1,dec-fr-bordeaux
30396062C385B480003DB673,3608439233463,4854944,apparel,GF-R3-U1,dec-fr-bordeaux
30396062C385B4800048EAA2,3608439233463,4854944,apparel,BR-01,dec-fr-bordeaux
30396061C0659840001EFEA0,3608391040338,5158340,apparel,GB-R1-U1,dec-fr-bordeaux
30396061C0659840007F90D8,3608391040338,5158340,apparel,GB-R1-U1,dec-fr-bordeaux
30396061C065984000579B15,3608391040338,5158340,apparel,BR-02,dec-fr-bordeaux
30396061C065988000496C8D,3608391040345,5158341,apparel,GB-R1-U1,dec-fr-bordeaux
30396061C06598800045871B,3608391040345,5158341,apparel,GB-R1-U1,dec-fr-bordeaux
30396061C06598800000E093,3608391040345,5158341,apparel,GB-R1-U1,dec-fr-bordeaux
30396061C0659880002DC0BA,3608391040345,5158341,apparel,GB-R1-U1,dec-fr-bordeaux
30396061C06598800095EEE9,3608391040345,5158341,apparel,GB-R1-U1,dec-fr-bordeaux
30396061C06598800036B03F,3608391040345,5158341,apparel,GB-R1-U1,dec-fr-bordeaux
30396061C065988000844899,3608391040345,5158341,apparel,GB-R1-U1,dec-fr-bordeaux
30396061C065988000538DF4,3608391040345,5158341,apparel,GB-R1-U1,dec-fr-bordeaux
30396061C065988000074FD0,3608391040345,5158341,apparel,GB-R1-U1,dec-fr-bordeaux
30396061C0659880008FB71D,3608391040345,5158341,apparel,BR-03,dec-fr-bordeaux
30396061C065988000969F7B,3608391040345,5158341,apparel,BR-04,dec-fr-bordeaux
30396061C06598C00003AAB4,3608391040352,5158342,apparel,GB-R1-U1,dec-fr-bordeaux
30396061C06598C00087B69F,3608391040352,5158342,apparel,GB-R1-U1,dec-fr-bordeaux
30396061C06598C00079BF41,3608391040352,5158342,apparel,GB-R1-U1,dec-fr-bordeaux
30396061C06598C000779C12,3608391040352,5158342,apparel,GB-R1-U1,dec-fr-bordeaux
30396061C06598C000565C36,3608391040352,5158342,apparel,GB-R1-U1,dec-fr-bordeaux
30396061C06598C000107E61,3608391040352,5158342,apparel,GB-R1-U1,dec-fr-bordeaux
30396061C06598C0003E87F0,3608391040352,5158342,apparel,GB-R1-U1,dec-fr-bordeaux
30396061C06598C0001B5AA1,3608391040352,5158342,apparel,BR-01,dec-fr-bordeaux
30396061C01D5D40008DB05A,3608390300693,4977160,bag_pack,GF-R3-U1,dec-fr-bordeaux
30396061C01D5D400040D6AD,3608390300693,4977160,bag_pack,GF-R3-U1,dec-fr-bordeaux
30396061C01D5D400059FD35,3608390300693,4977160,bag_pack,GF-R3-U1,dec-fr-bordeaux
30396061C01D5D40008F8AB1,3608390300693,4977160,bag_pack,BR-02,dec-fr-bordeaux
30396061C01D7F00002F7475,3608390302048,4977159,bag_pack,GF-R3-U1,dec-fr-bordeaux
30396061C01D7F0000768A5A,3608390302048,4977159,bag_pack,GF-R3-U1,dec-fr-bordeaux
30396061C01D7F000061EEFC,3608390302048,4977159,bag_pack,GF-R3-U1,dec-fr-bordeaux
30396061C01D7F00004B0493,3608390302048,4977159,bag_pack,BR-03,dec-fr-bordeaux
30396062C386D6000065DA0A,3608439245046,4340145,outdoor,GF-R3-U1,dec-fr-bordeaux
3039606283AF2040006A88D5,3608429657613,4683436,accessories,GB-R2-U1,dec-fr-bordeaux
3039606283AF2040002BC921,3608429657613,4683436,accessories,GB-R2-U1,dec-fr-bordeaux
3039606283AF2040005B7A49,3608429657613,4683436,accessories,GB-R2-U1,dec-fr-bordeaux
3039606283AF204000608EB3,3608429657613,4683436,accessories,GB-R2-U1,dec-fr-bordeaux
3039606283AF20400010C225,3608429657613,4683436,accessories,GB-R2-U1,dec-fr-bordeaux
3039606283AF204000112F00,3608429657613,4683436,accessories,GB-R2-U1,dec-fr-bordeaux
3039606283AF204000116700,3608429657613,4683436,accessories,GB-R2-U1,dec-fr-bordeaux
3039606283AF2040000665C7,3608429657613,4683436,accessories,BR-04,dec-fr-bordeaux
3039606283AF204000198F7A,3608429657613,4683436,accessories,BR-01,dec-fr-bordeaux
30396061C1111980000ACBB7,3608392796548,5057675,footwear,PW-01,dec-fr-bordeaux
30396061C11119C00075DE9E,3608392796555,5057676,footwear,PW-01,dec-fr-bordeaux
30396061C11119C0005447CB,3608392796555,5057676,footwear,PW-01,dec-fr-bordeaux
30396061C1111A000020061B,3608392796562,5057677,footwear,PW-01,dec-fr-bordeaux
30396061C1111A000062602E,3608392796562,5057677,footwear,PW-01,dec-fr-bordeaux
30396061C1111A000008F102,3608392796562,5057677,footwear,BR-02,dec-fr-bordeaux
30396061C1111A400049494D,3608392796579,5057678,footwear,PW-01,dec-fr-bordeaux
30396061C1111A400072F94D,3608392796579,5057678,footwear,PW-01,dec-fr-bordeaux
30396061C1111A40003888BB,3608392796579,5057678,footwear,PW-01,dec-fr-bordeaux
30396061C1111A40004E7E40,3608392796579,5057678,footwear,BR-03,dec-fr-bordeaux
30396061C1111A80001835FC,3608392796586,5057679,footwear,PW-01,dec-fr-bordeaux
30396061C1111A80007E630E,3608392796586,5057679,footwear,PW-01,dec-fr-bordeaux
30396061C1111A8000641214,3608392796586,5057679,footwear,PW-01,dec-fr-bordeaux
30396061C1111A80004DCBE1,3608392796586,5057679,footwear,BR-04,dec-fr-bordeaux
30396061C1111AC000231CBF,3608392796593,5057680,footwear,PW-01,dec-fr-bordeaux
30396061C1111AC00090268E,3608392796593,5057680,footwear,PW-01,dec-fr-bordeaux
30396061C1111AC0007C175C,3608392796593,5057680,footwear,PW-01,dec-fr-bordeaux
30396061C1111AC00029025C,3608392796593,5057680,footwear,BR-01,dec-fr-bordeaux
30396061C111228000545FC5,3608392796906,5057681,footwear,PW-01,dec-fr-bordeaux
30396061C111228000102E25,3608392796906,5057681,footwear,PW-01,dec-fr-bordeaux
30396061C11122C000756B6C,3608392796913,5057682,footwear,PW-01,dec-fr-bordeaux
30396061C11122C000341102,3608392796913,5057682,footwear,PW-01,dec-fr-bordeaux
30396061C1112300008B81A4,3608392796920,5057683,footwear,PW-01,dec-fr-bordeaux
30396061C09407C0008A5438,3608391515836,4944657,apparel,GB-R1-U2,dec-fr-bordeaux
30396061C09407C0005A855D,3608391515836,4944657,apparel,GB-R1-U2,dec-fr-bordeaux
30396061C09407C000750E91,3608391515836,4944657,apparel,GB-R1-U2,dec-fr-bordeaux
30396061C09407C0002441FF,3608391515836,4944657,apparel,GB-R1-U2,dec-fr-bordeaux
30396061C09407C0007EAC38,3608391515836,4944657,apparel,GB-R1-U2,dec-fr-bordeaux
30396061C09407C000911B56,3608391515836,4944657,apparel,GB-R1-U2,dec-fr-bordeaux
30396061C09407C000486E75,3608391515836,4944657,apparel,GB-R1-U2,dec-fr-bordeaux
30396061C09407C00035C6D6,3608391515836,4944657,apparel,BR-02,dec-fr-bordeaux
30396061C09407C0002B85F1,3608391515836,4944657,apparel,BR-03,dec-fr-bordeaux
30396061C0951E0000339EC0,3608391526962,4944656,apparel,GB-R1-U2,dec-fr-bordeaux
30396061C0951E00000450B4,3608391526962,4944656,apparel,GB-R1-U2,dec-fr-bordeaux
30396061C0951E00007295AF,3608391526962,4944656,apparel,GB-R1-U2,dec-fr-bordeaux
30396061C0951E00006D7BF5,3608391526962,4944656,apparel,GB-R1-U2,dec-fr-bordeaux
30396061C0951E00003B612C,3608391526962,4944656,apparel,GB-R1-U2,dec-fr-bordeaux
30396061C0951E00006826D2,3608391526962,4944656,apparel,BR-04,dec-fr-bordeaux
30396061C095BB400018AE64,3608391533250,4944658,apparel,GB-R1-U2,dec-fr-bordeaux
30396061C095BB400074FDFA,3608391533250,4944658,apparel,GB-R1-U2,dec-fr-bordeaux
30396061C095BB40000E1E28,3608391533250,4944658,apparel,GB-R1-U2,dec-fr-bordeaux
30396061C095BB40001D1EF5,3608391533250,4944658,apparel,GB-R1-U2,dec-fr-bordeaux
30396061C095BB4000218E72,3608391533250,4944658,apparel,GB-R1-U2,dec-fr-bordeaux
30396061C095BB400005B397,3608391533250,4944658,apparel,GB-R1-U2,dec-fr-bordeaux
30396061C095BB4000146759,3608391533250,4944658,apparel,GB-R1-U2,dec-fr-bordeaux
30396061C095BB4000634F5D,3608391533250,4944658,apparel,BR-01,dec-fr-bordeaux
30396061C095BB400024C70D,3608391533250,4944658,apparel,BR-02,dec-fr-bordeaux
30396061C095DE800035E6BE,3608391534660,4944659,apparel,GB-R1-U2,dec-fr-bordeaux
30396061C095DE800052EED6,3608391534660,4944659,apparel,GB-R1-U2,dec-fr-bordeaux
30396061C095DE8000849658,3608391534660,4944659,apparel,GB-R1-U2,dec-fr-bordeaux
30396061C095DE8000459385,3608391534660,4944659,apparel,GB-R1-U2,dec-fr-bordeaux
30396061C095DE800030AA13,3608391534660,4944659,apparel,GB-R1-U2,dec-fr-bordeaux
30396061C095DE80004BF9D0,3608391534660,4944659,apparel,BR-03,dec-fr-bordeaux
30396061C0011F800000AD55,3608390011506,2982055,outdoor,GF-R3-U2,dec-fr-bordeaux
30396061C0219F8000799C30,3608390344307,4521313,accessories,GB-R2-U2,dec-fr-bordeaux
30396061C0219F8000367C5B,3608390344307,4521313,accessories,GB-R2-U2,dec-fr-bordeaux
30396061C0219F800041390D,3608390344307,4521313,accessories,BR-04,dec-fr-bordeaux
30396061C0219FC0000F1DE2,3608390344314,4521314,accessories,GB-R2-U2,dec-fr-bordeaux
30396061C0219FC00062A3D6,3608390344314,4521314,accessories,GB-R2-U2,dec-fr-bordeaux
30396061C0219FC0005E4CB5,3608390344314,4521314,accessories,BR-01,dec-fr-bordeaux
30396061C021A000000F79E8,3608390344321,4521315,accessories,GB-R2-U2,dec-fr-bordeaux
30396061C021A000008D0498,3608390344321,4521315,accessories,GB-R2-U2,dec-fr-bordeaux
30395DFA82B6544000429642,3583787109939,4193718,apparel,GF-R3-U2,dec-fr-bordeaux
30395DFA82B65440006E0724,3583787109939,4193718,apparel,GF-R3-U2,dec-fr-bordeaux
30395DFA82B6544000247315,3583787109939,4193718,apparel,GF-R3-U2,dec-fr-bordeaux
30395DFA82B65440000124C4,3583787109939,4193718,apparel,BR-02,dec-fr-bordeaux
30395DFA82B654C000711FD2,3583787109953,4193719,apparel,GF-R3-U2,dec-fr-bordeaux
30395DFA82B654C00073327A,3583787109953,4193719,apparel,GF-R3-U2,dec-fr-bordeaux
30395DFA82B654C0000F895A,3583787109953,4193719,apparel,GF-R3-U2,dec-fr-bordeaux
30395DFA82B654C0002FE755,3583787109953,4193719,apparel,BR-03,dec-fr-bordeaux
30395DFA82B65540004B3CC6,3583787109977,4193720,apparel,GF-R3-U2,dec-fr-bordeaux
30395DFA82B655400061FA58,3583787109977,4193720,apparel,GF-R3-U2,dec-fr-bordeaux
30395DFA82B6554000857839,3583787109977,4193720,apparel,GF-R3-U2,dec-fr-bordeaux
30395DFA82B655400019B040,3583787109977,4193720,apparel,GF-R3-U2,dec-fr-bordeaux
30395DFA82B6554000058897,3583787109977,4193720,apparel,GF-R3-U2,dec-fr-bordeaux
30395DFA82B655400014A7DE,3583787109977,4193720,apparel,GF-R3-U2,dec-fr-bordeaux
30395DFA82B65540007124E8,3583787109977,4193720,apparel,BR-04,dec-fr-bordeaux
30395DFA82B6558000266AEC,3583787109984,4193721,apparel,GF-R3-U2,dec-fr-bordeaux
30395DFA82B65580002AD3F8,3583787109984,4193721,apparel,GF-R3-U2,dec-fr-bordeaux
30395DFA82B65580003341D3,3583787109984,4193721,apparel,GF-R3-U2,dec-fr-bordeaux
30395DFA82B65580003D6031,3583787109984,4193721,apparel,GF-R3-U2,dec-fr-bordeaux
30395DFA82B6558000451984,3583787109984,4193721,apparel,GF-R3-U2,dec-fr-bordeaux
30395DFA82B65580000CFC31,3583787109984,4193721,apparel,BR-01,dec-fr-bordeaux
30395DFA82B655C000052890,3583787109991,4193722,apparel,GF-R3-U2,dec-fr-bordeaux
30395DFA82B655C0006EA080,3583787109991,4193722,apparel,GF-R3-U2,dec-fr-bordeaux
30395DFA82B656000009C13B,3583787110003,4193723,apparel,GF-R3-U2,dec-fr-bordeaux
30395DFA82B656000031BC98,3583787110003,4193723,apparel,GF-R3-U2,dec-fr-bordeaux
30395DFA82B6560000784BF9,3583787110003,4193723,apparel,BR-02,dec-fr-bordeaux
30395DFA82B65640006E8426,3583787110010,4193724,apparel,GF-R3-U2,dec-fr-bordeaux
30395DFA82B656400083FFE5,3583787110010,4193724,apparel,GF-R3-U2,dec-fr-bordeaux
30395DFA82B6564000294518,3583787110010,4193724,apparel,BR-03,dec-fr-bordeaux
30395DFA82B65700007A253E,3583787110041,4193726,apparel,GF-R3-U2,dec-fr-bordeaux
30396061C0E271C0000B4E6E,3608392318795,5419819,bag_pack,GF-R3-U2,dec-fr-bordeaux
30396061C0E271C00075DA35,3608392318795,5419819,bag_pack,GF-R3-U2,dec-fr-bordeaux
30396061C0E271C0000F6D66,3608392318795,5419819,bag_pack,BR-04,dec-fr-bordeaux
30396061C0E29040007C0433,3608392320019,5419817,bag_pack,GF-R3-U2,dec-fr-bordeaux
30396061C0E290400007AB4F,3608392320019,5419817,bag_pack,GF-R3-U2,dec-fr-bordeaux
30396061C0E29040008030CE,3608392320019,5419817,bag_pack,GF-R3-U2,dec-fr-bordeaux
30396061C0E2904000335D64,3608392320019,5419817,bag_pack,BR-01,dec-fr-bordeaux
30395DFA82D760C000295CFB,3583787448359,4468395,apparel,GF-R1-U1,dec-fr-bordeaux
30395DFA82D760C000286BFD,3583787448359,4468395,apparel,GF-R1-U1,dec-fr-bordeaux
30395DFA82D760C000446C48,3583787448359,4468395,apparel,GF-R1-U1,dec-fr-bordeaux
30395DFA82D760C00079B033,3583787448359,4468395,apparel,BR-02,dec-fr-bordeaux
30395DFA82D7610000081AB7,3583787448366,4468396,apparel,GF-R1-U1,dec-fr-bordeaux
30395DFA82D761000030F725,3583787448366,4468396,apparel,GF-R1-U1,dec-fr-bordeaux
30395DFA82D76100007666BF,3583787448366,4468396,apparel,BR-03,dec-fr-bordeaux
30395DFA82D76180003A8449,3583787448380,4468392,apparel,GF-R1-U1,dec-fr-bordeaux
30395DFA82D76180001C8279,3583787448380,4468392,apparel,GF-R1-U1,dec-fr-bordeaux
30395DFA82D7618000840732,3583787448380,4468392,apparel,BR-04,dec-fr-bordeaux
30395DFA82D7620000806E8E,3583787448403,4468393,apparel,GF-R1-U1,dec-fr-bordeaux
30395DFA82D762000097397A,3583787448403,4468393,apparel,GF-R1-U1,dec-fr-bordeaux
30395DFA82D76200001FB8DC,3583787448403,4468393,apparel,GF-R1-U1,dec-fr-bordeaux
30395DFA82D762000069BF8E,3583787448403,4468393,apparel,BR-01,dec-fr-bordeaux
30395DFA81D15C00006DB6F5,3583784765282,4972837,outdoor,GB-R1-U2,dec-fr-bordeaux
30395DFA81D1A5000002CA5C,3583784768207,4972841,outdoor,GB-R1-U2,dec-fr-bordeaux
30396061C17F08400064010D,3608393922250,5637508,footwear,PE-02,dec-fr-bordeaux
30396061C17F088000726E41,3608393922267,5637509,footwear,PE-02,dec-fr-bordeaux
30396061C17F08C000940A86,3608393922274,5637510,footwear,PE-02,dec-fr-bordeaux
30396061C17F30C000130999,3608393923875,5518789,footwear,PE-02,dec-fr-bordeaux
30396061C17F314000459DAF,3608393923899,5518791,footwear,PE-02,dec-fr-bordeaux
30396061C17F3BC00046BD72,3608393924315,5637514,footwear,PE-02,dec-fr-bordeaux
30396061C17F3C400037627A,3608393924339,5637517,footwear,PE-02,dec-fr-bordeaux
30396061C17F4FC0007A4CB1,3608393925114,5518793,footwear,PE-02,dec-fr-bordeaux
30396061C17F504000399AD6,3608393925138,5518795,footwear,PE-02,dec-fr-bordeaux
30396061C17F50C00022BAFD,3608393925152,5518797,footwear,PE-02,dec-fr-bordeaux
30396061C193B40000648DEA,3608394133921,5790718,footwear,PE-02,dec-fr-bordeaux
30396061C193B4400086BD1C,3608394133938,5794141,footwear,PE-02,dec-fr-bordeaux
30395DFA81DFE5C00030FF61,3583784914154,5285945,outdoor,GF-R1-U1,dec-fr-bordeaux
30395DFA81DFE6000058BA15,3583784914161,5285946,outdoor,GF-R1-U1,dec-fr-bordeaux
30396062C38750C0000DF90A,3608439249952,4833696,apparel,GB-R3-U1,dec-fr-bordeaux
30396062C38750C0008E485C,3608439249952,4833696,apparel,GB-R3-U1,dec-fr-bordeaux
30396062C38750C000808445,3608439249952,4833696,apparel,GB-R3-U1,dec-fr-bordeaux
30396062C38750C00032F6BE,3608439249952,4833696,apparel,BR-02,dec-fr-bordeaux
30396062C3875100007BF8AE,3608439249969,4833694,apparel,GB-R3-U1,dec-fr-bordeaux
30396062C387510000319ACB,3608439249969,4833694,apparel,GB-R3-U1,dec-fr-bordeaux
30396062C3875100008CDCE0,3608439249969,4833694,apparel,BR-03,dec-fr-bordeaux
30396062C3875140002ECFFF,3608439249976,4833706,apparel,GB-R3-U1,dec-fr-bordeaux
30396062C387514000914F04,3608439249976,4833706,apparel,GB-R3-U1,dec-fr-bordeaux
30396062C3875180001E9A8C,3608439249983,4833704,apparel,GB-R3-U1,dec-fr-bordeaux
30396062C3875180000C8EA8,3608439249983,4833704,apparel,GB-R3-U1,dec-fr-bordeaux
30396062C38751800044CA97,3608439249983,4833704,apparel,GB-R3-U1,dec-fr-bordeaux
30396062C38751800021F1D7,3608439249983,4833704,apparel,BR-04,dec-fr-bordeaux
30396062C38751C000434E3A,3608439249990,4833702,apparel,GB-R3-U1,dec-fr-bordeaux
30396062C38751C000089402,3608439249990,4833702,apparel,GB-R3-U1,dec-fr-bordeaux
30396062C38751C000303EDE,3608439249990,4833702,apparel,GB-R3-U1,dec-fr-bordeaux
30396062C38751C0008B8C44,3608439249990,4833702,apparel,GB-R3-U1,dec-fr-bordeaux
30396062C38751C0004BD6D5,3608439249990,4833702,apparel,GB-R3-U1,dec-fr-bordeaux
30396062C38751C0008821E1,3608439249990,4833702,apparel,BR-01,dec-fr-bordeaux
30396062C38752000021A5BA,3608439250002,4833700,apparel,GB-R3-U1,dec-fr-bordeaux
30396062C3875200009801A6,3608439250002,4833700,apparel,GB-R3-U1,dec-fr-bordeaux
30396062C3875200004D3478,3608439250002,4833700,apparel,GB-R3-U1,dec-fr-bordeaux
30396062C38752000063203E,3608439250002,4833700,apparel,GB-R3-U1,dec-fr-bordeaux
30396062C3875200004BFAF0,3608439250002,4833700,apparel,GB-R3-U1,dec-fr-bordeaux
30396062C3875200005DA96B,3608439250002,4833700,apparel,BR-02,dec-fr-bordeaux
30396062C3875240005492BF,3608439250019,4833698,apparel,GB-R3-U1,dec-fr-bordeaux
30396062C38752400053A6B2,3608439250019,4833698,apparel,GB-R3-U1,dec-fr-bordeaux
30396062C3875240005E99CF,3608439250019,4833698,apparel,GB-R3-U1,dec-fr-bordeaux
30396062C387524000008988,3608439250019,4833698,apparel,GB-R3-U1,dec-fr-bordeaux
30396062C387524000771936,3608439250019,4833698,apparel,GB-R3-U1,dec-fr-bordeaux
30396062C387524000507825,3608439250019,4833698,apparel,BR-03,dec-fr-bordeaux
30395DFA81A28140001AEC00,3583784285490,4630474,apparel,GB-R3-U2,dec-fr-bordeaux
30395DFA81A2814000733F26,3583784285490,4630474,apparel,GB-R3-U2,dec-fr-bordeaux
30395DFA81A2814000781D5C,3583784285490,4630474,apparel,GB-R3-U2,dec-fr-bordeaux
30395DFA81A281400006B301,3583784285490,4630474,apparel,GB-R3-U2,dec-fr-bordeaux
30395DFA81A281400021279D,3583784285490,4630474,apparel,BR-04,dec-fr-bordeaux
30395DFA81A298000067F2C6,3583784286404,4630475,apparel,GB-R3-U2,dec-fr-bordeaux
30395DFA81A2980000099CD2,3583784286404,4630475,apparel,GB-R3-U2,dec-fr-bordeaux
30395DFA81A2980000373E80,3583784286404,4630475,apparel,GB-R3-U2,dec-fr-bordeaux
30395DFA81A29800004B88DE,3583784286404,4630475,apparel,GB-R3-U2,dec-fr-bordeaux
30395DFA81A298000035A517,3583784286404,4630475,apparel,GB-R3-U2,dec-fr-bordeaux
30395DFA81A2980000596BA6,3583784286404,4630475,apparel,GB-R3-U2,dec-fr-bordeaux
30395DFA81A298000033863A,3583784286404,4630475,apparel,GB-R3-U2,dec-fr-bordeaux
30395DFA81A29800009827A1,3583784286404,4630475,apparel,BR-01,dec-fr-bordeaux
30395DFA81A298400073FB99,3583784286411,4630476,apparel,GB-R3-U2,dec-fr-bordeaux
30395DFA81A29840006B135B,3583784286411,4630476,apparel,GB-R3-U2,dec-fr-bordeaux
30395DFA81A29840002FDAA0,3583784286411,4630476,apparel,GB-R3-U2,dec-fr-bordeaux
30395DFA81A2984000961252,3583784286411,4630476,apparel,GB-R3-U2,dec-fr-bordeaux
30395DFA81A29840006E0DCF,3583784286411,4630476,apparel,GB-R3-U2,dec-fr-bordeaux
30395DFA81A29840007104C3,3583784286411,4630476,apparel,GB-R3-U2,dec-fr-bordeaux
30395DFA81A29840004D6473,3583784286411,4630476,apparel,BR-02,dec-fr-bordeaux
30395DFA81A298800090F5B3,3583784286428,4630477,apparel,GB-R3-U2,dec-fr-bordeaux
30395DFA81A2988000503542,3583784286428,4630477,apparel,GB-R3-U2,dec-fr-bordeaux
30395DFA81A298800068E336,3583784286428,4630477,apparel,GB-R3-U2,dec-fr-bordeaux
30395DFA81A29880008E58D4,3583784286428,4630477,apparel,GB-R3-U2,dec-fr-bordeaux
30395DFA81A29880006DD19B,3583784286428,4630477,apparel,BR-03,dec-fr-bordeaux
30395DFA81A298C000313CFD,3583784286435,4630478,apparel,GB-R3-U2,dec-fr-bordeaux
30395DFA81A298C00048EEEF,3583784286435,4630478,apparel,GB-R3-U2,dec-fr-bordeaux
30395DFA81A298C00041C715,3583784286435,4630478,apparel,BR-04,dec-fr-bordeaux
30395DFA81A299000009BC14,3583784286442,4630479,apparel,GB-R3-U2,dec-fr-bordeaux
30396061C0543380007E0607,3608390862221,5102104,outdoor,GF-R1-U2,dec-fr-bordeaux
30396061C054338000481F05,3608390862221,5102104,outdoor,GF-R1-U2,dec-fr-bordeaux
30396061C0543380004C5236,3608390862221,5102104,outdoor,BR-01,dec-fr-bordeaux
30396061C13BA68000788124,3608393232267,5625174,outdoor,GB-R3-U1,dec-fr-bordeaux
30396061C13BA680008B0CEE,3608393232267,5625174,outdoor,GB-R3-U1,dec-fr-bordeaux
30395DFA82C526C00036C1AF,3583787261712,4516772,bag_pack,PE-03,dec-fr-bordeaux
30395DFA82C526C00021347C,3583787261712,4516772,bag_pack,PE-03,dec-fr-bordeaux
30395DFA82C526C000269CC0,3583787261712,4516772,bag_pack,PE-03,dec-fr-bordeaux
30395DFA82C526C0002C8749,3583787261712,4516772,bag_pack,PE-03,dec-fr-bordeaux
30395DFA82C526C0002C9D03,3583787261712,4516772,bag_pack,PE-03,dec-fr-bordeaux
30395DFA82C526C0006A99A3,3583787261712,4516772,bag_pack,PE-03,dec-fr-bordeaux
30395DFA82C526C0005CC07E,3583787261712,4516772,bag_pack,BR-02,dec-fr-bordeaux
30396061C0BB98800007D0DB,3608391920982,5335091,apparel,GF-R3-U1,dec-fr-bordeaux
30396061C0BB9880006B6E2E,3608391920982,5335091,apparel,GF-R3-U1,dec-fr-bordeaux
30396061C0BB98C0000835F0,3608391920999,5335092,apparel,GF-R3-U1,dec-fr-bordeaux
30396061C0BB98C0006B5F6D,3608391920999,5335092,apparel,GF-R3-U1,dec-fr-bordeaux
30396061C0BB98C0004FE3B9,3608391920999,5335092,apparel,GF-R3-U1,dec-fr-bordeaux
30396061C0BB98C0005A5DF7,3608391920999,5335092,apparel,BR-03,dec-fr-bordeaux
30396061C0BBA0800049DF4E,3608391921309,5335093,apparel,GF-R3-U1,dec-fr-bordeaux
30396061C0BBA08000400779,3608391921309,5335093,apparel,GF-R3-U1,dec-fr-bordeaux
30396061C0BBA080008DCFB5,3608391921309,5335093,apparel,GF-R3-U1,dec-fr-bordeaux
30396061C0BBA0800025CC81,3608391921309,5335093,apparel,BR-04,dec-fr-bordeaux
30396061C0BBA0C0005FF644,3608391921316,5335094,apparel,GF-R3-U1,dec-fr-bordeaux
30396061C0BBA0C0005ABBF2,3608391921316,5335094,apparel,GF-R3-U1,dec-fr-bordeaux
30396061C0BBA0C000143B3D,3608391921316,5335094,apparel,BR-01,dec-fr-bordeaux
30396061C0BBA100005497D9,3608391921323,5335095,apparel,GF-R3-U1,dec-fr-bordeaux
30396061C0BBA140008112A6,3608391921330,5335096,apparel,GF-R3-U1,dec-fr-bordeaux
30395DFA82F64B4000342C26,3583787764930,2837645,apparel,GF-R1-U2,dec-fr-bordeaux
30395DFA82F64B400001293E,3583787764930,2837645,apparel,GF-R1-U2,dec-fr-bordeaux
30395DFA82F64B400090864E,3583787764930,2837645,apparel,GF-R1-U2,dec-fr-bordeaux
30395DFA82F64B40005F2793,3583787764930,2837645,apparel,GF-R1-U2,dec-fr-bordeaux
30395DFA82F64B400078F162,3583787764930,2837645,apparel,GF-R1-U2,dec-fr-bordeaux
30395DFA82F64B40002E02B4,3583787764930,2837645,apparel,BR-02,dec-fr-bordeaux
30395DFA82F64B80004C87B6,3583787764947,2837646,apparel,GF-R1-U2,dec-fr-bordeaux
30395DFA82F64B80001D3D61,3583787764947,2837646,apparel,GF-R1-U2,dec-fr-bordeaux
30395DFA82F64B800083EF1C,3583787764947,2837646,apparel,GF-R1-U2,dec-fr-bordeaux
30395DFA82F64B80009760B5,3583787764947,2837646,apparel,GF-R1-U2,dec-fr-bordeaux
30395DFA82F64B80008B3092,3583787764947,2837646,apparel,GF-R1-U2,dec-fr-bordeaux
30395DFA82F64B800066ACC1,3583787764947,2837646,apparel,BR-03,dec-fr-bordeaux
30395DFA82F64BC00036D5BD,3583787764954,2837644,apparel,GF-R1-U2,dec-fr-bordeaux
30395DFA82F64BC0000C1F5E,3583787764954,2837644,apparel,GF-R1-U2,dec-fr-bordeaux
30395DFA82F64C40003E88BD,3583787764978,2837647,apparel,GF-R1-U2,dec-fr-bordeaux
30395DFA82F64C400023B8B7,3583787764978,2837647,apparel,GF-R1-U2,dec-fr-bordeaux
30395DFA82F64C40000A0BE4,3583787764978,2837647,apparel,GF-R1-U2,dec-fr-bordeaux
30395DFA82F64C40006209F1,3583787764978,2837647,apparel,BR-04,dec-fr-bordeaux
30395DFA82F64C80000B569C,3583787764985,2837648,apparel,GF-R1-U2,dec-fr-bordeaux
30395DFA82F64C80002D30E4,3583787764985,2837648,apparel,GF-R1-U2,dec-fr-bordeaux
30395DFA82F64C80007A5B28,3583787764985,2837648,apparel,GF-R1-U2,dec-fr-bordeaux
30395DFA82F64C80008338B5,3583787764985,2837648,apparel,BR-01,dec-fr-bordeaux
30396061C132E7000007D907,3608393142689,4512979,apparel,GB-R1-U1,dec-fr-bordeaux
30396061C132E74000638FB0,3608393142696,4512980,apparel,GB-R1-U1,dec-fr-bordeaux
30396061C132E780003D7928,3608393142702,4512981,apparel,GB-R1-U1,dec-fr-bordeaux
30396061C132E780000B050E,3608393142702,4512981,apparel,GB-R1-U1,dec-fr-bordeaux
30396061C132E7C0004BC733,3608393142719,4512982,apparel,GB-R1-U1,dec-fr-bordeaux
30396061C132E8000055435B,3608393142726,4512983,apparel,GB-R1-U1,dec-fr-bordeaux
30396061C132E80000053349,3608393142726,4512983,apparel,GB-R1-U1,dec-fr-bordeaux
30396061C132E8400085883E,3608393142733,4512984,apparel,GB-R1-U1,dec-fr-bordeaux
30396061C132E8C000149AEA,3608393142757,4512992,apparel,GB-R1-U1,dec-fr-bordeaux
30396061C132E900001C8A30,3608393142764,4512993,apparel,GB-R1-U1,dec-fr-bordeaux
30396061C132E900001F0B0F,3608393142764,4512993,apparel,GB-R1-U1,dec-fr-bordeaux
30396061C132E9400013953F,3608393142771,4512994,apparel,GB-R1-U1,dec-fr-bordeaux
30396061C132E9400039E3D3,3608393142771,4512994,apparel,GB-R1-U1,dec-fr-bordeaux
30396061C132E980002F1831,3608393142788,4512995,apparel,GB-R1-U1,dec-fr-bordeaux
30396061C0000800004863F9,3608390000326,2706524,accessories,CO-IR,dec-fr-bordeaux
30396061C0000840005B23D0,3608390000333,2706525,accessories,CO-IR,dec-fr-bordeaux
30396061C0000880005E2802,3608390000340,2706526,accessories,CO-IR,dec-fr-bordeaux
30396061C00008C00017B663,3608390000357,2706527,accessories,CO-IR,dec-fr-bordeaux
30396061C00008C0006F9FC7,3608390000357,2706527,accessories,CO-IR,dec-fr-bordeaux
30396061C00009000025CE9A,3608390000364,2706528,accessories,CO-IR,dec-fr-bordeaux
30396061C000F54000619349,3608390009817,2989144,accessories,CO-IR,dec-fr-bordeaux
30396062C39C19800019DDE3,3608439462788,2558434,outdoor,GB-R3-U2,dec-fr-bordeaux
30396062C39C1980003C7F39,3608439462788,2558434,outdoor,GB-R3-U2,dec-fr-bordeaux
30396061C000E280006EA176,3608390009060,2908939,accessories,GB-R1-U1,dec-fr-bordeaux
30396061C000E2800017C167,3608390009060,2908939,accessories,GB-R1-U1,dec-fr-bordeaux
30396061C000E2C0006A25F7,3608390009077,2908940,accessories,GB-R1-U1,dec-fr-bordeaux
30396061C000E2C0007009C7,3608390009077,2908940,accessories,GB-R1-U1,dec-fr-bordeaux
30396061C000E30000633860,3608390009084,2908941,accessories,GB-R1-U1,dec-fr-bordeaux
30396061C000E340002D930C,3608390009091,2908942,accessories,GB-R1-U1,dec-fr-bordeaux
30396061C000E3400036420A,3608390009091,2908942,accessories,GB-R1-U1,dec-fr-bordeaux
30396061C000E3800090B62B,3608390009107,2908943,accessories,GB-R1-U1,dec-fr-bordeaux
30396061C125568000717537,3608393003782,5395754,apparel,GF-R3-U2,dec-fr-bordeaux
30396061C12556C0000DD99F,3608393003799,5395755,apparel,GF-R3-U2,dec-fr-bordeaux
30396061C12556C0007CA5BA,3608393003799,5395755,apparel,GF-R3-U2,dec-fr-bordeaux
30396061C1255700000A8DD8,3608393003805,5395756,apparel,GF-R3-U2,dec-fr-bordeaux
30396061C1255700005930CF,3608393003805,5395756,apparel,GF-R3-U2,dec-fr-bordeaux
30396061C125574000405BBC,3608393003812,5395757,apparel,GF-R3-U2,dec-fr-bordeaux
30396061C12557C0003CEAFC,3608393003836,5395759,apparel,GF-R3-U2,dec-fr-bordeaux
30396061C1255A00005B2175,3608393003928,5395763,apparel,GF-R3-U2,dec-fr-bordeaux
30396061C1255A40008341C4,3608393003935,5395764,apparel,GF-R3-U2,dec-fr-bordeaux
30396061C1255A40002A28F9,3608393003935,5395764,apparel,GF-R3-U2,dec-fr-bordeaux
30396061C1255A800041739F,3608393003942,5395765,apparel,GF-R3-U2,dec-fr-bordeaux
30396061C1255A800049F3FB,3608393003942,5395765,apparel,GF-R3-U2,dec-fr-bordeaux
30396061C1255AC0009505C4,3608393003959,5395766,apparel,GF-R3-U2,dec-fr-bordeaux
30396061C1255B00000F6239,3608393003966,5395767,apparel,GF-R3-U2,dec-fr-bordeaux
30396061C074360000231092,3608391190002,5034572,apparel,GF-R2-U1,dec-fr-bordeaux
30396061C0743600001226B2,3608391190002,5034572,apparel,GF-R2-U1,dec-fr-bordeaux
30396061C0743600000E7935,3608391190002,5034572,apparel,GF-R2-U1,dec-fr-bordeaux
30396061C0743600005D68E6,3608391190002,5034572,apparel,BR-02,dec-fr-bordeaux
30396061C07436400006767E,3608391190019,5034573,apparel,GF-R2-U1,dec-fr-bordeaux
30396061C07436400017531A,3608391190019,5034573,apparel,GF-R2-U1,dec-fr-bordeaux
30396061C07436400079BB83,3608391190019,5034573,apparel,GF-R2-U1,dec-fr-bordeaux
30396061C074364000026B90,3608391190019,5034573,apparel,GF-R2-U1,dec-fr-bordeaux
30396061C074364000195A3A,3608391190019,5034573,apparel,GF-R2-U1,dec-fr-bordeaux
30396061C0743640004A7E82,3608391190019,5034573,apparel,BR-03,dec-fr-bordeaux
30396061C0743680008DC515,3608391190026,5034574,apparel,GF-R2-U1,dec-fr-bordeaux
30396061C0743680001594B6,3608391190026,5034574,apparel,GF-R2-U1,dec-fr-bordeaux
30396061C07436800017BA4D,3608391190026,5034574,apparel,GF-R2-U1,dec-fr-bordeaux
30396061C0743680009664E2,3608391190026,5034574,apparel,GF-R2-U1,dec-fr-bordeaux
30396061C07436800088D5E0,3608391190026,5034574,apparel,GF-R2-U1,dec-fr-bordeaux
30396061C07436800034AB77,3608391190026,5034574,apparel,BR-04,dec-fr-bordeaux
30396061C07436C000914DF9,3608391190033,5034575,apparel,GF-R2-U1,dec-fr-bordeaux
30396061C07436C00026870C,3608391190033,5034575,apparel,GF-R2-U1,dec-fr-bordeaux
30396061C07436C0008591CB,3608391190033,5034575,apparel,GF-R2-U1,dec-fr-bordeaux
30396061C07436C000502AAE,3608391190033,5034575,apparel,BR-01,dec-fr-bordeaux
30396061C07437000064CA48,3608391190040,5034576,apparel,GF-R2-U1,dec-fr-bordeaux
30396061C074370000540820,3608391190040,5034576,apparel,GF-R2-U1,dec-fr-bordeaux
30396062C3904580003AB8AA,3608439341663,4012160,apparel,GB-R3-U1,dec-fr-bordeaux
30396062C3904580001D2502,3608439341663,4012160,apparel,GB-R3-U1,dec-fr-bordeaux
30396062C39045C0006560DC,3608439341670,4012159,apparel,GB-R3-U1,dec-fr-bordeaux
30396062C39045C00006F894,3608439341670,4012159,apparel,GB-R3-U1,dec-fr-bordeaux
30396062C39045C00027B7B7,3608439341670,4012159,apparel,GB-R3-U1,dec-fr-bordeaux
30396062C39045C000270BC5,3608439341670,4012159,apparel,GB-R3-U1,dec-fr-bordeaux
30396062C39045C0008E401C,3608439341670,4012159,apparel,BR-02,dec-fr-bordeaux
30396062C3904600005C1071,3608439341687,4012158,apparel,GB-R3-U1,dec-fr-bordeaux
30396062C39046000002853E,3608439341687,4012158,apparel,GB-R3-U1,dec-fr-bordeaux
30396062C390460000460124,3608439341687,4012158,apparel,GB-R3-U1,dec-fr-bordeaux
30396062C39046000038768F,3608439341687,4012158,apparel,GB-R3-U1,dec-fr-bordeaux
30396062C3904600003B4833,3608439341687,4012158,apparel,BR-03,dec-fr-bordeaux
30396062C390464000370141,3608439341694,4012157,apparel,GB-R3-U1,dec-fr-bordeaux
30396062C390464000374AC2,3608439341694,4012157,apparel,GB-R3-U1,dec-fr-bordeaux
30396062C39046400032CA70,3608439341694,4012157,apparel,GB-R3-U1,dec-fr-bordeaux
30396062C39046400070D79B,3608439341694,4012157,apparel,GB-R3-U1,dec-fr-bordeaux
30396062C39046400075C98F,3608439341694,4012157,apparel,GB-R3-U1,dec-fr-bordeaux
30396062C3904640004E311D,3608439341694,4012157,apparel,GB-R3-U1,dec-fr-bordeaux
30396062C39046400027610B,3608439341694,4012157,apparel,GB-R3-U1,dec-fr-bordeaux
30396062C39046400030AD61,3608439341694,4012157,apparel,BR-04,dec-fr-bordeaux
30396062C3904680006C4357,3608439341700,4012156,apparel,GB-R3-U1,dec-fr-bordeaux
30396062C3904680002964B5,3608439341700,4012156,apparel,GB-R3-U1,dec-fr-bordeaux
30396062C3904680002ADEA6,3608439341700,4012156,apparel,GB-R3-U1,dec-fr-bordeaux
30396062C3904680000F903E,3608439341700,4012156,apparel,GB-R3-U1,dec-fr-bordeaux
30396062C3904680000A7DDA,3608439341700,4012156,apparel,GB-R3-U1,dec-fr-bordeaux
30396062C3904680008F3CE7,3608439341700,4012156,apparel,GB-R3-U1,dec-fr-bordeaux
30396062C39046800092A341,3608439341700,4012156,apparel,GB-R3-U1,dec-fr-bordeaux
30396062C39046800087B93C,3608439341700,4012156,apparel,BR-01,dec-fr-bordeaux
30396062C39046C0002E9D8F,3608439341717,4012154,apparel,GB-R3-U1,dec-fr-bordeaux
30396062C39046C000261D09,3608439341717,4012154,apparel,GB-R3-U1,dec-fr-bordeaux
30396062C39046C00024BCC2,3608439341717,4012154,apparel,BR-02,dec-fr-bordeaux
30396061C0A04D0000456727,3608391641481,5225796,outdoor,GF-R3-U1,dec-fr-bordeaux
30396061C0A04D0000485B52,3608391641481,5225796,outdoor,GF-R3-U1,dec-fr-bordeaux
30395DFA82F894000046FE1B,3583787788325,2899305,bag_pack,GF-R1-U1,dec-fr-bordeaux
30395DFA82F89400003F8281,3583787788325,2899305,bag_pack,GF-R1-U1,dec-fr-bordeaux
30395DFA82F89400005AC111,3583787788325,2899305,bag_pack,GF-R1-U1,dec-fr-bordeaux
30395DFA82F89400005F3A4A,3583787788325,2899305,bag_pack,GF-R1-U1,dec-fr-bordeaux
30395DFA82F89400000D1591,3583787788325,2899305,bag_pack,GF-R1-U1,dec-fr-bordeaux
30395DFA82F894000027DE4E,3583787788325,2899305,bag_pack,BR-03,dec-fr-bordeaux
30396061C053E0C00059D3A9,3608390858910,5098835,accessories,GB-R2-U1,dec-fr-bordeaux
30396061C053E0C0003BCB1E,3608390858910,5098835,accessories,GB-R2-U1,dec-fr-bordeaux
30396061C053E0C00010AF7A,3608390858910,5098835,accessories,GB-R2-U1,dec-fr-bordeaux
30396061C053E0C00007183C,3608390858910,5098835,accessories,GB-R2-U1,dec-fr-bordeaux
30396061C053E0C00048DB9E,3608390858910,5098835,accessories,BR-04,dec-fr-bordeaux
30395DFA82DA81400065E743,3583787480373,4275492,bag_pack,PE-01,dec-fr-bordeaux
30395DFA82DA8140005955F5,3583787480373,4275492,bag_pack,PE-01,dec-fr-bordeaux
30395DFA82DA81400071A5B2,3583787480373,4275492,bag_pack,PE-01,dec-fr-bordeaux
30395DFA82DA814000787580,3583787480373,4275492,bag_pack,PE-01,dec-fr-bordeaux
30395DFA82DA8140009742ED,3583787480373,4275492,bag_pack,BR-01,dec-fr-bordeaux
30395DFA82DE75C00031D842,3583787520871,4188551,apparel,GB-R1-U2,dec-fr-bordeaux
30395DFA82DE75C00055E58B,3583787520871,4188551,apparel,GB-R1-U2,dec-fr-bordeaux
30395DFA82DE7600007F09D5,3583787520888,4188554,apparel,GB-R1-U2,dec-fr-bordeaux
30395DFA82DE7600005E1AA1,3583787520888,4188554,apparel,GB-R1-U2,dec-fr-bordeaux
30395DFA82DE76000019F168,3583787520888,4188554,apparel,GB-R1-U2,dec-fr-bordeaux
30395DFA82DE760000266B4C,3583787520888,4188554,apparel,BR-02,dec-fr-bordeaux
30395DFA82DE76400074261E,3583787520895,4188553,apparel,GB-R1-U2,dec-fr-bordeaux
30395DFA82DE7640008AC79E,3583787520895,4188553,apparel,GB-R1-U2,dec-fr-bordeaux
30395DFA82DE76400024163C,3583787520895,4188553,apparel,GB-R1-U2,dec-fr-bordeaux
30395DFA82DE76400000FB1D,3583787520895,4188553,apparel,BR-03,dec-fr-bordeaux
30395DFA82DE7680002B5FE2,3583787520901,4188556,apparel,GB-R1-U2,dec-fr-bordeaux
30395DFA82DE7680006264AC,3583787520901,4188556,apparel,GB-R1-U2,dec-fr-bordeaux
30395DFA82DE76C000289971,3583787520918,4188555,apparel,GB-R1-U2,dec-fr-bordeaux
30395DFA82DE76C0007F0151,3583787520918,4188555,apparel,GB-R1-U2,dec-fr-bordeaux
30396062C3B01BC0003D57FF,3608439667671,375674,apparel,GB-R1-U2,dec-fr-bordeaux
30396062C3B01BC0004BB3EB,3608439667671,375674,apparel,GB-R1-U2,dec-fr-bordeaux
30396062C3B01BC0001BCCB3,3608439667671,375674,apparel,GB-R1-U2,dec-fr-bordeaux
30396062C3B01BC0002CF13D,3608439667671,375674,apparel,BR-04,dec-fr-bordeaux
30396062C3B01C000025291A,3608439667688,375668,apparel,GB-R1-U2,dec-fr-bordeaux
30396062C3B01C0000836A05,3608439667688,375668,apparel,GB-R1-U2,dec-fr-bordeaux
30396062C3B01C000072DFDE,3608439667688,375668,apparel,BR-01,dec-fr-bordeaux
30396062C3B01C80007B353D,3608439667701,375682,apparel,GB-R1-U2,dec-fr-bordeaux
30396062C3B01CC000491015,3608439667718,375680,apparel,GB-R1-U2,dec-fr-bordeaux
30396062C3B01D000034F848,3608439667725,375678,apparel,GB-R1-U2,dec-fr-bordeaux
30396062C3B01D000088A2CE,3608439667725,375678,apparel,GB-R1-U2,dec-fr-bordeaux
30396062C3B01D00009100DA,3608439667725,375678,apparel,BR-02,dec-fr-bordeaux
30396062C3B01D40005C53F1,3608439667732,375675,apparel,GB-R1-U2,dec-fr-bordeaux
30396062C3B01D400073034F,3608439667732,375675,apparel,GB-R1-U2,dec-fr-bordeaux
30396062C3B01D40001CEBC2,3608439667732,375675,apparel,BR-03,dec-fr-bordeaux
30395DFA82DA824000274CC2,3583787480410,4006201,bag_pack,GF-R1-U2,dec-fr-bordeaux
30395DFA82DA8240002F5FA7,3583787480410,4006201,bag_pack,GF-R1-U2,dec-fr-bordeaux
30395DFA82DA8240005C3030,3583787480410,4006201,bag_pack,GF-R1-U2,dec-fr-bordeaux
30395DFA82DA82400065BAD0,3583787480410,4006201,bag_pack,GF-R1-U2,dec-fr-bordeaux
30395DFA82DA8240005467A5,3583787480410,4006201,bag_pack,GF-R1-U2,dec-fr-bordeaux
30395DFA82DA8240002FC5A3,3583787480410,4006201,bag_pack,GF-R1-U2,dec-fr-bordeaux
30395DFA82DA82400092C768,3583787480410,4006201,bag_pack,GF-R1-U2,dec-fr-bordeaux
30395DFA82DA82400054A85B,3583787480410,4006201,bag_pack,BR-04,dec-fr-bordeaux
30396061C125A500002A74A5,3608393006929,5395813,apparel,GB-R3-U2,dec-fr-bordeaux
30396061C125A50000591BA8,3608393006929,5395813,apparel,GB-R3-U2,dec-fr-bordeaux
30396061C125A5400075EE79,3608393006936,5395814,apparel,GB-R3-U2,dec-fr-bordeaux
30396061C125A540004FD512,3608393006936,5395814,apparel,GB-R3-U2,dec-fr-bordeaux
30396061C125A5400051BF32,3608393006936,5395814,apparel,GB-R3-U2,dec-fr-bordeaux
30396061C125A54000677C7B,3608393006936,5395814,apparel,BR-01,dec-fr-bordeaux
30396061C125A580005889C8,3608393006943,5395815,apparel,GB-R3-U2,dec-fr-bordeaux
30396061C125A5800091CA83,3608393006943,5395815,apparel,GB-R3-U2,dec-fr-bordeaux
30396061C125A58000236B64,3608393006943,5395815,apparel,GB-R3-U2,dec-fr-bordeaux
30396061C125A58000129646,3608393006943,5395815,apparel,BR-02,dec-fr-bordeaux
30396061C125A5C000508A25,3608393006950,5395816,apparel,GB-R3-U2,dec-fr-bordeaux
30396061C125A5C00048E46A,3608393006950,5395816,apparel,GB-R3-U2,dec-fr-bordeaux
30396061C125A5C000955ED1,3608393006950,5395816,apparel,BR-03,dec-fr-bordeaux
30396061C125A60000354A3A,3608393006967,5395817,apparel,GB-R3-U2,dec-fr-bordeaux
30395DFA819D23C00095FA3B,3583784230551,4361627,accessories,GB-R3-U1,dec-fr-bordeaux
30395DFA819D240000819E21,3583784230568,4361628,accessories,GB-R3-U1,dec-fr-bordeaux
30395DFA819D244000774FC5,3583784230575,4361629,accessories,GB-R3-U1,dec-fr-bordeaux
30395DFA819D2480005A9F68,3583784230582,4361630,accessories,GB-R3-U1,dec-fr-bordeaux
30395DFA819D24C0003A924A,3583784230599,4361631,accessories,GB-R3-U1,dec-fr-bordeaux
30395DFA819D2500007F7AF2,3583784230605,4361621,accessories,GB-R3-U1,dec-fr-bordeaux
30395DFA819D25800070CB28,3583784230629,4361623,accessories,GB-R3-U1,dec-fr-bordeaux
30395DFA819D25C000980213,3583784230636,4361624,accessories,GB-R3-U1,dec-fr-bordeaux
30395DFA819D27800049ED6F,3583784230704,4361632,accessories,GB-R3-U1,dec-fr-bordeaux
30396062C38CDDC000031C08,3608439306792,4405604,apparel,GF-R3-U1,dec-fr-bordeaux
30396062C38CDDC0006126C1,3608439306792,4405604,apparel,GF-R3-U1,dec-fr-bordeaux
30396062C38CDE8000074FEF,3608439306822,4405607,apparel,GF-R3-U1,dec-fr-bordeaux
30396062C38CDE800074F3BB,3608439306822,4405607,apparel,GF-R3-U1,dec-fr-bordeaux
30396062C38CDEC0005EAA03,3608439306839,4405608,apparel,GF-R3-U1,dec-fr-bordeaux
30396062C38CDF000096F4A1,3608439306846,4405605,apparel,GF-R3-U1,dec-fr-bordeaux
30396062C38CDF0000103E3B,3608439306846,4405605,apparel,GF-R3-U1,dec-fr-bordeaux
30396062C38CDF0000617837,3608439306846,4405605,apparel,BR-04,dec-fr-bordeaux
30396062C38CDF40000869BE,3608439306853,4405606,apparel,GF-R3-U1,dec-fr-bordeaux
30396062C38CDF4000744CF4,3608439306853,4405606,apparel,GF-R3-U1,dec-fr-bordeaux
30396062C38CDF4000615D1F,3608439306853,4405606,apparel,BR-01,dec-fr-bordeaux
30396062C390BA80005E4C55,3608439346347,4094280,apparel,GF-R3-U1,dec-fr-bordeaux
30396062C390BAC000783C13,3608439346354,4094281,apparel,GF-R3-U1,dec-fr-bordeaux
30396062C390C0000096EA6E,3608439346569,4094320,apparel,GF-R3-U1,dec-fr-bordeaux
30396062C390C000005B8F9D,3608439346569,4094320,apparel,GF-R3-U1,dec-fr-bordeaux
30396062C390C040004C27F2,3608439346576,4094321,apparel,GF-R3-U1,dec-fr-bordeaux
30396062C390C040005628C1,3608439346576,4094321,apparel,GF-R3-U1,dec-fr-bordeaux
30396062C390C080005D87FB,3608439346583,4094318,apparel,GF-R3-U1,dec-fr-bordeaux
30396062C390C080006014A8,3608439346583,4094318,apparel,GF-R3-U1,dec-fr-bordeaux
30396062C390C080008212DF,3608439346583,4094318,apparel,BR-02,dec-fr-bordeaux
30396062C390C0C0001DEE42,3608439346590,4094319,apparel,GF-R3-U1,dec-fr-bordeaux
30396062C390C0C0000FF108,3608439346590,4094319,apparel,GF-R3-U1,dec-fr-bordeaux
30396062C390C0C00014A2E8,3608439346590,4094319,apparel,BR-03,dec-fr-bordeaux
30396062C390C1000098283C,3608439346606,4094282,apparel,GF-R3-U1,dec-fr-bordeaux
30395DFA82C6788000604515,3583787275221,4724864,apparel,GF-R1-U1,dec-fr-bordeaux
30395DFA82C6788000556146,3583787275221,4724864,apparel,GF-R1-U1,dec-fr-bordeaux
30395DFA82C678C0006AA221,3583787275238,4724863,apparel,GF-R1-U1,dec-fr-bordeaux
30395DFA82C679C0003FFE16,3583787275276,4724867,apparel,GF-R1-U1,dec-fr-bordeaux
30395DFA82C679C000608DBD,3583787275276,4724867,apparel,GF-R1-U1,dec-fr-bordeaux
30395DFA82C679C000884CF6,3583787275276,4724867,apparel,BR-04,dec-fr-bordeaux
30395DFA82C67A800029E328,3583787275306,4724866,apparel,GF-R1-U1,dec-fr-bordeaux
30395DFA82C67A80002B937D,3583787275306,4724866,apparel,GF-R1-U1,dec-fr-bordeaux
30395DFA82C67A800083A329,3583787275306,4724866,apparel,GF-R1-U1,dec-fr-bordeaux
30395DFA82C67A80001152FE,3583787275306,4724866,apparel,BR-01,dec-fr-bordeaux
30395DFA82C67B400021A196,3583787275337,4724865,apparel,GF-R1-U1,dec-fr-bordeaux
30395DFA82C67B4000062A45,3583787275337,4724865,apparel,GF-R1-U1,dec-fr-bordeaux
30395DFA82C67B4000493D82,3583787275337,4724865,apparel,GF-R1-U1,dec-fr-bordeaux
30395DFA82C67B40006013CF,3583787275337,4724865,apparel,BR-02,dec-fr-bordeaux
30396061C044E48000117434,3608390705467,5059319,apparel,GF-R1-U1,dec-fr-bordeaux
30396061C044E4C0006D46AE,3608390705474,5059320,apparel,GF-R1-U1,dec-fr-bordeaux
30396061C044E4C000192596,3608390705474,5059320,apparel,GF-R1-U1,dec-fr-bordeaux
30396061C044E4C0006E5970,3608390705474,5059320,apparel,BR-03,dec-fr-bordeaux
30396061C044E500008836ED,3608390705481,5059321,apparel,GF-R1-U1,dec-fr-bordeaux
30396061C044E5000068E3C8,3608390705481,5059321,apparel,GF-R1-U1,dec-fr-bordeaux
30396061C044E50000307A3B,3608390705481,5059321,apparel,GF-R1-U1,dec-fr-bordeaux
30396061C044E500005EFC8E,3608390705481,5059321,apparel,BR-04,dec-fr-bordeaux
30396061C044E540004CA5C5,3608390705498,5059322,apparel,GF-R1-U1,dec-fr-bordeaux
30396061C044E540000D76C5,3608390705498,5059322,apparel,GF-R1-U1,dec-fr-bordeaux
30396061C044E5400049A589,3608390705498,5059322,apparel,GF-R1-U1,dec-fr-bordeaux
30396061C044E54000014BB6,3608390705498,5059322,apparel,BR-01,dec-fr-bordeaux
30396061C045A88000060391,3608390713301,5059323,apparel,GF-R1-U1,dec-fr-bordeaux
30396061C045A8800062499B,3608390713301,5059323,apparel,GF-R1-U1,dec-fr-bordeaux
30396061C045A880007DDF83,3608390713301,5059323,apparel,BR-02,dec-fr-bordeaux
30396061C153A0800037F8F2,3608393477781,5668944,footwear,PW-02,dec-fr-bordeaux
30396061C153A0C0005C04B6,3608393477798,5668945,footwear,PW-02,dec-fr-bordeaux
30396061C153A0C0003DEC7B,3608393477798,5668945,footwear,PW-02,dec-fr-bordeaux
30396061C153A10000728FDC,3608393477804,5668946,footwear,PW-02,dec-fr-bordeaux
30396061C153A1400002BE9F,3608393477811,5668947,footwear,PW-02,dec-fr-bordeaux
30396061C1B87D800077FED5,3608394510623,5857317,footwear,PW-02,dec-fr-bordeaux
30396061C1B87DC000481D8A,3608394510630,5857318,footwear,PW-02,dec-fr-bordeaux
30396061C1B87DC000563907,3608394510630,5857318,footwear,PW-02,dec-fr-bordeaux
30396061C1B87E0000681ABA,3608394510647,5857319,footwear,PW-02,dec-fr-bordeaux
30396061C1BE92000073C856,3608394572881,5835605,footwear,PW-02,dec-fr-bordeaux
30396061C1BE924000660D59,3608394572898,5835606,footwear,PW-02,dec-fr-bordeaux
30396061C1BEA1800007368D,3608394573505,5835607,footwear,PW-02,dec-fr-bordeaux
30396061C1BEA1C00092B06C,3608394573512,5835608,footwear,PW-02,dec-fr-bordeaux
30396061C1BEA20000974720,3608394573529,5835609,footwear,PW-02,dec-fr-bordeaux
30396061C1BEA24000072AFF,3608394573536,5844813,footwear,PW-02,dec-fr-bordeaux
30396061C1BEA280004AA87F,3608394573543,5844814,footwear,PW-02,dec-fr-bordeaux
30396061C1BEA2C000842650,3608394573550,5844815,footwear,PW-02,dec-fr-bordeaux
30396061C1BEA30000313A93,3608394573567,5844816,footwear,PW-02,dec-fr-bordeaux
30396061C1BEA3400021C6E2,3608394573574,5844817,footwear,PW-02,dec-fr-bordeaux
30396062C3852BC00014D432,3608439227998,4820313,apparel,GF-R3-U2,dec-fr-bordeaux
30396062C3852BC0005852A1,3608439227998,4820313,apparel,GF-R3-U2,dec-fr-bordeaux
30396062C3852BC0004324D7,3608439227998,4820313,apparel,GF-R3-U2,dec-fr-bordeaux
30396062C3852BC0002820C5,3608439227998,4820313,apparel,GF-R3-U2,dec-fr-bordeaux
30396062C3852BC000018ED3,3608439227998,4820313,apparel,GF-R3-U2,dec-fr-bordeaux
30396062C3852BC0006E84B4,3608439227998,4820313,apparel,GF-R3-U2,dec-fr-bordeaux
30396062C3852BC0000219A2,3608439227998,4820313,apparel,BR-03,dec-fr-bordeaux
30396062C3852C00006F9847,3608439228001,4817651,apparel,GF-R3-U2,dec-fr-bordeaux
30396062C3852C0000466CA9,3608439228001,4817651,apparel,GF-R3-U2,dec-fr-bordeaux
30396062C3852C00004DC0E6,3608439228001,4817651,apparel,GF-R3-U2,dec-fr-bordeaux
30396062C3852C0000824ABA,3608439228001,4817651,apparel,GF-R3-U2,dec-fr-bordeaux
30396062C3852C0000224506,3608439228001,4817651,apparel,GF-R3-U2,dec-fr-bordeaux
30396062C3852C00005BD22C,3608439228001,4817651,apparel,GF-R3-U2,dec-fr-bordeaux
30396062C3852C00002D3469,3608439228001,4817651,apparel,BR-04,dec-fr-bordeaux
30395DFA8300178000899E46,3583787865262,2751070,apparel,GF-R1-U2,dec-fr-bordeaux
30395DFA83001780005AA38E,3583787865262,2751070,apparel,GF-R1-U2,dec-fr-bordeaux
30395DFA83001900001E16CA,3583787865323,2751076,apparel,GF-R1-U2,dec-fr-bordeaux
30395DFA83001900008151D6,3583787865323,2751076,apparel,GF-R1-U2,dec-fr-bordeaux
30395DFA83001900007CCB2E,3583787865323,2751076,apparel,BR-01,dec-fr-bordeaux
30395DFA8300194000518D91,3583787865330,2751077,apparel,GF-R1-U2,dec-fr-bordeaux
30395DFA8300194000518FCA,3583787865330,2751077,apparel,GF-R1-U2,dec-fr-bordeaux
30395DFA830019400097F2FB,3583787865330,2751077,apparel,BR-02,dec-fr-bordeaux
30395DFA83001980002F1C71,3583787865347,2751074,apparel,GF-R1-U2,dec-fr-bordeaux
30395DFA83001980007ADD99,3583787865347,2751074,apparel,GF-R1-U2,dec-fr-bordeaux
30395DFA83001980000D9190,3583787865347,2751074,apparel,GF-R1-U2,dec-fr-bordeaux
30395DFA830019800021E1EA,3583787865347,2751074,apparel,GF-R1-U2,dec-fr-bordeaux
30395DFA830019800097C936,3583787865347,2751074,apparel,BR-03,dec-fr-bordeaux
30395DFA830019C0000FA976,3583787865354,2751075,apparel,GF-R1-U2,dec-fr-bordeaux
30395DFA830019C00006A0D9,3583787865354,2751075,apparel,GF-R1-U2,dec-fr-bordeaux
30395DFA830019C0007982B7,3583787865354,2751075,apparel,GF-R1-U2,dec-fr-bordeaux
30395DFA830019C00096A0A3,3583787865354,2751075,apparel,GF-R1-U2,dec-fr-bordeaux
30395DFA830019C0005F81B8,3583787865354,2751075,apparel,BR-04,dec-fr-bordeaux
30396061C01A53800050068D,3608390269587,4881049,accessories,GB-R3-U2,dec-fr-bordeaux
30396061C01A5380009143A6,3608390269587,4881049,accessories,GB-R3-U2,dec-fr-bordeaux
30396061C01A53800014A012,3608390269587,4881049,accessories,GB-R3-U2,dec-fr-bordeaux
30396061C01A538000870062,3608390269587,4881049,accessories,GB-R3-U2,dec-fr-bordeaux
30396061C01A53800001D559,3608390269587,4881049,accessories,GB-R3-U2,dec-fr-bordeaux
30396061C01A53800068D692,3608390269587,4881049,accessories,GB-R3-U2,dec-fr-bordeaux
30396061C01A53800041C9A3,3608390269587,4881049,accessories,GB-R3-U2,dec-fr-bordeaux
30396061C01A53800056908C,3608390269587,4881049,accessories,BR-01,dec-fr-bordeaux
30396061C01A5380007A7A9B,3608390269587,4881049,accessories,BR-02,dec-fr-bordeaux
30396061C0691A40006B1D11,3608391076252,5166855,apparel,GB-R1-U1,dec-fr-bordeaux
30396061C0691A40004B2638,3608391076252,5166855,apparel,GB-R1-U1,dec-fr-bordeaux
30396061C0691A4000293489,3608391076252,5166855,apparel,GB-R1-U1,dec-fr-bordeaux
30396061C0691A400011CA04,3608391076252,5166855,apparel,BR-03,dec-fr-bordeaux
30396061C0691A800091EF5E,3608391076269,5166856,apparel,GB-R1-U1,dec-fr-bordeaux
30396061C0691A800042D195,3608391076269,5166856,apparel,GB-R1-U1,dec-fr-bordeaux
30396061C0691A8000455514,3608391076269,5166856,apparel,GB-R1-U1,dec-fr-bordeaux
30396061C0691A800040E5D9,3608391076269,5166856,apparel,GB-R1-U1,dec-fr-bordeaux
30396061C0691A80008CE139,3608391076269,5166856,apparel,GB-R1-U1,dec-fr-bordeaux
30396061C0691A800043F03B,3608391076269,5166856,apparel,BR-04,dec-fr-bordeaux
30396061C0691AC000481E5E,3608391076276,5166857,apparel,GB-R1-U1,dec-fr-bordeaux
30396061C0691AC0006EF1BE,3608391076276,5166857,apparel,GB-R1-U1,dec-fr-bordeaux
30396061C0691AC0005010AC,3608391076276,5166857,apparel,GB-R1-U1,dec-fr-bordeaux
30396061C0691AC0006E2E4E,3608391076276,5166857,apparel,GB-R1-U1,dec-fr-bordeaux
30396061C0691AC0007DECD6,3608391076276,5166857,apparel,BR-01,dec-fr-bordeaux
30396061C0691B00004E3EC8,3608391076283,5166858,apparel,GB-R1-U1,dec-fr-bordeaux
30396061C0691B00003A32B4,3608391076283,5166858,apparel,GB-R1-U1,dec-fr-bordeaux
30396061C0691B000089D5E5,3608391076283,5166858,apparel,GB-R1-U1,dec-fr-bordeaux
30396061C0691B0000722302,3608391076283,5166858,apparel,BR-02,dec-fr-bordeaux
30396061C03D39400068945C,3608390626939,5042465,apparel,GB-R3-U1,dec-fr-bordeaux
30396061C03D3940003B942E,3608390626939,5042465,apparel,GB-R3-U1,dec-fr-bordeaux
30396061C03D398000578543,3608390626946,5042466,apparel,GB-R3-U1,dec-fr-bordeaux
30396061C03D39800083E8D6,3608390626946,5042466,apparel,GB-R3-U1,dec-fr-bordeaux
30396061C03D39800085B9EA,3608390626946,5042466,apparel,BR-03,dec-fr-bordeaux
30396061C03D39C0007695E2,3608390626953,5042467,apparel,GB-R3-U1,dec-fr-bordeaux
30396061C03D3A400019DA6A,3608390626977,5042469,apparel,GB-R3-U1,dec-fr-bordeaux
30396061C03D3A40002D30E6,3608390626977,5042469,apparel,GB-R3-U1,dec-fr-bordeaux
30396061C03D3A80003934CC,3608390626984,5042470,apparel,GB-R3-U1,dec-fr-bordeaux
30396061C03D3A80007F0CBD,3608390626984,5042470,apparel,GB-R3-U1,dec-fr-bordeaux
30396061C03D3A8000676A7D,3608390626984,5042470,apparel,BR-04,dec-fr-bordeaux
30396062C386C2400017D2EF,3608439244254,4756884,apparel,GB-R3-U1,dec-fr-bordeaux
30396062C386C2C000394FA9,3608439244278,4756881,apparel,GB-R3-U1,dec-fr-bordeaux
30396062C386C2C00008D585,3608439244278,4756881,apparel,GB-R3-U1,dec-fr-bordeaux
30396062C386C2C0001D846B,3608439244278,4756881,apparel,BR-01,dec-fr-bordeaux
30396062C386C30000334C06,3608439244285,4756880,apparel,GB-R3-U1,dec-fr-bordeaux
30396062C386C30000225DCF,3608439244285,4756880,apparel,GB-R3-U1,dec-fr-bordeaux
30396062C386C340006E9F9F,3608439244292,4756883,apparel,GB-R3-U1,dec-fr-bordeaux
30396062C386C340001224AA,3608439244292,4756883,apparel,GB-R3-U1,dec-fr-bordeaux
30396062C386C38000938B75,3608439244308,4756882,apparel,GB-R3-U1,dec-fr-bordeaux
30396062C386C380005626EF,3608439244308,4756882,apparel,GB-R3-U1,dec-fr-bordeaux
30396062C386C380004774C0,3608439244308,4756882,apparel,BR-02,dec-fr-bordeaux
30396062C38A94C000532EE6,3608439283390,4455436,apparel,GB-R3-U1,dec-fr-bordeaux
30396062C38A94C0004A5787,3608439283390,4455436,apparel,GB-R3-U1,dec-fr-bordeaux
30396062C38A94C0001DB005,3608439283390,4455436,apparel,BR-03,dec-fr-bordeaux
30396062C38A9500003CDFA8,3608439283406,4455437,apparel,GB-R3-U1,dec-fr-bordeaux
30396062C38A9500006B4E0E,3608439283406,4455437,apparel,GB-R3-U1,dec-fr-bordeaux
30396062C38A9580007523C6,3608439283420,4455435,apparel,GB-R3-U1,dec-fr-bordeaux
30396062C38A95C0001140EF,3608439283437,4455432,apparel,GB-R3-U1,dec-fr-bordeaux
30396062C38A95C00009774C,3608439283437,4455432,apparel,GB-R3-U1,dec-fr-bordeaux
30396062C38A96C000736851,3608439283475,4455431,apparel,GB-R3-U1,dec-fr-bordeaux
30396062C38A96C000159D09,3608439283475,4455431,apparel,GB-R3-U1,dec-fr-bordeaux
30396062C38A96C000121C94,3608439283475,4455431,apparel,BR-04,dec-fr-bordeaux
30396062C388220000705CC1,3608439258329,4743552,footwear,PE-01,dec-fr-bordeaux
30396062C38822000044AFC4,3608439258329,4743552,footwear,PE-01,dec-fr-bordeaux
30396062C38822400015740E,3608439258336,4743551,footwear,PE-01,dec-fr-bordeaux
30396062C38822400084A74E,3608439258336,4743551,footwear,PE-01,dec-fr-bordeaux
30396062C38822800022BC41,3608439258343,4743554,footwear,PE-01,dec-fr-bordeaux
30396062C38822800087F403,3608439258343,4743554,footwear,PE-01,dec-fr-bordeaux
30396062C38822C0008FD2BB,3608439258350,4743553,footwear,PE-01,dec-fr-bordeaux
30396062C38822C00029F3B1,3608439258350,4743553,footwear,PE-01,dec-fr-bordeaux
30396062C388230000511BF0,3608439258367,4743550,footwear,PE-01,dec-fr-bordeaux
30396062C38823400071DAA1,3608439258374,4743548,footwear,PE-01,dec-fr-bordeaux
30396062C38823800093DBCF,3608439258381,4743556,footwear,PE-01,dec-fr-bordeaux
30396062C38823C00049D820,3608439258398,4743555,footwear,PE-01,dec-fr-bordeaux
30396061C132AFC00058094F,3608393140470,4002642,apparel,GB-R3-U2,dec-fr-bordeaux
30396061C132AFC00007B7C9,3608393140470,4002642,apparel,GB-R3-U2,dec-fr-bordeaux
30396061C132B00000259001,3608393140487,4002643,apparel,GB-R3-U2,dec-fr-bordeaux
30396061C132B040005658F4,3608393140494,4002645,apparel,GB-R3-U2,dec-fr-bordeaux
30396061C132B040001117CD,3608393140494,4002645,apparel,GB-R3-U2,dec-fr-bordeaux
30396061C132B0400052E49A,3608393140494,4002645,apparel,GB-R3-U2,dec-fr-bordeaux
30396061C132B040005695E2,3608393140494,4002645,apparel,BR-01,dec-fr-bordeaux
30396061C132B30000758F61,3608393140609,4002646,apparel,GB-R3-U2,dec-fr-bordeaux
30396061C132B300006C0AB5,3608393140609,4002646,apparel,GB-R3-U2,dec-fr-bordeaux
30396061C132B3000090D44B,3608393140609,4002646,apparel,GB-R3-U2,dec-fr-bordeaux
30396061C132B300002D3D81,3608393140609,4002646,apparel,GB-R3-U2,dec-fr-bordeaux
30396061C132B30000170F76,3608393140609,4002646,apparel,BR-02,dec-fr-bordeaux
30396061C132B34000227FFE,3608393140616,4002647,apparel,GB-R3-U2,dec-fr-bordeaux
30396061C132B3400002FC09,3608393140616,4002647,apparel,GB-R3-U2,dec-fr-bordeaux
30396061C132B34000660870,3608393140616,4002647,apparel,BR-03,dec-fr-bordeaux
30396061C132B3800038DB06,3608393140623,4002648,apparel,GB-R3-U2,dec-fr-bordeaux
30396061C132B380006E5F66,3608393140623,4002648,apparel,GB-R3-U2,dec-fr-bordeaux
30396061C132B380003C1769,3608393140623,4002648,apparel,BR-04,dec-fr-bordeaux
3039606283BD7DC000363F43,3608429804710,2501397,apparel,GF-R2-U2,dec-fr-bordeaux
3039606283BD7E00005730E8,3608429804727,2501396,apparel,GF-R2-U2,dec-fr-bordeaux
3039606283BD7E00006B0177,3608429804727,2501396,apparel,GF-R2-U2,dec-fr-bordeaux
3039606283BD7E80003367AB,3608429804741,2501395,apparel,GF-R2-U2,dec-fr-bordeaux
3039606283BD7E80002B7997,3608429804741,2501395,apparel,GF-R2-U2,dec-fr-bordeaux
3039606283BD7E80007B512E,3608429804741,2501395,apparel,GF-R2-U2,dec-fr-bordeaux
3039606283BD7E8000564A0E,3608429804741,2501395,apparel,BR-01,dec-fr-bordeaux
3039606283BD7F00002309F9,3608429804765,2501394,apparel,GF-R2-U2,dec-fr-bordeaux
3039606283BD7F0000230F7C,3608429804765,2501394,apparel,GF-R2-U2,dec-fr-bordeaux
3039606283BD7F0000029C07,3608429804765,2501394,apparel,GF-R2-U2,dec-fr-bordeaux
3039606283BD7F0000164EFC,3608429804765,2501394,apparel,GF-R2-U2,dec-fr-bordeaux
3039606283BD7F00008CC2AA,3608429804765,2501394,apparel,BR-02,dec-fr-bordeaux
3039606283BD7F80001DC93C,3608429804789,2501393,apparel,GF-R2-U2,dec-fr-bordeaux
3039606283BD7F80001ECEE2,3608429804789,2501393,apparel,GF-R2-U2,dec-fr-bordeaux
3039606283BD7F8000923658,3608429804789,2501393,apparel,GF-R2-U2,dec-fr-bordeaux
3039606283BD7F80002F4047,3608429804789,2501393,apparel,GF-R2-U2,dec-fr-bordeaux
3039606283BD7F80003F34B7,3608429804789,2501393,apparel,BR-03,dec-fr-bordeaux
3039606283BD7FC000799CB6,3608429804796,2501392,apparel,GF-R2-U2,dec-fr-bordeaux
3039606283BD7FC000772A1A,3608429804796,2501392,apparel,GF-R2-U2,dec-fr-bordeaux
3039606283BD7FC00016C259,3608429804796,2501392,apparel,BR-04,dec-fr-bordeaux
30395DFA839C300000940E66,3583789463688,4560174,apparel,GB-R1-U2,dec-fr-bordeaux
3039606303BDA440002E0B80,3608449806251,4560172,apparel,GB-R1-U2,dec-fr-bordeaux
3039606303BDA44000944199,3608449806251,4560172,apparel,GB-R1-U2,dec-fr-bordeaux
3039606303BDA44000535ACF,3608449806251,4560172,apparel,BR-01,dec-fr-bordeaux
3039606303BDA48000713F78,3608449806268,4560173,apparel,GB-R1-U2,dec-fr-bordeaux
3039606303BDA500007FACFD,3608449806282,4560170,apparel,GB-R1-U2,dec-fr-bordeaux
3039606303BDA5000094C380,3608449806282,4560170,apparel,GB-R1-U2,dec-fr-bordeaux
3039606303BDA500006A4C55,3608449806282,4560170,apparel,GB-R1-U2,dec-fr-bordeaux
3039606303BDA500002ECB23,3608449806282,4560170,apparel,BR-02,dec-fr-bordeaux
3039606303BDA5800047CB87,3608449806305,4560171,apparel,GB-R1-U2,dec-fr-bordeaux
3039606303BDA580007AC18A,3608449806305,4560171,apparel,GB-R1-U2,dec-fr-bordeaux
3039606303BDA580008A17E5,3608449806305,4560171,apparel,GB-R1-U2,dec-fr-bordeaux
3039606303BDA5800075849D,3608449806305,4560171,apparel,BR-03,dec-fr-bordeaux
3039606303BDA6000074B932,3608449806329,4560168,apparel,GB-R1-U2,dec-fr-bordeaux
3039606303BDA6800068B3E2,3608449806343,4560169,apparel,GB-R1-U2,dec-fr-bordeaux
3039606303BDA680006D8407,3608449806343,4560169,apparel,GB-R1-U2,dec-fr-bordeaux
30395DFA83119E400082F8FD,3583788044734,2648443,accessories,GB-R3-U1,dec-fr-bordeaux
30395DFA83119E4000558BF9,3583788044734,2648443,accessories,GB-R3-U1,dec-fr-bordeaux
30395DFA83119E400003877C,3583788044734,2648443,accessories,BR-04,dec-fr-bordeaux
30395DFA83119EC00000DDDF,3583788044758,2648444,accessories,GB-R3-U1,dec-fr-bordeaux
30395DFA83119EC00020D139,3583788044758,2648444,accessories,GB-R3-U1,dec-fr-bordeaux
3039606303BD8940003A70A9,3608449805179,4560181,apparel,GF-R1-U1,dec-fr-bordeaux
3039606303BD8940005E9F2B,3608449805179,4560181,apparel,GF-R1-U1,dec-fr-bordeaux
3039606303BD898000901C0A,3608449805186,4560179,apparel,GF-R1-U1,dec-fr-bordeaux
3039606303BD898000781374,3608449805186,4560179,apparel,GF-R1-U1,dec-fr-bordeaux
3039606303BD8980005FB8BA,3608449805186,4560179,apparel,GF-R1-U1,dec-fr-bordeaux
3039606303BD898000005172,3608449805186,4560179,apparel,GF-R1-U1,dec-fr-bordeaux
3039606303BD898000094286,3608449805186,4560179,apparel,BR-01,dec-fr-bordeaux
3039606303BD89C00085D20C,3608449805193,4560180,apparel,GF-R1-U1,dec-fr-bordeaux
3039606303BD89C0006DFE83,3608449805193,4560180,apparel,GF-R1-U1,dec-fr-bordeaux
3039606303BD89C000430CE1,3608449805193,4560180,apparel,BR-02,dec-fr-bordeaux
3039606303BD8A0000013A18,3608449805209,4560177,apparel,GF-R1-U1,dec-fr-bordeaux
3039606303BD8A000073E649,3608449805209,4560177,apparel,GF-R1-U1,dec-fr-bordeaux
3039606303BD8A00007043F3,3608449805209,4560177,apparel,BR-03,dec-fr-bordeaux
3039606303BD8A400011512F,3608449805216,4560178,apparel,GF-R1-U1,dec-fr-bordeaux
3039606303BD8A40007FB6BC,3608449805216,4560178,apparel,GF-R1-U1,dec-fr-bordeaux
3039606303BD8A40001F1AA4,3608449805216,4560178,apparel,GF-R1-U1,dec-fr-bordeaux
3039606303BD8A4000483FC7,3608449805216,4560178,apparel,GF-R1-U1,dec-fr-bordeaux
3039606303BD8A4000080425,3608449805216,4560178,apparel,BR-04,dec-fr-bordeaux
3039606303BD8A80000C8DE6,3608449805223,4560176,apparel,GF-R1-U1,dec-fr-bordeaux
30396061C0B9BBC00060195D,3608391901912,5319238,apparel,GB-R2-U1,dec-fr-bordeaux
30396061C0B9BBC0003CA117,3608391901912,5319238,apparel,GB-R2-U1,dec-fr-bordeaux
30396061C0B9BC000058FFAB,3608391901929,5319239,apparel,GB-R2-U1,dec-fr-bordeaux
30396061C0B9BC000010C311,3608391901929,5319239,apparel,GB-R2-U1,dec-fr-bordeaux
30396061C0B9BC00004BDECD,3608391901929,5319239,apparel,GB-R2-U1,dec-fr-bordeaux
30396061C0B9BC000019D565,3608391901929,5319239,apparel,GB-R2-U1,dec-fr-bordeaux
30396061C0B9BC0000974663,3608391901929,5319239,apparel,BR-01,dec-fr-bordeaux
30396061C0B9BC4000660F01,3608391901936,5319240,apparel,GB-R2-U1,dec-fr-bordeaux
30396061C0B9BC4000245948,3608391901936,5319240,apparel,GB-R2-U1,dec-fr-bordeaux
30396061C0B9BC400022F62F,3608391901936,5319240,apparel,GB-R2-U1,dec-fr-bordeaux
30396061C0B9BC400039BAEF,3608391901936,5319240,apparel,GB-R2-U1,dec-fr-bordeaux
30396061C0B9BC40004BB8D1,3608391901936,5319240,apparel,GB-R2-U1,dec-fr-bordeaux
30396061C0B9BC4000033D1B,3608391901936,5319240,apparel,GB-R2-U1,dec-fr-bordeaux
30396061C0B9BC4000801743,3608391901936,5319240,apparel,GB-R2-U1,dec-fr-bordeaux
30396061C0B9BC40004DE6B8,3608391901936,5319240,apparel,BR-02,dec-fr-bordeaux
30396061C0B9BC80001EEE0E,3608391901943,5319241,apparel,GB-R2-U1,dec-fr-bordeaux
30396061C0B9BC800043C3E9,3608391901943,5319241,apparel,GB-R2-U1,dec-fr-bordeaux
30396061C0B9BC800047A4BF,3608391901943,5319241,apparel,GB-R2-U1,dec-fr-bordeaux
30396061C0B9BC800019F441,3608391901943,5319241,apparel,GB-R2-U1,dec-fr-bordeaux
30396061C0B9BC80008262D6,3608391901943,5319241,apparel,GB-R2-U1,dec-fr-bordeaux
30396061C0B9BC800053321A,3608391901943,5319241,apparel,GB-R2-U1,dec-fr-bordeaux
30396061C0B9BC80005040B8,3608391901943,5319241,apparel,BR-03,dec-fr-bordeaux
30396061C0B9BCC0003C5D68,3608391901950,5319242,apparel,GB-R2-U1,dec-fr-bordeaux
30396061C0B9BCC00055314D,3608391901950,5319242,apparel,GB-R2-U1,dec-fr-bordeaux
30396061C0B9BCC00006E8C6,3608391901950,5319242,apparel,GB-R2-U1,dec-fr-bordeaux
30396061C0B9BCC0000CD665,3608391901950,5319242,apparel,GB-R2-U1,dec-fr-bordeaux
30396061C0B9BCC0005B4C82,3608391901950,5319242,apparel,BR-04,dec-fr-bordeaux
30396061C10BF9000000207D,3608392744044,,outdoor,GB-R1-U1,dec-fr-bordeaux
30396061C03F3800008D6F2B,3608390647361,4955224,apparel,GF-R3-U1,dec-fr-bordeaux
30396061C03F3800003A23F9,3608390647361,4955224,apparel,GF-R3-U1,dec-fr-bordeaux
30396061C03F3840003F5A48,3608390647378,4955225,apparel,GF-R3-U1,dec-fr-bordeaux
30396061C03F3840007A7A4F,3608390647378,4955225,apparel,GF-R3-U1,dec-fr-bordeaux
30396061C03F3840006C7DF9,3608390647378,4955225,apparel,GF-R3-U1,dec-fr-bordeaux
30396061C03F3840002C6F84,3608390647378,4955225,apparel,BR-01,dec-fr-bordeaux
30396061C03F3880007AEC46,3608390647385,4955226,apparel,GF-R3-U1,dec-fr-bordeaux
30396061C03F38800064D367,3608390647385,4955226,apparel,GF-R3-U1,dec-fr-bordeaux
30396061C03F388000528AC3,3608390647385,4955226,apparel,GF-R3-U1,dec-fr-bordeaux
30396061C03F38800061823B,3608390647385,4955226,apparel,BR-02,dec-fr-bordeaux
30396061C03F38C00076754B,3608390647392,4955227,apparel,GF-R3-U1,dec-fr-bordeaux
30396061C03F38C0001E6C1A,3608390647392,4955227,apparel,GF-R3-U1,dec-fr-bordeaux
30396061C03F38C0007D7CE8,3608390647392,4955227,apparel,BR-03,dec-fr-bordeaux
30396061C03FA7000064040C,3608390651801,4955228,apparel,GF-R3-U1,dec-fr-bordeaux
30396061C03FA74000283538,3608390651818,4955229,apparel,GF-R3-U1,dec-fr-bordeaux
30396061C0BBB24000689247,3608391922016,5335216,accessories,GB-R2-U2,dec-fr-bordeaux
30396061C0BBB240008ED9FB,3608391922016,5335216,accessories,GB-R2-U2,dec-fr-bordeaux
30396061C0BBB2800017D260,3608391922023,5335217,accessories,GB-R2-U2,dec-fr-bordeaux
30396061C0BBB280008AF75A,3608391922023,5335217,accessories,GB-R2-U2,dec-fr-bordeaux
30396061C0BBB2C00074F3D4,3608391922030,5335218,accessories,GB-R2-U2,dec-fr-bordeaux
30396061C0BBB2C00034220A,3608391922030,5335218,accessories,GB-R2-U2,dec-fr-bordeaux
30396062C39ADF40007A5021,3608439450211,2557561,accessories,GB-R3-U2,dec-fr-bordeaux
30396062C39ADF400061C563,3608439450211,2557561,accessories,GB-R3-U2,dec-fr-bordeaux
30396062C39ADF40002ADC16,3608439450211,2557561,accessories,GB-R3-U2,dec-fr-bordeaux
30396062C39ADF40001D5624,3608439450211,2557561,accessories,GB-R3-U2,dec-fr-bordeaux
30396062C39ADF40005823F3,3608439450211,2557561,accessories,GB-R3-U2,dec-fr-bordeaux
30396062C39ADF400051B384,3608439450211,2557561,accessories,BR-04,dec-fr-bordeaux
30396061C0D96BC0008A2F58,3608392226397,5404893,bag_pack,GF-R3-U1,dec-fr-bordeaux
30396061C0D96BC0003E3AEE,3608392226397,5404893,bag_pack,GF-R3-U1,dec-fr-bordeaux
30396061C0D96BC000623CFE,3608392226397,5404893,bag_pack,GF-R3-U1,dec-fr-bordeaux
30396061C0D96BC0000CABDA,3608392226397,5404893,bag_pack,GF-R3-U1,dec-fr-bordeaux
30396061C0D96BC00055D7BB,3608392226397,5404893,bag_pack,GF-R3-U1,dec-fr-bordeaux
30396061C0D96BC0005261D2,3608392226397,5404893,bag_pack,BR-01,dec-fr-bordeaux
30395DFA819FD40000388038,3583784258081,4631288,apparel,GF-R3-U2,dec-fr-bordeaux
30395DFA819FD4000052C96F,3583784258081,4631288,apparel,GF-R3-U2,dec-fr-bordeaux
30395DFA819FD40000672E88,3583784258081,4631288,apparel,GF-R3-U2,dec-fr-bordeaux
30395DFA819FD4000002BCF2,3583784258081,4631288,apparel,BR-02,dec-fr-bordeaux
30395DFA819FD44000224025,3583784258098,4631289,apparel,GF-R3-U2,dec-fr-bordeaux
30395DFA819FD4400073B20B,3583784258098,4631289,apparel,GF-R3-U2,dec-fr-bordeaux
30395DFA819FD44000634F60,3583784258098,4631289,apparel,GF-R3-U2,dec-fr-bordeaux
30395DFA819FD440005D775F,3583784258098,4631289,apparel,GF-R3-U2,dec-fr-bordeaux
30395DFA819FD4400027464D,3583784258098,4631289,apparel,GF-R3-U2,dec-fr-bordeaux
30395DFA819FD44000753483,3583784258098,4631289,apparel,GF-R3-U2,dec-fr-bordeaux
30395DFA819FD4400001CC19,3583784258098,4631289,apparel,BR-03,dec-fr-bordeaux
30395DFA81A01F8000130CD7,3583784261104,4631290,apparel,GF-R3-U2,dec-fr-bordeaux
30395DFA81A01F8000233323,3583784261104,4631290,apparel,GF-R3-U2,dec-fr-bordeaux
30395DFA81A01F8000228AC5,3583784261104,4631290,apparel,GF-R3-U2,dec-fr-bordeaux
30395DFA81A01F800060F82C,3583784261104,4631290,apparel,GF-R3-U2,dec-fr-bordeaux
30395DFA81A01F80000211DE,3583784261104,4631290,apparel,GF-R3-U2,dec-fr-bordeaux
30395DFA81A01F8000003B50,3583784261104,4631290,apparel,BR-04,dec-fr-bordeaux
30395DFA81A01FC00046020B,3583784261111,4631291,apparel,GF-R3-U2,dec-fr-bordeaux
30395DFA81A01FC0008FD670,3583784261111,4631291,apparel,GF-R3-U2,dec-fr-bordeaux
30395DFA81A01FC000586168,3583784261111,4631291,apparel,GF-R3-U2,dec-fr-bordeaux
30395DFA81A01FC000122F7E,3583784261111,4631291,apparel,GF-R3-U2,dec-fr-bordeaux
30395DFA81A01FC00031947F,3583784261111,4631291,apparel,BR-01,dec-fr-bordeaux
30395DFA81A02000000A4D85,3583784261128,4631292,apparel,GF-R3-U2,dec-fr-bordeaux
30395DFA81A020000081BC52,3583784261128,4631292,apparel,GF-R3-U2,dec-fr-bordeaux
30395DFA81A02040004891C0,3583784261135,4631293,apparel,GF-R3-U2,dec-fr-bordeaux
30396061C0AF6300007A5BC7,3608391795962,5283901,apparel,GF-R1-U2,dec-fr-bordeaux
30396061C0AF63000074D305,3608391795962,5283901,apparel,GF-R1-U2,dec-fr-bordeaux
30396061C0AF63000009BBAD,3608391795962,5283901,apparel,BR-02,dec-fr-bordeaux
30396061C0AF634000249809,3608391795979,5283902,apparel,GF-R1-U2,dec-fr-bordeaux
30396061C0AF634000681A37,3608391795979,5283902,apparel,GF-R1-U2,dec-fr-bordeaux
30396061C0AF6340004CF057,3608391795979,5283902,apparel,GF-R1-U2,dec-fr-bordeaux
30396061C0AF634000775D0C,3608391795979,5283902,apparel,BR-03,dec-fr-bordeaux
30396061C0AF63800082ECBF,3608391795986,5283903,apparel,GF-R1-U2,dec-fr-bordeaux
30396061C0AF638000555371,3608391795986,5283903,apparel,GF-R1-U2,dec-fr-bordeaux
30396061C0AF6380001833CF,3608391795986,5283903,apparel,GF-R1-U2,dec-fr-bordeaux
30396061C0AF63800092DFCE,3608391795986,5283903,apparel,BR-04,dec-fr-bordeaux
30396061C0AF63C0006B6992,3608391795993,5283904,apparel,GF-R1-U2,dec-fr-bordeaux
30396061C0AF63C000525406,3608391795993,5283904,apparel,GF-R1-U2,dec-fr-bordeaux
30396061C0AF63C000508E63,3608391795993,5283904,apparel,BR-01,dec-fr-bordeaux
30396061C0AF66800038C691,3608391796105,5283905,apparel,GF-R1-U2,dec-fr-bordeaux
30396061C0AF66C000365097,3608391796112,5283906,apparel,GF-R1-U2,dec-fr-bordeaux
30395DFA82B5FDC000636190,3583787106471,4775157,apparel,GB-R1-U1,dec-fr-bordeaux
30395DFA82B5FDC00032A40A,3583787106471,4775157,apparel,GB-R1-U1,dec-fr-bordeaux
30395DFA82B5FE40007B4F4D,3583787106495,4775160,apparel,GB-R1-U1,dec-fr-bordeaux
30395DFA82B5FE8000809E21,3583787106501,4775159,apparel,GB-R1-U1,dec-fr-bordeaux
30395DFA82B5FEC000845398,3583787106518,4775158,apparel,GB-R1-U1,dec-fr-bordeaux
30395DFA82FF6DC00055F60A,3583787858479,2562324,apparel,GB-R1-U1,dec-fr-bordeaux
30395DFA82FF6E000054FD5C,3583787858486,2562322,apparel,GB-R1-U1,dec-fr-bordeaux
30395DFA82FF6E8000598771,3583787858509,2562325,apparel,GB-R1-U1,dec-fr-bordeaux
30395DFA82FF6EC00041706A,3583787858516,2562321,apparel,GB-R1-U1,dec-fr-bordeaux
30395DFA83003B0000126FDD,3583787866689,2920615,apparel,GB-R1-U1,dec-fr-bordeaux
30395DFA83003B000034448B,3583787866689,2920615,apparel,GB-R1-U1,dec-fr-bordeaux
30395DFA83003BC00072538E,3583787866719,2920617,apparel,GB-R1-U1,dec-fr-bordeaux
30395DFA83003C40008BAC11,3583787866733,2920616,apparel,GB-R1-U1,dec-fr-bordeaux
30395DFA83003D00005B83DE,3583787866764,2920618,apparel,GB-R1-U1,dec-fr-bordeaux
30396062C390B60000978A3A,3608439346163,4163887,apparel,GB-R3-U1,dec-fr-bordeaux
30396062C390B6000067C917,3608439346163,4163887,apparel,GB-R3-U1,dec-fr-bordeaux
30396062C390B6000007B615,3608439346163,4163887,apparel,GB-R3-U1,dec-fr-bordeaux
30396062C390B600005CDF68,3608439346163,4163887,apparel,BR-02,dec-fr-bordeaux
30396062C390B6800055BE2B,3608439346187,4163888,apparel,GB-R3-U1,dec-fr-bordeaux
30396062C390B6800058C89D,3608439346187,4163888,apparel,GB-R3-U1,dec-fr-bordeaux
30396062C390B680001EEAC3,3608439346187,4163888,apparel,GB-R3-U1,dec-fr-bordeaux
30396062C390B6800077CAC8,3608439346187,4163888,apparel,BR-03,dec-fr-bordeaux
30396062C390B7800017EA21,3608439346224,4163883,apparel,GB-R3-U1,dec-fr-bordeaux
30396062C390B80000557348,3608439346248,4163884,apparel,GB-R3-U1,dec-fr-bordeaux
30396062C390B880003376E1,3608439346262,4163885,apparel,GB-R3-U1,dec-fr-bordeaux
30396062C390B8800086A3B6,3608439346262,4163885,apparel,GB-R3-U1,dec-fr-bordeaux
30396062C390B880001531E5,3608439346262,4163885,apparel,GB-R3-U1,dec-fr-bordeaux
30396062C390B880006931F6,3608439346262,4163885,apparel,GB-R3-U1,dec-fr-bordeaux
30396062C390B880008C1987,3608439346262,4163885,apparel,GB-R3-U1,dec-fr-bordeaux
30396062C390B880006FDF85,3608439346262,4163885,apparel,BR-04,dec-fr-bordeaux
30396062C390B900002C8511,3608439346286,4163886,apparel,GB-R3-U1,dec-fr-bordeaux
30396062C390B900008766C4,3608439346286,4163886,apparel,GB-R3-U1,dec-fr-bordeaux
30396062C390B900000B7E79,3608439346286,4163886,apparel,GB-R3-U1,dec-fr-bordeaux
30396062C390B90000086BB2,3608439346286,4163886,apparel,GB-R3-U1,dec-fr-bordeaux
30396062C390B9000011B1CD,3608439346286,4163886,apparel,GB-R3-U1,dec-fr-bordeaux
30396062C390B900001F1252,3608439346286,4163886,apparel,BR-01,dec-fr-bordeaux
30396062C390B9800096052A,3608439346309,4163882,apparel,GB-R3-U1,dec-fr-bordeaux
30396062C390B980005BBA52,3608439346309,4163882,apparel,GB-R3-U1,dec-fr-bordeaux
30396062C390B980001EE979,3608439346309,4163882,apparel,BR-02,dec-fr-bordeaux
30396061C1331200007C9590,3608393144409,4866415,apparel,GB-R3-U2,dec-fr-bordeaux
30396061C13312800092CC57,3608393144423,4866417,apparel,GB-R3-U2,dec-fr-bordeaux
30396061C13312800092DB91,3608393144423,4866417,apparel,GB-R3-U2,dec-fr-bordeaux
30396061C133128000150D7E,3608393144423,4866417,apparel,BR-03,dec-fr-bordeaux
30396061C133130000473EA5,3608393144447,4866419,apparel,GB-R3-U2,dec-fr-bordeaux
30396061C1331300007846D6,3608393144447,4866419,apparel,GB-R3-U2,dec-fr-bordeaux
30396061C13313000058B209,3608393144447,4866419,apparel,BR-04,dec-fr-bordeaux
30396061C1331380005A96DA,3608393144461,4866421,apparel,GB-R3-U2,dec-fr-bordeaux
30396061C1331380006028C6,3608393144461,4866421,apparel,GB-R3-U2,dec-fr-bordeaux
30396061C1331380005FCE83,3608393144461,4866421,apparel,GB-R3-U2,dec-fr-bordeaux
30396061C133138000622662,3608393144461,4866421,apparel,BR-01,dec-fr-bordeaux
30396061C1331400009239A2,3608393144485,4866423,apparel,GB-R3-U2,dec-fr-bordeaux
30396061C13314000065C8B6,3608393144485,4866423,apparel,GB-R3-U2,dec-fr-bordeaux
30396061C13314000051B836,3608393144485,4866423,apparel,GB-R3-U2,dec-fr-bordeaux
30396061C13314000007917F,3608393144485,4866423,apparel,BR-02,dec-fr-bordeaux
30396061C133148000711361,3608393144508,4866425,apparel,GB-R3-U2,dec-fr-bordeaux
30396061C1331480003CA9EB,3608393144508,4866425,apparel,GB-R3-U2,dec-fr-bordeaux
30396061C13315000012F0AC,3608393144522,4866427,apparel,GB-R3-U2,dec-fr-bordeaux
30396061C01B8080001D92DC,3608390281626,4899427,accessories,GB-R2-U1,dec-fr-bordeaux
30396061C01B808000649C72,3608390281626,4899427,accessories,GB-R2-U1,dec-fr-bordeaux
30396061C01B80800088E570,3608390281626,4899427,accessories,BR-03,dec-fr-bordeaux
30396061C01B80C00016B6C3,3608390281633,4899428,accessories,GB-R2-U1,dec-fr-bordeaux
30396061C01B80C0004678E1,3608390281633,4899428,accessories,GB-R2-U1,dec-fr-bordeaux
30396061C01B8100000FFE1F,3608390281640,4899429,accessories,GB-R2-U1,dec-fr-bordeaux
30396061C01B8100000C2E9C,3608390281640,4899429,accessories,GB-R2-U1,dec-fr-bordeaux
30396061C01B8100006210A1,3608390281640,4899429,accessories,BR-04,dec-fr-bordeaux
30395DFA8178CA40003E1020,3583783858336,2478028,apparel,GB-R1-U2,dec-fr-bordeaux
30396061C0DC84400069B08F,3608392258091,5414052,apparel,GB-R1-U2,dec-fr-bordeaux
30396061C0DC8440005206F7,3608392258091,5414052,apparel,GB-R1-U2,dec-fr-bordeaux
30396061C0DC8440007625EE,3608392258091,5414052,apparel,BR-01,dec-fr-bordeaux
30396061C0DC89800075D007,3608392258305,5414053,apparel,GB-R1-U2,dec-fr-bordeaux
30396061C0DC898000616348,3608392258305,5414053,apparel,GB-R1-U2,dec-fr-bordeaux
30396061C0DC89C00085082A,3608392258312,5414054,apparel,GB-R1-U2,dec-fr-bordeaux
30396061C0DC89C0004775A2,3608392258312,5414054,apparel,GB-R1-U2,dec-fr-bordeaux
30396062C399B0C00011D860,3608439438110,2478026,apparel,GB-R1-U2,dec-fr-bordeaux
30396062C399B0C000704D1B,3608439438110,2478026,apparel,GB-R1-U2,dec-fr-bordeaux
30396062C399B1000096A825,3608439438127,2478033,apparel,GB-R1-U2,dec-fr-bordeaux
30396062C399B100000CB0D2,3608439438127,2478033,apparel,GB-R1-U2,dec-fr-bordeaux
30396062C399B14000705453,3608439438134,2478032,apparel,GB-R1-U2,dec-fr-bordeaux
30396062C399B14000602685,3608439438134,2478032,apparel,GB-R1-U2,dec-fr-bordeaux
30396062C399B1400052388A,3608439438134,2478032,apparel,BR-02,dec-fr-bordeaux
30396062C399B18000910F3B,3608439438141,2478035,apparel,GB-R1-U2,dec-fr-bordeaux
30396062C399B1C00092313D,3608439438158,2478034,apparel,GB-R1-U2,dec-fr-bordeaux
30396062C399B1C00026F42B,3608439438158,2478034,apparel,GB-R1-U2,dec-fr-bordeaux
30396062C399B1C00004935D,3608439438158,2478034,apparel,BR-03,dec-fr-bordeaux
30395DFA830446800024C4CD,3583787908105,2485001,apparel,GF-R3-U1,dec-fr-bordeaux
30395DFA830446800068F36D,3583787908105,2485001,apparel,GF-R3-U1,dec-fr-bordeaux
30395DFA83044840006BDFDF,3583787908174,2485009,apparel,GF-R3-U1,dec-fr-bordeaux
30395DFA8304484000805CF1,3583787908174,2485009,apparel,GF-R3-U1,dec-fr-bordeaux
30395DFA83044840004C36ED,3583787908174,2485009,apparel,BR-04,dec-fr-bordeaux
30395DFA83044880000A53F8,3583787908181,2485008,apparel,GF-R3-U1,dec-fr-bordeaux
30395DFA830448800063B872,3583787908181,2485008,apparel,GF-R3-U1,dec-fr-bordeaux
30395DFA8304488000417566,3583787908181,2485008,apparel,GF-R3-U1,dec-fr-bordeaux
30395DFA830448800015DF14,3583787908181,2485008,apparel,BR-01,dec-fr-bordeaux
30395DFA830448C00086A91A,3583787908198,2485007,apparel,GF-R3-U1,dec-fr-bordeaux
30395DFA830448C0004C55AE,3583787908198,2485007,apparel,GF-R3-U1,dec-fr-bordeaux
30395DFA830448C000805675,3583787908198,2485007,apparel,GF-R3-U1,dec-fr-bordeaux
30395DFA830448C0006B97B3,3583787908198,2485007,apparel,BR-02,dec-fr-bordeaux
30395DFA83044980008E2401,3583787908228,2485003,apparel,GF-R3-U1,dec-fr-bordeaux
30395DFA83044B80000C48D3,3583787908303,2485010,apparel,GF-R3-U1,dec-fr-bordeaux
30395DFA83044B80003E580E,3583787908303,2485010,apparel,GF-R3-U1,dec-fr-bordeaux
30395DFA83044B80003AB4B9,3583787908303,2485010,apparel,BR-03,dec-fr-bordeaux
30396061C0293E80001BB3F0,3608390422340,5006088,apparel,GF-R3-U2,dec-fr-bordeaux
30396061C0293E80008FCD6B,3608390422340,5006088,apparel,GF-R3-U2,dec-fr-bordeaux
30396061C0293EC00036B4E1,3608390422357,5006089,apparel,GF-R3-U2,dec-fr-bordeaux
30396061C0293EC0007FF0DF,3608390422357,5006089,apparel,GF-R3-U2,dec-fr-bordeaux
30396061C0293F00002F9FC4,3608390422364,5006090,apparel,GF-R3-U2,dec-fr-bordeaux
30396061C0293F00009210FC,3608390422364,5006090,apparel,GF-R3-U2,dec-fr-bordeaux
30396061C0293F40003A50A2,3608390422371,5006091,apparel,GF-R3-U2,dec-fr-bordeaux
30396061C0293F40007B824E,3608390422371,5006091,apparel,GF-R3-U2,dec-fr-bordeaux
30396061C0293F80007F57CC,3608390422388,5006092,apparel,GF-R3-U2,dec-fr-bordeaux
30396061C0293FC0000AD647,3608390422395,5006093,apparel,GF-R3-U2,dec-fr-bordeaux
30396062C3941FC0005DACF5,3608439381119,2647011,apparel,GF-R3-U2,dec-fr-bordeaux
30396062C39421400071FCEF,3608439381171,2647006,apparel,GF-R3-U2,dec-fr-bordeaux
30396062C39421800054F1D4,3608439381188,2647008,apparel,GF-R3-U2,dec-fr-bordeaux
30396062C39421800014EDCD,3608439381188,2647008,apparel,GF-R3-U2,dec-fr-bordeaux
30396062C39422000063181C,3608439381201,2647010,apparel,GF-R3-U2,dec-fr-bordeaux
30396062C394224000540F19,3608439381218,2647009,apparel,GF-R3-U2,dec-fr-bordeaux
30396062C39422400061347F,3608439381218,2647009,apparel,GF-R3-U2,dec-fr-bordeaux
30396061C0EA3AC0000ACAFD,3608392398513,5436129,accessories,GB-R1-U2,dec-fr-bordeaux
30396061C0EA3AC00091B030,3608392398513,5436129,accessories,GB-R1-U2,dec-fr-bordeaux
30396061C0EA3AC0005794F8,3608392398513,5436129,accessories,GB-R1-U2,dec-fr-bordeaux
30396061C0EA3AC00060A709,3608392398513,5436129,accessories,GB-R1-U2,dec-fr-bordeaux
30396061C0EA3AC00042B295,3608392398513,5436129,accessories,GB-R1-U2,dec-fr-bordeaux
30396061C0EA3AC0008D4B2C,3608392398513,5436129,accessories,GB-R1-U2,dec-fr-bordeaux
30396061C0EA3AC0007DFEDE,3608392398513,5436129,accessories,GB-R1-U2,dec-fr-bordeaux
30396061C0EA3AC000704512,3608392398513,5436129,accessories,GB-R1-U2,dec-fr-bordeaux
30396061C0EA3AC0006B21EF,3608392398513,5436129,accessories,GB-R1-U2,dec-fr-bordeaux
30396061C0EA3AC0007DA735,3608392398513,5436129,accessories,BR-04,dec-fr-bordeaux
30396061C0EA3AC00014ED48,3608392398513,5436129,accessories,BR-01,dec-fr-bordeaux
30396061C10D5D800088A640,3608392758300,5509425,apparel,GF-R1-U1,dec-fr-bordeaux
30396061C10D5D8000780ECF,3608392758300,5509425,apparel,GF-R1-U1,dec-fr-bordeaux
30396061C10D5D80001FA3A1,3608392758300,5509425,apparel,BR-02,dec-fr-bordeaux
30396061C10D5DC0005C35E8,3608392758317,5509426,apparel,GF-R1-U1,dec-fr-bordeaux
30396061C10D5DC0000215B0,3608392758317,5509426,apparel,GF-R1-U1,dec-fr-bordeaux
30396061C10D5DC0007E9857,3608392758317,5509426,apparel,GF-R1-U1,dec-fr-bordeaux
30396061C10D5DC0001D6418,3608392758317,5509426,apparel,GF-R1-U1,dec-fr-bordeaux
30396061C10D5DC000052D2A,3608392758317,5509426,apparel,GF-R1-U1,dec-fr-bordeaux
30396061C10D5DC000265214,3608392758317,5509426,apparel,BR-03,dec-fr-bordeaux
30396061C10D5E00004DBEF5,3608392758324,5509431,apparel,GF-R1-U1,dec-fr-bordeaux
30396061C10D5E000035B711,3608392758324,5509431,apparel,GF-R1-U1,dec-fr-bordeaux
30396061C10D5E000083F8C9,3608392758324,5509431,apparel,GF-R1-U1,dec-fr-bordeaux
30396061C10D5E000025D55F,3608392758324,5509431,apparel,GF-R1-U1,dec-fr-bordeaux
30396061C10D5E000046E1B0,3608392758324,5509431,apparel,GF-R1-U1,dec-fr-bordeaux
30396061C10D5E0000811831,3608392758324,5509431,apparel,GF-R1-U1,dec-fr-bordeaux
30396061C10D5E0000298AAC,3608392758324,5509431,apparel,GF-R1-U1,dec-fr-bordeaux
30396061C10D5E0000057FF3,3608392758324,5509431,apparel,BR-04,dec-fr-bordeaux
30396061C10D5E400029980A,3608392758331,5509432,apparel,GF-R1-U1,dec-fr-bordeaux
30396061C10D5E400031EFEE,3608392758331,5509432,apparel,GF-R1-U1,dec-fr-bordeaux
30396061C10D5E40004B56C5,3608392758331,5509432,apparel,GF-R1-U1,dec-fr-bordeaux
30396061C10D5E40002926E5,3608392758331,5509432,apparel,GF-R1-U1,dec-fr-bordeaux
30396061C10D5E40002C3584,3608392758331,5509432,apparel,GF-R1-U1,dec-fr-bordeaux
30396061C10D5E40004E08A8,3608392758331,5509432,apparel,BR-01,dec-fr-bordeaux
30396061C10D5E800012D93F,3608392758348,5509433,apparel,GF-R1-U1,dec-fr-bordeaux
30396061C10D5E800036B8C7,3608392758348,5509433,apparel,GF-R1-U1,dec-fr-bordeaux
30396062C3A4BD80006C0132,3608439551260,2095208,footwear,PW-01,dec-fr-bordeaux
30396062C3A4BDC0000542EF,3608439551277,2095209,footwear,PW-01,dec-fr-bordeaux
30396062C3A4BDC0007E7689,3608439551277,2095209,footwear,PW-01,dec-fr-bordeaux
30396062C3A4BE000057B352,3608439551284,2095210,footwear,PW-01,dec-fr-bordeaux
30396062C3A4BE00006C0DE4,3608439551284,2095210,footwear,PW-01,dec-fr-bordeaux
30396062C3A4BE000085E812,3608439551284,2095210,footwear,BR-02,dec-fr-bordeaux
30396062C3A4BE40006E60D6,3608439551291,2095211,footwear,PW-01,dec-fr-bordeaux
30396062C3A4BE4000671E77,3608439551291,2095211,footwear,PW-01,dec-fr-bordeaux
30396062C3A4BE40001BCCA7,3608439551291,2095211,footwear,PW-01,dec-fr-bordeaux
30396062C3A4BE40003AFC00,3608439551291,2095211,footwear,BR-03,dec-fr-bordeaux
30396062C3A4BF40005325DB,3608439551338,2095216,footwear,PW-01,dec-fr-bordeaux
30396062C3A4BF800069E52F,3608439551345,2095213,footwear,PW-01,dec-fr-bordeaux
30396062C3A4BF800021FC78,3608439551345,2095213,footwear,PW-01,dec-fr-bordeaux
30396062C3A4BF800022F6BF,3608439551345,2095213,footwear,PW-01,dec-fr-bordeaux
30396062C3A4BF80007F03D9,3608439551345,2095213,footwear,BR-04,dec-fr-bordeaux
30396062C3A4BFC0003EFF9B,3608439551352,2095212,footwear,PW-01,dec-fr-bordeaux
30396062C3A4BFC00092BE8B,3608439551352,2095212,footwear,PW-01,dec-fr-bordeaux
30396062C3A4BFC000904078,3608439551352,2095212,footwear,PW-01,dec-fr-bordeaux
30396062C3A4BFC0004FC9D6,3608439551352,2095212,footwear,PW-01,dec-fr-bordeaux
30396062C3A4BFC0007BE59F,3608439551352,2095212,footwear,BR-01,dec-fr-bordeaux
30396062C3A4C000004F8D3A,3608439551369,2095215,footwear,PW-01,dec-fr-bordeaux
30396062C3A4C00000655A04,3608439551369,2095215,footwear,PW-01,dec-fr-bordeaux
30396062C3A4C040005060E9,3608439551376,2095214,footwear,PW-01,dec-fr-bordeaux
30396062C3A4C040005D605F,3608439551376,2095214,footwear,PW-01,dec-fr-bordeaux
30395DFA81E39A80003C008C,3583784952101,2500491,apparel,GB-R2-U2,dec-fr-bordeaux
30395DFA81E39A80003B6152,3583784952101,2500491,apparel,GB-R2-U2,dec-fr-bordeaux
3039606283BE3B4000388C69,3608429812296,2354258,apparel,GB-R2-U2,dec-fr-bordeaux
3039606283BEB100007F8E46,3608429817000,2342114,apparel,GB-R2-U2,dec-fr-bordeaux
3039606283BEB10000042C64,3608429817000,2342114,apparel,GB-R2-U2,dec-fr-bordeaux
3039606283BEB1000084B5C2,3608429817000,2342114,apparel,BR-02,dec-fr-bordeaux
3039606283BEB140002E7326,3608429817017,2342113,apparel,GB-R2-U2,dec-fr-bordeaux
3039606283BEB140000668FE,3608429817017,2342113,apparel,GB-R2-U2,dec-fr-bordeaux
3039606283BEB180004E89AF,3608429817024,2342116,apparel,GB-R2-U2,dec-fr-bordeaux
3039606283BEB180006E21CD,3608429817024,2342116,apparel,GB-R2-U2,dec-fr-bordeaux
3039606283BEB180007A66F4,3608429817024,2342116,apparel,GB-R2-U2,dec-fr-bordeaux
3039606283BEB1800058E3B3,3608429817024,2342116,apparel,GB-R2-U2,dec-fr-bordeaux
3039606283BEB1800041882A,3608429817024,2342116,apparel,BR-03,dec-fr-bordeaux
3039606283BEB1C00060A550,3608429817031,2342115,apparel,GB-R2-U2,dec-fr-bordeaux
3039606283BEB1C000861FB9,3608429817031,2342115,apparel,GB-R2-U2,dec-fr-bordeaux
3039606283BEB1C00080070D,3608429817031,2342115,apparel,GB-R2-U2,dec-fr-bordeaux
3039606283BEB1C0004A4FF5,3608429817031,2342115,apparel,GB-R2-U2,dec-fr-bordeaux
3039606283BEB1C0000CC2D3,3608429817031,2342115,apparel,BR-04,dec-fr-bordeaux
3039606283BEB2000007A9C0,3608429817048,2342118,apparel,GB-R2-U2,dec-fr-bordeaux
3039606283BEB200007A1F6F,3608429817048,2342118,apparel,GB-R2-U2,dec-fr-bordeaux
3039606283BEB2000087C8B4,3608429817048,2342118,apparel,GB-R2-U2,dec-fr-bordeaux
3039606283BEB20000850B1C,3608429817048,2342118,apparel,GB-R2-U2,dec-fr-bordeaux
3039606283BEB200000C0DE9,3608429817048,2342118,apparel,BR-01,dec-fr-bordeaux
3039606283BEB2400044C598,3608429817055,2342117,apparel,GB-R2-U2,dec-fr-bordeaux
3039606283BEB2400008731B,3608429817055,2342117,apparel,GB-R2-U2,dec-fr-bordeaux
3039606283BEB240001A4CA3,3608429817055,2342117,apparel,GB-R2-U2,dec-fr-bordeaux
3039606283BEB24000099553,3608429817055,2342117,apparel,GB-R2-U2,dec-fr-bordeaux
3039606283BEB2400065113E,3608429817055,2342117,apparel,BR-02,dec-fr-bordeaux
3039606283BEB28000652F9C,3608429817062,2342119,apparel,GB-R2-U2,dec-fr-bordeaux
3039606283BEB28000873F35,3608429817062,2342119,apparel,GB-R2-U2,dec-fr-bordeaux
